/*******************************************************************************
 * Size: 13 px
 * Bpp: 4
 * Opts: --no-compress --format lvgl --bpp 4 --size 13 --font lvgl/demos/multilang/assets/fonts/Montserrat-SemiBold.ttf -r 0x20-0x7F --font lvgl/demos/multilang/assets/fonts/NotoSansSC-Medium.otf --symbols ·—、。一上下不与专东个中为主争二于享京亮人今从以优会但位低作你侧保信候假偏做停先光克入全公共关内再决冷分切列到制刷刻前功动区单占卡压及发变口只可台右合同后含听和器回围固图圆在地场型域境声备复外多夜天失奏女好始安完定实容密察导封小尽局层展工左已布常广序库底度开式张强当录心快态性总息想感慢成打扫把拟持按挑换据排探接控推描搜播收改放数整料新方日早时明昨是晚晨景智暖曲更替最本机杂条构架柔查标栏样案模次歌正步段毁每气氛流浅淡深混清渐渡点片版状独率环现玻班球璃用电界留略白的目看真确示离移稍稳稿立竞策管精系索级线经结统继续维编缩置耗联背能自航色节荐藏行表要观视觉角认让设访证识译说调谈质贴资跑跟路轮轻载辑辨边达迁过运近还这进连迷适选透速逻道部里重量金钟钮铜销长间队阶降随集雾青静面页项顺预频题颜风首驻验高黄默鼓，：； --font /home/share/samba/lvgl/lv_port_pc_vscode_v3-music/main/src/v9_apple_music/fonts/src/DejaVuSansMono.ttf --symbols ⌂◉♫≣⚙♪⌕◌▶↺ --font /home/share/samba/lvgl/lv_port_pc_vscode_v3-music/main/src/v9_apple_music/fonts/src/NotoSansSymbols2-Regular.ttf --symbols ⏮⏭ --lv-font-name am_font_13 -o /home/share/samba/lvgl/lv_port_pc_vscode_v3-music/main/src/v9_apple_music/fonts/am_font_13.c --force-fast-kern-format
 ******************************************************************************/

#ifdef LV_LVGL_H_INCLUDE_SIMPLE
#include "lvgl.h"
#else
#include "lvgl/lvgl.h"
#endif

#ifndef AM_FONT_13
#define AM_FONT_13 1
#endif

#if AM_FONT_13

/*-----------------
 *    BITMAPS
 *----------------*/

/*Store the image of the glyphs*/
static LV_ATTRIBUTE_LARGE_CONST const uint8_t glyph_bitmap[] = {
    /* U+0020 " " */

    /* U+0021 "!" */
    0x1f, 0xc1, 0xfb, 0xf, 0xa0, 0xf9, 0xe, 0x80,
    0xd7, 0x0, 0x1, 0xea, 0x1e, 0x90,

    /* U+0022 "\"" */
    0x4f, 0x1c, 0x93, 0xf1, 0xb9, 0x3f, 0xb, 0x91,
    0x90, 0x65,

    /* U+0023 "#" */
    0x0, 0x2f, 0x0, 0xc6, 0x0, 0x4, 0xe0, 0xe,
    0x40, 0x4f, 0xff, 0xff, 0xff, 0xf0, 0x3b, 0xd3,
    0x5f, 0x32, 0x0, 0xa8, 0x4, 0xe0, 0x0, 0xc,
    0x60, 0x6c, 0x0, 0xbf, 0xff, 0xff, 0xff, 0x82,
    0x3f, 0x53, 0xdb, 0x31, 0x2, 0xf0, 0xc, 0x60,
    0x0,

    /* U+0024 "$" */
    0x0, 0x5, 0xb0, 0x0, 0x0, 0x5, 0xb0, 0x0,
    0x3, 0xbf, 0xfd, 0x81, 0x1f, 0xed, 0xf9, 0xe1,
    0x4f, 0x65, 0xb0, 0x0, 0x2f, 0xdb, 0xd0, 0x0,
    0x4, 0xcf, 0xfd, 0x70, 0x0, 0x6, 0xfb, 0xf7,
    0x2, 0x5, 0xb0, 0xfa, 0x5f, 0xac, 0xfb, 0xf6,
    0x8, 0xdf, 0xfd, 0x60, 0x0, 0x5, 0xb0, 0x0,
    0x0, 0x2, 0x50, 0x0,

    /* U+0025 "%" */
    0xa, 0xdc, 0x10, 0x4, 0xe1, 0x6, 0xb0, 0x79,
    0x1, 0xe4, 0x0, 0x88, 0x4, 0xc0, 0xa9, 0x0,
    0x6, 0xc0, 0x99, 0x5d, 0x0, 0x0, 0x9, 0xeb,
    0x2e, 0x39, 0xeb, 0x0, 0x0, 0xb, 0x86, 0xb0,
    0x98, 0x0, 0x6, 0xd0, 0x97, 0x5, 0xb0, 0x2,
    0xf2, 0x7, 0xa0, 0x89, 0x0, 0xc7, 0x0, 0xa,
    0xdb, 0x0,

    /* U+0026 "&" */
    0x0, 0x7e, 0xfb, 0x10, 0x0, 0x4f, 0x73, 0xd9,
    0x0, 0x4, 0xf4, 0xd, 0x80, 0x0, 0xc, 0xff,
    0xb1, 0x0, 0x3, 0xef, 0xf3, 0x4, 0x12, 0xf9,
    0xb, 0xf5, 0xf7, 0x6f, 0x30, 0xa, 0xff, 0x13,
    0xfc, 0x66, 0xbf, 0xf6, 0x5, 0xcf, 0xeb, 0x38,
    0x70, 0x0, 0x0, 0x0, 0x0,

    /* U+0027 "'" */
    0x4f, 0x13, 0xf1, 0x3f, 0x1, 0x90,

    /* U+0028 "(" */
    0x9, 0xf0, 0x1f, 0x90, 0x5f, 0x30, 0x9f, 0x0,
    0xcd, 0x0, 0xdb, 0x0, 0xeb, 0x0, 0xdb, 0x0,
    0xcd, 0x0, 0x9f, 0x0, 0x5f, 0x30, 0x1f, 0x90,
    0x9, 0xf0,

    /* U+0029 ")" */
    0x7f, 0x10, 0x1f, 0x80, 0xb, 0xe0, 0x7, 0xf1,
    0x5, 0xf4, 0x3, 0xf5, 0x2, 0xf6, 0x3, 0xf5,
    0x5, 0xf4, 0x7, 0xf1, 0xb, 0xe0, 0x1f, 0x80,
    0x7f, 0x10,

    /* U+002A "*" */
    0x0, 0xc3, 0x0, 0x9c, 0xea, 0xe0, 0xc, 0xff,
    0x30, 0x9b, 0xea, 0xe0, 0x0, 0xc3, 0x0,

    /* U+002B "+" */
    0x0, 0x3, 0x20, 0x0, 0x0, 0xd8, 0x0, 0x1,
    0x1e, 0x91, 0x2, 0xff, 0xff, 0xfd, 0x3, 0x3f,
    0xc3, 0x30, 0x0, 0xd8, 0x0, 0x0, 0xa, 0x60,
    0x0,

    /* U+002C "," */
    0x0, 0x4, 0xf7, 0x4f, 0x80, 0xf3, 0x3d, 0x0,

    /* U+002D "-" */
    0x1, 0x11, 0x4, 0xff, 0xf4, 0x14, 0x44, 0x10,

    /* U+002E "." */
    0x1, 0x5, 0xf8, 0x4f, 0x60,

    /* U+002F "/" */
    0x0, 0x0, 0x4f, 0x20, 0x0, 0xa, 0xd0, 0x0,
    0x0, 0xf7, 0x0, 0x0, 0x5f, 0x10, 0x0, 0xb,
    0xb0, 0x0, 0x1, 0xf6, 0x0, 0x0, 0x6f, 0x0,
    0x0, 0xc, 0xa0, 0x0, 0x2, 0xf5, 0x0, 0x0,
    0x7e, 0x0, 0x0, 0xd, 0x90, 0x0, 0x3, 0xf3,
    0x0, 0x0,

    /* U+0030 "0" */
    0x0, 0x7d, 0xfc, 0x40, 0x0, 0x8f, 0xb7, 0xdf,
    0x40, 0x1f, 0xb0, 0x0, 0xed, 0x5, 0xf6, 0x0,
    0xa, 0xf1, 0x6f, 0x40, 0x0, 0x8f, 0x25, 0xf6,
    0x0, 0xa, 0xf1, 0x1f, 0xb0, 0x0, 0xed, 0x0,
    0x9f, 0xb8, 0xdf, 0x40, 0x0, 0x7e, 0xfc, 0x40,
    0x0,

    /* U+0031 "1" */
    0xef, 0xfb, 0x56, 0xfb, 0x0, 0xfb, 0x0, 0xfb,
    0x0, 0xfb, 0x0, 0xfb, 0x0, 0xfb, 0x0, 0xfb,
    0x0, 0xfb,

    /* U+0032 "2" */
    0x18, 0xef, 0xe8, 0x0, 0x9f, 0xa7, 0xbf, 0x80,
    0x2, 0x0, 0xf, 0xc0, 0x0, 0x0, 0x1f, 0x90,
    0x0, 0x1, 0xde, 0x20, 0x0, 0x1d, 0xe3, 0x0,
    0x2, 0xee, 0x20, 0x0, 0x3f, 0xf8, 0x66, 0x61,
    0x8f, 0xff, 0xff, 0xf2,

    /* U+0033 "3" */
    0x8f, 0xff, 0xff, 0xa0, 0x36, 0x66, 0xdf, 0x50,
    0x0, 0x3, 0xf9, 0x0, 0x0, 0x1f, 0xc0, 0x0,
    0x0, 0x7f, 0xfb, 0x20, 0x0, 0x14, 0x7f, 0xc0,
    0x0, 0x0, 0xb, 0xf0, 0xbd, 0x97, 0xaf, 0xb0,
    0x4b, 0xef, 0xe9, 0x0,

    /* U+0034 "4" */
    0x0, 0x0, 0x7f, 0x50, 0x0, 0x0, 0x3f, 0xa0,
    0x0, 0x0, 0xd, 0xd0, 0x0, 0x0, 0xa, 0xf3,
    0x0, 0x0, 0x5, 0xf7, 0x8, 0xf1, 0x2, 0xfd,
    0x11, 0xaf, 0x31, 0x8f, 0xff, 0xff, 0xff, 0xb2,
    0x44, 0x44, 0xdf, 0x63, 0x0, 0x0, 0x9, 0xf1,
    0x0,

    /* U+0035 "5" */
    0xb, 0xff, 0xff, 0xa0, 0xd, 0xf6, 0x66, 0x40,
    0xf, 0xb1, 0x0, 0x0, 0x1f, 0xff, 0xfb, 0x20,
    0x4, 0x45, 0x8f, 0xd0, 0x0, 0x0, 0xa, 0xf2,
    0x12, 0x0, 0xa, 0xf1, 0x9f, 0xa7, 0xaf, 0xb0,
    0x2a, 0xef, 0xe9, 0x0,

    /* U+0036 "6" */
    0x0, 0x4b, 0xff, 0xc2, 0x6, 0xfc, 0x77, 0x90,
    0xf, 0xc0, 0x0, 0x0, 0x4f, 0xad, 0xff, 0x80,
    0x6f, 0xf8, 0x4a, 0xf7, 0x5f, 0xa0, 0x0, 0xec,
    0x2f, 0xa0, 0x0, 0xec, 0xa, 0xf9, 0x5b, 0xf5,
    0x0, 0x8d, 0xfd, 0x60,

    /* U+0037 "7" */
    0xaf, 0xff, 0xff, 0xf7, 0xaf, 0x66, 0x6f, 0xf4,
    0x9e, 0x0, 0xe, 0xd0, 0x0, 0x0, 0x6f, 0x50,
    0x0, 0x0, 0xde, 0x0, 0x0, 0x5, 0xf7, 0x0,
    0x0, 0xc, 0xf1, 0x0, 0x0, 0x3f, 0x90, 0x0,
    0x0, 0xaf, 0x20, 0x0,

    /* U+0038 "8" */
    0x1, 0xae, 0xfd, 0x50, 0xd, 0xf7, 0x5b, 0xf4,
    0x1f, 0x90, 0x1, 0xf9, 0xe, 0xc1, 0x6, 0xf6,
    0x8, 0xff, 0xff, 0xf1, 0x3f, 0xb4, 0x46, 0xfa,
    0x7f, 0x40, 0x0, 0xde, 0x3f, 0xd6, 0x59, 0xfa,
    0x4, 0xbf, 0xfd, 0x80,

    /* U+0039 "9" */
    0x6, 0xdf, 0xe9, 0x0, 0x5f, 0xb5, 0x7e, 0xc0,
    0xaf, 0x0, 0x7, 0xf4, 0x8f, 0x71, 0x3f, 0xf8,
    0xb, 0xff, 0xfb, 0xf8, 0x0, 0x13, 0x14, 0xf7,
    0x0, 0x0, 0xb, 0xf2, 0xa, 0x77, 0xcf, 0x80,
    0x1b, 0xef, 0xc6, 0x0,

    /* U+003A ":" */
    0x4f, 0x65, 0xf8, 0x1, 0x0, 0x0, 0x1, 0x5,
    0xf8, 0x4f, 0x60,

    /* U+003B ";" */
    0x4f, 0x65, 0xf8, 0x1, 0x0, 0x0, 0x0, 0x4,
    0xf7, 0x4f, 0x80, 0xf3, 0x3d, 0x0,

    /* U+003C "<" */
    0x0, 0x0, 0x1, 0x50, 0x0, 0x4a, 0xfc, 0x7,
    0xdf, 0xa4, 0x2, 0xfe, 0x30, 0x0, 0x6, 0xcf,
    0xb5, 0x0, 0x0, 0x39, 0xed, 0x0, 0x0, 0x0,
    0x40,

    /* U+003D "=" */
    0x2f, 0xff, 0xff, 0xd0, 0x55, 0x55, 0x54, 0x0,
    0x0, 0x0, 0x2, 0xff, 0xff, 0xfd, 0x3, 0x33,
    0x33, 0x30,

    /* U+003E ">" */
    0x14, 0x0, 0x0, 0x2, 0xfe, 0x82, 0x0, 0x1,
    0x6c, 0xfc, 0x50, 0x0, 0x6, 0xff, 0x1, 0x7d,
    0xfa, 0x42, 0xfd, 0x71, 0x0, 0x13, 0x0, 0x0,
    0x0,

    /* U+003F "?" */
    0x18, 0xef, 0xe9, 0xa, 0xf9, 0x6b, 0xf9, 0x2,
    0x0, 0xf, 0xb0, 0x0, 0x7, 0xf5, 0x0, 0x7,
    0xf7, 0x0, 0x0, 0xea, 0x0, 0x0, 0x0, 0x0,
    0x0, 0x2, 0xf8, 0x0, 0x0, 0x2e, 0x80, 0x0,

    /* U+0040 "@" */
    0x0, 0x2, 0x9d, 0xff, 0xc7, 0x0, 0x0, 0x7,
    0xf9, 0x31, 0x15, 0xbd, 0x20, 0x5, 0xf3, 0x0,
    0x0, 0x0, 0x7e, 0x0, 0xe6, 0x6, 0xdf, 0xca,
    0xf0, 0xb7, 0x3f, 0x5, 0xf9, 0x36, 0xff, 0x5,
    0xc6, 0xc0, 0xad, 0x0, 0xe, 0xf0, 0x3d, 0x6c,
    0xa, 0xd0, 0x0, 0xef, 0x5, 0xc3, 0xf0, 0x4f,
    0x94, 0x6f, 0xf5, 0xc8, 0xe, 0x50, 0x6d, 0xfc,
    0x4c, 0xfb, 0x0, 0x5e, 0x20, 0x0, 0x0, 0x0,
    0x0, 0x0, 0x7f, 0x83, 0x12, 0x74, 0x0, 0x0,
    0x0, 0x3a, 0xef, 0xec, 0x40, 0x0,

    /* U+0041 "A" */
    0x0, 0x0, 0x3f, 0xe0, 0x0, 0x0, 0x0, 0xa,
    0xff, 0x50, 0x0, 0x0, 0x1, 0xf8, 0xcd, 0x0,
    0x0, 0x0, 0x9f, 0x15, 0xf4, 0x0, 0x0, 0x1f,
    0xa0, 0xe, 0xb0, 0x0, 0x7, 0xf4, 0x11, 0x8f,
    0x30, 0x0, 0xef, 0xff, 0xff, 0xfa, 0x0, 0x6f,
    0x94, 0x44, 0x4c, 0xf2, 0xd, 0xe0, 0x0, 0x0,
    0x3f, 0x90,

    /* U+0042 "B" */
    0xcf, 0xff, 0xfe, 0x90, 0xc, 0xe5, 0x55, 0xaf,
    0x90, 0xce, 0x0, 0x0, 0xec, 0xc, 0xe1, 0x11,
    0x5f, 0x80, 0xcf, 0xff, 0xff, 0xf1, 0xc, 0xf4,
    0x44, 0x5d, 0xe1, 0xce, 0x0, 0x0, 0x7f, 0x4c,
    0xe5, 0x55, 0x6e, 0xf1, 0xcf, 0xff, 0xfe, 0xb3,
    0x0,

    /* U+0043 "C" */
    0x0, 0x2a, 0xef, 0xe9, 0x10, 0x4, 0xff, 0xa8,
    0xaf, 0xc0, 0xe, 0xf2, 0x0, 0x2, 0x10, 0x4f,
    0x70, 0x0, 0x0, 0x0, 0x6f, 0x50, 0x0, 0x0,
    0x0, 0x4f, 0x70, 0x0, 0x0, 0x0, 0xe, 0xf2,
    0x0, 0x2, 0x10, 0x4, 0xff, 0xa8, 0xaf, 0xc0,
    0x0, 0x2a, 0xef, 0xe9, 0x10,

    /* U+0044 "D" */
    0xcf, 0xff, 0xfd, 0x81, 0x0, 0xcf, 0x66, 0x7a,
    0xfe, 0x10, 0xce, 0x0, 0x0, 0x4f, 0xb0, 0xce,
    0x0, 0x0, 0xb, 0xf0, 0xce, 0x0, 0x0, 0x9,
    0xf2, 0xce, 0x0, 0x0, 0xb, 0xf0, 0xce, 0x0,
    0x0, 0x4f, 0xb0, 0xcf, 0x66, 0x7a, 0xfe, 0x10,
    0xcf, 0xff, 0xfd, 0x81, 0x0,

    /* U+0045 "E" */
    0xcf, 0xff, 0xff, 0xd0, 0xcf, 0x66, 0x66, 0x50,
    0xce, 0x0, 0x0, 0x0, 0xce, 0x11, 0x11, 0x0,
    0xcf, 0xff, 0xff, 0x50, 0xcf, 0x44, 0x44, 0x10,
    0xce, 0x0, 0x0, 0x0, 0xcf, 0x66, 0x66, 0x60,
    0xcf, 0xff, 0xff, 0xf0,

    /* U+0046 "F" */
    0xcf, 0xff, 0xff, 0xdc, 0xf6, 0x66, 0x65, 0xce,
    0x0, 0x0, 0xc, 0xe2, 0x22, 0x20, 0xcf, 0xff,
    0xff, 0x5c, 0xf5, 0x55, 0x51, 0xce, 0x0, 0x0,
    0xc, 0xe0, 0x0, 0x0, 0xce, 0x0, 0x0, 0x0,

    /* U+0047 "G" */
    0x0, 0x2a, 0xef, 0xe9, 0x20, 0x4, 0xff, 0xa8,
    0xaf, 0xd0, 0xe, 0xf2, 0x0, 0x1, 0x20, 0x4f,
    0x70, 0x0, 0x0, 0x0, 0x6f, 0x50, 0x0, 0x5,
    0x90, 0x4f, 0x70, 0x0, 0x9, 0xf0, 0xe, 0xf2,
    0x0, 0xa, 0xf0, 0x4, 0xff, 0xa8, 0x9f, 0xf0,
    0x0, 0x2a, 0xef, 0xea, 0x30,

    /* U+0048 "H" */
    0xce, 0x0, 0x0, 0x6f, 0x5c, 0xe0, 0x0, 0x6,
    0xf5, 0xce, 0x0, 0x0, 0x6f, 0x5c, 0xe2, 0x22,
    0x27, 0xf5, 0xcf, 0xff, 0xff, 0xff, 0x5c, 0xf5,
    0x55, 0x59, 0xf5, 0xce, 0x0, 0x0, 0x6f, 0x5c,
    0xe0, 0x0, 0x6, 0xf5, 0xce, 0x0, 0x0, 0x6f,
    0x50,

    /* U+0049 "I" */
    0xce, 0xce, 0xce, 0xce, 0xce, 0xce, 0xce, 0xce,
    0xce,

    /* U+004A "J" */
    0x3, 0xff, 0xff, 0xb0, 0x16, 0x66, 0xfb, 0x0,
    0x0, 0xf, 0xb0, 0x0, 0x0, 0xfb, 0x0, 0x0,
    0xf, 0xb0, 0x0, 0x0, 0xfb, 0x2, 0x0, 0x1f,
    0x90, 0xec, 0x7b, 0xf5, 0x5, 0xdf, 0xe7, 0x0,

    /* U+004B "K" */
    0xce, 0x0, 0x2, 0xec, 0xc, 0xe0, 0x2, 0xed,
    0x10, 0xce, 0x2, 0xed, 0x10, 0xc, 0xe1, 0xef,
    0x10, 0x0, 0xcf, 0xdf, 0xf0, 0x0, 0xc, 0xfe,
    0x9f, 0xa0, 0x0, 0xcf, 0x20, 0x9f, 0x80, 0xc,
    0xe0, 0x0, 0xbf, 0x50, 0xce, 0x0, 0x0, 0xdf,
    0x20,

    /* U+004C "L" */
    0xce, 0x0, 0x0, 0xc, 0xe0, 0x0, 0x0, 0xce,
    0x0, 0x0, 0xc, 0xe0, 0x0, 0x0, 0xce, 0x0,
    0x0, 0xc, 0xe0, 0x0, 0x0, 0xce, 0x0, 0x0,
    0xc, 0xf6, 0x66, 0x64, 0xcf, 0xff, 0xff, 0xa0,

    /* U+004D "M" */
    0xcd, 0x0, 0x0, 0x0, 0x8f, 0x2c, 0xf8, 0x0,
    0x0, 0x2f, 0xf2, 0xcf, 0xf2, 0x0, 0xb, 0xff,
    0x2c, 0xdd, 0xb0, 0x5, 0xfb, 0xf2, 0xcd, 0x4f,
    0x50, 0xea, 0x6f, 0x2c, 0xd0, 0xae, 0x9f, 0x16,
    0xf2, 0xcd, 0x1, 0xff, 0x70, 0x6f, 0x2c, 0xd0,
    0x7, 0xd0, 0x6, 0xf2, 0xcd, 0x0, 0x0, 0x0,
    0x6f, 0x20,

    /* U+004E "N" */
    0xce, 0x10, 0x0, 0x6f, 0x5c, 0xfc, 0x0, 0x6,
    0xf5, 0xcf, 0xfa, 0x0, 0x6f, 0x5c, 0xe9, 0xf7,
    0x6, 0xf5, 0xce, 0xb, 0xf4, 0x6f, 0x5c, 0xe0,
    0x1d, 0xf8, 0xf5, 0xce, 0x0, 0x2f, 0xff, 0x5c,
    0xe0, 0x0, 0x5f, 0xf5, 0xce, 0x0, 0x0, 0x7f,
    0x50,

    /* U+004F "O" */
    0x0, 0x2a, 0xef, 0xe9, 0x20, 0x0, 0x4f, 0xfa,
    0x8a, 0xff, 0x30, 0xe, 0xf2, 0x0, 0x3, 0xfd,
    0x4, 0xf7, 0x0, 0x0, 0x8, 0xf3, 0x6f, 0x50,
    0x0, 0x0, 0x6f, 0x54, 0xf7, 0x0, 0x0, 0x8,
    0xf3, 0xe, 0xf2, 0x0, 0x3, 0xfd, 0x0, 0x4f,
    0xfa, 0x8a, 0xfe, 0x30, 0x0, 0x2a, 0xef, 0xe9,
    0x10, 0x0,

    /* U+0050 "P" */
    0xcf, 0xff, 0xfc, 0x50, 0xcf, 0x66, 0x7d, 0xf5,
    0xce, 0x0, 0x1, 0xfb, 0xce, 0x0, 0x0, 0xec,
    0xcf, 0x11, 0x29, 0xf8, 0xcf, 0xff, 0xff, 0xa0,
    0xcf, 0x44, 0x41, 0x0, 0xce, 0x0, 0x0, 0x0,
    0xce, 0x0, 0x0, 0x0,

    /* U+0051 "Q" */
    0x0, 0x2a, 0xef, 0xe9, 0x20, 0x0, 0x4f, 0xfa,
    0x8a, 0xff, 0x30, 0xe, 0xf2, 0x0, 0x3, 0xfd,
    0x4, 0xf7, 0x0, 0x0, 0x8, 0xf3, 0x6f, 0x50,
    0x0, 0x0, 0x6f, 0x54, 0xf7, 0x0, 0x0, 0x8,
    0xf3, 0xe, 0xf2, 0x0, 0x3, 0xfd, 0x0, 0x4f,
    0xfa, 0x8a, 0xfe, 0x30, 0x0, 0x2a, 0xff, 0xf9,
    0x10, 0x0, 0x0, 0x0, 0x9f, 0x81, 0x86, 0x0,
    0x0, 0x0, 0x8f, 0xff, 0x60, 0x0, 0x0, 0x0,
    0x13, 0x10,

    /* U+0052 "R" */
    0xcf, 0xff, 0xfc, 0x50, 0xcf, 0x66, 0x7d, 0xf5,
    0xce, 0x0, 0x1, 0xfb, 0xce, 0x0, 0x0, 0xec,
    0xcf, 0x11, 0x29, 0xf8, 0xcf, 0xff, 0xff, 0x90,
    0xcf, 0x44, 0xcf, 0x40, 0xce, 0x0, 0xd, 0xe1,
    0xce, 0x0, 0x3, 0xfa,

    /* U+0053 "S" */
    0x3, 0xbe, 0xfd, 0x81, 0x1f, 0xe7, 0x69, 0xe1,
    0x4f, 0x60, 0x0, 0x0, 0x2f, 0xd6, 0x10, 0x0,
    0x4, 0xcf, 0xfd, 0x70, 0x0, 0x1, 0x5b, 0xf7,
    0x2, 0x0, 0x0, 0xfa, 0x5f, 0xa6, 0x6b, 0xf6,
    0x8, 0xdf, 0xfd, 0x60,

    /* U+0054 "T" */
    0xff, 0xff, 0xff, 0xfc, 0x66, 0x6f, 0xd6, 0x65,
    0x0, 0xf, 0xc0, 0x0, 0x0, 0xf, 0xc0, 0x0,
    0x0, 0xf, 0xc0, 0x0, 0x0, 0xf, 0xc0, 0x0,
    0x0, 0xf, 0xc0, 0x0, 0x0, 0xf, 0xc0, 0x0,
    0x0, 0xf, 0xc0, 0x0,

    /* U+0055 "U" */
    0xdd, 0x0, 0x0, 0x8f, 0x1d, 0xd0, 0x0, 0x8,
    0xf1, 0xdd, 0x0, 0x0, 0x8f, 0x1d, 0xd0, 0x0,
    0x8, 0xf1, 0xdd, 0x0, 0x0, 0x8f, 0x1d, 0xe0,
    0x0, 0x9, 0xf1, 0xaf, 0x30, 0x0, 0xee, 0x3,
    0xff, 0x98, 0xdf, 0x60, 0x3, 0xbf, 0xfd, 0x60,
    0x0,

    /* U+0056 "V" */
    0xd, 0xe0, 0x0, 0x0, 0x5f, 0x50, 0x6f, 0x60,
    0x0, 0xc, 0xd0, 0x0, 0xed, 0x0, 0x3, 0xf7,
    0x0, 0x8, 0xf4, 0x0, 0xbf, 0x0, 0x0, 0x1f,
    0xb0, 0x2f, 0x80, 0x0, 0x0, 0xaf, 0x29, 0xf2,
    0x0, 0x0, 0x3, 0xfa, 0xfa, 0x0, 0x0, 0x0,
    0xc, 0xff, 0x30, 0x0, 0x0, 0x0, 0x5f, 0xd0,
    0x0, 0x0,

    /* U+0057 "W" */
    0x7f, 0x40, 0x0, 0x7f, 0x70, 0x0, 0x4f, 0x52,
    0xf9, 0x0, 0xc, 0xfc, 0x0, 0x9, 0xf0, 0xd,
    0xe0, 0x2, 0xfe, 0xf1, 0x0, 0xea, 0x0, 0x7f,
    0x40, 0x7f, 0x3f, 0x70, 0x4f, 0x50, 0x2, 0xf9,
    0xd, 0xb0, 0xcc, 0x9, 0xf0, 0x0, 0xd, 0xe3,
    0xf6, 0x7, 0xf2, 0xea, 0x0, 0x0, 0x7f, 0xcf,
    0x0, 0x2f, 0xbf, 0x50, 0x0, 0x2, 0xff, 0xb0,
    0x0, 0xcf, 0xf0, 0x0, 0x0, 0xd, 0xf5, 0x0,
    0x7, 0xfa, 0x0, 0x0,

    /* U+0058 "X" */
    0x5f, 0x90, 0x0, 0x8f, 0x40, 0x9f, 0x40, 0x4f,
    0x90, 0x0, 0xde, 0x2e, 0xc0, 0x0, 0x3, 0xff,
    0xf2, 0x0, 0x0, 0xf, 0xfe, 0x0, 0x0, 0x5,
    0xff, 0xf5, 0x0, 0x1, 0xec, 0xd, 0xf2, 0x0,
    0xcf, 0x20, 0x2f, 0xc0, 0x8f, 0x60, 0x0, 0x6f,
    0x80,

    /* U+0059 "Y" */
    0xc, 0xe1, 0x0, 0x4, 0xf6, 0x3, 0xf9, 0x0,
    0xd, 0xc0, 0x0, 0x9f, 0x30, 0x7f, 0x30, 0x0,
    0x1e, 0xc2, 0xf9, 0x0, 0x0, 0x5, 0xff, 0xe0,
    0x0, 0x0, 0x0, 0xdf, 0x60, 0x0, 0x0, 0x0,
    0x9f, 0x20, 0x0, 0x0, 0x0, 0x8f, 0x20, 0x0,
    0x0, 0x0, 0x8f, 0x20, 0x0,

    /* U+005A "Z" */
    0x6f, 0xff, 0xff, 0xff, 0x22, 0x66, 0x66, 0xaf,
    0xc0, 0x0, 0x0, 0x1e, 0xe1, 0x0, 0x0, 0xc,
    0xf3, 0x0, 0x0, 0xa, 0xf5, 0x0, 0x0, 0x8,
    0xf8, 0x0, 0x0, 0x5, 0xfa, 0x0, 0x0, 0x3,
    0xff, 0x76, 0x66, 0x62, 0x7f, 0xff, 0xff, 0xff,
    0x40,

    /* U+005B "[" */
    0xcf, 0xf5, 0xce, 0x41, 0xcd, 0x0, 0xcd, 0x0,
    0xcd, 0x0, 0xcd, 0x0, 0xcd, 0x0, 0xcd, 0x0,
    0xcd, 0x0, 0xcd, 0x0, 0xcd, 0x0, 0xce, 0x41,
    0xcf, 0xf5,

    /* U+005C "\\" */
    0x5f, 0x10, 0x0, 0x0, 0xf7, 0x0, 0x0, 0xa,
    0xd0, 0x0, 0x0, 0x4f, 0x20, 0x0, 0x0, 0xe8,
    0x0, 0x0, 0x8, 0xe0, 0x0, 0x0, 0x3f, 0x40,
    0x0, 0x0, 0xd9, 0x0, 0x0, 0x7, 0xf0, 0x0,
    0x0, 0x2f, 0x50, 0x0, 0x0, 0xca, 0x0, 0x0,
    0x6, 0xf1,

    /* U+005D "]" */
    0xcf, 0xf5, 0x38, 0xf5, 0x5, 0xf5, 0x5, 0xf5,
    0x5, 0xf5, 0x5, 0xf5, 0x5, 0xf5, 0x5, 0xf5,
    0x5, 0xf5, 0x5, 0xf5, 0x5, 0xf5, 0x38, 0xf5,
    0xcf, 0xf5,

    /* U+005E "^" */
    0x0, 0x7, 0x40, 0x0, 0x3, 0xff, 0x0, 0x0,
    0xa9, 0xe5, 0x0, 0x1f, 0x27, 0xc0, 0x8, 0xb0,
    0x1f, 0x30, 0xe5, 0x0, 0xa9,

    /* U+005F "_" */
    0xff, 0xff, 0xff, 0x70,

    /* U+0060 "`" */
    0x3e, 0xa0, 0x2, 0xd8,

    /* U+0061 "a" */
    0x7, 0xdf, 0xe9, 0x0, 0xc8, 0x69, 0xf8, 0x0,
    0x0, 0xd, 0xc0, 0x8d, 0xef, 0xfe, 0x5f, 0x72,
    0x2d, 0xe5, 0xf7, 0x26, 0xfe, 0x8, 0xef, 0xbc,
    0xe0,

    /* U+0062 "b" */
    0xfb, 0x0, 0x0, 0x0, 0xfb, 0x0, 0x0, 0x0,
    0xfb, 0x0, 0x0, 0x0, 0xfc, 0xaf, 0xea, 0x10,
    0xff, 0xc7, 0x9f, 0xd0, 0xff, 0x0, 0x7, 0xf4,
    0xff, 0x0, 0x3, 0xf6, 0xff, 0x0, 0x7, 0xf4,
    0xff, 0xc7, 0x9f, 0xc0, 0xfa, 0xaf, 0xea, 0x10,

    /* U+0063 "c" */
    0x1, 0x9e, 0xfc, 0x40, 0xd, 0xf8, 0x7d, 0xe0,
    0x5f, 0x60, 0x1, 0x10, 0x7f, 0x20, 0x0, 0x0,
    0x5f, 0x60, 0x1, 0x10, 0xd, 0xf9, 0x7d, 0xe0,
    0x1, 0x9e, 0xfc, 0x30,

    /* U+0064 "d" */
    0x0, 0x0, 0x0, 0xcd, 0x0, 0x0, 0x0, 0xcd,
    0x0, 0x0, 0x0, 0xcd, 0x1, 0xaf, 0xf9, 0xdd,
    0xd, 0xf8, 0x7d, 0xfd, 0x5f, 0x60, 0x1, 0xfd,
    0x7f, 0x20, 0x0, 0xfe, 0x5f, 0x60, 0x1, 0xfd,
    0xd, 0xf9, 0x7d, 0xfd, 0x1, 0xaf, 0xfa, 0xbd,

    /* U+0065 "e" */
    0x1, 0xae, 0xfb, 0x20, 0xd, 0xe6, 0x5d, 0xe1,
    0x5f, 0x40, 0x2, 0xf6, 0x7f, 0xff, 0xff, 0xf9,
    0x5f, 0x72, 0x22, 0x21, 0xd, 0xf9, 0x69, 0xb0,
    0x1, 0x9e, 0xfd, 0x40,

    /* U+0066 "f" */
    0x0, 0xaf, 0xe1, 0x8, 0xf7, 0x60, 0xb, 0xd0,
    0x0, 0xdf, 0xff, 0xc0, 0x4f, 0xf4, 0x30, 0xb,
    0xe0, 0x0, 0xb, 0xe0, 0x0, 0xb, 0xe0, 0x0,
    0xb, 0xe0, 0x0, 0xb, 0xe0, 0x0,

    /* U+0067 "g" */
    0x1, 0xaf, 0xfa, 0xaf, 0xd, 0xf7, 0x5b, 0xff,
    0x5f, 0x50, 0x0, 0xff, 0x7f, 0x20, 0x0, 0xff,
    0x5f, 0x60, 0x0, 0xff, 0xd, 0xf8, 0x6c, 0xff,
    0x1, 0xaf, 0xfa, 0xce, 0x1, 0x0, 0x0, 0xec,
    0xd, 0xb7, 0x6b, 0xf6, 0x6, 0xce, 0xfc, 0x50,

    /* U+0068 "h" */
    0xfb, 0x0, 0x0, 0xf, 0xb0, 0x0, 0x0, 0xfb,
    0x0, 0x0, 0xf, 0xca, 0xff, 0xa0, 0xff, 0xc7,
    0xaf, 0x9f, 0xe0, 0x0, 0xdd, 0xfb, 0x0, 0xb,
    0xef, 0xb0, 0x0, 0xbe, 0xfb, 0x0, 0xb, 0xef,
    0xb0, 0x0, 0xbe,

    /* U+0069 "i" */
    0xd, 0xb0, 0xda, 0x0, 0x0, 0xfb, 0xf, 0xb0,
    0xfb, 0xf, 0xb0, 0xfb, 0xf, 0xb0, 0xfb,

    /* U+006A "j" */
    0x0, 0xd, 0xc0, 0x0, 0xcb, 0x0, 0x0, 0x0,
    0x0, 0xdc, 0x0, 0xd, 0xc0, 0x0, 0xdc, 0x0,
    0xd, 0xc0, 0x0, 0xdc, 0x0, 0xd, 0xc0, 0x0,
    0xdc, 0x0, 0xe, 0xb0, 0x67, 0xf8, 0x1d, 0xfb,
    0x10,

    /* U+006B "k" */
    0xfb, 0x0, 0x0, 0x0, 0xfb, 0x0, 0x0, 0x0,
    0xfb, 0x0, 0x0, 0x0, 0xfb, 0x0, 0x7f, 0x80,
    0xfb, 0x8, 0xf8, 0x0, 0xfb, 0x9f, 0x80, 0x0,
    0xff, 0xff, 0x80, 0x0, 0xff, 0x6b, 0xf5, 0x0,
    0xfc, 0x0, 0xdf, 0x20, 0xfb, 0x0, 0x2f, 0xd0,

    /* U+006C "l" */
    0xfb, 0xfb, 0xfb, 0xfb, 0xfb, 0xfb, 0xfb, 0xfb,
    0xfb, 0xfb,

    /* U+006D "m" */
    0xfb, 0xaf, 0xe8, 0x2b, 0xfe, 0x80, 0xff, 0xc7,
    0xcf, 0xfc, 0x7c, 0xf5, 0xfe, 0x0, 0x1f, 0xe0,
    0x1, 0xf9, 0xfb, 0x0, 0xf, 0xb0, 0x0, 0xfa,
    0xfb, 0x0, 0xf, 0xb0, 0x0, 0xfa, 0xfb, 0x0,
    0xf, 0xb0, 0x0, 0xfa, 0xfb, 0x0, 0xf, 0xb0,
    0x0, 0xfa,

    /* U+006E "n" */
    0xfb, 0xaf, 0xfa, 0xf, 0xfc, 0x7a, 0xf9, 0xfe,
    0x0, 0xd, 0xdf, 0xb0, 0x0, 0xbe, 0xfb, 0x0,
    0xb, 0xef, 0xb0, 0x0, 0xbe, 0xfb, 0x0, 0xb,
    0xe0,

    /* U+006F "o" */
    0x1, 0x9e, 0xfc, 0x40, 0xd, 0xf8, 0x7d, 0xf4,
    0x5f, 0x60, 0x1, 0xeb, 0x7f, 0x20, 0x0, 0xcd,
    0x5f, 0x60, 0x1, 0xeb, 0xd, 0xf8, 0x7d, 0xf3,
    0x1, 0x9e, 0xfc, 0x40,

    /* U+0070 "p" */
    0xfb, 0xaf, 0xea, 0x10, 0xff, 0xc7, 0x9f, 0xd0,
    0xff, 0x0, 0x7, 0xf4, 0xff, 0x0, 0x3, 0xf6,
    0xff, 0x0, 0x7, 0xf4, 0xff, 0xc7, 0x9f, 0xc0,
    0xfc, 0xaf, 0xea, 0x10, 0xfb, 0x0, 0x0, 0x0,
    0xfb, 0x0, 0x0, 0x0, 0xfb, 0x0, 0x0, 0x0,

    /* U+0071 "q" */
    0x1, 0xaf, 0xf9, 0xbd, 0xd, 0xf8, 0x7d, 0xfd,
    0x5f, 0x60, 0x1, 0xfd, 0x7f, 0x20, 0x0, 0xfe,
    0x5f, 0x60, 0x1, 0xfd, 0xd, 0xf8, 0x7d, 0xfd,
    0x1, 0xaf, 0xf9, 0xcd, 0x0, 0x0, 0x0, 0xcd,
    0x0, 0x0, 0x0, 0xcd, 0x0, 0x0, 0x0, 0xcd,

    /* U+0072 "r" */
    0xfa, 0xaf, 0x1f, 0xfc, 0x70, 0xfe, 0x0, 0xf,
    0xb0, 0x0, 0xfb, 0x0, 0xf, 0xb0, 0x0, 0xfb,
    0x0, 0x0,

    /* U+0073 "s" */
    0x8, 0xef, 0xea, 0x5, 0xf9, 0x57, 0x80, 0x6f,
    0x71, 0x0, 0x0, 0xaf, 0xfe, 0x80, 0x0, 0x3,
    0x9f, 0x45, 0xb7, 0x5a, 0xf3, 0x4b, 0xef, 0xd6,
    0x0,

    /* U+0074 "t" */
    0x5, 0x70, 0x0, 0xb, 0xe0, 0x0, 0xdf, 0xff,
    0xc0, 0x4f, 0xf4, 0x30, 0xb, 0xe0, 0x0, 0xb,
    0xe0, 0x0, 0xb, 0xe0, 0x0, 0x9, 0xf7, 0x60,
    0x1, 0xbf, 0xd1,

    /* U+0075 "u" */
    0xfa, 0x0, 0xd, 0xcf, 0xa0, 0x0, 0xdc, 0xfa,
    0x0, 0xd, 0xcf, 0xa0, 0x0, 0xdc, 0xec, 0x0,
    0x1f, 0xca, 0xfa, 0x8d, 0xfc, 0x1a, 0xfe, 0x9c,
    0xc0,

    /* U+0076 "v" */
    0xd, 0xd0, 0x0, 0x3f, 0x50, 0x6f, 0x30, 0xa,
    0xe0, 0x0, 0xfa, 0x1, 0xf8, 0x0, 0x9, 0xf1,
    0x8f, 0x10, 0x0, 0x2f, 0x8e, 0xa0, 0x0, 0x0,
    0xbf, 0xf3, 0x0, 0x0, 0x4, 0xfd, 0x0, 0x0,

    /* U+0077 "w" */
    0xcc, 0x0, 0xd, 0xd0, 0x0, 0xbb, 0x6f, 0x20,
    0x3f, 0xf3, 0x1, 0xf5, 0x1f, 0x70, 0x9d, 0xe9,
    0x7, 0xf0, 0xa, 0xd0, 0xe7, 0x8e, 0xd, 0x90,
    0x5, 0xf8, 0xf1, 0x2f, 0x8f, 0x30, 0x0, 0xef,
    0xb0, 0xc, 0xfd, 0x0, 0x0, 0x9f, 0x50, 0x6,
    0xf8, 0x0,

    /* U+0078 "x" */
    0x6f, 0x60, 0xd, 0xc0, 0xa, 0xf2, 0xae, 0x20,
    0x0, 0xdf, 0xf4, 0x0, 0x0, 0x6f, 0xf0, 0x0,
    0x1, 0xef, 0xf6, 0x0, 0xb, 0xe1, 0x9f, 0x30,
    0x8f, 0x40, 0xd, 0xd1,

    /* U+0079 "y" */
    0xd, 0xd0, 0x0, 0x3f, 0x50, 0x7f, 0x30, 0x9,
    0xe0, 0x1, 0xfa, 0x0, 0xf8, 0x0, 0x9, 0xf1,
    0x6f, 0x20, 0x0, 0x3f, 0x6d, 0xb0, 0x0, 0x0,
    0xcf, 0xf4, 0x0, 0x0, 0x5, 0xfe, 0x0, 0x0,
    0x0, 0x2f, 0x70, 0x0, 0x9, 0x6c, 0xe1, 0x0,
    0x0, 0xbf, 0xd4, 0x0, 0x0,

    /* U+007A "z" */
    0x6f, 0xff, 0xff, 0x62, 0x44, 0x5f, 0xe1, 0x0,
    0xa, 0xf3, 0x0, 0x7, 0xf5, 0x0, 0x4, 0xf8,
    0x0, 0x2, 0xff, 0x44, 0x42, 0x8f, 0xff, 0xff,
    0x70,

    /* U+007B "{" */
    0x0, 0x8e, 0x90, 0x2f, 0xc2, 0x4, 0xf6, 0x0,
    0x4f, 0x50, 0x4, 0xf5, 0x0, 0x6f, 0x40, 0x4f,
    0xe0, 0x1, 0x8f, 0x40, 0x4, 0xf5, 0x0, 0x4f,
    0x50, 0x4, 0xf6, 0x0, 0x2f, 0xb2, 0x0, 0x8e,
    0x90,

    /* U+007C "|" */
    0xcb, 0xcb, 0xcb, 0xcb, 0xcb, 0xcb, 0xcb, 0xcb,
    0xcb, 0xcb, 0xcb, 0xcb, 0xcb,

    /* U+007D "}" */
    0xce, 0x50, 0x4, 0xdf, 0x0, 0x8, 0xf1, 0x0,
    0x8f, 0x10, 0x8, 0xf1, 0x0, 0x7f, 0x40, 0x2,
    0xff, 0x10, 0x7f, 0x60, 0x8, 0xf1, 0x0, 0x8f,
    0x10, 0x8, 0xf1, 0x4, 0xdf, 0x0, 0xce, 0x50,
    0x0,

    /* U+007E "~" */
    0x0, 0x0, 0x0, 0x0, 0x9f, 0xc3, 0x4e, 0x2f,
    0x49, 0xff, 0x70, 0x20, 0x1, 0x10,

    /* U+00B7 "·" */
    0x5, 0xc5, 0x0, 0xef, 0xe0, 0x7, 0xe7, 0x0,

    /* U+2014 "—" */
    0x5f, 0xff, 0xff, 0xff, 0xff, 0xf1,

    /* U+21BA "↺" */
    0x0, 0x0, 0x7a, 0xa2, 0x5, 0x0, 0xcf, 0x30,
    0x1f, 0x10, 0xc8, 0x90, 0x3c, 0x0, 0x33, 0xd0,
    0x2e, 0x0, 0x5, 0xb0, 0xb, 0x91, 0x3d, 0x40,
    0x1, 0xae, 0xd5, 0x0,

    /* U+2263 "≣" */
    0x0, 0x0, 0x0, 0x0, 0xaf, 0xff, 0xff, 0xf1,
    0x1, 0x11, 0x11, 0x10, 0x9f, 0xff, 0xff, 0xf1,
    0x12, 0x22, 0x22, 0x20, 0x13, 0x33, 0x33, 0x30,
    0x9e, 0xee, 0xee, 0xe1, 0x1, 0x11, 0x11, 0x10,
    0xaf, 0xff, 0xff, 0xf1,

    /* U+2302 "⌂" */
    0x0, 0x33, 0x0, 0x1, 0xdd, 0x10, 0xc, 0x33,
    0xc0, 0xa6, 0x0, 0x6a, 0xc0, 0x0, 0xc, 0xc0,
    0x0, 0xc, 0xc0, 0x0, 0xc, 0xfc, 0xcc, 0xce,

    /* U+2315 "⌕" */
    0x3, 0xcd, 0x90, 0xc, 0x20, 0x96, 0xd, 0x0,
    0x49, 0xd, 0x41, 0xa5, 0x4b, 0xbc, 0x60, 0x60,
    0x0, 0x0,

    /* U+23ED "⏭" */
    0x42, 0x0, 0x7, 0x0, 0x8, 0xe1, 0x6e, 0x30,
    0xf, 0x80, 0x9, 0xf1, 0x6f, 0xf5, 0xf, 0xfa,
    0x9, 0xf1, 0x6f, 0xff, 0x3f, 0xff, 0x89, 0xf1,
    0x6f, 0xf6, 0xf, 0xfb, 0x9, 0xf1, 0x6f, 0x50,
    0xf, 0xa0, 0x9, 0xf1, 0x54, 0x0, 0x9, 0x0,
    0x9, 0xf1, 0x0, 0x0, 0x0, 0x0, 0x0, 0x0,

    /* U+23EE "⏮" */
    0x1e, 0x80, 0x0, 0x70, 0x0, 0x34, 0x1f, 0x90,
    0x9, 0xf0, 0x4, 0xf6, 0x1f, 0x90, 0xaf, 0xf0,
    0x5f, 0xf6, 0x1f, 0x99, 0xff, 0xf3, 0xff, 0xf6,
    0x1f, 0x90, 0xbf, 0xf0, 0x7f, 0xf6, 0x1f, 0x90,
    0xa, 0xf0, 0x5, 0xf6, 0x1f, 0x90, 0x0, 0x90,
    0x0, 0x45, 0x0, 0x0, 0x0, 0x0, 0x0, 0x0,

    /* U+25B6 "▶" */
    0x0, 0x0, 0x0, 0x0, 0xe8, 0x10, 0x0, 0x0,
    0xff, 0xf8, 0x10, 0x0, 0xff, 0xff, 0xf8, 0x10,
    0xff, 0xff, 0xff, 0xf4, 0xff, 0xff, 0xfc, 0x40,
    0xff, 0xfc, 0x40, 0x0, 0xfc, 0x40, 0x0, 0x0,
    0x40, 0x0, 0x0, 0x0,

    /* U+25C9 "◉" */
    0x0, 0x0, 0x0, 0x0, 0x3, 0xbc, 0xca, 0x10,
    0x3c, 0x59, 0x95, 0xc1, 0xb5, 0xff, 0xfe, 0x68,
    0xc8, 0xff, 0xff, 0x6b, 0xc8, 0xff, 0xff, 0x6b,
    0x96, 0xdf, 0xfb, 0x86, 0x1c, 0x76, 0x68, 0xa0,
    0x0, 0x6b, 0xa5, 0x0,

    /* U+25CC "◌" */
    0x0, 0x0, 0x0, 0x0, 0x3, 0xb, 0x92, 0x10,
    0x1c, 0x10, 0x3, 0xb0, 0x0, 0x0, 0x0, 0x0,
    0xc0, 0x0, 0x0, 0xb, 0x80, 0x0, 0x0, 0x8,
    0x2, 0x0, 0x0, 0x20, 0x1c, 0x21, 0x14, 0xa0,
    0x0, 0xa, 0x80, 0x0,

    /* U+266A "♪" */
    0x0, 0x2, 0x0, 0x0, 0x0, 0xa9, 0x20, 0x0,
    0xa, 0x8e, 0x60, 0x0, 0xa0, 0x7, 0x0, 0xa,
    0x1, 0x0, 0x0, 0xa0, 0x0, 0x0, 0xa, 0x0,
    0x0, 0x1, 0xa0, 0x0, 0x1e, 0xfe, 0x0, 0x0,
    0x9c, 0x60, 0x0,

    /* U+266B "♫" */
    0x0, 0x0, 0x0, 0x0, 0x0, 0xf, 0xb6, 0x10,
    0x0, 0xa, 0x9e, 0xf0, 0x0, 0x7, 0x0, 0x80,
    0x0, 0x7, 0x0, 0x70, 0x0, 0x7, 0x0, 0x70,
    0x0, 0x7, 0x0, 0x70, 0x0, 0x7, 0x0, 0x70,
    0x2f, 0xe7, 0x0, 0x70, 0x1b, 0xb1, 0x6d, 0xd0,
    0x0, 0x0, 0x8f, 0xb0, 0x0, 0x0, 0x0, 0x0,

    /* U+2699 "⚙" */
    0x1, 0x18, 0x61, 0x0, 0x8, 0xed, 0xef, 0x50,
    0x5c, 0x60, 0x8, 0xb3, 0x8c, 0x8, 0x50, 0xe5,
    0x6b, 0xa, 0x70, 0xe4, 0x6d, 0x30, 0x6, 0xd5,
    0x8, 0xfb, 0xcf, 0x50, 0x2, 0x2a, 0x73, 0x10,

    /* U+3001 "、" */
    0x0, 0x0, 0x1, 0xc4, 0x0, 0xb, 0xf5, 0x0,
    0xb, 0xf3, 0x0, 0x8, 0x0,

    /* U+3002 "。" */
    0xb, 0xda, 0x7, 0x70, 0x76, 0x77, 0x7, 0x60,
    0xbd, 0xb0,

    /* U+4E00 "一" */
    0x2f, 0xff, 0xff, 0xff, 0xff, 0xff, 0xa1, 0x55,
    0x55, 0x55, 0x55, 0x55, 0x53,

    /* U+4E0A "上" */
    0x0, 0x0, 0x7, 0xd0, 0x0, 0x0, 0x0, 0x0,
    0x0, 0x7d, 0x0, 0x0, 0x0, 0x0, 0x0, 0x7,
    0xd0, 0x0, 0x0, 0x0, 0x0, 0x0, 0x7d, 0x0,
    0x0, 0x0, 0x0, 0x0, 0x7, 0xff, 0xff, 0xf6,
    0x0, 0x0, 0x0, 0x7d, 0x33, 0x33, 0x10, 0x0,
    0x0, 0x7, 0xd0, 0x0, 0x0, 0x0, 0x0, 0x0,
    0x7d, 0x0, 0x0, 0x0, 0x0, 0x0, 0x7, 0xd0,
    0x0, 0x0, 0x0, 0x0, 0x0, 0x7d, 0x0, 0x0,
    0x0, 0x1f, 0xff, 0xff, 0xff, 0xff, 0xff, 0x80,
    0x44, 0x44, 0x44, 0x44, 0x44, 0x42,

    /* U+4E0B "下" */
    0x3f, 0xff, 0xff, 0xff, 0xff, 0xff, 0x30, 0x44,
    0x44, 0x9e, 0x44, 0x44, 0x41, 0x0, 0x0, 0x6,
    0xd0, 0x0, 0x0, 0x0, 0x0, 0x0, 0x6f, 0x91,
    0x0, 0x0, 0x0, 0x0, 0x6, 0xfd, 0xf8, 0x0,
    0x0, 0x0, 0x0, 0x6d, 0x6, 0xfd, 0x30, 0x0,
    0x0, 0x6, 0xd0, 0x2, 0xb2, 0x0, 0x0, 0x0,
    0x6d, 0x0, 0x0, 0x0, 0x0, 0x0, 0x6, 0xd0,
    0x0, 0x0, 0x0, 0x0, 0x0, 0x6d, 0x0, 0x0,
    0x0, 0x0, 0x0, 0x6, 0xd0, 0x0, 0x0, 0x0,

    /* U+4E0D "不" */
    0x0, 0x0, 0x0, 0x0, 0x0, 0x0, 0x0, 0xff,
    0xff, 0xff, 0xff, 0xff, 0xf0, 0x3, 0x33, 0x33,
    0xdd, 0x33, 0x33, 0x0, 0x0, 0x0, 0x7f, 0x40,
    0x0, 0x0, 0x0, 0x0, 0x5f, 0xf7, 0x80, 0x0,
    0x0, 0x0, 0x6f, 0xaf, 0x6e, 0xc2, 0x0, 0x0,
    0x9f, 0x72, 0xf2, 0x1b, 0xf4, 0x2, 0xee, 0x40,
    0x2f, 0x20, 0x9, 0xf3, 0x7, 0x10, 0x2, 0xf2,
    0x0, 0x5, 0x0, 0x0, 0x0, 0x2f, 0x20, 0x0,
    0x0, 0x0, 0x0, 0x2, 0xf2, 0x0, 0x0, 0x0,
    0x0, 0x0, 0x2f, 0x20, 0x0, 0x0,

    /* U+4E0E "与" */
    0x0, 0x5, 0x50, 0x0, 0x0, 0x0, 0x0, 0xb,
    0xa3, 0x33, 0x33, 0x31, 0x0, 0xe, 0xff, 0xff,
    0xff, 0xf8, 0x0, 0x1f, 0x20, 0x0, 0x0, 0x0,
    0x0, 0x5e, 0x0, 0x0, 0x0, 0x0, 0x0, 0x9f,
    0xff, 0xff, 0xff, 0xfb, 0x0, 0x12, 0x22, 0x22,
    0x22, 0xaa, 0x3, 0x33, 0x33, 0x33, 0x20, 0xb8,
    0x1f, 0xff, 0xff, 0xff, 0xe0, 0xd6, 0x0, 0x0,
    0x0, 0x0, 0x1, 0xf3, 0x0, 0x0, 0x0, 0x22,
    0x28, 0xe0, 0x0, 0x0, 0x0, 0x6f, 0xfe, 0x50,
    0x0, 0x0, 0x0, 0x0, 0x0, 0x0,

    /* U+4E13 "专" */
    0x0, 0x0, 0x7, 0x50, 0x0, 0x0, 0x0, 0x15,
    0x55, 0xe9, 0x55, 0x55, 0x0, 0x2, 0xcc, 0xdf,
    0xcc, 0xcc, 0xc2, 0x0, 0x11, 0x19, 0xb1, 0x11,
    0x11, 0x10, 0x3f, 0xff, 0xff, 0xff, 0xff, 0xff,
    0x10, 0x11, 0x4f, 0x21, 0x11, 0x11, 0x10, 0x0,
    0x9, 0xfd, 0xdd, 0xdd, 0xc1, 0x0, 0x0, 0x34,
    0x44, 0x48, 0xf7, 0x0, 0x0, 0x1, 0x40, 0x4,
    0xf7, 0x0, 0x0, 0x0, 0x4d, 0xfb, 0xf7, 0x0,
    0x0, 0x0, 0x0, 0x3, 0x9f, 0xd6, 0x0, 0x0,
    0x0, 0x0, 0x0, 0x7, 0x70, 0x0,

    /* U+4E1C "东" */
    0x0, 0x0, 0xb, 0x50, 0x0, 0x0, 0x0, 0x33,
    0x36, 0xf6, 0x33, 0x33, 0x30, 0xe, 0xff, 0xff,
    0xff, 0xff, 0xfe, 0x0, 0x0, 0x5f, 0x21, 0x20,
    0x0, 0x0, 0x0, 0xe, 0x70, 0x7b, 0x0, 0x0,
    0x0, 0xb, 0xf4, 0x4a, 0xc4, 0x44, 0x10, 0x0,
    0xee, 0xee, 0xff, 0xee, 0xe5, 0x0, 0x0, 0x10,
    0x7, 0xb0, 0x10, 0x0, 0x0, 0x3f, 0x30, 0x7b,
    0x1f, 0x50, 0x0, 0xc, 0xa0, 0x7, 0xb0, 0x4f,
    0x30, 0xb, 0xd1, 0x13, 0xab, 0x0, 0x8e, 0x10,
    0x52, 0x1, 0xfe, 0x60, 0x0, 0x40, 0x0, 0x0,
    0x0, 0x0, 0x0, 0x0, 0x0,

    /* U+4E2A "个" */
    0x0, 0x0, 0x0, 0xb4, 0x0, 0x0, 0x0, 0x0,
    0x0, 0x8f, 0x90, 0x0, 0x0, 0x0, 0x0, 0x9e,
    0x6e, 0x90, 0x0, 0x0, 0x1, 0xbe, 0x20, 0x3e,
    0xc2, 0x0, 0x18, 0xfc, 0x22, 0xf1, 0x1c, 0xf9,
    0x12, 0xe6, 0x0, 0x2f, 0x10, 0x6, 0xe3, 0x0,
    0x0, 0x2, 0xf1, 0x0, 0x0, 0x0, 0x0, 0x0,
    0x2f, 0x10, 0x0, 0x0, 0x0, 0x0, 0x2, 0xf1,
    0x0, 0x0, 0x0, 0x0, 0x0, 0x2f, 0x10, 0x0,
    0x0, 0x0, 0x0, 0x2, 0xf1, 0x0, 0x0, 0x0,
    0x0, 0x0, 0x2f, 0x10, 0x0, 0x0,

    /* U+4E2D "中" */
    0x0, 0x0, 0x5e, 0x0, 0x0, 0x0, 0x0, 0x5,
    0xe0, 0x0, 0x0, 0xcd, 0xdd, 0xef, 0xdd, 0xdd,
    0x6e, 0x85, 0x58, 0xf5, 0x55, 0xd8, 0xe4, 0x0,
    0x5e, 0x0, 0xb, 0x8e, 0x40, 0x5, 0xe0, 0x0,
    0xb8, 0xe7, 0x33, 0x7f, 0x33, 0x3c, 0x8e, 0xff,
    0xff, 0xff, 0xff, 0xf8, 0x61, 0x0, 0x5e, 0x0,
    0x4, 0x20, 0x0, 0x5, 0xe0, 0x0, 0x0, 0x0,
    0x0, 0x5e, 0x0, 0x0, 0x0, 0x0, 0x5, 0xe0,
    0x0, 0x0,

    /* U+4E3A "为" */
    0x0, 0x72, 0xe, 0x50, 0x0, 0x0, 0x0, 0x9c,
    0xe, 0x50, 0x0, 0x0, 0x0, 0x8, 0x1e, 0x40,
    0x0, 0x0, 0xf, 0xff, 0xff, 0xff, 0xff, 0xf9,
    0x4, 0x44, 0x6f, 0x54, 0x44, 0xc9, 0x0, 0x0,
    0x5e, 0x1, 0x0, 0xb8, 0x0, 0x0, 0xba, 0x7d,
    0x0, 0xc7, 0x0, 0x2, 0xf3, 0xd, 0x80, 0xd6,
    0x0, 0xc, 0xc0, 0x4, 0x70, 0xe5, 0x0, 0x9f,
    0x20, 0x0, 0x0, 0xf3, 0xb, 0xf4, 0x0, 0x3,
    0x38, 0xf1, 0x1a, 0x20, 0x0, 0xa, 0xff, 0x70,
    0x0, 0x0, 0x0, 0x0, 0x0, 0x0,

    /* U+4E3B "主" */
    0x0, 0x0, 0x7, 0x30, 0x0, 0x0, 0x0, 0x0,
    0x0, 0x8f, 0x60, 0x0, 0x0, 0x1, 0x33, 0x33,
    0x9f, 0x43, 0x32, 0x0, 0x7f, 0xff, 0xff, 0xff,
    0xff, 0xb0, 0x0, 0x0, 0x0, 0xf4, 0x0, 0x0,
    0x0, 0x0, 0x0, 0xf, 0x40, 0x0, 0x0, 0x0,
    0xbd, 0xdd, 0xfe, 0xdd, 0xd2, 0x0, 0x4, 0x55,
    0x5f, 0x85, 0x55, 0x10, 0x0, 0x0, 0x0, 0xf4,
    0x0, 0x0, 0x0, 0x0, 0x0, 0xf, 0x40, 0x0,
    0x0, 0x1c, 0xcc, 0xcd, 0xfd, 0xcc, 0xcc, 0x50,
    0x55, 0x55, 0x55, 0x55, 0x55, 0x52,

    /* U+4E89 "争" */
    0x0, 0x0, 0x0, 0x0, 0x0, 0x0, 0x0, 0x0,
    0x1d, 0x80, 0x1, 0x0, 0x0, 0x0, 0xa, 0xff,
    0xff, 0xf9, 0x0, 0x0, 0x1b, 0xd1, 0x0, 0x7e,
    0x10, 0x0, 0xb, 0xfd, 0xcc, 0xcf, 0xec, 0xb0,
    0x0, 0x12, 0x44, 0x5f, 0x54, 0x7e, 0x0, 0x2,
    0x22, 0x23, 0xf4, 0x26, 0xf2, 0x13, 0xff, 0xff,
    0xff, 0xff, 0xff, 0xfa, 0x0, 0x0, 0x1, 0xf2,
    0x4, 0xe0, 0x0, 0x1f, 0xff, 0xff, 0xff, 0xfe,
    0x0, 0x0, 0x22, 0x23, 0xf4, 0x22, 0x20, 0x0,
    0x0, 0x2, 0x4f, 0x10, 0x0, 0x0, 0x0, 0x2,
    0xff, 0xb0, 0x0, 0x0, 0x0,

    /* U+4E8C "二" */
    0x0, 0x11, 0x11, 0x11, 0x11, 0x10, 0x0, 0x1f,
    0xff, 0xff, 0xff, 0xff, 0x20, 0x0, 0x33, 0x33,
    0x33, 0x33, 0x30, 0x0, 0x0, 0x0, 0x0, 0x0,
    0x0, 0x0, 0x0, 0x0, 0x0, 0x0, 0x0, 0x0,
    0x0, 0x0, 0x0, 0x0, 0x0, 0x0, 0x0, 0x0,
    0x0, 0x0, 0x0, 0x0, 0x0, 0x0, 0x0, 0x0,
    0x0, 0x0, 0x0, 0x0, 0x16, 0x66, 0x66, 0x66,
    0x66, 0x66, 0x13, 0xff, 0xff, 0xff, 0xff, 0xff,
    0xf3,

    /* U+4E8E "于" */
    0x0, 0x0, 0x0, 0x0, 0x0, 0x0, 0x0, 0x2f,
    0xff, 0xff, 0xff, 0xff, 0x80, 0x0, 0x22, 0x22,
    0xd8, 0x22, 0x21, 0x0, 0x0, 0x0, 0xd, 0x60,
    0x0, 0x0, 0x0, 0x0, 0x0, 0xd6, 0x0, 0x0,
    0x1, 0xff, 0xff, 0xff, 0xff, 0xff, 0xf6, 0x3,
    0x33, 0x33, 0xd9, 0x33, 0x33, 0x10, 0x0, 0x0,
    0xd, 0x60, 0x0, 0x0, 0x0, 0x0, 0x0, 0xd6,
    0x0, 0x0, 0x0, 0x0, 0x0, 0xd, 0x60, 0x0,
    0x0, 0x0, 0x1, 0x34, 0xe6, 0x0, 0x0, 0x0,
    0x0, 0x3f, 0xfc, 0x10, 0x0, 0x0,

    /* U+4EAB "享" */
    0x0, 0x0, 0x4, 0xc0, 0x0, 0x0, 0x1, 0xcc,
    0xcc, 0xcf, 0xcc, 0xcc, 0xc1, 0x4, 0x44, 0x44,
    0x44, 0x44, 0x44, 0x0, 0x8, 0xfd, 0xdd, 0xdd,
    0xfa, 0x0, 0x0, 0x8c, 0x44, 0x44, 0x4b, 0xa0,
    0x0, 0x3, 0x77, 0x77, 0x77, 0x74, 0x0, 0x0,
    0xee, 0xee, 0xee, 0xef, 0xa0, 0x0, 0x0, 0x0,
    0x6, 0xcf, 0x80, 0x0, 0x3, 0x33, 0x35, 0xfa,
    0x43, 0x33, 0x3, 0xcc, 0xcc, 0xdf, 0xdc, 0xcc,
    0xc3, 0x0, 0x0, 0x2, 0xf1, 0x0, 0x0, 0x0,
    0x0, 0x3f, 0xfc, 0x0, 0x0, 0x0,

    /* U+4EAC "京" */
    0x0, 0x0, 0x5, 0xa0, 0x0, 0x0, 0x0, 0x33,
    0x33, 0x5f, 0x63, 0x33, 0x30, 0x2f, 0xff, 0xff,
    0xff, 0xff, 0xff, 0x20, 0x1, 0x11, 0x11, 0x11,
    0x11, 0x0, 0x0, 0x9f, 0xff, 0xff, 0xff, 0xb0,
    0x0, 0x9, 0x90, 0x0, 0x0, 0x8b, 0x0, 0x0,
    0x9b, 0x33, 0x33, 0x3a, 0xb0, 0x0, 0x7, 0xcc,
    0xcf, 0xdc, 0xc8, 0x0, 0x0, 0x25, 0x1, 0xf2,
    0x5, 0x0, 0x0, 0xd, 0x90, 0x1f, 0x20, 0xcc,
    0x0, 0x1d, 0xb0, 0x23, 0xf2, 0x0, 0xdb, 0x0,
    0x60, 0xe, 0xfc, 0x0, 0x2, 0x50,

    /* U+4EAE "亮" */
    0x0, 0x0, 0x3, 0xc0, 0x0, 0x0, 0x2, 0xaa,
    0xaa, 0xaf, 0xca, 0xaa, 0xa2, 0x15, 0x55, 0x55,
    0x55, 0x55, 0x55, 0x10, 0x6, 0xfc, 0xcc, 0xcc,
    0xf7, 0x0, 0x0, 0x6d, 0x22, 0x22, 0x2d, 0x70,
    0x0, 0x4, 0xaa, 0xaa, 0xaa, 0xa5, 0x0, 0xa,
    0xaa, 0xaa, 0xaa, 0xaa, 0xaa, 0x0, 0xf5, 0x44,
    0x44, 0x44, 0x46, 0xf0, 0x7, 0x3, 0xff, 0xff,
    0xf2, 0x16, 0x0, 0x0, 0x7d, 0x0, 0x2f, 0x20,
    0x30, 0x0, 0x5e, 0x70, 0x2, 0xf3, 0x1f, 0x20,
    0xee, 0x60, 0x0, 0xd, 0xff, 0xb0, 0x1, 0x0,
    0x0, 0x0, 0x0, 0x0, 0x0,

    /* U+4EBA "人" */
    0x0, 0x0, 0x4, 0xf1, 0x0, 0x0, 0x0, 0x0,
    0x0, 0x4f, 0x0, 0x0, 0x0, 0x0, 0x0, 0x6,
    0xf1, 0x0, 0x0, 0x0, 0x0, 0x0, 0x9f, 0x40,
    0x0, 0x0, 0x0, 0x0, 0xc, 0xf9, 0x0, 0x0,
    0x0, 0x0, 0x0, 0xfc, 0xe0, 0x0, 0x0, 0x0,
    0x0, 0x6f, 0x1f, 0x50, 0x0, 0x0, 0x0, 0xe,
    0x90, 0x8d, 0x0, 0x0, 0x0, 0x9, 0xf1, 0x1,
    0xe9, 0x0, 0x0, 0x8, 0xf4, 0x0, 0x3, 0xf9,
    0x0, 0x1b, 0xf6, 0x0, 0x0, 0x4, 0xed, 0x31,
    0xa3, 0x0, 0x0, 0x0, 0x1, 0x91,

    /* U+4ECA "今" */
    0x0, 0x0, 0x0, 0x92, 0x0, 0x0, 0x0, 0x0,
    0x0, 0xaf, 0xa0, 0x0, 0x0, 0x0, 0x0, 0xbe,
    0x4d, 0xb1, 0x0, 0x0, 0x4, 0xdd, 0x30, 0x1c,
    0xe5, 0x0, 0x1a, 0xfb, 0x1a, 0xc1, 0x9, 0xfc,
    0x22, 0xd5, 0x0, 0xa, 0xe1, 0x3, 0xb1, 0x0,
    0x56, 0x66, 0x6b, 0x66, 0x50, 0x0, 0xc, 0xdd,
    0xdd, 0xdd, 0xfd, 0x0, 0x0, 0x0, 0x0, 0x0,
    0x7f, 0x20, 0x0, 0x0, 0x0, 0x0, 0x4f, 0x60,
    0x0, 0x0, 0x0, 0x0, 0x2f, 0x90, 0x0, 0x0,
    0x0, 0x0, 0xc, 0xc0, 0x0, 0x0, 0x0, 0x0,
    0x0, 0x1, 0x0, 0x0, 0x0,

    /* U+4ECE "从" */
    0x0, 0x0, 0x0, 0x0, 0x0, 0x0, 0x0, 0x0,
    0xc8, 0x0, 0xc, 0x80, 0x0, 0x0, 0xd, 0x70,
    0x0, 0xe6, 0x0, 0x0, 0x0, 0xe6, 0x0, 0xf,
    0x50, 0x0, 0x0, 0xf, 0x50, 0x1, 0xf3, 0x0,
    0x0, 0x1, 0xf8, 0x0, 0x4f, 0x40, 0x0, 0x0,
    0x4f, 0xf5, 0x7, 0xf9, 0x0, 0x0, 0x7, 0xd6,
    0xe1, 0xaf, 0xe0, 0x0, 0x0, 0xc9, 0xc, 0x9f,
    0x6e, 0x40, 0x0, 0x1f, 0x40, 0x28, 0xf0, 0x8c,
    0x0, 0xa, 0xd0, 0x2, 0xf8, 0x1, 0xe9, 0x4,
    0xf5, 0x0, 0xdd, 0x0, 0x3, 0xf4, 0x5, 0x0,
    0x3, 0x20, 0x0, 0x2, 0x0,

    /* U+4EE5 "以" */
    0x0, 0x0, 0x0, 0x0, 0x0, 0x0, 0x9, 0x30,
    0x10, 0x0, 0x4f, 0x0, 0xf, 0x50, 0xe6, 0x0,
    0x6d, 0x0, 0xf, 0x50, 0x5f, 0x20, 0x7c, 0x0,
    0xf, 0x50, 0xb, 0x90, 0x9a, 0x0, 0xf, 0x50,
    0x1, 0x0, 0xd7, 0x0, 0xf, 0x50, 0x0, 0x1,
    0xf3, 0x0, 0xf, 0x50, 0x21, 0x6, 0xe0, 0x0,
    0xf, 0x8a, 0xf4, 0x1e, 0xd1, 0x0, 0x3f, 0xfa,
    0x20, 0xbe, 0xcc, 0x0, 0x9b, 0x20, 0x1b, 0xf2,
    0x1d, 0xb0, 0x0, 0x2, 0xfc, 0x30, 0x2, 0xf5,
    0x0, 0x0, 0x30, 0x0, 0x0, 0x10,

    /* U+4F18 "优" */
    0x0, 0x0, 0x0, 0x0, 0x0, 0x0, 0x0, 0x0,
    0xd5, 0x4, 0xf0, 0x83, 0x0, 0x0, 0x4f, 0x10,
    0x4e, 0x5, 0xe2, 0x0, 0xa, 0x90, 0x4, 0xe0,
    0x8, 0x30, 0x3, 0xf6, 0xff, 0xff, 0xff, 0xff,
    0x30, 0xdf, 0x32, 0x28, 0xd2, 0x22, 0x20, 0x6e,
    0xf3, 0x0, 0x8a, 0x63, 0x0, 0x0, 0x4e, 0x30,
    0xa, 0x8b, 0x50, 0x0, 0x0, 0xe3, 0x0, 0xe4,
    0xb5, 0x0, 0x0, 0xe, 0x30, 0x4f, 0xb, 0x50,
    0x0, 0x0, 0xe3, 0xc, 0x70, 0xb5, 0xb, 0x30,
    0xe, 0x38, 0xd0, 0xb, 0x72, 0xe3, 0x0, 0xe6,
    0xc1, 0x0, 0x7f, 0xfc, 0x0,

    /* U+4F1A "会" */
    0x0, 0x0, 0x0, 0xb5, 0x0, 0x0, 0x0, 0x0,
    0x0, 0xbf, 0xb0, 0x0, 0x0, 0x0, 0x3, 0xdc,
    0x2b, 0xd3, 0x0, 0x0, 0x2a, 0xf9, 0x0, 0x7,
    0xfb, 0x40, 0x2f, 0xeb, 0xff, 0xff, 0xfb, 0xbf,
    0x40, 0x40, 0x12, 0x22, 0x22, 0x10, 0x20, 0x3,
    0x44, 0x44, 0x44, 0x44, 0x43, 0x0, 0xae, 0xef,
    0xff, 0xee, 0xee, 0xd0, 0x0, 0x0, 0xcc, 0x0,
    0x84, 0x0, 0x0, 0x0, 0xad, 0x10, 0x5, 0xf4,
    0x0, 0x1, 0xcf, 0xa9, 0xab, 0xcf, 0xf2, 0x0,
    0xd, 0xba, 0x97, 0x65, 0x3a, 0x90, 0x0, 0x0,
    0x0, 0x0, 0x0, 0x0, 0x0,

    /* U+4F46 "但" */
    0x0, 0xa, 0x40, 0x0, 0x0, 0x0, 0x0, 0x4,
    0xf1, 0xff, 0xff, 0xff, 0x50, 0x0, 0xc9, 0xf,
    0x51, 0x11, 0xe5, 0x0, 0x8f, 0x40, 0xf3, 0x0,
    0xe, 0x50, 0x5f, 0xf4, 0xf, 0xed, 0xdd, 0xf5,
    0x7, 0x9e, 0x40, 0xf7, 0x44, 0x4f, 0x50, 0x0,
    0xe4, 0xf, 0x30, 0x0, 0xe5, 0x0, 0xe, 0x40,
    0xf6, 0x22, 0x2e, 0x50, 0x0, 0xe4, 0xf, 0xff,
    0xff, 0xf5, 0x0, 0xe, 0x40, 0x0, 0x0, 0x0,
    0x0, 0x0, 0xe4, 0xcc, 0xcc, 0xcc, 0xcc, 0x40,
    0xe, 0x44, 0x44, 0x44, 0x44, 0x41,

    /* U+4F4D "位" */
    0x0, 0x0, 0x0, 0x0, 0x10, 0x0, 0x0, 0x0,
    0xb7, 0x0, 0x8b, 0x0, 0x0, 0x0, 0x4f, 0x20,
    0x3, 0xe0, 0x0, 0x0, 0xc, 0x82, 0xdd, 0xdd,
    0xdd, 0xc0, 0x8, 0xf4, 0x4, 0x54, 0x45, 0x54,
    0x5, 0xff, 0x40, 0x4c, 0x0, 0x1f, 0x20, 0x58,
    0xe4, 0x2, 0xf0, 0x4, 0xf0, 0x0, 0xe, 0x40,
    0xf, 0x30, 0x6c, 0x0, 0x0, 0xe4, 0x0, 0xc6,
    0x9, 0x80, 0x0, 0xe, 0x40, 0xa, 0x80, 0xd5,
    0x0, 0x0, 0xe4, 0x0, 0x53, 0xf, 0x10, 0x0,
    0xe, 0x4b, 0xdd, 0xde, 0xfd, 0xd5, 0x0, 0xe4,
    0x34, 0x44, 0x44, 0x44, 0x10,

    /* U+4F4E "低" */
    0x0, 0xa, 0x20, 0x0, 0x37, 0xc4, 0x0, 0x5,
    0xe2, 0xad, 0xff, 0xc6, 0x20, 0x0, 0xc8, 0x3f,
    0x41, 0xc5, 0x0, 0x0, 0x6f, 0x33, 0xe0, 0xb,
    0x60, 0x0, 0x2f, 0xf3, 0x3e, 0x0, 0xa8, 0x0,
    0x9, 0xce, 0x33, 0xff, 0xff, 0xff, 0xf3, 0x21,
    0xe3, 0x3e, 0x11, 0x8b, 0x11, 0x0, 0xe, 0x33,
    0xe0, 0x4, 0xd0, 0x0, 0x0, 0xe3, 0x3e, 0x0,
    0x2f, 0x10, 0x0, 0xe, 0x33, 0xe0, 0x95, 0xd6,
    0x85, 0x0, 0xe3, 0x4f, 0xaa, 0xc7, 0xed, 0x30,
    0xe, 0x38, 0xb6, 0x1a, 0x19, 0xb0, 0x0, 0x0,
    0x0, 0x0, 0x0, 0x0, 0x0,

    /* U+4F5C "作" */
    0x0, 0x0, 0x0, 0x0, 0x0, 0x0, 0x0, 0x0,
    0xc4, 0xa, 0x50, 0x0, 0x0, 0x0, 0x5f, 0x1,
    0xf2, 0x0, 0x0, 0x0, 0xc, 0x80, 0x8f, 0xff,
    0xff, 0xf2, 0x6, 0xf5, 0x1f, 0x5f, 0x73, 0x33,
    0x3, 0xff, 0x5b, 0xb0, 0xe4, 0x0, 0x0, 0x7c,
    0xe5, 0xb1, 0xe, 0xff, 0xfd, 0x0, 0x1e, 0x40,
    0x0, 0xe6, 0x22, 0x10, 0x0, 0xe4, 0x0, 0xe,
    0x62, 0x22, 0x0, 0xe, 0x40, 0x0, 0xef, 0xff,
    0xf0, 0x0, 0xe4, 0x0, 0xe, 0x40, 0x0, 0x0,
    0xe, 0x40, 0x0, 0xe4, 0x0, 0x0, 0x0, 0xe4,
    0x0, 0xe, 0x40, 0x0, 0x0, 0x0, 0x0, 0x0,
    0x0, 0x0, 0x0,

    /* U+4F60 "你" */
    0x0, 0x7, 0x21, 0x80, 0x0, 0x0, 0x0, 0x3,
    0xf1, 0x6e, 0x0, 0x0, 0x0, 0x0, 0xb9, 0xb,
    0xb4, 0x44, 0x44, 0x10, 0x5f, 0x33, 0xfd, 0xdf,
    0xdd, 0xf5, 0x2f, 0xf2, 0xca, 0x2, 0xf0, 0xf,
    0x29, 0xbf, 0x39, 0x20, 0x2f, 0x2, 0x80, 0x11,
    0xf2, 0x8, 0xb2, 0xf1, 0xf2, 0x0, 0xf, 0x20,
    0xd6, 0x2f, 0xa, 0x90, 0x0, 0xf2, 0x4f, 0x12,
    0xf0, 0x4e, 0x0, 0xf, 0x2c, 0x80, 0x2f, 0x0,
    0xf3, 0x0, 0xf2, 0x10, 0x25, 0xf0, 0x2, 0x0,
    0xf, 0x20, 0x7, 0xfa, 0x0, 0x0, 0x0, 0x0,
    0x0, 0x0, 0x0, 0x0, 0x0,

    /* U+4FA7 "侧" */
    0x0, 0x0, 0x0, 0x0, 0x0, 0x0, 0x0, 0x88,
    0x0, 0x0, 0x0, 0xf, 0x0, 0xc5, 0xfe, 0xef,
    0x59, 0x1f, 0x1, 0xf0, 0xf0, 0x47, 0x5d, 0x1f,
    0x8, 0xe0, 0xf1, 0xc7, 0x5d, 0x1f, 0x1f, 0xe0,
    0xf1, 0xc7, 0x5d, 0x1f, 0x4c, 0xe0, 0xf1, 0xc7,
    0x5d, 0x1f, 0x2, 0xe0, 0xf1, 0xc7, 0x5d, 0x1f,
    0x1, 0xe0, 0xf2, 0xc7, 0x5d, 0x1f, 0x1, 0xe0,
    0xf4, 0xb7, 0x5d, 0x1f, 0x1, 0xe0, 0x8, 0x95,
    0x1, 0xf, 0x1, 0xe0, 0x5d, 0x1d, 0x20, 0xf,
    0x1, 0xe2, 0xd2, 0x4, 0x65, 0xfa, 0x0, 0x0,
    0x0, 0x0, 0x0, 0x0,

    /* U+4FDD "保" */
    0x0, 0x5, 0x20, 0x0, 0x0, 0x0, 0x0, 0x3,
    0xf4, 0xff, 0xff, 0xff, 0x50, 0x0, 0xb9, 0x2f,
    0x0, 0x0, 0xd5, 0x0, 0x6f, 0x32, 0xf1, 0x11,
    0x1e, 0x50, 0x4f, 0xf3, 0x2f, 0xff, 0xff, 0xf5,
    0x8, 0x7e, 0x30, 0x0, 0x4e, 0x0, 0x0, 0x0,
    0xe4, 0xdd, 0xde, 0xfd, 0xdd, 0x0, 0xe, 0x33,
    0x37, 0xff, 0xc3, 0x30, 0x0, 0xe3, 0x2, 0xeb,
    0xed, 0x50, 0x0, 0xe, 0x34, 0xe9, 0x4e, 0x3f,
    0x40, 0x0, 0xe7, 0xf9, 0x4, 0xe0, 0x6f, 0x20,
    0xe, 0x33, 0x0, 0x4e, 0x0, 0x30, 0x0, 0x0,
    0x0, 0x0, 0x0, 0x0, 0x0,

    /* U+4FE1 "信" */
    0x0, 0x0, 0x0, 0x0, 0x0, 0x0, 0x0, 0xd,
    0x20, 0xc, 0x30, 0x0, 0x0, 0x6c, 0x0, 0x7,
    0x80, 0x0, 0x0, 0xd5, 0xee, 0xef, 0xfe, 0xee,
    0x7, 0xf2, 0x0, 0x0, 0x0, 0x0, 0x3f, 0xf2,
    0xe, 0xff, 0xff, 0xf0, 0x79, 0xe2, 0x1, 0x11,
    0x11, 0x10, 0x0, 0xe2, 0xd, 0xee, 0xee, 0xe0,
    0x0, 0xe2, 0x0, 0x0, 0x0, 0x0, 0x0, 0xe2,
    0x1f, 0xee, 0xee, 0xf2, 0x0, 0xe2, 0x1e, 0x0,
    0x0, 0xe2, 0x0, 0xe2, 0x1f, 0x33, 0x33, 0xf2,
    0x0, 0xe2, 0x1f, 0xcc, 0xcc, 0xe2,

    /* U+5019 "候" */
    0x0, 0x24, 0x0, 0x0, 0x0, 0x0, 0x0, 0x8,
    0xa0, 0x2f, 0xff, 0xff, 0x30, 0x0, 0xe5, 0x0,
    0x0, 0x1, 0xf1, 0x0, 0x5f, 0x3b, 0xbc, 0xcc,
    0xdf, 0xc1, 0x1e, 0xf3, 0xb2, 0x99, 0x33, 0x33,
    0x7, 0xff, 0x3b, 0xe, 0xc9, 0x99, 0x90, 0x16,
    0xf3, 0xb9, 0xc5, 0xea, 0x55, 0x0, 0x2f, 0x3b,
    0x84, 0x2d, 0x72, 0x20, 0x2, 0xf3, 0xbc, 0xee,
    0xff, 0xee, 0x20, 0x2f, 0x27, 0x0, 0x6f, 0xe1,
    0x0, 0x2, 0xf0, 0x1, 0x8e, 0x38, 0xd4, 0x0,
    0x2f, 0x0, 0xd9, 0x10, 0x5, 0xc2,

    /* U+5047 "假" */
    0x0, 0x33, 0x0, 0x0, 0x0, 0x0, 0x0, 0xb,
    0x8e, 0xff, 0xeb, 0xff, 0xe0, 0x0, 0xf3, 0xe3,
    0x2e, 0x0, 0x3e, 0x0, 0x7f, 0xe, 0x32, 0xe0,
    0x14, 0xe0, 0x1f, 0xf0, 0xef, 0xfe, 0xbf, 0xfe,
    0x6, 0xef, 0xe, 0x30, 0x4, 0x44, 0x40, 0x5,
    0xf0, 0xef, 0xf9, 0xea, 0xbe, 0x0, 0x3f, 0xe,
    0x30, 0x9, 0x69, 0x90, 0x3, 0xf0, 0xed, 0xc9,
    0x2e, 0xf2, 0x0, 0x3f, 0xe, 0x63, 0x21, 0xec,
    0x0, 0x3, 0xf0, 0xe3, 0x4, 0xda, 0xdb, 0x20,
    0x3f, 0xe, 0x30, 0xc7, 0x1, 0xb4, 0x0, 0x0,
    0x0, 0x0, 0x0, 0x0, 0x0,

    /* U+504F "偏" */
    0x0, 0x0, 0x0, 0x0, 0x0, 0x0, 0x0, 0xb,
    0x70, 0xc, 0x70, 0x0, 0x0, 0x2f, 0x5c, 0xce,
    0xfc, 0xc9, 0x0, 0xa9, 0x3e, 0x33, 0x33, 0x8c,
    0x4, 0xf3, 0x4e, 0x33, 0x33, 0x8c, 0x1e, 0xf3,
    0x4f, 0xee, 0xee, 0xeb, 0x8c, 0xf3, 0x4d, 0x33,
    0x33, 0x33, 0x11, 0xe3, 0x5d, 0xee, 0xbf, 0xbf,
    0x0, 0xe3, 0x6b, 0xaa, 0x1c, 0xe, 0x0, 0xe3,
    0x9a, 0xff, 0xff, 0xef, 0x0, 0xe3, 0xc6, 0xaa,
    0x1c, 0xe, 0x0, 0xe6, 0xf2, 0xaa, 0x1c, 0xf,
    0x0, 0xe6, 0x91, 0xa9, 0x1a, 0xa9,

    /* U+505A "做" */
    0x0, 0x0, 0x0, 0x0, 0x1, 0x0, 0x0, 0x4,
    0xe0, 0xa8, 0x0, 0xf1, 0x0, 0x0, 0xaa, 0xa,
    0x80, 0x3e, 0x0, 0x0, 0x1f, 0x63, 0xba, 0x36,
    0xd3, 0x31, 0x9, 0xf5, 0xdf, 0xed, 0xce, 0xdf,
    0x53, 0xff, 0x0, 0xa8, 0x2f, 0x73, 0xc0, 0x9b,
    0xf0, 0xa, 0x97, 0xea, 0x69, 0x1, 0x2f, 0x1f,
    0xff, 0xe3, 0xd9, 0x70, 0x1, 0xf1, 0xf0, 0x2e,
    0xd, 0xe2, 0x0, 0x1f, 0x1f, 0x2, 0xe0, 0x9c,
    0x0, 0x1, 0xf1, 0xf3, 0x5e, 0xd, 0xe1, 0x0,
    0x1f, 0x1f, 0xdd, 0xdb, 0x99, 0xc0, 0x1, 0xf0,
    0x70, 0x7, 0x80, 0x9, 0x40,

    /* U+505C "停" */
    0x0, 0x0, 0x0, 0x0, 0x0, 0x0, 0x0, 0x1,
    0xd0, 0x0, 0xa8, 0x0, 0x0, 0x0, 0x8c, 0xef,
    0xff, 0xff, 0xff, 0x20, 0xe, 0x51, 0x66, 0x66,
    0x66, 0x10, 0x9, 0xf1, 0xf, 0x76, 0x67, 0xf2,
    0x4, 0xff, 0x10, 0xfb, 0xaa, 0xbf, 0x20, 0x49,
    0xf1, 0x13, 0x33, 0x33, 0x31, 0x0, 0xf, 0x3f,
    0xff, 0xff, 0xff, 0xf2, 0x0, 0xf3, 0xe0, 0x0,
    0x0, 0xe, 0x20, 0xf, 0x13, 0xee, 0xff, 0xed,
    0x30, 0x0, 0xf1, 0x0, 0x8, 0xa0, 0x0, 0x0,
    0xf, 0x10, 0x1, 0x9a, 0x0, 0x0, 0x0, 0xf1,
    0x3, 0xfe, 0x50, 0x0, 0x0,

    /* U+5148 "先" */
    0x0, 0xa, 0x11, 0xf1, 0x0, 0x0, 0x0, 0x4,
    0xf0, 0x1f, 0x20, 0x0, 0x0, 0x0, 0x9f, 0xff,
    0xff, 0xff, 0xf3, 0x0, 0x2f, 0x42, 0x3f, 0x32,
    0x22, 0x0, 0x7, 0xb0, 0x1, 0xf1, 0x0, 0x0,
    0x0, 0x34, 0x33, 0x5f, 0x53, 0x33, 0x30, 0x2e,
    0xee, 0xff, 0xef, 0xfe, 0xee, 0x20, 0x0, 0x1f,
    0x30, 0x7b, 0x0, 0x0, 0x0, 0x5, 0xf0, 0x7,
    0xb0, 0x0, 0x0, 0x0, 0xc9, 0x0, 0x7b, 0x0,
    0xa2, 0x3, 0xcd, 0x10, 0x7, 0xc2, 0x2e, 0x31,
    0xfb, 0x20, 0x0, 0x3e, 0xff, 0xc0, 0x1, 0x0,
    0x0, 0x0, 0x0, 0x0, 0x0,

    /* U+5149 "光" */
    0x0, 0x30, 0x0, 0xf3, 0x0, 0x41, 0x0, 0xc,
    0x80, 0xf, 0x30, 0x1f, 0x50, 0x0, 0x5f, 0x10,
    0xf3, 0x8, 0xc0, 0x0, 0x0, 0xe5, 0xf, 0x30,
    0xf3, 0x0, 0x1, 0x13, 0x11, 0xf4, 0x12, 0x11,
    0x1, 0xff, 0xff, 0xff, 0xff, 0xff, 0xf7, 0x1,
    0x11, 0xd8, 0x15, 0xe1, 0x11, 0x0, 0x0, 0xf,
    0x50, 0x4e, 0x0, 0x0, 0x0, 0x4, 0xf1, 0x4,
    0xe0, 0x1, 0x0, 0x1, 0xda, 0x0, 0x4e, 0x0,
    0x88, 0x6, 0xdc, 0x0, 0x4, 0xf2, 0x2b, 0x81,
    0xd7, 0x0, 0x0, 0x1d, 0xff, 0xe2, 0x0, 0x0,
    0x0, 0x0, 0x0, 0x0, 0x0,

    /* U+514B "克" */
    0x0, 0x0, 0x2, 0xf1, 0x0, 0x0, 0x0, 0xee,
    0xee, 0xef, 0xee, 0xee, 0xe1, 0x2, 0x22, 0x24,
    0xf4, 0x22, 0x22, 0x0, 0x1, 0x11, 0x3f, 0x21,
    0x11, 0x0, 0x0, 0xaf, 0xff, 0xff, 0xff, 0xb0,
    0x0, 0xa, 0x80, 0x0, 0x0, 0x7b, 0x0, 0x0,
    0xaa, 0x33, 0x33, 0x39, 0xb0, 0x0, 0x8, 0xdf,
    0xed, 0xfe, 0xd9, 0x0, 0x0, 0x0, 0xe5, 0xb,
    0x70, 0x0, 0x0, 0x0, 0x6f, 0x10, 0xb7, 0x0,
    0x83, 0x3, 0x9f, 0x60, 0xb, 0x92, 0x2d, 0x52,
    0xfb, 0x40, 0x0, 0x6f, 0xff, 0xd0, 0x0, 0x0,
    0x0, 0x0, 0x0, 0x0, 0x0,

    /* U+5165 "入" */
    0x0, 0x0, 0x70, 0x0, 0x0, 0x0, 0x0, 0x0,
    0x1e, 0xc0, 0x0, 0x0, 0x0, 0x0, 0x0, 0x2e,
    0xa0, 0x0, 0x0, 0x0, 0x0, 0x0, 0x5f, 0x40,
    0x0, 0x0, 0x0, 0x0, 0x8, 0xfd, 0x0, 0x0,
    0x0, 0x0, 0x0, 0xd9, 0xe6, 0x0, 0x0, 0x0,
    0x0, 0x5f, 0x26, 0xf1, 0x0, 0x0, 0x0, 0xd,
    0xb0, 0xd, 0x90, 0x0, 0x0, 0x8, 0xf2, 0x0,
    0x5f, 0x40, 0x0, 0x7, 0xf6, 0x0, 0x0, 0xaf,
    0x40, 0x1b, 0xf7, 0x0, 0x0, 0x0, 0xcf, 0x41,
    0xb4, 0x0, 0x0, 0x0, 0x0, 0x82,

    /* U+5168 "全" */
    0x0, 0x0, 0x1, 0xc2, 0x0, 0x0, 0x0, 0x0,
    0x0, 0xcf, 0xc1, 0x0, 0x0, 0x0, 0x1, 0xcb,
    0x1b, 0xd1, 0x0, 0x0, 0x4, 0xeb, 0x0, 0xa,
    0xe5, 0x0, 0x2a, 0xf9, 0x11, 0x11, 0x18, 0xfc,
    0x33, 0xb8, 0xff, 0xff, 0xff, 0xf9, 0xb3, 0x0,
    0x0, 0x2, 0xf2, 0x0, 0x0, 0x0, 0x0, 0x11,
    0x3f, 0x31, 0x10, 0x0, 0x0, 0x4e, 0xef, 0xff,
    0xee, 0x60, 0x0, 0x0, 0x0, 0x2f, 0x20, 0x0,
    0x0, 0x1, 0x11, 0x13, 0xf3, 0x11, 0x11, 0x0,
    0xff, 0xff, 0xff, 0xff, 0xff, 0xf0,

    /* U+516C "公" */
    0x0, 0x0, 0x71, 0x1, 0x70, 0x0, 0x0, 0x0,
    0x7f, 0x10, 0x1e, 0x80, 0x0, 0x0, 0x1f, 0x70,
    0x0, 0x6f, 0x20, 0x0, 0xa, 0xe0, 0x0, 0x0,
    0xbd, 0x10, 0x9, 0xf3, 0x6, 0xc0, 0x1, 0xdc,
    0x11, 0xd5, 0x0, 0xea, 0x0, 0x2, 0xd2, 0x0,
    0x0, 0x8f, 0x10, 0x0, 0x0, 0x0, 0x0, 0x2f,
    0x60, 0xc, 0x60, 0x0, 0x0, 0xc, 0xa0, 0x0,
    0x6f, 0x20, 0x0, 0xa, 0xf6, 0x66, 0x78, 0xfd,
    0x0, 0x2, 0xff, 0xfd, 0xcb, 0xa8, 0xf7, 0x0,
    0x2, 0x0, 0x0, 0x0, 0x7, 0x90,

    /* U+5171 "共" */
    0x0, 0x3, 0xf0, 0x0, 0x9a, 0x0, 0x0, 0x0,
    0x3f, 0x0, 0x9, 0xa0, 0x0, 0x2, 0x36, 0xf3,
    0x33, 0xbb, 0x33, 0x0, 0x9f, 0xff, 0xff, 0xff,
    0xff, 0xf2, 0x0, 0x3, 0xf0, 0x0, 0x9a, 0x0,
    0x0, 0x0, 0x3f, 0x0, 0x9, 0xa0, 0x0, 0x3,
    0x36, 0xf3, 0x33, 0xbb, 0x33, 0x21, 0xff, 0xff,
    0xff, 0xff, 0xff, 0xf8, 0x0, 0x0, 0x40, 0x0,
    0x30, 0x0, 0x0, 0x0, 0x9f, 0x40, 0xc, 0xd3,
    0x0, 0x1, 0xbf, 0x40, 0x0, 0x9, 0xf5, 0x0,
    0xac, 0x20, 0x0, 0x0, 0x7, 0xe1, 0x0, 0x0,
    0x0, 0x0, 0x0, 0x0, 0x0,

    /* U+5173 "关" */
    0x0, 0x9, 0x20, 0x0, 0x1b, 0x20, 0x0, 0x0,
    0xac, 0x0, 0x9, 0xd0, 0x0, 0x0, 0x35, 0xe4,
    0x34, 0xf7, 0x31, 0x0, 0x4f, 0xff, 0xff, 0xff,
    0xff, 0x70, 0x0, 0x0, 0x1, 0xf4, 0x0, 0x0,
    0x0, 0x0, 0x0, 0x2f, 0x40, 0x0, 0x0, 0x1f,
    0xff, 0xff, 0xff, 0xff, 0xff, 0x20, 0x33, 0x33,
    0xbf, 0xd4, 0x33, 0x30, 0x0, 0x0, 0x3f, 0xad,
    0x70, 0x0, 0x0, 0x0, 0x6f, 0xc0, 0x2f, 0x91,
    0x0, 0x6, 0xdf, 0x90, 0x0, 0x3d, 0xe9, 0x21,
    0xd9, 0x20, 0x0, 0x0, 0x6, 0xc1, 0x0, 0x0,
    0x0, 0x0, 0x0, 0x0, 0x0,

    /* U+5185 "内" */
    0x0, 0x0, 0x4e, 0x0, 0x0, 0x0, 0x0, 0x4,
    0xe0, 0x0, 0x0, 0xde, 0xee, 0xff, 0xee, 0xee,
    0x7e, 0x73, 0x38, 0xe3, 0x33, 0xc7, 0xe4, 0x0,
    0x7c, 0x0, 0xb, 0x7e, 0x40, 0xc, 0xf6, 0x0,
    0xb7, 0xe4, 0x5, 0xf6, 0xf6, 0xb, 0x7e, 0x44,
    0xf7, 0x4, 0xf5, 0xb7, 0xe8, 0xf7, 0x0, 0x6,
    0xcb, 0x7e, 0x42, 0x0, 0x0, 0x0, 0xb7, 0xe4,
    0x0, 0x0, 0x3, 0x3d, 0x7e, 0x40, 0x0, 0x0,
    0xbf, 0xd2,

    /* U+518D "再" */
    0xb, 0xff, 0xff, 0xff, 0xff, 0xff, 0x30, 0x11,
    0x11, 0x1e, 0x51, 0x11, 0x10, 0x0, 0xbf, 0xff,
    0xff, 0xff, 0xf2, 0x0, 0xb, 0x82, 0x2e, 0x52,
    0x2f, 0x20, 0x0, 0xbd, 0xbb, 0xfd, 0xbc, 0xf2,
    0x0, 0xb, 0x94, 0x4f, 0x74, 0x4f, 0x20, 0x2,
    0xc8, 0x22, 0xe5, 0x22, 0xf4, 0x13, 0xff, 0xff,
    0xff, 0xff, 0xff, 0xfb, 0x0, 0xb6, 0x0, 0x0,
    0x0, 0xf2, 0x0, 0xb, 0x60, 0x0, 0x2, 0x3f,
    0x20, 0x0, 0xb6, 0x0, 0x0, 0xef, 0xb0, 0x0,

    /* U+51B3 "决" */
    0x4, 0x0, 0x0, 0xd, 0x60, 0x0, 0x1, 0xe6,
    0x0, 0x0, 0xd6, 0x0, 0x0, 0x4, 0xf3, 0x4f,
    0xff, 0xff, 0xf4, 0x0, 0x8, 0x41, 0x33, 0xe8,
    0x3e, 0x40, 0x0, 0x0, 0x0, 0xd, 0x60, 0xd4,
    0x0, 0x0, 0x0, 0x0, 0xe6, 0xe, 0x50, 0x0,
    0x31, 0xff, 0xff, 0xff, 0xff, 0x70, 0xc, 0x71,
    0x15, 0xff, 0x51, 0x10, 0x4, 0xf1, 0x0, 0xba,
    0x8c, 0x0, 0x0, 0xd8, 0x0, 0x7f, 0x20, 0xe7,
    0x0, 0x5f, 0x11, 0xaf, 0x50, 0x5, 0xf9, 0x10,
    0x20, 0x5d, 0x30, 0x0, 0x3, 0xc3, 0x0, 0x0,
    0x0, 0x0, 0x0, 0x0, 0x0,

    /* U+51B7 "冷" */
    0x3, 0x0, 0x0, 0xa, 0x80, 0x0, 0x2, 0xf4,
    0x0, 0x4, 0xfe, 0x20, 0x0, 0x8, 0xd0, 0x3,
    0xf7, 0x8d, 0x10, 0x0, 0x1d, 0x35, 0xf9, 0x10,
    0xbd, 0x30, 0x0, 0x7, 0xf8, 0xe, 0x70, 0xbf,
    0x30, 0x0, 0x25, 0x0, 0x38, 0x0, 0x50, 0x0,
    0x61, 0x5f, 0xff, 0xff, 0xf4, 0x0, 0x1f, 0x30,
    0x22, 0x22, 0xbd, 0x0, 0x7, 0xd0, 0x0, 0x30,
    0x7e, 0x20, 0x0, 0xe7, 0x0, 0x3e, 0xbf, 0x30,
    0x0, 0x5f, 0x10, 0x0, 0x1c, 0xe3, 0x0, 0x0,
    0x20, 0x0, 0x0, 0x9, 0x80, 0x0,

    /* U+5206 "分" */
    0x0, 0x0, 0x82, 0x1, 0x80, 0x0, 0x0, 0x0,
    0x8f, 0x10, 0xd, 0x90, 0x0, 0x0, 0x1f, 0x80,
    0x0, 0x4f, 0x30, 0x0, 0xb, 0xd0, 0x0, 0x0,
    0x9e, 0x10, 0xb, 0xf4, 0x11, 0x11, 0x12, 0xdd,
    0x22, 0xdb, 0xff, 0xff, 0xff, 0xfa, 0xb1, 0x0,
    0x1, 0x5f, 0x11, 0x1c, 0x80, 0x0, 0x0, 0x8,
    0xc0, 0x0, 0xd7, 0x0, 0x0, 0x0, 0xe7, 0x0,
    0xe, 0x60, 0x0, 0x0, 0x9e, 0x10, 0x0, 0xf4,
    0x0, 0x3, 0xbf, 0x30, 0x22, 0x6f, 0x10, 0x0,
    0xdb, 0x20, 0x7, 0xff, 0x90, 0x0, 0x0, 0x0,
    0x0, 0x0, 0x0, 0x0, 0x0,

    /* U+5207 "切" */
    0x0, 0xf2, 0x8, 0xff, 0xff, 0xff, 0x20, 0xf,
    0x20, 0x12, 0xba, 0x23, 0xf2, 0x3, 0xfb, 0xd8,
    0xa, 0x80, 0x1f, 0x28, 0xff, 0x95, 0x10, 0xb7,
    0x1, 0xf1, 0x0, 0xf2, 0x0, 0xd, 0x50, 0x2f,
    0x10, 0xf, 0x20, 0x0, 0xf3, 0x3, 0xf0, 0x0,
    0xf2, 0x45, 0x3f, 0x0, 0x4f, 0x0, 0x1f, 0xee,
    0x6a, 0xb0, 0x5, 0xe0, 0x6, 0xe7, 0x3, 0xf3,
    0x0, 0x7d, 0x0, 0x0, 0x3, 0xea, 0x3, 0x3c,
    0xa0, 0x0, 0x0, 0xab, 0x0, 0xaf, 0xd2, 0x0,
    0x0, 0x0, 0x0, 0x0, 0x0, 0x0,

    /* U+5217 "列" */
    0x0, 0x0, 0x0, 0x0, 0x0, 0xf, 0x21, 0xff,
    0xff, 0xff, 0x83, 0x20, 0xf2, 0x2, 0x6f, 0x22,
    0x21, 0xb7, 0xf, 0x20, 0x9, 0xc2, 0x22, 0xb,
    0x70, 0xf2, 0x0, 0xee, 0xee, 0xf1, 0xb7, 0xf,
    0x20, 0x7d, 0x0, 0x5d, 0xb, 0x70, 0xf2, 0x1f,
    0x54, 0xa, 0x90, 0xb7, 0xf, 0x20, 0x53, 0xf9,
    0xf3, 0xb, 0x70, 0xf2, 0x0, 0x3, 0xfb, 0x0,
    0xa7, 0xf, 0x20, 0x0, 0x7f, 0x20, 0x0, 0x0,
    0xf2, 0x1, 0xaf, 0x30, 0x0, 0x2, 0x3f, 0x20,
    0x9b, 0x20, 0x0, 0x0, 0xaf, 0xb0, 0x0, 0x0,
    0x0, 0x0, 0x0, 0x0, 0x0,

    /* U+5230 "到" */
    0x0, 0x0, 0x0, 0x0, 0x0, 0x3e, 0x1f, 0xff,
    0xff, 0xf9, 0x94, 0x3e, 0x0, 0x7d, 0x18, 0x10,
    0xc5, 0x3e, 0x1, 0xe3, 0xa, 0x90, 0xc5, 0x3e,
    0xa, 0xfe, 0xff, 0xf4, 0xc5, 0x3e, 0x3, 0x44,
    0x70, 0x41, 0xc5, 0x3e, 0x2, 0x26, 0xd2, 0x20,
    0xc5, 0x3e, 0xa, 0xde, 0xfd, 0xd4, 0xc5, 0x3e,
    0x0, 0x4, 0xd0, 0x0, 0xc5, 0x3e, 0x0, 0x4,
    0xe6, 0x95, 0x0, 0x3e, 0x19, 0xcf, 0xfc, 0x93,
    0x2, 0x6e, 0x9, 0x63, 0x0, 0x0, 0xe, 0xf8,
    0x0, 0x0, 0x0, 0x0, 0x0, 0x0,

    /* U+5236 "制" */
    0x2, 0x93, 0xe0, 0x0, 0x0, 0xe, 0x20, 0x7d,
    0x7f, 0x44, 0x24, 0xc0, 0xf2, 0xd, 0xdd, 0xfc,
    0xc5, 0x4d, 0xf, 0x22, 0xd0, 0x3f, 0x0, 0x4,
    0xd0, 0xf2, 0x4f, 0xff, 0xff, 0xfe, 0x4d, 0xf,
    0x20, 0x11, 0x4f, 0x11, 0x14, 0xd0, 0xf2, 0x8,
    0xbc, 0xfb, 0xb6, 0x4d, 0xf, 0x20, 0xb9, 0x7f,
    0x5b, 0x84, 0xd0, 0xf2, 0xb, 0x53, 0xe0, 0x88,
    0x13, 0xf, 0x20, 0xb5, 0x3e, 0x9, 0x80, 0x0,
    0xf2, 0xb, 0x53, 0xe8, 0xe5, 0x2, 0x3f, 0x20,
    0x0, 0x3e, 0x0, 0x0, 0xbf, 0xb0, 0x0, 0x0,
    0x0, 0x0, 0x0, 0x0, 0x0,

    /* U+5237 "刷" */
    0x0, 0x0, 0x0, 0x0, 0x0, 0x3e, 0xd, 0xff,
    0xff, 0xf3, 0x51, 0x3e, 0xd, 0x41, 0x11, 0xe3,
    0xe2, 0x3e, 0xd, 0xa8, 0x88, 0xf3, 0xe2, 0x3e,
    0xd, 0xa8, 0xf9, 0x81, 0xe2, 0x3e, 0xe, 0x53,
    0xf4, 0x30, 0xe2, 0x3e, 0xe, 0xdd, 0xfd, 0xe4,
    0xe2, 0x3e, 0xf, 0xc2, 0xe1, 0xa4, 0xe2, 0x3e,
    0x1f, 0xb2, 0xe1, 0xa4, 0xe2, 0x3e, 0x4d, 0xb2,
    0xe3, 0xc4, 0x0, 0x3e, 0x99, 0x92, 0xe8, 0xa1,
    0x13, 0x7e, 0x52, 0x0, 0xe1, 0x0, 0x1f, 0xe8,

    /* U+523B "刻" */
    0x0, 0x0, 0x10, 0x0, 0x0, 0x0, 0x0, 0x0,
    0x7c, 0x0, 0x0, 0x0, 0xf2, 0x2, 0x24, 0xf4,
    0x22, 0x13, 0xf, 0x22, 0xff, 0xff, 0xff, 0xe4,
    0xd0, 0xf2, 0x0, 0x3e, 0x20, 0x20, 0x4d, 0xf,
    0x20, 0x2e, 0x51, 0x8c, 0x4, 0xd0, 0xf2, 0xc,
    0xff, 0xff, 0x20, 0x4d, 0xf, 0x20, 0x10, 0x5f,
    0x47, 0x84, 0xd0, 0xf2, 0x0, 0x8e, 0x43, 0xf3,
    0x4d, 0xf, 0x20, 0xcc, 0x14, 0xf6, 0x4, 0xc0,
    0xf2, 0x2, 0x7, 0xfe, 0x90, 0x0, 0xf, 0x20,
    0x5c, 0xe4, 0x1c, 0xb0, 0x13, 0xf2, 0xc, 0x81,
    0x0, 0x3, 0xd, 0xfb, 0x0, 0x0, 0x0, 0x0,
    0x0, 0x0, 0x0,

    /* U+524D "前" */
    0x0, 0xb, 0x40, 0x0, 0xb, 0x50, 0x0, 0x0,
    0x8e, 0x0, 0x6, 0xf1, 0x0, 0x1e, 0xee, 0xfe,
    0xee, 0xff, 0xee, 0x70, 0x33, 0x33, 0x33, 0x33,
    0x33, 0x31, 0x4, 0xee, 0xee, 0x81, 0xe0, 0x7b,
    0x0, 0x4d, 0x0, 0x98, 0x1f, 0x7, 0xb0, 0x4,
    0xfe, 0xef, 0x81, 0xf0, 0x7b, 0x0, 0x4d, 0x0,
    0x98, 0x1f, 0x7, 0xb0, 0x4, 0xfd, 0xdf, 0x81,
    0xf0, 0x7b, 0x0, 0x4d, 0x0, 0xa8, 0x6, 0x7,
    0xb0, 0x4, 0xc0, 0xa, 0x80, 0x1, 0x9b, 0x0,
    0x4c, 0xe, 0xe4, 0x2, 0xfe, 0x60, 0x0, 0x0,
    0x0, 0x0, 0x0, 0x0, 0x0,

    /* U+529F "功" */
    0x0, 0x0, 0x0, 0x2, 0xf0, 0x0, 0x1, 0x99,
    0x99, 0x60, 0x3f, 0x0, 0x0, 0x1a, 0xcf, 0xa7,
    0x3, 0xf0, 0x0, 0x0, 0x4, 0xe0, 0x3f, 0xff,
    0xff, 0xf6, 0x0, 0x4e, 0x0, 0x16, 0xe1, 0x1d,
    0x50, 0x4, 0xe0, 0x0, 0x6c, 0x0, 0xe4, 0x0,
    0x4e, 0x0, 0x9, 0xa0, 0xe, 0x40, 0x4, 0xe6,
    0x90, 0xd6, 0x0, 0xf3, 0x1a, 0xef, 0xd8, 0x3f,
    0x20, 0x1f, 0x21, 0xb6, 0x10, 0xd, 0x90, 0x3,
    0xf0, 0x0, 0x0, 0x1c, 0xe1, 0x22, 0x8d, 0x0,
    0x0, 0x7, 0xc1, 0x8, 0xff, 0x60, 0x0, 0x0,
    0x0, 0x0, 0x0, 0x0, 0x0,

    /* U+52A8 "动" */
    0x0, 0x0, 0x0, 0x0, 0x6c, 0x0, 0x0, 0x9f,
    0xff, 0xf5, 0x6, 0xc0, 0x0, 0x1, 0x11, 0x11,
    0x11, 0x7c, 0x11, 0x0, 0x0, 0x0, 0x3, 0xff,
    0xff, 0xf6, 0x1f, 0xff, 0xff, 0x90, 0x8a, 0xc,
    0x60, 0x28, 0xc2, 0x21, 0x9, 0x90, 0xd5, 0x0,
    0xb6, 0x29, 0x0, 0xb7, 0xd, 0x50, 0xf, 0x10,
    0xe2, 0xf, 0x40, 0xe4, 0x5, 0xc3, 0x7e, 0x73,
    0xf0, 0xf, 0x30, 0xdf, 0xfb, 0xab, 0xaa, 0x1,
    0xf2, 0x6, 0x40, 0x0, 0x5f, 0x42, 0x6f, 0x0,
    0x0, 0x0, 0xa, 0x71, 0xff, 0x80, 0x0, 0x0,
    0x0, 0x0, 0x0, 0x0, 0x0,

    /* U+533A "区" */
    0xef, 0xff, 0xff, 0xff, 0xff, 0xd0, 0xe6, 0x22,
    0x22, 0x22, 0x52, 0x20, 0xe4, 0x58, 0x0, 0x5,
    0xf1, 0x0, 0xe4, 0x2d, 0xb0, 0x2f, 0x50, 0x0,
    0xe4, 0x1, 0xbd, 0xd9, 0x0, 0x0, 0xe4, 0x0,
    0x1e, 0xf4, 0x0, 0x0, 0xe4, 0x2, 0xdc, 0x9f,
    0x40, 0x0, 0xe4, 0x6f, 0xa0, 0x8, 0xf4, 0x0,
    0xe4, 0xa6, 0x0, 0x0, 0x95, 0x0, 0xe7, 0x44,
    0x44, 0x44, 0x44, 0x40, 0xcd, 0xdd, 0xdd, 0xdd,
    0xdd, 0xd2,

    /* U+5355 "单" */
    0x0, 0x0, 0x0, 0x0, 0x0, 0x0, 0x0, 0x0,
    0x8a, 0x0, 0x1, 0xe4, 0x0, 0x0, 0x2, 0xf5,
    0x0, 0xac, 0x0, 0x0, 0xc, 0xef, 0xee, 0xef,
    0xfe, 0x50, 0x0, 0xe5, 0x11, 0xf5, 0x11, 0xd6,
    0x0, 0xe, 0xdb, 0xbf, 0xdb, 0xbf, 0x60, 0x0,
    0xe6, 0x22, 0xf6, 0x22, 0xd6, 0x0, 0xe, 0x63,
    0x3f, 0x63, 0x3d, 0x60, 0x0, 0xbc, 0xcc, 0xfd,
    0xcc, 0xc5, 0x0, 0x22, 0x22, 0x2f, 0x62, 0x22,
    0x21, 0x1f, 0xff, 0xff, 0xff, 0xff, 0xff, 0x70,
    0x0, 0x0, 0xf, 0x40, 0x0, 0x0, 0x0, 0x0,
    0x0, 0xf4, 0x0, 0x0, 0x0,

    /* U+5360 "占" */
    0x0, 0x0, 0x4e, 0x0, 0x0, 0x0, 0x0, 0x0,
    0x4e, 0x0, 0x0, 0x0, 0x0, 0x0, 0x4f, 0xcc,
    0xcc, 0xc0, 0x0, 0x0, 0x4f, 0x44, 0x44, 0x40,
    0x0, 0x0, 0x4e, 0x0, 0x0, 0x0, 0x0, 0x0,
    0x5e, 0x0, 0x0, 0x0, 0xf, 0xff, 0xff, 0xff,
    0xff, 0x0, 0xf, 0x31, 0x11, 0x11, 0x4f, 0x0,
    0xf, 0x20, 0x0, 0x0, 0x3f, 0x0, 0xf, 0x20,
    0x0, 0x0, 0x3f, 0x0, 0xf, 0xff, 0xff, 0xff,
    0xff, 0x0, 0xf, 0x53, 0x33, 0x33, 0x5e, 0x0,

    /* U+5361 "卡" */
    0x0, 0x0, 0x5, 0xe0, 0x0, 0x0, 0x0, 0x0,
    0x0, 0x5e, 0x33, 0x33, 0x0, 0x0, 0x0, 0x5,
    0xff, 0xff, 0xf0, 0x0, 0x0, 0x0, 0x5e, 0x0,
    0x0, 0x0, 0x3, 0x33, 0x37, 0xe3, 0x33, 0x33,
    0x11, 0xff, 0xff, 0xff, 0xff, 0xff, 0xf7, 0x0,
    0x0, 0x4, 0xe0, 0x0, 0x0, 0x0, 0x0, 0x0,
    0x4e, 0x86, 0x10, 0x0, 0x0, 0x0, 0x4, 0xf5,
    0xcf, 0x92, 0x0, 0x0, 0x0, 0x4e, 0x0, 0x3b,
    0x60, 0x0, 0x0, 0x4, 0xe0, 0x0, 0x0, 0x0,
    0x0, 0x0, 0x4e, 0x0, 0x0, 0x0,

    /* U+538B "压" */
    0xb, 0xff, 0xff, 0xff, 0xff, 0xff, 0x10, 0xb8,
    0x22, 0x29, 0xb2, 0x22, 0x20, 0xb, 0x60, 0x0,
    0x8b, 0x0, 0x0, 0x0, 0xb6, 0x0, 0x8, 0xb0,
    0x0, 0x0, 0xb, 0x6e, 0xff, 0xff, 0xff, 0xf6,
    0x0, 0xc5, 0x22, 0x29, 0xc2, 0x32, 0x10, 0xd,
    0x40, 0x0, 0x8b, 0x2e, 0x20, 0x0, 0xf2, 0x0,
    0x8, 0xb0, 0x6e, 0x0, 0x2f, 0x0, 0x0, 0x8b,
    0x0, 0x20, 0x8, 0xb9, 0xdd, 0xde, 0xfd, 0xdd,
    0xd0, 0x54, 0x24, 0x44, 0x44, 0x44, 0x44, 0x0,

    /* U+53CA "及" */
    0x9, 0xff, 0xff, 0xff, 0xf5, 0x0, 0x0, 0x23,
    0x8e, 0x33, 0x5f, 0x10, 0x0, 0x0, 0x6, 0xf2,
    0x5, 0xe2, 0x21, 0x0, 0x0, 0x7f, 0x80, 0xaf,
    0xff, 0xd0, 0x0, 0x9, 0xee, 0x0, 0x0, 0xb8,
    0x0, 0x0, 0xc8, 0xc8, 0x0, 0x3f, 0x20, 0x0,
    0x1f, 0x44, 0xf5, 0xc, 0x90, 0x0, 0x8, 0xe0,
    0x8, 0xfb, 0xd0, 0x0, 0x3, 0xf6, 0x0, 0x2f,
    0xf9, 0x0, 0x1, 0xec, 0x4, 0x9f, 0xa6, 0xee,
    0x93, 0x9, 0x10, 0xba, 0x30, 0x0, 0x6c, 0x40,
    0x0, 0x0, 0x0, 0x0, 0x0, 0x0,

    /* U+53D1 "发" */
    0x0, 0x27, 0x3, 0xd1, 0x19, 0x10, 0x0, 0x7,
    0xc0, 0x6f, 0x0, 0xac, 0x0, 0x0, 0xe7, 0xa,
    0xc0, 0x1, 0x81, 0x0, 0x6f, 0xff, 0xff, 0xff,
    0xff, 0xf1, 0x0, 0x21, 0x4f, 0x41, 0x11, 0x11,
    0x0, 0x0, 0x9, 0xfe, 0xee, 0xec, 0x0, 0x0,
    0x2, 0xff, 0x54, 0x4d, 0xa0, 0x0, 0x0, 0xcb,
    0xbb, 0x7, 0xf2, 0x0, 0x0, 0xbd, 0x10, 0xdb,
    0xf6, 0x0, 0x3, 0xdd, 0x20, 0x1b, 0xfe, 0x40,
    0x0, 0x18, 0x4, 0xaf, 0xc4, 0x8f, 0xd8, 0x20,
    0x0, 0x59, 0x30, 0x0, 0x16, 0xb1,

    /* U+53D8 "变" */
    0x0, 0x0, 0x0, 0x20, 0x0, 0x0, 0x0, 0x0,
    0x0, 0x3f, 0x20, 0x0, 0x0, 0xd, 0xdd, 0xdd,
    0xfe, 0xdd, 0xdd, 0x0, 0x35, 0x5b, 0xb3, 0xbb,
    0x53, 0x30, 0x0, 0xb8, 0x99, 0x9, 0x9c, 0x90,
    0x0, 0x7d, 0x9, 0x90, 0x99, 0x1d, 0x80, 0x5,
    0x20, 0x99, 0x9, 0x90, 0x25, 0x0, 0x13, 0x33,
    0x33, 0x33, 0x31, 0x0, 0x3, 0xdf, 0xdc, 0xcc,
    0xdf, 0x80, 0x0, 0x0, 0xac, 0x0, 0xb, 0xc0,
    0x0, 0x0, 0x0, 0x9e, 0x7e, 0xa0, 0x0, 0x0,
    0x3, 0x6a, 0xff, 0xf9, 0x41, 0x0, 0x1f, 0xfc,
    0x83, 0x3, 0x9d, 0xfe, 0x20, 0x20, 0x0, 0x0,
    0x0, 0x0, 0x20,

    /* U+53E3 "口" */
    0x26, 0x66, 0x66, 0x66, 0x66, 0x25, 0xfd, 0xdd,
    0xdd, 0xdd, 0xf6, 0x5e, 0x0, 0x0, 0x0, 0xe,
    0x65, 0xe0, 0x0, 0x0, 0x0, 0xe6, 0x5e, 0x0,
    0x0, 0x0, 0xe, 0x65, 0xe0, 0x0, 0x0, 0x0,
    0xe6, 0x5e, 0x0, 0x0, 0x0, 0xe, 0x65, 0xe0,
    0x0, 0x0, 0x0, 0xe6, 0x5f, 0x55, 0x55, 0x55,
    0x5f, 0x65, 0xfd, 0xdd, 0xdd, 0xdd, 0xf6, 0x5e,
    0x0, 0x0, 0x0, 0xe, 0x50,

    /* U+53EA "只" */
    0x0, 0xef, 0xff, 0xff, 0xff, 0xf0, 0x0, 0xf,
    0x62, 0x22, 0x22, 0x6f, 0x0, 0x0, 0xf4, 0x0,
    0x0, 0x4, 0xf0, 0x0, 0xf, 0x40, 0x0, 0x0,
    0x4f, 0x0, 0x0, 0xf5, 0x11, 0x11, 0x16, 0xf0,
    0x0, 0xf, 0xff, 0xff, 0xff, 0xff, 0x0, 0x0,
    0x0, 0x0, 0x0, 0x0, 0x0, 0x0, 0x0, 0x2c,
    0x30, 0x1c, 0x40, 0x0, 0x0, 0x2e, 0xb0, 0x0,
    0x7f, 0x60, 0x0, 0x5f, 0xa0, 0x0, 0x0, 0x5f,
    0x70, 0x1c, 0x60, 0x0, 0x0, 0x0, 0x5c, 0x0,
    0x0, 0x0, 0x0, 0x0, 0x0, 0x0,

    /* U+53EF "可" */
    0x0, 0x0, 0x0, 0x0, 0x0, 0x0, 0x1, 0xff,
    0xff, 0xff, 0xff, 0xff, 0xf7, 0x3, 0x33, 0x33,
    0x33, 0x37, 0xf3, 0x10, 0x1, 0x11, 0x11, 0x0,
    0x5e, 0x0, 0x0, 0xcf, 0xff, 0xf8, 0x5, 0xe0,
    0x0, 0xc, 0x60, 0xa, 0x80, 0x5e, 0x0, 0x0,
    0xc5, 0x0, 0xa8, 0x5, 0xe0, 0x0, 0xc, 0x73,
    0x3b, 0x80, 0x5e, 0x0, 0x0, 0xcf, 0xff, 0xf8,
    0x5, 0xe0, 0x0, 0xa, 0x40, 0x0, 0x0, 0x5e,
    0x0, 0x0, 0x0, 0x0, 0x4, 0x49, 0xe0, 0x0,
    0x0, 0x0, 0x0, 0xcf, 0xe7, 0x0,

    /* U+53F0 "台" */
    0x0, 0x0, 0x0, 0x0, 0x0, 0x0, 0x0, 0x5c,
    0x0, 0x0, 0x0, 0x0, 0x2f, 0x60, 0x14, 0x0,
    0x0, 0xc, 0x90, 0x4, 0xf5, 0x0, 0xb, 0xa0,
    0x0, 0x16, 0xf5, 0xb, 0xff, 0xff, 0xff, 0xfe,
    0xf2, 0x45, 0x43, 0x21, 0x0, 0xa, 0x50, 0x44,
    0x44, 0x44, 0x44, 0x10, 0xe, 0xed, 0xdd, 0xdd,
    0xf5, 0x0, 0xe4, 0x0, 0x0, 0xe, 0x50, 0xe,
    0x40, 0x0, 0x0, 0xe5, 0x0, 0xef, 0xff, 0xff,
    0xff, 0x50, 0xe, 0x73, 0x33, 0x33, 0xe5, 0x0,

    /* U+53F3 "右" */
    0x0, 0x0, 0x8, 0x30, 0x0, 0x0, 0x0, 0x0,
    0x1, 0xf3, 0x0, 0x0, 0x0, 0x5, 0x55, 0x8f,
    0x65, 0x55, 0x55, 0x11, 0xcc, 0xcf, 0xec, 0xcc,
    0xcc, 0xc2, 0x0, 0x3, 0xf2, 0x0, 0x0, 0x0,
    0x0, 0x0, 0xca, 0x11, 0x11, 0x11, 0x0, 0x0,
    0x7f, 0xff, 0xff, 0xff, 0xf4, 0x0, 0x7f, 0xcb,
    0x11, 0x11, 0x1f, 0x40, 0x5f, 0x48, 0xa0, 0x0,
    0x0, 0xf4, 0x0, 0x20, 0x8a, 0x0, 0x0, 0xf,
    0x40, 0x0, 0x8, 0xff, 0xff, 0xff, 0xf4, 0x0,
    0x0, 0x8b, 0x33, 0x33, 0x3e, 0x40,

    /* U+5408 "合" */
    0x0, 0x0, 0x0, 0x0, 0x0, 0x0, 0x0, 0x0,
    0x0, 0xa, 0xb0, 0x0, 0x0, 0x0, 0x0, 0x9,
    0xfe, 0x40, 0x0, 0x0, 0x0, 0x1b, 0xd2, 0x6f,
    0x80, 0x0, 0x1, 0x8f, 0xc1, 0x0, 0x3e, 0xd6,
    0x1, 0xef, 0xdf, 0xee, 0xee, 0xf9, 0xf9, 0x5,
    0x11, 0x22, 0x22, 0x22, 0x2, 0x10, 0x0, 0x11,
    0x11, 0x11, 0x11, 0x0, 0x0, 0x4f, 0xff, 0xff,
    0xff, 0xe0, 0x0, 0x4, 0xe0, 0x0, 0x0, 0x5e,
    0x0, 0x0, 0x4e, 0x0, 0x0, 0x5, 0xe0, 0x0,
    0x4, 0xff, 0xff, 0xff, 0xfe, 0x0, 0x0, 0x4e,
    0x22, 0x22, 0x26, 0xe0, 0x0,

    /* U+540C "同" */
    0xef, 0xff, 0xff, 0xff, 0xff, 0xee, 0x52, 0x22,
    0x22, 0x22, 0x5e, 0xe3, 0xcd, 0xdd, 0xdd, 0x73,
    0xee, 0x30, 0x0, 0x0, 0x0, 0x3e, 0xe3, 0x4f,
    0xff, 0xfe, 0x3, 0xee, 0x34, 0xd0, 0x3, 0xe0,
    0x3e, 0xe3, 0x4d, 0x0, 0x2e, 0x3, 0xee, 0x34,
    0xfc, 0xcd, 0xe0, 0x3e, 0xe3, 0x4d, 0x33, 0x33,
    0x3, 0xee, 0x30, 0x10, 0x0, 0x12, 0x6e, 0xe3,
    0x0, 0x0, 0x4, 0xfe, 0x80,

    /* U+540E "后" */
    0x0, 0x0, 0x1, 0x24, 0x7a, 0xa0, 0x0, 0xc,
    0xef, 0xfe, 0xdb, 0x85, 0x10, 0x0, 0xf5, 0x10,
    0x0, 0x0, 0x0, 0x0, 0xf, 0x53, 0x33, 0x33,
    0x33, 0x31, 0x1, 0xff, 0xff, 0xff, 0xff, 0xff,
    0x60, 0x2f, 0x20, 0x0, 0x0, 0x0, 0x0, 0x3,
    0xf0, 0x44, 0x44, 0x44, 0x41, 0x0, 0x4f, 0xe,
    0xdc, 0xcc, 0xcf, 0x50, 0x7, 0xd0, 0xe4, 0x0,
    0x0, 0xe5, 0x0, 0xc9, 0xe, 0x40, 0x0, 0xe,
    0x50, 0x5f, 0x30, 0xef, 0xff, 0xff, 0xf5, 0x2,
    0xa0, 0xe, 0x62, 0x22, 0x2e, 0x50, 0x0, 0x0,
    0x0, 0x0, 0x0, 0x0, 0x0,

    /* U+542B "含" */
    0x0, 0x0, 0x4, 0xc0, 0x0, 0x0, 0x0, 0x0,
    0x4, 0xfe, 0x80, 0x0, 0x0, 0x0, 0x18, 0xf6,
    0x1c, 0xb2, 0x0, 0x1, 0x9f, 0xd3, 0xb9, 0x9,
    0xfc, 0x50, 0x6d, 0x60, 0x1, 0xb4, 0x2, 0x9c,
    0x0, 0xb, 0xff, 0xff, 0xff, 0xc0, 0x0, 0x0,
    0x0, 0x0, 0x5, 0xf3, 0x0, 0x0, 0x3, 0x33,
    0x34, 0xf9, 0x31, 0x0, 0x0, 0xfe, 0xdd, 0xdd,
    0xdf, 0x50, 0x0, 0xf, 0x30, 0x0, 0x0, 0xe5,
    0x0, 0x0, 0xfd, 0xdd, 0xdd, 0xdf, 0x50, 0x0,
    0xf, 0x63, 0x33, 0x33, 0xe5, 0x0,

    /* U+542C "听" */
    0x0, 0x0, 0x0, 0x0, 0x0, 0x0, 0x0, 0x0,
    0x0, 0x3, 0x8d, 0x70, 0xff, 0xfe, 0xb, 0xfd,
    0xa5, 0x10, 0xf5, 0x6e, 0xd, 0x60, 0x0, 0x0,
    0xf2, 0x4e, 0xd, 0x60, 0x0, 0x0, 0xf2, 0x4e,
    0xd, 0xff, 0xff, 0xf4, 0xf2, 0x4e, 0xe, 0x83,
    0x7f, 0x31, 0xf2, 0x4e, 0xf, 0x40, 0x4e, 0x0,
    0xf5, 0x6e, 0xf, 0x20, 0x4e, 0x0, 0xff, 0xfe,
    0x3f, 0x10, 0x4e, 0x0, 0xa1, 0x0, 0x7d, 0x0,
    0x4e, 0x0, 0x0, 0x0, 0xd8, 0x0, 0x4e, 0x0,
    0x0, 0x0, 0xb1, 0x0, 0x4e, 0x0, 0x0, 0x0,
    0x0, 0x0, 0x0, 0x0,

    /* U+548C "和" */
    0x0, 0x25, 0x9e, 0x30, 0x0, 0x0, 0xd, 0xde,
    0xb3, 0xe, 0xee, 0xee, 0x0, 0xa, 0x80, 0xf,
    0x63, 0x6f, 0x1, 0x1b, 0x91, 0xf, 0x30, 0x3f,
    0x1f, 0xff, 0xff, 0x9f, 0x30, 0x3f, 0x0, 0x3f,
    0xc0, 0xf, 0x30, 0x3f, 0x0, 0xaf, 0xfa, 0xf,
    0x30, 0x3f, 0x4, 0xeb, 0x8c, 0x6f, 0x30, 0x3f,
    0x1e, 0x6a, 0x82, 0x1f, 0x30, 0x3f, 0x2a, 0xa,
    0x80, 0xf, 0xff, 0xff, 0x0, 0xa, 0x80, 0xf,
    0x63, 0x6f, 0x0, 0xa, 0x80, 0x3, 0x0, 0x1,

    /* U+5668 "器" */
    0x1, 0xff, 0xff, 0xa, 0xff, 0xf9, 0x0, 0x1f,
    0x2, 0xf0, 0xa7, 0x9, 0x90, 0x1, 0xff, 0xff,
    0xa, 0xff, 0xf9, 0x0, 0x0, 0x0, 0x9b, 0xa,
    0xb1, 0x0, 0x4, 0x44, 0x5f, 0x94, 0x5d, 0xa4,
    0x20, 0xcc, 0xdf, 0xdc, 0xcf, 0xdc, 0xc6, 0x0,
    0x6e, 0x70, 0x0, 0x5e, 0x82, 0x2, 0xff, 0xff,
    0xf0, 0xaf, 0xff, 0xf8, 0x3, 0xf1, 0x3f, 0xa,
    0x80, 0x9a, 0x0, 0x1f, 0x3, 0xf0, 0xa7, 0x9,
    0x90, 0x1, 0xff, 0xfe, 0xa, 0xff, 0xf8, 0x0,

    /* U+56DE "回" */
    0xef, 0xff, 0xff, 0xff, 0xff, 0xee, 0x73, 0x33,
    0x33, 0x33, 0x8e, 0xe5, 0x2, 0x22, 0x22, 0x5,
    0xee, 0x51, 0xfe, 0xee, 0xf0, 0x5e, 0xe5, 0x1f,
    0x0, 0x2f, 0x5, 0xee, 0x51, 0xf0, 0x2, 0xf0,
    0x5e, 0xe5, 0x1f, 0xee, 0xef, 0x5, 0xee, 0x50,
    0x22, 0x22, 0x20, 0x5e, 0xe5, 0x0, 0x0, 0x0,
    0x5, 0xee, 0xff, 0xff, 0xff, 0xff, 0xfe, 0xe7,
    0x22, 0x22, 0x22, 0x27, 0xe0,

    /* U+56F4 "围" */
    0xef, 0xff, 0xff, 0xff, 0xff, 0xfe, 0x31, 0x11,
    0xb3, 0x11, 0x4f, 0xe3, 0xce, 0xef, 0xee, 0xe5,
    0xfe, 0x30, 0x0, 0xf3, 0x0, 0x3f, 0xe3, 0x3e,
    0xef, 0xee, 0xa3, 0xfe, 0x32, 0x22, 0xf4, 0x22,
    0x4f, 0xe3, 0xdd, 0xdf, 0xdd, 0xf7, 0xfe, 0x30,
    0x0, 0xe3, 0x5e, 0x4f, 0xe3, 0x0, 0xd, 0x37,
    0x43, 0xfe, 0xdc, 0xcc, 0xcc, 0xcc, 0xdf, 0xe5,
    0x22, 0x22, 0x22, 0x25, 0xf0,

    /* U+56FA "固" */
    0xef, 0xff, 0xff, 0xff, 0xff, 0xee, 0x61, 0x13,
    0xc2, 0x11, 0x6e, 0xe4, 0x11, 0x3f, 0x21, 0x15,
    0xee, 0x4c, 0xdd, 0xfd, 0xdd, 0x5e, 0xe4, 0x0,
    0x1f, 0x0, 0x5, 0xee, 0x42, 0xfe, 0xee, 0xf3,
    0x5e, 0xe4, 0x2e, 0x0, 0xe, 0x35, 0xee, 0x42,
    0xfa, 0xaa, 0xf3, 0x5e, 0xe4, 0x2, 0x22, 0x22,
    0x5, 0xee, 0xed, 0xdd, 0xdd, 0xdd, 0xee, 0xe7,
    0x33, 0x33, 0x33, 0x38, 0xe0,

    /* U+56FE "图" */
    0xef, 0xff, 0xff, 0xff, 0xff, 0xee, 0x41, 0x3d,
    0x21, 0x11, 0x5e, 0xe3, 0x2d, 0xee, 0xef, 0x84,
    0xee, 0x6e, 0xbb, 0x3a, 0xb0, 0x4e, 0xe3, 0x13,
    0xdf, 0xe4, 0x4, 0xee, 0x9e, 0xc9, 0x25, 0xae,
    0x9e, 0xe4, 0x10, 0x8c, 0xb2, 0x4, 0xee, 0x32,
    0xc9, 0x76, 0x0, 0x4e, 0xe3, 0x1, 0x36, 0xae,
    0x14, 0xee, 0xdc, 0xcc, 0xcc, 0xcc, 0xde, 0xe7,
    0x44, 0x44, 0x44, 0x47, 0xe0,

    /* U+5706 "圆" */
    0xef, 0xff, 0xff, 0xff, 0xff, 0xfe, 0x38, 0xdc,
    0xcc, 0xd3, 0x4f, 0xe3, 0x99, 0x44, 0x4e, 0x34,
    0xfe, 0x34, 0x77, 0x77, 0x71, 0x4f, 0xe3, 0xde,
    0xee, 0xee, 0x84, 0xfe, 0x3e, 0x20, 0x30, 0x98,
    0x4f, 0xe3, 0xe2, 0xf, 0x9, 0x84, 0xfe, 0x34,
    0x2a, 0xdb, 0x72, 0x4f, 0xe7, 0xcf, 0xa1, 0x5d,
    0xd4, 0xfe, 0x79, 0x53, 0x33, 0x38, 0x6f, 0xed,
    0xcc, 0xcc, 0xcc, 0xcd, 0xf0,

    /* U+5728 "在" */
    0x0, 0x0, 0x2c, 0x10, 0x0, 0x0, 0x0, 0x0,
    0x8, 0xd0, 0x0, 0x0, 0x0, 0x2f, 0xff, 0xff,
    0xff, 0xff, 0xff, 0x20, 0x22, 0x8e, 0x22, 0x22,
    0x22, 0x20, 0x0, 0x1f, 0x60, 0x4, 0xd0, 0x0,
    0x0, 0xc, 0xc0, 0x0, 0x4e, 0x0, 0x0, 0x1c,
    0xfa, 0x1f, 0xff, 0xff, 0xfa, 0x5, 0xdb, 0xa0,
    0x22, 0x6e, 0x22, 0x10, 0x1, 0x9a, 0x0, 0x4,
    0xe0, 0x0, 0x0, 0x9, 0xa0, 0x0, 0x4e, 0x0,
    0x0, 0x0, 0x9a, 0x12, 0x26, 0xe2, 0x22, 0x0,
    0x9, 0xa9, 0xff, 0xff, 0xff, 0xf2,

    /* U+5730 "地" */
    0x0, 0x0, 0x0, 0x0, 0x20, 0x0, 0x0, 0xe,
    0x30, 0x0, 0xe, 0x30, 0x0, 0x0, 0xe3, 0x2,
    0x50, 0xe3, 0x0, 0x0, 0xe, 0x30, 0x4d, 0xe,
    0x35, 0x70, 0x7f, 0xff, 0xa4, 0xd2, 0xff, 0xed,
    0x1, 0x3f, 0x52, 0x6f, 0xff, 0x54, 0xd0, 0x0,
    0xe3, 0xaf, 0xe3, 0xe3, 0x4d, 0x0, 0xe, 0x33,
    0x7d, 0xe, 0x35, 0xc0, 0x0, 0xe6, 0x54, 0xd0,
    0xe4, 0x8b, 0x2, 0x7f, 0xf8, 0x4d, 0xc, 0x6b,
    0x50, 0x6d, 0x71, 0x4, 0xd0, 0x0, 0xa, 0x50,
    0x0, 0x0, 0x4e, 0x21, 0x11, 0xe4, 0x0, 0x0,
    0x0, 0xcf, 0xff, 0xfb, 0x0,

    /* U+573A "场" */
    0x0, 0xe3, 0x0, 0x0, 0x0, 0x0, 0x0, 0xe,
    0x33, 0xff, 0xff, 0xfb, 0x0, 0x0, 0xe3, 0x2,
    0x24, 0xd9, 0x0, 0x5, 0xbf, 0xc6, 0x18, 0xd4,
    0x0, 0x0, 0x13, 0xf5, 0x2f, 0xff, 0xff, 0xff,
    0x20, 0xe, 0x30, 0x35, 0xe4, 0xf5, 0xf1, 0x0,
    0xe3, 0x0, 0xa7, 0x7b, 0x3f, 0x0, 0xe, 0x32,
    0x7e, 0x1e, 0x54, 0xe0, 0x3, 0xff, 0xce, 0x26,
    0xd0, 0x6d, 0x7, 0xfb, 0x40, 0x2, 0xe4, 0x8,
    0xb0, 0x12, 0x0, 0x2, 0xd7, 0x12, 0xd8, 0x0,
    0x0, 0x0, 0xb7, 0x5, 0xfd, 0x20, 0x0, 0x0,
    0x0, 0x0, 0x0, 0x0, 0x0,

    /* U+578B "型" */
    0x0, 0x0, 0x0, 0x0, 0x0, 0x4d, 0x0, 0x7f,
    0xff, 0xff, 0x5a, 0x64, 0xd0, 0x0, 0x6c, 0x1d,
    0x50, 0xa6, 0x4d, 0x0, 0xdf, 0xff, 0xff, 0x9a,
    0x64, 0xd0, 0x1, 0xa9, 0x1d, 0x61, 0xa6, 0x4d,
    0x0, 0x1e, 0x40, 0xd4, 0x3, 0x24, 0xd0, 0xc,
    0xa0, 0xd, 0x50, 0xa, 0xdb, 0x0, 0x20, 0x0,
    0x1e, 0x60, 0x33, 0x0, 0x0, 0xcf, 0xff, 0xff,
    0xff, 0xf3, 0x0, 0x1, 0x11, 0x1d, 0x61, 0x11,
    0x0, 0x5, 0x55, 0x55, 0xe9, 0x55, 0x55, 0x21,
    0xcc, 0xcc, 0xcc, 0xcc, 0xcc, 0xc6,

    /* U+57DF "域" */
    0x0, 0x0, 0x0, 0x0, 0x11, 0x0, 0x0, 0x2f,
    0x0, 0x0, 0xb, 0x7d, 0x40, 0x2, 0xf0, 0x0,
    0x0, 0xb7, 0x4c, 0x0, 0x2f, 0xe, 0xff, 0xff,
    0xff, 0xf1, 0x5d, 0xfc, 0x10, 0x0, 0xa8, 0x0,
    0x2, 0x6f, 0x48, 0xff, 0xa8, 0x94, 0xa0, 0x2,
    0xf0, 0x86, 0x3b, 0x7a, 0xa8, 0x0, 0x2f, 0x8,
    0x63, 0xb6, 0xcf, 0x30, 0x2, 0xf4, 0x8f, 0xfa,
    0x4f, 0xb0, 0x0, 0x5f, 0xe1, 0x2, 0x64, 0xf4,
    0x0, 0x5f, 0x71, 0xae, 0xea, 0xef, 0x55, 0x10,
    0x10, 0x7, 0x31, 0xcb, 0x8b, 0xb3, 0x0, 0x0,
    0x0, 0x49, 0x0, 0xdc, 0x0,

    /* U+5883 "境" */
    0x0, 0x0, 0x0, 0x0, 0x20, 0x0, 0x0, 0xf,
    0x20, 0x0, 0x5e, 0x0, 0x0, 0x0, 0xf2, 0xc,
    0xff, 0xff, 0xfa, 0x0, 0xf, 0x20, 0x9, 0x40,
    0x77, 0x0, 0x4b, 0xfc, 0x69, 0xdd, 0x9e, 0xb9,
    0x2, 0x6f, 0x83, 0x66, 0x66, 0x66, 0x60, 0x0,
    0xf2, 0x9, 0xec, 0xcc, 0xf5, 0x0, 0xf, 0x20,
    0x9b, 0x77, 0x7e, 0x50, 0x0, 0xf2, 0x9, 0x94,
    0x44, 0xd5, 0x0, 0x1f, 0xd9, 0x7e, 0xfd, 0xfc,
    0x40, 0x5f, 0xd7, 0x10, 0x99, 0x3e, 0x1, 0x2,
    0x40, 0x0, 0x5f, 0x33, 0xe0, 0xa4, 0x0, 0x0,
    0xdd, 0x40, 0x1d, 0xfe, 0x20, 0x0, 0x1, 0x0,
    0x0, 0x0, 0x0,

    /* U+58F0 "声" */
    0x0, 0x0, 0x2, 0xf1, 0x0, 0x0, 0x1, 0xff,
    0xff, 0xff, 0xff, 0xff, 0xf0, 0x0, 0x0, 0x3,
    0xf2, 0x0, 0x0, 0x0, 0x3d, 0xdd, 0xef, 0xed,
    0xdd, 0x60, 0x0, 0x22, 0x22, 0x22, 0x22, 0x21,
    0x0, 0xe, 0xee, 0xee, 0xee, 0xee, 0x30, 0x0,
    0xf3, 0x2, 0xf1, 0x0, 0xf3, 0x0, 0x2f, 0x20,
    0x2f, 0x10, 0xf, 0x30, 0x3, 0xff, 0xff, 0xff,
    0xff, 0xf3, 0x0, 0x8c, 0x0, 0x0, 0x0, 0x6,
    0x10, 0x2f, 0x60, 0x0, 0x0, 0x0, 0x0, 0x4,
    0xa0, 0x0, 0x0, 0x0, 0x0, 0x0,

    /* U+5907 "备" */
    0x0, 0x0, 0x0, 0x0, 0x0, 0x0, 0x0, 0x0,
    0xc, 0xb0, 0x0, 0x0, 0x0, 0x0, 0xa, 0xff,
    0xff, 0xff, 0x50, 0x0, 0x4d, 0xfc, 0x21, 0x4e,
    0xb0, 0x0, 0xa, 0x71, 0xae, 0x9f, 0x80, 0x0,
    0x0, 0x1, 0x6a, 0xfd, 0xfb, 0x63, 0x10, 0x6f,
    0xfc, 0x71, 0x2, 0x8c, 0xff, 0x51, 0x3c, 0xcc,
    0xcc, 0xcc, 0xca, 0x20, 0x0, 0xe7, 0x36, 0xf3,
    0x39, 0xc0, 0x0, 0xe, 0xdc, 0xdf, 0xcc, 0xec,
    0x0, 0x0, 0xe7, 0x25, 0xf3, 0x29, 0xc0, 0x0,
    0xe, 0x73, 0x6f, 0x33, 0x9c, 0x0, 0x0, 0xee,
    0xdd, 0xdd, 0xde, 0xc0, 0x0,

    /* U+590D "复" */
    0x0, 0x0, 0x0, 0x0, 0x0, 0x0, 0x0, 0x1,
    0xe3, 0x0, 0x0, 0x0, 0x0, 0x0, 0xbf, 0xfe,
    0xee, 0xee, 0xec, 0x0, 0xbd, 0x54, 0x44, 0x44,
    0x44, 0x0, 0x1a, 0x5f, 0x99, 0x99, 0x9b, 0xe0,
    0x0, 0x4, 0xfa, 0xaa, 0xaa, 0xce, 0x0, 0x0,
    0x4f, 0x11, 0x11, 0x16, 0xe0, 0x0, 0x4, 0xff,
    0xff, 0xff, 0xfe, 0x0, 0x0, 0x5, 0xf5, 0x22,
    0x23, 0x0, 0x0, 0x7, 0xfe, 0xbb, 0xbd, 0xf7,
    0x0, 0x7, 0xd5, 0xd9, 0x28, 0xf8, 0x0, 0x0,
    0x2, 0x47, 0xff, 0xfa, 0x41, 0x0, 0x5f, 0xfe,
    0xa6, 0x25, 0x9d, 0xff, 0x40, 0x20, 0x0, 0x0,
    0x0, 0x0, 0x10,

    /* U+5916 "外" */
    0x0, 0x0, 0x0, 0x0, 0x0, 0x0, 0x0, 0x4,
    0xe0, 0x0, 0x3f, 0x10, 0x0, 0x0, 0x8c, 0x0,
    0x3, 0xf1, 0x0, 0x0, 0xd, 0xff, 0xfc, 0x3f,
    0x10, 0x0, 0x2, 0xf3, 0x2a, 0xa3, 0xf1, 0x0,
    0x0, 0xab, 0x0, 0xd7, 0x3f, 0xd3, 0x0, 0x4f,
    0x95, 0x2f, 0x33, 0xf9, 0xf4, 0x0, 0x44, 0xed,
    0xd0, 0x3f, 0x18, 0xf3, 0x0, 0x3, 0xf6, 0x3,
    0xf1, 0x7, 0x10, 0x0, 0xbe, 0x0, 0x3f, 0x10,
    0x0, 0x0, 0x8f, 0x30, 0x3, 0xf1, 0x0, 0x2,
    0xcf, 0x60, 0x0, 0x3f, 0x10, 0x0, 0x1a, 0x30,
    0x0, 0x3, 0xf1, 0x0, 0x0,

    /* U+591A "多" */
    0x0, 0x0, 0x0, 0x0, 0x0, 0x0, 0x0, 0x0,
    0x0, 0xbb, 0x0, 0x0, 0x0, 0x0, 0x2, 0xcf,
    0xff, 0xff, 0x30, 0x0, 0x19, 0xf7, 0x11, 0x2d,
    0xa0, 0x0, 0x3, 0xb2, 0xd7, 0x3d, 0xb0, 0x0,
    0x0, 0x0, 0x5, 0xff, 0x94, 0x0, 0x0, 0x3,
    0x7c, 0xf9, 0x4c, 0xd2, 0x11, 0x0, 0x9b, 0x61,
    0x4e, 0xff, 0xff, 0xf1, 0x0, 0x3, 0xaf, 0x60,
    0x2, 0xe6, 0x0, 0x2, 0xe8, 0x4e, 0x43, 0xea,
    0x0, 0x0, 0x0, 0x0, 0x9f, 0xf6, 0x0, 0x0,
    0x24, 0x6a, 0xee, 0x92, 0x0, 0x0, 0xd, 0xec,
    0x94, 0x0, 0x0, 0x0, 0x0, 0x0, 0x0, 0x0,
    0x0, 0x0, 0x0,

    /* U+591C "夜" */
    0x0, 0x0, 0x3, 0x90, 0x0, 0x0, 0x0, 0x55,
    0x55, 0x6f, 0x85, 0x55, 0x51, 0x2c, 0xce, 0xdc,
    0xce, 0xdc, 0xcc, 0x20, 0x0, 0xc8, 0x3, 0xf3,
    0x11, 0x0, 0x0, 0x6e, 0x10, 0xcf, 0xff, 0xfc,
    0x0, 0x2e, 0xa0, 0x7e, 0x53, 0xc, 0x60, 0x2e,
    0xfa, 0x7f, 0xd3, 0xe5, 0xf1, 0x4, 0xb9, 0xa8,
    0x4b, 0x92, 0xd7, 0x0, 0x0, 0x8a, 0x0, 0x1e,
    0xcc, 0x0, 0x0, 0x8, 0xa0, 0x2, 0xdf, 0x90,
    0x0, 0x0, 0x8a, 0x29, 0xfa, 0x4d, 0xd7, 0x10,
    0x8, 0xa8, 0xb4, 0x0, 0x7, 0xd3, 0x0, 0x0,
    0x0, 0x0, 0x0, 0x0, 0x0,

    /* U+5929 "天" */
    0x9, 0xff, 0xff, 0xff, 0xff, 0xf8, 0x0, 0x24,
    0x44, 0x7f, 0x44, 0x44, 0x20, 0x0, 0x0, 0x4,
    0xf0, 0x0, 0x0, 0x0, 0x0, 0x0, 0x5f, 0x0,
    0x0, 0x0, 0x1f, 0xff, 0xff, 0xff, 0xff, 0xff,
    0x10, 0x22, 0x22, 0xcf, 0xa2, 0x22, 0x20, 0x0,
    0x0, 0x2f, 0xaf, 0x10, 0x0, 0x0, 0x0, 0xc,
    0xd0, 0xbc, 0x0, 0x0, 0x0, 0x1c, 0xe2, 0x1,
    0xdc, 0x10, 0x1, 0x8f, 0xd2, 0x0, 0x2, 0xcf,
    0x82, 0x2c, 0x60, 0x0, 0x0, 0x0, 0x6c, 0x20,

    /* U+5931 "失" */
    0x0, 0xb, 0x30, 0xf4, 0x0, 0x0, 0x0, 0x5,
    0xf0, 0xf, 0x40, 0x0, 0x0, 0x0, 0xbf, 0xff,
    0xff, 0xff, 0xf5, 0x0, 0x5f, 0x54, 0x4f, 0x74,
    0x44, 0x10, 0xd, 0x80, 0x0, 0xf3, 0x0, 0x0,
    0x0, 0x33, 0x22, 0x4f, 0x52, 0x22, 0x21, 0x1f,
    0xff, 0xff, 0xff, 0xff, 0xff, 0x70, 0x0, 0x0,
    0xae, 0xf1, 0x0, 0x0, 0x0, 0x0, 0x4f, 0x4c,
    0xa0, 0x0, 0x0, 0x0, 0x6f, 0x90, 0x2e, 0xa1,
    0x0, 0x5, 0xcf, 0x70, 0x0, 0x3d, 0xe8, 0x20,
    0xc9, 0x20, 0x0, 0x0, 0x7, 0xd5, 0x0, 0x0,
    0x0, 0x0, 0x0, 0x0, 0x0,

    /* U+594F "奏" */
    0x0, 0x0, 0x0, 0x0, 0x0, 0x0, 0x0, 0x0,
    0x0, 0xe, 0x40, 0x0, 0x0, 0x2, 0xff, 0xff,
    0xff, 0xff, 0xf9, 0x0, 0x1, 0x11, 0x5f, 0x11,
    0x11, 0x0, 0x0, 0x9e, 0xef, 0xfe, 0xee, 0xe1,
    0x0, 0x22, 0x23, 0xf6, 0x22, 0x22, 0x21, 0xc,
    0xcd, 0xfe, 0xcc, 0xfe, 0xcc, 0x50, 0x2, 0xcf,
    0x76, 0x6b, 0xf6, 0x0, 0x1a, 0xf8, 0x45, 0xe8,
    0x53, 0xce, 0x60, 0x68, 0xdd, 0xdf, 0xed, 0xdb,
    0x41, 0x0, 0x1, 0x3d, 0x99, 0xb4, 0x10, 0x0,
    0x3, 0x9f, 0x80, 0x29, 0xfa, 0x20, 0x0, 0xa8,
    0x20, 0x0, 0x1, 0xa4, 0x0,

    /* U+5973 "女" */
    0x0, 0x0, 0x0, 0x0, 0x0, 0x0, 0x0, 0x0,
    0x0, 0xd6, 0x0, 0x0, 0x0, 0x0, 0x0, 0x3f,
    0x20, 0x0, 0x0, 0x0, 0x0, 0x8, 0xd0, 0x0,
    0x0, 0x0, 0x2f, 0xff, 0xff, 0xff, 0xff, 0xff,
    0x31, 0x55, 0x9f, 0x65, 0x5b, 0xd5, 0x51, 0x0,
    0xc, 0xa0, 0x0, 0xd8, 0x0, 0x0, 0x4, 0xf3,
    0x0, 0x3f, 0x30, 0x0, 0x0, 0x7f, 0xd7, 0x1d,
    0xb0, 0x0, 0x0, 0x0, 0x17, 0xef, 0xf3, 0x0,
    0x0, 0x0, 0x0, 0x6d, 0xee, 0xf8, 0x10, 0x1,
    0x7b, 0xef, 0x80, 0x7, 0xef, 0x70, 0xc, 0x95,
    0x10, 0x0, 0x1, 0xa8, 0x0, 0x0, 0x0, 0x0,
    0x0, 0x0, 0x0,

    /* U+597D "好" */
    0x0, 0x0, 0x0, 0x0, 0x0, 0x0, 0x0, 0x9,
    0x90, 0x0, 0x11, 0x11, 0x10, 0x0, 0xb7, 0x0,
    0x9f, 0xff, 0xff, 0x20, 0x2e, 0x62, 0x11, 0x22,
    0x3e, 0xa0, 0x3f, 0xff, 0xfc, 0x0, 0xa, 0xc0,
    0x0, 0x4e, 0x7, 0x90, 0x4, 0xf1, 0x0, 0x8,
    0xa0, 0xa8, 0x44, 0x8f, 0x44, 0x30, 0xc7, 0xe,
    0x6d, 0xde, 0xfd, 0xd9, 0xa, 0xe8, 0xe0, 0x0,
    0x4e, 0x0, 0x0, 0x6, 0xfb, 0x0, 0x4, 0xe0,
    0x0, 0x0, 0x8e, 0xf8, 0x0, 0x4e, 0x0, 0x0,
    0x9f, 0x33, 0x80, 0x26, 0xe0, 0x0, 0x2c, 0x30,
    0x0, 0xf, 0xf9, 0x0, 0x0, 0x0, 0x0, 0x0,
    0x0, 0x0, 0x0,

    /* U+59CB "始" */
    0x0, 0x0, 0x0, 0x0, 0x0, 0x0, 0x0, 0xe,
    0x30, 0x0, 0x3f, 0x20, 0x0, 0x0, 0xf1, 0x0,
    0xa, 0xb0, 0x0, 0x1, 0x4f, 0x22, 0x2, 0xf4,
    0x2d, 0x10, 0x6f, 0xff, 0xf0, 0xba, 0x0, 0xba,
    0x0, 0x79, 0x2e, 0x7f, 0x98, 0x9b, 0xf3, 0xb,
    0x54, 0xc8, 0xcb, 0x98, 0x7b, 0x90, 0xf2, 0x89,
    0x1, 0x11, 0x11, 0x20, 0x1c, 0xcd, 0x50, 0xff,
    0xff, 0xfe, 0x0, 0xa, 0xf4, 0xf, 0x10, 0x3,
    0xe0, 0x0, 0xdb, 0xf2, 0xf1, 0x0, 0x3e, 0x2,
    0xdc, 0x3, 0xf, 0xdc, 0xcd, 0xe0, 0x1b, 0x10,
    0x0, 0xf5, 0x33, 0x6e, 0x0,

    /* U+5B89 "安" */
    0x0, 0x0, 0x5, 0x70, 0x0, 0x0, 0x0, 0x33,
    0x33, 0x8f, 0x53, 0x33, 0x30, 0xc, 0xee, 0xee,
    0xee, 0xee, 0xfd, 0x0, 0xc6, 0x0, 0x84, 0x0,
    0x6, 0xd0, 0x6, 0x30, 0x4f, 0x20, 0x0, 0x36,
    0x1, 0xff, 0xff, 0xff, 0xff, 0xff, 0xf2, 0x2,
    0x2a, 0xe3, 0x23, 0xea, 0x22, 0x0, 0x2, 0xfa,
    0x0, 0x8f, 0x20, 0x0, 0x0, 0x18, 0xdf, 0xaf,
    0x60, 0x0, 0x0, 0x0, 0x2, 0xcf, 0xfd, 0x50,
    0x0, 0x4, 0x8c, 0xfa, 0x21, 0x9f, 0xd5, 0x0,
    0x8b, 0x72, 0x0, 0x0, 0x1a, 0x60,

    /* U+5B8C "完" */
    0x0, 0x0, 0x4, 0x90, 0x0, 0x0, 0x0, 0x34,
    0x44, 0x6f, 0x64, 0x44, 0x30, 0xe, 0xee, 0xee,
    0xee, 0xee, 0xee, 0x0, 0xe4, 0x22, 0x22, 0x22,
    0x25, 0xe0, 0xb, 0x3e, 0xff, 0xff, 0xfe, 0x4a,
    0x0, 0x0, 0x0, 0x0, 0x0, 0x0, 0x0, 0x3f,
    0xff, 0xff, 0xff, 0xff, 0xff, 0x30, 0x22, 0x2f,
    0x62, 0xab, 0x22, 0x20, 0x0, 0x1, 0xf2, 0x9,
    0x90, 0x0, 0x0, 0x0, 0x7e, 0x0, 0x99, 0x0,
    0x83, 0x1, 0x7f, 0x50, 0x9, 0xb1, 0x1d, 0x42,
    0xfc, 0x40, 0x0, 0x4f, 0xff, 0xd0, 0x1, 0x0,
    0x0, 0x0, 0x0, 0x0, 0x0,

    /* U+5B9A "定" */
    0x0, 0x0, 0x3, 0x90, 0x0, 0x0, 0x0, 0x34,
    0x44, 0x6f, 0x64, 0x44, 0x30, 0xe, 0xed, 0xdd,
    0xdd, 0xdd, 0xee, 0x0, 0xe4, 0x0, 0x0, 0x0,
    0x4, 0xe0, 0xa, 0x5f, 0xff, 0xff, 0xff, 0x6a,
    0x0, 0x0, 0x22, 0x4f, 0x42, 0x20, 0x0, 0x0,
    0x4d, 0x2, 0xf1, 0x0, 0x0, 0x0, 0x8, 0xc0,
    0x2f, 0xff, 0xfc, 0x0, 0x0, 0xbf, 0x22, 0xf4,
    0x22, 0x20, 0x0, 0x1f, 0xcc, 0x3f, 0x10, 0x0,
    0x0, 0xa, 0xb0, 0xcf, 0xf6, 0x33, 0x33, 0x13,
    0xe2, 0x0, 0x6b, 0xef, 0xff, 0xf3, 0x0, 0x0,
    0x0, 0x0, 0x0, 0x0, 0x0,

    /* U+5B9E "实" */
    0x0, 0x0, 0x3, 0xa0, 0x0, 0x0, 0x0, 0x45,
    0x55, 0x6f, 0x85, 0x55, 0x40, 0xd, 0xdc, 0xcc,
    0xcc, 0xcc, 0xed, 0x0, 0xd5, 0x54, 0x5, 0x60,
    0x6, 0xd0, 0x5, 0x25, 0xe6, 0xa9, 0x0, 0x26,
    0x0, 0x8, 0x32, 0x2a, 0x80, 0x0, 0x0, 0x0,
    0x8f, 0x40, 0xd6, 0x0, 0x0, 0x0, 0x33, 0x73,
    0x3f, 0x73, 0x33, 0x30, 0xc, 0xcc, 0xce, 0xfc,
    0xcc, 0xcc, 0x10, 0x0, 0x4, 0xf6, 0xa7, 0x10,
    0x0, 0x0, 0x3a, 0xf7, 0x4, 0xaf, 0x91, 0x0,
    0xaf, 0xa2, 0x0, 0x0, 0x2b, 0xc0, 0x0, 0x0,
    0x0, 0x0, 0x0, 0x0, 0x0,

    /* U+5BB9 "容" */
    0x0, 0x0, 0x0, 0x10, 0x0, 0x0, 0x0, 0x0,
    0x0, 0x4f, 0x20, 0x0, 0x0, 0xe, 0xff, 0xff,
    0xff, 0xff, 0xfe, 0x0, 0xe5, 0x26, 0x22, 0x25,
    0x26, 0xe0, 0x8, 0x29, 0xd1, 0x3, 0xf8, 0x38,
    0x0, 0x2b, 0xe2, 0x2f, 0x42, 0xdb, 0x0, 0x6,
    0xc1, 0x1d, 0xce, 0x31, 0xc4, 0x0, 0x0, 0x3e,
    0x90, 0x7f, 0x40, 0x0, 0x0, 0x8f, 0xa1, 0x11,
    0x8f, 0xb3, 0x3, 0xfe, 0xff, 0xff, 0xff, 0xfc,
    0xf3, 0x4, 0x2f, 0x0, 0x0, 0xf, 0x21, 0x0,
    0x2, 0xf3, 0x33, 0x34, 0xf2, 0x0, 0x0, 0x2f,
    0xdd, 0xdd, 0xdf, 0x20, 0x0,

    /* U+5BC6 "密" */
    0x0, 0x0, 0x0, 0x10, 0x0, 0x0, 0x0, 0x0,
    0x0, 0x3f, 0x0, 0x0, 0x0, 0xe, 0xff, 0xff,
    0xff, 0xff, 0xff, 0x0, 0xf4, 0x15, 0xb4, 0x14,
    0x35, 0xf0, 0xa, 0x40, 0x76, 0xe5, 0xe6, 0x3a,
    0x0, 0x2f, 0x3f, 0x8, 0xe5, 0x4e, 0x20, 0x1e,
    0x62, 0xfd, 0xb2, 0xd, 0x6e, 0x10, 0x9a, 0xff,
    0xfc, 0xce, 0xa0, 0x60, 0x2f, 0x93, 0x3, 0x82,
    0x20, 0x0, 0x0, 0x8, 0x20, 0x2f, 0x10, 0x2b,
    0x0, 0x0, 0xe4, 0x2, 0xf1, 0x3, 0xf0, 0x0,
    0xe, 0xb9, 0xaf, 0xa9, 0xbf, 0x0, 0x0, 0x77,
    0x77, 0x77, 0x79, 0xf0, 0x0,

    /* U+5BDF "察" */
    0x0, 0x0, 0x3, 0xe1, 0x0, 0x0, 0x1, 0xee,
    0xee, 0xef, 0xfe, 0xee, 0xe1, 0x1f, 0x29, 0x51,
    0x64, 0x11, 0x3f, 0x10, 0x27, 0xfc, 0xe9, 0xff,
    0xff, 0x70, 0x1a, 0xd8, 0x5e, 0xc, 0x75, 0xd0,
    0x1, 0x88, 0x6f, 0x40, 0x1e, 0xf2, 0x0, 0x0,
    0xbf, 0xdf, 0xff, 0xdd, 0xd6, 0x3, 0xed, 0x32,
    0x22, 0x22, 0x18, 0xd3, 0x4, 0xcf, 0xff, 0xff,
    0xff, 0xd0, 0x0, 0x0, 0xa6, 0xe, 0x36, 0x91,
    0x0, 0x5, 0xdb, 0x0, 0xf3, 0x19, 0xf6, 0x0,
    0x95, 0x7, 0xfd, 0x10, 0x4, 0x80,

    /* U+5BFC "导" */
    0x4, 0xff, 0xff, 0xff, 0xff, 0xa0, 0x0, 0x4f,
    0x22, 0x22, 0x22, 0x9a, 0x0, 0x4, 0xff, 0xff,
    0xff, 0xff, 0xa0, 0x0, 0x4f, 0x20, 0x0, 0x0,
    0x6, 0xa0, 0x0, 0xae, 0xee, 0xee, 0xee, 0xd6,
    0x0, 0x0, 0x0, 0x0, 0x9, 0x50, 0x0, 0x2f,
    0xff, 0xff, 0xff, 0xff, 0xff, 0x30, 0x24, 0xf5,
    0x22, 0x2d, 0x82, 0x20, 0x0, 0x8, 0xf2, 0x0,
    0xc7, 0x0, 0x0, 0x0, 0x9, 0x50, 0x1d, 0x70,
    0x0, 0x0, 0x0, 0x0, 0xff, 0xd3, 0x0, 0x0,

    /* U+5C01 "封" */
    0x0, 0xb, 0x70, 0x0, 0x0, 0xc3, 0x0, 0x11,
    0xc8, 0x10, 0x0, 0xe, 0x40, 0xb, 0xff, 0xff,
    0x70, 0x0, 0xe4, 0x0, 0x0, 0xb7, 0x0, 0xdd,
    0xdf, 0xe6, 0x1e, 0xef, 0xfe, 0xa0, 0x0, 0xe4,
    0x0, 0x33, 0x86, 0x32, 0x76, 0xe, 0x40, 0x0,
    0xb, 0x70, 0x5, 0xd0, 0xe4, 0x0, 0xdf, 0xff,
    0xf9, 0xf, 0x4e, 0x40, 0x1, 0x2c, 0x82, 0x10,
    0x51, 0xe4, 0x0, 0x0, 0xb9, 0x57, 0x0, 0xe,
    0x40, 0x2c, 0xef, 0xec, 0x90, 0x23, 0xf4, 0x1,
    0x64, 0x10, 0x0, 0x9, 0xfc, 0x10,

    /* U+5C0F "小" */
    0x0, 0x0, 0x1, 0xf3, 0x0, 0x0, 0x0, 0x0,
    0x0, 0x1f, 0x30, 0x0, 0x0, 0x0, 0x0, 0x1,
    0xf3, 0x0, 0x0, 0x0, 0x8, 0xa0, 0x1f, 0x30,
    0xb7, 0x0, 0x0, 0xd8, 0x1, 0xf3, 0x7, 0xe0,
    0x0, 0x1f, 0x40, 0x1f, 0x30, 0x1f, 0x70, 0x8,
    0xe0, 0x1, 0xf3, 0x0, 0x9e, 0x1, 0xf8, 0x0,
    0x1f, 0x30, 0x3, 0xf3, 0x4e, 0x10, 0x1, 0xf3,
    0x0, 0xe, 0x80, 0x0, 0x0, 0x1f, 0x30, 0x0,
    0x20, 0x0, 0x2, 0x36, 0xf2, 0x0, 0x0, 0x0,
    0x0, 0x4f, 0xfa, 0x0, 0x0, 0x0, 0x0, 0x0,
    0x0, 0x0, 0x0, 0x0, 0x0,

    /* U+5C3D "尽" */
    0x0, 0xef, 0xff, 0xff, 0xff, 0xf0, 0x0, 0xe,
    0x72, 0x22, 0x22, 0x5f, 0x0, 0x0, 0xe8, 0x33,
    0x33, 0x36, 0xf0, 0x0, 0xf, 0xee, 0xee, 0xef,
    0xee, 0x0, 0x1, 0xf2, 0x0, 0x0, 0xd6, 0x0,
    0x0, 0x4e, 0x7, 0x72, 0x5, 0xe1, 0x0, 0xa,
    0xb0, 0x5a, 0xfc, 0x2d, 0xa0, 0x4, 0xf4, 0x0,
    0x1, 0x70, 0x3f, 0xa0, 0x7a, 0x7, 0x62, 0x0,
    0x0, 0x3c, 0x10, 0x0, 0x7c, 0xfd, 0x83, 0x0,
    0x0, 0x0, 0x0, 0x0, 0x5b, 0xf4, 0x0, 0x0,
    0x0, 0x0, 0x0, 0x2, 0x0, 0x0,

    /* U+5C40 "局" */
    0x0, 0xff, 0xff, 0xff, 0xff, 0xf0, 0x0, 0xf2,
    0x0, 0x0, 0x3, 0xf0, 0x0, 0xff, 0xff, 0xff,
    0xff, 0xf0, 0x1, 0xf3, 0x11, 0x11, 0x11, 0x10,
    0x2, 0xff, 0xee, 0xee, 0xee, 0xed, 0x3, 0xf2,
    0x22, 0x22, 0x22, 0x7d, 0x4, 0xc0, 0xff, 0xff,
    0xf0, 0x6c, 0x8, 0x90, 0xf1, 0x2, 0xf0, 0x7b,
    0xd, 0x40, 0xf4, 0x24, 0xf0, 0x9a, 0x6d, 0x0,
    0xfd, 0xcc, 0xe1, 0xc8, 0x14, 0x0, 0x30, 0x0,
    0x8f, 0xd2, 0x0, 0x0, 0x0, 0x0, 0x0, 0x0,

    /* U+5C42 "层" */
    0x4, 0xff, 0xff, 0xff, 0xff, 0xf8, 0x0, 0x4e,
    0x0, 0x0, 0x0, 0xa, 0x80, 0x4, 0xff, 0xff,
    0xff, 0xff, 0xf8, 0x0, 0x5e, 0x11, 0x11, 0x11,
    0x11, 0x0, 0x5, 0xd0, 0xff, 0xff, 0xff, 0xf5,
    0x0, 0x6c, 0x0, 0x0, 0x0, 0x0, 0x0, 0x7,
    0xbb, 0xee, 0xee, 0xee, 0xee, 0x30, 0xa9, 0x12,
    0xcb, 0x22, 0x93, 0x10, 0xd, 0x50, 0x6e, 0x10,
    0xa, 0xb0, 0x4, 0xf1, 0x4f, 0xcb, 0xbc, 0xef,
    0x50, 0x27, 0x2, 0x86, 0x54, 0x21, 0x77, 0x0,

    /* U+5C55 "展" */
    0x2, 0xff, 0xff, 0xff, 0xff, 0xfa, 0x0, 0x2f,
    0x21, 0x11, 0x11, 0x18, 0xa0, 0x2, 0xff, 0xff,
    0xff, 0xff, 0xf9, 0x0, 0x3f, 0x0, 0xf2, 0x3,
    0xe0, 0x0, 0x3, 0xfa, 0xff, 0xff, 0xff, 0xfd,
    0x0, 0x4e, 0x0, 0xf3, 0x3, 0xe0, 0x0, 0x5,
    0xde, 0xff, 0xff, 0xff, 0xff, 0x50, 0x8b, 0xd,
    0x40, 0xbb, 0x2b, 0x70, 0xc, 0x70, 0xd3, 0x2,
    0xef, 0x80, 0x3, 0xf2, 0x2f, 0xbc, 0xf3, 0xde,
    0x81, 0x39, 0x2, 0xb7, 0x30, 0x0, 0x6b, 0x10,

    /* U+5DE5 "工" */
    0x1, 0x44, 0x44, 0x44, 0x44, 0x44, 0x0, 0x5f,
    0xff, 0xff, 0xff, 0xff, 0xd0, 0x0, 0x0, 0x0,
    0xf5, 0x0, 0x0, 0x0, 0x0, 0x0, 0xf, 0x50,
    0x0, 0x0, 0x0, 0x0, 0x0, 0xf5, 0x0, 0x0,
    0x0, 0x0, 0x0, 0xf, 0x50, 0x0, 0x0, 0x0,
    0x0, 0x0, 0xf5, 0x0, 0x0, 0x0, 0x0, 0x0,
    0xf, 0x50, 0x0, 0x0, 0x1, 0x11, 0x11, 0xf7,
    0x11, 0x11, 0x11, 0xff, 0xff, 0xff, 0xff, 0xff,
    0xf8, 0x1, 0x11, 0x11, 0x11, 0x11, 0x11, 0x0,

    /* U+5DE6 "左" */
    0x0, 0x0, 0x0, 0x0, 0x0, 0x0, 0x0, 0x0,
    0x6, 0xe0, 0x0, 0x0, 0x0, 0x0, 0x0, 0x9b,
    0x0, 0x0, 0x0, 0x1, 0xdd, 0xdf, 0xfd, 0xdd,
    0xdd, 0xd1, 0x4, 0x45, 0xf7, 0x44, 0x44, 0x44,
    0x0, 0x0, 0x5f, 0x0, 0x0, 0x0, 0x0, 0x0,
    0xb, 0xc3, 0x33, 0x33, 0x32, 0x0, 0x1, 0xfc,
    0xff, 0xff, 0xff, 0xc0, 0x0, 0x7d, 0x0, 0xc,
    0x70, 0x0, 0x0, 0x1e, 0x60, 0x0, 0xc7, 0x0,
    0x0, 0xa, 0xc0, 0x0, 0xc, 0x70, 0x0, 0x6,
    0xe1, 0x22, 0x22, 0xc8, 0x22, 0x20, 0x13, 0xe,
    0xff, 0xff, 0xff, 0xff, 0x50,

    /* U+5DF2 "已" */
    0x8f, 0xff, 0xff, 0xff, 0xfe, 0x0, 0x12, 0x22,
    0x22, 0x22, 0x7e, 0x0, 0x6, 0x0, 0x0, 0x0,
    0x4e, 0x0, 0x2f, 0x10, 0x0, 0x0, 0x4e, 0x0,
    0x2f, 0xff, 0xff, 0xff, 0xfe, 0x0, 0x2f, 0x53,
    0x33, 0x33, 0x7e, 0x0, 0x2f, 0x10, 0x0, 0x0,
    0x1, 0x0, 0x2f, 0x10, 0x0, 0x0, 0x0, 0x63,
    0x2f, 0x10, 0x0, 0x0, 0x0, 0xd7, 0xf, 0x83,
    0x22, 0x22, 0x36, 0xf3, 0x7, 0xef, 0xff, 0xff,
    0xfe, 0x80,

    /* U+5E03 "布" */
    0x0, 0x0, 0x1d, 0x20, 0x0, 0x0, 0x0, 0x0,
    0x6, 0xe0, 0x0, 0x0, 0x0, 0x2f, 0xff, 0xff,
    0xff, 0xff, 0xff, 0x30, 0x22, 0x7f, 0x34, 0x62,
    0x22, 0x20, 0x0, 0x1e, 0x60, 0x7b, 0x0, 0x0,
    0x0, 0xb, 0xfd, 0xde, 0xfd, 0xdd, 0x70, 0xb,
    0xff, 0x54, 0x9d, 0x44, 0xc8, 0x6, 0xe4, 0xf1,
    0x7, 0xb0, 0xa, 0x80, 0x1, 0x1f, 0x10, 0x7b,
    0x0, 0xa8, 0x0, 0x1, 0xf1, 0x7, 0xb2, 0x3c,
    0x80, 0x0, 0x1f, 0x10, 0x7b, 0x4d, 0xb2, 0x0,
    0x0, 0x0, 0x7, 0xb0, 0x0, 0x0,

    /* U+5E38 "常" */
    0x7, 0x60, 0x1f, 0x10, 0x88, 0x0, 0x5e, 0x1,
    0xf1, 0x1f, 0x30, 0xef, 0xff, 0xff, 0xff, 0xff,
    0xee, 0x52, 0x22, 0x22, 0x22, 0x5e, 0xe3, 0xee,
    0xdd, 0xde, 0xe3, 0xe0, 0xe, 0x30, 0x0, 0x4e,
    0x0, 0x0, 0xcd, 0xdf, 0xed, 0xc0, 0x0, 0x22,
    0x22, 0xf6, 0x22, 0x20, 0x1f, 0xee, 0xef, 0xfe,
    0xef, 0x31, 0xf1, 0x0, 0xf3, 0x0, 0xf3, 0x1f,
    0x10, 0xf, 0x38, 0xcf, 0x20, 0x30, 0x0, 0xf3,
    0x24, 0x20,

    /* U+5E7F "广" */
    0x0, 0x0, 0x0, 0xb6, 0x0, 0x0, 0x0, 0x0,
    0x0, 0x9, 0xc0, 0x0, 0x0, 0x2, 0xff, 0xff,
    0xff, 0xff, 0xff, 0x20, 0x2f, 0x42, 0x22, 0x22,
    0x22, 0x20, 0x2, 0xf2, 0x0, 0x0, 0x0, 0x0,
    0x0, 0x2f, 0x20, 0x0, 0x0, 0x0, 0x0, 0x3,
    0xf1, 0x0, 0x0, 0x0, 0x0, 0x0, 0x4f, 0x0,
    0x0, 0x0, 0x0, 0x0, 0x5, 0xe0, 0x0, 0x0,
    0x0, 0x0, 0x0, 0x9b, 0x0, 0x0, 0x0, 0x0,
    0x0, 0x1f, 0x60, 0x0, 0x0, 0x0, 0x0, 0x3,
    0xd0, 0x0, 0x0, 0x0, 0x0, 0x0, 0x0, 0x0,
    0x0, 0x0, 0x0, 0x0, 0x0,

    /* U+5E8F "序" */
    0x0, 0x0, 0x0, 0x1, 0x0, 0x0, 0x0, 0x0,
    0x0, 0x9, 0xb0, 0x0, 0x0, 0x2, 0xbb, 0xbb,
    0xdf, 0xbb, 0xbb, 0x60, 0x3f, 0x66, 0x66, 0x66,
    0x66, 0x63, 0x3, 0xf0, 0xdd, 0xdd, 0xdd, 0xc2,
    0x0, 0x3f, 0x2, 0x43, 0x26, 0xf9, 0x0, 0x4,
    0xf0, 0xa, 0xe8, 0xf7, 0x0, 0x0, 0x4e, 0x12,
    0x28, 0xfd, 0x32, 0x20, 0x5, 0xd9, 0xee, 0xef,
    0xee, 0xef, 0x30, 0x7b, 0x0, 0x0, 0xe4, 0xc,
    0x80, 0xa, 0x70, 0x0, 0xe, 0x41, 0x70, 0x0,
    0xf3, 0x0, 0x12, 0xf4, 0x0, 0x0, 0x2b, 0x0,
    0xe, 0xfc, 0x10, 0x0, 0x0, 0x0, 0x0, 0x0,
    0x0, 0x0, 0x0,

    /* U+5E93 "库" */
    0x0, 0x0, 0x0, 0x0, 0x0, 0x0, 0x0, 0x0,
    0x0, 0x8, 0xc0, 0x0, 0x0, 0x2, 0xdd, 0xdd,
    0xef, 0xdd, 0xdd, 0x70, 0x3f, 0x44, 0x49, 0x64,
    0x44, 0x42, 0x3, 0xf0, 0x22, 0xf8, 0x22, 0x22,
    0x0, 0x3f, 0x5f, 0xff, 0xff, 0xff, 0xf1, 0x3,
    0xf0, 0xd, 0x61, 0x80, 0x0, 0x0, 0x4e, 0x7,
    0xe2, 0x4f, 0x11, 0x10, 0x5, 0xd0, 0xcf, 0xff,
    0xff, 0xfa, 0x0, 0x7b, 0x0, 0x0, 0x2f, 0x0,
    0x0, 0xa, 0x8a, 0xff, 0xff, 0xff, 0xff, 0x80,
    0xf4, 0x12, 0x22, 0x5f, 0x22, 0x21, 0x2c, 0x0,
    0x0, 0x2, 0xf0, 0x0, 0x0, 0x0, 0x0, 0x0,
    0x0, 0x0, 0x0,

    /* U+5E95 "底" */
    0x0, 0x0, 0x0, 0x0, 0x0, 0x0, 0x0, 0x0,
    0x0, 0x8, 0xc0, 0x0, 0x0, 0x2, 0xdd, 0xdd,
    0xef, 0xed, 0xdd, 0x70, 0x3f, 0x33, 0x33, 0x33,
    0x33, 0x32, 0x3, 0xf0, 0x34, 0x57, 0x9c, 0xf4,
    0x0, 0x3f, 0xe, 0xcb, 0xaf, 0x74, 0x10, 0x3,
    0xe0, 0xe3, 0x0, 0xf3, 0x0, 0x0, 0x4d, 0xe,
    0xed, 0xdf, 0xed, 0xd1, 0x5, 0xc0, 0xe5, 0x33,
    0xba, 0x33, 0x0, 0x7b, 0xe, 0x30, 0x66, 0xc0,
    0x0, 0xa, 0x80, 0xe3, 0x1e, 0x4f, 0x25, 0x60,
    0xe4, 0xf, 0xde, 0x89, 0x9b, 0xa8, 0x2d, 0x4,
    0xc6, 0x12, 0xa0, 0xbe, 0x20, 0x0, 0x0, 0x0,
    0x0, 0x0, 0x0,

    /* U+5EA6 "度" */
    0x0, 0x0, 0x0, 0x0, 0x0, 0x0, 0x0, 0x0,
    0x0, 0xa, 0xb0, 0x0, 0x0, 0x2, 0xee, 0xee,
    0xff, 0xee, 0xee, 0x50, 0x2f, 0x33, 0x64, 0x33,
    0x64, 0x31, 0x2, 0xf0, 0xe, 0x40, 0xe, 0x40,
    0x0, 0x3f, 0xae, 0xff, 0xee, 0xff, 0xe3, 0x3,
    0xf0, 0xe, 0x41, 0x1e, 0x40, 0x0, 0x4e, 0x0,
    0xaa, 0xaa, 0xa2, 0x0, 0x5, 0xd6, 0xbb, 0xbb,
    0xbb, 0xb2, 0x0, 0x7b, 0x27, 0xe5, 0x35, 0xdc,
    0x0, 0xb, 0x80, 0x6, 0xe8, 0xeb, 0x10, 0x1,
    0xf4, 0x69, 0xcf, 0xdf, 0xc9, 0x72, 0x19, 0x9,
    0x85, 0x10, 0x15, 0x9b, 0x20,

    /* U+5F00 "开" */
    0xa, 0xff, 0xff, 0xff, 0xff, 0xff, 0x10, 0x12,
    0x3f, 0x42, 0x29, 0xc2, 0x20, 0x0, 0x1, 0xf2,
    0x0, 0x8b, 0x0, 0x0, 0x0, 0x1f, 0x20, 0x8,
    0xb0, 0x0, 0x4, 0x45, 0xf6, 0x44, 0xad, 0x44,
    0x21, 0xdd, 0xef, 0xed, 0xdf, 0xfd, 0xd7, 0x0,
    0x4, 0xf0, 0x0, 0x8b, 0x0, 0x0, 0x0, 0xab,
    0x0, 0x8, 0xb0, 0x0, 0x0, 0x3f, 0x40, 0x0,
    0x8b, 0x0, 0x0, 0x4e, 0xa0, 0x0, 0x8, 0xb0,
    0x0, 0xa, 0x80, 0x0, 0x0, 0x8b, 0x0, 0x0,
    0x0, 0x0, 0x0, 0x0, 0x0, 0x0,

    /* U+5F0F "式" */
    0x0, 0x0, 0x0, 0x9, 0xb4, 0xa0, 0x0, 0x0,
    0x0, 0x0, 0x9b, 0x1c, 0xb0, 0x5, 0x55, 0x55,
    0x5b, 0xd5, 0x7a, 0x21, 0xcc, 0xcc, 0xcc, 0xef,
    0xcc, 0xc5, 0x0, 0x0, 0x0, 0x6, 0xd0, 0x0,
    0x0, 0x8e, 0xee, 0xee, 0x4f, 0x0, 0x0, 0x2,
    0x49, 0xd4, 0x42, 0xf1, 0x0, 0x0, 0x0, 0x7b,
    0x0, 0xf, 0x50, 0x0, 0x0, 0x7, 0xb0, 0x0,
    0xb9, 0x3, 0x30, 0x0, 0x7d, 0x8b, 0x56, 0xe0,
    0x7a, 0xb, 0xef, 0xea, 0x72, 0xe, 0xab, 0x70,
    0x65, 0x20, 0x0, 0x0, 0x3d, 0xd1,

    /* U+5F20 "张" */
    0x0, 0x0, 0x2, 0x0, 0x0, 0x0, 0xdf, 0xfc,
    0xe, 0x40, 0x9, 0x70, 0x11, 0x7c, 0xe, 0x40,
    0x9d, 0x10, 0x6c, 0xec, 0xe, 0x6d, 0xc1, 0x0,
    0x9a, 0x44, 0x2e, 0x66, 0x22, 0x20, 0xa6, 0x1,
    0xff, 0xff, 0xff, 0xf3, 0xc8, 0x44, 0x3f, 0x79,
    0xc3, 0x30, 0xbc, 0xec, 0xe, 0x42, 0xf1, 0x0,
    0x0, 0x7b, 0xe, 0x40, 0xc7, 0x0, 0x0, 0x8a,
    0xe, 0x42, 0x6e, 0x10, 0x0, 0xc8, 0xf, 0xee,
    0x1b, 0xd2, 0xaf, 0xd2, 0x4d, 0x60, 0x0, 0xa1,
    0x0, 0x0, 0x0, 0x0, 0x0, 0x0,

    /* U+5F3A "强" */
    0x2f, 0xff, 0xd1, 0xff, 0xff, 0xf3, 0x0, 0x11,
    0x4d, 0x1f, 0x0, 0xe, 0x30, 0x4, 0x47, 0xd1,
    0xfc, 0xcc, 0xf3, 0x0, 0xfb, 0xa9, 0x2, 0x2e,
    0x52, 0x0, 0xf, 0x0, 0x5, 0xee, 0xff, 0xe8,
    0x2, 0xf6, 0x65, 0x6a, 0xe, 0x48, 0x90, 0x4d,
    0xde, 0xd6, 0xa0, 0xe4, 0x89, 0x0, 0x0, 0x6b,
    0x5e, 0xef, 0xfe, 0x80, 0x0, 0x8, 0xa0, 0x0,
    0xe3, 0xb2, 0x0, 0x11, 0xc7, 0xab, 0xcf, 0xef,
    0xc0, 0x7, 0xfd, 0x26, 0x65, 0x43, 0x3e, 0x20,
    0x0, 0x0, 0x0, 0x0, 0x0, 0x0,

    /* U+5F53 "当" */
    0x4, 0x0, 0x2f, 0x20, 0x6, 0x13, 0xf3, 0x2,
    0xf2, 0x3, 0xf3, 0x9, 0xc0, 0x2f, 0x20, 0xab,
    0x0, 0x2e, 0x12, 0xf2, 0x2f, 0x20, 0x3, 0x43,
    0x5f, 0x53, 0x53, 0x13, 0xff, 0xff, 0xff, 0xff,
    0xf5, 0x0, 0x0, 0x0, 0x0, 0xf, 0x50, 0xac,
    0xcc, 0xcc, 0xcc, 0xf5, 0x4, 0x55, 0x55, 0x55,
    0x5f, 0x50, 0x0, 0x0, 0x0, 0x0, 0xf5, 0x7f,
    0xff, 0xff, 0xff, 0xff, 0x52, 0x44, 0x44, 0x44,
    0x44, 0xf5,

    /* U+5F55 "录" */
    0x0, 0x0, 0x0, 0x0, 0x0, 0x0, 0x0, 0x4f,
    0xff, 0xff, 0xff, 0xfb, 0x0, 0x0, 0x22, 0x22,
    0x22, 0x2a, 0xa0, 0x0, 0xd, 0xff, 0xff, 0xff,
    0xf9, 0x0, 0x1, 0x11, 0x11, 0x11, 0x1c, 0x91,
    0x1, 0xff, 0xff, 0xff, 0xff, 0xff, 0xf2, 0x0,
    0x92, 0x2, 0xf3, 0x2, 0xa1, 0x0, 0x7, 0xf6,
    0x2f, 0xd5, 0xe9, 0x0, 0x0, 0x3, 0x8b, 0xfb,
    0xf5, 0x0, 0x0, 0x28, 0xee, 0x9f, 0x1a, 0xe4,
    0x0, 0xd, 0xc5, 0x3, 0xf1, 0x7, 0xee, 0x10,
    0x0, 0xd, 0xfb, 0x0, 0x0, 0x40,

    /* U+5FC3 "心" */
    0x0, 0x0, 0x2, 0x0, 0x0, 0x0, 0x0, 0x0,
    0x5, 0xf6, 0x0, 0x0, 0x0, 0x0, 0x0, 0x5,
    0xea, 0x0, 0x0, 0x0, 0x0, 0x0, 0x2, 0xe8,
    0x0, 0x0, 0x0, 0x2, 0xf1, 0x1, 0x0, 0x60,
    0x0, 0x6c, 0x2f, 0x10, 0x0, 0x1f, 0x40, 0x9,
    0xa2, 0xf1, 0x0, 0x0, 0xab, 0x0, 0xc7, 0x2f,
    0x10, 0x0, 0x4, 0xf0, 0x1f, 0x42, 0xf1, 0x0,
    0x7, 0x1f, 0x54, 0xf0, 0x2f, 0x10, 0x0, 0xf2,
    0x83, 0x1, 0x1, 0xf5, 0x11, 0x5f, 0x0, 0x0,
    0x0, 0xa, 0xff, 0xff, 0x70, 0x0,

    /* U+5FEB "快" */
    0x0, 0xe4, 0x0, 0xa, 0x70, 0x0, 0x0, 0xe,
    0x40, 0x0, 0xa7, 0x0, 0x0, 0x4, 0xec, 0xe,
    0xff, 0xff, 0xf3, 0x3, 0xbe, 0xc7, 0x22, 0xb9,
    0x2e, 0x30, 0x69, 0xe7, 0x80, 0xa, 0x70, 0xe3,
    0x9, 0x5e, 0x40, 0x0, 0xb7, 0xe, 0x40, 0x0,
    0xe4, 0xef, 0xff, 0xff, 0xff, 0x20, 0xe, 0x41,
    0x12, 0xff, 0x41, 0x10, 0x0, 0xe4, 0x0, 0x7d,
    0x9b, 0x0, 0x0, 0xe, 0x40, 0x3f, 0x51, 0xf6,
    0x0, 0x0, 0xe4, 0x5e, 0x90, 0x6, 0xf8, 0x0,
    0xe, 0x5d, 0x70, 0x0, 0x4, 0xc0, 0x0, 0x0,
    0x0, 0x0, 0x0, 0x0, 0x0,

    /* U+6001 "态" */
    0x0, 0x0, 0x0, 0xf4, 0x0, 0x0, 0x0, 0x22,
    0x22, 0x3f, 0x42, 0x22, 0x21, 0x1f, 0xff, 0xff,
    0xff, 0xff, 0xff, 0x70, 0x0, 0x0, 0xba, 0xe7,
    0x0, 0x0, 0x0, 0x0, 0x6f, 0x26, 0xf4, 0x0,
    0x0, 0x0, 0x8f, 0xa8, 0x9, 0xf6, 0x0, 0x8,
    0xee, 0x43, 0xdc, 0x17, 0xfe, 0x50, 0x85, 0x0,
    0x29, 0x50, 0x2, 0x71, 0x0, 0xd5, 0xd0, 0xca,
    0x0, 0xe3, 0x0, 0x5e, 0x5e, 0x1, 0xd2, 0x59,
    0xc0, 0xc, 0x84, 0xe1, 0x11, 0x2e, 0x5f, 0x20,
    0x81, 0x1d, 0xff, 0xff, 0xc0, 0x72,

    /* U+6027 "性" */
    0x0, 0x0, 0x0, 0x0, 0x0, 0x0, 0x0, 0xe,
    0x40, 0x23, 0x2f, 0x0, 0x0, 0x0, 0xe4, 0x9,
    0xa2, 0xf0, 0x0, 0x0, 0x4e, 0xc1, 0xd9, 0x5f,
    0x43, 0x30, 0x3b, 0xeb, 0x9f, 0xff, 0xff, 0xfe,
    0x6, 0x9e, 0x6d, 0xc0, 0x2f, 0x0, 0x0, 0x85,
    0xe4, 0x54, 0x2, 0xf0, 0x0, 0x0, 0xe, 0x40,
    0xcd, 0xef, 0xdd, 0x80, 0x0, 0xe4, 0x3, 0x46,
    0xf4, 0x42, 0x0, 0xe, 0x40, 0x0, 0x2f, 0x0,
    0x0, 0x0, 0xe4, 0x0, 0x2, 0xf0, 0x0, 0x0,
    0xe, 0x4b, 0xcc, 0xdf, 0xcc, 0xc0, 0x0, 0xe4,
    0x45, 0x55, 0x55, 0x55, 0x0,

    /* U+603B "总" */
    0x0, 0x2, 0x70, 0x0, 0x27, 0x0, 0x0, 0x0,
    0x2f, 0x50, 0xa, 0xc0, 0x0, 0x0, 0x12, 0xab,
    0x24, 0xf5, 0x20, 0x0, 0x6, 0xff, 0xff, 0xff,
    0xfe, 0x0, 0x0, 0x6d, 0x0, 0x0, 0x6, 0xe0,
    0x0, 0x6, 0xe2, 0x22, 0x22, 0x8e, 0x0, 0x0,
    0x6f, 0xff, 0xff, 0xff, 0xe0, 0x0, 0x0, 0x1,
    0x2d, 0x30, 0x1, 0x0, 0x3, 0xc2, 0xf1, 0x6f,
    0x40, 0xc7, 0x0, 0x8c, 0x2f, 0x10, 0x63, 0x23,
    0xf2, 0xe, 0x52, 0xf4, 0x11, 0x1c, 0x6a, 0x80,
    0x40, 0xb, 0xff, 0xff, 0xd1, 0x0,

    /* U+606F "息" */
    0x0, 0x0, 0x0, 0x0, 0x0, 0x0, 0x0, 0x0,
    0x0, 0xe, 0x60, 0x0, 0x0, 0x0, 0x3b, 0xbc,
    0xfc, 0xbb, 0xa0, 0x0, 0x4, 0xe3, 0x33, 0x33,
    0x7e, 0x0, 0x0, 0x4f, 0xdd, 0xdd, 0xde, 0xe0,
    0x0, 0x4, 0xd0, 0x0, 0x0, 0x4e, 0x0, 0x0,
    0x4f, 0xee, 0xee, 0xee, 0xe0, 0x0, 0x4, 0xe3,
    0x33, 0x33, 0x7e, 0x0, 0x0, 0x3b, 0xbb, 0xeb,
    0xbb, 0xa0, 0x0, 0x6, 0x36, 0xd, 0xa0, 0x5,
    0x60, 0x7, 0xd6, 0xd0, 0x1e, 0x34, 0x6f, 0x10,
    0xe6, 0x5e, 0x21, 0x12, 0xd6, 0xc8, 0x6, 0x2,
    0xdf, 0xff, 0xfd, 0x12, 0x0,

    /* U+60F3 "想" */
    0x0, 0xf, 0x20, 0x0, 0x0, 0x0, 0x0, 0x0,
    0xf2, 0x5, 0xff, 0xff, 0xe0, 0x3c, 0xcf, 0xcc,
    0x6c, 0x0, 0x4e, 0x0, 0x38, 0xf5, 0x36, 0xfd,
    0xde, 0xe0, 0x0, 0xef, 0xd3, 0x5d, 0x11, 0x5e,
    0x0, 0xa9, 0xf7, 0xe7, 0xfc, 0xcd, 0xe0, 0x5d,
    0x1f, 0x21, 0x5d, 0x22, 0x5e, 0x0, 0x0, 0x91,
    0x7, 0xcc, 0xcc, 0xb0, 0x4, 0x52, 0x55, 0xe3,
    0x0, 0xc5, 0x0, 0xa9, 0x6c, 0x7, 0xb1, 0x57,
    0xe0, 0x2f, 0x36, 0xd1, 0x11, 0x6e, 0xe, 0x60,
    0x50, 0x2d, 0xff, 0xff, 0x70, 0x20,

    /* U+611F "感" */
    0x0, 0x0, 0x0, 0x0, 0x0, 0x0, 0x0, 0x0,
    0x0, 0x0, 0x6b, 0x5c, 0x20, 0x2, 0xdd, 0xdd,
    0xde, 0xfd, 0xfe, 0x60, 0x2e, 0x34, 0x44, 0x6e,
    0x14, 0x40, 0x3, 0xe7, 0xbb, 0xb4, 0xf0, 0xc8,
    0x0, 0x4c, 0x5a, 0xaa, 0xe, 0xaf, 0x10, 0x6,
    0xb8, 0x83, 0xe1, 0x9f, 0x63, 0x20, 0xa7, 0x8a,
    0x7e, 0x3d, 0xf4, 0x78, 0x1f, 0x24, 0x77, 0x7b,
    0x97, 0xff, 0x40, 0x40, 0x24, 0x3d, 0x10, 0x4,
    0x30, 0x4, 0xd7, 0xb0, 0x9c, 0x4, 0xc9, 0x0,
    0xc8, 0x7c, 0x0, 0x32, 0xf4, 0xf2, 0x8, 0x13,
    0xef, 0xff, 0xfa, 0x4, 0x10,

    /* U+6162 "慢" */
    0x0, 0xe3, 0x0, 0x0, 0x0, 0x0, 0x0, 0xe,
    0x31, 0xfd, 0xbb, 0xbf, 0x40, 0x3, 0xea, 0x1f,
    0xb9, 0x99, 0xf4, 0x2, 0xae, 0xb5, 0xca, 0x99,
    0x9c, 0x30, 0x48, 0xe5, 0xbc, 0xcc, 0xcc, 0xcb,
    0x7, 0x5e, 0x3b, 0x41, 0xd2, 0xa2, 0xe0, 0x0,
    0xe3, 0xbd, 0xcf, 0xce, 0xce, 0x0, 0xe, 0x34,
    0x55, 0x55, 0x55, 0x20, 0x0, 0xe3, 0xbf, 0xfc,
    0xcd, 0xf6, 0x0, 0xe, 0x30, 0x3d, 0xb4, 0xd9,
    0x0, 0x0, 0xe3, 0x14, 0x8f, 0xfd, 0x62, 0x0,
    0xe, 0x5e, 0xb7, 0x31, 0x5a, 0xd1, 0x0, 0x0,
    0x0, 0x0, 0x0, 0x0, 0x0,

    /* U+6210 "成" */
    0x0, 0x0, 0x0, 0x0, 0x0, 0x0, 0x0, 0x0,
    0x0, 0x0, 0xf4, 0xd6, 0x0, 0x0, 0x0, 0x0,
    0xf, 0x33, 0xd6, 0x0, 0x5f, 0xff, 0xff, 0xff,
    0xff, 0xf6, 0x5, 0xf3, 0x33, 0x3e, 0x83, 0x33,
    0x10, 0x5f, 0x11, 0x10, 0xc7, 0x8, 0x50, 0x5,
    0xff, 0xff, 0x3a, 0x92, 0xf4, 0x0, 0x5e, 0x0,
    0xf2, 0x7c, 0x9d, 0x0, 0x6, 0xc0, 0xf, 0x24,
    0xff, 0x40, 0x0, 0x8b, 0x2, 0xf0, 0x1f, 0xa0,
    0x41, 0xb, 0x9b, 0xfc, 0xb, 0xfb, 0x9, 0x71,
    0xf5, 0x12, 0x3d, 0xc4, 0xf8, 0xd4, 0x3d, 0x0,
    0x6, 0xa0, 0x5, 0xec, 0x0, 0x0, 0x0, 0x0,
    0x0, 0x0, 0x0,

    /* U+6253 "打" */
    0x0, 0x4e, 0x0, 0x0, 0x0, 0x0, 0x0, 0x4,
    0xe0, 0x4d, 0xdd, 0xdd, 0xd8, 0x2, 0x6e, 0x24,
    0x77, 0x7f, 0xa7, 0x41, 0xff, 0xff, 0x80, 0x0,
    0xe5, 0x0, 0x0, 0x4e, 0x0, 0x0, 0xe, 0x50,
    0x0, 0x4, 0xe0, 0x20, 0x0, 0xe5, 0x0, 0x3,
    0x9f, 0xfa, 0x0, 0xe, 0x50, 0x1, 0xfd, 0xf2,
    0x0, 0x0, 0xe5, 0x0, 0x0, 0x4e, 0x0, 0x0,
    0xe, 0x50, 0x0, 0x4, 0xe0, 0x0, 0x0, 0xe5,
    0x0, 0x1, 0x6e, 0x0, 0x3, 0x3f, 0x50, 0x0,
    0xaf, 0x90, 0x1, 0xff, 0xd1, 0x0, 0x0, 0x0,
    0x0, 0x0, 0x0, 0x0, 0x0,

    /* U+626B "扫" */
    0x0, 0xa7, 0x0, 0x0, 0x0, 0x0, 0x0, 0xa7,
    0x5, 0xaa, 0xaa, 0xa9, 0x13, 0xc9, 0x34, 0x99,
    0x99, 0xbd, 0x7e, 0xff, 0xe1, 0x0, 0x0, 0x4d,
    0x0, 0xa7, 0x0, 0x0, 0x0, 0x4d, 0x0, 0xa9,
    0x64, 0xdd, 0xdd, 0xed, 0x5b, 0xff, 0xb3, 0x55,
    0x55, 0x8d, 0x58, 0xc7, 0x0, 0x0, 0x0, 0x4d,
    0x0, 0xa7, 0x0, 0x0, 0x0, 0x4d, 0x0, 0xa7,
    0x0, 0x0, 0x0, 0x5d, 0x1, 0xb7, 0x8, 0xff,
    0xff, 0xfd, 0x1f, 0xe3, 0x0, 0x11, 0x11, 0x6d,

    /* U+628A "把" */
    0x0, 0xa8, 0x0, 0x0, 0x0, 0x0, 0x0, 0xa,
    0x80, 0x8f, 0xff, 0xff, 0xf2, 0x2, 0xb9, 0x28,
    0xb2, 0xe5, 0x4f, 0x21, 0xff, 0xfc, 0x89, 0xe,
    0x22, 0xf2, 0x0, 0xa8, 0x8, 0x90, 0xe2, 0x2f,
    0x20, 0xa, 0x81, 0x8b, 0x2e, 0x54, 0xf2, 0x5,
    0xdf, 0xf9, 0xff, 0xff, 0xff, 0x22, 0xff, 0xb1,
    0x89, 0x0, 0x2, 0xf2, 0x1, 0xa8, 0x8, 0x90,
    0x0, 0x0, 0x0, 0xa, 0x80, 0x8a, 0x0, 0x0,
    0x68, 0x1, 0xb8, 0x7, 0xd3, 0x22, 0x3c, 0x90,
    0xbe, 0x40, 0x2d, 0xff, 0xff, 0xd2,

    /* U+62DF "拟" */
    0x1, 0xf0, 0x0, 0x0, 0x0, 0x30, 0x0, 0x1f,
    0x0, 0xf3, 0x20, 0xe, 0x40, 0x14, 0xf2, 0xf,
    0x7d, 0x0, 0xf3, 0x9, 0xff, 0xf1, 0xf2, 0xd6,
    0xf, 0x20, 0x1, 0xf0, 0xf, 0x26, 0xc2, 0xf0,
    0x0, 0x1f, 0x0, 0xf2, 0x18, 0x5e, 0x0, 0x27,
    0xff, 0x2f, 0x20, 0x8, 0xb0, 0xa, 0xcf, 0x20,
    0xf2, 0x53, 0xce, 0x0, 0x1, 0xf0, 0xf, 0xce,
    0x6f, 0xe6, 0x0, 0x1f, 0x3, 0xfa, 0x1b, 0xa6,
    0xd0, 0x3, 0xf0, 0x57, 0xa, 0xe2, 0x1f, 0x35,
    0xfa, 0x0, 0x0, 0xb3, 0x0, 0x61,

    /* U+6301 "持" */
    0x0, 0x97, 0x0, 0x0, 0xe3, 0x0, 0x0, 0x9,
    0x70, 0x12, 0x2e, 0x52, 0x20, 0x3, 0xb9, 0x27,
    0xff, 0xff, 0xfe, 0x2, 0xbe, 0xd8, 0x0, 0xe,
    0x30, 0x0, 0x0, 0x97, 0xf, 0xff, 0xff, 0xff,
    0x70, 0x9, 0x82, 0x22, 0x22, 0x5e, 0x21, 0x4,
    0xcf, 0xc3, 0x33, 0x36, 0xf3, 0x14, 0xfe, 0xa1,
    0xcd, 0xdd, 0xef, 0xd6, 0x0, 0x97, 0x0, 0xb2,
    0x3, 0xe0, 0x0, 0x9, 0x70, 0x8, 0xc0, 0x3e,
    0x0, 0x1, 0xb7, 0x0, 0x8, 0x15, 0xe0, 0x0,
    0xce, 0x30, 0x0, 0xd, 0xfa, 0x0, 0x0, 0x0,
    0x0, 0x0, 0x0, 0x0, 0x0,

    /* U+6309 "按" */
    0x0, 0x0, 0x0, 0x0, 0x0, 0x0, 0x0, 0x8,
    0x90, 0x0, 0x2f, 0x10, 0x0, 0x0, 0x89, 0x2,
    0x33, 0xf7, 0x33, 0x0, 0x29, 0xa2, 0xcf, 0xff,
    0xff, 0xf4, 0x3f, 0xff, 0xec, 0x44, 0x50, 0xe,
    0x40, 0x8, 0x90, 0x31, 0xc7, 0x0, 0x41, 0x0,
    0x89, 0x2f, 0xff, 0xff, 0xff, 0x60, 0x1a, 0xee,
    0x3a, 0xb2, 0x4f, 0x31, 0x3f, 0xfc, 0x31, 0xf4,
    0x7, 0xc0, 0x0, 0x28, 0x90, 0x2c, 0xe6, 0xe5,
    0x0, 0x0, 0x89, 0x0, 0x7, 0xff, 0x30, 0x0,
    0x19, 0x90, 0x38, 0xfa, 0x9f, 0x80, 0xd, 0xe5,
    0xc, 0xa4, 0x0, 0x4c, 0x10, 0x0, 0x0, 0x0,
    0x0, 0x0, 0x0,

    /* U+6311 "挑" */
    0x0, 0xe2, 0x0, 0xb4, 0x3d, 0x0, 0x0, 0xe,
    0x20, 0xc, 0x43, 0xe0, 0x20, 0x12, 0xe5, 0x87,
    0xc4, 0x3e, 0x4d, 0x6, 0xff, 0xf7, 0xec, 0x43,
    0xea, 0x60, 0x0, 0xe2, 0xa, 0xe4, 0x3e, 0xb0,
    0x0, 0xe, 0x52, 0xc, 0x43, 0xe0, 0x0, 0x17,
    0xff, 0x43, 0xe4, 0x3f, 0xc1, 0x7, 0xbf, 0x37,
    0xef, 0x33, 0xe8, 0xc0, 0x0, 0xe3, 0xa5, 0xf0,
    0x3e, 0x9, 0x10, 0xe, 0x20, 0x9b, 0x3, 0xe0,
    0x92, 0x2, 0xf2, 0x7f, 0x20, 0x3f, 0x3d, 0x31,
    0xfc, 0x1b, 0x30, 0x0, 0xad, 0xb0,

    /* U+6362 "换" */
    0x0, 0x0, 0x0, 0x0, 0x0, 0x0, 0x0, 0xb,
    0x70, 0x2, 0xe2, 0x0, 0x0, 0x0, 0xb7, 0x0,
    0xcf, 0xee, 0xe5, 0x1, 0x8e, 0xc5, 0xad, 0x10,
    0x9d, 0x0, 0x18, 0xdb, 0x7f, 0xed, 0xdf, 0xec,
    0x0, 0xb, 0x70, 0x8a, 0x1e, 0x45, 0xe0, 0x0,
    0xb9, 0x48, 0xa0, 0xe3, 0x4e, 0x1, 0x8e, 0xf9,
    0x8a, 0xf, 0x24, 0xe0, 0x1a, 0xd7, 0x5f, 0xff,
    0xff, 0xff, 0xb0, 0xb, 0x70, 0x11, 0xbf, 0xb1,
    0x10, 0x0, 0xb7, 0x0, 0x7d, 0x1d, 0x80, 0x0,
    0x2c, 0x71, 0xae, 0x20, 0x2e, 0xc3, 0xc, 0xe3,
    0xca, 0x10, 0x0, 0x8, 0xa0, 0x0, 0x0, 0x0,
    0x0, 0x0, 0x0,

    /* U+636E "据" */
    0x0, 0xa6, 0x0, 0x0, 0x0, 0x0, 0x0, 0xa,
    0x60, 0xaf, 0xff, 0xff, 0xf3, 0x4, 0xc9, 0x3a,
    0xb0, 0x0, 0xf, 0x32, 0xbe, 0xd9, 0xaf, 0xff,
    0xff, 0xf3, 0x0, 0xa6, 0xa, 0xb1, 0x3e, 0x11,
    0x0, 0xa, 0x95, 0xbe, 0xcc, 0xfc, 0xc4, 0x29,
    0xff, 0x9c, 0xa3, 0x5f, 0x33, 0x13, 0xcd, 0x60,
    0xd6, 0x3, 0xe0, 0x0, 0x0, 0xa6, 0xf, 0x8f,
    0xff, 0xff, 0x30, 0xa, 0x63, 0xf5, 0xc0, 0x0,
    0xd3, 0x1, 0xb6, 0x99, 0x4d, 0x33, 0x3d, 0x30,
    0xee, 0x3d, 0x24, 0xfc, 0xcc, 0xf3, 0x0, 0x0,
    0x0, 0x1, 0x0, 0x1, 0x0,

    /* U+6392 "排" */
    0x0, 0x8a, 0x0, 0xd, 0x3a, 0x60, 0x0, 0x8,
    0xa0, 0x0, 0xe3, 0xb6, 0x0, 0x2, 0x9b, 0x27,
    0xaf, 0x3b, 0xca, 0x31, 0xff, 0xfe, 0x57, 0xf3,
    0xbb, 0x72, 0x0, 0x8a, 0x0, 0x1e, 0x3b, 0x71,
    0x0, 0x8, 0xa2, 0xaf, 0xf3, 0xbf, 0xf3, 0x4,
    0xcf, 0xe0, 0xe, 0x3b, 0x60, 0x2, 0xfe, 0xc1,
    0x22, 0xe3, 0xb7, 0x10, 0x0, 0x8a, 0xe, 0xef,
    0x3b, 0xff, 0x70, 0x8, 0xa0, 0x0, 0xe3, 0xb6,
    0x0, 0x0, 0x9a, 0x0, 0xe, 0x3b, 0x60, 0x0,
    0xbf, 0x50, 0x0, 0xe3, 0xb6, 0x0, 0x0, 0x0,
    0x0, 0x0, 0x0, 0x0, 0x0,

    /* U+63A2 "探" */
    0x0, 0xa7, 0x0, 0x0, 0x0, 0x0, 0x0, 0xa,
    0x70, 0xff, 0xff, 0xff, 0xf1, 0x2, 0xb8, 0x1f,
    0x2, 0x3, 0xe, 0x11, 0xff, 0xf9, 0x77, 0xd0,
    0xba, 0x60, 0x0, 0xa7, 0x8, 0xe2, 0x0, 0xb9,
    0x0, 0xa, 0x94, 0x71, 0xd, 0x20, 0x60, 0x19,
    0xfe, 0x8d, 0xdd, 0xfd, 0xdd, 0x30, 0xac, 0x70,
    0x34, 0xef, 0xf5, 0x30, 0x0, 0xa7, 0x0, 0x9b,
    0xfb, 0xb0, 0x0, 0xa, 0x70, 0x9e, 0x1f, 0x3d,
    0xa0, 0x0, 0xb7, 0x9d, 0x20, 0xf2, 0x2d, 0x50,
    0xce, 0x30, 0x0, 0xf, 0x20, 0x10,

    /* U+63A5 "接" */
    0x3, 0xe0, 0x0, 0x9, 0x70, 0x0, 0x0, 0x3e,
    0x3, 0xdd, 0xef, 0xdd, 0xa0, 0x6a, 0xf9, 0x14,
    0xb2, 0x29, 0x82, 0x5, 0xaf, 0x80, 0xd, 0x41,
    0xf3, 0x0, 0x3, 0xe0, 0x8d, 0xed, 0xef, 0xdd,
    0x10, 0x3e, 0x21, 0x22, 0xd4, 0x22, 0x20, 0x18,
    0xff, 0x21, 0x5f, 0x11, 0x11, 0xb, 0xef, 0x3c,
    0xef, 0xee, 0xff, 0xe3, 0x3, 0xe0, 0x7, 0xd0,
    0xd, 0x70, 0x0, 0x3e, 0x0, 0x8e, 0xca, 0xd0,
    0x0, 0x5, 0xe0, 0x13, 0x7e, 0xdf, 0x91, 0x4,
    0xf9, 0xc, 0xd9, 0x30, 0x2a, 0x90, 0x0, 0x0,
    0x0, 0x0, 0x0, 0x0, 0x0,

    /* U+63A7 "控" */
    0x0, 0x0, 0x0, 0x0, 0x0, 0x0, 0x0, 0x2e,
    0x0, 0x0, 0x89, 0x0, 0x0, 0x2, 0xe0, 0x25,
    0x59, 0xf5, 0x55, 0x3, 0x7f, 0x58, 0xec, 0xcc,
    0xcc, 0xf1, 0x7c, 0xfc, 0x99, 0x24, 0x4, 0xf,
    0x10, 0x2e, 0x0, 0x2e, 0x61, 0xd8, 0x0, 0x2,
    0xe0, 0x3e, 0x80, 0x1, 0xd8, 0x0, 0x4f, 0xd3,
    0x83, 0x33, 0x35, 0x30, 0x9f, 0xf5, 0xb, 0xce,
    0xfc, 0xc4, 0x3, 0x4e, 0x0, 0x0, 0x6c, 0x0,
    0x0, 0x2, 0xe0, 0x0, 0x6, 0xc0, 0x0, 0x0,
    0x4e, 0x3, 0x33, 0x9d, 0x33, 0x30, 0x5f, 0x90,
    0xbc, 0xcc, 0xcc, 0xcc, 0x30,

    /* U+63A8 "推" */
    0x0, 0xa7, 0x0, 0x69, 0x39, 0x0, 0x0, 0xa,
    0x70, 0xd, 0x81, 0xf2, 0x0, 0x2, 0xb9, 0x24,
    0xf9, 0x6d, 0x96, 0x3, 0xef, 0xfd, 0xdf, 0xab,
    0xfb, 0xa1, 0x0, 0xa7, 0x9f, 0xf1, 0x2f, 0x21,
    0x0, 0xa, 0x8c, 0x7f, 0xff, 0xff, 0xf0, 0x5,
    0xdf, 0xd2, 0xf0, 0xf, 0x0, 0x3, 0xff, 0xa0,
    0x2f, 0x45, 0xf5, 0x40, 0x0, 0xa7, 0x2, 0xfc,
    0xcf, 0xcb, 0x0, 0xa, 0x70, 0x2f, 0x0, 0xf0,
    0x0, 0x2, 0xb7, 0x2, 0xff, 0xff, 0xff, 0x60,
    0xde, 0x30, 0x2f, 0x22, 0x22, 0x21, 0x0, 0x0,
    0x0, 0x0, 0x0, 0x0, 0x0,

    /* U+63CF "描" */
    0x0, 0x0, 0x0, 0x0, 0x0, 0x0, 0x0, 0xb,
    0x50, 0x3, 0xe0, 0x3f, 0x0, 0x0, 0xb5, 0x1,
    0x5e, 0x15, 0xf1, 0x11, 0x5d, 0x94, 0xff, 0xff,
    0xff, 0xf8, 0x2a, 0xec, 0x70, 0x3e, 0x3, 0xf0,
    0x0, 0xb, 0x50, 0x1, 0x60, 0x16, 0x0, 0x0,
    0xb6, 0x27, 0xff, 0xff, 0xff, 0x10, 0x6e, 0xfb,
    0x8b, 0x1b, 0x61, 0xf1, 0x4f, 0xf8, 0x8, 0xb1,
    0xb6, 0x1f, 0x10, 0xb, 0x50, 0x8f, 0xef, 0xfe,
    0xf1, 0x0, 0xb5, 0x8, 0xb0, 0xa5, 0xf, 0x10,
    0x1c, 0x50, 0x8f, 0xef, 0xff, 0xf1, 0xe, 0xd2,
    0x8, 0xb1, 0x11, 0x2f, 0x10, 0x0, 0x0, 0x0,
    0x0, 0x0, 0x0,

    /* U+641C "搜" */
    0x0, 0x0, 0x0, 0x0, 0x0, 0x0, 0x0, 0xa,
    0x60, 0x3, 0x4e, 0x20, 0x0, 0x0, 0xa6, 0x9,
    0xd7, 0xe8, 0xff, 0x11, 0x6d, 0xa4, 0xc2, 0xe,
    0x20, 0xf1, 0x2b, 0xed, 0x7c, 0xe4, 0xe6, 0xef,
    0x10, 0xa, 0x60, 0xc2, 0xe, 0x20, 0xf1, 0x0,
    0xa9, 0x4c, 0xff, 0xff, 0xff, 0x11, 0x7e, 0xe7,
    0x0, 0xe, 0x20, 0x0, 0x1b, 0xd6, 0xd, 0xff,
    0xff, 0xfd, 0x0, 0xa, 0x60, 0x3e, 0x50, 0x3e,
    0x60, 0x0, 0xa6, 0x0, 0x4f, 0x8e, 0x80, 0x0,
    0x2c, 0x60, 0x48, 0xef, 0xf9, 0x40, 0xc, 0xe3,
    0x8e, 0xa5, 0x2, 0x8d, 0x60, 0x0, 0x0, 0x0,
    0x0, 0x0, 0x0,

    /* U+64AD "播" */
    0x0, 0xe2, 0x0, 0x23, 0x68, 0xc2, 0x0, 0xe,
    0x25, 0xed, 0xee, 0x89, 0x20, 0x26, 0xf8, 0x37,
    0x96, 0xa4, 0xd0, 0x3, 0x8f, 0x9c, 0xde, 0xef,
    0xfe, 0xd1, 0x0, 0xe2, 0x12, 0xbf, 0xef, 0x42,
    0x0, 0xe, 0x73, 0x8d, 0x7a, 0x7e, 0x30, 0x28,
    0xff, 0xec, 0x14, 0x70, 0x7f, 0x37, 0xbf, 0x33,
    0xfe, 0xff, 0xef, 0x80, 0x0, 0xe2, 0xf, 0x16,
    0x90, 0xa6, 0x0, 0xe, 0x20, 0xfd, 0xef, 0xdf,
    0x60, 0x2, 0xf2, 0xf, 0x48, 0xb3, 0xc6, 0x2,
    0xfc, 0x0, 0xfb, 0xaa, 0xad, 0x60,

    /* U+6536 "收" */
    0x0, 0x0, 0x0, 0x1, 0x0, 0x0, 0x0, 0x0,
    0xf, 0x20, 0xd7, 0x0, 0x0, 0x7, 0x20, 0xf2,
    0x1f, 0x40, 0x0, 0x0, 0xe4, 0xf, 0x24, 0xf5,
    0x33, 0x30, 0xe, 0x40, 0xf2, 0x9f, 0xee, 0xff,
    0x30, 0xe4, 0xf, 0x4f, 0xb0, 0xf, 0x30, 0xe,
    0x40, 0xfb, 0xef, 0x13, 0xf0, 0x0, 0xe4, 0xf,
    0x64, 0xa8, 0x8b, 0x0, 0xe, 0x55, 0xf2, 0x3,
    0xee, 0x40, 0x2, 0xff, 0xdf, 0x20, 0xc, 0xd0,
    0x0, 0x19, 0x20, 0xf2, 0x6, 0xff, 0x60, 0x0,
    0x0, 0xf, 0x49, 0xf4, 0x4f, 0x90, 0x0, 0x0,
    0xf6, 0xc3, 0x0, 0x3b, 0x10, 0x0, 0x0, 0x0,
    0x0, 0x0, 0x0,

    /* U+6539 "改" */
    0x0, 0x0, 0x0, 0x2, 0x90, 0x0, 0x0, 0xdd,
    0xdd, 0xb0, 0x6d, 0x0, 0x0, 0x5, 0x55, 0x9d,
    0xb, 0xc5, 0x55, 0x20, 0x0, 0x5, 0xd1, 0xfd,
    0xce, 0xf7, 0x3, 0x33, 0x7d, 0x9f, 0x50, 0x9a,
    0x0, 0xdf, 0xff, 0xef, 0xda, 0xc, 0x60, 0xd,
    0x50, 0x0, 0x62, 0xf3, 0xf2, 0x0, 0xd5, 0x0,
    0x0, 0xc, 0xdb, 0x0, 0xd, 0x50, 0x4, 0x0,
    0x7f, 0x40, 0x0, 0xea, 0xaf, 0xd0, 0x2e, 0xfb,
    0x0, 0x2f, 0xf9, 0x30, 0x6e, 0xb2, 0xec, 0x20,
    0x60, 0x0, 0x1e, 0x80, 0x1, 0xb7, 0x0, 0x0,
    0x0, 0x0, 0x0, 0x0, 0x0,

    /* U+653E "放" */
    0x0, 0x46, 0x0, 0x5, 0x70, 0x0, 0x0, 0x3,
    0xe0, 0x0, 0xb9, 0x0, 0x0, 0x6a, 0xad, 0xaa,
    0x1e, 0x94, 0x44, 0x14, 0x9f, 0x77, 0x74, 0xfc,
    0xcf, 0xd3, 0x2, 0xf2, 0x21, 0xcf, 0x20, 0xf2,
    0x0, 0x2f, 0xff, 0xdf, 0xd7, 0x3e, 0x0, 0x3,
    0xe0, 0x9a, 0x76, 0xc9, 0xa0, 0x0, 0x5c, 0x9,
    0x80, 0x1f, 0xf4, 0x0, 0x7, 0xa0, 0xa8, 0x0,
    0xce, 0x0, 0x0, 0xc7, 0xb, 0x70, 0x6f, 0xf7,
    0x0, 0x5f, 0x21, 0xd6, 0x9f, 0x55, 0xf8, 0x8,
    0x63, 0xfd, 0x6d, 0x30, 0x4, 0xd1, 0x0, 0x0,
    0x0, 0x0, 0x0, 0x0, 0x0,

    /* U+6570 "数" */
    0x6, 0x1b, 0x55, 0x40, 0xc1, 0x0, 0x0, 0x97,
    0xb6, 0xe3, 0x3f, 0x0, 0x0, 0x18, 0x9d, 0xaa,
    0x57, 0xd3, 0x33, 0x13, 0x9c, 0xff, 0xa9, 0xaf,
    0xef, 0xf4, 0x5, 0xde, 0xbd, 0x4f, 0xb0, 0xc5,
    0x4, 0xc2, 0x83, 0x29, 0xcf, 0x1f, 0x20, 0x0,
    0x4d, 0x0, 0x54, 0xc8, 0xe0, 0x1, 0xef, 0xfe,
    0xf5, 0x7, 0xf8, 0x0, 0x3, 0xf1, 0x4e, 0x0,
    0x3f, 0x30, 0x0, 0x3c, 0xde, 0x50, 0xc, 0xfb,
    0x0, 0x2, 0x9f, 0xda, 0x2c, 0xc1, 0xda, 0x3,
    0xfa, 0x20, 0x2e, 0xa0, 0x2, 0xd4, 0x0, 0x0,
    0x0, 0x10, 0x0, 0x0, 0x0,

    /* U+6574 "整" */
    0x0, 0xe, 0x20, 0x1, 0xd1, 0x0, 0x5, 0xdd,
    0xfe, 0xd8, 0x7f, 0xbb, 0xb1, 0x1d, 0xcf, 0xdd,
    0x6f, 0xa3, 0xd6, 0x1, 0xe0, 0xe2, 0xbc, 0xce,
    0x4e, 0x0, 0xb, 0xef, 0xec, 0x30, 0x8f, 0x70,
    0x0, 0x7c, 0xf9, 0xc2, 0x7e, 0xbd, 0x60, 0x47,
    0x8, 0x10, 0x49, 0x20, 0x3a, 0x0, 0xbf, 0xff,
    0xff, 0xff, 0xff, 0x60, 0x2, 0x34, 0x36, 0xf3,
    0x33, 0x31, 0x0, 0x7, 0xa0, 0x3f, 0xee, 0xe8,
    0x0, 0x0, 0x7b, 0x3, 0xf0, 0x0, 0x0, 0x8,
    0xff, 0xff, 0xff, 0xff, 0xff, 0xf2,

    /* U+6599 "料" */
    0x0, 0x0, 0x0, 0x0, 0x0, 0x0, 0x0, 0x15,
    0xd0, 0x30, 0x10, 0x1f, 0x0, 0x1b, 0x5d, 0x4c,
    0x1e, 0x71, 0xf0, 0x0, 0xd5, 0xd8, 0x70, 0x2d,
    0x4f, 0x0, 0x8, 0x7d, 0x91, 0x0, 0x1, 0xf0,
    0x3, 0xcd, 0xfc, 0xba, 0x90, 0x1f, 0x0, 0x15,
    0xef, 0x54, 0x1b, 0xa1, 0xf0, 0x0, 0x2f, 0xfa,
    0x0, 0x1, 0x1f, 0x10, 0x8, 0xcd, 0xc7, 0x3,
    0x69, 0xff, 0x91, 0xf6, 0xd3, 0x6f, 0xfc, 0xaf,
    0x40, 0x58, 0x5d, 0x0, 0x20, 0x1, 0xf0, 0x0,
    0x15, 0xd0, 0x0, 0x0, 0x1f, 0x0, 0x0, 0x5d,
    0x0, 0x0, 0x1, 0xf0, 0x0, 0x0, 0x0, 0x0,
    0x0, 0x0, 0x0,

    /* U+65B0 "新" */
    0x0, 0x1, 0x0, 0x0, 0x0, 0x0, 0x0, 0x0,
    0xe3, 0x0, 0x2, 0x6b, 0xa0, 0xc, 0xcf, 0xec,
    0x8b, 0xea, 0x72, 0x0, 0x5b, 0x36, 0xc2, 0xb5,
    0x0, 0x0, 0x0, 0xf0, 0x98, 0xb, 0x50, 0x0,
    0x4, 0xef, 0xef, 0xfc, 0xbe, 0xcc, 0xc5, 0x1,
    0x1b, 0x61, 0x1b, 0x94, 0xf7, 0x20, 0x44, 0xc8,
    0x42, 0xc4, 0xf, 0x30, 0x2c, 0xce, 0xdc, 0x8d,
    0x30, 0xf3, 0x0, 0x56, 0xb6, 0x90, 0xe2, 0xf,
    0x30, 0xe, 0x4b, 0x5c, 0x6f, 0x0, 0xf3, 0x2,
    0x80, 0xb5, 0x39, 0xc0, 0xf, 0x30, 0x0, 0xae,
    0x20, 0x95, 0x0, 0xf3, 0x0, 0x0, 0x0, 0x0,
    0x0, 0x3, 0x0,

    /* U+65B9 "方" */
    0x0, 0x0, 0x0, 0x10, 0x0, 0x0, 0x0, 0x0,
    0x0, 0x3f, 0x20, 0x0, 0x0, 0x0, 0x0, 0x0,
    0xd7, 0x0, 0x0, 0x2, 0xff, 0xff, 0xff, 0xff,
    0xff, 0xf2, 0x3, 0x33, 0xda, 0x33, 0x33, 0x33,
    0x0, 0x0, 0xd, 0x70, 0x0, 0x0, 0x0, 0x0,
    0x0, 0xef, 0xee, 0xee, 0xd0, 0x0, 0x0, 0x2f,
    0x53, 0x33, 0x8d, 0x0, 0x0, 0x6, 0xf0, 0x0,
    0x7, 0xc0, 0x0, 0x0, 0xd9, 0x0, 0x0, 0x8a,
    0x0, 0x0, 0x6f, 0x20, 0x0, 0xb, 0x80, 0x0,
    0x6f, 0x60, 0x2, 0x23, 0xf5, 0x0, 0x2e, 0x60,
    0x0, 0xbf, 0xfb, 0x0, 0x0, 0x0, 0x0, 0x0,
    0x0, 0x0, 0x0,

    /* U+65E5 "日" */
    0xef, 0xff, 0xff, 0xff, 0xee, 0x73, 0x33, 0x33,
    0x8e, 0xe4, 0x0, 0x0, 0x5, 0xee, 0x40, 0x0,
    0x0, 0x5e, 0xee, 0xee, 0xee, 0xef, 0xee, 0x84,
    0x44, 0x44, 0x8e, 0xe4, 0x0, 0x0, 0x5, 0xee,
    0x40, 0x0, 0x0, 0x5e, 0xe7, 0x22, 0x22, 0x27,
    0xee, 0xff, 0xff, 0xff, 0xfe, 0xe5, 0x0, 0x0,
    0x5, 0xd0,

    /* U+65E9 "早" */
    0x0, 0xcf, 0xff, 0xff, 0xff, 0xf3, 0x0, 0xc,
    0x71, 0x11, 0x11, 0x2f, 0x30, 0x0, 0xcf, 0xff,
    0xff, 0xff, 0xf3, 0x0, 0xc, 0x60, 0x0, 0x0,
    0xf, 0x30, 0x0, 0xcf, 0xff, 0xff, 0xff, 0xf3,
    0x0, 0x1, 0x11, 0x1f, 0x51, 0x11, 0x0, 0x0,
    0x0, 0x0, 0xf5, 0x0, 0x0, 0x1, 0xff, 0xff,
    0xff, 0xff, 0xff, 0xf9, 0x1, 0x11, 0x11, 0xf5,
    0x11, 0x11, 0x0, 0x0, 0x0, 0xe, 0x40, 0x0,
    0x0, 0x0, 0x0, 0x0, 0xe4, 0x0, 0x0, 0x0,

    /* U+65F6 "时" */
    0x0, 0x0, 0x0, 0x0, 0x3f, 0x0, 0xde, 0xee,
    0x20, 0x0, 0x3f, 0x0, 0xf7, 0x5f, 0x43, 0x33,
    0x6f, 0x41, 0xf2, 0xe, 0x7f, 0xff, 0xff, 0xf7,
    0xf4, 0x1e, 0x30, 0x0, 0x3f, 0x0, 0xff, 0xff,
    0x3b, 0x70, 0x3f, 0x0, 0xf2, 0xe, 0x33, 0xf2,
    0x3f, 0x0, 0xf2, 0xe, 0x30, 0x9c, 0x3f, 0x0,
    0xf5, 0x3f, 0x30, 0x13, 0x3f, 0x0, 0xfe, 0xdd,
    0x20, 0x0, 0x3f, 0x0, 0xa1, 0x0, 0x0, 0x23,
    0x6f, 0x0, 0x0, 0x0, 0x0, 0x8f, 0xe9, 0x0,
    0x0, 0x0, 0x0, 0x0, 0x0, 0x0,

    /* U+660E "明" */
    0x0, 0x0, 0x1, 0x33, 0x33, 0x30, 0xff, 0xff,
    0x25, 0xfe, 0xee, 0xf1, 0xf4, 0x1e, 0x25, 0xd0,
    0x1, 0xf1, 0xf2, 0xe, 0x25, 0xe5, 0x56, 0xf1,
    0xff, 0xff, 0x25, 0xfb, 0xbc, 0xf1, 0xf4, 0x1e,
    0x25, 0xd0, 0x1, 0xf1, 0xf2, 0xe, 0x26, 0xd0,
    0x2, 0xf1, 0xf6, 0x4f, 0x28, 0xff, 0xff, 0xf1,
    0xfd, 0xdd, 0x2d, 0x82, 0x23, 0xf1, 0xe2, 0x0,
    0x5f, 0x10, 0x1, 0xf1, 0x0, 0x4, 0xf8, 0x0,
    0x24, 0xf0, 0x0, 0xc, 0x90, 0x0, 0xdf, 0xa0,
    0x0, 0x0, 0x0, 0x0, 0x0, 0x0,

    /* U+6628 "昨" */
    0x0, 0x0, 0x0, 0x0, 0x0, 0x0, 0x0, 0x0,
    0x3, 0xe0, 0x0, 0x0, 0xff, 0xfe, 0x8, 0xc0,
    0x0, 0x0, 0xf3, 0x4e, 0xd, 0xff, 0xff, 0xf9,
    0xf2, 0x3e, 0x6e, 0x6e, 0x22, 0x21, 0xf3, 0x5f,
    0xe7, 0x4e, 0x0, 0x0, 0xff, 0xfe, 0x50, 0x4f,
    0xff, 0xf5, 0xf2, 0x3e, 0x0, 0x4e, 0x11, 0x10,
    0xf2, 0x3e, 0x0, 0x4e, 0x11, 0x10, 0xf5, 0x6e,
    0x0, 0x4f, 0xff, 0xf6, 0xfe, 0xdc, 0x0, 0x4e,
    0x0, 0x0, 0x91, 0x0, 0x0, 0x4e, 0x0, 0x0,
    0x0, 0x0, 0x0, 0x4e, 0x0, 0x0,

    /* U+662F "是" */
    0x0, 0xee, 0xee, 0xee, 0xee, 0xd0, 0x0, 0xe,
    0xed, 0xdd, 0xdd, 0xed, 0x0, 0x0, 0xe4, 0x0,
    0x0, 0x6, 0xd0, 0x0, 0xe, 0xff, 0xff, 0xff,
    0xfd, 0x0, 0x1, 0x11, 0x11, 0x11, 0x11, 0x11,
    0x2, 0xff, 0xff, 0xff, 0xff, 0xff, 0xf3, 0x0,
    0x2a, 0x0, 0xf3, 0x0, 0x0, 0x0, 0x8, 0xe0,
    0xf, 0xff, 0xff, 0x50, 0x0, 0xef, 0x70, 0xf4,
    0x0, 0x0, 0x0, 0xad, 0x3f, 0xbf, 0x52, 0x22,
    0x21, 0x4e, 0x30, 0x29, 0xdf, 0xff, 0xff, 0x40,
    0x10, 0x0, 0x0, 0x0, 0x0, 0x0,

    /* U+665A "晚" */
    0x0, 0x0, 0x0, 0x0, 0x0, 0x0, 0x22, 0x22,
    0x3, 0xf0, 0x0, 0x0, 0xfe, 0xed, 0xb, 0xff,
    0xf7, 0x0, 0xf1, 0x3d, 0x6e, 0x2, 0xe1, 0x0,
    0xf1, 0x3f, 0xfe, 0xde, 0xfd, 0xd0, 0xf8, 0x9d,
    0x8a, 0x2f, 0x54, 0xf0, 0xf9, 0xad, 0x69, 0xf,
    0x11, 0xf0, 0xf1, 0x3d, 0x6e, 0xcf, 0xcc, 0xf0,
    0xf1, 0x3d, 0x13, 0x9f, 0xe3, 0x30, 0xf5, 0x7d,
    0x0, 0xdc, 0xd0, 0x0, 0xfc, 0xca, 0x8, 0xe6,
    0xd0, 0x42, 0x80, 0x1, 0x9f, 0x44, 0xe1, 0x97,
    0x0, 0xe, 0xc3, 0x1, 0xef, 0xf2, 0x0, 0x1,
    0x0, 0x0, 0x0, 0x0,

    /* U+6668 "晨" */
    0x0, 0xbe, 0xdd, 0xdd, 0xdd, 0xf1, 0x0, 0xb,
    0xec, 0xcc, 0xcc, 0xdf, 0x10, 0x0, 0xba, 0x77,
    0x77, 0x78, 0xf1, 0x0, 0x4, 0x66, 0x66, 0x66,
    0x66, 0x0, 0x4, 0xfe, 0xee, 0xee, 0xee, 0xee,
    0x10, 0x4e, 0x37, 0x77, 0x77, 0x77, 0x0, 0x5,
    0xe2, 0x66, 0x66, 0x66, 0x60, 0x0, 0x6f, 0xef,
    0xee, 0xfe, 0xee, 0xe4, 0x8, 0xa0, 0xe4, 0xc,
    0x94, 0xd5, 0x0, 0xd7, 0xf, 0x65, 0x6b, 0xfa,
    0x30, 0x3f, 0x16, 0xfd, 0x94, 0x4, 0xae, 0x50,
    0x10, 0x1, 0x0, 0x0, 0x0, 0x0,

    /* U+666F "景" */
    0x0, 0xcd, 0xcc, 0xcc, 0xce, 0xc0, 0x0, 0xc,
    0xdb, 0xbb, 0xbb, 0xdc, 0x0, 0x0, 0xcb, 0x88,
    0x88, 0x8b, 0xc0, 0x0, 0x4, 0x44, 0x7e, 0x54,
    0x44, 0x0, 0x3e, 0xee, 0xee, 0xee, 0xee, 0xee,
    0x20, 0x4, 0x88, 0x88, 0x88, 0x84, 0x0, 0x0,
    0x8b, 0x33, 0x33, 0x3b, 0x90, 0x0, 0x8, 0xfd,
    0xdd, 0xdd, 0xf9, 0x0, 0x0, 0x8, 0x41, 0xf1,
    0x65, 0x0, 0x0, 0x7e, 0xb1, 0x1f, 0x14, 0xcd,
    0x50, 0x19, 0x40, 0x9f, 0xc0, 0x0, 0x59, 0x0,

    /* U+667A "智" */
    0x0, 0x0, 0x0, 0x0, 0x0, 0x0, 0x0, 0xe,
    0x20, 0x0, 0x0, 0x0, 0x0, 0x6, 0xff, 0xff,
    0x6b, 0xff, 0xff, 0x0, 0xd3, 0x89, 0x0, 0xb7,
    0x14, 0xf0, 0x1d, 0xce, 0xec, 0x9b, 0x60, 0x2f,
    0x0, 0x34, 0xfd, 0x52, 0xb7, 0x14, 0xf0, 0x0,
    0xbb, 0x9e, 0x4b, 0xff, 0xff, 0x0, 0xda, 0x21,
    0x63, 0x11, 0x11, 0x0, 0x0, 0x4f, 0xdd, 0xdd,
    0xde, 0xe0, 0x0, 0x4, 0xe2, 0x22, 0x22, 0x6e,
    0x0, 0x0, 0x4f, 0xcc, 0xcc, 0xcd, 0xe0, 0x0,
    0x4, 0xe3, 0x33, 0x33, 0x7e, 0x0, 0x0, 0x4f,
    0xcc, 0xcc, 0xcd, 0xe0, 0x0,

    /* U+6696 "暖" */
    0x0, 0x0, 0x0, 0x12, 0x35, 0x73, 0x0, 0xff,
    0xf8, 0xed, 0xcb, 0x89, 0x20, 0xf, 0x2d, 0x3b,
    0x47, 0x82, 0xf2, 0x0, 0xf0, 0xd5, 0xbb, 0xab,
    0xcc, 0x70, 0xf, 0x7e, 0x55, 0xda, 0x55, 0x54,
    0x0, 0xf9, 0xfc, 0xdf, 0xed, 0xdd, 0xd1, 0xf,
    0xd, 0x53, 0xf4, 0x22, 0x22, 0x0, 0xf0, 0xd3,
    0x5f, 0xff, 0xff, 0x20, 0xf, 0x5e, 0x3a, 0xfa,
    0x27, 0xd0, 0x0, 0xfc, 0xc6, 0xf6, 0xe8, 0xe3,
    0x0, 0x8, 0x2, 0xea, 0x4a, 0xfe, 0x83, 0x0,
    0x0, 0x59, 0x4d, 0x60, 0x29, 0xd1, 0x0, 0x0,
    0x0, 0x0, 0x0, 0x0, 0x0,

    /* U+66F2 "曲" */
    0x0, 0xe, 0x40, 0xe4, 0x0, 0x0, 0x0, 0xe4,
    0xe, 0x40, 0x0, 0x33, 0x3f, 0x73, 0xf7, 0x33,
    0x3e, 0xff, 0xff, 0xff, 0xff, 0xfd, 0xe3, 0xe,
    0x40, 0xe4, 0x5, 0xde, 0x30, 0xe4, 0xe, 0x40,
    0x5d, 0xee, 0xdf, 0xed, 0xfe, 0xde, 0xde, 0x74,
    0xf7, 0x4f, 0x74, 0x8d, 0xe3, 0xe, 0x40, 0xe4,
    0x5, 0xde, 0x30, 0xe4, 0xe, 0x40, 0x5d, 0xef,
    0xff, 0xff, 0xff, 0xff, 0xde, 0x63, 0x33, 0x33,
    0x33, 0x7c,

    /* U+66F4 "更" */
    0x1f, 0xff, 0xff, 0xff, 0xff, 0xff, 0x10, 0x11,
    0x11, 0x2f, 0x51, 0x11, 0x10, 0x0, 0xff, 0xff,
    0xff, 0xff, 0xf4, 0x0, 0xf, 0x20, 0xf, 0x30,
    0xe, 0x40, 0x0, 0xff, 0xef, 0xff, 0xee, 0xf4,
    0x0, 0xf, 0x30, 0x1f, 0x40, 0xe, 0x40, 0x0,
    0xef, 0xef, 0xff, 0xee, 0xe4, 0x0, 0x5, 0xc1,
    0x7d, 0x0, 0x0, 0x0, 0x0, 0xa, 0xdf, 0x50,
    0x0, 0x0, 0x0, 0x16, 0xcf, 0xfd, 0x96, 0x43,
    0x21, 0x1f, 0xd8, 0x10, 0x49, 0xcd, 0xef, 0x40,
    0x0, 0x0, 0x0, 0x0, 0x0, 0x0,

    /* U+66FF "替" */
    0x0, 0xe, 0x30, 0x0, 0x5c, 0x0, 0x0, 0xbe,
    0xfe, 0xc3, 0xee, 0xfe, 0xb0, 0x1, 0x1f, 0x41,
    0x1, 0x6c, 0x11, 0x3, 0xee, 0xff, 0xe8, 0xef,
    0xfe, 0xe3, 0x0, 0x9f, 0xa1, 0x3, 0xfd, 0x90,
    0x0, 0x5f, 0x5c, 0xb5, 0xe9, 0x1e, 0x80, 0x3f,
    0x84, 0x57, 0xab, 0x44, 0x5d, 0x40, 0xa, 0xeb,
    0xbb, 0xbb, 0xea, 0x0, 0x0, 0xa9, 0x33, 0x33,
    0x3a, 0xa0, 0x0, 0xa, 0xda, 0xaa, 0xaa, 0xda,
    0x0, 0x0, 0xaa, 0x33, 0x33, 0x3a, 0xa0, 0x0,
    0xa, 0xec, 0xcc, 0xcc, 0xe9, 0x0,

    /* U+6700 "最" */
    0x0, 0xed, 0xcc, 0xcc, 0xcf, 0x80, 0x0, 0xe,
    0xdc, 0xcc, 0xcc, 0xe8, 0x0, 0x0, 0xe8, 0x66,
    0x66, 0x6c, 0x80, 0x0, 0x5, 0x66, 0x66, 0x66,
    0x63, 0x0, 0x8f, 0xff, 0xff, 0xff, 0xff, 0xff,
    0x10, 0x5d, 0x57, 0xf3, 0x66, 0x66, 0x30, 0x5,
    0xd7, 0x8f, 0x4f, 0x87, 0xe7, 0x0, 0x5f, 0xde,
    0xf0, 0x8a, 0x5e, 0x10, 0x5, 0xc2, 0x6f, 0x40,
    0xdf, 0x40, 0x7, 0xff, 0xed, 0xf8, 0xae, 0xde,
    0x60, 0x12, 0x0, 0x2f, 0x69, 0x10, 0x6b, 0x0,

    /* U+672C "本" */
    0x0, 0x0, 0x2, 0xf1, 0x0, 0x0, 0x0, 0x0,
    0x0, 0x2f, 0x10, 0x0, 0x0, 0x4, 0x44, 0x45,
    0xf5, 0x44, 0x44, 0x1, 0xff, 0xff, 0xff, 0xff,
    0xff, 0xf2, 0x0, 0x0, 0xd9, 0xf9, 0xc0, 0x0,
    0x0, 0x0, 0x6e, 0x3f, 0x3f, 0x50, 0x0, 0x0,
    0xe, 0x82, 0xf1, 0x8e, 0x0, 0x0, 0xa, 0xd0,
    0x2f, 0x10, 0xda, 0x0, 0x9, 0xf7, 0x46, 0xf6,
    0x48, 0xfa, 0x4, 0xe4, 0xee, 0xff, 0xfe, 0xe4,
    0xe3, 0x0, 0x0, 0x2, 0xf1, 0x0, 0x0, 0x0,
    0x0, 0x0, 0x2f, 0x10, 0x0, 0x0,

    /* U+673A "机" */
    0x0, 0xf, 0x10, 0x0, 0x0, 0x0, 0x0, 0x0,
    0xf1, 0x5, 0xff, 0xff, 0x10, 0x2, 0x3f, 0x42,
    0x5d, 0x23, 0xf1, 0x1, 0xff, 0xff, 0xe5, 0xc0,
    0x1f, 0x10, 0x0, 0x6f, 0x10, 0x5c, 0x1, 0xf1,
    0x0, 0xc, 0xf9, 0x6, 0xc0, 0x1f, 0x10, 0x2,
    0xef, 0xd7, 0x8b, 0x1, 0xf1, 0x0, 0xb7, 0xf4,
    0xb9, 0x90, 0x1f, 0x10, 0x3e, 0x1f, 0x10, 0xc7,
    0x1, 0xf1, 0x30, 0x50, 0xf1, 0x1f, 0x20, 0x1f,
    0x1e, 0x0, 0xf, 0x1a, 0xb0, 0x1, 0xf4, 0xd0,
    0x0, 0xf2, 0xc1, 0x0, 0xc, 0xf8,

    /* U+6742 "杂" */
    0x0, 0x0, 0x3f, 0x0, 0x0, 0x0, 0x0, 0x23,
    0x37, 0xe3, 0x33, 0x10, 0x0, 0x9, 0xee, 0xff,
    0xee, 0xf7, 0x0, 0x0, 0x0, 0x3f, 0x40, 0xc,
    0x70, 0x51, 0x1, 0x7f, 0x90, 0x0, 0xc9, 0x3e,
    0x41, 0xfe, 0x60, 0x29, 0x7, 0xee, 0xc0, 0x6,
    0x33, 0x36, 0xf4, 0x33, 0x33, 0x0, 0xee, 0xee,
    0xef, 0xee, 0xee, 0xe0, 0x0, 0x7, 0x23, 0xf1,
    0x35, 0x0, 0x0, 0xb, 0xd0, 0x3f, 0x13, 0xe8,
    0x0, 0xd, 0xc1, 0x25, 0xf1, 0x2, 0xe6, 0x0,
    0x20, 0xd, 0xfb, 0x0, 0x1, 0x0,

    /* U+6761 "条" */
    0x0, 0x0, 0x0, 0x0, 0x0, 0x0, 0x0, 0x0,
    0xa, 0xd0, 0x0, 0x0, 0x0, 0x0, 0x8, 0xff,
    0xff, 0xfe, 0x10, 0x0, 0x1b, 0xfe, 0x41, 0x3e,
    0x90, 0x0, 0xb, 0xc2, 0x8f, 0x8f, 0xa0, 0x0,
    0x0, 0x10, 0x5, 0xef, 0xf6, 0x10, 0x0, 0x28,
    0xbf, 0xd7, 0x26, 0xcf, 0xc9, 0x21, 0x95, 0x20,
    0x1f, 0x10, 0x14, 0x70, 0x0, 0xff, 0xff, 0xff,
    0xff, 0xf1, 0x0, 0x1, 0x43, 0x3f, 0x24, 0x31,
    0x0, 0x0, 0x4e, 0x41, 0xf1, 0x7e, 0x20, 0x0,
    0x7f, 0x50, 0x2f, 0x10, 0x7e, 0x10, 0x2, 0x30,
    0x4f, 0xc0, 0x0, 0x61, 0x0,

    /* U+6784 "构" */
    0x0, 0x0, 0x0, 0x0, 0x0, 0x0, 0x0, 0x4,
    0xd0, 0x5, 0xc0, 0x0, 0x0, 0x0, 0x4d, 0x0,
    0xab, 0x0, 0x0, 0x0, 0x37, 0xe3, 0x1e, 0xda,
    0xaa, 0xa4, 0x1e, 0xef, 0xeb, 0xe8, 0x88, 0x8e,
    0x60, 0x9, 0xe1, 0xf5, 0x82, 0x0, 0xd5, 0x0,
    0xef, 0xa4, 0x2f, 0x10, 0xe, 0x40, 0x4e, 0xdc,
    0x37, 0x97, 0x50, 0xf4, 0xc, 0x9d, 0x20, 0xe3,
    0x7c, 0xf, 0x33, 0xc5, 0xd0, 0x7f, 0xeb, 0xe4,
    0xf1, 0x2, 0x4d, 0x1, 0x10, 0x3, 0x3f, 0x0,
    0x4, 0xd0, 0x0, 0x1, 0x29, 0xd0, 0x0, 0x4d,
    0x0, 0x0, 0x5f, 0xe5, 0x0, 0x0, 0x0, 0x0,
    0x0, 0x0, 0x0,

    /* U+67B6 "架" */
    0x0, 0x5c, 0x0, 0x0, 0x11, 0x11, 0x3, 0xce,
    0xfc, 0xc5, 0xcf, 0xef, 0xd0, 0x3, 0xba, 0x3d,
    0x5c, 0x50, 0x5d, 0x0, 0xe, 0x30, 0xd4, 0xc5,
    0x5, 0xd0, 0x8, 0xe1, 0x3f, 0x2c, 0xa6, 0x9d,
    0x4, 0xf3, 0x5e, 0xa1, 0x8a, 0xaa, 0x80, 0x1,
    0x0, 0x2, 0xf1, 0x0, 0x0, 0x3, 0xff, 0xff,
    0xff, 0xff, 0xff, 0xf1, 0x1, 0x11, 0x8f, 0xff,
    0x81, 0x11, 0x0, 0x1, 0xad, 0x4f, 0x4d, 0xa2,
    0x0, 0x2a, 0xfa, 0x12, 0xf1, 0x1a, 0xfb, 0x20,
    0x92, 0x0, 0x2f, 0x10, 0x2, 0x70,

    /* U+67D4 "柔" */
    0x0, 0x0, 0x0, 0x0, 0x0, 0x0, 0x0, 0xd,
    0xff, 0xff, 0xff, 0xf5, 0x0, 0x0, 0x0, 0x79,
    0x8c, 0x91, 0x0, 0x0, 0xee, 0xee, 0xef, 0xff,
    0xee, 0xd0, 0x0, 0x5, 0xe8, 0xd6, 0x3, 0xf5,
    0x0, 0x4b, 0xf6, 0x2e, 0x60, 0xa8, 0x0, 0xc,
    0x81, 0x4e, 0xf2, 0x0, 0x0, 0x0, 0x33, 0x33,
    0x5f, 0x43, 0x33, 0x30, 0x2c, 0xcc, 0xdf, 0xff,
    0xdc, 0xcc, 0x30, 0x0, 0x5e, 0x9f, 0x9e, 0x60,
    0x0, 0x17, 0xdd, 0x31, 0xf1, 0x3d, 0xd8, 0x11,
    0xa4, 0x0, 0x1f, 0x10, 0x4, 0x91,

    /* U+67E5 "查" */
    0x0, 0x0, 0x1, 0xf0, 0x0, 0x0, 0x0, 0x11,
    0x11, 0x3f, 0x21, 0x11, 0x10, 0x3e, 0xee, 0xff,
    0xff, 0xfe, 0xee, 0x30, 0x0, 0x4e, 0x8f, 0x8d,
    0x40, 0x0, 0x3, 0xae, 0x41, 0xf0, 0x4e, 0xa4,
    0x3, 0xf9, 0x87, 0x89, 0x77, 0x88, 0xe3, 0x0,
    0x2f, 0x55, 0x55, 0x6f, 0x10, 0x0, 0x2, 0xfd,
    0xcc, 0xcd, 0xf1, 0x0, 0x0, 0x2f, 0x0, 0x0,
    0x1f, 0x10, 0x0, 0x2, 0xff, 0xff, 0xff, 0xf1,
    0x0, 0x3, 0x33, 0x33, 0x33, 0x33, 0x33, 0x0,
    0xdd, 0xdd, 0xdd, 0xdd, 0xdd, 0xd1,

    /* U+6807 "标" */
    0x0, 0x4e, 0x0, 0x0, 0x0, 0x0, 0x0, 0x4,
    0xe0, 0x7, 0xff, 0xff, 0xf1, 0x4, 0x7f, 0x42,
    0x12, 0x22, 0x22, 0x2, 0xde, 0xfd, 0x60, 0x0,
    0x0, 0x0, 0x0, 0xbf, 0x31, 0xff, 0xff, 0xff,
    0xc0, 0x1f, 0xfd, 0x12, 0x28, 0xd2, 0x22, 0x8,
    0xce, 0x76, 0x33, 0x6c, 0x24, 0x1, 0xf6, 0xe0,
    0xc, 0x86, 0xc4, 0xe0, 0x3a, 0x4e, 0x2, 0xf3,
    0x6c, 0xd, 0x40, 0x4, 0xe0, 0xbc, 0x6, 0xc0,
    0x89, 0x0, 0x4e, 0x8, 0x33, 0x9c, 0x4, 0x80,
    0x4, 0xe0, 0x0, 0xce, 0x70, 0x0,

    /* U+680F "栏" */
    0x0, 0xc5, 0x0, 0xa1, 0x2, 0xc1, 0x0, 0xc,
    0x50, 0xa, 0x90, 0x9b, 0x0, 0x37, 0xea, 0x51,
    0x4a, 0x2f, 0x40, 0x4, 0xaf, 0xc8, 0xdf, 0xff,
    0xff, 0xb0, 0x1, 0xfa, 0x1, 0x11, 0x11, 0x10,
    0x0, 0x6f, 0xf5, 0x0, 0x0, 0x0, 0x0, 0xb,
    0xfa, 0xd1, 0x44, 0x44, 0x40, 0x3, 0xdc, 0x53,
    0x4d, 0xdd, 0xdd, 0x20, 0xa5, 0xc5, 0x0, 0x0,
    0x0, 0x0, 0x1, 0xc, 0x50, 0x0, 0x0, 0x0,
    0x0, 0x0, 0xc5, 0x5f, 0xff, 0xff, 0xff, 0x10,
    0xc, 0x51, 0x33, 0x33, 0x33, 0x30,

    /* U+6837 "样" */
    0x0, 0x0, 0x0, 0x0, 0x0, 0x0, 0x0, 0xe,
    0x30, 0x4a, 0x0, 0xe, 0x40, 0x0, 0xe3, 0x1,
    0xf4, 0x5, 0xe0, 0x1, 0x3f, 0x62, 0x3c, 0x83,
    0xcb, 0x30, 0x6e, 0xfe, 0x8d, 0xde, 0xfd, 0xdb,
    0x0, 0x1f, 0x60, 0x0, 0x3f, 0x0, 0x0, 0x6,
    0xfe, 0x29, 0xff, 0xff, 0xf6, 0x0, 0xcf, 0x89,
    0x12, 0x5f, 0x22, 0x10, 0x5c, 0xe3, 0x11, 0x15,
    0xf1, 0x11, 0xa, 0x5e, 0x37, 0xff, 0xff, 0xff,
    0xf1, 0x20, 0xe3, 0x0, 0x3, 0xf0, 0x0, 0x0,
    0xe, 0x30, 0x0, 0x3f, 0x0, 0x0, 0x0, 0xe3,
    0x0, 0x3, 0xf0, 0x0, 0x0,

    /* U+6848 "案" */
    0x0, 0x0, 0x4, 0xb0, 0x0, 0x0, 0x0, 0xef,
    0xff, 0xff, 0xff, 0xff, 0xf0, 0xd, 0x30, 0x2d,
    0x30, 0x0, 0x2e, 0x2, 0xff, 0xff, 0xff, 0xff,
    0xff, 0xf2, 0x0, 0xb, 0xa0, 0x4, 0xe4, 0x0,
    0x0, 0x3, 0x9c, 0xfc, 0xfa, 0x10, 0x0, 0x8,
    0x9c, 0xec, 0x87, 0xbf, 0xc6, 0x0, 0x65, 0x31,
    0x2f, 0x10, 0x16, 0x20, 0x4f, 0xff, 0xff, 0xff,
    0xff, 0xff, 0x50, 0x0, 0x3c, 0xcf, 0xbc, 0x30,
    0x0, 0x17, 0xce, 0x52, 0xf1, 0x5e, 0xc7, 0x22,
    0xb5, 0x0, 0x2f, 0x10, 0x5, 0xb2,

    /* U+6A21 "模" */
    0x0, 0xe3, 0x0, 0x97, 0xb, 0x60, 0x0, 0xe,
    0x34, 0xef, 0xfe, 0xfe, 0xe0, 0x13, 0xf6, 0x33,
    0x98, 0x3b, 0x73, 0x6, 0xef, 0xe6, 0xbc, 0xcc,
    0xcc, 0x50, 0x1, 0xf5, 0xe, 0x74, 0x44, 0xc7,
    0x0, 0x6f, 0xe1, 0xed, 0xdd, 0xdf, 0x70, 0xc,
    0xfa, 0x8e, 0xa8, 0x88, 0xd7, 0x5, 0xce, 0x41,
    0x33, 0x9d, 0x33, 0x10, 0x85, 0xe3, 0x9f, 0xff,
    0xff, 0xff, 0x10, 0xe, 0x30, 0x5, 0xf9, 0xd2,
    0x0, 0x0, 0xe3, 0x28, 0xf7, 0xa, 0xd6, 0x0,
    0xe, 0x3a, 0xb4, 0x0, 0x6, 0xc1, 0x0, 0x0,
    0x0, 0x0, 0x0, 0x0, 0x0,

    /* U+6B21 "次" */
    0x0, 0x0, 0x0, 0x0, 0x0, 0x0, 0x0, 0x0,
    0x0, 0x8b, 0x0, 0x0, 0x0, 0x3f, 0x60, 0xd,
    0x80, 0x0, 0x0, 0x0, 0x4e, 0x81, 0xff, 0xff,
    0xff, 0xb0, 0x0, 0x21, 0x8e, 0x37, 0x53, 0xc9,
    0x0, 0x0, 0x1e, 0x70, 0xe5, 0xf, 0x40, 0x0,
    0x3, 0xb0, 0xf, 0x63, 0xc0, 0x0, 0x7, 0xa0,
    0x2, 0xfa, 0x0, 0x0, 0x2, 0xf5, 0x0, 0x7f,
    0xf1, 0x0, 0x0, 0xbc, 0x0, 0x2f, 0x8a, 0x90,
    0x0, 0x6f, 0x20, 0x1d, 0xd0, 0x1f, 0x70, 0x0,
    0x50, 0x5e, 0xd1, 0x0, 0x4e, 0xb1, 0x0, 0x8,
    0x90, 0x0, 0x0, 0x18, 0x0,

    /* U+6B4C "歌" */
    0x0, 0x0, 0x0, 0x0, 0x62, 0x0, 0x1, 0xff,
    0xff, 0xff, 0x6f, 0x20, 0x0, 0x7, 0xdd, 0x89,
    0x83, 0xfe, 0xde, 0x80, 0x85, 0x59, 0x97, 0x98,
    0x30, 0xb6, 0x8, 0xdd, 0x99, 0x9f, 0x3e, 0x2e,
    0x30, 0x23, 0x32, 0x99, 0x80, 0xf2, 0xb0, 0x4f,
    0xff, 0xff, 0xfb, 0xf, 0x40, 0x0, 0x47, 0x74,
    0x78, 0x3, 0xf8, 0x0, 0x9, 0x97, 0xa7, 0x80,
    0x8b, 0xe0, 0x0, 0x9d, 0xca, 0x78, 0xe, 0x3a,
    0x70, 0x8, 0x62, 0x18, 0x9b, 0xa0, 0x2e, 0x40,
    0x0, 0xa, 0xe8, 0xc0, 0x0, 0x5a, 0x0, 0x0,
    0x0, 0x0, 0x0, 0x0, 0x0,

    /* U+6B63 "正" */
    0x0, 0x0, 0x0, 0x0, 0x0, 0x0, 0x0, 0xaf,
    0xff, 0xff, 0xff, 0xff, 0xf0, 0x1, 0x22, 0x22,
    0xba, 0x22, 0x22, 0x0, 0x0, 0x0, 0xa, 0x80,
    0x0, 0x0, 0x0, 0x5a, 0x0, 0xa8, 0x0, 0x0,
    0x0, 0x6, 0xc0, 0xa, 0xfd, 0xdd, 0x40, 0x0,
    0x6c, 0x0, 0xab, 0x44, 0x41, 0x0, 0x6, 0xc0,
    0xa, 0x80, 0x0, 0x0, 0x0, 0x6c, 0x0, 0xa8,
    0x0, 0x0, 0x0, 0x6, 0xc0, 0xa, 0x80, 0x0,
    0x0, 0x1e, 0xff, 0xee, 0xff, 0xee, 0xee, 0x70,
    0x44, 0x44, 0x44, 0x44, 0x44, 0x42,

    /* U+6B65 "步" */
    0x0, 0x0, 0x0, 0xe5, 0x0, 0x0, 0x0, 0x5,
    0xd0, 0xe, 0xee, 0xee, 0x10, 0x0, 0x5d, 0x0,
    0xe8, 0x33, 0x30, 0x0, 0x16, 0xe1, 0x1f, 0x61,
    0x11, 0x10, 0x3f, 0xff, 0xff, 0xff, 0xff, 0xff,
    0x20, 0x11, 0x43, 0x2f, 0x41, 0x13, 0x10, 0x0,
    0x2e, 0x61, 0xf3, 0x6, 0xf1, 0x0, 0x2e, 0xa0,
    0x1f, 0x33, 0xf6, 0x0, 0x9, 0xa0, 0x1, 0xf9,
    0xf9, 0x0, 0x0, 0x0, 0x0, 0x6d, 0xf5, 0x0,
    0x0, 0x5, 0x8b, 0xfe, 0x81, 0x0, 0x0, 0x0,
    0xdb, 0x84, 0x0, 0x0, 0x0, 0x0,

    /* U+6BB5 "段" */
    0x0, 0x0, 0x54, 0x0, 0x0, 0x0, 0x0, 0x18,
    0xec, 0x70, 0xef, 0xfe, 0x0, 0x4, 0xe1, 0x0,
    0xf, 0x33, 0xe0, 0x0, 0x4f, 0xff, 0x92, 0xf0,
    0x2f, 0x0, 0x4, 0xe1, 0x11, 0xbb, 0x0, 0xff,
    0x80, 0x4e, 0x11, 0x2a, 0x20, 0x1, 0x20, 0x4,
    0xff, 0xf9, 0xcf, 0xff, 0xfa, 0x0, 0x4e, 0x0,
    0x2, 0xe1, 0xd, 0x60, 0x6, 0xe7, 0x9a, 0x9,
    0xa7, 0xe0, 0x3, 0xff, 0xa7, 0x40, 0x1e, 0xf4,
    0x0, 0x4, 0xe0, 0x0, 0x2a, 0xfe, 0xd6, 0x0,
    0x4e, 0x0, 0x6f, 0xa2, 0x19, 0xf6, 0x0, 0x0,
    0x0, 0x10, 0x0, 0x0, 0x0,

    /* U+6BC1 "毁" */
    0x0, 0x21, 0x0, 0x0, 0x0, 0x0, 0x0, 0xbc,
    0x5f, 0xf4, 0xcf, 0xff, 0x20, 0xf, 0x0, 0xb,
    0x4c, 0x50, 0xf2, 0x0, 0xff, 0x5e, 0xf4, 0xe2,
    0xf, 0x20, 0xf, 0x0, 0xb, 0xbe, 0x0, 0xbe,
    0x50, 0xff, 0xff, 0xfa, 0x73, 0x33, 0x30, 0x0,
    0x0, 0x0, 0x4f, 0xdc, 0xec, 0x0, 0xff, 0xff,
    0xf3, 0xc6, 0xd, 0x60, 0x0, 0xf, 0x20, 0x4,
    0xe9, 0xd0, 0x0, 0x0, 0xf5, 0x54, 0xe, 0xf5,
    0x0, 0x4d, 0xff, 0xdb, 0xac, 0xdb, 0xe6, 0x1,
    0x31, 0x0, 0xc, 0x70, 0x5, 0xd2, 0x0, 0x0,
    0x0, 0x0, 0x0, 0x0, 0x0,

    /* U+6BCF "每" */
    0x0, 0x1, 0x0, 0x0, 0x0, 0x0, 0x0, 0x0,
    0xe5, 0x0, 0x0, 0x0, 0x0, 0x0, 0x7f, 0xed,
    0xdd, 0xdd, 0xdc, 0x0, 0x1e, 0x63, 0x33, 0x33,
    0x33, 0x30, 0xc, 0xb2, 0x22, 0x22, 0x22, 0x10,
    0x5, 0xe6, 0xfd, 0xee, 0xdd, 0xf9, 0x0, 0x0,
    0x7c, 0x7, 0xc5, 0xa, 0x80, 0x7, 0xde, 0xec,
    0xcd, 0xec, 0xee, 0xd4, 0x24, 0xd9, 0x4e, 0x83,
    0x3c, 0x94, 0x10, 0xe, 0x40, 0x4d, 0x60, 0xd5,
    0x0, 0x1, 0xff, 0xff, 0xff, 0xff, 0xfc, 0x0,
    0x1, 0x11, 0x11, 0x14, 0xf3, 0x10, 0x0, 0x0,
    0x0, 0xe, 0xf9, 0x0, 0x0,

    /* U+6C14 "气" */
    0x0, 0x0, 0x0, 0x0, 0x0, 0x0, 0x0, 0x1,
    0xf4, 0x0, 0x0, 0x0, 0x0, 0x0, 0x7f, 0xcc,
    0xcc, 0xcc, 0xcc, 0x0, 0x1e, 0x84, 0x44, 0x44,
    0x44, 0x40, 0xb, 0xc9, 0xee, 0xee, 0xee, 0xe0,
    0x6, 0xf2, 0x12, 0x22, 0x22, 0x22, 0x0, 0x2,
    0xef, 0xff, 0xff, 0xff, 0x10, 0x0, 0x1, 0x11,
    0x11, 0x13, 0xf1, 0x0, 0x0, 0x0, 0x0, 0x0,
    0xf, 0x20, 0x0, 0x0, 0x0, 0x0, 0x0, 0xe4,
    0x0, 0x0, 0x0, 0x0, 0x0, 0xb, 0x84, 0x30,
    0x0, 0x0, 0x0, 0x0, 0x6e, 0xa6, 0x0, 0x0,
    0x0, 0x0, 0x0, 0xae, 0x20,

    /* U+6C1B "氛" */
    0x0, 0xc, 0x40, 0x0, 0x0, 0x0, 0x0, 0x9,
    0xff, 0xff, 0xff, 0xff, 0xf0, 0x8, 0xe7, 0x55,
    0x55, 0x55, 0x50, 0x3, 0xd2, 0x57, 0x77, 0x77,
    0x77, 0x0, 0x1, 0xdd, 0xdd, 0xdd, 0xdd, 0x40,
    0x0, 0x1, 0x74, 0x28, 0x11, 0xe4, 0x0, 0x0,
    0x5f, 0x10, 0xa8, 0xd, 0x50, 0x0, 0x7f, 0x40,
    0x1, 0xea, 0xd6, 0x0, 0x9, 0xaf, 0xff, 0xfb,
    0x9c, 0x70, 0x0, 0x0, 0xa9, 0x8, 0x80, 0x9a,
    0x42, 0x0, 0x5f, 0x20, 0xa7, 0x5, 0xe7, 0x60,
    0x8d, 0x41, 0xfe, 0x30, 0xd, 0xf2, 0x0, 0x0,
    0x0, 0x0, 0x0, 0x2, 0x0,

    /* U+6D41 "流" */
    0x5, 0x20, 0x0, 0x8, 0x40, 0x0, 0x0, 0x9f,
    0x62, 0x22, 0xab, 0x22, 0x20, 0x0, 0x47, 0xef,
    0xff, 0xff, 0xff, 0x10, 0x0, 0x0, 0x2e, 0x50,
    0x97, 0x0, 0x4e, 0x80, 0x5e, 0xd7, 0x8b, 0xf6,
    0x0, 0x2a, 0x26, 0x98, 0x65, 0x44, 0xc0, 0x0,
    0x0, 0xd, 0x29, 0x56, 0x90, 0x0, 0x3, 0xc0,
    0xf2, 0xa5, 0x7a, 0x0, 0x0, 0xc9, 0x1f, 0xa,
    0x57, 0xa0, 0x0, 0x5f, 0x25, 0xe0, 0xa5, 0x7a,
    0x42, 0xe, 0x91, 0xd8, 0xa, 0x57, 0xa7, 0x51,
    0xc1, 0x5c, 0x0, 0x21, 0x4e, 0xe2, 0x0, 0x0,
    0x0, 0x0, 0x0, 0x0, 0x0,

    /* U+6D45 "浅" */
    0x5, 0x91, 0x0, 0x7c, 0x49, 0x0, 0x0, 0x1a,
    0xe0, 0x6, 0xc0, 0xac, 0x0, 0x0, 0x3, 0x0,
    0x7e, 0x57, 0xb9, 0x0, 0x30, 0xa, 0xff, 0xfc,
    0xa8, 0x50, 0x2e, 0xb1, 0x22, 0x3f, 0x0, 0x1,
    0x0, 0xa, 0x22, 0x47, 0xfb, 0xcf, 0xf5, 0x0,
    0x0, 0xdd, 0xbf, 0xa5, 0x39, 0x10, 0x5, 0xa0,
    0x0, 0xaa, 0xb, 0xb0, 0x0, 0xc7, 0x0, 0x5,
    0xed, 0xb3, 0x0, 0x4f, 0x10, 0x4, 0xbf, 0xb0,
    0x87, 0xc, 0x80, 0x8e, 0xe9, 0x8f, 0x6d, 0x50,
    0x71, 0x6, 0x60, 0x0, 0x7e, 0xc0,

    /* U+6DE1 "淡" */
    0x5, 0x60, 0x1, 0x6, 0xc0, 0x10, 0x0, 0x4d,
    0xc0, 0xd4, 0x7b, 0xb, 0x90, 0x0, 0x5, 0x5e,
    0xa, 0x94, 0xe1, 0x0, 0x10, 0x1, 0x31, 0xff,
    0x93, 0x0, 0x3f, 0x91, 0x4, 0xea, 0x3c, 0xe4,
    0x0, 0x2c, 0x39, 0xe7, 0x47, 0x7, 0xc0, 0x0,
    0x0, 0x6, 0x18, 0xb0, 0x36, 0x0, 0x6, 0xa1,
    0xf1, 0x9c, 0xc, 0x90, 0x0, 0xd7, 0xaa, 0xe,
    0xf7, 0xd0, 0x0, 0x6e, 0x1, 0x18, 0xe8, 0xd2,
    0x0, 0xe, 0x71, 0x5c, 0xf4, 0xa, 0xe7, 0x20,
    0x50, 0x1c, 0x81, 0x0, 0x6, 0xc2,

    /* U+6DF1 "深" */
    0x3, 0x10, 0x0, 0x0, 0x0, 0x0, 0x0, 0x9f,
    0x6b, 0xff, 0xff, 0xff, 0xf0, 0x0, 0x34, 0xb5,
    0x20, 0x2, 0x2f, 0x0, 0x0, 0x5, 0x5e, 0x42,
    0xe6, 0x60, 0x3e, 0x70, 0x4e, 0x60, 0x2, 0xe5,
    0x0, 0x2a, 0x15, 0x30, 0x7a, 0x3, 0x40, 0x0,
    0x0, 0xbe, 0xef, 0xfe, 0xee, 0x0, 0x8, 0x72,
    0x29, 0xff, 0xb2, 0x20, 0x0, 0xe3, 0x3, 0xfb,
    0xce, 0x50, 0x0, 0x7c, 0x5, 0xe6, 0x8a, 0x4f,
    0x60, 0xe, 0x44, 0xf7, 0x8, 0xa0, 0x6f, 0x20,
    0x80, 0x2, 0x0, 0x8a, 0x0, 0x10,

    /* U+6DF7 "混" */
    0x0, 0x20, 0x0, 0x0, 0x0, 0x0, 0x0, 0x4f,
    0x94, 0xff, 0xff, 0xff, 0xc0, 0x0, 0x29, 0x4f,
    0x33, 0x33, 0x8c, 0x0, 0x10, 0x3, 0xf7, 0x77,
    0x7a, 0xc0, 0xe, 0x91, 0x3f, 0xbb, 0xbb, 0xdc,
    0x0, 0x1c, 0x70, 0x44, 0x44, 0x44, 0x30, 0x0,
    0x1, 0x1d, 0x0, 0x3b, 0x1, 0x0, 0x0, 0xd5,
    0xfd, 0xd5, 0xf9, 0xe6, 0x0, 0x6e, 0x2f, 0x43,
    0x4f, 0x81, 0x0, 0xe, 0x61, 0xf0, 0x3, 0xe0,
    0x17, 0x8, 0xe0, 0x3f, 0x7b, 0x5f, 0x4, 0xd0,
    0x96, 0x8, 0xfb, 0x72, 0xef, 0xf7, 0x0, 0x0,
    0x0, 0x0, 0x0, 0x0, 0x0,

    /* U+6E05 "清" */
    0x3, 0x60, 0x0, 0x6, 0xc0, 0x0, 0x0, 0x4e,
    0xa9, 0xee, 0xff, 0xee, 0xe0, 0x0, 0x26, 0x13,
    0x38, 0xd3, 0x33, 0x0, 0x0, 0x3, 0xaa, 0xde,
    0xaa, 0x70, 0x1e, 0x70, 0x88, 0x8b, 0xe8, 0x88,
    0x40, 0x4e, 0x55, 0x55, 0x55, 0x55, 0x53, 0x0,
    0x0, 0x1f, 0xee, 0xee, 0xf7, 0x0, 0x2, 0x81,
    0xf6, 0x66, 0x6c, 0x70, 0x0, 0x9a, 0x1f, 0x65,
    0x55, 0xc7, 0x0, 0x1f, 0x31, 0xfe, 0xdd, 0xdf,
    0x70, 0x9, 0xc0, 0x1f, 0x0, 0x0, 0xb7, 0x0,
    0x54, 0x1, 0xf0, 0x1, 0xfe, 0x30,

    /* U+6E10 "渐" */
    0x3, 0x20, 0x9, 0x0, 0x0, 0x15, 0x0, 0x7f,
    0x84, 0xf3, 0x25, 0xcf, 0xb1, 0x0, 0x38, 0xff,
    0xed, 0x8a, 0x0, 0x0, 0x10, 0x7, 0x94, 0x8,
    0x80, 0x0, 0x3f, 0x90, 0xa7, 0xd0, 0x8e, 0xcc,
    0x50, 0x3d, 0x3e, 0x6e, 0x39, 0xb7, 0xd2, 0x0,
    0x3, 0xee, 0xfc, 0x98, 0x3c, 0x0, 0x5, 0x10,
    0x3d, 0xa, 0x63, 0xc0, 0x0, 0xe5, 0x5a, 0xfe,
    0xc5, 0x3c, 0x0, 0x5d, 0x3b, 0xad, 0xe, 0x33,
    0xc0, 0xd, 0x70, 0x3, 0xd3, 0xe0, 0x3c, 0x0,
    0xa1, 0x0, 0x3d, 0x57, 0x3, 0xc0, 0x0, 0x0,
    0x0, 0x0, 0x0, 0x0, 0x0,

    /* U+6E21 "渡" */
    0x0, 0x0, 0x0, 0x0, 0x10, 0x0, 0x0, 0xb7,
    0x0, 0x0, 0x3e, 0x0, 0x0, 0x4, 0xe9, 0xce,
    0xee, 0xfe, 0xee, 0x20, 0x1, 0x1d, 0x53, 0x61,
    0x27, 0x10, 0x0, 0x0, 0xd6, 0x6e, 0x35, 0xf3,
    0x6, 0xe7, 0xd, 0xdc, 0xfb, 0xcf, 0xb0, 0x5,
    0xb0, 0xe3, 0x3e, 0x57, 0xe0, 0x0, 0x0, 0xf,
    0x21, 0x77, 0x77, 0x0, 0x0, 0xc3, 0xf7, 0xff,
    0xff, 0xf7, 0x0, 0x4f, 0x4f, 0x4, 0xe2, 0x4f,
    0x10, 0xb, 0x87, 0xc0, 0x7, 0xef, 0x40, 0x3,
    0xf2, 0xd7, 0x48, 0xdd, 0xeb, 0x61, 0x27, 0x1a,
    0xa, 0x82, 0x0, 0x6b, 0x0,

    /* U+70B9 "点" */
    0x0, 0x0, 0x3, 0xf0, 0x0, 0x0, 0x0, 0x0,
    0x0, 0x3f, 0xdd, 0xdd, 0xa0, 0x0, 0x0, 0x3,
    0xf4, 0x44, 0x43, 0x0, 0x0, 0x0, 0x4f, 0x0,
    0x0, 0x0, 0x0, 0xef, 0xff, 0xff, 0xff, 0xe0,
    0x0, 0xe, 0x41, 0x11, 0x11, 0x5e, 0x0, 0x0,
    0xe3, 0x0, 0x0, 0x4, 0xe0, 0x0, 0xe, 0xff,
    0xff, 0xff, 0xfe, 0x0, 0x0, 0x32, 0x22, 0x22,
    0x22, 0x40, 0x0, 0x2f, 0x18, 0x70, 0xc4, 0x1f,
    0x40, 0xc, 0xa0, 0x8a, 0x8, 0xa0, 0x7d, 0x3,
    0xb1, 0x6, 0x80, 0x3a, 0x0, 0xa2,

    /* U+7247 "片" */
    0x0, 0x0, 0x0, 0x3f, 0x10, 0x0, 0x0, 0xe5,
    0x0, 0x3f, 0x10, 0x0, 0x0, 0xe5, 0x0, 0x3f,
    0x10, 0x0, 0x0, 0xe9, 0x66, 0x8f, 0x76, 0x62,
    0x0, 0xee, 0xdd, 0xdd, 0xdd, 0xd6, 0x0, 0xf5,
    0x0, 0x0, 0x0, 0x0, 0x0, 0xf8, 0x44, 0x44,
    0x43, 0x0, 0x2, 0xff, 0xff, 0xff, 0xfa, 0x0,
    0x4, 0xf0, 0x0, 0x0, 0xaa, 0x0, 0xa, 0xb0,
    0x0, 0x0, 0xaa, 0x0, 0x4f, 0x40, 0x0, 0x0,
    0xaa, 0x0, 0x59, 0x0, 0x0, 0x0, 0xaa, 0x0,
    0x0, 0x0, 0x0, 0x0, 0x0, 0x0,

    /* U+7248 "版" */
    0x0, 0xc, 0x40, 0x1, 0x24, 0x76, 0x0, 0xd3,
    0xc4, 0xf, 0xff, 0xda, 0x70, 0xd, 0x3c, 0x40,
    0xf3, 0x0, 0x0, 0x0, 0xd6, 0xd6, 0x1f, 0x30,
    0x0, 0x0, 0xd, 0xed, 0xd7, 0xff, 0xff, 0xfc,
    0x0, 0xd3, 0x0, 0xf, 0xc7, 0x18, 0x90, 0xe,
    0xed, 0x90, 0xf6, 0xc0, 0xe5, 0x0, 0xf5, 0x9a,
    0x1f, 0x1e, 0x8f, 0x0, 0xf, 0x7, 0xa2, 0xf0,
    0x7f, 0x80, 0x4, 0xe0, 0x7a, 0x6d, 0x9, 0xf8,
    0x0, 0x8a, 0x7, 0xab, 0xaa, 0xe6, 0xfa, 0x7,
    0x40, 0x7b, 0xd5, 0xc1, 0x3, 0xc1, 0x0, 0x0,
    0x0, 0x0, 0x0, 0x0, 0x0,

    /* U+72B6 "状" */
    0x0, 0x0, 0x0, 0x0, 0x0, 0x0, 0x0, 0x0,
    0xe3, 0x0, 0x4e, 0x7, 0x0, 0x1, 0xe, 0x30,
    0x4, 0xe0, 0xd7, 0x3, 0xf2, 0xe3, 0x0, 0x4e,
    0x3, 0xe0, 0x9, 0xbe, 0x42, 0x26, 0xe2, 0x24,
    0x10, 0x18, 0xe9, 0xff, 0xff, 0xff, 0xf7, 0x0,
    0xe, 0x30, 0x7, 0xf4, 0x0, 0x0, 0x7, 0xf3,
    0x0, 0xaf, 0xa0, 0x0, 0x9, 0xef, 0x30, 0xf,
    0x8f, 0x10, 0x6, 0xd2, 0xe3, 0x7, 0xe0, 0xb7,
    0x0, 0x1, 0xe, 0x32, 0xf7, 0x4, 0xf3, 0x0,
    0x0, 0xe6, 0xeb, 0x0, 0x8, 0xe4, 0x0, 0xe,
    0xab, 0x0, 0x0, 0x8, 0x50, 0x0, 0x0, 0x0,
    0x0, 0x0, 0x0,

    /* U+72EC "独" */
    0x18, 0x4, 0x40, 0x2, 0xf0, 0x0, 0x1, 0xd9,
    0xe6, 0x0, 0x2f, 0x0, 0x0, 0x3, 0xfc, 0x3,
    0x35, 0xf3, 0x32, 0x0, 0x9f, 0x90, 0xfe, 0xdf,
    0xde, 0xe0, 0x3b, 0x5e, 0xf, 0x32, 0xf0, 0x4e,
    0x0, 0x2, 0xf1, 0xf3, 0x2f, 0x4, 0xe0, 0x1,
    0xdf, 0x2f, 0xcc, 0xfc, 0xde, 0x2, 0xd8, 0xe3,
    0x44, 0x6f, 0x46, 0x50, 0x29, 0xf, 0x20, 0x2,
    0xf0, 0xd7, 0x0, 0x0, 0xf1, 0x0, 0x2f, 0x29,
    0xe0, 0x2, 0x6e, 0x5b, 0xce, 0xff, 0xff, 0x40,
    0xee, 0x64, 0x97, 0x64, 0x20, 0xa6, 0x0, 0x0,
    0x0, 0x0, 0x0, 0x0, 0x0,

    /* U+7387 "率" */
    0x0, 0x0, 0x0, 0x0, 0x0, 0x0, 0x0, 0x0,
    0x0, 0x1f, 0x50, 0x0, 0x0, 0xc, 0xff, 0xff,
    0xff, 0xff, 0xff, 0x60, 0x35, 0x22, 0x9b, 0x38,
    0x25, 0x50, 0x4, 0xe7, 0x5f, 0x9c, 0x94, 0xe6,
    0x0, 0x2, 0x74, 0x8e, 0x90, 0x55, 0x0, 0x0,
    0x3b, 0x3a, 0x96, 0xca, 0x80, 0x0, 0xce, 0x6b,
    0xff, 0xfe, 0x7b, 0xd1, 0x3, 0x0, 0x32, 0xa3,
    0x22, 0x4, 0x1, 0xee, 0xee, 0xef, 0xee, 0xee,
    0xe7, 0x3, 0x33, 0x33, 0xf8, 0x33, 0x33, 0x20,
    0x0, 0x0, 0xe, 0x50, 0x0, 0x0, 0x0, 0x0,
    0x0, 0xe5, 0x0, 0x0, 0x0,

    /* U+73AF "环" */
    0x0, 0x0, 0x0, 0x0, 0x0, 0x0, 0x3, 0xff,
    0xfb, 0xbf, 0xff, 0xff, 0xf7, 0x1, 0xc6, 0x11,
    0x11, 0xca, 0x11, 0x0, 0xc, 0x50, 0x0, 0x4f,
    0x30, 0x0, 0x2, 0xc7, 0x10, 0xc, 0xf8, 0x20,
    0x0, 0xff, 0xf6, 0x6, 0xff, 0xad, 0x10, 0x0,
    0xc5, 0x4, 0xf8, 0xf2, 0xbb, 0x0, 0xc, 0x50,
    0xe9, 0x1f, 0x21, 0xe4, 0x0, 0xc9, 0x53, 0x0,
    0xf2, 0x2, 0x1, 0xaf, 0xd6, 0x0, 0xf, 0x20,
    0x0, 0x18, 0x20, 0x0, 0x0, 0xf2, 0x0, 0x0,
    0x0, 0x0, 0x0, 0xf, 0x20, 0x0,

    /* U+73B0 "现" */
    0x4f, 0xff, 0xf7, 0xff, 0xff, 0xf5, 0x0, 0x1a,
    0x91, 0x6c, 0x0, 0xd, 0x50, 0x0, 0x98, 0x6,
    0xb0, 0xf1, 0xd5, 0x0, 0x2b, 0x92, 0x6b, 0xf,
    0x1d, 0x50, 0x1f, 0xff, 0xc6, 0xb0, 0xf1, 0xd5,
    0x0, 0x9, 0x80, 0x6b, 0x1f, 0xd, 0x50, 0x0,
    0x98, 0x5, 0x95, 0xe2, 0xa4, 0x0, 0x9, 0x83,
    0x0, 0xaf, 0x80, 0x0, 0x17, 0xdf, 0xe2, 0x5e,
    0x88, 0xa, 0x14, 0xb7, 0x20, 0x4f, 0x57, 0x80,
    0xd1, 0x0, 0x0, 0x5f, 0x50, 0x3e, 0xeb, 0x0,
    0x0, 0x0, 0x10, 0x0, 0x0, 0x0,

    /* U+73BB "玻" */
    0x0, 0x0, 0x0, 0x0, 0xe3, 0x0, 0x2, 0xff,
    0xfd, 0x1, 0x1e, 0x41, 0x10, 0x1, 0xb8, 0x1b,
    0xff, 0xff, 0xff, 0x40, 0xa, 0x60, 0xb6, 0xe,
    0x43, 0xf1, 0x6, 0xda, 0x3b, 0x60, 0xe3, 0x37,
    0x0, 0xae, 0xd6, 0xcf, 0xff, 0xff, 0xb0, 0x0,
    0xa6, 0xd, 0xdb, 0x11, 0xc7, 0x0, 0xa, 0x60,
    0xe4, 0xf4, 0x4f, 0x20, 0x0, 0xbc, 0xaf, 0x18,
    0xdd, 0x80, 0x2, 0xcf, 0xa9, 0xd0, 0x1f, 0xf3,
    0x0, 0x16, 0x0, 0xc8, 0x6e, 0xa9, 0xfb, 0x30,
    0x0, 0x9, 0x2c, 0x30, 0x2, 0xa3,

    /* U+73ED "班" */
    0x0, 0x0, 0x0, 0x2e, 0x0, 0x0, 0x7, 0xff,
    0xf3, 0x2, 0xec, 0xff, 0xf6, 0x3, 0xf1, 0x1,
    0x2e, 0x5, 0xd0, 0x0, 0x2e, 0x3, 0xc2, 0xe0,
    0x5c, 0x0, 0x2, 0xe0, 0x4b, 0x2e, 0x5, 0xc0,
    0x3, 0xbf, 0xa6, 0xb2, 0xe2, 0x7d, 0x30, 0x28,
    0xf7, 0xb7, 0x3d, 0x9f, 0xfe, 0x20, 0x2e, 0x7,
    0x24, 0xc0, 0x5c, 0x0, 0x2, 0xe0, 0x0, 0x89,
    0x5, 0xc0, 0x0, 0x5f, 0xa4, 0x1e, 0x50, 0x5c,
    0x0, 0x9f, 0xb7, 0x2b, 0xc3, 0x58, 0xd5, 0x31,
    0x0, 0x9, 0xc1, 0x7c, 0xcc, 0xc7, 0x0, 0x0,
    0x0, 0x0, 0x0, 0x0, 0x0,

    /* U+7403 "球" */
    0x0, 0x0, 0x0, 0x0, 0xe4, 0xa2, 0x2, 0xff,
    0xfd, 0x0, 0xe, 0x46, 0xa0, 0x1, 0xb7, 0x1d,
    0xff, 0xff, 0xff, 0x80, 0xb, 0x60, 0x22, 0x2e,
    0x52, 0x21, 0x2, 0xc8, 0x16, 0x50, 0xe6, 0x9,
    0x11, 0xff, 0xf9, 0x3e, 0xe, 0x98, 0xc0, 0x0,
    0xb6, 0x0, 0xb3, 0xee, 0xe1, 0x0, 0xb, 0x60,
    0x0, 0xbf, 0xf6, 0x0, 0x0, 0xb8, 0x72, 0xd9,
    0xe9, 0xe1, 0x2, 0x9e, 0xec, 0xe8, 0xe, 0x3a,
    0xd2, 0x18, 0x30, 0x6, 0x12, 0xf3, 0x9, 0x70,
    0x0, 0x0, 0x7, 0xfc, 0x10, 0x0, 0x0, 0x0,
    0x0, 0x0, 0x0, 0x0, 0x0,

    /* U+7483 "璃" */
    0x0, 0x0, 0x0, 0x0, 0x0, 0x0, 0x0, 0x0,
    0x0, 0xa, 0x60, 0x0, 0x9f, 0xff, 0xad, 0xdf,
    0xfd, 0xdc, 0x13, 0xf1, 0x17, 0x55, 0x48, 0x73,
    0x2, 0xf0, 0xe, 0x3c, 0xd2, 0xc4, 0x3, 0xf1,
    0xe, 0x8c, 0x79, 0xc4, 0x6f, 0xff, 0x1e, 0xca,
    0xaa, 0xe4, 0x2, 0xf0, 0x3, 0x49, 0xb4, 0x41,
    0x2, 0xf0, 0x4f, 0xff, 0xff, 0xfb, 0x2, 0xf8,
    0x8c, 0x4c, 0x37, 0x6b, 0x9f, 0xd9, 0x7b, 0xcc,
    0xbe, 0x6b, 0x21, 0x0, 0x4b, 0x65, 0x25, 0x8b,
    0x0, 0x0, 0x4b, 0x0, 0xb, 0xe7,

    /* U+7528 "用" */
    0x0, 0x0, 0x0, 0x0, 0x0, 0x0, 0x0, 0xff,
    0xff, 0xff, 0xff, 0xf5, 0x0, 0xf4, 0x22, 0xf5,
    0x22, 0xe5, 0x0, 0xf3, 0x0, 0xf3, 0x0, 0xe5,
    0x0, 0xff, 0xff, 0xff, 0xff, 0xf5, 0x0, 0xf3,
    0x11, 0xf4, 0x11, 0xe5, 0x1, 0xf2, 0x0, 0xf3,
    0x0, 0xd5, 0x2, 0xff, 0xff, 0xff, 0xff, 0xf5,
    0x4, 0xe2, 0x22, 0xf5, 0x22, 0xe5, 0x8, 0xa0,
    0x0, 0xf3, 0x0, 0xd5, 0x1e, 0x50, 0x0, 0xf3,
    0x11, 0xe5, 0x5c, 0x0, 0x0, 0xf3, 0xcf, 0xe1,
    0x0, 0x0, 0x0, 0x0, 0x0, 0x0,

    /* U+7535 "电" */
    0x0, 0x0, 0x2f, 0x10, 0x0, 0x0, 0x0, 0x0,
    0x3f, 0x20, 0x0, 0x0, 0x5f, 0xff, 0xff, 0xff,
    0xff, 0x50, 0x5e, 0x22, 0x4f, 0x32, 0x2e, 0x50,
    0x5e, 0x22, 0x4f, 0x32, 0x2e, 0x50, 0x5f, 0xff,
    0xff, 0xff, 0xff, 0x50, 0x5e, 0x0, 0x2f, 0x10,
    0xe, 0x50, 0x5f, 0x55, 0x7f, 0x65, 0x5f, 0x50,
    0x5f, 0xdd, 0xdf, 0xdd, 0xdd, 0x50, 0x15, 0x0,
    0x2f, 0x10, 0x0, 0xb7, 0x0, 0x0, 0x1f, 0x63,
    0x34, 0xe5, 0x0, 0x0, 0xa, 0xff, 0xff, 0xc0,

    /* U+754C "界" */
    0x0, 0xff, 0xff, 0xff, 0xff, 0xf0, 0x0, 0xf,
    0x41, 0x3f, 0x21, 0x4f, 0x0, 0x0, 0xfe, 0xdd,
    0xfd, 0xde, 0xf0, 0x0, 0xf, 0x40, 0x2f, 0x20,
    0x4f, 0x0, 0x0, 0xee, 0xff, 0xef, 0xfe, 0xe0,
    0x0, 0x0, 0x7e, 0x40, 0x3e, 0x70, 0x0, 0x6,
    0xdd, 0xb1, 0x0, 0xae, 0xd8, 0x11, 0xb5, 0x1f,
    0x30, 0xf, 0x45, 0xb1, 0x0, 0x5, 0xf1, 0x0,
    0xf3, 0x0, 0x0, 0x5, 0xf8, 0x0, 0xf, 0x30,
    0x0, 0x2, 0xe7, 0x0, 0x0, 0xf3, 0x0, 0x0,
    0x0, 0x0, 0x0, 0x0, 0x0, 0x0,

    /* U+7559 "留" */
    0x0, 0x16, 0x60, 0x0, 0x0, 0x0, 0x2c, 0xea,
    0x58, 0xff, 0xff, 0xf2, 0x4e, 0x3, 0x0, 0x2f,
    0x21, 0xf1, 0x4e, 0xa, 0x80, 0x5e, 0x2, 0xf0,
    0x5f, 0x7c, 0xf1, 0xd7, 0x4, 0xe0, 0x9e, 0x95,
    0x9e, 0xb0, 0xcf, 0x90, 0x2, 0x33, 0x37, 0x43,
    0x55, 0x0, 0x9, 0xeb, 0xbf, 0xcb, 0xbf, 0x20,
    0x9, 0xa3, 0x3f, 0x63, 0x4f, 0x20, 0x9, 0xeb,
    0xbf, 0xcb, 0xbf, 0x20, 0x9, 0xa3, 0x3f, 0x63,
    0x4f, 0x20, 0x9, 0xec, 0xcc, 0xcc, 0xcf, 0x20,

    /* U+7565 "略" */
    0x0, 0x0, 0x0, 0x67, 0x0, 0x0, 0xff, 0xff,
    0x22, 0xfe, 0xcc, 0xa0, 0xe5, 0x7c, 0x4e, 0xd3,
    0x3c, 0xc0, 0xe4, 0x6c, 0xfa, 0xd8, 0x7f, 0x20,
    0xfd, 0xdf, 0x40, 0x2f, 0xf4, 0x0, 0xe7, 0x9d,
    0x23, 0xce, 0xdc, 0x20, 0xe4, 0x6c, 0xbf, 0xa1,
    0x9, 0xf9, 0xe4, 0x6c, 0x9f, 0xee, 0xee, 0xf3,
    0xfe, 0xef, 0x2e, 0x51, 0x15, 0xe0, 0xe2, 0x22,
    0xe, 0x30, 0x3, 0xe0, 0x90, 0x0, 0xe, 0x74,
    0x47, 0xe0, 0x0, 0x0, 0xe, 0xdc, 0xcd, 0xe0,

    /* U+767D "白" */
    0x0, 0x0, 0x7d, 0x0, 0x0, 0x0, 0x0, 0xd,
    0x90, 0x0, 0x0, 0x2f, 0xff, 0xff, 0xff, 0xff,
    0x32, 0xf4, 0x44, 0x44, 0x44, 0xf3, 0x2f, 0x0,
    0x0, 0x0, 0xf, 0x32, 0xf0, 0x0, 0x0, 0x1,
    0xf3, 0x2f, 0xff, 0xff, 0xff, 0xff, 0x32, 0xf2,
    0x22, 0x22, 0x23, 0xf3, 0x2f, 0x0, 0x0, 0x0,
    0xf, 0x32, 0xf1, 0x11, 0x11, 0x12, 0xf3, 0x2f,
    0xff, 0xff, 0xff, 0xff, 0x32, 0xf1, 0x11, 0x11,
    0x12, 0xe3,

    /* U+7684 "的" */
    0x0, 0x0, 0x0, 0x0, 0x0, 0x0, 0x1, 0xf4,
    0x0, 0x6b, 0x0, 0x0, 0x5, 0xe0, 0x0, 0xa8,
    0x0, 0x0, 0xef, 0xff, 0xe0, 0xff, 0xff, 0xf0,
    0xe3, 0x14, 0xe7, 0xc1, 0x13, 0xf0, 0xe2, 0x2,
    0xfe, 0x50, 0x2, 0xf0, 0xe3, 0x14, 0xe4, 0x64,
    0x3, 0xe0, 0xef, 0xff, 0xe0, 0x5e, 0x13, 0xe0,
    0xe2, 0x2, 0xe0, 0xb, 0x94, 0xd0, 0xe2, 0x2,
    0xe0, 0x2, 0x85, 0xc0, 0xe4, 0x25, 0xe0, 0x0,
    0x7, 0xa0, 0xee, 0xee, 0xd0, 0x0, 0xb, 0x80,
    0xe2, 0x0, 0x0, 0xf, 0xff, 0x20, 0x0, 0x0,
    0x0, 0x2, 0x20, 0x0,

    /* U+76EE "目" */
    0xff, 0xff, 0xff, 0xff, 0xef, 0x52, 0x22, 0x22,
    0x7e, 0xf5, 0x11, 0x11, 0x17, 0xef, 0xff, 0xff,
    0xff, 0xfe, 0xf3, 0x0, 0x0, 0x5, 0xef, 0x41,
    0x11, 0x11, 0x6e, 0xff, 0xff, 0xff, 0xff, 0xef,
    0x30, 0x0, 0x0, 0x6e, 0xf4, 0x11, 0x11, 0x16,
    0xef, 0xff, 0xff, 0xff, 0xfe, 0xf4, 0x11, 0x11,
    0x16, 0xe0,

    /* U+770B "看" */
    0x0, 0x0, 0x0, 0x12, 0x35, 0x60, 0x0, 0x4e,
    0xff, 0xfe, 0xcb, 0x97, 0x10, 0x3, 0xdd, 0xdf,
    0xed, 0xdd, 0xd6, 0x0, 0x1, 0x19, 0xc1, 0x11,
    0x11, 0x0, 0x2f, 0xff, 0xff, 0xff, 0xff, 0xff,
    0x20, 0x11, 0xae, 0x21, 0x11, 0x11, 0x10, 0x0,
    0x5f, 0xfe, 0xee, 0xef, 0xe0, 0x0, 0x6f, 0xeb,
    0x66, 0x66, 0x8e, 0x0, 0x4e, 0x49, 0xb5, 0x55,
    0x58, 0xe0, 0x0, 0x10, 0x9e, 0xcc, 0xcc, 0xde,
    0x0, 0x0, 0x9, 0x92, 0x22, 0x26, 0xe0, 0x0,
    0x0, 0x9e, 0xcc, 0xcc, 0xde, 0x0,

    /* U+771F "真" */
    0x0, 0x0, 0x0, 0xe3, 0x0, 0x0, 0x0, 0xdf,
    0xff, 0xff, 0xff, 0xff, 0xd0, 0x1, 0x24, 0x47,
    0xf4, 0x44, 0x31, 0x0, 0x6, 0xe8, 0x88, 0x88,
    0xe7, 0x0, 0x0, 0x6e, 0xbb, 0xbb, 0xbe, 0x70,
    0x0, 0x6, 0xd5, 0x55, 0x55, 0xd7, 0x0, 0x0,
    0x6d, 0x66, 0x66, 0x6d, 0x70, 0x0, 0x6, 0xeb,
    0xbb, 0xbb, 0xe7, 0x0, 0x2, 0x8c, 0x22, 0x22,
    0x2c, 0x92, 0x2, 0xcc, 0xcd, 0xcc, 0xcd, 0xcc,
    0xc3, 0x0, 0x29, 0xe2, 0x2, 0xeb, 0x50, 0x0,
    0xce, 0x92, 0x0, 0x0, 0x6d, 0xd0, 0x1, 0x0,
    0x0, 0x0, 0x0, 0x1, 0x0,

    /* U+786E "确" */
    0x0, 0x0, 0x0, 0x36, 0x0, 0x0, 0x4, 0xff,
    0xff, 0x2b, 0xfe, 0xfa, 0x0, 0x1, 0xe4, 0x16,
    0xc0, 0x3f, 0x50, 0x0, 0x2e, 0x4, 0xfe, 0xde,
    0xfd, 0xd0, 0x7, 0xc6, 0x6a, 0xc3, 0xf4, 0x4f,
    0x0, 0xef, 0xfc, 0x4c, 0x2e, 0x43, 0xf0, 0x6f,
    0x93, 0xc4, 0xfc, 0xfd, 0xdf, 0x3, 0xb9, 0x3c,
    0x6b, 0x1e, 0x33, 0xf0, 0x6, 0x93, 0xc7, 0xec,
    0xfc, 0xcf, 0x0, 0x6f, 0xec, 0xb6, 0xe, 0x11,
    0xf0, 0x6, 0xa3, 0x5f, 0x20, 0xe2, 0x2f, 0x0,
    0x11, 0x4, 0xa0, 0x4, 0x6f, 0xb0, 0x0, 0x0,
    0x0, 0x0, 0x0, 0x0, 0x0,

    /* U+793A "示" */
    0x0, 0xff, 0xff, 0xff, 0xff, 0xf0, 0x0, 0x3,
    0x33, 0x33, 0x33, 0x33, 0x0, 0x0, 0x0, 0x0,
    0x0, 0x0, 0x0, 0x2, 0xff, 0xff, 0xff, 0xff,
    0xff, 0xf3, 0x3, 0x33, 0x35, 0xf6, 0x33, 0x33,
    0x0, 0x2, 0x70, 0x1f, 0x20, 0x71, 0x0, 0x0,
    0xac, 0x1, 0xf2, 0xc, 0xa0, 0x0, 0x3f, 0x40,
    0x1f, 0x20, 0x3f, 0x40, 0x1e, 0x90, 0x1, 0xf2,
    0x0, 0xac, 0x2, 0x90, 0x13, 0x5f, 0x20, 0x3,
    0x90, 0x0, 0x1, 0xff, 0xb0, 0x0, 0x0, 0x0,
    0x0, 0x0, 0x0, 0x0, 0x0, 0x0,

    /* U+79BB "离" */
    0x0, 0x0, 0x0, 0x0, 0x0, 0x0, 0x0, 0x0,
    0x0, 0x5d, 0x0, 0x0, 0x0, 0x1f, 0xff, 0xff,
    0xff, 0xff, 0xff, 0x20, 0x15, 0x37, 0x51, 0x58,
    0x36, 0x10, 0x0, 0xc6, 0x2b, 0xdd, 0x15, 0xd0,
    0x0, 0xc, 0x6a, 0xb4, 0x9b, 0x5d, 0x0, 0x0,
    0xcc, 0xca, 0xaa, 0xbc, 0xd0, 0x0, 0x2, 0x33,
    0x7f, 0x43, 0x33, 0x0, 0x9, 0xff, 0xff, 0xff,
    0xff, 0xfa, 0x0, 0x99, 0x8, 0xc1, 0x69, 0x8,
    0xa0, 0x9, 0x94, 0xfa, 0x9c, 0xf4, 0x7a, 0x0,
    0x99, 0x29, 0x75, 0x34, 0x48, 0xa0, 0x9, 0x90,
    0x0, 0x0, 0x3e, 0xe6, 0x0,

    /* U+79FB "移" */
    0x0, 0x0, 0x0, 0x0, 0x0, 0x0, 0x0, 0x26,
    0xbb, 0x0, 0x6e, 0x10, 0x0, 0x2d, 0xeb, 0x20,
    0x6f, 0xfe, 0xe7, 0x0, 0x9, 0x80, 0xbe, 0x41,
    0x6f, 0x10, 0x12, 0xaa, 0x27, 0x4e, 0x7f, 0x60,
    0x7, 0xff, 0xff, 0x13, 0xcf, 0x50, 0x0, 0x1,
    0xfc, 0xc, 0xd7, 0xbc, 0x10, 0x0, 0x7f, 0xea,
    0x10, 0x8f, 0xff, 0xf2, 0xe, 0xa9, 0x93, 0xdc,
    0x10, 0x9c, 0x7, 0xa9, 0x80, 0x98, 0x8c, 0x7f,
    0x30, 0x32, 0x98, 0x0, 0x0, 0xdf, 0x40, 0x0,
    0x9, 0x80, 0x27, 0xec, 0x20, 0x0, 0x0, 0x98,
    0x1e, 0xa4, 0x0, 0x0, 0x0, 0x0, 0x0, 0x0,
    0x0, 0x0, 0x0,

    /* U+7A0D "稍" */
    0x0, 0x4a, 0x62, 0x30, 0xe3, 0x7, 0x12, 0xff,
    0xc3, 0x4d, 0xe, 0x35, 0xf1, 0x0, 0x88, 0x0,
    0xd5, 0xe3, 0xc8, 0x1, 0x29, 0x92, 0x15, 0x3e,
    0x65, 0x30, 0x6f, 0xff, 0xf5, 0xfe, 0xee, 0xef,
    0x0, 0x1f, 0xc0, 0x5b, 0x0, 0x2, 0xf0, 0x7,
    0xfe, 0xa5, 0xff, 0xff, 0xff, 0x1, 0xeb, 0x85,
    0x5b, 0x11, 0x13, 0xf0, 0x6b, 0x88, 0x5, 0xfe,
    0xee, 0xef, 0x0, 0x28, 0x80, 0x5b, 0x11, 0x14,
    0xf0, 0x0, 0x88, 0x5, 0xb0, 0x3, 0x5f, 0x0,
    0x8, 0x80, 0x5b, 0x0, 0xcd, 0x80,

    /* U+7A33 "稳" */
    0x0, 0x16, 0x90, 0x1d, 0x20, 0x0, 0x0, 0xbf,
    0xe6, 0x1b, 0xfe, 0xff, 0x20, 0x1, 0x4c, 0x1c,
    0xd1, 0x8, 0xa0, 0x0, 0x37, 0xd4, 0xaf, 0xff,
    0xff, 0xe0, 0xf, 0xff, 0xf3, 0x0, 0x0, 0x2e,
    0x0, 0xb, 0xe1, 0xe, 0xee, 0xef, 0xe0, 0x1,
    0xff, 0xc0, 0x0, 0x0, 0x3e, 0x0, 0xad, 0xdb,
    0x6e, 0xef, 0xee, 0xd0, 0x3f, 0x6c, 0x4, 0x36,
    0x96, 0x6, 0x0, 0x64, 0xc1, 0xf6, 0xd1, 0x93,
    0xd4, 0x0, 0x4c, 0x9b, 0x3e, 0x22, 0xd9, 0xb0,
    0x4, 0xc1, 0x20, 0xac, 0xc8, 0x0,

    /* U+7A3F "稿" */
    0x0, 0x37, 0x60, 0x1, 0xb0, 0x0, 0x3, 0xff,
    0xd6, 0x99, 0x9f, 0xa9, 0x91, 0x0, 0x88, 0x6,
    0x66, 0x66, 0x66, 0x11, 0x3a, 0xa3, 0x2f, 0xdd,
    0xdf, 0x30, 0x5f, 0xff, 0xf4, 0xf0, 0x0, 0xe3,
    0x0, 0x1e, 0xc1, 0x1d, 0xdd, 0xdd, 0x30, 0x6,
    0xfe, 0xb8, 0x88, 0x88, 0x88, 0x0, 0xdc, 0x97,
    0xf8, 0x66, 0x67, 0xf0, 0x7c, 0x98, 0xf, 0x3f,
    0xdf, 0x4f, 0x4, 0x38, 0x80, 0xf3, 0xe0, 0xb4,
    0xf0, 0x0, 0x88, 0xf, 0x3d, 0xdd, 0x3f, 0x0,
    0x8, 0x80, 0xf3, 0x0, 0xe, 0xc0,

    /* U+7ACB "立" */
    0x0, 0x0, 0x2, 0xa0, 0x0, 0x0, 0x0, 0x0,
    0x0, 0xf, 0x40, 0x0, 0x0, 0x2, 0x44, 0x44,
    0xc7, 0x44, 0x44, 0x0, 0x7e, 0xee, 0xee, 0xee,
    0xee, 0xe0, 0x0, 0x4, 0x40, 0x0, 0x7, 0x10,
    0x0, 0x0, 0x9b, 0x0, 0x4, 0xf2, 0x0, 0x0,
    0x5, 0xf0, 0x0, 0x8c, 0x0, 0x0, 0x0, 0x1f,
    0x30, 0xd, 0x70, 0x0, 0x0, 0x0, 0xd7, 0x3,
    0xf1, 0x0, 0x0, 0x0, 0x6, 0x30, 0x9b, 0x0,
    0x0, 0x1e, 0xee, 0xee, 0xef, 0xfe, 0xee, 0x70,
    0x44, 0x44, 0x44, 0x44, 0x44, 0x42,

    /* U+7ADE "竞" */
    0x0, 0x0, 0x2, 0xd0, 0x0, 0x0, 0x0, 0x9f,
    0xff, 0xff, 0xff, 0xff, 0x90, 0x0, 0x18, 0x81,
    0x11, 0x88, 0x10, 0x1, 0x88, 0xbe, 0x88, 0x8e,
    0xb8, 0x82, 0x16, 0x66, 0x66, 0x66, 0x66, 0x66,
    0x10, 0x8, 0xee, 0xee, 0xee, 0xe9, 0x0, 0x0,
    0x89, 0x0, 0x0, 0xa, 0x90, 0x0, 0x8, 0xb4,
    0x44, 0x44, 0xb9, 0x0, 0x0, 0x6b, 0xee, 0xbf,
    0xdb, 0x70, 0x0, 0x0, 0xd, 0x70, 0xc6, 0x0,
    0x51, 0x0, 0x4c, 0xd0, 0xc, 0x71, 0x1e, 0x33,
    0xfd, 0x80, 0x0, 0x7f, 0xff, 0xc0, 0x1, 0x0,
    0x0, 0x0, 0x0, 0x0, 0x0,

    /* U+7B56 "策" */
    0x0, 0x0, 0x0, 0x0, 0x0, 0x0, 0x0, 0xd,
    0x60, 0x0, 0xd7, 0x0, 0x0, 0x6, 0xff, 0xff,
    0xbf, 0xff, 0xff, 0x33, 0xf5, 0xc8, 0x3f, 0x74,
    0xf2, 0x10, 0x17, 0x16, 0x72, 0xf4, 0x19, 0x31,
    0x1, 0xff, 0xff, 0xff, 0xff, 0xff, 0xf0, 0x0,
    0x11, 0x11, 0xf4, 0x11, 0x10, 0x0, 0x3f, 0xfe,
    0xff, 0xfe, 0xef, 0x50, 0x3, 0xf0, 0x1, 0xf3,
    0x0, 0xd5, 0x0, 0x3f, 0x1, 0xbf, 0xc2, 0xdf,
    0x30, 0x0, 0x26, 0xe8, 0xf9, 0xe9, 0x30, 0x2,
    0xbf, 0xc3, 0xf, 0x31, 0xaf, 0xd3, 0x7, 0x20,
    0x0, 0xf3, 0x0, 0x16, 0x0,

    /* U+7BA1 "管" */
    0x2, 0xd1, 0x0, 0x9, 0x70, 0x0, 0x0, 0x9f,
    0xee, 0xd4, 0xfe, 0xee, 0xd1, 0x4f, 0x28, 0xb1,
    0x99, 0xd, 0x50, 0x0, 0x96, 0x78, 0x9f, 0x66,
    0x87, 0x50, 0xe, 0x97, 0x77, 0x77, 0x77, 0xbc,
    0x0, 0xc9, 0xee, 0xee, 0xee, 0xe8, 0xa0, 0x0,
    0x7c, 0x0, 0x0, 0xf, 0x20, 0x0, 0x7, 0xfe,
    0xee, 0xee, 0xf2, 0x0, 0x0, 0x7c, 0x11, 0x11,
    0x11, 0x0, 0x0, 0x7, 0xfe, 0xee, 0xee, 0xee,
    0x0, 0x0, 0x7c, 0x11, 0x11, 0x15, 0xe0, 0x0,
    0x7, 0xfd, 0xdd, 0xdd, 0xed, 0x0,

    /* U+7CBE "精" */
    0x0, 0x0, 0x0, 0x0, 0x0, 0x0, 0x0, 0xe,
    0x20, 0x0, 0x1f, 0x0, 0x0, 0x76, 0xe4, 0xda,
    0xee, 0xfe, 0xec, 0x3, 0xae, 0x88, 0x23, 0x4f,
    0x43, 0x20, 0xd, 0xed, 0x34, 0xbc, 0xfb, 0xb7,
    0x3, 0x7f, 0x93, 0x88, 0x9f, 0x88, 0x81, 0x7c,
    0xfc, 0x65, 0x55, 0x55, 0x55, 0x10, 0x6f, 0xa0,
    0x4f, 0xee, 0xef, 0x60, 0xc, 0xfe, 0x64, 0xd5,
    0x55, 0xd6, 0x5, 0xce, 0x68, 0x4e, 0x66, 0x6d,
    0x60, 0xa5, 0xe2, 0x4, 0xfc, 0xcc, 0xf6, 0x2,
    0xe, 0x20, 0x4c, 0x0, 0xb, 0x60, 0x0, 0xe2,
    0x4, 0xc0, 0xe, 0xe3, 0x0, 0x0, 0x0, 0x0,
    0x0, 0x0, 0x0,

    /* U+7CFB "系" */
    0x0, 0x0, 0x12, 0x46, 0x8b, 0x90, 0x0, 0x7f,
    0xff, 0xfe, 0xb9, 0x74, 0x0, 0x1, 0x21, 0x9c,
    0x10, 0x43, 0x0, 0x0, 0x1, 0xbb, 0x11, 0x7f,
    0x60, 0x0, 0x0, 0xcf, 0xff, 0xfd, 0x20, 0x0,
    0x0, 0x1, 0x18, 0xe7, 0x3, 0xe2, 0x0, 0x1,
    0x8e, 0xe8, 0x89, 0xae, 0xe1, 0x0, 0x5d, 0xb9,
    0x8f, 0x84, 0x39, 0xb0, 0x0, 0xa, 0x40, 0xf3,
    0x69, 0x1, 0x0, 0xb, 0xd1, 0xf, 0x32, 0xdc,
    0x10, 0xd, 0xc1, 0x23, 0xf3, 0x0, 0xcc, 0x0,
    0x20, 0xb, 0xfc, 0x0, 0x0, 0x20,

    /* U+7D22 "索" */
    0x0, 0x0, 0x1, 0xf2, 0x0, 0x0, 0x0, 0xef,
    0xff, 0xff, 0xff, 0xff, 0xe0, 0x0, 0x0, 0x2,
    0xf3, 0x0, 0x0, 0x2, 0xff, 0xff, 0xff, 0xff,
    0xff, 0xf2, 0x2f, 0x0, 0x4e, 0x60, 0x41, 0xf,
    0x21, 0x91, 0x8d, 0x30, 0x8e, 0x30, 0x91, 0x0,
    0x9e, 0xdf, 0xf9, 0x26, 0x0, 0x0, 0x1, 0x6d,
    0xa2, 0x2, 0xe9, 0x0, 0x6, 0xff, 0xfe, 0xfe,
    0xcb, 0xd8, 0x0, 0x13, 0x94, 0xd, 0x45, 0x72,
    0x50, 0x5, 0xdb, 0x21, 0xe4, 0x1a, 0xe5, 0x0,
    0x95, 0x9, 0xfd, 0x10, 0x4, 0x90,

    /* U+7EA7 "级" */
    0x0, 0x39, 0x0, 0x0, 0x0, 0x0, 0x0, 0xb,
    0x80, 0xcf, 0xff, 0xfd, 0x0, 0x3, 0xe0, 0x11,
    0x8c, 0x2a, 0x80, 0x0, 0xc5, 0x4e, 0x8, 0xa0,
    0xe3, 0x0, 0x6f, 0xff, 0x50, 0x99, 0x3f, 0xec,
    0x1, 0x2a, 0x90, 0xb, 0xe1, 0x28, 0xb0, 0x6,
    0xf8, 0xb0, 0xef, 0x60, 0xd7, 0x4, 0xfe, 0x94,
    0x1f, 0x4e, 0x6f, 0x10, 0x14, 0x2, 0x87, 0xc0,
    0xaf, 0x70, 0x1, 0x6c, 0xfa, 0xd8, 0xb, 0xfa,
    0x0, 0x4d, 0x71, 0x6e, 0x5d, 0xb2, 0xcd, 0x30,
    0x0, 0x4, 0x64, 0x70, 0x0, 0x81,

    /* U+7EBF "线" */
    0x0, 0xb, 0x20, 0x4, 0xe4, 0x80, 0x0, 0x5,
    0xd0, 0x0, 0x4f, 0x1a, 0x80, 0x0, 0xc5, 0x10,
    0x5, 0xf7, 0x9b, 0x0, 0x5c, 0xd, 0x6f, 0xff,
    0xa7, 0x50, 0x1f, 0xee, 0xb0, 0x11, 0xf1, 0x3,
    0x10, 0x67, 0xe1, 0x14, 0x7f, 0xef, 0xd4, 0x1,
    0xd6, 0x26, 0xda, 0xe8, 0x5, 0x10, 0xcf, 0xfd,
    0x30, 0xa, 0x86, 0xe2, 0x7, 0x41, 0x0, 0x0,
    0x6e, 0xf4, 0x0, 0x4, 0x9d, 0x50, 0x4c, 0xf5,
    0x12, 0xe, 0xd8, 0x35, 0xcf, 0x8b, 0xc7, 0x90,
    0x20, 0x0, 0x58, 0x10, 0x1b, 0xd3,

    /* U+7ECF "经" */
    0x0, 0x17, 0x0, 0x0, 0x0, 0x0, 0x0, 0x8,
    0xc0, 0x6f, 0xff, 0xff, 0x80, 0x0, 0xe3, 0x0,
    0x11, 0x18, 0xf2, 0x0, 0x8a, 0xc, 0x30, 0x7,
    0xf4, 0x0, 0x3f, 0xab, 0xc0, 0x4c, 0xff, 0x81,
    0x3, 0xaa, 0xf3, 0xdf, 0x91, 0x3b, 0xf5, 0x1,
    0xe5, 0x5, 0x42, 0x22, 0x26, 0x12, 0xdf, 0xdf,
    0x5f, 0xff, 0xff, 0xe0, 0x2b, 0x73, 0x0, 0x0,
    0xd5, 0x0, 0x0, 0x0, 0x37, 0x0, 0xd, 0x50,
    0x0, 0x3c, 0xfe, 0xa2, 0x11, 0xd7, 0x11, 0x12,
    0x62, 0x1, 0xff, 0xff, 0xff, 0xf8,

    /* U+7ED3 "结" */
    0x0, 0x77, 0x0, 0x0, 0xf4, 0x0, 0x0, 0xe,
    0x60, 0x23, 0x3f, 0x63, 0x30, 0x6, 0xe0, 0x1c,
    0xff, 0xff, 0xff, 0x11, 0xe5, 0x5e, 0x0, 0xf,
    0x40, 0x0, 0xaf, 0xdf, 0x61, 0x22, 0xf6, 0x22,
    0x4, 0x7d, 0xa0, 0x7f, 0xff, 0xff, 0xc0, 0x7,
    0xd1, 0x30, 0x0, 0x0, 0x0, 0x6, 0xff, 0xfd,
    0x3f, 0xff, 0xff, 0x80, 0x36, 0x20, 0x2, 0xf1,
    0x11, 0xb8, 0x1, 0x36, 0x9c, 0x5f, 0x0, 0xa,
    0x80, 0x9f, 0xb8, 0x43, 0xfd, 0xdd, 0xf8, 0x1,
    0x0, 0x0, 0x2f, 0x33, 0x3b, 0x80,

    /* U+7EDF "统" */
    0x0, 0x78, 0x0, 0x4, 0xb0, 0x0, 0x0, 0xe,
    0x70, 0x11, 0x3f, 0x31, 0x10, 0x5, 0xd0, 0xe,
    0xff, 0xff, 0xff, 0x10, 0xd5, 0x7c, 0x2, 0xf5,
    0x24, 0x0, 0x9f, 0xbf, 0x40, 0xc9, 0x4, 0xe1,
    0x4, 0x8d, 0xa1, 0xcf, 0xbc, 0xef, 0xa0, 0x5,
    0xe1, 0x1a, 0xb9, 0x68, 0x3c, 0x4, 0xfe, 0xfa,
    0xb, 0x73, 0xf0, 0x0, 0x59, 0x51, 0x0, 0xd6,
    0x3f, 0x0, 0x0, 0x3, 0x89, 0x1f, 0x23, 0xf0,
    0x82, 0x6e, 0xe9, 0x4c, 0xb0, 0x3f, 0xd, 0x33,
    0x40, 0xb, 0xc1, 0x1, 0xdf, 0xd0, 0x0, 0x0,
    0x10, 0x0, 0x0, 0x0, 0x0,

    /* U+7EE7 "继" */
    0x0, 0x0, 0x0, 0x0, 0x0, 0x0, 0x0, 0xa,
    0x30, 0x0, 0x1, 0xe0, 0x0, 0x1, 0xf5, 0xe,
    0x46, 0x1e, 0x8, 0x0, 0x8c, 0x0, 0xe3, 0xd1,
    0xe5, 0x90, 0x1f, 0x46, 0x9e, 0x25, 0x3e, 0x51,
    0x9, 0xf9, 0xe2, 0xea, 0xff, 0xff, 0xf3, 0x34,
    0xd6, 0xe, 0x31, 0xbf, 0x71, 0x0, 0x8b, 0x22,
    0xe2, 0x4d, 0xec, 0x40, 0x6f, 0xfd, 0x6e, 0x5e,
    0x4e, 0x2e, 0x12, 0x30, 0x0, 0xe5, 0x61, 0xe0,
    0x30, 0x15, 0x8c, 0xae, 0x20, 0xb, 0x0, 0x8,
    0xc8, 0x40, 0xee, 0xdd, 0xdd, 0xd5, 0x0, 0x0,
    0x2, 0x33, 0x33, 0x33, 0x10,

    /* U+7EED "续" */
    0x0, 0x49, 0x0, 0x0, 0xf2, 0x0, 0x0, 0xa,
    0x60, 0x4e, 0xef, 0xee, 0x70, 0x1, 0xd0, 0x10,
    0x1, 0xf3, 0x0, 0x0, 0x95, 0x6b, 0xbf, 0xff,
    0xff, 0xe1, 0x4f, 0xdf, 0x30, 0x21, 0x21, 0x5d,
    0x3, 0xac, 0xa0, 0x9, 0xab, 0x68, 0x80, 0x1,
    0xe2, 0x18, 0x85, 0xb6, 0x0, 0x1, 0xcf, 0xf8,
    0x2a, 0x4d, 0x62, 0x20, 0x3a, 0x50, 0xd, 0xde,
    0xfe, 0xdd, 0x10, 0x5, 0xba, 0x0, 0xbb, 0x82,
    0x0, 0x4f, 0xc6, 0x1, 0xbd, 0x15, 0xe5, 0x1,
    0x20, 0x1, 0xea, 0x10, 0x3, 0xe2, 0x0, 0x0,
    0x1, 0x0, 0x0, 0x1, 0x0,

    /* U+7EF4 "维" */
    0x0, 0x0, 0x0, 0x0, 0x0, 0x0, 0x0, 0x6,
    0xa0, 0x2, 0xe4, 0xc0, 0x0, 0x0, 0xc5, 0x0,
    0x8b, 0xe, 0x40, 0x0, 0x3d, 0x4, 0xe, 0xec,
    0xdc, 0xc3, 0xb, 0x54, 0xd9, 0xf6, 0x4f, 0x64,
    0x15, 0xfc, 0xf6, 0xff, 0x31, 0xf3, 0x10, 0x26,
    0xba, 0x6, 0xff, 0xff, 0xfe, 0x0, 0x5d, 0x24,
    0xf, 0x20, 0xf2, 0x0, 0x3f, 0xfd, 0x90, 0xfd,
    0xcf, 0xdc, 0x0, 0x40, 0x0, 0xf, 0x64, 0xf5,
    0x40, 0x0, 0x48, 0xc2, 0xf2, 0xf, 0x10, 0x4,
    0xfe, 0xa6, 0xf, 0xff, 0xff, 0xf6, 0x12, 0x0,
    0x0, 0xf4, 0x22, 0x22, 0x0,

    /* U+7F16 "编" */
    0x0, 0x0, 0x0, 0x0, 0x10, 0x0, 0x0, 0xb,
    0x60, 0x0, 0x2f, 0x20, 0x0, 0x1, 0xf2, 0xa,
    0xcc, 0xfe, 0xcb, 0x0, 0x6b, 0x10, 0xd6, 0x33,
    0x36, 0xe0, 0xd, 0x4b, 0x6d, 0x52, 0x22, 0x5e,
    0x7, 0xf9, 0xe0, 0xee, 0xdd, 0xdd, 0xc0, 0x59,
    0xe5, 0xf, 0x52, 0x22, 0x23, 0x0, 0x6c, 0x0,
    0xff, 0xcf, 0xed, 0xf1, 0x5f, 0xdb, 0x3f, 0xf1,
    0xc7, 0x5d, 0x12, 0x30, 0x24, 0xde, 0xff, 0xff,
    0xf1, 0x5, 0xbe, 0xaa, 0xe1, 0xc7, 0x5d, 0x19,
    0xe7, 0xd, 0x5e, 0x1c, 0x75, 0xd1, 0x20, 0x0,
    0xa0, 0xe1, 0xa5, 0x9d, 0x0, 0x0, 0x0, 0x0,
    0x0, 0x0, 0x0,

    /* U+7F29 "缩" */
    0x0, 0x0, 0x0, 0x0, 0x0, 0x0, 0x0, 0x6,
    0xa0, 0x0, 0x4d, 0x0, 0x0, 0x0, 0xc6, 0x2e,
    0xee, 0xfe, 0xee, 0x30, 0x2f, 0x13, 0xe2, 0x11,
    0x11, 0xe3, 0xa, 0x77, 0x97, 0xe1, 0x11, 0x13,
    0x4, 0xf8, 0xd1, 0x7a, 0xcd, 0xfd, 0xd1, 0x3a,
    0xc7, 0xd, 0x70, 0x4d, 0x0, 0x0, 0x2d, 0x6,
    0xf6, 0xbf, 0xff, 0xe0, 0x2e, 0xed, 0xbc, 0x6b,
    0x40, 0x2e, 0x1, 0x72, 0x1, 0x86, 0xbf, 0xef,
    0xe0, 0x4, 0x9e, 0x88, 0x6b, 0x40, 0x2e, 0x4,
    0xd7, 0x20, 0x86, 0xbc, 0xbc, 0xe0, 0x0, 0x0,
    0x8, 0x6b, 0x63, 0x5d, 0x0,

    /* U+7F6E "置" */
    0x7, 0xfd, 0xee, 0xde, 0xed, 0xf9, 0x0, 0x7c,
    0x4a, 0xb4, 0xba, 0x4b, 0x90, 0x3, 0x66, 0x69,
    0xf7, 0x66, 0x64, 0x0, 0xee, 0xee, 0xff, 0xee,
    0xee, 0xd0, 0x0, 0x46, 0x6b, 0xd6, 0x66, 0x40,
    0x0, 0x9, 0xb5, 0x55, 0x55, 0xc9, 0x0, 0x0,
    0x9d, 0xaa, 0xaa, 0xad, 0x90, 0x0, 0x9, 0xc9,
    0x99, 0x99, 0xd9, 0x0, 0x0, 0x9d, 0xaa, 0xaa,
    0xae, 0x90, 0x0, 0x9, 0x80, 0x0, 0x0, 0x99,
    0x0, 0x2d, 0xff, 0xdd, 0xdd, 0xdf, 0xfd, 0x30,

    /* U+8017 "耗" */
    0x0, 0x3d, 0x0, 0x0, 0x4, 0xb7, 0x1, 0xcd,
    0xfc, 0x74, 0x9e, 0xc5, 0x0, 0x3, 0x6e, 0x32,
    0xc8, 0xf3, 0x0, 0x0, 0x36, 0xe3, 0x10, 0xe,
    0x30, 0x10, 0xb, 0xdf, 0xc3, 0x47, 0xfd, 0xff,
    0x20, 0x15, 0xe1, 0x19, 0x9f, 0x72, 0x0, 0x4f,
    0xff, 0xfe, 0x0, 0xe3, 0x13, 0x30, 0xd, 0xf9,
    0x7, 0xaf, 0xff, 0xd8, 0x8, 0xde, 0xe8, 0x97,
    0xf5, 0x0, 0x4, 0xe5, 0xd3, 0x50, 0xe, 0x30,
    0x27, 0x13, 0x3d, 0x0, 0x0, 0xe5, 0x6, 0xb0,
    0x3, 0xd0, 0x0, 0x9, 0xff, 0xf5,

    /* U+8054 "联" */
    0x0, 0x0, 0x0, 0x2, 0x0, 0x11, 0x2, 0xff,
    0xff, 0xb2, 0xe4, 0xb, 0xb0, 0x8, 0x91, 0xd4,
    0x38, 0xb6, 0xf5, 0x10, 0x7f, 0xef, 0x38, 0xac,
    0xfa, 0xa4, 0x7, 0x91, 0xd3, 0x0, 0x6d, 0x0,
    0x0, 0x79, 0xc, 0x40, 0x6, 0xd0, 0x0, 0x7,
    0xff, 0xf6, 0xff, 0xff, 0xff, 0xd0, 0x79, 0xc,
    0x41, 0x1a, 0xf2, 0x11, 0x7, 0xa4, 0xeb, 0x30,
    0xef, 0x70, 0x2, 0xff, 0xce, 0x91, 0x9c, 0x4f,
    0x20, 0x2, 0x0, 0xc4, 0x9f, 0x30, 0x9e, 0x40,
    0x0, 0xc, 0x9d, 0x30, 0x0, 0x68, 0x0, 0x0,
    0x0, 0x0, 0x0, 0x0, 0x0,

    /* U+80CC "背" */
    0x0, 0x0, 0x98, 0xe, 0x40, 0x23, 0x0, 0xef,
    0xff, 0x80, 0xeb, 0xde, 0x90, 0x0, 0x0, 0x98,
    0xe, 0x82, 0x1, 0x1, 0x8a, 0xdf, 0x80, 0xe8,
    0x34, 0xb8, 0x17, 0x42, 0x97, 0x6, 0xcc, 0xca,
    0x20, 0x4, 0xee, 0xee, 0xee, 0xed, 0x0, 0x0,
    0x4e, 0x0, 0x0, 0x5, 0xe0, 0x0, 0x4, 0xff,
    0xff, 0xff, 0xfe, 0x0, 0x0, 0x4e, 0x0, 0x0,
    0x4, 0xe0, 0x0, 0x4, 0xfd, 0xdd, 0xdd, 0xee,
    0x0, 0x0, 0x4e, 0x0, 0x0, 0x6, 0xe0, 0x0,
    0x4, 0xe0, 0x0, 0x5f, 0xe8, 0x0,

    /* U+80FD "能" */
    0x0, 0x0, 0x0, 0x0, 0x0, 0x0, 0x0, 0xc,
    0x70, 0x1, 0xf1, 0x0, 0x0, 0x5, 0xf1, 0xc5,
    0x1f, 0x15, 0xd4, 0x1, 0xe8, 0x29, 0xd1, 0xfe,
    0xd6, 0x0, 0x4f, 0xdc, 0xbe, 0x5f, 0x30, 0x5,
    0x0, 0x22, 0x22, 0x41, 0xf3, 0x12, 0xf1, 0xe,
    0xed, 0xee, 0xa, 0xff, 0xfa, 0x0, 0xe5, 0x26,
    0xe1, 0xe1, 0x0, 0x0, 0xe, 0xdc, 0xde, 0x1f,
    0x14, 0xc6, 0x0, 0xe6, 0x37, 0xe1, 0xfe, 0xd6,
    0x0, 0xe, 0xcb, 0xce, 0x1f, 0x30, 0x5, 0x0,
    0xe3, 0x15, 0xe0, 0xf4, 0x22, 0xe3, 0xe, 0x39,
    0xf9, 0xa, 0xee, 0xeb, 0x0,

    /* U+81EA "自" */
    0x0, 0x4, 0xd0, 0x0, 0x0, 0x22, 0x2a, 0xc2,
    0x22, 0x20, 0xef, 0xff, 0xff, 0xff, 0xf1, 0xe4,
    0x0, 0x0, 0x2, 0xf1, 0xe6, 0x22, 0x22, 0x24,
    0xf1, 0xef, 0xff, 0xff, 0xff, 0xf1, 0xe4, 0x0,
    0x0, 0x2, 0xf1, 0xed, 0xcc, 0xcc, 0xcd, 0xf1,
    0xe8, 0x55, 0x55, 0x56, 0xf1, 0xe4, 0x0, 0x0,
    0x2, 0xf1, 0xef, 0xff, 0xff, 0xff, 0xf1, 0xe6,
    0x22, 0x22, 0x24, 0xe1,

    /* U+822A "航" */
    0x0, 0x0, 0x0, 0x0, 0x0, 0x0, 0x0, 0x6,
    0xa0, 0x0, 0x1f, 0x20, 0x0, 0x6, 0xcb, 0x81,
    0x0, 0xb7, 0x0, 0x0, 0xc9, 0x7f, 0x9f, 0xff,
    0xff, 0xf4, 0xc, 0xc4, 0xe2, 0x11, 0x11, 0x11,
    0x0, 0xc8, 0xae, 0x11, 0x88, 0x88, 0x0, 0x1c,
    0x64, 0xe1, 0x2f, 0xab, 0xe0, 0xb, 0xfe, 0xdf,
    0x12, 0xe0, 0x3e, 0x0, 0xd, 0x83, 0xe1, 0x3e,
    0x3, 0xe0, 0x0, 0xe5, 0xae, 0x15, 0xc0, 0x3e,
    0x0, 0xf, 0x13, 0xe1, 0x8a, 0x3, 0xe3, 0x45,
    0xc0, 0xe, 0x3e, 0x50, 0x3f, 0x57, 0xa7, 0xf,
    0xd9, 0xc0, 0x1, 0xde, 0x30, 0x0, 0x0, 0x0,
    0x0, 0x0, 0x0,

    /* U+8272 "色" */
    0x0, 0x0, 0x0, 0x0, 0x0, 0x0, 0x0, 0x0,
    0x1d, 0x40, 0x0, 0x0, 0x0, 0x0, 0xa, 0xff,
    0xff, 0xe2, 0x0, 0x0, 0x6, 0xf3, 0x12, 0xca,
    0x0, 0x0, 0x8, 0xf7, 0x22, 0x7f, 0x32, 0x20,
    0x5, 0xff, 0xff, 0xff, 0xff, 0xff, 0x10, 0x3,
    0xe3, 0x0, 0xf2, 0x1, 0xf1, 0x0, 0xe, 0x63,
    0x3f, 0x53, 0x4f, 0x10, 0x0, 0xef, 0xff, 0xff,
    0xff, 0xf1, 0x0, 0xe, 0x30, 0x0, 0x0, 0x8,
    0x0, 0x0, 0xe4, 0x0, 0x0, 0x0, 0xc, 0x30,
    0xd, 0x82, 0x11, 0x11, 0x15, 0xf2, 0x0, 0x5d,
    0xff, 0xff, 0xff, 0xe7, 0x0,

    /* U+8282 "节" */
    0x0, 0x4, 0xf0, 0x0, 0xc8, 0x0, 0x0, 0x99,
    0xbf, 0x99, 0x9e, 0xd9, 0x94, 0x8, 0x8a, 0xf8,
    0x88, 0xec, 0x88, 0x30, 0x0, 0x4d, 0x0, 0xb,
    0x70, 0x0, 0x2, 0x33, 0x33, 0x33, 0x33, 0x30,
    0x0, 0xaf, 0xff, 0xff, 0xff, 0xff, 0x40, 0x0,
    0x0, 0x6e, 0x0, 0x0, 0xf4, 0x0, 0x0, 0x6,
    0xe0, 0x0, 0xf, 0x40, 0x0, 0x0, 0x6e, 0x0,
    0x0, 0xf4, 0x0, 0x0, 0x6, 0xe0, 0x3f, 0xff,
    0x20, 0x0, 0x0, 0x6e, 0x0, 0x44, 0x10, 0x0,
    0x0, 0x6, 0xe0, 0x0, 0x0, 0x0,

    /* U+8350 "荐" */
    0x0, 0x7, 0xb0, 0x0, 0xb7, 0x0, 0x4, 0xff,
    0xff, 0xff, 0xff, 0xff, 0xf3, 0x0, 0x7, 0xd6,
    0x0, 0xb7, 0x0, 0x0, 0x22, 0x2a, 0xc2, 0x22,
    0x22, 0x20, 0x2e, 0xef, 0xff, 0xee, 0xee, 0xee,
    0x10, 0x0, 0xca, 0x12, 0x22, 0x22, 0x0, 0x0,
    0xbe, 0x6, 0xcc, 0xdf, 0xe2, 0x3, 0xef, 0xb0,
    0x0, 0xc, 0x80, 0x0, 0x27, 0x7b, 0x7f, 0xff,
    0xff, 0xff, 0x50, 0x6, 0xb0, 0x11, 0x1f, 0x21,
    0x10, 0x0, 0x6b, 0x0, 0x1, 0xf1, 0x0, 0x0,
    0x6, 0xb0, 0x8, 0xfb, 0x0, 0x0,

    /* U+85CF "藏" */
    0x0, 0x2, 0xf2, 0x0, 0xe5, 0x0, 0x1, 0xff,
    0xff, 0xff, 0xff, 0xff, 0xf4, 0x0, 0x1, 0xb0,
    0x0, 0xc7, 0x87, 0x0, 0x60, 0x99, 0x99, 0x9c,
    0xda, 0xf4, 0xc, 0x1f, 0x77, 0x77, 0xad, 0x77,
    0x30, 0xc7, 0xf6, 0xdd, 0xd9, 0xb4, 0xa0, 0xc,
    0xaf, 0x6a, 0xb7, 0x5d, 0x99, 0x3, 0x88, 0xf6,
    0xa6, 0xa7, 0xfe, 0x40, 0x2c, 0x7e, 0x6d, 0xcd,
    0x6e, 0xd0, 0x0, 0xc4, 0xd6, 0x79, 0x30, 0xe7,
    0x12, 0x1e, 0x69, 0x6e, 0xcc, 0xfd, 0xd6, 0x95,
    0x78, 0x42, 0x20, 0x79, 0x9, 0xe4,

    /* U+884C "行" */
    0x0, 0x8, 0x30, 0x0, 0x0, 0x0, 0x0, 0x9,
    0xd1, 0x4f, 0xff, 0xff, 0xf0, 0x1b, 0xc1, 0x0,
    0x22, 0x22, 0x22, 0x0, 0x70, 0x8d, 0x0, 0x0,
    0x0, 0x0, 0x0, 0x4f, 0x4a, 0xdd, 0xdd, 0xdd,
    0x50, 0x4f, 0xe0, 0x45, 0x55, 0xca, 0x52, 0x3f,
    0xde, 0x0, 0x0, 0xb, 0x80, 0x0, 0x55, 0xe0,
    0x0, 0x0, 0xb8, 0x0, 0x0, 0x5e, 0x0, 0x0,
    0xb, 0x80, 0x0, 0x5, 0xe0, 0x0, 0x0, 0xb8,
    0x0, 0x0, 0x5e, 0x0, 0x3, 0x3d, 0x70, 0x0,
    0x5, 0xe0, 0x0, 0xbe, 0xc2, 0x0,

    /* U+8868 "表" */
    0x0, 0x0, 0x2, 0xf0, 0x0, 0x0, 0x0, 0x9f,
    0xff, 0xff, 0xff, 0xff, 0xa0, 0x0, 0x11, 0x13,
    0xf2, 0x11, 0x11, 0x0, 0xe, 0xff, 0xff, 0xff,
    0xff, 0x20, 0x0, 0x0, 0x2, 0xf1, 0x0, 0x0,
    0x2, 0xff, 0xff, 0xff, 0xff, 0xff, 0xf1, 0x1,
    0x12, 0xcd, 0x9d, 0x11, 0x53, 0x0, 0x6, 0xec,
    0x0, 0xe5, 0x6f, 0x60, 0x3e, 0xde, 0x80, 0x6,
    0xfd, 0x20, 0x0, 0x40, 0xb8, 0x4, 0x49, 0xf5,
    0x0, 0x0, 0xe, 0xef, 0xe6, 0x7, 0xfd, 0x30,
    0x1, 0xd8, 0x30, 0x0, 0x1, 0x70, 0x0, 0x0,
    0x0, 0x0, 0x0, 0x0, 0x0,

    /* U+8981 "要" */
    0xe, 0xff, 0xff, 0xff, 0xff, 0xff, 0x30, 0x13,
    0x38, 0xc3, 0x9b, 0x33, 0x30, 0x4, 0xfc, 0xef,
    0xce, 0xec, 0xec, 0x0, 0x4d, 0x6, 0xb0, 0x7a,
    0x6, 0xc0, 0x4, 0xfc, 0xdf, 0xce, 0xec, 0xdc,
    0x0, 0x1, 0x14, 0xf4, 0x11, 0x11, 0x10, 0x1f,
    0xff, 0xff, 0xff, 0xff, 0xff, 0x70, 0x11, 0x8e,
    0x21, 0x1c, 0xb1, 0x10, 0x0, 0x1d, 0xfc, 0x8b,
    0xd1, 0x0, 0x0, 0x12, 0x48, 0xef, 0xdf, 0xc7,
    0x20, 0xb, 0xeb, 0x95, 0x0, 0x16, 0xcb, 0x0,
    0x0, 0x0, 0x0, 0x0, 0x0, 0x0,

    /* U+89C2 "观" */
    0x4f, 0xff, 0xf5, 0xff, 0xff, 0xfe, 0x0, 0x33,
    0x3f, 0x4f, 0x22, 0x14, 0xe0, 0x4, 0x2, 0xf2,
    0xf1, 0xe3, 0x4e, 0x1, 0xe5, 0x6e, 0xf, 0x1e,
    0x34, 0xe0, 0x5, 0xfb, 0x90, 0xf1, 0xf2, 0x4e,
    0x0, 0xa, 0xf5, 0xf, 0x1f, 0x14, 0xe0, 0x0,
    0x5f, 0x50, 0xd4, 0xf5, 0x3c, 0x0, 0xd, 0xed,
    0x0, 0x9f, 0xd0, 0x0, 0x7, 0xf2, 0xf3, 0x3f,
    0x7d, 0x5, 0x64, 0xf6, 0x1, 0x5f, 0x75, 0xe0,
    0x78, 0x16, 0x0, 0x2f, 0x70, 0x1d, 0xee, 0x30,
    0x0, 0x0, 0x10, 0x0, 0x0, 0x0,

    /* U+89C6 "视" */
    0x0, 0x50, 0x0, 0x0, 0x0, 0x0, 0x0, 0xb,
    0x80, 0x3f, 0xff, 0xff, 0xd0, 0x2e, 0xff, 0xd4,
    0xe1, 0x71, 0x6d, 0x0, 0x22, 0xba, 0x3e, 0xf,
    0x15, 0xd0, 0x0, 0x3f, 0x23, 0xe1, 0xf1, 0x5d,
    0x0, 0xc, 0xc0, 0x3e, 0x1f, 0x5, 0xd0, 0xb,
    0xff, 0x83, 0xe3, 0xe0, 0x5d, 0x5, 0xee, 0x7f,
    0x4c, 0x7f, 0x64, 0xb0, 0x13, 0xd4, 0x20, 0xd,
    0xfa, 0x0, 0x0, 0xd, 0x40, 0x9, 0xe9, 0xa0,
    0x65, 0x0, 0xd4, 0x1a, 0xf4, 0x8b, 0x1a, 0x60,
    0xd, 0x43, 0xc3, 0x3, 0xbc, 0xb1, 0x0, 0x0,
    0x0, 0x0, 0x0, 0x0, 0x0,

    /* U+89C9 "觉" */
    0x0, 0x0, 0x0, 0x0, 0x0, 0x0, 0x0, 0x9,
    0x50, 0x7a, 0x0, 0x7b, 0x0, 0x0, 0x5f, 0x11,
    0xf2, 0x2f, 0x40, 0x0, 0xcd, 0xfd, 0xde, 0xde,
    0xfd, 0xd0, 0xe, 0x63, 0x33, 0x33, 0x33, 0x7f,
    0x0, 0xc5, 0x44, 0x44, 0x44, 0x45, 0xc0, 0x0,
    0x5f, 0xcc, 0xcc, 0xcf, 0x50, 0x0, 0x5, 0xd0,
    0x2a, 0x0, 0xe5, 0x0, 0x0, 0x5d, 0x3, 0xf1,
    0xe, 0x50, 0x0, 0x5, 0xd0, 0x5f, 0x41, 0xe5,
    0x0, 0x0, 0x14, 0x1e, 0x7f, 0x35, 0x21, 0x0,
    0x1, 0x8f, 0x90, 0xf4, 0x0, 0xe3, 0xb, 0xfb,
    0x30, 0xa, 0xff, 0xfb, 0x0, 0x10, 0x0, 0x0,
    0x0, 0x0, 0x0,

    /* U+89D2 "角" */
    0x0, 0x0, 0xa8, 0x0, 0x0, 0x0, 0x0, 0x7,
    0xff, 0xff, 0xfe, 0x0, 0x0, 0x5f, 0x60, 0x1,
    0xe5, 0x0, 0x7, 0xff, 0xff, 0xff, 0xff, 0xfc,
    0x9, 0xbe, 0x22, 0x6e, 0x22, 0x7d, 0x0, 0x5e,
    0x33, 0x7e, 0x33, 0x8d, 0x0, 0x5f, 0xdd, 0xef,
    0xdd, 0xed, 0x0, 0x7d, 0x0, 0x5e, 0x0, 0x6d,
    0x0, 0x8f, 0xff, 0xff, 0xff, 0xfd, 0x0, 0xc8,
    0x11, 0x6e, 0x11, 0x7d, 0x4, 0xf2, 0x0, 0x5e,
    0x2, 0x8d, 0x9, 0x80, 0x0, 0x5e, 0x2f, 0xf7,
    0x0, 0x0, 0x0, 0x0, 0x0, 0x0,

    /* U+8BA4 "认" */
    0x0, 0x92, 0x0, 0x0, 0xf3, 0x0, 0x0, 0x9,
    0xe2, 0x0, 0xf, 0x30, 0x0, 0x0, 0x9, 0x40,
    0x0, 0xf2, 0x0, 0x0, 0x0, 0x0, 0x0, 0xf,
    0x20, 0x0, 0x4f, 0xfe, 0x0, 0x2, 0xf3, 0x0,
    0x1, 0x36, 0xe0, 0x0, 0x4f, 0x60, 0x0, 0x0,
    0x3e, 0x0, 0x7, 0xfb, 0x0, 0x0, 0x3, 0xe0,
    0x0, 0xca, 0xf1, 0x0, 0x0, 0x3e, 0x34, 0x2f,
    0x2b, 0x80, 0x0, 0x4, 0xff, 0x5a, 0xc0, 0x4f,
    0x20, 0x0, 0xbd, 0x28, 0xf3, 0x0, 0xae, 0x20,
    0x4, 0x0, 0xa4, 0x0, 0x0, 0xa4,

    /* U+8BA9 "让" */
    0x0, 0xa2, 0x0, 0x4, 0xf0, 0x0, 0x0, 0x8,
    0xe2, 0x0, 0x4f, 0x0, 0x0, 0x0, 0x8, 0x40,
    0x4, 0xf0, 0x0, 0x0, 0x0, 0x0, 0x0, 0x4f,
    0x0, 0x0, 0x2f, 0xfd, 0x0, 0x4, 0xfc, 0xca,
    0x0, 0x36, 0xe0, 0x0, 0x4f, 0x55, 0x40, 0x0,
    0x3e, 0x0, 0x4, 0xf0, 0x0, 0x0, 0x3, 0xe0,
    0x0, 0x4f, 0x0, 0x0, 0x0, 0x3e, 0x14, 0x4,
    0xf0, 0x0, 0x0, 0x4, 0xfe, 0x60, 0x4f, 0x0,
    0x0, 0x0, 0x9f, 0x75, 0x58, 0xf5, 0x55, 0x30,
    0xb, 0x34, 0xdd, 0xdd, 0xdd, 0xd8,

    /* U+8BBE "设" */
    0x0, 0x0, 0x0, 0x0, 0x0, 0x0, 0x0, 0x6d,
    0x10, 0xe, 0xff, 0xf3, 0x0, 0x0, 0x9d, 0x0,
    0xf4, 0x1e, 0x30, 0x0, 0x0, 0x20, 0x4f, 0x0,
    0xe3, 0x0, 0x6a, 0xa2, 0x5e, 0x70, 0xb, 0xdc,
    0x3, 0x6f, 0x34, 0x72, 0x22, 0x34, 0x10, 0x0,
    0xe3, 0x3f, 0xff, 0xff, 0xf2, 0x0, 0xe, 0x30,
    0x8c, 0x0, 0x9b, 0x0, 0x0, 0xe3, 0x30, 0xe8,
    0x5f, 0x30, 0x0, 0xe, 0xdc, 0x2, 0xff, 0x50,
    0x0, 0x4, 0xfa, 0x15, 0xce, 0xde, 0x82, 0x0,
    0x37, 0xa, 0xd7, 0x0, 0x7d, 0xd0, 0x0, 0x0,
    0x0, 0x0, 0x0, 0x0, 0x0,

    /* U+8BBF "访" */
    0x0, 0x0, 0x0, 0x0, 0x0, 0x0, 0x0, 0x1b,
    0x20, 0x0, 0xf, 0x40, 0x0, 0x0, 0x9e, 0x10,
    0x0, 0xc8, 0x0, 0x0, 0x0, 0x81, 0xde, 0xef,
    0xee, 0xea, 0x1, 0x11, 0x4, 0x6f, 0x54, 0x44,
    0x32, 0xff, 0xe0, 0x3, 0xf0, 0x0, 0x0, 0x1,
    0x5e, 0x0, 0x3f, 0xff, 0xfc, 0x0, 0x4, 0xe0,
    0x5, 0xd2, 0x28, 0xc0, 0x0, 0x4e, 0x0, 0x7a,
    0x0, 0x7b, 0x0, 0x4, 0xe6, 0x7c, 0x60, 0x8,
    0xa0, 0x0, 0x6f, 0xd4, 0xf3, 0x0, 0x99, 0x0,
    0xd, 0xc1, 0xcb, 0x2, 0x2d, 0x70, 0x0, 0x40,
    0x2d, 0x20, 0xcf, 0xc1, 0x0, 0x0, 0x0, 0x0,
    0x0, 0x0, 0x0,

    /* U+8BC1 "证" */
    0x4, 0x20, 0x0, 0x0, 0x0, 0x0, 0x0, 0x8e,
    0x35, 0xff, 0xff, 0xff, 0xf0, 0x0, 0x78, 0x2,
    0x22, 0xd8, 0x22, 0x0, 0x11, 0x0, 0x0, 0xd,
    0x70, 0x0, 0x8f, 0xf4, 0x9, 0x70, 0xd7, 0x0,
    0x0, 0xd, 0x40, 0xa9, 0xd, 0xfe, 0xe0, 0x0,
    0xd4, 0xa, 0x90, 0xd9, 0x33, 0x0, 0xd, 0x40,
    0xa9, 0xd, 0x70, 0x0, 0x0, 0xd9, 0x8a, 0x90,
    0xd7, 0x0, 0x0, 0xf, 0xf5, 0xa9, 0xd, 0x70,
    0x0, 0x6, 0xe3, 0xaf, 0xed, 0xfe, 0xdd, 0x10,
    0x12, 0x3, 0x44, 0x44, 0x44, 0x40,

    /* U+8BC6 "识" */
    0x4, 0x20, 0x0, 0x0, 0x0, 0x0, 0x0, 0x8e,
    0x20, 0x5f, 0xff, 0xff, 0x50, 0x0, 0x89, 0x5,
    0xe1, 0x11, 0xe5, 0x0, 0x0, 0x0, 0x5d, 0x0,
    0xe, 0x50, 0x7d, 0xd4, 0x5, 0xd0, 0x0, 0xe5,
    0x2, 0x5e, 0x40, 0x5e, 0x33, 0x3f, 0x50, 0x0,
    0xd4, 0x5, 0xff, 0xff, 0xf5, 0x0, 0xd, 0x40,
    0x0, 0x0, 0x0, 0x0, 0x0, 0xd5, 0x70, 0xa6,
    0x8, 0x70, 0x0, 0xe, 0xfd, 0x3f, 0x30, 0x5f,
    0x10, 0x3, 0xfa, 0xc, 0xc0, 0x0, 0xc8, 0x0,
    0x37, 0x3, 0xe2, 0x0, 0x6, 0xb0, 0x0, 0x0,
    0x0, 0x0, 0x0, 0x0, 0x0,

    /* U+8BD1 "译" */
    0x1, 0x0, 0x0, 0x0, 0x0, 0x0, 0x0, 0xba,
    0x8, 0xff, 0xff, 0xff, 0x50, 0x1, 0xe3, 0x3,
    0xd4, 0x1b, 0xc0, 0x0, 0x1, 0x0, 0x3, 0xed,
    0xb0, 0x0, 0x8f, 0xf3, 0x16, 0xcf, 0xce, 0x94,
    0x1, 0x3f, 0x4e, 0xf9, 0x44, 0x5c, 0xf1, 0x0,
    0xe3, 0x32, 0x18, 0xb1, 0x11, 0x0, 0xe, 0x30,
    0xef, 0xff, 0xff, 0x30, 0x0, 0xe4, 0x10, 0x7,
    0xb0, 0x0, 0x0, 0xf, 0xff, 0xff, 0xff, 0xff,
    0xf1, 0x4, 0xf7, 0x0, 0x8, 0xb0, 0x0, 0x0,
    0x25, 0x0, 0x0, 0x7b, 0x0, 0x0,

    /* U+8BF4 "说" */
    0x2, 0x10, 0x4, 0x50, 0x2, 0x60, 0x0, 0x8d,
    0x10, 0x4f, 0x10, 0x9a, 0x0, 0x0, 0xab, 0x1,
    0xd6, 0x2f, 0x50, 0x0, 0x0, 0x23, 0xff, 0xff,
    0xff, 0x20, 0x6b, 0xb4, 0x3e, 0x0, 0x0, 0xd2,
    0x3, 0x6e, 0x53, 0xe1, 0x11, 0x1d, 0x20, 0x0,
    0xd5, 0x3f, 0xff, 0xff, 0xf2, 0x0, 0xd, 0x50,
    0xc, 0x84, 0xe0, 0x0, 0x0, 0xd7, 0x90, 0xe6,
    0x4e, 0x0, 0x0, 0xe, 0xfb, 0x5f, 0x14, 0xe0,
    0x70, 0x6, 0xf8, 0x4e, 0x80, 0x4f, 0x2e, 0x20,
    0x25, 0x1e, 0x80, 0x1, 0xdf, 0xc0, 0x0, 0x0,
    0x0, 0x0, 0x0, 0x0, 0x0,

    /* U+8C03 "调" */
    0x1, 0x0, 0x0, 0x0, 0x0, 0x0, 0x9, 0xc1,
    0xf, 0xff, 0xff, 0xfe, 0x0, 0x99, 0xf, 0x1,
    0xe0, 0x2e, 0x0, 0x0, 0xf, 0x4e, 0xfe, 0x4e,
    0x8e, 0xe3, 0xf, 0x0, 0xd0, 0x2e, 0x23, 0xf3,
    0x1f, 0x7e, 0xee, 0x9e, 0x0, 0xe3, 0x1e, 0x0,
    0x0, 0x2e, 0x0, 0xe3, 0x2d, 0x5f, 0xdf, 0x3e,
    0x0, 0xe4, 0x6c, 0x58, 0xd, 0x3e, 0x0, 0xff,
    0xf9, 0x5f, 0xee, 0x3e, 0x5, 0xf8, 0xe4, 0x35,
    0x0, 0x3e, 0x3, 0x53, 0xb0, 0x0, 0x8, 0xf9,
    0x0, 0x0, 0x0, 0x0, 0x0, 0x0,

    /* U+8C08 "谈" */
    0x0, 0x60, 0x0, 0x0, 0xf2, 0x1, 0x0, 0xc,
    0xc0, 0x5c, 0x1f, 0x6, 0xe0, 0x0, 0xa, 0x2c,
    0x64, 0xf0, 0xe5, 0x0, 0x0, 0x0, 0x60, 0xaf,
    0xa5, 0x0, 0x2f, 0xfc, 0x1, 0x9e, 0x39, 0xf7,
    0x0, 0x37, 0xc1, 0xea, 0x28, 0x14, 0xe3, 0x0,
    0x5c, 0x2, 0x61, 0xf2, 0x7, 0x10, 0x5, 0xc0,
    0x8a, 0x2f, 0x26, 0xe0, 0x0, 0x5c, 0x1e, 0x47,
    0xf9, 0xe4, 0x0, 0x5, 0xfb, 0x12, 0xe9, 0xe5,
    0x0, 0x0, 0xae, 0x68, 0xfa, 0x5, 0xf8, 0x30,
    0x6, 0x16, 0xb5, 0x0, 0x2, 0xa6,

    /* U+8D28 "质" */
    0x0, 0x1, 0x23, 0x46, 0x8a, 0xb1, 0x0, 0x3f,
    0xfe, 0xdd, 0xfa, 0x64, 0x10, 0x3, 0xf1, 0x11,
    0x3f, 0x31, 0x11, 0x0, 0x3f, 0xff, 0xff, 0xff,
    0xff, 0xf5, 0x3, 0xf0, 0x0, 0x4e, 0x0, 0x0,
    0x0, 0x4e, 0x2f, 0xff, 0xff, 0xff, 0x50, 0x5,
    0xd2, 0xf2, 0x28, 0x32, 0xe5, 0x0, 0x6c, 0x2f,
    0x0, 0xf3, 0xe, 0x50, 0x8, 0xa2, 0xf0, 0x2f,
    0x20, 0xe5, 0x0, 0xc7, 0x17, 0x1c, 0xb5, 0x28,
    0x30, 0x3f, 0x21, 0x7e, 0xb1, 0x8e, 0xb3, 0x3,
    0x80, 0xcb, 0x50, 0x0, 0x8, 0xc1, 0x0, 0x0,
    0x0, 0x0, 0x0, 0x0, 0x0,

    /* U+8D34 "贴" */
    0x0, 0x0, 0x0, 0x0, 0xe3, 0x0, 0x0, 0xef,
    0xff, 0xe0, 0xe, 0x30, 0x0, 0xe, 0x23, 0x2e,
    0x0, 0xe5, 0x22, 0x0, 0xe2, 0xf2, 0xe0, 0xe,
    0xfe, 0xe3, 0xe, 0x2f, 0x2e, 0x0, 0xe3, 0x0,
    0x0, 0xe2, 0xf2, 0xe0, 0xe, 0x30, 0x0, 0xe,
    0x2f, 0x2e, 0x9f, 0xff, 0xff, 0x0, 0xe3, 0xf1,
    0xe9, 0x62, 0x23, 0xf0, 0xd, 0x7c, 0x1c, 0x94,
    0x0, 0xf, 0x0, 0xd, 0x8c, 0x19, 0x40, 0x0,
    0xf0, 0x1b, 0xd0, 0x9b, 0x9f, 0xee, 0xff, 0x2,
    0xb1, 0x0, 0x39, 0x62, 0x23, 0xe0, 0x0, 0x0,
    0x0, 0x0, 0x0, 0x0, 0x0,

    /* U+8D44 "资" */
    0x7, 0x30, 0x3, 0xe1, 0x0, 0x0, 0x0, 0x7e,
    0xb1, 0xcf, 0xee, 0xee, 0xc0, 0x0, 0x5, 0xac,
    0x9, 0xd0, 0xb8, 0x0, 0x4, 0x97, 0x14, 0xfc,
    0xa3, 0x10, 0x5f, 0xe8, 0x48, 0xf5, 0xa, 0xe7,
    0x11, 0x30, 0x7, 0xa2, 0x0, 0x4, 0x90, 0x0,
    0xdf, 0xff, 0xff, 0xff, 0xc0, 0x0, 0xe, 0x62,
    0x3a, 0x22, 0x7d, 0x0, 0x0, 0xe4, 0x7, 0xc0,
    0x6, 0xd0, 0x0, 0x8, 0x24, 0xf6, 0xb6, 0x56,
    0x0, 0x3, 0x6c, 0xe5, 0x5, 0xbf, 0xc6, 0x4,
    0xda, 0x60, 0x0, 0x0, 0x17, 0x90,

    /* U+8DD1 "跑" */
    0x0, 0x0, 0x0, 0x6, 0x0, 0x0, 0x0, 0xef,
    0xff, 0x26, 0xe4, 0x33, 0x30, 0xe, 0x20, 0xf3,
    0xed, 0xcc, 0xdf, 0x0, 0xe4, 0x3f, 0xdb, 0x0,
    0x2, 0xf0, 0xb, 0xdf, 0xc6, 0xff, 0xfd, 0x2f,
    0x0, 0x14, 0xc0, 0xf, 0x22, 0xd3, 0xe0, 0xf,
    0x4e, 0x91, 0xf3, 0x4d, 0x3e, 0x0, 0xf4, 0xd6,
    0xf, 0xdd, 0xd7, 0xd0, 0xf, 0x4c, 0x0, 0xf2,
    0xa, 0xd6, 0x0, 0xf5, 0xea, 0x4f, 0x20, 0x0,
    0x23, 0x5f, 0xfd, 0x82, 0xf4, 0x0, 0x8, 0x93,
    0x61, 0x0, 0x9, 0xff, 0xff, 0xe3,

    /* U+8DDF "跟" */
    0xe, 0xff, 0xf6, 0xff, 0xff, 0xfe, 0x0, 0xe2,
    0xe, 0x6f, 0x11, 0x14, 0xe0, 0xe, 0x31, 0xe6,
    0xfb, 0xbb, 0xce, 0x0, 0xde, 0xfe, 0x6f, 0x33,
    0x36, 0xe0, 0x4, 0x3c, 0x3, 0xf9, 0x99, 0xae,
    0x0, 0xf3, 0xfe, 0x6f, 0x2c, 0x72, 0x60, 0xf,
    0x3d, 0x24, 0xf0, 0x6c, 0x8f, 0x40, 0xf3, 0xc0,
    0x3f, 0x1, 0xed, 0x20, 0xf, 0x7f, 0xe8, 0xf0,
    0x28, 0xf3, 0x7, 0xfc, 0x83, 0x7f, 0xef, 0x3a,
    0xf6, 0x11, 0x0, 0x5, 0x84, 0x0, 0x6, 0x20,

    /* U+8DEF "路" */
    0x0, 0x0, 0x0, 0x5, 0x20, 0x0, 0x0, 0xef,
    0xff, 0x21, 0xfe, 0xdc, 0x0, 0xe, 0x20, 0xe2,
    0x8c, 0x27, 0xf2, 0x0, 0xe3, 0x1e, 0x7f, 0xf2,
    0xcb, 0x0, 0xd, 0xef, 0xeb, 0x68, 0xde, 0x10,
    0x0, 0x23, 0xc0, 0x0, 0x6f, 0xd3, 0x0, 0xf,
    0x3e, 0xa7, 0xcb, 0x26, 0xfb, 0x10, 0xf3, 0xd4,
    0x8e, 0xee, 0xef, 0x90, 0xf, 0x3c, 0x0, 0xd5,
    0x11, 0xd5, 0x0, 0xf4, 0xea, 0x5d, 0x40, 0xd,
    0x50, 0x5f, 0xfe, 0xa3, 0xd7, 0x44, 0xe5, 0x4,
    0x73, 0x0, 0xd, 0xdb, 0xbe, 0x50,

    /* U+8F6E "轮" */
    0x0, 0x82, 0x0, 0x3, 0x90, 0x0, 0x1, 0x3f,
    0x53, 0x0, 0xbf, 0x40, 0x0, 0x7f, 0xfe, 0xe1,
    0x2f, 0x9d, 0x0, 0x0, 0x6b, 0x50, 0x1d, 0x80,
    0xca, 0x0, 0xa, 0x7d, 0xc, 0xc0, 0x1, 0xea,
    0x1, 0xf6, 0xe5, 0xbc, 0x40, 0x13, 0x80, 0x4e,
    0xdf, 0xd1, 0xd6, 0x4e, 0x90, 0x0, 0x2, 0xd0,
    0xd, 0xdf, 0x70, 0x0, 0x3, 0x7f, 0xa6, 0xdb,
    0x10, 0x0, 0x8, 0xfd, 0xe6, 0x2d, 0x60, 0x6,
    0x50, 0x0, 0x2d, 0x0, 0xc8, 0x11, 0xb8, 0x0,
    0x2, 0xd0, 0x7, 0xff, 0xfe, 0x20,

    /* U+8F7B "轻" */
    0x0, 0x36, 0x0, 0x0, 0x0, 0x0, 0x0, 0x39,
    0xc3, 0x2a, 0xff, 0xff, 0xd0, 0x1e, 0xfe, 0xea,
    0x11, 0x14, 0xf7, 0x0, 0xf, 0x52, 0x0, 0x3,
    0xe9, 0x0, 0x4, 0xba, 0x70, 0x18, 0xfe, 0xd4,
    0x0, 0xba, 0xca, 0x6f, 0xd3, 0x7, 0xf6, 0xc,
    0xde, 0xe8, 0x52, 0x22, 0x24, 0x10, 0x0, 0xa7,
    0x9, 0xff, 0xff, 0xf2, 0x2, 0x5c, 0xda, 0x0,
    0x4e, 0x0, 0x2, 0xfd, 0xeb, 0x30, 0x4, 0xe0,
    0x0, 0x0, 0xa, 0x70, 0x11, 0x5e, 0x11, 0x10,
    0x0, 0xa7, 0x5f, 0xff, 0xff, 0xfb,

    /* U+8F7D "载" */
    0x0, 0x1, 0xf0, 0x0, 0xf4, 0x91, 0x0, 0x6f,
    0xff, 0xff, 0x4f, 0x39, 0xc0, 0x0, 0x2, 0xf1,
    0x0, 0xf4, 0x16, 0x1, 0xee, 0xfe, 0xee, 0xef,
    0xfe, 0xe7, 0x0, 0xe, 0x50, 0x0, 0xd5, 0x15,
    0x0, 0xdf, 0xff, 0xff, 0xab, 0x67, 0xc0, 0x0,
    0xd4, 0x55, 0x0, 0xa9, 0xd6, 0x0, 0x7f, 0xef,
    0xfe, 0x67, 0xee, 0x0, 0x1, 0x21, 0x99, 0x10,
    0x3f, 0x71, 0x0, 0x68, 0x9d, 0xed, 0xb8, 0xf4,
    0x49, 0xb, 0xb9, 0xcb, 0x47, 0xfb, 0xc9, 0x80,
    0x0, 0x9, 0x80, 0xd4, 0xb, 0xe2, 0x0, 0x0,
    0x0, 0x0, 0x0, 0x0, 0x0,

    /* U+8F91 "辑" */
    0x0, 0x41, 0x0, 0x0, 0x0, 0x0, 0x1, 0x3e,
    0x73, 0xf, 0xed, 0xdf, 0x30, 0x8f, 0xfe, 0xe2,
    0xf6, 0x55, 0xf3, 0x0, 0x6b, 0x50, 0x6, 0x66,
    0x66, 0x10, 0xb, 0x5f, 0x8, 0xff, 0xff, 0xff,
    0x3, 0xf7, 0xf7, 0xe, 0x30, 0xf, 0x20, 0x3b,
    0xbf, 0xb0, 0xee, 0xdd, 0xf2, 0x0, 0x0, 0xf0,
    0xe, 0x30, 0xf, 0x20, 0x14, 0x7f, 0xc6, 0xee,
    0xdd, 0xf2, 0x8, 0xdb, 0xf5, 0x1e, 0x53, 0x4f,
    0x80, 0x0, 0xf, 0xd, 0xed, 0xba, 0xf9, 0x0,
    0x0, 0xf0, 0x0, 0x0, 0xf, 0x20, 0x0, 0x0,
    0x0, 0x0, 0x0, 0x0, 0x0,

    /* U+8FA8 "辨" */
    0x0, 0x0, 0x0, 0x0, 0x0, 0x0, 0x0, 0xc,
    0x10, 0x1, 0xe0, 0x69, 0x0, 0x0, 0xb8, 0x0,
    0x1e, 0x3, 0xf1, 0x1, 0xff, 0xfe, 0x1, 0xea,
    0xff, 0xf6, 0x8, 0x45, 0x78, 0x6e, 0x39, 0xc,
    0x10, 0x67, 0xa4, 0x96, 0xe0, 0xd2, 0xc0, 0x3f,
    0xff, 0xfc, 0x4e, 0xcf, 0xff, 0x90, 0xa, 0x80,
    0xa2, 0xd0, 0x3f, 0x0, 0x6, 0xca, 0x50, 0x4b,
    0x2, 0xf0, 0x0, 0xae, 0xc9, 0x8, 0x8a, 0xff,
    0xf7, 0x0, 0xe3, 0x1, 0xf2, 0x2, 0xf0, 0x0,
    0x7e, 0x0, 0xba, 0x0, 0x2f, 0x0, 0xc, 0x30,
    0x3a, 0x0, 0x2, 0xf0, 0x0, 0x0, 0x0, 0x0,
    0x0, 0x0, 0x0,

    /* U+8FB9 "边" */
    0x0, 0x0, 0x0, 0x0, 0x0, 0x0, 0x0, 0xa7,
    0x0, 0x0, 0xf4, 0x0, 0x0, 0x4, 0xf6, 0x0,
    0xf, 0x30, 0x0, 0x0, 0x6, 0x78, 0xee, 0xfe,
    0xee, 0xc0, 0x0, 0x0, 0x24, 0x7f, 0x44, 0x8d,
    0x2, 0x55, 0x10, 0x5, 0xe0, 0x6, 0xc0, 0x6d,
    0xf4, 0x0, 0x9b, 0x0, 0x7c, 0x0, 0xe, 0x40,
    0xe, 0x60, 0x8, 0xb0, 0x0, 0xe4, 0x8, 0xe0,
    0x0, 0xa9, 0x0, 0xe, 0x47, 0xf5, 0x5, 0x6e,
    0x60, 0x3, 0xf7, 0x85, 0x0, 0xcd, 0xa0, 0x4,
    0xfc, 0xfb, 0x53, 0x22, 0x23, 0x42, 0x7a, 0x2,
    0x9e, 0xff, 0xff, 0xff, 0x40, 0x0, 0x0, 0x0,
    0x0, 0x0, 0x0,

    /* U+8FBE "达" */
    0x8, 0x10, 0x0, 0xe, 0x50, 0x0, 0x0, 0xca,
    0x0, 0x0, 0xe5, 0x0, 0x0, 0x3, 0xf3, 0x33,
    0x3f, 0x73, 0x33, 0x0, 0x5, 0xf, 0xff, 0xff,
    0xff, 0xd0, 0x12, 0x20, 0x0, 0x2f, 0x10, 0x0,
    0x9, 0xff, 0x40, 0x6, 0xfb, 0x0, 0x0, 0x0,
    0xe4, 0x0, 0xd6, 0xbc, 0x0, 0x0, 0xe, 0x40,
    0x8e, 0x0, 0xcb, 0x0, 0x0, 0xe5, 0xbf, 0x30,
    0x1, 0xe8, 0x0, 0x5f, 0x86, 0x20, 0x0, 0x3,
    0x20, 0x5f, 0x6c, 0xd7, 0x43, 0x45, 0x69, 0x15,
    0x70, 0x5, 0xbd, 0xee, 0xdd, 0xb0, 0x0, 0x0,
    0x0, 0x0, 0x0, 0x0, 0x0,

    /* U+8FC1 "迁" */
    0x6, 0x0, 0x0, 0x1, 0x58, 0x80, 0x1, 0xda,
    0x8, 0xdf, 0xfc, 0x84, 0x0, 0x1, 0xe4, 0x22,
    0xe, 0x40, 0x0, 0x0, 0x0, 0x0, 0x0, 0xe4,
    0x0, 0x0, 0x0, 0x1, 0x88, 0x8f, 0xa8, 0x87,
    0x8, 0xff, 0x59, 0x99, 0xfb, 0x99, 0x80, 0x12,
    0xe4, 0x0, 0xe, 0x40, 0x0, 0x0, 0xd, 0x40,
    0x0, 0xe4, 0x0, 0x0, 0x0, 0xd4, 0x0, 0xe,
    0x40, 0x0, 0x0, 0x3f, 0x70, 0x0, 0xe4, 0x0,
    0x0, 0x3f, 0x6c, 0xb5, 0x34, 0x33, 0x57, 0x5,
    0x70, 0x6, 0xbd, 0xee, 0xdd, 0xa0, 0x0, 0x0,
    0x0, 0x0, 0x0, 0x0, 0x0,

    /* U+8FC7 "过" */
    0x8, 0x10, 0x0, 0x0, 0xf, 0x40, 0x0, 0xad,
    0x0, 0x0, 0x0, 0xf4, 0x0, 0x0, 0xc5, 0xbd,
    0xdd, 0xdf, 0xed, 0x0, 0x0, 0x4, 0x44, 0x44,
    0xf7, 0x40, 0x1, 0x10, 0x18, 0x0, 0xf, 0x40,
    0x8, 0xff, 0x40, 0xc9, 0x0, 0xf4, 0x0, 0x0,
    0xe4, 0x2, 0xf3, 0xf, 0x40, 0x0, 0xd, 0x40,
    0x3, 0x0, 0xf4, 0x0, 0x0, 0xd4, 0x0, 0x27,
    0x7f, 0x30, 0x0, 0x7f, 0xa2, 0x0, 0xbb, 0x70,
    0x0, 0x8e, 0x59, 0xfe, 0xdc, 0xcd, 0xdd, 0x21,
    0x30, 0x0, 0x45, 0x66, 0x55, 0x40,

    /* U+8FD0 "运" */
    0x0, 0x0, 0x0, 0x0, 0x0, 0x0, 0x1, 0xe6,
    0x1, 0xff, 0xff, 0xff, 0x70, 0x4, 0xe7, 0x2,
    0x22, 0x22, 0x21, 0x0, 0x2, 0x0, 0x0, 0x0,
    0x0, 0x0, 0x23, 0x31, 0xff, 0xff, 0xff, 0xff,
    0x59, 0xef, 0x41, 0x1b, 0xc1, 0x51, 0x10, 0x0,
    0xe3, 0x2, 0xf3, 0xd, 0x60, 0x0, 0xe, 0x30,
    0xaa, 0x0, 0x5f, 0x10, 0x0, 0xe3, 0x5f, 0xdd,
    0xef, 0xf9, 0x0, 0xe, 0x42, 0x86, 0x43, 0x13,
    0xb0, 0x2d, 0xef, 0xa5, 0x32, 0x22, 0x34, 0x26,
    0xb0, 0x18, 0xdf, 0xff, 0xff, 0xf4, 0x0, 0x0,
    0x0, 0x0, 0x0, 0x0, 0x0,

    /* U+8FD1 "近" */
    0x4, 0x0, 0x0, 0x12, 0x36, 0x93, 0x0, 0xca,
    0x0, 0xef, 0xec, 0xb7, 0x30, 0x1, 0xe6, 0xe,
    0x50, 0x0, 0x0, 0x0, 0x2, 0x0, 0xe6, 0x11,
    0x11, 0x10, 0x13, 0x31, 0xf, 0xff, 0xff, 0xff,
    0x17, 0xff, 0x40, 0xf3, 0x4, 0xe0, 0x0, 0x0,
    0xd4, 0x1f, 0x10, 0x4e, 0x0, 0x0, 0xd, 0x45,
    0xe0, 0x4, 0xe0, 0x0, 0x0, 0xd4, 0xb8, 0x0,
    0x4e, 0x0, 0x0, 0x3f, 0x8a, 0x20, 0x3, 0xc0,
    0x0, 0x3f, 0x7c, 0xb4, 0x21, 0x22, 0x47, 0x26,
    0x80, 0x7, 0xdf, 0xff, 0xff, 0xe1, 0x0, 0x0,
    0x0, 0x0, 0x0, 0x0, 0x0,

    /* U+8FD8 "还" */
    0x6, 0x30, 0x0, 0x0, 0x0, 0x0, 0x0, 0x8e,
    0x2c, 0xff, 0xff, 0xff, 0xf0, 0x0, 0xaa, 0x23,
    0x38, 0xf4, 0x33, 0x0, 0x0, 0x0, 0x1, 0xe9,
    0x0, 0x0, 0x25, 0x51, 0x0, 0xbf, 0x86, 0x0,
    0x6, 0xdf, 0x40, 0xaf, 0xd9, 0xdb, 0x0, 0x0,
    0xe5, 0xcf, 0x4b, 0x81, 0xda, 0x0, 0xe, 0x6b,
    0x20, 0xb8, 0x2, 0xa0, 0x0, 0xe4, 0x0, 0xb,
    0x80, 0x0, 0x0, 0x2f, 0x60, 0x0, 0xb8, 0x0,
    0x0, 0x4f, 0xcf, 0xb5, 0x33, 0x33, 0x34, 0x26,
    0xa0, 0x18, 0xdf, 0xff, 0xff, 0xe4, 0x0, 0x0,
    0x0, 0x0, 0x0, 0x0, 0x0,

    /* U+8FD9 "这" */
    0x2, 0x0, 0x0, 0x3d, 0x0, 0x0, 0x2, 0xf6,
    0x0, 0x0, 0xe6, 0x0, 0x0, 0x4, 0xf7, 0xff,
    0xff, 0xff, 0xff, 0x0, 0x2, 0x3, 0x22, 0x23,
    0xf6, 0x20, 0x1, 0x10, 0x9d, 0x20, 0x7e, 0x0,
    0x7, 0xff, 0x30, 0x7f, 0x7e, 0x60, 0x0, 0x0,
    0xe3, 0x0, 0x4f, 0xf1, 0x0, 0x0, 0xe, 0x30,
    0x2c, 0xcc, 0xd2, 0x0, 0x0, 0xe5, 0xaf, 0xa0,
    0xa, 0xf4, 0x0, 0x2f, 0x79, 0x30, 0x0, 0x7,
    0x20, 0x3f, 0xae, 0xb5, 0x32, 0x23, 0x58, 0x26,
    0xa0, 0x18, 0xdf, 0xff, 0xff, 0xf0, 0x0, 0x0,
    0x0, 0x0, 0x0, 0x0, 0x0,

    /* U+8FDB "进" */
    0x0, 0x0, 0x0, 0x0, 0x0, 0x0, 0x0, 0xb7,
    0x0, 0xf, 0x20, 0xf3, 0x0, 0x0, 0xb4, 0xad,
    0xfd, 0xdf, 0xea, 0x0, 0x0, 0x3, 0x5f, 0x64,
    0xf7, 0x30, 0x13, 0x31, 0x0, 0xf2, 0xf, 0x30,
    0x8, 0xff, 0x42, 0x4f, 0x43, 0xf5, 0x30, 0x0,
    0xe4, 0xdf, 0xff, 0xff, 0xff, 0x0, 0xd, 0x40,
    0x6d, 0x0, 0xf3, 0x0, 0x0, 0xd4, 0xd, 0x80,
    0xf, 0x30, 0x0, 0xe, 0x47, 0xd0, 0x0, 0xf3,
    0x0, 0x2c, 0x7b, 0x85, 0x21, 0x2a, 0x67, 0x26,
    0x80, 0x7, 0xdf, 0xff, 0xff, 0xe0, 0x0, 0x0,
    0x0, 0x0, 0x0, 0x0, 0x0,

    /* U+8FDE "连" */
    0x8, 0x20, 0x0, 0x78, 0x0, 0x0, 0x0, 0x7e,
    0x18, 0x9e, 0xd9, 0x99, 0x80, 0x0, 0xb6, 0x6a,
    0xf7, 0x77, 0x76, 0x0, 0x0, 0x0, 0xb8, 0x1f,
    0x10, 0x0, 0x49, 0x92, 0x5f, 0x98, 0xf8, 0x73,
    0x4, 0x8f, 0x34, 0xa9, 0xaf, 0xa9, 0x40, 0x0,
    0xe3, 0x0, 0x1, 0xf1, 0x0, 0x0, 0xe, 0x3e,
    0xee, 0xef, 0xee, 0xe0, 0x0, 0xe3, 0x33, 0x35,
    0xf5, 0x33, 0x0, 0x3f, 0x60, 0x0, 0x1f, 0x10,
    0x0, 0x4f, 0x8e, 0xb5, 0x33, 0x84, 0x46, 0x36,
    0x90, 0x18, 0xdf, 0xff, 0xff, 0xe3, 0x0, 0x0,
    0x0, 0x0, 0x0, 0x0, 0x0,

    /* U+8FF7 "迷" */
    0xb, 0x30, 0x32, 0xd, 0x40, 0x52, 0x0, 0x6e,
    0x17, 0xb0, 0xd4, 0x1f, 0x30, 0x0, 0x94, 0x1f,
    0x2d, 0x49, 0xa0, 0x0, 0x0, 0x1, 0x42, 0xe6,
    0x43, 0x10, 0x6c, 0xc4, 0xff, 0xff, 0xff, 0xfb,
    0x2, 0x5f, 0x30, 0xc, 0xff, 0x60, 0x0, 0x0,
    0xe3, 0x8, 0xbe, 0x8f, 0x60, 0x0, 0xe, 0x37,
    0xe1, 0xd4, 0x3f, 0x50, 0x0, 0xe5, 0xe3, 0xd,
    0x40, 0x59, 0x0, 0x6f, 0x80, 0x0, 0xc4, 0x0,
    0x0, 0x5f, 0x5c, 0xc6, 0x32, 0x34, 0x69, 0x27,
    0x70, 0x7, 0xdf, 0xff, 0xff, 0xe0, 0x0, 0x0,
    0x0, 0x0, 0x0, 0x0, 0x0,

    /* U+9002 "适" */
    0x6, 0x0, 0x2, 0x45, 0x8a, 0xd1, 0x1, 0xda,
    0x4, 0xdc, 0xcf, 0x63, 0x0, 0x1, 0xe3, 0x0,
    0x4, 0xe0, 0x0, 0x0, 0x0, 0xf, 0xff, 0xff,
    0xff, 0xf2, 0x35, 0x51, 0x11, 0x15, 0xe1, 0x11,
    0x9, 0xff, 0x30, 0x11, 0x5e, 0x11, 0x0, 0x0,
    0xe3, 0x1f, 0xee, 0xee, 0xf4, 0x0, 0xe, 0x31,
    0xf0, 0x0, 0xe, 0x40, 0x0, 0xe3, 0x1f, 0x43,
    0x33, 0xf4, 0x0, 0xf, 0x50, 0xbb, 0xbb, 0xbb,
    0x30, 0x1c, 0x9c, 0x93, 0x10, 0x11, 0x37, 0x16,
    0xa0, 0x6, 0xcf, 0xff, 0xff, 0xe0, 0x0, 0x0,
    0x0, 0x0, 0x0, 0x0, 0x0,

    /* U+9009 "选" */
    0x5, 0x0, 0x4, 0x44, 0xe0, 0x0, 0x2, 0xe9,
    0x0, 0xd8, 0x5e, 0x11, 0x0, 0x2, 0xf5, 0x4f,
    0xff, 0xff, 0xfb, 0x0, 0x2, 0xc, 0x80, 0x4e,
    0x0, 0x0, 0x0, 0x0, 0x66, 0x69, 0xf6, 0x66,
    0x26, 0xff, 0x39, 0x9e, 0xdb, 0xf9, 0x93, 0x12,
    0xe3, 0x0, 0xd6, 0x4e, 0x0, 0x0, 0xe, 0x30,
    0x4f, 0x14, 0xe0, 0x52, 0x0, 0xe3, 0x5f, 0x80,
    0x4e, 0x2c, 0x50, 0xe, 0x6d, 0x70, 0x1, 0xdf,
    0xd1, 0x9, 0xdc, 0xa4, 0x21, 0x11, 0x35, 0x34,
    0xd1, 0x6, 0xcf, 0xff, 0xff, 0xf3, 0x0, 0x0,
    0x0, 0x0, 0x0, 0x0, 0x0,

    /* U+900F "透" */
    0x2, 0x0, 0x0, 0x12, 0x35, 0x72, 0x2, 0xe9,
    0x7, 0xdc, 0xde, 0x86, 0x30, 0x2, 0xd4, 0xcc,
    0xcd, 0xfc, 0xcc, 0x40, 0x0, 0x2, 0x2a, 0xff,
    0xd4, 0x20, 0x0, 0x0, 0x3b, 0xb6, 0xd6, 0xe6,
    0x6, 0xff, 0x6f, 0xb3, 0x6a, 0x34, 0xd5, 0x14,
    0xf3, 0xc, 0xee, 0xdf, 0x0, 0x0, 0xe, 0x30,
    0xd, 0x73, 0xee, 0xf0, 0x0, 0xe3, 0x8, 0xe1,
    0x0, 0x4d, 0x0, 0xe, 0x7c, 0xc2, 0x2, 0xee,
    0x60, 0xb, 0xdc, 0xc5, 0x21, 0x12, 0x35, 0x35,
    0xd1, 0x6, 0xcf, 0xff, 0xff, 0xf5, 0x0, 0x0,
    0x0, 0x0, 0x0, 0x0, 0x0,

    /* U+901F "速" */
    0x5, 0x0, 0x0, 0xe, 0x30, 0x0, 0x1, 0xda,
    0x2c, 0xcc, 0xfd, 0xcc, 0xa0, 0x1, 0xe5, 0x22,
    0x2e, 0x62, 0x22, 0x0, 0x0, 0xc, 0xee, 0xff,
    0xee, 0x40, 0x35, 0x52, 0xc4, 0xe, 0x40, 0xe4,
    0x8, 0xff, 0x5c, 0x62, 0xe5, 0x2e, 0x40, 0x0,
    0xd5, 0xac, 0xef, 0xfc, 0xc3, 0x0, 0xc, 0x50,
    0x3e, 0xfe, 0xa1, 0x0, 0x0, 0xc6, 0x8e, 0x3e,
    0x47, 0xe3, 0x0, 0x1e, 0x89, 0x10, 0xe3, 0x4,
    0x20, 0x2e, 0xad, 0xa4, 0x11, 0x11, 0x36, 0x7,
    0x90, 0x7, 0xdf, 0xff, 0xff, 0xc0, 0x0, 0x0,
    0x0, 0x0, 0x0, 0x0, 0x0,

    /* U+903B "逻" */
    0x0, 0x0, 0x0, 0x0, 0x0, 0x0, 0x0, 0xc6,
    0xd, 0xff, 0xff, 0xff, 0xe0, 0x2, 0xe5, 0xd2,
    0xa2, 0x2a, 0x2e, 0x0, 0x1, 0xd, 0xff, 0xff,
    0xff, 0xe0, 0x58, 0x82, 0x0, 0xd7, 0x0, 0x0,
    0x5, 0x8f, 0x40, 0xaf, 0xff, 0xff, 0x40, 0x0,
    0xd5, 0xcb, 0x50, 0x8, 0xc0, 0x0, 0xd, 0x44,
    0x1c, 0xd8, 0xe2, 0x0, 0x0, 0xd4, 0x1, 0x7f,
    0xc1, 0x0, 0x0, 0x3f, 0x69, 0xfc, 0x50, 0x0,
    0x0, 0x5f, 0x8e, 0xd6, 0x21, 0x12, 0x36, 0x39,
    0x70, 0x18, 0xef, 0xff, 0xff, 0xf3, 0x0, 0x0,
    0x0, 0x1, 0x0, 0x0, 0x0,

    /* U+9053 "道" */
    0x0, 0x0, 0x6, 0x40, 0x6, 0x40, 0x2, 0xe3,
    0x0, 0x6c, 0x3, 0xf2, 0x0, 0x6, 0xe3, 0xee,
    0xef, 0xfe, 0xee, 0x0, 0x5, 0x0, 0x22, 0xf5,
    0x22, 0x0, 0x12, 0x20, 0x3f, 0xaa, 0xab, 0xf0,
    0x7, 0xff, 0x43, 0xf6, 0x66, 0x7f, 0x0, 0x0,
    0xd4, 0x3f, 0x55, 0x57, 0xf0, 0x0, 0xd, 0x43,
    0xfd, 0xdd, 0xdf, 0x0, 0x0, 0xd4, 0x3e, 0x0,
    0x2, 0xf0, 0x0, 0xe, 0x62, 0xdd, 0xdd, 0xdd,
    0x0, 0x1d, 0xce, 0x93, 0x10, 0x1, 0x24, 0x17,
    0xa0, 0x18, 0xdf, 0xff, 0xff, 0xe1, 0x0, 0x0,
    0x0, 0x0, 0x0, 0x0, 0x0,

    /* U+90E8 "部" */
    0x0, 0x4, 0x60, 0x0, 0x0, 0x0, 0x0, 0x23,
    0x7e, 0x33, 0x1b, 0xff, 0xf5, 0xa, 0xee, 0xde,
    0xe5, 0xb5, 0x2f, 0x10, 0xd, 0x40, 0x9a, 0xb,
    0x47, 0xa0, 0x0, 0x7a, 0xe, 0x30, 0xb5, 0xd3,
    0x1, 0xef, 0xff, 0xfe, 0xab, 0x5d, 0x50, 0x0,
    0x0, 0x0, 0x0, 0xb4, 0x3e, 0x0, 0x6f, 0xff,
    0xff, 0x1b, 0x40, 0xd3, 0x6, 0xc2, 0x23, 0xf1,
    0xb5, 0x1f, 0x40, 0x6b, 0x0, 0xf, 0x1b, 0x9f,
    0xb0, 0x6, 0xfe, 0xee, 0xf1, 0xb4, 0x0, 0x0,
    0x6c, 0x22, 0x3e, 0x1b, 0x40, 0x0,

    /* U+91CC "里" */
    0x0, 0xcf, 0xff, 0xff, 0xff, 0xf5, 0x0, 0xc,
    0x71, 0x1d, 0x51, 0x1e, 0x50, 0x0, 0xcf, 0xff,
    0xff, 0xff, 0xf5, 0x0, 0xc, 0x60, 0xd, 0x50,
    0xe, 0x50, 0x0, 0xce, 0xcc, 0xfd, 0xcc, 0xf5,
    0x0, 0x3, 0x44, 0x4e, 0x84, 0x44, 0x10, 0x0,
    0x22, 0x22, 0xe7, 0x22, 0x22, 0x0, 0x3f, 0xff,
    0xff, 0xff, 0xff, 0xc0, 0x0, 0x0, 0x0, 0xe6,
    0x0, 0x0, 0x0, 0x33, 0x33, 0x3e, 0x83, 0x33,
    0x31, 0x1d, 0xdd, 0xdd, 0xdd, 0xdd, 0xdd, 0x60,

    /* U+91CD "重" */
    0x0, 0x0, 0x0, 0x12, 0x46, 0x40, 0x0, 0x1e,
    0xef, 0xff, 0xdb, 0xa7, 0x0, 0x16, 0x77, 0x67,
    0xf6, 0x66, 0x66, 0x11, 0x66, 0x66, 0x8f, 0x76,
    0x66, 0x61, 0x0, 0xee, 0xdd, 0xfd, 0xde, 0xf0,
    0x0, 0xe, 0x52, 0x4f, 0x22, 0x5f, 0x0, 0x0,
    0xeb, 0x9a, 0xfa, 0x9b, 0xf0, 0x0, 0xe, 0xb9,
    0xaf, 0x99, 0xaf, 0x0, 0x0, 0x34, 0x46, 0xf4,
    0x44, 0x40, 0x0, 0x4e, 0xee, 0xff, 0xfe, 0xee,
    0x70, 0x2, 0x22, 0x24, 0xf2, 0x22, 0x22, 0x3,
    0xdd, 0xdd, 0xdd, 0xdd, 0xdd, 0xd4,

    /* U+91CF "量" */
    0x0, 0x7e, 0xaa, 0xaa, 0xac, 0xd0, 0x0, 0x7,
    0xe9, 0x99, 0x99, 0xbd, 0x0, 0x0, 0x5a, 0x99,
    0x99, 0x99, 0x90, 0x1, 0xdd, 0xdd, 0xdd, 0xdd,
    0xdd, 0xd7, 0x0, 0x46, 0x66, 0x66, 0x66, 0x61,
    0x0, 0xb, 0x95, 0x5e, 0x85, 0x5f, 0x30, 0x0,
    0xbd, 0xaa, 0xfc, 0xaa, 0xf3, 0x0, 0x7, 0x98,
    0x8f, 0xa8, 0x8b, 0x20, 0x0, 0xdd, 0xdd, 0xfe,
    0xdd, 0xd6, 0x0, 0x0, 0x0, 0xe, 0x40, 0x0,
    0x0, 0x2e, 0xee, 0xee, 0xff, 0xee, 0xee, 0x80,

    /* U+91D1 "金" */
    0x0, 0x0, 0x0, 0x0, 0x0, 0x0, 0x0, 0x0,
    0x0, 0x1d, 0x40, 0x0, 0x0, 0x0, 0x0, 0x2d,
    0xfc, 0x10, 0x0, 0x0, 0x0, 0x6e, 0x90, 0x8e,
    0x50, 0x0, 0x7, 0xef, 0x81, 0x11, 0x6f, 0xd6,
    0x4, 0xf9, 0xef, 0xff, 0xff, 0xe8, 0xe4, 0x0,
    0x0, 0x2, 0xf1, 0x0, 0x0, 0x0, 0x12, 0x22,
    0x5f, 0x42, 0x22, 0x10, 0x6, 0xee, 0xee, 0xfe,
    0xee, 0xe6, 0x0, 0x3, 0xb0, 0x2f, 0x10, 0xc3,
    0x0, 0x0, 0xe, 0x52, 0xf1, 0x6d, 0x0, 0x0,
    0x11, 0x77, 0x4f, 0x3a, 0x51, 0x10, 0xf, 0xff,
    0xff, 0xff, 0xff, 0xff, 0x10,

    /* U+949F "钟" */
    0x0, 0xb4, 0x0, 0x0, 0x4e, 0x0, 0x0, 0x3f,
    0x64, 0x20, 0x4, 0xe0, 0x0, 0xd, 0xed, 0xd7,
    0x0, 0x5e, 0x0, 0x4, 0xe3, 0x22, 0x1f, 0xff,
    0xff, 0xf3, 0x7, 0xff, 0xf5, 0xf1, 0x4e, 0xe,
    0x30, 0x4, 0xd0, 0x1f, 0x14, 0xe0, 0xe3, 0x7,
    0x9e, 0x75, 0xf4, 0x7e, 0x3f, 0x30, 0x9b, 0xf9,
    0x6f, 0xff, 0xff, 0xf3, 0x0, 0x4d, 0x0, 0xa0,
    0x4e, 0x8, 0x10, 0x4, 0xd5, 0x60, 0x4, 0xe0,
    0x0, 0x0, 0x9f, 0xd4, 0x0, 0x4e, 0x0, 0x0,
    0x9, 0x50, 0x0, 0x4, 0xe0, 0x0,

    /* U+94AE "钮" */
    0x3, 0x50, 0x0, 0x0, 0x0, 0x0, 0x0, 0xab,
    0x44, 0x7f, 0xff, 0xff, 0xd0, 0x3f, 0xdd, 0xd1,
    0x17, 0xc1, 0x7c, 0xb, 0x91, 0x11, 0x0, 0x8a,
    0x7, 0xa0, 0x3d, 0xff, 0xb0, 0xa, 0x80, 0x89,
    0x0, 0xb, 0x50, 0x4d, 0xfe, 0xde, 0x80, 0x6c,
    0xfd, 0xc1, 0x1e, 0x51, 0xc7, 0x2, 0x4d, 0x84,
    0x0, 0xf2, 0xc, 0x60, 0x0, 0xb5, 0x0, 0x1f,
    0x0, 0xe4, 0x0, 0xb, 0x79, 0x3, 0xe0, 0xf,
    0x30, 0x0, 0xef, 0xb3, 0x7d, 0x24, 0xf4, 0x10,
    0x4e, 0x47, 0xff, 0xff, 0xff, 0xf6, 0x0, 0x10,
    0x0, 0x0, 0x0, 0x0, 0x0,

    /* U+94DC "铜" */
    0x0, 0x61, 0x0, 0x0, 0x0, 0x0, 0x0, 0x3f,
    0x53, 0x6f, 0xff, 0xff, 0xf1, 0x1d, 0xca, 0xa8,
    0xa2, 0x22, 0x1e, 0x16, 0xd2, 0x22, 0x59, 0xce,
    0xe3, 0xe1, 0x9, 0xff, 0xe7, 0x90, 0x0, 0xe,
    0x10, 0x9, 0x80, 0x59, 0x9f, 0xf1, 0xe1, 0x28,
    0xcc, 0x87, 0x9a, 0x1b, 0x1e, 0x12, 0x8c, 0xc8,
    0x69, 0xa1, 0xb1, 0xe1, 0x0, 0x98, 0x5, 0x9a,
    0xff, 0x1e, 0x10, 0x9, 0xaa, 0x79, 0x71, 0x0,
    0xe1, 0x0, 0xcf, 0x85, 0x90, 0x1, 0x2f, 0x10,
    0x1b, 0x20, 0x59, 0x0, 0x8f, 0xb0,

    /* U+9500 "销" */
    0x0, 0xb3, 0x0, 0x40, 0x4c, 0x3, 0x10, 0x4f,
    0x43, 0x2e, 0x54, 0xc0, 0xe3, 0xd, 0xfe, 0xe6,
    0x7c, 0x4c, 0x6a, 0x4, 0xd2, 0x22, 0x4, 0x67,
    0xd5, 0x50, 0x8, 0xff, 0xf4, 0xfe, 0xee, 0xef,
    0x10, 0x5, 0xc0, 0xf, 0x10, 0x0, 0xf1, 0x8,
    0xbe, 0x85, 0xff, 0xff, 0xff, 0x10, 0x7a, 0xd7,
    0x4f, 0x21, 0x11, 0xf1, 0x0, 0x5c, 0x0, 0xfe,
    0xee, 0xef, 0x10, 0x5, 0xd9, 0x5f, 0x31, 0x11,
    0xf1, 0x0, 0xaf, 0xa2, 0xf1, 0x1, 0x3f, 0x10,
    0x8, 0x40, 0xf, 0x10, 0x4e, 0xa0,

    /* U+957F "长" */
    0x0, 0xd, 0x50, 0x0, 0x7, 0x70, 0x0, 0x0,
    0xd5, 0x0, 0x9, 0xf4, 0x0, 0x0, 0xd, 0x50,
    0x4d, 0xe3, 0x0, 0x0, 0x0, 0xd5, 0x8f, 0x91,
    0x0, 0x0, 0x0, 0xd, 0x50, 0x30, 0x0, 0x0,
    0x3, 0xff, 0xff, 0xff, 0xff, 0xff, 0xf3, 0x3,
    0x3e, 0x83, 0xac, 0x33, 0x33, 0x0, 0x0, 0xd5,
    0x2, 0xf3, 0x0, 0x0, 0x0, 0xd, 0x50, 0x8,
    0xe2, 0x0, 0x0, 0x0, 0xd5, 0x15, 0x2a, 0xf6,
    0x0, 0x0, 0x2f, 0xff, 0xd4, 0x8, 0xfe, 0x30,
    0x2, 0xb6, 0x20, 0x0, 0x1, 0x70,

    /* U+95F4 "间" */
    0x24, 0x0, 0x0, 0x0, 0x0, 0x4, 0xf3, 0x7f,
    0xff, 0xff, 0xfe, 0x6, 0x60, 0x11, 0x11, 0x16,
    0xee, 0x50, 0x0, 0x0, 0x0, 0x5e, 0xe5, 0xf,
    0xfe, 0xff, 0x5, 0xee, 0x50, 0xf0, 0x1, 0xf0,
    0x5e, 0xe5, 0xf, 0xfe, 0xff, 0x5, 0xee, 0x50,
    0xf1, 0x2, 0xf0, 0x5e, 0xe5, 0xf, 0x10, 0x2f,
    0x5, 0xee, 0x50, 0xee, 0xee, 0xe0, 0x5e, 0xe5,
    0x0, 0x0, 0x0, 0x6, 0xee, 0x50, 0x0, 0x0,
    0x8, 0xf9,

    /* U+961F "队" */
    0x0, 0x0, 0x0, 0x4f, 0x0, 0x0, 0xef, 0xff,
    0x40, 0x4f, 0x0, 0x0, 0xe4, 0x3f, 0x10, 0x4e,
    0x0, 0x0, 0xe3, 0x89, 0x0, 0x5e, 0x0, 0x0,
    0xe3, 0xe4, 0x0, 0x7f, 0x0, 0x0, 0xe3, 0x6d,
    0x0, 0x9f, 0x20, 0x0, 0xe3, 0xe, 0x30, 0xbf,
    0x70, 0x0, 0xe3, 0x2f, 0x41, 0xfb, 0xc0, 0x0,
    0xe4, 0xfd, 0x7, 0xd1, 0xf4, 0x0, 0xe3, 0x0,
    0x2e, 0x70, 0x9c, 0x0, 0xe3, 0x2, 0xdc, 0x0,
    0x1e, 0xc0, 0xe3, 0x6, 0xb1, 0x0, 0x2, 0xc2,
    0x0, 0x0, 0x0, 0x0, 0x0, 0x0,

    /* U+9636 "阶" */
    0x0, 0x0, 0x0, 0x8, 0x30, 0x0, 0xff, 0xff,
    0x20, 0x4f, 0x90, 0x0, 0xf5, 0x7c, 0x1, 0xeb,
    0xe6, 0x0, 0xf3, 0xb4, 0x1c, 0xc0, 0x3f, 0x80,
    0xf4, 0xf2, 0xeb, 0x10, 0x2, 0xd8, 0xf3, 0x7a,
    0x34, 0xc0, 0x4c, 0x0, 0xf3, 0x1f, 0x5, 0xd0,
    0x4e, 0x0, 0xf4, 0x3f, 0x16, 0xc0, 0x4e, 0x0,
    0xf7, 0xfa, 0x8, 0xa0, 0x4e, 0x0, 0xf3, 0x0,
    0xc, 0x80, 0x4e, 0x0, 0xf3, 0x0, 0x7f, 0x20,
    0x4e, 0x0, 0xf3, 0x0, 0xc7, 0x0, 0x4d, 0x0,
    0x0, 0x0, 0x0, 0x0, 0x0, 0x0,

    /* U+964D "降" */
    0x0, 0x0, 0x0, 0x61, 0x0, 0x0, 0xff, 0xfb,
    0x7, 0xff, 0xef, 0x40, 0xf2, 0xc6, 0xaf, 0x90,
    0xae, 0x10, 0xf4, 0xe1, 0x91, 0xdd, 0xe2, 0x0,
    0xf8, 0xc0, 0x28, 0xee, 0xe9, 0x40, 0xf1, 0xca,
    0xfd, 0x55, 0x7c, 0xf4, 0xf0, 0x7a, 0x64, 0x4f,
    0x74, 0x50, 0xf0, 0x7b, 0x7c, 0xcf, 0xdc, 0xa0,
    0xfa, 0xd4, 0x86, 0xe, 0x30, 0x0, 0xf0, 0x0,
    0xef, 0xff, 0xff, 0xf3, 0xf0, 0x0, 0x11, 0x1e,
    0x51, 0x10, 0xf0, 0x0, 0x0, 0xe, 0x30, 0x0,
    0x0, 0x0, 0x0, 0x0, 0x0, 0x0,

    /* U+968F "随" */
    0x0, 0x0, 0x0, 0x2, 0x60, 0x0, 0xff, 0xfc,
    0x28, 0xbd, 0xeb, 0xb5, 0xf3, 0xf7, 0xd3, 0x5f,
    0x54, 0x41, 0xf6, 0xb0, 0x60, 0xaf, 0xaa, 0x90,
    0xfb, 0x70, 0x7, 0xff, 0x56, 0xe0, 0xf6, 0xce,
    0xf8, 0x5f, 0xab, 0xe0, 0xf1, 0xe2, 0xd2, 0x1e,
    0x24, 0xe0, 0xf1, 0xd3, 0xd2, 0x1f, 0xde, 0xe0,
    0xfa, 0xf1, 0xd2, 0x1e, 0x2, 0xe0, 0xf4, 0x11,
    0xe4, 0x1e, 0xc, 0xb0, 0xf1, 0xd, 0x8c, 0x72,
    0x0, 0x22, 0xf1, 0x29, 0x1, 0x9e, 0xff, 0xf6,
    0x0, 0x0, 0x0, 0x0, 0x0, 0x0,

    /* U+96C6 "集" */
    0x0, 0x0, 0x0, 0x0, 0x0, 0x0, 0x0, 0x0,
    0xc8, 0xa, 0x80, 0x0, 0x0, 0x0, 0x6f, 0xdc,
    0xef, 0xcc, 0xc7, 0x0, 0x4f, 0xa2, 0x2a, 0x92,
    0x22, 0x10, 0x2f, 0xef, 0xff, 0xff, 0xff, 0xf0,
    0x0, 0x59, 0xa2, 0x2a, 0x92, 0x22, 0x0, 0x0,
    0x9d, 0xaa, 0xdd, 0xaa, 0xa0, 0x0, 0x9, 0xda,
    0xad, 0xda, 0xaa, 0xa0, 0x0, 0x55, 0x22, 0xe4,
    0x22, 0x22, 0x1, 0xff, 0xff, 0xff, 0xff, 0xff,
    0xf6, 0x0, 0x3, 0xcc, 0xfc, 0xd5, 0x0, 0x1,
    0x6b, 0xf6, 0xf, 0x24, 0xdd, 0x82, 0x1b, 0x60,
    0x0, 0xf2, 0x0, 0x4a, 0x20,

    /* U+96FE "雾" */
    0x4, 0xcc, 0xcd, 0xfd, 0xcc, 0xc4, 0x0, 0xd8,
    0x88, 0x9f, 0x88, 0x88, 0xd0, 0xf, 0x59, 0x94,
    0xf4, 0x99, 0x5f, 0x0, 0x36, 0xee, 0x5f, 0x6e,
    0xe5, 0x40, 0x0, 0x5, 0x9c, 0xfd, 0xcc, 0xa0,
    0x0, 0x8c, 0xba, 0x41, 0x5b, 0xb2, 0x0, 0x15,
    0x68, 0xdf, 0xff, 0xea, 0x98, 0x33, 0xa9, 0x74,
    0x58, 0x13, 0x56, 0x71, 0x3, 0xdd, 0xde, 0xfd,
    0xdd, 0xb0, 0x0, 0x0, 0x3c, 0xb0, 0x0, 0x7a,
    0x0, 0x7, 0xeb, 0x50, 0x5, 0xee, 0x40, 0x0,
    0x0, 0x0, 0x0, 0x0, 0x0, 0x0,

    /* U+9752 "青" */
    0x0, 0x0, 0x2, 0xf1, 0x0, 0x0, 0x0, 0x5e,
    0xee, 0xff, 0xfe, 0xee, 0x70, 0x0, 0xaa, 0xab,
    0xfb, 0xaa, 0xa0, 0x0, 0x2, 0x33, 0x5f, 0x43,
    0x33, 0x0, 0x2d, 0xdd, 0xde, 0xfe, 0xdd, 0xdd,
    0x20, 0x33, 0x33, 0x33, 0x33, 0x33, 0x30, 0x0,
    0x6f, 0xee, 0xee, 0xef, 0x80, 0x0, 0x6, 0xd5,
    0x55, 0x55, 0xc8, 0x0, 0x0, 0x6d, 0x66, 0x66,
    0x6d, 0x80, 0x0, 0x6, 0xfc, 0xcc, 0xcc, 0xf8,
    0x0, 0x0, 0x6b, 0x0, 0x0, 0xb, 0x80, 0x0,
    0x6, 0xb0, 0x0, 0x7e, 0xd4, 0x0,

    /* U+9759 "静" */
    0x0, 0x0, 0x0, 0x0, 0x0, 0x0, 0x0, 0x5,
    0xc0, 0x0, 0x87, 0x0, 0x0, 0x6d, 0xef, 0xdc,
    0xe, 0xfe, 0xc0, 0x0, 0x58, 0xd5, 0x39, 0xa0,
    0xd8, 0x0, 0x2c, 0xdf, 0xca, 0xf7, 0x7f, 0x53,
    0x5, 0x8a, 0xe8, 0x85, 0xbf, 0xcd, 0xc0, 0x46,
    0x66, 0x66, 0x10, 0xf3, 0x5c, 0x0, 0xee, 0xef,
    0x9f, 0xff, 0xff, 0xf8, 0xe, 0x86, 0xc7, 0x0,
    0xf2, 0x4c, 0x0, 0xe6, 0x5b, 0x75, 0xef, 0xee,
    0xc0, 0xe, 0xdd, 0xe7, 0x0, 0xf2, 0x38, 0x0,
    0xe1, 0x9, 0x70, 0x2f, 0x20, 0x0, 0xe, 0x1a,
    0xe4, 0x1f, 0xc0, 0x0, 0x0,

    /* U+9762 "面" */
    0x3f, 0xff, 0xff, 0xff, 0xff, 0xff, 0x40, 0x22,
    0x22, 0x8e, 0x22, 0x22, 0x20, 0x3, 0x44, 0x4b,
    0xc4, 0x44, 0x43, 0x0, 0xae, 0xcf, 0xdc, 0xdf,
    0xce, 0xa0, 0xa, 0x80, 0xd4, 0x6, 0xb0, 0x9a,
    0x0, 0xa8, 0xd, 0xfe, 0xfb, 0x9, 0xa0, 0xa,
    0x80, 0xd3, 0x5, 0xb0, 0x9a, 0x0, 0xa8, 0xd,
    0xff, 0xfb, 0x9, 0xa0, 0xa, 0x80, 0xd3, 0x5,
    0xb0, 0x9a, 0x0, 0xaf, 0xff, 0xff, 0xff, 0xff,
    0xa0, 0xa, 0x92, 0x22, 0x22, 0x22, 0xaa, 0x0,

    /* U+9875 "页" */
    0xf, 0xff, 0xff, 0xff, 0xff, 0xff, 0x10, 0x11,
    0x11, 0xab, 0x11, 0x11, 0x10, 0x0, 0xce, 0xef,
    0xfe, 0xee, 0xe0, 0x0, 0xd, 0x72, 0x24, 0x32,
    0x6f, 0x0, 0x0, 0xd6, 0x1, 0xf2, 0x4, 0xf0,
    0x0, 0xd, 0x60, 0x1f, 0x20, 0x4f, 0x0, 0x0,
    0xd6, 0x2, 0xf1, 0x4, 0xf0, 0x0, 0xd, 0x60,
    0x8e, 0x21, 0x4f, 0x0, 0x0, 0x0, 0x7f, 0x49,
    0xf9, 0x20, 0x0, 0x59, 0xed, 0x40, 0x2, 0xaf,
    0x80, 0xa, 0x83, 0x0, 0x0, 0x0, 0x39, 0x0,

    /* U+9879 "项" */
    0x1, 0x11, 0x2f, 0xff, 0xff, 0xff, 0x46, 0xcf,
    0xd8, 0x22, 0x9d, 0x32, 0x20, 0x0, 0xe4, 0xb,
    0xff, 0xff, 0xf8, 0x0, 0xe, 0x40, 0xb7, 0x16,
    0xa, 0x80, 0x0, 0xe4, 0xb, 0x72, 0xf0, 0xa8,
    0x0, 0xe, 0x40, 0xb7, 0x2f, 0xa, 0x80, 0x0,
    0xe9, 0x8b, 0x73, 0xf0, 0xa8, 0x6, 0xef, 0xb5,
    0xa7, 0x6d, 0xa, 0x80, 0x56, 0x10, 0x0, 0x2e,
    0x7a, 0x30, 0x0, 0x0, 0x1, 0x7f, 0x80, 0x5e,
    0x80, 0x0, 0x0, 0xab, 0x40, 0x0, 0x2c, 0x20,
    0x0, 0x0, 0x0, 0x0, 0x0, 0x0,

    /* U+987A "顺" */
    0x0, 0x0, 0x0, 0x0, 0x0, 0x0, 0x0, 0xd2,
    0xa1, 0xe8, 0xff, 0xff, 0xf7, 0xd, 0x2f, 0x1e,
    0x0, 0x6c, 0x0, 0x0, 0xd2, 0xf1, 0xe3, 0xdf,
    0xfd, 0xd0, 0xd, 0x2f, 0x1e, 0x3d, 0x22, 0x3f,
    0x0, 0xd2, 0xf1, 0xe3, 0xc2, 0xe0, 0xf0, 0xe,
    0x2f, 0x1e, 0x3c, 0x2e, 0xf, 0x0, 0xe1, 0xf1,
    0xe3, 0xc3, 0xe0, 0xf0, 0xf, 0xf, 0x1e, 0x3c,
    0x4c, 0xf, 0x1, 0xf0, 0xf1, 0xe0, 0xa, 0xd5,
    0x0, 0x5c, 0x0, 0x1e, 0x7, 0xd1, 0xc7, 0x7,
    0x70, 0x1, 0xea, 0xd2, 0x1, 0xe3, 0x1, 0x0,
    0x1, 0x30, 0x0, 0x2, 0x0,

    /* U+9884 "预" */
    0x0, 0x0, 0x0, 0x0, 0x0, 0x0, 0x2, 0xff,
    0xff, 0x9e, 0xff, 0xff, 0xf8, 0x2, 0x24, 0xe1,
    0x0, 0x7d, 0x10, 0x0, 0x7d, 0xe3, 0x7, 0xef,
    0xfe, 0xe0, 0x1, 0x5e, 0xa1, 0x7a, 0x24, 0x2f,
    0x7, 0xff, 0xff, 0xf8, 0xa5, 0xc2, 0xf0, 0x0,
    0x4e, 0x3b, 0x7a, 0x5c, 0x2f, 0x0, 0x4, 0xe6,
    0x67, 0xa5, 0xc2, 0xf0, 0x0, 0x4e, 0x0, 0x7a,
    0x9a, 0x2f, 0x0, 0x4, 0xe0, 0x0, 0x3f, 0x68,
    0x0, 0x2, 0x6e, 0x0, 0x6e, 0x71, 0xcb, 0x0,
    0xcf, 0x90, 0x4c, 0x30, 0x0, 0xb4, 0x0, 0x0,
    0x0, 0x0, 0x0, 0x0, 0x0,

    /* U+9891 "频" */
    0x0, 0x7, 0x80, 0x0, 0x0, 0x0, 0x0, 0x56,
    0x79, 0x22, 0xff, 0xff, 0xf8, 0x6, 0x87, 0xec,
    0x30, 0x1d, 0x40, 0x0, 0x68, 0x78, 0x0, 0x8b,
    0xfb, 0xb2, 0x4f, 0xff, 0xff, 0xbc, 0x45, 0x2d,
    0x30, 0x11, 0xc5, 0x10, 0xc3, 0xc3, 0xd3, 0x6,
    0x9c, 0x49, 0x7c, 0x3d, 0x2d, 0x30, 0xd4, 0xc5,
    0xe3, 0xc3, 0xe1, 0xd3, 0x19, 0xc, 0xdc, 0xc,
    0x5e, 0xd, 0x30, 0x0, 0x6f, 0x20, 0x28, 0xc7,
    0x20, 0x2, 0xae, 0x40, 0x6, 0xe2, 0xac, 0x10,
    0xd9, 0x10, 0xd, 0xb3, 0x0, 0x87, 0x0, 0x0,
    0x0, 0x0, 0x0, 0x0, 0x0,

    /* U+9898 "题" */
    0x0, 0x0, 0x0, 0x0, 0x0, 0x0, 0x0, 0x7e,
    0xcd, 0xe5, 0xff, 0xff, 0xf9, 0x7, 0xc7, 0x9e,
    0x0, 0x4e, 0x0, 0x0, 0x7b, 0x46, 0xe0, 0xdc,
    0xbb, 0xf0, 0x6, 0xdd, 0xdc, 0xd, 0x27, 0x1f,
    0x0, 0x22, 0x22, 0x21, 0xd2, 0xe1, 0xf0, 0x1b,
    0xbe, 0xdb, 0x8d, 0x2f, 0xf, 0x0, 0x36, 0xa5,
    0x0, 0xd6, 0xc0, 0xf0, 0x6, 0x9a, 0xed, 0x31,
    0xb9, 0xa2, 0x0, 0x8e, 0xc4, 0x3, 0xbc, 0x8,
    0xe2, 0xd, 0x8f, 0x81, 0x87, 0x0, 0x6, 0x33,
    0xc0, 0x3a, 0xdf, 0xff, 0xff, 0xf8, 0x1, 0x0,
    0x0, 0x0, 0x0, 0x0, 0x0,

    /* U+989C "颜" */
    0x0, 0x9, 0x20, 0x0, 0x0, 0x0, 0x1, 0xdd,
    0xfe, 0xdb, 0xee, 0xff, 0xe4, 0x3, 0xc2, 0x4b,
    0x10, 0x3c, 0x0, 0x0, 0xd, 0x38, 0x80, 0xff,
    0xff, 0xd0, 0xc, 0xff, 0xff, 0x8e, 0x6, 0x1e,
    0x0, 0xc4, 0x17, 0xa1, 0xd0, 0xd1, 0xe0, 0xd,
    0xae, 0xa2, 0xd, 0x1d, 0x1e, 0x0, 0xd4, 0x28,
    0xd1, 0xd2, 0xc1, 0xe0, 0xe, 0xae, 0xa3, 0x1d,
    0x59, 0x1e, 0x0, 0xf4, 0x27, 0xe3, 0x2b, 0x65,
    0x20, 0x4e, 0x7d, 0xc2, 0x19, 0xb1, 0xca, 0x4,
    0x87, 0x40, 0x2e, 0x80, 0x0, 0xa4, 0x0, 0x0,
    0x0, 0x0, 0x0, 0x0, 0x0,

    /* U+98CE "风" */
    0x0, 0xff, 0xff, 0xff, 0xff, 0xd0, 0x0, 0xf,
    0x62, 0x22, 0x22, 0x7d, 0x0, 0x0, 0xf5, 0x50,
    0x7, 0x95, 0xd0, 0x0, 0xf, 0x5d, 0x80, 0xd4,
    0x5d, 0x0, 0x0, 0xf4, 0x2e, 0xad, 0x5, 0xd0,
    0x0, 0x1f, 0x30, 0x5f, 0x70, 0x5d, 0x0, 0x2,
    0xf1, 0xa, 0xfd, 0x4, 0xe0, 0x0, 0x5f, 0x7,
    0xf2, 0xd9, 0x3f, 0x0, 0x9, 0xb7, 0xf4, 0x3,
    0xf5, 0xf1, 0x81, 0xf6, 0x34, 0x0, 0x3, 0xd,
    0x9a, 0x3d, 0x0, 0x0, 0x0, 0x0, 0x5f, 0x50,
    0x0, 0x0, 0x0, 0x0, 0x0, 0x0,

    /* U+9996 "首" */
    0x0, 0x8, 0x70, 0x0, 0x2d, 0x20, 0x0, 0x22,
    0x5f, 0x42, 0x2b, 0xc2, 0x21, 0x1f, 0xff, 0xff,
    0xff, 0xff, 0xff, 0x70, 0x0, 0x0, 0x2f, 0x30,
    0x0, 0x0, 0x0, 0xaf, 0xff, 0xff, 0xff, 0xf0,
    0x0, 0xa, 0x80, 0x0, 0x0, 0x3f, 0x0, 0x0,
    0xaf, 0xff, 0xff, 0xff, 0xf0, 0x0, 0xa, 0x80,
    0x0, 0x0, 0x3f, 0x0, 0x0, 0xaf, 0xee, 0xee,
    0xee, 0xf0, 0x0, 0xa, 0x80, 0x0, 0x0, 0x3f,
    0x0, 0x0, 0xaf, 0xee, 0xee, 0xef, 0xf0, 0x0,
    0xa, 0x91, 0x11, 0x11, 0x4f, 0x0,

    /* U+9A7B "驻" */
    0x0, 0x0, 0x0, 0x0, 0x50, 0x0, 0x3, 0xff,
    0xfe, 0x0, 0xe, 0x50, 0x0, 0x1, 0x3, 0xc1,
    0x33, 0x9a, 0x33, 0x10, 0xc4, 0x4b, 0x4d, 0xde,
    0xed, 0xd4, 0xd, 0x26, 0x90, 0x0, 0x99, 0x0,
    0x0, 0xf2, 0x88, 0x0, 0x9, 0x90, 0x0, 0xd,
    0xdd, 0xf7, 0xee, 0xff, 0xed, 0x0, 0x0, 0xc,
    0x52, 0x2a, 0xb2, 0x20, 0x14, 0x89, 0xd4, 0x0,
    0x99, 0x0, 0x7, 0xd8, 0x3f, 0x20, 0x9, 0x90,
    0x0, 0x0, 0x2, 0xf3, 0x44, 0xbb, 0x44, 0x20,
    0xe, 0xf8, 0x8c, 0xcc, 0xcc, 0xc6, 0x0, 0x0,
    0x0, 0x0, 0x0, 0x0, 0x0,

    /* U+9A8C "验" */
    0x0, 0x0, 0x0, 0x0, 0x63, 0x0, 0x2, 0xff,
    0xfd, 0x0, 0x4f, 0x90, 0x0, 0x5, 0x23, 0xc0,
    0x2e, 0x8c, 0x90, 0x0, 0xc3, 0x4b, 0x5f, 0x80,
    0xc, 0xc3, 0xd, 0x26, 0xad, 0x7f, 0xff, 0xd9,
    0x60, 0xe1, 0x88, 0x0, 0x1, 0x10, 0x0, 0xf,
    0xff, 0xf6, 0xa1, 0x95, 0xe, 0x10, 0x0, 0xa,
    0x69, 0x66, 0x85, 0xb0, 0x27, 0xbc, 0xb4, 0x5a,
    0x39, 0xc4, 0x4, 0x84, 0xd, 0x30, 0x10, 0x3d,
    0x0, 0x0, 0x1, 0xf5, 0xdd, 0xde, 0xed, 0x40,
    0xe, 0xf8, 0x13, 0x33, 0x33, 0x30, 0x0, 0x0,
    0x0, 0x0, 0x0, 0x0, 0x0,

    /* U+9AD8 "高" */
    0x0, 0x0, 0x3, 0xd0, 0x0, 0x0, 0x1, 0x99,
    0x99, 0xaf, 0xb9, 0x99, 0x91, 0x16, 0x66, 0x66,
    0x66, 0x66, 0x66, 0x0, 0x5, 0xfd, 0xdd, 0xdd,
    0xe7, 0x0, 0x0, 0x5d, 0x0, 0x0, 0xc, 0x70,
    0x0, 0x4, 0xdd, 0xdd, 0xdd, 0xd6, 0x0, 0x6,
    0x88, 0x88, 0x88, 0x88, 0x86, 0x0, 0xca, 0x66,
    0x66, 0x66, 0x6a, 0xc0, 0xc, 0x65, 0xfd, 0xdd,
    0xf2, 0x6c, 0x0, 0xc6, 0x5c, 0x0, 0xe, 0x26,
    0xc0, 0xc, 0x65, 0xfd, 0xdd, 0xd2, 0x7c, 0x0,
    0xc6, 0x14, 0x0, 0x0, 0xbd, 0x70,

    /* U+9EC4 "黄" */
    0x0, 0x0, 0xf4, 0x0, 0xe5, 0x0, 0x0, 0x2f,
    0xff, 0xff, 0xff, 0xff, 0x90, 0x0, 0x0, 0xf5,
    0x0, 0xe5, 0x0, 0x1, 0xee, 0xef, 0xfe, 0xef,
    0xfe, 0xe7, 0x2, 0x22, 0x22, 0xf6, 0x22, 0x22,
    0x10, 0xb, 0xfe, 0xef, 0xfe, 0xff, 0x20, 0x0,
    0xb6, 0x0, 0xf4, 0x0, 0xf2, 0x0, 0xb, 0xec,
    0xcf, 0xdc, 0xdf, 0x20, 0x0, 0xb6, 0x0, 0xf4,
    0x0, 0xf2, 0x0, 0xa, 0xdd, 0xdd, 0xdd, 0xdd,
    0x20, 0x0, 0x17, 0xe5, 0x0, 0xdb, 0x50, 0x0,
    0xaf, 0xb4, 0x0, 0x0, 0x5c, 0xe1, 0x1, 0x0,
    0x0, 0x0, 0x0, 0x1, 0x0,

    /* U+9ED8 "默" */
    0x0, 0x0, 0x0, 0x0, 0x1e, 0x0, 0x0, 0xdd,
    0xfd, 0xf5, 0x1, 0xe9, 0x10, 0xd, 0x79, 0x6c,
    0x50, 0x1e, 0x5c, 0x0, 0xd7, 0xa9, 0x97, 0x46,
    0xf4, 0x72, 0xd, 0xde, 0xde, 0x9a, 0xbf, 0xaa,
    0x40, 0x11, 0xc5, 0x10, 0x4, 0xf2, 0x0, 0xe,
    0xff, 0xff, 0x40, 0x7f, 0x60, 0x0, 0x0, 0xc5,
    0x21, 0xb, 0xda, 0x0, 0x2f, 0xff, 0xed, 0x51,
    0xf3, 0xe0, 0x0, 0x74, 0x35, 0x70, 0x8c, 0xb,
    0x70, 0x1d, 0x57, 0xc8, 0x7f, 0x30, 0x3f, 0x35,
    0x73, 0x66, 0x9, 0x70, 0x0, 0x77, 0x0, 0x0,
    0x0, 0x0, 0x0, 0x0, 0x0,

    /* U+9F13 "鼓" */
    0x0, 0x0, 0x0, 0x0, 0x0, 0x0, 0x0, 0x0,
    0xc6, 0x0, 0x0, 0xf2, 0x0, 0x1d, 0xdf, 0xed,
    0x80, 0xf, 0x20, 0x0, 0x22, 0xd7, 0x26, 0xff,
    0xff, 0xf8, 0xa, 0xdf, 0xed, 0x62, 0x2f, 0x42,
    0x10, 0x23, 0x33, 0x31, 0x0, 0xf2, 0x0, 0x9,
    0xff, 0xff, 0x7f, 0xff, 0xff, 0x40, 0x98, 0x0,
    0xf3, 0xc6, 0x15, 0xf0, 0x9, 0xfe, 0xef, 0x35,
    0xd0, 0xc9, 0x0, 0x1b, 0x6, 0x80, 0xc, 0xce,
    0x10, 0x0, 0xe3, 0xb7, 0x20, 0x9f, 0x90, 0x1,
    0x8c, 0xcf, 0xfc, 0xce, 0x9f, 0xc3, 0x18, 0x64,
    0x10, 0x9a, 0x10, 0x1b, 0x60, 0x0, 0x0, 0x0,
    0x0, 0x0, 0x0,

    /* U+FF0C "，" */
    0x0, 0x5, 0xf6, 0x4e, 0xb0, 0x99, 0x8d, 0x15,
    0x10,

    /* U+FF1A "：" */
    0x2, 0xb, 0xf3, 0x6b, 0x10, 0x0, 0x0, 0x0,
    0x0, 0x0, 0x9, 0xf2, 0x9f, 0x20, 0x0,

    /* U+FF1B "；" */
    0x0, 0x20, 0xb, 0xf3, 0x6, 0xb1, 0x0, 0x0,
    0x0, 0x0, 0x0, 0x0, 0x6, 0xb2, 0xa, 0xf7,
    0x0, 0xb7, 0x3, 0xe2, 0xe, 0x50, 0x0, 0x0
};


/*---------------------
 *  GLYPH DESCRIPTION
 *--------------------*/

static const lv_font_fmt_txt_glyph_dsc_t glyph_dsc[] = {
    {.bitmap_index = 0, .adv_w = 0, .box_w = 0, .box_h = 0, .ofs_x = 0, .ofs_y = 0} /* id = 0 reserved */,
    {.bitmap_index = 0, .adv_w = 57, .box_w = 0, .box_h = 0, .ofs_x = 0, .ofs_y = 0},
    {.bitmap_index = 0, .adv_w = 58, .box_w = 3, .box_h = 9, .ofs_x = 0, .ofs_y = 0},
    {.bitmap_index = 14, .adv_w = 86, .box_w = 5, .box_h = 4, .ofs_x = 0, .ofs_y = 5},
    {.bitmap_index = 24, .adv_w = 148, .box_w = 9, .box_h = 9, .ofs_x = 0, .ofs_y = 0},
    {.bitmap_index = 65, .adv_w = 131, .box_w = 8, .box_h = 13, .ofs_x = 0, .ofs_y = -2},
    {.bitmap_index = 117, .adv_w = 179, .box_w = 11, .box_h = 9, .ofs_x = 0, .ofs_y = 0},
    {.bitmap_index = 167, .adv_w = 147, .box_w = 9, .box_h = 10, .ofs_x = 0, .ofs_y = -1},
    {.bitmap_index = 212, .adv_w = 46, .box_w = 3, .box_h = 4, .ofs_x = 0, .ofs_y = 5},
    {.bitmap_index = 218, .adv_w = 72, .box_w = 4, .box_h = 13, .ofs_x = 1, .ofs_y = -3},
    {.bitmap_index = 244, .adv_w = 72, .box_w = 4, .box_h = 13, .ofs_x = 0, .ofs_y = -3},
    {.bitmap_index = 270, .adv_w = 87, .box_w = 6, .box_h = 5, .ofs_x = 0, .ofs_y = 5},
    {.bitmap_index = 285, .adv_w = 123, .box_w = 7, .box_h = 7, .ofs_x = 0, .ofs_y = 1},
    {.bitmap_index = 310, .adv_w = 51, .box_w = 3, .box_h = 5, .ofs_x = 0, .ofs_y = -2},
    {.bitmap_index = 318, .adv_w = 80, .box_w = 5, .box_h = 3, .ofs_x = 0, .ofs_y = 2},
    {.bitmap_index = 326, .adv_w = 51, .box_w = 3, .box_h = 3, .ofs_x = 0, .ofs_y = 0},
    {.bitmap_index = 331, .adv_w = 77, .box_w = 7, .box_h = 12, .ofs_x = -1, .ofs_y = -1},
    {.bitmap_index = 373, .adv_w = 140, .box_w = 9, .box_h = 9, .ofs_x = 0, .ofs_y = 0},
    {.bitmap_index = 414, .adv_w = 79, .box_w = 4, .box_h = 9, .ofs_x = 0, .ofs_y = 0},
    {.bitmap_index = 432, .adv_w = 121, .box_w = 8, .box_h = 9, .ofs_x = 0, .ofs_y = 0},
    {.bitmap_index = 468, .adv_w = 121, .box_w = 8, .box_h = 9, .ofs_x = 0, .ofs_y = 0},
    {.bitmap_index = 504, .adv_w = 141, .box_w = 9, .box_h = 9, .ofs_x = 0, .ofs_y = 0},
    {.bitmap_index = 545, .adv_w = 121, .box_w = 8, .box_h = 9, .ofs_x = 0, .ofs_y = 0},
    {.bitmap_index = 581, .adv_w = 130, .box_w = 8, .box_h = 9, .ofs_x = 0, .ofs_y = 0},
    {.bitmap_index = 617, .adv_w = 126, .box_w = 8, .box_h = 9, .ofs_x = 0, .ofs_y = 0},
    {.bitmap_index = 653, .adv_w = 136, .box_w = 8, .box_h = 9, .ofs_x = 0, .ofs_y = 0},
    {.bitmap_index = 689, .adv_w = 130, .box_w = 8, .box_h = 9, .ofs_x = 0, .ofs_y = 0},
    {.bitmap_index = 725, .adv_w = 51, .box_w = 3, .box_h = 7, .ofs_x = 0, .ofs_y = 0},
    {.bitmap_index = 736, .adv_w = 51, .box_w = 3, .box_h = 9, .ofs_x = 0, .ofs_y = -2},
    {.bitmap_index = 750, .adv_w = 123, .box_w = 7, .box_h = 7, .ofs_x = 0, .ofs_y = 1},
    {.bitmap_index = 775, .adv_w = 123, .box_w = 7, .box_h = 5, .ofs_x = 0, .ofs_y = 2},
    {.bitmap_index = 793, .adv_w = 123, .box_w = 7, .box_h = 7, .ofs_x = 0, .ofs_y = 1},
    {.bitmap_index = 818, .adv_w = 121, .box_w = 7, .box_h = 9, .ofs_x = 0, .ofs_y = 0},
    {.bitmap_index = 850, .adv_w = 215, .box_w = 13, .box_h = 12, .ofs_x = 0, .ofs_y = -3},
    {.bitmap_index = 928, .adv_w = 156, .box_w = 11, .box_h = 9, .ofs_x = -1, .ofs_y = 0},
    {.bitmap_index = 978, .adv_w = 158, .box_w = 9, .box_h = 9, .ofs_x = 1, .ofs_y = 0},
    {.bitmap_index = 1019, .adv_w = 151, .box_w = 10, .box_h = 9, .ofs_x = 0, .ofs_y = 0},
    {.bitmap_index = 1064, .adv_w = 172, .box_w = 10, .box_h = 9, .ofs_x = 1, .ofs_y = 0},
    {.bitmap_index = 1109, .adv_w = 139, .box_w = 8, .box_h = 9, .ofs_x = 1, .ofs_y = 0},
    {.bitmap_index = 1145, .adv_w = 132, .box_w = 7, .box_h = 9, .ofs_x = 1, .ofs_y = 0},
    {.bitmap_index = 1177, .adv_w = 161, .box_w = 10, .box_h = 9, .ofs_x = 0, .ofs_y = 0},
    {.bitmap_index = 1222, .adv_w = 168, .box_w = 9, .box_h = 9, .ofs_x = 1, .ofs_y = 0},
    {.bitmap_index = 1263, .adv_w = 66, .box_w = 2, .box_h = 9, .ofs_x = 1, .ofs_y = 0},
    {.bitmap_index = 1272, .adv_w = 110, .box_w = 7, .box_h = 9, .ofs_x = -1, .ofs_y = 0},
    {.bitmap_index = 1304, .adv_w = 152, .box_w = 9, .box_h = 9, .ofs_x = 1, .ofs_y = 0},
    {.bitmap_index = 1345, .adv_w = 125, .box_w = 7, .box_h = 9, .ofs_x = 1, .ofs_y = 0},
    {.bitmap_index = 1377, .adv_w = 199, .box_w = 11, .box_h = 9, .ofs_x = 1, .ofs_y = 0},
    {.bitmap_index = 1427, .adv_w = 168, .box_w = 9, .box_h = 9, .ofs_x = 1, .ofs_y = 0},
    {.bitmap_index = 1468, .adv_w = 175, .box_w = 11, .box_h = 9, .ofs_x = 0, .ofs_y = 0},
    {.bitmap_index = 1518, .adv_w = 151, .box_w = 8, .box_h = 9, .ofs_x = 1, .ofs_y = 0},
    {.bitmap_index = 1554, .adv_w = 175, .box_w = 11, .box_h = 12, .ofs_x = 0, .ofs_y = -3},
    {.bitmap_index = 1620, .adv_w = 152, .box_w = 8, .box_h = 9, .ofs_x = 1, .ofs_y = 0},
    {.bitmap_index = 1656, .adv_w = 131, .box_w = 8, .box_h = 9, .ofs_x = 0, .ofs_y = 0},
    {.bitmap_index = 1692, .adv_w = 125, .box_w = 8, .box_h = 9, .ofs_x = 0, .ofs_y = 0},
    {.bitmap_index = 1728, .adv_w = 164, .box_w = 9, .box_h = 9, .ofs_x = 1, .ofs_y = 0},
    {.bitmap_index = 1769, .adv_w = 152, .box_w = 11, .box_h = 9, .ofs_x = -1, .ofs_y = 0},
    {.bitmap_index = 1819, .adv_w = 238, .box_w = 15, .box_h = 9, .ofs_x = 0, .ofs_y = 0},
    {.bitmap_index = 1887, .adv_w = 144, .box_w = 9, .box_h = 9, .ofs_x = 0, .ofs_y = 0},
    {.bitmap_index = 1928, .adv_w = 137, .box_w = 10, .box_h = 9, .ofs_x = -1, .ofs_y = 0},
    {.bitmap_index = 1973, .adv_w = 138, .box_w = 9, .box_h = 9, .ofs_x = 0, .ofs_y = 0},
    {.bitmap_index = 2014, .adv_w = 73, .box_w = 4, .box_h = 13, .ofs_x = 1, .ofs_y = -3},
    {.bitmap_index = 2040, .adv_w = 77, .box_w = 7, .box_h = 12, .ofs_x = -1, .ofs_y = -1},
    {.bitmap_index = 2082, .adv_w = 73, .box_w = 4, .box_h = 13, .ofs_x = 0, .ofs_y = -3},
    {.bitmap_index = 2108, .adv_w = 123, .box_w = 7, .box_h = 6, .ofs_x = 0, .ofs_y = 2},
    {.bitmap_index = 2129, .adv_w = 104, .box_w = 7, .box_h = 1, .ofs_x = 0, .ofs_y = -1},
    {.bitmap_index = 2133, .adv_w = 125, .box_w = 4, .box_h = 2, .ofs_x = 1, .ofs_y = 8},
    {.bitmap_index = 2137, .adv_w = 126, .box_w = 7, .box_h = 7, .ofs_x = 0, .ofs_y = 0},
    {.bitmap_index = 2162, .adv_w = 143, .box_w = 8, .box_h = 10, .ofs_x = 1, .ofs_y = 0},
    {.bitmap_index = 2202, .adv_w = 121, .box_w = 8, .box_h = 7, .ofs_x = 0, .ofs_y = 0},
    {.bitmap_index = 2230, .adv_w = 143, .box_w = 8, .box_h = 10, .ofs_x = 0, .ofs_y = 0},
    {.bitmap_index = 2270, .adv_w = 129, .box_w = 8, .box_h = 7, .ofs_x = 0, .ofs_y = 0},
    {.bitmap_index = 2298, .adv_w = 77, .box_w = 6, .box_h = 10, .ofs_x = 0, .ofs_y = 0},
    {.bitmap_index = 2328, .adv_w = 144, .box_w = 8, .box_h = 10, .ofs_x = 0, .ofs_y = -3},
    {.bitmap_index = 2368, .adv_w = 142, .box_w = 7, .box_h = 10, .ofs_x = 1, .ofs_y = 0},
    {.bitmap_index = 2403, .adv_w = 60, .box_w = 3, .box_h = 10, .ofs_x = 0, .ofs_y = 0},
    {.bitmap_index = 2418, .adv_w = 61, .box_w = 5, .box_h = 13, .ofs_x = -2, .ofs_y = -3},
    {.bitmap_index = 2451, .adv_w = 132, .box_w = 8, .box_h = 10, .ofs_x = 1, .ofs_y = 0},
    {.bitmap_index = 2491, .adv_w = 60, .box_w = 2, .box_h = 10, .ofs_x = 1, .ofs_y = 0},
    {.bitmap_index = 2501, .adv_w = 219, .box_w = 12, .box_h = 7, .ofs_x = 1, .ofs_y = 0},
    {.bitmap_index = 2543, .adv_w = 142, .box_w = 7, .box_h = 7, .ofs_x = 1, .ofs_y = 0},
    {.bitmap_index = 2568, .adv_w = 134, .box_w = 8, .box_h = 7, .ofs_x = 0, .ofs_y = 0},
    {.bitmap_index = 2596, .adv_w = 143, .box_w = 8, .box_h = 10, .ofs_x = 1, .ofs_y = -3},
    {.bitmap_index = 2636, .adv_w = 143, .box_w = 8, .box_h = 10, .ofs_x = 0, .ofs_y = -3},
    {.bitmap_index = 2676, .adv_w = 87, .box_w = 5, .box_h = 7, .ofs_x = 1, .ofs_y = 0},
    {.bitmap_index = 2694, .adv_w = 107, .box_w = 7, .box_h = 7, .ofs_x = 0, .ofs_y = 0},
    {.bitmap_index = 2719, .adv_w = 88, .box_w = 6, .box_h = 9, .ofs_x = 0, .ofs_y = 0},
    {.bitmap_index = 2746, .adv_w = 142, .box_w = 7, .box_h = 7, .ofs_x = 1, .ofs_y = 0},
    {.bitmap_index = 2771, .adv_w = 120, .box_w = 9, .box_h = 7, .ofs_x = -1, .ofs_y = 0},
    {.bitmap_index = 2803, .adv_w = 191, .box_w = 12, .box_h = 7, .ofs_x = 0, .ofs_y = 0},
    {.bitmap_index = 2845, .adv_w = 119, .box_w = 8, .box_h = 7, .ofs_x = 0, .ofs_y = 0},
    {.bitmap_index = 2873, .adv_w = 120, .box_w = 9, .box_h = 10, .ofs_x = -1, .ofs_y = -3},
    {.bitmap_index = 2918, .adv_w = 111, .box_w = 7, .box_h = 7, .ofs_x = 0, .ofs_y = 0},
    {.bitmap_index = 2943, .adv_w = 77, .box_w = 5, .box_h = 13, .ofs_x = 0, .ofs_y = -3},
    {.bitmap_index = 2976, .adv_w = 63, .box_w = 2, .box_h = 13, .ofs_x = 1, .ofs_y = -3},
    {.bitmap_index = 2989, .adv_w = 77, .box_w = 5, .box_h = 13, .ofs_x = 0, .ofs_y = -3},
    {.bitmap_index = 3022, .adv_w = 123, .box_w = 7, .box_h = 4, .ofs_x = 0, .ofs_y = 3},
    {.bitmap_index = 3036, .adv_w = 208, .box_w = 5, .box_h = 3, .ofs_x = 4, .ofs_y = 3},
    {.bitmap_index = 3044, .adv_w = 187, .box_w = 12, .box_h = 1, .ofs_x = 0, .ofs_y = 3},
    {.bitmap_index = 3050, .adv_w = 125, .box_w = 8, .box_h = 7, .ofs_x = 0, .ofs_y = 0},
    {.bitmap_index = 3078, .adv_w = 125, .box_w = 8, .box_h = 9, .ofs_x = 0, .ofs_y = 0},
    {.bitmap_index = 3114, .adv_w = 125, .box_w = 6, .box_h = 8, .ofs_x = 1, .ofs_y = 0},
    {.bitmap_index = 3138, .adv_w = 125, .box_w = 6, .box_h = 6, .ofs_x = 1, .ofs_y = 1},
    {.bitmap_index = 3156, .adv_w = 189, .box_w = 12, .box_h = 8, .ofs_x = 0, .ofs_y = 0},
    {.bitmap_index = 3204, .adv_w = 189, .box_w = 12, .box_h = 8, .ofs_x = 0, .ofs_y = 0},
    {.bitmap_index = 3252, .adv_w = 125, .box_w = 8, .box_h = 9, .ofs_x = 0, .ofs_y = -1},
    {.bitmap_index = 3288, .adv_w = 125, .box_w = 8, .box_h = 9, .ofs_x = 0, .ofs_y = -1},
    {.bitmap_index = 3324, .adv_w = 125, .box_w = 8, .box_h = 9, .ofs_x = 0, .ofs_y = -1},
    {.bitmap_index = 3360, .adv_w = 125, .box_w = 7, .box_h = 10, .ofs_x = 0, .ofs_y = 0},
    {.bitmap_index = 3395, .adv_w = 125, .box_w = 8, .box_h = 12, .ofs_x = 0, .ofs_y = -2},
    {.bitmap_index = 3443, .adv_w = 125, .box_w = 8, .box_h = 8, .ofs_x = 0, .ofs_y = 0},
    {.bitmap_index = 3475, .adv_w = 208, .box_w = 5, .box_h = 5, .ofs_x = 0, .ofs_y = -1},
    {.bitmap_index = 3488, .adv_w = 208, .box_w = 5, .box_h = 4, .ofs_x = 0, .ofs_y = -1},
    {.bitmap_index = 3498, .adv_w = 208, .box_w = 13, .box_h = 2, .ofs_x = 0, .ofs_y = 4},
    {.bitmap_index = 3511, .adv_w = 208, .box_w = 13, .box_h = 12, .ofs_x = 0, .ofs_y = -1},
    {.bitmap_index = 3589, .adv_w = 208, .box_w = 13, .box_h = 11, .ofs_x = 0, .ofs_y = -1},
    {.bitmap_index = 3661, .adv_w = 208, .box_w = 13, .box_h = 12, .ofs_x = 0, .ofs_y = -1},
    {.bitmap_index = 3739, .adv_w = 208, .box_w = 12, .box_h = 13, .ofs_x = 0, .ofs_y = -2},
    {.bitmap_index = 3817, .adv_w = 208, .box_w = 13, .box_h = 12, .ofs_x = 0, .ofs_y = -1},
    {.bitmap_index = 3895, .adv_w = 208, .box_w = 13, .box_h = 13, .ofs_x = 0, .ofs_y = -2},
    {.bitmap_index = 3980, .adv_w = 208, .box_w = 13, .box_h = 12, .ofs_x = 0, .ofs_y = -1},
    {.bitmap_index = 4058, .adv_w = 208, .box_w = 11, .box_h = 12, .ofs_x = 1, .ofs_y = -1},
    {.bitmap_index = 4124, .adv_w = 208, .box_w = 12, .box_h = 13, .ofs_x = 0, .ofs_y = -2},
    {.bitmap_index = 4202, .adv_w = 208, .box_w = 13, .box_h = 12, .ofs_x = 0, .ofs_y = -1},
    {.bitmap_index = 4280, .adv_w = 208, .box_w = 13, .box_h = 13, .ofs_x = 0, .ofs_y = -1},
    {.bitmap_index = 4365, .adv_w = 208, .box_w = 13, .box_h = 10, .ofs_x = 0, .ofs_y = 0},
    {.bitmap_index = 4430, .adv_w = 208, .box_w = 13, .box_h = 12, .ofs_x = 0, .ofs_y = -1},
    {.bitmap_index = 4508, .adv_w = 208, .box_w = 13, .box_h = 12, .ofs_x = 0, .ofs_y = -1},
    {.bitmap_index = 4586, .adv_w = 208, .box_w = 13, .box_h = 12, .ofs_x = 0, .ofs_y = -1},
    {.bitmap_index = 4664, .adv_w = 208, .box_w = 13, .box_h = 13, .ofs_x = 0, .ofs_y = -2},
    {.bitmap_index = 4749, .adv_w = 208, .box_w = 13, .box_h = 12, .ofs_x = 0, .ofs_y = -1},
    {.bitmap_index = 4827, .adv_w = 208, .box_w = 13, .box_h = 13, .ofs_x = 0, .ofs_y = -2},
    {.bitmap_index = 4912, .adv_w = 208, .box_w = 13, .box_h = 13, .ofs_x = 0, .ofs_y = -2},
    {.bitmap_index = 4997, .adv_w = 208, .box_w = 12, .box_h = 13, .ofs_x = 1, .ofs_y = -2},
    {.bitmap_index = 5075, .adv_w = 208, .box_w = 13, .box_h = 13, .ofs_x = 0, .ofs_y = -1},
    {.bitmap_index = 5160, .adv_w = 208, .box_w = 13, .box_h = 13, .ofs_x = 0, .ofs_y = -2},
    {.bitmap_index = 5245, .adv_w = 208, .box_w = 13, .box_h = 12, .ofs_x = 0, .ofs_y = -1},
    {.bitmap_index = 5323, .adv_w = 208, .box_w = 13, .box_h = 13, .ofs_x = 0, .ofs_y = -1},
    {.bitmap_index = 5408, .adv_w = 208, .box_w = 13, .box_h = 13, .ofs_x = 0, .ofs_y = -2},
    {.bitmap_index = 5493, .adv_w = 208, .box_w = 13, .box_h = 14, .ofs_x = 0, .ofs_y = -2},
    {.bitmap_index = 5584, .adv_w = 208, .box_w = 13, .box_h = 13, .ofs_x = 0, .ofs_y = -2},
    {.bitmap_index = 5669, .adv_w = 208, .box_w = 12, .box_h = 14, .ofs_x = 0, .ofs_y = -2},
    {.bitmap_index = 5753, .adv_w = 208, .box_w = 13, .box_h = 13, .ofs_x = 0, .ofs_y = -2},
    {.bitmap_index = 5838, .adv_w = 208, .box_w = 12, .box_h = 13, .ofs_x = 0, .ofs_y = -1},
    {.bitmap_index = 5916, .adv_w = 208, .box_w = 13, .box_h = 12, .ofs_x = 0, .ofs_y = -1},
    {.bitmap_index = 5994, .adv_w = 208, .box_w = 13, .box_h = 13, .ofs_x = 0, .ofs_y = -2},
    {.bitmap_index = 6079, .adv_w = 208, .box_w = 12, .box_h = 13, .ofs_x = 0, .ofs_y = -1},
    {.bitmap_index = 6157, .adv_w = 208, .box_w = 13, .box_h = 13, .ofs_x = 0, .ofs_y = -1},
    {.bitmap_index = 6242, .adv_w = 208, .box_w = 13, .box_h = 13, .ofs_x = 0, .ofs_y = -1},
    {.bitmap_index = 6327, .adv_w = 208, .box_w = 13, .box_h = 13, .ofs_x = 0, .ofs_y = -2},
    {.bitmap_index = 6412, .adv_w = 208, .box_w = 13, .box_h = 13, .ofs_x = 0, .ofs_y = -2},
    {.bitmap_index = 6497, .adv_w = 208, .box_w = 13, .box_h = 13, .ofs_x = 0, .ofs_y = -2},
    {.bitmap_index = 6582, .adv_w = 208, .box_w = 13, .box_h = 12, .ofs_x = 0, .ofs_y = -1},
    {.bitmap_index = 6660, .adv_w = 208, .box_w = 13, .box_h = 12, .ofs_x = 0, .ofs_y = -1},
    {.bitmap_index = 6738, .adv_w = 208, .box_w = 13, .box_h = 12, .ofs_x = 0, .ofs_y = -1},
    {.bitmap_index = 6816, .adv_w = 208, .box_w = 13, .box_h = 13, .ofs_x = 0, .ofs_y = -2},
    {.bitmap_index = 6901, .adv_w = 208, .box_w = 13, .box_h = 13, .ofs_x = 0, .ofs_y = -2},
    {.bitmap_index = 6986, .adv_w = 208, .box_w = 11, .box_h = 12, .ofs_x = 1, .ofs_y = -1},
    {.bitmap_index = 7052, .adv_w = 208, .box_w = 13, .box_h = 11, .ofs_x = 0, .ofs_y = -1},
    {.bitmap_index = 7124, .adv_w = 208, .box_w = 13, .box_h = 13, .ofs_x = 0, .ofs_y = -2},
    {.bitmap_index = 7209, .adv_w = 208, .box_w = 13, .box_h = 12, .ofs_x = 0, .ofs_y = -1},
    {.bitmap_index = 7287, .adv_w = 208, .box_w = 13, .box_h = 13, .ofs_x = 0, .ofs_y = -2},
    {.bitmap_index = 7372, .adv_w = 208, .box_w = 13, .box_h = 12, .ofs_x = 0, .ofs_y = -2},
    {.bitmap_index = 7450, .adv_w = 208, .box_w = 13, .box_h = 13, .ofs_x = 0, .ofs_y = -2},
    {.bitmap_index = 7535, .adv_w = 208, .box_w = 12, .box_h = 13, .ofs_x = 0, .ofs_y = -2},
    {.bitmap_index = 7613, .adv_w = 208, .box_w = 13, .box_h = 13, .ofs_x = 0, .ofs_y = -2},
    {.bitmap_index = 7698, .adv_w = 208, .box_w = 12, .box_h = 12, .ofs_x = 0, .ofs_y = -1},
    {.bitmap_index = 7770, .adv_w = 208, .box_w = 13, .box_h = 14, .ofs_x = 0, .ofs_y = -2},
    {.bitmap_index = 7861, .adv_w = 208, .box_w = 13, .box_h = 13, .ofs_x = 0, .ofs_y = -2},
    {.bitmap_index = 7946, .adv_w = 208, .box_w = 13, .box_h = 13, .ofs_x = 0, .ofs_y = -2},
    {.bitmap_index = 8031, .adv_w = 208, .box_w = 13, .box_h = 13, .ofs_x = 0, .ofs_y = -2},
    {.bitmap_index = 8116, .adv_w = 208, .box_w = 12, .box_h = 11, .ofs_x = 1, .ofs_y = -1},
    {.bitmap_index = 8182, .adv_w = 208, .box_w = 13, .box_h = 13, .ofs_x = 0, .ofs_y = -1},
    {.bitmap_index = 8267, .adv_w = 208, .box_w = 12, .box_h = 12, .ofs_x = 1, .ofs_y = -1},
    {.bitmap_index = 8339, .adv_w = 208, .box_w = 13, .box_h = 12, .ofs_x = 0, .ofs_y = -1},
    {.bitmap_index = 8417, .adv_w = 208, .box_w = 13, .box_h = 11, .ofs_x = 0, .ofs_y = -1},
    {.bitmap_index = 8489, .adv_w = 208, .box_w = 13, .box_h = 12, .ofs_x = 0, .ofs_y = -2},
    {.bitmap_index = 8567, .adv_w = 208, .box_w = 13, .box_h = 12, .ofs_x = 0, .ofs_y = -1},
    {.bitmap_index = 8645, .adv_w = 208, .box_w = 13, .box_h = 14, .ofs_x = 0, .ofs_y = -2},
    {.bitmap_index = 8736, .adv_w = 208, .box_w = 11, .box_h = 11, .ofs_x = 1, .ofs_y = -1},
    {.bitmap_index = 8797, .adv_w = 208, .box_w = 13, .box_h = 12, .ofs_x = 0, .ofs_y = -2},
    {.bitmap_index = 8875, .adv_w = 208, .box_w = 13, .box_h = 12, .ofs_x = 0, .ofs_y = -1},
    {.bitmap_index = 8953, .adv_w = 208, .box_w = 11, .box_h = 13, .ofs_x = 1, .ofs_y = -1},
    {.bitmap_index = 9025, .adv_w = 208, .box_w = 13, .box_h = 12, .ofs_x = 0, .ofs_y = -1},
    {.bitmap_index = 9103, .adv_w = 208, .box_w = 13, .box_h = 13, .ofs_x = 0, .ofs_y = -1},
    {.bitmap_index = 9188, .adv_w = 208, .box_w = 11, .box_h = 11, .ofs_x = 1, .ofs_y = -1},
    {.bitmap_index = 9249, .adv_w = 208, .box_w = 13, .box_h = 13, .ofs_x = 0, .ofs_y = -2},
    {.bitmap_index = 9334, .adv_w = 208, .box_w = 13, .box_h = 12, .ofs_x = 0, .ofs_y = -1},
    {.bitmap_index = 9412, .adv_w = 208, .box_w = 12, .box_h = 14, .ofs_x = 1, .ofs_y = -2},
    {.bitmap_index = 9496, .adv_w = 208, .box_w = 12, .box_h = 12, .ofs_x = 0, .ofs_y = -1},
    {.bitmap_index = 9568, .adv_w = 208, .box_w = 13, .box_h = 11, .ofs_x = 0, .ofs_y = -1},
    {.bitmap_index = 9640, .adv_w = 208, .box_w = 11, .box_h = 11, .ofs_x = 1, .ofs_y = -1},
    {.bitmap_index = 9701, .adv_w = 208, .box_w = 11, .box_h = 11, .ofs_x = 1, .ofs_y = -1},
    {.bitmap_index = 9762, .adv_w = 208, .box_w = 11, .box_h = 11, .ofs_x = 1, .ofs_y = -1},
    {.bitmap_index = 9823, .adv_w = 208, .box_w = 11, .box_h = 11, .ofs_x = 1, .ofs_y = -1},
    {.bitmap_index = 9884, .adv_w = 208, .box_w = 11, .box_h = 11, .ofs_x = 1, .ofs_y = -1},
    {.bitmap_index = 9945, .adv_w = 208, .box_w = 13, .box_h = 12, .ofs_x = 0, .ofs_y = -1},
    {.bitmap_index = 10023, .adv_w = 208, .box_w = 13, .box_h = 13, .ofs_x = 0, .ofs_y = -1},
    {.bitmap_index = 10108, .adv_w = 208, .box_w = 13, .box_h = 13, .ofs_x = 0, .ofs_y = -2},
    {.bitmap_index = 10193, .adv_w = 208, .box_w = 13, .box_h = 12, .ofs_x = 0, .ofs_y = -1},
    {.bitmap_index = 10271, .adv_w = 208, .box_w = 13, .box_h = 13, .ofs_x = 0, .ofs_y = -1},
    {.bitmap_index = 10356, .adv_w = 208, .box_w = 13, .box_h = 14, .ofs_x = 0, .ofs_y = -2},
    {.bitmap_index = 10447, .adv_w = 208, .box_w = 13, .box_h = 12, .ofs_x = 0, .ofs_y = -1},
    {.bitmap_index = 10525, .adv_w = 208, .box_w = 13, .box_h = 13, .ofs_x = 0, .ofs_y = -1},
    {.bitmap_index = 10610, .adv_w = 208, .box_w = 13, .box_h = 14, .ofs_x = 0, .ofs_y = -2},
    {.bitmap_index = 10701, .adv_w = 208, .box_w = 13, .box_h = 13, .ofs_x = 0, .ofs_y = -1},
    {.bitmap_index = 10786, .adv_w = 208, .box_w = 13, .box_h = 14, .ofs_x = 0, .ofs_y = -2},
    {.bitmap_index = 10877, .adv_w = 208, .box_w = 13, .box_h = 13, .ofs_x = 0, .ofs_y = -2},
    {.bitmap_index = 10962, .adv_w = 208, .box_w = 13, .box_h = 11, .ofs_x = 0, .ofs_y = -1},
    {.bitmap_index = 11034, .adv_w = 208, .box_w = 13, .box_h = 13, .ofs_x = 0, .ofs_y = -2},
    {.bitmap_index = 11119, .adv_w = 208, .box_w = 13, .box_h = 13, .ofs_x = 0, .ofs_y = -1},
    {.bitmap_index = 11204, .adv_w = 208, .box_w = 13, .box_h = 14, .ofs_x = 0, .ofs_y = -2},
    {.bitmap_index = 11295, .adv_w = 208, .box_w = 13, .box_h = 14, .ofs_x = 0, .ofs_y = -2},
    {.bitmap_index = 11386, .adv_w = 208, .box_w = 13, .box_h = 13, .ofs_x = 0, .ofs_y = -1},
    {.bitmap_index = 11471, .adv_w = 208, .box_w = 13, .box_h = 12, .ofs_x = 0, .ofs_y = -1},
    {.bitmap_index = 11549, .adv_w = 208, .box_w = 13, .box_h = 13, .ofs_x = 0, .ofs_y = -2},
    {.bitmap_index = 11634, .adv_w = 208, .box_w = 13, .box_h = 13, .ofs_x = 0, .ofs_y = -2},
    {.bitmap_index = 11719, .adv_w = 208, .box_w = 13, .box_h = 13, .ofs_x = 0, .ofs_y = -2},
    {.bitmap_index = 11804, .adv_w = 208, .box_w = 13, .box_h = 13, .ofs_x = 0, .ofs_y = -1},
    {.bitmap_index = 11889, .adv_w = 208, .box_w = 13, .box_h = 13, .ofs_x = 0, .ofs_y = -1},
    {.bitmap_index = 11974, .adv_w = 208, .box_w = 13, .box_h = 12, .ofs_x = 0, .ofs_y = -1},
    {.bitmap_index = 12052, .adv_w = 208, .box_w = 13, .box_h = 11, .ofs_x = 0, .ofs_y = -1},
    {.bitmap_index = 12124, .adv_w = 208, .box_w = 13, .box_h = 12, .ofs_x = 0, .ofs_y = -1},
    {.bitmap_index = 12202, .adv_w = 208, .box_w = 13, .box_h = 13, .ofs_x = 0, .ofs_y = -2},
    {.bitmap_index = 12287, .adv_w = 208, .box_w = 13, .box_h = 12, .ofs_x = 0, .ofs_y = -2},
    {.bitmap_index = 12365, .adv_w = 208, .box_w = 12, .box_h = 12, .ofs_x = 0, .ofs_y = -2},
    {.bitmap_index = 12437, .adv_w = 208, .box_w = 13, .box_h = 11, .ofs_x = 0, .ofs_y = -1},
    {.bitmap_index = 12509, .adv_w = 208, .box_w = 13, .box_h = 11, .ofs_x = 0, .ofs_y = -1},
    {.bitmap_index = 12581, .adv_w = 208, .box_w = 13, .box_h = 11, .ofs_x = 0, .ofs_y = -1},
    {.bitmap_index = 12653, .adv_w = 208, .box_w = 13, .box_h = 13, .ofs_x = 0, .ofs_y = -1},
    {.bitmap_index = 12738, .adv_w = 208, .box_w = 12, .box_h = 11, .ofs_x = 1, .ofs_y = -1},
    {.bitmap_index = 12804, .adv_w = 208, .box_w = 13, .box_h = 12, .ofs_x = 0, .ofs_y = -1},
    {.bitmap_index = 12882, .adv_w = 208, .box_w = 11, .box_h = 12, .ofs_x = 1, .ofs_y = -1},
    {.bitmap_index = 12948, .adv_w = 208, .box_w = 13, .box_h = 13, .ofs_x = 0, .ofs_y = -2},
    {.bitmap_index = 13033, .adv_w = 208, .box_w = 13, .box_h = 14, .ofs_x = 0, .ofs_y = -2},
    {.bitmap_index = 13124, .adv_w = 208, .box_w = 13, .box_h = 14, .ofs_x = 0, .ofs_y = -2},
    {.bitmap_index = 13215, .adv_w = 208, .box_w = 13, .box_h = 14, .ofs_x = 0, .ofs_y = -2},
    {.bitmap_index = 13306, .adv_w = 208, .box_w = 13, .box_h = 13, .ofs_x = 0, .ofs_y = -1},
    {.bitmap_index = 13391, .adv_w = 208, .box_w = 13, .box_h = 12, .ofs_x = 0, .ofs_y = -2},
    {.bitmap_index = 13469, .adv_w = 208, .box_w = 13, .box_h = 12, .ofs_x = 0, .ofs_y = -1},
    {.bitmap_index = 13547, .adv_w = 208, .box_w = 12, .box_h = 13, .ofs_x = 1, .ofs_y = -2},
    {.bitmap_index = 13625, .adv_w = 208, .box_w = 13, .box_h = 12, .ofs_x = 0, .ofs_y = -2},
    {.bitmap_index = 13703, .adv_w = 208, .box_w = 11, .box_h = 12, .ofs_x = 1, .ofs_y = -1},
    {.bitmap_index = 13769, .adv_w = 208, .box_w = 13, .box_h = 12, .ofs_x = 0, .ofs_y = -1},
    {.bitmap_index = 13847, .adv_w = 208, .box_w = 13, .box_h = 12, .ofs_x = 0, .ofs_y = -1},
    {.bitmap_index = 13925, .adv_w = 208, .box_w = 13, .box_h = 13, .ofs_x = 0, .ofs_y = -2},
    {.bitmap_index = 14010, .adv_w = 208, .box_w = 13, .box_h = 12, .ofs_x = 0, .ofs_y = -1},
    {.bitmap_index = 14088, .adv_w = 208, .box_w = 13, .box_h = 13, .ofs_x = 0, .ofs_y = -1},
    {.bitmap_index = 14173, .adv_w = 208, .box_w = 13, .box_h = 12, .ofs_x = 0, .ofs_y = -1},
    {.bitmap_index = 14251, .adv_w = 208, .box_w = 13, .box_h = 13, .ofs_x = 0, .ofs_y = -1},
    {.bitmap_index = 14336, .adv_w = 208, .box_w = 13, .box_h = 12, .ofs_x = 0, .ofs_y = -1},
    {.bitmap_index = 14414, .adv_w = 208, .box_w = 13, .box_h = 13, .ofs_x = 0, .ofs_y = -1},
    {.bitmap_index = 14499, .adv_w = 208, .box_w = 13, .box_h = 13, .ofs_x = 0, .ofs_y = -2},
    {.bitmap_index = 14584, .adv_w = 208, .box_w = 13, .box_h = 14, .ofs_x = 0, .ofs_y = -2},
    {.bitmap_index = 14675, .adv_w = 208, .box_w = 13, .box_h = 13, .ofs_x = 0, .ofs_y = -2},
    {.bitmap_index = 14760, .adv_w = 208, .box_w = 12, .box_h = 12, .ofs_x = 0, .ofs_y = -1},
    {.bitmap_index = 14832, .adv_w = 208, .box_w = 13, .box_h = 12, .ofs_x = 0, .ofs_y = -1},
    {.bitmap_index = 14910, .adv_w = 208, .box_w = 13, .box_h = 12, .ofs_x = 0, .ofs_y = -1},
    {.bitmap_index = 14988, .adv_w = 208, .box_w = 13, .box_h = 13, .ofs_x = 0, .ofs_y = -2},
    {.bitmap_index = 15073, .adv_w = 208, .box_w = 13, .box_h = 14, .ofs_x = 0, .ofs_y = -2},
    {.bitmap_index = 15164, .adv_w = 208, .box_w = 13, .box_h = 12, .ofs_x = 0, .ofs_y = -1},
    {.bitmap_index = 15242, .adv_w = 208, .box_w = 13, .box_h = 14, .ofs_x = 0, .ofs_y = -2},
    {.bitmap_index = 15333, .adv_w = 208, .box_w = 13, .box_h = 13, .ofs_x = 0, .ofs_y = -2},
    {.bitmap_index = 15418, .adv_w = 208, .box_w = 13, .box_h = 13, .ofs_x = 0, .ofs_y = -2},
    {.bitmap_index = 15503, .adv_w = 208, .box_w = 13, .box_h = 12, .ofs_x = 0, .ofs_y = -1},
    {.bitmap_index = 15581, .adv_w = 208, .box_w = 13, .box_h = 13, .ofs_x = 0, .ofs_y = -2},
    {.bitmap_index = 15666, .adv_w = 208, .box_w = 13, .box_h = 13, .ofs_x = 0, .ofs_y = -1},
    {.bitmap_index = 15751, .adv_w = 208, .box_w = 13, .box_h = 13, .ofs_x = 0, .ofs_y = -2},
    {.bitmap_index = 15836, .adv_w = 208, .box_w = 13, .box_h = 14, .ofs_x = 0, .ofs_y = -2},
    {.bitmap_index = 15927, .adv_w = 208, .box_w = 13, .box_h = 14, .ofs_x = 0, .ofs_y = -2},
    {.bitmap_index = 16018, .adv_w = 208, .box_w = 13, .box_h = 12, .ofs_x = 0, .ofs_y = -1},
    {.bitmap_index = 16096, .adv_w = 208, .box_w = 13, .box_h = 14, .ofs_x = 0, .ofs_y = -2},
    {.bitmap_index = 16187, .adv_w = 208, .box_w = 13, .box_h = 13, .ofs_x = 0, .ofs_y = -2},
    {.bitmap_index = 16272, .adv_w = 208, .box_w = 13, .box_h = 13, .ofs_x = 0, .ofs_y = -2},
    {.bitmap_index = 16357, .adv_w = 208, .box_w = 13, .box_h = 13, .ofs_x = 0, .ofs_y = -2},
    {.bitmap_index = 16442, .adv_w = 208, .box_w = 13, .box_h = 12, .ofs_x = 0, .ofs_y = -1},
    {.bitmap_index = 16520, .adv_w = 208, .box_w = 13, .box_h = 14, .ofs_x = 0, .ofs_y = -2},
    {.bitmap_index = 16611, .adv_w = 208, .box_w = 13, .box_h = 14, .ofs_x = 0, .ofs_y = -2},
    {.bitmap_index = 16702, .adv_w = 208, .box_w = 13, .box_h = 14, .ofs_x = 0, .ofs_y = -2},
    {.bitmap_index = 16793, .adv_w = 208, .box_w = 9, .box_h = 11, .ofs_x = 2, .ofs_y = -1},
    {.bitmap_index = 16843, .adv_w = 208, .box_w = 13, .box_h = 11, .ofs_x = 0, .ofs_y = -1},
    {.bitmap_index = 16915, .adv_w = 208, .box_w = 12, .box_h = 13, .ofs_x = 1, .ofs_y = -2},
    {.bitmap_index = 16993, .adv_w = 208, .box_w = 12, .box_h = 13, .ofs_x = 1, .ofs_y = -2},
    {.bitmap_index = 17071, .adv_w = 208, .box_w = 12, .box_h = 13, .ofs_x = 1, .ofs_y = -1},
    {.bitmap_index = 17149, .adv_w = 208, .box_w = 13, .box_h = 12, .ofs_x = 0, .ofs_y = -2},
    {.bitmap_index = 17227, .adv_w = 208, .box_w = 12, .box_h = 14, .ofs_x = 1, .ofs_y = -2},
    {.bitmap_index = 17311, .adv_w = 208, .box_w = 13, .box_h = 12, .ofs_x = 0, .ofs_y = -2},
    {.bitmap_index = 17389, .adv_w = 208, .box_w = 13, .box_h = 11, .ofs_x = 0, .ofs_y = -1},
    {.bitmap_index = 17461, .adv_w = 208, .box_w = 13, .box_h = 13, .ofs_x = 0, .ofs_y = -1},
    {.bitmap_index = 17546, .adv_w = 208, .box_w = 13, .box_h = 13, .ofs_x = 0, .ofs_y = -2},
    {.bitmap_index = 17631, .adv_w = 208, .box_w = 11, .box_h = 12, .ofs_x = 1, .ofs_y = -1},
    {.bitmap_index = 17697, .adv_w = 208, .box_w = 13, .box_h = 12, .ofs_x = 0, .ofs_y = -2},
    {.bitmap_index = 17775, .adv_w = 208, .box_w = 13, .box_h = 12, .ofs_x = 0, .ofs_y = -1},
    {.bitmap_index = 17853, .adv_w = 208, .box_w = 13, .box_h = 11, .ofs_x = 0, .ofs_y = -1},
    {.bitmap_index = 17925, .adv_w = 208, .box_w = 13, .box_h = 12, .ofs_x = 0, .ofs_y = -1},
    {.bitmap_index = 18003, .adv_w = 208, .box_w = 13, .box_h = 12, .ofs_x = 0, .ofs_y = -1},
    {.bitmap_index = 18081, .adv_w = 208, .box_w = 13, .box_h = 12, .ofs_x = 0, .ofs_y = -1},
    {.bitmap_index = 18159, .adv_w = 208, .box_w = 13, .box_h = 13, .ofs_x = 0, .ofs_y = -1},
    {.bitmap_index = 18244, .adv_w = 208, .box_w = 13, .box_h = 14, .ofs_x = 0, .ofs_y = -2},
    {.bitmap_index = 18335, .adv_w = 208, .box_w = 13, .box_h = 12, .ofs_x = 0, .ofs_y = -1},
    {.bitmap_index = 18413, .adv_w = 208, .box_w = 13, .box_h = 12, .ofs_x = 0, .ofs_y = -1},
    {.bitmap_index = 18491, .adv_w = 208, .box_w = 13, .box_h = 12, .ofs_x = 0, .ofs_y = -1},
    {.bitmap_index = 18569, .adv_w = 208, .box_w = 13, .box_h = 12, .ofs_x = 0, .ofs_y = -1},
    {.bitmap_index = 18647, .adv_w = 208, .box_w = 13, .box_h = 12, .ofs_x = 0, .ofs_y = -1},
    {.bitmap_index = 18725, .adv_w = 208, .box_w = 13, .box_h = 13, .ofs_x = 0, .ofs_y = -1},
    {.bitmap_index = 18810, .adv_w = 208, .box_w = 13, .box_h = 12, .ofs_x = 0, .ofs_y = -1},
    {.bitmap_index = 18888, .adv_w = 208, .box_w = 13, .box_h = 13, .ofs_x = 0, .ofs_y = -2},
    {.bitmap_index = 18973, .adv_w = 208, .box_w = 13, .box_h = 13, .ofs_x = 0, .ofs_y = -1},
    {.bitmap_index = 19058, .adv_w = 208, .box_w = 13, .box_h = 13, .ofs_x = 0, .ofs_y = -2},
    {.bitmap_index = 19143, .adv_w = 208, .box_w = 13, .box_h = 12, .ofs_x = 0, .ofs_y = -1},
    {.bitmap_index = 19221, .adv_w = 208, .box_w = 13, .box_h = 12, .ofs_x = 0, .ofs_y = -1},
    {.bitmap_index = 19299, .adv_w = 208, .box_w = 13, .box_h = 13, .ofs_x = 0, .ofs_y = -2},
    {.bitmap_index = 19384, .adv_w = 208, .box_w = 13, .box_h = 13, .ofs_x = 0, .ofs_y = -2},
    {.bitmap_index = 19469, .adv_w = 208, .box_w = 13, .box_h = 13, .ofs_x = 0, .ofs_y = -1},
    {.bitmap_index = 19554, .adv_w = 208, .box_w = 13, .box_h = 13, .ofs_x = 0, .ofs_y = -1},
    {.bitmap_index = 19639, .adv_w = 208, .box_w = 13, .box_h = 13, .ofs_x = 0, .ofs_y = -2},
    {.bitmap_index = 19724, .adv_w = 208, .box_w = 13, .box_h = 13, .ofs_x = 0, .ofs_y = -2},
    {.bitmap_index = 19809, .adv_w = 208, .box_w = 13, .box_h = 12, .ofs_x = 0, .ofs_y = -1},
    {.bitmap_index = 19887, .adv_w = 208, .box_w = 13, .box_h = 12, .ofs_x = 0, .ofs_y = -1},
    {.bitmap_index = 19965, .adv_w = 208, .box_w = 13, .box_h = 12, .ofs_x = 0, .ofs_y = -1},
    {.bitmap_index = 20043, .adv_w = 208, .box_w = 13, .box_h = 13, .ofs_x = 0, .ofs_y = -2},
    {.bitmap_index = 20128, .adv_w = 208, .box_w = 13, .box_h = 12, .ofs_x = 0, .ofs_y = -1},
    {.bitmap_index = 20206, .adv_w = 208, .box_w = 13, .box_h = 13, .ofs_x = 0, .ofs_y = -2},
    {.bitmap_index = 20291, .adv_w = 208, .box_w = 13, .box_h = 13, .ofs_x = 0, .ofs_y = -1},
    {.bitmap_index = 20376, .adv_w = 208, .box_w = 13, .box_h = 12, .ofs_x = 0, .ofs_y = -1},
    {.bitmap_index = 20454, .adv_w = 208, .box_w = 12, .box_h = 13, .ofs_x = 0, .ofs_y = -2},
    {.bitmap_index = 20532, .adv_w = 208, .box_w = 13, .box_h = 13, .ofs_x = 0, .ofs_y = -2},
    {.bitmap_index = 20617, .adv_w = 208, .box_w = 13, .box_h = 14, .ofs_x = 0, .ofs_y = -2},
    {.bitmap_index = 20708, .adv_w = 208, .box_w = 13, .box_h = 13, .ofs_x = 0, .ofs_y = -2},
    {.bitmap_index = 20793, .adv_w = 208, .box_w = 13, .box_h = 13, .ofs_x = 0, .ofs_y = -1},
    {.bitmap_index = 20878, .adv_w = 208, .box_w = 13, .box_h = 12, .ofs_x = 0, .ofs_y = -1},
    {.bitmap_index = 20956, .adv_w = 208, .box_w = 13, .box_h = 12, .ofs_x = 0, .ofs_y = -2},
    {.bitmap_index = 21034, .adv_w = 208, .box_w = 13, .box_h = 12, .ofs_x = 0, .ofs_y = -1},
    {.bitmap_index = 21112, .adv_w = 208, .box_w = 13, .box_h = 13, .ofs_x = 0, .ofs_y = -2},
    {.bitmap_index = 21197, .adv_w = 208, .box_w = 13, .box_h = 13, .ofs_x = 0, .ofs_y = -2},
    {.bitmap_index = 21282, .adv_w = 208, .box_w = 12, .box_h = 13, .ofs_x = 0, .ofs_y = -1},
    {.bitmap_index = 21360, .adv_w = 208, .box_w = 12, .box_h = 13, .ofs_x = 0, .ofs_y = -2},
    {.bitmap_index = 21438, .adv_w = 208, .box_w = 12, .box_h = 12, .ofs_x = 1, .ofs_y = -1},
    {.bitmap_index = 21510, .adv_w = 208, .box_w = 13, .box_h = 12, .ofs_x = 0, .ofs_y = -2},
    {.bitmap_index = 21588, .adv_w = 208, .box_w = 12, .box_h = 12, .ofs_x = 1, .ofs_y = -1},
    {.bitmap_index = 21660, .adv_w = 208, .box_w = 12, .box_h = 12, .ofs_x = 1, .ofs_y = -1},
    {.bitmap_index = 21732, .adv_w = 208, .box_w = 11, .box_h = 12, .ofs_x = 1, .ofs_y = -1},
    {.bitmap_index = 21798, .adv_w = 208, .box_w = 12, .box_h = 14, .ofs_x = 1, .ofs_y = -2},
    {.bitmap_index = 21882, .adv_w = 208, .box_w = 9, .box_h = 11, .ofs_x = 2, .ofs_y = -1},
    {.bitmap_index = 21932, .adv_w = 208, .box_w = 13, .box_h = 12, .ofs_x = 0, .ofs_y = -1},
    {.bitmap_index = 22010, .adv_w = 208, .box_w = 13, .box_h = 13, .ofs_x = 0, .ofs_y = -2},
    {.bitmap_index = 22095, .adv_w = 208, .box_w = 13, .box_h = 13, .ofs_x = 0, .ofs_y = -2},
    {.bitmap_index = 22180, .adv_w = 208, .box_w = 13, .box_h = 12, .ofs_x = 0, .ofs_y = -2},
    {.bitmap_index = 22258, .adv_w = 208, .box_w = 13, .box_h = 13, .ofs_x = 0, .ofs_y = -1},
    {.bitmap_index = 22343, .adv_w = 208, .box_w = 13, .box_h = 14, .ofs_x = 0, .ofs_y = -2},
    {.bitmap_index = 22434, .adv_w = 208, .box_w = 13, .box_h = 12, .ofs_x = 0, .ofs_y = -1},
    {.bitmap_index = 22512, .adv_w = 208, .box_w = 13, .box_h = 12, .ofs_x = 0, .ofs_y = -1},
    {.bitmap_index = 22590, .adv_w = 208, .box_w = 13, .box_h = 12, .ofs_x = 0, .ofs_y = -1},
    {.bitmap_index = 22668, .adv_w = 208, .box_w = 13, .box_h = 12, .ofs_x = 0, .ofs_y = -1},
    {.bitmap_index = 22746, .adv_w = 208, .box_w = 13, .box_h = 13, .ofs_x = 0, .ofs_y = -2},
    {.bitmap_index = 22831, .adv_w = 208, .box_w = 13, .box_h = 13, .ofs_x = 0, .ofs_y = -1},
    {.bitmap_index = 22916, .adv_w = 208, .box_w = 13, .box_h = 12, .ofs_x = 0, .ofs_y = -1},
    {.bitmap_index = 22994, .adv_w = 208, .box_w = 13, .box_h = 14, .ofs_x = 0, .ofs_y = -2},
    {.bitmap_index = 23085, .adv_w = 208, .box_w = 13, .box_h = 12, .ofs_x = 0, .ofs_y = -1},
    {.bitmap_index = 23163, .adv_w = 208, .box_w = 13, .box_h = 12, .ofs_x = 0, .ofs_y = -1},
    {.bitmap_index = 23241, .adv_w = 208, .box_w = 13, .box_h = 12, .ofs_x = 0, .ofs_y = -1},
    {.bitmap_index = 23319, .adv_w = 208, .box_w = 13, .box_h = 12, .ofs_x = 0, .ofs_y = -1},
    {.bitmap_index = 23397, .adv_w = 208, .box_w = 13, .box_h = 12, .ofs_x = 0, .ofs_y = -1},
    {.bitmap_index = 23475, .adv_w = 208, .box_w = 13, .box_h = 12, .ofs_x = 0, .ofs_y = -1},
    {.bitmap_index = 23553, .adv_w = 208, .box_w = 13, .box_h = 13, .ofs_x = 0, .ofs_y = -2},
    {.bitmap_index = 23638, .adv_w = 208, .box_w = 13, .box_h = 13, .ofs_x = 0, .ofs_y = -1},
    {.bitmap_index = 23723, .adv_w = 208, .box_w = 13, .box_h = 13, .ofs_x = 0, .ofs_y = -2},
    {.bitmap_index = 23808, .adv_w = 208, .box_w = 13, .box_h = 13, .ofs_x = 0, .ofs_y = -1},
    {.bitmap_index = 23893, .adv_w = 208, .box_w = 13, .box_h = 14, .ofs_x = 0, .ofs_y = -2},
    {.bitmap_index = 23984, .adv_w = 208, .box_w = 13, .box_h = 13, .ofs_x = 0, .ofs_y = -1},
    {.bitmap_index = 24069, .adv_w = 208, .box_w = 13, .box_h = 11, .ofs_x = 0, .ofs_y = -1},
    {.bitmap_index = 24141, .adv_w = 208, .box_w = 13, .box_h = 12, .ofs_x = 0, .ofs_y = -1},
    {.bitmap_index = 24219, .adv_w = 208, .box_w = 13, .box_h = 13, .ofs_x = 0, .ofs_y = -2},
    {.bitmap_index = 24304, .adv_w = 208, .box_w = 13, .box_h = 12, .ofs_x = 0, .ofs_y = -1},
    {.bitmap_index = 24382, .adv_w = 208, .box_w = 13, .box_h = 13, .ofs_x = 0, .ofs_y = -1},
    {.bitmap_index = 24467, .adv_w = 208, .box_w = 10, .box_h = 12, .ofs_x = 2, .ofs_y = -1},
    {.bitmap_index = 24527, .adv_w = 208, .box_w = 13, .box_h = 14, .ofs_x = 0, .ofs_y = -2},
    {.bitmap_index = 24618, .adv_w = 208, .box_w = 13, .box_h = 13, .ofs_x = 0, .ofs_y = -1},
    {.bitmap_index = 24703, .adv_w = 208, .box_w = 13, .box_h = 12, .ofs_x = 0, .ofs_y = -1},
    {.bitmap_index = 24781, .adv_w = 208, .box_w = 13, .box_h = 12, .ofs_x = 0, .ofs_y = -1},
    {.bitmap_index = 24859, .adv_w = 208, .box_w = 13, .box_h = 12, .ofs_x = 0, .ofs_y = -1},
    {.bitmap_index = 24937, .adv_w = 208, .box_w = 13, .box_h = 12, .ofs_x = 0, .ofs_y = -1},
    {.bitmap_index = 25015, .adv_w = 208, .box_w = 13, .box_h = 13, .ofs_x = 0, .ofs_y = -2},
    {.bitmap_index = 25100, .adv_w = 208, .box_w = 13, .box_h = 12, .ofs_x = 0, .ofs_y = -2},
    {.bitmap_index = 25178, .adv_w = 208, .box_w = 13, .box_h = 12, .ofs_x = 0, .ofs_y = -2},
    {.bitmap_index = 25256, .adv_w = 208, .box_w = 13, .box_h = 13, .ofs_x = 0, .ofs_y = -2},
    {.bitmap_index = 25341, .adv_w = 208, .box_w = 13, .box_h = 14, .ofs_x = 0, .ofs_y = -2},
    {.bitmap_index = 25432, .adv_w = 208, .box_w = 12, .box_h = 13, .ofs_x = 0, .ofs_y = -2},
    {.bitmap_index = 25510, .adv_w = 208, .box_w = 13, .box_h = 12, .ofs_x = 0, .ofs_y = -1},
    {.bitmap_index = 25588, .adv_w = 208, .box_w = 13, .box_h = 12, .ofs_x = 0, .ofs_y = -1},
    {.bitmap_index = 25666, .adv_w = 208, .box_w = 13, .box_h = 13, .ofs_x = 0, .ofs_y = -2},
    {.bitmap_index = 25751, .adv_w = 208, .box_w = 13, .box_h = 14, .ofs_x = 0, .ofs_y = -2},
    {.bitmap_index = 25842, .adv_w = 208, .box_w = 13, .box_h = 12, .ofs_x = 0, .ofs_y = -1},
    {.bitmap_index = 25920, .adv_w = 208, .box_w = 13, .box_h = 13, .ofs_x = 0, .ofs_y = -2},
    {.bitmap_index = 26005, .adv_w = 208, .box_w = 13, .box_h = 12, .ofs_x = 0, .ofs_y = -1},
    {.bitmap_index = 26083, .adv_w = 208, .box_w = 13, .box_h = 13, .ofs_x = 0, .ofs_y = -2},
    {.bitmap_index = 26168, .adv_w = 208, .box_w = 12, .box_h = 13, .ofs_x = 0, .ofs_y = -2},
    {.bitmap_index = 26246, .adv_w = 208, .box_w = 13, .box_h = 12, .ofs_x = 0, .ofs_y = -1},
    {.bitmap_index = 26324, .adv_w = 208, .box_w = 13, .box_h = 13, .ofs_x = 0, .ofs_y = -2},
    {.bitmap_index = 26409, .adv_w = 208, .box_w = 13, .box_h = 13, .ofs_x = 0, .ofs_y = -2},
    {.bitmap_index = 26494, .adv_w = 208, .box_w = 13, .box_h = 12, .ofs_x = 0, .ofs_y = -1},
    {.bitmap_index = 26572, .adv_w = 208, .box_w = 13, .box_h = 12, .ofs_x = 0, .ofs_y = -1},
    {.bitmap_index = 26650, .adv_w = 208, .box_w = 13, .box_h = 11, .ofs_x = 0, .ofs_y = -1},
    {.bitmap_index = 26722, .adv_w = 208, .box_w = 13, .box_h = 12, .ofs_x = 0, .ofs_y = -1},
    {.bitmap_index = 26800, .adv_w = 208, .box_w = 13, .box_h = 12, .ofs_x = 0, .ofs_y = -1},
    {.bitmap_index = 26878, .adv_w = 208, .box_w = 13, .box_h = 12, .ofs_x = 0, .ofs_y = -1},
    {.bitmap_index = 26956, .adv_w = 208, .box_w = 13, .box_h = 13, .ofs_x = 0, .ofs_y = -2},
    {.bitmap_index = 27041, .adv_w = 208, .box_w = 13, .box_h = 13, .ofs_x = 0, .ofs_y = -2},
    {.bitmap_index = 27126, .adv_w = 208, .box_w = 13, .box_h = 14, .ofs_x = 0, .ofs_y = -2},
    {.bitmap_index = 27217, .adv_w = 208, .box_w = 13, .box_h = 14, .ofs_x = 0, .ofs_y = -2},
    {.bitmap_index = 27308, .adv_w = 208, .box_w = 13, .box_h = 13, .ofs_x = 0, .ofs_y = -2},
    {.bitmap_index = 27393, .adv_w = 208, .box_w = 13, .box_h = 13, .ofs_x = 0, .ofs_y = -2},
    {.bitmap_index = 27478, .adv_w = 208, .box_w = 13, .box_h = 12, .ofs_x = 0, .ofs_y = -1},
    {.bitmap_index = 27556, .adv_w = 208, .box_w = 13, .box_h = 13, .ofs_x = 0, .ofs_y = -2},
    {.bitmap_index = 27641, .adv_w = 208, .box_w = 13, .box_h = 13, .ofs_x = 0, .ofs_y = -2},
    {.bitmap_index = 27726, .adv_w = 208, .box_w = 13, .box_h = 13, .ofs_x = 0, .ofs_y = -2},
    {.bitmap_index = 27811, .adv_w = 208, .box_w = 13, .box_h = 13, .ofs_x = 0, .ofs_y = -2},
    {.bitmap_index = 27896, .adv_w = 208, .box_w = 13, .box_h = 13, .ofs_x = 0, .ofs_y = -2},
    {.bitmap_index = 27981, .adv_w = 208, .box_w = 13, .box_h = 13, .ofs_x = 0, .ofs_y = -2},
    {.bitmap_index = 28066, .adv_w = 208, .box_w = 13, .box_h = 13, .ofs_x = 0, .ofs_y = -2},
    {.bitmap_index = 28151, .adv_w = 208, .box_w = 13, .box_h = 13, .ofs_x = 0, .ofs_y = -2},
    {.bitmap_index = 28236, .adv_w = 208, .box_w = 13, .box_h = 13, .ofs_x = 0, .ofs_y = -2},
    {.bitmap_index = 28321, .adv_w = 208, .box_w = 13, .box_h = 13, .ofs_x = 0, .ofs_y = -2},
    {.bitmap_index = 28406, .adv_w = 208, .box_w = 13, .box_h = 13, .ofs_x = 0, .ofs_y = -2},
    {.bitmap_index = 28491, .adv_w = 208, .box_w = 13, .box_h = 13, .ofs_x = 0, .ofs_y = -2},
    {.bitmap_index = 28576, .adv_w = 208, .box_w = 13, .box_h = 13, .ofs_x = 0, .ofs_y = -2},
    {.bitmap_index = 28661, .adv_w = 208, .box_w = 13, .box_h = 12, .ofs_x = 0, .ofs_y = -1},
    {.bitmap_index = 28739, .adv_w = 208, .box_w = 13, .box_h = 11, .ofs_x = 0, .ofs_y = -1},
    {.bitmap_index = 28811, .adv_w = 208, .box_w = 13, .box_h = 12, .ofs_x = 0, .ofs_y = -1},
    {.bitmap_index = 28889, .adv_w = 208, .box_w = 13, .box_h = 11, .ofs_x = 0, .ofs_y = -1},
    {.bitmap_index = 28961, .adv_w = 208, .box_w = 13, .box_h = 13, .ofs_x = 0, .ofs_y = -1},
    {.bitmap_index = 29046, .adv_w = 208, .box_w = 13, .box_h = 12, .ofs_x = 0, .ofs_y = -1},
    {.bitmap_index = 29124, .adv_w = 208, .box_w = 13, .box_h = 13, .ofs_x = 0, .ofs_y = -2},
    {.bitmap_index = 29209, .adv_w = 208, .box_w = 13, .box_h = 12, .ofs_x = 0, .ofs_y = -1},
    {.bitmap_index = 29287, .adv_w = 208, .box_w = 13, .box_h = 12, .ofs_x = 0, .ofs_y = -1},
    {.bitmap_index = 29365, .adv_w = 208, .box_w = 13, .box_h = 12, .ofs_x = 0, .ofs_y = -1},
    {.bitmap_index = 29443, .adv_w = 208, .box_w = 11, .box_h = 12, .ofs_x = 1, .ofs_y = -1},
    {.bitmap_index = 29509, .adv_w = 208, .box_w = 12, .box_h = 13, .ofs_x = 1, .ofs_y = -2},
    {.bitmap_index = 29587, .adv_w = 208, .box_w = 12, .box_h = 13, .ofs_x = 1, .ofs_y = -2},
    {.bitmap_index = 29665, .adv_w = 208, .box_w = 12, .box_h = 13, .ofs_x = 1, .ofs_y = -2},
    {.bitmap_index = 29743, .adv_w = 208, .box_w = 12, .box_h = 13, .ofs_x = 1, .ofs_y = -2},
    {.bitmap_index = 29821, .adv_w = 208, .box_w = 13, .box_h = 13, .ofs_x = 0, .ofs_y = -1},
    {.bitmap_index = 29906, .adv_w = 208, .box_w = 13, .box_h = 12, .ofs_x = 0, .ofs_y = -2},
    {.bitmap_index = 29984, .adv_w = 208, .box_w = 13, .box_h = 12, .ofs_x = 0, .ofs_y = -1},
    {.bitmap_index = 30062, .adv_w = 208, .box_w = 13, .box_h = 13, .ofs_x = 0, .ofs_y = -1},
    {.bitmap_index = 30147, .adv_w = 208, .box_w = 13, .box_h = 11, .ofs_x = 0, .ofs_y = -1},
    {.bitmap_index = 30219, .adv_w = 208, .box_w = 13, .box_h = 11, .ofs_x = 0, .ofs_y = -1},
    {.bitmap_index = 30291, .adv_w = 208, .box_w = 13, .box_h = 12, .ofs_x = 0, .ofs_y = -2},
    {.bitmap_index = 30369, .adv_w = 208, .box_w = 13, .box_h = 13, .ofs_x = 0, .ofs_y = -2},
    {.bitmap_index = 30454, .adv_w = 208, .box_w = 13, .box_h = 13, .ofs_x = 0, .ofs_y = -2},
    {.bitmap_index = 30539, .adv_w = 208, .box_w = 13, .box_h = 13, .ofs_x = 0, .ofs_y = -2},
    {.bitmap_index = 30624, .adv_w = 208, .box_w = 13, .box_h = 13, .ofs_x = 0, .ofs_y = -2},
    {.bitmap_index = 30709, .adv_w = 208, .box_w = 13, .box_h = 13, .ofs_x = 0, .ofs_y = -2},
    {.bitmap_index = 30794, .adv_w = 208, .box_w = 13, .box_h = 12, .ofs_x = 0, .ofs_y = -2},
    {.bitmap_index = 30872, .adv_w = 208, .box_w = 13, .box_h = 12, .ofs_x = 0, .ofs_y = -1},
    {.bitmap_index = 30950, .adv_w = 208, .box_w = 13, .box_h = 13, .ofs_x = 0, .ofs_y = -2},
    {.bitmap_index = 31035, .adv_w = 208, .box_w = 13, .box_h = 13, .ofs_x = 0, .ofs_y = -2},
    {.bitmap_index = 31120, .adv_w = 208, .box_w = 13, .box_h = 12, .ofs_x = 0, .ofs_y = -1},
    {.bitmap_index = 31198, .adv_w = 208, .box_w = 13, .box_h = 13, .ofs_x = 0, .ofs_y = -2},
    {.bitmap_index = 31283, .adv_w = 208, .box_w = 13, .box_h = 13, .ofs_x = 0, .ofs_y = -2},
    {.bitmap_index = 31368, .adv_w = 208, .box_w = 13, .box_h = 14, .ofs_x = 0, .ofs_y = -2},
    {.bitmap_index = 31459, .adv_w = 208, .box_w = 3, .box_h = 6, .ofs_x = 2, .ofs_y = -2},
    {.bitmap_index = 31468, .adv_w = 208, .box_w = 3, .box_h = 10, .ofs_x = 2, .ofs_y = -1},
    {.bitmap_index = 31483, .adv_w = 208, .box_w = 4, .box_h = 12, .ofs_x = 1, .ofs_y = -3}
};

/*---------------------
 *  CHARACTER MAPPING
 *--------------------*/

static const uint16_t unicode_list_1[] = {
    0x0, 0x1f5d, 0x2103, 0x21ac, 0x224b, 0x225e, 0x2336, 0x2337,
    0x24ff, 0x2512, 0x2515, 0x25b3, 0x25b4, 0x25e2, 0x2f4a, 0x2f4b,
    0x4d49, 0x4d53, 0x4d54, 0x4d56, 0x4d57, 0x4d5c, 0x4d65, 0x4d73,
    0x4d76, 0x4d83, 0x4d84, 0x4dd2, 0x4dd5, 0x4dd7, 0x4df4, 0x4df5,
    0x4df7, 0x4e03, 0x4e13, 0x4e17, 0x4e2e, 0x4e61, 0x4e63, 0x4e8f,
    0x4e96, 0x4e97, 0x4ea5, 0x4ea9, 0x4ef0, 0x4f26, 0x4f2a, 0x4f62,
    0x4f90, 0x4f98, 0x4fa3, 0x4fa5, 0x5091, 0x5092, 0x5094, 0x50ae,
    0x50b1, 0x50b5, 0x50ba, 0x50bc, 0x50ce, 0x50d6, 0x50fc, 0x5100,
    0x514f, 0x5150, 0x5160, 0x5179, 0x517f, 0x5180, 0x5184, 0x5196,
    0x51e8, 0x51f1, 0x5283, 0x529e, 0x52a9, 0x52aa, 0x52d4, 0x5313,
    0x531a, 0x5321, 0x532c, 0x5333, 0x5338, 0x5339, 0x533c, 0x5351,
    0x5355, 0x5357, 0x5374, 0x5375, 0x53d5, 0x55b1, 0x5627, 0x563d,
    0x5643, 0x5647, 0x564f, 0x5671, 0x5679, 0x5683, 0x56d4, 0x5728,
    0x57cc, 0x5839, 0x5850, 0x5856, 0x585f, 0x5863, 0x5865, 0x5872,
    0x587a, 0x5898, 0x58bc, 0x58c6, 0x5914, 0x5ad2, 0x5ad5, 0x5ae3,
    0x5ae7, 0x5b02, 0x5b0f, 0x5b28, 0x5b45, 0x5b4a, 0x5b58, 0x5b86,
    0x5b89, 0x5b8b, 0x5b9e, 0x5d2e, 0x5d2f, 0x5d3b, 0x5d4c, 0x5d81,
    0x5dc8, 0x5dd8, 0x5ddc, 0x5dde, 0x5def, 0x5e49, 0x5e58, 0x5e69,
    0x5e83, 0x5e9c, 0x5e9e, 0x5f0c, 0x5f34, 0x5f4a, 0x5f70, 0x5f84,
    0x5fb8, 0x603c, 0x6068, 0x60ab, 0x6159, 0x619c, 0x61b4, 0x61d3,
    0x6228, 0x624a, 0x6252, 0x625a, 0x62ab, 0x62b7, 0x62db, 0x62eb,
    0x62ee, 0x62f0, 0x62f1, 0x6318, 0x6365, 0x63f6, 0x647f, 0x6482,
    0x6487, 0x64b9, 0x64bd, 0x64e2, 0x64f9, 0x6502, 0x652e, 0x6532,
    0x653f, 0x6557, 0x6571, 0x6578, 0x65a3, 0x65b1, 0x65b8, 0x65c3,
    0x65df, 0x663b, 0x663d, 0x6648, 0x6649, 0x6675, 0x6683, 0x668b,
    0x66aa, 0x66cd, 0x66ff, 0x671d, 0x672e, 0x6750, 0x6758, 0x6780,
    0x6791, 0x696a, 0x6a6a, 0x6a95, 0x6aac, 0x6aae, 0x6afe, 0x6b0a,
    0x6b18, 0x6b5d, 0x6b64, 0x6c8a, 0x6c8e, 0x6d2a, 0x6d3a, 0x6d40,
    0x6d4e, 0x6d59, 0x6d6a, 0x7002, 0x7190, 0x7191, 0x71ff, 0x7235,
    0x72d0, 0x72f8, 0x72f9, 0x7304, 0x7336, 0x734c, 0x73cc, 0x7471,
    0x747e, 0x7495, 0x74a2, 0x74ae, 0x75c6, 0x75cd, 0x7637, 0x7654,
    0x7668, 0x77b7, 0x7883, 0x7904, 0x7944, 0x7956, 0x797c, 0x7988,
    0x7a14, 0x7a27, 0x7a9f, 0x7aea, 0x7c07, 0x7c44, 0x7c6b, 0x7df0,
    0x7e08, 0x7e18, 0x7e1c, 0x7e28, 0x7e30, 0x7e36, 0x7e3d, 0x7e5f,
    0x7e72, 0x7eb7, 0x7f60, 0x7f9d, 0x8015, 0x8046, 0x8133, 0x8173,
    0x81bb, 0x81cb, 0x8299, 0x8518, 0x8795, 0x87b1, 0x88ca, 0x890b,
    0x890f, 0x8912, 0x891b, 0x8aed, 0x8af2, 0x8b07, 0x8b08, 0x8b0a,
    0x8b0f, 0x8b1a, 0x8b3d, 0x8b4c, 0x8b51, 0x8c71, 0x8c7d, 0x8c8d,
    0x8d1a, 0x8d28, 0x8d38, 0x8eb7, 0x8ec4, 0x8ec6, 0x8eda, 0x8ef1,
    0x8f02, 0x8f07, 0x8f0a, 0x8f10, 0x8f19, 0x8f1a, 0x8f21, 0x8f22,
    0x8f24, 0x8f27, 0x8f40, 0x8f4b, 0x8f52, 0x8f58, 0x8f68, 0x8f84,
    0x8f9c, 0x9031, 0x9115, 0x9116, 0x9118, 0x911a, 0x93e8, 0x93f7,
    0x9425, 0x9449, 0x94c8, 0x953d, 0x9568, 0x957f, 0x9596, 0x95d8,
    0x960f, 0x9647, 0x969b, 0x96a2, 0x96ab, 0x97be, 0x97c2, 0x97c3,
    0x97cd, 0x97da, 0x97e1, 0x97e5, 0x9817, 0x98df, 0x99c4, 0x99d5,
    0x9a21, 0x9e0d, 0x9e21, 0x9e5c, 0xfe55, 0xfe63, 0xfe64
};

/*Collect the unicode lists and glyph_id offsets*/
static const lv_font_fmt_txt_cmap_t cmaps[] =
{
    {
        .range_start = 32, .range_length = 95, .glyph_id_start = 1,
        .unicode_list = NULL, .glyph_id_ofs_list = NULL, .list_length = 0, .type = LV_FONT_FMT_TXT_CMAP_FORMAT0_TINY
    },
    {
        .range_start = 183, .range_length = 65125, .glyph_id_start = 96,
        .unicode_list = unicode_list_1, .glyph_id_ofs_list = NULL, .list_length = 367, .type = LV_FONT_FMT_TXT_CMAP_SPARSE_TINY
    }
};

/*-----------------
 *    KERNING
 *----------------*/


/*Map glyph_ids to kern left classes*/
static const uint8_t kern_left_class_mapping[] =
{
    0, 0, 1, 2, 0, 3, 4, 5,
    2, 6, 7, 8, 9, 10, 9, 10,
    11, 12, 0, 13, 14, 15, 16, 17,
    18, 19, 12, 20, 20, 0, 0, 0,
    21, 22, 23, 24, 25, 22, 26, 27,
    28, 29, 29, 30, 31, 32, 29, 29,
    22, 33, 34, 35, 3, 36, 30, 37,
    37, 38, 39, 40, 41, 42, 43, 0,
    44, 0, 45, 46, 47, 48, 49, 50,
    51, 45, 52, 52, 53, 48, 45, 45,
    46, 46, 54, 55, 56, 57, 51, 58,
    58, 59, 58, 60, 41, 0, 0, 9,
    0, 0, 0, 0, 0, 0, 0, 0,
    0, 0, 0, 0, 0, 0, 0, 0,
    0, 0, 0, 0, 0, 0, 0, 0,
    0, 0, 0, 0, 0, 0, 0, 0,
    0, 0, 0, 0, 0, 0, 0, 0,
    0, 0, 0, 0, 0, 0, 0, 0,
    0, 0, 0, 0, 0, 0, 0, 0,
    0, 0, 0, 0, 0, 0, 0, 0,
    0, 0, 0, 0, 0, 0, 0, 0,
    0, 0, 0, 0, 0, 0, 0, 0,
    0, 0, 0, 0, 0, 0, 0, 0,
    0, 0, 0, 0, 0, 0, 0, 0,
    0, 0, 0, 0, 0, 0, 0, 0,
    0, 0, 0, 0, 0, 0, 0, 0,
    0, 0, 0, 0, 0, 0, 0, 0,
    0, 0, 0, 0, 0, 0, 0, 0,
    0, 0, 0, 0, 0, 0, 0, 0,
    0, 0, 0, 0, 0, 0, 0, 0,
    0, 0, 0, 0, 0, 0, 0, 0,
    0, 0, 0, 0, 0, 0, 0, 0,
    0, 0, 0, 0, 0, 0, 0, 0,
    0, 0, 0, 0, 0, 0, 0, 0,
    0, 0, 0, 0, 0, 0, 0, 0,
    0, 0, 0, 0, 0, 0, 0, 0,
    0, 0, 0, 0, 0, 0, 0, 0,
    0, 0, 0, 0, 0, 0, 0, 0,
    0, 0, 0, 0, 0, 0, 0, 0,
    0, 0, 0, 0, 0, 0, 0, 0,
    0, 0, 0, 0, 0, 0, 0, 0,
    0, 0, 0, 0, 0, 0, 0, 0,
    0, 0, 0, 0, 0, 0, 0, 0,
    0, 0, 0, 0, 0, 0, 0, 0,
    0, 0, 0, 0, 0, 0, 0, 0,
    0, 0, 0, 0, 0, 0, 0, 0,
    0, 0, 0, 0, 0, 0, 0, 0,
    0, 0, 0, 0, 0, 0, 0, 0,
    0, 0, 0, 0, 0, 0, 0, 0,
    0, 0, 0, 0, 0, 0, 0, 0,
    0, 0, 0, 0, 0, 0, 0, 0,
    0, 0, 0, 0, 0, 0, 0, 0,
    0, 0, 0, 0, 0, 0, 0, 0,
    0, 0, 0, 0, 0, 0, 0, 0,
    0, 0, 0, 0, 0, 0, 0, 0,
    0, 0, 0, 0, 0, 0, 0, 0,
    0, 0, 0, 0, 0, 0, 0, 0,
    0, 0, 0, 0, 0, 0, 0
};

/*Map glyph_ids to kern right classes*/
static const uint8_t kern_right_class_mapping[] =
{
    0, 0, 1, 2, 0, 3, 4, 5,
    2, 6, 7, 8, 9, 10, 9, 10,
    11, 12, 13, 14, 15, 16, 17, 12,
    18, 19, 20, 21, 21, 0, 0, 0,
    22, 23, 24, 25, 23, 25, 25, 25,
    23, 25, 25, 26, 25, 25, 25, 25,
    23, 25, 23, 25, 3, 27, 28, 29,
    29, 30, 31, 32, 33, 34, 35, 0,
    36, 0, 37, 38, 39, 39, 39, 40,
    39, 38, 41, 42, 38, 38, 43, 43,
    39, 43, 39, 43, 44, 45, 46, 47,
    47, 48, 49, 50, 0, 0, 35, 9,
    0, 0, 0, 0, 0, 0, 0, 0,
    0, 0, 0, 0, 0, 0, 0, 0,
    0, 0, 0, 0, 0, 0, 0, 0,
    0, 0, 0, 0, 0, 0, 0, 0,
    0, 0, 0, 0, 0, 0, 0, 0,
    0, 0, 0, 0, 0, 0, 0, 0,
    0, 0, 0, 0, 0, 0, 0, 0,
    0, 0, 0, 0, 0, 0, 0, 0,
    0, 0, 0, 0, 0, 0, 0, 0,
    0, 0, 0, 0, 0, 0, 0, 0,
    0, 0, 0, 0, 0, 0, 0, 0,
    0, 0, 0, 0, 0, 0, 0, 0,
    0, 0, 0, 0, 0, 0, 0, 0,
    0, 0, 0, 0, 0, 0, 0, 0,
    0, 0, 0, 0, 0, 0, 0, 0,
    0, 0, 0, 0, 0, 0, 0, 0,
    0, 0, 0, 0, 0, 0, 0, 0,
    0, 0, 0, 0, 0, 0, 0, 0,
    0, 0, 0, 0, 0, 0, 0, 0,
    0, 0, 0, 0, 0, 0, 0, 0,
    0, 0, 0, 0, 0, 0, 0, 0,
    0, 0, 0, 0, 0, 0, 0, 0,
    0, 0, 0, 0, 0, 0, 0, 0,
    0, 0, 0, 0, 0, 0, 0, 0,
    0, 0, 0, 0, 0, 0, 0, 0,
    0, 0, 0, 0, 0, 0, 0, 0,
    0, 0, 0, 0, 0, 0, 0, 0,
    0, 0, 0, 0, 0, 0, 0, 0,
    0, 0, 0, 0, 0, 0, 0, 0,
    0, 0, 0, 0, 0, 0, 0, 0,
    0, 0, 0, 0, 0, 0, 0, 0,
    0, 0, 0, 0, 0, 0, 0, 0,
    0, 0, 0, 0, 0, 0, 0, 0,
    0, 0, 0, 0, 0, 0, 0, 0,
    0, 0, 0, 0, 0, 0, 0, 0,
    0, 0, 0, 0, 0, 0, 0, 0,
    0, 0, 0, 0, 0, 0, 0, 0,
    0, 0, 0, 0, 0, 0, 0, 0,
    0, 0, 0, 0, 0, 0, 0, 0,
    0, 0, 0, 0, 0, 0, 0, 0,
    0, 0, 0, 0, 0, 0, 0, 0,
    0, 0, 0, 0, 0, 0, 0, 0,
    0, 0, 0, 0, 0, 0, 0, 0,
    0, 0, 0, 0, 0, 0, 0, 0,
    0, 0, 0, 0, 0, 0, 0, 0,
    0, 0, 0, 0, 0, 0, 0
};

/*Kern values between classes*/
static const int8_t kern_class_values[] =
{
    0, 0, 0, 0, 0, 0, 0, 1,
    0, 0, 0, 0, 2, 0, 0, 0,
    0, 1, 0, 0, 0, 0, 0, 0,
    0, 5, 4, 0, 2, 0, 4, 0,
    0, 0, 0, 0, 0, 0, 0, 0,
    0, 0, 0, 0, 0, 0, 0, 0,
    0, 0, 0, 9, 0, 5, -4, 0,
    0, 4, 0, -11, -12, 1, 9, 4,
    3, -8, 1, 9, 0, 8, 2, 6,
    0, -9, 0, 0, 2, 0, 0, 0,
    0, 0, 0, 12, 2, -1, 0, 0,
    0, 0, 0, 0, 0, 0, 0, 0,
    0, 0, 0, 0, 0, -6, 0, 0,
    0, 0, 0, -4, 3, 4, 0, 0,
    -2, 0, -1, 2, 0, -2, 0, -2,
    -1, -4, 0, 0, 0, 0, -2, 0,
    0, -3, -3, 0, 0, -2, 0, -4,
    0, 0, 0, 0, 0, 0, 0, 0,
    0, 0, -2, -2, -2, 0, 0, -5,
    0, -26, 0, 0, -4, -10, 4, 6,
    0, 0, -4, 2, 2, 7, 4, -3,
    4, 0, 0, -11, 0, 0, 0, 0,
    0, 0, 0, 0, 0, 0, 0, -7,
    0, 0, 2, 0, 5, 0, 0, 0,
    0, 0, 0, 0, 0, 0, 0, 0,
    -2, -9, 0, -8, -1, 0, 0, -6,
    0, 0, 7, 0, -6, -2, 0, 0,
    0, -3, 0, 0, -1, -15, 0, 2,
    0, 6, -5, 0, -4, 0, -8, 2,
    0, -17, -2, 6, 2, 0, 0, 0,
    0, 0, 0, 0, 2, 0, -3, 0,
    -3, 0, 0, 0, 0, 0, 0, 0,
    0, 0, 0, 0, 7, 0, 2, 0,
    0, -4, 0, 0, 0, 0, 0, 0,
    0, 0, 0, 0, -2, 0, 0, 0,
    0, 0, 0, 8, 2, 0, 0, 0,
    0, 0, 0, 20, 0, 0, 0, 0,
    0, 0, 0, 0, 0, 0, 0, 0,
    0, 0, 0, 0, 0, 0, 0, 0,
    0, 0, 0, 0, 0, 0, 0, 0,
    0, 0, 0, 0, 0, 0, -7, 0,
    0, 0, 0, 0, 0, 0, 0, 0,
    0, 0, 0, 0, 0, 0, 0, 0,
    0, 0, 0, 0, 0, 0, 1, 4,
    2, 6, -2, 0, 0, 4, -2, -7,
    -28, 1, 5, 4, 0, -3, 0, 6,
    0, 6, 0, 6, 0, -20, 0, -2,
    6, 0, 7, -2, 4, 2, 0, 0,
    0, -2, 0, 0, -3, 0, 0, 0,
    17, 0, 6, 0, 8, 3, 8, 3,
    0, 0, -3, -7, 0, 0, 0, -2,
    0, -1, 0, 1, -4, -3, -4, 1,
    0, -2, 0, 0, 0, -8, 1, -4,
    0, -4, -7, 0, -5, -4, -7, 0,
    0, -14, 0, 0, 0, 0, 2, 0,
    0, 0, 0, 0, 2, 0, -3, -5,
    -3, -3, 0, -11, 2, -14, 0, 0,
    0, -7, -1, 0, 20, -2, -3, 2,
    2, -1, 0, -3, 2, 0, 0, -11,
    -4, 7, 0, 11, -7, -2, -8, 0,
    -8, 3, 0, -20, 0, 2, 2, 0,
    -2, 0, 0, 2, 0, 0, -1, -2,
    -7, 0, -7, 0, 0, 12, -4, 0,
    -7, 0, 7, 0, -15, -20, -15, -4,
    6, 0, 0, -14, 0, 2, -5, 0,
    -3, 0, -4, -8, 0, -2, 6, 0,
    6, 0, 6, 0, 0, 4, 6, -25,
    -14, 0, -14, 0, 2, 0, -14, -14,
    -5, -14, -6, -11, -6, -14, 0, 1,
    0, 0, 0, 0, 0, 1, 1, -2,
    -4, 0, 0, 0, -2, 0, 0, -1,
    0, 0, 0, -4, 0, -2, 0, -5,
    -4, 0, -5, -7, -7, -4, 0, -4,
    0, -4, 0, 0, 0, 0, 0, -2,
    0, 0, 2, 0, 1, -2, 1, 0,
    0, 0, 0, 2, -1, 0, 0, 0,
    -1, 2, 2, 0, 0, 0, 0, -3,
    0, 0, 0, 0, 0, 0, 0, 0,
    0, 3, -1, 0, -2, 0, -4, 0,
    0, -1, 0, 6, 0, 0, -2, 0,
    0, 0, 0, 0, 0, 0, 0, -1,
    0, -1, 0, -2, 0, -2, 0, 0,
    0, 0, 0, 0, 0, 0, 0, -1,
    -1, 0, -2, -2, 0, 0, 0, 0,
    0, 0, 0, 0, -1, 0, -2, -2,
    -2, 0, 0, 0, 0, 0, 0, 0,
    0, 0, 0, -1, 0, 0, 0, 0,
    -1, -3, -1, 0, 0, -6, -1, -6,
    4, 0, 0, -4, 2, 4, 5, 0,
    -5, 0, -2, 0, 0, -9, 2, -1,
    1, -11, 2, 0, 0, 0, -11, 0,
    -11, -2, -18, -1, 0, -10, 0, 4,
    6, 0, 3, 0, 0, 0, 0, 0,
    0, 0, -4, -3, -4, 0, 0, 0,
    0, -2, 0, 0, 0, -2, 0, 0,
    0, 0, 0, -1, -1, 0, -1, -3,
    0, 0, 0, 0, 0, 0, 0, -2,
    -2, 0, -1, -2, -2, 0, 0, -2,
    0, 0, 0, 0, 0, 0, 0, 0,
    0, 0, 0, 0, -2, -2, -2, 0,
    0, -1, 0, -4, 2, 0, 0, -2,
    1, 2, 2, 0, 0, 0, 0, 0,
    0, -1, 0, 0, 0, 0, 0, 1,
    0, 0, -2, 0, -2, -1, -2, 0,
    0, 0, 0, 0, 0, 0, 2, 0,
    0, -2, 0, 0, 0, 0, -3, -3,
    -3, 0, 0, 6, -1, 0, -6, 0,
    0, 5, -10, -10, -8, -4, 2, 0,
    -2, -14, -4, 0, -4, 0, -4, 3,
    -4, -13, 0, -5, 0, 0, 1, 0,
    2, -1, 0, 2, 1, -6, -8, 0,
    -10, 0, 0, -4, -5, -6, -2, -5,
    0, -3, 0, -5, 0, 0, 0, -2,
    0, 0, 0, 1, 0, 2, 0, 0,
    0, 0, 0, 0, 0, 0, 0, 0,
    0, -2, 0, -1, 0, 0, -2, 0,
    -4, -5, -5, 0, 0, -6, 0, 0,
    0, 0, 0, 0, 0, -2, 0, 0,
    0, 0, 0, -2, 0, 0, 0, 2,
    0, 0, 0, 0, 0, 0, 0, 0,
    10, 0, 0, 0, 0, 0, 0, 1,
    0, 0, 0, -2, 0, 2, 0, 7,
    -2, 0, -5, -1, -8, 0, 0, -4,
    0, 2, 0, 0, 0, 0, 0, 0,
    0, 0, 2, 0, 1, -2, 1, 0,
    -1, 0, 0, 0, -3, 0, 0, 2,
    0, -10, -6, 0, 0, 0, -3, -10,
    0, 0, -2, 2, 0, -5, 0, -9,
    0, -6, 0, 0, -3, -4, -3, -2,
    -2, 0, 0, -4, 0, 0, -2, 0,
    0, 0, 0, 0, 0, 0, 2, 0,
    2, 0, 0, -4, 0, 0, 0, 0,
    2, 0, 1, -4, -4, 0, -2, -2,
    -2, 0, 0, 0, 0, 0, 0, -6,
    0, -2, 0, -3, -2, 0, -5, -5,
    -6, -2, 0, -4, 1, -6, 0, 0,
    0, 0, 0, 17, 0, 0, 1, 0,
    0, -3, 0, 0, 0, -9, 0, 0,
    0, 0, 0, -20, -4, 7, 6, -2,
    -9, 0, 2, -3, 0, -10, -1, -3,
    2, -15, -2, 4, 0, 3, -7, -3,
    -8, -7, -9, 0, 0, -12, 0, 11,
    0, 0, -1, 0, 0, 0, 0, -1,
    -1, -2, -6, -7, -6, 0, 0, 0,
    0, 0, 0, 0, 0, 0, 0, 0,
    0, 0, 0, 0, 0, 0, 0, 0,
    0, 0, 0, 0, 0, 0, 0, 0,
    -2, 0, -1, -2, -3, 0, 0, -4,
    0, -2, 0, 0, 0, 0, 0, 0,
    0, 0, 0, 0, 0, 0, 0, 0,
    0, 0, 0, 0, -4, 0, 0, 4,
    0, 3, 0, -4, 2, -1, 0, -4,
    -2, 0, -3, -2, -1, 0, -3, -3,
    0, 0, -2, 0, -1, -3, -2, 0,
    0, -2, 0, 2, -1, 0, -4, 0,
    0, 0, 0, -4, 0, -3, 0, -3,
    0, -3, 0, 0, 0, 0, 0, 0,
    0, 0, -4, 2, 0, -2, 0, -1,
    -2, -5, -1, -1, -1, 0, -1, -2,
    0, 0, 0, 0, 0, 0, -2, -2,
    -2, 0, 0, 0, 0, 2, -1, 0,
    -1, 0, 0, 0, 0, -1, -2, -1,
    -1, -2, -1, -1, 2, 8, 0, 0,
    -5, 0, -1, 4, 0, -2, -8, -3,
    3, 0, 0, -9, -3, 2, -3, 1,
    0, 0, -2, -6, 0, -3, 1, 0,
    0, -3, 0, 0, 0, 2, 2, -4,
    -4, 0, -3, 0, 0, -3, -2, -2,
    0, -3, 1, -4, 1, -3, 0, 0,
    0, 0, 0, 0, 0, 0, 0, 2,
    0, 0, 0, 0, 0, 0, 0, 0,
    0, 0, 0, 0, 0, 0, 0, 0,
    0, 0, 0, 0, 0, 0, 0, -3,
    0, 0, 0, 0, 0, 0, 0, 0,
    0, 0, 0, 0, 0, 0, 0, 0,
    0, 0, 0, 0, 0, 0, 0, 0,
    0, 0, 0, 0, 0, 0, 0, 0,
    0, 0, 0, 0, 0, 0, 0, 0,
    0, 0, 0, 0, -1, 0, 0, 0,
    0, 0, 0, 0, 0, 0, 0, 0,
    0, 0, 0, 0, 0, 0, 0, 0,
    0, 0, 0, 0, 0, 0, 0, 0,
    0, 0, 0, -2, -2, 0, 0, 0,
    0, 0, 0, 0, 0, 0, 0, 0,
    0, -3, 0, 0, -3, 0, 0, -2,
    -2, 0, 0, 0, 0, -2, 0, 0,
    0, 0, 0, -1, 0, 0, 0, 0,
    0, -1, 0, 0, 0, 0, -3, 0,
    -4, 0, 0, 0, -7, 0, 1, -5,
    4, 0, -1, -9, 0, 0, -5, -2,
    0, -8, -5, -6, 0, 0, -9, -2,
    -8, -8, -10, 0, -4, 0, 2, 14,
    -3, 0, -5, 0, 0, 0, -2, -3,
    -5, -4, -8, -9, -8, -5, 0, 0,
    -1, 0, 0, 0, 0, -15, -1, 6,
    4, -4, -7, 0, 0, -5, 0, -10,
    -1, -2, 4, -19, -3, 0, 0, 0,
    -14, -2, -10, -2, -15, 0, 0, -15,
    0, 11, 0, 0, -1, 0, 0, 0,
    0, 0, -1, -1, -8, -1, -8, 0,
    0, 0, 0, 0, -6, 0, -1, 0,
    0, -6, -9, 0, 0, -1, -3, -6,
    -2, 0, -1, 0, 0, 0, 0, -9,
    -2, -7, -6, -2, -4, -5, -2, -3,
    0, -4, -1, -7, -3, 0, -2, 0,
    0, -2, -3, 0, 1, 0, -1, -7,
    -1, 0, 0, -4, 0, 0, 0, 0,
    2, 0, 1, -4, 9, 0, -2, -2,
    -2, 0, 0, 0, 0, 0, 0, -6,
    0, -2, 0, -3, -2, 0, -5, -5,
    -6, -2, 0, -4, 2, 8, 0, 0,
    0, 0, 0, 17, 0, 0, 1, 0,
    0, -3, 0, 0, 0, 0, 0, 0,
    0, 0, 0, 0, 0, 0, 0, 0,
    0, 0, -1, -4, 0, 0, 0, 0,
    0, -1, 0, 0, 0, -2, -2, 0,
    0, -4, -2, 0, 0, -4, 0, 3,
    -1, 0, 0, 0, 0, 0, 0, 0,
    1, 0, 0, 0, 0, 0, 4, 2,
    -1, 0, -6, -2, 0, 6, -7, -7,
    -4, -4, 8, 4, 2, -18, -1, 4,
    -2, 0, -2, 3, -2, -7, 0, -2,
    2, -3, -2, -6, -2, 0, 0, 6,
    4, 0, -6, 0, -11, 0, 0, 7,
    -3, -8, 0, -3, -7, -7, -7, -2,
    2, 0, -3, 0, -5, 0, 2, 7,
    -5, -8, -8, -5, 6, 0, 0, -16,
    -2, 2, -4, -1, -5, 0, -5, -8,
    -3, -3, -2, 0, 0, -5, -5, -2,
    0, 6, 5, -2, -11, 0, -11, 0,
    -2, -4, -7, -12, 0, -7, -4, -7,
    -4, -6, 0, 0, -3, 0, -4, -1,
    0, -2, -4, 0, 3, -7, 2, 0,
    0, -11, 0, -2, -5, -4, -1, -6,
    -5, -7, -5, 0, -6, -2, -5, -3,
    -6, -2, 0, 0, 0, 9, -4, 0,
    -6, 0, 0, 0, -2, -4, -5, -6,
    -6, -8, -6, -3, 4, 0, -3, 0,
    -10, -2, 2, 4, -7, -8, -4, -7,
    7, -2, 1, -20, -4, 4, -5, -4,
    -8, 0, -6, -9, -2, -2, -2, -2,
    -5, -6, 0, 0, 0, 6, 6, -1,
    -14, 0, -12, 0, -4, 6, -8, -15,
    -4, -7, -9, -10, -9, -7, 0, 0,
    0, 0, -2, 0, 0, 2, -2, 4,
    1, -4, 4, 0, 0, -5, 0, 0,
    0, 0, 0, 0, -2, 0, 0, 0,
    0, 0, 0, -2, 0, 0, 0, 0,
    2, 6, 0, 0, -2, 0, 0, 0,
    0, 0, -1, -1, -2, 0, -2, 0,
    0, 2, 0, 0, 0, 0, 2, 0,
    -1, 0, 8, 0, 4, 0, 0, -3,
    0, 4, 0, 0, 0, 2, 0, 0,
    0, 0, 4, 0, 5, 0, 6, 0,
    0, 6, 0, 6, -1, 0, 0, 0,
    0, 21, 0, 0, 0, 0, 0, 0,
    0, 0, 0, -12, 0, -2, 3, 0,
    6, -28, 0, 20, 2, -4, -4, 2,
    2, -1, 0, -10, 0, 0, 10, -12,
    -4, 6, 0, 6, -4, -2, -8, 4,
    -4, 0, 0, -15, 8, 29, 0, 0,
    0, 0, 0, 25, 0, 0, 0, 0,
    4, 0, 4, 0, 0, 0, 0, 0,
    0, 0, 0, 0, 0, 0, 0, 0,
    0, 0, 0, 0, 0, 0, 0, 0,
    0, 0, 0, 0, 0, 0, -2, 0,
    0, -3, -1, 0, 0, 0, 0, 0,
    0, 0, 0, 0, 0, 0, 0, 0,
    0, 0, 0, 0, 0, 0, 0, -1,
    4, -5, 0, 0, 0, -2, 0, 2,
    26, -4, -2, 6, 5, -5, 2, 0,
    0, 2, 2, -3, -6, 11, 6, 17,
    0, -2, -2, 9, -1, 4, 0, -27,
    6, 0, -2, 0, -5, 0, 0, 23,
    0, 2, -4, -5, -3, 7, 4, 4,
    0, 0, 0, -6, 0, 0, 0, -5,
    0, 0, 0, 0, -4, -1, 0, 0,
    0, -4, 0, -2, 0, -9, 0, 0,
    0, 0, 0, 0, 0, 0, 0, 0,
    0, -14, 0, 0, 0, 0, 0, 0,
    0, 0, 0, 0, 0, 0, -2, 0,
    -2, 0, 0, -3, 0, -5, 0, 0,
    0, -3, 2, -2, 0, 0, -5, -2,
    -5, 0, 0, -5, 0, -2, 0, -9,
    0, -3, 0, 0, -16, -3, -8, -3,
    -8, 0, 0, -14, 0, -5, -1, 0,
    0, 0, 0, 0, 0, 0, 0, 0,
    -3, -4, -3, -2, 0, 0, 0, 0,
    -4, 0, -5, 3, -3, 4, 0, -1,
    -5, -1, -3, -3, 0, -2, -1, -1,
    1, -5, 0, 0, 0, 0, -17, -2,
    -4, 0, -6, 0, -1, -9, -1, 0,
    0, -1, -2, 0, -1, 0, 0, 0,
    1, 0, -1, -3, -1, -1, 0, 0,
    0, 0, 0, 0, 0, 0, 0, 0,
    0, 0, 0, 0, 0, 0, 0, 0,
    0, 0, 0, 0, 0, 0, 0, 0,
    0, 0, 0, 0, 0, 0, 0, 0,
    0, 0, 0, 0, 0, 0, 0, 0,
    0, 0, 5, 0, 0, 0, 0, 0,
    0, -4, 0, -1, 0, 0, 0, -4,
    2, 0, 0, 0, -5, -2, -4, 0,
    0, -6, 0, -2, 0, -9, 0, 0,
    0, 0, -20, 0, -4, -8, -10, 0,
    0, -14, 0, -1, -3, 0, 0, 0,
    0, 0, 0, 0, 0, 0, -2, -3,
    -2, -1, 0, 0, 0, 3, -3, 0,
    7, 9, -2, -2, -6, 2, 9, 3,
    4, -5, 2, 8, 2, 6, 4, 5,
    0, 0, 0, 0, 0, 0, 0, 0,
    0, 0, 0, 13, 9, -4, -2, 1,
    -2, 1, 1, 9, 0, 0, 0, 0,
    2, 0, 2, 0, 0, 0, -2, 0,
    0, 0, 0, 0, 0, 0, 0, 0,
    -1, 0, 0, 0, 0, 0, 0, 0,
    0, 4, 0, 0, 0, 0, -15, -2,
    -2, -8, -9, 0, 0, -14, 0, 0,
    0, 0, 0, 0, 0, 0, 0, 0,
    0, 0, 0, 0, 0, 0, 0, 0,
    -2, 0, 0, 0, 0, 0, 0, 0,
    0, 0, -1, 0, 0, 0, 0, 0,
    0, 0, 0, 4, 0, 0, 0, 0,
    -15, -2, -2, -8, -9, 0, 0, -6,
    0, 0, 0, 0, 0, 0, 0, 0,
    0, 0, 0, 0, 0, 0, 0, 0,
    0, 0, 0, 0, -2, 0, 0, 0,
    -5, 2, 0, -2, 2, 4, 2, -6,
    0, 0, -2, 2, 0, 2, 0, 0,
    0, 0, -4, 0, -1, -1, -4, 0,
    -1, -8, 0, 12, -2, 0, -5, 0,
    0, 0, -1, -4, 0, -2, -6, -4,
    -6, -2, 0, 0, -2, 0, 0, 0,
    0, 0, 0, 0, 0, 0, -1, 0,
    0, 0, 0, 0, 0, 0, 0, 4,
    0, 0, 0, 0, -15, -2, -2, -8,
    -9, 0, 0, -14, 0, 0, 0, 0,
    0, 0, 0, 10, 0, 0, 0, 0,
    0, 0, 0, 0, 0, 0, -2, 0,
    -6, -2, -1, 6, -2, -2, -8, 0,
    1, 0, -1, -5, 0, 5, 0, 2,
    0, 2, -5, -9, -2, 0, -6, -3,
    -5, -8, -8, 0, -2, -4, -2, -3,
    -9, -1, -2, 0, -1, 0, -1, 0,
    3, 0, 3, -1, 3, 0, 0, 0,
    0, 0, 0, 0, 0, 0, 0, 0,
    0, 0, -1, -2, -2, 0, 0, -5,
    0, -1, 0, -3, 0, 0, 0, 0,
    0, 0, 0, 0, 0, 0, 0, -12,
    0, 0, 0, 0, 0, 0, 0, 0,
    0, 0, 0, 0, -2, -2, -2, 0,
    0, 0, 0, 0, -2, 0, 0, -3,
    -2, 2, 0, -3, -4, -1, 0, -5,
    -1, -4, -1, -2, 0, -3, 0, 0,
    0, 0, 0, 0, 0, 0, 0, 0,
    0, -14, 0, 6, 0, 0, -4, 0,
    0, 0, 0, 0, -3, 0, -2, 0,
    -2, 0, 0, 0, -1, 0, -5, 0,
    0, 8, -3, -7, -7, 1, 3, 3,
    0, -6, 1, 3, 1, 6, 1, 7,
    -1, -6, 0, 0, -6, 0, 0, -6,
    -5, 0, 0, -4, 0, -3, -4, 0,
    -3, 0, 0, -3, 0, -1, 3, 0,
    -2, -6, -2, -2, 0, 0, -1, 0,
    -4, 0, 0, 3, -5, 0, 2, -2,
    2, 1, 0, -7, 0, -1, 0, 0,
    -2, 3, -2, 0, 0, 0, -7, -2,
    -5, 0, -6, 0, 0, -9, 0, 7,
    -2, 0, -4, 0, 0, 3, 0, -2,
    0, -2, -6, 0, -6, -2, 0, 0,
    0, 0, -1, 0, 0, 2, -3, 0,
    0, 0, -2, -1, 0, -2, 0, 0,
    0, 0, 0, 0, 0, 0, 0, 0,
    0, 0, 0, 0, 0, 0, 0, -12,
    0, 4, 0, 0, -2, 0, 0, 0,
    0, 0, 0, 0, -2, -2, -2, 0
};


/*Collect the kern class' data in one place*/
static const lv_font_fmt_txt_kern_classes_t kern_classes =
{
    .class_pair_values   = kern_class_values,
    .left_class_mapping  = kern_left_class_mapping,
    .right_class_mapping = kern_right_class_mapping,
    .left_class_cnt      = 60,
    .right_class_cnt     = 50,
};

/*--------------------
 *  ALL CUSTOM DATA
 *--------------------*/

#if LVGL_VERSION_MAJOR == 8
/*Store all the custom data of the font*/
static  lv_font_fmt_txt_glyph_cache_t cache;
#endif

#if LVGL_VERSION_MAJOR >= 8
static const lv_font_fmt_txt_dsc_t font_dsc = {
#else
static lv_font_fmt_txt_dsc_t font_dsc = {
#endif
    .glyph_bitmap = glyph_bitmap,
    .glyph_dsc = glyph_dsc,
    .cmaps = cmaps,
    .kern_dsc = &kern_classes,
    .kern_scale = 16,
    .cmap_num = 2,
    .bpp = 4,
    .kern_classes = 1,
    .bitmap_format = 0,
#if LVGL_VERSION_MAJOR == 8
    .cache = &cache
#endif
};



/*-----------------
 *  PUBLIC FONT
 *----------------*/

/*Initialize a public general font descriptor*/
#if LVGL_VERSION_MAJOR >= 8
const lv_font_t am_font_13 = {
#else
lv_font_t am_font_13 = {
#endif
    .get_glyph_dsc = lv_font_get_glyph_dsc_fmt_txt,    /*Function pointer to get glyph's data*/
    .get_glyph_bitmap = lv_font_get_bitmap_fmt_txt,    /*Function pointer to get glyph's bitmap*/
    .line_height = 15,          /*The maximum line height required by the font*/
    .base_line = 3,             /*Baseline measured from the bottom of the line*/
#if !(LVGL_VERSION_MAJOR == 6 && LVGL_VERSION_MINOR == 0)
    .subpx = LV_FONT_SUBPX_NONE,
#endif
#if LV_VERSION_CHECK(7, 4, 0) || LVGL_VERSION_MAJOR >= 8
    .underline_position = -1,
    .underline_thickness = 1,
#endif
    .dsc = &font_dsc,          /*The custom font data. Will be accessed by `get_glyph_bitmap/dsc` */
#if LV_VERSION_CHECK(8, 2, 0) || LVGL_VERSION_MAJOR >= 9
    .fallback = NULL,
#endif
    .user_data = NULL,
};



#endif /*#if AM_FONT_13*/

