/*******************************************************************************
 * Size: 10 px
 * Bpp: 4
 * Opts: --no-compress --format lvgl --bpp 4 --size 10 --font lvgl/demos/multilang/assets/fonts/Montserrat-SemiBold.ttf -r 0x20-0x7F --font lvgl/demos/multilang/assets/fonts/NotoSansSC-Medium.otf --symbols ·—、。一上下不与专东个中为主争二于享京亮人今从以优会但位低作你侧保信候假偏做停先光克入全公共关内再决冷分切列到制刷刻前功动区单占卡压及发变口只可台右合同后含听和器回围固图圆在地场型域境声备复外多夜天失奏女好始安完定实容密察导封小尽局层展工左已布常广序库底度开式张强当录心快态性总息想感慢成打扫把拟持按挑换据排探接控推描搜播收改放数整料新方日早时明昨是晚晨景智暖曲更替最本机杂条构架柔查标栏样案模次歌正步段毁每气氛流浅淡深混清渐渡点片版状独率环现玻班球璃用电界留略白的目看真确示离移稍稳稿立竞策管精系索级线经结统继续维编缩置耗联背能自航色节荐藏行表要观视觉角认让设访证识译说调谈质贴资跑跟路轮轻载辑辨边达迁过运近还这进连迷适选透速逻道部里重量金钟钮铜销长间队阶降随集雾青静面页项顺预频题颜风首驻验高黄默鼓，：； --font main/src/v9_apple_music/fonts/src/DejaVuSansMono.ttf --symbols ⌂◉♫≣⚙♪⌕◌▶↺ --font main/src/v9_apple_music/fonts/src/NotoSansSymbols2-Regular.ttf --symbols ⏮⏭ --lv-font-name am_font_480_10 -o main/src/v9_apple_music/fonts/am_font_480_10.c --force-fast-kern-format
 ******************************************************************************/

#ifdef LV_LVGL_H_INCLUDE_SIMPLE
#include "lvgl.h"
#else
#include "lvgl/lvgl.h"
#endif

#ifndef AM_FONT_480_10
#define AM_FONT_480_10 1
#endif

#if AM_FONT_480_10

/*-----------------
 *    BITMAPS
 *----------------*/

/*Store the image of the glyphs*/
static LV_ATTRIBUTE_LARGE_CONST const uint8_t glyph_bitmap[] = {
    /* U+0020 " " */

    /* U+0021 "!" */
    0x5f, 0x14, 0xf1, 0x3f, 0x2, 0xf0, 0x2e, 0x0,
    0x20, 0x29, 0x3, 0xe1,

    /* U+0022 "\"" */
    0x69, 0x88, 0x69, 0x78, 0x69, 0x77, 0x0, 0x0,

    /* U+0023 "#" */
    0x0, 0xd1, 0x3a, 0x0, 0xe, 0x5, 0x90, 0x7f,
    0xff, 0xff, 0xe0, 0x2c, 0x8, 0x50, 0x4, 0xa0,
    0xa3, 0xc, 0xff, 0xff, 0xf8, 0x7, 0x70, 0xd0,
    0x0, 0x95, 0xe, 0x0,

    /* U+0024 "$" */
    0x0, 0x2, 0x0, 0x0, 0x3a, 0x0, 0x8, 0xff,
    0xc4, 0x5f, 0x9d, 0x74, 0x7e, 0x3a, 0x0, 0x2f,
    0xff, 0x30, 0x1, 0xbf, 0xf8, 0x0, 0x3a, 0x8e,
    0x6a, 0x8e, 0xbc, 0x3b, 0xff, 0xb2, 0x0, 0x3a,
    0x0, 0x0, 0x2, 0x0,

    /* U+0025 "%" */
    0x1c, 0xc1, 0x2, 0xd0, 0x8, 0x44, 0x80, 0xb4,
    0x0, 0xa2, 0x2a, 0x4b, 0x0, 0x7, 0x55, 0x8d,
    0x20, 0x0, 0xb, 0xb8, 0x75, 0xc8, 0x0, 0x1,
    0xd0, 0xd0, 0xb2, 0x0, 0xa4, 0xc, 0x9, 0x20,
    0x4b, 0x0, 0x7b, 0x90,

    /* U+0026 "&" */
    0x2, 0xde, 0x80, 0x0, 0xa9, 0x1f, 0x10, 0x9,
    0xa6, 0xe0, 0x0, 0x3f, 0xf2, 0x0, 0x2e, 0xaf,
    0x67, 0x68, 0xb0, 0x3f, 0xf4, 0x7e, 0x43, 0xff,
    0x50, 0x9f, 0xe9, 0x58, 0x0, 0x0, 0x0, 0x0,

    /* U+0027 "'" */
    0x69, 0x69, 0x69, 0x0,

    /* U+0028 "(" */
    0x3, 0xf1, 0x9, 0x90, 0xe, 0x50, 0xf, 0x20,
    0x2f, 0x10, 0x2f, 0x10, 0xf, 0x20, 0xe, 0x50,
    0x9, 0x90, 0x3, 0xf1,

    /* U+0029 ")" */
    0x8a, 0x2, 0xf1, 0xd, 0x50, 0xb8, 0x9, 0x90,
    0x99, 0xb, 0x80, 0xd5, 0x2f, 0x18, 0xa0,

    /* U+002A "*" */
    0x14, 0x71, 0x8d, 0xea, 0x5f, 0xf7, 0x45, 0x75,
    0x1, 0x10,

    /* U+002B "+" */
    0x0, 0x76, 0x0, 0x0, 0x97, 0x0, 0x5f, 0xff,
    0xf4, 0x2, 0xba, 0x20, 0x0, 0x97, 0x0, 0x0,
    0x11, 0x0,

    /* U+002C "," */
    0x4a, 0x6, 0xf0, 0x4a, 0x3, 0x30,

    /* U+002D "-" */
    0x7f, 0xf4, 0x12, 0x20,

    /* U+002E "." */
    0x4a, 0x6, 0xc0,

    /* U+002F "/" */
    0x0, 0x0, 0x70, 0x0, 0x5, 0xc0, 0x0, 0xa,
    0x70, 0x0, 0xe, 0x20, 0x0, 0x4d, 0x0, 0x0,
    0x98, 0x0, 0x0, 0xe3, 0x0, 0x3, 0xe0, 0x0,
    0x8, 0x90, 0x0, 0xd, 0x40, 0x0, 0x2f, 0x0,
    0x0,

    /* U+0030 "0" */
    0x3, 0xdf, 0xb1, 0x1, 0xea, 0x4c, 0xb0, 0x6f,
    0x0, 0x3f, 0x18, 0xc0, 0x0, 0xf4, 0x8c, 0x0,
    0xf, 0x46, 0xf0, 0x3, 0xf1, 0x1e, 0xa4, 0xcb,
    0x0, 0x3d, 0xfb, 0x10,

    /* U+0031 "1" */
    0xef, 0xd2, 0xad, 0x7, 0xd0, 0x7d, 0x7, 0xd0,
    0x7d, 0x7, 0xd0, 0x7d,

    /* U+0032 "2" */
    0x3c, 0xfe, 0x60, 0x9a, 0x49, 0xf1, 0x0, 0x1,
    0xf3, 0x0, 0x7, 0xe0, 0x0, 0x5f, 0x40, 0x4,
    0xf6, 0x0, 0x3f, 0xa3, 0x31, 0xaf, 0xff, 0xf8,

    /* U+0033 "3" */
    0xaf, 0xff, 0xf1, 0x23, 0x3e, 0xb0, 0x0, 0x8d,
    0x0, 0x0, 0xff, 0x60, 0x0, 0x26, 0xf3, 0x0,
    0x0, 0xf5, 0xa8, 0x48, 0xf2, 0x6c, 0xfe, 0x60,

    /* U+0034 "4" */
    0x0, 0x8, 0xd0, 0x0, 0x3, 0xf3, 0x0, 0x0,
    0xd8, 0x0, 0x0, 0x8d, 0x8, 0x40, 0x3f, 0x40,
    0xc7, 0xa, 0xff, 0xff, 0xfb, 0x23, 0x33, 0xfa,
    0x20, 0x0, 0xd, 0x70,

    /* U+0035 "5" */
    0xf, 0xff, 0xf2, 0x1f, 0x43, 0x30, 0x3f, 0x0,
    0x0, 0x4f, 0xfe, 0x80, 0x13, 0x36, 0xf5, 0x0,
    0x0, 0xd8, 0x99, 0x47, 0xf4, 0x4c, 0xfe, 0x70,

    /* U+0036 "6" */
    0x1, 0xbf, 0xe6, 0x0, 0xdb, 0x44, 0x30, 0x5f,
    0x10, 0x0, 0x8, 0xda, 0xec, 0x20, 0x8f, 0x83,
    0xbd, 0x6, 0xf0, 0x4, 0xf0, 0x1f, 0x72, 0xbc,
    0x0, 0x4d, 0xfc, 0x10,

    /* U+0037 "7" */
    0xbf, 0xff, 0xfb, 0xbb, 0x33, 0xf8, 0x64, 0x4,
    0xf2, 0x0, 0xa, 0xb0, 0x0, 0x1f, 0x50, 0x0,
    0x6e, 0x0, 0x0, 0xc9, 0x0, 0x3, 0xf3, 0x0,

    /* U+0038 "8" */
    0x7, 0xdf, 0xb2, 0x3, 0xf5, 0x2b, 0xc0, 0x3f,
    0x20, 0x9c, 0x0, 0xff, 0xff, 0x60, 0x6e, 0x20,
    0x8e, 0x9, 0xb0, 0x3, 0xf1, 0x5f, 0x52, 0xad,
    0x0, 0x8e, 0xfc, 0x20,

    /* U+0039 "9" */
    0xa, 0xfe, 0x70, 0x8e, 0x35, 0xf5, 0xb8, 0x0,
    0xba, 0x9c, 0x12, 0xfc, 0x1d, 0xff, 0xdc, 0x0,
    0x10, 0xb9, 0x5, 0x38, 0xf2, 0x3d, 0xfc, 0x40,

    /* U+003A ":" */
    0x6c, 0x4, 0xa0, 0x0, 0x0, 0x0, 0x4a, 0x6,
    0xc0,

    /* U+003B ";" */
    0x6c, 0x4, 0xa0, 0x0, 0x0, 0x0, 0x4a, 0x6,
    0xf0, 0x4a, 0x3, 0x30,

    /* U+003C "<" */
    0x0, 0x0, 0x21, 0x0, 0x4b, 0xf3, 0x3e, 0xd6,
    0x0, 0x4f, 0x92, 0x0, 0x1, 0x8e, 0xc2, 0x0,
    0x0, 0x62,

    /* U+003D "=" */
    0x5f, 0xff, 0xf4, 0x1, 0x11, 0x10, 0x0, 0x0,
    0x0, 0x5f, 0xff, 0xf4, 0x2, 0x22, 0x20,

    /* U+003E ">" */
    0x21, 0x0, 0x0, 0x4f, 0xa3, 0x0, 0x1, 0x7d,
    0xd2, 0x0, 0x3a, 0xf3, 0x2c, 0xe7, 0x10, 0x35,
    0x0, 0x0,

    /* U+003F "?" */
    0x3c, 0xfd, 0x60, 0x9a, 0x38, 0xf1, 0x0, 0x3,
    0xf1, 0x0, 0xc, 0xa0, 0x0, 0x9c, 0x0, 0x0,
    0x32, 0x0, 0x0, 0x74, 0x0, 0x0, 0xb7, 0x0,

    /* U+0040 "@" */
    0x0, 0x3a, 0xee, 0xc6, 0x0, 0x4, 0xe5, 0x0,
    0x2b, 0xa0, 0xe, 0x26, 0xee, 0xab, 0xb5, 0x59,
    0x2f, 0x42, 0xfb, 0x2b, 0x86, 0x6b, 0x0, 0xdd,
    0xd, 0x86, 0x6b, 0x0, 0xdd, 0xd, 0x59, 0x2f,
    0x42, 0xfc, 0x4a, 0xe, 0x26, 0xee, 0x5d, 0xe2,
    0x4, 0xe5, 0x0, 0x20, 0x0, 0x0, 0x3b, 0xee,
    0xc2, 0x0,

    /* U+0041 "A" */
    0x0, 0x1, 0xf9, 0x0, 0x0, 0x0, 0x7f, 0xe0,
    0x0, 0x0, 0xe, 0x5e, 0x50, 0x0, 0x4, 0xf0,
    0x8c, 0x0, 0x0, 0xa9, 0x2, 0xf2, 0x0, 0x1f,
    0xff, 0xff, 0x80, 0x7, 0xf2, 0x22, 0x8e, 0x0,
    0xd7, 0x0, 0x0, 0xf5,

    /* U+0042 "B" */
    0x1f, 0xff, 0xfb, 0x10, 0x1f, 0x52, 0x2c, 0x90,
    0x1f, 0x30, 0xb, 0xc0, 0x1f, 0xff, 0xff, 0x80,
    0x1f, 0x52, 0x3c, 0x30, 0x1f, 0x30, 0x3, 0xf0,
    0x1f, 0x52, 0x29, 0xf1, 0x1f, 0xff, 0xfd, 0x60,

    /* U+0043 "C" */
    0x0, 0x9e, 0xfb, 0x30, 0xbe, 0x65, 0xba, 0x4f,
    0x20, 0x0, 0x8, 0xd0, 0x0, 0x0, 0x8d, 0x0,
    0x0, 0x4, 0xf2, 0x0, 0x0, 0xb, 0xe6, 0x5b,
    0xa0, 0x8, 0xef, 0xb3,

    /* U+0044 "D" */
    0x1f, 0xff, 0xfb, 0x20, 0x1f, 0x63, 0x4b, 0xe1,
    0x1f, 0x30, 0x0, 0xd8, 0x1f, 0x30, 0x0, 0x8c,
    0x1f, 0x30, 0x0, 0x8c, 0x1f, 0x30, 0x0, 0xd8,
    0x1f, 0x63, 0x4b, 0xe1, 0x1f, 0xff, 0xfb, 0x20,

    /* U+0045 "E" */
    0x1f, 0xff, 0xff, 0x1, 0xf6, 0x33, 0x30, 0x1f,
    0x30, 0x0, 0x1, 0xff, 0xff, 0xa0, 0x1f, 0x63,
    0x31, 0x1, 0xf3, 0x0, 0x0, 0x1f, 0x63, 0x33,
    0x1, 0xff, 0xff, 0xf3,

    /* U+0046 "F" */
    0x1f, 0xff, 0xff, 0x1, 0xf6, 0x33, 0x30, 0x1f,
    0x30, 0x0, 0x1, 0xf3, 0x0, 0x0, 0x1f, 0xff,
    0xfa, 0x1, 0xf6, 0x33, 0x20, 0x1f, 0x30, 0x0,
    0x1, 0xf3, 0x0, 0x0,

    /* U+0047 "G" */
    0x0, 0x9e, 0xfc, 0x30, 0xb, 0xe7, 0x59, 0xc0,
    0x4f, 0x20, 0x0, 0x0, 0x8d, 0x0, 0x0, 0x10,
    0x8d, 0x0, 0x4, 0xf0, 0x4f, 0x30, 0x4, 0xf0,
    0xb, 0xe6, 0x5d, 0xf0, 0x0, 0x8e, 0xfc, 0x40,

    /* U+0048 "H" */
    0x1f, 0x30, 0x2, 0xf2, 0x1f, 0x30, 0x2, 0xf2,
    0x1f, 0x30, 0x2, 0xf2, 0x1f, 0xff, 0xff, 0xf2,
    0x1f, 0x63, 0x35, 0xf2, 0x1f, 0x30, 0x2, 0xf2,
    0x1f, 0x30, 0x2, 0xf2, 0x1f, 0x30, 0x2, 0xf2,

    /* U+0049 "I" */
    0x1f, 0x31, 0xf3, 0x1f, 0x31, 0xf3, 0x1f, 0x31,
    0xf3, 0x1f, 0x31, 0xf3,

    /* U+004A "J" */
    0x6, 0xff, 0xf6, 0x1, 0x33, 0xe6, 0x0, 0x0,
    0xe6, 0x0, 0x0, 0xe6, 0x0, 0x0, 0xe6, 0x0,
    0x0, 0xe5, 0xc, 0x66, 0xf2, 0x6, 0xee, 0x70,

    /* U+004B "K" */
    0x1f, 0x30, 0xb, 0xb0, 0x1f, 0x30, 0x9d, 0x10,
    0x1f, 0x36, 0xf2, 0x0, 0x1f, 0x7f, 0x70, 0x0,
    0x1f, 0xff, 0xd0, 0x0, 0x1f, 0xc1, 0xe9, 0x0,
    0x1f, 0x30, 0x4f, 0x40, 0x1f, 0x30, 0x8, 0xe1,

    /* U+004C "L" */
    0x1f, 0x30, 0x0, 0x1f, 0x30, 0x0, 0x1f, 0x30,
    0x0, 0x1f, 0x30, 0x0, 0x1f, 0x30, 0x0, 0x1f,
    0x30, 0x0, 0x1f, 0x63, 0x33, 0x1f, 0xff, 0xfe,

    /* U+004D "M" */
    0x1f, 0x40, 0x0, 0xb, 0x91, 0xfc, 0x0, 0x3,
    0xf9, 0x1f, 0xf4, 0x0, 0xcf, 0x91, 0xfb, 0xd0,
    0x4f, 0xb9, 0x1f, 0x3e, 0x5c, 0x7a, 0x91, 0xf3,
    0x6f, 0xe0, 0xa9, 0x1f, 0x30, 0xd6, 0xa, 0x91,
    0xf3, 0x0, 0x0, 0xa9,

    /* U+004E "N" */
    0x1f, 0x60, 0x2, 0xf2, 0x1f, 0xf2, 0x2, 0xf2,
    0x1f, 0xfd, 0x2, 0xf2, 0x1f, 0x7f, 0x92, 0xf2,
    0x1f, 0x37, 0xf7, 0xf2, 0x1f, 0x30, 0xbf, 0xf2,
    0x1f, 0x30, 0x1e, 0xf2, 0x1f, 0x30, 0x4, 0xf2,

    /* U+004F "O" */
    0x0, 0x8e, 0xfc, 0x20, 0xb, 0xe6, 0x5b, 0xf2,
    0x4f, 0x30, 0x0, 0xcb, 0x8d, 0x0, 0x0, 0x6f,
    0x8d, 0x0, 0x0, 0x6f, 0x4f, 0x30, 0x0, 0xcb,
    0xb, 0xe6, 0x5b, 0xf2, 0x0, 0x8e, 0xfc, 0x20,

    /* U+0050 "P" */
    0x1f, 0xff, 0xe8, 0x1, 0xf7, 0x36, 0xf6, 0x1f,
    0x30, 0x9, 0xb1, 0xf3, 0x0, 0x9c, 0x1f, 0x40,
    0x3e, 0x81, 0xff, 0xff, 0xb0, 0x1f, 0x73, 0x10,
    0x1, 0xf3, 0x0, 0x0,

    /* U+0051 "Q" */
    0x0, 0x8e, 0xfc, 0x20, 0x0, 0xbe, 0x65, 0xbf,
    0x20, 0x4f, 0x30, 0x0, 0xcb, 0x8, 0xd0, 0x0,
    0x6, 0xf0, 0x8d, 0x0, 0x0, 0x6f, 0x4, 0xf3,
    0x0, 0xc, 0xb0, 0xb, 0xe6, 0x5b, 0xf2, 0x0,
    0x8, 0xff, 0xf3, 0x10, 0x0, 0x0, 0x7f, 0xfd,
    0x10, 0x0, 0x0, 0x1, 0x0,

    /* U+0052 "R" */
    0x1f, 0xff, 0xe8, 0x1, 0xf7, 0x36, 0xf6, 0x1f,
    0x30, 0x9, 0xb1, 0xf3, 0x0, 0x9c, 0x1f, 0x30,
    0x2e, 0x81, 0xff, 0xff, 0xd0, 0x1f, 0x62, 0xbc,
    0x1, 0xf3, 0x0, 0xd8,

    /* U+0053 "S" */
    0x8, 0xef, 0xc4, 0x5f, 0x63, 0x74, 0x7e, 0x0,
    0x0, 0x2f, 0xe9, 0x30, 0x1, 0x7c, 0xf8, 0x0,
    0x0, 0x8e, 0x6a, 0x54, 0xbc, 0x3b, 0xef, 0xb2,

    /* U+0054 "T" */
    0xff, 0xff, 0xff, 0x33, 0xbb, 0x33, 0x0, 0xaa,
    0x0, 0x0, 0xaa, 0x0, 0x0, 0xaa, 0x0, 0x0,
    0xaa, 0x0, 0x0, 0xaa, 0x0, 0x0, 0xaa, 0x0,

    /* U+0055 "U" */
    0x2f, 0x30, 0x4, 0xf0, 0x2f, 0x30, 0x4, 0xf0,
    0x2f, 0x30, 0x4, 0xf0, 0x2f, 0x30, 0x4, 0xf0,
    0x1f, 0x30, 0x4, 0xf0, 0xf, 0x50, 0x7, 0xd0,
    0xa, 0xe5, 0x6e, 0x80, 0x1, 0xae, 0xe9, 0x0,

    /* U+0056 "V" */
    0xd, 0x80, 0x0, 0x2f, 0x20, 0x7e, 0x0, 0x8,
    0xc0, 0x1, 0xf4, 0x0, 0xe6, 0x0, 0xb, 0xa0,
    0x4f, 0x0, 0x0, 0x5f, 0x1a, 0xa0, 0x0, 0x0,
    0xe8, 0xf3, 0x0, 0x0, 0x9, 0xfd, 0x0, 0x0,
    0x0, 0x2f, 0x70, 0x0,

    /* U+0057 "W" */
    0x9c, 0x0, 0xf, 0x80, 0x3, 0xf0, 0x4f, 0x10,
    0x4f, 0xc0, 0x8, 0xb0, 0xf, 0x50, 0x9c, 0xf1,
    0xc, 0x70, 0xb, 0x90, 0xd5, 0xd6, 0x1f, 0x20,
    0x6, 0xe2, 0xf0, 0x8a, 0x6d, 0x0, 0x2, 0xfa,
    0xb0, 0x4e, 0xb9, 0x0, 0x0, 0xdf, 0x60, 0xf,
    0xf4, 0x0, 0x0, 0x8f, 0x20, 0xb, 0xf0, 0x0,

    /* U+0058 "X" */
    0x7e, 0x10, 0x1f, 0x50, 0xca, 0xa, 0xb0, 0x3,
    0xf9, 0xf1, 0x0, 0xa, 0xf8, 0x0, 0x0, 0xbf,
    0xa0, 0x0, 0x5f, 0x5f, 0x40, 0xe, 0x70, 0x9d,
    0x9, 0xd0, 0x0, 0xe8,

    /* U+0059 "Y" */
    0xd, 0x80, 0x0, 0xd6, 0x4, 0xf1, 0x6, 0xe0,
    0x0, 0xc9, 0xe, 0x60, 0x0, 0x3f, 0x9d, 0x0,
    0x0, 0xb, 0xf5, 0x0, 0x0, 0x6, 0xf0, 0x0,
    0x0, 0x5, 0xf0, 0x0, 0x0, 0x5, 0xf0, 0x0,

    /* U+005A "Z" */
    0x8f, 0xff, 0xff, 0x31, 0x33, 0x3d, 0xd0, 0x0,
    0x5, 0xf3, 0x0, 0x2, 0xf7, 0x0, 0x0, 0xcb,
    0x0, 0x0, 0x8e, 0x10, 0x0, 0x3f, 0x83, 0x33,
    0x19, 0xff, 0xff, 0xf6,

    /* U+005B "[" */
    0x1f, 0xf5, 0x1f, 0x40, 0x1f, 0x30, 0x1f, 0x30,
    0x1f, 0x30, 0x1f, 0x30, 0x1f, 0x30, 0x1f, 0x30,
    0x1f, 0x40, 0x1f, 0xf5,

    /* U+005C "\\" */
    0x26, 0x0, 0x0, 0x1f, 0x0, 0x0, 0xc, 0x50,
    0x0, 0x7, 0xa0, 0x0, 0x2, 0xf0, 0x0, 0x0,
    0xd4, 0x0, 0x0, 0x89, 0x0, 0x0, 0x3e, 0x0,
    0x0, 0xe, 0x30, 0x0, 0x9, 0x80, 0x0, 0x4,
    0xd0,

    /* U+005D "]" */
    0xdf, 0x81, 0xb8, 0xb, 0x80, 0xb8, 0xb, 0x80,
    0xb8, 0xb, 0x80, 0xb8, 0x1b, 0x8d, 0xf8,

    /* U+005E "^" */
    0x0, 0x54, 0x0, 0x0, 0xfe, 0x0, 0x5, 0x9b,
    0x40, 0xb, 0x35, 0xa0, 0x2d, 0x0, 0xe1,

    /* U+005F "_" */
    0xdd, 0xdd, 0xd0,

    /* U+0060 "`" */
    0x55, 0x1, 0xb6,

    /* U+0061 "a" */
    0x2b, 0xfe, 0x60, 0x6, 0x36, 0xf1, 0x1b, 0xee,
    0xf4, 0x7d, 0x0, 0xf4, 0x7d, 0x5, 0xf4, 0x1b,
    0xfb, 0xe4,

    /* U+0062 "b" */
    0x3f, 0x10, 0x0, 0x3, 0xf1, 0x0, 0x0, 0x3f,
    0x9f, 0xd5, 0x3, 0xfc, 0x48, 0xf2, 0x3f, 0x20,
    0xe, 0x63, 0xf2, 0x0, 0xe6, 0x3f, 0xb4, 0x8f,
    0x23, 0xf9, 0xfd, 0x50,

    /* U+0063 "c" */
    0x6, 0xdf, 0xa0, 0x3f, 0x74, 0xc4, 0x9b, 0x0,
    0x0, 0x9b, 0x0, 0x0, 0x3f, 0x74, 0xc4, 0x6,
    0xef, 0xa0,

    /* U+0064 "d" */
    0x0, 0x0, 0x3f, 0x0, 0x0, 0x3, 0xf0, 0x7,
    0xee, 0xaf, 0x4, 0xf7, 0x4f, 0xf0, 0x9b, 0x0,
    0x7f, 0x9, 0xb0, 0x6, 0xf0, 0x4f, 0x74, 0xff,
    0x0, 0x7e, 0xe9, 0xf0,

    /* U+0065 "e" */
    0x6, 0xef, 0xa0, 0x4f, 0x52, 0xb9, 0x9f, 0xee,
    0xfc, 0x9b, 0x0, 0x0, 0x3f, 0x73, 0xa2, 0x6,
    0xdf, 0xb1,

    /* U+0066 "f" */
    0x6, 0xec, 0x0, 0xe6, 0x20, 0xef, 0xfa, 0x1,
    0xf5, 0x10, 0xf, 0x30, 0x0, 0xf3, 0x0, 0xf,
    0x30, 0x0, 0xf3, 0x0,

    /* U+0067 "g" */
    0x6, 0xee, 0x8f, 0x24, 0xf6, 0x3c, 0xf2, 0x9b,
    0x0, 0x3f, 0x29, 0xc0, 0x4, 0xf2, 0x4f, 0x74,
    0xef, 0x10, 0x6e, 0xfa, 0xf0, 0x7, 0x43, 0xac,
    0x1, 0x9e, 0xfb, 0x20,

    /* U+0068 "h" */
    0x3f, 0x10, 0x0, 0x3, 0xf1, 0x0, 0x0, 0x3f,
    0x9f, 0xe4, 0x3, 0xfc, 0x4a, 0xe0, 0x3f, 0x20,
    0x3f, 0x3, 0xf1, 0x2, 0xf1, 0x3f, 0x10, 0x2f,
    0x13, 0xf1, 0x2, 0xf1,

    /* U+0069 "i" */
    0x3e, 0x11, 0x80, 0x3f, 0x13, 0xf1, 0x3f, 0x13,
    0xf1, 0x3f, 0x13, 0xf1,

    /* U+006A "j" */
    0x2, 0xe2, 0x1, 0x80, 0x2, 0xf2, 0x2, 0xf2,
    0x2, 0xf2, 0x2, 0xf2, 0x2, 0xf2, 0x2, 0xf1,
    0x26, 0xf0, 0xbf, 0x70,

    /* U+006B "k" */
    0x3f, 0x10, 0x0, 0x3, 0xf1, 0x0, 0x0, 0x3f,
    0x10, 0xcb, 0x3, 0xf1, 0xbc, 0x0, 0x3f, 0xcf,
    0x20, 0x3, 0xfe, 0xf9, 0x0, 0x3f, 0x23, 0xf5,
    0x3, 0xf1, 0x8, 0xe1,

    /* U+006C "l" */
    0x3f, 0x13, 0xf1, 0x3f, 0x13, 0xf1, 0x3f, 0x13,
    0xf1, 0x3f, 0x13, 0xf1,

    /* U+006D "m" */
    0x3f, 0x9f, 0xd4, 0xbf, 0xc1, 0x3f, 0xb4, 0xcf,
    0x94, 0xe9, 0x3f, 0x20, 0x6f, 0x0, 0x8b, 0x3f,
    0x10, 0x5e, 0x0, 0x8c, 0x3f, 0x10, 0x5e, 0x0,
    0x8c, 0x3f, 0x10, 0x5e, 0x0, 0x8c,

    /* U+006E "n" */
    0x3f, 0x8f, 0xe4, 0x3, 0xfb, 0x4a, 0xe0, 0x3f,
    0x20, 0x3f, 0x3, 0xf1, 0x2, 0xf1, 0x3f, 0x10,
    0x2f, 0x13, 0xf1, 0x2, 0xf1,

    /* U+006F "o" */
    0x6, 0xef, 0xa1, 0x3, 0xf7, 0x4c, 0xb0, 0x9b,
    0x0, 0x4f, 0x9, 0xb0, 0x4, 0xf0, 0x3f, 0x64,
    0xca, 0x0, 0x6e, 0xfa, 0x10,

    /* U+0070 "p" */
    0x3f, 0x9f, 0xd5, 0x3, 0xfb, 0x48, 0xf2, 0x3f,
    0x20, 0xe, 0x63, 0xf2, 0x0, 0xe6, 0x3f, 0xc4,
    0x8f, 0x23, 0xf9, 0xfe, 0x50, 0x3f, 0x10, 0x0,
    0x3, 0xf1, 0x0, 0x0,

    /* U+0071 "q" */
    0x7, 0xee, 0x9f, 0x4, 0xf7, 0x4f, 0xf0, 0x9b,
    0x0, 0x6f, 0x9, 0xb0, 0x7, 0xf0, 0x4f, 0x64,
    0xff, 0x0, 0x7e, 0xea, 0xf0, 0x0, 0x0, 0x3f,
    0x0, 0x0, 0x3, 0xf0,

    /* U+0072 "r" */
    0x3f, 0x9d, 0x3f, 0xb3, 0x3f, 0x20, 0x3f, 0x10,
    0x3f, 0x10, 0x3f, 0x10,

    /* U+0073 "s" */
    0x1b, 0xfe, 0x68, 0xc2, 0x43, 0x7e, 0x95, 0x0,
    0x59, 0xea, 0x45, 0x28, 0xd6, 0xdf, 0xc3,

    /* U+0074 "t" */
    0x8, 0x10, 0x0, 0xf3, 0x0, 0xef, 0xfa, 0x1,
    0xf5, 0x10, 0xf, 0x30, 0x0, 0xf3, 0x0, 0xe,
    0x83, 0x0, 0x6f, 0xc0,

    /* U+0075 "u" */
    0x3f, 0x0, 0x4f, 0x3f, 0x0, 0x4f, 0x3f, 0x0,
    0x4f, 0x3f, 0x10, 0x5f, 0x1f, 0x94, 0xef, 0x6,
    0xee, 0xaf,

    /* U+0076 "v" */
    0xd, 0x60, 0x9, 0x90, 0x7c, 0x0, 0xe3, 0x1,
    0xf2, 0x5d, 0x0, 0xb, 0x8b, 0x70, 0x0, 0x5f,
    0xf1, 0x0, 0x0, 0xfc, 0x0,

    /* U+0077 "w" */
    0xc6, 0x1, 0xf5, 0x1, 0xf0, 0x7b, 0x6, 0xfa,
    0x7, 0xa0, 0x2f, 0xb, 0x9f, 0xc, 0x50, 0xd,
    0x6f, 0x1d, 0x6f, 0x0, 0x7, 0xfb, 0x8, 0xfa,
    0x0, 0x2, 0xf5, 0x2, 0xf5, 0x0,

    /* U+0078 "x" */
    0x7d, 0x2, 0xf3, 0xc, 0x9c, 0x80, 0x2, 0xfe,
    0x0, 0x3, 0xfe, 0x0, 0xd, 0x7c, 0x90, 0x9c,
    0x2, 0xf4,

    /* U+0079 "y" */
    0xd, 0x70, 0x9, 0x90, 0x7d, 0x0, 0xe3, 0x1,
    0xf3, 0x5d, 0x0, 0xa, 0x9c, 0x60, 0x0, 0x4f,
    0xf0, 0x0, 0x0, 0xfa, 0x0, 0x4, 0x4f, 0x30,
    0x0, 0xcf, 0x70, 0x0,

    /* U+007A "z" */
    0x9f, 0xff, 0xe0, 0x12, 0xf7, 0x0, 0xbb, 0x0,
    0x7e, 0x10, 0x3f, 0x51, 0x19, 0xff, 0xff,

    /* U+007B "{" */
    0x4, 0xe8, 0xa, 0xb1, 0xa, 0x90, 0xb, 0x90,
    0x7f, 0x50, 0x1c, 0x80, 0xa, 0x90, 0xa, 0x90,
    0x9, 0xc1, 0x3, 0xe8,

    /* U+007C "|" */
    0x1f, 0x11, 0xf1, 0x1f, 0x11, 0xf1, 0x1f, 0x11,
    0xf1, 0x1f, 0x11, 0xf1, 0x1f, 0x11, 0xf1,

    /* U+007D "}" */
    0xdc, 0x10, 0x2f, 0x50, 0xe, 0x60, 0xd, 0x60,
    0xa, 0xf2, 0xd, 0x80, 0xe, 0x60, 0xe, 0x60,
    0x2f, 0x50, 0xdc, 0x0,

    /* U+007E "~" */
    0x1c, 0xb2, 0x84, 0x59, 0x6e, 0xe0, 0x0, 0x0,
    0x0,

    /* U+00B7 "·" */
    0x3, 0x30, 0xf, 0xf0, 0xb, 0xb0,

    /* U+2014 "—" */
    0x6c, 0xcc, 0xcc, 0xcc, 0x60,

    /* U+21BA "↺" */
    0x0, 0xa, 0xd5, 0x48, 0xa, 0xc1, 0x84, 0x3,
    0x84, 0x59, 0x0, 0xc1, 0x8, 0xcc, 0x50,

    /* U+2263 "≣" */
    0x4d, 0xdd, 0xda, 0x2, 0x22, 0x22, 0x3a, 0xaa,
    0xa8, 0x27, 0x77, 0x76, 0x14, 0x44, 0x43, 0x4d,
    0xdd, 0xda,

    /* U+2302 "⌂" */
    0x0, 0x29, 0x0, 0x1, 0xb6, 0x70, 0xa, 0x20,
    0x84, 0x18, 0x0, 0x9, 0x18, 0x0, 0x9, 0x1c,
    0x99, 0x99,

    /* U+2315 "⌕" */
    0x0, 0x68, 0x10, 0x75, 0x2a, 0x9, 0x10, 0xa0,
    0x9b, 0xb5, 0x14, 0x0, 0x0,

    /* U+23ED "⏭" */
    0x0, 0x0, 0x0, 0x0, 0x8, 0x10, 0x45, 0x0,
    0xe5, 0xbe, 0x25, 0xf6, 0xe, 0x5b, 0xfe, 0x6f,
    0xf5, 0xe5, 0xbf, 0x55, 0xfa, 0xe, 0x5a, 0x30,
    0x58, 0x0, 0xe5, 0x0, 0x0, 0x0, 0x4, 0x10,

    /* U+23EE "⏮" */
    0x0, 0x0, 0x0, 0x0, 0x6, 0xe0, 0x5, 0x40,
    0x18, 0x6e, 0x6, 0xf5, 0x2e, 0xb6, 0xe5, 0xff,
    0x6e, 0xfb, 0x6e, 0xa, 0xf5, 0x5f, 0xb6, 0xe0,
    0x8, 0x50, 0x4a, 0x14, 0x0, 0x0, 0x0, 0x0,

    /* U+25B6 "▶" */
    0x50, 0x0, 0x0, 0xfd, 0x50, 0x0, 0xff, 0xfd,
    0x50, 0xff, 0xff, 0xf7, 0xff, 0xfa, 0x20, 0xfa,
    0x20, 0x0, 0x20, 0x0, 0x0,

    /* U+25C9 "◉" */
    0x2, 0x88, 0x20, 0x49, 0x88, 0x94, 0xa9, 0xff,
    0x9a, 0x9d, 0xff, 0xe9, 0xa9, 0xff, 0x9a, 0x49,
    0x88, 0x94, 0x2, 0x88, 0x20,

    /* U+25CC "◌" */
    0x0, 0x56, 0x0, 0x37, 0x0, 0x73, 0x10, 0x0,
    0x1, 0x90, 0x0, 0x9, 0x10, 0x0, 0x1, 0x27,
    0x0, 0x73, 0x0, 0x55, 0x0,

    /* U+266A "♪" */
    0x0, 0x0, 0x0, 0x7, 0x81, 0x0, 0x75, 0xb0,
    0x7, 0x3, 0x0, 0x70, 0x0, 0x7, 0x0, 0x19,
    0xb0, 0x3, 0xd9, 0x0,

    /* U+266B "♫" */
    0x0, 0xaa, 0x50, 0x0, 0x66, 0xb7, 0x0, 0x50,
    0x5, 0x0, 0x50, 0x5, 0x0, 0x50, 0x5, 0x17,
    0x60, 0x5, 0x5e, 0x53, 0x86, 0x0, 0x5, 0xc3,

    /* U+2699 "⚙" */
    0x0, 0x2, 0x0, 0x0, 0x19, 0xd9, 0x50, 0x7,
    0xa1, 0x5b, 0x20, 0xc1, 0x94, 0xc2, 0xe, 0x23,
    0x1d, 0x40, 0x3d, 0x59, 0x80, 0x0, 0x5b, 0x63,
    0x0,

    /* U+3001 "、" */
    0x1, 0x0, 0x4e, 0x30, 0x7, 0xf2, 0x0, 0x50,

    /* U+3002 "。" */
    0x7, 0x70, 0x55, 0x55, 0x81, 0x17, 0x1b, 0xb1,

    /* U+4E00 "一" */
    0x2, 0x22, 0x22, 0x22, 0x22, 0x4d, 0xdd, 0xdd,
    0xdd, 0xda,

    /* U+4E0A "上" */
    0x0, 0x0, 0xa4, 0x0, 0x0, 0x0, 0x0, 0xa4,
    0x0, 0x0, 0x0, 0x0, 0xa5, 0x0, 0x0, 0x0,
    0x0, 0xae, 0xdd, 0xb0, 0x0, 0x0, 0xa4, 0x0,
    0x0, 0x0, 0x0, 0xa4, 0x0, 0x0, 0x0, 0x0,
    0xa4, 0x0, 0x0, 0x3d, 0xdd, 0xfe, 0xdd, 0xd9,
    0x1, 0x11, 0x11, 0x11, 0x11,

    /* U+4E0B "下" */
    0x2e, 0xee, 0xee, 0xee, 0xe9, 0x0, 0x0, 0x88,
    0x0, 0x0, 0x0, 0x0, 0x7a, 0x0, 0x0, 0x0,
    0x0, 0x7e, 0xd5, 0x0, 0x0, 0x0, 0x78, 0x4e,
    0xa0, 0x0, 0x0, 0x78, 0x1, 0x60, 0x0, 0x0,
    0x78, 0x0, 0x0, 0x0, 0x0, 0x78, 0x0, 0x0,
    0x0, 0x0, 0x78, 0x0, 0x0,

    /* U+4E0D "不" */
    0x1e, 0xee, 0xee, 0xee, 0xe7, 0x0, 0x0, 0x4f,
    0x10, 0x0, 0x0, 0x1, 0xeb, 0x20, 0x0, 0x0,
    0x1c, 0xdc, 0xd8, 0x0, 0x3, 0xe9, 0x5b, 0xa,
    0xb0, 0x2f, 0x70, 0x4b, 0x0, 0xa8, 0x1, 0x0,
    0x4b, 0x0, 0x0, 0x0, 0x0, 0x4b, 0x0, 0x0,
    0x0, 0x0, 0x4b, 0x0, 0x0,

    /* U+4E0E "与" */
    0x0, 0x0, 0x0, 0x0, 0x0, 0x0, 0x69, 0x0,
    0x0, 0x0, 0x0, 0x9e, 0xee, 0xee, 0xd0, 0x0,
    0xd2, 0x0, 0x0, 0x0, 0x1, 0xfd, 0xcc, 0xcc,
    0xc1, 0x0, 0x0, 0x0, 0x0, 0xf0, 0x2b, 0xbb,
    0xbb, 0xa1, 0xe0, 0x2, 0x22, 0x22, 0x23, 0xb0,
    0x0, 0x0, 0x0, 0x7, 0x80, 0x0, 0x0, 0xd,
    0xec, 0x20, 0x0, 0x0, 0x0, 0x0, 0x0,

    /* U+4E13 "专" */
    0x0, 0x0, 0x20, 0x0, 0x0, 0x2, 0x25, 0xc2,
    0x22, 0x0, 0x9, 0xbe, 0xdb, 0xbb, 0x40, 0x36,
    0x6e, 0x76, 0x66, 0x60, 0x35, 0x9c, 0x55, 0x55,
    0x50, 0x0, 0x9e, 0xcc, 0xcc, 0x20, 0x0, 0x11,
    0x11, 0xc8, 0x0, 0x0, 0x5b, 0x6b, 0x80, 0x0,
    0x0, 0x2, 0x8e, 0xa2, 0x0, 0x0, 0x0, 0x0,
    0x61, 0x0,

    /* U+4E1C "东" */
    0x0, 0x0, 0x30, 0x0, 0x0, 0x0, 0x3, 0xe0,
    0x0, 0x0, 0x2e, 0xef, 0xee, 0xee, 0xe2, 0x0,
    0x5c, 0x4, 0x0, 0x0, 0x1, 0xe3, 0xf, 0x0,
    0x0, 0x6, 0xee, 0xef, 0xee, 0xa0, 0x0, 0x31,
    0xe, 0x2, 0x0, 0x1, 0xe1, 0xe, 0x1d, 0x30,
    0xb, 0x70, 0xe, 0x2, 0xd1, 0x17, 0x4, 0xea,
    0x0, 0x41,

    /* U+4E2A "个" */
    0x0, 0x0, 0x0, 0x0, 0x0, 0x0, 0x0, 0xb7,
    0x0, 0x0, 0x0, 0x9, 0xbe, 0x50, 0x0, 0x3,
    0xca, 0x12, 0xd7, 0x0, 0x8f, 0x70, 0xb3, 0x1b,
    0xe2, 0x21, 0x0, 0xb3, 0x0, 0x40, 0x0, 0x0,
    0xb3, 0x0, 0x0, 0x0, 0x0, 0xb3, 0x0, 0x0,
    0x0, 0x0, 0xb3, 0x0, 0x0, 0x0, 0x0, 0xb3,
    0x0, 0x0,

    /* U+4E2D "中" */
    0x0, 0x0, 0xb3, 0x0, 0x0, 0xdd, 0xdf, 0xed,
    0xd7, 0xe, 0x0, 0xb4, 0x7, 0x80, 0xe0, 0xb,
    0x30, 0x68, 0xe, 0x11, 0xc4, 0x17, 0x80, 0xfc,
    0xcf, 0xdc, 0xd7, 0x0, 0x0, 0xb3, 0x0, 0x0,
    0x0, 0xb, 0x30, 0x0, 0x0, 0x0, 0xb3, 0x0,
    0x0,

    /* U+4E3A "为" */
    0x2, 0x80, 0xe0, 0x0, 0x0, 0x0, 0x91, 0xe0,
    0x0, 0x0, 0x2e, 0xef, 0xfe, 0xee, 0xf0, 0x0,
    0x4, 0xb0, 0x0, 0xf0, 0x0, 0x8, 0x8a, 0x10,
    0xe0, 0x0, 0xe, 0x26, 0xa1, 0xd0, 0x0, 0xa9,
    0x0, 0x43, 0xc0, 0x8, 0xd0, 0x0, 0x6, 0xa0,
    0x2a, 0x0, 0x4, 0xee, 0x30, 0x0, 0x0, 0x0,
    0x0, 0x0,

    /* U+4E3B "主" */
    0x0, 0x0, 0x61, 0x0, 0x0, 0x0, 0x0, 0x7d,
    0x10, 0x0, 0x7, 0xaa, 0xae, 0xba, 0xa1, 0x2,
    0x33, 0x7c, 0x33, 0x30, 0x0, 0x0, 0x4b, 0x0,
    0x0, 0x3, 0xcc, 0xdf, 0xcc, 0x90, 0x0, 0x11,
    0x5c, 0x11, 0x10, 0x0, 0x0, 0x4b, 0x0, 0x0,
    0x2a, 0xaa, 0xce, 0xaa, 0xa7, 0x3, 0x33, 0x33,
    0x33, 0x32,

    /* U+4E89 "争" */
    0x0, 0x3, 0x10, 0x0, 0x0, 0x0, 0x2f, 0xa8,
    0x93, 0x0, 0x3, 0xd4, 0x36, 0xe2, 0x0, 0xc,
    0xec, 0xde, 0xed, 0x60, 0x0, 0x0, 0x78, 0x7,
    0x70, 0x4d, 0xdd, 0xee, 0xde, 0xea, 0x0, 0x0,
    0x78, 0x8, 0x70, 0x6, 0xcc, 0xee, 0xcc, 0x50,
    0x0, 0x0, 0x78, 0x0, 0x0, 0x0, 0x1d, 0xe4,
    0x0, 0x0,

    /* U+4E8C "二" */
    0x5, 0xff, 0xff, 0xff, 0xc0, 0x0, 0x0, 0x0,
    0x0, 0x0, 0x0, 0x0, 0x0, 0x0, 0x0, 0x0,
    0x0, 0x0, 0x0, 0x0, 0x0, 0x0, 0x0, 0x0,
    0x0, 0x1, 0x11, 0x11, 0x11, 0x11, 0x2f, 0xff,
    0xff, 0xff, 0xf9,

    /* U+4E8E "于" */
    0x7, 0xee, 0xee, 0xee, 0xe0, 0x0, 0x0, 0x2c,
    0x0, 0x0, 0x0, 0x0, 0x2c, 0x0, 0x0, 0x2b,
    0xbb, 0xcf, 0xbb, 0xb7, 0x3, 0x33, 0x5d, 0x33,
    0x32, 0x0, 0x0, 0x2c, 0x0, 0x0, 0x0, 0x0,
    0x2c, 0x0, 0x0, 0x0, 0x0, 0x3c, 0x0, 0x0,
    0x0, 0x1e, 0xe7, 0x0, 0x0, 0x0, 0x0, 0x0,
    0x0, 0x0,

    /* U+4EAB "享" */
    0x0, 0x0, 0x20, 0x0, 0x0, 0x35, 0x55, 0xe7,
    0x55, 0x50, 0x36, 0x66, 0x66, 0x66, 0x60, 0x5,
    0xda, 0xaa, 0xaf, 0x0, 0x4, 0xb8, 0x88, 0x9d,
    0x0, 0x8, 0xbb, 0xbb, 0xbb, 0x0, 0x0, 0x0,
    0x6b, 0x82, 0x0, 0x8c, 0xcc, 0xfd, 0xcc, 0xc2,
    0x0, 0x0, 0xb3, 0x0, 0x0, 0x0, 0x4b, 0xd1,
    0x0, 0x0,

    /* U+4EAC "京" */
    0x0, 0x0, 0x44, 0x0, 0x0, 0x6, 0x66, 0x9d,
    0x66, 0x63, 0x18, 0x88, 0x88, 0x88, 0x84, 0x0,
    0xcc, 0xcc, 0xcc, 0x60, 0x0, 0xe0, 0x0, 0x8,
    0x70, 0x0, 0xea, 0xaa, 0xad, 0x70, 0x0, 0x22,
    0x5c, 0x23, 0x10, 0x0, 0xd2, 0x3b, 0xc, 0x40,
    0xb, 0x70, 0x3b, 0x2, 0xe1, 0x6, 0x9, 0xe8,
    0x0, 0x53,

    /* U+4EAE "亮" */
    0x0, 0x0, 0x63, 0x0, 0x0, 0x7b, 0xbb, 0xdd,
    0xbb, 0xb2, 0x1, 0x66, 0x66, 0x66, 0x0, 0x1,
    0xf4, 0x44, 0x5e, 0x0, 0x1, 0xba, 0xaa, 0xaa,
    0x0, 0x5b, 0xaa, 0xaa, 0xaa, 0xc0, 0x77, 0xa,
    0xaa, 0x90, 0xd0, 0x0, 0x3c, 0x12, 0xe0, 0x10,
    0x0, 0xb6, 0x0, 0xe0, 0xa1, 0x5e, 0x80, 0x0,
    0xcd, 0xc0, 0x0, 0x0, 0x0, 0x0, 0x0,

    /* U+4EBA "人" */
    0x0, 0x0, 0xc4, 0x0, 0x0, 0x0, 0x0, 0xd3,
    0x0, 0x0, 0x0, 0x0, 0xf5, 0x0, 0x0, 0x0,
    0x2, 0xfa, 0x0, 0x0, 0x0, 0x7, 0xae, 0x0,
    0x0, 0x0, 0xd, 0x39, 0x80, 0x0, 0x0, 0x9b,
    0x1, 0xe3, 0x0, 0x8, 0xd1, 0x0, 0x4e, 0x40,
    0x7b, 0x10, 0x0, 0x3, 0xd2, 0x0, 0x0, 0x0,
    0x0, 0x0,

    /* U+4ECA "今" */
    0x0, 0x0, 0x45, 0x0, 0x0, 0x0, 0x4, 0xfd,
    0x30, 0x0, 0x0, 0x5e, 0x43, 0xd6, 0x0, 0x2b,
    0xd3, 0xb3, 0x2c, 0xc3, 0x38, 0x0, 0x2d, 0x20,
    0x62, 0x4, 0xcc, 0xcd, 0xcc, 0x50, 0x1, 0x22,
    0x22, 0x7d, 0x10, 0x0, 0x0, 0x2, 0xe3, 0x0,
    0x0, 0x0, 0x1d, 0x60, 0x0, 0x0, 0x0, 0x16,
    0x0, 0x0,

    /* U+4ECE "从" */
    0x0, 0x0, 0x0, 0x0, 0x0, 0x0, 0xb4, 0x0,
    0xe1, 0x0, 0x0, 0xc3, 0x0, 0xf0, 0x0, 0x0,
    0xd2, 0x1, 0xe0, 0x0, 0x0, 0xf5, 0x4, 0xe0,
    0x0, 0x2, 0xed, 0x27, 0xf3, 0x0, 0x6, 0x95,
    0xbc, 0xb9, 0x0, 0xc, 0x50, 0x6e, 0xe, 0x10,
    0x5d, 0x0, 0xd7, 0x6, 0xc1, 0x75, 0x2, 0xa0,
    0x0, 0x71,

    /* U+4EE5 "以" */
    0x0, 0x0, 0x0, 0x0, 0x0, 0x28, 0x4, 0x0,
    0x3c, 0x0, 0x3c, 0xa, 0x70, 0x4a, 0x0, 0x3c,
    0x1, 0xe1, 0x69, 0x0, 0x3c, 0x0, 0x10, 0x96,
    0x0, 0x3c, 0x0, 0x0, 0xe1, 0x0, 0x3c, 0x4b,
    0x15, 0xe0, 0x0, 0x6f, 0xc4, 0x2e, 0xca, 0x0,
    0x74, 0x7, 0xe6, 0xb, 0x80, 0x0, 0x9, 0x30,
    0x1, 0x70,

    /* U+4F18 "优" */
    0x0, 0x0, 0x0, 0x0, 0x0, 0x0, 0x76, 0xe,
    0x9, 0x40, 0x0, 0xd1, 0xe, 0x1, 0xa0, 0x6,
    0xbc, 0xdf, 0xdd, 0xd9, 0x2f, 0xb0, 0x1d, 0x0,
    0x0, 0x29, 0xb0, 0x3a, 0xa4, 0x0, 0x2, 0xb0,
    0x67, 0xa4, 0x0, 0x2, 0xb0, 0xb3, 0xa4, 0x2,
    0x2, 0xb3, 0xc0, 0xa4, 0x1b, 0x2, 0xbb, 0x10,
    0x6e, 0xd6,

    /* U+4F1A "会" */
    0x0, 0x0, 0x25, 0x0, 0x0, 0x0, 0x2, 0xdd,
    0x20, 0x0, 0x0, 0x7d, 0x33, 0xd6, 0x0, 0x3e,
    0xeb, 0x99, 0xad, 0xe4, 0x14, 0x14, 0x44, 0x41,
    0x20, 0xa, 0xaa, 0xaa, 0xaa, 0xa1, 0x3, 0x3c,
    0x93, 0x84, 0x30, 0x0, 0x8a, 0x0, 0x5c, 0x0,
    0x8, 0xfd, 0xde, 0xdd, 0xb0, 0x2, 0x31, 0x0,
    0x0, 0x50,

    /* U+4F46 "但" */
    0x0, 0x14, 0x0, 0x0, 0x0, 0x0, 0x87, 0xcd,
    0xdd, 0xd0, 0x1, 0xe1, 0xd1, 0x0, 0xe0, 0xa,
    0xc0, 0xd1, 0x0, 0xe0, 0x5e, 0xc0, 0xdd, 0xdd,
    0xf0, 0x13, 0xc0, 0xd1, 0x0, 0xe0, 0x1, 0xc0,
    0xd8, 0x88, 0xf0, 0x1, 0xc0, 0x34, 0x44, 0x40,
    0x1, 0xc6, 0xaa, 0xaa, 0xa9, 0x1, 0xc1, 0x22,
    0x22, 0x22,

    /* U+4F4D "位" */
    0x0, 0x15, 0x0, 0x80, 0x0, 0x0, 0x97, 0x0,
    0xd0, 0x0, 0x1, 0xe2, 0xdd, 0xed, 0xd4, 0xc,
    0xd0, 0x33, 0x2, 0x60, 0x3c, 0xd0, 0x58, 0x5,
    0x90, 0x1, 0xd0, 0x3b, 0x7, 0x60, 0x1, 0xd0,
    0xe, 0xa, 0x30, 0x1, 0xd0, 0xb, 0xd, 0x0,
    0x1, 0xd6, 0xbb, 0xbf, 0xb8, 0x1, 0xd1, 0x22,
    0x22, 0x21,

    /* U+4F4E "低" */
    0x0, 0x33, 0x0, 0x4, 0x60, 0x0, 0xb5, 0xad,
    0xed, 0x60, 0x3, 0xd1, 0xb0, 0x3a, 0x0, 0xd,
    0xc1, 0xb0, 0x2b, 0x0, 0x5c, 0xc1, 0xfd, 0xef,
    0xd6, 0x3, 0xc1, 0xb0, 0xd, 0x0, 0x1, 0xc1,
    0xb0, 0xd, 0x0, 0x1, 0xc1, 0xb0, 0x4a, 0x24,
    0x1, 0xc2, 0xc5, 0xb7, 0xa8, 0x1, 0xc5, 0xc6,
    0x54, 0xc3, 0x0, 0x0, 0x0, 0x0, 0x0,

    /* U+4F5C "作" */
    0x0, 0x14, 0x3, 0x10, 0x0, 0x0, 0x88, 0xe,
    0x10, 0x0, 0x1, 0xe1, 0x7f, 0xee, 0xeb, 0xc,
    0xd2, 0xe2, 0xd0, 0x0, 0x4c, 0xd6, 0x41, 0xfc,
    0xc7, 0x2, 0xd0, 0x1, 0xe0, 0x0, 0x1, 0xd0,
    0x1, 0xe2, 0x22, 0x1, 0xd0, 0x1, 0xfa, 0xa7,
    0x1, 0xd0, 0x1, 0xd0, 0x0, 0x1, 0xd0, 0x1,
    0xd0, 0x0, 0x0, 0x0, 0x0, 0x0, 0x0,

    /* U+4F60 "你" */
    0x0, 0x33, 0x33, 0x0, 0x0, 0x0, 0xc3, 0x95,
    0x0, 0x0, 0x3, 0xc0, 0xec, 0xbb, 0xc6, 0x1e,
    0xa7, 0x91, 0xe1, 0x87, 0x7c, 0xa7, 0x20, 0xe0,
    0x62, 0x14, 0xa0, 0xa3, 0xe4, 0xa0, 0x3, 0xa0,
    0xd0, 0xe0, 0xd1, 0x3, 0xa6, 0x90, 0xe0, 0x95,
    0x3, 0xa4, 0x10, 0xe0, 0x33, 0x3, 0xa0, 0xc,
    0xb0, 0x0, 0x0, 0x0, 0x0, 0x0, 0x0,

    /* U+4FA7 "侧" */
    0x0, 0x0, 0x0, 0x0, 0x0, 0x7, 0x9d, 0xad,
    0x42, 0x83, 0xc, 0x48, 0x77, 0x4b, 0x83, 0x3f,
    0x38, 0xa7, 0x4b, 0x83, 0xae, 0x38, 0xa7, 0x4b,
    0x83, 0x2b, 0x38, 0xa7, 0x4b, 0x83, 0xb, 0x38,
    0xa7, 0x4b, 0x83, 0xb, 0x27, 0x95, 0x38, 0x83,
    0xb, 0x7, 0x6a, 0x0, 0x83, 0xb, 0x49, 0x5,
    0x47, 0xd1, 0x0, 0x0, 0x0, 0x0, 0x0,

    /* U+4FDD "保" */
    0x0, 0x13, 0x0, 0x0, 0x0, 0x0, 0x87, 0xed,
    0xdd, 0xf1, 0x1, 0xe0, 0xd0, 0x0, 0xd1, 0xc,
    0xc0, 0xe9, 0x99, 0xf1, 0x5a, 0xc0, 0x22, 0xe2,
    0x20, 0x1, 0xc8, 0xcc, 0xfc, 0xc7, 0x1, 0xc0,
    0xc, 0xfc, 0x0, 0x1, 0xc0, 0x89, 0xe9, 0x70,
    0x1, 0xc9, 0xc0, 0xe0, 0xc8, 0x1, 0xc4, 0x0,
    0xe0, 0x13, 0x0, 0x0, 0x0, 0x0, 0x0,

    /* U+4FE1 "信" */
    0x0, 0x0, 0x0, 0x0, 0x0, 0x0, 0x85, 0x2,
    0xc0, 0x0, 0x0, 0xe6, 0x99, 0xd9, 0x96, 0x9,
    0xb1, 0x44, 0x44, 0x42, 0x3e, 0xb0, 0x99, 0x99,
    0x90, 0x3, 0xb0, 0x89, 0x99, 0x80, 0x1, 0xb0,
    0xaa, 0xaa, 0xa0, 0x1, 0xb1, 0xb1, 0x11, 0xc0,
    0x1, 0xb1, 0xb1, 0x11, 0xc0, 0x1, 0xb1, 0xea,
    0xaa, 0xd0,

    /* U+5019 "候" */
    0x0, 0x30, 0x0, 0x0, 0x0, 0x4, 0xa0, 0x6c,
    0xcd, 0x90, 0xa, 0x51, 0x0, 0x7, 0x80, 0x2f,
    0x5a, 0xcd, 0xbb, 0xb3, 0xbf, 0x48, 0x4d, 0x55,
    0x51, 0x4d, 0x49, 0xd7, 0xd8, 0x61, 0xc, 0x49,
    0xa6, 0xd8, 0x62, 0xc, 0x49, 0x56, 0xfb, 0x51,
    0xc, 0x10, 0x1b, 0x7c, 0x40, 0xc, 0x12, 0xc4,
    0x1, 0x94, 0x0, 0x0, 0x0, 0x0, 0x0,

    /* U+5047 "假" */
    0x1, 0x20, 0x0, 0x0, 0x0, 0x6, 0x7f, 0xcc,
    0xbc, 0xd0, 0xc, 0x2d, 0xc, 0x0, 0xd0, 0x4f,
    0xe, 0x8c, 0x89, 0xd0, 0xbf, 0xe, 0x43, 0x55,
    0x40, 0x2d, 0xf, 0xc8, 0xda, 0xe0, 0xd, 0xd,
    0x0, 0xb6, 0x90, 0xd, 0xf, 0xc9, 0x5f, 0x20,
    0xd, 0xd, 0x1, 0xbd, 0x80, 0xd, 0xd, 0xa,
    0x40, 0xa3, 0x0, 0x0, 0x0, 0x0, 0x0,

    /* U+504F "偏" */
    0x0, 0x0, 0x0, 0x10, 0x0, 0x0, 0x5a, 0x12,
    0xd2, 0x10, 0x0, 0xd4, 0xfa, 0xaa, 0xd5, 0x8,
    0xc2, 0xe4, 0x44, 0xb5, 0x4e, 0xc2, 0xe6, 0x66,
    0x62, 0x14, 0xc3, 0xde, 0xee, 0xc7, 0x1, 0xc4,
    0xc9, 0x89, 0x47, 0x1, 0xc7, 0x9e, 0xde, 0xc7,
    0x1, 0xcc, 0x59, 0x89, 0x47, 0x1, 0xc9, 0x19,
    0x56, 0x94,

    /* U+505A "做" */
    0x0, 0x0, 0x0, 0x0, 0x0, 0x0, 0x3, 0xb1,
    0xc0, 0x58, 0x0, 0x0, 0xa8, 0xcf, 0xb8, 0xdb,
    0x60, 0x4f, 0x23, 0xc2, 0xe2, 0xd1, 0xd, 0xe1,
    0x1c, 0x5f, 0x4d, 0x0, 0x2b, 0x4e, 0xed, 0x7a,
    0xb0, 0x0, 0xb4, 0x90, 0xd1, 0xf6, 0x0, 0xb,
    0x49, 0xd, 0x1f, 0x40, 0x0, 0xb4, 0xec, 0xbb,
    0x8e, 0x20, 0xb, 0x23, 0x7, 0x50, 0x56,

    /* U+505C "停" */
    0x0, 0x60, 0x4, 0x40, 0x0, 0x2, 0xcb, 0xcd,
    0xec, 0xc3, 0x9, 0x61, 0x77, 0x77, 0x30, 0x3f,
    0x24, 0xa3, 0x38, 0x70, 0xbe, 0x22, 0xaa, 0xaa,
    0x50, 0x1a, 0x4c, 0xaa, 0xaa, 0xc4, 0xa, 0x4b,
    0x99, 0x99, 0xa4, 0xa, 0x20, 0x16, 0xa1, 0x0,
    0xa, 0x20, 0x5, 0x90, 0x0, 0xa, 0x20, 0x8d,
    0x50, 0x0,

    /* U+5148 "先" */
    0x0, 0x74, 0x3b, 0x0, 0x0, 0x0, 0xde, 0xef,
    0xee, 0xc0, 0x6, 0x90, 0x3b, 0x0, 0x0, 0x4,
    0x10, 0x3b, 0x0, 0x0, 0x2e, 0xef, 0xee, 0xfe,
    0xe8, 0x0, 0xc, 0x30, 0xe0, 0x0, 0x0, 0x1e,
    0x0, 0xe0, 0x1, 0x0, 0xb7, 0x0, 0xe0, 0x3a,
    0x1e, 0x80, 0x0, 0xbe, 0xe5, 0x0, 0x0, 0x0,
    0x0, 0x0,

    /* U+5149 "光" */
    0x2, 0x50, 0x4a, 0x2, 0x80, 0x0, 0xd2, 0x4a,
    0xa, 0x70, 0x0, 0x54, 0x4a, 0x8, 0x0, 0x3e,
    0xee, 0xef, 0xee, 0xe9, 0x0, 0xb, 0x40, 0xe0,
    0x0, 0x0, 0xe, 0x10, 0xe0, 0x0, 0x0, 0x4c,
    0x0, 0xe0, 0x5, 0x4, 0xe4, 0x0, 0xe0, 0x2b,
    0x3c, 0x40, 0x0, 0xbe, 0xe6, 0x0, 0x0, 0x0,
    0x0, 0x0,

    /* U+514B "克" */
    0x3, 0x33, 0x7b, 0x33, 0x31, 0x6, 0x66, 0x9c,
    0x66, 0x63, 0x0, 0xcc, 0xde, 0xcc, 0x50, 0x0,
    0xe0, 0x0, 0x7, 0x70, 0x0, 0xfa, 0xaa, 0xad,
    0x70, 0x0, 0x2b, 0x75, 0xc2, 0x10, 0x0, 0xe,
    0x23, 0xb0, 0x14, 0x1, 0xaa, 0x3, 0xb0, 0x3b,
    0x2e, 0x80, 0x1, 0xee, 0xe6, 0x0, 0x0, 0x0,
    0x0, 0x0,

    /* U+5165 "入" */
    0x0, 0x0, 0x0, 0x0, 0x0, 0x0, 0xd, 0x40,
    0x0, 0x0, 0x0, 0x3, 0xe2, 0x0, 0x0, 0x0,
    0x0, 0xac, 0x0, 0x0, 0x0, 0x0, 0xfd, 0x50,
    0x0, 0x0, 0x6, 0xc3, 0xd0, 0x0, 0x0, 0xe,
    0x40, 0xa8, 0x0, 0x0, 0xba, 0x0, 0x2e, 0x40,
    0x2c, 0x90, 0x0, 0x4, 0xf5, 0x16, 0x0, 0x0,
    0x0, 0x33,

    /* U+5168 "全" */
    0x0, 0x0, 0x33, 0x0, 0x0, 0x0, 0x2, 0xed,
    0x10, 0x0, 0x0, 0x2d, 0x34, 0xd2, 0x0, 0x8,
    0xd2, 0x0, 0x2d, 0x80, 0x6a, 0xec, 0xcc, 0xcd,
    0xa7, 0x0, 0x0, 0x77, 0x0, 0x0, 0x0, 0xbc,
    0xee, 0xcc, 0x0, 0x0, 0x0, 0x88, 0x0, 0x0,
    0x0, 0x0, 0x77, 0x0, 0x0, 0x2d, 0xdd, 0xee,
    0xdd, 0xd3,

    /* U+516C "公" */
    0x0, 0x0, 0x0, 0x10, 0x0, 0x0, 0x3e, 0x0,
    0xe3, 0x0, 0x0, 0xb6, 0x0, 0x5d, 0x0, 0x7,
    0xd0, 0x20, 0xa, 0xa0, 0x3e, 0x10, 0xe4, 0x0,
    0xc5, 0x1, 0x8, 0xa0, 0x0, 0x0, 0x0, 0x2e,
    0x10, 0xb5, 0x0, 0x1, 0xd4, 0x12, 0x5f, 0x20,
    0x9, 0xff, 0xec, 0xbb, 0xc0, 0x1, 0x0, 0x0,
    0x0, 0x80,

    /* U+5171 "共" */
    0x0, 0xe, 0x0, 0x77, 0x0, 0x2, 0x2e, 0x22,
    0x99, 0x21, 0xa, 0xbf, 0xbb, 0xdd, 0xb4, 0x0,
    0xe, 0x0, 0x77, 0x0, 0x1, 0x1e, 0x11, 0x88,
    0x11, 0x3c, 0xcc, 0xcc, 0xcc, 0xc9, 0x0, 0x8,
    0x10, 0x73, 0x0, 0x2, 0xc8, 0x0, 0x2d, 0x70,
    0xc, 0x50, 0x0, 0x1, 0xc4, 0x0, 0x0, 0x0,
    0x0, 0x0,

    /* U+5173 "关" */
    0x0, 0x0, 0x0, 0x0, 0x0, 0x0, 0x58, 0x0,
    0x2e, 0x0, 0x0, 0x1d, 0x21, 0xa8, 0x10, 0x5,
    0xcc, 0xdf, 0xcc, 0xc0, 0x0, 0x0, 0x4c, 0x0,
    0x0, 0x1e, 0xee, 0xff, 0xee, 0xe8, 0x0, 0x0,
    0xbf, 0x70, 0x0, 0x0, 0x9, 0xd1, 0xd6, 0x0,
    0x7, 0xea, 0x10, 0x2c, 0xd5, 0x8, 0x30, 0x0,
    0x0, 0x43,

    /* U+5185 "内" */
    0x0, 0x0, 0x3b, 0x0, 0x0, 0xe, 0xee, 0xef,
    0xee, 0xe6, 0xe, 0x0, 0x5a, 0x0, 0x76, 0xe,
    0x0, 0x8c, 0x0, 0x76, 0xe, 0x1, 0xe9, 0xb0,
    0x76, 0xe, 0x2c, 0x60, 0x8b, 0x86, 0xe, 0x95,
    0x0, 0x8, 0x96, 0xe, 0x0, 0x0, 0x0, 0x86,
    0xe, 0x0, 0x0, 0x3e, 0xd3,

    /* U+518D "再" */
    0xd, 0xdd, 0xef, 0xdd, 0xd6, 0x0, 0x0, 0x4a,
    0x0, 0x0, 0x3, 0xfd, 0xef, 0xde, 0xa0, 0x3,
    0xb0, 0x5a, 0x4, 0xa0, 0x3, 0xeb, 0xde, 0xbd,
    0xa0, 0x16, 0xc3, 0x6b, 0x36, 0xb2, 0x3b, 0xea,
    0xaa, 0xab, 0xe8, 0x3, 0xb0, 0x0, 0x4, 0xa0,
    0x3, 0xb0, 0x0, 0xae, 0x60,

    /* U+51B3 "决" */
    0x36, 0x0, 0x8, 0x70, 0x0, 0xb, 0x55, 0xef,
    0xfe, 0x90, 0x1, 0x30, 0x8, 0x73, 0xa0, 0x0,
    0x0, 0x8, 0x63, 0xa0, 0x0, 0x3d, 0xef, 0xee,
    0xf8, 0x7, 0x80, 0xe, 0xd3, 0x0, 0xd, 0x10,
    0x89, 0x4c, 0x0, 0x78, 0x8, 0xd1, 0x9, 0xc2,
    0x1, 0x29, 0x0, 0x0, 0x53,

    /* U+51B7 "冷" */
    0x0, 0x0, 0x2, 0x30, 0x0, 0x4a, 0x0, 0xc,
    0xd0, 0x0, 0xc, 0x40, 0x9a, 0x6b, 0x0, 0x3,
    0x4b, 0xb6, 0x29, 0xc2, 0x0, 0x38, 0x3, 0x90,
    0x73, 0x2, 0x46, 0xdd, 0xdd, 0x80, 0x9, 0x50,
    0x0, 0x1d, 0x30, 0x1e, 0x0, 0x77, 0xd5, 0x0,
    0x79, 0x0, 0x9, 0xd1, 0x0, 0x0, 0x0, 0x0,
    0x53, 0x0,

    /* U+5206 "分" */
    0x0, 0x4, 0x0, 0x40, 0x0, 0x0, 0x5d, 0x0,
    0xb5, 0x0, 0x0, 0xd4, 0x0, 0x1d, 0x10, 0xb,
    0x90, 0x0, 0x5, 0xd1, 0x4c, 0xee, 0xee, 0xee,
    0xa4, 0x0, 0x6, 0x90, 0xe, 0x10, 0x0, 0xa,
    0x50, 0xf, 0x0, 0x0, 0x1e, 0x0, 0xf, 0x0,
    0x2, 0xd6, 0x0, 0x2d, 0x0, 0x1e, 0x50, 0xd,
    0xe6, 0x0, 0x0, 0x0, 0x0, 0x0, 0x0,

    /* U+5207 "切" */
    0xa, 0x30, 0xcc, 0xcc, 0xc1, 0xa, 0x32, 0x1b,
    0x51, 0xd2, 0x7e, 0xfc, 0xb, 0x30, 0xd1, 0x5c,
    0x30, 0xc, 0x20, 0xd1, 0xa, 0x30, 0xe, 0x0,
    0xe0, 0xa, 0x58, 0x3d, 0x0, 0xf0, 0xd, 0xe7,
    0x97, 0x0, 0xe0, 0x6, 0x4, 0xe1, 0x3, 0xc0,
    0x0, 0xc, 0x30, 0xde, 0x50, 0x0, 0x0, 0x0,
    0x0, 0x0,

    /* U+5217 "列" */
    0x2e, 0xfe, 0xed, 0x0, 0x3b, 0x0, 0xd1, 0x0,
    0x68, 0x3b, 0x2, 0xfb, 0xb6, 0x68, 0x3b, 0x9,
    0x72, 0x97, 0x68, 0x3b, 0x2d, 0x40, 0xc3, 0x68,
    0x3b, 0x2, 0x9c, 0xd0, 0x68, 0x3b, 0x0, 0xd,
    0x50, 0x34, 0x3b, 0x1, 0xa9, 0x0, 0x0, 0x3b,
    0xb, 0x70, 0x0, 0x8, 0xe7, 0x0, 0x0, 0x0,
    0x0, 0x0,

    /* U+5230 "到" */
    0x2c, 0xfd, 0xcb, 0x71, 0xe0, 0x2, 0xc0, 0xb0,
    0xa2, 0xe0, 0xc, 0xb9, 0xe8, 0xa2, 0xe0, 0x4,
    0x48, 0x15, 0xa2, 0xe0, 0x7, 0x8e, 0x75, 0xa2,
    0xe0, 0x5, 0x6e, 0x53, 0xa2, 0xe0, 0x0, 0x1d,
    0x36, 0x20, 0xe0, 0x17, 0xbf, 0xfa, 0x0, 0xe0,
    0x29, 0x62, 0x0, 0x1e, 0xc0,

    /* U+5236 "制" */
    0xb, 0x4b, 0x0, 0x32, 0xc0, 0x2e, 0xdf, 0xd8,
    0x65, 0xd0, 0x68, 0x6c, 0x33, 0x65, 0xd0, 0x59,
    0xae, 0x99, 0x65, 0xd0, 0x8, 0x9d, 0x85, 0x65,
    0xd0, 0x1d, 0x7c, 0x6b, 0x65, 0xd0, 0x1b, 0x2b,
    0x2b, 0x0, 0xd0, 0x1b, 0x2b, 0xb8, 0x0, 0xd0,
    0x0, 0x2b, 0x0, 0xe, 0xc0, 0x0, 0x0, 0x0,
    0x0, 0x0,

    /* U+5237 "刷" */
    0xf, 0xdd, 0xdb, 0x60, 0xe0, 0xd0, 0x2, 0xba,
    0x1e, 0xf, 0xde, 0xda, 0xa1, 0xe0, 0xd0, 0xc0,
    0xa, 0x1e, 0xe, 0xef, 0xcc, 0xa1, 0xe0, 0xd8,
    0xc0, 0xba, 0x1e, 0x3b, 0x8c, 0xc, 0x30, 0xe7,
    0x66, 0xc7, 0x50, 0xe, 0x61, 0xc, 0x0, 0x1e,
    0xc0,

    /* U+523B "刻" */
    0x0, 0x0, 0x0, 0x0, 0x0, 0x26, 0x8d, 0x66,
    0x32, 0xd0, 0x37, 0xe8, 0x76, 0x75, 0xd0, 0x7,
    0x80, 0xb1, 0x75, 0xd0, 0x1d, 0xcf, 0x70, 0x75,
    0xd0, 0x0, 0x9b, 0x5b, 0x75, 0xd0, 0x1d, 0x82,
    0xd1, 0x75, 0xd0, 0x3, 0x2d, 0xd1, 0x0, 0xd0,
    0x6, 0xd3, 0x7c, 0x0, 0xe0, 0x3b, 0x10, 0x5,
    0x2d, 0xc0, 0x0, 0x0, 0x0, 0x0, 0x0,

    /* U+524D "前" */
    0x0, 0x0, 0x0, 0x0, 0x0, 0x0, 0x88, 0x0,
    0x1e, 0x10, 0x29, 0xaf, 0x99, 0xcd, 0x96, 0x5,
    0x55, 0x54, 0x54, 0x52, 0xa, 0xa9, 0xe1, 0xd0,
    0xd0, 0xa, 0xa9, 0xe1, 0xd0, 0xd0, 0xa, 0x52,
    0xd1, 0xd0, 0xd0, 0xa, 0xba, 0xe1, 0xc0, 0xd0,
    0xa, 0x30, 0xc1, 0x0, 0xd0, 0xa, 0x3a, 0xd0,
    0x2d, 0xd0, 0x0, 0x0, 0x0, 0x0, 0x0,

    /* U+529F "功" */
    0x0, 0x0, 0x1, 0xe0, 0x0, 0x5c, 0xfc, 0x31,
    0xd0, 0x0, 0x0, 0xe0, 0xae, 0xfe, 0xf4, 0x0,
    0xe0, 0x2, 0xb0, 0xa4, 0x0, 0xe0, 0x4, 0xa0,
    0xa3, 0x0, 0xe7, 0x39, 0x60, 0xb2, 0x5e, 0xc7,
    0x3e, 0x10, 0xd1, 0x11, 0x0, 0xb8, 0x0, 0xe0,
    0x0, 0x9, 0x90, 0x8e, 0x80, 0x0, 0x0, 0x0,
    0x0, 0x0,

    /* U+52A8 "动" */
    0x1c, 0xcc, 0x90, 0xa3, 0x0, 0x0, 0x0, 0x3,
    0xb6, 0x31, 0x0, 0x0, 0x1e, 0xff, 0xf4, 0x5d,
    0xfc, 0xb0, 0xc1, 0xa4, 0x4, 0x92, 0x10, 0xe0,
    0xa3, 0x9, 0x44, 0x81, 0xc0, 0xb2, 0xe, 0x7a,
    0xe5, 0x90, 0xc1, 0x3c, 0x73, 0x6d, 0x30, 0xe0,
    0x0, 0x0, 0x49, 0x6e, 0x90, 0x0, 0x0, 0x0,
    0x0, 0x0,

    /* U+533A "区" */
    0xfe, 0xee, 0xee, 0xee, 0x4e, 0x1, 0x0, 0x8,
    0x0, 0xe1, 0xd5, 0x9, 0x80, 0xe, 0x1, 0xd9,
    0xd0, 0x0, 0xe0, 0x5, 0xf9, 0x0, 0xe, 0x7,
    0xd3, 0xc8, 0x0, 0xe6, 0xc1, 0x1, 0xd3, 0xe,
    0x33, 0x22, 0x23, 0x21, 0xbb, 0xbb, 0xbb, 0xbb,
    0x50,

    /* U+5355 "单" */
    0x0, 0x1, 0x0, 0x2, 0x0, 0x0, 0x3d, 0x0,
    0x4d, 0x0, 0x3, 0xae, 0xba, 0xec, 0x80, 0x4,
    0xa1, 0x5b, 0x13, 0xd0, 0x4, 0xeb, 0xce, 0xbc,
    0xd0, 0x4, 0xc6, 0x9c, 0x67, 0xd0, 0x1, 0x55,
    0x8c, 0x55, 0x40, 0x3d, 0xdd, 0xef, 0xdd, 0xd9,
    0x0, 0x0, 0x4a, 0x0, 0x0, 0x0, 0x0, 0x4a,
    0x0, 0x0,

    /* U+5360 "占" */
    0x0, 0xd, 0x10, 0x0, 0x0, 0xd, 0xdd, 0xdd,
    0x0, 0xd, 0x10, 0x0, 0x0, 0xd, 0x10, 0x0,
    0xad, 0xdf, 0xdd, 0xd1, 0xb2, 0x0, 0x0, 0xd1,
    0xb2, 0x0, 0x0, 0xd1, 0xbe, 0xee, 0xee, 0xf1,
    0xb2, 0x0, 0x0, 0xd1,

    /* U+5361 "卡" */
    0x0, 0x0, 0x95, 0x0, 0x0, 0x0, 0x0, 0x9e,
    0xee, 0x70, 0x0, 0x0, 0x95, 0x0, 0x0, 0x3e,
    0xee, 0xff, 0xee, 0xea, 0x0, 0x0, 0x95, 0x0,
    0x0, 0x0, 0x0, 0x9c, 0xb4, 0x0, 0x0, 0x0,
    0x96, 0x5d, 0xb0, 0x0, 0x0, 0x95, 0x0, 0x20,
    0x0, 0x0, 0x95, 0x0, 0x0,

    /* U+538B "压" */
    0xd, 0xee, 0xee, 0xee, 0xe6, 0xd, 0x0, 0xa,
    0x0, 0x0, 0xd, 0x0, 0xd, 0x10, 0x0, 0xd,
    0x5c, 0xcf, 0xdc, 0xb0, 0xd, 0x1, 0x1e, 0x23,
    0x10, 0xd, 0x0, 0xd, 0x2c, 0x40, 0x3b, 0x0,
    0xd, 0x11, 0x50, 0x86, 0xbb, 0xbf, 0xbb, 0xb4,
    0x31, 0x22, 0x22, 0x22, 0x21,

    /* U+53CA "及" */
    0xc, 0xff, 0xee, 0xf3, 0x0, 0x0, 0x3d, 0x0,
    0xe0, 0x0, 0x0, 0x3f, 0x33, 0xfb, 0xb1, 0x0,
    0x5e, 0x91, 0x23, 0xe0, 0x0, 0x86, 0xd3, 0x8,
    0x80, 0x0, 0xe2, 0x4e, 0x6d, 0x0, 0x7, 0xb0,
    0xa, 0xf8, 0x0, 0x3e, 0x26, 0xe9, 0x5d, 0xe6,
    0x2, 0x5, 0x20, 0x0, 0x33,

    /* U+53D1 "发" */
    0x0, 0x0, 0x10, 0x0, 0x0, 0x0, 0xc0, 0xa6,
    0x1c, 0x10, 0x5, 0xa0, 0xd3, 0x5, 0x40, 0xb,
    0xee, 0xfe, 0xee, 0xe4, 0x0, 0x7, 0xc2, 0x22,
    0x0, 0x0, 0xe, 0xec, 0xcf, 0x50, 0x0, 0x8c,
    0xd1, 0x4e, 0x0, 0x8, 0xe1, 0x4d, 0xe3, 0x0,
    0x6d, 0x23, 0xae, 0xe9, 0x30, 0x0, 0x5d, 0x70,
    0x18, 0xd5, 0x0, 0x0, 0x0, 0x0, 0x0,

    /* U+53D8 "变" */
    0x0, 0x0, 0x11, 0x0, 0x0, 0x2, 0x22, 0x7c,
    0x22, 0x21, 0xa, 0xac, 0xda, 0xfa, 0xa4, 0x1,
    0xc7, 0x71, 0xd9, 0x40, 0xb, 0x56, 0x71, 0xd1,
    0xd2, 0x6, 0xae, 0xeb, 0xfa, 0x40, 0x1, 0x6c,
    0x32, 0x8d, 0x0, 0x0, 0x4, 0xda, 0xb1, 0x0,
    0x6, 0xac, 0xaa, 0xeb, 0x83, 0x7, 0x30, 0x0,
    0x4, 0x73,

    /* U+53E3 "口" */
    0x22, 0x22, 0x22, 0x22, 0xdc, 0xcc, 0xcc, 0xce,
    0xd1, 0x0, 0x0, 0x1e, 0xd1, 0x0, 0x0, 0x1e,
    0xd1, 0x0, 0x0, 0x1e, 0xd1, 0x0, 0x0, 0x1e,
    0xd1, 0x0, 0x0, 0x1e, 0xdf, 0xee, 0xee, 0xfe,
    0xd1, 0x0, 0x0, 0x1e,

    /* U+53EA "只" */
    0x2, 0xdd, 0xdd, 0xdd, 0xc0, 0x3, 0xc0, 0x0,
    0x1, 0xe0, 0x3, 0xb0, 0x0, 0x1, 0xe0, 0x3,
    0xb0, 0x0, 0x1, 0xe0, 0x3, 0xed, 0xdd, 0xde,
    0xd0, 0x0, 0x1, 0x0, 0x0, 0x0, 0x0, 0x3e,
    0x30, 0x6d, 0x20, 0x5, 0xe4, 0x0, 0x4, 0xe3,
    0x9, 0x20, 0x0, 0x0, 0x46,

    /* U+53EF "可" */
    0x3e, 0xee, 0xee, 0xee, 0xe9, 0x0, 0x0, 0x0,
    0x7, 0x70, 0x2, 0xaa, 0xa9, 0x7, 0x70, 0x3,
    0xb3, 0x3e, 0x7, 0x70, 0x3, 0xa0, 0xe, 0x7,
    0x70, 0x3, 0xec, 0xce, 0x7, 0x70, 0x3, 0x91,
    0x11, 0x7, 0x70, 0x0, 0x0, 0x0, 0x8, 0x70,
    0x0, 0x0, 0x6, 0xfd, 0x30,

    /* U+53F0 "台" */
    0x0, 0x17, 0x0, 0x0, 0x0, 0xb, 0x50, 0x60,
    0x0, 0x8, 0x80, 0x8, 0xa0, 0x8, 0xf9, 0x9a,
    0xbf, 0x80, 0x46, 0x54, 0x32, 0x1a, 0x0, 0xaa,
    0xaa, 0xaa, 0x10, 0x1e, 0x33, 0x33, 0xd2, 0x1,
    0xd0, 0x0, 0xc, 0x20, 0x1f, 0xdd, 0xdd, 0xf2,
    0x1, 0xd0, 0x0, 0xc, 0x20,

    /* U+53F3 "右" */
    0x0, 0x0, 0x71, 0x0, 0x0, 0x0, 0x1, 0xe0,
    0x0, 0x0, 0x1d, 0xdd, 0xfd, 0xdd, 0xd7, 0x1,
    0x1d, 0x51, 0x11, 0x10, 0x0, 0x5d, 0x0, 0x0,
    0x0, 0x1, 0xdf, 0xee, 0xee, 0xd0, 0x1d, 0x9c,
    0x0, 0x1, 0xe0, 0x15, 0x1c, 0x0, 0x1, 0xe0,
    0x0, 0x1f, 0xdd, 0xde, 0xe0, 0x0, 0x1d, 0x0,
    0x1, 0xd0,

    /* U+5408 "合" */
    0x0, 0x0, 0x1, 0x0, 0x0, 0x0, 0x0, 0xab,
    0x0, 0x0, 0x0, 0xa, 0xbb, 0x90, 0x0, 0x5,
    0xd9, 0x0, 0x8d, 0x50, 0x5e, 0xad, 0xdd, 0xd8,
    0xc4, 0x0, 0x0, 0x0, 0x0, 0x0, 0x0, 0xfc,
    0xcc, 0xcf, 0x10, 0x0, 0xe0, 0x0, 0xe, 0x10,
    0x0, 0xfc, 0xcc, 0xcf, 0x10, 0x0, 0xe0, 0x0,
    0xe, 0x10,

    /* U+540C "同" */
    0xfe, 0xee, 0xee, 0xef, 0xe, 0x13, 0x33, 0x31,
    0xd0, 0xe2, 0x77, 0x77, 0x3d, 0xe, 0x8, 0x99,
    0x90, 0xd0, 0xe0, 0xd2, 0x2e, 0xd, 0xe, 0xd,
    0x0, 0xd0, 0xd0, 0xe0, 0xdc, 0xcc, 0xd, 0xe,
    0x4, 0x0, 0x0, 0xd0, 0xe0, 0x0, 0x2, 0xec,
    0x0,

    /* U+540E "后" */
    0x0, 0x0, 0x1, 0x36, 0x30, 0x8, 0xdd, 0xdc,
    0x97, 0x30, 0xb, 0x30, 0x0, 0x0, 0x0, 0xb,
    0xed, 0xdd, 0xdd, 0xd4, 0xc, 0x30, 0x0, 0x0,
    0x0, 0xd, 0x2b, 0xbb, 0xbb, 0x90, 0xf, 0xf,
    0x22, 0x24, 0xd0, 0x3d, 0xe, 0x0, 0x1, 0xd0,
    0xa9, 0xf, 0xcc, 0xcc, 0xd0, 0x72, 0xf, 0x11,
    0x13, 0xd0,

    /* U+542B "含" */
    0x0, 0x0, 0x34, 0x0, 0x0, 0x0, 0x3, 0xdd,
    0x20, 0x0, 0x1, 0x8d, 0x62, 0xd7, 0x10, 0x4e,
    0x91, 0x7a, 0x18, 0xe4, 0x1, 0xcc, 0xcd, 0xc8,
    0x0, 0x0, 0x0, 0x2, 0xd1, 0x0, 0x2, 0xcc,
    0xce, 0xec, 0x10, 0x2, 0xc0, 0x0, 0xd, 0x10,
    0x2, 0xea, 0xaa, 0xaf, 0x10, 0x2, 0xc1, 0x11,
    0x1d, 0x10,

    /* U+542C "听" */
    0x0, 0x0, 0x0, 0x2, 0x60, 0xb, 0xba, 0xa,
    0xdc, 0x71, 0xe, 0x3e, 0xe, 0x0, 0x0, 0xd,
    0xe, 0xe, 0x0, 0x0, 0xd, 0xe, 0x1f, 0xef,
    0xfa, 0xd, 0xe, 0x2d, 0x3, 0xb0, 0xf, 0xce,
    0x3c, 0x3, 0xb0, 0xc, 0x11, 0x6a, 0x3, 0xb0,
    0x0, 0x0, 0xc5, 0x3, 0xb0, 0x0, 0x0, 0xb0,
    0x3, 0xb0, 0x0, 0x0, 0x0, 0x0, 0x0,

    /* U+548C "和" */
    0x0, 0x4, 0x40, 0x0, 0x0, 0x3c, 0xeb, 0x48,
    0xaa, 0xa0, 0x0, 0x95, 0xb, 0x53, 0xe0, 0x5a,
    0xdc, 0xab, 0x20, 0xe0, 0x13, 0xf9, 0x2b, 0x20,
    0xe0, 0x6, 0xfe, 0x3b, 0x20, 0xe0, 0xc, 0xa7,
    0xbb, 0x20, 0xe0, 0x78, 0x95, 0x1b, 0x42, 0xe0,
    0x30, 0x95, 0xb, 0xcb, 0xf0, 0x0, 0x95, 0x3,
    0x0, 0x30,

    /* U+5668 "器" */
    0x7, 0xdd, 0xa4, 0xec, 0xf0, 0x7, 0x53, 0xa4,
    0x80, 0xe0, 0x5, 0xcc, 0xa4, 0xdd, 0xc0, 0x0,
    0x0, 0xe2, 0x5c, 0x10, 0x2c, 0xdf, 0xdc, 0xfd,
    0xc8, 0x4, 0xd7, 0x0, 0x5e, 0x60, 0x3e, 0xdc,
    0xa4, 0xeb, 0xf9, 0x7, 0x53, 0xa4, 0x80, 0xe0,
    0x7, 0xed, 0x94, 0xec, 0xe0,

    /* U+56DE "回" */
    0x1f, 0xff, 0xff, 0xff, 0xf1, 0x1e, 0x0, 0x0,
    0x0, 0xe1, 0x1e, 0xb, 0xcc, 0xc0, 0xe1, 0x1e,
    0xd, 0x0, 0xe0, 0xe1, 0x1e, 0xd, 0x0, 0xe0,
    0xe1, 0x1e, 0xe, 0xcc, 0xf0, 0xe1, 0x1e, 0x0,
    0x0, 0x0, 0xe1, 0x1f, 0xdd, 0xdd, 0xdd, 0xf1,
    0x1e, 0x0, 0x0, 0x0, 0xe1,

    /* U+56F4 "围" */
    0xfc, 0xcc, 0xcc, 0xcf, 0x2d, 0x0, 0x2a, 0x0,
    0xb2, 0xd5, 0xbb, 0xeb, 0x8b, 0x2d, 0x9, 0xae,
    0x93, 0xb2, 0xd1, 0x45, 0xd4, 0x3b, 0x2d, 0x59,
    0xae, 0x9c, 0xb2, 0xd0, 0x1, 0xb7, 0x6b, 0x2f,
    0xaa, 0xac, 0xaa, 0xe2, 0xd1, 0x11, 0x11, 0x1c,
    0x20,

    /* U+56FA "固" */
    0xfd, 0xdd, 0xdd, 0xdf, 0x1e, 0x0, 0x18, 0x0,
    0xe1, 0xe5, 0xbc, 0xfb, 0x8e, 0x1e, 0x0, 0x1c,
    0x0, 0xe1, 0xe0, 0xcb, 0xcc, 0x3e, 0x1e, 0xd,
    0x11, 0x83, 0xe1, 0xe0, 0x78, 0x88, 0x2e, 0x1f,
    0xbb, 0xbb, 0xbb, 0xf1, 0xe2, 0x22, 0x22, 0x2e,
    0x10,

    /* U+56FE "图" */
    0xfd, 0xdd, 0xdd, 0xdf, 0x1e, 0x3, 0xa0, 0x0,
    0xd1, 0xe3, 0xeb, 0xbf, 0x3d, 0x1e, 0x65, 0xdc,
    0x40, 0xd1, 0xe9, 0xb9, 0x6a, 0xad, 0x1e, 0x12,
    0x7a, 0x30, 0xd1, 0xe0, 0x7a, 0xa8, 0xd, 0x1f,
    0xaa, 0xaa, 0xba, 0xf1, 0xe2, 0x22, 0x22, 0x2d,
    0x10,

    /* U+5706 "圆" */
    0xfc, 0xcc, 0xcc, 0xcd, 0x9e, 0x1b, 0x99, 0xa8,
    0x59, 0xe1, 0xd8, 0x8a, 0x95, 0x9e, 0x39, 0x99,
    0x98, 0x59, 0xe5, 0x82, 0x31, 0xd5, 0x9e, 0x47,
    0x4a, 0xb, 0x59, 0xe4, 0x8d, 0x7d, 0x86, 0x9e,
    0x77, 0x21, 0x29, 0x79, 0xfa, 0xaa, 0xaa, 0xac,
    0x90,

    /* U+5728 "在" */
    0x0, 0x0, 0x40, 0x0, 0x0, 0x0, 0x4, 0xc0,
    0x0, 0x0, 0x2e, 0xef, 0xee, 0xee, 0xe8, 0x0,
    0x3d, 0x0, 0x10, 0x0, 0x0, 0xd4, 0x0, 0xd1,
    0x0, 0x1c, 0xf0, 0xdd, 0xfd, 0xd2, 0x28, 0xe0,
    0x0, 0xd1, 0x0, 0x0, 0xe0, 0x0, 0xd1, 0x0,
    0x0, 0xe0, 0x0, 0xd1, 0x0, 0x0, 0xe5, 0xdd,
    0xfd, 0xd7,

    /* U+5730 "地" */
    0x0, 0x0, 0x0, 0x10, 0x0, 0x1, 0xb0, 0x0,
    0xb2, 0x0, 0x1, 0xb0, 0xb2, 0xb3, 0x51, 0x4e,
    0xfc, 0xb6, 0xdd, 0xd3, 0x1, 0xb3, 0xea, 0xd2,
    0xa3, 0x1, 0xb1, 0xc2, 0xb2, 0xa3, 0x3, 0xec,
    0xb2, 0xb8, 0xc0, 0x4f, 0xa1, 0xb2, 0x91, 0x1,
    0x14, 0x0, 0xb3, 0x0, 0x3a, 0x0, 0x0, 0x6e,
    0xdd, 0xe4,

    /* U+573A "场" */
    0x1, 0xc0, 0xdd, 0xef, 0xa0, 0x1, 0xc0, 0x0,
    0xab, 0x0, 0x3e, 0xfb, 0x2c, 0x90, 0x0, 0x3,
    0xc1, 0xce, 0xff, 0xec, 0x1, 0xc0, 0x9, 0x5c,
    0x4b, 0x1, 0xc1, 0x5c, 0x58, 0x4a, 0x17, 0xfb,
    0xa1, 0xc1, 0x68, 0x29, 0x20, 0xc, 0x50, 0x96,
    0x0, 0x0, 0x95, 0xc, 0xd1, 0x0, 0x0, 0x0,
    0x0, 0x0,

    /* U+578B "型" */
    0x9, 0xfc, 0xf9, 0x84, 0xb2, 0x0, 0xd0, 0xd0,
    0x84, 0xb2, 0x1d, 0xfd, 0xfc, 0x84, 0xb2, 0x3,
    0xa0, 0xd0, 0x21, 0xb2, 0xd, 0x30, 0xe0, 0xb,
    0xf1, 0x2, 0x11, 0x6c, 0x14, 0x30, 0x2, 0xbb,
    0xce, 0xbb, 0x80, 0x3, 0x33, 0x6c, 0x33, 0x32,
    0x2a, 0xaa, 0xaa, 0xaa, 0xa7,

    /* U+57DF "域" */
    0x0, 0x0, 0x0, 0x10, 0x0, 0xc, 0x10, 0x0,
    0xa6, 0xa0, 0xc, 0x1c, 0xdd, 0xed, 0xd3, 0xbf,
    0xe0, 0x11, 0x94, 0x0, 0x1d, 0x29, 0xbd, 0x86,
    0xc0, 0xc, 0x19, 0x1b, 0x6b, 0x80, 0xc, 0x77,
    0xba, 0x4f, 0x10, 0x6e, 0x93, 0x6a, 0xac, 0x0,
    0x52, 0x1c, 0x78, 0xdd, 0x65, 0x0, 0x0, 0xa,
    0x15, 0xd2,

    /* U+5883 "境" */
    0x0, 0x0, 0x0, 0x10, 0x0, 0x3, 0xa0, 0x9c,
    0xfc, 0xc2, 0x3, 0xa0, 0xb, 0x7, 0x40, 0x4e,
    0xf9, 0xcd, 0xcd, 0xc6, 0x3, 0xa0, 0x7a, 0x99,
    0xa0, 0x3, 0xa0, 0xa9, 0x77, 0xe0, 0x3, 0xc6,
    0xab, 0x99, 0xf0, 0x3e, 0xe5, 0xd, 0x1d, 0x0,
    0x26, 0x0, 0x3c, 0xd, 0x9, 0x0, 0x7, 0xc2,
    0xc, 0xc8, 0x0, 0x0, 0x0, 0x0, 0x0,

    /* U+58F0 "声" */
    0x6c, 0xcc, 0xed, 0xcc, 0xc0, 0x2, 0x22, 0xb5,
    0x22, 0x10, 0x8, 0x99, 0x99, 0x99, 0x60, 0x7,
    0xbb, 0xbb, 0xbb, 0x50, 0xb, 0x40, 0xa4, 0x7,
    0x70, 0xc, 0xba, 0xeb, 0xac, 0x70, 0xe, 0x22,
    0x22, 0x26, 0x40, 0x89, 0x0, 0x0, 0x0, 0x0,
    0x40, 0x0, 0x0, 0x0, 0x0,

    /* U+5907 "备" */
    0x0, 0x2, 0x80, 0x0, 0x0, 0x0, 0x2, 0xde,
    0xcc, 0xc7, 0x0, 0x7, 0xde, 0x60, 0x8d, 0x10,
    0x0, 0x51, 0x3f, 0xee, 0x20, 0x0, 0x29, 0xde,
    0x95, 0x9e, 0xeb, 0x21, 0x7d, 0xa9, 0x99, 0xac,
    0x40, 0x1, 0xd3, 0x4e, 0x33, 0xf0, 0x0, 0x1f,
    0xbb, 0xfb, 0xbf, 0x0, 0x1, 0xd1, 0x2e, 0x12,
    0xf0, 0x0, 0x1f, 0xaa, 0xaa, 0xbf, 0x0,

    /* U+590D "复" */
    0x0, 0x52, 0x0, 0x0, 0x0, 0x2, 0xfb, 0xaa,
    0xaa, 0x90, 0x2d, 0x85, 0x55, 0x55, 0x10, 0x24,
    0xe7, 0x66, 0x6e, 0x20, 0x0, 0xe9, 0x99, 0x9e,
    0x20, 0x0, 0xbc, 0x99, 0x9c, 0x10, 0x0, 0x8f,
    0xbb, 0xb9, 0x0, 0xb, 0x8b, 0x45, 0xd4, 0x0,
    0x14, 0x6a, 0xff, 0xa6, 0x41, 0x59, 0x73, 0x0,
    0x47, 0x91,

    /* U+5916 "外" */
    0x0, 0x0, 0x0, 0x0, 0x0, 0x0, 0xd0, 0x0,
    0xf0, 0x0, 0x4, 0xfd, 0xe3, 0xf0, 0x0, 0xa,
    0x40, 0xe1, 0xf2, 0x0, 0x4d, 0x32, 0xe0, 0xfd,
    0x40, 0x25, 0xdc, 0x90, 0xf2, 0xe4, 0x0, 0x2f,
    0x20, 0xf0, 0x32, 0x0, 0xa9, 0x0, 0xf0, 0x0,
    0x1a, 0xd0, 0x0, 0xf0, 0x0, 0x4a, 0x0, 0x0,
    0xf0, 0x0,

    /* U+591A "多" */
    0x0, 0x0, 0x72, 0x0, 0x0, 0x0, 0x1b, 0xfc,
    0xca, 0x0, 0x6, 0xd7, 0x2, 0xd5, 0x0, 0x3,
    0x1a, 0xad, 0x60, 0x0, 0x3, 0x8d, 0xa9, 0xb0,
    0x0, 0xb, 0x73, 0x8e, 0xdd, 0xf2, 0x0, 0x7e,
    0xa2, 0xa, 0x90, 0x0, 0x41, 0x4d, 0xc9, 0x0,
    0x2, 0x58, 0xdc, 0x40, 0x0, 0x1b, 0x96, 0x10,
    0x0, 0x0,

    /* U+591C "夜" */
    0x0, 0x0, 0x35, 0x0, 0x0, 0x18, 0x88, 0xae,
    0x88, 0x85, 0x4, 0x7c, 0x49, 0xa4, 0x43, 0x0,
    0xa6, 0xd, 0xca, 0xa2, 0x4, 0xf0, 0x7a, 0x72,
    0xe1, 0x3e, 0xf6, 0xf9, 0xa7, 0xb0, 0x14, 0xe3,
    0x2c, 0x5d, 0x20, 0x0, 0xe0, 0x4, 0xf8, 0x0,
    0x0, 0xe0, 0x7e, 0x9e, 0x91, 0x0, 0xe6, 0xb3,
    0x2, 0xa9, 0x0, 0x0, 0x0, 0x0, 0x0,

    /* U+5929 "天" */
    0xa, 0xee, 0xee, 0xee, 0xe1, 0x0, 0x11, 0x6a,
    0x11, 0x10, 0x0, 0x0, 0x69, 0x0, 0x0, 0x1d,
    0xdd, 0xef, 0xdd, 0xd7, 0x1, 0x11, 0xcf, 0x41,
    0x10, 0x0, 0x4, 0xe5, 0xc0, 0x0, 0x0, 0x4e,
    0x30, 0x9a, 0x0, 0x1a, 0xd3, 0x0, 0x8, 0xd6,
    0x5, 0x0, 0x0, 0x0, 0x23,

    /* U+5931 "失" */
    0x0, 0xa3, 0x4a, 0x0, 0x0, 0x2, 0xff, 0xff,
    0xee, 0xc0, 0xc, 0x40, 0x5a, 0x0, 0x0, 0x6,
    0x0, 0x59, 0x0, 0x0, 0x3e, 0xee, 0xff, 0xfe,
    0xe9, 0x0, 0x0, 0xec, 0x70, 0x0, 0x0, 0xb,
    0xa1, 0xe4, 0x0, 0x6, 0xd9, 0x0, 0x3e, 0xb4,
    0x19, 0x30, 0x0, 0x1, 0x87,

    /* U+594F "奏" */
    0x0, 0x0, 0x0, 0x0, 0x0, 0x6, 0xbb, 0xde,
    0xbb, 0xb0, 0x0, 0x55, 0xa9, 0x55, 0x30, 0x0,
    0x67, 0xf6, 0x66, 0x30, 0x2b, 0xbe, 0xdb, 0xdc,
    0xb7, 0x0, 0x9e, 0x77, 0xad, 0x30, 0x2d, 0x73,
    0x7b, 0x43, 0xd8, 0x1, 0xbb, 0xfd, 0xdb, 0x51,
    0x0, 0x2a, 0xb3, 0xca, 0x20, 0x3, 0xa4, 0x0,
    0x5, 0xa0,

    /* U+5973 "女" */
    0x0, 0x0, 0x41, 0x0, 0x0, 0x0, 0x0, 0xf1,
    0x0, 0x0, 0x0, 0x5, 0xc0, 0x0, 0x0, 0x2f,
    0xff, 0xff, 0xff, 0xf9, 0x0, 0x2e, 0x0, 0x6a,
    0x0, 0x0, 0xa8, 0x0, 0xc5, 0x0, 0x0, 0x9e,
    0x87, 0xd0, 0x0, 0x0, 0x1, 0xdf, 0xc2, 0x0,
    0x5, 0x8e, 0xb3, 0x8f, 0x91, 0xa, 0x62, 0x0,
    0x1, 0xa2,

    /* U+597D "好" */
    0x0, 0x0, 0x0, 0x0, 0x0, 0x9, 0x50, 0x36,
    0x66, 0x50, 0x2c, 0x52, 0x36, 0x6c, 0xa0, 0x8f,
    0xaf, 0x0, 0x5c, 0x0, 0x2b, 0xd, 0x0, 0xb4,
    0x0, 0x68, 0x4b, 0xcd, 0xfe, 0xd5, 0x4e, 0xc5,
    0x0, 0xa4, 0x0, 0x4, 0xf6, 0x0, 0xa4, 0x0,
    0x1d, 0x6d, 0x10, 0xb4, 0x0, 0xa5, 0x0, 0xd,
    0xd1, 0x0,

    /* U+59CB "始" */
    0x0, 0x0, 0x0, 0x0, 0x0, 0x5, 0x80, 0x2,
    0xc0, 0x0, 0x18, 0x72, 0x9, 0x55, 0x20, 0x5e,
    0xbe, 0x3b, 0x2, 0xc0, 0xd, 0x1c, 0xde, 0xdd,
    0xd5, 0x1b, 0x4a, 0x21, 0x11, 0x22, 0x1c, 0xc5,
    0x6d, 0xcc, 0xf0, 0x2, 0xfa, 0x66, 0x0, 0xd0,
    0x2d, 0x54, 0x6d, 0xaa, 0xf0, 0x38, 0x0, 0x68,
    0x22, 0xe0,

    /* U+5B89 "安" */
    0x0, 0x0, 0x0, 0x0, 0x0, 0x0, 0x0, 0x89,
    0x0, 0x0, 0xd, 0xdc, 0xcc, 0xcc, 0xf5, 0xd,
    0x10, 0xb1, 0x0, 0xa5, 0x1c, 0xcd, 0xfb, 0xbb,
    0xc6, 0x1, 0x4e, 0x21, 0xb8, 0x11, 0x0, 0x9e,
    0x76, 0xd0, 0x0, 0x0, 0x2, 0xdf, 0xc3, 0x0,
    0x6, 0xae, 0x81, 0x6d, 0xb1, 0x4, 0x40, 0x0,
    0x0, 0x50,

    /* U+5B8C "完" */
    0x0, 0x0, 0x1, 0x0, 0x0, 0x1, 0x11, 0x7b,
    0x11, 0x10, 0xf, 0xcc, 0xcc, 0xcc, 0xe5, 0xe,
    0x14, 0x44, 0x43, 0x95, 0x3, 0x37, 0x77, 0x76,
    0x21, 0x2d, 0xdd, 0xdd, 0xdd, 0xd8, 0x0, 0xa,
    0x41, 0xd0, 0x0, 0x0, 0xd, 0x21, 0xd0, 0x1,
    0x0, 0x7b, 0x1, 0xd0, 0x2b, 0x1d, 0xa0, 0x0,
    0xdd, 0xd6, 0x0, 0x0, 0x0, 0x0, 0x0,

    /* U+5B9A "定" */
    0x0, 0x0, 0x1, 0x0, 0x0, 0x1, 0x11, 0x4d,
    0x11, 0x10, 0xf, 0xcc, 0xcc, 0xcc, 0xf2, 0xe,
    0x11, 0x11, 0x11, 0xc2, 0x2, 0x7c, 0xcf, 0xca,
    0x20, 0x0, 0x63, 0x1d, 0x0, 0x0, 0x0, 0xe3,
    0x1f, 0xdd, 0xa0, 0x1, 0xf9, 0x1d, 0x0, 0x0,
    0xa, 0x7c, 0xbd, 0x0, 0x0, 0x3c, 0x0, 0x9e,
    0xff, 0xe5, 0x0, 0x0, 0x0, 0x0, 0x0,

    /* U+5B9E "实" */
    0x0, 0x0, 0x1, 0x0, 0x0, 0x1, 0x11, 0x7b,
    0x11, 0x10, 0xe, 0xbc, 0xbd, 0xcb, 0xe4, 0xe,
    0x3d, 0x2e, 0x10, 0xa4, 0x0, 0x44, 0x3f, 0x0,
    0x0, 0x1, 0x95, 0x2d, 0x0, 0x0, 0xc, 0xcc,
    0xdf, 0xcc, 0xc6, 0x0, 0x4, 0xe5, 0x82, 0x0,
    0x4, 0xad, 0x30, 0x5c, 0xa1, 0x6, 0x50, 0x0,
    0x0, 0x51,

    /* U+5BB9 "容" */
    0x0, 0x0, 0x45, 0x0, 0x0, 0xb, 0xbb, 0xdf,
    0xbb, 0xb4, 0xe, 0x17, 0x21, 0x62, 0xa5, 0x3,
    0xa9, 0x26, 0x6d, 0x51, 0x8, 0x61, 0xcc, 0x52,
    0xa0, 0x0, 0x5d, 0x30, 0xa9, 0x10, 0x2c, 0xfe,
    0xcc, 0xcf, 0xe6, 0x4, 0xa4, 0x0, 0xf, 0x11,
    0x0, 0xa5, 0x22, 0x2f, 0x0, 0x0, 0xac, 0xaa,
    0xaf, 0x0,

    /* U+5BC6 "密" */
    0x0, 0x0, 0x36, 0x0, 0x0, 0xc, 0xcc, 0xdf,
    0xcc, 0xc8, 0xe, 0x2, 0xb4, 0x26, 0x5a, 0x6,
    0x5b, 0x19, 0xd5, 0x82, 0x1d, 0x2d, 0xab, 0x27,
    0xa7, 0x1a, 0xce, 0xeb, 0xbb, 0x5, 0x1c, 0x50,
    0x26, 0x0, 0x0, 0x2, 0x80, 0x4b, 0x0, 0xc0,
    0x2, 0xc4, 0x7c, 0x44, 0xe0, 0x1, 0x99, 0x99,
    0x9a, 0xe0,

    /* U+5BDF "察" */
    0x0, 0x0, 0x2, 0x0, 0x0, 0x0, 0x88, 0x89,
    0xe8, 0x88, 0x60, 0x1d, 0x5a, 0x49, 0x43, 0x6b,
    0x0, 0x2c, 0xad, 0x6e, 0xbf, 0x10, 0x1b, 0x6c,
    0x70, 0x9b, 0x50, 0x0, 0x4e, 0xab, 0xab, 0x8c,
    0x70, 0x1a, 0xca, 0xaa, 0xaa, 0x93, 0x0, 0x3,
    0x92, 0xe3, 0x92, 0x0, 0x3, 0xd4, 0xe, 0x9,
    0xc1, 0x0, 0xa3, 0x2c, 0xb0, 0x5, 0x60,

    /* U+5BFC "导" */
    0x7, 0xec, 0xcc, 0xce, 0x60, 0x7, 0x92, 0x22,
    0x28, 0x60, 0x7, 0xda, 0xaa, 0xaa, 0x50, 0x4,
    0xd8, 0x88, 0x88, 0xd3, 0x0, 0x2, 0x22, 0x77,
    0x10, 0x2d, 0xee, 0xdd, 0xee, 0xd8, 0x0, 0x7b,
    0x0, 0x78, 0x0, 0x0, 0xa, 0x60, 0x78, 0x0,
    0x0, 0x0, 0x2c, 0xd4, 0x0,

    /* U+5C01 "封" */
    0x0, 0xa4, 0x0, 0x1, 0xc0, 0x2d, 0xfd, 0xa0,
    0x1, 0xd0, 0x0, 0xa4, 0xb, 0xde, 0xfa, 0x6d,
    0xdd, 0xd1, 0x11, 0xd0, 0x0, 0x93, 0x4, 0xb1,
    0xd0, 0x3d, 0xfd, 0xc0, 0xd3, 0xd0, 0x0, 0xa4,
    0x0, 0x11, 0xd0, 0x38, 0xde, 0xe2, 0x1, 0xd0,
    0x57, 0x42, 0x0, 0x8e, 0x90,

    /* U+5C0F "小" */
    0x0, 0x0, 0x3c, 0x0, 0x0, 0x0, 0x0, 0x3c,
    0x0, 0x0, 0x0, 0x91, 0x3c, 0x7, 0x30, 0x2,
    0xe0, 0x3c, 0x6, 0xb0, 0x7, 0x90, 0x3c, 0x0,
    0xe3, 0xe, 0x20, 0x3c, 0x0, 0x89, 0x27, 0x0,
    0x3c, 0x0, 0x3b, 0x0, 0x0, 0x4c, 0x0, 0x0,
    0x0, 0xe, 0xe7, 0x0, 0x0, 0x0, 0x0, 0x0,
    0x0, 0x0,

    /* U+5C3D "尽" */
    0x1, 0xfd, 0xdd, 0xde, 0xd0, 0x1, 0xe0, 0x0,
    0x1, 0xd0, 0x2, 0xfe, 0xee, 0xee, 0xd0, 0x4,
    0xb0, 0x0, 0x5a, 0x0, 0x7, 0x75, 0xc7, 0x1c,
    0x40, 0x1d, 0x20, 0x17, 0x73, 0xe4, 0x47, 0x27,
    0x30, 0x0, 0x38, 0x0, 0x16, 0xbe, 0xa3, 0x0,
    0x0, 0x0, 0x0, 0x54, 0x0,

    /* U+5C40 "局" */
    0xb, 0xdc, 0xcc, 0xce, 0x30, 0xb3, 0x0, 0x0,
    0x93, 0xb, 0xdc, 0xcc, 0xcc, 0x20, 0xc8, 0x77,
    0x77, 0x76, 0xd, 0x65, 0x55, 0x56, 0xe0, 0xe1,
    0xeb, 0xbd, 0x1d, 0x3b, 0x1c, 0x0, 0xd2, 0xc9,
    0x51, 0xfb, 0xba, 0x4b, 0x60, 0x3, 0x0, 0x7e,
    0x60, 0x0, 0x0, 0x0, 0x0,

    /* U+5C42 "层" */
    0xd, 0xdc, 0xcc, 0xcd, 0xb0, 0xd, 0x10, 0x0,
    0x3, 0xb0, 0xd, 0xcc, 0xcc, 0xcc, 0x80, 0xe,
    0x17, 0x77, 0x77, 0x40, 0xe, 0x4, 0x44, 0x44,
    0x20, 0xe, 0x8c, 0xdc, 0xcc, 0xc2, 0x3c, 0x4,
    0xc0, 0x29, 0x0, 0x88, 0x2e, 0x76, 0x7e, 0x60,
    0x61, 0x38, 0x76, 0x44, 0x90,

    /* U+5C55 "展" */
    0xc, 0xdc, 0xcc, 0xce, 0x90, 0xc, 0x20, 0x0,
    0x7, 0x90, 0xd, 0xcd, 0xfb, 0xfc, 0x70, 0xd,
    0x7b, 0xd9, 0xea, 0x70, 0xe, 0x15, 0xa2, 0xd3,
    0x20, 0xe, 0xae, 0xde, 0xdc, 0xc3, 0x3c, 0xd,
    0x6, 0x8c, 0x50, 0x88, 0xe, 0x67, 0x9b, 0x40,
    0x71, 0x29, 0x51, 0x3, 0x91,

    /* U+5DE5 "工" */
    0x1, 0x11, 0x11, 0x11, 0x10, 0x9, 0xdd, 0xef,
    0xdd, 0xd2, 0x0, 0x0, 0x5b, 0x0, 0x0, 0x0,
    0x0, 0x5b, 0x0, 0x0, 0x0, 0x0, 0x5b, 0x0,
    0x0, 0x0, 0x0, 0x5b, 0x0, 0x0, 0x0, 0x0,
    0x5b, 0x0, 0x0, 0x3e, 0xee, 0xff, 0xee, 0xea,

    /* U+5DE6 "左" */
    0x0, 0x1, 0x60, 0x0, 0x0, 0x0, 0x5, 0xa0,
    0x0, 0x0, 0x1d, 0xde, 0xfd, 0xdd, 0xd7, 0x0,
    0xd, 0x20, 0x0, 0x0, 0x0, 0x2e, 0x0, 0x0,
    0x0, 0x0, 0x7d, 0xee, 0xfe, 0xe4, 0x0, 0xd2,
    0x3, 0xb0, 0x0, 0x8, 0xa0, 0x3, 0xb0, 0x0,
    0x3e, 0x10, 0x3, 0xb0, 0x0, 0x14, 0x5e, 0xee,
    0xfe, 0xea,

    /* U+5DF2 "已" */
    0x3e, 0xee, 0xee, 0xef, 0x0, 0x0, 0x0, 0x0,
    0xe, 0x0, 0x6, 0x10, 0x0, 0xe, 0x0, 0xc,
    0xcb, 0xbb, 0xbf, 0x0, 0xc, 0x53, 0x33, 0x3a,
    0x0, 0xc, 0x20, 0x0, 0x0, 0x0, 0xc, 0x20,
    0x0, 0x0, 0xb3, 0xc, 0x40, 0x0, 0x0, 0xe1,
    0x5, 0xee, 0xee, 0xee, 0x80,

    /* U+5E03 "布" */
    0x0, 0x0, 0x40, 0x0, 0x0, 0x0, 0x2, 0xd0,
    0x0, 0x0, 0x2e, 0xef, 0xfe, 0xee, 0xe8, 0x0,
    0x2e, 0x4, 0x10, 0x0, 0x0, 0xb9, 0x1c, 0x41,
    0x10, 0x9, 0xfd, 0xbe, 0xcb, 0xf1, 0x4b, 0xa5,
    0xb, 0x20, 0xd1, 0x0, 0x85, 0xb, 0x30, 0xd1,
    0x0, 0x85, 0xb, 0x5d, 0xb0, 0x0, 0x0, 0xb,
    0x20, 0x0,

    /* U+5E38 "常" */
    0xb, 0x22, 0xc0, 0x94, 0xc, 0xcb, 0xbc, 0xac,
    0xb5, 0xe4, 0xaa, 0xaa, 0x97, 0x62, 0x69, 0x33,
    0x3e, 0x10, 0x3, 0x77, 0xe7, 0x60, 0x4, 0xdd,
    0xdf, 0xdd, 0xb0, 0x59, 0x1, 0xe0, 0x1d, 0x5,
    0x90, 0x1d, 0x3a, 0xc0, 0x1, 0x1, 0xd0, 0x20,
    0x0,

    /* U+5E7F "广" */
    0x0, 0x0, 0x22, 0x0, 0x0, 0x0, 0x0, 0x6a,
    0x0, 0x0, 0xb, 0xee, 0xef, 0xee, 0xe2, 0xc,
    0x20, 0x0, 0x0, 0x0, 0xc, 0x20, 0x0, 0x0,
    0x0, 0xd, 0x20, 0x0, 0x0, 0x0, 0xe, 0x0,
    0x0, 0x0, 0x0, 0x1e, 0x0, 0x0, 0x0, 0x0,
    0x6a, 0x0, 0x0, 0x0, 0x0, 0x73, 0x0, 0x0,
    0x0, 0x0,

    /* U+5E8F "序" */
    0x0, 0x0, 0x22, 0x0, 0x0, 0x4, 0x44, 0x8c,
    0x44, 0x42, 0xd, 0x98, 0x88, 0x88, 0x83, 0xd,
    0x3b, 0xbb, 0xcd, 0x30, 0xd, 0x12, 0x83, 0xc6,
    0x0, 0xe, 0x12, 0x8f, 0x91, 0x20, 0xe, 0x6a,
    0xaf, 0xab, 0xf2, 0x1c, 0x0, 0xe, 0xa, 0x50,
    0x68, 0x0, 0xe, 0x0, 0x0, 0x73, 0x5, 0xdc,
    0x0, 0x0, 0x0, 0x0, 0x0, 0x0, 0x0,

    /* U+5E93 "库" */
    0x0, 0x0, 0x7, 0x0, 0x0, 0x8, 0xaa, 0xaf,
    0xba, 0xa4, 0xd, 0x43, 0x69, 0x33, 0x31, 0xd,
    0x5b, 0xde, 0xbb, 0xb0, 0xd, 0x14, 0xe2, 0x21,
    0x10, 0xe, 0xb, 0x93, 0xf3, 0x20, 0xe, 0x7,
    0x77, 0xf7, 0x50, 0x3c, 0x7b, 0xbb, 0xfb, 0xb4,
    0x77, 0x12, 0x22, 0xe2, 0x21, 0x73, 0x0, 0x0,
    0xe0, 0x0, 0x0, 0x0, 0x0, 0x0, 0x0,

    /* U+5E95 "底" */
    0x0, 0x0, 0x13, 0x0, 0x0, 0x5, 0x66, 0x7f,
    0x66, 0x63, 0xd, 0x76, 0x66, 0x67, 0x73, 0xd,
    0x1b, 0xcc, 0xeb, 0x50, 0xd, 0x1e, 0x1, 0xd0,
    0x0, 0xe, 0xf, 0xcc, 0xfc, 0xc2, 0xe, 0xe,
    0x0, 0xb3, 0x0, 0x1d, 0xd, 0xa, 0x86, 0x11,
    0x68, 0xe, 0x9a, 0x6d, 0x47, 0x83, 0x4b, 0x63,
    0x77, 0xd2, 0x0, 0x0, 0x0, 0x0, 0x0,

    /* U+5EA6 "度" */
    0x0, 0x0, 0x4, 0x0, 0x0, 0x6, 0x77, 0x7f,
    0x77, 0x73, 0xd, 0x76, 0xb6, 0x6b, 0x63, 0xd,
    0x9b, 0xfb, 0xbf, 0xb5, 0xd, 0x0, 0xe0, 0xe,
    0x0, 0xe, 0x0, 0xbb, 0xba, 0x0, 0xe, 0x6b,
    0xbb, 0xbb, 0x70, 0x3c, 0x3, 0xc3, 0x5d, 0x20,
    0x77, 0x35, 0xaf, 0xf8, 0x41, 0x52, 0x87, 0x30,
    0x15, 0x94,

    /* U+5F00 "开" */
    0xc, 0xdf, 0xed, 0xef, 0xd5, 0x0, 0xe, 0x0,
    0x68, 0x0, 0x0, 0xe, 0x0, 0x68, 0x0, 0x0,
    0xe, 0x0, 0x69, 0x0, 0x3d, 0xef, 0xdd, 0xef,
    0xd9, 0x0, 0x3c, 0x0, 0x68, 0x0, 0x0, 0x88,
    0x0, 0x68, 0x0, 0x4, 0xe1, 0x0, 0x68, 0x0,
    0xc, 0x30, 0x0, 0x68, 0x0, 0x0, 0x0, 0x0,
    0x0, 0x0,

    /* U+5F0F "式" */
    0x0, 0x0, 0x3, 0xc4, 0xa0, 0x2d, 0xdd, 0xdd,
    0xfd, 0xe8, 0x1, 0x11, 0x12, 0xe1, 0x10, 0x2,
    0x22, 0x21, 0xf0, 0x0, 0xa, 0xce, 0xb5, 0xd1,
    0x0, 0x0, 0x2b, 0x0, 0xa5, 0x0, 0x0, 0x2b,
    0x1, 0x69, 0x7, 0x5, 0x9f, 0xd9, 0x1e, 0x4c,
    0x9, 0x62, 0x0, 0x6, 0xf6,

    /* U+5F20 "张" */
    0x0, 0x0, 0x1, 0x0, 0x0, 0x1d, 0xea, 0x1d,
    0x0, 0xb1, 0x0, 0x3a, 0x1d, 0xa, 0x80, 0xc,
    0xea, 0x1d, 0x88, 0x0, 0xd, 0x2, 0xbf, 0xbb,
    0xb7, 0x1f, 0xa7, 0x2d, 0x3b, 0x10, 0x2, 0x6a,
    0x1d, 0xd, 0x10, 0x0, 0x59, 0x1d, 0x8, 0x70,
    0x0, 0x77, 0x1e, 0xc4, 0xe3, 0xb, 0xd3, 0x6c,
    0x40, 0x48, 0x0, 0x0, 0x0, 0x0, 0x0,

    /* U+5F3A "强" */
    0x3d, 0xdd, 0x7d, 0xcd, 0xb0, 0x0, 0xd, 0x77,
    0x35, 0xb0, 0xd, 0xdd, 0x38, 0xf8, 0x60, 0x2a,
    0x0, 0x69, 0xf9, 0x90, 0x4a, 0x22, 0xa6, 0xe5,
    0xe0, 0x3a, 0xbc, 0xa5, 0xe4, 0xe0, 0x0, 0x2b,
    0x34, 0xe6, 0xa0, 0x0, 0x5a, 0x9a, 0xfc, 0xf1,
    0x9, 0xd4, 0x44, 0x33, 0x86, 0x0, 0x0, 0x0,
    0x0, 0x0,

    /* U+5F53 "当" */
    0x52, 0xb, 0x40, 0x46, 0x4c, 0xb, 0x40, 0xe4,
    0x7, 0x1b, 0x42, 0x70, 0x9e, 0xef, 0xfe, 0xea,
    0x0, 0x0, 0x0, 0x4b, 0x4e, 0xee, 0xee, 0xeb,
    0x0, 0x0, 0x0, 0x4b, 0xac, 0xcc, 0xcc, 0xdb,
    0x22, 0x22, 0x22, 0x6b,

    /* U+5F55 "录" */
    0x0, 0x0, 0x0, 0x0, 0x0, 0x9, 0xdd, 0xdd,
    0xdf, 0x60, 0x2, 0x66, 0x66, 0x6c, 0x50, 0x2,
    0x66, 0x66, 0x6d, 0x40, 0x1d, 0xdd, 0xdd, 0xdf,
    0xd7, 0x5, 0x60, 0x6b, 0x4, 0x80, 0x1, 0xa8,
    0x7f, 0xad, 0x20, 0x0, 0x3b, 0xfa, 0xd7, 0x0,
    0xc, 0xc4, 0x68, 0x1c, 0xc4, 0x2, 0x9, 0xd5,
    0x0, 0x42,

    /* U+5FC3 "心" */
    0x0, 0x3, 0x50, 0x0, 0x0, 0x0, 0x1, 0xba,
    0x0, 0x0, 0x0, 0x2, 0xa, 0x70, 0x0, 0x5,
    0x1e, 0x0, 0x4, 0x60, 0xd, 0x1e, 0x0, 0x2,
    0xd0, 0xe, 0xe, 0x0, 0x0, 0xc3, 0x5a, 0xe,
    0x0, 0x8, 0x78, 0x34, 0xf, 0x0, 0x2c, 0x10,
    0x0, 0xc, 0xed, 0xe6, 0x0,

    /* U+5FEB "快" */
    0x1, 0xc0, 0x1, 0xd0, 0x0, 0x6, 0xe5, 0xdd,
    0xfd, 0xd0, 0x2b, 0xcc, 0x1, 0xd0, 0xe0, 0x58,
    0xc2, 0x1, 0xd0, 0xe0, 0x12, 0xc6, 0xee, 0xfe,
    0xfa, 0x1, 0xc0, 0x7, 0xf7, 0x0, 0x1, 0xc0,
    0xd, 0x3e, 0x10, 0x1, 0xc0, 0xa9, 0x7, 0xd3,
    0x1, 0xc8, 0x90, 0x0, 0x69, 0x0, 0x0, 0x0,
    0x0, 0x0,

    /* U+6001 "态" */
    0x0, 0x0, 0x5a, 0x0, 0x0, 0x3d, 0xdd, 0xff,
    0xed, 0xd9, 0x0, 0x1, 0xe6, 0xb0, 0x0, 0x0,
    0xb, 0x90, 0xa9, 0x0, 0x7, 0xe8, 0x9b, 0x2c,
    0xe6, 0x9, 0x30, 0x49, 0x10, 0x64, 0x7, 0x7d,
    0x1d, 0x22, 0xc0, 0xd, 0x3d, 0x3, 0x1b, 0xa4,
    0x18, 0xc, 0xdd, 0xd9, 0x45,

    /* U+6027 "性" */
    0x0, 0x0, 0x0, 0x0, 0x0, 0x1, 0xc0, 0x43,
    0xc2, 0x0, 0x4, 0xd3, 0xb5, 0xc3, 0x10, 0x2a,
    0xdb, 0xec, 0xfc, 0xc5, 0x67, 0xc4, 0x70, 0xc2,
    0x0, 0x2, 0xc0, 0xac, 0xfc, 0xc0, 0x1, 0xc0,
    0x11, 0xc3, 0x10, 0x1, 0xc0, 0x0, 0xc2, 0x0,
    0x1, 0xc5, 0xaa, 0xeb, 0xa7, 0x1, 0xc1, 0x33,
    0x33, 0x32,

    /* U+603B "总" */
    0x0, 0x14, 0x0, 0x42, 0x0, 0x0, 0xe, 0x10,
    0xd2, 0x0, 0x0, 0xad, 0xbb, 0xea, 0x10, 0x1,
    0xf3, 0x33, 0x3e, 0x10, 0x1, 0xe0, 0x0, 0xe,
    0x10, 0x1, 0xdd, 0xed, 0xdd, 0x10, 0x0, 0x1,
    0x87, 0x0, 0x0, 0xb, 0x4d, 0x1c, 0x45, 0xa0,
    0x2e, 0x1d, 0x1, 0x17, 0xb4, 0x14, 0xc, 0xdd,
    0xd7, 0x10,

    /* U+606F "息" */
    0x0, 0x0, 0x22, 0x0, 0x0, 0x0, 0x55, 0xca,
    0x55, 0x0, 0x0, 0xf5, 0x55, 0x5e, 0x10, 0x0,
    0xfa, 0xaa, 0xaf, 0x10, 0x0, 0xf9, 0x99, 0x9f,
    0x10, 0x0, 0xfa, 0xaa, 0xaf, 0x10, 0x0, 0x11,
    0x96, 0x11, 0x0, 0x8, 0x56, 0x1d, 0x4, 0xb0,
    0x1e, 0x5a, 0x4, 0x38, 0xc3, 0x25, 0x1e, 0xdd,
    0xd5, 0x31,

    /* U+60F3 "想" */
    0x1, 0x87, 0x1b, 0xcb, 0xf0, 0x2a, 0xec, 0x9b,
    0x99, 0xe0, 0x2, 0xfd, 0x2b, 0x43, 0xe0, 0x1c,
    0xa8, 0xab, 0xa9, 0xf0, 0x25, 0x76, 0xb, 0xa9,
    0xe0, 0x0, 0x65, 0x66, 0x22, 0x20, 0x7, 0x38,
    0x2d, 0x3, 0x90, 0xe, 0x1e, 0x4, 0x37, 0xd3,
    0x16, 0xc, 0xdd, 0xd4, 0x21,

    /* U+611F "感" */
    0x0, 0x0, 0x0, 0x0, 0x0, 0x8, 0x99, 0x9d,
    0xce, 0xb3, 0xd, 0x45, 0x58, 0x93, 0x60, 0xd,
    0x57, 0x75, 0xb8, 0x60, 0xd, 0x9a, 0xd1, 0xec,
    0x0, 0x4a, 0x96, 0xc4, 0xe9, 0x66, 0x84, 0x24,
    0x78, 0x39, 0xc2, 0x3, 0x53, 0xc3, 0x3, 0x30,
    0x2d, 0x85, 0x27, 0x58, 0xd0, 0x44, 0x4d, 0xbc,
    0xc3, 0x61,

    /* U+6162 "慢" */
    0x2, 0xa0, 0xe8, 0x88, 0xf0, 0x6, 0xc5, 0xe7,
    0x77, 0xf0, 0x29, 0xba, 0x89, 0x99, 0x90, 0x57,
    0xa6, 0xcd, 0x9e, 0xb7, 0x13, 0xa5, 0xac, 0x8c,
    0xa6, 0x2, 0xa6, 0xbb, 0xbb, 0xb1, 0x2, 0xa0,
    0x6b, 0x2a, 0xa0, 0x2, 0xa0, 0x3c, 0xfe, 0x40,
    0x2, 0xaa, 0xb6, 0x26, 0xb9,

    /* U+6210 "成" */
    0x0, 0x0, 0x0, 0x0, 0x0, 0x0, 0x0, 0xb,
    0x5a, 0x50, 0xd, 0xee, 0xef, 0xfe, 0xf5, 0xe,
    0x10, 0x9, 0x51, 0x30, 0xe, 0xdd, 0x97, 0x88,
    0x70, 0xe, 0x3, 0xa4, 0xbd, 0x0, 0xf, 0x4,
    0x91, 0xf7, 0x0, 0x1d, 0x7d, 0x65, 0xf4, 0x55,
    0x69, 0x11, 0x4d, 0x6a, 0x84, 0x94, 0x0, 0xb2,
    0xa, 0xd0, 0x0, 0x0, 0x0, 0x0, 0x0,

    /* U+6253 "打" */
    0x1, 0xc0, 0x67, 0x77, 0x74, 0x5b, 0xea, 0x32,
    0x4e, 0x21, 0x15, 0xd3, 0x0, 0x1e, 0x0, 0x1,
    0xc1, 0x0, 0x1e, 0x0, 0x39, 0xfe, 0x10, 0x1e,
    0x0, 0x59, 0xd0, 0x0, 0x1e, 0x0, 0x1, 0xc0,
    0x0, 0x1e, 0x0, 0x2, 0xc0, 0x0, 0x1e, 0x0,
    0x2e, 0x90, 0xc, 0xfa, 0x0, 0x0, 0x0, 0x0,
    0x0, 0x0,

    /* U+626B "扫" */
    0x1, 0xd0, 0x56, 0x66, 0x65, 0xbf, 0xb3, 0x33,
    0x3e, 0x13, 0xd2, 0x0, 0x0, 0xd0, 0x1d, 0x1,
    0x11, 0x1e, 0x15, 0xfc, 0x8c, 0xcc, 0xf5, 0x9d,
    0x10, 0x0, 0xd, 0x1, 0xd0, 0x0, 0x0, 0xd0,
    0x1d, 0xc, 0xdd, 0xdf, 0x1d, 0xa0, 0x0, 0x0,
    0xd0, 0x0, 0x0, 0x0, 0x0,

    /* U+628A "把" */
    0x1, 0xc0, 0xce, 0xfe, 0xf2, 0x2b, 0xe8, 0xc1,
    0xd0, 0xc2, 0x4, 0xd2, 0xc1, 0xd0, 0xc2, 0x1,
    0xc0, 0xc1, 0xd0, 0xc2, 0x17, 0xfc, 0xce, 0xee,
    0xf2, 0x28, 0xc0, 0xc1, 0x0, 0x51, 0x1, 0xc0,
    0xc1, 0x0, 0x24, 0x2, 0xc0, 0xc2, 0x0, 0x69,
    0xd, 0x80, 0x7e, 0xee, 0xe3,

    /* U+62DF "拟" */
    0x0, 0x0, 0x0, 0x0, 0x10, 0x9, 0x33, 0xb6,
    0x3, 0xb0, 0x8d, 0xb4, 0xbb, 0x34, 0xa0, 0x2b,
    0x63, 0xb4, 0xa5, 0x90, 0x9, 0x43, 0xb0, 0x87,
    0x70, 0x5d, 0xe5, 0xb0, 0xa, 0x40, 0x7c, 0x33,
    0xb6, 0x6e, 0x80, 0x9, 0x33, 0xfb, 0x6b, 0xe0,
    0x9, 0x38, 0x82, 0xe3, 0x95, 0x7d, 0x10, 0x7,
    0x60, 0x34,

    /* U+6301 "持" */
    0x8, 0x40, 0x0, 0xd0, 0x0, 0x3a, 0x72, 0xdd,
    0xfd, 0xc0, 0x7d, 0xb2, 0x0, 0xe0, 0x0, 0x8,
    0x47, 0xdd, 0xdf, 0xd5, 0x2b, 0xd5, 0x33, 0x3c,
    0x51, 0xad, 0x64, 0xaa, 0xae, 0xb3, 0x8, 0x40,
    0x96, 0xb, 0x20, 0x9, 0x40, 0x1b, 0xb, 0x20,
    0x6d, 0x20, 0x0, 0xce, 0x10, 0x0, 0x0, 0x0,
    0x0, 0x0,

    /* U+6309 "按" */
    0x0, 0x0, 0x0, 0x0, 0x0, 0x0, 0xd, 0x0,
    0xa, 0x50, 0x0, 0x14, 0xd3, 0xed, 0xdd, 0xdd,
    0x3, 0x9e, 0x8e, 0x1b, 0x0, 0xd0, 0x0, 0xd2,
    0xbd, 0xeb, 0xbb, 0x0, 0x5f, 0xd2, 0xe2, 0x3e,
    0x10, 0x5c, 0xd1, 0x7d, 0x6, 0xa0, 0x0, 0xd,
    0x1, 0x9e, 0xe2, 0x0, 0x1, 0xd0, 0x6, 0xec,
    0xb2, 0x1, 0xd9, 0xd, 0x92, 0x6, 0xa0, 0x0,
    0x0, 0x0, 0x0, 0x0, 0x0,

    /* U+6311 "挑" */
    0x2, 0xa0, 0xc, 0x2b, 0x0, 0x3b, 0xe9, 0x9d,
    0x2b, 0x96, 0x15, 0xb1, 0xbe, 0x2d, 0xc0, 0x2,
    0xb2, 0xd, 0x2c, 0x0, 0x2a, 0xf6, 0x4f, 0x2f,
    0xb0, 0x38, 0xa7, 0xce, 0x2b, 0x89, 0x2, 0xa2,
    0x5b, 0x2b, 0x5, 0x2, 0xa1, 0xd4, 0x2c, 0xc,
    0x1d, 0x79, 0x60, 0xc, 0xd6,

    /* U+6362 "换" */
    0xa, 0x40, 0x2e, 0x54, 0x10, 0x4c, 0x83, 0xd7,
    0x6e, 0x40, 0x4c, 0x99, 0xeb, 0xed, 0xc0, 0xa,
    0x42, 0xd0, 0xe1, 0xd0, 0x4d, 0xe5, 0xd0, 0xd1,
    0xd0, 0x6c, 0x4a, 0xdd, 0xfc, 0xd6, 0xa, 0x40,
    0xd, 0xb7, 0x0, 0xa, 0x41, 0xc7, 0xc, 0x70,
    0x6e, 0x3d, 0x50, 0x0, 0x96, 0x0, 0x0, 0x0,
    0x0, 0x0,

    /* U+636E "据" */
    0x9, 0x33, 0xfc, 0xcc, 0xf0, 0x4c, 0x85, 0xc0,
    0x0, 0xd0, 0x6c, 0x96, 0xfc, 0xed, 0xc0, 0x9,
    0x34, 0xd0, 0x84, 0x0, 0x1b, 0xc9, 0xeb, 0xec,
    0xb6, 0xad, 0x66, 0xa2, 0x96, 0x20, 0x9, 0x39,
    0x9d, 0x99, 0xe0, 0x9, 0x4e, 0x4b, 0x11, 0xd0,
    0x7d, 0x49, 0x2e, 0xaa, 0xe0, 0x0, 0x0, 0x0,
    0x0, 0x0,

    /* U+6392 "排" */
    0x0, 0xd0, 0x2, 0xa8, 0x20, 0x18, 0xe6, 0x7d,
    0xb9, 0xd6, 0x15, 0xe4, 0x2, 0xb9, 0x20, 0x0,
    0xd1, 0x7d, 0xb9, 0xd5, 0x2a, 0xfb, 0x2, 0xb9,
    0x20, 0x14, 0xd0, 0xad, 0xb9, 0xd7, 0x0, 0xd0,
    0x3, 0xb9, 0x30, 0x0, 0xd0, 0x2, 0xb9, 0x20,
    0xc, 0xa0, 0x2, 0xb9, 0x20, 0x0, 0x0, 0x0,
    0x0, 0x0,

    /* U+63A2 "探" */
    0x9, 0x48, 0xdc, 0xcc, 0xf0, 0x7d, 0xb9, 0x48,
    0x27, 0xa0, 0x2a, 0x60, 0x97, 0xb, 0x40, 0x9,
    0x45, 0x80, 0x41, 0xa0, 0x6e, 0xc9, 0xcc, 0xfc,
    0xc0, 0x4a, 0x40, 0x1d, 0xf9, 0x0, 0x9, 0x40,
    0xa7, 0xdb, 0x40, 0x9, 0x4c, 0xa0, 0xd2, 0xe2,
    0x6d, 0x13, 0x0, 0xd0, 0x20,

    /* U+63A5 "接" */
    0xa, 0x23, 0x9b, 0xd9, 0x90, 0x7e, 0xb1, 0x85,
    0x2b, 0x30, 0x5c, 0x80, 0x48, 0x2b, 0x0, 0xa,
    0x28, 0xce, 0xcc, 0xc3, 0x1c, 0xd1, 0x1d, 0x31,
    0x10, 0xad, 0x59, 0xdc, 0xae, 0xb4, 0xa, 0x21,
    0xe6, 0x3c, 0x0, 0xa, 0x20, 0x3d, 0xfa, 0x0,
    0x7d, 0x1a, 0xc8, 0x27, 0xc0, 0x0, 0x0, 0x0,
    0x0, 0x0,

    /* U+63A7 "控" */
    0x0, 0x0, 0x0, 0x0, 0x0, 0xa, 0x31, 0x35,
    0xd3, 0x30, 0x9e, 0xca, 0x96, 0x56, 0xe0, 0x1a,
    0x43, 0x7c, 0x2c, 0x40, 0xa, 0x45, 0xd1, 0x4,
    0x90, 0x5d, 0xd3, 0xba, 0xaa, 0x50, 0x7c, 0x30,
    0x23, 0xe2, 0x10, 0xa, 0x30, 0x1, 0xd0, 0x0,
    0xa, 0x32, 0x23, 0xe2, 0x20, 0x7d, 0x19, 0xaa,
    0xaa, 0xa2,

    /* U+63A8 "推" */
    0x2, 0xb0, 0xc, 0x2a, 0x0, 0x27, 0xd4, 0x7d,
    0x8e, 0x82, 0x17, 0xd7, 0xf9, 0x3e, 0x31, 0x2,
    0xca, 0xae, 0xdf, 0xd2, 0x2a, 0xf9, 0x67, 0xd,
    0x0, 0x27, 0xb0, 0x6e, 0xcf, 0xc2, 0x2, 0xb0,
    0x67, 0xd, 0x0, 0x2, 0xb0, 0x6e, 0xdf, 0xd7,
    0x1e, 0x80, 0x67, 0x0, 0x0, 0x0, 0x0, 0x0,
    0x0, 0x0,

    /* U+63CF "描" */
    0xa, 0x30, 0x1c, 0xe, 0x0, 0x5c, 0x89, 0xdf,
    0xdf, 0xd2, 0x7d, 0xb1, 0x1c, 0xe, 0x0, 0xa,
    0x30, 0x59, 0x4a, 0x40, 0x5d, 0xc4, 0xe4, 0xc4,
    0xe0, 0x4b, 0x32, 0xfc, 0xec, 0xe0, 0xa, 0x32,
    0xd0, 0xb0, 0xe0, 0xa, 0x32, 0xfc, 0xec, 0xe0,
    0x7d, 0x12, 0xd0, 0x0, 0xe0, 0x0, 0x0, 0x0,
    0x0, 0x0,

    /* U+641C "搜" */
    0x0, 0x0, 0x0, 0x0, 0x0, 0x9, 0x40, 0x57,
    0xd5, 0x40, 0x3b, 0x85, 0xb0, 0xd4, 0xd0, 0x5c,
    0x96, 0xe7, 0xda, 0xe0, 0x9, 0x45, 0xd8, 0xe8,
    0xe0, 0x4d, 0xe3, 0x22, 0xd2, 0x20, 0x6c, 0x44,
    0xfc, 0xcd, 0xa0, 0x9, 0x40, 0x6b, 0x2d, 0x30,
    0x9, 0x40, 0x1b, 0xf8, 0x0, 0x6d, 0x2c, 0xb6,
    0x38, 0xd2, 0x0, 0x0, 0x0, 0x0, 0x0,

    /* U+64AD "播" */
    0x0, 0x0, 0x0, 0x0, 0x0, 0x2, 0xa1, 0xca,
    0xe7, 0x80, 0x29, 0xd5, 0x66, 0xc5, 0x70, 0x28,
    0xc8, 0xcd, 0xfe, 0xc5, 0x2, 0xa0, 0x4c, 0xda,
    0x50, 0x18, 0xfc, 0xd1, 0xa0, 0xa7, 0x49, 0xa1,
    0xda, 0xea, 0xf0, 0x2, 0xa0, 0xc8, 0xe8, 0xf0,
    0x2, 0xa0, 0xc3, 0xc3, 0xe0, 0x1d, 0x60, 0xc9,
    0x99, 0xe0,

    /* U+6536 "收" */
    0x0, 0x0, 0x0, 0x0, 0x0, 0x4, 0xe, 0x8,
    0x60, 0x0, 0xe, 0xe, 0xc, 0xcb, 0xb5, 0xe,
    0xe, 0x3e, 0x25, 0xb1, 0xe, 0xe, 0xce, 0x37,
    0x70, 0xe, 0xe, 0x44, 0x9c, 0x30, 0xf, 0x9f,
    0x0, 0xdc, 0x0, 0x3d, 0x6e, 0x0, 0xcb, 0x0,
    0x0, 0xe, 0x1b, 0x8a, 0xa0, 0x0, 0xe, 0x86,
    0x0, 0x93, 0x0, 0x0, 0x0, 0x0, 0x0,

    /* U+6539 "改" */
    0x0, 0x0, 0x2, 0x50, 0x0, 0x1e, 0xee, 0x37,
    0x70, 0x0, 0x0, 0xa, 0x3b, 0xdb, 0xb4, 0x0,
    0xa, 0x6f, 0x45, 0xc1, 0xe, 0xef, 0xde, 0x66,
    0x80, 0xe, 0x0, 0x43, 0xbb, 0x40, 0xe, 0x0,
    0x0, 0xcd, 0x0, 0xe, 0x5b, 0x41, 0xdc, 0x0,
    0x3f, 0xa3, 0x4d, 0x78, 0xc2, 0x1, 0x0, 0x74,
    0x0, 0x52,

    /* U+653E "放" */
    0x0, 0x40, 0x0, 0x50, 0x0, 0x0, 0xa4, 0x2,
    0xd0, 0x0, 0x6d, 0xed, 0xc6, 0xe9, 0x96, 0x5,
    0x70, 0xc, 0x95, 0xe2, 0x5, 0xed, 0xbe, 0xb5,
    0xa0, 0x6, 0x76, 0xa4, 0xd9, 0x60, 0x8, 0x56,
    0x70, 0x9f, 0x10, 0xa, 0x37, 0x60, 0x8e, 0x0,
    0x1d, 0x8, 0x57, 0xd9, 0xb1, 0x66, 0x8d, 0x8b,
    0x10, 0x98, 0x0, 0x0, 0x0, 0x0, 0x0,

    /* U+6570 "数" */
    0x27, 0xb5, 0x82, 0xa0, 0x0, 0x8c, 0xfd, 0xb6,
    0xeb, 0xb2, 0x7, 0xfd, 0x39, 0x87, 0x90, 0x7c,
    0xb5, 0x9f, 0xa8, 0x50, 0x42, 0xa1, 0x47, 0xdc,
    0x20, 0x5e, 0xcd, 0x80, 0xac, 0x0, 0xe, 0x6b,
    0x10, 0xac, 0x0, 0x6, 0xed, 0x28, 0xa9, 0x90,
    0x88, 0x11, 0x79, 0x0, 0x93, 0x0, 0x0, 0x0,
    0x0, 0x0,

    /* U+6574 "整" */
    0x6a, 0xeb, 0xa1, 0xe8, 0x72, 0x4b, 0xeb, 0xbb,
    0xc7, 0xb1, 0x5b, 0xda, 0xd5, 0xbc, 0x30, 0x7,
    0xfc, 0x41, 0xaf, 0x40, 0x89, 0xa3, 0x5d, 0x72,
    0xd3, 0x1a, 0xba, 0xab, 0xaa, 0x80, 0x3, 0x72,
    0xae, 0xdd, 0x30, 0x1, 0xc0, 0x95, 0x0, 0x0,
    0x8c, 0xfc, 0xed, 0xcc, 0xc3,

    /* U+6599 "料" */
    0x0, 0x0, 0x0, 0x0, 0x0, 0x32, 0xc4, 0x13,
    0xd, 0x0, 0x57, 0xca, 0x9, 0x7d, 0x0, 0x7,
    0xc6, 0x0, 0x1d, 0x0, 0xae, 0xfd, 0x8b, 0x1d,
    0x0, 0x9, 0xf3, 0x4, 0x1d, 0x0, 0x1c, 0xdc,
    0x14, 0x7f, 0xd2, 0xa6, 0xc3, 0x9a, 0x7e, 0x10,
    0x50, 0xc0, 0x0, 0xd, 0x0, 0x0, 0xc0, 0x0,
    0xd, 0x0, 0x0, 0x0, 0x0, 0x0, 0x0,

    /* U+65B0 "新" */
    0x0, 0x10, 0x0, 0x0, 0x0, 0x2, 0xc5, 0x21,
    0x6a, 0xc1, 0x3d, 0xac, 0xc7, 0xa2, 0x0, 0x1a,
    0x4a, 0x57, 0x80, 0x0, 0x48, 0xca, 0x88, 0xdb,
    0xe6, 0x5a, 0xdc, 0xa8, 0x71, 0xc0, 0x6, 0x97,
    0x48, 0x51, 0xc0, 0x2c, 0x87, 0xaa, 0x41, 0xc0,
    0x65, 0x84, 0x8e, 0x11, 0xc0, 0x3, 0xc2, 0x3a,
    0x1, 0xc0, 0x0, 0x0, 0x0, 0x0, 0x10,

    /* U+65B9 "方" */
    0x0, 0x0, 0x34, 0x0, 0x0, 0x0, 0x0, 0x3c,
    0x0, 0x0, 0x1e, 0xee, 0xef, 0xee, 0xe8, 0x0,
    0x9, 0x60, 0x0, 0x0, 0x0, 0xb, 0x72, 0x22,
    0x10, 0x0, 0xd, 0xcb, 0xbe, 0x60, 0x0, 0x1e,
    0x0, 0xa, 0x40, 0x0, 0x89, 0x0, 0xb, 0x30,
    0x5, 0xe2, 0x0, 0xe, 0x0, 0x1e, 0x40, 0x1e,
    0xe8, 0x0, 0x0, 0x0, 0x0, 0x0, 0x0,

    /* U+65E5 "日" */
    0x1f, 0xee, 0xee, 0xfc, 0x1d, 0x0, 0x0, 0x2c,
    0x1d, 0x0, 0x0, 0x2c, 0x1e, 0x22, 0x22, 0x5c,
    0x1f, 0xcc, 0xcc, 0xcc, 0x1d, 0x0, 0x0, 0x2c,
    0x1d, 0x0, 0x0, 0x2c, 0x1f, 0xee, 0xee, 0xfc,
    0x1d, 0x0, 0x0, 0x2c,

    /* U+65E9 "早" */
    0x4, 0xec, 0xcc, 0xcd, 0xa0, 0x4, 0xc5, 0x55,
    0x58, 0xa0, 0x4, 0xc6, 0x66, 0x68, 0xa0, 0x4,
    0xeb, 0xbb, 0xbc, 0xa0, 0x0, 0x11, 0x5b, 0x11,
    0x10, 0x1, 0x11, 0x5b, 0x11, 0x11, 0x3b, 0xbb,
    0xde, 0xbb, 0xb9, 0x0, 0x0, 0x4a, 0x0, 0x0,
    0x0, 0x0, 0x4a, 0x0, 0x0,

    /* U+65F6 "时" */
    0xcc, 0xc0, 0x0, 0x1d, 0xe, 0xd, 0x5a, 0xaa,
    0xfa, 0xd0, 0xd3, 0x55, 0x6e, 0x5f, 0xcf, 0x1a,
    0x1, 0xd0, 0xd0, 0xd0, 0x99, 0x1d, 0xd, 0xd,
    0x0, 0xb1, 0xd0, 0xfd, 0xe0, 0x0, 0x1d, 0x7,
    0x0, 0x0, 0x1, 0xd0, 0x0, 0x0, 0x1e, 0xe8,
    0x0, 0x0, 0x0, 0x0, 0x0,

    /* U+660E "明" */
    0x0, 0x0, 0x22, 0x22, 0x1f, 0xdf, 0x1f, 0xba,
    0xcb, 0xd0, 0xb1, 0xf0, 0x3, 0xbd, 0xc, 0x1f,
    0x77, 0x9b, 0xfc, 0xf1, 0xf7, 0x79, 0xbd, 0xb,
    0x3f, 0x44, 0x6b, 0xfd, 0xf5, 0xd7, 0x79, 0xbc,
    0x0, 0x77, 0x0, 0x3b, 0x0, 0x1d, 0x10, 0x3,
    0xb0, 0xa, 0x40, 0xb, 0xe6, 0x0, 0x0, 0x0,
    0x0, 0x0,

    /* U+6628 "昨" */
    0x0, 0x0, 0x3, 0x10, 0x0, 0xa, 0xaa, 0xd,
    0x30, 0x0, 0xe, 0x2e, 0x2f, 0xdd, 0xdb, 0xd,
    0xe, 0xb5, 0xe0, 0x0, 0xf, 0xdf, 0x70, 0xeb,
    0xb7, 0xd, 0xe, 0x0, 0xe1, 0x10, 0xd, 0xe,
    0x0, 0xe8, 0x85, 0xf, 0xdf, 0x0, 0xe5, 0x53,
    0x9, 0x0, 0x0, 0xe0, 0x0, 0x0, 0x0, 0x0,
    0xe0, 0x0,

    /* U+662F "是" */
    0x2, 0xea, 0xaa, 0xad, 0x50, 0x2, 0xea, 0xaa,
    0xad, 0x50, 0x2, 0xc5, 0x55, 0x5b, 0x50, 0x1,
    0x66, 0x66, 0x66, 0x20, 0x2c, 0xcc, 0xde, 0xcc,
    0xc7, 0x0, 0x92, 0x4a, 0x11, 0x10, 0x0, 0xf3,
    0x4e, 0xbb, 0x80, 0x8, 0xbd, 0x7a, 0x0, 0x0,
    0x3c, 0x3, 0xbc, 0xdd, 0xd9, 0x0, 0x0, 0x0,
    0x0, 0x0,

    /* U+665A "晚" */
    0x0, 0x0, 0x6, 0x20, 0x0, 0x0, 0xdd, 0x81,
    0xfc, 0xc4, 0x0, 0xc, 0x2a, 0xc5, 0x2e, 0x10,
    0x0, 0xc2, 0xef, 0xde, 0xed, 0xa0, 0xf, 0xda,
    0xd0, 0xa3, 0x2a, 0x0, 0xc2, 0x9c, 0x8e, 0x99,
    0xa0, 0xc, 0x29, 0x36, 0xfd, 0x42, 0x0, 0xfd,
    0x80, 0xaa, 0xd0, 0x30, 0x5, 0x0, 0x7c, 0x2d,
    0xb, 0x0, 0x0, 0xca, 0x0, 0xdd, 0xb0, 0x0,
    0x0, 0x0, 0x0, 0x0, 0x0,

    /* U+6668 "晨" */
    0x7, 0xca, 0xaa, 0xae, 0x20, 0x7, 0xc9, 0x99,
    0x9e, 0x20, 0x6, 0xb9, 0x99, 0x9c, 0x10, 0x9,
    0xbb, 0xbb, 0xbb, 0xb1, 0xd, 0x48, 0x88, 0x88,
    0x0, 0xe, 0xba, 0xaa, 0xaa, 0xa3, 0x1e, 0xe,
    0x8, 0x6a, 0x50, 0x7a, 0x3f, 0x96, 0x7c, 0x92,
    0x32, 0x26, 0x20, 0x0, 0x40,

    /* U+666F "景" */
    0x8, 0xb9, 0x99, 0x9f, 0x10, 0x8, 0xb9, 0x99,
    0x9f, 0x10, 0x6, 0xa9, 0xc9, 0x9b, 0x0, 0x7b,
    0xbb, 0xfc, 0xbb, 0xb1, 0x2, 0x88, 0x88, 0x87,
    0x0, 0x4, 0xa2, 0x22, 0x3e, 0x0, 0x3, 0xaa,
    0xec, 0xa9, 0x0, 0x6, 0xc1, 0xa4, 0xa9, 0x20,
    0x68, 0x19, 0xd2, 0x4, 0xa0,

    /* U+667A "智" */
    0x4, 0x20, 0x0, 0x0, 0x1, 0xec, 0xb8, 0x7b,
    0xbb, 0x59, 0x87, 0x1a, 0x40, 0xe5, 0xae, 0xca,
    0xa3, 0xe, 0x6, 0xcb, 0x79, 0xdc, 0xe4, 0xa6,
    0x58, 0x55, 0x50, 0x1, 0xe6, 0x66, 0x6e, 0x10,
    0x1f, 0xaa, 0xaa, 0xf1, 0x1, 0xd1, 0x11, 0x1e,
    0x10, 0x1f, 0xaa, 0xaa, 0xf1,

    /* U+6696 "暖" */
    0x0, 0x0, 0x0, 0x23, 0x51, 0x0, 0xdd, 0xaa,
    0xbc, 0x79, 0x30, 0xc, 0x1c, 0x57, 0xa2, 0xd1,
    0x0, 0xc1, 0xc9, 0xdc, 0xce, 0x70, 0xe, 0xbc,
    0x3b, 0x63, 0x32, 0x0, 0xd4, 0xda, 0xfb, 0xaa,
    0x90, 0xc, 0x1c, 0x1f, 0xa9, 0xc1, 0x0, 0xfd,
    0xb8, 0xbc, 0x69, 0x0, 0x5, 0x7, 0xd5, 0xcd,
    0xa5, 0x0, 0x0, 0x51, 0x71, 0x3, 0x60,

    /* U+66F2 "曲" */
    0x0, 0xd0, 0xd, 0x0, 0x33, 0xe4, 0x4e, 0x33,
    0xfb, 0xfb, 0xbf, 0xbf, 0xd0, 0xd0, 0xd, 0xe,
    0xfc, 0xfc, 0xcf, 0xcf, 0xe1, 0xe2, 0x2e, 0x1e,
    0xd0, 0xd0, 0xd, 0xe, 0xfe, 0xfe, 0xef, 0xef,
    0xd0, 0x0, 0x0, 0xe,

    /* U+66F4 "更" */
    0x1d, 0xdd, 0xdf, 0xdd, 0xd7, 0x1, 0x66, 0x8d,
    0x66, 0x50, 0x3, 0xc6, 0x8d, 0x66, 0xe0, 0x3,
    0xeb, 0xcf, 0xbb, 0xe0, 0x3, 0xa0, 0x3c, 0x0,
    0xe0, 0x2, 0xdc, 0xde, 0xcc, 0xb0, 0x0, 0xa8,
    0xc6, 0x0, 0x0, 0x0, 0x3f, 0xf6, 0x20, 0x0,
    0x1d, 0xc6, 0x38, 0xce, 0xea, 0x0, 0x0, 0x0,
    0x0, 0x0,

    /* U+66FF "替" */
    0x3, 0x9a, 0x32, 0x5d, 0x41, 0x5, 0xaa, 0x43,
    0x7d, 0x51, 0x2b, 0xfe, 0xa8, 0xef, 0xc7, 0x4,
    0xdc, 0x54, 0xd6, 0xb1, 0x1b, 0x87, 0x9d, 0x86,
    0x88, 0x0, 0xe5, 0x55, 0x5b, 0x60, 0x0, 0xfa,
    0xaa, 0xad, 0x60, 0x0, 0xe1, 0x11, 0x19, 0x60,
    0x0, 0xfa, 0xaa, 0xad, 0x60,

    /* U+6700 "最" */
    0x7, 0xc9, 0x99, 0x9f, 0x0, 0x7, 0xc9, 0x99,
    0x9f, 0x0, 0x6, 0xa9, 0x99, 0x9c, 0x0, 0x8b,
    0xbb, 0xbb, 0xbb, 0xb2, 0xc, 0x69, 0x96, 0x66,
    0x50, 0xc, 0x69, 0x9c, 0x88, 0xb0, 0xc, 0xbc,
    0x82, 0xbc, 0x30, 0x5e, 0xad, 0xe3, 0xde, 0x30,
    0x44, 0x36, 0x9b, 0x33, 0xc2,

    /* U+672C "本" */
    0x0, 0x0, 0x4b, 0x0, 0x0, 0x2, 0x22, 0x6b,
    0x22, 0x21, 0x1c, 0xcd, 0xff, 0xfc, 0xc7, 0x0,
    0xc, 0x8b, 0xc3, 0x0, 0x0, 0x6b, 0x4b, 0x4c,
    0x0, 0x5, 0xd1, 0x4b, 0x9, 0xb1, 0x2e, 0xaf,
    0xff, 0xfe, 0xa9, 0x1, 0x0, 0x4b, 0x0, 0x0,
    0x0, 0x0, 0x4b, 0x0, 0x0,

    /* U+673A "机" */
    0x1, 0xc0, 0x4f, 0xdf, 0x0, 0x2, 0xc1, 0x58,
    0xe, 0x0, 0x8d, 0xfc, 0x78, 0xe, 0x0, 0x7,
    0xd0, 0x58, 0xe, 0x0, 0xc, 0xf9, 0x67, 0xe,
    0x0, 0x59, 0xc9, 0x95, 0xe, 0x0, 0xb3, 0xc0,
    0xb3, 0xe, 0x5, 0x1, 0xc2, 0xd0, 0xe, 0xa,
    0x1, 0xc7, 0x40, 0xa, 0xe6,

    /* U+6742 "杂" */
    0x0, 0x6, 0x80, 0x0, 0x0, 0xd, 0xdf, 0xdd,
    0xf1, 0x0, 0x0, 0x6c, 0x0, 0xc1, 0x52, 0x3b,
    0xc2, 0x0, 0xac, 0xe2, 0x37, 0x33, 0xb7, 0x35,
    0x40, 0x5a, 0xaa, 0xec, 0xaa, 0xa0, 0x1, 0xc2,
    0x95, 0x76, 0x0, 0x3d, 0x70, 0xa5, 0xb, 0x70,
    0x4, 0xc, 0xe3, 0x0, 0x20,

    /* U+6761 "条" */
    0x0, 0x3, 0x60, 0x0, 0x0, 0x0, 0x1e, 0xeb,
    0xba, 0x0, 0x4, 0xee, 0x51, 0xc8, 0x0, 0x9,
    0x32, 0xed, 0xa0, 0x0, 0x1, 0x5b, 0xda, 0xea,
    0x61, 0x2b, 0x83, 0x26, 0x15, 0x96, 0x3, 0xcc,
    0xde, 0xcc, 0x90, 0x0, 0x36, 0x4a, 0x36, 0x0,
    0x4, 0xd2, 0x4a, 0xb, 0x60, 0x5, 0x12, 0xc7,
    0x0, 0x70,

    /* U+6784 "构" */
    0x0, 0x0, 0x0, 0x0, 0x0, 0x0, 0xe0, 0x1c,
    0x0, 0x0, 0x4b, 0xfb, 0x7d, 0xcc, 0xd4, 0x5,
    0xf4, 0xd4, 0x10, 0xa4, 0x7, 0xf8, 0x3c, 0x10,
    0xb3, 0xb, 0xeb, 0x2a, 0x91, 0xb3, 0x59, 0xe0,
    0x9a, 0xb7, 0xc2, 0x52, 0xe0, 0x87, 0x48, 0xd1,
    0x0, 0xe0, 0x0, 0x0, 0xe0, 0x0, 0xe0, 0x0,
    0x7e, 0x70,

    /* U+67B6 "架" */
    0x15, 0xb2, 0x13, 0x55, 0x50, 0x6c, 0xdb, 0xba,
    0x86, 0xe0, 0xa, 0x44, 0x9a, 0x30, 0xe0, 0x8c,
    0x6d, 0x69, 0xdd, 0xc0, 0x30, 0x13, 0x82, 0x0,
    0x0, 0x8d, 0xde, 0xff, 0xdd, 0xd1, 0x0, 0x3d,
    0xdc, 0xa0, 0x0, 0x29, 0xd2, 0xb3, 0x7d, 0x70,
    0x66, 0x0, 0xb3, 0x2, 0x80,

    /* U+67D4 "柔" */
    0x0, 0x0, 0x0, 0x0, 0x0, 0x2, 0xbb, 0xbc,
    0xfe, 0x10, 0x0, 0x7, 0xac, 0xb0, 0x0, 0xb,
    0xbd, 0xef, 0xcb, 0xf3, 0x0, 0x7c, 0x3d, 0x8,
    0x90, 0xc, 0x64, 0xcb, 0x3, 0x0, 0x3d, 0xcc,
    0xee, 0xcc, 0xc7, 0x0, 0x1b, 0xcd, 0xd3, 0x0,
    0x17, 0xe6, 0x59, 0x3e, 0xa3, 0x2a, 0x20, 0x59,
    0x0, 0x75,

    /* U+67E5 "查" */
    0x0, 0x0, 0x49, 0x0, 0x0, 0x2c, 0xce, 0xff,
    0xec, 0xc7, 0x0, 0x2c, 0x8a, 0xb6, 0x0, 0x7,
    0xc2, 0x49, 0x9, 0xb3, 0x15, 0x89, 0x77, 0x7c,
    0x23, 0x0, 0xab, 0x99, 0x9f, 0x0, 0x0, 0xa9,
    0x77, 0x7f, 0x0, 0x2, 0x46, 0x66, 0x66, 0x21,
    0xa, 0xaa, 0xaa, 0xaa, 0xa5,

    /* U+6807 "标" */
    0x0, 0xe0, 0x6d, 0xdd, 0xb0, 0x26, 0xf6, 0x0,
    0x0, 0x0, 0x4c, 0xfa, 0x31, 0x11, 0x10, 0x7,
    0xf5, 0xbc, 0xfc, 0xc4, 0xc, 0xec, 0x10, 0xd1,
    0x10, 0x69, 0xe1, 0x75, 0xd4, 0xa0, 0x61, 0xe0,
    0xc0, 0xd1, 0xd1, 0x0, 0xe3, 0x70, 0xe0, 0x94,
    0x0, 0xe0, 0xe, 0xd0, 0x0, 0x0, 0x0, 0x0,
    0x0, 0x0,

    /* U+680F "栏" */
    0x0, 0xe0, 0x28, 0x6, 0x70, 0x4, 0xe4, 0xb,
    0x1d, 0x10, 0x29, 0xf9, 0xde, 0xee, 0xe1, 0x5,
    0xf7, 0x0, 0x0, 0x0, 0xa, 0xe9, 0x6a, 0xaa,
    0x70, 0x58, 0xe0, 0x12, 0x22, 0x20, 0x21, 0xe0,
    0x0, 0x0, 0x0, 0x0, 0xe1, 0xcc, 0xcc, 0xc5,
    0x0, 0xe0, 0x11, 0x11, 0x10,

    /* U+6837 "样" */
    0x0, 0x0, 0x0, 0x0, 0x0, 0x0, 0xd0, 0x48,
    0x2, 0xc0, 0x16, 0xe5, 0x6e, 0x6b, 0xb2, 0x16,
    0xf4, 0x44, 0xd7, 0x41, 0x5, 0xf6, 0x6a, 0xeb,
    0xa0, 0xa, 0xea, 0x12, 0xc5, 0x20, 0x2b, 0xd1,
    0x22, 0xc5, 0x21, 0x44, 0xd1, 0xaa, 0xeb, 0xa6,
    0x0, 0xd0, 0x0, 0xb3, 0x0, 0x0, 0xd0, 0x0,
    0xb3, 0x0,

    /* U+6848 "案" */
    0x0, 0x0, 0x22, 0x0, 0x0, 0xa, 0xaa, 0xce,
    0xaa, 0xa4, 0xb, 0x12, 0xc2, 0x11, 0x65, 0x1b,
    0xbf, 0xbb, 0xde, 0xb6, 0x0, 0x8d, 0x65, 0xd2,
    0x0, 0x4, 0x6b, 0xeb, 0xdb, 0x61, 0x8, 0x75,
    0x59, 0x14, 0x81, 0x2a, 0xab, 0xff, 0xea, 0xa7,
    0x2, 0x7c, 0x7b, 0x8b, 0x50, 0x2b, 0x50, 0x4a,
    0x2, 0x98,

    /* U+6A21 "模" */
    0x1, 0xc0, 0x3d, 0x3d, 0x51, 0x3, 0xc2, 0x8e,
    0x8e, 0x93, 0x2a, 0xe7, 0x9a, 0x7a, 0xa0, 0x5,
    0xf3, 0xda, 0xaa, 0xe0, 0xa, 0xdb, 0xd7, 0x77,
    0xe0, 0x2c, 0xc1, 0x34, 0xe3, 0x30, 0x45, 0xc3,
    0xce, 0xfe, 0xc5, 0x1, 0xc0, 0x3d, 0x3d, 0x40,
    0x1, 0xc5, 0xc3, 0x2, 0xa6,

    /* U+6B21 "次" */
    0x0, 0x0, 0x34, 0x0, 0x0, 0xa, 0x20, 0x97,
    0x0, 0x0, 0x4, 0xd1, 0xef, 0xee, 0xe5, 0x0,
    0x6, 0xc1, 0x70, 0xc3, 0x0, 0xb, 0x33, 0xc1,
    0xd0, 0x0, 0x92, 0x6, 0xf1, 0x0, 0x4, 0xd0,
    0xb, 0xd8, 0x0, 0x1e, 0x30, 0x7c, 0xd, 0x20,
    0x16, 0x9, 0xe2, 0x4, 0xd6, 0x0, 0x7, 0x10,
    0x0, 0x13,

    /* U+6B4C "歌" */
    0x0, 0x0, 0x0, 0x40, 0x0, 0x4c, 0xcc, 0xf7,
    0xd0, 0x0, 0x9, 0xa5, 0xd1, 0xfd, 0xd9, 0xb,
    0x37, 0xd7, 0x75, 0x58, 0x9, 0xa4, 0xda, 0x2c,
    0x84, 0x5b, 0xbb, 0xfa, 0x3e, 0x0, 0xa, 0xa6,
    0xc0, 0x5f, 0x20, 0xc, 0x28, 0xc0, 0xb7, 0x80,
    0xd, 0xa6, 0xc6, 0xc0, 0xc4, 0x0, 0x8, 0xcc,
    0x20, 0x2a, 0x0, 0x0, 0x0, 0x0, 0x0,

    /* U+6B63 "正" */
    0xd, 0xee, 0xee, 0xee, 0xe4, 0x0, 0x0, 0x1d,
    0x0, 0x0, 0x0, 0x40, 0x1d, 0x0, 0x0, 0x0,
    0xe0, 0x1d, 0x11, 0x10, 0x0, 0xe0, 0x1f, 0xcc,
    0x90, 0x0, 0xe0, 0x1d, 0x0, 0x0, 0x0, 0xe0,
    0x1d, 0x0, 0x0, 0x2b, 0xfb, 0xcf, 0xbb, 0xb8,
    0x2, 0x22, 0x22, 0x22, 0x21,

    /* U+6B65 "步" */
    0x2, 0xb0, 0x6d, 0xaa, 0x50, 0x2, 0xd0, 0x6a,
    0x33, 0x10, 0x6b, 0xfa, 0xcd, 0xaa, 0xa1, 0x23,
    0x65, 0xa9, 0x35, 0x40, 0x2, 0xe2, 0x87, 0xc,
    0x50, 0x2e, 0x40, 0x88, 0xb9, 0x0, 0x1, 0x1,
    0x9f, 0x70, 0x0, 0x39, 0xce, 0x92, 0x0, 0x0,
    0x26, 0x30, 0x0, 0x0, 0x0,

    /* U+6BB5 "段" */
    0x0, 0x4, 0x0, 0x0, 0x0, 0x8, 0xd9, 0x1d,
    0xcf, 0x0, 0xe, 0x0, 0xd, 0xd, 0x0, 0xe,
    0xcc, 0x3c, 0xd, 0x30, 0xe, 0x0, 0x93, 0x4,
    0x82, 0xe, 0xcc, 0x7d, 0xcd, 0x80, 0xe, 0x0,
    0xc, 0xb, 0x40, 0x6f, 0xdd, 0x26, 0xbc, 0x0,
    0x3e, 0x10, 0x7, 0xfa, 0x10, 0xe, 0x0, 0xd9,
    0x16, 0xe2, 0x0, 0x0, 0x0, 0x0, 0x0,

    /* U+6BC1 "毁" */
    0x0, 0x20, 0x0, 0x0, 0x0, 0x1c, 0x4b, 0xe3,
    0xfc, 0xd0, 0x1b, 0x13, 0xd3, 0xa0, 0xd0, 0x1d,
    0x5a, 0xe6, 0x80, 0xd1, 0x1c, 0x55, 0xdc, 0x20,
    0x67, 0x4, 0x44, 0x4a, 0xcb, 0xd4, 0x2c, 0xed,
    0xb3, 0xc1, 0xe1, 0x0, 0xa2, 0x0, 0xae, 0x60,
    0x3a, 0xed, 0xd6, 0xdd, 0xb2, 0x13, 0x10, 0x29,
    0x10, 0x67,

    /* U+6BCF "每" */
    0x0, 0x33, 0x0, 0x0, 0x0, 0x0, 0xdb, 0x88,
    0x88, 0x81, 0x8, 0xa4, 0x44, 0x44, 0x40, 0x5c,
    0xbc, 0xcc, 0xcc, 0x20, 0x1, 0xe0, 0x98, 0xb,
    0x20, 0x6c, 0xfb, 0xbe, 0xbe, 0xc6, 0x4, 0xb2,
    0xd3, 0xd, 0x20, 0x6, 0xa1, 0x5d, 0x1d, 0x20,
    0x5, 0xbb, 0xbb, 0xbf, 0xb2, 0x0, 0x0, 0x5,
    0xc8, 0x0, 0x0, 0x0, 0x0, 0x0, 0x0,

    /* U+6C14 "气" */
    0x0, 0x0, 0x0, 0x0, 0x0, 0x0, 0xa9, 0x11,
    0x11, 0x10, 0x4, 0xea, 0xaa, 0xaa, 0xa5, 0x3e,
    0x49, 0x99, 0x99, 0x60, 0x37, 0xbb, 0xbb, 0xba,
    0x0, 0x0, 0x11, 0x11, 0x1e, 0x0, 0x0, 0x0,
    0x0, 0xd, 0x10, 0x0, 0x0, 0x0, 0xb, 0x31,
    0x0, 0x0, 0x0, 0x7, 0x7a, 0x0, 0x0, 0x0,
    0x1, 0xc7,

    /* U+6C1B "氛" */
    0x0, 0x23, 0x0, 0x0, 0x0, 0x0, 0xdd, 0xbb,
    0xbb, 0xb5, 0xa, 0xa6, 0x66, 0x66, 0x50, 0x49,
    0x15, 0x55, 0x55, 0x40, 0x6, 0xcc, 0xbc, 0xbe,
    0x20, 0x1, 0xb4, 0x1b, 0x3b, 0x30, 0x2c, 0xca,
    0xab, 0xbd, 0x30, 0x0, 0x3b, 0x1c, 0x18, 0x53,
    0x0, 0x95, 0xd, 0x5, 0x8a, 0xb, 0x80, 0xbb,
    0x0, 0xd9, 0x0, 0x0, 0x0, 0x0, 0x0,

    /* U+6D41 "流" */
    0x0, 0x0, 0x1, 0x10, 0x0, 0x1d, 0x40, 0x6,
    0x80, 0x0, 0x2, 0x7c, 0xdf, 0xdd, 0xd3, 0x33,
    0x0, 0xb5, 0xc, 0x40, 0x2a, 0x59, 0xcb, 0xa9,
    0xc1, 0x0, 0x2, 0x85, 0x49, 0x10, 0x0, 0xc3,
    0xa6, 0x5b, 0x10, 0x8, 0x85, 0x86, 0x5b, 0x20,
    0x2e, 0x1c, 0x46, 0x5b, 0x47, 0x48, 0x3b, 0x1,
    0x9, 0xd4, 0x0, 0x0, 0x0, 0x0, 0x0,

    /* U+6D45 "浅" */
    0xa, 0x50, 0xe, 0x58, 0x0, 0x1, 0x90, 0xf,
    0x9, 0x60, 0x11, 0x8, 0xcf, 0xdb, 0x90, 0x4d,
    0x41, 0x1d, 0x22, 0x42, 0x1, 0x19, 0xcf, 0xeb,
    0xb3, 0x0, 0x83, 0x17, 0x84, 0xd1, 0x6, 0x80,
    0x2, 0xec, 0x32, 0xd, 0x13, 0x9e, 0xd7, 0x57,
    0x27, 0x8, 0x60, 0x1b, 0xe2,

    /* U+6DE1 "淡" */
    0x9, 0x30, 0x42, 0xb0, 0x40, 0x3, 0xb3, 0xa4,
    0xa4, 0xb0, 0x0, 0x4, 0x29, 0xd8, 0x10, 0x5d,
    0x32, 0x8c, 0x4c, 0x90, 0x3, 0x36, 0x63, 0xa0,
    0x70, 0x0, 0x72, 0xb4, 0xb1, 0xe1, 0x5, 0xa9,
    0x58, 0xfa, 0x60, 0xd, 0x30, 0x5d, 0x5c, 0x10,
    0x29, 0xd, 0xc2, 0x5, 0xd5, 0x0, 0x1, 0x0,
    0x0, 0x0,

    /* U+6DF1 "深" */
    0x2, 0x0, 0x0, 0x0, 0x0, 0x1c, 0x7d, 0xcc,
    0xcc, 0xf0, 0x0, 0x1b, 0x34, 0x34, 0xa0, 0x43,
    0x1, 0xc1, 0x1c, 0x20, 0x5d, 0x39, 0x32, 0x32,
    0x90, 0x0, 0x1b, 0xce, 0xec, 0xc1, 0x5, 0x80,
    0x4f, 0xf6, 0x0, 0xc, 0x22, 0xd8, 0x9d, 0x30,
    0x3b, 0x3e, 0x46, 0x84, 0xe2, 0x44, 0x3, 0x6,
    0x80, 0x30,

    /* U+6DF7 "混" */
    0x1, 0x0, 0x0, 0x0, 0x0, 0x1d, 0x8a, 0xcb,
    0xbd, 0x70, 0x0, 0x4a, 0x97, 0x7b, 0x70, 0x31,
    0xa, 0x63, 0x39, 0x70, 0x5e, 0x38, 0xcb, 0xbc,
    0x50, 0x3, 0x15, 0x20, 0x60, 0x0, 0x1, 0xca,
    0xeb, 0xea, 0xa0, 0x8, 0x79, 0x40, 0xe3, 0x0,
    0x1e, 0xa, 0x64, 0xe0, 0x83, 0x47, 0xe, 0xd8,
    0xad, 0xd1, 0x0, 0x0, 0x0, 0x0, 0x0,

    /* U+6E05 "清" */
    0x9, 0x65, 0x79, 0xd7, 0x71, 0x0, 0x24, 0xab,
    0xea, 0x90, 0x47, 0x5, 0x58, 0xc5, 0x53, 0x1a,
    0x76, 0x66, 0x66, 0x63, 0x0, 0x5, 0xdb, 0xbb,
    0xb0, 0x0, 0xc5, 0xc8, 0x89, 0xb0, 0x6, 0x85,
    0xd9, 0x9a, 0xb0, 0xd, 0x25, 0x90, 0x2, 0xb0,
    0x18, 0x5, 0x80, 0x3d, 0x80,

    /* U+6E10 "渐" */
    0x0, 0x0, 0x0, 0x0, 0x0, 0xd, 0x64, 0x90,
    0x38, 0xd2, 0x1, 0x7e, 0xdc, 0xa6, 0x0, 0x12,
    0x9, 0x51, 0x94, 0x0, 0x3d, 0x4b, 0x93, 0x9c,
    0xf6, 0x0, 0x2e, 0xfe, 0xa3, 0xc0, 0x3, 0x50,
    0x96, 0xb1, 0xc0, 0x9, 0x7b, 0xfa, 0xd0, 0xc0,
    0x1d, 0x12, 0x94, 0xc0, 0xc0, 0x37, 0x0, 0x96,
    0x60, 0xc0, 0x0, 0x0, 0x0, 0x0, 0x0,

    /* U+6E21 "渡" */
    0x1, 0x0, 0x1, 0x20, 0x0, 0x1d, 0x76, 0x78,
    0xc7, 0x71, 0x0, 0x3d, 0x5b, 0x5a, 0x51, 0x64,
    0xd, 0xbf, 0xbf, 0xb2, 0x2c, 0x3d, 0xd, 0x3d,
    0x0, 0x0, 0xd, 0x8, 0x88, 0x0, 0x7, 0x6d,
    0x9e, 0xbe, 0x90, 0xd, 0x5a, 0xb, 0x7d, 0x10,
    0x6a, 0x86, 0x3a, 0xea, 0x40, 0x42, 0x72, 0x93,
    0x3, 0x91,

    /* U+70B9 "点" */
    0x0, 0x0, 0x1d, 0x22, 0x21, 0x0, 0x0, 0x1f,
    0xaa, 0xa5, 0x0, 0x33, 0x4e, 0x33, 0x20, 0x2,
    0xea, 0xaa, 0xab, 0xc0, 0x2, 0xb0, 0x0, 0x1,
    0xc0, 0x1, 0xdd, 0xdd, 0xdd, 0xb0, 0x2, 0x51,
    0x30, 0x40, 0x80, 0xb, 0x64, 0xc0, 0xd1, 0x97,
    0x18, 0x1, 0x80, 0x62, 0x17,

    /* U+7247 "片" */
    0x1, 0xe0, 0x3, 0xb0, 0x0, 0x1, 0xe0, 0x3,
    0xb0, 0x0, 0x1, 0xff, 0xff, 0xff, 0xf1, 0x1,
    0xe0, 0x0, 0x0, 0x0, 0x2, 0xe3, 0x33, 0x33,
    0x0, 0x4, 0xeb, 0xbb, 0xbd, 0x0, 0x7, 0x80,
    0x0, 0xd, 0x0, 0xe, 0x30, 0x0, 0xd, 0x0,
    0x38, 0x0, 0x0, 0xd, 0x0, 0x0, 0x0, 0x0,
    0x0, 0x0,

    /* U+7248 "版" */
    0x0, 0x0, 0x0, 0x0, 0x0, 0xd, 0x3a, 0x2e,
    0xba, 0x71, 0xd, 0x3a, 0x2b, 0x0, 0x0, 0xe,
    0xdf, 0x8e, 0xaa, 0xb2, 0xd, 0x0, 0x3d, 0xb2,
    0xc1, 0xf, 0xcb, 0x3a, 0xb2, 0xe0, 0xc, 0xd,
    0x49, 0x6c, 0x80, 0x2b, 0xd, 0x77, 0x3f, 0x20,
    0x68, 0xd, 0xb4, 0xcb, 0xc1, 0x72, 0xd, 0xb8,
    0x50, 0x85, 0x0, 0x0, 0x0, 0x0, 0x0,

    /* U+72B6 "状" */
    0x0, 0x0, 0x0, 0x0, 0x0, 0x0, 0xc1, 0x2,
    0xb4, 0x50, 0x76, 0xc1, 0x3, 0xb0, 0xa0, 0xb,
    0xd8, 0xbc, 0xeb, 0xb5, 0x0, 0xc2, 0x26, 0xf2,
    0x21, 0x5, 0xf1, 0x8, 0xf5, 0x0, 0x6d, 0xe1,
    0xd, 0x6a, 0x0, 0x61, 0xc1, 0x5c, 0xd, 0x20,
    0x0, 0xc4, 0xe3, 0x4, 0xd1, 0x0, 0xcb, 0x50,
    0x0, 0x66, 0x0, 0x0, 0x0, 0x0, 0x0,

    /* U+72EC "独" */
    0x0, 0x0, 0x0, 0x0, 0x0, 0x39, 0x95, 0x0,
    0xe0, 0x0, 0xb, 0xc1, 0xbb, 0xfb, 0xb0, 0x6a,
    0xd2, 0xc1, 0xe1, 0xe0, 0x0, 0xd4, 0xc0, 0xe0,
    0xe0, 0x8, 0xf5, 0xeb, 0xfb, 0xf0, 0x6b, 0xb3,
    0x11, 0xe3, 0x50, 0x11, 0xb2, 0x0, 0xe2, 0xd0,
    0x0, 0xd3, 0x68, 0xfb, 0xf3, 0x3e, 0x96, 0xa8,
    0x64, 0x86, 0x0, 0x0, 0x0, 0x0, 0x0,

    /* U+7387 "率" */
    0x0, 0x0, 0x36, 0x0, 0x0, 0xc, 0xcc, 0xcf,
    0xcc, 0xc7, 0x5, 0x21, 0xc3, 0x71, 0x50, 0x7,
    0xc6, 0xea, 0x78, 0xa0, 0x0, 0x33, 0x9a, 0x46,
    0x0, 0x9, 0xca, 0xfa, 0xfa, 0xc2, 0x4, 0x3,
    0x68, 0x32, 0x41, 0x3d, 0xdd, 0xef, 0xdd, 0xd9,
    0x0, 0x0, 0x4b, 0x0, 0x0, 0x0, 0x0, 0x4b,
    0x0, 0x0,

    /* U+73AF "环" */
    0x0, 0x0, 0x0, 0x0, 0x0, 0xaf, 0xd6, 0xdd,
    0xfe, 0xd6, 0xa, 0x20, 0x1, 0xe1, 0x0, 0xa,
    0x20, 0x8, 0xd2, 0x0, 0x9f, 0xe0, 0x2f, 0xed,
    0x30, 0xa, 0x21, 0xd8, 0xd4, 0xd0, 0xa, 0x26,
    0x91, 0xd0, 0x83, 0x2c, 0xd3, 0x0, 0xd0, 0x0,
    0x97, 0x20, 0x0, 0xd0, 0x0, 0x0, 0x0, 0x0,
    0xd0, 0x0,

    /* U+73B0 "现" */
    0x6e, 0xfc, 0xad, 0xcc, 0xf1, 0x2, 0xb0, 0xa2,
    0x0, 0xe1, 0x2, 0xb0, 0xa2, 0xc0, 0xe1, 0x4e,
    0xf9, 0xa2, 0xd0, 0xe1, 0x2, 0xb0, 0xa2, 0xd0,
    0xe1, 0x2, 0xb0, 0x22, 0xd2, 0x30, 0x5, 0xed,
    0x7, 0xc7, 0x5, 0x8d, 0x82, 0x4b, 0x77, 0xb,
    0x0, 0x5, 0xb0, 0x3d, 0xc6, 0x0, 0x0, 0x0,
    0x0, 0x0,

    /* U+73BB "玻" */
    0xaf, 0xe4, 0x0, 0xe0, 0x0, 0x9, 0x34, 0xfd,
    0xfd, 0xf3, 0xa, 0x44, 0x90, 0xe0, 0xc0, 0x7e,
    0xc6, 0xeb, 0xfb, 0x90, 0x9, 0x36, 0xbc, 0x17,
    0x80, 0x9, 0x68, 0x69, 0x6e, 0x20, 0x6d, 0xbd,
    0x32, 0xf9, 0x0, 0x41, 0x2c, 0x7d, 0x7c, 0xc2,
    0x0, 0x2, 0x51, 0x0, 0x41,

    /* U+73ED "班" */
    0x9d, 0xd2, 0xd, 0xdd, 0xd2, 0xa, 0x32, 0x1c,
    0xe, 0x0, 0xa, 0x37, 0x4c, 0xe, 0x0, 0x3c,
    0x88, 0x3c, 0xe, 0x0, 0x4d, 0x9c, 0x1d, 0xcf,
    0xd0, 0xa, 0x34, 0x2c, 0xe, 0x0, 0xa, 0x61,
    0x59, 0xe, 0x0, 0x9e, 0xa3, 0xd4, 0x3e, 0x31,
    0x10, 0x9, 0x55, 0xaa, 0xa4,

    /* U+7403 "球" */
    0xaf, 0xe4, 0x0, 0xe3, 0x70, 0x9, 0x36, 0xee,
    0xfe, 0xf6, 0x9, 0x30, 0x20, 0xf0, 0x30, 0x9f,
    0xe3, 0xd0, 0xf4, 0xd1, 0x9, 0x30, 0x64, 0xfe,
    0x30, 0x9, 0x30, 0x1c, 0xfd, 0x0, 0x1b, 0xc9,
    0xd4, 0xe8, 0x80, 0xb9, 0x49, 0x40, 0xe0, 0xb5,
    0x0, 0x0, 0x3d, 0xa0, 0x0,

    /* U+7483 "璃" */
    0x0, 0x0, 0x2, 0x50, 0x0, 0x9c, 0xc8, 0xbc,
    0xfb, 0xb3, 0xa, 0x30, 0x66, 0x36, 0x60, 0x9,
    0x30, 0xc6, 0xe3, 0xd0, 0x7e, 0xc0, 0xeb, 0x69,
    0xd0, 0x1a, 0x40, 0x56, 0xd5, 0x40, 0x9, 0x35,
    0xee, 0xdc, 0xe3, 0x4c, 0xea, 0x8c, 0x39, 0xa3,
    0x76, 0x15, 0xac, 0x8a, 0xb3, 0x0, 0x5, 0x80,
    0x8, 0xc1,

    /* U+7528 "用" */
    0xa, 0xee, 0xee, 0xee, 0xc0, 0xb3, 0xd, 0x10,
    0x1d, 0xb, 0x52, 0xd4, 0x24, 0xd0, 0xbb, 0xaf,
    0xba, 0xbd, 0xc, 0x30, 0xd1, 0x1, 0xd0, 0xde,
    0xdf, 0xed, 0xed, 0xe, 0x0, 0xd1, 0x1, 0xd4,
    0xb0, 0xd, 0x10, 0x1d, 0xa3, 0x0, 0xd1, 0xcd,
    0x90, 0x0, 0x0, 0x0, 0x0,

    /* U+7535 "电" */
    0x0, 0xe, 0x10, 0x0, 0xd, 0xee, 0xfe, 0xee,
    0xb0, 0xe1, 0xe, 0x10, 0x3b, 0xe, 0xdd, 0xfd,
    0xde, 0xb0, 0xe1, 0xe, 0x10, 0x3b, 0xe, 0xee,
    0xfe, 0xee, 0xb0, 0xa0, 0xe, 0x10, 0x3, 0x70,
    0x0, 0xd2, 0x0, 0x69, 0x0, 0x8, 0xfe, 0xee,
    0x30,

    /* U+754C "界" */
    0x3, 0xec, 0xcf, 0xcc, 0xe0, 0x0, 0x3c, 0x56,
    0xe5, 0x6e, 0x0, 0x3, 0xc5, 0x6e, 0x56, 0xe0,
    0x0, 0x3e, 0xbc, 0xfb, 0xce, 0x0, 0x0, 0x2d,
    0x60, 0x9a, 0x0, 0x0, 0x8e, 0xb2, 0x3, 0xdd,
    0x60, 0x7, 0x1c, 0x50, 0x78, 0x25, 0x0, 0x4,
    0xe1, 0x7, 0x80, 0x0, 0x4, 0xd3, 0x0, 0x78,
    0x0, 0x0, 0x0, 0x0, 0x0, 0x0, 0x0,

    /* U+7559 "留" */
    0x0, 0x16, 0x0, 0x0, 0x0, 0xbb, 0x60, 0xde,
    0xde, 0xe, 0x8, 0x5, 0x70, 0xd0, 0xf4, 0xe4,
    0xb3, 0x2b, 0x1e, 0x96, 0xda, 0x5d, 0x70, 0x38,
    0x89, 0x88, 0x81, 0x6, 0xa4, 0xc6, 0x4e, 0x20,
    0x6d, 0xae, 0xba, 0xf2, 0x6, 0x81, 0xb4, 0x1d,
    0x20, 0x6d, 0xaa, 0xaa, 0xe2,

    /* U+7565 "略" */
    0x0, 0x0, 0x16, 0x0, 0xf, 0xee, 0x18, 0xb2,
    0x20, 0xb8, 0x95, 0xfa, 0xbc, 0xb, 0x89, 0xd9,
    0x9b, 0x20, 0xee, 0xe2, 0x1e, 0xc1, 0xb, 0x89,
    0x8e, 0x67, 0xe6, 0xb8, 0x9a, 0xec, 0xcf, 0x3f,
    0xcc, 0x5a, 0x0, 0xd0, 0x40, 0x3, 0xb2, 0x2e,
    0x0, 0x0, 0x3e, 0xaa, 0xf0,

    /* U+767D "白" */
    0x0, 0x6, 0x0, 0x0, 0x0, 0x4d, 0x0, 0x0,
    0xce, 0xff, 0xee, 0xe2, 0xd1, 0x0, 0x0, 0xc2,
    0xd1, 0x0, 0x0, 0xc2, 0xde, 0xee, 0xee, 0xf2,
    0xd1, 0x0, 0x0, 0xc2, 0xd1, 0x0, 0x0, 0xc2,
    0xdf, 0xee, 0xee, 0xf2, 0xd1, 0x0, 0x0, 0xb2,

    /* U+7684 "的" */
    0x3, 0x30, 0x4, 0x0, 0x0, 0xb5, 0x1, 0xc0,
    0x0, 0xcf, 0xda, 0x6f, 0xdd, 0x4d, 0x1, 0xcd,
    0x10, 0x94, 0xd0, 0x1d, 0x73, 0x9, 0x3f, 0xcd,
    0xc0, 0xd1, 0xa3, 0xd0, 0x1c, 0x5, 0x9b, 0x2d,
    0x1, 0xc0, 0x0, 0xc1, 0xfd, 0xda, 0x0, 0xe,
    0xd, 0x0, 0x0, 0xac, 0xa0, 0x0, 0x0, 0x0,
    0x10, 0x0,

    /* U+76EE "目" */
    0x3f, 0xee, 0xee, 0xed, 0x3b, 0x0, 0x0, 0x2d,
    0x3e, 0xbb, 0xbb, 0xbd, 0x3c, 0x22, 0x22, 0x4d,
    0x3b, 0x0, 0x0, 0x2d, 0x3f, 0xdd, 0xdd, 0xed,
    0x3b, 0x0, 0x0, 0x2d, 0x3f, 0xee, 0xee, 0xed,
    0x3b, 0x0, 0x0, 0x2d,

    /* U+770B "看" */
    0x0, 0x0, 0x1, 0x23, 0x30, 0x5, 0xbb, 0xfb,
    0x97, 0x50, 0x4, 0x99, 0xfa, 0x99, 0x90, 0x3,
    0x49, 0xb4, 0x44, 0x40, 0x1a, 0xaf, 0xaa, 0xaa,
    0xa6, 0x0, 0xae, 0xaa, 0xab, 0x80, 0x1b, 0xbe,
    0x99, 0x9b, 0xa0, 0x16, 0x2d, 0x77, 0x79, 0xa0,
    0x0, 0x2c, 0x55, 0x58, 0xa0, 0x0, 0x2e, 0xaa,
    0xab, 0xa0,

    /* U+771F "真" */
    0x0, 0x0, 0x1, 0x0, 0x0, 0x5, 0x66, 0x8d,
    0x66, 0x62, 0x5, 0x77, 0xac, 0x77, 0x62, 0x0,
    0xc9, 0x88, 0x8d, 0x40, 0x0, 0xc8, 0x88, 0x8d,
    0x40, 0x0, 0xc9, 0x88, 0x8d, 0x40, 0x0, 0xc9,
    0x88, 0x8d, 0x40, 0x2c, 0xec, 0xcc, 0xcd, 0xc7,
    0x1, 0x6c, 0x10, 0x9b, 0x50, 0xa, 0x71, 0x0,
    0x2, 0x94,

    /* U+786E "确" */
    0x0, 0x0, 0x5, 0x0, 0x0, 0x5e, 0xec, 0x2f,
    0xaa, 0x10, 0x7, 0x60, 0xb4, 0x4c, 0x0, 0xb,
    0x25, 0xfc, 0xed, 0xd0, 0x1f, 0xd9, 0xa2, 0xc0,
    0xd0, 0x8f, 0x3a, 0xac, 0xfb, 0xf0, 0x4d, 0x1a,
    0xb5, 0xd3, 0xe0, 0xc, 0x2a, 0xc9, 0xe9, 0xe0,
    0xc, 0xca, 0xd0, 0xc0, 0xd0, 0x4, 0x5, 0x60,
    0x58, 0xd0, 0x0, 0x0, 0x0, 0x0, 0x0,

    /* U+793A "示" */
    0x3, 0xee, 0xee, 0xee, 0xa0, 0x0, 0x0, 0x0,
    0x0, 0x0, 0x1, 0x11, 0x11, 0x11, 0x10, 0x2d,
    0xdd, 0xef, 0xdd, 0xd8, 0x0, 0x20, 0x4b, 0x2,
    0x0, 0x0, 0xe2, 0x4b, 0xb, 0x60, 0x8, 0x90,
    0x4b, 0x2, 0xe0, 0x2d, 0x0, 0x4b, 0x0, 0xa5,
    0x0, 0xc, 0xe7, 0x0, 0x0, 0x0, 0x0, 0x0,
    0x0, 0x0,

    /* U+79BB "离" */
    0x0, 0x0, 0x34, 0x0, 0x0, 0x1b, 0xbb, 0xde,
    0xbb, 0xb6, 0x1, 0x65, 0x62, 0x93, 0x40, 0x0,
    0xd1, 0xcd, 0x65, 0x90, 0x0, 0xea, 0x85, 0xb9,
    0x90, 0x0, 0x55, 0xac, 0x55, 0x30, 0xb, 0xdd,
    0xfc, 0xdc, 0xf3, 0xb, 0x38, 0x82, 0xd1, 0xb3,
    0xb, 0x3d, 0xca, 0x87, 0xb3, 0xb, 0x30, 0x0,
    0xa, 0xd1,

    /* U+79FB "移" */
    0x0, 0x34, 0x0, 0x70, 0x0, 0x3d, 0xe5, 0xa,
    0xea, 0x90, 0x1, 0xc0, 0xd9, 0x2a, 0x80, 0x6b,
    0xea, 0x7, 0xea, 0x0, 0x29, 0xe4, 0xbc, 0xb7,
    0x0, 0xb, 0xe9, 0x24, 0xed, 0xd5, 0x3a, 0xc5,
    0x9b, 0x31, 0xe1, 0x84, 0xc0, 0x42, 0xdd, 0x50,
    0x1, 0xc0, 0x6, 0xd5, 0x0, 0x1, 0xc2, 0xd8,
    0x10, 0x0, 0x0, 0x0, 0x0, 0x0, 0x0,

    /* U+7A0D "稍" */
    0x16, 0xa7, 0x60, 0xc1, 0x72, 0x16, 0xc0, 0x48,
    0xc4, 0xc0, 0x37, 0xd5, 0x48, 0xe8, 0x80, 0x2a,
    0xe5, 0x97, 0x55, 0xe0, 0xb, 0xe8, 0x9d, 0xcc,
    0xf0, 0x3b, 0xc3, 0x92, 0x0, 0xd0, 0x64, 0xc0,
    0x9d, 0xcc, 0xf0, 0x0, 0xc0, 0x92, 0x0, 0xd0,
    0x0, 0xc0, 0x92, 0xd, 0xb0,

    /* U+7A33 "稳" */
    0x0, 0x2, 0x4, 0x10, 0x0, 0x1b, 0xe7, 0x4f,
    0xbb, 0x40, 0x1, 0xd3, 0xf6, 0x5e, 0x50, 0x4c,
    0xfb, 0x45, 0x55, 0xe0, 0x5, 0xf2, 0x8e, 0xee,
    0xf0, 0xa, 0xfa, 0x11, 0x11, 0xd0, 0x1c, 0xd8,
    0x9a, 0xca, 0xa0, 0x76, 0xd1, 0x69, 0xa4, 0x70,
    0x0, 0xd8, 0x5d, 0x5, 0xb6, 0x0, 0xd4, 0x9,
    0xbb, 0x33,

    /* U+7A3F "稿" */
    0x0, 0x0, 0x0, 0x20, 0x0, 0x3a, 0xd8, 0x34,
    0xe4, 0x32, 0x14, 0xb1, 0x88, 0x88, 0x84, 0x38,
    0xd6, 0x7c, 0xaa, 0xc0, 0x29, 0xe5, 0x69, 0x88,
    0xa0, 0xc, 0xdb, 0xcc, 0xcc, 0xc4, 0x5a, 0xb3,
    0xb5, 0x77, 0x76, 0x83, 0xb1, 0xbb, 0x3c, 0x76,
    0x1, 0xb1, 0xb8, 0xab, 0x76, 0x1, 0xb1, 0xb0,
    0x1, 0xc4,

    /* U+7ACB "立" */
    0x0, 0x0, 0x44, 0x0, 0x0, 0x0, 0x0, 0x4b,
    0x0, 0x0, 0x9, 0xcc, 0xcd, 0xcc, 0xc3, 0x1,
    0x45, 0x22, 0x27, 0x20, 0x0, 0x5b, 0x0, 0x3d,
    0x0, 0x0, 0x1f, 0x0, 0x78, 0x0, 0x0, 0xd,
    0x20, 0xc3, 0x0, 0x0, 0x8, 0x32, 0xd0, 0x0,
    0x2c, 0xcc, 0xcd, 0xec, 0xc8, 0x2, 0x22, 0x22,
    0x22, 0x21,

    /* U+7ADE "竞" */
    0x0, 0x0, 0x25, 0x0, 0x0, 0x9, 0xcc, 0xdf,
    0xcc, 0xc2, 0x0, 0x2a, 0x0, 0x48, 0x0, 0x2b,
    0xcf, 0xcb, 0xdd, 0xb7, 0x0, 0x78, 0x88, 0x88,
    0x30, 0x0, 0xe3, 0x33, 0x3a, 0x60, 0x0, 0xec,
    0xcc, 0xce, 0x60, 0x0, 0x7, 0x73, 0xb0, 0x1,
    0x0, 0x4e, 0x13, 0xb0, 0x3a, 0x2d, 0xb2, 0x0,
    0xed, 0xd5, 0x0, 0x0, 0x0, 0x0, 0x0,

    /* U+7B56 "策" */
    0x4, 0x30, 0x6, 0x30, 0x0, 0xd, 0xdc, 0xaf,
    0xdc, 0xc2, 0x88, 0xa4, 0xa8, 0x68, 0x0, 0x66,
    0x98, 0xc9, 0x6a, 0x50, 0x36, 0x66, 0xc9, 0x66,
    0x60, 0xd, 0xdc, 0xed, 0xcd, 0x80, 0xd, 0x20,
    0xb6, 0x6, 0x80, 0x9, 0x2a, 0xfe, 0x9a, 0x30,
    0x28, 0xd6, 0xa6, 0x9d, 0x81, 0x46, 0x10, 0x95,
    0x1, 0x71,

    /* U+7BA1 "管" */
    0x2, 0x30, 0x1, 0x40, 0x0, 0xb, 0xda, 0xa9,
    0xea, 0xa4, 0x3b, 0x2b, 0x3b, 0x1c, 0x10, 0xb,
    0xbb, 0xdd, 0xbb, 0xb2, 0xd, 0x67, 0x77, 0x77,
    0xb3, 0x0, 0xd4, 0x33, 0x3e, 0x0, 0x0, 0xdb,
    0xaa, 0xab, 0x0, 0x0, 0xda, 0xaa, 0xaa, 0x50,
    0x0, 0xd3, 0x22, 0x27, 0x80, 0x0, 0xdb, 0xaa,
    0xac, 0x80,

    /* U+7CBE "精" */
    0x0, 0x0, 0x0, 0x0, 0x0, 0x13, 0xd6, 0x57,
    0xc9, 0x73, 0xa, 0xda, 0x4a, 0xdb, 0xa2, 0x17,
    0xe5, 0x45, 0xc8, 0x53, 0x4d, 0xfa, 0x66, 0x66,
    0x64, 0x7, 0xf4, 0x5d, 0xaa, 0xe0, 0xc, 0xdb,
    0x5c, 0x88, 0xe0, 0x58, 0xd0, 0x5d, 0x99, 0xe0,
    0x11, 0xd0, 0x58, 0x0, 0xc0, 0x0, 0xd0, 0x58,
    0x8, 0xc0, 0x0, 0x0, 0x0, 0x0, 0x0,

    /* U+7CFB "系" */
    0x0, 0x0, 0x1, 0x36, 0x30, 0x8, 0xdd, 0xfc,
    0x97, 0x30, 0x0, 0xa, 0x70, 0x57, 0x0, 0x1,
    0xdd, 0xac, 0xd1, 0x0, 0x0, 0x45, 0xea, 0x1b,
    0x0, 0x0, 0x8f, 0x84, 0x5d, 0xa0, 0x7, 0xba,
    0xad, 0x65, 0xc3, 0x0, 0x77, 0x2c, 0x2b, 0x20,
    0x9, 0xc0, 0x3c, 0x5, 0xd2, 0x4, 0x7, 0xe8,
    0x0, 0x41,

    /* U+7D22 "索" */
    0x4, 0x44, 0x5e, 0x44, 0x42, 0x5, 0x55, 0x6e,
    0x55, 0x53, 0x1e, 0xcc, 0xee, 0xcc, 0xcc, 0x1b,
    0x18, 0xa2, 0x75, 0x1c, 0x0, 0xbb, 0xeb, 0x57,
    0x10, 0x4, 0xaf, 0xb8, 0x9c, 0xd1, 0x4, 0x56,
    0x2e, 0x15, 0x44, 0x2, 0xc7, 0xe, 0x9, 0xb1,
    0xa, 0x43, 0xdc, 0x0, 0x57,

    /* U+7EA7 "级" */
    0x0, 0x70, 0x0, 0x0, 0x0, 0x3, 0xb0, 0xdf,
    0xdf, 0x50, 0xa, 0x33, 0xe, 0xd, 0x10, 0x3c,
    0x4b, 0xd, 0x1d, 0x0, 0x7c, 0xf2, 0x2f, 0x5c,
    0xf2, 0x8, 0x84, 0x4f, 0x71, 0xd0, 0x5f, 0xb6,
    0x79, 0xe8, 0x80, 0x21, 0x49, 0xc3, 0x8f, 0x0,
    0x5d, 0xa7, 0xd5, 0xdb, 0xb1, 0x11, 0x7, 0x5b,
    0x20, 0x75,

    /* U+7EBF "线" */
    0x0, 0x92, 0x0, 0xe6, 0x60, 0x1, 0xc0, 0x0,
    0xe2, 0x91, 0xa, 0x4a, 0x6d, 0xfb, 0x82, 0x3f,
    0xd9, 0x0, 0xd3, 0x54, 0x2, 0xc0, 0x6c, 0xfb,
    0x73, 0x1e, 0xdc, 0x20, 0x86, 0xb5, 0x5, 0x12,
    0x0, 0x5f, 0x60, 0x19, 0xda, 0x39, 0xde, 0x28,
    0x4, 0x0, 0x96, 0x4, 0xd7,

    /* U+7ECF "经" */
    0x0, 0x40, 0x0, 0x0, 0x0, 0x0, 0xd0, 0x7d,
    0xde, 0xe0, 0x6, 0x72, 0x0, 0x1d, 0x50, 0x2d,
    0x4d, 0x12, 0xdd, 0x10, 0x5c, 0xf7, 0xae, 0x58,
    0xe6, 0x5, 0xb0, 0x72, 0x11, 0x45, 0x3f, 0xec,
    0x5b, 0xec, 0xb3, 0x14, 0x0, 0x0, 0x95, 0x0,
    0x17, 0xad, 0x0, 0x95, 0x0, 0x38, 0x31, 0xdd,
    0xfe, 0xda,

    /* U+7ED3 "结" */
    0x1, 0xc0, 0x0, 0xb3, 0x0, 0x8, 0x61, 0xde,
    0xfe, 0xe5, 0x3d, 0x4d, 0x0, 0xb3, 0x0, 0x7b,
    0xf3, 0x8c, 0xfd, 0xc2, 0xa, 0x72, 0x11, 0x11,
    0x10, 0x7f, 0xca, 0x6e, 0xdd, 0xf0, 0x0, 0x25,
    0x77, 0x0, 0xf0, 0x8d, 0xa7, 0x7d, 0xbb, 0xf0,
    0x0, 0x0, 0x68, 0x11, 0xe0,

    /* U+7EDF "统" */
    0x0, 0x30, 0x0, 0x40, 0x0, 0x2, 0xd0, 0x0,
    0xd1, 0x0, 0x9, 0x52, 0xce, 0xfd, 0xd6, 0x2d,
    0x5c, 0xb, 0x65, 0x40, 0x8e, 0xf3, 0x7d, 0x48,
    0xd0, 0x6, 0x90, 0xdc, 0xa9, 0xb5, 0x4f, 0xd9,
    0xe, 0x1c, 0x0, 0x35, 0x11, 0x2c, 0x1c, 0x0,
    0x29, 0xd9, 0x97, 0x1c, 0x38, 0x46, 0x8, 0xb0,
    0xd, 0xd4, 0x0, 0x0, 0x0, 0x0, 0x0,

    /* U+7EE7 "继" */
    0x0, 0x0, 0x0, 0x0, 0x0, 0x2, 0xb0, 0xd5,
    0xc, 0x32, 0x8, 0x30, 0xd6, 0x4c, 0xa1, 0x1b,
    0x3a, 0xd2, 0x4c, 0x50, 0x8d, 0xf2, 0xd9, 0xcf,
    0xb6, 0x7, 0x70, 0xd0, 0xaf, 0x80, 0x5f, 0xc8,
    0xd6, 0x8c, 0x94, 0x24, 0x0, 0xd6, 0xc, 0x11,
    0x5b, 0xa6, 0xeb, 0xbf, 0xb7, 0x10, 0x0, 0x11,
    0x11, 0x11,

    /* U+7EED "续" */
    0x0, 0xb0, 0x24, 0xd6, 0x40, 0x6, 0x61, 0x35,
    0xd7, 0x50, 0x2d, 0x59, 0xac, 0xdc, 0xe5, 0x38,
    0xd1, 0x1a, 0xa5, 0x90, 0xa, 0xa6, 0x77, 0x95,
    0x0, 0x4b, 0x73, 0xcd, 0xed, 0xc5, 0x3, 0x99,
    0x5, 0xb8, 0x10, 0x5a, 0x40, 0x8d, 0x13, 0xc2,
    0x0, 0x0, 0x60, 0x0, 0x23,

    /* U+7EF4 "维" */
    0x0, 0x40, 0x3, 0x24, 0x0, 0x0, 0xd0, 0xc,
    0x3d, 0x10, 0x7, 0x54, 0x3f, 0xcd, 0xc7, 0x2d,
    0x6c, 0xdb, 0x1d, 0x10, 0x28, 0xe2, 0x9f, 0xdf,
    0xd5, 0x7, 0x94, 0x2b, 0xd, 0x0, 0x2e, 0xb7,
    0x2f, 0xdf, 0xd5, 0x0, 0x25, 0x3b, 0xd, 0x0,
    0x3d, 0xb7, 0x3f, 0xdf, 0xda, 0x0, 0x0, 0x2b,
    0x0, 0x0,

    /* U+7F16 "编" */
    0x0, 0x0, 0x0, 0x10, 0x0, 0x3, 0xb0, 0x12,
    0xd3, 0x10, 0x9, 0x40, 0xea, 0xaa, 0xf0, 0x2b,
    0x57, 0xe7, 0x77, 0xe0, 0x7d, 0xe0, 0xe4, 0x44,
    0x40, 0x8, 0x50, 0xfe, 0xee, 0xe1, 0x5f, 0xc4,
    0xe9, 0x98, 0x91, 0x11, 0x47, 0xce, 0xed, 0xe1,
    0x4d, 0x9a, 0x79, 0x98, 0x91, 0x21, 0x8, 0x29,
    0x65, 0xc0,

    /* U+7F29 "缩" */
    0x0, 0x50, 0x0, 0x61, 0x0, 0x1, 0xc0, 0xaa,
    0xdd, 0xaa, 0x6, 0x54, 0xd3, 0x11, 0x1c, 0x1d,
    0x78, 0x5b, 0xdd, 0xdb, 0x3a, 0xe1, 0xb3, 0xd,
    0x10, 0x7, 0x75, 0xf4, 0xfb, 0xca, 0x2e, 0xa6,
    0xa4, 0xd4, 0x6a, 0x1, 0x68, 0x94, 0xd5, 0x7a,
    0x3c, 0x61, 0x94, 0xe9, 0xaa, 0x0, 0x0, 0x94,
    0xc1, 0x4a,

    /* U+7F6E "置" */
    0x9, 0xbc, 0xda, 0xea, 0xe2, 0x8, 0xaa, 0xca,
    0xc8, 0xc1, 0xa, 0xaa, 0xcd, 0xaa, 0xa4, 0x0,
    0x55, 0xb9, 0x55, 0x20, 0x0, 0xe6, 0x66, 0x6b,
    0x50, 0x0, 0xe8, 0x88, 0x8c, 0x50, 0x0, 0xe7,
    0x77, 0x7c, 0x50, 0x0, 0xe8, 0x88, 0x8c, 0x50,
    0x1a, 0xfa, 0xaa, 0xad, 0xc7,

    /* U+8017 "耗" */
    0x12, 0xe2, 0x0, 0x4a, 0x80, 0x5a, 0xfa, 0x8b,
    0xe2, 0x0, 0x18, 0xf8, 0x0, 0xe4, 0x71, 0x2,
    0xe2, 0x7c, 0xf7, 0x50, 0x9d, 0xfd, 0x30, 0xe2,
    0x53, 0x9, 0xf9, 0x8d, 0xfb, 0x94, 0x5c, 0xda,
    0x31, 0xe0, 0x1, 0x82, 0xd0, 0x0, 0xe0, 0x39,
    0x0, 0xd0, 0x0, 0xbc, 0xd4,

    /* U+8054 "联" */
    0x0, 0x0, 0x1, 0x0, 0x0, 0xaf, 0xdf, 0x3d,
    0x9, 0x70, 0x39, 0x1a, 0x3b, 0x7e, 0x50, 0x3e,
    0xca, 0x58, 0xf8, 0x80, 0x39, 0x1a, 0x0, 0xe0,
    0x0, 0x3e, 0xca, 0xbd, 0xfd, 0xd4, 0x39, 0x1a,
    0x2, 0xf3, 0x0, 0x6d, 0xbf, 0x68, 0xcb, 0x0,
    0x55, 0x4a, 0x3e, 0x1b, 0x90, 0x0, 0x1b, 0xc2,
    0x0, 0xa3, 0x0, 0x0, 0x0, 0x0, 0x0,

    /* U+80CC "背" */
    0x2b, 0xbf, 0xc, 0x89, 0x60, 0x0, 0xc, 0xc,
    0x60, 0x10, 0x3a, 0xdf, 0xc, 0x75, 0xb4, 0x25,
    0xaf, 0x9e, 0xff, 0x90, 0x1, 0xe4, 0x44, 0x4e,
    0x10, 0x1, 0xf8, 0x88, 0x8f, 0x10, 0x1, 0xfa,
    0xaa, 0xaf, 0x10, 0x1, 0xd0, 0x0, 0xe, 0x10,
    0x1, 0xd0, 0x4, 0xcc, 0x0,

    /* U+80FD "能" */
    0x0, 0x0, 0x0, 0x0, 0x0, 0x4, 0xb3, 0x24,
    0x90, 0x50, 0x2e, 0x89, 0xd4, 0xea, 0x50, 0x17,
    0x54, 0x76, 0xa0, 0x18, 0xd, 0xcc, 0xb1, 0xed,
    0xd6, 0xe, 0x24, 0xd2, 0x50, 0x0, 0xe, 0x77,
    0xd4, 0xb8, 0xc1, 0xf, 0xbb, 0xd4, 0xc3, 0x2,
    0xd, 0x1, 0xd4, 0xa0, 0xc, 0xd, 0x2c, 0x91,
    0xdc, 0xc6,

    /* U+81EA "自" */
    0x0, 0x1, 0x30, 0x0, 0x0, 0x8, 0x80, 0x0,
    0x2f, 0xee, 0xee, 0xee, 0x2b, 0x0, 0x0, 0x1e,
    0x2f, 0xdd, 0xdd, 0xde, 0x2b, 0x0, 0x0, 0x1e,
    0x2f, 0xdd, 0xdd, 0xde, 0x2b, 0x0, 0x0, 0x1e,
    0x2f, 0xcc, 0xcc, 0xde, 0x2b, 0x0, 0x0, 0x1e,

    /* U+822A "航" */
    0x0, 0x50, 0x0, 0x60, 0x0, 0x3, 0xc3, 0x0,
    0xc6, 0x0, 0xd, 0x8e, 0x9d, 0xed, 0xd9, 0xd,
    0x9c, 0x0, 0x0, 0x0, 0xc, 0x4c, 0xd, 0xdd,
    0xa0, 0x9f, 0xbf, 0xd, 0x2, 0xa0, 0xd, 0x8c,
    0xd, 0x2, 0xa0, 0xc, 0x7d, 0xd, 0x2, 0xa1,
    0x59, 0xc, 0x4a, 0x2, 0xa9, 0xa4, 0x6b, 0xb3,
    0x1, 0xd9, 0x0, 0x0, 0x0, 0x0, 0x0,

    /* U+8272 "色" */
    0x0, 0x4, 0x40, 0x0, 0x0, 0x0, 0x2, 0xfd,
    0xcc, 0x50, 0x0, 0x2, 0xd4, 0x4, 0xd1, 0x0,
    0x2, 0xff, 0xdd, 0xfe, 0xdd, 0x0, 0x5, 0xc0,
    0xe, 0x0, 0xd0, 0x0, 0x1c, 0x11, 0xe1, 0x1e,
    0x0, 0x1, 0xfc, 0xcc, 0xcc, 0xc0, 0x0, 0x1c,
    0x0, 0x0, 0x0, 0x90, 0x1, 0xd0, 0x0, 0x0,
    0x1d, 0x0, 0xa, 0xdd, 0xdd, 0xde, 0x50,

    /* U+8282 "节" */
    0x0, 0x2d, 0x0, 0x96, 0x0, 0x2e, 0xef, 0xee,
    0xfe, 0xe9, 0x0, 0x2d, 0x0, 0x96, 0x0, 0xe,
    0xee, 0xee, 0xee, 0xa0, 0x0, 0x6, 0x90, 0x3,
    0xb0, 0x0, 0x6, 0x90, 0x3, 0xb0, 0x0, 0x6,
    0x90, 0x37, 0xb0, 0x0, 0x6, 0x90, 0xaa, 0x40,
    0x0, 0x6, 0x90, 0x0, 0x0,

    /* U+8350 "荐" */
    0x8d, 0xee, 0xdd, 0xfd, 0xd2, 0x0, 0x5b, 0x20,
    0xa0, 0x0, 0x6b, 0xbf, 0xcb, 0xbb, 0xb1, 0x13,
    0xc8, 0x33, 0x33, 0x30, 0x6, 0xc0, 0xbb, 0xcf,
    0x40, 0x8f, 0xa0, 0x1, 0xd3, 0x0, 0x44, 0xa9,
    0xcd, 0xfc, 0xc3, 0x3, 0xa0, 0x1, 0xc0, 0x0,
    0x3, 0xa0, 0x3c, 0x90, 0x0,

    /* U+85CF "藏" */
    0x1c, 0xcf, 0xcc, 0xed, 0xc7, 0x0, 0x9, 0x0,
    0x87, 0xa2, 0xa, 0x8d, 0xcc, 0xde, 0xc8, 0xc,
    0xa7, 0xaa, 0x8a, 0x61, 0xa, 0xc9, 0xac, 0x5b,
    0xc0, 0x6c, 0xe8, 0x85, 0x9e, 0x80, 0xa, 0xa7,
    0x9c, 0x3d, 0x30, 0x1a, 0xc5, 0xca, 0xdd, 0x6a,
    0x65, 0x91, 0x12, 0xa0, 0xc8, 0x0, 0x0, 0x0,
    0x0, 0x0,

    /* U+884C "行" */
    0x0, 0x43, 0x0, 0x0, 0x0, 0x4, 0xe1, 0x7e,
    0xee, 0xe4, 0x4e, 0x32, 0x0, 0x0, 0x0, 0x12,
    0x6b, 0x0, 0x0, 0x0, 0x3, 0xf1, 0xde, 0xef,
    0xe8, 0x4e, 0xe0, 0x0, 0xc, 0x20, 0x23, 0xe0,
    0x0, 0xc, 0x20, 0x0, 0xe0, 0x0, 0xc, 0x20,
    0x0, 0xe0, 0x0, 0xc, 0x20, 0x0, 0xe0, 0x5,
    0xec, 0x0,

    /* U+8868 "表" */
    0x1c, 0xcc, 0xfd, 0xcc, 0x90, 0x3, 0x44, 0xc7,
    0x44, 0x10, 0x4, 0x77, 0xd9, 0x77, 0x20, 0x7c,
    0xcc, 0xfd, 0xcc, 0xc1, 0x0, 0x5d, 0x5c, 0x3,
    0x60, 0x4b, 0xf4, 0x6, 0xbc, 0x20, 0x43, 0xb3,
    0x13, 0xc8, 0x0, 0x0, 0xee, 0xc5, 0xa, 0xe2,
    0x0, 0x61, 0x0, 0x0, 0x10,

    /* U+8981 "要" */
    0xc, 0xce, 0xed, 0xfc, 0xc6, 0x6, 0xac, 0xdb,
    0xea, 0xa1, 0x9, 0x57, 0x73, 0xc1, 0xd1, 0x9,
    0xbc, 0xcb, 0xea, 0xe1, 0x1, 0x25, 0xd2, 0x22,
    0x20, 0x2c, 0xcf, 0xcc, 0xdf, 0xc8, 0x0, 0x8d,
    0x42, 0xd4, 0x0, 0x0, 0x39, 0xfe, 0xe8, 0x30,
    0xb, 0xa8, 0x30, 0x16, 0xa1,

    /* U+89C2 "观" */
    0x3d, 0xdd, 0x7f, 0xdd, 0xe4, 0x0, 0xb, 0x6a,
    0x0, 0x94, 0x4, 0xe, 0x4a, 0x66, 0x94, 0xc,
    0x5d, 0x3a, 0x76, 0x94, 0x3, 0xf9, 0x3a, 0x75,
    0x94, 0x0, 0xc8, 0x2, 0xa7, 0x21, 0x3, 0xbc,
    0x12, 0xad, 0x5, 0x1d, 0x24, 0x2c, 0x2d, 0xb,
    0x26, 0x0, 0xd3, 0xc, 0xb8, 0x0, 0x0, 0x0,
    0x0, 0x0,

    /* U+89C6 "视" */
    0x0, 0x30, 0x0, 0x0, 0x0, 0x0, 0xd1, 0x2f,
    0xcc, 0xf1, 0xc, 0xed, 0x4b, 0x11, 0xd1, 0x0,
    0x2d, 0x3b, 0x74, 0xd1, 0x0, 0xa5, 0x2b, 0x74,
    0xd1, 0x6, 0xfc, 0x3b, 0x83, 0xd1, 0xb, 0xe7,
    0x33, 0xc6, 0x30, 0x0, 0xe0, 0x4, 0xc9, 0x13,
    0x0, 0xe0, 0x3d, 0x49, 0x38, 0x0, 0xe0, 0xc2,
    0xb, 0xc3,

    /* U+89C9 "觉" */
    0x0, 0x0, 0x20, 0x1, 0x0, 0x2, 0xd0, 0x96,
    0xc, 0x40, 0x9, 0xdb, 0xbd, 0xbe, 0x92, 0x1e,
    0x33, 0x33, 0x33, 0xb4, 0x5, 0xdd, 0xdd, 0xdf,
    0x52, 0x0, 0xd0, 0x45, 0xe, 0x0, 0x0, 0xd0,
    0x78, 0xe, 0x0, 0x0, 0x80, 0xb9, 0x39, 0x0,
    0x0, 0x1a, 0xa8, 0x60, 0x46, 0xb, 0xd5, 0x4,
    0xec, 0xd4, 0x1, 0x0, 0x0, 0x0, 0x0,

    /* U+89D2 "角" */
    0x0, 0x8, 0x20, 0x0, 0x0, 0x5, 0xec, 0xcf,
    0x60, 0x2, 0xe3, 0x2, 0xe0, 0x1, 0xef, 0xdd,
    0xfd, 0xde, 0x3, 0xe0, 0x1d, 0x0, 0xe0, 0xf,
    0xcd, 0xfc, 0xde, 0x1, 0xe0, 0x1d, 0x1, 0xe0,
    0x3e, 0xcc, 0xfc, 0xce, 0x8, 0x70, 0x1d, 0x1,
    0xe0, 0xc1, 0x1, 0xd6, 0xea, 0x0, 0x0, 0x0,
    0x0, 0x0,

    /* U+8BA4 "认" */
    0x5, 0x60, 0x0, 0xe0, 0x0, 0x0, 0xb4, 0x0,
    0xe0, 0x0, 0x1, 0x10, 0x0, 0xe0, 0x0, 0x6c,
    0xf0, 0x0, 0xf1, 0x0, 0x0, 0xe0, 0x2, 0xf4,
    0x0, 0x0, 0xe0, 0x7, 0xc9, 0x0, 0x0, 0xe7,
    0x2d, 0x2d, 0x10, 0x1, 0xf8, 0x9a, 0x5, 0xc1,
    0x2, 0x41, 0xb0, 0x0, 0x66,

    /* U+8BA9 "让" */
    0x6, 0x60, 0x1, 0xe0, 0x0, 0x0, 0xb3, 0x1,
    0xe0, 0x0, 0x1, 0x10, 0x1, 0xe0, 0x0, 0x6c,
    0xd0, 0x1, 0xfe, 0xe0, 0x0, 0xd0, 0x1, 0xe0,
    0x0, 0x0, 0xd0, 0x1, 0xe0, 0x0, 0x0, 0xe8,
    0x21, 0xe0, 0x0, 0x3, 0xf9, 0x34, 0xe3, 0x32,
    0x5, 0x45, 0xaa, 0xaa, 0xa7,

    /* U+8BBE "设" */
    0x0, 0x0, 0x0, 0x0, 0x0, 0x5, 0xb0, 0xf,
    0xdf, 0x20, 0x0, 0x74, 0x1c, 0xb, 0x20, 0x14,
    0x30, 0x88, 0xa, 0x72, 0x3a, 0xd2, 0x90, 0x2,
    0x62, 0x0, 0xd0, 0xee, 0xde, 0xd0, 0x0, 0xd0,
    0x3b, 0x9, 0x60, 0x0, 0xea, 0x17, 0xbb, 0x0,
    0x4, 0xf6, 0x5b, 0xdc, 0x60, 0x2, 0x33, 0x92,
    0x2, 0x94,

    /* U+8BBF "访" */
    0x2, 0x10, 0x0, 0x70, 0x0, 0x6, 0xc0, 0x0,
    0xd2, 0x0, 0x0, 0x53, 0xee, 0xee, 0xe9, 0x38,
    0x80, 0xd, 0x10, 0x0, 0x25, 0xe0, 0xf, 0xbb,
    0xa0, 0x0, 0xe0, 0xe, 0x23, 0xe0, 0x0, 0xe1,
    0x2b, 0x1, 0xd0, 0x0, 0xfd, 0x88, 0x2, 0xc0,
    0x4, 0xe4, 0xc3, 0x4, 0xa0, 0x3, 0x34, 0x90,
    0xae, 0x40, 0x0, 0x0, 0x0, 0x0, 0x0,

    /* U+8BC1 "证" */
    0x2, 0x0, 0x0, 0x0, 0x0, 0x7, 0xb2, 0xdd,
    0xdd, 0xdb, 0x0, 0x61, 0x0, 0x2c, 0x0, 0x28,
    0x70, 0x31, 0x2c, 0x0, 0x3c, 0xe0, 0xa3, 0x2d,
    0x21, 0x0, 0xe0, 0xa3, 0x2f, 0xb6, 0x0, 0xe0,
    0xa3, 0x2c, 0x0, 0x0, 0xfb, 0xa3, 0x2c, 0x0,
    0x5, 0xc5, 0xec, 0xbe, 0xaa, 0x0, 0x1, 0x22,
    0x22, 0x22,

    /* U+8BC6 "识" */
    0x1, 0x0, 0x0, 0x0, 0x0, 0x7, 0xa0, 0x3e,
    0xee, 0xe1, 0x0, 0x81, 0x3a, 0x0, 0xe1, 0x15,
    0x40, 0x3a, 0x0, 0xe1, 0x29, 0xe0, 0x3a, 0x0,
    0xe1, 0x0, 0xe0, 0x3d, 0xdd, 0xd1, 0x0, 0xe0,
    0x1, 0x0, 0x10, 0x0, 0xeb, 0x4e, 0x15, 0xb0,
    0x3, 0xf6, 0x8a, 0x0, 0xd3, 0x3, 0x30, 0x91,
    0x0, 0x54,

    /* U+8BD1 "译" */
    0x1, 0x0, 0x0, 0x0, 0x0, 0x9, 0x52, 0xee,
    0xcd, 0xf2, 0x1, 0xc0, 0x1c, 0x29, 0x90, 0x1,
    0x10, 0x4, 0xfc, 0x0, 0x3c, 0xe3, 0xac, 0x7a,
    0xc6, 0x0, 0xe2, 0x64, 0xd5, 0x52, 0x0, 0xe0,
    0x46, 0xe7, 0x60, 0x0, 0xfc, 0xcc, 0xfc, 0xc8,
    0x4, 0xe3, 0x0, 0xd2, 0x0, 0x2, 0x30, 0x0,
    0xc1, 0x0,

    /* U+8BF4 "说" */
    0x2, 0x0, 0x33, 0x2, 0x50, 0x7, 0xb0, 0x3d,
    0x9, 0x70, 0x0, 0x71, 0x9e, 0xaf, 0xa0, 0x37,
    0x60, 0xe2, 0x22, 0xe0, 0x39, 0xd0, 0xe0, 0x0,
    0xe0, 0x1, 0xd0, 0xdf, 0xdf, 0xd0, 0x1, 0xd0,
    0xe, 0x1e, 0x0, 0x1, 0xec, 0x5e, 0xe, 0x0,
    0x5, 0xf6, 0xa7, 0xe, 0xc, 0x5, 0x39, 0x90,
    0xb, 0xe8, 0x0, 0x0, 0x0, 0x0, 0x0,

    /* U+8C03 "调" */
    0x0, 0x0, 0x0, 0x0, 0x0, 0x7, 0x90, 0xfc,
    0xcc, 0xe5, 0x0, 0x82, 0xc2, 0xc3, 0x75, 0x26,
    0x50, 0xc5, 0xd7, 0x75, 0x28, 0xd0, 0xca, 0xea,
    0x95, 0x0, 0xd1, 0xb3, 0x44, 0x75, 0x0, 0xd3,
    0xab, 0x5c, 0x75, 0x0, 0xfd, 0x8b, 0xad, 0x75,
    0x3, 0xeb, 0x57, 0x0, 0x75, 0x4, 0x3a, 0x0,
    0x7, 0xd3, 0x0, 0x0, 0x0, 0x0, 0x0,

    /* U+8C08 "谈" */
    0x5, 0x40, 0x30, 0xe0, 0x41, 0x1, 0xc2, 0xc1,
    0xd2, 0xc0, 0x1, 0x11, 0x46, 0xe9, 0x20, 0x5c,
    0xd1, 0x9c, 0x17, 0xd2, 0x0, 0xd1, 0x70, 0xe0,
    0x52, 0x0, 0xd0, 0xc1, 0xf1, 0xd2, 0x0, 0xe4,
    0x85, 0xfc, 0x70, 0x2, 0xf7, 0x5e, 0x3d, 0x50,
    0x3, 0x68, 0xb3, 0x2, 0x98,

    /* U+8D28 "质" */
    0x0, 0x0, 0x0, 0x24, 0x20, 0x9, 0xcc, 0xdf,
    0xa8, 0x40, 0xd, 0x65, 0x5f, 0x55, 0x51, 0xd,
    0x76, 0x7e, 0x66, 0x61, 0xe, 0x4c, 0xdf, 0xcc,
    0xa0, 0xe, 0x4a, 0x8, 0x13, 0xc0, 0xe, 0x49,
    0xe, 0x2, 0xc0, 0x3a, 0x26, 0x6b, 0x32, 0x80,
    0xa6, 0x5b, 0xb1, 0x7c, 0x70, 0x30, 0x53, 0x0,
    0x0, 0x50,

    /* U+8D34 "贴" */
    0xf, 0xdd, 0xc0, 0xa2, 0x0, 0xb, 0x63, 0xc0,
    0xab, 0xa6, 0xb, 0x95, 0xc0, 0xa5, 0x21, 0xb,
    0x95, 0xc0, 0xa2, 0x0, 0xb, 0xa4, 0xcc, 0xfe,
    0xd9, 0xb, 0xc3, 0xca, 0x0, 0x2a, 0x2, 0xe8,
    0x1a, 0x0, 0x2a, 0x1c, 0x86, 0x8d, 0xcc, 0xca,
    0x2a, 0x0, 0x2a, 0x11, 0x3a,

    /* U+8D44 "资" */
    0x1, 0x0, 0x7, 0x0, 0x0, 0x7, 0xc3, 0x8e,
    0xbb, 0xb6, 0x0, 0x16, 0xb1, 0xe5, 0xa3, 0x6,
    0xba, 0x1b, 0x8c, 0x60, 0x18, 0x22, 0xc5, 0x1,
    0x89, 0x0, 0xdd, 0xdd, 0xdd, 0xa0, 0x0, 0xe0,
    0x28, 0x2, 0xc0, 0x0, 0xd0, 0xa8, 0x42, 0xa0,
    0x3, 0x6c, 0x82, 0x8d, 0xa3, 0x9, 0x61, 0x0,
    0x0, 0x54,

    /* U+8DD1 "跑" */
    0x0, 0x0, 0x3, 0x10, 0x0, 0xf, 0xcf, 0xe,
    0x74, 0x42, 0xc, 0xd, 0x9a, 0x66, 0xa6, 0xe,
    0xde, 0xbc, 0xb9, 0x76, 0x2, 0xb0, 0x4a, 0xc,
    0x76, 0xb, 0xcc, 0x4c, 0x6c, 0x76, 0xb, 0xb0,
    0x4c, 0x5b, 0xd3, 0xb, 0xb6, 0x69, 0x1, 0x11,
    0x3e, 0xfc, 0x6a, 0x0, 0xc, 0x37, 0x10, 0x1d,
    0xcc, 0xc8,

    /* U+8DDF "跟" */
    0xf, 0xcf, 0x9e, 0xcc, 0xf0, 0xc, 0xb, 0x99,
    0x33, 0xe0, 0xf, 0xcf, 0x9b, 0x77, 0xe0, 0x2,
    0xa0, 0x6b, 0x77, 0xe0, 0xb, 0xac, 0x89, 0xa6,
    0x71, 0xb, 0xa0, 0x67, 0x3c, 0xc2, 0xc, 0xb7,
    0x87, 0xd, 0x30, 0x5f, 0xa6, 0xbd, 0xd5, 0xe4,
    0x0, 0x0, 0x54, 0x0, 0x21,

    /* U+8DEF "路" */
    0x0, 0x0, 0x1, 0x30, 0x0, 0xf, 0xcf, 0x18,
    0xc6, 0x50, 0xc, 0xc, 0x4f, 0x79, 0xb0, 0xf,
    0xcf, 0xc7, 0xcd, 0x30, 0x1, 0xb0, 0x2, 0xdd,
    0x10, 0xb, 0xb9, 0x7e, 0x67, 0xe5, 0xb, 0xb4,
    0x8e, 0xcc, 0xf3, 0xb, 0xb6, 0x3c, 0x0, 0xe0,
    0x5e, 0xa6, 0x2e, 0x99, 0xf0, 0x0, 0x0, 0x1d,
    0x22, 0xe0,

    /* U+8F6E "轮" */
    0x0, 0x0, 0x0, 0x10, 0x0, 0x4, 0xa0, 0x1,
    0xf5, 0x0, 0x6e, 0xed, 0x7, 0xad, 0x0, 0xb,
    0x60, 0x4d, 0x7, 0x90, 0x1b, 0xb3, 0xc5, 0x0,
    0x95, 0x5d, 0xfd, 0x1e, 0x1a, 0x60, 0x0, 0xb1,
    0xf, 0xd6, 0x0, 0x49, 0xee, 0x3f, 0x10, 0x10,
    0x36, 0xc1, 0xe, 0x0, 0xa3, 0x0, 0xb1, 0xa,
    0xdd, 0xc0,

    /* U+8F7B "轻" */
    0x2, 0x30, 0x0, 0x0, 0x0, 0x6, 0x80, 0x7d,
    0xdf, 0x70, 0x8f, 0xdd, 0x10, 0x3e, 0x10, 0xc,
    0x50, 0x2, 0xe6, 0x0, 0x39, 0xc1, 0x8e, 0x8d,
    0x80, 0x7d, 0xfd, 0x63, 0x12, 0x70, 0x0, 0xc2,
    0x6b, 0xfb, 0x80, 0x6b, 0xfd, 0x10, 0xe0, 0x0,
    0x44, 0xc1, 0x0, 0xe0, 0x0, 0x0, 0xc1, 0xdd,
    0xfd, 0xd1,

    /* U+8F7D "载" */
    0x3, 0x5e, 0x53, 0xc5, 0x80, 0x4, 0x5e, 0x53,
    0xb2, 0x72, 0x2b, 0xdc, 0xbb, 0xec, 0xb8, 0x5,
    0xb9, 0x55, 0x94, 0x71, 0x9, 0xc9, 0x86, 0x87,
    0xd0, 0xc, 0xde, 0xda, 0x5f, 0x60, 0x0, 0x9,
    0x74, 0x3f, 0x4, 0x1e, 0xef, 0xca, 0xdf, 0x3b,
    0x0, 0x8, 0x58, 0x84, 0xe6, 0x0, 0x0, 0x0,
    0x0, 0x0,

    /* U+8F91 "辑" */
    0x0, 0x20, 0x0, 0x0, 0x0, 0x15, 0xc2, 0x4d,
    0xaa, 0xe0, 0x6e, 0xdc, 0x5c, 0x66, 0xe0, 0xb,
    0x51, 0x9e, 0xee, 0xe4, 0x3d, 0xc9, 0x4c, 0x34,
    0xd1, 0x27, 0xc9, 0x3d, 0x99, 0xd0, 0x1, 0xa9,
    0x4e, 0xaa, 0xd0, 0x8e, 0xe9, 0x4b, 0x13, 0xe2,
    0x0, 0x94, 0xee, 0xdc, 0xe5, 0x0, 0x94, 0x0,
    0x0, 0xd0, 0x0, 0x0, 0x0, 0x0, 0x0,

    /* U+8FA8 "辨" */
    0x0, 0x0, 0x0, 0x0, 0x0, 0x0, 0x39, 0x0,
    0xc0, 0x39, 0x0, 0x2d, 0xcb, 0x2c, 0x4d, 0xcb,
    0x0, 0xb3, 0x89, 0xc0, 0xb3, 0x70, 0x3d, 0xdb,
    0xac, 0x4d, 0xcb, 0x0, 0x3c, 0x15, 0xc0, 0x3c,
    0x10, 0x2c, 0xfa, 0xc, 0x2a, 0xe8, 0x0, 0x49,
    0x3, 0xa0, 0x4c, 0x20, 0xa, 0x50, 0xb4, 0x1,
    0xb0, 0x1, 0x90, 0x38, 0x0, 0x1b, 0x0, 0x0,
    0x0, 0x0, 0x0, 0x0, 0x0,

    /* U+8FB9 "边" */
    0x0, 0x0, 0x0, 0x0, 0x0, 0xa, 0x50, 0x2,
    0xd0, 0x0, 0x1, 0xc5, 0x89, 0xe8, 0x82, 0x0,
    0x2, 0x59, 0xc5, 0xc4, 0x4e, 0xc0, 0x9, 0x80,
    0xb3, 0x1, 0xc0, 0xd, 0x30, 0xc2, 0x1, 0xc0,
    0x8a, 0x0, 0xe1, 0x2, 0xd7, 0xb0, 0x4d, 0xc0,
    0x1d, 0xc9, 0x10, 0x1, 0x13, 0x58, 0x7, 0xde,
    0xee, 0xf9, 0x0, 0x0, 0x0, 0x0, 0x0,

    /* U+8FBE "达" */
    0x9, 0x20, 0x1, 0xe0, 0x0, 0x4, 0xc3, 0x67,
    0xe6, 0x63, 0x0, 0x3, 0x69, 0xd6, 0x63, 0x4e,
    0xd0, 0x8, 0xe3, 0x0, 0x0, 0xe0, 0xd, 0x4d,
    0x30, 0x0, 0xe1, 0xb8, 0x3, 0xd1, 0x2, 0xf5,
    0x60, 0x0, 0x54, 0x1d, 0x7c, 0x63, 0x23, 0x56,
    0x26, 0x1, 0x8b, 0xbb, 0xb6,

    /* U+8FC1 "迁" */
    0x2, 0x0, 0x0, 0x4, 0x50, 0xb, 0x63, 0xbc,
    0xf9, 0x50, 0x0, 0x90, 0x0, 0xe0, 0x0, 0x0,
    0x2, 0x33, 0xe3, 0x32, 0x3c, 0xb6, 0xaa, 0xfa,
    0xa6, 0x1, 0xe0, 0x0, 0xe0, 0x0, 0x0, 0xe0,
    0x0, 0xe0, 0x0, 0x2, 0xf0, 0x0, 0xe0, 0x0,
    0x1d, 0x6b, 0x52, 0x32, 0x45, 0x15, 0x1, 0x8a,
    0xbb, 0xa6,

    /* U+8FC7 "过" */
    0x8, 0x20, 0x0, 0xd, 0x10, 0x2, 0xc4, 0x88,
    0x8e, 0x93, 0x0, 0x1, 0x43, 0x3e, 0x41, 0x3d,
    0xc0, 0xc3, 0xd, 0x10, 0x0, 0xe0, 0x2b, 0xd,
    0x10, 0x0, 0xe0, 0x0, 0xe, 0x10, 0x4, 0xf2,
    0x6, 0xda, 0x0, 0x3d, 0x5c, 0xca, 0xab, 0xb6,
    0x1, 0x0, 0x13, 0x43, 0x31,

    /* U+8FD0 "运" */
    0x0, 0x0, 0x0, 0x0, 0x0, 0xc, 0x60, 0xdd,
    0xdd, 0xd0, 0x1, 0xa1, 0x0, 0x0, 0x0, 0x0,
    0x6, 0xaa, 0xaa, 0xa7, 0x4d, 0xd2, 0x4e, 0x67,
    0x43, 0x0, 0xd0, 0x4b, 0xa, 0x50, 0x0, 0xd1,
    0xd7, 0x69, 0xe0, 0x0, 0xe1, 0xb9, 0x76, 0x95,
    0xb, 0xc9, 0x10, 0x0, 0x14, 0x3a, 0x5, 0xce,
    0xee, 0xfa, 0x0, 0x0, 0x0, 0x0, 0x0,

    /* U+8FD1 "近" */
    0x2, 0x0, 0x0, 0x24, 0x60, 0xa, 0x70, 0xdc,
    0xa8, 0x50, 0x0, 0xa0, 0xd1, 0x0, 0x0, 0x0,
    0x0, 0xea, 0xaa, 0xa5, 0x3e, 0xd0, 0xf4, 0x3f,
    0x32, 0x0, 0xe0, 0xd0, 0xe, 0x0, 0x0, 0xe5,
    0xa0, 0xe, 0x0, 0x0, 0xe8, 0x40, 0xe, 0x0,
    0xc, 0x8a, 0x10, 0x2, 0x24, 0x38, 0x4, 0xcd,
    0xef, 0xf7, 0x0, 0x0, 0x0, 0x0, 0x0,

    /* U+8FD8 "还" */
    0x4, 0x0, 0x0, 0x0, 0x0, 0x8, 0xb7, 0xee,
    0xff, 0xe7, 0x0, 0x91, 0x1, 0xe2, 0x0, 0x0,
    0x0, 0xb, 0xe1, 0x0, 0x4e, 0xc0, 0x8e, 0xeb,
    0x60, 0x1, 0xca, 0xc2, 0xd0, 0xc6, 0x1, 0xc3,
    0x1, 0xd0, 0x12, 0x3, 0xd0, 0x1, 0xd0, 0x0,
    0x1e, 0xca, 0x20, 0x0, 0x3, 0x58, 0x6, 0xde,
    0xef, 0xfb, 0x0, 0x0, 0x0, 0x0, 0x0,

    /* U+8FD9 "这" */
    0x0, 0x0, 0x2, 0x20, 0x0, 0xb, 0x20, 0x5,
    0xb0, 0x0, 0x4, 0xbb, 0xde, 0xfe, 0xe8, 0x0,
    0x2, 0x60, 0xd, 0x20, 0x3d, 0xb0, 0x8b, 0x89,
    0x0, 0x0, 0xd0, 0x8, 0xf6, 0x0, 0x0, 0xd1,
    0x8d, 0x4d, 0x80, 0x1, 0xe8, 0x70, 0x0, 0x91,
    0xc, 0x9a, 0x10, 0x0, 0x36, 0x39, 0x4, 0xce,
    0xef, 0xf9, 0x0, 0x0, 0x0, 0x0, 0x0,

    /* U+8FDB "进" */
    0x0, 0x0, 0x0, 0x0, 0x0, 0xa, 0x50, 0xe,
    0xe, 0x0, 0x0, 0x85, 0xdf, 0xdf, 0xd2, 0x0,
    0x0, 0xe, 0xe, 0x0, 0x3c, 0xb0, 0xe, 0xe,
    0x0, 0x2, 0xe6, 0xef, 0xef, 0xe5, 0x0, 0xe0,
    0x69, 0xe, 0x0, 0x0, 0xe1, 0xd2, 0xe, 0x0,
    0xa, 0xa8, 0x30, 0x4, 0x13, 0x38, 0x5, 0xcd,
    0xde, 0xf6, 0x0, 0x0, 0x0, 0x0, 0x0,

    /* U+8FDE "连" */
    0x0, 0x0, 0x2, 0x0, 0x0, 0xa, 0x62, 0x4f,
    0x54, 0x42, 0x1, 0xc4, 0xbb, 0x88, 0x73, 0x0,
    0x0, 0xc1, 0xd1, 0x0, 0x4d, 0xc3, 0xfd, 0xfe,
    0xd2, 0x1, 0xc0, 0x0, 0xd1, 0x0, 0x1, 0xc8,
    0xdd, 0xfe, 0xd8, 0x1, 0xd0, 0x0, 0xd1, 0x0,
    0xc, 0xc8, 0x10, 0x81, 0x3, 0x49, 0x6, 0xde,
    0xef, 0xfb, 0x0, 0x0, 0x0, 0x0, 0x0,

    /* U+8FF7 "迷" */
    0xa, 0x32, 0x50, 0xe0, 0x72, 0x2, 0xc0, 0xd1,
    0xe2, 0xd0, 0x0, 0x2, 0x64, 0xe5, 0x62, 0x4d,
    0xc6, 0x9d, 0xfd, 0x95, 0x1, 0xc0, 0x2d, 0xfd,
    0x30, 0x1, 0xc1, 0xd3, 0xe2, 0xd2, 0x1, 0xc9,
    0x60, 0xe0, 0x46, 0xb, 0xc7, 0x10, 0x80, 0x3,
    0x48, 0x6, 0xde, 0xef, 0xfb, 0x0, 0x0, 0x0,
    0x0, 0x0,

    /* U+9002 "适" */
    0x0, 0x0, 0x0, 0x1, 0x30, 0xc, 0x21, 0xbc,
    0xeb, 0x80, 0x3, 0xb0, 0x10, 0xe0, 0x0, 0x0,
    0x8, 0xcc, 0xfc, 0xc8, 0x4c, 0xa0, 0x0, 0xe0,
    0x0, 0x2, 0xc0, 0xeb, 0xbb, 0xf0, 0x1, 0xc0,
    0xe0, 0x0, 0xe0, 0x1, 0xd0, 0xcb, 0xbb, 0xd0,
    0xb, 0xb9, 0x10, 0x0, 0x13, 0x39, 0x4, 0xbd,
    0xde, 0xf8, 0x0, 0x0, 0x0, 0x0, 0x0,

    /* U+9009 "选" */
    0x9, 0x10, 0x73, 0xd1, 0x0, 0x4, 0xc2, 0xec,
    0xfc, 0xc3, 0x0, 0x4, 0x51, 0xd2, 0x11, 0x2c,
    0xa5, 0xaf, 0xaf, 0xa6, 0x1, 0xd0, 0x2c, 0x1d,
    0x0, 0x0, 0xd0, 0xa7, 0x1d, 0x1a, 0x0, 0xd8,
    0x90, 0xd, 0xe7, 0x8, 0xaa, 0x20, 0x0, 0x15,
    0x2b, 0x2, 0xbd, 0xde, 0xf9, 0x0, 0x0, 0x0,
    0x0, 0x0,

    /* U+900F "透" */
    0x1, 0x0, 0x1, 0x24, 0x50, 0xd, 0x52, 0xa9,
    0xf6, 0x40, 0x1, 0xa6, 0xbb, 0xfb, 0xb7, 0x0,
    0x0, 0x2c, 0xfb, 0x30, 0x29, 0x78, 0xc1, 0xb1,
    0xb8, 0x15, 0xd1, 0x9f, 0xbe, 0x22, 0x0, 0xd0,
    0x3b, 0x6, 0xb5, 0x0, 0xe6, 0xd3, 0xa, 0xd1,
    0xa, 0xdc, 0x20, 0x0, 0x3, 0x2c, 0x3, 0xbd,
    0xde, 0xfa, 0x0, 0x0, 0x0, 0x0, 0x0,

    /* U+901F "速" */
    0x8, 0x1, 0x22, 0xe2, 0x21, 0x5, 0xb4, 0x77,
    0xf7, 0x72, 0x0, 0x3, 0xdb, 0xfb, 0xe0, 0x4c,
    0xb4, 0x90, 0xe0, 0xe0, 0x2, 0xe3, 0xbd, 0xfc,
    0xb0, 0x0, 0xe0, 0x3d, 0xfc, 0x30, 0x0, 0xe6,
    0xd2, 0xe2, 0xd1, 0x6, 0xb8, 0x10, 0xb0, 0x22,
    0x39, 0x5, 0xbc, 0xdd, 0xf6, 0x0, 0x0, 0x0,
    0x0, 0x0,

    /* U+903B "逻" */
    0x0, 0x0, 0x0, 0x0, 0x0, 0x0, 0xa4, 0x4d,
    0xeb, 0xec, 0xa0, 0x1, 0xc5, 0x8a, 0x1b, 0x3a,
    0x0, 0x11, 0x29, 0xeb, 0x99, 0x60, 0x3b, 0xe0,
    0x4f, 0xbb, 0xb2, 0x0, 0xe, 0x5c, 0x70, 0x6c,
    0x0, 0x0, 0xe0, 0x8, 0xdd, 0x10, 0x0, 0xe,
    0x18, 0xe9, 0x10, 0x0, 0xd, 0xaa, 0x81, 0x0,
    0x3, 0x5, 0x80, 0x5c, 0xed, 0xef, 0xe0, 0x0,
    0x0, 0x0, 0x0, 0x0, 0x0,

    /* U+9053 "道" */
    0x0, 0x0, 0x10, 0x1, 0x0, 0xa, 0x10, 0x68,
    0xb, 0x40, 0x6, 0xa8, 0xbc, 0xfb, 0xb8, 0x0,
    0x10, 0x79, 0xd7, 0x70, 0x2a, 0x90, 0xe4, 0x44,
    0xe0, 0x3, 0xe0, 0xf9, 0x99, 0xe0, 0x0, 0xe0,
    0xf8, 0x88, 0xe0, 0x0, 0xe0, 0xfa, 0xaa, 0xe0,
    0xa, 0xc9, 0x10, 0x0, 0x3, 0x39, 0x4, 0xbc,
    0xcd, 0xea, 0x0, 0x0, 0x0, 0x0, 0x0,

    /* U+90E8 "部" */
    0x0, 0x24, 0x0, 0x0, 0x0, 0x0, 0x3c, 0x0,
    0x9e, 0xe8, 0xd, 0xdc, 0xe8, 0x93, 0x96, 0x4,
    0x90, 0xd1, 0x93, 0xd0, 0x27, 0xd9, 0xd7, 0x96,
    0xb0, 0x14, 0x44, 0x44, 0x93, 0xa3, 0xb, 0xdd,
    0xe7, 0x93, 0x49, 0xc, 0x10, 0x67, 0x97, 0xc6,
    0xc, 0xcb, 0xd7, 0x94, 0x20, 0xc, 0x20, 0x67,
    0x93, 0x0, 0x0, 0x0, 0x0, 0x0, 0x0,

    /* U+91CC "里" */
    0x3, 0xfd, 0xdf, 0xdd, 0xd0, 0x3, 0xa0, 0x2b,
    0x1, 0xd0, 0x3, 0xec, 0xce, 0xcc, 0xd0, 0x3,
    0xc4, 0x6c, 0x46, 0xd0, 0x1, 0x66, 0x9d, 0x66,
    0x50, 0x5, 0xaa, 0xbe, 0xaa, 0xa1, 0x1, 0x33,
    0x6d, 0x33, 0x30, 0x2, 0x22, 0x5c, 0x22, 0x21,
    0x2b, 0xbb, 0xbb, 0xbb, 0xb7,

    /* U+91CD "重" */
    0x0, 0x0, 0x1, 0x24, 0x20, 0x4, 0xcc, 0xdd,
    0x97, 0x30, 0x2a, 0xaa, 0xce, 0xaa, 0xa6, 0x1,
    0x99, 0xbd, 0x99, 0x60, 0x2, 0xc4, 0x8c, 0x47,
    0xa0, 0x2, 0xd6, 0x9c, 0x68, 0xa0, 0x2, 0xba,
    0xce, 0xaa, 0x80, 0x5, 0xaa, 0xbd, 0xaa, 0xa0,
    0x2, 0x33, 0x7b, 0x33, 0x30, 0x2b, 0xbb, 0xbb,
    0xbb, 0xb7,

    /* U+91CF "量" */
    0x0, 0xf8, 0x88, 0x8c, 0x60, 0x0, 0xf8, 0x88,
    0x8c, 0x60, 0x0, 0x99, 0x99, 0x99, 0x40, 0x29,
    0x99, 0x99, 0x99, 0x97, 0x2, 0xd8, 0xad, 0x8a,
    0xa0, 0x2, 0xd8, 0xad, 0x8a, 0xa0, 0x1, 0x88,
    0xad, 0x88, 0x60, 0x3, 0x99, 0xad, 0x99, 0x80,
    0x2b, 0xbb, 0xce, 0xbb, 0xb8,

    /* U+91D1 "金" */
    0x0, 0x0, 0x17, 0x0, 0x0, 0x0, 0x2, 0xdd,
    0x50, 0x0, 0x0, 0x7d, 0x40, 0xba, 0x20, 0x3f,
    0xec, 0xaa, 0xae, 0xe8, 0x2, 0x12, 0x7b, 0x22,
    0x1, 0x1, 0x22, 0x6b, 0x22, 0x20, 0x6, 0xba,
    0xce, 0xab, 0xa0, 0x0, 0xa4, 0x4a, 0xe, 0x10,
    0x0, 0x3a, 0x4a, 0x58, 0x0, 0x1d, 0xdd, 0xef,
    0xdd, 0xd6,

    /* U+949F "钟" */
    0x9, 0x62, 0x0, 0xe0, 0x0, 0x6b, 0x88, 0x56,
    0xe6, 0x60, 0x4b, 0xba, 0xa6, 0xe5, 0xd0, 0x2,
    0xc1, 0xa1, 0xe0, 0xc0, 0x26, 0xd5, 0xb2, 0xe1,
    0xd0, 0x49, 0xe8, 0xbd, 0xfd, 0xf0, 0x1, 0xc1,
    0x20, 0xe0, 0x10, 0x3, 0xed, 0x10, 0xe0, 0x0,
    0x6, 0x70, 0x0, 0xe0, 0x0,

    /* U+94AE "钮" */
    0x3, 0x10, 0x0, 0x0, 0x0, 0xd, 0x41, 0x9d,
    0xfd, 0xf2, 0x4e, 0xcc, 0x2, 0xc0, 0xd1, 0x89,
    0x65, 0x3, 0xa0, 0xe0, 0x5, 0xc3, 0x5b, 0xd8,
    0xe0, 0x5b, 0xeb, 0x29, 0x83, 0xd0, 0x3, 0xc1,
    0x9, 0x52, 0xc0, 0x1, 0xb2, 0xb, 0x33, 0xb0,
    0x2, 0xee, 0xd, 0x14, 0x90, 0x7, 0xb7, 0xef,
    0xef, 0xf8, 0x0, 0x0, 0x0, 0x0, 0x0,

    /* U+94DC "铜" */
    0x2, 0x20, 0x0, 0x0, 0x0, 0xa, 0x72, 0x9d,
    0xdd, 0xe4, 0x3e, 0xbb, 0xa3, 0x0, 0x74, 0x5a,
    0x77, 0x95, 0x88, 0x84, 0x4, 0xc2, 0x95, 0xba,
    0x74, 0x39, 0xe8, 0x95, 0x69, 0x74, 0x38, 0xd7,
    0x95, 0x79, 0x74, 0x2, 0xb2, 0x95, 0xb9, 0x74,
    0x3, 0xfa, 0x92, 0x0, 0x74, 0x6, 0x50, 0x92,
    0x7, 0xd2,

    /* U+9500 "销" */
    0x8, 0x40, 0x61, 0xd0, 0x81, 0x3e, 0xdd, 0x49,
    0xd4, 0xb0, 0x78, 0x65, 0x48, 0xe7, 0x80, 0x7,
    0xd5, 0x97, 0x55, 0xe0, 0x38, 0xd7, 0xac, 0xcc,
    0xf0, 0x26, 0xd5, 0xa1, 0x0, 0xd0, 0x1, 0xb1,
    0x9c, 0xcc, 0xf0, 0x3, 0xfd, 0xa1, 0x0, 0xd0,
    0x5, 0x70, 0x91, 0x1d, 0xb0,

    /* U+957F "长" */
    0x0, 0x77, 0x0, 0x1b, 0x40, 0x0, 0x77, 0x17,
    0xd5, 0x0, 0x0, 0x77, 0x87, 0x0, 0x0, 0x2c,
    0xee, 0xcc, 0xcc, 0xc8, 0x1, 0x88, 0x2d, 0x31,
    0x11, 0x0, 0x77, 0x4, 0xc0, 0x0, 0x0, 0x77,
    0x13, 0x9c, 0x40, 0x0, 0xaf, 0xd6, 0x6, 0xe9,
    0x0, 0x31, 0x0, 0x0, 0x1,

    /* U+95F4 "间" */
    0x3, 0x0, 0x0, 0x0, 0x0, 0x9, 0x98, 0xdd,
    0xdd, 0xf1, 0x0, 0x70, 0x0, 0x0, 0xe1, 0x1c,
    0xa, 0xcc, 0xc0, 0xe1, 0x1d, 0xd, 0x0, 0xd0,
    0xe1, 0x1d, 0xe, 0xbb, 0xf0, 0xe1, 0x1d, 0xd,
    0x0, 0xd0, 0xe1, 0x1d, 0xe, 0xbb, 0xf0, 0xe1,
    0x1d, 0x0, 0x0, 0x0, 0xe1, 0x1d, 0x0, 0x0,
    0x8, 0xd0,

    /* U+961F "队" */
    0x0, 0x0, 0x0, 0x0, 0xf, 0xdf, 0x20, 0xd1,
    0x0, 0xd0, 0xd0, 0xe, 0x0, 0xd, 0x58, 0x0,
    0xe0, 0x0, 0xd4, 0xa0, 0xf, 0x10, 0xd, 0xc,
    0x12, 0xf5, 0x0, 0xd1, 0xc2, 0x7b, 0xa0, 0xd,
    0x68, 0xd, 0x1c, 0x20, 0xd0, 0x9, 0x80, 0x4c,
    0x1d, 0x5, 0x90, 0x0, 0x67, 0x0, 0x0, 0x0,
    0x0, 0x0,

    /* U+9636 "阶" */
    0x0, 0x0, 0x5, 0x0, 0xf, 0xdf, 0x13, 0xf3,
    0x0, 0xe3, 0xc0, 0xb7, 0xc1, 0xe, 0xa5, 0x9b,
    0x5, 0xd2, 0xea, 0x7a, 0x40, 0x36, 0x4e, 0xd,
    0xd, 0xb, 0x20, 0xe2, 0xd1, 0xd0, 0xb2, 0xe,
    0xa7, 0x1c, 0xb, 0x20, 0xe0, 0x6, 0x90, 0xb2,
    0xe, 0x0, 0xc2, 0xb, 0x20, 0x0, 0x0, 0x0,
    0x0, 0x0,

    /* U+964D "降" */
    0x0, 0x0, 0x4, 0x0, 0xf, 0xdd, 0x9, 0xfb,
    0xb0, 0xc3, 0x9b, 0xe6, 0x59, 0xc, 0x82, 0x41,
    0xee, 0x10, 0xc7, 0x68, 0xd9, 0x8d, 0x7c, 0xd,
    0x85, 0x7b, 0x64, 0xc5, 0xc6, 0x87, 0xc5, 0x1c,
    0x21, 0xbc, 0xce, 0xa6, 0xc0, 0x1, 0x15, 0xb1,
    0x1c, 0x0, 0x0, 0x3a, 0x0, 0x0, 0x0, 0x0,
    0x0, 0x0,

    /* U+968F "随" */
    0x0, 0x0, 0x2, 0x20, 0xf, 0xe8, 0x11, 0x86,
    0x10, 0xc9, 0x6a, 0xaf, 0xaa, 0x5c, 0xc0, 0x3a,
    0xe8, 0xa1, 0xcb, 0x8d, 0x7e, 0x9e, 0x1c, 0x65,
    0xc0, 0xc4, 0xc1, 0xd9, 0x6c, 0xd, 0x7d, 0x1d,
    0x60, 0xd1, 0xb3, 0xd0, 0xc0, 0x8b, 0xa0, 0x0,
    0xc, 0x9, 0x5, 0xcc, 0xd7, 0x0, 0x0, 0x0,
    0x0, 0x0,

    /* U+96C6 "集" */
    0x0, 0x35, 0x6, 0x0, 0x0, 0x0, 0xdb, 0x9f,
    0x99, 0x80, 0xb, 0xd5, 0x6e, 0x55, 0x30, 0x3a,
    0xe7, 0x8e, 0x77, 0x30, 0x1, 0xea, 0xaf, 0xaa,
    0x40, 0x1, 0xe9, 0x9e, 0x99, 0x91, 0x1, 0x84,
    0x89, 0x44, 0x41, 0x2b, 0xbd, 0xff, 0xeb, 0xb7,
    0x2, 0x9c, 0x89, 0xab, 0x50, 0x3b, 0x50, 0x58,
    0x3, 0xa7,

    /* U+96FE "雾" */
    0x4, 0x99, 0x9f, 0x99, 0x91, 0x0, 0xea, 0xaa,
    0xf9, 0x9a, 0xa0, 0xa, 0x9c, 0x6d, 0x8c, 0x78,
    0x0, 0x2, 0xa4, 0x73, 0x42, 0x0, 0x6, 0xce,
    0xa9, 0xbe, 0x80, 0x2, 0x97, 0x8a, 0x9a, 0x98,
    0x70, 0x4, 0x99, 0xbd, 0x99, 0x70, 0x0, 0x1,
    0x8b, 0x11, 0x4a, 0x0, 0x7, 0xb8, 0x0, 0x8c,
    0x50, 0x0, 0x0, 0x0, 0x0, 0x0, 0x0,

    /* U+9752 "青" */
    0x6, 0xbb, 0xce, 0xbb, 0xb0, 0x2, 0xaa, 0xce,
    0xaa, 0x70, 0x5, 0x55, 0x8c, 0x55, 0x53, 0x17,
    0x77, 0x77, 0x77, 0x74, 0x0, 0xcb, 0xaa, 0xad,
    0x50, 0x0, 0xc9, 0x88, 0x8d, 0x50, 0x0, 0xca,
    0xaa, 0xad, 0x50, 0x0, 0xc1, 0x0, 0xa, 0x50,
    0x0, 0xc1, 0x0, 0xbd, 0x20,

    /* U+9759 "静" */
    0x0, 0x0, 0x0, 0x0, 0x0, 0x26, 0xd8, 0x56,
    0xb5, 0x10, 0x19, 0xea, 0x8c, 0x3d, 0x10, 0x26,
    0xd7, 0x6d, 0xfe, 0xf0, 0x37, 0x77, 0x70, 0xc1,
    0xd0, 0xe, 0xbd, 0x9b, 0xfc, 0xf7, 0xe, 0x9b,
    0x75, 0xd6, 0xe0, 0xe, 0xac, 0x75, 0xd6, 0xb0,
    0xd, 0x5, 0x70, 0xc1, 0x0, 0xd, 0x2c, 0x4a,
    0xc0, 0x0,

    /* U+9762 "面" */
    0x2d, 0xdd, 0xef, 0xdd, 0xd9, 0x0, 0x0, 0x97,
    0x0, 0x0, 0xb, 0xee, 0xff, 0xee, 0xe2, 0xb,
    0x29, 0x30, 0xd0, 0xc2, 0xb, 0x29, 0xcb, 0xe0,
    0xc2, 0xb, 0x29, 0x86, 0xd0, 0xc2, 0xb, 0x29,
    0x74, 0xd0, 0xc2, 0xb, 0xde, 0xdc, 0xfc, 0xf2,
    0xb, 0x30, 0x0, 0x0, 0xc2,

    /* U+9875 "页" */
    0x1d, 0xdd, 0xee, 0xdd, 0xd6, 0x0, 0x0, 0xb4,
    0x0, 0x0, 0x2, 0xed, 0xed, 0xde, 0x90, 0x2,
    0xc0, 0x25, 0x5, 0x90, 0x2, 0xc0, 0x4a, 0x5,
    0x90, 0x2, 0xc0, 0x59, 0x5, 0x90, 0x1, 0x80,
    0xc7, 0x74, 0x60, 0x2, 0x7d, 0x70, 0x6d, 0x80,
    0x1a, 0x71, 0x0, 0x0, 0x83,

    /* U+9879 "项" */
    0x14, 0x44, 0xcd, 0xfe, 0xda, 0x3d, 0xfb, 0x0,
    0xe1, 0x0, 0x1, 0xc0, 0x9e, 0xdd, 0xf2, 0x1,
    0xc0, 0x94, 0x72, 0xc2, 0x1, 0xc0, 0x94, 0xa3,
    0xc2, 0x1, 0xe9, 0xa4, 0xb3, 0xc2, 0x5e, 0xa4,
    0x63, 0xe2, 0x71, 0x0, 0x0, 0x2c, 0x79, 0xa0,
    0x0, 0x5, 0xc4, 0x0, 0x68,

    /* U+987A "顺" */
    0x0, 0x0, 0x0, 0x0, 0x0, 0xc, 0x0, 0xca,
    0xdf, 0xca, 0xc, 0x74, 0xc2, 0x7c, 0x42, 0xc,
    0x74, 0xc8, 0xa8, 0xb8, 0xc, 0x74, 0xc8, 0x3b,
    0x58, 0xc, 0x74, 0xc8, 0x3d, 0x58, 0xc, 0x74,
    0xc8, 0x4c, 0x58, 0x1b, 0x74, 0xc4, 0x6d, 0x43,
    0x57, 0x43, 0xc2, 0xd7, 0xd2, 0x42, 0x0, 0x69,
    0x30, 0x26,

    /* U+9884 "预" */
    0x0, 0x0, 0x0, 0x0, 0x0, 0x1c, 0xcf, 0x7c,
    0xdf, 0xcb, 0x5, 0x6a, 0x4, 0x7d, 0x52, 0x4,
    0xe4, 0xc, 0x87, 0xb7, 0x8c, 0xee, 0xbc, 0x3b,
    0x67, 0x0, 0xe5, 0x9c, 0x3c, 0x67, 0x0, 0xe4,
    0x2c, 0x3b, 0x67, 0x0, 0xe0, 0x5, 0x78, 0x43,
    0x0, 0xe0, 0x5, 0xd4, 0xd2, 0xc, 0xb0, 0x6a,
    0x10, 0x49, 0x0, 0x0, 0x0, 0x0, 0x0,

    /* U+9891 "频" */
    0x3, 0x67, 0xa, 0xcf, 0xc6, 0xb, 0x6d, 0x90,
    0x3a, 0x0, 0x1c, 0x78, 0x28, 0xcc, 0xc3, 0x6a,
    0xdc, 0xaa, 0x37, 0x93, 0xa, 0x94, 0x89, 0x4a,
    0x93, 0x68, 0x99, 0xa9, 0x59, 0x93, 0x20, 0x6e,
    0x26, 0x88, 0x52, 0x5, 0xd4, 0x3, 0xc7, 0xb1,
    0x49, 0x20, 0x49, 0x20, 0x45,

    /* U+9898 "题" */
    0x0, 0x0, 0x0, 0x0, 0x0, 0xe, 0x9b, 0x8b,
    0xcf, 0xb8, 0xe, 0x9b, 0x84, 0xac, 0x71, 0xe,
    0xac, 0x89, 0x52, 0x94, 0x25, 0x55, 0x59, 0x39,
    0x84, 0x28, 0xb8, 0x59, 0x4b, 0x84, 0xc, 0x8c,
    0x87, 0x7a, 0x73, 0xe, 0xa3, 0x2, 0xd5, 0xc1,
    0x3c, 0xf4, 0x3d, 0x40, 0x47, 0x83, 0x3a, 0xab,
    0xbb, 0xc7, 0x0, 0x0, 0x0, 0x0, 0x0,

    /* U+989C "颜" */
    0x0, 0x51, 0x0, 0x0, 0x0, 0x29, 0xcc, 0x9a,
    0xbe, 0xb6, 0x8, 0x55, 0x70, 0x3a, 0x0, 0x6,
    0x8a, 0x4a, 0xdd, 0xe3, 0x1e, 0xab, 0xba, 0x28,
    0x73, 0x1c, 0x8b, 0x3a, 0x2a, 0x73, 0x1b, 0x4a,
    0x6a, 0x39, 0x73, 0x2c, 0xa6, 0x86, 0x66, 0x52,
    0x68, 0x9c, 0x24, 0xc4, 0xb1, 0x54, 0x40, 0x67,
    0x10, 0x26,

    /* U+98CE "风" */
    0x3, 0xfe, 0xee, 0xee, 0xa0, 0x0, 0x3b, 0x0,
    0x4, 0x4a, 0x0, 0x3, 0xba, 0x41, 0xc3, 0xa0,
    0x0, 0x4b, 0x2d, 0xa6, 0x3a, 0x0, 0x5, 0xa0,
    0x6f, 0x13, 0xa0, 0x0, 0x68, 0xb, 0xd8, 0x2b,
    0x0, 0x9, 0x69, 0xb1, 0xe4, 0xc1, 0x0, 0xd4,
    0xb0, 0x5, 0x4d, 0xa0, 0x2a, 0x0, 0x0, 0x0,
    0x8b, 0x0, 0x0, 0x0, 0x0, 0x0, 0x0,

    /* U+9996 "首" */
    0x0, 0x12, 0x0, 0x4, 0x0, 0x0, 0x3d, 0x0,
    0x7a, 0x0, 0x3d, 0xdd, 0xef, 0xdd, 0xd9, 0x0,
    0x55, 0xac, 0x55, 0x30, 0x2, 0xe6, 0x66, 0x6a,
    0x90, 0x2, 0xfb, 0xbb, 0xbd, 0x90, 0x2, 0xd3,
    0x33, 0x38, 0x90, 0x2, 0xd6, 0x66, 0x6a, 0x90,
    0x2, 0xfc, 0xcc, 0xcd, 0x90, 0x2, 0xc0, 0x0,
    0x6, 0x90,

    /* U+9A7B "驻" */
    0x0, 0x0, 0x0, 0x20, 0x0, 0x4c, 0xcc, 0x0,
    0xd1, 0x0, 0x8, 0x1b, 0x8b, 0xdc, 0xb2, 0xb,
    0x2a, 0x11, 0xc3, 0x10, 0x2a, 0x38, 0x0, 0xc2,
    0x0, 0x2c, 0xbe, 0x9c, 0xfd, 0xb0, 0x0, 0x1b,
    0x10, 0xc2, 0x0, 0x6d, 0xbc, 0x0, 0xc2, 0x0,
    0x21, 0xd, 0x22, 0xd4, 0x20, 0x5, 0xc8, 0x9a,
    0xaa, 0xa4, 0x0, 0x0, 0x0, 0x0, 0x0,

    /* U+9A8C "验" */
    0x0, 0x0, 0x0, 0x50, 0x0, 0x3c, 0xcd, 0x3,
    0xf3, 0x0, 0x5, 0xb, 0x1c, 0x4d, 0x30, 0xb,
    0x1b, 0xc9, 0x58, 0xe4, 0x1a, 0x39, 0x36, 0x77,
    0x21, 0x2d, 0xce, 0x62, 0xa0, 0x90, 0x0, 0x39,
    0x58, 0x94, 0xa0, 0x5b, 0x8b, 0x16, 0x2a, 0x30,
    0x0, 0xc, 0x7b, 0xbe, 0xb2, 0x5, 0xc9, 0x11,
    0x11, 0x10, 0x0, 0x0, 0x0, 0x0, 0x0,

    /* U+9AD8 "高" */
    0x0, 0x0, 0x20, 0x0, 0x0, 0x24, 0x44, 0xd7,
    0x44, 0x40, 0x58, 0x88, 0x88, 0x88, 0x81, 0x2,
    0xea, 0xaa, 0xbd, 0x0, 0x2, 0xb8, 0x88, 0x9a,
    0x0, 0x3c, 0xcc, 0xcc, 0xcc, 0xa0, 0x4a, 0x27,
    0x77, 0x61, 0xd0, 0x4a, 0x69, 0x44, 0xd1, 0xd0,
    0x4a, 0x6d, 0xaa, 0xa1, 0xd0, 0x4a, 0x11, 0x0,
    0x1b, 0x90,

    /* U+9EC4 "黄" */
    0x6, 0xcf, 0xcc, 0xed, 0xc0, 0x2, 0x2d, 0x42,
    0xb6, 0x21, 0x2b, 0xbb, 0xce, 0xbb, 0xb7, 0x1,
    0xaa, 0xce, 0xaa, 0x70, 0x2, 0xc3, 0x6c, 0x36,
    0xa0, 0x2, 0xd7, 0x9d, 0x79, 0xa0, 0x2, 0xea,
    0xce, 0xab, 0xa0, 0x1, 0x6c, 0x20, 0x8a, 0x40,
    0xa, 0x71, 0x0, 0x2, 0x93,

    /* U+9ED8 "默" */
    0x1d, 0xcb, 0xd0, 0xd, 0x80, 0x1c, 0x99, 0xc0,
    0xc, 0x93, 0x1a, 0x97, 0xb6, 0x8e, 0x85, 0xa,
    0xcc, 0x95, 0x7e, 0x64, 0x19, 0xcb, 0x80, 0x5f,
    0x10, 0x39, 0xcc, 0xb0, 0x99, 0x60, 0x18, 0x65,
    0x51, 0xd0, 0xc0, 0x56, 0x99, 0x7c, 0x40, 0x6a,
    0x20, 0x20, 0x4, 0x0, 0x3,

    /* U+9F13 "鼓" */
    0x0, 0x0, 0x0, 0x0, 0x0, 0x24, 0xc7, 0x40,
    0xe, 0x0, 0x25, 0xc7, 0x5b, 0xbf, 0xb8, 0x2c,
    0xcc, 0x90, 0xe, 0x0, 0xa, 0xaa, 0x6a, 0xaf,
    0xa5, 0x1c, 0x15, 0x99, 0x82, 0xc4, 0xc, 0xbc,
    0x71, 0xd4, 0xe0, 0xb, 0x3b, 0x20, 0x8f, 0x40,
    0x29, 0xaf, 0xc6, 0xec, 0xc3, 0x46, 0x41, 0x3a,
    0x20, 0x58,

    /* U+FF0C "，" */
    0x5, 0x11, 0xf8, 0x6, 0x64, 0xa0, 0x0, 0x0,

    /* U+FF1A "：" */
    0x6, 0x11, 0xf5, 0x0, 0x0, 0x0, 0x0, 0x0,
    0x81, 0x1f, 0x40, 0x0,

    /* U+FF1B "；" */
    0x6, 0x11, 0xf5, 0x0, 0x0, 0x0, 0x0, 0x1,
    0xf6, 0x8, 0x80, 0xb3, 0x33, 0x0
};


/*---------------------
 *  GLYPH DESCRIPTION
 *--------------------*/

static const lv_font_fmt_txt_glyph_dsc_t glyph_dsc[] = {
    {.bitmap_index = 0, .adv_w = 0, .box_w = 0, .box_h = 0, .ofs_x = 0, .ofs_y = 0} /* id = 0 reserved */,
    {.bitmap_index = 0, .adv_w = 44, .box_w = 0, .box_h = 0, .ofs_x = 0, .ofs_y = 0},
    {.bitmap_index = 0, .adv_w = 44, .box_w = 3, .box_h = 8, .ofs_x = 0, .ofs_y = 0},
    {.bitmap_index = 12, .adv_w = 66, .box_w = 4, .box_h = 4, .ofs_x = 0, .ofs_y = 4},
    {.bitmap_index = 20, .adv_w = 114, .box_w = 7, .box_h = 8, .ofs_x = 0, .ofs_y = 0},
    {.bitmap_index = 48, .adv_w = 101, .box_w = 6, .box_h = 12, .ofs_x = 0, .ofs_y = -2},
    {.bitmap_index = 84, .adv_w = 138, .box_w = 9, .box_h = 8, .ofs_x = 0, .ofs_y = 0},
    {.bitmap_index = 120, .adv_w = 113, .box_w = 7, .box_h = 9, .ofs_x = 0, .ofs_y = -1},
    {.bitmap_index = 152, .adv_w = 35, .box_w = 2, .box_h = 4, .ofs_x = 0, .ofs_y = 4},
    {.bitmap_index = 156, .adv_w = 56, .box_w = 4, .box_h = 10, .ofs_x = 0, .ofs_y = -2},
    {.bitmap_index = 176, .adv_w = 56, .box_w = 3, .box_h = 10, .ofs_x = 0, .ofs_y = -2},
    {.bitmap_index = 191, .adv_w = 67, .box_w = 4, .box_h = 5, .ofs_x = 0, .ofs_y = 3},
    {.bitmap_index = 201, .adv_w = 94, .box_w = 6, .box_h = 6, .ofs_x = 0, .ofs_y = 0},
    {.bitmap_index = 219, .adv_w = 39, .box_w = 3, .box_h = 4, .ofs_x = 0, .ofs_y = -2},
    {.bitmap_index = 225, .adv_w = 62, .box_w = 4, .box_h = 2, .ofs_x = 0, .ofs_y = 2},
    {.bitmap_index = 229, .adv_w = 39, .box_w = 3, .box_h = 2, .ofs_x = 0, .ofs_y = 0},
    {.bitmap_index = 232, .adv_w = 59, .box_w = 6, .box_h = 11, .ofs_x = -1, .ofs_y = -1},
    {.bitmap_index = 265, .adv_w = 108, .box_w = 7, .box_h = 8, .ofs_x = 0, .ofs_y = 0},
    {.bitmap_index = 293, .adv_w = 61, .box_w = 3, .box_h = 8, .ofs_x = 0, .ofs_y = 0},
    {.bitmap_index = 305, .adv_w = 93, .box_w = 6, .box_h = 8, .ofs_x = 0, .ofs_y = 0},
    {.bitmap_index = 329, .adv_w = 93, .box_w = 6, .box_h = 8, .ofs_x = 0, .ofs_y = 0},
    {.bitmap_index = 353, .adv_w = 109, .box_w = 7, .box_h = 8, .ofs_x = 0, .ofs_y = 0},
    {.bitmap_index = 381, .adv_w = 93, .box_w = 6, .box_h = 8, .ofs_x = 0, .ofs_y = 0},
    {.bitmap_index = 405, .adv_w = 100, .box_w = 7, .box_h = 8, .ofs_x = 0, .ofs_y = 0},
    {.bitmap_index = 433, .adv_w = 97, .box_w = 6, .box_h = 8, .ofs_x = 0, .ofs_y = 0},
    {.bitmap_index = 457, .adv_w = 104, .box_w = 7, .box_h = 8, .ofs_x = 0, .ofs_y = 0},
    {.bitmap_index = 485, .adv_w = 100, .box_w = 6, .box_h = 8, .ofs_x = 0, .ofs_y = 0},
    {.bitmap_index = 509, .adv_w = 39, .box_w = 3, .box_h = 6, .ofs_x = 0, .ofs_y = 0},
    {.bitmap_index = 518, .adv_w = 39, .box_w = 3, .box_h = 8, .ofs_x = 0, .ofs_y = -2},
    {.bitmap_index = 530, .adv_w = 94, .box_w = 6, .box_h = 6, .ofs_x = 0, .ofs_y = 1},
    {.bitmap_index = 548, .adv_w = 94, .box_w = 6, .box_h = 5, .ofs_x = 0, .ofs_y = 1},
    {.bitmap_index = 563, .adv_w = 94, .box_w = 6, .box_h = 6, .ofs_x = 0, .ofs_y = 1},
    {.bitmap_index = 581, .adv_w = 93, .box_w = 6, .box_h = 8, .ofs_x = 0, .ofs_y = 0},
    {.bitmap_index = 605, .adv_w = 165, .box_w = 10, .box_h = 10, .ofs_x = 0, .ofs_y = -2},
    {.bitmap_index = 655, .adv_w = 120, .box_w = 9, .box_h = 8, .ofs_x = -1, .ofs_y = 0},
    {.bitmap_index = 691, .adv_w = 122, .box_w = 8, .box_h = 8, .ofs_x = 0, .ofs_y = 0},
    {.bitmap_index = 723, .adv_w = 116, .box_w = 7, .box_h = 8, .ofs_x = 0, .ofs_y = 0},
    {.bitmap_index = 751, .adv_w = 132, .box_w = 8, .box_h = 8, .ofs_x = 0, .ofs_y = 0},
    {.bitmap_index = 783, .adv_w = 107, .box_w = 7, .box_h = 8, .ofs_x = 0, .ofs_y = 0},
    {.bitmap_index = 811, .adv_w = 102, .box_w = 7, .box_h = 8, .ofs_x = 0, .ofs_y = 0},
    {.bitmap_index = 839, .adv_w = 124, .box_w = 8, .box_h = 8, .ofs_x = 0, .ofs_y = 0},
    {.bitmap_index = 871, .adv_w = 130, .box_w = 8, .box_h = 8, .ofs_x = 0, .ofs_y = 0},
    {.bitmap_index = 903, .adv_w = 51, .box_w = 3, .box_h = 8, .ofs_x = 0, .ofs_y = 0},
    {.bitmap_index = 915, .adv_w = 84, .box_w = 6, .box_h = 8, .ofs_x = -1, .ofs_y = 0},
    {.bitmap_index = 939, .adv_w = 117, .box_w = 8, .box_h = 8, .ofs_x = 0, .ofs_y = 0},
    {.bitmap_index = 971, .adv_w = 96, .box_w = 6, .box_h = 8, .ofs_x = 0, .ofs_y = 0},
    {.bitmap_index = 995, .adv_w = 153, .box_w = 9, .box_h = 8, .ofs_x = 0, .ofs_y = 0},
    {.bitmap_index = 1031, .adv_w = 130, .box_w = 8, .box_h = 8, .ofs_x = 0, .ofs_y = 0},
    {.bitmap_index = 1063, .adv_w = 135, .box_w = 8, .box_h = 8, .ofs_x = 0, .ofs_y = 0},
    {.bitmap_index = 1095, .adv_w = 116, .box_w = 7, .box_h = 8, .ofs_x = 0, .ofs_y = 0},
    {.bitmap_index = 1123, .adv_w = 135, .box_w = 9, .box_h = 10, .ofs_x = 0, .ofs_y = -2},
    {.bitmap_index = 1168, .adv_w = 117, .box_w = 7, .box_h = 8, .ofs_x = 0, .ofs_y = 0},
    {.bitmap_index = 1196, .adv_w = 101, .box_w = 6, .box_h = 8, .ofs_x = 0, .ofs_y = 0},
    {.bitmap_index = 1220, .adv_w = 96, .box_w = 6, .box_h = 8, .ofs_x = 0, .ofs_y = 0},
    {.bitmap_index = 1244, .adv_w = 126, .box_w = 8, .box_h = 8, .ofs_x = 0, .ofs_y = 0},
    {.bitmap_index = 1276, .adv_w = 117, .box_w = 9, .box_h = 8, .ofs_x = -1, .ofs_y = 0},
    {.bitmap_index = 1312, .adv_w = 183, .box_w = 12, .box_h = 8, .ofs_x = 0, .ofs_y = 0},
    {.bitmap_index = 1360, .adv_w = 111, .box_w = 7, .box_h = 8, .ofs_x = 0, .ofs_y = 0},
    {.bitmap_index = 1388, .adv_w = 106, .box_w = 8, .box_h = 8, .ofs_x = -1, .ofs_y = 0},
    {.bitmap_index = 1420, .adv_w = 106, .box_w = 7, .box_h = 8, .ofs_x = 0, .ofs_y = 0},
    {.bitmap_index = 1448, .adv_w = 56, .box_w = 4, .box_h = 10, .ofs_x = 0, .ofs_y = -2},
    {.bitmap_index = 1468, .adv_w = 59, .box_w = 6, .box_h = 11, .ofs_x = -1, .ofs_y = -1},
    {.bitmap_index = 1501, .adv_w = 56, .box_w = 3, .box_h = 10, .ofs_x = 0, .ofs_y = -2},
    {.bitmap_index = 1516, .adv_w = 95, .box_w = 6, .box_h = 5, .ofs_x = 0, .ofs_y = 2},
    {.bitmap_index = 1531, .adv_w = 80, .box_w = 5, .box_h = 1, .ofs_x = 0, .ofs_y = -1},
    {.bitmap_index = 1534, .adv_w = 96, .box_w = 3, .box_h = 2, .ofs_x = 1, .ofs_y = 7},
    {.bitmap_index = 1537, .adv_w = 97, .box_w = 6, .box_h = 6, .ofs_x = 0, .ofs_y = 0},
    {.bitmap_index = 1555, .adv_w = 110, .box_w = 7, .box_h = 8, .ofs_x = 0, .ofs_y = 0},
    {.bitmap_index = 1583, .adv_w = 93, .box_w = 6, .box_h = 6, .ofs_x = 0, .ofs_y = 0},
    {.bitmap_index = 1601, .adv_w = 110, .box_w = 7, .box_h = 8, .ofs_x = 0, .ofs_y = 0},
    {.bitmap_index = 1629, .adv_w = 100, .box_w = 6, .box_h = 6, .ofs_x = 0, .ofs_y = 0},
    {.bitmap_index = 1647, .adv_w = 59, .box_w = 5, .box_h = 8, .ofs_x = 0, .ofs_y = 0},
    {.bitmap_index = 1667, .adv_w = 111, .box_w = 7, .box_h = 8, .ofs_x = 0, .ofs_y = -2},
    {.bitmap_index = 1695, .adv_w = 110, .box_w = 7, .box_h = 8, .ofs_x = 0, .ofs_y = 0},
    {.bitmap_index = 1723, .adv_w = 46, .box_w = 3, .box_h = 8, .ofs_x = 0, .ofs_y = 0},
    {.bitmap_index = 1735, .adv_w = 47, .box_w = 4, .box_h = 10, .ofs_x = -1, .ofs_y = -2},
    {.bitmap_index = 1755, .adv_w = 102, .box_w = 7, .box_h = 8, .ofs_x = 0, .ofs_y = 0},
    {.bitmap_index = 1783, .adv_w = 46, .box_w = 3, .box_h = 8, .ofs_x = 0, .ofs_y = 0},
    {.bitmap_index = 1795, .adv_w = 168, .box_w = 10, .box_h = 6, .ofs_x = 0, .ofs_y = 0},
    {.bitmap_index = 1825, .adv_w = 110, .box_w = 7, .box_h = 6, .ofs_x = 0, .ofs_y = 0},
    {.bitmap_index = 1846, .adv_w = 103, .box_w = 7, .box_h = 6, .ofs_x = 0, .ofs_y = 0},
    {.bitmap_index = 1867, .adv_w = 110, .box_w = 7, .box_h = 8, .ofs_x = 0, .ofs_y = -2},
    {.bitmap_index = 1895, .adv_w = 110, .box_w = 7, .box_h = 8, .ofs_x = 0, .ofs_y = -2},
    {.bitmap_index = 1923, .adv_w = 67, .box_w = 4, .box_h = 6, .ofs_x = 0, .ofs_y = 0},
    {.bitmap_index = 1935, .adv_w = 82, .box_w = 5, .box_h = 6, .ofs_x = 0, .ofs_y = 0},
    {.bitmap_index = 1950, .adv_w = 68, .box_w = 5, .box_h = 8, .ofs_x = 0, .ofs_y = 0},
    {.bitmap_index = 1970, .adv_w = 109, .box_w = 6, .box_h = 6, .ofs_x = 0, .ofs_y = 0},
    {.bitmap_index = 1988, .adv_w = 92, .box_w = 7, .box_h = 6, .ofs_x = -1, .ofs_y = 0},
    {.bitmap_index = 2009, .adv_w = 147, .box_w = 10, .box_h = 6, .ofs_x = 0, .ofs_y = 0},
    {.bitmap_index = 2039, .adv_w = 92, .box_w = 6, .box_h = 6, .ofs_x = 0, .ofs_y = 0},
    {.bitmap_index = 2057, .adv_w = 92, .box_w = 7, .box_h = 8, .ofs_x = -1, .ofs_y = -2},
    {.bitmap_index = 2085, .adv_w = 85, .box_w = 5, .box_h = 6, .ofs_x = 0, .ofs_y = 0},
    {.bitmap_index = 2100, .adv_w = 59, .box_w = 4, .box_h = 10, .ofs_x = 0, .ofs_y = -2},
    {.bitmap_index = 2120, .adv_w = 48, .box_w = 3, .box_h = 10, .ofs_x = 0, .ofs_y = -2},
    {.bitmap_index = 2135, .adv_w = 59, .box_w = 4, .box_h = 10, .ofs_x = 0, .ofs_y = -2},
    {.bitmap_index = 2155, .adv_w = 94, .box_w = 6, .box_h = 3, .ofs_x = 0, .ofs_y = 2},
    {.bitmap_index = 2164, .adv_w = 160, .box_w = 4, .box_h = 3, .ofs_x = 3, .ofs_y = 3},
    {.bitmap_index = 2170, .adv_w = 144, .box_w = 9, .box_h = 1, .ofs_x = 0, .ofs_y = 3},
    {.bitmap_index = 2175, .adv_w = 96, .box_w = 6, .box_h = 5, .ofs_x = 0, .ofs_y = 0},
    {.bitmap_index = 2190, .adv_w = 96, .box_w = 6, .box_h = 6, .ofs_x = 0, .ofs_y = 0},
    {.bitmap_index = 2208, .adv_w = 96, .box_w = 6, .box_h = 6, .ofs_x = 0, .ofs_y = 0},
    {.bitmap_index = 2226, .adv_w = 96, .box_w = 5, .box_h = 5, .ofs_x = 0, .ofs_y = 1},
    {.bitmap_index = 2239, .adv_w = 146, .box_w = 9, .box_h = 7, .ofs_x = 0, .ofs_y = 0},
    {.bitmap_index = 2271, .adv_w = 146, .box_w = 9, .box_h = 7, .ofs_x = 0, .ofs_y = 0},
    {.bitmap_index = 2303, .adv_w = 96, .box_w = 6, .box_h = 7, .ofs_x = 0, .ofs_y = -1},
    {.bitmap_index = 2324, .adv_w = 96, .box_w = 6, .box_h = 7, .ofs_x = 0, .ofs_y = -1},
    {.bitmap_index = 2345, .adv_w = 96, .box_w = 6, .box_h = 7, .ofs_x = 0, .ofs_y = -1},
    {.bitmap_index = 2366, .adv_w = 96, .box_w = 5, .box_h = 8, .ofs_x = 0, .ofs_y = 0},
    {.bitmap_index = 2386, .adv_w = 96, .box_w = 6, .box_h = 8, .ofs_x = 0, .ofs_y = -1},
    {.bitmap_index = 2410, .adv_w = 96, .box_w = 7, .box_h = 7, .ofs_x = -1, .ofs_y = 0},
    {.bitmap_index = 2435, .adv_w = 160, .box_w = 4, .box_h = 4, .ofs_x = 0, .ofs_y = -1},
    {.bitmap_index = 2443, .adv_w = 160, .box_w = 4, .box_h = 4, .ofs_x = 0, .ofs_y = -1},
    {.bitmap_index = 2451, .adv_w = 160, .box_w = 10, .box_h = 2, .ofs_x = 0, .ofs_y = 3},
    {.bitmap_index = 2461, .adv_w = 160, .box_w = 10, .box_h = 9, .ofs_x = 0, .ofs_y = -1},
    {.bitmap_index = 2506, .adv_w = 160, .box_w = 10, .box_h = 9, .ofs_x = 0, .ofs_y = -1},
    {.bitmap_index = 2551, .adv_w = 160, .box_w = 10, .box_h = 9, .ofs_x = 0, .ofs_y = -1},
    {.bitmap_index = 2596, .adv_w = 160, .box_w = 10, .box_h = 11, .ofs_x = 0, .ofs_y = -2},
    {.bitmap_index = 2651, .adv_w = 160, .box_w = 10, .box_h = 10, .ofs_x = 0, .ofs_y = -1},
    {.bitmap_index = 2701, .adv_w = 160, .box_w = 10, .box_h = 10, .ofs_x = 0, .ofs_y = -1},
    {.bitmap_index = 2751, .adv_w = 160, .box_w = 10, .box_h = 10, .ofs_x = 0, .ofs_y = -1},
    {.bitmap_index = 2801, .adv_w = 160, .box_w = 9, .box_h = 9, .ofs_x = 0, .ofs_y = -1},
    {.bitmap_index = 2842, .adv_w = 160, .box_w = 10, .box_h = 10, .ofs_x = 0, .ofs_y = -2},
    {.bitmap_index = 2892, .adv_w = 160, .box_w = 10, .box_h = 10, .ofs_x = 0, .ofs_y = -1},
    {.bitmap_index = 2942, .adv_w = 160, .box_w = 10, .box_h = 10, .ofs_x = 0, .ofs_y = -1},
    {.bitmap_index = 2992, .adv_w = 160, .box_w = 10, .box_h = 7, .ofs_x = 0, .ofs_y = 0},
    {.bitmap_index = 3027, .adv_w = 160, .box_w = 10, .box_h = 10, .ofs_x = 0, .ofs_y = -2},
    {.bitmap_index = 3077, .adv_w = 160, .box_w = 10, .box_h = 10, .ofs_x = 0, .ofs_y = -1},
    {.bitmap_index = 3127, .adv_w = 160, .box_w = 10, .box_h = 10, .ofs_x = 0, .ofs_y = -1},
    {.bitmap_index = 3177, .adv_w = 160, .box_w = 10, .box_h = 11, .ofs_x = 0, .ofs_y = -2},
    {.bitmap_index = 3232, .adv_w = 160, .box_w = 10, .box_h = 10, .ofs_x = 0, .ofs_y = -2},
    {.bitmap_index = 3282, .adv_w = 160, .box_w = 10, .box_h = 10, .ofs_x = 0, .ofs_y = -1},
    {.bitmap_index = 3332, .adv_w = 160, .box_w = 10, .box_h = 10, .ofs_x = 0, .ofs_y = -1},
    {.bitmap_index = 3382, .adv_w = 160, .box_w = 10, .box_h = 10, .ofs_x = 1, .ofs_y = -1},
    {.bitmap_index = 3432, .adv_w = 160, .box_w = 10, .box_h = 10, .ofs_x = 0, .ofs_y = -1},
    {.bitmap_index = 3482, .adv_w = 160, .box_w = 10, .box_h = 10, .ofs_x = 0, .ofs_y = -1},
    {.bitmap_index = 3532, .adv_w = 160, .box_w = 10, .box_h = 10, .ofs_x = 0, .ofs_y = -1},
    {.bitmap_index = 3582, .adv_w = 160, .box_w = 10, .box_h = 10, .ofs_x = 0, .ofs_y = -1},
    {.bitmap_index = 3632, .adv_w = 160, .box_w = 10, .box_h = 11, .ofs_x = 0, .ofs_y = -2},
    {.bitmap_index = 3687, .adv_w = 160, .box_w = 10, .box_h = 11, .ofs_x = 0, .ofs_y = -2},
    {.bitmap_index = 3742, .adv_w = 160, .box_w = 10, .box_h = 11, .ofs_x = 0, .ofs_y = -2},
    {.bitmap_index = 3797, .adv_w = 160, .box_w = 10, .box_h = 11, .ofs_x = 0, .ofs_y = -2},
    {.bitmap_index = 3852, .adv_w = 160, .box_w = 10, .box_h = 11, .ofs_x = 0, .ofs_y = -2},
    {.bitmap_index = 3907, .adv_w = 160, .box_w = 10, .box_h = 10, .ofs_x = 0, .ofs_y = -1},
    {.bitmap_index = 3957, .adv_w = 160, .box_w = 10, .box_h = 11, .ofs_x = 0, .ofs_y = -2},
    {.bitmap_index = 4012, .adv_w = 160, .box_w = 10, .box_h = 11, .ofs_x = 0, .ofs_y = -2},
    {.bitmap_index = 4067, .adv_w = 160, .box_w = 10, .box_h = 10, .ofs_x = 0, .ofs_y = -1},
    {.bitmap_index = 4117, .adv_w = 160, .box_w = 11, .box_h = 10, .ofs_x = -1, .ofs_y = -1},
    {.bitmap_index = 4172, .adv_w = 160, .box_w = 10, .box_h = 10, .ofs_x = 0, .ofs_y = -1},
    {.bitmap_index = 4222, .adv_w = 160, .box_w = 10, .box_h = 10, .ofs_x = 0, .ofs_y = -2},
    {.bitmap_index = 4272, .adv_w = 160, .box_w = 10, .box_h = 10, .ofs_x = 0, .ofs_y = -2},
    {.bitmap_index = 4322, .adv_w = 160, .box_w = 10, .box_h = 10, .ofs_x = 0, .ofs_y = -2},
    {.bitmap_index = 4372, .adv_w = 160, .box_w = 10, .box_h = 10, .ofs_x = 0, .ofs_y = -1},
    {.bitmap_index = 4422, .adv_w = 160, .box_w = 10, .box_h = 10, .ofs_x = 0, .ofs_y = -1},
    {.bitmap_index = 4472, .adv_w = 160, .box_w = 10, .box_h = 10, .ofs_x = 0, .ofs_y = -1},
    {.bitmap_index = 4522, .adv_w = 160, .box_w = 10, .box_h = 10, .ofs_x = 0, .ofs_y = -2},
    {.bitmap_index = 4572, .adv_w = 160, .box_w = 10, .box_h = 10, .ofs_x = 0, .ofs_y = -1},
    {.bitmap_index = 4622, .adv_w = 160, .box_w = 10, .box_h = 9, .ofs_x = 0, .ofs_y = -1},
    {.bitmap_index = 4667, .adv_w = 160, .box_w = 10, .box_h = 9, .ofs_x = 0, .ofs_y = -1},
    {.bitmap_index = 4712, .adv_w = 160, .box_w = 10, .box_h = 9, .ofs_x = 0, .ofs_y = -1},
    {.bitmap_index = 4757, .adv_w = 160, .box_w = 10, .box_h = 10, .ofs_x = 0, .ofs_y = -1},
    {.bitmap_index = 4807, .adv_w = 160, .box_w = 10, .box_h = 11, .ofs_x = 0, .ofs_y = -2},
    {.bitmap_index = 4862, .adv_w = 160, .box_w = 10, .box_h = 10, .ofs_x = 0, .ofs_y = -2},
    {.bitmap_index = 4912, .adv_w = 160, .box_w = 10, .box_h = 10, .ofs_x = 0, .ofs_y = -2},
    {.bitmap_index = 4962, .adv_w = 160, .box_w = 10, .box_h = 9, .ofs_x = 0, .ofs_y = -1},
    {.bitmap_index = 5007, .adv_w = 160, .box_w = 10, .box_h = 10, .ofs_x = 0, .ofs_y = -2},
    {.bitmap_index = 5057, .adv_w = 160, .box_w = 9, .box_h = 9, .ofs_x = 0, .ofs_y = -1},
    {.bitmap_index = 5098, .adv_w = 160, .box_w = 10, .box_h = 11, .ofs_x = 0, .ofs_y = -2},
    {.bitmap_index = 5153, .adv_w = 160, .box_w = 10, .box_h = 11, .ofs_x = 0, .ofs_y = -2},
    {.bitmap_index = 5208, .adv_w = 160, .box_w = 10, .box_h = 10, .ofs_x = 0, .ofs_y = -2},
    {.bitmap_index = 5258, .adv_w = 160, .box_w = 10, .box_h = 10, .ofs_x = 0, .ofs_y = -2},
    {.bitmap_index = 5308, .adv_w = 160, .box_w = 9, .box_h = 9, .ofs_x = 1, .ofs_y = -1},
    {.bitmap_index = 5349, .adv_w = 160, .box_w = 10, .box_h = 10, .ofs_x = 0, .ofs_y = -1},
    {.bitmap_index = 5399, .adv_w = 160, .box_w = 8, .box_h = 9, .ofs_x = 1, .ofs_y = -1},
    {.bitmap_index = 5435, .adv_w = 160, .box_w = 10, .box_h = 9, .ofs_x = 0, .ofs_y = -1},
    {.bitmap_index = 5480, .adv_w = 160, .box_w = 10, .box_h = 9, .ofs_x = 0, .ofs_y = -1},
    {.bitmap_index = 5525, .adv_w = 160, .box_w = 10, .box_h = 9, .ofs_x = 0, .ofs_y = -1},
    {.bitmap_index = 5570, .adv_w = 160, .box_w = 10, .box_h = 11, .ofs_x = 0, .ofs_y = -2},
    {.bitmap_index = 5625, .adv_w = 160, .box_w = 10, .box_h = 10, .ofs_x = 0, .ofs_y = -1},
    {.bitmap_index = 5675, .adv_w = 160, .box_w = 8, .box_h = 9, .ofs_x = 1, .ofs_y = -1},
    {.bitmap_index = 5711, .adv_w = 160, .box_w = 10, .box_h = 9, .ofs_x = 0, .ofs_y = -1},
    {.bitmap_index = 5756, .adv_w = 160, .box_w = 10, .box_h = 9, .ofs_x = 0, .ofs_y = -1},
    {.bitmap_index = 5801, .adv_w = 160, .box_w = 9, .box_h = 10, .ofs_x = 1, .ofs_y = -1},
    {.bitmap_index = 5846, .adv_w = 160, .box_w = 10, .box_h = 10, .ofs_x = 0, .ofs_y = -1},
    {.bitmap_index = 5896, .adv_w = 160, .box_w = 10, .box_h = 10, .ofs_x = 0, .ofs_y = -1},
    {.bitmap_index = 5946, .adv_w = 160, .box_w = 9, .box_h = 9, .ofs_x = 1, .ofs_y = -1},
    {.bitmap_index = 5987, .adv_w = 160, .box_w = 10, .box_h = 10, .ofs_x = 0, .ofs_y = -1},
    {.bitmap_index = 6037, .adv_w = 160, .box_w = 10, .box_h = 10, .ofs_x = 0, .ofs_y = -1},
    {.bitmap_index = 6087, .adv_w = 160, .box_w = 10, .box_h = 11, .ofs_x = 0, .ofs_y = -2},
    {.bitmap_index = 6142, .adv_w = 160, .box_w = 10, .box_h = 10, .ofs_x = 0, .ofs_y = -1},
    {.bitmap_index = 6192, .adv_w = 160, .box_w = 10, .box_h = 9, .ofs_x = 0, .ofs_y = -1},
    {.bitmap_index = 6237, .adv_w = 160, .box_w = 10, .box_h = 9, .ofs_x = 0, .ofs_y = -1},
    {.bitmap_index = 6282, .adv_w = 160, .box_w = 9, .box_h = 9, .ofs_x = 1, .ofs_y = -1},
    {.bitmap_index = 6323, .adv_w = 160, .box_w = 9, .box_h = 9, .ofs_x = 1, .ofs_y = -1},
    {.bitmap_index = 6364, .adv_w = 160, .box_w = 9, .box_h = 9, .ofs_x = 1, .ofs_y = -1},
    {.bitmap_index = 6405, .adv_w = 160, .box_w = 9, .box_h = 9, .ofs_x = 1, .ofs_y = -1},
    {.bitmap_index = 6446, .adv_w = 160, .box_w = 10, .box_h = 10, .ofs_x = 0, .ofs_y = -1},
    {.bitmap_index = 6496, .adv_w = 160, .box_w = 10, .box_h = 10, .ofs_x = 0, .ofs_y = -1},
    {.bitmap_index = 6546, .adv_w = 160, .box_w = 10, .box_h = 10, .ofs_x = 0, .ofs_y = -2},
    {.bitmap_index = 6596, .adv_w = 160, .box_w = 10, .box_h = 9, .ofs_x = 0, .ofs_y = -1},
    {.bitmap_index = 6641, .adv_w = 160, .box_w = 10, .box_h = 10, .ofs_x = 0, .ofs_y = -1},
    {.bitmap_index = 6691, .adv_w = 160, .box_w = 10, .box_h = 11, .ofs_x = 0, .ofs_y = -2},
    {.bitmap_index = 6746, .adv_w = 160, .box_w = 10, .box_h = 9, .ofs_x = 0, .ofs_y = -1},
    {.bitmap_index = 6791, .adv_w = 160, .box_w = 11, .box_h = 10, .ofs_x = 0, .ofs_y = -1},
    {.bitmap_index = 6846, .adv_w = 160, .box_w = 10, .box_h = 10, .ofs_x = 0, .ofs_y = -1},
    {.bitmap_index = 6896, .adv_w = 160, .box_w = 10, .box_h = 10, .ofs_x = 0, .ofs_y = -1},
    {.bitmap_index = 6946, .adv_w = 160, .box_w = 10, .box_h = 10, .ofs_x = 0, .ofs_y = -1},
    {.bitmap_index = 6996, .adv_w = 160, .box_w = 10, .box_h = 11, .ofs_x = 0, .ofs_y = -2},
    {.bitmap_index = 7051, .adv_w = 160, .box_w = 10, .box_h = 9, .ofs_x = 0, .ofs_y = -1},
    {.bitmap_index = 7096, .adv_w = 160, .box_w = 10, .box_h = 9, .ofs_x = 0, .ofs_y = -1},
    {.bitmap_index = 7141, .adv_w = 160, .box_w = 10, .box_h = 10, .ofs_x = 0, .ofs_y = -1},
    {.bitmap_index = 7191, .adv_w = 160, .box_w = 10, .box_h = 10, .ofs_x = 0, .ofs_y = -1},
    {.bitmap_index = 7241, .adv_w = 160, .box_w = 10, .box_h = 10, .ofs_x = 0, .ofs_y = -1},
    {.bitmap_index = 7291, .adv_w = 160, .box_w = 10, .box_h = 10, .ofs_x = 0, .ofs_y = -1},
    {.bitmap_index = 7341, .adv_w = 160, .box_w = 10, .box_h = 10, .ofs_x = 0, .ofs_y = -1},
    {.bitmap_index = 7391, .adv_w = 160, .box_w = 10, .box_h = 11, .ofs_x = 0, .ofs_y = -2},
    {.bitmap_index = 7446, .adv_w = 160, .box_w = 10, .box_h = 11, .ofs_x = 0, .ofs_y = -2},
    {.bitmap_index = 7501, .adv_w = 160, .box_w = 10, .box_h = 10, .ofs_x = 0, .ofs_y = -1},
    {.bitmap_index = 7551, .adv_w = 160, .box_w = 10, .box_h = 10, .ofs_x = 0, .ofs_y = -1},
    {.bitmap_index = 7601, .adv_w = 160, .box_w = 10, .box_h = 10, .ofs_x = 0, .ofs_y = -1},
    {.bitmap_index = 7651, .adv_w = 160, .box_w = 11, .box_h = 10, .ofs_x = 0, .ofs_y = -1},
    {.bitmap_index = 7706, .adv_w = 160, .box_w = 10, .box_h = 9, .ofs_x = 0, .ofs_y = -1},
    {.bitmap_index = 7751, .adv_w = 160, .box_w = 10, .box_h = 9, .ofs_x = 0, .ofs_y = -1},
    {.bitmap_index = 7796, .adv_w = 160, .box_w = 10, .box_h = 10, .ofs_x = 0, .ofs_y = -2},
    {.bitmap_index = 7846, .adv_w = 160, .box_w = 10, .box_h = 9, .ofs_x = 0, .ofs_y = -1},
    {.bitmap_index = 7891, .adv_w = 160, .box_w = 9, .box_h = 10, .ofs_x = 0, .ofs_y = -2},
    {.bitmap_index = 7936, .adv_w = 160, .box_w = 10, .box_h = 9, .ofs_x = 0, .ofs_y = -1},
    {.bitmap_index = 7981, .adv_w = 160, .box_w = 10, .box_h = 9, .ofs_x = 0, .ofs_y = -1},
    {.bitmap_index = 8026, .adv_w = 160, .box_w = 10, .box_h = 8, .ofs_x = 0, .ofs_y = 0},
    {.bitmap_index = 8066, .adv_w = 160, .box_w = 10, .box_h = 10, .ofs_x = 0, .ofs_y = -1},
    {.bitmap_index = 8116, .adv_w = 160, .box_w = 10, .box_h = 9, .ofs_x = 0, .ofs_y = -1},
    {.bitmap_index = 8161, .adv_w = 160, .box_w = 10, .box_h = 10, .ofs_x = 0, .ofs_y = -1},
    {.bitmap_index = 8211, .adv_w = 160, .box_w = 9, .box_h = 9, .ofs_x = 1, .ofs_y = -1},
    {.bitmap_index = 8252, .adv_w = 160, .box_w = 10, .box_h = 10, .ofs_x = 0, .ofs_y = -1},
    {.bitmap_index = 8302, .adv_w = 160, .box_w = 10, .box_h = 11, .ofs_x = 0, .ofs_y = -2},
    {.bitmap_index = 8357, .adv_w = 160, .box_w = 10, .box_h = 11, .ofs_x = 0, .ofs_y = -2},
    {.bitmap_index = 8412, .adv_w = 160, .box_w = 10, .box_h = 11, .ofs_x = 0, .ofs_y = -2},
    {.bitmap_index = 8467, .adv_w = 160, .box_w = 10, .box_h = 10, .ofs_x = 0, .ofs_y = -1},
    {.bitmap_index = 8517, .adv_w = 160, .box_w = 10, .box_h = 10, .ofs_x = 0, .ofs_y = -2},
    {.bitmap_index = 8567, .adv_w = 160, .box_w = 10, .box_h = 9, .ofs_x = 0, .ofs_y = -1},
    {.bitmap_index = 8612, .adv_w = 160, .box_w = 10, .box_h = 11, .ofs_x = 0, .ofs_y = -2},
    {.bitmap_index = 8667, .adv_w = 160, .box_w = 10, .box_h = 10, .ofs_x = 0, .ofs_y = -2},
    {.bitmap_index = 8717, .adv_w = 160, .box_w = 8, .box_h = 9, .ofs_x = 1, .ofs_y = -1},
    {.bitmap_index = 8753, .adv_w = 160, .box_w = 10, .box_h = 10, .ofs_x = 0, .ofs_y = -1},
    {.bitmap_index = 8803, .adv_w = 160, .box_w = 10, .box_h = 9, .ofs_x = 0, .ofs_y = -1},
    {.bitmap_index = 8848, .adv_w = 160, .box_w = 10, .box_h = 10, .ofs_x = 0, .ofs_y = -2},
    {.bitmap_index = 8898, .adv_w = 160, .box_w = 10, .box_h = 9, .ofs_x = 0, .ofs_y = -1},
    {.bitmap_index = 8943, .adv_w = 160, .box_w = 10, .box_h = 10, .ofs_x = 0, .ofs_y = -1},
    {.bitmap_index = 8993, .adv_w = 160, .box_w = 10, .box_h = 10, .ofs_x = 0, .ofs_y = -1},
    {.bitmap_index = 9043, .adv_w = 160, .box_w = 10, .box_h = 10, .ofs_x = 0, .ofs_y = -1},
    {.bitmap_index = 9093, .adv_w = 160, .box_w = 10, .box_h = 9, .ofs_x = 0, .ofs_y = -1},
    {.bitmap_index = 9138, .adv_w = 160, .box_w = 10, .box_h = 10, .ofs_x = 0, .ofs_y = -1},
    {.bitmap_index = 9188, .adv_w = 160, .box_w = 10, .box_h = 9, .ofs_x = 0, .ofs_y = -1},
    {.bitmap_index = 9233, .adv_w = 160, .box_w = 10, .box_h = 11, .ofs_x = 0, .ofs_y = -2},
    {.bitmap_index = 9288, .adv_w = 160, .box_w = 10, .box_h = 10, .ofs_x = 0, .ofs_y = -2},
    {.bitmap_index = 9338, .adv_w = 160, .box_w = 9, .box_h = 10, .ofs_x = 0, .ofs_y = -2},
    {.bitmap_index = 9383, .adv_w = 160, .box_w = 10, .box_h = 9, .ofs_x = 0, .ofs_y = -1},
    {.bitmap_index = 9428, .adv_w = 160, .box_w = 10, .box_h = 10, .ofs_x = 0, .ofs_y = -1},
    {.bitmap_index = 9478, .adv_w = 160, .box_w = 10, .box_h = 10, .ofs_x = 0, .ofs_y = -2},
    {.bitmap_index = 9528, .adv_w = 160, .box_w = 11, .box_h = 11, .ofs_x = 0, .ofs_y = -2},
    {.bitmap_index = 9589, .adv_w = 160, .box_w = 10, .box_h = 9, .ofs_x = 0, .ofs_y = -1},
    {.bitmap_index = 9634, .adv_w = 160, .box_w = 10, .box_h = 10, .ofs_x = 0, .ofs_y = -2},
    {.bitmap_index = 9684, .adv_w = 160, .box_w = 10, .box_h = 10, .ofs_x = 0, .ofs_y = -2},
    {.bitmap_index = 9734, .adv_w = 160, .box_w = 10, .box_h = 10, .ofs_x = 0, .ofs_y = -2},
    {.bitmap_index = 9784, .adv_w = 160, .box_w = 10, .box_h = 9, .ofs_x = 0, .ofs_y = -1},
    {.bitmap_index = 9829, .adv_w = 160, .box_w = 10, .box_h = 10, .ofs_x = 0, .ofs_y = -2},
    {.bitmap_index = 9879, .adv_w = 160, .box_w = 10, .box_h = 10, .ofs_x = 0, .ofs_y = -1},
    {.bitmap_index = 9929, .adv_w = 160, .box_w = 10, .box_h = 10, .ofs_x = 0, .ofs_y = -2},
    {.bitmap_index = 9979, .adv_w = 160, .box_w = 10, .box_h = 10, .ofs_x = 0, .ofs_y = -2},
    {.bitmap_index = 10029, .adv_w = 160, .box_w = 10, .box_h = 11, .ofs_x = 0, .ofs_y = -2},
    {.bitmap_index = 10084, .adv_w = 160, .box_w = 10, .box_h = 10, .ofs_x = 0, .ofs_y = -1},
    {.bitmap_index = 10134, .adv_w = 160, .box_w = 10, .box_h = 11, .ofs_x = 0, .ofs_y = -2},
    {.bitmap_index = 10189, .adv_w = 160, .box_w = 10, .box_h = 10, .ofs_x = 0, .ofs_y = -1},
    {.bitmap_index = 10239, .adv_w = 160, .box_w = 10, .box_h = 11, .ofs_x = 0, .ofs_y = -2},
    {.bitmap_index = 10294, .adv_w = 160, .box_w = 10, .box_h = 10, .ofs_x = 0, .ofs_y = -2},
    {.bitmap_index = 10344, .adv_w = 160, .box_w = 10, .box_h = 9, .ofs_x = 0, .ofs_y = -1},
    {.bitmap_index = 10389, .adv_w = 160, .box_w = 10, .box_h = 11, .ofs_x = 0, .ofs_y = -2},
    {.bitmap_index = 10444, .adv_w = 160, .box_w = 10, .box_h = 11, .ofs_x = 0, .ofs_y = -2},
    {.bitmap_index = 10499, .adv_w = 160, .box_w = 10, .box_h = 11, .ofs_x = 0, .ofs_y = -2},
    {.bitmap_index = 10554, .adv_w = 160, .box_w = 8, .box_h = 9, .ofs_x = 1, .ofs_y = -1},
    {.bitmap_index = 10590, .adv_w = 160, .box_w = 10, .box_h = 9, .ofs_x = 0, .ofs_y = -1},
    {.bitmap_index = 10635, .adv_w = 160, .box_w = 9, .box_h = 10, .ofs_x = 1, .ofs_y = -2},
    {.bitmap_index = 10680, .adv_w = 160, .box_w = 9, .box_h = 11, .ofs_x = 1, .ofs_y = -2},
    {.bitmap_index = 10730, .adv_w = 160, .box_w = 10, .box_h = 10, .ofs_x = 0, .ofs_y = -1},
    {.bitmap_index = 10780, .adv_w = 160, .box_w = 10, .box_h = 10, .ofs_x = 0, .ofs_y = -2},
    {.bitmap_index = 10830, .adv_w = 160, .box_w = 11, .box_h = 11, .ofs_x = 0, .ofs_y = -2},
    {.bitmap_index = 10891, .adv_w = 160, .box_w = 10, .box_h = 9, .ofs_x = 0, .ofs_y = -1},
    {.bitmap_index = 10936, .adv_w = 160, .box_w = 10, .box_h = 9, .ofs_x = 0, .ofs_y = -1},
    {.bitmap_index = 10981, .adv_w = 160, .box_w = 9, .box_h = 10, .ofs_x = 0, .ofs_y = -1},
    {.bitmap_index = 11026, .adv_w = 160, .box_w = 11, .box_h = 10, .ofs_x = 0, .ofs_y = -1},
    {.bitmap_index = 11081, .adv_w = 160, .box_w = 8, .box_h = 9, .ofs_x = 1, .ofs_y = -1},
    {.bitmap_index = 11117, .adv_w = 160, .box_w = 10, .box_h = 10, .ofs_x = 0, .ofs_y = -2},
    {.bitmap_index = 11167, .adv_w = 160, .box_w = 10, .box_h = 9, .ofs_x = 0, .ofs_y = -1},
    {.bitmap_index = 11212, .adv_w = 160, .box_w = 10, .box_h = 9, .ofs_x = 0, .ofs_y = -1},
    {.bitmap_index = 11257, .adv_w = 160, .box_w = 10, .box_h = 9, .ofs_x = 0, .ofs_y = -1},
    {.bitmap_index = 11302, .adv_w = 160, .box_w = 10, .box_h = 9, .ofs_x = 0, .ofs_y = -1},
    {.bitmap_index = 11347, .adv_w = 160, .box_w = 10, .box_h = 9, .ofs_x = 0, .ofs_y = -1},
    {.bitmap_index = 11392, .adv_w = 160, .box_w = 10, .box_h = 10, .ofs_x = 0, .ofs_y = -1},
    {.bitmap_index = 11442, .adv_w = 160, .box_w = 10, .box_h = 10, .ofs_x = 0, .ofs_y = -1},
    {.bitmap_index = 11492, .adv_w = 160, .box_w = 10, .box_h = 9, .ofs_x = 0, .ofs_y = -1},
    {.bitmap_index = 11537, .adv_w = 160, .box_w = 10, .box_h = 10, .ofs_x = 0, .ofs_y = -1},
    {.bitmap_index = 11587, .adv_w = 160, .box_w = 10, .box_h = 9, .ofs_x = 0, .ofs_y = -1},
    {.bitmap_index = 11632, .adv_w = 160, .box_w = 10, .box_h = 10, .ofs_x = 0, .ofs_y = -2},
    {.bitmap_index = 11682, .adv_w = 160, .box_w = 10, .box_h = 9, .ofs_x = 0, .ofs_y = -1},
    {.bitmap_index = 11727, .adv_w = 160, .box_w = 10, .box_h = 10, .ofs_x = 0, .ofs_y = -1},
    {.bitmap_index = 11777, .adv_w = 160, .box_w = 10, .box_h = 10, .ofs_x = 0, .ofs_y = -1},
    {.bitmap_index = 11827, .adv_w = 160, .box_w = 10, .box_h = 9, .ofs_x = 0, .ofs_y = -1},
    {.bitmap_index = 11872, .adv_w = 160, .box_w = 10, .box_h = 10, .ofs_x = 0, .ofs_y = -1},
    {.bitmap_index = 11922, .adv_w = 160, .box_w = 10, .box_h = 11, .ofs_x = 0, .ofs_y = -2},
    {.bitmap_index = 11977, .adv_w = 160, .box_w = 10, .box_h = 9, .ofs_x = 0, .ofs_y = -1},
    {.bitmap_index = 12022, .adv_w = 160, .box_w = 10, .box_h = 9, .ofs_x = 0, .ofs_y = -1},
    {.bitmap_index = 12067, .adv_w = 160, .box_w = 10, .box_h = 11, .ofs_x = 0, .ofs_y = -2},
    {.bitmap_index = 12122, .adv_w = 160, .box_w = 10, .box_h = 10, .ofs_x = 0, .ofs_y = -1},
    {.bitmap_index = 12172, .adv_w = 160, .box_w = 10, .box_h = 11, .ofs_x = 0, .ofs_y = -2},
    {.bitmap_index = 12227, .adv_w = 160, .box_w = 10, .box_h = 10, .ofs_x = 0, .ofs_y = -1},
    {.bitmap_index = 12277, .adv_w = 160, .box_w = 10, .box_h = 11, .ofs_x = 0, .ofs_y = -2},
    {.bitmap_index = 12332, .adv_w = 160, .box_w = 10, .box_h = 11, .ofs_x = 0, .ofs_y = -2},
    {.bitmap_index = 12387, .adv_w = 160, .box_w = 10, .box_h = 9, .ofs_x = 0, .ofs_y = -1},
    {.bitmap_index = 12432, .adv_w = 160, .box_w = 10, .box_h = 10, .ofs_x = 0, .ofs_y = -2},
    {.bitmap_index = 12482, .adv_w = 160, .box_w = 10, .box_h = 10, .ofs_x = 0, .ofs_y = -1},
    {.bitmap_index = 12532, .adv_w = 160, .box_w = 10, .box_h = 11, .ofs_x = 0, .ofs_y = -2},
    {.bitmap_index = 12587, .adv_w = 160, .box_w = 10, .box_h = 9, .ofs_x = 0, .ofs_y = -1},
    {.bitmap_index = 12632, .adv_w = 160, .box_w = 10, .box_h = 11, .ofs_x = 0, .ofs_y = -2},
    {.bitmap_index = 12687, .adv_w = 160, .box_w = 10, .box_h = 10, .ofs_x = 0, .ofs_y = -1},
    {.bitmap_index = 12737, .adv_w = 160, .box_w = 10, .box_h = 9, .ofs_x = 0, .ofs_y = -1},
    {.bitmap_index = 12782, .adv_w = 160, .box_w = 10, .box_h = 10, .ofs_x = 0, .ofs_y = -2},
    {.bitmap_index = 12832, .adv_w = 160, .box_w = 10, .box_h = 11, .ofs_x = 0, .ofs_y = -2},
    {.bitmap_index = 12887, .adv_w = 160, .box_w = 10, .box_h = 11, .ofs_x = 0, .ofs_y = -2},
    {.bitmap_index = 12942, .adv_w = 160, .box_w = 10, .box_h = 11, .ofs_x = 0, .ofs_y = -2},
    {.bitmap_index = 12997, .adv_w = 160, .box_w = 10, .box_h = 10, .ofs_x = 0, .ofs_y = -1},
    {.bitmap_index = 13047, .adv_w = 160, .box_w = 10, .box_h = 10, .ofs_x = 0, .ofs_y = -1},
    {.bitmap_index = 13097, .adv_w = 160, .box_w = 10, .box_h = 10, .ofs_x = 0, .ofs_y = -2},
    {.bitmap_index = 13147, .adv_w = 160, .box_w = 10, .box_h = 9, .ofs_x = 0, .ofs_y = -1},
    {.bitmap_index = 13192, .adv_w = 160, .box_w = 10, .box_h = 9, .ofs_x = 0, .ofs_y = -1},
    {.bitmap_index = 13237, .adv_w = 160, .box_w = 10, .box_h = 9, .ofs_x = 0, .ofs_y = -1},
    {.bitmap_index = 13282, .adv_w = 160, .box_w = 10, .box_h = 10, .ofs_x = 0, .ofs_y = -1},
    {.bitmap_index = 13332, .adv_w = 160, .box_w = 9, .box_h = 10, .ofs_x = 0, .ofs_y = -2},
    {.bitmap_index = 13377, .adv_w = 160, .box_w = 9, .box_h = 9, .ofs_x = 1, .ofs_y = -1},
    {.bitmap_index = 13418, .adv_w = 160, .box_w = 11, .box_h = 10, .ofs_x = 0, .ofs_y = -2},
    {.bitmap_index = 13473, .adv_w = 160, .box_w = 9, .box_h = 10, .ofs_x = 0, .ofs_y = -1},
    {.bitmap_index = 13518, .adv_w = 160, .box_w = 9, .box_h = 10, .ofs_x = 1, .ofs_y = -1},
    {.bitmap_index = 13563, .adv_w = 160, .box_w = 8, .box_h = 10, .ofs_x = 1, .ofs_y = -1},
    {.bitmap_index = 13603, .adv_w = 160, .box_w = 9, .box_h = 11, .ofs_x = 1, .ofs_y = -2},
    {.bitmap_index = 13653, .adv_w = 160, .box_w = 8, .box_h = 9, .ofs_x = 1, .ofs_y = -1},
    {.bitmap_index = 13689, .adv_w = 160, .box_w = 10, .box_h = 10, .ofs_x = 0, .ofs_y = -1},
    {.bitmap_index = 13739, .adv_w = 160, .box_w = 10, .box_h = 10, .ofs_x = 0, .ofs_y = -1},
    {.bitmap_index = 13789, .adv_w = 160, .box_w = 10, .box_h = 11, .ofs_x = 0, .ofs_y = -2},
    {.bitmap_index = 13844, .adv_w = 160, .box_w = 10, .box_h = 10, .ofs_x = 0, .ofs_y = -2},
    {.bitmap_index = 13894, .adv_w = 160, .box_w = 10, .box_h = 10, .ofs_x = 0, .ofs_y = -1},
    {.bitmap_index = 13944, .adv_w = 160, .box_w = 10, .box_h = 11, .ofs_x = 0, .ofs_y = -2},
    {.bitmap_index = 13999, .adv_w = 160, .box_w = 10, .box_h = 9, .ofs_x = 0, .ofs_y = -1},
    {.bitmap_index = 14044, .adv_w = 160, .box_w = 10, .box_h = 10, .ofs_x = 0, .ofs_y = -1},
    {.bitmap_index = 14094, .adv_w = 160, .box_w = 10, .box_h = 10, .ofs_x = 0, .ofs_y = -1},
    {.bitmap_index = 14144, .adv_w = 160, .box_w = 10, .box_h = 10, .ofs_x = 0, .ofs_y = -1},
    {.bitmap_index = 14194, .adv_w = 160, .box_w = 10, .box_h = 11, .ofs_x = 0, .ofs_y = -2},
    {.bitmap_index = 14249, .adv_w = 160, .box_w = 10, .box_h = 10, .ofs_x = 0, .ofs_y = -1},
    {.bitmap_index = 14299, .adv_w = 160, .box_w = 10, .box_h = 10, .ofs_x = 0, .ofs_y = -1},
    {.bitmap_index = 14349, .adv_w = 160, .box_w = 10, .box_h = 11, .ofs_x = 0, .ofs_y = -2},
    {.bitmap_index = 14404, .adv_w = 160, .box_w = 10, .box_h = 10, .ofs_x = 0, .ofs_y = -1},
    {.bitmap_index = 14454, .adv_w = 160, .box_w = 10, .box_h = 9, .ofs_x = 0, .ofs_y = -1},
    {.bitmap_index = 14499, .adv_w = 160, .box_w = 10, .box_h = 10, .ofs_x = 0, .ofs_y = -1},
    {.bitmap_index = 14549, .adv_w = 160, .box_w = 10, .box_h = 9, .ofs_x = 0, .ofs_y = -1},
    {.bitmap_index = 14594, .adv_w = 160, .box_w = 10, .box_h = 10, .ofs_x = 0, .ofs_y = -1},
    {.bitmap_index = 14644, .adv_w = 160, .box_w = 10, .box_h = 9, .ofs_x = 0, .ofs_y = -1},
    {.bitmap_index = 14689, .adv_w = 160, .box_w = 10, .box_h = 11, .ofs_x = 0, .ofs_y = -2},
    {.bitmap_index = 14744, .adv_w = 160, .box_w = 10, .box_h = 10, .ofs_x = 0, .ofs_y = -1},
    {.bitmap_index = 14794, .adv_w = 160, .box_w = 10, .box_h = 9, .ofs_x = 0, .ofs_y = -1},
    {.bitmap_index = 14839, .adv_w = 160, .box_w = 10, .box_h = 10, .ofs_x = 0, .ofs_y = -1},
    {.bitmap_index = 14889, .adv_w = 160, .box_w = 10, .box_h = 10, .ofs_x = 0, .ofs_y = -1},
    {.bitmap_index = 14939, .adv_w = 160, .box_w = 10, .box_h = 10, .ofs_x = 0, .ofs_y = -1},
    {.bitmap_index = 14989, .adv_w = 160, .box_w = 10, .box_h = 9, .ofs_x = 0, .ofs_y = -1},
    {.bitmap_index = 15034, .adv_w = 160, .box_w = 10, .box_h = 9, .ofs_x = 0, .ofs_y = -1},
    {.bitmap_index = 15079, .adv_w = 160, .box_w = 10, .box_h = 11, .ofs_x = 0, .ofs_y = -2},
    {.bitmap_index = 15134, .adv_w = 160, .box_w = 10, .box_h = 9, .ofs_x = 0, .ofs_y = -1},
    {.bitmap_index = 15179, .adv_w = 160, .box_w = 10, .box_h = 10, .ofs_x = 0, .ofs_y = -1},
    {.bitmap_index = 15229, .adv_w = 160, .box_w = 8, .box_h = 10, .ofs_x = 1, .ofs_y = -1},
    {.bitmap_index = 15269, .adv_w = 160, .box_w = 10, .box_h = 11, .ofs_x = 0, .ofs_y = -2},
    {.bitmap_index = 15324, .adv_w = 160, .box_w = 11, .box_h = 10, .ofs_x = 0, .ofs_y = -1},
    {.bitmap_index = 15379, .adv_w = 160, .box_w = 10, .box_h = 9, .ofs_x = 0, .ofs_y = -1},
    {.bitmap_index = 15424, .adv_w = 160, .box_w = 10, .box_h = 9, .ofs_x = 0, .ofs_y = -1},
    {.bitmap_index = 15469, .adv_w = 160, .box_w = 10, .box_h = 10, .ofs_x = 0, .ofs_y = -2},
    {.bitmap_index = 15519, .adv_w = 160, .box_w = 10, .box_h = 10, .ofs_x = 0, .ofs_y = -1},
    {.bitmap_index = 15569, .adv_w = 160, .box_w = 10, .box_h = 9, .ofs_x = 0, .ofs_y = -1},
    {.bitmap_index = 15614, .adv_w = 160, .box_w = 10, .box_h = 9, .ofs_x = 0, .ofs_y = -1},
    {.bitmap_index = 15659, .adv_w = 160, .box_w = 10, .box_h = 10, .ofs_x = 0, .ofs_y = -2},
    {.bitmap_index = 15709, .adv_w = 160, .box_w = 10, .box_h = 10, .ofs_x = 0, .ofs_y = -1},
    {.bitmap_index = 15759, .adv_w = 160, .box_w = 10, .box_h = 11, .ofs_x = 0, .ofs_y = -2},
    {.bitmap_index = 15814, .adv_w = 160, .box_w = 9, .box_h = 11, .ofs_x = 0, .ofs_y = -2},
    {.bitmap_index = 15864, .adv_w = 160, .box_w = 10, .box_h = 9, .ofs_x = 0, .ofs_y = -1},
    {.bitmap_index = 15909, .adv_w = 160, .box_w = 10, .box_h = 9, .ofs_x = 0, .ofs_y = -1},
    {.bitmap_index = 15954, .adv_w = 160, .box_w = 10, .box_h = 10, .ofs_x = 0, .ofs_y = -1},
    {.bitmap_index = 16004, .adv_w = 160, .box_w = 10, .box_h = 11, .ofs_x = 0, .ofs_y = -2},
    {.bitmap_index = 16059, .adv_w = 160, .box_w = 10, .box_h = 10, .ofs_x = 0, .ofs_y = -1},
    {.bitmap_index = 16109, .adv_w = 160, .box_w = 10, .box_h = 10, .ofs_x = 0, .ofs_y = -1},
    {.bitmap_index = 16159, .adv_w = 160, .box_w = 10, .box_h = 10, .ofs_x = 0, .ofs_y = -1},
    {.bitmap_index = 16209, .adv_w = 160, .box_w = 10, .box_h = 11, .ofs_x = 0, .ofs_y = -2},
    {.bitmap_index = 16264, .adv_w = 160, .box_w = 10, .box_h = 11, .ofs_x = 0, .ofs_y = -2},
    {.bitmap_index = 16319, .adv_w = 160, .box_w = 10, .box_h = 9, .ofs_x = 0, .ofs_y = -1},
    {.bitmap_index = 16364, .adv_w = 160, .box_w = 10, .box_h = 10, .ofs_x = 0, .ofs_y = -1},
    {.bitmap_index = 16414, .adv_w = 160, .box_w = 10, .box_h = 9, .ofs_x = 0, .ofs_y = -1},
    {.bitmap_index = 16459, .adv_w = 160, .box_w = 10, .box_h = 10, .ofs_x = 0, .ofs_y = -1},
    {.bitmap_index = 16509, .adv_w = 160, .box_w = 10, .box_h = 10, .ofs_x = 0, .ofs_y = -1},
    {.bitmap_index = 16559, .adv_w = 160, .box_w = 10, .box_h = 9, .ofs_x = 0, .ofs_y = -1},
    {.bitmap_index = 16604, .adv_w = 160, .box_w = 10, .box_h = 10, .ofs_x = 0, .ofs_y = -1},
    {.bitmap_index = 16654, .adv_w = 160, .box_w = 10, .box_h = 10, .ofs_x = 0, .ofs_y = -1},
    {.bitmap_index = 16704, .adv_w = 160, .box_w = 10, .box_h = 10, .ofs_x = 0, .ofs_y = -1},
    {.bitmap_index = 16754, .adv_w = 160, .box_w = 10, .box_h = 10, .ofs_x = 0, .ofs_y = -2},
    {.bitmap_index = 16804, .adv_w = 160, .box_w = 10, .box_h = 11, .ofs_x = 0, .ofs_y = -2},
    {.bitmap_index = 16859, .adv_w = 160, .box_w = 11, .box_h = 11, .ofs_x = 0, .ofs_y = -2},
    {.bitmap_index = 16920, .adv_w = 160, .box_w = 10, .box_h = 11, .ofs_x = 0, .ofs_y = -2},
    {.bitmap_index = 16975, .adv_w = 160, .box_w = 10, .box_h = 9, .ofs_x = 0, .ofs_y = -1},
    {.bitmap_index = 17020, .adv_w = 160, .box_w = 10, .box_h = 10, .ofs_x = 0, .ofs_y = -1},
    {.bitmap_index = 17070, .adv_w = 160, .box_w = 10, .box_h = 9, .ofs_x = 0, .ofs_y = -1},
    {.bitmap_index = 17115, .adv_w = 160, .box_w = 10, .box_h = 11, .ofs_x = 0, .ofs_y = -2},
    {.bitmap_index = 17170, .adv_w = 160, .box_w = 10, .box_h = 11, .ofs_x = 0, .ofs_y = -2},
    {.bitmap_index = 17225, .adv_w = 160, .box_w = 10, .box_h = 11, .ofs_x = 0, .ofs_y = -2},
    {.bitmap_index = 17280, .adv_w = 160, .box_w = 10, .box_h = 11, .ofs_x = 0, .ofs_y = -2},
    {.bitmap_index = 17335, .adv_w = 160, .box_w = 10, .box_h = 11, .ofs_x = 0, .ofs_y = -2},
    {.bitmap_index = 17390, .adv_w = 160, .box_w = 10, .box_h = 11, .ofs_x = 0, .ofs_y = -2},
    {.bitmap_index = 17445, .adv_w = 160, .box_w = 10, .box_h = 10, .ofs_x = 0, .ofs_y = -2},
    {.bitmap_index = 17495, .adv_w = 160, .box_w = 10, .box_h = 11, .ofs_x = 0, .ofs_y = -2},
    {.bitmap_index = 17550, .adv_w = 160, .box_w = 10, .box_h = 10, .ofs_x = 0, .ofs_y = -2},
    {.bitmap_index = 17600, .adv_w = 160, .box_w = 10, .box_h = 11, .ofs_x = 0, .ofs_y = -2},
    {.bitmap_index = 17655, .adv_w = 160, .box_w = 10, .box_h = 10, .ofs_x = 0, .ofs_y = -2},
    {.bitmap_index = 17705, .adv_w = 160, .box_w = 11, .box_h = 11, .ofs_x = 0, .ofs_y = -2},
    {.bitmap_index = 17766, .adv_w = 160, .box_w = 10, .box_h = 11, .ofs_x = 0, .ofs_y = -2},
    {.bitmap_index = 17821, .adv_w = 160, .box_w = 10, .box_h = 11, .ofs_x = 0, .ofs_y = -2},
    {.bitmap_index = 17876, .adv_w = 160, .box_w = 10, .box_h = 9, .ofs_x = 0, .ofs_y = -1},
    {.bitmap_index = 17921, .adv_w = 160, .box_w = 10, .box_h = 10, .ofs_x = 0, .ofs_y = -1},
    {.bitmap_index = 17971, .adv_w = 160, .box_w = 10, .box_h = 9, .ofs_x = 0, .ofs_y = -1},
    {.bitmap_index = 18016, .adv_w = 160, .box_w = 10, .box_h = 10, .ofs_x = 0, .ofs_y = -1},
    {.bitmap_index = 18066, .adv_w = 160, .box_w = 10, .box_h = 9, .ofs_x = 0, .ofs_y = -1},
    {.bitmap_index = 18111, .adv_w = 160, .box_w = 10, .box_h = 11, .ofs_x = 0, .ofs_y = -2},
    {.bitmap_index = 18166, .adv_w = 160, .box_w = 10, .box_h = 10, .ofs_x = 0, .ofs_y = -1},
    {.bitmap_index = 18216, .adv_w = 160, .box_w = 10, .box_h = 9, .ofs_x = 0, .ofs_y = -1},
    {.bitmap_index = 18261, .adv_w = 160, .box_w = 10, .box_h = 9, .ofs_x = 0, .ofs_y = -1},
    {.bitmap_index = 18306, .adv_w = 160, .box_w = 10, .box_h = 10, .ofs_x = 0, .ofs_y = -1},
    {.bitmap_index = 18356, .adv_w = 160, .box_w = 9, .box_h = 11, .ofs_x = 1, .ofs_y = -2},
    {.bitmap_index = 18406, .adv_w = 160, .box_w = 9, .box_h = 11, .ofs_x = 1, .ofs_y = -2},
    {.bitmap_index = 18456, .adv_w = 160, .box_w = 9, .box_h = 11, .ofs_x = 1, .ofs_y = -2},
    {.bitmap_index = 18506, .adv_w = 160, .box_w = 9, .box_h = 11, .ofs_x = 1, .ofs_y = -2},
    {.bitmap_index = 18556, .adv_w = 160, .box_w = 10, .box_h = 10, .ofs_x = 0, .ofs_y = -1},
    {.bitmap_index = 18606, .adv_w = 160, .box_w = 11, .box_h = 10, .ofs_x = 0, .ofs_y = -2},
    {.bitmap_index = 18661, .adv_w = 160, .box_w = 10, .box_h = 9, .ofs_x = 0, .ofs_y = -1},
    {.bitmap_index = 18706, .adv_w = 160, .box_w = 10, .box_h = 10, .ofs_x = 0, .ofs_y = -1},
    {.bitmap_index = 18756, .adv_w = 160, .box_w = 10, .box_h = 9, .ofs_x = 0, .ofs_y = -1},
    {.bitmap_index = 18801, .adv_w = 160, .box_w = 10, .box_h = 9, .ofs_x = 0, .ofs_y = -1},
    {.bitmap_index = 18846, .adv_w = 160, .box_w = 10, .box_h = 9, .ofs_x = 0, .ofs_y = -1},
    {.bitmap_index = 18891, .adv_w = 160, .box_w = 10, .box_h = 10, .ofs_x = 0, .ofs_y = -1},
    {.bitmap_index = 18941, .adv_w = 160, .box_w = 10, .box_h = 11, .ofs_x = 0, .ofs_y = -2},
    {.bitmap_index = 18996, .adv_w = 160, .box_w = 10, .box_h = 9, .ofs_x = 0, .ofs_y = -1},
    {.bitmap_index = 19041, .adv_w = 160, .box_w = 10, .box_h = 11, .ofs_x = 0, .ofs_y = -2},
    {.bitmap_index = 19096, .adv_w = 160, .box_w = 10, .box_h = 10, .ofs_x = 0, .ofs_y = -1},
    {.bitmap_index = 19146, .adv_w = 160, .box_w = 11, .box_h = 10, .ofs_x = 0, .ofs_y = -2},
    {.bitmap_index = 19201, .adv_w = 160, .box_w = 10, .box_h = 10, .ofs_x = 0, .ofs_y = -1},
    {.bitmap_index = 19251, .adv_w = 160, .box_w = 10, .box_h = 11, .ofs_x = 0, .ofs_y = -2},
    {.bitmap_index = 19306, .adv_w = 160, .box_w = 10, .box_h = 11, .ofs_x = 0, .ofs_y = -2},
    {.bitmap_index = 19361, .adv_w = 160, .box_w = 10, .box_h = 10, .ofs_x = 0, .ofs_y = -1},
    {.bitmap_index = 19411, .adv_w = 160, .box_w = 10, .box_h = 9, .ofs_x = 0, .ofs_y = -1},
    {.bitmap_index = 19456, .adv_w = 160, .box_w = 10, .box_h = 9, .ofs_x = 0, .ofs_y = -1},
    {.bitmap_index = 19501, .adv_w = 160, .box_w = 10, .box_h = 10, .ofs_x = 0, .ofs_y = -1},
    {.bitmap_index = 19551, .adv_w = 160, .box_w = 3, .box_h = 5, .ofs_x = 1, .ofs_y = -2},
    {.bitmap_index = 19559, .adv_w = 160, .box_w = 3, .box_h = 8, .ofs_x = 1, .ofs_y = -1},
    {.bitmap_index = 19571, .adv_w = 160, .box_w = 3, .box_h = 9, .ofs_x = 1, .ofs_y = -2}
};

/*---------------------
 *  CHARACTER MAPPING
 *--------------------*/

static const uint16_t unicode_list_1[] = {
    0x0, 0x1f5d, 0x2103, 0x21ac, 0x224b, 0x225e, 0x2336, 0x2337,
    0x24ff, 0x2512, 0x2515, 0x25b3, 0x25b4, 0x25e2, 0x2f4a, 0x2f4b,
    0x4d49, 0x4d53, 0x4d54, 0x4d56, 0x4d57, 0x4d5c, 0x4d65, 0x4d73,
    0x4d76, 0x4d83, 0x4d84, 0x4dd2, 0x4dd5, 0x4dd7, 0x4df4, 0x4df5,
    0x4df7, 0x4e03, 0x4e13, 0x4e17, 0x4e2e, 0x4e61, 0x4e63, 0x4e8f,
    0x4e96, 0x4e97, 0x4ea5, 0x4ea9, 0x4ef0, 0x4f26, 0x4f2a, 0x4f62,
    0x4f90, 0x4f98, 0x4fa3, 0x4fa5, 0x5091, 0x5092, 0x5094, 0x50ae,
    0x50b1, 0x50b5, 0x50ba, 0x50bc, 0x50ce, 0x50d6, 0x50fc, 0x5100,
    0x514f, 0x5150, 0x5160, 0x5179, 0x517f, 0x5180, 0x5184, 0x5196,
    0x51e8, 0x51f1, 0x5283, 0x529e, 0x52a9, 0x52aa, 0x52d4, 0x5313,
    0x531a, 0x5321, 0x532c, 0x5333, 0x5338, 0x5339, 0x533c, 0x5351,
    0x5355, 0x5357, 0x5374, 0x5375, 0x53d5, 0x55b1, 0x5627, 0x563d,
    0x5643, 0x5647, 0x564f, 0x5671, 0x5679, 0x5683, 0x56d4, 0x5728,
    0x57cc, 0x5839, 0x5850, 0x5856, 0x585f, 0x5863, 0x5865, 0x5872,
    0x587a, 0x5898, 0x58bc, 0x58c6, 0x5914, 0x5ad2, 0x5ad5, 0x5ae3,
    0x5ae7, 0x5b02, 0x5b0f, 0x5b28, 0x5b45, 0x5b4a, 0x5b58, 0x5b86,
    0x5b89, 0x5b8b, 0x5b9e, 0x5d2e, 0x5d2f, 0x5d3b, 0x5d4c, 0x5d81,
    0x5dc8, 0x5dd8, 0x5ddc, 0x5dde, 0x5def, 0x5e49, 0x5e58, 0x5e69,
    0x5e83, 0x5e9c, 0x5e9e, 0x5f0c, 0x5f34, 0x5f4a, 0x5f70, 0x5f84,
    0x5fb8, 0x603c, 0x6068, 0x60ab, 0x6159, 0x619c, 0x61b4, 0x61d3,
    0x6228, 0x624a, 0x6252, 0x625a, 0x62ab, 0x62b7, 0x62db, 0x62eb,
    0x62ee, 0x62f0, 0x62f1, 0x6318, 0x6365, 0x63f6, 0x647f, 0x6482,
    0x6487, 0x64b9, 0x64bd, 0x64e2, 0x64f9, 0x6502, 0x652e, 0x6532,
    0x653f, 0x6557, 0x6571, 0x6578, 0x65a3, 0x65b1, 0x65b8, 0x65c3,
    0x65df, 0x663b, 0x663d, 0x6648, 0x6649, 0x6675, 0x6683, 0x668b,
    0x66aa, 0x66cd, 0x66ff, 0x671d, 0x672e, 0x6750, 0x6758, 0x6780,
    0x6791, 0x696a, 0x6a6a, 0x6a95, 0x6aac, 0x6aae, 0x6afe, 0x6b0a,
    0x6b18, 0x6b5d, 0x6b64, 0x6c8a, 0x6c8e, 0x6d2a, 0x6d3a, 0x6d40,
    0x6d4e, 0x6d59, 0x6d6a, 0x7002, 0x7190, 0x7191, 0x71ff, 0x7235,
    0x72d0, 0x72f8, 0x72f9, 0x7304, 0x7336, 0x734c, 0x73cc, 0x7471,
    0x747e, 0x7495, 0x74a2, 0x74ae, 0x75c6, 0x75cd, 0x7637, 0x7654,
    0x7668, 0x77b7, 0x7883, 0x7904, 0x7944, 0x7956, 0x797c, 0x7988,
    0x7a14, 0x7a27, 0x7a9f, 0x7aea, 0x7c07, 0x7c44, 0x7c6b, 0x7df0,
    0x7e08, 0x7e18, 0x7e1c, 0x7e28, 0x7e30, 0x7e36, 0x7e3d, 0x7e5f,
    0x7e72, 0x7eb7, 0x7f60, 0x7f9d, 0x8015, 0x8046, 0x8133, 0x8173,
    0x81bb, 0x81cb, 0x8299, 0x8518, 0x8795, 0x87b1, 0x88ca, 0x890b,
    0x890f, 0x8912, 0x891b, 0x8aed, 0x8af2, 0x8b07, 0x8b08, 0x8b0a,
    0x8b0f, 0x8b1a, 0x8b3d, 0x8b4c, 0x8b51, 0x8c71, 0x8c7d, 0x8c8d,
    0x8d1a, 0x8d28, 0x8d38, 0x8eb7, 0x8ec4, 0x8ec6, 0x8eda, 0x8ef1,
    0x8f02, 0x8f07, 0x8f0a, 0x8f10, 0x8f19, 0x8f1a, 0x8f21, 0x8f22,
    0x8f24, 0x8f27, 0x8f40, 0x8f4b, 0x8f52, 0x8f58, 0x8f68, 0x8f84,
    0x8f9c, 0x9031, 0x9115, 0x9116, 0x9118, 0x911a, 0x93e8, 0x93f7,
    0x9425, 0x9449, 0x94c8, 0x953d, 0x9568, 0x957f, 0x9596, 0x95d8,
    0x960f, 0x9647, 0x969b, 0x96a2, 0x96ab, 0x97be, 0x97c2, 0x97c3,
    0x97cd, 0x97da, 0x97e1, 0x97e5, 0x9817, 0x98df, 0x99c4, 0x99d5,
    0x9a21, 0x9e0d, 0x9e21, 0x9e5c, 0xfe55, 0xfe63, 0xfe64
};

/*Collect the unicode lists and glyph_id offsets*/
static const lv_font_fmt_txt_cmap_t cmaps[] =
{
    {
        .range_start = 32, .range_length = 95, .glyph_id_start = 1,
        .unicode_list = NULL, .glyph_id_ofs_list = NULL, .list_length = 0, .type = LV_FONT_FMT_TXT_CMAP_FORMAT0_TINY
    },
    {
        .range_start = 183, .range_length = 65125, .glyph_id_start = 96,
        .unicode_list = unicode_list_1, .glyph_id_ofs_list = NULL, .list_length = 367, .type = LV_FONT_FMT_TXT_CMAP_SPARSE_TINY
    }
};

/*-----------------
 *    KERNING
 *----------------*/


/*Map glyph_ids to kern left classes*/
static const uint8_t kern_left_class_mapping[] =
{
    0, 0, 1, 2, 0, 3, 4, 5,
    2, 6, 7, 8, 9, 10, 9, 10,
    11, 12, 0, 13, 14, 15, 16, 17,
    18, 19, 12, 20, 20, 0, 0, 0,
    21, 22, 23, 24, 25, 22, 26, 27,
    28, 29, 29, 30, 31, 32, 29, 29,
    22, 33, 34, 35, 3, 36, 30, 37,
    37, 38, 39, 40, 41, 42, 43, 0,
    44, 0, 45, 46, 47, 48, 49, 50,
    51, 45, 52, 52, 53, 48, 45, 45,
    46, 46, 54, 55, 56, 57, 51, 58,
    58, 59, 58, 60, 41, 0, 0, 9,
    0, 0, 0, 0, 0, 0, 0, 0,
    0, 0, 0, 0, 0, 0, 0, 0,
    0, 0, 0, 0, 0, 0, 0, 0,
    0, 0, 0, 0, 0, 0, 0, 0,
    0, 0, 0, 0, 0, 0, 0, 0,
    0, 0, 0, 0, 0, 0, 0, 0,
    0, 0, 0, 0, 0, 0, 0, 0,
    0, 0, 0, 0, 0, 0, 0, 0,
    0, 0, 0, 0, 0, 0, 0, 0,
    0, 0, 0, 0, 0, 0, 0, 0,
    0, 0, 0, 0, 0, 0, 0, 0,
    0, 0, 0, 0, 0, 0, 0, 0,
    0, 0, 0, 0, 0, 0, 0, 0,
    0, 0, 0, 0, 0, 0, 0, 0,
    0, 0, 0, 0, 0, 0, 0, 0,
    0, 0, 0, 0, 0, 0, 0, 0,
    0, 0, 0, 0, 0, 0, 0, 0,
    0, 0, 0, 0, 0, 0, 0, 0,
    0, 0, 0, 0, 0, 0, 0, 0,
    0, 0, 0, 0, 0, 0, 0, 0,
    0, 0, 0, 0, 0, 0, 0, 0,
    0, 0, 0, 0, 0, 0, 0, 0,
    0, 0, 0, 0, 0, 0, 0, 0,
    0, 0, 0, 0, 0, 0, 0, 0,
    0, 0, 0, 0, 0, 0, 0, 0,
    0, 0, 0, 0, 0, 0, 0, 0,
    0, 0, 0, 0, 0, 0, 0, 0,
    0, 0, 0, 0, 0, 0, 0, 0,
    0, 0, 0, 0, 0, 0, 0, 0,
    0, 0, 0, 0, 0, 0, 0, 0,
    0, 0, 0, 0, 0, 0, 0, 0,
    0, 0, 0, 0, 0, 0, 0, 0,
    0, 0, 0, 0, 0, 0, 0, 0,
    0, 0, 0, 0, 0, 0, 0, 0,
    0, 0, 0, 0, 0, 0, 0, 0,
    0, 0, 0, 0, 0, 0, 0, 0,
    0, 0, 0, 0, 0, 0, 0, 0,
    0, 0, 0, 0, 0, 0, 0, 0,
    0, 0, 0, 0, 0, 0, 0, 0,
    0, 0, 0, 0, 0, 0, 0, 0,
    0, 0, 0, 0, 0, 0, 0, 0,
    0, 0, 0, 0, 0, 0, 0, 0,
    0, 0, 0, 0, 0, 0, 0, 0,
    0, 0, 0, 0, 0, 0, 0, 0,
    0, 0, 0, 0, 0, 0, 0, 0,
    0, 0, 0, 0, 0, 0, 0
};

/*Map glyph_ids to kern right classes*/
static const uint8_t kern_right_class_mapping[] =
{
    0, 0, 1, 2, 0, 3, 4, 5,
    2, 6, 7, 8, 9, 10, 9, 10,
    11, 12, 13, 14, 15, 16, 17, 12,
    18, 19, 20, 21, 21, 0, 0, 0,
    22, 23, 24, 25, 23, 25, 25, 25,
    23, 25, 25, 26, 25, 25, 25, 25,
    23, 25, 23, 25, 3, 27, 28, 29,
    29, 30, 31, 32, 33, 34, 35, 0,
    36, 0, 37, 38, 39, 39, 39, 40,
    39, 38, 41, 42, 38, 38, 43, 43,
    39, 43, 39, 43, 44, 45, 46, 47,
    47, 48, 49, 50, 0, 0, 35, 9,
    0, 0, 0, 0, 0, 0, 0, 0,
    0, 0, 0, 0, 0, 0, 0, 0,
    0, 0, 0, 0, 0, 0, 0, 0,
    0, 0, 0, 0, 0, 0, 0, 0,
    0, 0, 0, 0, 0, 0, 0, 0,
    0, 0, 0, 0, 0, 0, 0, 0,
    0, 0, 0, 0, 0, 0, 0, 0,
    0, 0, 0, 0, 0, 0, 0, 0,
    0, 0, 0, 0, 0, 0, 0, 0,
    0, 0, 0, 0, 0, 0, 0, 0,
    0, 0, 0, 0, 0, 0, 0, 0,
    0, 0, 0, 0, 0, 0, 0, 0,
    0, 0, 0, 0, 0, 0, 0, 0,
    0, 0, 0, 0, 0, 0, 0, 0,
    0, 0, 0, 0, 0, 0, 0, 0,
    0, 0, 0, 0, 0, 0, 0, 0,
    0, 0, 0, 0, 0, 0, 0, 0,
    0, 0, 0, 0, 0, 0, 0, 0,
    0, 0, 0, 0, 0, 0, 0, 0,
    0, 0, 0, 0, 0, 0, 0, 0,
    0, 0, 0, 0, 0, 0, 0, 0,
    0, 0, 0, 0, 0, 0, 0, 0,
    0, 0, 0, 0, 0, 0, 0, 0,
    0, 0, 0, 0, 0, 0, 0, 0,
    0, 0, 0, 0, 0, 0, 0, 0,
    0, 0, 0, 0, 0, 0, 0, 0,
    0, 0, 0, 0, 0, 0, 0, 0,
    0, 0, 0, 0, 0, 0, 0, 0,
    0, 0, 0, 0, 0, 0, 0, 0,
    0, 0, 0, 0, 0, 0, 0, 0,
    0, 0, 0, 0, 0, 0, 0, 0,
    0, 0, 0, 0, 0, 0, 0, 0,
    0, 0, 0, 0, 0, 0, 0, 0,
    0, 0, 0, 0, 0, 0, 0, 0,
    0, 0, 0, 0, 0, 0, 0, 0,
    0, 0, 0, 0, 0, 0, 0, 0,
    0, 0, 0, 0, 0, 0, 0, 0,
    0, 0, 0, 0, 0, 0, 0, 0,
    0, 0, 0, 0, 0, 0, 0, 0,
    0, 0, 0, 0, 0, 0, 0, 0,
    0, 0, 0, 0, 0, 0, 0, 0,
    0, 0, 0, 0, 0, 0, 0, 0,
    0, 0, 0, 0, 0, 0, 0, 0,
    0, 0, 0, 0, 0, 0, 0, 0,
    0, 0, 0, 0, 0, 0, 0, 0,
    0, 0, 0, 0, 0, 0, 0
};

/*Kern values between classes*/
static const int8_t kern_class_values[] =
{
    0, 0, 0, 0, 0, 0, 0, 1,
    0, 0, 0, 0, 2, 0, 0, 0,
    0, 1, 0, 0, 0, 0, 0, 0,
    0, 4, 3, 0, 2, 0, 3, 0,
    0, 0, 0, 0, 0, 0, 0, 0,
    0, 0, 0, 0, 0, 0, 0, 0,
    0, 0, 0, 7, 0, 4, -3, 0,
    0, 3, 0, -9, -10, 1, 7, 3,
    2, -6, 1, 7, 0, 6, 2, 5,
    0, -7, 0, 0, 2, 0, 0, 0,
    0, 0, 0, 10, 2, -1, 0, 0,
    0, 0, 0, 0, 0, 0, 0, 0,
    0, 0, 0, 0, 0, -5, 0, 0,
    0, 0, 0, -3, 2, 3, 0, 0,
    -2, 0, -1, 2, 0, -2, 0, -2,
    -1, -3, 0, 0, 0, 0, -2, 0,
    0, -2, -2, 0, 0, -2, 0, -3,
    0, 0, 0, 0, 0, 0, 0, 0,
    0, 0, -2, -2, -2, 0, 0, -4,
    0, -20, 0, 0, -3, -8, 3, 5,
    0, 0, -3, 2, 2, 5, 3, -2,
    3, 0, 0, -9, 0, 0, 0, 0,
    0, 0, 0, 0, 0, 0, 0, -6,
    0, 0, 2, 0, 4, 0, 0, 0,
    0, 0, 0, 0, 0, 0, 0, 0,
    -2, -7, 0, -6, -1, 0, 0, -5,
    0, 0, 6, 0, -5, -2, 0, 0,
    0, -2, 0, 0, -1, -11, 0, 2,
    0, 5, -4, 0, -3, 0, -6, 2,
    0, -13, -2, 5, 2, 0, 0, 0,
    0, 0, 0, 0, 2, 0, -2, 0,
    -2, 0, 0, 0, 0, 0, 0, 0,
    0, 0, 0, 0, 6, 0, 2, 0,
    0, -3, 0, 0, 0, 0, 0, 0,
    0, 0, 0, 0, -2, 0, 0, 0,
    0, 0, 0, 6, 2, 0, 0, 0,
    0, 0, 0, 15, 0, 0, 0, 0,
    0, 0, 0, 0, 0, 0, 0, 0,
    0, 0, 0, 0, 0, 0, 0, 0,
    0, 0, 0, 0, 0, 0, 0, 0,
    0, 0, 0, 0, 0, 0, -6, 0,
    0, 0, 0, 0, 0, 0, 0, 0,
    0, 0, 0, 0, 0, 0, 0, 0,
    0, 0, 0, 0, 0, 0, 1, 3,
    2, 5, -2, 0, 0, 3, -2, -6,
    -22, 1, 4, 3, 0, -2, 0, 5,
    0, 5, 0, 5, 0, -15, 0, -2,
    5, 0, 5, -2, 3, 2, 0, 0,
    0, -2, 0, 0, -2, 0, 0, 0,
    13, 0, 5, 0, 6, 2, 6, 2,
    0, 0, -2, -6, 0, 0, 0, -2,
    0, -1, 0, 1, -3, -2, -3, 1,
    0, -2, 0, 0, 0, -6, 1, -3,
    0, -3, -6, 0, -4, -3, -5, 0,
    0, -10, 0, 0, 0, 0, 2, 0,
    0, 0, 0, 0, 2, 0, -2, -4,
    -2, -2, 0, -9, 2, -10, 0, 0,
    0, -6, -1, 0, 15, -2, -2, 2,
    2, -1, 0, -2, 2, 0, 0, -9,
    -3, 5, 0, 9, -5, -1, -6, 0,
    -6, 2, 0, -15, 0, 2, 2, 0,
    -2, 0, 0, 2, 0, 0, -1, -2,
    -5, 0, -5, 0, 0, 10, -3, 0,
    -6, 0, 6, 0, -11, -15, -11, -3,
    5, 0, 0, -10, 0, 2, -4, 0,
    -2, 0, -3, -6, 0, -2, 5, 0,
    5, 0, 5, 0, 0, 3, 5, -19,
    -10, 0, -10, 0, 2, 0, -10, -10,
    -4, -10, -5, -9, -5, -10, 0, 1,
    0, 0, 0, 0, 0, 1, 1, -2,
    -3, 0, 0, 0, -2, 0, 0, -1,
    0, 0, 0, -3, 0, -2, 0, -4,
    -3, 0, -4, -6, -6, -3, 0, -3,
    0, -3, 0, 0, 0, 0, 0, -1,
    0, 0, 2, 0, 1, -2, 1, 0,
    0, 0, 0, 2, -1, 0, 0, 0,
    -1, 2, 2, 0, 0, 0, 0, -2,
    0, 0, 0, 0, 0, 0, 0, 0,
    0, 2, -1, 0, -2, 0, -3, 0,
    0, -1, 0, 5, 0, 0, -2, 0,
    0, 0, 0, 0, 0, 0, 0, -1,
    0, -1, 0, -2, 0, -2, 0, 0,
    0, 0, 0, 0, 0, 0, 0, -1,
    -1, 0, -2, -2, 0, 0, 0, 0,
    0, 0, 0, 0, -1, 0, -2, -2,
    -2, 0, 0, 0, 0, 0, 0, 0,
    0, 0, 0, -1, 0, 0, 0, 0,
    -1, -2, -1, 0, 0, -5, -1, -5,
    3, 0, 0, -3, 2, 3, 4, 0,
    -4, 0, -2, 0, 0, -7, 2, -1,
    1, -9, 2, 0, 0, 0, -8, 0,
    -9, -2, -14, -1, 0, -8, 0, 3,
    4, 0, 2, 0, 0, 0, 0, 0,
    0, 0, -3, -2, -3, 0, 0, 0,
    0, -2, 0, 0, 0, -2, 0, 0,
    0, 0, 0, -1, -1, 0, -1, -2,
    0, 0, 0, 0, 0, 0, 0, -2,
    -2, 0, -1, -2, -1, 0, 0, -2,
    0, 0, 0, 0, 0, 0, 0, 0,
    0, 0, 0, 0, -2, -2, -2, 0,
    0, -1, 0, -3, 2, 0, 0, -2,
    1, 2, 2, 0, 0, 0, 0, 0,
    0, -1, 0, 0, 0, 0, 0, 1,
    0, 0, -2, 0, -2, -1, -2, 0,
    0, 0, 0, 0, 0, 0, 1, 0,
    0, -1, 0, 0, 0, 0, -2, -2,
    -2, 0, 0, 5, -1, 0, -5, 0,
    0, 4, -8, -8, -6, -3, 2, 0,
    -1, -10, -3, 0, -3, 0, -3, 2,
    -3, -10, 0, -4, 0, 0, 1, 0,
    2, -1, 0, 2, 0, -5, -6, 0,
    -8, 0, 0, -3, -4, -5, -2, -4,
    0, -2, 0, -4, 0, 0, 0, -2,
    0, 0, 0, 1, 0, 2, 0, 0,
    0, 0, 0, 0, 0, 0, 0, 0,
    0, -2, 0, -1, 0, 0, -2, 0,
    -3, -4, -4, 0, 0, -5, 0, 0,
    0, 0, 0, 0, 0, -1, 0, 0,
    0, 0, 0, -1, 0, 0, 0, 2,
    0, 0, 0, 0, 0, 0, 0, 0,
    8, 0, 0, 0, 0, 0, 0, 1,
    0, 0, 0, -2, 0, 2, 0, 6,
    -2, 0, -4, -1, -6, 0, 0, -3,
    0, 2, 0, 0, 0, 0, 0, 0,
    0, 0, 2, 0, 1, -2, 1, 0,
    -1, 0, 0, 0, -2, 0, 0, 2,
    0, -8, -5, 0, 0, 0, -2, -8,
    0, 0, -2, 2, 0, -4, 0, -7,
    0, -5, 0, 0, -2, -3, -2, -2,
    -2, 0, 0, -3, 0, 0, -2, 0,
    0, 0, 0, 0, 0, 0, 2, 0,
    2, 0, 0, -3, 0, 0, 0, 0,
    2, 0, 1, -3, -3, 0, -2, -2,
    -2, 0, 0, 0, 0, 0, 0, -5,
    0, -2, 0, -2, -2, 0, -4, -4,
    -5, -1, 0, -3, 0, -5, 0, 0,
    0, 0, 0, 13, 0, 0, 1, 0,
    0, -2, 0, 0, 0, -7, 0, 0,
    0, 0, 0, -15, -3, 5, 5, -2,
    -7, 0, 2, -2, 0, -8, -1, -2,
    2, -11, -2, 3, 0, 2, -6, -2,
    -6, -6, -7, 0, 0, -10, 0, 9,
    0, 0, -1, 0, 0, 0, 0, -1,
    -1, -2, -4, -6, -4, 0, 0, 0,
    0, 0, 0, 0, 0, 0, 0, 0,
    0, 0, 0, 0, 0, 0, 0, 0,
    0, 0, 0, 0, 0, 0, 0, 0,
    -2, 0, -1, -2, -2, 0, 0, -3,
    0, -2, 0, 0, 0, 0, 0, 0,
    0, 0, 0, 0, 0, 0, 0, 0,
    0, 0, 0, 0, -3, 0, 0, 3,
    0, 2, 0, -3, 2, -1, 0, -3,
    -2, 0, -2, -2, -1, 0, -2, -2,
    0, 0, -1, 0, -1, -2, -2, 0,
    0, -2, 0, 2, -1, 0, -3, 0,
    0, 0, 0, -3, 0, -2, 0, -2,
    0, -2, 0, 0, 0, 0, 0, 0,
    0, 0, -3, 2, 0, -2, 0, -1,
    -2, -4, -1, -1, -1, 0, -1, -2,
    0, 0, 0, 0, 0, 0, -2, -1,
    -1, 0, 0, 0, 0, 2, -1, 0,
    -1, 0, 0, 0, 0, -1, -2, -1,
    -1, -2, -1, -1, 2, 6, 0, 0,
    -4, 0, -1, 3, 0, -2, -6, -2,
    2, 0, 0, -7, -2, 2, -2, 1,
    0, 0, -1, -5, 0, -2, 1, 0,
    0, -2, 0, 0, 0, 2, 2, -3,
    -3, 0, -2, 0, 0, -2, -2, -2,
    0, -2, 1, -3, 1, -2, 0, 0,
    0, 0, 0, 0, 0, 0, 0, 2,
    0, 0, 0, 0, 0, 0, 0, 0,
    0, 0, 0, 0, 0, 0, 0, 0,
    0, 0, 0, 0, 0, 0, 0, -2,
    0, 0, 0, 0, 0, 0, 0, 0,
    0, 0, 0, 0, 0, 0, 0, 0,
    0, 0, 0, 0, 0, 0, 0, 0,
    0, 0, 0, 0, 0, 0, 0, 0,
    0, 0, 0, 0, 0, 0, 0, 0,
    0, 0, 0, 0, -1, 0, 0, 0,
    0, 0, 0, 0, 0, 0, 0, 0,
    0, 0, 0, 0, 0, 0, 0, 0,
    0, 0, 0, 0, 0, 0, 0, 0,
    0, 0, 0, -1, -2, 0, 0, 0,
    0, 0, 0, 0, 0, 0, 0, 0,
    0, -2, 0, 0, -2, 0, 0, -2,
    -2, 0, 0, 0, 0, -2, 0, 0,
    0, 0, 0, -1, 0, 0, 0, 0,
    0, -1, 0, 0, 0, 0, -2, 0,
    -3, 0, 0, 0, -6, 0, 1, -4,
    3, 0, -1, -7, 0, 0, -4, -2,
    0, -6, -4, -5, 0, 0, -7, -2,
    -6, -6, -8, 0, -3, 0, 2, 10,
    -2, 0, -4, 0, 0, 0, -2, -2,
    -4, -3, -6, -7, -6, -4, 0, 0,
    -1, 0, 0, 0, 0, -11, -1, 5,
    3, -3, -6, 0, 0, -4, 0, -8,
    -1, -2, 3, -14, -2, 0, 0, 0,
    -10, -2, -8, -2, -12, 0, 0, -11,
    0, 9, 0, 0, -1, 0, 0, 0,
    0, 0, -1, -1, -6, -1, -6, 0,
    0, 0, 0, 0, -5, 0, -1, 0,
    0, -4, -7, 0, 0, -1, -2, -5,
    -2, 0, -1, 0, 0, 0, 0, -7,
    -2, -5, -5, -2, -3, -4, -2, -2,
    0, -3, -1, -6, -2, 0, -2, 0,
    0, -2, -2, 0, 1, 0, -1, -5,
    -1, 0, 0, -3, 0, 0, 0, 0,
    2, 0, 1, -3, 7, 0, -2, -2,
    -2, 0, 0, 0, 0, 0, 0, -5,
    0, -2, 0, -2, -2, 0, -4, -4,
    -5, -1, 0, -3, 2, 6, 0, 0,
    0, 0, 0, 13, 0, 0, 1, 0,
    0, -2, 0, 0, 0, 0, 0, 0,
    0, 0, 0, 0, 0, 0, 0, 0,
    0, 0, -1, -3, 0, 0, 0, 0,
    0, -1, 0, 0, 0, -2, -2, 0,
    0, -3, -2, 0, 0, -3, 0, 2,
    -1, 0, 0, 0, 0, 0, 0, 0,
    1, 0, 0, 0, 0, 0, 3, 2,
    -1, 0, -5, -2, 0, 5, -6, -5,
    -3, -3, 6, 3, 2, -14, -1, 3,
    -2, 0, -2, 2, -2, -6, 0, -2,
    2, -2, -2, -5, -2, 0, 0, 5,
    3, 0, -4, 0, -9, 0, 0, 6,
    -2, -6, 0, -2, -5, -5, -5, -2,
    2, 0, -2, 0, -4, 0, 2, 5,
    -4, -6, -6, -4, 5, 0, 0, -12,
    -2, 2, -3, -1, -4, 0, -4, -6,
    -2, -2, -2, 0, 0, -4, -4, -2,
    0, 5, 4, -2, -9, 0, -9, 0,
    -2, -3, -6, -10, 0, -5, -3, -5,
    -3, -5, 0, 0, -2, 0, -3, -1,
    0, -2, -3, 0, 2, -6, 2, 0,
    0, -9, 0, -2, -4, -3, -1, -5,
    -4, -6, -4, 0, -5, -2, -4, -2,
    -5, -2, 0, 0, 0, 7, -3, 0,
    -5, 0, 0, 0, -2, -3, -4, -4,
    -5, -6, -5, -2, 3, 0, -2, 0,
    -8, -2, 1, 3, -5, -6, -3, -6,
    6, -2, 1, -15, -3, 3, -4, -3,
    -6, 0, -5, -7, -2, -2, -2, -2,
    -4, -5, 0, 0, 0, 5, 5, -1,
    -10, 0, -10, 0, -3, 5, -6, -11,
    -3, -6, -7, -8, -7, -6, 0, 0,
    0, 0, -2, 0, 0, 2, -2, 3,
    1, -3, 3, 0, 0, -4, 0, 0,
    0, 0, 0, 0, -1, 0, 0, 0,
    0, 0, 0, -2, 0, 0, 0, 0,
    2, 5, 0, 0, -2, 0, 0, 0,
    0, 0, -1, -1, -2, 0, -2, 0,
    0, 2, 0, 0, 0, 0, 2, 0,
    -1, 0, 6, 0, 3, 0, 0, -2,
    0, 3, 0, 0, 0, 2, 0, 0,
    0, 0, 3, 0, 4, 0, 5, 0,
    0, 5, 0, 5, -1, 0, 0, 0,
    0, 16, 0, 0, 0, 0, 0, 0,
    0, 0, 0, -10, 0, -2, 2, 0,
    5, -22, 0, 15, 2, -3, -3, 2,
    2, -1, 0, -8, 0, 0, 8, -10,
    -3, 5, 0, 5, -3, -2, -6, 3,
    -3, 0, 0, -11, 6, 22, 0, 0,
    0, 0, 0, 19, 0, 0, 0, 0,
    3, 0, 3, 0, 0, 0, 0, 0,
    0, 0, 0, 0, 0, 0, 0, 0,
    0, 0, 0, 0, 0, 0, 0, 0,
    0, 0, 0, 0, 0, 0, -2, 0,
    0, -2, -1, 0, 0, 0, 0, 0,
    0, 0, 0, 0, 0, 0, 0, 0,
    0, 0, 0, 0, 0, 0, 0, -1,
    3, -4, 0, 0, 0, -2, 0, 2,
    20, -3, -1, 5, 4, -4, 2, 0,
    0, 2, 2, -2, -5, 9, 5, 13,
    0, -2, -2, 7, -1, 3, 0, -21,
    5, 0, -2, 0, -4, 0, 0, 18,
    0, 2, -3, -4, -2, 6, 3, 3,
    0, 0, 0, -4, 0, 0, 0, -4,
    0, 0, 0, 0, -3, -1, 0, 0,
    0, -3, 0, -2, 0, -7, 0, 0,
    0, 0, 0, 0, 0, 0, 0, 0,
    0, -10, 0, 0, 0, 0, 0, 0,
    0, 0, 0, 0, 0, 0, -2, 0,
    -2, 0, 0, -2, 0, -4, 0, 0,
    0, -2, 2, -2, 0, 0, -4, -2,
    -4, 0, 0, -4, 0, -2, 0, -7,
    0, -2, 0, 0, -12, -2, -6, -2,
    -6, 0, 0, -10, 0, -4, -1, 0,
    0, 0, 0, 0, 0, 0, 0, 0,
    -2, -3, -2, -1, 0, 0, 0, 0,
    -3, 0, -4, 2, -2, 3, 0, -1,
    -4, -1, -2, -2, 0, -2, -1, -1,
    1, -4, 0, 0, 0, 0, -13, -2,
    -3, 0, -5, 0, -1, -7, -1, 0,
    0, -1, -1, 0, -1, 0, 0, 0,
    1, 0, -1, -2, -1, -1, 0, 0,
    0, 0, 0, 0, 0, 0, 0, 0,
    0, 0, 0, 0, 0, 0, 0, 0,
    0, 0, 0, 0, 0, 0, 0, 0,
    0, 0, 0, 0, 0, 0, 0, 0,
    0, 0, 0, 0, 0, 0, 0, 0,
    0, 0, 4, 0, 0, 0, 0, 0,
    0, -3, 0, -1, 0, 0, 0, -3,
    2, 0, 0, 0, -4, -2, -3, 0,
    0, -4, 0, -2, 0, -7, 0, 0,
    0, 0, -15, 0, -3, -6, -8, 0,
    0, -10, 0, -1, -2, 0, 0, 0,
    0, 0, 0, 0, 0, 0, -2, -2,
    -2, -1, 0, 0, 0, 2, -2, 0,
    6, 7, -2, -2, -5, 2, 7, 2,
    3, -4, 2, 6, 2, 4, 3, 4,
    0, 0, 0, 0, 0, 0, 0, 0,
    0, 0, 0, 10, 7, -3, -2, 0,
    -1, 0, 0, 7, 0, 0, 0, 0,
    2, 0, 2, 0, 0, 0, -2, 0,
    0, 0, 0, 0, 0, 0, 0, 0,
    -1, 0, 0, 0, 0, 0, 0, 0,
    0, 3, 0, 0, 0, 0, -12, -2,
    -2, -6, -7, 0, 0, -10, 0, 0,
    0, 0, 0, 0, 0, 0, 0, 0,
    0, 0, 0, 0, 0, 0, 0, 0,
    -2, 0, 0, 0, 0, 0, 0, 0,
    0, 0, -1, 0, 0, 0, 0, 0,
    0, 0, 0, 3, 0, 0, 0, 0,
    -12, -2, -2, -6, -7, 0, 0, -5,
    0, 0, 0, 0, 0, 0, 0, 0,
    0, 0, 0, 0, 0, 0, 0, 0,
    0, 0, 0, 0, -2, 0, 0, 0,
    -4, 2, 0, -2, 2, 3, 2, -5,
    0, 0, -2, 2, 0, 2, 0, 0,
    0, 0, -3, 0, -1, -1, -3, 0,
    -1, -6, 0, 10, -2, 0, -4, 0,
    0, 0, -1, -3, 0, -2, -5, -3,
    -5, -2, 0, 0, -2, 0, 0, 0,
    0, 0, 0, 0, 0, 0, -1, 0,
    0, 0, 0, 0, 0, 0, 0, 3,
    0, 0, 0, 0, -12, -2, -2, -6,
    -7, 0, 0, -10, 0, 0, 0, 0,
    0, 0, 0, 8, 0, 0, 0, 0,
    0, 0, 0, 0, 0, 0, -2, 0,
    -5, -2, -1, 5, -1, -2, -6, 0,
    0, 0, -1, -4, 0, 4, 0, 2,
    0, 2, -4, -7, -2, 0, -5, -2,
    -4, -6, -6, 0, -2, -3, -2, -2,
    -7, -1, -2, 0, -1, 0, -1, 0,
    2, 0, 2, -1, 2, 0, 0, 0,
    0, 0, 0, 0, 0, 0, 0, 0,
    0, 0, -1, -2, -2, 0, 0, -4,
    0, -1, 0, -2, 0, 0, 0, 0,
    0, 0, 0, 0, 0, 0, 0, -10,
    0, 0, 0, 0, 0, 0, 0, 0,
    0, 0, 0, 0, -2, -2, -2, 0,
    0, 0, 0, 0, -1, 0, 0, -2,
    -2, 2, 0, -2, -3, -1, 0, -4,
    -1, -3, -1, -2, 0, -2, 0, 0,
    0, 0, 0, 0, 0, 0, 0, 0,
    0, -10, 0, 5, 0, 0, -3, 0,
    0, 0, 0, 0, -2, 0, -2, 0,
    -2, 0, 0, 0, -1, 0, -4, 0,
    0, 6, -2, -5, -5, 1, 2, 2,
    0, -5, 1, 2, 1, 5, 1, 6,
    -1, -4, 0, 0, -5, 0, 0, -5,
    -4, 0, 0, -3, 0, -2, -3, 0,
    -2, 0, 0, -2, 0, -1, 2, 0,
    -2, -5, -2, -2, 0, 0, -1, 0,
    -3, 0, 0, 2, -4, 0, 2, -2,
    2, 0, 0, -6, 0, -1, 0, 0,
    -2, 2, -2, 0, 0, 0, -5, -2,
    -4, 0, -5, 0, 0, -7, 0, 6,
    -2, 0, -3, 0, 0, 3, 0, -2,
    0, -2, -5, 0, -5, -2, 0, 0,
    0, 0, -1, 0, 0, 2, -2, 0,
    0, 0, -2, -1, 0, -2, 0, 0,
    0, 0, 0, 0, 0, 0, 0, 0,
    0, 0, 0, 0, 0, 0, 0, -10,
    0, 3, 0, 0, -1, 0, 0, 0,
    0, 0, 0, 0, -2, -2, -2, 0
};


/*Collect the kern class' data in one place*/
static const lv_font_fmt_txt_kern_classes_t kern_classes =
{
    .class_pair_values   = kern_class_values,
    .left_class_mapping  = kern_left_class_mapping,
    .right_class_mapping = kern_right_class_mapping,
    .left_class_cnt      = 60,
    .right_class_cnt     = 50,
};

/*--------------------
 *  ALL CUSTOM DATA
 *--------------------*/

#if LVGL_VERSION_MAJOR == 8
/*Store all the custom data of the font*/
static  lv_font_fmt_txt_glyph_cache_t cache;
#endif

#if LVGL_VERSION_MAJOR >= 8
static const lv_font_fmt_txt_dsc_t font_dsc = {
#else
static lv_font_fmt_txt_dsc_t font_dsc = {
#endif
    .glyph_bitmap = glyph_bitmap,
    .glyph_dsc = glyph_dsc,
    .cmaps = cmaps,
    .kern_dsc = &kern_classes,
    .kern_scale = 16,
    .cmap_num = 2,
    .bpp = 4,
    .kern_classes = 1,
    .bitmap_format = 0,
#if LVGL_VERSION_MAJOR == 8
    .cache = &cache
#endif
};



/*-----------------
 *  PUBLIC FONT
 *----------------*/

/*Initialize a public general font descriptor*/
#if LVGL_VERSION_MAJOR >= 8
const lv_font_t am_font_480_10 = {
#else
lv_font_t am_font_480_10 = {
#endif
    .get_glyph_dsc = lv_font_get_glyph_dsc_fmt_txt,    /*Function pointer to get glyph's data*/
    .get_glyph_bitmap = lv_font_get_bitmap_fmt_txt,    /*Function pointer to get glyph's bitmap*/
    .line_height = 12,          /*The maximum line height required by the font*/
    .base_line = 2,             /*Baseline measured from the bottom of the line*/
#if !(LVGL_VERSION_MAJOR == 6 && LVGL_VERSION_MINOR == 0)
    .subpx = LV_FONT_SUBPX_NONE,
#endif
#if LV_VERSION_CHECK(7, 4, 0) || LVGL_VERSION_MAJOR >= 8
    .underline_position = -1,
    .underline_thickness = 1,
#endif
    .dsc = &font_dsc,          /*The custom font data. Will be accessed by `get_glyph_bitmap/dsc` */
#if LV_VERSION_CHECK(8, 2, 0) || LVGL_VERSION_MAJOR >= 9
    .fallback = NULL,
#endif
    .user_data = NULL,
};



#endif /*#if AM_FONT_480_10*/

