/*******************************************************************************
 * Size: 15 px
 * Bpp: 4
 * Opts: --no-compress --format lvgl --bpp 4 --size 15 --font lvgl/demos/multilang/assets/fonts/Montserrat-SemiBold.ttf -r 0x20-0x7F --font lvgl/demos/multilang/assets/fonts/NotoSansSC-Medium.otf --symbols ·—、。一上下不与专东个中为主争二于享京亮人今从以优会但位低作你侧保信候假偏做停先光克入全公共关内再决冷分切列到制刷刻前功动区单占卡压及发变口只可台右合同后含听和器回围固图圆在地场型域境声备复外多夜天失奏女好始安完定实容密察导封小尽局层展工左已布常广序库底度开式张强当录心快态性总息想感慢成打扫把拟持按挑换据排探接控推描搜播收改放数整料新方日早时明昨是晚晨景智暖曲更替最本机杂条构架柔查标栏样案模次歌正步段毁每气氛流浅淡深混清渐渡点片版状独率环现玻班球璃用电界留略白的目看真确示离移稍稳稿立竞策管精系索级线经结统继续维编缩置耗联背能自航色节荐藏行表要观视觉角认让设访证识译说调谈质贴资跑跟路轮轻载辑辨边达迁过运近还这进连迷适选透速逻道部里重量金钟钮铜销长间队阶降随集雾青静面页项顺预频题颜风首驻验高黄默鼓，：； --font main/src/v9_apple_music/fonts/src/DejaVuSansMono.ttf --symbols ⌂◉♫≣⚙♪⌕◌▶↺ --font main/src/v9_apple_music/fonts/src/NotoSansSymbols2-Regular.ttf --symbols ⏮⏭ --lv-font-name am_font_480_15 -o main/src/v9_apple_music/fonts/am_font_480_15.c --force-fast-kern-format
 ******************************************************************************/

#ifdef LV_LVGL_H_INCLUDE_SIMPLE
#include "lvgl.h"
#else
#include "lvgl/lvgl.h"
#endif

#ifndef AM_FONT_480_15
#define AM_FONT_480_15 1
#endif

#if AM_FONT_480_15

/*-----------------
 *    BITMAPS
 *----------------*/

/*Store the image of the glyphs*/
static LV_ATTRIBUTE_LARGE_CONST const uint8_t glyph_bitmap[] = {
    /* U+0020 " " */

    /* U+0021 "!" */
    0xf, 0xf2, 0xf, 0xf1, 0xe, 0xf1, 0xd, 0xf0,
    0xc, 0xf0, 0xb, 0xe0, 0xa, 0xc0, 0x2, 0x20,
    0xf, 0xf2, 0xc, 0xe1,

    /* U+0022 "\"" */
    0x2f, 0x64, 0xf5, 0x1f, 0x63, 0xf4, 0x1f, 0x63,
    0xf4, 0x1f, 0x52, 0xf3, 0x1, 0x0, 0x10,

    /* U+0023 "#" */
    0x0, 0xb, 0xa0, 0xd, 0x80, 0x0, 0x0, 0xd8,
    0x0, 0xf6, 0x0, 0x2f, 0xff, 0xff, 0xff, 0xff,
    0x50, 0x57, 0xf9, 0x58, 0xf7, 0x51, 0x0, 0x3f,
    0x20, 0x5f, 0x0, 0x0, 0x16, 0xf1, 0x18, 0xf1,
    0x10, 0xaf, 0xff, 0xff, 0xff, 0xfd, 0x2, 0x4e,
    0xf4, 0x4f, 0xe4, 0x30, 0x0, 0xb9, 0x0, 0xd8,
    0x0, 0x0, 0xd, 0x70, 0xf, 0x60, 0x0,

    /* U+0024 "$" */
    0x0, 0x0, 0x63, 0x0, 0x0, 0x0, 0xc, 0x70,
    0x0, 0x0, 0x0, 0xc7, 0x0, 0x0, 0x8, 0xdf,
    0xfc, 0x71, 0xc, 0xfd, 0xff, 0xdf, 0x33, 0xfd,
    0xc, 0x70, 0x20, 0x2f, 0xe2, 0xc7, 0x0, 0x0,
    0x7f, 0xff, 0xf5, 0x0, 0x0, 0x27, 0xff, 0xfe,
    0x30, 0x0, 0xc, 0x77, 0xfc, 0x6, 0x0, 0xc7,
    0x2f, 0xd4, 0xff, 0xbf, 0xfe, 0xf7, 0x5, 0xbe,
    0xff, 0xc5, 0x0, 0x0, 0xc, 0x70, 0x0, 0x0,
    0x0, 0x63, 0x0, 0x0,

    /* U+0025 "%" */
    0x8, 0xee, 0x80, 0x0, 0x1f, 0x60, 0x4, 0xe1,
    0x1e, 0x40, 0xc, 0xb0, 0x0, 0x7b, 0x0, 0xb7,
    0x7, 0xe1, 0x0, 0x5, 0xe1, 0x1e, 0x53, 0xf4,
    0x0, 0x0, 0x9, 0xff, 0x91, 0xd8, 0x7d, 0xd4,
    0x0, 0x0, 0x0, 0xac, 0x4f, 0x46, 0xf1, 0x0,
    0x0, 0x5f, 0x29, 0xa0, 0xe, 0x50, 0x0, 0x2f,
    0x60, 0x9a, 0x0, 0xd5, 0x0, 0xc, 0xa0, 0x5,
    0xe1, 0x3f, 0x10, 0x8, 0xe1, 0x0, 0x8, 0xee,
    0x50,

    /* U+0026 "&" */
    0x0, 0x3b, 0xff, 0xa1, 0x0, 0x0, 0xe, 0xe6,
    0x7f, 0x90, 0x0, 0x1, 0xfa, 0x0, 0xfa, 0x0,
    0x0, 0xb, 0xf7, 0xce, 0x30, 0x0, 0x0, 0x4f,
    0xff, 0x10, 0x0, 0x0, 0x6f, 0xbe, 0xf8, 0xa,
    0x90, 0x2f, 0xa0, 0xa, 0xfc, 0xf9, 0x5, 0xf8,
    0x0, 0xa, 0xff, 0x20, 0x1e, 0xfb, 0x8a, 0xff,
    0xfd, 0x10, 0x2a, 0xef, 0xe9, 0x25, 0xa0, 0x0,
    0x0, 0x0, 0x0, 0x0, 0x0,

    /* U+0027 "'" */
    0x2f, 0x61, 0xf6, 0x1f, 0x61, 0xf5, 0x1, 0x0,

    /* U+0028 "(" */
    0x2, 0xfa, 0xb, 0xf2, 0x1f, 0xc0, 0x5f, 0x80,
    0x8f, 0x50, 0xaf, 0x30, 0xbf, 0x20, 0xbf, 0x20,
    0xaf, 0x30, 0x8f, 0x50, 0x5f, 0x80, 0x1f, 0xc0,
    0xa, 0xf2, 0x2, 0xfa,

    /* U+0029 ")" */
    0x6f, 0x60, 0xe, 0xe0, 0x9, 0xf4, 0x4, 0xf8,
    0x1, 0xfb, 0x0, 0xfd, 0x0, 0xee, 0x0, 0xee,
    0x0, 0xfd, 0x1, 0xfb, 0x4, 0xf8, 0x9, 0xf4,
    0xe, 0xe0, 0x6f, 0x60,

    /* U+002A "*" */
    0x0, 0x7a, 0x0, 0x8b, 0x9b, 0x9b, 0x19, 0xff,
    0xc2, 0x4d, 0xff, 0xf7, 0x46, 0x7a, 0x47, 0x0,
    0x47, 0x0,

    /* U+002B "+" */
    0x0, 0x4, 0xa2, 0x0, 0x0, 0x6, 0xf3, 0x0,
    0x2, 0x28, 0xf6, 0x22, 0xf, 0xff, 0xff, 0xfe,
    0x5, 0x5b, 0xf9, 0x54, 0x0, 0x6, 0xf3, 0x0,
    0x0, 0x4, 0xd3, 0x0,

    /* U+002C "," */
    0x5, 0x30, 0x4f, 0xf0, 0x2f, 0xe0, 0xd, 0x80,
    0x1f, 0x20,

    /* U+002D "-" */
    0x18, 0x88, 0x82, 0xff, 0xff,

    /* U+002E "." */
    0x5, 0x30, 0x5f, 0xf0, 0x2e, 0xb0,

    /* U+002F "/" */
    0x0, 0x0, 0xa, 0xf0, 0x0, 0x0, 0xf, 0xa0,
    0x0, 0x0, 0x6f, 0x40, 0x0, 0x0, 0xbe, 0x0,
    0x0, 0x1, 0xf9, 0x0, 0x0, 0x7, 0xf3, 0x0,
    0x0, 0xc, 0xe0, 0x0, 0x0, 0x2f, 0x80, 0x0,
    0x0, 0x8f, 0x20, 0x0, 0x0, 0xdd, 0x0, 0x0,
    0x3, 0xf7, 0x0, 0x0, 0x9, 0xf1, 0x0, 0x0,
    0xe, 0xc0, 0x0, 0x0, 0x4f, 0x60, 0x0, 0x0,

    /* U+0030 "0" */
    0x0, 0x3b, 0xef, 0xb3, 0x0, 0x3, 0xff, 0xcc,
    0xff, 0x40, 0xd, 0xf5, 0x0, 0x4f, 0xe0, 0x2f,
    0xd0, 0x0, 0xb, 0xf4, 0x4f, 0xa0, 0x0, 0x9,
    0xf6, 0x4f, 0xa0, 0x0, 0x9, 0xf6, 0x2f, 0xd0,
    0x0, 0xb, 0xf4, 0xd, 0xf5, 0x0, 0x3f, 0xe0,
    0x4, 0xff, 0xcb, 0xff, 0x50, 0x0, 0x3b, 0xef,
    0xb3, 0x0,

    /* U+0031 "1" */
    0xef, 0xff, 0x48, 0x9f, 0xf4, 0x0, 0xaf, 0x40,
    0xa, 0xf4, 0x0, 0xaf, 0x40, 0xa, 0xf4, 0x0,
    0xaf, 0x40, 0xa, 0xf4, 0x0, 0xaf, 0x40, 0xa,
    0xf4,

    /* U+0032 "2" */
    0x5, 0xcf, 0xfd, 0x60, 0x8, 0xff, 0xcc, 0xff,
    0x70, 0x18, 0x10, 0x5, 0xfc, 0x0, 0x0, 0x0,
    0x3f, 0xb0, 0x0, 0x0, 0xb, 0xf5, 0x0, 0x0,
    0xb, 0xf8, 0x0, 0x0, 0x1d, 0xf7, 0x0, 0x0,
    0x2e, 0xf5, 0x0, 0x0, 0x3f, 0xfe, 0xaa, 0xaa,
    0x27, 0xff, 0xff, 0xff, 0xf4,

    /* U+0033 "3" */
    0x7f, 0xff, 0xff, 0xfb, 0x4, 0x99, 0x9a, 0xff,
    0x60, 0x0, 0x1, 0xcf, 0x60, 0x0, 0x0, 0xdf,
    0xa0, 0x0, 0x0, 0x1f, 0xff, 0xe3, 0x0, 0x0,
    0x1, 0x7f, 0xd0, 0x0, 0x0, 0x0, 0xef, 0x4,
    0x60, 0x0, 0x2f, 0xf0, 0xcf, 0xeb, 0xbf, 0xf7,
    0x2, 0x9d, 0xff, 0xc6, 0x0,

    /* U+0034 "4" */
    0x0, 0x0, 0xb, 0xf5, 0x0, 0x0, 0x0, 0x8,
    0xf8, 0x0, 0x0, 0x0, 0x5, 0xfb, 0x0, 0x0,
    0x0, 0x3, 0xfd, 0x10, 0x0, 0x0, 0x1, 0xef,
    0x20, 0xaf, 0x20, 0x0, 0xcf, 0x50, 0xa, 0xf2,
    0x0, 0x7f, 0xff, 0xff, 0xff, 0xff, 0x4, 0xaa,
    0xaa, 0xaf, 0xfc, 0xa0, 0x0, 0x0, 0x0, 0xbf,
    0x20, 0x0, 0x0, 0x0, 0xb, 0xf2, 0x0,

    /* U+0035 "5" */
    0x8, 0xff, 0xff, 0xfb, 0x0, 0xaf, 0xc9, 0x99,
    0x60, 0xc, 0xf0, 0x0, 0x0, 0x0, 0xef, 0x99,
    0x72, 0x0, 0xf, 0xff, 0xff, 0xf7, 0x0, 0x0,
    0x1, 0x5f, 0xf1, 0x0, 0x0, 0x0, 0xcf, 0x42,
    0x70, 0x0, 0x1e, 0xf2, 0x9f, 0xeb, 0xbf, 0xfa,
    0x1, 0x8c, 0xff, 0xd7, 0x0,

    /* U+0036 "6" */
    0x0, 0x18, 0xdf, 0xeb, 0x30, 0x1, 0xef, 0xda,
    0xad, 0x20, 0xb, 0xf8, 0x0, 0x0, 0x0, 0x1f,
    0xd1, 0x57, 0x50, 0x0, 0x4f, 0xef, 0xff, 0xfe,
    0x20, 0x4f, 0xf9, 0x10, 0x7f, 0xc0, 0x3f, 0xf0,
    0x0, 0xe, 0xf0, 0xe, 0xf3, 0x0, 0x1f, 0xe0,
    0x5, 0xfe, 0x99, 0xef, 0x60, 0x0, 0x4b, 0xef,
    0xc5, 0x0,

    /* U+0037 "7" */
    0x9f, 0xff, 0xff, 0xff, 0x99, 0xfd, 0xaa, 0xaf,
    0xf7, 0x9f, 0x30, 0x1, 0xff, 0x2, 0x51, 0x0,
    0x8f, 0x80, 0x0, 0x0, 0xf, 0xf1, 0x0, 0x0,
    0x7, 0xf9, 0x0, 0x0, 0x0, 0xef, 0x20, 0x0,
    0x0, 0x6f, 0xa0, 0x0, 0x0, 0xd, 0xf3, 0x0,
    0x0, 0x5, 0xfb, 0x0, 0x0,

    /* U+0038 "8" */
    0x0, 0x7d, 0xff, 0xc5, 0x0, 0xa, 0xfd, 0x89,
    0xef, 0x60, 0xf, 0xf0, 0x0, 0x3f, 0xc0, 0xd,
    0xf5, 0x1, 0x8f, 0x90, 0x4, 0xff, 0xff, 0xff,
    0x10, 0xe, 0xf9, 0x67, 0xbf, 0xb0, 0x5f, 0xa0,
    0x0, 0xd, 0xf1, 0x4f, 0xc0, 0x0, 0x1e, 0xf1,
    0xd, 0xfc, 0x89, 0xef, 0x90, 0x1, 0x8d, 0xff,
    0xc6, 0x0,

    /* U+0039 "9" */
    0x3, 0xbe, 0xfd, 0x70, 0x2, 0xff, 0xa9, 0xcf,
    0xb0, 0x8f, 0x60, 0x0, 0xbf, 0x49, 0xf6, 0x0,
    0xc, 0xf9, 0x3f, 0xfa, 0x8c, 0xff, 0xb0, 0x3c,
    0xfe, 0xb7, 0xfa, 0x0, 0x0, 0x0, 0x8f, 0x80,
    0x0, 0x0, 0x3f, 0xf2, 0xb, 0xca, 0xcf, 0xf6,
    0x0, 0x9e, 0xfe, 0xa3, 0x0,

    /* U+003A ":" */
    0x2e, 0xb0, 0x5f, 0xf0, 0x5, 0x30, 0x0, 0x0,
    0x0, 0x0, 0x5, 0x30, 0x5f, 0xf0, 0x2e, 0xb0,

    /* U+003B ";" */
    0x2e, 0xb0, 0x5f, 0xf0, 0x5, 0x30, 0x0, 0x0,
    0x0, 0x0, 0x5, 0x30, 0x4f, 0xf0, 0x2f, 0xe0,
    0xd, 0x80, 0x1f, 0x20,

    /* U+003C "<" */
    0x0, 0x0, 0x0, 0x16, 0x0, 0x0, 0x5b, 0xfd,
    0x3, 0x9e, 0xfc, 0x61, 0xf, 0xf8, 0x20, 0x0,
    0xe, 0xfe, 0x82, 0x0, 0x0, 0x39, 0xef, 0xc6,
    0x0, 0x0, 0x5, 0xbe, 0x0, 0x0, 0x0, 0x1,

    /* U+003D "=" */
    0xf, 0xff, 0xff, 0xfe, 0x7, 0x77, 0x77, 0x76,
    0x0, 0x0, 0x0, 0x0, 0x2, 0x22, 0x22, 0x22,
    0xf, 0xff, 0xff, 0xfe, 0x5, 0x55, 0x55, 0x54,

    /* U+003E ">" */
    0x6, 0x10, 0x0, 0x0, 0xf, 0xfa, 0x40, 0x0,
    0x1, 0x7d, 0xfe, 0x82, 0x0, 0x0, 0x39, 0xff,
    0x0, 0x3, 0x9e, 0xfc, 0x7, 0xdf, 0xe8, 0x20,
    0xf, 0xa4, 0x0, 0x0, 0x1, 0x0, 0x0, 0x0,

    /* U+003F "?" */
    0x6, 0xcf, 0xfd, 0x70, 0x9f, 0xea, 0xaf, 0xf8,
    0x17, 0x0, 0x5, 0xfc, 0x0, 0x0, 0x7, 0xf8,
    0x0, 0x0, 0x6f, 0xc0, 0x0, 0x5, 0xfb, 0x0,
    0x0, 0x5, 0x92, 0x0, 0x0, 0x1, 0x30, 0x0,
    0x0, 0xc, 0xf5, 0x0, 0x0, 0x9, 0xe3, 0x0,

    /* U+0040 "@" */
    0x0, 0x0, 0x5a, 0xef, 0xfd, 0x92, 0x0, 0x0,
    0x1, 0xcf, 0x95, 0x34, 0x6b, 0xf8, 0x0, 0x1,
    0xdc, 0x10, 0x0, 0x0, 0x14, 0xe9, 0x0, 0x9e,
    0x10, 0x9f, 0xfe, 0x7f, 0x83, 0xf3, 0xf, 0x60,
    0xaf, 0x94, 0x6f, 0xf8, 0xb, 0x94, 0xf2, 0x1f,
    0xb0, 0x0, 0x5f, 0x80, 0x7c, 0x5f, 0x13, 0xf7,
    0x0, 0x1, 0xf8, 0x7, 0xd3, 0xf2, 0x1f, 0xc0,
    0x0, 0x6f, 0x80, 0x9b, 0xf, 0x60, 0x9f, 0xb6,
    0x9f, 0xfd, 0x7f, 0x50, 0x9e, 0x10, 0x7e, 0xfd,
    0x56, 0xee, 0x80, 0x1, 0xdc, 0x10, 0x0, 0x0,
    0x0, 0x0, 0x0, 0x1, 0xcf, 0x95, 0x44, 0x7a,
    0x0, 0x0, 0x0, 0x0, 0x5a, 0xef, 0xec, 0x70,
    0x0, 0x0,

    /* U+0041 "A" */
    0x0, 0x0, 0x9, 0xfc, 0x0, 0x0, 0x0, 0x0,
    0x1, 0xff, 0xf4, 0x0, 0x0, 0x0, 0x0, 0x8f,
    0x6f, 0xb0, 0x0, 0x0, 0x0, 0xf, 0xd0, 0xaf,
    0x30, 0x0, 0x0, 0x7, 0xf6, 0x3, 0xfb, 0x0,
    0x0, 0x0, 0xee, 0x0, 0xc, 0xf2, 0x0, 0x0,
    0x6f, 0xff, 0xff, 0xff, 0xa0, 0x0, 0xe, 0xf9,
    0x88, 0x88, 0xff, 0x20, 0x5, 0xf9, 0x0, 0x0,
    0x6, 0xf9, 0x0, 0xdf, 0x20, 0x0, 0x0, 0xe,
    0xf1,

    /* U+0042 "B" */
    0x9f, 0xff, 0xff, 0xea, 0x20, 0x9f, 0xb8, 0x88,
    0xcf, 0xe0, 0x9f, 0x50, 0x0, 0xd, 0xf2, 0x9f,
    0x50, 0x0, 0x4f, 0xd0, 0x9f, 0xff, 0xff, 0xff,
    0x50, 0x9f, 0xc8, 0x88, 0xaf, 0xf4, 0x9f, 0x50,
    0x0, 0x5, 0xfa, 0x9f, 0x50, 0x0, 0x5, 0xfa,
    0x9f, 0xb8, 0x88, 0xaf, 0xf5, 0x9f, 0xff, 0xff,
    0xfc, 0x50,

    /* U+0043 "C" */
    0x0, 0x5, 0xbe, 0xfd, 0x91, 0x0, 0xb, 0xff,
    0xdb, 0xdf, 0xf2, 0x9, 0xfc, 0x20, 0x0, 0x48,
    0x1, 0xff, 0x10, 0x0, 0x0, 0x0, 0x4f, 0xa0,
    0x0, 0x0, 0x0, 0x4, 0xfa, 0x0, 0x0, 0x0,
    0x0, 0x1f, 0xf1, 0x0, 0x0, 0x0, 0x0, 0xaf,
    0xc2, 0x0, 0x4, 0x80, 0x0, 0xcf, 0xfd, 0xbd,
    0xff, 0x20, 0x0, 0x6c, 0xff, 0xd9, 0x10,

    /* U+0044 "D" */
    0x9f, 0xff, 0xff, 0xd8, 0x10, 0x9, 0xfc, 0xaa,
    0xae, 0xff, 0x40, 0x9f, 0x50, 0x0, 0x6, 0xff,
    0x19, 0xf5, 0x0, 0x0, 0x9, 0xf7, 0x9f, 0x50,
    0x0, 0x0, 0x4f, 0xa9, 0xf5, 0x0, 0x0, 0x4,
    0xfa, 0x9f, 0x50, 0x0, 0x0, 0x9f, 0x79, 0xf5,
    0x0, 0x0, 0x6f, 0xf1, 0x9f, 0xca, 0xaa, 0xef,
    0xf4, 0x9, 0xff, 0xff, 0xfd, 0x81, 0x0,

    /* U+0045 "E" */
    0x9f, 0xff, 0xff, 0xff, 0x19, 0xfb, 0x99, 0x99,
    0x90, 0x9f, 0x50, 0x0, 0x0, 0x9, 0xf5, 0x0,
    0x0, 0x0, 0x9f, 0xff, 0xff, 0xf7, 0x9, 0xfd,
    0x99, 0x99, 0x40, 0x9f, 0x50, 0x0, 0x0, 0x9,
    0xf5, 0x0, 0x0, 0x0, 0x9f, 0xb9, 0x99, 0x99,
    0x29, 0xff, 0xff, 0xff, 0xf4,

    /* U+0046 "F" */
    0x9f, 0xff, 0xff, 0xff, 0x19, 0xfb, 0x99, 0x99,
    0x90, 0x9f, 0x50, 0x0, 0x0, 0x9, 0xf5, 0x0,
    0x0, 0x0, 0x9f, 0xea, 0xaa, 0xa4, 0x9, 0xff,
    0xff, 0xff, 0x70, 0x9f, 0x50, 0x0, 0x0, 0x9,
    0xf5, 0x0, 0x0, 0x0, 0x9f, 0x50, 0x0, 0x0,
    0x9, 0xf5, 0x0, 0x0, 0x0,

    /* U+0047 "G" */
    0x0, 0x5, 0xbe, 0xfe, 0xa2, 0x0, 0xb, 0xff,
    0xdb, 0xdf, 0xf4, 0x9, 0xfc, 0x20, 0x0, 0x38,
    0x1, 0xff, 0x10, 0x0, 0x0, 0x0, 0x4f, 0xa0,
    0x0, 0x0, 0x1, 0x4, 0xfa, 0x0, 0x0, 0x6,
    0xf6, 0x1f, 0xf1, 0x0, 0x0, 0x6f, 0x60, 0xaf,
    0xc2, 0x0, 0x9, 0xf6, 0x0, 0xbf, 0xfd, 0xbd,
    0xff, 0x70, 0x0, 0x6c, 0xef, 0xea, 0x30,

    /* U+0048 "H" */
    0x9f, 0x50, 0x0, 0x3, 0xfb, 0x9f, 0x50, 0x0,
    0x3, 0xfb, 0x9f, 0x50, 0x0, 0x3, 0xfb, 0x9f,
    0x50, 0x0, 0x3, 0xfb, 0x9f, 0xff, 0xff, 0xff,
    0xfb, 0x9f, 0xea, 0xaa, 0xac, 0xfb, 0x9f, 0x50,
    0x0, 0x3, 0xfb, 0x9f, 0x50, 0x0, 0x3, 0xfb,
    0x9f, 0x50, 0x0, 0x3, 0xfb, 0x9f, 0x50, 0x0,
    0x3, 0xfb,

    /* U+0049 "I" */
    0x9f, 0x59, 0xf5, 0x9f, 0x59, 0xf5, 0x9f, 0x59,
    0xf5, 0x9f, 0x59, 0xf5, 0x9f, 0x59, 0xf5,

    /* U+004A "J" */
    0x1, 0xff, 0xff, 0xf9, 0x0, 0x99, 0x9b, 0xf9,
    0x0, 0x0, 0x5, 0xf9, 0x0, 0x0, 0x5, 0xf9,
    0x0, 0x0, 0x5, 0xf9, 0x0, 0x0, 0x5, 0xf9,
    0x0, 0x0, 0x5, 0xf8, 0x4, 0x30, 0x9, 0xf6,
    0xe, 0xfb, 0xbf, 0xf1, 0x3, 0xbf, 0xfc, 0x30,

    /* U+004B "K" */
    0x9f, 0x50, 0x0, 0x1d, 0xf4, 0x9, 0xf5, 0x0,
    0x1d, 0xf4, 0x0, 0x9f, 0x50, 0x1d, 0xf4, 0x0,
    0x9, 0xf5, 0x1d, 0xf4, 0x0, 0x0, 0x9f, 0x7e,
    0xfa, 0x0, 0x0, 0x9, 0xff, 0xff, 0xf3, 0x0,
    0x0, 0x9f, 0xf5, 0x5f, 0xe2, 0x0, 0x9, 0xf9,
    0x0, 0x7f, 0xd0, 0x0, 0x9f, 0x50, 0x0, 0x9f,
    0xb0, 0x9, 0xf5, 0x0, 0x0, 0xbf, 0x90,

    /* U+004C "L" */
    0x9f, 0x50, 0x0, 0x0, 0x9f, 0x50, 0x0, 0x0,
    0x9f, 0x50, 0x0, 0x0, 0x9f, 0x50, 0x0, 0x0,
    0x9f, 0x50, 0x0, 0x0, 0x9f, 0x50, 0x0, 0x0,
    0x9f, 0x50, 0x0, 0x0, 0x9f, 0x50, 0x0, 0x0,
    0x9f, 0xca, 0xaa, 0xa8, 0x9f, 0xff, 0xff, 0xfd,

    /* U+004D "M" */
    0x9f, 0x50, 0x0, 0x0, 0x1, 0xfe, 0x9f, 0xe1,
    0x0, 0x0, 0xa, 0xfe, 0x9f, 0xf9, 0x0, 0x0,
    0x4f, 0xfe, 0x9f, 0xdf, 0x40, 0x0, 0xdc, 0xfe,
    0x9f, 0x5e, 0xd0, 0x8, 0xf3, 0xfe, 0x9f, 0x45,
    0xf8, 0x2f, 0x90, 0xfe, 0x9f, 0x40, 0xbf, 0xfe,
    0x10, 0xfe, 0x9f, 0x40, 0x2f, 0xf6, 0x0, 0xfe,
    0x9f, 0x40, 0x6, 0xa0, 0x0, 0xfe, 0x9f, 0x40,
    0x0, 0x0, 0x0, 0xfe,

    /* U+004E "N" */
    0x9f, 0x60, 0x0, 0x3, 0xfb, 0x9f, 0xf4, 0x0,
    0x3, 0xfb, 0x9f, 0xfe, 0x20, 0x3, 0xfb, 0x9f,
    0x9f, 0xd0, 0x3, 0xfb, 0x9f, 0x56, 0xfb, 0x3,
    0xfb, 0x9f, 0x50, 0x9f, 0x83, 0xfb, 0x9f, 0x50,
    0xb, 0xf8, 0xfb, 0x9f, 0x50, 0x1, 0xdf, 0xfb,
    0x9f, 0x50, 0x0, 0x2f, 0xfb, 0x9f, 0x50, 0x0,
    0x4, 0xfb,

    /* U+004F "O" */
    0x0, 0x5, 0xbe, 0xfe, 0x92, 0x0, 0x0, 0xbf,
    0xfd, 0xbe, 0xff, 0x60, 0x9, 0xfc, 0x20, 0x0,
    0x5f, 0xf3, 0x1f, 0xf1, 0x0, 0x0, 0x7, 0xfb,
    0x4f, 0xa0, 0x0, 0x0, 0x1, 0xfe, 0x4f, 0xa0,
    0x0, 0x0, 0x0, 0xfe, 0x1f, 0xf1, 0x0, 0x0,
    0x6, 0xfb, 0x9, 0xfc, 0x20, 0x0, 0x5f, 0xf4,
    0x0, 0xbf, 0xfd, 0xbe, 0xff, 0x60, 0x0, 0x5,
    0xbe, 0xfe, 0x92, 0x0,

    /* U+0050 "P" */
    0x9f, 0xff, 0xfe, 0xc5, 0x0, 0x9f, 0xfa, 0xab,
    0xff, 0x70, 0x9f, 0x50, 0x0, 0x2f, 0xf0, 0x9f,
    0x50, 0x0, 0xd, 0xf2, 0x9f, 0x50, 0x0, 0x2f,
    0xf0, 0x9f, 0xfa, 0xab, 0xff, 0x80, 0x9f, 0xff,
    0xff, 0xc5, 0x0, 0x9f, 0x50, 0x0, 0x0, 0x0,
    0x9f, 0x50, 0x0, 0x0, 0x0, 0x9f, 0x50, 0x0,
    0x0, 0x0,

    /* U+0051 "Q" */
    0x0, 0x5, 0xbe, 0xfe, 0x92, 0x0, 0x0, 0xb,
    0xff, 0xdb, 0xef, 0xf6, 0x0, 0x9, 0xfc, 0x20,
    0x0, 0x5f, 0xf3, 0x1, 0xff, 0x10, 0x0, 0x0,
    0x7f, 0xb0, 0x4f, 0xa0, 0x0, 0x0, 0x1, 0xfe,
    0x4, 0xfa, 0x0, 0x0, 0x0, 0xf, 0xe0, 0x1f,
    0xf1, 0x0, 0x0, 0x6, 0xfb, 0x0, 0x9f, 0xc2,
    0x0, 0x5, 0xff, 0x40, 0x0, 0xbf, 0xfd, 0xbe,
    0xff, 0x60, 0x0, 0x0, 0x5b, 0xff, 0xfa, 0x20,
    0x0, 0x0, 0x0, 0x0, 0xcf, 0xb3, 0x4d, 0x20,
    0x0, 0x0, 0x0, 0x9f, 0xff, 0xd2, 0x0, 0x0,
    0x0, 0x0, 0x14, 0x30, 0x0,

    /* U+0052 "R" */
    0x9f, 0xff, 0xfe, 0xc5, 0x0, 0x9f, 0xfa, 0xab,
    0xff, 0x70, 0x9f, 0x50, 0x0, 0x2f, 0xf0, 0x9f,
    0x50, 0x0, 0xd, 0xf2, 0x9f, 0x50, 0x0, 0x2f,
    0xf0, 0x9f, 0xe9, 0x9a, 0xff, 0x80, 0x9f, 0xff,
    0xff, 0xf6, 0x0, 0x9f, 0x50, 0x8, 0xf9, 0x0,
    0x9f, 0x50, 0x0, 0xcf, 0x40, 0x9f, 0x50, 0x0,
    0x2f, 0xe1,

    /* U+0053 "S" */
    0x0, 0x8d, 0xfe, 0xc7, 0x10, 0xcf, 0xda, 0xad,
    0xf3, 0x3f, 0xd0, 0x0, 0x2, 0x2, 0xfe, 0x20,
    0x0, 0x0, 0x7, 0xff, 0xd9, 0x50, 0x0, 0x2,
    0x7b, 0xff, 0xe3, 0x0, 0x0, 0x0, 0x7f, 0xc0,
    0x60, 0x0, 0x2, 0xfd, 0x4f, 0xfb, 0x9a, 0xef,
    0x70, 0x5b, 0xef, 0xfc, 0x50,

    /* U+0054 "T" */
    0xff, 0xff, 0xff, 0xff, 0xf9, 0xaa, 0xcf, 0xca,
    0xa9, 0x0, 0x7, 0xf7, 0x0, 0x0, 0x0, 0x7f,
    0x70, 0x0, 0x0, 0x7, 0xf7, 0x0, 0x0, 0x0,
    0x7f, 0x70, 0x0, 0x0, 0x7, 0xf7, 0x0, 0x0,
    0x0, 0x7f, 0x70, 0x0, 0x0, 0x7, 0xf7, 0x0,
    0x0, 0x0, 0x7f, 0x70, 0x0,

    /* U+0055 "U" */
    0xbf, 0x40, 0x0, 0x6, 0xf8, 0xbf, 0x40, 0x0,
    0x6, 0xf8, 0xbf, 0x40, 0x0, 0x6, 0xf8, 0xbf,
    0x40, 0x0, 0x6, 0xf8, 0xbf, 0x40, 0x0, 0x6,
    0xf8, 0xaf, 0x40, 0x0, 0x6, 0xf8, 0x9f, 0x60,
    0x0, 0x9, 0xf6, 0x5f, 0xd1, 0x0, 0x2f, 0xf2,
    0xc, 0xff, 0xcc, 0xff, 0x90, 0x0, 0x7d, 0xff,
    0xc6, 0x0,

    /* U+0056 "V" */
    0xd, 0xf4, 0x0, 0x0, 0x2, 0xfc, 0x0, 0x6f,
    0xb0, 0x0, 0x0, 0xaf, 0x50, 0x0, 0xef, 0x20,
    0x0, 0x1f, 0xd0, 0x0, 0x7, 0xfa, 0x0, 0x8,
    0xf6, 0x0, 0x0, 0x1f, 0xf1, 0x0, 0xfe, 0x0,
    0x0, 0x0, 0x8f, 0x80, 0x7f, 0x70, 0x0, 0x0,
    0x1, 0xff, 0x1e, 0xf1, 0x0, 0x0, 0x0, 0xa,
    0xfd, 0xf9, 0x0, 0x0, 0x0, 0x0, 0x2f, 0xff,
    0x20, 0x0, 0x0, 0x0, 0x0, 0xbf, 0xa0, 0x0,
    0x0,

    /* U+0057 "W" */
    0x6f, 0x90, 0x0, 0x6, 0xfb, 0x0, 0x0, 0x4f,
    0x91, 0xfe, 0x0, 0x0, 0xcf, 0xf1, 0x0, 0xa,
    0xf3, 0xb, 0xf4, 0x0, 0x2f, 0xff, 0x60, 0x0,
    0xfe, 0x0, 0x6f, 0xa0, 0x7, 0xf5, 0xfc, 0x0,
    0x5f, 0x80, 0x0, 0xff, 0x0, 0xde, 0xb, 0xf1,
    0xb, 0xf2, 0x0, 0xa, 0xf5, 0x3f, 0x90, 0x6f,
    0x71, 0xfd, 0x0, 0x0, 0x5f, 0xa9, 0xf3, 0x0,
    0xfc, 0x6f, 0x70, 0x0, 0x0, 0xff, 0xfd, 0x0,
    0xa, 0xfe, 0xf2, 0x0, 0x0, 0xa, 0xff, 0x80,
    0x0, 0x5f, 0xfc, 0x0, 0x0, 0x0, 0x4f, 0xf2,
    0x0, 0x0, 0xff, 0x70, 0x0,

    /* U+0058 "X" */
    0x4f, 0xd0, 0x0, 0x7, 0xf9, 0x0, 0x8f, 0xa0,
    0x3, 0xfd, 0x0, 0x0, 0xcf, 0x61, 0xef, 0x20,
    0x0, 0x1, 0xef, 0xef, 0x50, 0x0, 0x0, 0x4,
    0xff, 0xb0, 0x0, 0x0, 0x0, 0x6f, 0xfd, 0x0,
    0x0, 0x0, 0x3f, 0xea, 0xf9, 0x0, 0x0, 0x1e,
    0xf3, 0xd, 0xf5, 0x0, 0xb, 0xf7, 0x0, 0x2f,
    0xf2, 0x7, 0xfb, 0x0, 0x0, 0x5f, 0xd0,

    /* U+0059 "Y" */
    0xc, 0xf4, 0x0, 0x0, 0x3f, 0xb0, 0x3, 0xfd,
    0x0, 0x0, 0xdf, 0x20, 0x0, 0x8f, 0x80, 0x7,
    0xf7, 0x0, 0x0, 0xe, 0xf2, 0x2f, 0xc0, 0x0,
    0x0, 0x4, 0xfc, 0xcf, 0x30, 0x0, 0x0, 0x0,
    0xaf, 0xf8, 0x0, 0x0, 0x0, 0x0, 0x1f, 0xf0,
    0x0, 0x0, 0x0, 0x0, 0xf, 0xf0, 0x0, 0x0,
    0x0, 0x0, 0xf, 0xf0, 0x0, 0x0, 0x0, 0x0,
    0xf, 0xf0, 0x0, 0x0,

    /* U+005A "Z" */
    0x4f, 0xff, 0xff, 0xff, 0xf6, 0x2a, 0xaa, 0xaa,
    0xcf, 0xf2, 0x0, 0x0, 0x1, 0xef, 0x50, 0x0,
    0x0, 0xc, 0xf7, 0x0, 0x0, 0x0, 0xbf, 0x90,
    0x0, 0x0, 0x9, 0xfb, 0x0, 0x0, 0x0, 0x7f,
    0xc0, 0x0, 0x0, 0x5, 0xfe, 0x10, 0x0, 0x0,
    0x3f, 0xfc, 0xaa, 0xaa, 0xa5, 0x6f, 0xff, 0xff,
    0xff, 0xf9,

    /* U+005B "[" */
    0x9f, 0xff, 0x9f, 0xa7, 0x9f, 0x40, 0x9f, 0x40,
    0x9f, 0x40, 0x9f, 0x40, 0x9f, 0x40, 0x9f, 0x40,
    0x9f, 0x40, 0x9f, 0x40, 0x9f, 0x40, 0x9f, 0x40,
    0x9f, 0xa7, 0x9f, 0xff,

    /* U+005C "\\" */
    0x6f, 0x40, 0x0, 0x0, 0x1f, 0x90, 0x0, 0x0,
    0xb, 0xe0, 0x0, 0x0, 0x5, 0xf5, 0x0, 0x0,
    0x0, 0xfa, 0x0, 0x0, 0x0, 0xaf, 0x0, 0x0,
    0x0, 0x4f, 0x60, 0x0, 0x0, 0xe, 0xb0, 0x0,
    0x0, 0x9, 0xf1, 0x0, 0x0, 0x3, 0xf7, 0x0,
    0x0, 0x0, 0xec, 0x0, 0x0, 0x0, 0x8f, 0x20,
    0x0, 0x0, 0x3f, 0x70, 0x0, 0x0, 0xd, 0xd0,

    /* U+005D "]" */
    0xcf, 0xfd, 0x58, 0xfd, 0x0, 0xfd, 0x0, 0xfd,
    0x0, 0xfd, 0x0, 0xfd, 0x0, 0xfd, 0x0, 0xfd,
    0x0, 0xfd, 0x0, 0xfd, 0x0, 0xfd, 0x0, 0xfd,
    0x58, 0xfd, 0xcf, 0xfd,

    /* U+005E "^" */
    0x0, 0x8, 0xf6, 0x0, 0x0, 0xf, 0xed, 0x0,
    0x0, 0x7e, 0x2f, 0x50, 0x0, 0xe8, 0xa, 0xc0,
    0x5, 0xf1, 0x3, 0xf3, 0xc, 0xa0, 0x0, 0xca,

    /* U+005F "_" */
    0xff, 0xff, 0xff, 0xf7, 0x22, 0x22, 0x22, 0x21,

    /* U+0060 "`" */
    0x1b, 0xf4, 0x0, 0x8, 0xf4,

    /* U+0061 "a" */
    0x4, 0xbe, 0xfd, 0x60, 0xc, 0xc9, 0x9e, 0xf7,
    0x0, 0x0, 0x2, 0xfc, 0x5, 0xdf, 0xff, 0xfe,
    0x2f, 0xd4, 0x33, 0xff, 0x5f, 0x80, 0x1, 0xff,
    0x1f, 0xe5, 0x5c, 0xff, 0x4, 0xdf, 0xe8, 0xdf,

    /* U+0062 "b" */
    0xcf, 0x10, 0x0, 0x0, 0xc, 0xf1, 0x0, 0x0,
    0x0, 0xcf, 0x10, 0x0, 0x0, 0xc, 0xf6, 0xcf,
    0xe9, 0x10, 0xcf, 0xfc, 0x9c, 0xfd, 0xc, 0xfa,
    0x0, 0xa, 0xf7, 0xcf, 0x20, 0x0, 0x3f, 0xac,
    0xf2, 0x0, 0x3, 0xfa, 0xcf, 0xa0, 0x0, 0xbf,
    0x7c, 0xff, 0xc9, 0xdf, 0xd0, 0xcf, 0x4c, 0xfe,
    0x91, 0x0,

    /* U+0063 "c" */
    0x0, 0x5c, 0xfe, 0xb2, 0x0, 0x8f, 0xe9, 0xaf,
    0xf1, 0x2f, 0xd1, 0x0, 0x34, 0x6, 0xf8, 0x0,
    0x0, 0x0, 0x6f, 0x80, 0x0, 0x0, 0x2, 0xfe,
    0x10, 0x4, 0x50, 0x7, 0xfe, 0xab, 0xff, 0x10,
    0x5, 0xcf, 0xfb, 0x20,

    /* U+0064 "d" */
    0x0, 0x0, 0x0, 0xc, 0xf1, 0x0, 0x0, 0x0,
    0xc, 0xf1, 0x0, 0x0, 0x0, 0xc, 0xf1, 0x0,
    0x6d, 0xfd, 0x7c, 0xf1, 0x9, 0xfe, 0x9a, 0xff,
    0xf1, 0x2f, 0xe1, 0x0, 0x4f, 0xf1, 0x6f, 0x80,
    0x0, 0xf, 0xf1, 0x6f, 0x80, 0x0, 0xf, 0xf1,
    0x2f, 0xe2, 0x0, 0x5f, 0xf1, 0x9, 0xfe, 0xab,
    0xff, 0xf1, 0x0, 0x6d, 0xfe, 0x7b, 0xf1,

    /* U+0065 "e" */
    0x0, 0x6d, 0xfe, 0xa1, 0x0, 0x9f, 0xc8, 0xaf,
    0xe1, 0x2f, 0xc0, 0x0, 0x4f, 0x86, 0xff, 0xff,
    0xff, 0xfb, 0x6f, 0xa3, 0x33, 0x33, 0x22, 0xfd,
    0x10, 0x1, 0x30, 0x8, 0xfe, 0xaa, 0xee, 0x0,
    0x5, 0xcf, 0xfc, 0x40,

    /* U+0066 "f" */
    0x0, 0x6d, 0xfb, 0x0, 0x3f, 0xd8, 0x70, 0x7,
    0xf5, 0x0, 0xd, 0xff, 0xff, 0x80, 0x6f, 0xfd,
    0x73, 0x0, 0x8f, 0x50, 0x0, 0x8, 0xf5, 0x0,
    0x0, 0x8f, 0x50, 0x0, 0x8, 0xf5, 0x0, 0x0,
    0x8f, 0x50, 0x0, 0x8, 0xf5, 0x0, 0x0,

    /* U+0067 "g" */
    0x0, 0x6d, 0xfe, 0x8a, 0xf3, 0x9, 0xfd, 0x89,
    0xef, 0xf3, 0x2f, 0xd0, 0x0, 0x2f, 0xf3, 0x6f,
    0x80, 0x0, 0xf, 0xf3, 0x6f, 0x80, 0x0, 0xf,
    0xf3, 0x2f, 0xe2, 0x0, 0x3f, 0xf3, 0x9, 0xfe,
    0x9a, 0xff, 0xf2, 0x0, 0x6d, 0xfe, 0x8c, 0xf2,
    0x1, 0x0, 0x0, 0x2f, 0xe0, 0xc, 0xfb, 0x9a,
    0xff, 0x70, 0x3, 0xae, 0xff, 0xc5, 0x0,

    /* U+0068 "h" */
    0xcf, 0x10, 0x0, 0x0, 0xc, 0xf1, 0x0, 0x0,
    0x0, 0xcf, 0x10, 0x0, 0x0, 0xc, 0xf6, 0xcf,
    0xe9, 0x0, 0xcf, 0xfc, 0xae, 0xfa, 0xc, 0xf8,
    0x0, 0x1f, 0xf0, 0xcf, 0x20, 0x0, 0xcf, 0x1c,
    0xf1, 0x0, 0xc, 0xf2, 0xcf, 0x10, 0x0, 0xcf,
    0x2c, 0xf1, 0x0, 0xc, 0xf2, 0xcf, 0x10, 0x0,
    0xcf, 0x20,

    /* U+0069 "i" */
    0xb, 0xe2, 0xe, 0xf3, 0x1, 0x20, 0xc, 0xf1,
    0xc, 0xf1, 0xc, 0xf1, 0xc, 0xf1, 0xc, 0xf1,
    0xc, 0xf1, 0xc, 0xf1, 0xc, 0xf1,

    /* U+006A "j" */
    0x0, 0xa, 0xe3, 0x0, 0xd, 0xf5, 0x0, 0x0,
    0x20, 0x0, 0xb, 0xf3, 0x0, 0xb, 0xf3, 0x0,
    0xb, 0xf3, 0x0, 0xb, 0xf3, 0x0, 0xb, 0xf3,
    0x0, 0xb, 0xf3, 0x0, 0xb, 0xf3, 0x0, 0xb,
    0xf3, 0x0, 0xb, 0xf2, 0xa, 0x9f, 0xd0, 0x3e,
    0xfc, 0x30,

    /* U+006B "k" */
    0xcf, 0x10, 0x0, 0x0, 0xc, 0xf1, 0x0, 0x0,
    0x0, 0xcf, 0x10, 0x0, 0x0, 0xc, 0xf1, 0x0,
    0x8f, 0xb0, 0xcf, 0x10, 0x9f, 0xb0, 0xc, 0xf2,
    0xbf, 0xb0, 0x0, 0xcf, 0xdf, 0xf2, 0x0, 0xc,
    0xff, 0xff, 0xc0, 0x0, 0xcf, 0xa0, 0xbf, 0x90,
    0xc, 0xf1, 0x1, 0xdf, 0x60, 0xcf, 0x10, 0x2,
    0xff, 0x30,

    /* U+006C "l" */
    0xcf, 0x1c, 0xf1, 0xcf, 0x1c, 0xf1, 0xcf, 0x1c,
    0xf1, 0xcf, 0x1c, 0xf1, 0xcf, 0x1c, 0xf1, 0xcf,
    0x10,

    /* U+006D "m" */
    0xcf, 0x5c, 0xfd, 0x70, 0x8e, 0xfc, 0x40, 0xcf,
    0xfb, 0xaf, 0xff, 0xfa, 0xbf, 0xf2, 0xcf, 0x80,
    0x4, 0xff, 0x40, 0x8, 0xf8, 0xcf, 0x20, 0x0,
    0xfe, 0x0, 0x4, 0xf9, 0xcf, 0x10, 0x0, 0xfd,
    0x0, 0x4, 0xfa, 0xcf, 0x10, 0x0, 0xfd, 0x0,
    0x4, 0xfa, 0xcf, 0x10, 0x0, 0xfd, 0x0, 0x4,
    0xfa, 0xcf, 0x10, 0x0, 0xfd, 0x0, 0x4, 0xfa,

    /* U+006E "n" */
    0xcf, 0x4c, 0xfe, 0x90, 0xc, 0xff, 0xca, 0xef,
    0xa0, 0xcf, 0x80, 0x1, 0xff, 0xc, 0xf2, 0x0,
    0xc, 0xf1, 0xcf, 0x10, 0x0, 0xcf, 0x2c, 0xf1,
    0x0, 0xc, 0xf2, 0xcf, 0x10, 0x0, 0xcf, 0x2c,
    0xf1, 0x0, 0xc, 0xf2,

    /* U+006F "o" */
    0x0, 0x5c, 0xfe, 0xa3, 0x0, 0x8, 0xfe, 0x9a,
    0xff, 0x30, 0x2f, 0xd1, 0x0, 0x4f, 0xc0, 0x6f,
    0x80, 0x0, 0xd, 0xf0, 0x6f, 0x80, 0x0, 0xd,
    0xf0, 0x2f, 0xe1, 0x0, 0x5f, 0xc0, 0x8, 0xfe,
    0xab, 0xff, 0x30, 0x0, 0x5c, 0xfe, 0xb2, 0x0,

    /* U+0070 "p" */
    0xcf, 0x4c, 0xfe, 0x91, 0xc, 0xff, 0xc9, 0xcf,
    0xd0, 0xcf, 0x90, 0x0, 0xaf, 0x7c, 0xf2, 0x0,
    0x3, 0xfa, 0xcf, 0x20, 0x0, 0x3f, 0xac, 0xfa,
    0x0, 0xb, 0xf7, 0xcf, 0xfc, 0x9d, 0xfd, 0xc,
    0xf6, 0xcf, 0xe9, 0x10, 0xcf, 0x10, 0x0, 0x0,
    0xc, 0xf1, 0x0, 0x0, 0x0, 0xcf, 0x10, 0x0,
    0x0, 0x0,

    /* U+0071 "q" */
    0x0, 0x6d, 0xfe, 0x7b, 0xf1, 0x9, 0xfe, 0x9a,
    0xff, 0xf1, 0x2f, 0xd1, 0x0, 0x4f, 0xf1, 0x6f,
    0x80, 0x0, 0xf, 0xf1, 0x6f, 0x80, 0x0, 0xf,
    0xf1, 0x2f, 0xe1, 0x0, 0x5f, 0xf1, 0x9, 0xfe,
    0xab, 0xff, 0xf1, 0x0, 0x6d, 0xfd, 0x7d, 0xf1,
    0x0, 0x0, 0x0, 0xd, 0xf1, 0x0, 0x0, 0x0,
    0xd, 0xf1, 0x0, 0x0, 0x0, 0xd, 0xf1,

    /* U+0072 "r" */
    0xcf, 0x4c, 0xdc, 0xff, 0xd9, 0xcf, 0x90, 0xc,
    0xf3, 0x0, 0xcf, 0x10, 0xc, 0xf1, 0x0, 0xcf,
    0x10, 0xc, 0xf1, 0x0,

    /* U+0073 "s" */
    0x4, 0xcf, 0xfd, 0x90, 0x3f, 0xe8, 0x8b, 0xa0,
    0x6f, 0x80, 0x0, 0x0, 0x2f, 0xfd, 0x96, 0x10,
    0x2, 0x7b, 0xef, 0xe1, 0x1, 0x0, 0x9, 0xf4,
    0x6f, 0xb9, 0x9f, 0xf1, 0x3a, 0xef, 0xfb, 0x30,

    /* U+0074 "t" */
    0x8, 0xf5, 0x0, 0x0, 0x8f, 0x50, 0x0, 0xdf,
    0xff, 0xf8, 0x6, 0xff, 0xd7, 0x30, 0x8, 0xf5,
    0x0, 0x0, 0x8f, 0x50, 0x0, 0x8, 0xf5, 0x0,
    0x0, 0x7f, 0x60, 0x0, 0x4, 0xfe, 0x98, 0x0,
    0x7, 0xef, 0xb0,

    /* U+0075 "u" */
    0xdf, 0x0, 0x0, 0xef, 0xdf, 0x0, 0x0, 0xef,
    0xdf, 0x0, 0x0, 0xef, 0xdf, 0x0, 0x0, 0xef,
    0xdf, 0x10, 0x0, 0xff, 0xbf, 0x50, 0x5, 0xff,
    0x5f, 0xfb, 0xbf, 0xff, 0x6, 0xdf, 0xd7, 0xcf,

    /* U+0076 "v" */
    0xd, 0xf1, 0x0, 0x4, 0xf8, 0x7, 0xf8, 0x0,
    0xb, 0xf1, 0x0, 0xfe, 0x0, 0x2f, 0xa0, 0x0,
    0x9f, 0x50, 0x9f, 0x30, 0x0, 0x2f, 0xc1, 0xfc,
    0x0, 0x0, 0xb, 0xfa, 0xf5, 0x0, 0x0, 0x4,
    0xff, 0xe0, 0x0, 0x0, 0x0, 0xdf, 0x80, 0x0,

    /* U+0077 "w" */
    0xcf, 0x0, 0x1, 0xfe, 0x0, 0x2, 0xf8, 0x6f,
    0x50, 0x6, 0xff, 0x40, 0x7, 0xf2, 0xf, 0xb0,
    0xc, 0xff, 0xa0, 0xd, 0xc0, 0xa, 0xf1, 0x2f,
    0x8b, 0xf0, 0x3f, 0x60, 0x4, 0xf6, 0x8f, 0x25,
    0xf5, 0x9f, 0x10, 0x0, 0xec, 0xec, 0x0, 0xec,
    0xea, 0x0, 0x0, 0x8f, 0xf5, 0x0, 0x9f, 0xf5,
    0x0, 0x0, 0x2f, 0xf0, 0x0, 0x3f, 0xf0, 0x0,

    /* U+0078 "x" */
    0x5f, 0xb0, 0x2, 0xfd, 0x10, 0x9f, 0x70, 0xcf,
    0x30, 0x0, 0xcf, 0xdf, 0x60, 0x0, 0x2, 0xff,
    0xb0, 0x0, 0x0, 0x3f, 0xfc, 0x0, 0x0, 0x1d,
    0xfa, 0xf8, 0x0, 0xb, 0xf5, 0xc, 0xf4, 0x7,
    0xf9, 0x0, 0x1e, 0xe1,

    /* U+0079 "y" */
    0xd, 0xf1, 0x0, 0x4, 0xf8, 0x6, 0xf8, 0x0,
    0xb, 0xf1, 0x0, 0xee, 0x0, 0x2f, 0xa0, 0x0,
    0x8f, 0x50, 0x9f, 0x30, 0x0, 0x1f, 0xc0, 0xfc,
    0x0, 0x0, 0xa, 0xfa, 0xf5, 0x0, 0x0, 0x3,
    0xff, 0xe0, 0x0, 0x0, 0x0, 0xff, 0x70, 0x0,
    0x0, 0x0, 0xdf, 0x10, 0x0, 0xc, 0xac, 0xf8,
    0x0, 0x0, 0x1a, 0xee, 0x90, 0x0, 0x0,

    /* U+007A "z" */
    0x5f, 0xff, 0xff, 0xf5, 0x27, 0x77, 0x9f, 0xe2,
    0x0, 0x0, 0xdf, 0x40, 0x0, 0xa, 0xf6, 0x0,
    0x0, 0x8f, 0x90, 0x0, 0x5, 0xfc, 0x0, 0x0,
    0x3f, 0xf9, 0x77, 0x73, 0x7f, 0xff, 0xff, 0xf7,

    /* U+007B "{" */
    0x0, 0x3c, 0xf4, 0x0, 0xcf, 0xa2, 0x0, 0xfe,
    0x0, 0x0, 0xfe, 0x0, 0x0, 0xfe, 0x0, 0x0,
    0xfd, 0x0, 0x19, 0xfb, 0x0, 0x2f, 0xf6, 0x0,
    0x2, 0xfd, 0x0, 0x0, 0xfe, 0x0, 0x0, 0xfe,
    0x0, 0x0, 0xfe, 0x0, 0x0, 0xdf, 0x92, 0x0,
    0x3d, 0xf4,

    /* U+007C "|" */
    0x9f, 0x29, 0xf2, 0x9f, 0x29, 0xf2, 0x9f, 0x29,
    0xf2, 0x9f, 0x29, 0xf2, 0x9f, 0x29, 0xf2, 0x9f,
    0x29, 0xf2, 0x9f, 0x29, 0xf2,

    /* U+007D "}" */
    0xce, 0x90, 0x6, 0xdf, 0x50, 0x5, 0xf8, 0x0,
    0x5f, 0x90, 0x5, 0xf9, 0x0, 0x4f, 0x90, 0x2,
    0xfe, 0x60, 0xd, 0xfb, 0x4, 0xfa, 0x0, 0x5f,
    0x90, 0x5, 0xf9, 0x0, 0x5f, 0x80, 0x6d, 0xf6,
    0xc, 0xea, 0x0,

    /* U+007E "~" */
    0x0, 0x0, 0x0, 0x1, 0x0, 0x7f, 0xfa, 0x37,
    0xf0, 0x1f, 0x86, 0xef, 0xf8, 0x0, 0x40, 0x0,
    0x32, 0x0,

    /* U+00B7 "·" */
    0x4, 0xa4, 0x1, 0xff, 0xf1, 0x2f, 0xff, 0x20,
    0x9f, 0x90,

    /* U+2014 "—" */
    0x0, 0x0, 0x0, 0x0, 0x0, 0x0, 0x4, 0xff,
    0xff, 0xff, 0xff, 0xff, 0xfc, 0x3, 0x33, 0x33,
    0x33, 0x33, 0x33, 0x20,

    /* U+21BA "↺" */
    0x0, 0x0, 0x2, 0x33, 0x10, 0x0, 0x0, 0xff,
    0xb4, 0xb, 0x50, 0xf, 0xe7, 0x3, 0xf2, 0x0,
    0xe5, 0xe0, 0x5e, 0x0, 0x3, 0x2f, 0x2, 0xf2,
    0x0, 0x7, 0xe0, 0xa, 0xe6, 0x37, 0xf5, 0x0,
    0x7, 0xdf, 0xc4, 0x0,

    /* U+2263 "≣" */
    0x4, 0x44, 0x44, 0x44, 0x22, 0xff, 0xff, 0xff,
    0xf9, 0x0, 0x0, 0x0, 0x0, 0x0, 0x66, 0x66,
    0x66, 0x63, 0x2e, 0xee, 0xee, 0xee, 0x80, 0x0,
    0x0, 0x0, 0x0, 0x2f, 0xff, 0xff, 0xff, 0x90,
    0x44, 0x44, 0x44, 0x42, 0x4, 0x44, 0x44, 0x44,
    0x22, 0xff, 0xff, 0xff, 0xf9,

    /* U+2302 "⌂" */
    0x0, 0xa, 0x0, 0x0, 0xa, 0xda, 0x0, 0x7,
    0xb0, 0xb8, 0x5, 0xd1, 0x0, 0xd5, 0xe2, 0x0,
    0x2, 0xee, 0x0, 0x0, 0xe, 0xe0, 0x0, 0x0,
    0xee, 0x0, 0x0, 0xe, 0xee, 0xee, 0xee, 0xf0,

    /* U+2315 "⌕" */
    0x0, 0x0, 0x0, 0x0, 0xa, 0xff, 0x90, 0x8,
    0xa0, 0xb, 0x60, 0xb4, 0x0, 0x4a, 0x8, 0x90,
    0xa, 0x70, 0xbc, 0xee, 0xa0, 0x87, 0x1, 0x0,
    0x0, 0x0, 0x0, 0x0,

    /* U+23ED "⏭" */
    0x0, 0x0, 0x0, 0x0, 0x0, 0x1, 0x13, 0x70,
    0x0, 0x27, 0x0, 0x1, 0xfe, 0x3f, 0x80, 0x2,
    0xf9, 0x0, 0x1f, 0xe3, 0xff, 0xa0, 0x2f, 0xfa,
    0x1, 0xfe, 0x3f, 0xff, 0xb3, 0xff, 0xfb, 0x1f,
    0xe3, 0xff, 0xf9, 0x2f, 0xff, 0x91, 0xfe, 0x3f,
    0xf7, 0x2, 0xff, 0x80, 0x1f, 0xe3, 0xf6, 0x0,
    0x2f, 0x60, 0x1, 0xfe, 0x25, 0x0, 0x2, 0x50,
    0x0, 0xf, 0xd0,

    /* U+23EE "⏮" */
    0x1, 0x10, 0x0, 0x0, 0x0, 0x0, 0x0, 0x1f,
    0xd0, 0x0, 0xa, 0x0, 0x0, 0xa0, 0x1f, 0xd0,
    0x0, 0xbf, 0x0, 0xb, 0xf0, 0x1f, 0xd0, 0x1c,
    0xff, 0x1, 0xcf, 0xf0, 0x1f, 0xd2, 0xdf, 0xff,
    0x1d, 0xff, 0xf0, 0x1f, 0xd1, 0xcf, 0xff, 0xc,
    0xff, 0xf0, 0x1f, 0xd0, 0xb, 0xff, 0x0, 0xaf,
    0xf0, 0x1f, 0xd0, 0x0, 0xaf, 0x0, 0x9, 0xf0,
    0x1f, 0xd0, 0x0, 0x7, 0x0, 0x0, 0x70,

    /* U+25B6 "▶" */
    0x20, 0x0, 0x0, 0x0, 0xf, 0xa2, 0x0, 0x0,
    0x0, 0xff, 0xfa, 0x20, 0x0, 0xf, 0xff, 0xff,
    0xa2, 0x0, 0xff, 0xff, 0xff, 0xfa, 0x2f, 0xff,
    0xff, 0xff, 0xd5, 0xff, 0xff, 0xfd, 0x50, 0xf,
    0xff, 0xd5, 0x0, 0x0, 0xfd, 0x50, 0x0, 0x0,
    0x5, 0x0, 0x0, 0x0, 0x0,

    /* U+25C9 "◉" */
    0x0, 0x0, 0x20, 0x0, 0x0, 0x1a, 0xec, 0xea,
    0x10, 0x1d, 0x66, 0x96, 0x6d, 0x19, 0x7b, 0xff,
    0xfb, 0x69, 0xd4, 0xff, 0xff, 0xf5, 0xde, 0x5f,
    0xff, 0xff, 0x6e, 0xc4, 0xff, 0xff, 0xf4, 0xc5,
    0xb5, 0xef, 0xe6, 0xb6, 0x8, 0xc6, 0x55, 0xc8,
    0x0, 0x3, 0x9b, 0x93, 0x0,

    /* U+25CC "◌" */
    0x0, 0x0, 0x20, 0x0, 0x0, 0x13, 0x6c, 0x63,
    0x10, 0xd, 0x50, 0x0, 0x5d, 0x0, 0x10, 0x0,
    0x0, 0x10, 0x90, 0x0, 0x0, 0x0, 0x9e, 0x0,
    0x0, 0x0, 0xe, 0x30, 0x0, 0x0, 0x0, 0x30,
    0x70, 0x0, 0x0, 0x70, 0x8, 0x81, 0x21, 0x78,
    0x0, 0x0, 0x5b, 0x50, 0x0,

    /* U+266A "♪" */
    0x0, 0x6, 0x0, 0x0, 0x0, 0xeb, 0x40, 0x0,
    0xc, 0x8e, 0x90, 0x0, 0xb0, 0xa, 0x0, 0xb,
    0x1, 0x30, 0x0, 0xb0, 0x0, 0x0, 0xb, 0x0,
    0x0, 0x0, 0xb0, 0x0, 0x5, 0x3b, 0x0, 0xb,
    0xff, 0xc0, 0x0, 0x6d, 0xc4, 0x0, 0x0,

    /* U+266B "♫" */
    0x0, 0x4, 0x40, 0x0, 0x0, 0x0, 0x9f, 0xfa,
    0x50, 0x0, 0x8, 0x38, 0xdf, 0x0, 0x0, 0x80,
    0x0, 0x80, 0x0, 0x8, 0x0, 0x7, 0x0, 0x0,
    0x80, 0x0, 0x70, 0x0, 0x8, 0x0, 0x7, 0x0,
    0x0, 0x80, 0x0, 0x70, 0x4, 0x69, 0x0, 0x7,
    0x2, 0xff, 0xe0, 0x0, 0x70, 0x9, 0xb5, 0xd,
    0xfe, 0x0, 0x0, 0x0, 0xef, 0xb0, 0x0, 0x0,
    0x0, 0x20, 0x0,

    /* U+2699 "⚙" */
    0x0, 0x0, 0x0, 0x0, 0x0, 0x3, 0xf, 0x42,
    0x0, 0x5, 0xfe, 0xef, 0xf5, 0x4, 0xac, 0x10,
    0x1c, 0xa4, 0x7f, 0x20, 0x94, 0x1f, 0x82, 0xf0,
    0x2f, 0x90, 0xe3, 0xaf, 0x20, 0x20, 0x2f, 0xb1,
    0x7d, 0x20, 0x2c, 0x71, 0x5, 0xfe, 0xff, 0xf6,
    0x0, 0x3, 0xe, 0x42, 0x0,

    /* U+3001 "、" */
    0x2, 0x10, 0x0, 0x1e, 0xd2, 0x0, 0x5, 0xfe,
    0x20, 0x0, 0x5f, 0xd0, 0x0, 0x6, 0x70,

    /* U+3002 "。" */
    0x1, 0x9b, 0x50, 0xd, 0x74, 0xd5, 0x2c, 0x0,
    0x59, 0xe, 0x30, 0xa7, 0x4, 0xde, 0x90,

    /* U+4E00 "一" */
    0x9, 0x99, 0x99, 0x99, 0x99, 0x99, 0x99, 0x51,
    0xff, 0xff, 0xff, 0xff, 0xff, 0xff, 0xf8,

    /* U+4E0A "上" */
    0x0, 0x0, 0x0, 0xbc, 0x0, 0x0, 0x0, 0x0,
    0x0, 0x0, 0xb, 0xc0, 0x0, 0x0, 0x0, 0x0,
    0x0, 0x0, 0xbc, 0x0, 0x0, 0x0, 0x0, 0x0,
    0x0, 0xb, 0xc0, 0x0, 0x0, 0x0, 0x0, 0x0,
    0x0, 0xbc, 0x0, 0x0, 0x0, 0x0, 0x0, 0x0,
    0xb, 0xff, 0xff, 0xff, 0x20, 0x0, 0x0, 0x0,
    0xbd, 0x66, 0x66, 0x61, 0x0, 0x0, 0x0, 0xb,
    0xc0, 0x0, 0x0, 0x0, 0x0, 0x0, 0x0, 0xbc,
    0x0, 0x0, 0x0, 0x0, 0x0, 0x0, 0xb, 0xc0,
    0x0, 0x0, 0x0, 0x0, 0x0, 0x0, 0xbc, 0x0,
    0x0, 0x0, 0x0, 0x0, 0x0, 0xb, 0xc0, 0x0,
    0x0, 0x0, 0x3f, 0xff, 0xff, 0xff, 0xff, 0xff,
    0xff, 0x31, 0x77, 0x77, 0x77, 0x77, 0x77, 0x77,
    0x71,

    /* U+4E0B "下" */
    0x7, 0x77, 0x77, 0x77, 0x77, 0x77, 0x77, 0x1,
    0xff, 0xff, 0xff, 0xff, 0xff, 0xff, 0xf1, 0x0,
    0x0, 0x0, 0x8e, 0x0, 0x0, 0x0, 0x0, 0x0,
    0x0, 0x8, 0xe0, 0x0, 0x0, 0x0, 0x0, 0x0,
    0x0, 0x8f, 0xa2, 0x0, 0x0, 0x0, 0x0, 0x0,
    0x8, 0xfe, 0xfa, 0x10, 0x0, 0x0, 0x0, 0x0,
    0x8e, 0x7, 0xff, 0x70, 0x0, 0x0, 0x0, 0x8,
    0xe0, 0x2, 0xbf, 0x20, 0x0, 0x0, 0x0, 0x8e,
    0x0, 0x0, 0x20, 0x0, 0x0, 0x0, 0x8, 0xe0,
    0x0, 0x0, 0x0, 0x0, 0x0, 0x0, 0x8e, 0x0,
    0x0, 0x0, 0x0, 0x0, 0x0, 0x8, 0xe0, 0x0,
    0x0, 0x0, 0x0, 0x0, 0x0, 0x8e, 0x0, 0x0,
    0x0, 0x0,

    /* U+4E0D "不" */
    0x6, 0x77, 0x77, 0x77, 0x77, 0x77, 0x76, 0x0,
    0xef, 0xff, 0xff, 0xff, 0xff, 0xff, 0xe0, 0x0,
    0x0, 0x0, 0x1e, 0xd0, 0x0, 0x0, 0x0, 0x0,
    0x0, 0xb, 0xf5, 0x0, 0x0, 0x0, 0x0, 0x0,
    0x9, 0xff, 0x69, 0x10, 0x0, 0x0, 0x0, 0x9,
    0xfb, 0xf7, 0xee, 0x40, 0x0, 0x0, 0x1b, 0xf7,
    0x4f, 0x31, 0xbf, 0x90, 0x0, 0x6e, 0xf5, 0x4,
    0xf3, 0x0, 0x8f, 0xb0, 0x1e, 0xb1, 0x0, 0x4f,
    0x30, 0x0, 0x6d, 0x10, 0x10, 0x0, 0x4, 0xf3,
    0x0, 0x0, 0x0, 0x0, 0x0, 0x0, 0x4f, 0x30,
    0x0, 0x0, 0x0, 0x0, 0x0, 0x4, 0xf3, 0x0,
    0x0, 0x0, 0x0, 0x0, 0x0, 0x4f, 0x30, 0x0,
    0x0, 0x0,

    /* U+4E0E "与" */
    0x0, 0x0, 0x0, 0x0, 0x0, 0x0, 0x0, 0x0,
    0x3, 0xf3, 0x0, 0x0, 0x0, 0x0, 0x0, 0x6,
    0xf7, 0x66, 0x66, 0x66, 0x60, 0x0, 0xa, 0xfe,
    0xee, 0xee, 0xee, 0xe2, 0x0, 0xd, 0x90, 0x0,
    0x0, 0x0, 0x0, 0x0, 0x1f, 0x60, 0x0, 0x0,
    0x0, 0x0, 0x0, 0x5f, 0xff, 0xff, 0xff, 0xff,
    0xf6, 0x0, 0x25, 0x55, 0x55, 0x55, 0x57, 0xf4,
    0x0, 0x0, 0x0, 0x0, 0x0, 0x3, 0xf2, 0x1f,
    0xff, 0xff, 0xff, 0xff, 0x25, 0xf0, 0x5, 0x55,
    0x55, 0x55, 0x55, 0x8, 0xe0, 0x0, 0x0, 0x0,
    0x0, 0x0, 0xc, 0xb0, 0x0, 0x0, 0x0, 0x5,
    0x55, 0x8f, 0x60, 0x0, 0x0, 0x0, 0x8, 0xff,
    0xfa, 0x0, 0x0, 0x0, 0x0, 0x0, 0x0, 0x0,
    0x0,

    /* U+4E13 "专" */
    0x0, 0x0, 0x0, 0x84, 0x0, 0x0, 0x0, 0x0,
    0x0, 0x2, 0xf6, 0x0, 0x0, 0x0, 0x0, 0xef,
    0xff, 0xff, 0xff, 0xff, 0xe0, 0x0, 0x44, 0x4c,
    0xd4, 0x44, 0x44, 0x40, 0x2, 0x22, 0x2e, 0x92,
    0x22, 0x22, 0x22, 0x1f, 0xff, 0xff, 0xff, 0xff,
    0xff, 0xff, 0x2, 0x22, 0xae, 0x22, 0x22, 0x22,
    0x22, 0x0, 0x0, 0xec, 0x55, 0x55, 0x55, 0x20,
    0x0, 0x3, 0xff, 0xff, 0xff, 0xff, 0xb0, 0x0,
    0x0, 0x0, 0x0, 0x3, 0xfb, 0x0, 0x0, 0x0,
    0x44, 0x0, 0x3f, 0xb0, 0x0, 0x0, 0x0, 0xbf,
    0xfa, 0xfb, 0x0, 0x0, 0x0, 0x0, 0x1, 0x6b,
    0xfe, 0x70, 0x0, 0x0, 0x0, 0x0, 0x0, 0x29,
    0xf3, 0x0, 0x0, 0x0, 0x0, 0x0, 0x0, 0x10,
    0x0,

    /* U+4E1C "东" */
    0x0, 0x0, 0x0, 0x40, 0x0, 0x0, 0x0, 0x0,
    0x0, 0x0, 0x5f, 0x60, 0x0, 0x0, 0x0, 0x6,
    0x66, 0x6d, 0xf7, 0x66, 0x66, 0x64, 0x0, 0xde,
    0xef, 0xfe, 0xee, 0xee, 0xee, 0x90, 0x0, 0x0,
    0xeb, 0x4, 0x50, 0x0, 0x0, 0x0, 0x0, 0xae,
    0x10, 0x9c, 0x0, 0x0, 0x0, 0x0, 0x8f, 0xa5,
    0x5c, 0xd5, 0x55, 0x50, 0x0, 0xb, 0xff, 0xff,
    0xff, 0xff, 0xff, 0x0, 0x0, 0x10, 0x0, 0x9,
    0xc0, 0x0, 0x0, 0x0, 0x0, 0x99, 0x0, 0x9c,
    0xb, 0x60, 0x0, 0x0, 0x3f, 0x60, 0x9, 0xc0,
    0x6f, 0x50, 0x0, 0x1d, 0xc0, 0x0, 0x9c, 0x0,
    0x9f, 0x20, 0xc, 0xe1, 0x4, 0x6d, 0xb0, 0x0,
    0xdc, 0x0, 0x23, 0x0, 0x7f, 0xe5, 0x0, 0x2,
    0x10, 0x0, 0x0, 0x0, 0x0, 0x0, 0x0, 0x0,
    0x0,

    /* U+4E2A "个" */
    0x0, 0x0, 0x0, 0x8, 0x40, 0x0, 0x0, 0x0,
    0x0, 0x0, 0x6, 0xf8, 0x0, 0x0, 0x0, 0x0,
    0x0, 0x5, 0xfd, 0xf5, 0x0, 0x0, 0x0, 0x0,
    0x6, 0xf9, 0x9, 0xf8, 0x0, 0x0, 0x0, 0x1b,
    0xf9, 0x2, 0x8, 0xfc, 0x30, 0x1, 0x9f, 0xf6,
    0x3, 0xf3, 0x5, 0xef, 0xa1, 0x1e, 0xa1, 0x0,
    0x3f, 0x30, 0x1, 0x9f, 0x20, 0x0, 0x0, 0x3,
    0xf3, 0x0, 0x0, 0x10, 0x0, 0x0, 0x0, 0x3f,
    0x30, 0x0, 0x0, 0x0, 0x0, 0x0, 0x3, 0xf3,
    0x0, 0x0, 0x0, 0x0, 0x0, 0x0, 0x3f, 0x30,
    0x0, 0x0, 0x0, 0x0, 0x0, 0x3, 0xf3, 0x0,
    0x0, 0x0, 0x0, 0x0, 0x0, 0x3f, 0x30, 0x0,
    0x0, 0x0, 0x0, 0x0, 0x3, 0xf3, 0x0, 0x0,
    0x0,

    /* U+4E2D "中" */
    0x0, 0x0, 0x2, 0xf4, 0x0, 0x0, 0x0, 0x0,
    0x0, 0x2f, 0x40, 0x0, 0x0, 0x0, 0x0, 0x2,
    0xf4, 0x0, 0x0, 0x7, 0xff, 0xff, 0xff, 0xff,
    0xff, 0xf8, 0x7f, 0x66, 0x68, 0xf9, 0x66, 0x6f,
    0x87, 0xe0, 0x0, 0x2f, 0x40, 0x0, 0xe8, 0x7e,
    0x0, 0x2, 0xf4, 0x0, 0xe, 0x87, 0xe0, 0x0,
    0x2f, 0x40, 0x0, 0xe8, 0x7f, 0xff, 0xff, 0xff,
    0xff, 0xff, 0x87, 0xf6, 0x66, 0x8f, 0x96, 0x66,
    0xf8, 0x24, 0x0, 0x2, 0xf4, 0x0, 0x2, 0x10,
    0x0, 0x0, 0x2f, 0x40, 0x0, 0x0, 0x0, 0x0,
    0x2, 0xf4, 0x0, 0x0, 0x0, 0x0, 0x0, 0x2f,
    0x40, 0x0, 0x0,

    /* U+4E3A "为" */
    0x0, 0x15, 0x0, 0xf6, 0x0, 0x0, 0x0, 0x0,
    0x5f, 0x40, 0xf6, 0x0, 0x0, 0x0, 0x0, 0xb,
    0xd0, 0xf6, 0x0, 0x0, 0x0, 0x0, 0x3, 0x31,
    0xf6, 0x0, 0x0, 0x0, 0xb, 0xff, 0xff, 0xff,
    0xff, 0xff, 0xf8, 0x4, 0x55, 0x58, 0xf7, 0x55,
    0x55, 0xf7, 0x0, 0x0, 0x7, 0xf0, 0x0, 0x0,
    0xf6, 0x0, 0x0, 0xc, 0xc5, 0xd1, 0x1, 0xf6,
    0x0, 0x0, 0x3f, 0x50, 0xdb, 0x2, 0xf5, 0x0,
    0x0, 0xbe, 0x0, 0x4f, 0x43, 0xf4, 0x0, 0x8,
    0xf5, 0x0, 0x3, 0x4, 0xf3, 0x0, 0x7f, 0x90,
    0x0, 0x0, 0x7, 0xf0, 0xa, 0xf9, 0x0, 0x0,
    0x46, 0x7e, 0xd0, 0x7, 0x70, 0x0, 0x0, 0x5f,
    0xfd, 0x40, 0x0, 0x0, 0x0, 0x0, 0x0, 0x0,
    0x0,

    /* U+4E3B "主" */
    0x0, 0x0, 0x1, 0x92, 0x0, 0x0, 0x0, 0x0,
    0x0, 0x0, 0x2c, 0xf4, 0x0, 0x0, 0x0, 0x0,
    0x0, 0x0, 0xb, 0xf2, 0x0, 0x0, 0x0, 0x6e,
    0xee, 0xee, 0xef, 0xee, 0xee, 0x60, 0x3, 0x77,
    0x77, 0x9f, 0x97, 0x77, 0x73, 0x0, 0x0, 0x0,
    0x4, 0xf4, 0x0, 0x0, 0x0, 0x0, 0x0, 0x0,
    0x4f, 0x40, 0x0, 0x0, 0x0, 0x3, 0x55, 0x58,
    0xf8, 0x55, 0x54, 0x0, 0x0, 0xbf, 0xff, 0xff,
    0xff, 0xff, 0xc0, 0x0, 0x0, 0x0, 0x4, 0xf4,
    0x0, 0x0, 0x0, 0x0, 0x0, 0x0, 0x4f, 0x40,
    0x0, 0x0, 0x0, 0x0, 0x0, 0x4, 0xf4, 0x0,
    0x0, 0x0, 0x1e, 0xee, 0xee, 0xef, 0xee, 0xee,
    0xee, 0x20, 0x77, 0x77, 0x77, 0x77, 0x77, 0x77,
    0x71,

    /* U+4E89 "争" */
    0x0, 0x0, 0x6, 0x20, 0x0, 0x0, 0x0, 0x0,
    0x0, 0x9, 0xf7, 0x44, 0x42, 0x0, 0x0, 0x0,
    0x7, 0xff, 0xff, 0xff, 0xf1, 0x0, 0x0, 0x1b,
    0xf6, 0x0, 0x7, 0xf4, 0x0, 0x0, 0x8, 0xff,
    0xff, 0xff, 0xff, 0xff, 0x90, 0x0, 0x1, 0x44,
    0x47, 0xf7, 0x44, 0xd9, 0x0, 0x1, 0x11, 0x11,
    0x5f, 0x51, 0x1d, 0xa1, 0x11, 0xff, 0xff, 0xff,
    0xff, 0xff, 0xff, 0xf9, 0x2, 0x22, 0x22, 0x5f,
    0x52, 0x2d, 0xa2, 0x10, 0x4, 0x55, 0x57, 0xf7,
    0x55, 0xd9, 0x0, 0x0, 0xbf, 0xff, 0xff, 0xff,
    0xff, 0x80, 0x0, 0x0, 0x0, 0x3, 0xf3, 0x0,
    0x0, 0x0, 0x0, 0x0, 0x45, 0x8f, 0x30, 0x0,
    0x0, 0x0, 0x0, 0x8, 0xfe, 0xa0, 0x0, 0x0,
    0x0,

    /* U+4E8C "二" */
    0x0, 0x67, 0x77, 0x77, 0x77, 0x77, 0x60, 0x0,
    0xd, 0xff, 0xff, 0xff, 0xff, 0xfd, 0x0, 0x0,
    0x0, 0x0, 0x0, 0x0, 0x0, 0x0, 0x0, 0x0,
    0x0, 0x0, 0x0, 0x0, 0x0, 0x0, 0x0, 0x0,
    0x0, 0x0, 0x0, 0x0, 0x0, 0x0, 0x0, 0x0,
    0x0, 0x0, 0x0, 0x0, 0x0, 0x0, 0x0, 0x0,
    0x0, 0x0, 0x0, 0x0, 0x0, 0x0, 0x0, 0x0,
    0x0, 0x0, 0x0, 0x0, 0x0, 0x0, 0x0, 0x0,
    0x0, 0x0, 0x0, 0x0, 0x99, 0x99, 0x99, 0x99,
    0x99, 0x99, 0x91, 0x1f, 0xff, 0xff, 0xff, 0xff,
    0xff, 0xff, 0x10,

    /* U+4E8E "于" */
    0x0, 0x66, 0x66, 0x66, 0x66, 0x66, 0x60, 0x0,
    0x1f, 0xff, 0xff, 0xff, 0xff, 0xff, 0x10, 0x0,
    0x0, 0x0, 0x1f, 0x60, 0x0, 0x0, 0x0, 0x0,
    0x0, 0x1, 0xf6, 0x0, 0x0, 0x0, 0x0, 0x0,
    0x0, 0x1f, 0x60, 0x0, 0x0, 0x1, 0xff, 0xff,
    0xff, 0xff, 0xff, 0xff, 0xf2, 0x6, 0x66, 0x66,
    0x7f, 0xa6, 0x66, 0x66, 0x0, 0x0, 0x0, 0x1,
    0xf6, 0x0, 0x0, 0x0, 0x0, 0x0, 0x0, 0x1f,
    0x60, 0x0, 0x0, 0x0, 0x0, 0x0, 0x1, 0xf6,
    0x0, 0x0, 0x0, 0x0, 0x0, 0x0, 0x1f, 0x60,
    0x0, 0x0, 0x0, 0x0, 0x7, 0x68, 0xf5, 0x0,
    0x0, 0x0, 0x0, 0x0, 0xdf, 0xea, 0x0, 0x0,
    0x0, 0x0, 0x0, 0x0, 0x0, 0x0, 0x0, 0x0,
    0x0,

    /* U+4EAB "享" */
    0x0, 0x0, 0x0, 0x37, 0x0, 0x0, 0x0, 0x0,
    0x33, 0x33, 0x38, 0xf6, 0x33, 0x33, 0x30, 0xf,
    0xff, 0xff, 0xff, 0xff, 0xff, 0xfe, 0x0, 0x0,
    0x11, 0x11, 0x11, 0x11, 0x10, 0x0, 0x0, 0x2f,
    0xed, 0xdd, 0xdd, 0xef, 0x40, 0x0, 0x2, 0xf4,
    0x0, 0x0, 0x3, 0xf4, 0x0, 0x0, 0x2f, 0xff,
    0xff, 0xff, 0xff, 0x40, 0x0, 0x2, 0x33, 0x33,
    0x33, 0x33, 0x30, 0x0, 0x0, 0xad, 0xdd, 0xdd,
    0xef, 0xfe, 0x50, 0x0, 0x0, 0x0, 0x2, 0xbc,
    0x94, 0x0, 0x0, 0x2f, 0xff, 0xff, 0xff, 0xff,
    0xff, 0xff, 0x20, 0x33, 0x33, 0x37, 0xf6, 0x33,
    0x33, 0x30, 0x0, 0x0, 0x21, 0x6f, 0x30, 0x0,
    0x0, 0x0, 0x0, 0xa, 0xff, 0xb0, 0x0, 0x0,
    0x0,

    /* U+4EAC "京" */
    0x0, 0x0, 0x0, 0x69, 0x0, 0x0, 0x0, 0x0,
    0x0, 0x0, 0x5, 0xf4, 0x0, 0x0, 0x0, 0xf,
    0xff, 0xff, 0xff, 0xff, 0xff, 0xff, 0x0, 0x66,
    0x66, 0x66, 0x66, 0x66, 0x66, 0x60, 0x0, 0x4,
    0x44, 0x44, 0x44, 0x44, 0x10, 0x0, 0x3, 0xff,
    0xff, 0xff, 0xff, 0xf5, 0x0, 0x0, 0x3f, 0x20,
    0x0, 0x0, 0x1f, 0x50, 0x0, 0x3, 0xf4, 0x22,
    0x22, 0x23, 0xf5, 0x0, 0x0, 0x3f, 0xff, 0xff,
    0xff, 0xff, 0x50, 0x0, 0x0, 0x10, 0x3, 0xf5,
    0x0, 0x10, 0x0, 0x0, 0x2f, 0x70, 0x2f, 0x40,
    0x8d, 0x10, 0x0, 0x1d, 0xc0, 0x2, 0xf4, 0x1,
    0xed, 0x0, 0xd, 0xd1, 0x35, 0x7f, 0x40, 0x2,
    0xfa, 0x0, 0x41, 0x4, 0xff, 0xb1, 0x0, 0x4,
    0x20,

    /* U+4EAE "亮" */
    0x0, 0x0, 0x0, 0x25, 0x0, 0x0, 0x0, 0x0,
    0x0, 0x0, 0x5, 0xf5, 0x0, 0x0, 0x0, 0x1f,
    0xff, 0xff, 0xff, 0xff, 0xff, 0xff, 0x10, 0x11,
    0x33, 0x33, 0x33, 0x33, 0x31, 0x10, 0x0, 0xf,
    0xdc, 0xcc, 0xcc, 0xdf, 0x10, 0x0, 0x0, 0xf7,
    0x11, 0x11, 0x17, 0xf1, 0x0, 0x0, 0xd, 0xdd,
    0xdd, 0xdd, 0xdd, 0x10, 0x0, 0x67, 0x77, 0x77,
    0x77, 0x77, 0x77, 0x60, 0xd, 0xb6, 0x66, 0x66,
    0x66, 0x66, 0xbd, 0x0, 0xd7, 0x8, 0xdd, 0xdd,
    0xd7, 0x8, 0xd0, 0x0, 0x0, 0xbc, 0x44, 0x4f,
    0x80, 0x0, 0x0, 0x0, 0x2f, 0x70, 0x0, 0xf8,
    0x2, 0xa0, 0x1, 0x6e, 0xd0, 0x0, 0xe, 0xa3,
    0x7f, 0x0, 0xdf, 0x91, 0x0, 0x0, 0x9f, 0xff,
    0x80, 0x1, 0x0, 0x0, 0x0, 0x0, 0x0, 0x0,
    0x0,

    /* U+4EBA "人" */
    0x0, 0x0, 0x0, 0x6f, 0x30, 0x0, 0x0, 0x0,
    0x0, 0x0, 0x6, 0xf2, 0x0, 0x0, 0x0, 0x0,
    0x0, 0x0, 0x7f, 0x20, 0x0, 0x0, 0x0, 0x0,
    0x0, 0xa, 0xf4, 0x0, 0x0, 0x0, 0x0, 0x0,
    0x0, 0xdf, 0x80, 0x0, 0x0, 0x0, 0x0, 0x0,
    0xf, 0xfd, 0x0, 0x0, 0x0, 0x0, 0x0, 0x4,
    0xf9, 0xf2, 0x0, 0x0, 0x0, 0x0, 0x0, 0xaf,
    0xe, 0x90, 0x0, 0x0, 0x0, 0x0, 0x3f, 0x80,
    0x7f, 0x20, 0x0, 0x0, 0x0, 0xc, 0xe1, 0x0,
    0xec, 0x0, 0x0, 0x0, 0xa, 0xf5, 0x0, 0x4,
    0xfa, 0x0, 0x0, 0x1b, 0xf7, 0x0, 0x0, 0x6,
    0xfc, 0x20, 0x1e, 0xf6, 0x0, 0x0, 0x0, 0x5,
    0xef, 0x30, 0x62, 0x0, 0x0, 0x0, 0x0, 0x1,
    0x50,

    /* U+4ECA "今" */
    0x0, 0x0, 0x0, 0x8, 0x20, 0x0, 0x0, 0x0,
    0x0, 0x0, 0xa, 0xfa, 0x0, 0x0, 0x0, 0x0,
    0x0, 0x9, 0xfa, 0xf9, 0x0, 0x0, 0x0, 0x0,
    0x1a, 0xf6, 0x4, 0xfc, 0x10, 0x0, 0x0, 0x4e,
    0xf5, 0x62, 0x3, 0xef, 0x70, 0x2, 0xbf, 0xd3,
    0xb, 0xf5, 0x1, 0xaf, 0xe2, 0xb, 0x70, 0x0,
    0x9, 0xf5, 0x0, 0x59, 0x0, 0x2, 0x55, 0x55,
    0x5b, 0x65, 0x52, 0x0, 0x0, 0x8f, 0xff, 0xff,
    0xff, 0xff, 0xb0, 0x0, 0x0, 0x11, 0x11, 0x11,
    0x2e, 0xe1, 0x0, 0x0, 0x0, 0x0, 0x0, 0xa,
    0xf3, 0x0, 0x0, 0x0, 0x0, 0x0, 0x7, 0xf7,
    0x0, 0x0, 0x0, 0x0, 0x0, 0x4, 0xfa, 0x0,
    0x0, 0x0, 0x0, 0x0, 0x0, 0xdd, 0x0, 0x0,
    0x0, 0x0, 0x0, 0x0, 0x0, 0x10, 0x0, 0x0,
    0x0,

    /* U+4ECE "从" */
    0x0, 0x0, 0x0, 0x0, 0x0, 0x0, 0x0, 0x0,
    0x0, 0x4f, 0x30, 0x0, 0x9f, 0x0, 0x0, 0x0,
    0x5, 0xf2, 0x0, 0xa, 0xd0, 0x0, 0x0, 0x0,
    0x6f, 0x10, 0x0, 0xbc, 0x0, 0x0, 0x0, 0x7,
    0xf0, 0x0, 0xd, 0xa0, 0x0, 0x0, 0x0, 0x9f,
    0x0, 0x0, 0xf9, 0x0, 0x0, 0x0, 0xc, 0xf7,
    0x0, 0x2f, 0xb0, 0x0, 0x0, 0x0, 0xee, 0xf4,
    0x5, 0xff, 0x0, 0x0, 0x0, 0x1f, 0x6b, 0xe0,
    0x9f, 0xf5, 0x0, 0x0, 0x6, 0xf2, 0x1f, 0x8e,
    0xaa, 0xb0, 0x0, 0x0, 0xbd, 0x0, 0x67, 0xf4,
    0x3f, 0x40, 0x0, 0x3f, 0x80, 0x0, 0xde, 0x0,
    0xcd, 0x10, 0xd, 0xe1, 0x0, 0xbf, 0x40, 0x3,
    0xfd, 0x13, 0xf6, 0x0, 0x2e, 0x90, 0x0, 0x6,
    0xd1, 0x2, 0x0, 0x0, 0x10, 0x0, 0x0, 0x0,
    0x0,

    /* U+4EE5 "以" */
    0x0, 0x0, 0x0, 0x0, 0x0, 0x0, 0x0, 0x5,
    0x80, 0x0, 0x0, 0x0, 0xbb, 0x0, 0x9, 0xe0,
    0x2f, 0x40, 0x0, 0xca, 0x0, 0x9, 0xe0, 0xb,
    0xe1, 0x0, 0xe9, 0x0, 0x9, 0xe0, 0x1, 0xf9,
    0x0, 0xf7, 0x0, 0x9, 0xe0, 0x0, 0x78, 0x2,
    0xf5, 0x0, 0x9, 0xe0, 0x0, 0x0, 0x6, 0xf1,
    0x0, 0x9, 0xe0, 0x0, 0x0, 0xb, 0xc0, 0x0,
    0x9, 0xe0, 0x2, 0x10, 0xf, 0x70, 0x0, 0x9,
    0xe3, 0xaf, 0x50, 0x9f, 0x60, 0x0, 0xb, 0xff,
    0xd5, 0x4, 0xfe, 0xf4, 0x0, 0x5f, 0xd5, 0x0,
    0x4e, 0xc1, 0xbf, 0x30, 0x17, 0x0, 0x19, 0xfd,
    0x10, 0xd, 0xe1, 0x0, 0x0, 0x3f, 0x80, 0x0,
    0x2, 0xd3, 0x0, 0x0, 0x0, 0x0, 0x0, 0x0,
    0x0,

    /* U+4F18 "优" */
    0x0, 0x0, 0x0, 0x0, 0x0, 0x0, 0x0, 0x0,
    0x0, 0x1f, 0x40, 0x1f, 0x40, 0x80, 0x0, 0x0,
    0x8, 0xf0, 0x2, 0xf3, 0x1e, 0xa0, 0x0, 0x0,
    0xe9, 0x0, 0x2f, 0x30, 0x3f, 0x50, 0x0, 0x5f,
    0x31, 0x13, 0xf4, 0x11, 0x82, 0x0, 0xd, 0xe5,
    0xff, 0xff, 0xff, 0xff, 0xf5, 0x8, 0xfe, 0x13,
    0x37, 0xf4, 0x33, 0x33, 0x11, 0xfe, 0xe0, 0x0,
    0x6f, 0x28, 0x0, 0x0, 0x7, 0x6e, 0x0, 0x8,
    0xd5, 0xf0, 0x0, 0x0, 0x6, 0xe0, 0x0, 0xc9,
    0x5f, 0x0, 0x0, 0x0, 0x6e, 0x0, 0x1f, 0x55,
    0xf0, 0x0, 0x0, 0x6, 0xe0, 0x7, 0xe0, 0x5f,
    0x0, 0x40, 0x0, 0x6e, 0x1, 0xf6, 0x5, 0xf0,
    0xc, 0x70, 0x6, 0xe1, 0xdc, 0x0, 0x5f, 0x54,
    0xf5, 0x0, 0x6e, 0x5b, 0x0, 0x1, 0xdf, 0xfc,
    0x0,

    /* U+4F1A "会" */
    0x0, 0x0, 0x0, 0x5, 0x40, 0x0, 0x0, 0x0,
    0x0, 0x0, 0x4, 0xfc, 0x0, 0x0, 0x0, 0x0,
    0x0, 0x5, 0xfb, 0xf9, 0x0, 0x0, 0x0, 0x0,
    0x1a, 0xf8, 0x3, 0xed, 0x40, 0x0, 0x1, 0x8f,
    0xf6, 0x0, 0x2, 0xbf, 0xd5, 0x0, 0xdf, 0xbd,
    0xff, 0xff, 0xff, 0x8d, 0xf5, 0x3, 0x30, 0x33,
    0x33, 0x33, 0x30, 0x3, 0x0, 0x12, 0x22, 0x22,
    0x22, 0x22, 0x22, 0x20, 0x5, 0xff, 0xff, 0xff,
    0xff, 0xff, 0xfe, 0x0, 0x12, 0x23, 0xcf, 0x52,
    0x37, 0x22, 0x20, 0x0, 0x0, 0x8f, 0x40, 0x5,
    0xf7, 0x0, 0x0, 0x0, 0x8f, 0x50, 0x1, 0x29,
    0xf6, 0x0, 0x0, 0x9f, 0xfe, 0xff, 0xff, 0xff,
    0xf3, 0x0, 0x6, 0xb9, 0x76, 0x53, 0x21, 0xd,
    0x80, 0x0, 0x0, 0x0, 0x0, 0x0, 0x0, 0x0,
    0x0,

    /* U+4F46 "但" */
    0x0, 0x0, 0x20, 0x0, 0x0, 0x0, 0x0, 0x0,
    0x0, 0x5f, 0x35, 0x55, 0x55, 0x55, 0x20, 0x0,
    0xd, 0xb1, 0xff, 0xee, 0xef, 0xf6, 0x0, 0x7,
    0xf3, 0x1f, 0x50, 0x0, 0x1f, 0x60, 0x4, 0xfe,
    0x1, 0xf5, 0x0, 0x1, 0xf6, 0x2, 0xef, 0xe0,
    0x1f, 0xed, 0xdd, 0xef, 0x60, 0x4e, 0x9e, 0x1,
    0xf9, 0x66, 0x67, 0xf6, 0x0, 0x27, 0xe0, 0x1f,
    0x50, 0x0, 0x1f, 0x60, 0x0, 0x7e, 0x1, 0xf5,
    0x0, 0x1, 0xf6, 0x0, 0x7, 0xe0, 0x1f, 0xfe,
    0xee, 0xef, 0x60, 0x0, 0x7e, 0x0, 0x55, 0x55,
    0x55, 0x52, 0x0, 0x7, 0xe0, 0x0, 0x0, 0x0,
    0x0, 0x0, 0x0, 0x7e, 0x3e, 0xee, 0xee, 0xee,
    0xee, 0x80, 0x7, 0xe1, 0x66, 0x66, 0x66, 0x66,
    0x63,

    /* U+4F4D "位" */
    0x0, 0x0, 0x52, 0x0, 0x29, 0x10, 0x0, 0x0,
    0x0, 0x3f, 0x50, 0x1, 0xf5, 0x0, 0x0, 0x0,
    0xb, 0xc0, 0x0, 0xb, 0x60, 0x0, 0x0, 0x3,
    0xf4, 0x4f, 0xff, 0xff, 0xff, 0xd0, 0x1, 0xef,
    0x1, 0x66, 0x66, 0x66, 0x65, 0x0, 0xcf, 0xf0,
    0x2, 0xc0, 0x0, 0x6d, 0x0, 0x3f, 0xaf, 0x0,
    0x1f, 0x30, 0x8, 0xe0, 0x0, 0x36, 0xf0, 0x0,
    0xe6, 0x0, 0xba, 0x0, 0x0, 0x6f, 0x0, 0xc,
    0x90, 0xd, 0x70, 0x0, 0x6, 0xf0, 0x0, 0x9c,
    0x1, 0xf3, 0x0, 0x0, 0x6f, 0x0, 0x7, 0xe0,
    0x4f, 0x0, 0x0, 0x6, 0xf0, 0x0, 0x23, 0x8,
    0xc0, 0x0, 0x0, 0x6f, 0xe, 0xff, 0xff, 0xff,
    0xff, 0x70, 0x6, 0xf0, 0x55, 0x55, 0x55, 0x55,
    0x52,

    /* U+4F4E "低" */
    0x0, 0x1, 0x50, 0x0, 0x0, 0x2, 0x70, 0x0,
    0x0, 0x8f, 0x2, 0x47, 0xae, 0xfe, 0x60, 0x0,
    0xe, 0x84, 0xff, 0xdb, 0xf5, 0x0, 0x0, 0x6,
    0xf1, 0x4f, 0x0, 0x1f, 0x30, 0x0, 0x1, 0xee,
    0x4, 0xf0, 0x0, 0xf4, 0x0, 0x0, 0xaf, 0xe0,
    0x4f, 0x0, 0xf, 0x50, 0x0, 0x5f, 0xce, 0x4,
    0xff, 0xff, 0xff, 0xff, 0x40, 0x76, 0xe0, 0x4f,
    0x55, 0x5d, 0xb5, 0x51, 0x0, 0x6e, 0x4, 0xf0,
    0x0, 0xaa, 0x0, 0x0, 0x6, 0xe0, 0x4f, 0x0,
    0x7, 0xd0, 0x0, 0x0, 0x6e, 0x4, 0xf0, 0x5,
    0x4f, 0x14, 0x20, 0x6, 0xe0, 0x4f, 0x1, 0xe3,
    0xf7, 0x87, 0x0, 0x6e, 0x8, 0xfd, 0xe8, 0xa8,
    0xff, 0x40, 0x6, 0xe0, 0xab, 0x61, 0x29, 0x9,
    0xa0, 0x0, 0x0, 0x0, 0x0, 0x0, 0x0, 0x0,
    0x0,

    /* U+4F5C "作" */
    0x0, 0x0, 0x61, 0x1, 0x30, 0x0, 0x0, 0x0,
    0x0, 0x6f, 0x20, 0x9e, 0x0, 0x0, 0x0, 0x0,
    0xd, 0xa0, 0x1f, 0x91, 0x11, 0x11, 0x0, 0x6,
    0xf3, 0x8, 0xff, 0xff, 0xff, 0xf6, 0x2, 0xff,
    0x3, 0xf9, 0x9f, 0x33, 0x33, 0x10, 0xdf, 0xf0,
    0xdd, 0x7, 0xf0, 0x0, 0x0, 0x4f, 0xbf, 0x2d,
    0x30, 0x7f, 0xff, 0xff, 0x0, 0x47, 0xf0, 0x0,
    0x7, 0xf5, 0x55, 0x50, 0x0, 0x7f, 0x0, 0x0,
    0x7f, 0x0, 0x0, 0x0, 0x7, 0xf0, 0x0, 0x7,
    0xf6, 0x66, 0x61, 0x0, 0x7f, 0x0, 0x0, 0x7f,
    0xee, 0xee, 0x30, 0x7, 0xf0, 0x0, 0x7, 0xf0,
    0x0, 0x0, 0x0, 0x7f, 0x0, 0x0, 0x7f, 0x0,
    0x0, 0x0, 0x7, 0xf0, 0x0, 0x7, 0xf0, 0x0,
    0x0, 0x0, 0x0, 0x0, 0x0, 0x0, 0x0, 0x0,
    0x0,

    /* U+4F60 "你" */
    0x0, 0x5, 0x50, 0x47, 0x0, 0x0, 0x0, 0x0,
    0x0, 0xe8, 0xb, 0xc0, 0x0, 0x0, 0x0, 0x0,
    0x6f, 0x10, 0xf7, 0x0, 0x0, 0x0, 0x0, 0xe,
    0x90, 0x6f, 0xff, 0xff, 0xff, 0xe1, 0xa, 0xf6,
    0x1e, 0xb5, 0x7f, 0x75, 0x9e, 0x7, 0xff, 0x69,
    0xf1, 0x3, 0xf2, 0x8, 0xb0, 0xba, 0xe6, 0x26,
    0x20, 0x3f, 0x22, 0x54, 0x2, 0xd, 0x60, 0xe,
    0x83, 0xf2, 0xca, 0x0, 0x0, 0xd6, 0x3, 0xf3,
    0x3f, 0x26, 0xf1, 0x0, 0xd, 0x60, 0x9e, 0x3,
    0xf2, 0xf, 0x70, 0x0, 0xd6, 0x2f, 0x60, 0x3f,
    0x20, 0xbb, 0x0, 0xd, 0x64, 0xc0, 0x3, 0xf2,
    0x6, 0xb0, 0x0, 0xd6, 0x0, 0x5, 0x8f, 0x20,
    0x0, 0x0, 0xd, 0x60, 0x0, 0xaf, 0xb0, 0x0,
    0x0, 0x0, 0x0, 0x0, 0x0, 0x0, 0x0, 0x0,
    0x0,

    /* U+4FA7 "侧" */
    0x0, 0x0, 0x0, 0x0, 0x0, 0x0, 0x0, 0x0,
    0x7, 0xa0, 0x0, 0x0, 0x0, 0x1, 0xf0, 0x0,
    0xb8, 0xef, 0xff, 0xf4, 0x0, 0x1f, 0x0, 0xf,
    0x5e, 0x30, 0xd, 0x43, 0xd1, 0xf0, 0x5, 0xf2,
    0xe3, 0xd2, 0xc4, 0x3d, 0x1f, 0x0, 0xcf, 0x2e,
    0x3d, 0x2c, 0x43, 0xd1, 0xf0, 0x3f, 0xf2, 0xe3,
    0xd2, 0xc4, 0x3d, 0x1f, 0x6, 0xcf, 0x2e, 0x3d,
    0x2c, 0x43, 0xd1, 0xf0, 0x2, 0xf2, 0xe3, 0xd2,
    0xc4, 0x3d, 0x1f, 0x0, 0xf, 0x2e, 0x3d, 0x2c,
    0x43, 0xd1, 0xf0, 0x0, 0xf2, 0xe3, 0xe1, 0xc4,
    0x3d, 0x1f, 0x0, 0xf, 0x2c, 0x4e, 0xa, 0x43,
    0xc1, 0xf0, 0x0, 0xf2, 0x8, 0x9a, 0x30, 0x0,
    0x1f, 0x0, 0xf, 0x25, 0xe1, 0x4f, 0x30, 0x24,
    0xf0, 0x0, 0xf3, 0xd3, 0x0, 0x76, 0x9, 0xfa,
    0x0, 0x0, 0x0, 0x0, 0x0, 0x0, 0x0, 0x0,

    /* U+4FDD "保" */
    0x0, 0x0, 0x81, 0x0, 0x0, 0x0, 0x0, 0x0,
    0x0, 0x7f, 0x4f, 0xff, 0xff, 0xff, 0x70, 0x0,
    0xe, 0x93, 0xf4, 0x33, 0x33, 0xf7, 0x0, 0x7,
    0xf1, 0x3f, 0x10, 0x0, 0xe, 0x70, 0x2, 0xfe,
    0x3, 0xf5, 0x33, 0x33, 0xf7, 0x1, 0xdf, 0xe0,
    0x3f, 0xff, 0xff, 0xff, 0x70, 0x6f, 0x9e, 0x0,
    0x0, 0x1f, 0x40, 0x0, 0x0, 0x46, 0xe1, 0x44,
    0x46, 0xf8, 0x44, 0x41, 0x0, 0x6e, 0x3f, 0xff,
    0xff, 0xff, 0xff, 0x30, 0x6, 0xe0, 0x0, 0x5f,
    0xff, 0x70, 0x0, 0x0, 0x6e, 0x0, 0x4f, 0x8f,
    0x8f, 0x40, 0x0, 0x6, 0xe0, 0x7f, 0x91, 0xf4,
    0x7f, 0x70, 0x0, 0x6e, 0x7f, 0x70, 0x1f, 0x40,
    0x7f, 0x60, 0x6, 0xe0, 0x30, 0x1, 0xf4, 0x0,
    0x30, 0x0, 0x0, 0x0, 0x0, 0x0, 0x0, 0x0,
    0x0,

    /* U+4FE1 "信" */
    0x0, 0x1, 0x50, 0x0, 0x34, 0x0, 0x0, 0x0,
    0x0, 0x9d, 0x0, 0x6, 0xf1, 0x0, 0x0, 0x0,
    0xf, 0x72, 0x22, 0x3d, 0x52, 0x22, 0x0, 0x7,
    0xf3, 0xff, 0xff, 0xff, 0xff, 0xf4, 0x2, 0xfe,
    0x0, 0x0, 0x0, 0x0, 0x0, 0x0, 0xcf, 0xe0,
    0xf, 0xff, 0xff, 0xff, 0x20, 0x2f, 0x8e, 0x0,
    0x11, 0x11, 0x11, 0x10, 0x0, 0x25, 0xe0, 0xf,
    0xff, 0xff, 0xff, 0x20, 0x0, 0x5e, 0x0, 0x11,
    0x11, 0x11, 0x10, 0x0, 0x5, 0xe0, 0x3e, 0xee,
    0xee, 0xee, 0x40, 0x0, 0x5e, 0x4, 0xf3, 0x33,
    0x33, 0xf4, 0x0, 0x5, 0xe0, 0x4e, 0x0, 0x0,
    0xe, 0x40, 0x0, 0x5e, 0x4, 0xf4, 0x44, 0x44,
    0xf4, 0x0, 0x5, 0xe0, 0x4f, 0xdd, 0xdd, 0xde,
    0x40,

    /* U+5019 "候" */
    0x0, 0x5, 0x40, 0x0, 0x0, 0x0, 0x0, 0x0,
    0x0, 0xf7, 0x0, 0xef, 0xff, 0xff, 0x10, 0x0,
    0x6f, 0x10, 0x2, 0x22, 0x28, 0xf0, 0x0, 0xc,
    0x93, 0x94, 0x66, 0x66, 0xce, 0x62, 0x6, 0xf6,
    0x5d, 0x7c, 0xdb, 0xbb, 0xbb, 0x41, 0xff, 0x65,
    0xd0, 0x6e, 0x0, 0x0, 0x0, 0x5e, 0xf6, 0x5d,
    0xc, 0xfe, 0xee, 0xee, 0x0, 0x4e, 0x65, 0xd6,
    0xe4, 0x9f, 0x33, 0x30, 0x0, 0xe6, 0x5d, 0x45,
    0x7, 0xe0, 0x0, 0x0, 0xe, 0x65, 0xda, 0xff,
    0xff, 0xff, 0xf7, 0x0, 0xe6, 0x5d, 0x12, 0x2e,
    0xf6, 0x22, 0x10, 0xe, 0x60, 0x0, 0x8, 0xe9,
    0xe3, 0x0, 0x0, 0xe6, 0x0, 0x4c, 0xf3, 0xa,
    0xfa, 0x40, 0xe, 0x60, 0xb, 0xa1, 0x0, 0x5,
    0xb3, 0x0, 0x0, 0x0, 0x0, 0x0, 0x0, 0x0,
    0x0,

    /* U+5047 "假" */
    0x0, 0x7, 0x10, 0x0, 0x0, 0x0, 0x0, 0x0,
    0x4, 0xf6, 0xff, 0xff, 0x6f, 0xff, 0xd0, 0x0,
    0x9c, 0x4f, 0x24, 0xf1, 0x22, 0x8d, 0x0, 0xe,
    0x84, 0xf0, 0x2f, 0x0, 0x6, 0xd0, 0x7, 0xf6,
    0x4f, 0x25, 0xf1, 0x33, 0x8d, 0x1, 0xef, 0x64,
    0xff, 0xff, 0x6f, 0xff, 0xd0, 0x5f, 0xf6, 0x4f,
    0x0, 0x3, 0x44, 0x43, 0x0, 0x3e, 0x64, 0xfe,
    0xeb, 0xae, 0xcd, 0xe0, 0x0, 0xe6, 0x4f, 0x33,
    0x25, 0xc0, 0xaa, 0x0, 0xe, 0x64, 0xf0, 0x0,
    0xe, 0x4f, 0x50, 0x0, 0xe6, 0x4f, 0xff, 0xe0,
    0x8f, 0xd0, 0x0, 0xe, 0x64, 0xf3, 0x33, 0x8,
    0xf9, 0x0, 0x0, 0xe6, 0x4f, 0x0, 0x3b, 0xe8,
    0xfa, 0x20, 0xe, 0x64, 0xf0, 0xc, 0xa1, 0x3,
    0xc4, 0x0, 0x0, 0x0, 0x0, 0x0, 0x0, 0x0,
    0x0,

    /* U+504F "偏" */
    0x0, 0x0, 0x62, 0x0, 0x17, 0x0, 0x0, 0x0,
    0x0, 0x3f, 0x40, 0x1, 0xf6, 0x0, 0x0, 0x0,
    0xb, 0xc5, 0xff, 0xff, 0xff, 0xfe, 0x0, 0x3,
    0xf3, 0x5e, 0x11, 0x11, 0x18, 0xe0, 0x0, 0xde,
    0x5, 0xe2, 0x22, 0x22, 0x8e, 0x0, 0xaf, 0xe0,
    0x5f, 0xff, 0xff, 0xff, 0xe0, 0x4f, 0xce, 0x6,
    0xe2, 0x22, 0x22, 0x22, 0x0, 0x66, 0xe0, 0x7c,
    0xff, 0xff, 0xff, 0xf1, 0x0, 0x6e, 0x8, 0xbf,
    0xe, 0xe, 0xf, 0x10, 0x6, 0xe0, 0xaa, 0xf2,
    0xe2, 0xe1, 0xf1, 0x0, 0x6e, 0xd, 0x8f, 0xff,
    0xff, 0xff, 0x10, 0x6, 0xe1, 0xf4, 0xf0, 0xe0,
    0xe0, 0xf1, 0x0, 0x6e, 0x7f, 0x1f, 0xe, 0xe,
    0x2f, 0x10, 0x6, 0xe4, 0x90, 0xf0, 0xc0, 0xca,
    0xb0,

    /* U+505A "做" */
    0x0, 0x0, 0x0, 0x0, 0x0, 0x10, 0x0, 0x0,
    0x1, 0xe3, 0x3f, 0x40, 0xc, 0x80, 0x0, 0x0,
    0x7f, 0x3, 0xf4, 0x0, 0xf5, 0x0, 0x0, 0xd,
    0xb0, 0x3f, 0x40, 0x2f, 0x20, 0x0, 0x3, 0xf8,
    0xff, 0xff, 0xf8, 0xff, 0xff, 0x50, 0xbf, 0x64,
    0x7f, 0x84, 0xbc, 0x3a, 0xb1, 0x5f, 0xf5, 0x3,
    0xf4, 0x1f, 0xc0, 0xb7, 0xa, 0xce, 0x50, 0x3f,
    0x47, 0xef, 0xd, 0x40, 0x31, 0xe5, 0xcf, 0xff,
    0xe4, 0xe4, 0xf2, 0x0, 0xe, 0x5d, 0x83, 0x7e,
    0x9, 0xdd, 0x0, 0x0, 0xe5, 0xd5, 0x4, 0xe0,
    0x5f, 0x70, 0x0, 0xe, 0x5d, 0x50, 0x4e, 0x5,
    0xf6, 0x0, 0x0, 0xe5, 0xde, 0xde, 0xe2, 0xec,
    0xe1, 0x0, 0xe, 0x5d, 0x95, 0x58, 0xea, 0xc,
    0xd2, 0x0, 0xe5, 0x62, 0x0, 0x79, 0x0, 0x1b,
    0x10,

    /* U+505C "停" */
    0x0, 0x1, 0x10, 0x0, 0x23, 0x0, 0x0, 0x0,
    0x0, 0xad, 0x11, 0x19, 0xe2, 0x11, 0x10, 0x0,
    0x2f, 0x6f, 0xff, 0xff, 0xff, 0xff, 0x10, 0x9,
    0xd0, 0x14, 0x44, 0x44, 0x44, 0x0, 0x4, 0xf6,
    0x1, 0xfb, 0xbb, 0xbd, 0xe0, 0x1, 0xef, 0x50,
    0x1f, 0x43, 0x33, 0x8e, 0x0, 0x9e, 0xf5, 0x1,
    0xbb, 0xbb, 0xbb, 0xa0, 0x2, 0x3e, 0x53, 0x99,
    0x99, 0x99, 0x99, 0x91, 0x0, 0xe5, 0x5e, 0x55,
    0x55, 0x55, 0x7f, 0x10, 0xe, 0x54, 0xbc, 0xcc,
    0xcc, 0xca, 0xd1, 0x0, 0xe5, 0x0, 0x44, 0x9f,
    0x44, 0x30, 0x0, 0xe, 0x50, 0x0, 0x6, 0xf0,
    0x0, 0x0, 0x0, 0xe5, 0x0, 0x13, 0x9f, 0x0,
    0x0, 0x0, 0xe, 0x50, 0x3, 0xfe, 0x90, 0x0,
    0x0,

    /* U+5148 "先" */
    0x0, 0x5, 0x60, 0x3f, 0x30, 0x0, 0x0, 0x0,
    0x0, 0xcb, 0x3, 0xf3, 0x0, 0x0, 0x0, 0x0,
    0x1f, 0xb5, 0x8f, 0x85, 0x55, 0x50, 0x0, 0x7,
    0xff, 0xff, 0xff, 0xff, 0xfe, 0x0, 0x1, 0xea,
    0x0, 0x3f, 0x30, 0x0, 0x0, 0x0, 0x4e, 0x10,
    0x3, 0xf3, 0x0, 0x0, 0x0, 0x4, 0x54, 0x44,
    0x7f, 0x74, 0x44, 0x44, 0x0, 0xff, 0xff, 0xff,
    0xff, 0xff, 0xff, 0xf1, 0x0, 0x0, 0x7f, 0x10,
    0x5f, 0x10, 0x0, 0x0, 0x0, 0x9, 0xd0, 0x5,
    0xf1, 0x0, 0x0, 0x0, 0x0, 0xf8, 0x0, 0x5f,
    0x10, 0x4, 0x0, 0x0, 0xaf, 0x20, 0x5, 0xf1,
    0x1, 0xf3, 0x4, 0xcf, 0x50, 0x0, 0x4f, 0x64,
    0x7f, 0x11, 0xed, 0x40, 0x0, 0x1, 0xdf, 0xff,
    0x90, 0x2, 0x0, 0x0, 0x0, 0x0, 0x0, 0x0,
    0x0,

    /* U+5149 "光" */
    0x0, 0x1, 0x0, 0x3f, 0x20, 0x2, 0x10, 0x0,
    0xc, 0xa0, 0x3, 0xf2, 0x0, 0xae, 0x0, 0x0,
    0x5f, 0x30, 0x3f, 0x20, 0x1f, 0x80, 0x0, 0x0,
    0xe9, 0x3, 0xf2, 0x8, 0xf1, 0x0, 0x0, 0x8,
    0xc0, 0x3f, 0x20, 0xd7, 0x0, 0x0, 0x0, 0x10,
    0x4, 0xf2, 0x0, 0x0, 0x0, 0x2f, 0xff, 0xff,
    0xff, 0xff, 0xff, 0xff, 0x20, 0x44, 0x48, 0xf6,
    0x48, 0xf5, 0x44, 0x40, 0x0, 0x0, 0x7f, 0x0,
    0x5f, 0x0, 0x0, 0x0, 0x0, 0xb, 0xd0, 0x5,
    0xf0, 0x0, 0x0, 0x0, 0x2, 0xf7, 0x0, 0x5f,
    0x0, 0x7, 0x10, 0x1, 0xee, 0x10, 0x5, 0xf0,
    0x0, 0xf5, 0x18, 0xfe, 0x20, 0x0, 0x4f, 0x64,
    0x6f, 0x21, 0xd9, 0x10, 0x0, 0x1, 0xdf, 0xff,
    0xa0, 0x0, 0x0, 0x0, 0x0, 0x0, 0x0, 0x0,
    0x0,

    /* U+514B "克" */
    0x0, 0x0, 0x0, 0x3f, 0x20, 0x0, 0x0, 0x0,
    0x22, 0x22, 0x26, 0xf4, 0x22, 0x22, 0x20, 0xe,
    0xff, 0xff, 0xff, 0xff, 0xff, 0xff, 0x0, 0x11,
    0x11, 0x14, 0xf3, 0x11, 0x11, 0x10, 0x0, 0x14,
    0x44, 0x7f, 0x64, 0x44, 0x10, 0x0, 0x4, 0xff,
    0xff, 0xff, 0xff, 0xf6, 0x0, 0x0, 0x4f, 0x0,
    0x0, 0x0, 0xf, 0x60, 0x0, 0x4, 0xf3, 0x22,
    0x22, 0x22, 0xf6, 0x0, 0x0, 0x4f, 0xff, 0xff,
    0xff, 0xff, 0x60, 0x0, 0x0, 0x14, 0xf5, 0x1a,
    0xd1, 0x10, 0x0, 0x0, 0x0, 0x8f, 0x10, 0x9c,
    0x0, 0x3, 0x0, 0x0, 0x4f, 0x90, 0x9, 0xc0,
    0x0, 0xf4, 0x5, 0xaf, 0xc1, 0x0, 0x9e, 0x54,
    0x6f, 0x21, 0xec, 0x70, 0x0, 0x4, 0xef, 0xff,
    0xa0, 0x0, 0x0, 0x0, 0x0, 0x0, 0x0, 0x0,
    0x0,

    /* U+5165 "入" */
    0x0, 0x0, 0x1, 0x0, 0x0, 0x0, 0x0, 0x0,
    0x0, 0x6, 0xe3, 0x0, 0x0, 0x0, 0x0, 0x0,
    0x0, 0x1c, 0xf2, 0x0, 0x0, 0x0, 0x0, 0x0,
    0x0, 0x1d, 0xd0, 0x0, 0x0, 0x0, 0x0, 0x0,
    0x0, 0x7f, 0x70, 0x0, 0x0, 0x0, 0x0, 0x0,
    0xb, 0xff, 0x10, 0x0, 0x0, 0x0, 0x0, 0x0,
    0xfa, 0xea, 0x0, 0x0, 0x0, 0x0, 0x0, 0x6f,
    0x36, 0xf3, 0x0, 0x0, 0x0, 0x0, 0xe, 0xd0,
    0xd, 0xc0, 0x0, 0x0, 0x0, 0x8, 0xf4, 0x0,
    0x5f, 0x60, 0x0, 0x0, 0x5, 0xfa, 0x0, 0x0,
    0xcf, 0x30, 0x0, 0x5, 0xfd, 0x0, 0x0, 0x1,
    0xee, 0x40, 0x1a, 0xfd, 0x10, 0x0, 0x0, 0x3,
    0xef, 0x40, 0xaa, 0x0, 0x0, 0x0, 0x0, 0x2,
    0xc0, 0x0, 0x0, 0x0, 0x0, 0x0, 0x0, 0x0,
    0x0,

    /* U+5168 "全" */
    0x0, 0x0, 0x0, 0x8, 0x20, 0x0, 0x0, 0x0,
    0x0, 0x0, 0x9, 0xfa, 0x0, 0x0, 0x0, 0x0,
    0x0, 0x9, 0xf8, 0xfa, 0x0, 0x0, 0x0, 0x0,
    0xa, 0xf5, 0x4, 0xfc, 0x10, 0x0, 0x0, 0x3d,
    0xe4, 0x0, 0x3, 0xde, 0x60, 0x2, 0xaf, 0xd4,
    0x22, 0x22, 0x23, 0xdf, 0xc3, 0x1d, 0x6f, 0xff,
    0xff, 0xff, 0xff, 0x7e, 0x30, 0x0, 0x11, 0x14,
    0xf5, 0x11, 0x10, 0x0, 0x0, 0x0, 0x0, 0x3f,
    0x40, 0x0, 0x0, 0x0, 0x0, 0xcf, 0xff, 0xff,
    0xff, 0xf0, 0x0, 0x0, 0x3, 0x44, 0x6f, 0x74,
    0x44, 0x0, 0x0, 0x0, 0x0, 0x3, 0xf4, 0x0,
    0x0, 0x0, 0x3, 0x33, 0x33, 0x6f, 0x73, 0x33,
    0x33, 0x0, 0xcf, 0xff, 0xff, 0xff, 0xff, 0xff,
    0xe0,

    /* U+516C "公" */
    0x0, 0x0, 0x0, 0x0, 0x1, 0x0, 0x0, 0x0,
    0x0, 0xa, 0xe0, 0x1, 0xf8, 0x0, 0x0, 0x0,
    0x3, 0xf8, 0x0, 0x7, 0xf3, 0x0, 0x0, 0x0,
    0xbe, 0x10, 0x0, 0xd, 0xd0, 0x0, 0x0, 0x6f,
    0x70, 0x0, 0x0, 0x3f, 0xb0, 0x0, 0x4f, 0xb0,
    0x8, 0xc1, 0x0, 0x6f, 0xa0, 0xd, 0xd1, 0x1,
    0xfc, 0x0, 0x0, 0x9f, 0x20, 0x11, 0x0, 0xaf,
    0x20, 0x0, 0x0, 0x20, 0x0, 0x0, 0x3f, 0x80,
    0x4, 0x60, 0x0, 0x0, 0x0, 0xd, 0xd0, 0x0,
    0x8f, 0x40, 0x0, 0x0, 0xa, 0xf2, 0x0, 0x0,
    0xce, 0x10, 0x0, 0x9, 0xfc, 0x89, 0xab, 0xce,
    0xfa, 0x0, 0x0, 0xdf, 0xfe, 0xdb, 0xa9, 0x8a,
    0xf4, 0x0, 0x2, 0x10, 0x0, 0x0, 0x0, 0xd,
    0x70, 0x0, 0x0, 0x0, 0x0, 0x0, 0x0, 0x0,
    0x0,

    /* U+5171 "共" */
    0x0, 0x0, 0xd8, 0x0, 0x8, 0xe0, 0x0, 0x0,
    0x0, 0xd, 0x80, 0x0, 0x8e, 0x0, 0x0, 0x0,
    0x0, 0xd8, 0x0, 0x8, 0xe0, 0x0, 0x0, 0x46,
    0x6e, 0xb6, 0x66, 0xbe, 0x66, 0x40, 0xa, 0xff,
    0xff, 0xff, 0xff, 0xff, 0xfb, 0x0, 0x0, 0xd,
    0x80, 0x0, 0x8e, 0x0, 0x0, 0x0, 0x0, 0xd8,
    0x0, 0x8, 0xe0, 0x0, 0x0, 0x0, 0xd, 0x80,
    0x0, 0x8e, 0x0, 0x0, 0x3f, 0xff, 0xff, 0xff,
    0xff, 0xff, 0xff, 0x41, 0x66, 0x66, 0x66, 0x66,
    0x66, 0x66, 0x61, 0x0, 0x0, 0x89, 0x0, 0x1a,
    0x70, 0x0, 0x0, 0x0, 0x9f, 0x70, 0x0, 0x7f,
    0xb1, 0x0, 0x3, 0xdf, 0x60, 0x0, 0x0, 0x4e,
    0xd2, 0x0, 0xad, 0x30, 0x0, 0x0, 0x0, 0x2d,
    0xa0, 0x0, 0x0, 0x0, 0x0, 0x0, 0x0, 0x0,
    0x0,

    /* U+5173 "关" */
    0x0, 0x0, 0x30, 0x0, 0x0, 0x42, 0x0, 0x0,
    0x0, 0x7f, 0x20, 0x0, 0xe, 0xb0, 0x0, 0x0,
    0x0, 0xdb, 0x0, 0x7, 0xf2, 0x0, 0x0, 0x6,
    0x6a, 0xc7, 0x67, 0xfc, 0x66, 0x10, 0x0, 0xff,
    0xff, 0xff, 0xff, 0xff, 0xf3, 0x0, 0x0, 0x0,
    0x3, 0xf6, 0x0, 0x0, 0x0, 0x0, 0x0, 0x0,
    0x3f, 0x60, 0x0, 0x0, 0x0, 0xee, 0xee, 0xef,
    0xff, 0xee, 0xee, 0xe0, 0x6, 0x77, 0x77, 0xdf,
    0xf7, 0x77, 0x77, 0x0, 0x0, 0x0, 0x2f, 0xdf,
    0x70, 0x0, 0x0, 0x0, 0x0, 0x2e, 0xf3, 0x6f,
    0x70, 0x0, 0x0, 0x0, 0x8f, 0xf4, 0x0, 0x8f,
    0xb2, 0x0, 0x19, 0xff, 0xb2, 0x0, 0x0, 0x7f,
    0xfc, 0x20, 0xaa, 0x30, 0x0, 0x0, 0x0, 0x18,
    0xa0,

    /* U+5185 "内" */
    0x0, 0x0, 0x2, 0xf4, 0x0, 0x0, 0x0, 0x0,
    0x0, 0x2f, 0x40, 0x0, 0x0, 0x0, 0x0, 0x3,
    0xf5, 0x0, 0x0, 0x7, 0xff, 0xff, 0xff, 0xff,
    0xff, 0xf8, 0x7f, 0x44, 0x46, 0xf6, 0x44, 0x4e,
    0x87, 0xe0, 0x0, 0x5f, 0x10, 0x0, 0xd8, 0x7e,
    0x0, 0x9, 0xf7, 0x0, 0xd, 0x87, 0xe0, 0x2,
    0xfb, 0xf8, 0x0, 0xd8, 0x7e, 0x0, 0xcd, 0x5,
    0xf9, 0xd, 0x87, 0xe3, 0xde, 0x30, 0x5, 0xf8,
    0xd8, 0x7e, 0x6c, 0x20, 0x0, 0x7, 0x4d, 0x87,
    0xe0, 0x0, 0x0, 0x0, 0x0, 0xd8, 0x7e, 0x0,
    0x0, 0x0, 0x26, 0x6f, 0x77, 0xe0, 0x0, 0x0,
    0x2, 0xff, 0xc2,

    /* U+518D "再" */
    0x9, 0xff, 0xff, 0xff, 0xff, 0xff, 0xff, 0x0,
    0x24, 0x44, 0x45, 0xf8, 0x44, 0x44, 0x40, 0x0,
    0x12, 0x22, 0x3f, 0x72, 0x22, 0x20, 0x0, 0x6,
    0xff, 0xff, 0xff, 0xff, 0xfd, 0x0, 0x0, 0x6f,
    0x11, 0x1f, 0x61, 0x18, 0xd0, 0x0, 0x6, 0xf3,
    0x34, 0xf7, 0x33, 0xad, 0x0, 0x0, 0x6f, 0xff,
    0xff, 0xff, 0xff, 0xd0, 0x0, 0x6, 0xe0, 0x0,
    0xf5, 0x0, 0x8d, 0x0, 0x16, 0xaf, 0x66, 0x6f,
    0x96, 0x6b, 0xe6, 0x42, 0xde, 0xfd, 0xdd, 0xdd,
    0xdd, 0xff, 0xd8, 0x0, 0x6e, 0x0, 0x0, 0x0,
    0x8, 0xd0, 0x0, 0x6, 0xe0, 0x0, 0x0, 0x44,
    0xbd, 0x0, 0x0, 0x6e, 0x0, 0x0, 0xb, 0xfe,
    0x70, 0x0,

    /* U+51B3 "决" */
    0x0, 0x10, 0x0, 0x0, 0xac, 0x0, 0x0, 0x0,
    0xcb, 0x0, 0x0, 0xa, 0xc0, 0x0, 0x0, 0x4,
    0xf7, 0x2, 0x44, 0xcd, 0x44, 0x41, 0x0, 0x8,
    0xf2, 0x9f, 0xff, 0xff, 0xff, 0x30, 0x0, 0x8,
    0x0, 0x0, 0xad, 0x2, 0xf3, 0x0, 0x0, 0x0,
    0x0, 0xa, 0xc0, 0x2f, 0x30, 0x0, 0x0, 0x0,
    0x0, 0xbc, 0x2, 0xf3, 0x0, 0x0, 0x21, 0xff,
    0xff, 0xff, 0xff, 0xf9, 0x0, 0x1f, 0x45, 0x56,
    0xff, 0xc5, 0x55, 0x30, 0x9, 0xe0, 0x0, 0x6f,
    0x9f, 0x10, 0x0, 0x1, 0xf7, 0x0, 0x1e, 0xb0,
    0xea, 0x0, 0x0, 0xae, 0x0, 0x1c, 0xf2, 0x5,
    0xf9, 0x0, 0xe, 0x70, 0x5e, 0xf3, 0x0, 0x7,
    0xfd, 0x40, 0x10, 0x8, 0xb2, 0x0, 0x0, 0x4,
    0xc3, 0x0, 0x0, 0x0, 0x0, 0x0, 0x0, 0x0,
    0x0,

    /* U+51B7 "冷" */
    0x0, 0x0, 0x0, 0x0, 0x59, 0x0, 0x0, 0x1,
    0xe6, 0x0, 0x0, 0x1e, 0xf3, 0x0, 0x0, 0x9,
    0xe1, 0x0, 0xb, 0xeb, 0xe1, 0x0, 0x0, 0x1f,
    0x90, 0xa, 0xf3, 0xd, 0xd1, 0x0, 0x0, 0x76,
    0x2d, 0xf5, 0x51, 0x2e, 0xe4, 0x0, 0x0, 0x1e,
    0xe4, 0xb, 0xd1, 0x2d, 0xf2, 0x0, 0x0, 0x51,
    0x0, 0x19, 0x10, 0x15, 0x0, 0x3, 0x30, 0x8d,
    0xdd, 0xdd, 0xdc, 0x10, 0x0, 0xad, 0x4, 0x66,
    0x66, 0x7f, 0xb0, 0x0, 0x1f, 0x70, 0x0, 0x0,
    0xc, 0xe1, 0x0, 0x7, 0xf1, 0x0, 0x5b, 0x2a,
    0xf3, 0x0, 0x0, 0xea, 0x0, 0x1, 0xbf, 0xf4,
    0x0, 0x0, 0x3f, 0x40, 0x0, 0x0, 0x7f, 0xb1,
    0x0, 0x0, 0x10, 0x0, 0x0, 0x0, 0x3c, 0x10,
    0x0,

    /* U+5206 "分" */
    0x0, 0x0, 0x11, 0x0, 0x1, 0x10, 0x0, 0x0,
    0x0, 0xa, 0xf1, 0x0, 0xe9, 0x0, 0x0, 0x0,
    0x3, 0xf8, 0x0, 0x5, 0xf3, 0x0, 0x0, 0x0,
    0xcf, 0x10, 0x0, 0xc, 0xe1, 0x0, 0x0, 0x7f,
    0x50, 0x0, 0x0, 0x1e, 0xc0, 0x0, 0x7f, 0xa0,
    0x0, 0x0, 0x0, 0x5f, 0xb0, 0x1e, 0xcf, 0xff,
    0xff, 0xff, 0xff, 0x9e, 0x10, 0x10, 0x55, 0xaf,
    0x55, 0x58, 0xf2, 0x0, 0x0, 0x0, 0xb, 0xc0,
    0x0, 0x6f, 0x10, 0x0, 0x0, 0x1, 0xf8, 0x0,
    0x7, 0xf0, 0x0, 0x0, 0x0, 0x8f, 0x10, 0x0,
    0x8e, 0x0, 0x0, 0x0, 0x7f, 0x80, 0x0, 0xa,
    0xd0, 0x0, 0x4, 0xbf, 0xa0, 0x4, 0x56, 0xfa,
    0x0, 0x0, 0xad, 0x50, 0x0, 0x6f, 0xfd, 0x20,
    0x0, 0x0, 0x0, 0x0, 0x0, 0x0, 0x0, 0x0,
    0x0,

    /* U+5207 "切" */
    0x0, 0xe6, 0x0, 0x45, 0x55, 0x55, 0x55, 0x0,
    0xe6, 0x0, 0xdf, 0xff, 0xff, 0xfe, 0x0, 0xe6,
    0x0, 0x0, 0xba, 0x0, 0x8e, 0x3, 0xfc, 0xcf,
    0x40, 0xc9, 0x0, 0x8e, 0xaf, 0xfc, 0x74, 0x0,
    0xd9, 0x0, 0x9d, 0x21, 0xe6, 0x0, 0x0, 0xe7,
    0x0, 0x9c, 0x0, 0xe6, 0x0, 0x1, 0xf5, 0x0,
    0xac, 0x0, 0xe6, 0x0, 0x14, 0xf2, 0x0, 0xbb,
    0x0, 0xe9, 0x9f, 0x69, 0xe0, 0x0, 0xca, 0x4,
    0xff, 0xd5, 0x2f, 0x70, 0x0, 0xd9, 0x4, 0xc4,
    0x0, 0xaf, 0x10, 0x0, 0xf7, 0x0, 0x0, 0xa,
    0xf6, 0x5, 0x5a, 0xf3, 0x0, 0x0, 0x2e, 0x70,
    0x9, 0xff, 0x90, 0x0, 0x0, 0x0, 0x0, 0x0,
    0x0, 0x0,

    /* U+5217 "列" */
    0x0, 0x0, 0x0, 0x0, 0x0, 0x0, 0x7e, 0x1f,
    0xff, 0xff, 0xff, 0x80, 0x0, 0x7e, 0x5, 0x5f,
    0xa5, 0x55, 0x28, 0xc0, 0x7e, 0x0, 0x3f, 0x30,
    0x0, 0x8, 0xd0, 0x7e, 0x0, 0x8f, 0xba, 0xaa,
    0x18, 0xd0, 0x7e, 0x0, 0xdc, 0xaa, 0xcf, 0x8,
    0xd0, 0x7e, 0x7, 0xf2, 0x0, 0xab, 0x8, 0xd0,
    0x7e, 0x1f, 0xa4, 0x0, 0xf7, 0x8, 0xd0, 0x7e,
    0x8, 0x2f, 0xc6, 0xf2, 0x8, 0xd0, 0x7e, 0x0,
    0x3, 0xef, 0xa0, 0x8, 0xd0, 0x7e, 0x0, 0x0,
    0x9f, 0x20, 0x4, 0x60, 0x7e, 0x0, 0x7, 0xf5,
    0x0, 0x0, 0x0, 0x7e, 0x3, 0xcf, 0x70, 0x0,
    0x0, 0x35, 0xbe, 0x8, 0xd3, 0x0, 0x0, 0x0,
    0x5f, 0xe7, 0x0, 0x0, 0x0, 0x0, 0x0, 0x0,
    0x0,

    /* U+5230 "到" */
    0x0, 0x0, 0x0, 0x0, 0x0, 0x0, 0x6e, 0xe,
    0xff, 0xff, 0xff, 0xc0, 0x0, 0x6e, 0x3, 0x3f,
    0xa3, 0x73, 0x27, 0xe0, 0x6e, 0x0, 0x6f, 0x13,
    0xf4, 0x7, 0xe0, 0x6e, 0x1, 0xe9, 0x34, 0xce,
    0x7, 0xe0, 0x6e, 0x7, 0xff, 0xff, 0xdf, 0x77,
    0xe0, 0x6e, 0x1, 0x42, 0x53, 0x4, 0x27, 0xe0,
    0x6e, 0x0, 0x0, 0xb9, 0x0, 0x7, 0xe0, 0x6e,
    0x7, 0xcc, 0xfe, 0xcc, 0x57, 0xe0, 0x6e, 0x4,
    0x77, 0xdc, 0x77, 0x37, 0xe0, 0x6e, 0x0, 0x0,
    0xb9, 0x0, 0x7, 0xd0, 0x6e, 0x0, 0x0, 0xcc,
    0x8b, 0x80, 0x0, 0x6e, 0xb, 0xef, 0xfd, 0xa7,
    0x30, 0x35, 0xae, 0x7, 0x63, 0x0, 0x0, 0x0,
    0x7f, 0xe7, 0x0, 0x0, 0x0, 0x0, 0x0, 0x0,
    0x0,

    /* U+5236 "制" */
    0x0, 0x81, 0xc8, 0x0, 0x0, 0x0, 0x5c, 0x4,
    0xf2, 0xc8, 0x0, 0x0, 0x40, 0x6e, 0x8, 0xf8,
    0xec, 0x77, 0x31, 0xf3, 0x6e, 0xe, 0xdc, 0xfe,
    0xcc, 0x51, 0xf3, 0x6e, 0x3f, 0x20, 0xc8, 0x0,
    0x1, 0xf3, 0x6e, 0x4e, 0xdd, 0xff, 0xdd, 0xd1,
    0xf3, 0x6e, 0x16, 0x66, 0xdb, 0x66, 0x61, 0xf3,
    0x6e, 0x2, 0x44, 0xda, 0x44, 0x21, 0xf3, 0x6e,
    0xa, 0xff, 0xff, 0xff, 0x81, 0xf3, 0x6e, 0xa,
    0x90, 0xc8, 0xb, 0x81, 0xf3, 0x6e, 0xa, 0x90,
    0xc8, 0xb, 0x80, 0x0, 0x6e, 0xa, 0x90, 0xc8,
    0x2c, 0x80, 0x0, 0x6e, 0xa, 0x90, 0xc8, 0xdf,
    0x40, 0x36, 0xbd, 0x0, 0x0, 0xc8, 0x0, 0x0,
    0x5f, 0xe7, 0x0, 0x0, 0x0, 0x0, 0x0, 0x0,
    0x0,

    /* U+5237 "刷" */
    0x0, 0x0, 0x0, 0x0, 0x0, 0x0, 0x5f, 0x5,
    0xff, 0xff, 0xff, 0xe0, 0x40, 0x5f, 0x5, 0xf3,
    0x33, 0x38, 0xe2, 0xf0, 0x5f, 0x5, 0xe0, 0x0,
    0x6, 0xe2, 0xf0, 0x5f, 0x5, 0xff, 0xff, 0xff,
    0xe2, 0xf0, 0x5f, 0x5, 0xf4, 0x4f, 0x74, 0x42,
    0xf0, 0x5f, 0x5, 0xe3, 0x3f, 0x73, 0x32, 0xf0,
    0x5f, 0x6, 0xef, 0xff, 0xff, 0xf2, 0xf0, 0x5f,
    0x7, 0xdf, 0xe, 0x41, 0xf2, 0xf0, 0x5f, 0x8,
    0xbf, 0xe, 0x41, 0xf2, 0xf0, 0x5f, 0xa, 0x9f,
    0xe, 0x41, 0xf0, 0x30, 0x5f, 0xe, 0x6f, 0xe,
    0x8d, 0xe0, 0x0, 0x5f, 0x3f, 0x15, 0xe, 0x44,
    0x10, 0x26, 0xae, 0x6, 0x0, 0xe, 0x40, 0x0,
    0x3f, 0xe7,

    /* U+523B "刻" */
    0x0, 0x0, 0x10, 0x0, 0x0, 0x0, 0x0, 0x0,
    0x1, 0xf6, 0x0, 0x0, 0x0, 0x7e, 0x0, 0x0,
    0xbc, 0x0, 0x0, 0x0, 0x7e, 0x2d, 0xdd, 0xef,
    0xdd, 0xd1, 0xf3, 0x7e, 0x16, 0x6c, 0xe7, 0x66,
    0x61, 0xf3, 0x7e, 0x0, 0x4f, 0x40, 0x58, 0x1,
    0xf3, 0x7e, 0x5, 0xfa, 0x45, 0xe7, 0x1, 0xf3,
    0x7e, 0xa, 0xff, 0xef, 0xc0, 0x1, 0xf3, 0x7e,
    0x1, 0x0, 0xbe, 0x18, 0x91, 0xf3, 0x7e, 0x0,
    0x2d, 0xd2, 0x4f, 0x41, 0xf3, 0x7e, 0x8, 0xfc,
    0x13, 0xf8, 0x1, 0xf3, 0x7e, 0x6, 0x60, 0x5f,
    0xf2, 0x0, 0x51, 0x7e, 0x0, 0x9, 0xf9, 0xbe,
    0x30, 0x0, 0x7e, 0x7, 0xef, 0x50, 0xa, 0xe0,
    0x34, 0xae, 0xb, 0x91, 0x0, 0x0, 0x20, 0x8f,
    0xe7, 0x0, 0x0, 0x0, 0x0, 0x0, 0x0, 0x0,

    /* U+524D "前" */
    0x0, 0x4, 0x50, 0x0, 0x0, 0x56, 0x0, 0x0,
    0x0, 0x8f, 0x30, 0x0, 0x1e, 0xa0, 0x0, 0x4,
    0x45, 0xfa, 0x44, 0x4a, 0xf6, 0x44, 0x2, 0xff,
    0xff, 0xff, 0xff, 0xff, 0xff, 0xf2, 0x0, 0x0,
    0x0, 0x0, 0x0, 0x0, 0x30, 0x0, 0x4f, 0xff,
    0xff, 0x51, 0xe2, 0x1f, 0x40, 0x4, 0xf2, 0x22,
    0xf5, 0x1f, 0x31, 0xf4, 0x0, 0x4f, 0xa9, 0xaf,
    0x51, 0xf3, 0x1f, 0x40, 0x4, 0xf7, 0x67, 0xf5,
    0x1f, 0x31, 0xf4, 0x0, 0x4f, 0x44, 0x4f, 0x51,
    0xf3, 0x1f, 0x40, 0x4, 0xfc, 0xcc, 0xf5, 0x1f,
    0x31, 0xf4, 0x0, 0x4f, 0x0, 0xf, 0x50, 0x20,
    0x1f, 0x40, 0x4, 0xf0, 0x13, 0xf5, 0x1, 0x46,
    0xf3, 0x0, 0x4f, 0x8, 0xfd, 0x10, 0xf, 0xfb,
    0x0, 0x0, 0x0, 0x0, 0x0, 0x0, 0x0, 0x0,
    0x0,

    /* U+529F "功" */
    0x0, 0x0, 0x0, 0x0, 0x3f, 0x20, 0x0, 0x0,
    0x33, 0x33, 0x30, 0x3, 0xf2, 0x0, 0x0, 0x3f,
    0xff, 0xff, 0x40, 0x3f, 0x20, 0x0, 0x1, 0x57,
    0xf8, 0x54, 0x47, 0xf6, 0x44, 0x40, 0x0, 0x2f,
    0x30, 0x8f, 0xff, 0xff, 0xff, 0x0, 0x2, 0xf3,
    0x0, 0x6, 0xf1, 0x6, 0xf0, 0x0, 0x2f, 0x30,
    0x0, 0x7e, 0x0, 0x6f, 0x0, 0x2, 0xf3, 0x0,
    0x9, 0xc0, 0x7, 0xe0, 0x0, 0x2f, 0x32, 0x20,
    0xe9, 0x0, 0x8d, 0x0, 0x27, 0xff, 0xf9, 0x3f,
    0x40, 0x9, 0xc0, 0x5f, 0xfc, 0x83, 0xc, 0xe0,
    0x0, 0xbb, 0x1, 0x51, 0x0, 0x7, 0xf5, 0x0,
    0xd, 0x90, 0x0, 0x0, 0x9, 0xfa, 0x3, 0x57,
    0xf6, 0x0, 0x0, 0x1, 0xd7, 0x0, 0x7f, 0xfb,
    0x0, 0x0, 0x0, 0x0, 0x0, 0x0, 0x0, 0x0,
    0x0,

    /* U+52A8 "动" */
    0x0, 0x0, 0x0, 0x0, 0x6, 0xf0, 0x0, 0x0,
    0x24, 0x44, 0x44, 0x0, 0x6f, 0x0, 0x0, 0x8,
    0xff, 0xff, 0xf3, 0x6, 0xf0, 0x0, 0x0, 0x0,
    0x0, 0x0, 0x13, 0x8f, 0x33, 0x30, 0x0, 0x0,
    0x0, 0x5, 0xff, 0xff, 0xff, 0x31, 0xff, 0xff,
    0xff, 0x70, 0x8d, 0x3, 0xf2, 0x4, 0x7f, 0x74,
    0x42, 0x9, 0xc0, 0x3f, 0x20, 0x6, 0xe0, 0x33,
    0x0, 0xba, 0x4, 0xf1, 0x0, 0xb9, 0x7, 0xc0,
    0xe, 0x70, 0x5f, 0x0, 0xf, 0x40, 0x2f, 0x21,
    0xf4, 0x6, 0xf0, 0x6, 0xf8, 0xcf, 0xf7, 0x7f,
    0x0, 0x7e, 0x0, 0xcf, 0xd8, 0x48, 0x9e, 0x90,
    0x9, 0xd0, 0x3, 0x10, 0x0, 0xa, 0xf3, 0x55,
    0xea, 0x0, 0x0, 0x0, 0x0, 0xb6, 0xe, 0xfd,
    0x30, 0x0, 0x0, 0x0, 0x0, 0x0, 0x0, 0x0,
    0x0,

    /* U+533A "区" */
    0x7f, 0xff, 0xff, 0xff, 0xff, 0xff, 0xf0, 0x7f,
    0x55, 0x55, 0x55, 0x55, 0x55, 0x50, 0x7e, 0x1,
    0x20, 0x0, 0x6, 0xc1, 0x0, 0x7e, 0xa, 0xf4,
    0x0, 0x2f, 0x90, 0x0, 0x7e, 0x0, 0xaf, 0x60,
    0xcd, 0x0, 0x0, 0x7e, 0x0, 0x8, 0xfc, 0xf2,
    0x0, 0x0, 0x7e, 0x0, 0x0, 0xbf, 0xc0, 0x0,
    0x0, 0x7e, 0x0, 0x9, 0xfa, 0xfa, 0x0, 0x0,
    0x7e, 0x1, 0xbf, 0x60, 0x5f, 0xa0, 0x0, 0x7e,
    0x2e, 0xe4, 0x0, 0x6, 0xf7, 0x0, 0x7e, 0x7,
    0x10, 0x0, 0x0, 0x61, 0x0, 0x7f, 0x55, 0x55,
    0x55, 0x55, 0x55, 0x52, 0x6f, 0xff, 0xff, 0xff,
    0xff, 0xff, 0xf5,

    /* U+5355 "单" */
    0x0, 0x0, 0x50, 0x0, 0x0, 0x42, 0x0, 0x0,
    0x0, 0x3f, 0x70, 0x0, 0x2f, 0x90, 0x0, 0x0,
    0x0, 0x8e, 0x10, 0xb, 0xe1, 0x0, 0x0, 0xc,
    0xff, 0xff, 0xff, 0xff, 0xfe, 0x0, 0x0, 0xca,
    0x11, 0x5f, 0x41, 0x18, 0xe0, 0x0, 0xc, 0xb5,
    0x57, 0xf7, 0x55, 0xae, 0x0, 0x0, 0xce, 0xcc,
    0xdf, 0xcc, 0xce, 0xe0, 0x0, 0xc, 0x91, 0x15,
    0xf4, 0x11, 0x8e, 0x0, 0x0, 0xcf, 0xff, 0xff,
    0xff, 0xff, 0xe0, 0x0, 0x0, 0x0, 0x4, 0xf3,
    0x0, 0x0, 0x0, 0x2e, 0xee, 0xee, 0xff, 0xee,
    0xee, 0xee, 0x20, 0x55, 0x55, 0x58, 0xf7, 0x55,
    0x55, 0x51, 0x0, 0x0, 0x0, 0x3f, 0x20, 0x0,
    0x0, 0x0, 0x0, 0x0, 0x3, 0xf2, 0x0, 0x0,
    0x0,

    /* U+5360 "占" */
    0x0, 0x0, 0x8e, 0x0, 0x0, 0x0, 0x0, 0x0,
    0x8e, 0x0, 0x0, 0x0, 0x0, 0x0, 0x8e, 0x0,
    0x0, 0x0, 0x0, 0x0, 0x8f, 0xff, 0xff, 0xfc,
    0x0, 0x0, 0x8f, 0x55, 0x55, 0x54, 0x0, 0x0,
    0x8e, 0x0, 0x0, 0x0, 0x0, 0x0, 0x8e, 0x0,
    0x0, 0x0, 0xef, 0xff, 0xff, 0xff, 0xff, 0x70,
    0xea, 0x55, 0x55, 0x55, 0x5f, 0x70, 0xe6, 0x0,
    0x0, 0x0, 0xe, 0x70, 0xe6, 0x0, 0x0, 0x0,
    0xe, 0x70, 0xe7, 0x0, 0x0, 0x0, 0xe, 0x70,
    0xef, 0xff, 0xff, 0xff, 0xff, 0x70, 0xe9, 0x44,
    0x44, 0x44, 0x4d, 0x70,

    /* U+5361 "卡" */
    0x0, 0x0, 0x0, 0x9d, 0x0, 0x0, 0x0, 0x0,
    0x0, 0x0, 0x9, 0xd0, 0x0, 0x0, 0x0, 0x0,
    0x0, 0x0, 0x9e, 0x66, 0x66, 0x40, 0x0, 0x0,
    0x0, 0x9, 0xfe, 0xee, 0xeb, 0x0, 0x0, 0x0,
    0x0, 0x9d, 0x0, 0x0, 0x0, 0x0, 0x33, 0x33,
    0x3a, 0xe3, 0x33, 0x33, 0x30, 0x2f, 0xff, 0xff,
    0xff, 0xff, 0xff, 0xff, 0x30, 0x22, 0x22, 0x29,
    0xe2, 0x22, 0x22, 0x20, 0x0, 0x0, 0x0, 0x8e,
    0x31, 0x0, 0x0, 0x0, 0x0, 0x0, 0x8, 0xec,
    0xfb, 0x50, 0x0, 0x0, 0x0, 0x0, 0x8e, 0x4,
    0xbf, 0xe4, 0x0, 0x0, 0x0, 0x8, 0xe0, 0x0,
    0x29, 0x10, 0x0, 0x0, 0x0, 0x8e, 0x0, 0x0,
    0x0, 0x0, 0x0, 0x0, 0x8, 0xe0, 0x0, 0x0,
    0x0,

    /* U+538B "压" */
    0x4, 0xff, 0xff, 0xff, 0xff, 0xff, 0xff, 0x50,
    0x4f, 0x55, 0x55, 0x56, 0x55, 0x55, 0x51, 0x4,
    0xf0, 0x0, 0x2, 0xf4, 0x0, 0x0, 0x0, 0x4f,
    0x0, 0x0, 0x2f, 0x40, 0x0, 0x0, 0x4, 0xf0,
    0x0, 0x2, 0xf4, 0x0, 0x0, 0x0, 0x5f, 0x1f,
    0xff, 0xff, 0xff, 0xff, 0x80, 0x5, 0xf0, 0x55,
    0x57, 0xf8, 0x55, 0x53, 0x0, 0x6e, 0x0, 0x0,
    0x2f, 0x45, 0x80, 0x0, 0x7, 0xd0, 0x0, 0x2,
    0xf4, 0x2e, 0x90, 0x0, 0xaa, 0x0, 0x0, 0x2f,
    0x40, 0x3d, 0x10, 0xd, 0x70, 0x0, 0x2, 0xf4,
    0x0, 0x0, 0x3, 0xf3, 0xff, 0xff, 0xff, 0xff,
    0xff, 0xf3, 0x2a, 0x5, 0x55, 0x55, 0x55, 0x55,
    0x55, 0x10,

    /* U+53CA "及" */
    0x9, 0xff, 0xff, 0xff, 0xff, 0x90, 0x0, 0x0,
    0x46, 0x7f, 0xa6, 0x67, 0xf6, 0x0, 0x0, 0x0,
    0x1, 0xf7, 0x0, 0x4f, 0x20, 0x0, 0x0, 0x0,
    0x2f, 0xd0, 0x8, 0xf3, 0x33, 0x0, 0x0, 0x2,
    0xff, 0x30, 0xcf, 0xff, 0xf7, 0x0, 0x0, 0x5f,
    0xf9, 0x1, 0x11, 0x6f, 0x10, 0x0, 0x8, 0xf7,
    0xf1, 0x0, 0xd, 0xb0, 0x0, 0x0, 0xcc, 0xd,
    0xb0, 0x5, 0xf4, 0x0, 0x0, 0x3f, 0x70, 0x4f,
    0x92, 0xf9, 0x0, 0x0, 0xa, 0xf1, 0x0, 0x7f,
    0xfd, 0x0, 0x0, 0x6, 0xf8, 0x0, 0x7, 0xff,
    0xd5, 0x0, 0x2, 0xfd, 0x2, 0x7d, 0xf8, 0x4d,
    0xfd, 0x81, 0xb, 0x20, 0x6f, 0x92, 0x0, 0x5,
    0xbd, 0x0, 0x0, 0x0, 0x0, 0x0, 0x0, 0x0,
    0x0,

    /* U+53D1 "发" */
    0x0, 0x1, 0x0, 0x38, 0x10, 0x12, 0x0, 0x0,
    0x0, 0xe9, 0x7, 0xf1, 0xa, 0xe1, 0x0, 0x0,
    0x4f, 0x30, 0xaf, 0x0, 0xc, 0xb0, 0x0, 0xc,
    0xe4, 0x4d, 0xd4, 0x44, 0x65, 0x40, 0x2, 0xff,
    0xff, 0xff, 0xff, 0xff, 0xff, 0x0, 0x2, 0x0,
    0x7f, 0x40, 0x0, 0x0, 0x0, 0x0, 0x0, 0xd,
    0xf6, 0x66, 0x66, 0x30, 0x0, 0x0, 0x4, 0xff,
    0xff, 0xff, 0xf9, 0x0, 0x0, 0x0, 0xdf, 0xf2,
    0x0, 0x6f, 0x20, 0x0, 0x0, 0x9f, 0x5b, 0xd0,
    0x2f, 0x90, 0x0, 0x0, 0x8f, 0x80, 0x1e, 0xbe,
    0xc0, 0x0, 0x1, 0xbf, 0x90, 0x0, 0x9f, 0xf6,
    0x0, 0x0, 0x2e, 0x60, 0x27, 0xef, 0x9b, 0xfd,
    0x62, 0x0, 0x0, 0x2f, 0xe9, 0x20, 0x4, 0xbf,
    0xf3, 0x0, 0x0, 0x20, 0x0, 0x0, 0x0, 0x3,
    0x0,

    /* U+53D8 "变" */
    0x0, 0x0, 0x0, 0x49, 0x0, 0x0, 0x0, 0x0,
    0x11, 0x11, 0x14, 0xf7, 0x11, 0x11, 0x10, 0xe,
    0xff, 0xff, 0xff, 0xff, 0xff, 0xfe, 0x0, 0x12,
    0x52, 0xf8, 0x18, 0xf2, 0x31, 0x10, 0x0, 0x4f,
    0x2f, 0x70, 0x7e, 0x6e, 0x30, 0x0, 0x2e, 0x90,
    0xf7, 0x7, 0xe0, 0x9e, 0x20, 0x6, 0xb0, 0xf,
    0x70, 0x7e, 0x0, 0xb7, 0x0, 0x2, 0x22, 0x95,
    0x25, 0x92, 0x10, 0x0, 0x0, 0xff, 0xff, 0xff,
    0xff, 0xff, 0x30, 0x0, 0x0, 0x7f, 0x40, 0x0,
    0x4f, 0x90, 0x0, 0x0, 0x0, 0x8f, 0x60, 0x6f,
    0xa0, 0x0, 0x0, 0x0, 0x0, 0x6f, 0xef, 0x70,
    0x0, 0x0, 0x2, 0x47, 0xcf, 0xea, 0xef, 0xb7,
    0x42, 0x0, 0xef, 0xc9, 0x40, 0x0, 0x4a, 0xdf,
    0xe1, 0x1, 0x0, 0x0, 0x0, 0x0, 0x0, 0x1,
    0x0,

    /* U+53E3 "口" */
    0x1, 0x11, 0x11, 0x11, 0x11, 0x11, 0x2, 0xff,
    0xff, 0xff, 0xff, 0xff, 0xf1, 0x2f, 0x85, 0x55,
    0x55, 0x55, 0x9f, 0x12, 0xf4, 0x0, 0x0, 0x0,
    0x6, 0xf1, 0x2f, 0x40, 0x0, 0x0, 0x0, 0x6f,
    0x12, 0xf4, 0x0, 0x0, 0x0, 0x6, 0xf1, 0x2f,
    0x40, 0x0, 0x0, 0x0, 0x6f, 0x12, 0xf4, 0x0,
    0x0, 0x0, 0x6, 0xf1, 0x2f, 0x40, 0x0, 0x0,
    0x0, 0x6f, 0x12, 0xf4, 0x0, 0x0, 0x0, 0x6,
    0xf1, 0x2f, 0xff, 0xff, 0xff, 0xff, 0xff, 0x12,
    0xf9, 0x77, 0x77, 0x77, 0x7b, 0xf1, 0x2f, 0x40,
    0x0, 0x0, 0x0, 0x6e, 0x10,

    /* U+53EA "只" */
    0x0, 0x25, 0x55, 0x55, 0x55, 0x55, 0x50, 0x0,
    0x7, 0xff, 0xff, 0xff, 0xff, 0xfe, 0x0, 0x0,
    0x7e, 0x0, 0x0, 0x0, 0x9, 0xe0, 0x0, 0x7,
    0xe0, 0x0, 0x0, 0x0, 0x9e, 0x0, 0x0, 0x7e,
    0x0, 0x0, 0x0, 0x9, 0xe0, 0x0, 0x7, 0xe0,
    0x0, 0x0, 0x0, 0x9e, 0x0, 0x0, 0x7f, 0xff,
    0xff, 0xff, 0xff, 0xe0, 0x0, 0x2, 0x55, 0x55,
    0x55, 0x55, 0x55, 0x0, 0x0, 0x0, 0x3, 0x0,
    0x1, 0x30, 0x0, 0x0, 0x0, 0xa, 0xf3, 0x0,
    0xaf, 0x50, 0x0, 0x0, 0xa, 0xf5, 0x0, 0x0,
    0x9f, 0x80, 0x0, 0x3d, 0xf5, 0x0, 0x0, 0x0,
    0x7f, 0x90, 0xa, 0xd2, 0x0, 0x0, 0x0, 0x0,
    0x7d, 0x10, 0x0, 0x0, 0x0, 0x0, 0x0, 0x0,
    0x0,

    /* U+53EF "可" */
    0x6, 0x66, 0x66, 0x66, 0x66, 0x66, 0x66, 0x12,
    0xff, 0xff, 0xff, 0xff, 0xff, 0xff, 0xf2, 0x0,
    0x0, 0x0, 0x0, 0x0, 0xf, 0x60, 0x0, 0x2,
    0x22, 0x22, 0x21, 0x0, 0xf6, 0x0, 0x0, 0xaf,
    0xff, 0xff, 0x70, 0xf, 0x60, 0x0, 0xa, 0xb1,
    0x11, 0xe7, 0x0, 0xf6, 0x0, 0x0, 0xaa, 0x0,
    0xd, 0x70, 0xf, 0x60, 0x0, 0xa, 0xa0, 0x0,
    0xd7, 0x0, 0xf6, 0x0, 0x0, 0xaf, 0xff, 0xff,
    0x70, 0xf, 0x60, 0x0, 0xa, 0xc5, 0x55, 0x52,
    0x0, 0xf6, 0x0, 0x0, 0x66, 0x0, 0x0, 0x0,
    0xf, 0x60, 0x0, 0x0, 0x0, 0x0, 0x17, 0x78,
    0xf5, 0x0, 0x0, 0x0, 0x0, 0x0, 0xdf, 0xea,
    0x10, 0x0,

    /* U+53F0 "台" */
    0x0, 0x0, 0x28, 0x10, 0x0, 0x0, 0x0, 0x0,
    0xc, 0xe1, 0x0, 0x0, 0x0, 0x0, 0x8, 0xf3,
    0x0, 0xb7, 0x0, 0x0, 0x6, 0xf5, 0x0, 0x5,
    0xf7, 0x0, 0x5, 0xf6, 0x1, 0x22, 0x3a, 0xf7,
    0x4, 0xff, 0xff, 0xff, 0xff, 0xff, 0xf4, 0x18,
    0x65, 0x43, 0x22, 0x10, 0xc, 0x80, 0x13, 0x33,
    0x33, 0x33, 0x33, 0x10, 0x5, 0xff, 0xff, 0xff,
    0xff, 0xf5, 0x0, 0x5f, 0x21, 0x11, 0x11, 0x3f,
    0x50, 0x5, 0xf0, 0x0, 0x0, 0x1, 0xf5, 0x0,
    0x5f, 0x0, 0x0, 0x0, 0x1f, 0x50, 0x5, 0xff,
    0xff, 0xff, 0xff, 0xf5, 0x0, 0x5f, 0x66, 0x66,
    0x66, 0x7f, 0x50,

    /* U+53F3 "右" */
    0x0, 0x0, 0x0, 0x82, 0x0, 0x0, 0x0, 0x0,
    0x0, 0x0, 0x4f, 0x30, 0x0, 0x0, 0x0, 0x0,
    0x0, 0x8, 0xf0, 0x0, 0x0, 0x0, 0x0, 0xff,
    0xff, 0xff, 0xff, 0xff, 0xff, 0xf0, 0x6, 0x66,
    0x9f, 0x86, 0x66, 0x66, 0x66, 0x0, 0x0, 0xc,
    0xd0, 0x0, 0x0, 0x0, 0x0, 0x0, 0x4, 0xf5,
    0x0, 0x0, 0x0, 0x0, 0x0, 0x0, 0xdf, 0xff,
    0xff, 0xff, 0xff, 0x0, 0x0, 0xcf, 0xfa, 0x66,
    0x66, 0x6a, 0xf0, 0x0, 0xcf, 0x4f, 0x60, 0x0,
    0x0, 0x7f, 0x0, 0x3f, 0x30, 0xf6, 0x0, 0x0,
    0x7, 0xf0, 0x0, 0x10, 0xf, 0x60, 0x0, 0x0,
    0x7f, 0x0, 0x0, 0x0, 0xff, 0xff, 0xff, 0xff,
    0xf0, 0x0, 0x0, 0xf, 0x95, 0x55, 0x55, 0x9e,
    0x0,

    /* U+5408 "合" */
    0x0, 0x0, 0x0, 0x8, 0x60, 0x0, 0x0, 0x0,
    0x0, 0x0, 0x6, 0xfb, 0x0, 0x0, 0x0, 0x0,
    0x0, 0x7, 0xfb, 0xfb, 0x10, 0x0, 0x0, 0x0,
    0x1a, 0xf6, 0x4, 0xfd, 0x30, 0x0, 0x0, 0x6e,
    0xf4, 0x0, 0x2, 0xdf, 0xb3, 0x2, 0xef, 0xdf,
    0xff, 0xff, 0xff, 0xaf, 0xf4, 0x7, 0x41, 0x55,
    0x55, 0x55, 0x51, 0x16, 0x0, 0x0, 0x0, 0x0,
    0x0, 0x0, 0x0, 0x0, 0x0, 0x1f, 0xff, 0xff,
    0xff, 0xff, 0x40, 0x0, 0x1, 0xf8, 0x44, 0x44,
    0x46, 0xf4, 0x0, 0x0, 0x1f, 0x50, 0x0, 0x0,
    0x2f, 0x40, 0x0, 0x1, 0xf5, 0x0, 0x0, 0x2,
    0xf4, 0x0, 0x0, 0x1f, 0xff, 0xff, 0xff, 0xff,
    0x40, 0x0, 0x1, 0xf8, 0x55, 0x55, 0x57, 0xe4,
    0x0,

    /* U+540C "同" */
    0xef, 0xff, 0xff, 0xff, 0xff, 0xff, 0x6e, 0x94,
    0x44, 0x44, 0x44, 0x44, 0xf6, 0xe7, 0x12, 0x22,
    0x22, 0x22, 0xe, 0x6e, 0x77, 0xff, 0xff, 0xff,
    0xf0, 0xe6, 0xe7, 0x0, 0x0, 0x0, 0x0, 0xe,
    0x6e, 0x70, 0x9d, 0xdd, 0xdd, 0x30, 0xe6, 0xe7,
    0xb, 0xb5, 0x55, 0xf4, 0xe, 0x6e, 0x70, 0xb9,
    0x0, 0xf, 0x40, 0xe6, 0xe7, 0xb, 0x90, 0x0,
    0xf4, 0xe, 0x6e, 0x70, 0xbf, 0xff, 0xff, 0x40,
    0xe6, 0xe7, 0xb, 0xa3, 0x33, 0x31, 0xe, 0x6e,
    0x70, 0x0, 0x0, 0x0, 0x56, 0xf6, 0xe7, 0x0,
    0x0, 0x0, 0xd, 0xfc, 0x10,

    /* U+540E "后" */
    0x0, 0x0, 0x0, 0x0, 0x0, 0x14, 0x20, 0x0,
    0x3, 0x46, 0x78, 0xac, 0xef, 0xfc, 0x0, 0x0,
    0xdf, 0xec, 0xb9, 0x86, 0x31, 0x0, 0x0, 0xd,
    0x90, 0x0, 0x0, 0x0, 0x0, 0x0, 0x0, 0xdb,
    0x55, 0x55, 0x55, 0x55, 0x55, 0x10, 0xd, 0xff,
    0xff, 0xff, 0xff, 0xff, 0xf3, 0x0, 0xe9, 0x0,
    0x0, 0x0, 0x0, 0x0, 0x0, 0xf, 0x81, 0x33,
    0x33, 0x33, 0x33, 0x0, 0x0, 0xf6, 0x5f, 0xff,
    0xff, 0xff, 0xf3, 0x0, 0x2f, 0x45, 0xf1, 0x0,
    0x0, 0x4f, 0x30, 0x6, 0xf1, 0x5f, 0x0, 0x0,
    0x4, 0xf3, 0x0, 0xbc, 0x5, 0xf0, 0x0, 0x0,
    0x4f, 0x30, 0x4f, 0x60, 0x5f, 0xff, 0xff, 0xff,
    0xf3, 0x3, 0xb0, 0x5, 0xf6, 0x55, 0x55, 0x8f,
    0x30, 0x0, 0x0, 0x0, 0x0, 0x0, 0x0, 0x0,
    0x0,

    /* U+542B "含" */
    0x0, 0x0, 0x0, 0x7, 0x20, 0x0, 0x0, 0x0,
    0x0, 0x0, 0x9, 0xf9, 0x0, 0x0, 0x0, 0x0,
    0x0, 0x1b, 0xf8, 0xe9, 0x0, 0x0, 0x0, 0x0,
    0x6e, 0xe5, 0x12, 0xdd, 0x50, 0x0, 0x17, 0xdf,
    0xb1, 0xae, 0x40, 0xaf, 0xe8, 0x21, 0xeb, 0x30,
    0x0, 0x8a, 0x0, 0x29, 0xe1, 0x0, 0x2f, 0xff,
    0xff, 0xff, 0xfa, 0x0, 0x0, 0x0, 0x44, 0x44,
    0x44, 0xcf, 0x20, 0x0, 0x0, 0x0, 0x0, 0x0,
    0x7f, 0x40, 0x0, 0x0, 0x5, 0xff, 0xff, 0xff,
    0xff, 0xf5, 0x0, 0x0, 0x6f, 0x33, 0x33, 0x33,
    0x5f, 0x50, 0x0, 0x6, 0xf0, 0x0, 0x0, 0x1,
    0xf5, 0x0, 0x0, 0x6f, 0xee, 0xee, 0xee, 0xef,
    0x50, 0x0, 0x6, 0xf4, 0x44, 0x44, 0x45, 0xf5,
    0x0,

    /* U+542C "听" */
    0x0, 0x0, 0x0, 0x0, 0x0, 0x24, 0x0, 0x33,
    0x33, 0x10, 0x15, 0x8d, 0xfe, 0x30, 0xef, 0xff,
    0x60, 0xff, 0xb8, 0x40, 0x0, 0xe7, 0x1f, 0x60,
    0xf7, 0x0, 0x0, 0x0, 0xe6, 0xf, 0x60, 0xf7,
    0x0, 0x0, 0x0, 0xe6, 0xf, 0x60, 0xff, 0xff,
    0xff, 0xf1, 0xe6, 0xf, 0x60, 0xfa, 0x67, 0xfa,
    0x60, 0xe6, 0xf, 0x61, 0xf5, 0x0, 0xf5, 0x0,
    0xe6, 0xf, 0x63, 0xf3, 0x0, 0xf5, 0x0, 0xef,
    0xff, 0x64, 0xf1, 0x0, 0xf5, 0x0, 0xea, 0x66,
    0x28, 0xf0, 0x0, 0xf5, 0x0, 0xa4, 0x0, 0xd,
    0xa0, 0x0, 0xf5, 0x0, 0x0, 0x0, 0x5f, 0x40,
    0x0, 0xf5, 0x0, 0x0, 0x0, 0x5b, 0x0, 0x0,
    0xf5, 0x0, 0x0, 0x0, 0x0, 0x0, 0x0, 0x0,
    0x0,

    /* U+548C "和" */
    0x0, 0x0, 0x1, 0x40, 0x0, 0x0, 0x0, 0x3,
    0x69, 0xdf, 0xe2, 0x22, 0x22, 0x21, 0xa, 0xcb,
    0xf4, 0x0, 0xff, 0xff, 0xf7, 0x0, 0x4, 0xf1,
    0x0, 0xf5, 0x22, 0xe7, 0x2, 0x26, 0xf4, 0x21,
    0xf4, 0x0, 0xe7, 0x1f, 0xff, 0xff, 0xf8, 0xf4,
    0x0, 0xe7, 0x1, 0x1d, 0xf5, 0x11, 0xf4, 0x0,
    0xe7, 0x0, 0x4f, 0xfe, 0x20, 0xf4, 0x0, 0xe7,
    0x0, 0xcc, 0xfa, 0xd1, 0xf4, 0x0, 0xe7, 0x6,
    0xf5, 0xf2, 0xd4, 0xf4, 0x0, 0xe7, 0x2f, 0x74,
    0xf1, 0x10, 0xf4, 0x0, 0xe7, 0x2b, 0x4, 0xf1,
    0x0, 0xff, 0xff, 0xf7, 0x0, 0x4, 0xf1, 0x0,
    0xf7, 0x44, 0xf7, 0x0, 0x4, 0xf1, 0x0, 0x72,
    0x0, 0x53,

    /* U+5668 "器" */
    0x0, 0xff, 0xff, 0xa0, 0xcf, 0xff, 0xf1, 0x0,
    0xf, 0x52, 0xba, 0xc, 0x92, 0x5f, 0x10, 0x0,
    0xf3, 0xa, 0xa0, 0xc7, 0x3, 0xf1, 0x0, 0xf,
    0xff, 0xfa, 0xc, 0xff, 0xff, 0x10, 0x0, 0x33,
    0x33, 0xe7, 0x2a, 0xd5, 0x30, 0x0, 0x44, 0x44,
    0x9f, 0x64, 0x5c, 0xe4, 0x40, 0x2f, 0xff, 0xff,
    0xff, 0xff, 0xff, 0xff, 0x30, 0x0, 0x9f, 0x60,
    0x0, 0xae, 0x50, 0x0, 0x5, 0xdf, 0x94, 0x20,
    0x34, 0xcf, 0xc5, 0x3, 0xff, 0xff, 0xfa, 0xc,
    0xff, 0xff, 0xf3, 0x2, 0xf3, 0xa, 0xa0, 0xc8,
    0x3, 0xf3, 0x0, 0xf, 0x63, 0xba, 0xc, 0x93,
    0x6f, 0x10, 0x0, 0xff, 0xfe, 0x90, 0xcf, 0xff,
    0xe1, 0x0,

    /* U+56DE "回" */
    0xef, 0xff, 0xff, 0xff, 0xff, 0xff, 0x9e, 0xb6,
    0x66, 0x66, 0x66, 0x66, 0xf9, 0xe8, 0x0, 0x0,
    0x0, 0x0, 0xe, 0x9e, 0x80, 0x44, 0x44, 0x44,
    0x10, 0xe9, 0xe8, 0xe, 0xfe, 0xee, 0xf3, 0xe,
    0x9e, 0x80, 0xe6, 0x0, 0x2f, 0x30, 0xe9, 0xe8,
    0xe, 0x60, 0x2, 0xf3, 0xe, 0x9e, 0x80, 0xe9,
    0x33, 0x5f, 0x30, 0xe9, 0xe8, 0xd, 0xff, 0xff,
    0xf3, 0xe, 0x9e, 0x80, 0x0, 0x0, 0x0, 0x0,
    0xe9, 0xe8, 0x0, 0x0, 0x0, 0x0, 0xe, 0x9e,
    0xff, 0xff, 0xff, 0xff, 0xff, 0xf9, 0xeb, 0x55,
    0x55, 0x55, 0x55, 0x5f, 0x90,

    /* U+56F4 "围" */
    0xef, 0xff, 0xff, 0xff, 0xff, 0xff, 0x6e, 0x73,
    0x33, 0x77, 0x33, 0x33, 0xf6, 0xe5, 0x22, 0x2b,
    0xb2, 0x22, 0xe, 0x6e, 0x5e, 0xff, 0xff, 0xff,
    0xf1, 0xe6, 0xe5, 0x2, 0x2b, 0xb2, 0x21, 0xe,
    0x6e, 0x55, 0xff, 0xff, 0xff, 0x80, 0xe6, 0xe5,
    0x0, 0xa, 0xa0, 0x0, 0xe, 0x6e, 0x7f, 0xff,
    0xff, 0xff, 0xf4, 0xe6, 0xe5, 0x11, 0x1a, 0xa1,
    0x2f, 0x2e, 0x6e, 0x50, 0x0, 0xaa, 0x7d, 0xd0,
    0xe6, 0xe5, 0x0, 0x7, 0x71, 0x20, 0xe, 0x6e,
    0xfe, 0xee, 0xee, 0xee, 0xee, 0xf6, 0xe8, 0x33,
    0x33, 0x33, 0x33, 0x3f, 0x60,

    /* U+56FA "固" */
    0x7f, 0xff, 0xff, 0xff, 0xff, 0xff, 0xf7, 0xf4,
    0x44, 0x46, 0x54, 0x44, 0xaf, 0x7e, 0x0, 0x0,
    0xd6, 0x0, 0x7, 0xf7, 0xe0, 0x33, 0x3e, 0x83,
    0x33, 0x7f, 0x7e, 0x2d, 0xdd, 0xfe, 0xdd, 0xa7,
    0xf7, 0xe0, 0x0, 0xd, 0x60, 0x0, 0x7f, 0x7e,
    0x4, 0xff, 0xff, 0xfe, 0x7, 0xf7, 0xe0, 0x4e,
    0x11, 0x16, 0xf0, 0x7f, 0x7e, 0x4, 0xe2, 0x22,
    0x6f, 0x7, 0xf7, 0xe0, 0x4e, 0xee, 0xee, 0xd0,
    0x7f, 0x7e, 0x0, 0x0, 0x0, 0x0, 0x7, 0xf7,
    0xff, 0xff, 0xff, 0xff, 0xff, 0xff, 0x7f, 0x55,
    0x55, 0x55, 0x55, 0x5a, 0xf0,

    /* U+56FE "图" */
    0xef, 0xff, 0xff, 0xff, 0xff, 0xff, 0x7e, 0x94,
    0x45, 0x94, 0x44, 0x44, 0xf7, 0xe6, 0x0, 0xcd,
    0x22, 0x21, 0xe, 0x7e, 0x61, 0xbf, 0xee, 0xef,
    0xc0, 0xe7, 0xe7, 0xdd, 0xe7, 0x1a, 0xd1, 0xe,
    0x7e, 0x63, 0x4, 0xff, 0xd1, 0x0, 0xe7, 0xe8,
    0x8d, 0xfa, 0x6b, 0xfc, 0x7e, 0x7e, 0x8b, 0x67,
    0xc8, 0x31, 0x64, 0xe7, 0xe6, 0x1, 0x12, 0x7d,
    0x30, 0xe, 0x7e, 0x60, 0xae, 0xec, 0x84, 0x0,
    0xe7, 0xe6, 0x0, 0x1, 0x48, 0xc2, 0xe, 0x7e,
    0xed, 0xdd, 0xdd, 0xdd, 0xdd, 0xf7, 0xea, 0x55,
    0x55, 0x55, 0x55, 0x5f, 0x70,

    /* U+5706 "圆" */
    0xef, 0xff, 0xff, 0xff, 0xff, 0xff, 0x7e, 0x82,
    0x22, 0x22, 0x22, 0x22, 0xe7, 0xe6, 0xf, 0xfe,
    0xee, 0xfe, 0xe, 0x7e, 0x60, 0xf6, 0x44, 0x48,
    0xe0, 0xe7, 0xe6, 0x8, 0x88, 0x88, 0x87, 0xe,
    0x7e, 0x64, 0xcc, 0xcc, 0xcc, 0xc2, 0xe7, 0xe6,
    0x5f, 0x44, 0x44, 0x4f, 0x2e, 0x7e, 0x65, 0xe0,
    0x3e, 0x0, 0xf2, 0xe7, 0xe6, 0x5e, 0x7, 0xe2,
    0xd, 0x2e, 0x7e, 0x60, 0x39, 0xf8, 0xfc, 0x40,
    0xe7, 0xe7, 0xef, 0xd4, 0x1, 0x8f, 0x7e, 0x7e,
    0x97, 0x64, 0x44, 0x44, 0x56, 0xf7, 0xee, 0xdd,
    0xdd, 0xdd, 0xdd, 0xdf, 0x70,

    /* U+5728 "在" */
    0x0, 0x0, 0x3, 0x60, 0x0, 0x0, 0x0, 0x0,
    0x0, 0x0, 0x9e, 0x0, 0x0, 0x0, 0x0, 0x5,
    0x55, 0x5e, 0xc5, 0x55, 0x55, 0x55, 0x0, 0xff,
    0xff, 0xff, 0xff, 0xff, 0xff, 0xf0, 0x0, 0x0,
    0xea, 0x0, 0x2, 0x0, 0x0, 0x0, 0x0, 0x8f,
    0x20, 0x2, 0xf4, 0x0, 0x0, 0x0, 0x3f, 0x90,
    0x0, 0x2f, 0x40, 0x0, 0x0, 0x3e, 0xf3, 0x26,
    0x68, 0xf9, 0x66, 0x30, 0x2e, 0xff, 0x34, 0xdd,
    0xef, 0xed, 0xd6, 0x1, 0xc5, 0xf3, 0x0, 0x2,
    0xf4, 0x0, 0x0, 0x0, 0x3f, 0x30, 0x0, 0x2f,
    0x40, 0x0, 0x0, 0x3, 0xf3, 0x0, 0x2, 0xf4,
    0x0, 0x0, 0x0, 0x3f, 0x34, 0x44, 0x6f, 0x84,
    0x44, 0x0, 0x3, 0xf3, 0xef, 0xff, 0xff, 0xff,
    0xf0,

    /* U+5730 "地" */
    0x0, 0x0, 0x0, 0x0, 0x1, 0x20, 0x0, 0x0,
    0x6, 0xe0, 0x0, 0x0, 0x5e, 0x0, 0x0, 0x0,
    0x6e, 0x0, 0x0, 0x5, 0xe0, 0x0, 0x0, 0x6,
    0xe0, 0x6, 0xe0, 0x5e, 0x0, 0x0, 0x0, 0x6e,
    0x0, 0x6e, 0x5, 0xe3, 0xbc, 0x3, 0xff, 0xff,
    0x96, 0xe0, 0x9f, 0xfe, 0xe0, 0x4, 0x8f, 0x42,
    0x6f, 0xef, 0xf2, 0x6e, 0x0, 0x6, 0xe0, 0xaf,
    0xf7, 0x7e, 0x6, 0xd0, 0x0, 0x6e, 0x6, 0xae,
    0x5, 0xe0, 0x7d, 0x0, 0x6, 0xe1, 0x26, 0xe0,
    0x5e, 0x8, 0xc0, 0x0, 0x7f, 0xfa, 0x6e, 0x5,
    0xe9, 0xf8, 0x3, 0xff, 0xc5, 0x6, 0xe0, 0x12,
    0x11, 0x74, 0x9, 0x30, 0x0, 0x6e, 0x0, 0x0,
    0xc, 0x70, 0x0, 0x0, 0x4, 0xf6, 0x43, 0x35,
    0xf4, 0x0, 0x0, 0x0, 0xb, 0xff, 0xff, 0xfa,
    0x0,

    /* U+573A "场" */
    0x0, 0x6e, 0x0, 0x0, 0x0, 0x0, 0x0, 0x0,
    0x6, 0xe0, 0x3f, 0xff, 0xff, 0xfa, 0x0, 0x0,
    0x6e, 0x1, 0x44, 0x48, 0xfd, 0x20, 0x0, 0x17,
    0xe1, 0x0, 0x5, 0xfb, 0x10, 0x0, 0x1f, 0xff,
    0xf7, 0x1a, 0xf6, 0x0, 0x0, 0x0, 0x38, 0xf3,
    0x2f, 0xff, 0xff, 0xff, 0xf3, 0x0, 0x6e, 0x0,
    0x55, 0xea, 0x9e, 0x7f, 0x20, 0x6, 0xe0, 0x0,
    0x4f, 0x1b, 0x94, 0xf1, 0x0, 0x6e, 0x0, 0x1d,
    0x81, 0xf3, 0x5f, 0x0, 0x6, 0xf8, 0x8d, 0xb0,
    0xab, 0x7, 0xe0, 0x17, 0xdf, 0xd7, 0x90, 0x3f,
    0x30, 0x9d, 0x1, 0xfa, 0x40, 0x0, 0x2e, 0x70,
    0xc, 0xa0, 0x1, 0x0, 0x0, 0x3e, 0xa0, 0x45,
    0xf7, 0x0, 0x0, 0x0, 0xa, 0x90, 0xc, 0xfc,
    0x10, 0x0, 0x0, 0x0, 0x0, 0x0, 0x0, 0x0,
    0x0,

    /* U+578B "型" */
    0x0, 0x0, 0x0, 0x0, 0x0, 0x0, 0xe6, 0x0,
    0x7f, 0xff, 0xff, 0xf3, 0xaa, 0xe, 0x60, 0x1,
    0x5f, 0x57, 0xf3, 0xa, 0xa0, 0xe6, 0x0, 0x2,
    0xf1, 0x4f, 0x0, 0xaa, 0xe, 0x60, 0xf, 0xff,
    0xff, 0xff, 0x8a, 0xa0, 0xe6, 0x0, 0x49, 0xe4,
    0x8f, 0x42, 0xaa, 0xe, 0x60, 0x0, 0xd9, 0x4,
    0xf0, 0x0, 0x0, 0xe6, 0x0, 0xbe, 0x10, 0x4f,
    0x0, 0xa, 0xdf, 0x40, 0x5, 0x10, 0x0, 0x5b,
    0x20, 0x35, 0x30, 0x0, 0x3, 0x55, 0x57, 0xf8,
    0x55, 0x53, 0x0, 0x0, 0xaf, 0xff, 0xff, 0xff,
    0xff, 0xa0, 0x0, 0x0, 0x0, 0x2, 0xf4, 0x0,
    0x0, 0x0, 0x16, 0x66, 0x66, 0x7f, 0x86, 0x66,
    0x66, 0x12, 0xee, 0xee, 0xee, 0xee, 0xee, 0xee,
    0xe2,

    /* U+57DF "域" */
    0x0, 0x0, 0x0, 0x0, 0x0, 0x20, 0x0, 0x0,
    0xe, 0x60, 0x0, 0x0, 0x3f, 0x4d, 0x10, 0x0,
    0xe6, 0x0, 0x0, 0x3, 0xf2, 0xcc, 0x0, 0xe,
    0x60, 0x44, 0x44, 0x7f, 0x56, 0xc0, 0x0, 0xe6,
    0x1f, 0xff, 0xff, 0xff, 0xff, 0x25, 0xdf, 0xe9,
    0x0, 0x0, 0x1f, 0x20, 0x0, 0x25, 0xf9, 0x3a,
    0xff, 0xf2, 0xf3, 0x7a, 0x0, 0xe, 0x60, 0xa7,
    0x2f, 0x1f, 0x5d, 0x80, 0x0, 0xe6, 0xa, 0x60,
    0xf1, 0xea, 0xf2, 0x0, 0xe, 0x61, 0xae, 0xdf,
    0x1c, 0xfb, 0x0, 0x0, 0xee, 0xe2, 0x33, 0x31,
    0xaf, 0x30, 0x3, 0xcf, 0xb3, 0x37, 0xbf, 0xbc,
    0xe0, 0x10, 0x3d, 0x40, 0x7f, 0xe9, 0x5b, 0xef,
    0x29, 0x40, 0x0, 0x1, 0x20, 0x1b, 0xd1, 0xbb,
    0xd3, 0x0, 0x0, 0x0, 0x1, 0xa1, 0x3, 0xec,
    0x0,

    /* U+5883 "境" */
    0x0, 0x0, 0x0, 0x0, 0x12, 0x0, 0x0, 0x0,
    0xe7, 0x0, 0x0, 0x9c, 0x0, 0x0, 0x0, 0xe7,
    0x2, 0x55, 0xaf, 0x55, 0x50, 0x0, 0xe7, 0x5,
    0xcd, 0xcc, 0xdc, 0xc0, 0x0, 0xe7, 0x0, 0x2f,
    0x10, 0x8b, 0x0, 0x6d, 0xfe, 0xba, 0xbf, 0xcb,
    0xfd, 0xb5, 0x36, 0xfa, 0x55, 0x66, 0x66, 0x66,
    0x62, 0x0, 0xe7, 0x3, 0xfe, 0xee, 0xef, 0xa0,
    0x0, 0xe7, 0x3, 0xf6, 0x55, 0x5c, 0xa0, 0x0,
    0xe7, 0x3, 0xf7, 0x66, 0x6c, 0xa0, 0x0, 0xeb,
    0xb3, 0xfd, 0xcc, 0xce, 0xa0, 0x4b, 0xff, 0x90,
    0x1e, 0x75, 0xf1, 0x10, 0x7e, 0x71, 0x0, 0x3f,
    0x24, 0xf0, 0x25, 0x10, 0x0, 0x4, 0xeb, 0x4,
    0xf1, 0x6c, 0x0, 0x0, 0x8f, 0x90, 0x1, 0xcf,
    0xf6, 0x0, 0x0, 0x1, 0x0, 0x0, 0x0, 0x0,

    /* U+58F0 "声" */
    0x0, 0x0, 0x0, 0x3f, 0x20, 0x0, 0x0, 0x3,
    0x33, 0x33, 0x6f, 0x53, 0x33, 0x33, 0xe, 0xff,
    0xff, 0xff, 0xff, 0xff, 0xfe, 0x0, 0x0, 0x0,
    0x3f, 0x20, 0x0, 0x0, 0x0, 0xee, 0xee, 0xff,
    0xfe, 0xee, 0xe3, 0x0, 0x11, 0x11, 0x11, 0x11,
    0x11, 0x10, 0x0, 0xaf, 0xff, 0xff, 0xff, 0xff,
    0xf0, 0x0, 0xbb, 0x22, 0x5f, 0x42, 0x28, 0xf0,
    0x0, 0xc9, 0x0, 0x3f, 0x20, 0x6, 0xf0, 0x0,
    0xee, 0xdd, 0xef, 0xdd, 0xde, 0xf0, 0x1, 0xf8,
    0x55, 0x55, 0x55, 0x59, 0xf0, 0x7, 0xf1, 0x0,
    0x0, 0x0, 0x0, 0x10, 0x2f, 0x90, 0x0, 0x0,
    0x0, 0x0, 0x0, 0x3c, 0x0, 0x0, 0x0, 0x0,
    0x0, 0x0, 0x0, 0x0, 0x0, 0x0, 0x0, 0x0,
    0x0,

    /* U+5907 "备" */
    0x0, 0x0, 0x5, 0x50, 0x0, 0x0, 0x0, 0x0,
    0x0, 0x4, 0xfa, 0x44, 0x44, 0x30, 0x0, 0x0,
    0x5, 0xff, 0xff, 0xff, 0xfe, 0x10, 0x0, 0x1a,
    0xff, 0x80, 0x0, 0xaf, 0x40, 0x0, 0x8, 0xd4,
    0x4e, 0xd7, 0xed, 0x30, 0x0, 0x0, 0x0, 0x3,
    0x9f, 0xff, 0xa4, 0x0, 0x0, 0x28, 0xbe, 0xfd,
    0x73, 0x7c, 0xff, 0xdb, 0x42, 0xdc, 0xb7, 0x43,
    0x33, 0x36, 0x9a, 0xb1, 0x0, 0x8f, 0xff, 0xff,
    0xff, 0xff, 0x80, 0x0, 0x8, 0xe0, 0x4, 0xf2,
    0x0, 0xf8, 0x0, 0x0, 0x8f, 0xff, 0xff, 0xff,
    0xff, 0x80, 0x0, 0x8, 0xe2, 0x25, 0xf4, 0x22,
    0xf8, 0x0, 0x0, 0x8f, 0x44, 0x7f, 0x64, 0x4f,
    0x80, 0x0, 0x8, 0xff, 0xff, 0xff, 0xff, 0xf7,
    0x0,

    /* U+590D "复" */
    0x0, 0x2, 0x50, 0x0, 0x0, 0x0, 0x0, 0x0,
    0x0, 0xdd, 0x22, 0x22, 0x22, 0x22, 0x10, 0x0,
    0x8f, 0xff, 0xff, 0xff, 0xff, 0xf8, 0x0, 0x8f,
    0x50, 0x0, 0x0, 0x0, 0x0, 0x0, 0x1f, 0x6e,
    0xfe, 0xee, 0xee, 0xef, 0x70, 0x0, 0x10, 0xe9,
    0x33, 0x33, 0x33, 0xf7, 0x0, 0x0, 0xe, 0xda,
    0xaa, 0xaa, 0xaf, 0x70, 0x0, 0x0, 0xec, 0x88,
    0x88, 0x88, 0xf7, 0x0, 0x0, 0x4, 0xce, 0x55,
    0x55, 0x55, 0x20, 0x0, 0x0, 0x8f, 0xff, 0xff,
    0xff, 0xe1, 0x0, 0x3, 0xde, 0xe9, 0x11, 0x19,
    0xf7, 0x0, 0x0, 0x29, 0x11, 0xbd, 0x8d, 0xe4,
    0x0, 0x0, 0x3, 0x58, 0xad, 0xfe, 0xfd, 0x97,
    0x53, 0x5, 0xff, 0xda, 0x61, 0x1, 0x6a, 0xce,
    0xe0, 0x1, 0x0, 0x0, 0x0, 0x0, 0x0, 0x0,
    0x0,

    /* U+5916 "外" */
    0x0, 0x0, 0x0, 0x0, 0x0, 0x0, 0x0, 0x0,
    0x0, 0xc8, 0x0, 0x0, 0xf7, 0x0, 0x0, 0x0,
    0x1f, 0x70, 0x0, 0xf, 0x70, 0x0, 0x0, 0x5,
    0xf8, 0x55, 0x40, 0xf7, 0x0, 0x0, 0x0, 0xaf,
    0xff, 0xfe, 0xf, 0x70, 0x0, 0x0, 0x1f, 0x80,
    0xc, 0xa0, 0xf7, 0x0, 0x0, 0x8, 0xf1, 0x1,
    0xf7, 0xf, 0xfa, 0x0, 0x2, 0xf9, 0x80, 0x5f,
    0x30, 0xfb, 0xfc, 0x0, 0x8, 0x3e, 0xdc, 0xd0,
    0xf, 0x73, 0xfc, 0x0, 0x0, 0x1c, 0xf7, 0x0,
    0xf7, 0x4, 0xe2, 0x0, 0x0, 0xcf, 0x0, 0xf,
    0x70, 0x0, 0x0, 0x0, 0x9f, 0x50, 0x0, 0xf7,
    0x0, 0x0, 0x0, 0x8f, 0x90, 0x0, 0xf, 0x70,
    0x0, 0x2, 0xdf, 0x90, 0x0, 0x0, 0xf7, 0x0,
    0x0, 0x9, 0x50, 0x0, 0x0, 0xf, 0x70, 0x0,
    0x0,

    /* U+591A "多" */
    0x0, 0x0, 0x4, 0x60, 0x0, 0x0, 0x0, 0x0,
    0x0, 0x5f, 0xc4, 0x44, 0x20, 0x0, 0x0, 0x1a,
    0xff, 0xff, 0xff, 0xc0, 0x0, 0x18, 0xfc, 0x30,
    0x0, 0xae, 0x10, 0x0, 0x1b, 0x54, 0xf6, 0x3c,
    0xe3, 0x0, 0x0, 0x0, 0x0, 0x8f, 0xfa, 0x51,
    0x0, 0x0, 0x4, 0x7d, 0xfb, 0x4a, 0xf3, 0x0,
    0x0, 0x9f, 0xd8, 0x21, 0xbf, 0xff, 0xff, 0xd0,
    0x11, 0x0, 0x7f, 0xc5, 0x44, 0x7f, 0x90, 0x0,
    0x8e, 0xe8, 0x60, 0x2, 0xec, 0x0, 0x0, 0x67,
    0x3, 0xec, 0x7f, 0xc1, 0x0, 0x0, 0x0, 0x2,
    0x9f, 0xf6, 0x0, 0x0, 0x25, 0x79, 0xef, 0xe8,
    0x20, 0x0, 0x0, 0xaf, 0xec, 0x94, 0x0, 0x0,
    0x0, 0x0, 0x11, 0x0, 0x0, 0x0, 0x0, 0x0,
    0x0,

    /* U+591C "夜" */
    0x0, 0x0, 0x0, 0x38, 0x0, 0x0, 0x0, 0x0,
    0x0, 0x0, 0x4, 0xf5, 0x0, 0x0, 0x0, 0xf,
    0xff, 0xff, 0xff, 0xff, 0xff, 0xff, 0x10, 0x44,
    0x5e, 0x74, 0x4e, 0x94, 0x44, 0x40, 0x0, 0x8,
    0xf1, 0x5, 0xf6, 0x22, 0x20, 0x0, 0x1, 0xf8,
    0x0, 0xef, 0xff, 0xff, 0x90, 0x0, 0xbf, 0x30,
    0x9f, 0x45, 0x3, 0xf3, 0x0, 0xbf, 0xf3, 0x8f,
    0xc3, 0xe6, 0x9d, 0x0, 0x6f, 0x9f, 0x5f, 0x8f,
    0x73, 0x6f, 0x60, 0x0, 0x42, 0xf2, 0x20, 0x5f,
    0x5d, 0xa0, 0x0, 0x0, 0x2f, 0x20, 0x0, 0xaf,
    0xd0, 0x0, 0x0, 0x2, 0xf2, 0x0, 0x6f, 0xff,
    0x80, 0x0, 0x0, 0x2f, 0x36, 0xdf, 0x80, 0x7f,
    0xe8, 0x10, 0x2, 0xf3, 0xc9, 0x20, 0x0, 0x29,
    0xd1, 0x0, 0x0, 0x0, 0x0, 0x0, 0x0, 0x0,
    0x0,

    /* U+5929 "天" */
    0x3, 0x77, 0x77, 0x77, 0x77, 0x77, 0x72, 0x0,
    0x6f, 0xff, 0xff, 0xff, 0xff, 0xff, 0x50, 0x0,
    0x0, 0x0, 0x5f, 0x10, 0x0, 0x0, 0x0, 0x0,
    0x0, 0x5, 0xf1, 0x0, 0x0, 0x0, 0x0, 0x0,
    0x0, 0x6f, 0x10, 0x0, 0x0, 0x0, 0xef, 0xff,
    0xff, 0xff, 0xff, 0xff, 0xf0, 0x6, 0x77, 0x77,
    0xef, 0xc7, 0x77, 0x77, 0x0, 0x0, 0x0, 0x1f,
    0xef, 0x10, 0x0, 0x0, 0x0, 0x0, 0xb, 0xf2,
    0xea, 0x0, 0x0, 0x0, 0x0, 0x8, 0xf7, 0x5,
    0xf7, 0x0, 0x0, 0x0, 0xa, 0xfa, 0x0, 0x8,
    0xfa, 0x0, 0x0, 0x7e, 0xf7, 0x0, 0x0, 0x7,
    0xfe, 0x81, 0x1e, 0xa2, 0x0, 0x0, 0x0, 0x2,
    0xae, 0x10, 0x0, 0x0, 0x0, 0x0, 0x0, 0x0,
    0x0,

    /* U+5931 "失" */
    0x0, 0x8, 0x60, 0x4f, 0x20, 0x0, 0x0, 0x0,
    0x1, 0xf9, 0x4, 0xf2, 0x0, 0x0, 0x0, 0x0,
    0x6f, 0x51, 0x5f, 0x31, 0x11, 0x10, 0x0, 0xc,
    0xff, 0xff, 0xff, 0xff, 0xfe, 0x0, 0x4, 0xf8,
    0x55, 0x8f, 0x65, 0x55, 0x40, 0x0, 0xdc, 0x0,
    0x5, 0xf2, 0x0, 0x0, 0x0, 0x2, 0x20, 0x0,
    0x6f, 0x10, 0x0, 0x0, 0x2, 0xff, 0xff, 0xff,
    0xff, 0xff, 0xff, 0xf2, 0x16, 0x66, 0x66, 0xff,
    0xe6, 0x66, 0x66, 0x10, 0x0, 0x0, 0x5f, 0x9f,
    0x50, 0x0, 0x0, 0x0, 0x0, 0x3f, 0xc0, 0xae,
    0x30, 0x0, 0x0, 0x0, 0x6f, 0xe1, 0x1, 0xdf,
    0x60, 0x0, 0x6, 0xdf, 0xb1, 0x0, 0x1, 0xbf,
    0xd7, 0x11, 0xeb, 0x50, 0x0, 0x0, 0x0, 0x5c,
    0xf2, 0x0, 0x0, 0x0, 0x0, 0x0, 0x0, 0x0,
    0x0,

    /* U+594F "奏" */
    0x0, 0x0, 0x0, 0x0, 0x0, 0x0, 0x0, 0x0,
    0x0, 0x0, 0x2, 0xf3, 0x0, 0x0, 0x0, 0x0,
    0x33, 0x33, 0x6f, 0x63, 0x33, 0x30, 0x0, 0x1d,
    0xdd, 0xde, 0xfd, 0xdd, 0xdd, 0x20, 0x0, 0x13,
    0x33, 0xbd, 0x33, 0x33, 0x20, 0x0, 0x6, 0xdd,
    0xef, 0xed, 0xdd, 0xd8, 0x0, 0x2, 0x22, 0x28,
    0xf3, 0x22, 0x22, 0x22, 0x2, 0xff, 0xff, 0xff,
    0xff, 0xff, 0xff, 0xf2, 0x0, 0x4, 0xfb, 0x22,
    0x29, 0xe5, 0x0, 0x0, 0x19, 0xfb, 0xff, 0xff,
    0xfb, 0xfa, 0x30, 0x2f, 0xe5, 0x0, 0x3f, 0x20,
    0x4, 0xcf, 0x40, 0x35, 0xff, 0xff, 0xff, 0xff,
    0xf5, 0x20, 0x0, 0x0, 0x6, 0xf7, 0x9a, 0x40,
    0x0, 0x0, 0x0, 0x4b, 0xf7, 0x4, 0xbf, 0xb3,
    0x0, 0x0, 0xcf, 0x92, 0x0, 0x0, 0x2b, 0xe1,
    0x0, 0x1, 0x0, 0x0, 0x0, 0x0, 0x1, 0x0,

    /* U+5973 "女" */
    0x0, 0x0, 0x0, 0x83, 0x0, 0x0, 0x0, 0x0,
    0x0, 0x0, 0x4f, 0x50, 0x0, 0x0, 0x0, 0x0,
    0x0, 0x9, 0xf0, 0x0, 0x0, 0x0, 0x0, 0x0,
    0x0, 0xeb, 0x0, 0x0, 0x0, 0x0, 0xf, 0xff,
    0xff, 0xff, 0xff, 0xff, 0xff, 0x10, 0x77, 0x7e,
    0xe7, 0x77, 0x9f, 0xa7, 0x70, 0x0, 0x2, 0xf8,
    0x0, 0x8, 0xf1, 0x0, 0x0, 0x0, 0x9f, 0x10,
    0x0, 0xdc, 0x0, 0x0, 0x0, 0x2f, 0xe3, 0x0,
    0x6f, 0x60, 0x0, 0x0, 0x1, 0x8e, 0xfc, 0x6e,
    0xc0, 0x0, 0x0, 0x0, 0x0, 0x5, 0xdf, 0xf9,
    0x0, 0x0, 0x0, 0x0, 0x2, 0x9f, 0xec, 0xfe,
    0x60, 0x0, 0x6, 0x9d, 0xff, 0x80, 0x5, 0xdf,
    0xd4, 0x0, 0xdf, 0xb7, 0x10, 0x0, 0x0, 0x7f,
    0x70, 0x1, 0x0, 0x0, 0x0, 0x0, 0x0, 0x10,
    0x0,

    /* U+597D "好" */
    0x0, 0x0, 0x0, 0x0, 0x0, 0x0, 0x0, 0x0,
    0xb, 0xa0, 0x0, 0x0, 0x0, 0x0, 0x0, 0x0,
    0xd8, 0x0, 0x1c, 0xcc, 0xcc, 0xd5, 0x0, 0xe,
    0x60, 0x1, 0xcc, 0xcc, 0xef, 0x60, 0x36, 0xf9,
    0x55, 0x10, 0x0, 0x1e, 0xb0, 0x8, 0xff, 0xee,
    0xf3, 0x0, 0xb, 0xd0, 0x0, 0x7, 0xd0, 0x3f,
    0x0, 0x6, 0xf1, 0x0, 0x0, 0xb9, 0x7, 0xe4,
    0x55, 0xaf, 0x55, 0x50, 0xf, 0x50, 0xba, 0xbf,
    0xff, 0xff, 0xff, 0x22, 0xfc, 0x3f, 0x50, 0x0,
    0x6f, 0x0, 0x0, 0x2, 0xdf, 0xf0, 0x0, 0x6,
    0xf0, 0x0, 0x0, 0x3, 0xff, 0x50, 0x0, 0x6f,
    0x0, 0x0, 0x1, 0xec, 0x9f, 0x30, 0x6, 0xf0,
    0x0, 0x4, 0xee, 0x10, 0x70, 0x24, 0xaf, 0x0,
    0x0, 0x5a, 0x10, 0x0, 0x5, 0xfe, 0x80, 0x0,
    0x0, 0x0, 0x0, 0x0, 0x0, 0x0, 0x0, 0x0,

    /* U+59CB "始" */
    0x0, 0x0, 0x0, 0x0, 0x0, 0x0, 0x0, 0x0,
    0x6, 0xe0, 0x0, 0x0, 0xda, 0x0, 0x0, 0x0,
    0x8c, 0x0, 0x0, 0x4f, 0x50, 0x0, 0x0, 0xa,
    0xa0, 0x0, 0xb, 0xe0, 0x3, 0x0, 0x15, 0xdb,
    0x55, 0x4, 0xf5, 0x7, 0xf1, 0x2, 0xef, 0xff,
    0xe0, 0xdc, 0x0, 0xc, 0xb0, 0x2, 0xf2, 0x6c,
    0x9f, 0xcb, 0xcd, 0xef, 0x40, 0x6e, 0x9, 0xa8,
    0xdb, 0x98, 0x76, 0xbb, 0xa, 0xa0, 0xc8, 0x0,
    0x0, 0x0, 0x1, 0x0, 0xce, 0x4f, 0x30, 0xff,
    0xff, 0xff, 0xe0, 0x0, 0xaf, 0xe0, 0xf, 0x84,
    0x44, 0x9e, 0x0, 0x1, 0xff, 0x60, 0xf5, 0x0,
    0x6, 0xe0, 0x0, 0xae, 0x7f, 0x1f, 0x50, 0x0,
    0x6e, 0x0, 0xbf, 0x40, 0x30, 0xff, 0xee, 0xef,
    0xe0, 0xb, 0x30, 0x0, 0xf, 0x85, 0x55, 0x9e,
    0x0,

    /* U+5B89 "安" */
    0x0, 0x0, 0x5, 0x60, 0x0, 0x0, 0x0, 0x0,
    0x0, 0x8, 0xf1, 0x0, 0x0, 0x0, 0x9f, 0xff,
    0xff, 0xff, 0xff, 0xff, 0xa0, 0xad, 0x55, 0x56,
    0x55, 0x55, 0x5e, 0xa0, 0xac, 0x0, 0x2f, 0x70,
    0x0, 0xc, 0xa0, 0x22, 0x0, 0xaf, 0x10, 0x0,
    0x2, 0x20, 0xff, 0xff, 0xff, 0xff, 0xff, 0xff,
    0xf0, 0x55, 0x6e, 0xe6, 0x55, 0xbf, 0x65, 0x50,
    0x0, 0x7f, 0x40, 0x0, 0xea, 0x0, 0x0, 0x0,
    0xdf, 0xd7, 0x2b, 0xf2, 0x0, 0x0, 0x0, 0x3,
    0x9e, 0xff, 0x90, 0x0, 0x0, 0x0, 0x2, 0x8f,
    0xdc, 0xfd, 0x60, 0x0, 0x49, 0xcf, 0xe7, 0x0,
    0x4c, 0xfe, 0x50, 0x5d, 0x94, 0x0, 0x0, 0x0,
    0x4c, 0x30,

    /* U+5B8C "完" */
    0x0, 0x0, 0x0, 0x48, 0x0, 0x0, 0x0, 0x0,
    0x0, 0x0, 0x6, 0xf3, 0x0, 0x0, 0x0, 0xb,
    0xff, 0xff, 0xff, 0xff, 0xff, 0xfa, 0x0, 0xcc,
    0x66, 0x66, 0x66, 0x66, 0x6d, 0xb0, 0xc, 0x91,
    0x33, 0x33, 0x33, 0x31, 0xbb, 0x0, 0x65, 0x7f,
    0xff, 0xff, 0xff, 0x66, 0x60, 0x0, 0x0, 0x0,
    0x0, 0x0, 0x0, 0x0, 0x0, 0x55, 0x55, 0x55,
    0x55, 0x55, 0x55, 0x50, 0x1f, 0xff, 0xff, 0xff,
    0xff, 0xff, 0xff, 0x10, 0x0, 0x5, 0xf1, 0x7,
    0xe0, 0x0, 0x0, 0x0, 0x0, 0x8f, 0x0, 0x7e,
    0x0, 0x0, 0x0, 0x0, 0x1e, 0x90, 0x7, 0xe0,
    0x0, 0xe3, 0x2, 0x7e, 0xd1, 0x0, 0x7f, 0x44,
    0x6f, 0x21, 0xff, 0x90, 0x0, 0x2, 0xdf, 0xff,
    0xb0, 0x1, 0x0, 0x0, 0x0, 0x0, 0x0, 0x0,
    0x0,

    /* U+5B9A "定" */
    0x0, 0x0, 0x0, 0x57, 0x0, 0x0, 0x0, 0x0,
    0x0, 0x0, 0x8, 0xf1, 0x0, 0x0, 0x0, 0xe,
    0xff, 0xff, 0xff, 0xff, 0xff, 0xf7, 0x0, 0xea,
    0x55, 0x55, 0x55, 0x55, 0x5f, 0x70, 0xe, 0x60,
    0x0, 0x0, 0x0, 0x0, 0xe7, 0x0, 0x73, 0xdf,
    0xff, 0xff, 0xff, 0x77, 0x30, 0x0, 0x4, 0x44,
    0x9f, 0x54, 0x42, 0x0, 0x0, 0x0, 0x83, 0x6,
    0xf0, 0x0, 0x0, 0x0, 0x0, 0x2f, 0x50, 0x6f,
    0x65, 0x55, 0x10, 0x0, 0x6, 0xf4, 0x6, 0xff,
    0xff, 0xf5, 0x0, 0x0, 0xaf, 0xc0, 0x6f, 0x0,
    0x0, 0x0, 0x0, 0x2f, 0x9f, 0xa7, 0xf0, 0x0,
    0x0, 0x0, 0xc, 0xe0, 0x4f, 0xff, 0x86, 0x66,
    0x66, 0x4, 0xf3, 0x0, 0x18, 0xce, 0xff, 0xff,
    0xc0, 0x1, 0x0, 0x0, 0x0, 0x0, 0x0, 0x0,
    0x0,

    /* U+5B9E "实" */
    0x0, 0x0, 0x3, 0x90, 0x0, 0x0, 0x0, 0x0,
    0x0, 0x4f, 0x60, 0x0, 0x0, 0xaf, 0xff, 0xff,
    0xff, 0xff, 0xff, 0xba, 0xc4, 0x44, 0x44, 0x44,
    0x44, 0xcb, 0xab, 0x2e, 0x70, 0x9d, 0x0, 0xb,
    0xb1, 0x10, 0x6f, 0x5a, 0xc0, 0x0, 0x21, 0x6,
    0x80, 0x30, 0xbb, 0x0, 0x0, 0x0, 0x5e, 0xd0,
    0xd, 0x90, 0x0, 0x0, 0x0, 0x16, 0x1, 0xf6,
    0x0, 0x0, 0xd, 0xff, 0xff, 0xff, 0xff, 0xff,
    0xff, 0x23, 0x33, 0x4f, 0xb6, 0x43, 0x33, 0x30,
    0x0, 0x3d, 0xe1, 0xaf, 0xb4, 0x0, 0x16, 0xcf,
    0xc1, 0x0, 0x3a, 0xfd, 0x46, 0xfb, 0x50, 0x0,
    0x0, 0x2, 0xb9, 0x0, 0x0, 0x0, 0x0, 0x0,
    0x0, 0x0,

    /* U+5BB9 "容" */
    0x0, 0x0, 0x0, 0x58, 0x0, 0x0, 0x0, 0x0,
    0x44, 0x44, 0x4a, 0xf6, 0x44, 0x44, 0x20, 0xe,
    0xff, 0xff, 0xff, 0xff, 0xff, 0xf8, 0x0, 0xe6,
    0x3, 0x30, 0x0, 0x40, 0xe, 0x80, 0x9, 0x45,
    0xf7, 0x0, 0x4f, 0xb1, 0x85, 0x0, 0x19, 0xf8,
    0x6, 0xf2, 0x2c, 0xe4, 0x0, 0x6, 0xe5, 0x5,
    0xfd, 0xd2, 0x9, 0xc0, 0x0, 0x0, 0x7, 0xf6,
    0xb, 0xf5, 0x0, 0x0, 0x0, 0x3c, 0xf4, 0x0,
    0x8, 0xfb, 0x40, 0x3, 0xbf, 0xff, 0xff, 0xff,
    0xff, 0xff, 0xc0, 0x1b, 0x4e, 0x94, 0x44, 0x44,
    0xf8, 0x55, 0x0, 0x0, 0xe7, 0x0, 0x0, 0xe,
    0x80, 0x0, 0x0, 0xe, 0x94, 0x44, 0x44, 0xf8,
    0x0, 0x0, 0x0, 0xef, 0xee, 0xee, 0xef, 0x70,
    0x0,

    /* U+5BC6 "密" */
    0x0, 0x0, 0x0, 0x48, 0x0, 0x0, 0x0, 0x0,
    0x44, 0x44, 0x49, 0xf5, 0x44, 0x44, 0x20, 0xe,
    0xff, 0xff, 0xff, 0xff, 0xff, 0xf9, 0x0, 0xe6,
    0x0, 0xc9, 0x10, 0x23, 0xc, 0x90, 0xa, 0x60,
    0x54, 0xaf, 0x4e, 0xa0, 0x96, 0x0, 0xe, 0x5d,
    0x60, 0x8f, 0xa2, 0xe4, 0x0, 0x9, 0xe0, 0xd9,
    0xcf, 0x70, 0x78, 0xf4, 0x1, 0xd4, 0x4e, 0xfe,
    0x42, 0x3f, 0x29, 0xd0, 0x2a, 0xff, 0xbd, 0xff,
    0xfe, 0xa0, 0x1, 0x0, 0x86, 0x10, 0x3, 0xb0,
    0x0, 0x42, 0x0, 0x0, 0xb8, 0x0, 0x5f, 0x0,
    0xe, 0x70, 0x0, 0xb, 0x80, 0x5, 0xf0, 0x0,
    0xe7, 0x0, 0x0, 0xbf, 0xee, 0xef, 0xee, 0xef,
    0x70, 0x0, 0x5, 0x66, 0x66, 0x66, 0x66, 0xf7,
    0x0,

    /* U+5BDF "察" */
    0x0, 0x0, 0x0, 0x15, 0x0, 0x0, 0x0, 0x0,
    0x33, 0x33, 0x37, 0xf6, 0x33, 0x33, 0x30, 0xf,
    0xff, 0xff, 0xff, 0xff, 0xff, 0xfe, 0x0, 0xf6,
    0x4c, 0x21, 0x77, 0x22, 0x28, 0xe0, 0x2, 0x4e,
    0xdd, 0xf9, 0xff, 0xff, 0xf4, 0x0, 0x8f, 0x88,
    0x8e, 0xa, 0xc1, 0xda, 0x0, 0x9, 0x83, 0xbf,
    0x30, 0xd, 0xfc, 0x0, 0x0, 0x5, 0xfe, 0xfd,
    0xdd, 0xed, 0xf8, 0x20, 0x1a, 0xfa, 0x13, 0x33,
    0x33, 0x6, 0xdf, 0x20, 0x8a, 0xdd, 0xdd, 0xdd,
    0xdd, 0xd8, 0x10, 0x0, 0x25, 0xa5, 0x5f, 0x85,
    0x95, 0x20, 0x0, 0x1, 0xbe, 0x20, 0xf5, 0x3f,
    0xc3, 0x0, 0x7, 0xfd, 0x22, 0x3f, 0x50, 0x1a,
    0xf8, 0x0, 0x66, 0x0, 0xbf, 0xd2, 0x0, 0x6,
    0x50,

    /* U+5BFC "导" */
    0x0, 0xff, 0xff, 0xff, 0xff, 0xff, 0x50, 0x0,
    0xf, 0x83, 0x33, 0x33, 0x34, 0xf5, 0x0, 0x0,
    0xfa, 0x55, 0x55, 0x55, 0x5f, 0x50, 0x0, 0xf,
    0xed, 0xdd, 0xdd, 0xdd, 0xd4, 0x0, 0x0, 0xf9,
    0x0, 0x0, 0x0, 0x0, 0xb8, 0x0, 0x8, 0xff,
    0xff, 0xff, 0xff, 0xff, 0x50, 0x0, 0x0, 0x11,
    0x11, 0x16, 0x91, 0x0, 0x0, 0x55, 0x55, 0x55,
    0x55, 0xaf, 0x55, 0x50, 0xf, 0xff, 0xff, 0xff,
    0xff, 0xff, 0xff, 0x10, 0x0, 0xad, 0x20, 0x0,
    0x8e, 0x0, 0x0, 0x0, 0x0, 0xbe, 0x20, 0x8,
    0xe0, 0x0, 0x0, 0x0, 0x0, 0x93, 0x33, 0xae,
    0x0, 0x0, 0x0, 0x0, 0x0, 0x1f, 0xfe, 0x70,
    0x0, 0x0,

    /* U+5C01 "封" */
    0x0, 0x4, 0xf0, 0x0, 0x0, 0x3, 0xd1, 0x0,
    0x0, 0x4f, 0x0, 0x0, 0x0, 0x4f, 0x10, 0x9,
    0xff, 0xff, 0xf5, 0x0, 0x4, 0xf1, 0x0, 0x24,
    0x7f, 0x54, 0x26, 0x66, 0x9f, 0x73, 0x0, 0x4,
    0xf0, 0x1, 0xff, 0xff, 0xff, 0x71, 0xee, 0xef,
    0xee, 0x90, 0x0, 0x4f, 0x10, 0x5, 0x56, 0x95,
    0x53, 0x58, 0x4, 0xf1, 0x0, 0x0, 0x4f, 0x0,
    0x5, 0xf1, 0x4f, 0x10, 0x3, 0x48, 0xf5, 0x42,
    0xf, 0x74, 0xf1, 0x0, 0xbf, 0xff, 0xff, 0x70,
    0xac, 0x4f, 0x10, 0x0, 0x4, 0xf0, 0x0, 0x2,
    0x14, 0xf1, 0x0, 0x1, 0x6f, 0x79, 0xa0, 0x0,
    0x4f, 0x10, 0x2f, 0xff, 0xeb, 0x96, 0x3, 0x59,
    0xf1, 0x0, 0x53, 0x0, 0x0, 0x0, 0x4f, 0xe9,
    0x0,

    /* U+5C0F "小" */
    0x0, 0x0, 0x0, 0x1f, 0x60, 0x0, 0x0, 0x0,
    0x0, 0x0, 0x1, 0xf6, 0x0, 0x0, 0x0, 0x0,
    0x0, 0x0, 0x1f, 0x60, 0x0, 0x0, 0x0, 0x0,
    0x51, 0x1, 0xf6, 0x1, 0x60, 0x0, 0x0, 0x3f,
    0x60, 0x1f, 0x60, 0x4f, 0x60, 0x0, 0x7, 0xf2,
    0x1, 0xf6, 0x0, 0xcd, 0x0, 0x0, 0xbd, 0x0,
    0x1f, 0x60, 0x5, 0xf6, 0x0, 0x1f, 0x90, 0x1,
    0xf6, 0x0, 0xd, 0xd0, 0x8, 0xf2, 0x0, 0x1f,
    0x60, 0x0, 0x7f, 0x32, 0xfa, 0x0, 0x1, 0xf6,
    0x0, 0x2, 0xf8, 0x6, 0x10, 0x0, 0x1f, 0x60,
    0x0, 0xb, 0x50, 0x0, 0x0, 0x1, 0xf6, 0x0,
    0x0, 0x0, 0x0, 0x0, 0x56, 0x8f, 0x50, 0x0,
    0x0, 0x0, 0x0, 0x9, 0xff, 0xb1, 0x0, 0x0,
    0x0, 0x0, 0x0, 0x0, 0x0, 0x0, 0x0, 0x0,
    0x0,

    /* U+5C3D "尽" */
    0x0, 0x4f, 0xff, 0xff, 0xff, 0xff, 0xe0, 0x0,
    0x4, 0xf6, 0x44, 0x44, 0x44, 0xae, 0x0, 0x0,
    0x5f, 0x20, 0x0, 0x0, 0x7, 0xe0, 0x0, 0x5,
    0xf7, 0x55, 0x55, 0x55, 0xae, 0x0, 0x0, 0x6f,
    0xfe, 0xee, 0xef, 0xfe, 0xe0, 0x0, 0x8, 0xe0,
    0x0, 0x0, 0x6f, 0x10, 0x0, 0x0, 0xbb, 0x4,
    0x40, 0x0, 0xda, 0x0, 0x0, 0x1f, 0x70, 0xbf,
    0xe9, 0x26, 0xf3, 0x0, 0x8, 0xf2, 0x0, 0x16,
    0xd9, 0xd, 0xe2, 0x3, 0xfa, 0x0, 0x0, 0x0,
    0x0, 0x1e, 0xf3, 0x1a, 0x11, 0xc9, 0x51, 0x0,
    0x0, 0x19, 0x0, 0x0, 0x16, 0xbf, 0xfd, 0x71,
    0x0, 0x0, 0x0, 0x0, 0x0, 0x4, 0xaf, 0xf1,
    0x0, 0x0, 0x0, 0x0, 0x0, 0x0, 0x13, 0x0,
    0x0,

    /* U+5C40 "局" */
    0x0, 0xdf, 0xff, 0xff, 0xff, 0xff, 0x70, 0x0,
    0xd9, 0x22, 0x22, 0x22, 0x2e, 0x70, 0x0, 0xda,
    0x33, 0x33, 0x33, 0x3f, 0x70, 0x0, 0xdf, 0xff,
    0xff, 0xff, 0xff, 0x70, 0x0, 0xe8, 0x0, 0x0,
    0x0, 0x0, 0x0, 0x0, 0xff, 0xee, 0xee, 0xee,
    0xee, 0xe7, 0x0, 0xf8, 0x44, 0x44, 0x44, 0x44,
    0xf7, 0x2, 0xf3, 0x13, 0x33, 0x33, 0x0, 0xf6,
    0x5, 0xf0, 0x5f, 0xee, 0xef, 0x40, 0xf6, 0x9,
    0xd0, 0x5e, 0x0, 0xf, 0x41, 0xf4, 0x1f, 0x70,
    0x5f, 0xcc, 0xdf, 0x43, 0xf3, 0x7f, 0x10, 0x5f,
    0x44, 0x47, 0x59, 0xf1, 0x16, 0x0, 0x39, 0x0,
    0x5, 0xff, 0x80, 0x0, 0x0, 0x0, 0x0, 0x0,
    0x0, 0x0,

    /* U+5C42 "层" */
    0x0, 0xff, 0xff, 0xff, 0xff, 0xff, 0xf4, 0x0,
    0xf, 0x72, 0x22, 0x22, 0x22, 0x4f, 0x40, 0x0,
    0xf7, 0x22, 0x22, 0x22, 0x23, 0xf4, 0x0, 0xf,
    0xff, 0xff, 0xff, 0xff, 0xff, 0x40, 0x1, 0xf5,
    0x0, 0x0, 0x0, 0x0, 0x0, 0x0, 0x1f, 0x55,
    0xff, 0xff, 0xff, 0xff, 0x0, 0x2, 0xf4, 0x14,
    0x44, 0x44, 0x44, 0x40, 0x0, 0x3f, 0x44, 0x44,
    0x44, 0x44, 0x44, 0x40, 0x5, 0xf5, 0xff, 0xff,
    0xff, 0xff, 0xff, 0x10, 0x8e, 0x0, 0x1e, 0xa0,
    0x5, 0x80, 0x0, 0xb, 0xb0, 0xa, 0xd0, 0x0,
    0x4f, 0x40, 0x2, 0xf6, 0x9, 0xfa, 0x89, 0xab,
    0xfe, 0x0, 0x4e, 0x0, 0xbd, 0xba, 0x98, 0x66,
    0xf7, 0x0, 0x0, 0x0, 0x0, 0x0, 0x0, 0x2,
    0x0,

    /* U+5C55 "展" */
    0x0, 0xef, 0xff, 0xff, 0xff, 0xff, 0xf5, 0x0,
    0xe, 0x93, 0x33, 0x33, 0x33, 0x3f, 0x50, 0x0,
    0xe9, 0x33, 0x33, 0x33, 0x34, 0xf5, 0x0, 0xe,
    0xff, 0xff, 0xff, 0xff, 0xff, 0x50, 0x0, 0xe7,
    0x0, 0xf4, 0x0, 0xf3, 0x0, 0x0, 0xf, 0x8f,
    0xff, 0xff, 0xff, 0xff, 0x90, 0x0, 0xf7, 0x33,
    0xf7, 0x34, 0xf6, 0x32, 0x0, 0x1f, 0x73, 0x3f,
    0x63, 0x4f, 0x63, 0x30, 0x2, 0xfa, 0xff, 0xff,
    0xff, 0xff, 0xff, 0x30, 0x5f, 0x10, 0xf4, 0x8,
    0xd0, 0x6e, 0x30, 0x9, 0xd0, 0xf, 0x40, 0xd,
    0xed, 0x40, 0x0, 0xf8, 0x2, 0xf9, 0x8c, 0x4d,
    0xe6, 0x10, 0x5f, 0x20, 0x8f, 0xda, 0x60, 0x8,
    0xff, 0x20, 0x20, 0x1, 0x20, 0x0, 0x0, 0x0,
    0x30,

    /* U+5DE5 "工" */
    0x6, 0xff, 0xff, 0xff, 0xff, 0xff, 0xf7, 0x0,
    0x27, 0x77, 0x7a, 0xf9, 0x77, 0x77, 0x30, 0x0,
    0x0, 0x0, 0x5f, 0x30, 0x0, 0x0, 0x0, 0x0,
    0x0, 0x5, 0xf3, 0x0, 0x0, 0x0, 0x0, 0x0,
    0x0, 0x5f, 0x30, 0x0, 0x0, 0x0, 0x0, 0x0,
    0x5, 0xf3, 0x0, 0x0, 0x0, 0x0, 0x0, 0x0,
    0x5f, 0x30, 0x0, 0x0, 0x0, 0x0, 0x0, 0x5,
    0xf3, 0x0, 0x0, 0x0, 0x0, 0x0, 0x0, 0x5f,
    0x30, 0x0, 0x0, 0x0, 0x44, 0x44, 0x48, 0xf7,
    0x44, 0x44, 0x41, 0x2f, 0xff, 0xff, 0xff, 0xff,
    0xff, 0xff, 0x30, 0x11, 0x11, 0x11, 0x11, 0x11,
    0x11, 0x10,

    /* U+5DE6 "左" */
    0x0, 0x0, 0x5, 0x60, 0x0, 0x0, 0x0, 0x0,
    0x0, 0x0, 0xbb, 0x0, 0x0, 0x0, 0x0, 0x0,
    0x0, 0xe, 0x80, 0x0, 0x0, 0x0, 0x0, 0xff,
    0xff, 0xff, 0xff, 0xff, 0xff, 0xf0, 0x5, 0x55,
    0xaf, 0x65, 0x55, 0x55, 0x55, 0x0, 0x0, 0xb,
    0xc0, 0x0, 0x0, 0x0, 0x0, 0x0, 0x1, 0xf7,
    0x0, 0x0, 0x0, 0x0, 0x0, 0x0, 0x7f, 0xef,
    0xff, 0xff, 0xff, 0x90, 0x0, 0xd, 0xa4, 0x44,
    0xcd, 0x44, 0x43, 0x0, 0x5, 0xf2, 0x0, 0xa,
    0xc0, 0x0, 0x0, 0x0, 0xeb, 0x0, 0x0, 0xac,
    0x0, 0x0, 0x0, 0xbe, 0x10, 0x0, 0xa, 0xc0,
    0x0, 0x0, 0x5f, 0x32, 0x55, 0x55, 0xcd, 0x55,
    0x55, 0x10, 0x30, 0x6f, 0xff, 0xff, 0xff, 0xff,
    0xf3,

    /* U+5DF2 "已" */
    0x9f, 0xff, 0xff, 0xff, 0xff, 0xf4, 0x0, 0x35,
    0x55, 0x55, 0x55, 0x57, 0xf4, 0x0, 0x0, 0x0,
    0x0, 0x0, 0x1, 0xf4, 0x0, 0xb, 0x60, 0x0,
    0x0, 0x1, 0xf4, 0x0, 0xe, 0x80, 0x0, 0x0,
    0x1, 0xf4, 0x0, 0xe, 0xfe, 0xee, 0xee, 0xef,
    0xf4, 0x0, 0xe, 0xb6, 0x66, 0x66, 0x67, 0xf4,
    0x0, 0xe, 0x80, 0x0, 0x0, 0x0, 0x0, 0x0,
    0xe, 0x80, 0x0, 0x0, 0x0, 0x1, 0x30, 0xe,
    0x80, 0x0, 0x0, 0x0, 0x4, 0xf2, 0xe, 0x80,
    0x0, 0x0, 0x0, 0x8, 0xf0, 0xc, 0xe7, 0x65,
    0x55, 0x56, 0x7f, 0xb0, 0x3, 0xce, 0xff, 0xff,
    0xff, 0xeb, 0x10,

    /* U+5E03 "布" */
    0x0, 0x0, 0x2, 0x71, 0x0, 0x0, 0x0, 0x0,
    0x0, 0x0, 0x8f, 0x0, 0x0, 0x0, 0x0, 0x5,
    0x55, 0x5d, 0xd5, 0x55, 0x55, 0x55, 0x0, 0xff,
    0xff, 0xff, 0xff, 0xff, 0xff, 0xf1, 0x0, 0x0,
    0xdc, 0x4, 0x90, 0x0, 0x0, 0x0, 0x0, 0x7f,
    0x30, 0x7e, 0x0, 0x0, 0x0, 0x0, 0x2f, 0xe5,
    0x5a, 0xf5, 0x55, 0x51, 0x0, 0x2e, 0xff, 0xff,
    0xff, 0xff, 0xff, 0x40, 0x2e, 0xed, 0xb0, 0x7,
    0xe0, 0x1, 0xf4, 0x2, 0xd2, 0xab, 0x0, 0x7e,
    0x0, 0x1f, 0x40, 0x0, 0xa, 0xb0, 0x7, 0xe0,
    0x1, 0xf4, 0x0, 0x0, 0xab, 0x0, 0x7e, 0x16,
    0x8f, 0x40, 0x0, 0xa, 0xa0, 0x7, 0xe0, 0xcc,
    0x90, 0x0, 0x0, 0x0, 0x0, 0x7e, 0x0, 0x0,
    0x0,

    /* U+5E38 "常" */
    0x4, 0xa0, 0x5, 0xf0, 0x2, 0xa1, 0x0, 0x4f,
    0x70, 0x5f, 0x0, 0xbd, 0x0, 0x33, 0xdb, 0x38,
    0xf4, 0x4d, 0x73, 0x1e, 0xff, 0xff, 0xff, 0xff,
    0xff, 0xf7, 0xe6, 0x0, 0x0, 0x0, 0x0, 0xe,
    0x7e, 0x66, 0xff, 0xff, 0xff, 0xf4, 0xe7, 0x21,
    0x6e, 0x0, 0x0, 0x2f, 0x42, 0x10, 0x6, 0xff,
    0xff, 0xff, 0xf4, 0x0, 0x0, 0x0, 0x3, 0xf3,
    0x0, 0x0, 0x0, 0xef, 0xff, 0xff, 0xff, 0xff,
    0x90, 0xf, 0xb4, 0x47, 0xf7, 0x44, 0xc9, 0x0,
    0xf9, 0x0, 0x3f, 0x30, 0xb, 0x90, 0xf, 0x90,
    0x3, 0xf3, 0x8d, 0xf7, 0x0, 0x42, 0x0, 0x3f,
    0x32, 0x64, 0x0,

    /* U+5E7F "广" */
    0x0, 0x0, 0x0, 0x7, 0x40, 0x0, 0x0, 0x0,
    0x0, 0x0, 0x0, 0xdc, 0x0, 0x0, 0x0, 0x0,
    0x55, 0x55, 0x5b, 0xf6, 0x55, 0x55, 0x0, 0xd,
    0xff, 0xff, 0xff, 0xff, 0xff, 0xf0, 0x0, 0xd9,
    0x0, 0x0, 0x0, 0x0, 0x0, 0x0, 0xd, 0x90,
    0x0, 0x0, 0x0, 0x0, 0x0, 0x0, 0xd9, 0x0,
    0x0, 0x0, 0x0, 0x0, 0x0, 0xe, 0x90, 0x0,
    0x0, 0x0, 0x0, 0x0, 0x0, 0xf7, 0x0, 0x0,
    0x0, 0x0, 0x0, 0x0, 0xf, 0x60, 0x0, 0x0,
    0x0, 0x0, 0x0, 0x3, 0xf4, 0x0, 0x0, 0x0,
    0x0, 0x0, 0x0, 0x7f, 0x10, 0x0, 0x0, 0x0,
    0x0, 0x0, 0xe, 0xb0, 0x0, 0x0, 0x0, 0x0,
    0x0, 0x2, 0xf3, 0x0, 0x0, 0x0, 0x0, 0x0,
    0x0, 0x1, 0x0, 0x0, 0x0, 0x0, 0x0, 0x0,
    0x0,

    /* U+5E8F "序" */
    0x0, 0x0, 0x0, 0x8, 0x70, 0x0, 0x0, 0x0,
    0x2, 0x22, 0x22, 0xaf, 0x22, 0x22, 0x20, 0x3,
    0xff, 0xff, 0xff, 0xff, 0xff, 0xff, 0x30, 0x3f,
    0x42, 0x22, 0x22, 0x22, 0x22, 0x20, 0x3, 0xf2,
    0x9f, 0xff, 0xff, 0xff, 0x90, 0x0, 0x3f, 0x21,
    0x25, 0x22, 0x4e, 0xe2, 0x0, 0x3, 0xf2, 0x2,
    0xfc, 0x7e, 0xb1, 0x0, 0x0, 0x4f, 0x20, 0x1,
    0x9f, 0xf3, 0x0, 0x0, 0x5, 0xf6, 0xff, 0xff,
    0xff, 0xff, 0xfd, 0x0, 0x6f, 0x2, 0x22, 0x2f,
    0x72, 0x5f, 0x50, 0x9, 0xc0, 0x0, 0x0, 0xf6,
    0xc, 0x90, 0x0, 0xd8, 0x0, 0x0, 0xf, 0x60,
    0x10, 0x0, 0x3f, 0x40, 0x2, 0x45, 0xf6, 0x0,
    0x0, 0x3, 0xb0, 0x0, 0x5f, 0xfc, 0x10, 0x0,
    0x0, 0x0, 0x0, 0x0, 0x0, 0x0, 0x0, 0x0,
    0x0,

    /* U+5E93 "库" */
    0x0, 0x0, 0x0, 0x5, 0x50, 0x0, 0x0, 0x0,
    0x1, 0x11, 0x11, 0xbe, 0x21, 0x11, 0x10, 0x2,
    0xff, 0xff, 0xff, 0xff, 0xff, 0xff, 0x30, 0x2f,
    0x52, 0x23, 0xb5, 0x22, 0x22, 0x20, 0x2, 0xf2,
    0x33, 0x7f, 0x73, 0x33, 0x32, 0x0, 0x2f, 0x2f,
    0xff, 0xff, 0xff, 0xff, 0xa0, 0x3, 0xf2, 0x4,
    0xf3, 0x28, 0x10, 0x0, 0x0, 0x4f, 0x20, 0xd9,
    0x3, 0xf2, 0x0, 0x0, 0x5, 0xf1, 0x6f, 0xff,
    0xff, 0xff, 0xf4, 0x0, 0x6f, 0x1, 0x54, 0x47,
    0xf6, 0x44, 0x10, 0x8, 0xd1, 0x33, 0x33, 0x6f,
    0x53, 0x33, 0x0, 0xc9, 0x6f, 0xff, 0xff, 0xff,
    0xff, 0xf3, 0x2f, 0x50, 0x0, 0x0, 0x4f, 0x30,
    0x0, 0x3, 0xc0, 0x0, 0x0, 0x3, 0xf2, 0x0,
    0x0, 0x0, 0x0, 0x0, 0x0, 0x0, 0x0, 0x0,
    0x0,

    /* U+5E95 "底" */
    0x0, 0x0, 0x0, 0x4, 0x50, 0x0, 0x0, 0x0,
    0x1, 0x11, 0x11, 0x9e, 0x21, 0x11, 0x10, 0x2,
    0xff, 0xff, 0xff, 0xff, 0xff, 0xff, 0x40, 0x2f,
    0x41, 0x11, 0x11, 0x24, 0x65, 0x10, 0x2, 0xf2,
    0x4c, 0xde, 0xff, 0xfd, 0xa1, 0x0, 0x2f, 0x25,
    0xf5, 0x44, 0xf4, 0x0, 0x0, 0x3, 0xf2, 0x5e,
    0x0, 0xf, 0x50, 0x0, 0x0, 0x4f, 0x25, 0xf4,
    0x44, 0xf9, 0x44, 0x30, 0x5, 0xf1, 0x5f, 0xff,
    0xff, 0xff, 0xfd, 0x0, 0x6f, 0x5, 0xe0, 0x0,
    0x8d, 0x0, 0x0, 0x8, 0xd0, 0x5e, 0x2, 0xa4,
    0xf2, 0x1, 0x0, 0xc9, 0x5, 0xe0, 0x5e, 0x4e,
    0x90, 0xb4, 0x2f, 0x50, 0x9f, 0xfd, 0x8b, 0x6f,
    0x8e, 0x24, 0xe0, 0xb, 0x83, 0x2, 0xa0, 0x7e,
    0xb0, 0x0, 0x0, 0x0, 0x0, 0x0, 0x0, 0x0,
    0x0,

    /* U+5EA6 "度" */
    0x0, 0x0, 0x0, 0x6, 0x60, 0x0, 0x0, 0x0,
    0x2, 0x22, 0x22, 0xbf, 0x32, 0x22, 0x21, 0x1,
    0xff, 0xff, 0xff, 0xff, 0xff, 0xff, 0x50, 0x1f,
    0x51, 0x39, 0x21, 0x15, 0x91, 0x10, 0x1, 0xf4,
    0x25, 0xf4, 0x22, 0x8e, 0x22, 0x0, 0x2f, 0x9f,
    0xff, 0xff, 0xff, 0xff, 0xf3, 0x2, 0xf3, 0x2,
    0xf1, 0x0, 0x7e, 0x0, 0x0, 0x3f, 0x30, 0x2f,
    0xdc, 0xce, 0xe0, 0x0, 0x4, 0xf2, 0x1, 0x33,
    0x33, 0x33, 0x0, 0x0, 0x5f, 0x4f, 0xff, 0xff,
    0xff, 0xfe, 0x10, 0x7, 0xe0, 0x1a, 0xd2, 0x11,
    0x6f, 0x70, 0x0, 0xbb, 0x0, 0xa, 0xf8, 0xbf,
    0x60, 0x0, 0x1f, 0x72, 0x58, 0xbf, 0xff, 0xd8,
    0x42, 0x3, 0xe1, 0xaf, 0xc9, 0x50, 0x38, 0xcf,
    0xf3, 0x0, 0x0, 0x0, 0x0, 0x0, 0x0, 0x1,
    0x0,

    /* U+5F00 "开" */
    0xa, 0xff, 0xff, 0xff, 0xff, 0xff, 0xfb, 0x0,
    0x35, 0x5c, 0xc5, 0x55, 0x9f, 0x55, 0x30, 0x0,
    0x0, 0xbb, 0x0, 0x6, 0xf0, 0x0, 0x0, 0x0,
    0xb, 0xb0, 0x0, 0x6f, 0x0, 0x0, 0x0, 0x0,
    0xbb, 0x0, 0x6, 0xf0, 0x0, 0x0, 0x55, 0x5c,
    0xd5, 0x55, 0xaf, 0x55, 0x51, 0x2f, 0xff, 0xff,
    0xff, 0xff, 0xff, 0xff, 0x30, 0x0, 0xe, 0x80,
    0x0, 0x6f, 0x0, 0x0, 0x0, 0x3, 0xf5, 0x0,
    0x6, 0xf0, 0x0, 0x0, 0x0, 0xaf, 0x0, 0x0,
    0x6f, 0x0, 0x0, 0x0, 0x5f, 0x70, 0x0, 0x6,
    0xf0, 0x0, 0x0, 0x7f, 0xb0, 0x0, 0x0, 0x6f,
    0x0, 0x0, 0xa, 0x90, 0x0, 0x0, 0x6, 0xf0,
    0x0, 0x0, 0x0, 0x0, 0x0, 0x0, 0x0, 0x0,
    0x0,

    /* U+5F0F "式" */
    0x0, 0x0, 0x0, 0x0, 0xad, 0x1c, 0x30, 0x0,
    0x0, 0x0, 0x0, 0xa, 0xd0, 0xbf, 0x30, 0x0,
    0x0, 0x0, 0x0, 0x9d, 0x0, 0xb3, 0x1, 0xff,
    0xff, 0xff, 0xff, 0xff, 0xff, 0xf2, 0x6, 0x66,
    0x66, 0x66, 0xbf, 0x66, 0x66, 0x10, 0x0, 0x0,
    0x0, 0x6, 0xf0, 0x0, 0x0, 0x3, 0x66, 0x66,
    0x65, 0x4f, 0x20, 0x0, 0x0, 0x8f, 0xff, 0xff,
    0xe2, 0xf4, 0x0, 0x0, 0x0, 0x1, 0xf4, 0x0,
    0xf, 0x80, 0x0, 0x0, 0x0, 0x1f, 0x40, 0x0,
    0xbc, 0x0, 0x0, 0x0, 0x1, 0xf4, 0x0, 0x7,
    0xf1, 0x9, 0x30, 0x1, 0x5f, 0xcc, 0xf5, 0x2f,
    0x70, 0xe5, 0xd, 0xff, 0xda, 0x63, 0x0, 0xaf,
    0x9f, 0x20, 0x54, 0x10, 0x0, 0x0, 0x0, 0xaf,
    0xa0,

    /* U+5F20 "张" */
    0x0, 0x0, 0x0, 0x21, 0x0, 0x0, 0x0, 0xaf,
    0xff, 0x70, 0xe7, 0x0, 0xb, 0x50, 0x34, 0x4e,
    0x70, 0xe7, 0x0, 0xae, 0x10, 0x0, 0xd, 0x70,
    0xe7, 0xa, 0xf3, 0x0, 0x4f, 0xff, 0x70, 0xe7,
    0xce, 0x30, 0x0, 0x6e, 0x55, 0x31, 0xe8, 0x43,
    0x11, 0x10, 0x7d, 0x0, 0x5f, 0xff, 0xff, 0xff,
    0xf2, 0x8c, 0x22, 0x35, 0xfa, 0x7f, 0x75, 0x51,
    0xaf, 0xff, 0x80, 0xe7, 0xe, 0x80, 0x0, 0x0,
    0xe, 0x70, 0xe7, 0x9, 0xe0, 0x0, 0x0, 0xf,
    0x60, 0xe7, 0x2, 0xf5, 0x0, 0x0, 0x1f, 0x40,
    0xe8, 0x65, 0xae, 0x20, 0x22, 0x7f, 0x22, 0xff,
    0xe5, 0xd, 0xe2, 0x6f, 0xf9, 0x5, 0xd6, 0x0,
    0x1, 0x90, 0x0, 0x0, 0x0, 0x0, 0x0, 0x0,
    0x0,

    /* U+5F3A "强" */
    0x2f, 0xff, 0xf8, 0x8f, 0xff, 0xff, 0xf1, 0x0,
    0x44, 0x4d, 0x88, 0xc2, 0x22, 0x5f, 0x10, 0x0,
    0x0, 0xc8, 0x8c, 0x44, 0x47, 0xf1, 0x0, 0x9b,
    0xbe, 0x87, 0xdd, 0xfe, 0xdd, 0x10, 0xe, 0xa8,
    0x84, 0x0, 0xe, 0x60, 0x0, 0x0, 0xf3, 0x0,
    0xd, 0xff, 0xff, 0xff, 0x80, 0x2f, 0x54, 0x42,
    0xd7, 0x2e, 0x82, 0xc8, 0x4, 0xff, 0xff, 0x7d,
    0x50, 0xe6, 0xb, 0x80, 0x0, 0x0, 0xf6, 0xdf,
    0xff, 0xff, 0xf8, 0x0, 0x0, 0xf, 0x42, 0x22,
    0xe8, 0x5a, 0x10, 0x0, 0x2, 0xf3, 0x0, 0xe,
    0x62, 0xf5, 0x0, 0x23, 0x9f, 0x4b, 0xbc, 0xff,
    0xff, 0xd0, 0x4, 0xff, 0x83, 0xa9, 0x87, 0x64,
    0x4f, 0x30, 0x0, 0x0, 0x0, 0x0, 0x0, 0x0,
    0x0,

    /* U+5F53 "当" */
    0x2, 0x0, 0x6, 0xf1, 0x0, 0x32, 0x2, 0xf6,
    0x0, 0x6f, 0x10, 0xc, 0xe0, 0xa, 0xe1, 0x6,
    0xf1, 0x2, 0xf6, 0x0, 0x2f, 0x70, 0x6f, 0x10,
    0xae, 0x0, 0x0, 0x96, 0x6, 0xf1, 0xc, 0x50,
    0x0, 0x55, 0x55, 0xaf, 0x65, 0x66, 0x50, 0x1f,
    0xff, 0xff, 0xff, 0xff, 0xfe, 0x0, 0x0, 0x0,
    0x0, 0x0, 0x9, 0xe0, 0x1, 0x22, 0x22, 0x22,
    0x22, 0xae, 0x0, 0x9f, 0xff, 0xff, 0xff, 0xff,
    0xe0, 0x1, 0x22, 0x22, 0x22, 0x22, 0xae, 0x0,
    0x0, 0x0, 0x0, 0x0, 0x8, 0xe0, 0x6f, 0xff,
    0xff, 0xff, 0xff, 0xfe, 0x3, 0x77, 0x77, 0x77,
    0x77, 0x7c, 0xe0,

    /* U+5F55 "录" */
    0x0, 0x0, 0x0, 0x0, 0x0, 0x0, 0x0, 0x0,
    0xf, 0xff, 0xff, 0xff, 0xff, 0xf5, 0x0, 0x0,
    0x44, 0x44, 0x44, 0x44, 0x6f, 0x40, 0x0, 0x2,
    0x44, 0x44, 0x44, 0x46, 0xf4, 0x0, 0x0, 0x8f,
    0xff, 0xff, 0xff, 0xff, 0x30, 0x0, 0x0, 0x0,
    0x0, 0x0, 0x5, 0xf2, 0x0, 0xf, 0xff, 0xff,
    0xff, 0xff, 0xff, 0xff, 0x0, 0x36, 0x63, 0x36,
    0xf6, 0x33, 0x78, 0x30, 0x0, 0x9f, 0x80, 0x3f,
    0xc0, 0x5f, 0xb0, 0x0, 0x0, 0x4e, 0x56, 0xff,
    0xdf, 0x60, 0x0, 0x0, 0x1, 0x8d, 0xff, 0x5e,
    0xb1, 0x0, 0x0, 0x5b, 0xfe, 0x75, 0xf2, 0x2e,
    0xe7, 0x10, 0x9, 0xb5, 0x13, 0x7f, 0x20, 0x17,
    0xee, 0x0, 0x0, 0x2, 0xff, 0xb0, 0x0, 0x0,
    0x20,

    /* U+5FC3 "心" */
    0x0, 0x0, 0x0, 0x0, 0x0, 0x0, 0x0, 0x0,
    0x0, 0x0, 0x8c, 0x10, 0x0, 0x0, 0x0, 0x0,
    0x0, 0x2, 0xdf, 0x50, 0x0, 0x0, 0x0, 0x0,
    0x0, 0x0, 0xaf, 0x70, 0x0, 0x0, 0x0, 0x0,
    0x24, 0x0, 0x9c, 0x0, 0x0, 0x0, 0x2, 0x8,
    0xe0, 0x0, 0x0, 0x37, 0x0, 0x2, 0xf4, 0x8e,
    0x0, 0x0, 0x7, 0xf1, 0x0, 0x4f, 0x18, 0xe0,
    0x0, 0x0, 0x1f, 0x70, 0x7, 0xf0, 0x8e, 0x0,
    0x0, 0x0, 0xad, 0x0, 0xbb, 0x8, 0xe0, 0x0,
    0x1, 0x5, 0xf2, 0xf, 0x70, 0x8e, 0x0, 0x0,
    0x8b, 0x1f, 0x61, 0xb3, 0x8, 0xe0, 0x0, 0x9,
    0xb0, 0x30, 0x0, 0x0, 0x7f, 0x64, 0x45, 0xe8,
    0x0, 0x0, 0x0, 0x1, 0xcf, 0xff, 0xfc, 0x10,
    0x0,

    /* U+5FEB "快" */
    0x0, 0x7e, 0x0, 0x0, 0x6f, 0x0, 0x0, 0x0,
    0x7, 0xe0, 0x0, 0x6, 0xf0, 0x0, 0x0, 0x0,
    0x7e, 0x0, 0x44, 0x9f, 0x44, 0x41, 0x0, 0x89,
    0xfe, 0x4f, 0xff, 0xff, 0xff, 0x40, 0xf, 0x9e,
    0xa8, 0x0, 0x7f, 0x1, 0xf4, 0x2, 0xf7, 0xe4,
    0x90, 0x6, 0xf0, 0x1f, 0x40, 0x6c, 0x7e, 0x0,
    0x0, 0x7f, 0x1, 0xf4, 0x1, 0x37, 0xe0, 0xef,
    0xff, 0xff, 0xff, 0xf6, 0x0, 0x7e, 0x5, 0x55,
    0xdf, 0xc5, 0x55, 0x20, 0x7, 0xe0, 0x0, 0x1f,
    0xcf, 0x30, 0x0, 0x0, 0x7e, 0x0, 0x9, 0xf1,
    0xdc, 0x0, 0x0, 0x7, 0xe0, 0x6, 0xf6, 0x4,
    0xf9, 0x0, 0x0, 0x7e, 0x19, 0xf8, 0x0, 0x8,
    0xfc, 0x30, 0x7, 0xe1, 0xd6, 0x0, 0x0, 0x6,
    0xd1, 0x0, 0x0, 0x0, 0x0, 0x0, 0x0, 0x0,
    0x0,

    /* U+6001 "态" */
    0x0, 0x0, 0x0, 0x3f, 0x30, 0x0, 0x0, 0x0,
    0x0, 0x0, 0x5, 0xf2, 0x0, 0x0, 0x0, 0x5,
    0x55, 0x55, 0xaf, 0x65, 0x55, 0x55, 0x12, 0xff,
    0xff, 0xff, 0xff, 0xff, 0xff, 0xf2, 0x0, 0x0,
    0x2, 0xf9, 0xf6, 0x0, 0x0, 0x0, 0x0, 0x0,
    0xce, 0x8, 0xf4, 0x0, 0x0, 0x0, 0x2, 0xcf,
    0x83, 0xb, 0xf7, 0x0, 0x0, 0x4a, 0xfc, 0x3a,
    0xf8, 0x9, 0xfe, 0x81, 0xe, 0xb5, 0x0, 0x19,
    0xa1, 0x3, 0xac, 0x0, 0x6, 0x18, 0x38, 0xf3,
    0x0, 0x66, 0x0, 0x1, 0xf4, 0xf6, 0xa, 0xe2,
    0x6, 0xf1, 0x0, 0x6f, 0xf, 0x60, 0x8, 0x18,
    0x7e, 0x80, 0xe, 0x90, 0xea, 0x43, 0x34, 0xd9,
    0x8e, 0x0, 0x72, 0x7, 0xef, 0xff, 0xfd, 0x22,
    0x70,

    /* U+6027 "性" */
    0x0, 0x0, 0x0, 0x0, 0x0, 0x0, 0x0, 0x0,
    0x7, 0xe0, 0x1, 0x10, 0xba, 0x0, 0x0, 0x0,
    0x7e, 0x0, 0x5f, 0xb, 0xa0, 0x0, 0x0, 0x7,
    0xe0, 0x8, 0xd0, 0xba, 0x0, 0x0, 0x8, 0x9f,
    0xe1, 0xcd, 0x5d, 0xc5, 0x55, 0x0, 0xf9, 0xea,
    0x8f, 0xff, 0xff, 0xff, 0xd0, 0x2f, 0x7e, 0x4d,
    0xf1, 0xb, 0xa0, 0x0, 0x6, 0xb7, 0xe0, 0x89,
    0x0, 0xba, 0x0, 0x0, 0x23, 0x7e, 0x0, 0x45,
    0x5d, 0xc5, 0x53, 0x0, 0x7, 0xe0, 0xc, 0xff,
    0xff, 0xff, 0x80, 0x0, 0x7e, 0x0, 0x0, 0xb,
    0xa0, 0x0, 0x0, 0x7, 0xe0, 0x0, 0x0, 0xba,
    0x0, 0x0, 0x0, 0x7e, 0x0, 0x0, 0xb, 0xa0,
    0x0, 0x0, 0x7, 0xe0, 0x66, 0x66, 0xdc, 0x66,
    0x61, 0x0, 0x7e, 0xd, 0xee, 0xee, 0xee, 0xee,
    0x30,

    /* U+603B "总" */
    0x0, 0x0, 0x20, 0x0, 0x1, 0x10, 0x0, 0x0,
    0x0, 0x2f, 0x60, 0x0, 0xae, 0x0, 0x0, 0x0,
    0x0, 0x8e, 0x0, 0x2f, 0x70, 0x0, 0x0, 0x2,
    0x68, 0xe7, 0x6b, 0xf7, 0x60, 0x0, 0x0, 0x6f,
    0xed, 0xdd, 0xdd, 0xef, 0x10, 0x0, 0x6, 0xf1,
    0x0, 0x0, 0x7, 0xf1, 0x0, 0x0, 0x6f, 0x10,
    0x0, 0x0, 0x7f, 0x10, 0x0, 0x6, 0xff, 0xff,
    0xff, 0xff, 0xf1, 0x0, 0x0, 0x24, 0x44, 0x99,
    0x44, 0x44, 0x0, 0x0, 0x15, 0xb, 0x56, 0xf8,
    0x0, 0x85, 0x0, 0x7, 0xe0, 0xf7, 0x5, 0xf4,
    0x8, 0xe2, 0x0, 0xda, 0xf, 0x70, 0x2, 0x6,
    0x3c, 0xa0, 0x4f, 0x30, 0xeb, 0x43, 0x35, 0xe7,
    0x4c, 0x0, 0x20, 0x7, 0xef, 0xff, 0xfd, 0x10,
    0x0,

    /* U+606F "息" */
    0x0, 0x0, 0x0, 0x38, 0x20, 0x0, 0x0, 0x0,
    0x0, 0x22, 0x29, 0xf3, 0x22, 0x20, 0x0, 0x0,
    0x2f, 0xff, 0xff, 0xff, 0xff, 0x10, 0x0, 0x2,
    0xf4, 0x11, 0x11, 0x15, 0xf1, 0x0, 0x0, 0x2f,
    0xff, 0xff, 0xff, 0xff, 0x10, 0x0, 0x2, 0xf4,
    0x11, 0x11, 0x15, 0xf1, 0x0, 0x0, 0x2f, 0xff,
    0xff, 0xff, 0xff, 0x10, 0x0, 0x2, 0xf5, 0x22,
    0x22, 0x26, 0xf1, 0x0, 0x0, 0x2f, 0xff, 0xff,
    0xff, 0xff, 0x10, 0x0, 0x0, 0x0, 0x7, 0xe1,
    0x0, 0x3, 0x0, 0x2, 0xe3, 0xf4, 0xc, 0xd0,
    0x7, 0xf2, 0x0, 0x9e, 0x1f, 0x40, 0x19, 0xa,
    0x5e, 0xa0, 0x1f, 0x70, 0xf9, 0x44, 0x45, 0xf6,
    0x7e, 0x0, 0x50, 0x9, 0xff, 0xff, 0xfc, 0x10,
    0x0,

    /* U+60F3 "想" */
    0x0, 0x8, 0xc0, 0x0, 0x0, 0x0, 0x0, 0x0,
    0x0, 0x8c, 0x0, 0x5f, 0xff, 0xff, 0x60, 0x19,
    0x9c, 0xe9, 0x96, 0xe1, 0x11, 0xe6, 0x1, 0x88,
    0xfe, 0x88, 0x6f, 0xcc, 0xcf, 0x60, 0x0, 0x4f,
    0xe2, 0x5, 0xe4, 0x44, 0xf6, 0x0, 0xc, 0xff,
    0xe3, 0x5d, 0x11, 0x1e, 0x60, 0x9, 0xfa, 0xc9,
    0xf6, 0xff, 0xff, 0xf6, 0x3, 0xf5, 0x8c, 0x3,
    0x5d, 0x0, 0xe, 0x60, 0x2, 0x6, 0x90, 0x6,
    0xff, 0xff, 0xf6, 0x0, 0x2, 0x0, 0x8, 0xc1,
    0x0, 0x57, 0x0, 0x4, 0xf2, 0xc7, 0x1e, 0xb0,
    0x8, 0xf2, 0x0, 0x9d, 0xd, 0x80, 0x28, 0xc,
    0x2e, 0xa0, 0x2f, 0x70, 0xdb, 0x43, 0x37, 0xf1,
    0x7e, 0x0, 0x40, 0x7, 0xef, 0xff, 0xf9, 0x0,
    0x0,

    /* U+611F "感" */
    0x0, 0x0, 0x0, 0x0, 0x0, 0x0, 0x0, 0x0,
    0x0, 0x0, 0x0, 0x6, 0xe3, 0xd2, 0x0, 0x0,
    0x11, 0x11, 0x11, 0x6e, 0x1a, 0xd1, 0x0, 0x1f,
    0xff, 0xff, 0xff, 0xff, 0xff, 0xf2, 0x1, 0xf3,
    0x11, 0x11, 0x3f, 0x10, 0x40, 0x0, 0x2f, 0x7f,
    0xff, 0xf4, 0xf4, 0x3f, 0x30, 0x3, 0xf1, 0x22,
    0x22, 0xd, 0x7b, 0xb0, 0x0, 0x5f, 0x3f, 0xcc,
    0xf0, 0x8e, 0xf2, 0x0, 0x8, 0xc3, 0xe0, 0xf,
    0x7, 0xf8, 0xb, 0x30, 0xe7, 0x3f, 0xee, 0xfa,
    0xfc, 0xe8, 0xf3, 0x2c, 0x0, 0x0, 0x24, 0x44,
    0x7, 0xc9, 0x0, 0x6, 0x2e, 0x45, 0xf5, 0x0,
    0x5a, 0x0, 0x6, 0xf3, 0xf4, 0x6, 0xe1, 0x86,
    0xf6, 0x0, 0xe9, 0xf, 0x71, 0x12, 0x3e, 0x79,
    0xe0, 0x6, 0x10, 0xaf, 0xff, 0xff, 0xc1, 0x12,
    0x0,

    /* U+6162 "慢" */
    0x0, 0x5e, 0x0, 0x0, 0x0, 0x0, 0x0, 0x0,
    0x5, 0xe0, 0xf, 0xed, 0xdd, 0xdf, 0x60, 0x0,
    0x5e, 0x30, 0xfd, 0xaa, 0xab, 0xf6, 0x0, 0x98,
    0xed, 0x2f, 0x83, 0x33, 0x5f, 0x60, 0xc, 0x7e,
    0x95, 0x99, 0x99, 0x99, 0x93, 0x0, 0xf6, 0xe2,
    0xcd, 0xdd, 0xdd, 0xdd, 0xd1, 0x2c, 0x5e, 0xd,
    0x62, 0xf1, 0xd4, 0x3f, 0x10, 0x25, 0xe0, 0xdc,
    0xaf, 0xae, 0xba, 0xf1, 0x0, 0x5e, 0x4, 0x55,
    0x55, 0x55, 0x55, 0x0, 0x5, 0xe0, 0xff, 0xff,
    0xff, 0xff, 0x80, 0x0, 0x5e, 0x2, 0x9f, 0x72,
    0x4d, 0xe1, 0x0, 0x5, 0xe0, 0x0, 0x6f, 0xaf,
    0xb1, 0x0, 0x0, 0x5e, 0x15, 0x8b, 0xfe, 0xfc,
    0x96, 0x20, 0x5, 0xe3, 0xea, 0x51, 0x1, 0x59,
    0xe3, 0x0, 0x0, 0x0, 0x0, 0x0, 0x0, 0x0,
    0x0,

    /* U+6210 "成" */
    0x0, 0x0, 0x0, 0x0, 0x0, 0x0, 0x0, 0x0,
    0x0, 0x0, 0x0, 0xe, 0x87, 0xa1, 0x0, 0x0,
    0x0, 0x0, 0x0, 0xe9, 0x3e, 0xe2, 0x0, 0x2,
    0x22, 0x22, 0x2e, 0xa2, 0x4e, 0x51, 0x0, 0xff,
    0xff, 0xff, 0xff, 0xff, 0xff, 0x50, 0xf, 0x82,
    0x22, 0x2c, 0xc2, 0x22, 0x21, 0x0, 0xf6, 0x0,
    0x0, 0x9d, 0x1, 0xb3, 0x0, 0xf, 0xff, 0xff,
    0x37, 0xe0, 0x7f, 0x10, 0x0, 0xf9, 0x46, 0xf2,
    0x5f, 0x2e, 0xb0, 0x0, 0x1f, 0x50, 0x3f, 0x22,
    0xfb, 0xf3, 0x0, 0x2, 0xf3, 0x4, 0xf1, 0xe,
    0xf9, 0x0, 0x0, 0x4f, 0x43, 0x9f, 0x1, 0xdf,
    0x10, 0x93, 0x8, 0xf2, 0xff, 0x81, 0xdf, 0xf6,
    0xd, 0x60, 0xea, 0x0, 0x6, 0xfd, 0x29, 0xf8,
    0xf3, 0x1e, 0x30, 0x0, 0x7b, 0x0, 0xb, 0xfa,
    0x0, 0x0, 0x0, 0x0, 0x0, 0x0, 0x0, 0x0,

    /* U+6253 "打" */
    0x0, 0x1f, 0x40, 0x0, 0x0, 0x0, 0x0, 0x0,
    0x1, 0xf4, 0x5, 0x88, 0x88, 0x88, 0x84, 0x0,
    0x1f, 0x40, 0xaf, 0xff, 0xff, 0xff, 0x71, 0x68,
    0xf9, 0x62, 0x22, 0x2a, 0xe2, 0x21, 0x3d, 0xef,
    0xed, 0x20, 0x0, 0x9e, 0x0, 0x0, 0x1, 0xf4,
    0x0, 0x0, 0x9, 0xe0, 0x0, 0x0, 0x1f, 0x40,
    0x0, 0x0, 0x9e, 0x0, 0x0, 0x4, 0xfd, 0xf4,
    0x0, 0x9, 0xe0, 0x0, 0x3f, 0xff, 0xb5, 0x10,
    0x0, 0x9e, 0x0, 0x0, 0x74, 0xf4, 0x0, 0x0,
    0x9, 0xe0, 0x0, 0x0, 0x1f, 0x40, 0x0, 0x0,
    0x9e, 0x0, 0x0, 0x1, 0xf4, 0x0, 0x0, 0x9,
    0xe0, 0x0, 0x3, 0x6f, 0x40, 0x2, 0x66, 0xdd,
    0x0, 0x0, 0xaf, 0xc0, 0x0, 0x1f, 0xfe, 0x60,
    0x0, 0x0, 0x0, 0x0, 0x0, 0x0, 0x0, 0x0,
    0x0,

    /* U+626B "扫" */
    0x0, 0x2f, 0x30, 0x0, 0x0, 0x0, 0x0, 0x0,
    0x2f, 0x30, 0x78, 0x88, 0x88, 0x83, 0x0, 0x2f,
    0x30, 0xbd, 0xdd, 0xdd, 0xf6, 0x3f, 0xff, 0xff,
    0x0, 0x0, 0x0, 0xe6, 0x15, 0x7f, 0x85, 0x0,
    0x0, 0x0, 0xe6, 0x0, 0x2f, 0x30, 0x0, 0x0,
    0x0, 0xe6, 0x0, 0x2f, 0x30, 0x36, 0x66, 0x66,
    0xf6, 0x0, 0x5f, 0xdf, 0x8f, 0xff, 0xff, 0xf6,
    0x4f, 0xff, 0xa5, 0x0, 0x0, 0x0, 0xe6, 0x5,
    0x3f, 0x30, 0x0, 0x0, 0x0, 0xe6, 0x0, 0x2f,
    0x30, 0x0, 0x0, 0x0, 0xe6, 0x0, 0x2f, 0x30,
    0x22, 0x22, 0x22, 0xe6, 0x3, 0x6f, 0x30, 0xff,
    0xff, 0xff, 0xf6, 0xa, 0xfc, 0x0, 0x11, 0x11,
    0x11, 0xe6, 0x0, 0x0, 0x0, 0x0, 0x0, 0x0,
    0x0,

    /* U+628A "把" */
    0x0, 0x5f, 0x0, 0x0, 0x0, 0x0, 0x0, 0x0,
    0x5, 0xf0, 0xb, 0xff, 0xff, 0xff, 0xe0, 0x0,
    0x5f, 0x0, 0xbd, 0x59, 0xf5, 0xbe, 0x1, 0xde,
    0xfd, 0x6b, 0xc0, 0x6e, 0x8, 0xe0, 0x6, 0xaf,
    0x63, 0xbc, 0x6, 0xe0, 0x8e, 0x0, 0x5, 0xf0,
    0xb, 0xc0, 0x6e, 0x8, 0xe0, 0x0, 0x5f, 0x0,
    0xbc, 0x6, 0xe0, 0x9e, 0x0, 0x8, 0xfd, 0xbb,
    0xff, 0xff, 0xff, 0xe0, 0x2f, 0xff, 0x73, 0xbd,
    0x44, 0x44, 0xae, 0x0, 0x36, 0xf0, 0xb, 0xc0,
    0x0, 0x0, 0x0, 0x0, 0x5f, 0x0, 0xbc, 0x0,
    0x0, 0x5, 0x20, 0x5, 0xf0, 0xb, 0xc0, 0x0,
    0x0, 0xc9, 0x3, 0x9f, 0x0, 0xae, 0x65, 0x55,
    0x6f, 0x60, 0x9f, 0x90, 0x3, 0xdf, 0xff, 0xff,
    0xb0,

    /* U+62DF "拟" */
    0x0, 0x9a, 0x0, 0x0, 0x0, 0x0, 0x31, 0x0,
    0x9, 0xa0, 0xf, 0x52, 0x0, 0x2f, 0x40, 0x0,
    0x9a, 0x0, 0xf7, 0xf3, 0x3, 0xf3, 0x4, 0xdf,
    0xfd, 0xf, 0x5b, 0xb0, 0x3f, 0x20, 0x26, 0xbc,
    0x60, 0xf5, 0x3f, 0x24, 0xf1, 0x0, 0x9, 0xa0,
    0xf, 0x50, 0xe8, 0x7f, 0x0, 0x0, 0x9a, 0x30,
    0xf5, 0x4, 0x29, 0xc0, 0x1, 0x5c, 0xff, 0x1f,
    0x50, 0x0, 0xca, 0x0, 0x6f, 0xfc, 0x20, 0xf5,
    0x5, 0x1f, 0xc0, 0x1, 0x19, 0xa0, 0xf, 0x8d,
    0xd7, 0xff, 0x40, 0x0, 0x9a, 0x0, 0xff, 0xb1,
    0xda, 0xcb, 0x0, 0x9, 0xa0, 0x7f, 0x70, 0x9f,
    0x25, 0xf1, 0x4, 0xba, 0x3, 0x50, 0x8f, 0x80,
    0xf, 0x70, 0xee, 0x50, 0x0, 0x5, 0x90, 0x0,
    0x51,

    /* U+6301 "持" */
    0x0, 0xaa, 0x0, 0x0, 0xd, 0x70, 0x0, 0x0,
    0xa, 0xa0, 0x0, 0x0, 0xd7, 0x0, 0x0, 0x0,
    0xaa, 0x0, 0xff, 0xff, 0xff, 0xf8, 0x6, 0xdf,
    0xfd, 0x14, 0x44, 0xea, 0x44, 0x20, 0x37, 0xdd,
    0x70, 0x0, 0xd, 0x70, 0x0, 0x0, 0xa, 0xa0,
    0xaf, 0xff, 0xff, 0xff, 0xf3, 0x0, 0xaa, 0x13,
    0x55, 0x55, 0x5f, 0x95, 0x10, 0x2c, 0xff, 0x21,
    0x11, 0x11, 0xf7, 0x10, 0x8f, 0xfd, 0x48, 0xff,
    0xff, 0xff, 0xff, 0x22, 0x3a, 0xa0, 0x13, 0x82,
    0x22, 0xf7, 0x20, 0x0, 0xaa, 0x0, 0x3f, 0x50,
    0xe, 0x60, 0x0, 0xa, 0xa0, 0x0, 0x8e, 0x0,
    0xe6, 0x0, 0x4, 0xc9, 0x0, 0x0, 0x44, 0x4f,
    0x50, 0x0, 0xee, 0x40, 0x0, 0x0, 0xcf, 0xd2,
    0x0, 0x0, 0x0, 0x0, 0x0, 0x0, 0x0, 0x0,
    0x0,

    /* U+6309 "按" */
    0x0, 0x0, 0x0, 0x0, 0x0, 0x0, 0x0, 0x0,
    0x3, 0xf2, 0x0, 0x0, 0xd9, 0x0, 0x0, 0x0,
    0x3f, 0x20, 0x0, 0xa, 0xd0, 0x0, 0x0, 0x3,
    0xf2, 0xf, 0xff, 0xff, 0xff, 0xf5, 0x1d, 0xef,
    0xe9, 0xf7, 0x46, 0x44, 0x4f, 0x50, 0x68, 0xf7,
    0x4f, 0x45, 0xf2, 0x0, 0xf5, 0x0, 0x3f, 0x20,
    0x41, 0xac, 0x0, 0x3, 0x10, 0x3, 0xf2, 0x7f,
    0xff, 0xff, 0xff, 0xf9, 0x0, 0x3f, 0xac, 0x4b,
    0xf5, 0x4a, 0xf5, 0x22, 0xbf, 0xfc, 0x60, 0xe9,
    0x0, 0xbc, 0x0, 0x1b, 0x8f, 0x20, 0x6f, 0xa1,
    0x2f, 0x60, 0x0, 0x3, 0xf2, 0x0, 0x5d, 0xfd,
    0xd0, 0x0, 0x0, 0x3f, 0x20, 0x0, 0x3e, 0xfe,
    0x60, 0x0, 0x37, 0xf1, 0x17, 0xbf, 0xb3, 0x9f,
    0xc2, 0xa, 0xfb, 0x1, 0xe9, 0x40, 0x0, 0x4d,
    0x20, 0x0, 0x0, 0x0, 0x0, 0x0, 0x0, 0x0,

    /* U+6311 "挑" */
    0x0, 0x5e, 0x0, 0x4, 0xd0, 0xc5, 0x0, 0x0,
    0x5, 0xe0, 0x0, 0x5e, 0xe, 0x60, 0x0, 0x0,
    0x5e, 0x7, 0x85, 0xe0, 0xe6, 0x2f, 0x41, 0xde,
    0xfd, 0x8f, 0x7e, 0xe, 0x69, 0xe0, 0x6, 0x9f,
    0x61, 0xce, 0xe0, 0xe9, 0xf4, 0x0, 0x5, 0xe0,
    0x4, 0x9e, 0xe, 0x97, 0x0, 0x0, 0x5e, 0x62,
    0x5, 0xe0, 0xe8, 0x0, 0x0, 0x5b, 0xfe, 0x41,
    0xbe, 0xe, 0xfc, 0x10, 0x2f, 0xee, 0x5, 0xef,
    0xd0, 0xe8, 0xdd, 0x10, 0x15, 0xe1, 0xf8, 0xaa,
    0xe, 0x61, 0xd9, 0x0, 0x5e, 0x2, 0xe, 0x70,
    0xe6, 0x3, 0x10, 0x5, 0xe0, 0xa, 0xe1, 0xe,
    0x60, 0x6c, 0x4, 0x9e, 0x1b, 0xf4, 0x0, 0xdb,
    0x6b, 0xa0, 0xbe, 0x81, 0xb3, 0x0, 0x6, 0xdd,
    0xc2,

    /* U+6362 "换" */
    0x0, 0x9b, 0x0, 0x4, 0xe3, 0x0, 0x0, 0x0,
    0x9, 0xb0, 0x0, 0xcf, 0x33, 0x31, 0x0, 0x0,
    0x9b, 0x0, 0x7f, 0xff, 0xff, 0xb0, 0x3, 0xae,
    0xea, 0x6f, 0x90, 0x8, 0xe1, 0x0, 0x27, 0xcd,
    0x7a, 0xff, 0xff, 0xff, 0xf4, 0x0, 0x9, 0xb0,
    0xe, 0x72, 0xf7, 0x3f, 0x40, 0x0, 0x9b, 0x0,
    0xe6, 0xf, 0x61, 0xf4, 0x0, 0xb, 0xee, 0x2e,
    0x60, 0xf5, 0x1f, 0x40, 0x4f, 0xfe, 0x85, 0xf8,
    0x4f, 0x75, 0xf7, 0x12, 0x7b, 0xb0, 0xef, 0xff,
    0xff, 0xff, 0xf4, 0x0, 0x9b, 0x0, 0x0, 0xde,
    0xd1, 0x0, 0x0, 0x9, 0xb0, 0x1, 0xcd, 0xa,
    0xd2, 0x0, 0x5, 0xcb, 0x17, 0xfc, 0x10, 0xb,
    0xf9, 0x10, 0xde, 0x55, 0xe6, 0x0, 0x0, 0x5,
    0xc2, 0x0, 0x0, 0x0, 0x0, 0x0, 0x0, 0x0,
    0x0,

    /* U+636E "据" */
    0x0, 0xc7, 0x0, 0x0, 0x0, 0x0, 0x0, 0x0,
    0xc, 0x70, 0x5f, 0xff, 0xff, 0xff, 0x60, 0x0,
    0xc7, 0x5, 0xf3, 0x33, 0x33, 0xf6, 0x5, 0xaf,
    0xda, 0x6f, 0x11, 0x11, 0x1e, 0x60, 0x59, 0xec,
    0x96, 0xff, 0xff, 0xff, 0xf6, 0x0, 0xc, 0x70,
    0x5f, 0x11, 0x6e, 0x11, 0x0, 0x0, 0xc7, 0x6,
    0xf3, 0x38, 0xf3, 0x33, 0x10, 0xd, 0xcd, 0x7f,
    0xff, 0xff, 0xff, 0xf4, 0x8f, 0xfd, 0x79, 0xd0,
    0x5, 0xe0, 0x0, 0x5, 0x7d, 0x70, 0x9a, 0x55,
    0x9f, 0x55, 0x20, 0x0, 0xc7, 0xd, 0x8f, 0xdc,
    0xcc, 0xf7, 0x0, 0xc, 0x71, 0xf4, 0xf3, 0x0,
    0xc, 0x70, 0x14, 0xe7, 0x8f, 0xf, 0x63, 0x33,
    0xd7, 0x2, 0xfd, 0x2b, 0x70, 0xfe, 0xdd, 0xdf,
    0x70, 0x0, 0x0, 0x0, 0x2, 0x0, 0x0, 0x10,
    0x0,

    /* U+6392 "排" */
    0x0, 0x4f, 0x0, 0x0, 0xd5, 0x3e, 0x10, 0x0,
    0x4, 0xf0, 0x0, 0xe, 0x63, 0xf1, 0x0, 0x0,
    0x4f, 0x0, 0x0, 0xe6, 0x3f, 0x10, 0x0, 0x69,
    0xf7, 0x3f, 0xff, 0x63, 0xff, 0xf5, 0x1d, 0xef,
    0xd7, 0x55, 0xf6, 0x3f, 0x65, 0x10, 0x4, 0xf0,
    0x0, 0xe, 0x63, 0xf1, 0x0, 0x0, 0x4f, 0x0,
    0xff, 0xf6, 0x3f, 0xff, 0x30, 0x17, 0xfd, 0x93,
    0x3f, 0x63, 0xf4, 0x30, 0x2f, 0xff, 0x72, 0x0,
    0xe6, 0x3f, 0x10, 0x0, 0x44, 0xf0, 0x4f, 0xff,
    0x63, 0xfe, 0xe7, 0x0, 0x4f, 0x1, 0x44, 0xf6,
    0x3f, 0x65, 0x20, 0x4, 0xf0, 0x0, 0xe, 0x63,
    0xf1, 0x0, 0x2, 0x7f, 0x0, 0x0, 0xe6, 0x3f,
    0x10, 0x0, 0x9f, 0xa0, 0x0, 0xe, 0x63, 0xf1,
    0x0, 0x0, 0x0, 0x0, 0x0, 0x0, 0x0, 0x0,
    0x0,

    /* U+63A2 "探" */
    0x0, 0x8b, 0x0, 0x0, 0x0, 0x0, 0x0, 0x0,
    0x8, 0xb0, 0x7f, 0xff, 0xff, 0xff, 0xe0, 0x0,
    0x8b, 0x7, 0xb2, 0x22, 0x33, 0x6e, 0x2, 0xdf,
    0xfd, 0x78, 0x5c, 0x9, 0xa3, 0xb0, 0x16, 0xbd,
    0x60, 0x3f, 0x70, 0x2e, 0xa0, 0x0, 0x8, 0xb0,
    0x4f, 0xb0, 0x0, 0x3f, 0x70, 0x0, 0x8b, 0x13,
    0xa0, 0xf, 0x50, 0x65, 0x0, 0x1b, 0xff, 0x44,
    0x44, 0xf8, 0x44, 0x40, 0x3f, 0xfd, 0x49, 0xff,
    0xff, 0xff, 0xff, 0x0, 0x59, 0xb0, 0x0, 0x3f,
    0xff, 0x90, 0x0, 0x0, 0x8b, 0x0, 0x2e, 0x7f,
    0x7f, 0x60, 0x0, 0x8, 0xb0, 0x6f, 0xa0, 0xf5,
    0x5f, 0x90, 0x3, 0xbb, 0x2f, 0x70, 0xf, 0x50,
    0x4e, 0x20, 0xde, 0x60, 0x0, 0x0, 0xf5, 0x0,
    0x0,

    /* U+63A5 "接" */
    0x0, 0xa9, 0x0, 0x0, 0x4b, 0x0, 0x0, 0x0,
    0xa, 0x90, 0x1, 0x13, 0xf6, 0x11, 0x10, 0x0,
    0xa9, 0x3, 0xff, 0xff, 0xff, 0xfe, 0x3, 0xae,
    0xea, 0x1, 0xc4, 0x1, 0xc5, 0x0, 0x27, 0xdc,
    0x70, 0x9, 0xa0, 0x6e, 0x10, 0x0, 0xa, 0x90,
    0xae, 0xee, 0xef, 0xfe, 0xe3, 0x0, 0xa9, 0x13,
    0x44, 0xaa, 0x44, 0x44, 0x10, 0x2c, 0xfe, 0x0,
    0xe, 0x70, 0x0, 0x0, 0x6f, 0xfd, 0x5e, 0xff,
    0xff, 0xff, 0xff, 0x62, 0x4b, 0x90, 0x24, 0xf7,
    0x23, 0xe9, 0x21, 0x0, 0xa9, 0x0, 0xcf, 0x61,
    0x8f, 0x20, 0x0, 0xa, 0x90, 0x1, 0x7d, 0xff,
    0x90, 0x0, 0x4, 0xc9, 0x3, 0x6a, 0xed, 0xaf,
    0xc4, 0x0, 0xee, 0x40, 0xdc, 0x94, 0x0, 0x2b,
    0xa0, 0x0, 0x0, 0x0, 0x0, 0x0, 0x0, 0x0,
    0x0,

    /* U+63A7 "控" */
    0x0, 0x0, 0x0, 0x0, 0x0, 0x0, 0x0, 0x0,
    0xa, 0xa0, 0x0, 0x3, 0xe1, 0x0, 0x0, 0x0,
    0xaa, 0x0, 0x11, 0x1f, 0x81, 0x11, 0x0, 0xa,
    0xa0, 0x8f, 0xff, 0xff, 0xff, 0xf2, 0x4f, 0xff,
    0xf9, 0xb3, 0x33, 0x33, 0x5f, 0x21, 0x5c, 0xc5,
    0x67, 0x4d, 0x17, 0x91, 0x81, 0x0, 0xaa, 0x0,
    0x4f, 0x80, 0x2e, 0xb0, 0x0, 0xa, 0xa0, 0x4f,
    0x90, 0x0, 0x2e, 0xa0, 0x0, 0xae, 0xe1, 0x82,
    0x22, 0x22, 0x42, 0x4, 0xdf, 0xe7, 0xe, 0xff,
    0xff, 0xff, 0x40, 0x39, 0xca, 0x0, 0x0, 0x1f,
    0x60, 0x0, 0x0, 0xa, 0xa0, 0x0, 0x0, 0xf5,
    0x0, 0x0, 0x0, 0xaa, 0x0, 0x0, 0xf, 0x50,
    0x0, 0x0, 0x4c, 0x90, 0x55, 0x55, 0xf9, 0x55,
    0x51, 0xe, 0xe4, 0xe, 0xee, 0xee, 0xee, 0xee,
    0x50,

    /* U+63A8 "推" */
    0x0, 0x5f, 0x0, 0x7, 0x92, 0xb1, 0x0, 0x0,
    0x5, 0xf0, 0x0, 0xe8, 0xf, 0x80, 0x0, 0x0,
    0x5f, 0x0, 0x4f, 0x63, 0xab, 0x33, 0x2, 0xef,
    0xfe, 0x8a, 0xff, 0xff, 0xff, 0xf0, 0x5, 0x9f,
    0x56, 0xff, 0x11, 0xe6, 0x11, 0x0, 0x5, 0xf0,
    0xdf, 0xe0, 0xe, 0x50, 0x0, 0x0, 0x5f, 0x2e,
    0x8f, 0xff, 0xff, 0xfc, 0x0, 0x8, 0xfe, 0x85,
    0xf3, 0x3f, 0x83, 0x20, 0x2f, 0xff, 0x71, 0x5f,
    0x0, 0xe6, 0x0, 0x0, 0x66, 0xf0, 0x5, 0xff,
    0xff, 0xff, 0xc0, 0x0, 0x5f, 0x0, 0x5f, 0x22,
    0xe7, 0x22, 0x0, 0x5, 0xf0, 0x5, 0xf0, 0xe,
    0x60, 0x0, 0x4, 0x9f, 0x0, 0x5f, 0xff, 0xff,
    0xff, 0x40, 0xaf, 0x90, 0x5, 0xf3, 0x33, 0x33,
    0x31, 0x0, 0x0, 0x0, 0x0, 0x0, 0x0, 0x0,
    0x0,

    /* U+63CF "描" */
    0x0, 0xaa, 0x0, 0xe, 0x60, 0xf, 0x60, 0x0,
    0xa, 0xa0, 0x0, 0xe6, 0x0, 0xf6, 0x0, 0x0,
    0xaa, 0x3, 0x4e, 0x94, 0x4f, 0x94, 0x12, 0x6c,
    0xc6, 0xaf, 0xff, 0xff, 0xff, 0xf3, 0x28, 0xdd,
    0x81, 0xe, 0x60, 0xf, 0x60, 0x0, 0xa, 0xa0,
    0x0, 0x10, 0x0, 0x10, 0x0, 0x0, 0xaa, 0x11,
    0xff, 0xff, 0xff, 0xfb, 0x0, 0x3c, 0xff, 0x3f,
    0x44, 0xf8, 0x4b, 0xb0, 0x6f, 0xfc, 0x41, 0xf0,
    0xf, 0x60, 0x9b, 0x1, 0x2a, 0xa0, 0x1f, 0xff,
    0xff, 0xff, 0xb0, 0x0, 0xaa, 0x1, 0xf4, 0x3f,
    0x83, 0xab, 0x0, 0xa, 0xa0, 0x1f, 0x0, 0xf6,
    0x9, 0xb0, 0x4, 0xc9, 0x1, 0xff, 0xff, 0xff,
    0xfb, 0x0, 0xfe, 0x40, 0x1f, 0x54, 0x44, 0x4b,
    0xb0, 0x0, 0x0, 0x0, 0x10, 0x0, 0x0, 0x0,
    0x0,

    /* U+641C "搜" */
    0x0, 0x0, 0x0, 0x0, 0x0, 0x0, 0x0, 0x0,
    0x9, 0xb0, 0x0, 0x0, 0xe4, 0x0, 0x0, 0x0,
    0x9b, 0x0, 0x2b, 0xbe, 0x43, 0x32, 0x0, 0x9,
    0xb0, 0x2f, 0xb4, 0xe4, 0xde, 0xe0, 0x28, 0xde,
    0x84, 0xf1, 0xe, 0x41, 0x6e, 0x3, 0xad, 0xea,
    0x4f, 0xf7, 0xe4, 0xdf, 0xe0, 0x0, 0x9b, 0x2,
    0xf0, 0xe, 0x40, 0x4e, 0x0, 0x9, 0xb4, 0x3f,
    0xff, 0xff, 0xff, 0xe0, 0x1, 0xbf, 0xf4, 0x22,
    0x2e, 0x62, 0x22, 0x4, 0xff, 0xe4, 0x13, 0x33,
    0xf7, 0x33, 0x10, 0x18, 0xbb, 0x4, 0xff, 0xee,
    0xef, 0xf9, 0x0, 0x9, 0xb0, 0x5, 0xe4, 0x0,
    0x9d, 0x0, 0x0, 0x9b, 0x0, 0x5, 0xea, 0xdc,
    0x10, 0x0, 0x5c, 0xb0, 0x47, 0xbf, 0xdf, 0xea,
    0x61, 0xd, 0xe5, 0x1f, 0xc8, 0x30, 0x4, 0x9e,
    0x30, 0x0, 0x0, 0x0, 0x0, 0x0, 0x0, 0x0,

    /* U+64AD "播" */
    0x0, 0x5e, 0x0, 0x1, 0x34, 0x7a, 0xd2, 0x0,
    0x5, 0xe0, 0x7f, 0xfe, 0xfc, 0xa8, 0x20, 0x0,
    0x5e, 0x0, 0x78, 0xf, 0x35, 0xe0, 0x1, 0xde,
    0xfd, 0x53, 0xe0, 0xf4, 0xc7, 0x0, 0x6, 0xaf,
    0x6e, 0xff, 0xff, 0xff, 0xff, 0x20, 0x5, 0xe0,
    0x22, 0x8f, 0xfe, 0xd3, 0x20, 0x0, 0x5e, 0x42,
    0x7f, 0x4f, 0x4c, 0xc2, 0x0, 0x4b, 0xff, 0xee,
    0x30, 0xd3, 0xa, 0xf4, 0x3f, 0xee, 0x5, 0xee,
    0xee, 0xee, 0xe9, 0x0, 0x15, 0xe0, 0xf, 0x52,
    0xf4, 0x2e, 0x60, 0x0, 0x5e, 0x0, 0xfd, 0xcf,
    0xdc, 0xf6, 0x0, 0x5, 0xe0, 0xf, 0x63, 0xf5,
    0x3e, 0x60, 0x4, 0x9e, 0x0, 0xf6, 0x3f, 0x63,
    0xe6, 0x0, 0xbe, 0x80, 0xf, 0xdc, 0xcc, 0xce,
    0x50,

    /* U+6536 "收" */
    0x0, 0x0, 0x0, 0x0, 0x10, 0x0, 0x0, 0x0,
    0x1, 0xf4, 0x6, 0xf1, 0x0, 0x0, 0x25, 0x1,
    0xf4, 0xa, 0xe0, 0x0, 0x0, 0x7e, 0x1, 0xf4,
    0xe, 0xb0, 0x0, 0x0, 0x7e, 0x1, 0xf4, 0x2f,
    0xff, 0xff, 0xf6, 0x7e, 0x1, 0xf4, 0x8f, 0x65,
    0x6f, 0x92, 0x7e, 0x1, 0xf5, 0xef, 0x50, 0x3f,
    0x20, 0x7e, 0x1, 0xfc, 0xfb, 0xc0, 0x7e, 0x0,
    0x7e, 0x1, 0xf6, 0x62, 0xf2, 0xca, 0x0, 0x7e,
    0x4, 0xf4, 0x0, 0xcb, 0xf3, 0x0, 0x9f, 0xef,
    0xf4, 0x0, 0x5f, 0xc0, 0x0, 0xce, 0x83, 0xf4,
    0x0, 0x6f, 0xc0, 0x0, 0x20, 0x1, 0xf4, 0x6,
    0xfa, 0xfb, 0x0, 0x0, 0x1, 0xf6, 0xbf, 0x90,
    0x3f, 0xe3, 0x0, 0x1, 0xf5, 0xc5, 0x0, 0x2,
    0xb1, 0x0, 0x0, 0x0, 0x0, 0x0, 0x0, 0x0,

    /* U+6539 "改" */
    0x0, 0x0, 0x0, 0x0, 0x28, 0x0, 0x0, 0x0,
    0x9a, 0xaa, 0xa4, 0x7, 0xf0, 0x0, 0x0, 0xa,
    0xbb, 0xbf, 0x70, 0xcb, 0x0, 0x0, 0x0, 0x0,
    0x0, 0xe7, 0xf, 0xff, 0xff, 0xf2, 0x0, 0x0,
    0xe, 0x76, 0xf6, 0x57, 0xf8, 0x0, 0x45, 0x55,
    0xf7, 0xdf, 0x50, 0x5f, 0x10, 0xb, 0xff, 0xff,
    0xef, 0xd9, 0x9, 0xd0, 0x0, 0xba, 0x0, 0x2,
    0x85, 0xe0, 0xe9, 0x0, 0xb, 0xa0, 0x0, 0x0,
    0xe, 0xaf, 0x30, 0x0, 0xba, 0x0, 0x0, 0x0,
    0x9f, 0xc0, 0x0, 0xb, 0xa0, 0x4a, 0x70, 0x8,
    0xf9, 0x0, 0x0, 0xde, 0xef, 0xc4, 0x7, 0xfc,
    0xf7, 0x0, 0x1f, 0xe8, 0x20, 0x3c, 0xf8, 0x9,
    0xfa, 0x10, 0x50, 0x0, 0x6, 0xe5, 0x0, 0x6,
    0xd1, 0x0, 0x0, 0x0, 0x0, 0x0, 0x0, 0x0,
    0x0,

    /* U+653E "放" */
    0x0, 0x9, 0x20, 0x0, 0x29, 0x10, 0x0, 0x0,
    0x0, 0xd8, 0x0, 0x7, 0xf0, 0x0, 0x0, 0x25,
    0x5a, 0xa5, 0x50, 0xbc, 0x0, 0x0, 0x7, 0xff,
    0xff, 0xff, 0x1f, 0xff, 0xff, 0xf3, 0x0, 0xd6,
    0x0, 0x4, 0xf8, 0x58, 0xf6, 0x10, 0xd, 0x82,
    0x21, 0xbf, 0x80, 0x7d, 0x0, 0x0, 0xdf, 0xff,
    0xcf, 0xed, 0xb, 0xa0, 0x0, 0xe, 0x71, 0xda,
    0xb4, 0xf3, 0xf6, 0x0, 0x0, 0xf6, 0xe, 0x70,
    0xe, 0xcf, 0x0, 0x0, 0x2f, 0x40, 0xe6, 0x0,
    0x8f, 0x90, 0x0, 0x5, 0xf1, 0xf, 0x50, 0x9,
    0xf9, 0x0, 0x0, 0xbb, 0x0, 0xf5, 0x8, 0xfb,
    0xf7, 0x0, 0x5f, 0x53, 0x6f, 0x6c, 0xf7, 0x9,
    0xfa, 0x16, 0xa0, 0xbf, 0xa5, 0xd4, 0x0, 0x7,
    0xc0, 0x0, 0x0, 0x0, 0x0, 0x0, 0x0, 0x0,
    0x0,

    /* U+6570 "数" */
    0x4, 0x43, 0xf0, 0x63, 0xa, 0x60, 0x0, 0x0,
    0x6d, 0x4f, 0x2f, 0x30, 0xf5, 0x0, 0x0, 0x1,
    0xc5, 0xf5, 0x80, 0x3f, 0x30, 0x0, 0x3, 0xff,
    0xff, 0xff, 0xf6, 0xff, 0xff, 0xf3, 0x0, 0x5f,
    0xfe, 0x60, 0xbf, 0x56, 0xf7, 0x11, 0x8f, 0x9f,
    0x4e, 0x6f, 0xf2, 0x4f, 0x0, 0x2d, 0x43, 0x80,
    0xa, 0xdc, 0x67, 0xc0, 0x0, 0x0, 0xd7, 0x0,
    0x56, 0x7b, 0xb9, 0x0, 0xe, 0xff, 0xff, 0xf5,
    0x3, 0xff, 0x30, 0x0, 0x2d, 0xa2, 0x7f, 0x0,
    0xe, 0xd0, 0x0, 0x3, 0xfb, 0x4e, 0x70, 0x3,
    0xfe, 0x10, 0x0, 0x2, 0xbf, 0xf1, 0x1, 0xeb,
    0xdc, 0x0, 0x4, 0xaf, 0x8b, 0x96, 0xfc, 0x2,
    0xfd, 0x22, 0xe9, 0x20, 0x1, 0xe8, 0x0, 0x2,
    0xc2, 0x0, 0x0, 0x0, 0x0, 0x0, 0x0, 0x0,
    0x0,

    /* U+6574 "整" */
    0x0, 0x4, 0xf0, 0x0, 0xa, 0x70, 0x0, 0x1,
    0xff, 0xff, 0xff, 0xa1, 0xf8, 0x33, 0x30, 0x0,
    0x4, 0xf0, 0x0, 0x7f, 0xff, 0xff, 0x30, 0xae,
    0xef, 0xdf, 0x8f, 0xe3, 0x6f, 0x40, 0xa, 0x64,
    0xf0, 0xcc, 0xdc, 0x7b, 0xb0, 0x0, 0x9d, 0xff,
    0xed, 0x41, 0x3f, 0xf2, 0x0, 0x3, 0xbd, 0xf8,
    0xb1, 0x4a, 0xde, 0xb5, 0x1, 0xe7, 0x29, 0x1,
    0x4f, 0x70, 0x19, 0xf2, 0x1, 0x55, 0x55, 0x55,
    0x65, 0x55, 0x53, 0x0, 0x3c, 0xcc, 0xcd, 0xfd,
    0xcc, 0xcc, 0x30, 0x0, 0x7, 0x30, 0x3f, 0x53,
    0x33, 0x0, 0x0, 0x0, 0xe6, 0x3, 0xfd, 0xdd,
    0xd3, 0x0, 0x2, 0x2e, 0x82, 0x5f, 0x42, 0x22,
    0x22, 0x3, 0xff, 0xff, 0xff, 0xff, 0xff, 0xff,
    0xf4,

    /* U+6599 "料" */
    0x0, 0x0, 0x0, 0x0, 0x0, 0x0, 0x0, 0x0,
    0x0, 0xe7, 0x0, 0x0, 0x0, 0x5e, 0x0, 0xc,
    0xe, 0x75, 0xc0, 0xa4, 0x5, 0xe0, 0x0, 0xd2,
    0xe7, 0x99, 0x9, 0xf6, 0x5e, 0x0, 0xa, 0x6e,
    0x7d, 0x40, 0x8, 0xb5, 0xe0, 0x0, 0x87, 0xe8,
    0xe0, 0x0, 0x1, 0x5e, 0x0, 0x6, 0x6e, 0xa6,
    0x55, 0x50, 0x5, 0xe0, 0x1, 0xef, 0xff, 0xed,
    0x7f, 0xb1, 0x5e, 0x0, 0x0, 0x8f, 0xc0, 0x0,
    0x2c, 0x15, 0xe0, 0x0, 0xe, 0xff, 0xb0, 0x0,
    0x0, 0x5e, 0x33, 0x6, 0xbe, 0x8e, 0x83, 0x69,
    0xbe, 0xff, 0x91, 0xf4, 0xe7, 0x42, 0xfd, 0xa8,
    0x9e, 0x0, 0x2b, 0xe, 0x70, 0x0, 0x0, 0x5,
    0xe0, 0x0, 0x0, 0xe7, 0x0, 0x0, 0x0, 0x5e,
    0x0, 0x0, 0xe, 0x70, 0x0, 0x0, 0x5, 0xe0,
    0x0, 0x0, 0x0, 0x0, 0x0, 0x0, 0x0, 0x0,

    /* U+65B0 "新" */
    0x0, 0x5, 0x50, 0x0, 0x0, 0x0, 0x30, 0x0,
    0x0, 0x8e, 0x10, 0x2, 0x69, 0xef, 0x80, 0xf,
    0xff, 0xff, 0xf8, 0xbe, 0x95, 0x10, 0x0, 0x2d,
    0x21, 0xa9, 0xb, 0x90, 0x0, 0x0, 0x0, 0xd5,
    0xf, 0x40, 0xb9, 0x0, 0x0, 0x4, 0xef, 0xef,
    0xfe, 0xbb, 0xed, 0xdd, 0xd4, 0x13, 0x37, 0xf3,
    0x32, 0xbc, 0x7b, 0xf7, 0x20, 0x22, 0x7e, 0x22,
    0x1c, 0x80, 0x7e, 0x0, 0x3f, 0xff, 0xff, 0xf9,
    0xd7, 0x7, 0xe0, 0x0, 0x15, 0x5e, 0x24, 0xe,
    0x60, 0x7e, 0x0, 0x7, 0xc5, 0xe5, 0xe1, 0xf4,
    0x7, 0xe0, 0x1, 0xf4, 0x5e, 0xd, 0x9f, 0x10,
    0x7e, 0x0, 0x6, 0x17, 0xe0, 0x1a, 0xc0, 0x7,
    0xe0, 0x0, 0x6, 0xf9, 0x0, 0xb5, 0x0, 0x7e,
    0x0, 0x0, 0x0, 0x0, 0x0, 0x0, 0x1, 0x30,
    0x0,

    /* U+65B9 "方" */
    0x0, 0x0, 0x0, 0x28, 0x0, 0x0, 0x0, 0x0,
    0x0, 0x0, 0x3, 0xf6, 0x0, 0x0, 0x0, 0x1,
    0x11, 0x11, 0x1d, 0xa1, 0x11, 0x11, 0x0, 0xff,
    0xff, 0xff, 0xff, 0xff, 0xff, 0xf0, 0x4, 0x44,
    0x5f, 0x94, 0x44, 0x44, 0x44, 0x0, 0x0, 0x2,
    0xf5, 0x0, 0x0, 0x0, 0x0, 0x0, 0x0, 0x4f,
    0x96, 0x66, 0x66, 0x40, 0x0, 0x0, 0x7, 0xff,
    0xff, 0xff, 0xf9, 0x0, 0x0, 0x0, 0xbe, 0x0,
    0x0, 0xe, 0x70, 0x0, 0x0, 0x1f, 0xa0, 0x0,
    0x0, 0xf6, 0x0, 0x0, 0x9, 0xf3, 0x0, 0x0,
    0x2f, 0x40, 0x0, 0x4, 0xfb, 0x0, 0x0, 0x5,
    0xf2, 0x0, 0x6, 0xfd, 0x0, 0x5, 0x55, 0xce,
    0x0, 0x1, 0xda, 0x10, 0x0, 0xaf, 0xfe, 0x40,
    0x0, 0x0, 0x0, 0x0, 0x0, 0x0, 0x0, 0x0,
    0x0,

    /* U+65E5 "日" */
    0x6f, 0xff, 0xff, 0xff, 0xff, 0x86, 0xf6, 0x66,
    0x66, 0x66, 0xf8, 0x6f, 0x0, 0x0, 0x0, 0xe,
    0x86, 0xf0, 0x0, 0x0, 0x0, 0xe8, 0x6f, 0x0,
    0x0, 0x0, 0xe, 0x86, 0xf6, 0x66, 0x66, 0x66,
    0xf8, 0x6f, 0xff, 0xff, 0xff, 0xff, 0x86, 0xf0,
    0x0, 0x0, 0x0, 0xe8, 0x6f, 0x0, 0x0, 0x0,
    0xe, 0x86, 0xf0, 0x0, 0x0, 0x0, 0xe8, 0x6f,
    0x55, 0x55, 0x55, 0x5f, 0x86, 0xff, 0xff, 0xff,
    0xff, 0xf8, 0x6f, 0x0, 0x0, 0x0, 0xe, 0x80,

    /* U+65E9 "早" */
    0x0, 0x8f, 0xff, 0xff, 0xff, 0xff, 0xd0, 0x0,
    0x8, 0xd3, 0x33, 0x33, 0x33, 0xad, 0x0, 0x0,
    0x8d, 0x33, 0x33, 0x33, 0x3a, 0xd0, 0x0, 0x8,
    0xff, 0xff, 0xff, 0xff, 0xfd, 0x0, 0x0, 0x8c,
    0x0, 0x0, 0x0, 0x9, 0xd0, 0x0, 0x8, 0xff,
    0xff, 0xff, 0xff, 0xfd, 0x0, 0x0, 0x24, 0x44,
    0x5f, 0x84, 0x44, 0x30, 0x0, 0x0, 0x0, 0x1,
    0xf5, 0x0, 0x0, 0x0, 0x5, 0x55, 0x55, 0x6f,
    0x95, 0x55, 0x55, 0x21, 0xff, 0xff, 0xff, 0xff,
    0xff, 0xff, 0xf7, 0x0, 0x0, 0x0, 0x1f, 0x50,
    0x0, 0x0, 0x0, 0x0, 0x0, 0x1, 0xf5, 0x0,
    0x0, 0x0, 0x0, 0x0, 0x0, 0x1f, 0x50, 0x0,
    0x0, 0x0,

    /* U+65F6 "时" */
    0x0, 0x0, 0x0, 0x0, 0x0, 0xe7, 0x0, 0xbc,
    0xcc, 0xb0, 0x0, 0x0, 0xe7, 0x0, 0xec, 0x9c,
    0xe0, 0x0, 0x0, 0xe7, 0x0, 0xe5, 0x6, 0xe6,
    0xee, 0xee, 0xff, 0xe2, 0xe5, 0x6, 0xe3, 0x77,
    0x77, 0xfb, 0x71, 0xe7, 0x27, 0xe0, 0x0, 0x0,
    0xe7, 0x0, 0xef, 0xff, 0xe0, 0xd8, 0x0, 0xe7,
    0x0, 0xe6, 0x17, 0xe0, 0x5f, 0x30, 0xe7, 0x0,
    0xe5, 0x6, 0xe0, 0xb, 0xd0, 0xe7, 0x0, 0xe5,
    0x6, 0xe0, 0x2, 0x80, 0xe7, 0x0, 0xef, 0xff,
    0xe0, 0x0, 0x0, 0xe7, 0x0, 0xe8, 0x44, 0x40,
    0x0, 0x0, 0xe7, 0x0, 0x93, 0x0, 0x0, 0x4,
    0x66, 0xf6, 0x0, 0x0, 0x0, 0x0, 0x8, 0xff,
    0xc1, 0x0, 0x0, 0x0, 0x0, 0x0, 0x0, 0x0,
    0x0,

    /* U+660E "明" */
    0xef, 0xff, 0xf0, 0xef, 0xff, 0xff, 0xee, 0x84,
    0x7f, 0xe, 0x94, 0x44, 0x9e, 0xe5, 0x3, 0xf0,
    0xe7, 0x0, 0x7, 0xee, 0x50, 0x3f, 0xe, 0xb7,
    0x77, 0xbe, 0xef, 0xff, 0xf0, 0xee, 0xdd, 0xde,
    0xee, 0x84, 0x7f, 0xe, 0x70, 0x0, 0x7e, 0xe5,
    0x3, 0xf0, 0xf6, 0x0, 0x7, 0xee, 0x60, 0x4f,
    0x2f, 0xed, 0xdd, 0xee, 0xef, 0xff, 0xf5, 0xf8,
    0x77, 0x7b, 0xee, 0x83, 0x33, 0x9d, 0x0, 0x0,
    0x7e, 0x41, 0x0, 0x1f, 0x80, 0x0, 0x7, 0xe0,
    0x0, 0xc, 0xe1, 0x0, 0x55, 0xbe, 0x0, 0x2,
    0xe4, 0x0, 0xc, 0xfe, 0x70, 0x0, 0x0, 0x0,
    0x0, 0x0, 0x0,

    /* U+6628 "昨" */
    0x0, 0x0, 0x0, 0x27, 0x0, 0x0, 0x0, 0x56,
    0x66, 0x20, 0x9f, 0x0, 0x0, 0x0, 0xee, 0xdf,
    0x60, 0xec, 0x33, 0x33, 0x31, 0xe6, 0xe, 0x65,
    0xff, 0xff, 0xff, 0xf5, 0xe6, 0xe, 0x7e, 0xc5,
    0xf2, 0x11, 0x10, 0xe7, 0x2e, 0xef, 0x34, 0xf2,
    0x0, 0x0, 0xef, 0xff, 0x77, 0x4, 0xff, 0xff,
    0xf0, 0xe6, 0xe, 0x60, 0x4, 0xf4, 0x33, 0x30,
    0xe6, 0xe, 0x60, 0x4, 0xf1, 0x0, 0x0, 0xe6,
    0xe, 0x60, 0x4, 0xfd, 0xdd, 0xd1, 0xef, 0xff,
    0x60, 0x4, 0xf6, 0x55, 0x50, 0xe9, 0x44, 0x20,
    0x4, 0xf1, 0x0, 0x0, 0x83, 0x0, 0x0, 0x4,
    0xf1, 0x0, 0x0, 0x0, 0x0, 0x0, 0x4, 0xf1,
    0x0, 0x0,

    /* U+662F "是" */
    0x0, 0x9f, 0xff, 0xff, 0xff, 0xff, 0x80, 0x0,
    0x9, 0xc0, 0x0, 0x0, 0x0, 0xe8, 0x0, 0x0,
    0x9f, 0xff, 0xff, 0xff, 0xff, 0x80, 0x0, 0x9,
    0xc0, 0x0, 0x0, 0x0, 0xe8, 0x0, 0x0, 0x9f,
    0xff, 0xff, 0xff, 0xff, 0x80, 0x0, 0x11, 0x11,
    0x11, 0x11, 0x11, 0x11, 0x10, 0xf, 0xff, 0xff,
    0xff, 0xff, 0xff, 0xff, 0x10, 0x11, 0x54, 0x12,
    0xf6, 0x11, 0x11, 0x10, 0x0, 0xe, 0x90, 0xf,
    0x84, 0x44, 0x40, 0x0, 0x4, 0xf9, 0x0, 0xff,
    0xff, 0xff, 0x10, 0x0, 0xcf, 0xf5, 0x1f, 0x50,
    0x0, 0x0, 0x0, 0xaf, 0x47, 0xfd, 0xf9, 0x54,
    0x44, 0x51, 0x3f, 0x70, 0x3, 0xad, 0xff, 0xff,
    0xff, 0x10, 0x10, 0x0, 0x0, 0x0, 0x0, 0x0,
    0x0,

    /* U+665A "晚" */
    0x0, 0x0, 0x0, 0x6, 0x10, 0x0, 0x0, 0x56,
    0x66, 0x10, 0x8f, 0x43, 0x20, 0x0, 0xee, 0xdf,
    0x42, 0xff, 0xff, 0xf2, 0x0, 0xe5, 0xf, 0x6e,
    0xc0, 0x1d, 0x70, 0x0, 0xe5, 0xf, 0xef, 0xff,
    0xff, 0xff, 0xe0, 0xe9, 0x5f, 0x6d, 0x83, 0xda,
    0x38, 0xe0, 0xef, 0xff, 0x4c, 0x60, 0xd7, 0x5,
    0xe0, 0xe5, 0xf, 0x4c, 0x83, 0xf8, 0x38, 0xe0,
    0xe5, 0xf, 0x4c, 0xff, 0xff, 0xff, 0xe0, 0xe5,
    0xf, 0x40, 0x7, 0xff, 0x50, 0x0, 0xef, 0xff,
    0x40, 0x1e, 0x8f, 0x50, 0x0, 0xe8, 0x44, 0x11,
    0xcd, 0x1f, 0x50, 0xa6, 0x82, 0x1, 0x6e, 0xd2,
    0xf, 0x83, 0xd6, 0x0, 0xa, 0xf8, 0x0, 0xb,
    0xff, 0xe1, 0x0, 0x1, 0x0, 0x0, 0x0, 0x0,
    0x0,

    /* U+6668 "晨" */
    0x0, 0x8f, 0xff, 0xff, 0xff, 0xff, 0x70, 0x0,
    0x8, 0xd1, 0x11, 0x11, 0x11, 0xe7, 0x0, 0x0,
    0x8f, 0xdd, 0xdd, 0xdd, 0xdf, 0x70, 0x0, 0x8,
    0xe7, 0x77, 0x77, 0x77, 0xf7, 0x0, 0x0, 0x36,
    0x66, 0x66, 0x66, 0x66, 0x30, 0x0, 0x1f, 0xff,
    0xff, 0xff, 0xff, 0xff, 0xd0, 0x1, 0xf5, 0x66,
    0x66, 0x66, 0x66, 0x31, 0x0, 0x2f, 0x47, 0x77,
    0x77, 0x77, 0x73, 0x0, 0x3, 0xff, 0xff, 0xff,
    0xff, 0xff, 0xff, 0x10, 0x5f, 0x26, 0xf1, 0x3f,
    0x71, 0x8d, 0x20, 0x9, 0xd0, 0x5f, 0x0, 0x5f,
    0xec, 0x30, 0x0, 0xe8, 0xc, 0xfb, 0xe9, 0x2b,
    0xfd, 0xa2, 0x2c, 0x10, 0xca, 0x63, 0x0, 0x2,
    0x79, 0x0, 0x0, 0x0, 0x0, 0x0, 0x0, 0x0,
    0x0,

    /* U+666F "景" */
    0x0, 0x7f, 0xee, 0xee, 0xee, 0xef, 0x70, 0x0,
    0x7, 0xe6, 0x66, 0x66, 0x66, 0xf7, 0x0, 0x0,
    0x7e, 0x55, 0x55, 0x55, 0x5f, 0x70, 0x0, 0x7,
    0xfe, 0xee, 0xee, 0xee, 0xf7, 0x0, 0x1, 0x11,
    0x11, 0x6f, 0x21, 0x11, 0x11, 0x1, 0xff, 0xff,
    0xff, 0xff, 0xff, 0xff, 0xf0, 0x2, 0x33, 0x33,
    0x33, 0x33, 0x33, 0x32, 0x0, 0x1, 0xff, 0xff,
    0xff, 0xff, 0xf3, 0x0, 0x0, 0x1f, 0x30, 0x0,
    0x0, 0x3f, 0x30, 0x0, 0x1, 0xff, 0xff, 0xff,
    0xff, 0xf3, 0x0, 0x0, 0x6, 0xa2, 0x2f, 0x33,
    0x93, 0x0, 0x1, 0x8d, 0xe5, 0x14, 0xf3, 0x18,
    0xed, 0x50, 0x8, 0x60, 0xe, 0xfc, 0x10, 0x0,
    0x76, 0x0,

    /* U+667A "智" */
    0x0, 0x32, 0x0, 0x0, 0x0, 0x0, 0x0, 0x0,
    0xda, 0x22, 0x20, 0x23, 0x33, 0x32, 0x6, 0xfe,
    0xff, 0xe4, 0xbf, 0xff, 0xfa, 0xc, 0x61, 0xf3,
    0x0, 0xb9, 0x0, 0xba, 0x1f, 0xff, 0xff, 0xea,
    0xb8, 0x0, 0xba, 0x1, 0x1b, 0xf9, 0x21, 0xba,
    0x44, 0xca, 0x0, 0x8f, 0x5c, 0xe4, 0xbf, 0xff,
    0xfa, 0xd, 0xc4, 0x11, 0x72, 0x11, 0x11, 0x0,
    0x1, 0xf, 0xff, 0xff, 0xff, 0xff, 0x60, 0x0,
    0xf, 0x60, 0x0, 0x0, 0xf, 0x60, 0x0, 0xf,
    0xff, 0xff, 0xff, 0xff, 0x60, 0x0, 0xf, 0x71,
    0x11, 0x11, 0x1f, 0x60, 0x0, 0xf, 0x84, 0x44,
    0x44, 0x4f, 0x60, 0x0, 0xf, 0xed, 0xdd, 0xdd,
    0xdf, 0x60,

    /* U+6696 "暖" */
    0x0, 0x0, 0x0, 0x12, 0x35, 0x79, 0x10, 0x44,
    0x44, 0x7f, 0xff, 0xfe, 0xdc, 0x50, 0xef, 0xff,
    0x17, 0x32, 0xc0, 0x1e, 0x40, 0xe4, 0x2f, 0xa,
    0x91, 0xf1, 0x8d, 0x0, 0xe4, 0x2f, 0x29, 0xc5,
    0xc6, 0xe9, 0x40, 0xe4, 0x2f, 0x5c, 0xef, 0xcc,
    0xcc, 0xa0, 0xef, 0xff, 0x43, 0xbc, 0x33, 0x33,
    0x30, 0xe7, 0x5f, 0xce, 0xff, 0xee, 0xee, 0xe2,
    0xe4, 0x2f, 0x0, 0xfa, 0x55, 0x55, 0x0, 0xe4,
    0x2f, 0x3, 0xfd, 0x88, 0xce, 0x0, 0xef, 0xff,
    0x9, 0xdf, 0x62, 0xe8, 0x0, 0xe7, 0x44, 0x3f,
    0x36, 0xfe, 0xc0, 0x0, 0x93, 0x2, 0xea, 0x17,
    0xff, 0xd7, 0x20, 0x0, 0xc, 0xa4, 0xff, 0x83,
    0xaf, 0xf3, 0x0, 0x1, 0x0, 0x40, 0x0, 0x1,
    0x30,

    /* U+66F2 "曲" */
    0x0, 0x0, 0xe6, 0x4, 0xf1, 0x0, 0x0, 0x0,
    0xe, 0x60, 0x4f, 0x10, 0x0, 0x0, 0x0, 0xe6,
    0x4, 0xf1, 0x0, 0x2, 0x66, 0x6f, 0xa6, 0x9f,
    0x76, 0x66, 0x6f, 0xee, 0xff, 0xef, 0xff, 0xef,
    0xe6, 0xe0, 0xe, 0x60, 0x4f, 0x10, 0x7e, 0x6e,
    0x0, 0xe6, 0x4, 0xf1, 0x7, 0xe6, 0xf5, 0x5f,
    0xa5, 0x8f, 0x65, 0xae, 0x6f, 0xff, 0xff, 0xff,
    0xff, 0xff, 0xe6, 0xe0, 0xe, 0x60, 0x4f, 0x10,
    0x7e, 0x6e, 0x0, 0xe6, 0x4, 0xf1, 0x7, 0xe6,
    0xe1, 0x1e, 0x71, 0x5f, 0x21, 0x8e, 0x6f, 0xff,
    0xff, 0xff, 0xff, 0xff, 0xe6, 0xf4, 0x44, 0x44,
    0x44, 0x44, 0x9e,

    /* U+66F4 "更" */
    0xf, 0xff, 0xff, 0xff, 0xff, 0xff, 0xff, 0x0,
    0x33, 0x33, 0x35, 0xf8, 0x33, 0x33, 0x30, 0x0,
    0x24, 0x44, 0x5f, 0x84, 0x44, 0x40, 0x0, 0xa,
    0xfd, 0xdd, 0xfe, 0xdd, 0xef, 0x0, 0x0, 0xaa,
    0x11, 0x2f, 0x61, 0x16, 0xf0, 0x0, 0xa, 0xff,
    0xff, 0xff, 0xff, 0xff, 0x0, 0x0, 0xaa, 0x0,
    0x1f, 0x50, 0x5, 0xf0, 0x0, 0xa, 0xfe, 0xef,
    0xff, 0xee, 0xff, 0x0, 0x0, 0x3c, 0x63, 0x9f,
    0x33, 0x33, 0x30, 0x0, 0x0, 0xae, 0x4e, 0xa0,
    0x0, 0x0, 0x0, 0x0, 0x0, 0xdf, 0xf4, 0x0,
    0x0, 0x0, 0x0, 0x37, 0xdf, 0xce, 0xfe, 0xb8,
    0x76, 0x52, 0xd, 0xea, 0x40, 0x4, 0x8b, 0xcd,
    0xff, 0x20, 0x0, 0x0, 0x0, 0x0, 0x0, 0x0,
    0x0,

    /* U+66FF "替" */
    0x0, 0x6, 0xe0, 0x0, 0x0, 0xf4, 0x0, 0x0,
    0x12, 0x8e, 0x21, 0x2, 0x2f, 0x62, 0x10, 0x9,
    0xff, 0xff, 0xc2, 0xff, 0xff, 0xf9, 0x0, 0x22,
    0x8e, 0x22, 0x12, 0x3f, 0x62, 0x20, 0x1f, 0xff,
    0xff, 0xf7, 0xff, 0xff, 0xff, 0x10, 0x3, 0xff,
    0x70, 0x1, 0xdc, 0xf3, 0x0, 0x2, 0xdb, 0x5f,
    0x94, 0xdd, 0x18, 0xe5, 0x1, 0xfc, 0x32, 0x55,
    0x9c, 0x32, 0x38, 0xf3, 0x3, 0x4f, 0xff, 0xff,
    0xff, 0xff, 0x41, 0x0, 0x4, 0xf0, 0x0, 0x0,
    0x1, 0xf4, 0x0, 0x0, 0x4f, 0xff, 0xff, 0xff,
    0xff, 0x40, 0x0, 0x4, 0xf2, 0x11, 0x11, 0x13,
    0xf4, 0x0, 0x0, 0x4f, 0x54, 0x44, 0x44, 0x6f,
    0x40, 0x0, 0x4, 0xfe, 0xdd, 0xdd, 0xde, 0xe4,
    0x0,

    /* U+6700 "最" */
    0x0, 0x5f, 0xff, 0xff, 0xff, 0xff, 0x60, 0x0,
    0x5, 0xf1, 0x11, 0x11, 0x11, 0xf6, 0x0, 0x0,
    0x5f, 0xcc, 0xcc, 0xcc, 0xcf, 0x60, 0x0, 0x5,
    0xf6, 0x66, 0x66, 0x66, 0xf6, 0x0, 0x0, 0x26,
    0x66, 0x66, 0x66, 0x66, 0x20, 0x3, 0xff, 0xff,
    0xff, 0xff, 0xff, 0xff, 0xf2, 0x2, 0xe8, 0x25,
    0xf4, 0x33, 0x33, 0x32, 0x0, 0xd, 0xff, 0xff,
    0x7f, 0xff, 0xff, 0xa0, 0x0, 0xd8, 0x25, 0xf2,
    0x9b, 0x13, 0xf4, 0x0, 0xd, 0xff, 0xff, 0x11,
    0xe5, 0xbc, 0x0, 0x0, 0xd7, 0x36, 0xf7, 0x6,
    0xff, 0x10, 0x2, 0xef, 0xfe, 0xdf, 0x97, 0xec,
    0xed, 0x71, 0x3, 0x10, 0x3, 0xf5, 0xc4, 0x0,
    0x6c, 0x10,

    /* U+672C "本" */
    0x0, 0x0, 0x0, 0x3f, 0x30, 0x0, 0x0, 0x0,
    0x0, 0x0, 0x3, 0xf3, 0x0, 0x0, 0x0, 0x0,
    0x0, 0x0, 0x3f, 0x30, 0x0, 0x0, 0x0, 0x77,
    0x77, 0x79, 0xf9, 0x77, 0x77, 0x70, 0xf, 0xff,
    0xff, 0xff, 0xff, 0xff, 0xff, 0x0, 0x0, 0x3,
    0xf8, 0xf9, 0xf2, 0x0, 0x0, 0x0, 0x0, 0xcc,
    0x4f, 0x3d, 0xb0, 0x0, 0x0, 0x0, 0x6f, 0x43,
    0xf3, 0x5f, 0x50, 0x0, 0x0, 0x2e, 0x90, 0x3f,
    0x30, 0xbe, 0x20, 0x0, 0x1d, 0xd0, 0x3, 0xf3,
    0x1, 0xee, 0x20, 0x2e, 0xda, 0xff, 0xff, 0xff,
    0xfb, 0xef, 0x20, 0x81, 0x47, 0x79, 0xf9, 0x77,
    0x31, 0x70, 0x0, 0x0, 0x0, 0x3f, 0x30, 0x0,
    0x0, 0x0, 0x0, 0x0, 0x3, 0xf3, 0x0, 0x0,
    0x0,

    /* U+673A "机" */
    0x0, 0xb, 0x90, 0x0, 0x0, 0x0, 0x0, 0x0,
    0x0, 0xb9, 0x0, 0x8f, 0xff, 0xf7, 0x0, 0x0,
    0xb, 0x90, 0x8, 0xd5, 0x5f, 0x70, 0x0, 0x55,
    0xdc, 0x54, 0x8c, 0x0, 0xe7, 0x0, 0x1f, 0xff,
    0xff, 0xa8, 0xc0, 0xe, 0x70, 0x0, 0x1, 0xf9,
    0x0, 0x8c, 0x0, 0xe7, 0x0, 0x0, 0x7f, 0xe1,
    0x9, 0xc0, 0xe, 0x70, 0x0, 0xd, 0xff, 0xd1,
    0x9b, 0x0, 0xe7, 0x0, 0x5, 0xdb, 0x9c, 0x9b,
    0x90, 0xe, 0x70, 0x0, 0xd6, 0xb9, 0x22, 0xd7,
    0x0, 0xe7, 0x0, 0x4d, 0xb, 0x90, 0x2f, 0x30,
    0xe, 0x73, 0x70, 0x20, 0xb9, 0x8, 0xd0, 0x0,
    0xe7, 0x4c, 0x0, 0xb, 0x92, 0xf6, 0x0, 0xe,
    0xa8, 0xb0, 0x0, 0xb9, 0x4a, 0x0, 0x0, 0x8f,
    0xf5,

    /* U+6742 "杂" */
    0x0, 0x0, 0x7, 0xf0, 0x0, 0x0, 0x0, 0x0,
    0x0, 0x0, 0x9d, 0x0, 0x0, 0x0, 0x0, 0x6,
    0xff, 0xff, 0xff, 0xff, 0xd0, 0x0, 0x0, 0x25,
    0x58, 0xf8, 0x55, 0xae, 0x0, 0x0, 0x0, 0x2,
    0xdd, 0x0, 0x7, 0xe0, 0xe, 0x20, 0x28, 0xfd,
    0x10, 0x0, 0x7f, 0x8a, 0xf1, 0xe, 0xe8, 0x0,
    0x39, 0x11, 0xbc, 0xc7, 0x0, 0x42, 0x11, 0x16,
    0xf4, 0x11, 0x11, 0x10, 0xe, 0xff, 0xff, 0xff,
    0xff, 0xff, 0xfe, 0x0, 0x22, 0x33, 0x27, 0xf5,
    0x24, 0x22, 0x20, 0x0, 0xc, 0xd0, 0x5f, 0x22,
    0xf8, 0x0, 0x0, 0x2c, 0xe2, 0x5, 0xf2, 0x4,
    0xfa, 0x0, 0xb, 0xd2, 0x25, 0x9f, 0x20, 0x4,
    0xe3, 0x0, 0x0, 0x2, 0xff, 0xa0, 0x0, 0x0,
    0x0,

    /* U+6761 "条" */
    0x0, 0x0, 0x4, 0x60, 0x0, 0x0, 0x0, 0x0,
    0x0, 0x3, 0xfc, 0x33, 0x34, 0x10, 0x0, 0x0,
    0x3, 0xef, 0xee, 0xef, 0xfb, 0x0, 0x0, 0x7,
    0xfe, 0xe3, 0x1, 0xce, 0x10, 0x0, 0x7, 0xe5,
    0xa, 0xf8, 0xed, 0x20, 0x0, 0x0, 0x0, 0x1,
    0x7f, 0xff, 0x93, 0x0, 0x0, 0x16, 0x9c, 0xfe,
    0x82, 0x6d, 0xfe, 0xb8, 0x21, 0xfd, 0x95, 0x2,
    0xf4, 0x3, 0x7b, 0xd1, 0x0, 0x23, 0x33, 0x5f,
    0x73, 0x33, 0x30, 0x0, 0xa, 0xff, 0xff, 0xff,
    0xff, 0xfe, 0x0, 0x0, 0x0, 0x82, 0x2f, 0x41,
    0x70, 0x0, 0x0, 0x2, 0xcc, 0x2, 0xf4, 0x1d,
    0xc1, 0x0, 0x4, 0xfb, 0x2, 0x5f, 0x40, 0xc,
    0xd0, 0x0, 0x4, 0x0, 0x7f, 0xd1, 0x0, 0x15,
    0x0,

    /* U+6784 "构" */
    0x0, 0x0, 0x0, 0x0, 0x0, 0x0, 0x0, 0x0,
    0x2, 0xf3, 0x0, 0x8b, 0x0, 0x0, 0x0, 0x0,
    0x2f, 0x30, 0xd, 0xa0, 0x0, 0x0, 0x0, 0x2,
    0xf3, 0x2, 0xfa, 0x66, 0x66, 0x60, 0x3f, 0xff,
    0xfc, 0x9f, 0xee, 0xee, 0xff, 0x1, 0x59, 0xf7,
    0x7f, 0x71, 0x0, 0x6, 0xf0, 0x0, 0xaf, 0x97,
    0xd1, 0xf4, 0x0, 0x6f, 0x0, 0xe, 0xff, 0x41,
    0x6e, 0x0, 0x7, 0xe0, 0x4, 0xef, 0x9d, 0xb,
    0x77, 0x90, 0x7e, 0x0, 0xc9, 0xf3, 0x42, 0xf1,
    0x4f, 0x8, 0xd0, 0x5f, 0x3f, 0x30, 0xcf, 0xef,
    0xf6, 0x9c, 0x2, 0x72, 0xf3, 0x9, 0x84, 0x17,
    0x6b, 0xb0, 0x0, 0x2f, 0x30, 0x0, 0x0, 0x0,
    0xe9, 0x0, 0x2, 0xf3, 0x0, 0x0, 0x25, 0x7f,
    0x50, 0x0, 0x2f, 0x30, 0x0, 0x3, 0xff, 0xb0,
    0x0, 0x0, 0x0, 0x0, 0x0, 0x0, 0x0, 0x0,

    /* U+67B6 "架" */
    0x0, 0xe, 0x60, 0x0, 0x0, 0x0, 0x0, 0x0,
    0x0, 0xf6, 0x0, 0x5, 0x88, 0x88, 0x50, 0x1f,
    0xff, 0xff, 0xf6, 0xae, 0xcc, 0xfb, 0x0, 0x26,
    0xf3, 0x2f, 0x5a, 0xa0, 0xb, 0xb0, 0x0, 0x9c,
    0x1, 0xf4, 0xaa, 0x0, 0xbb, 0x0, 0x2f, 0x61,
    0x5f, 0x2a, 0xc6, 0x6d, 0xb0, 0x2f, 0xb0, 0xef,
    0xc0, 0x8c, 0xcc, 0xc9, 0x0, 0x50, 0x1, 0x14,
    0xf2, 0x0, 0x0, 0x0, 0x5, 0x55, 0x55, 0x7f,
    0x75, 0x55, 0x55, 0x1, 0xee, 0xee, 0xef, 0xff,
    0xee, 0xee, 0xe0, 0x0, 0x0, 0x2d, 0xef, 0xec,
    0x20, 0x0, 0x0, 0x1, 0x7f, 0x84, 0xf3, 0x9f,
    0x81, 0x0, 0x1a, 0xfd, 0x40, 0x3f, 0x20, 0x4c,
    0xfb, 0x10, 0x84, 0x0, 0x3, 0xf2, 0x0, 0x3,
    0x60,

    /* U+67D4 "柔" */
    0x0, 0x0, 0x0, 0x0, 0x0, 0x0, 0x0, 0x0,
    0x8, 0xff, 0xff, 0xff, 0xff, 0xe1, 0x0, 0x0,
    0x1, 0x28, 0x42, 0x7e, 0xd3, 0x0, 0x0, 0x0,
    0x2, 0x8d, 0xff, 0xa0, 0x0, 0x0, 0xc, 0xff,
    0xff, 0xff, 0xff, 0xff, 0xfb, 0x0, 0x22, 0x29,
    0xf8, 0xe9, 0x22, 0x9f, 0x20, 0x1, 0x6d, 0xe4,
    0xe, 0x80, 0x4f, 0x40, 0x0, 0xce, 0x70, 0xaf,
    0xf4, 0x0, 0x10, 0x0, 0x0, 0x0, 0x0, 0x4f,
    0x20, 0x0, 0x0, 0x1, 0xff, 0xff, 0xff, 0xff,
    0xff, 0xff, 0xf1, 0x3, 0x33, 0x5e, 0xff, 0xfe,
    0x53, 0x33, 0x0, 0x1, 0x7f, 0xa4, 0xf4, 0xaf,
    0x81, 0x0, 0x1a, 0xfe, 0x60, 0x3f, 0x20, 0x5d,
    0xfb, 0x20, 0x95, 0x0, 0x3, 0xf2, 0x0, 0x4,
    0x80,

    /* U+67E5 "查" */
    0x0, 0x0, 0x0, 0x3f, 0x20, 0x0, 0x0, 0x0,
    0x0, 0x0, 0x3, 0xf2, 0x0, 0x0, 0x0, 0x1f,
    0xff, 0xff, 0xff, 0xff, 0xff, 0xff, 0x10, 0x44,
    0x46, 0xfd, 0xfd, 0xe6, 0x44, 0x40, 0x0, 0x4,
    0xfb, 0x4f, 0x3c, 0xf6, 0x0, 0x0, 0x4b, 0xfc,
    0x3, 0xe2, 0xc, 0xfe, 0x71, 0x3f, 0xf8, 0x0,
    0x0, 0x0, 0x7, 0xff, 0x10, 0x72, 0xbf, 0xff,
    0xff, 0xff, 0xa1, 0x50, 0x0, 0xb, 0xa0, 0x0,
    0x0, 0xca, 0x0, 0x0, 0x0, 0xbf, 0xee, 0xee,
    0xef, 0xa0, 0x0, 0x0, 0xb, 0xa0, 0x0, 0x0,
    0xca, 0x0, 0x0, 0x0, 0xae, 0xee, 0xee, 0xee,
    0x90, 0x0, 0x4, 0x44, 0x44, 0x44, 0x44, 0x44,
    0x44, 0x0, 0xdf, 0xff, 0xff, 0xff, 0xff, 0xff,
    0xe0,

    /* U+6807 "标" */
    0x0, 0x1f, 0x40, 0x0, 0x0, 0x0, 0x0, 0x0,
    0x1, 0xf4, 0x1, 0x55, 0x55, 0x55, 0x10, 0x0,
    0x1f, 0x40, 0x3f, 0xff, 0xff, 0xf4, 0x1, 0x67,
    0xf9, 0x60, 0x0, 0x0, 0x0, 0x0, 0x3c, 0xef,
    0xdc, 0x10, 0x0, 0x0, 0x0, 0x0, 0xa, 0xf9,
    0xe, 0xff, 0xff, 0xff, 0xf1, 0x0, 0xff, 0xf6,
    0x44, 0x4e, 0xb4, 0x44, 0x0, 0x6e, 0xf8, 0xf1,
    0x10, 0xd9, 0x1, 0x0, 0xd, 0x8f, 0x44, 0x2f,
    0x1d, 0x97, 0xd0, 0x7, 0xe2, 0xf4, 0x7, 0xc0,
    0xd9, 0x1f, 0x40, 0x25, 0x1f, 0x40, 0xd6, 0xd,
    0x90, 0xba, 0x0, 0x1, 0xf4, 0x6e, 0x0, 0xd9,
    0x6, 0xe0, 0x0, 0x1f, 0x42, 0x43, 0x6e, 0x90,
    0x28, 0x0, 0x1, 0xf4, 0x0, 0x6f, 0xd3, 0x0,
    0x0, 0x0, 0x0, 0x0, 0x0, 0x0, 0x0, 0x0,
    0x0,

    /* U+680F "栏" */
    0x0, 0x3f, 0x10, 0x8, 0x30, 0x5, 0xa0, 0x0,
    0x3, 0xf1, 0x0, 0xac, 0x0, 0xbb, 0x0, 0x0,
    0x3f, 0x10, 0x2, 0xf4, 0x2f, 0x30, 0x0, 0xcd,
    0xfd, 0x93, 0x4b, 0x5b, 0xe4, 0x30, 0x8, 0xaf,
    0x96, 0xcf, 0xff, 0xff, 0xfa, 0x0, 0x8, 0xf7,
    0x0, 0x0, 0x0, 0x0, 0x0, 0x0, 0xdf, 0xf2,
    0x0, 0x0, 0x0, 0x0, 0x0, 0x3f, 0xfa, 0xb0,
    0x33, 0x33, 0x33, 0x0, 0xa, 0xbf, 0x34, 0x2f,
    0xff, 0xff, 0xf0, 0x3, 0xf5, 0xf1, 0x0, 0x11,
    0x11, 0x11, 0x0, 0x39, 0x3f, 0x10, 0x0, 0x0,
    0x0, 0x0, 0x0, 0x3, 0xf1, 0x0, 0x0, 0x0,
    0x0, 0x0, 0x0, 0x3f, 0x18, 0xff, 0xff, 0xff,
    0xff, 0x10, 0x3, 0xf1, 0x36, 0x66, 0x66, 0x66,
    0x60,

    /* U+6837 "样" */
    0x0, 0x0, 0x0, 0x0, 0x0, 0x0, 0x0, 0x0,
    0x5, 0xf0, 0x4, 0xc0, 0x0, 0x4d, 0x20, 0x0,
    0x5f, 0x0, 0x2f, 0x70, 0xa, 0xd0, 0x0, 0x5,
    0xf0, 0x0, 0xaa, 0x1, 0xf6, 0x0, 0x2f, 0xff,
    0xf9, 0xff, 0xff, 0xff, 0xfc, 0x0, 0x59, 0xf5,
    0x34, 0x44, 0xea, 0x44, 0x40, 0x0, 0xaf, 0x50,
    0x0, 0xd, 0x80, 0x0, 0x0, 0xe, 0xfe, 0x9,
    0xee, 0xff, 0xee, 0x50, 0x3, 0xff, 0xa8, 0x35,
    0x5e, 0xb5, 0x51, 0x0, 0xad, 0xf3, 0x30, 0x0,
    0xd8, 0x0, 0x0, 0x2f, 0x7f, 0x3, 0x55, 0x5e,
    0xb5, 0x55, 0x4, 0xa5, 0xf0, 0x9e, 0xee, 0xff,
    0xee, 0xe1, 0x1, 0x5f, 0x0, 0x0, 0xd, 0x80,
    0x0, 0x0, 0x5, 0xf0, 0x0, 0x0, 0xd8, 0x0,
    0x0, 0x0, 0x5f, 0x0, 0x0, 0xd, 0x80, 0x0,
    0x0,

    /* U+6848 "案" */
    0x0, 0x0, 0x0, 0x14, 0x0, 0x0, 0x0, 0x0,
    0x34, 0x44, 0x49, 0xf5, 0x44, 0x44, 0x40, 0xc,
    0xfd, 0xdd, 0xed, 0xdd, 0xdd, 0xed, 0x0, 0xb7,
    0x0, 0x4e, 0x20, 0x0, 0x7, 0xc0, 0xf, 0xff,
    0xff, 0xff, 0xff, 0xff, 0xff, 0x0, 0x11, 0x4f,
    0x71, 0x13, 0xdc, 0x21, 0x10, 0x0, 0xc, 0xfd,
    0xa7, 0xde, 0x10, 0x0, 0x0, 0x1, 0x27, 0xdf,
    0xff, 0xfc, 0x84, 0x0, 0xb, 0xdb, 0xa7, 0x6d,
    0x22, 0x6a, 0xe4, 0x0, 0x44, 0x44, 0x47, 0xf6,
    0x44, 0x44, 0x40, 0x2d, 0xdd, 0xde, 0xff, 0xfe,
    0xdd, 0xdd, 0x30, 0x0, 0x7, 0xeb, 0xf9, 0xe8,
    0x10, 0x0, 0x16, 0xbf, 0xb2, 0x3f, 0x22, 0xbf,
    0xb7, 0x21, 0xb7, 0x20, 0x3, 0xf2, 0x0, 0x17,
    0xb1,

    /* U+6A21 "模" */
    0x0, 0x6e, 0x0, 0x7, 0xd0, 0x2f, 0x20, 0x0,
    0x6, 0xe0, 0x5c, 0xef, 0xcd, 0xfd, 0xc0, 0x0,
    0x6e, 0x3, 0x7b, 0xe7, 0x8f, 0x97, 0x2, 0xff,
    0xff, 0x55, 0x79, 0x56, 0xa6, 0x20, 0x5, 0xaf,
    0x52, 0xef, 0xee, 0xee, 0xf5, 0x0, 0xa, 0xf3,
    0xe, 0x50, 0x0, 0xf, 0x50, 0x0, 0xff, 0xc0,
    0xef, 0xff, 0xff, 0xf5, 0x0, 0x4f, 0xed, 0x5e,
    0x60, 0x0, 0xf, 0x50, 0xb, 0xee, 0x74, 0xde,
    0xff, 0xfe, 0xe5, 0x3, 0xf9, 0xe0, 0x22, 0x24,
    0xf6, 0x22, 0x20, 0x2a, 0x6e, 0xc, 0xff, 0xff,
    0xff, 0xff, 0x10, 0x6, 0xe0, 0x0, 0x3e, 0x9d,
    0xa0, 0x0, 0x0, 0x6e, 0x3, 0x8f, 0xb0, 0x2e,
    0xd7, 0x10, 0x6, 0xe0, 0xcb, 0x50, 0x0, 0x7,
    0xd1, 0x0, 0x0, 0x0, 0x0, 0x0, 0x0, 0x0,
    0x0,

    /* U+6B21 "次" */
    0x0, 0x0, 0x0, 0x27, 0x10, 0x0, 0x0, 0x0,
    0x42, 0x0, 0x8, 0xf0, 0x0, 0x0, 0x0, 0xc,
    0xf7, 0x0, 0xdd, 0x22, 0x22, 0x20, 0x0, 0x8,
    0xf6, 0x1f, 0xff, 0xff, 0xff, 0xe0, 0x0, 0x4,
    0x8, 0xf4, 0x56, 0x33, 0xdb, 0x0, 0x0, 0x1,
    0xea, 0x8, 0xe0, 0x1f, 0x60, 0x0, 0x0, 0x7f,
    0x20, 0x9e, 0x7, 0xe0, 0x0, 0x0, 0x62, 0x20,
    0xb, 0xf1, 0x14, 0x0, 0x0, 0x2f, 0x80, 0x0,
    0xff, 0x60, 0x0, 0x0, 0xb, 0xe0, 0x0, 0x5f,
    0xdd, 0x0, 0x0, 0x6, 0xf5, 0x0, 0x1e, 0xd1,
    0xe7, 0x0, 0x1, 0xfb, 0x0, 0x1c, 0xf3, 0x6,
    0xf6, 0x0, 0x6, 0x20, 0x4d, 0xf5, 0x0, 0xa,
    0xfb, 0x20, 0x0, 0x1d, 0xd3, 0x0, 0x0, 0x7,
    0xd1, 0x0, 0x0, 0x10, 0x0, 0x0, 0x0, 0x0,
    0x0,

    /* U+6B4C "歌" */
    0x0, 0x0, 0x0, 0x0, 0x5, 0x80, 0x0, 0x0,
    0xf, 0xff, 0xff, 0xff, 0x7b, 0xd0, 0x0, 0x0,
    0x2, 0x22, 0x22, 0xd9, 0x1e, 0xc5, 0x55, 0x30,
    0x5, 0xff, 0xf4, 0xc7, 0x3f, 0xfe, 0xef, 0xb0,
    0x5, 0xa0, 0xd4, 0xc7, 0xae, 0x25, 0xc, 0x80,
    0x5, 0xfe, 0xf4, 0xca, 0xf8, 0x5e, 0xf, 0x40,
    0x2, 0x22, 0x22, 0xc9, 0x80, 0x5e, 0x1a, 0x0,
    0x2f, 0xff, 0xff, 0xff, 0xe0, 0x6f, 0x10, 0x0,
    0x2, 0x22, 0x22, 0xb9, 0x20, 0x9f, 0x40, 0x0,
    0x6, 0xff, 0xf5, 0xa8, 0x0, 0xdf, 0xa0, 0x0,
    0x6, 0xb0, 0xb5, 0xa8, 0x5, 0xf6, 0xf1, 0x0,
    0x6, 0xff, 0xf5, 0xa8, 0x1d, 0xa0, 0xcb, 0x0,
    0x6, 0x90, 0x0, 0xb9, 0xce, 0x10, 0x3f, 0x90,
    0x0, 0x0, 0x2f, 0xe7, 0xe3, 0x0, 0x4, 0xc0,
    0x0, 0x0, 0x0, 0x0, 0x0, 0x0, 0x0, 0x0,

    /* U+6B63 "正" */
    0x4, 0x66, 0x66, 0x66, 0x66, 0x66, 0x64, 0x0,
    0xaf, 0xff, 0xff, 0xff, 0xff, 0xff, 0xb0, 0x0,
    0x0, 0x0, 0xd, 0xa0, 0x0, 0x0, 0x0, 0x0,
    0x0, 0x0, 0xda, 0x0, 0x0, 0x0, 0x0, 0x3c,
    0x20, 0xd, 0xa0, 0x0, 0x0, 0x0, 0x3, 0xf2,
    0x0, 0xdc, 0x66, 0x66, 0x0, 0x0, 0x3f, 0x20,
    0xd, 0xff, 0xff, 0xf1, 0x0, 0x3, 0xf2, 0x0,
    0xda, 0x0, 0x0, 0x0, 0x0, 0x3f, 0x20, 0xd,
    0xa0, 0x0, 0x0, 0x0, 0x3, 0xf2, 0x0, 0xda,
    0x0, 0x0, 0x0, 0x0, 0x3f, 0x20, 0xd, 0xa0,
    0x0, 0x0, 0x3, 0xff, 0xff, 0xff, 0xff, 0xff,
    0xff, 0xf3, 0x16, 0x66, 0x66, 0x66, 0x66, 0x66,
    0x66, 0x10,

    /* U+6B65 "步" */
    0x0, 0x0, 0x0, 0xf, 0x70, 0x0, 0x0, 0x0,
    0x0, 0x73, 0x0, 0xf9, 0x22, 0x22, 0x0, 0x0,
    0xe, 0x70, 0xf, 0xff, 0xff, 0xd0, 0x0, 0x0,
    0xe7, 0x0, 0xf9, 0x22, 0x22, 0x0, 0x2, 0x2f,
    0x82, 0x2f, 0x92, 0x22, 0x22, 0x1, 0xff, 0xff,
    0xff, 0xff, 0xff, 0xff, 0xf0, 0x2, 0x22, 0x52,
    0x4f, 0x72, 0x23, 0x22, 0x0, 0x0, 0x6f, 0x41,
    0xf5, 0x0, 0xbb, 0x0, 0x0, 0x4f, 0x90, 0x1f,
    0x50, 0x6f, 0x50, 0x0, 0x6f, 0xa0, 0x1, 0xf5,
    0x7f, 0x90, 0x0, 0x2, 0x80, 0x0, 0x1d, 0xdf,
    0x90, 0x0, 0x0, 0x0, 0x0, 0x4a, 0xff, 0x50,
    0x0, 0x0, 0x5, 0x8b, 0xef, 0xd7, 0x10, 0x0,
    0x0, 0x0, 0xde, 0xb8, 0x40, 0x0, 0x0, 0x0,
    0x0, 0x0, 0x0, 0x0, 0x0, 0x0, 0x0, 0x0,
    0x0,

    /* U+6BB5 "段" */
    0x0, 0x0, 0x28, 0x10, 0x0, 0x0, 0x0, 0x0,
    0x6, 0xbf, 0xd5, 0xf, 0xff, 0xf5, 0x0, 0x4,
    0xf9, 0x30, 0x0, 0xf6, 0x3f, 0x50, 0x0, 0x4f,
    0x10, 0x0, 0x2f, 0x10, 0xe5, 0x0, 0x4, 0xff,
    0xff, 0x46, 0xf0, 0xe, 0x50, 0x0, 0x4f, 0x43,
    0x33, 0xe9, 0x0, 0xbe, 0xd3, 0x4, 0xf1, 0x0,
    0x4b, 0x0, 0x0, 0x33, 0x0, 0x4f, 0xff, 0xf4,
    0xdd, 0xdd, 0xdd, 0x30, 0x4, 0xf5, 0x33, 0x18,
    0xe5, 0x4a, 0xf0, 0x0, 0x4f, 0x10, 0x22, 0xe,
    0x61, 0xea, 0x0, 0x3b, 0xfe, 0xff, 0x80, 0x6f,
    0xaf, 0x10, 0x4, 0xcf, 0x63, 0x0, 0x0, 0xef,
    0x80, 0x0, 0x4, 0xf1, 0x0, 0x16, 0xef, 0xcf,
    0xa3, 0x0, 0x4f, 0x10, 0xd, 0xf9, 0x10, 0x5d,
    0xf2, 0x0, 0x0, 0x0, 0x20, 0x0, 0x0, 0x1,
    0x0,

    /* U+6BC1 "毁" */
    0x0, 0x4, 0x0, 0x0, 0x0, 0x0, 0x0, 0x0,
    0x7e, 0x99, 0xff, 0x45, 0xff, 0xfe, 0x0, 0xc,
    0x60, 0x1, 0xe4, 0x5f, 0x37, 0xe0, 0x0, 0xcb,
    0x63, 0x7f, 0x46, 0xd0, 0x5e, 0x0, 0xc, 0xc8,
    0x5b, 0xf4, 0x9b, 0x5, 0xe0, 0x0, 0xc5, 0x0,
    0xe, 0x8f, 0x60, 0x2f, 0xf4, 0xc, 0xfe, 0xee,
    0xf8, 0xa2, 0x22, 0x22, 0x0, 0x11, 0x11, 0x11,
    0x4f, 0xff, 0xff, 0xb0, 0xc, 0xdd, 0xdd, 0xd2,
    0x9d, 0x2, 0xf5, 0x0, 0x55, 0xbd, 0x55, 0x12,
    0xf5, 0xbd, 0x0, 0x0, 0x8, 0xb0, 0x0, 0x9,
    0xff, 0x30, 0x0, 0x34, 0xbe, 0xac, 0x80, 0x9f,
    0xe3, 0x0, 0x3f, 0xfd, 0xb9, 0x7b, 0xee, 0x6c,
    0xf9, 0x20, 0x10, 0x0, 0x0, 0xb8, 0x10, 0x7,
    0xc0,

    /* U+6BCF "每" */
    0x0, 0x1, 0x81, 0x0, 0x0, 0x0, 0x0, 0x0,
    0x0, 0x9f, 0x32, 0x22, 0x22, 0x22, 0x10, 0x0,
    0x2f, 0xff, 0xff, 0xff, 0xff, 0xfd, 0x0, 0xb,
    0xd1, 0x11, 0x11, 0x11, 0x11, 0x10, 0x9, 0xf7,
    0x44, 0x44, 0x44, 0x44, 0x10, 0x2, 0xf7, 0xcf,
    0xef, 0xee, 0xee, 0xf5, 0x0, 0x1, 0xe, 0x80,
    0xbc, 0x40, 0x1f, 0x40, 0x1, 0x44, 0xf8, 0x33,
    0x9f, 0x44, 0xf7, 0x41, 0x5f, 0xff, 0xff, 0xff,
    0xff, 0xff, 0xff, 0x50, 0x5, 0xf1, 0x2e, 0x90,
    0x3, 0xf2, 0x0, 0x0, 0x7e, 0x0, 0x1b, 0xb0,
    0x4f, 0x10, 0x0, 0xa, 0xff, 0xff, 0xff, 0xff,
    0xff, 0xc0, 0x0, 0x23, 0x33, 0x33, 0x44, 0xcd,
    0x32, 0x0, 0x0, 0x0, 0x0, 0xb, 0xfe, 0x50,
    0x0, 0x0, 0x0, 0x0, 0x0, 0x0, 0x0, 0x0,
    0x0,

    /* U+6C14 "气" */
    0x0, 0x3, 0x60, 0x0, 0x0, 0x0, 0x0, 0x0,
    0x0, 0xbe, 0x0, 0x0, 0x0, 0x0, 0x0, 0x0,
    0x3f, 0xff, 0xff, 0xff, 0xff, 0xfe, 0x0, 0xc,
    0xd2, 0x22, 0x22, 0x22, 0x22, 0x20, 0xa, 0xf5,
    0xff, 0xff, 0xff, 0xff, 0xa0, 0x5, 0xf7, 0x1,
    0x11, 0x11, 0x11, 0x11, 0x0, 0x3, 0x9e, 0xee,
    0xee, 0xee, 0xe9, 0x0, 0x0, 0x2, 0x44, 0x44,
    0x44, 0x4c, 0xa0, 0x0, 0x0, 0x0, 0x0, 0x0,
    0x0, 0xab, 0x0, 0x0, 0x0, 0x0, 0x0, 0x0,
    0x9, 0xd0, 0x0, 0x0, 0x0, 0x0, 0x0, 0x0,
    0x6f, 0x1, 0x0, 0x0, 0x0, 0x0, 0x0, 0x3,
    0xf4, 0x95, 0x0, 0x0, 0x0, 0x0, 0x0, 0xd,
    0xcc, 0x50, 0x0, 0x0, 0x0, 0x0, 0x0, 0x3e,
    0xd0,

    /* U+6C1B "氛" */
    0x0, 0x0, 0x30, 0x0, 0x0, 0x0, 0x0, 0x0,
    0x0, 0xaf, 0x53, 0x33, 0x33, 0x33, 0x30, 0x0,
    0x5f, 0xed, 0xdd, 0xdd, 0xdd, 0xdd, 0x0, 0x7f,
    0x97, 0x77, 0x77, 0x77, 0x76, 0x0, 0x2d, 0x61,
    0x66, 0x66, 0x66, 0x66, 0x50, 0x0, 0xb, 0xee,
    0xee, 0xee, 0xee, 0xe0, 0x0, 0x0, 0x24, 0xa4,
    0x49, 0x33, 0x7f, 0x0, 0x0, 0x0, 0xbd, 0x0,
    0xca, 0x5, 0xf0, 0x0, 0x3, 0xcd, 0x10, 0x1,
    0xdc, 0x7f, 0x10, 0x0, 0xcb, 0xed, 0xdd, 0xdd,
    0xac, 0xf2, 0x0, 0x0, 0x4, 0xda, 0x48, 0xd0,
    0x1f, 0x42, 0x0, 0x0, 0x3f, 0x30, 0x7d, 0x0,
    0xe7, 0x76, 0x0, 0x5e, 0xa0, 0x1a, 0xb0, 0x9,
    0xca, 0x60, 0x5f, 0x80, 0x2f, 0xe5, 0x0, 0x2f,
    0xf2, 0x0, 0x0, 0x0, 0x0, 0x0, 0x0, 0x2,
    0x0,

    /* U+6D41 "流" */
    0x1, 0x50, 0x0, 0x0, 0x58, 0x0, 0x0, 0x0,
    0x6f, 0xb1, 0x0, 0x4, 0xf1, 0x0, 0x0, 0x0,
    0x3d, 0x8e, 0xee, 0xef, 0xfe, 0xee, 0x10, 0x0,
    0x0, 0x55, 0xcf, 0x55, 0xb5, 0x50, 0x2, 0x0,
    0x0, 0x3f, 0x60, 0x2f, 0x80, 0x2, 0xfb, 0x20,
    0x3d, 0xd3, 0x45, 0xcf, 0x40, 0x6, 0xee, 0xe,
    0xff, 0xfe, 0xdc, 0xde, 0x0, 0x1, 0x40, 0x35,
    0x11, 0x10, 0x22, 0x60, 0x0, 0x2, 0x0, 0xf3,
    0x6c, 0xd, 0x60, 0x0, 0x0, 0xc9, 0xf, 0x36,
    0xc0, 0xd6, 0x0, 0x0, 0x5f, 0x33, 0xf2, 0x6c,
    0xd, 0x60, 0x0, 0x1e, 0xa0, 0x7e, 0x6, 0xc0,
    0xd6, 0x74, 0x9, 0xf1, 0x2e, 0x70, 0x6c, 0xd,
    0x8a, 0x60, 0x97, 0xa, 0xb0, 0x5, 0x90, 0x8f,
    0xe2, 0x0, 0x0, 0x0, 0x0, 0x0, 0x0, 0x0,
    0x0,

    /* U+6D45 "浅" */
    0x2, 0xa2, 0x0, 0x9, 0xd1, 0xa2, 0x0, 0x0,
    0x2b, 0xf5, 0x0, 0x8e, 0xa, 0xf4, 0x0, 0x0,
    0x7, 0x30, 0x8, 0xe0, 0x8, 0x52, 0x0, 0x0,
    0x0, 0x68, 0xcf, 0xef, 0xff, 0x80, 0x9, 0x20,
    0x1e, 0xdc, 0xf7, 0x42, 0x0, 0x1, 0xbf, 0x70,
    0x0, 0x4f, 0x20, 0x2, 0x40, 0x0, 0x66, 0x3,
    0x58, 0xfd, 0xef, 0xff, 0x10, 0x0, 0x5, 0xff,
    0xdf, 0xc7, 0x46, 0x60, 0x0, 0xb, 0x22, 0x0,
    0xac, 0x2, 0xea, 0x0, 0x5, 0xf1, 0x0, 0x6,
    0xf5, 0xec, 0x0, 0x0, 0xca, 0x0, 0x0, 0x3f,
    0xf9, 0xa, 0x20, 0x4f, 0x30, 0x2, 0x9f, 0xfe,
    0x10, 0xf4, 0xd, 0xc0, 0x3d, 0xfc, 0x52, 0xed,
    0x8f, 0x10, 0x54, 0x0, 0x83, 0x0, 0x3, 0xcf,
    0x80,

    /* U+6DE1 "淡" */
    0x2, 0x81, 0x0, 0x0, 0x3f, 0x20, 0x0, 0x0,
    0x4e, 0xe5, 0xe, 0x44, 0xf1, 0x1e, 0x60, 0x0,
    0xa, 0x56, 0xf0, 0x6f, 0x9, 0xe1, 0x0, 0x0,
    0x0, 0xa7, 0xb, 0xf3, 0xb4, 0x0, 0x8, 0x20,
    0x0, 0x6, 0xfc, 0xfa, 0x10, 0x2, 0xcf, 0x80,
    0x39, 0xf8, 0x3, 0xdf, 0x60, 0x0, 0x68, 0xd,
    0xc5, 0x3c, 0x10, 0x89, 0x0, 0x0, 0x0, 0x7,
    0x15, 0xf0, 0x6, 0x50, 0x0, 0xc, 0x34, 0xf1,
    0x6f, 0x12, 0xf7, 0x0, 0x6, 0xf2, 0xca, 0xb,
    0xf6, 0xbc, 0x0, 0x0, 0xea, 0x8, 0x22, 0xfd,
    0xf7, 0x20, 0x0, 0x7f, 0x20, 0x4, 0xed, 0xb,
    0xd3, 0x0, 0xd, 0xa0, 0x6d, 0xfc, 0x10, 0x1c,
    0xfc, 0x30, 0x11, 0x3, 0x94, 0x0, 0x0, 0x5,
    0x90,

    /* U+6DF1 "深" */
    0x1, 0x50, 0x0, 0x0, 0x0, 0x0, 0x0, 0x0,
    0x6f, 0xc2, 0xff, 0xff, 0xff, 0xff, 0xd0, 0x0,
    0x2b, 0x1f, 0x52, 0x22, 0x32, 0x8d, 0x0, 0x0,
    0x0, 0xd3, 0xb7, 0xc, 0x74, 0xa0, 0x5, 0x0,
    0x0, 0x9f, 0x20, 0x4f, 0x60, 0x2, 0xfd, 0x30,
    0xaf, 0x50, 0x0, 0x6f, 0x40, 0x2, 0xcb, 0xa,
    0x50, 0x4f, 0x10, 0x94, 0x0, 0x0, 0x10, 0x44,
    0x48, 0xf5, 0x44, 0x40, 0x0, 0x4, 0x1f, 0xff,
    0xff, 0xff, 0xfd, 0x0, 0x3, 0xf1, 0x0, 0x9f,
    0xff, 0x50, 0x0, 0x0, 0xba, 0x0, 0x6f, 0x8f,
    0x7f, 0x30, 0x0, 0x3f, 0x30, 0x9f, 0x54, 0xf1,
    0xaf, 0x50, 0xc, 0xb0, 0xae, 0x40, 0x4f, 0x10,
    0x9f, 0x20, 0x63, 0x1, 0x10, 0x4, 0xf1, 0x0,
    0x10,

    /* U+6DF7 "混" */
    0x1, 0x10, 0x0, 0x0, 0x0, 0x0, 0x0, 0x0,
    0x8f, 0x81, 0xef, 0xff, 0xff, 0xff, 0x10, 0x0,
    0x5d, 0x4e, 0x71, 0x11, 0x15, 0xf1, 0x0, 0x0,
    0x0, 0xef, 0xee, 0xee, 0xff, 0x10, 0x2, 0x0,
    0xe, 0x72, 0x22, 0x25, 0xf1, 0x4, 0xfa, 0x10,
    0xe8, 0x44, 0x44, 0x7f, 0x10, 0x7, 0xfa, 0xc,
    0xdd, 0xdd, 0xdd, 0xd1, 0x0, 0x1, 0x10, 0x96,
    0x0, 0x5a, 0x0, 0x0, 0x0, 0x5, 0xc, 0x92,
    0x26, 0xe0, 0x7a, 0x0, 0x1, 0xf7, 0xcf, 0xfe,
    0x6f, 0xde, 0x60, 0x0, 0x9e, 0xc, 0x80, 0x6,
    0xf6, 0x0, 0x0, 0x3f, 0x60, 0xc8, 0x0, 0x6e,
    0x0, 0x92, 0xd, 0xd0, 0x1e, 0xcb, 0xd6, 0xf3,
    0x3e, 0x40, 0xb4, 0x3, 0xfd, 0x95, 0x3e, 0xff,
    0xd0, 0x0, 0x0, 0x1, 0x0, 0x0, 0x0, 0x0,
    0x0,

    /* U+6E05 "清" */
    0x2, 0x30, 0x0, 0x0, 0xab, 0x0, 0x0, 0x0,
    0xbf, 0x71, 0x33, 0x3b, 0xc3, 0x33, 0x10, 0x2,
    0xbe, 0x5c, 0xcc, 0xef, 0xcc, 0xc6, 0x0, 0x0,
    0x20, 0x88, 0x8d, 0xd8, 0x88, 0x0, 0x4, 0x0,
    0x4, 0x44, 0xcc, 0x44, 0x40, 0x4, 0xfb, 0x2d,
    0xff, 0xff, 0xff, 0xff, 0xf1, 0x2, 0xd5, 0x12,
    0x33, 0x33, 0x33, 0x31, 0x0, 0x0, 0x0, 0xbf,
    0xff, 0xff, 0xfd, 0x0, 0x0, 0x5, 0xb, 0x90,
    0x0, 0x8, 0xd0, 0x0, 0x7, 0xf1, 0xbf, 0xee,
    0xee, 0xfd, 0x0, 0x0, 0xe9, 0xb, 0x90, 0x0,
    0x8, 0xd0, 0x0, 0x6f, 0x20, 0xbf, 0xff, 0xff,
    0xfd, 0x0, 0xe, 0xa0, 0xb, 0x80, 0x1, 0x39,
    0xd0, 0x0, 0x53, 0x0, 0xb8, 0x0, 0x1f, 0xe7,
    0x0,

    /* U+6E10 "渐" */
    0x1, 0x40, 0x3, 0x80, 0x0, 0x0, 0x33, 0x0,
    0x7f, 0xa1, 0x6c, 0x0, 0x28, 0xdf, 0xc0, 0x0,
    0x4d, 0xcf, 0xff, 0xf7, 0xe7, 0x20, 0x0, 0x0,
    0x3, 0xd9, 0x44, 0x6c, 0x0, 0x0, 0x6, 0x0,
    0xf, 0x67, 0x6, 0xc0, 0x0, 0x2, 0xfe, 0x53,
    0xe6, 0xc0, 0x6f, 0xff, 0xf5, 0x1, 0xa7, 0x8c,
    0x9d, 0x46, 0xd3, 0xf7, 0x10, 0x0, 0xb, 0xff,
    0xff, 0x7c, 0xe, 0x40, 0x0, 0x12, 0x0, 0x6c,
    0x7, 0xb0, 0xe4, 0x0, 0x8, 0xd0, 0x8, 0xeb,
    0xba, 0xe, 0x40, 0x0, 0xe7, 0xbf, 0xfe, 0x7c,
    0x80, 0xe4, 0x0, 0x5f, 0x25, 0x47, 0xc0, 0xe5,
    0xe, 0x40, 0xd, 0xb0, 0x0, 0x6c, 0x4f, 0x10,
    0xe4, 0x0, 0x84, 0x0, 0x6, 0xc4, 0x90, 0xe,
    0x40, 0x0, 0x0, 0x0, 0x0, 0x0, 0x0, 0x0,
    0x0,

    /* U+6E21 "渡" */
    0x0, 0x30, 0x0, 0x0, 0x18, 0x20, 0x0, 0x0,
    0x6f, 0xa1, 0x22, 0x22, 0xea, 0x22, 0x20, 0x0,
    0x4e, 0x5f, 0xff, 0xff, 0xff, 0xff, 0x30, 0x0,
    0x0, 0xf5, 0x1a, 0x0, 0x39, 0x0, 0x8, 0x20,
    0xf, 0xdd, 0xfc, 0xcd, 0xfc, 0x12, 0xdf, 0x70,
    0xf8, 0x7f, 0x55, 0x9f, 0x50, 0x0, 0x99, 0xf,
    0x42, 0xf5, 0x48, 0xe0, 0x0, 0x0, 0x1, 0xf4,
    0x2e, 0xee, 0xed, 0x0, 0x0, 0x2, 0x2f, 0x43,
    0x33, 0x33, 0x31, 0x0, 0x5, 0xe4, 0xf6, 0xff,
    0xdd, 0xef, 0x80, 0x0, 0xcb, 0x6e, 0x2, 0xf6,
    0x9, 0xf1, 0x0, 0x4f, 0x4a, 0xb0, 0x6, 0xfc,
    0xf4, 0x0, 0xc, 0xd1, 0xf6, 0x4, 0x9f, 0xfe,
    0x72, 0x1, 0xd5, 0x6f, 0x1e, 0xfa, 0x42, 0x9f,
    0xf3, 0x0, 0x0, 0x20, 0x20, 0x0, 0x0, 0x3,
    0x0,

    /* U+70B9 "点" */
    0x0, 0x0, 0x0, 0x2f, 0x20, 0x0, 0x0, 0x0,
    0x0, 0x0, 0x2, 0xf4, 0x11, 0x11, 0x10, 0x0,
    0x0, 0x0, 0x2f, 0xff, 0xff, 0xf9, 0x0, 0x0,
    0x0, 0x2, 0xf5, 0x22, 0x22, 0x10, 0x0, 0x1,
    0x11, 0x4f, 0x41, 0x11, 0x0, 0x0, 0x6, 0xff,
    0xff, 0xff, 0xff, 0xf7, 0x0, 0x0, 0x6e, 0x22,
    0x22, 0x22, 0x2e, 0x70, 0x0, 0x6, 0xe0, 0x0,
    0x0, 0x0, 0xe7, 0x0, 0x0, 0x6f, 0x55, 0x55,
    0x55, 0x5f, 0x70, 0x0, 0x6, 0xff, 0xff, 0xff,
    0xff, 0xf7, 0x0, 0x0, 0x11, 0x0, 0x0, 0x0,
    0x1, 0x20, 0x0, 0xb, 0xc0, 0xb7, 0xb, 0x90,
    0xbd, 0x0, 0x5, 0xf5, 0xb, 0xb0, 0x6f, 0x1,
    0xe9, 0x0, 0xea, 0x0, 0x9c, 0x1, 0xf4, 0x7,
    0xe1, 0x1, 0x0, 0x1, 0x0, 0x0, 0x0, 0x0,
    0x0,

    /* U+7247 "片" */
    0x0, 0x0, 0x0, 0x0, 0xe8, 0x0, 0x0, 0x0,
    0x5f, 0x10, 0x0, 0xe8, 0x0, 0x0, 0x0, 0x5f,
    0x10, 0x0, 0xe8, 0x0, 0x0, 0x0, 0x5f, 0x10,
    0x0, 0xe8, 0x0, 0x0, 0x0, 0x5f, 0xff, 0xff,
    0xff, 0xff, 0xf6, 0x0, 0x5f, 0x87, 0x77, 0x77,
    0x77, 0x73, 0x0, 0x6f, 0x10, 0x0, 0x0, 0x0,
    0x0, 0x0, 0x6f, 0x33, 0x33, 0x33, 0x31, 0x0,
    0x0, 0x8f, 0xff, 0xff, 0xff, 0xf6, 0x0, 0x0,
    0xbd, 0x33, 0x33, 0x35, 0xf6, 0x0, 0x0, 0xf8,
    0x0, 0x0, 0x1, 0xf6, 0x0, 0x7, 0xf3, 0x0,
    0x0, 0x1, 0xf6, 0x0, 0x2f, 0xc0, 0x0, 0x0,
    0x1, 0xf6, 0x0, 0x1c, 0x20, 0x0, 0x0, 0x1,
    0xf6, 0x0, 0x0, 0x0, 0x0, 0x0, 0x0, 0x0,
    0x0,

    /* U+7248 "版" */
    0x0, 0x0, 0xe5, 0x0, 0x2, 0x35, 0x75, 0x0,
    0x5e, 0xe, 0x50, 0xcf, 0xff, 0xfd, 0x90, 0x5,
    0xe0, 0xe5, 0xd, 0xa4, 0x20, 0x0, 0x0, 0x5e,
    0xe, 0x50, 0xd7, 0x0, 0x0, 0x0, 0x5, 0xf5,
    0xf8, 0x3d, 0x81, 0x11, 0x21, 0x0, 0x5f, 0xee,
    0xea, 0xdf, 0xff, 0xff, 0xd0, 0x5, 0xe0, 0x0,
    0xd, 0xcd, 0x22, 0xa9, 0x0, 0x6f, 0x44, 0x30,
    0xe7, 0xf3, 0xe, 0x60, 0x7, 0xff, 0xfb, 0xf,
    0x5c, 0x94, 0xf2, 0x0, 0x7c, 0x9, 0xb0, 0xf4,
    0x5e, 0xca, 0x0, 0x9, 0xa0, 0x9b, 0x2f, 0x30,
    0xdf, 0x20, 0x0, 0xc8, 0x9, 0xb6, 0xf0, 0x4f,
    0xf6, 0x0, 0x2f, 0x30, 0x9b, 0xbc, 0x7f, 0x97,
    0xf8, 0x2, 0xb0, 0x9, 0xbc, 0x5c, 0x50, 0x4,
    0xc1, 0x0, 0x0, 0x0, 0x0, 0x0, 0x0, 0x0,
    0x0,

    /* U+72B6 "状" */
    0x0, 0x0, 0x0, 0x0, 0x0, 0x0, 0x0, 0x0,
    0x0, 0x6f, 0x0, 0x4, 0xf1, 0x32, 0x0, 0x0,
    0x6, 0xf0, 0x0, 0x4f, 0x1b, 0xc0, 0x1, 0xa1,
    0x6f, 0x0, 0x4, 0xf1, 0x1f, 0x60, 0xd, 0xb6,
    0xf0, 0x0, 0x4f, 0x10, 0x87, 0x0, 0x3f, 0xbf,
    0x24, 0x48, 0xf5, 0x44, 0x40, 0x0, 0x89, 0xf9,
    0xff, 0xff, 0xff, 0xff, 0x30, 0x0, 0x6f, 0x0,
    0x7, 0xf7, 0x0, 0x0, 0x0, 0xb, 0xf0, 0x0,
    0xaf, 0xb0, 0x0, 0x0, 0x1c, 0xff, 0x0, 0xe,
    0xcf, 0x10, 0x0, 0x2e, 0xd8, 0xf0, 0x4, 0xf4,
    0xc8, 0x0, 0x1, 0xa1, 0x6f, 0x0, 0xdc, 0x4,
    0xf2, 0x0, 0x0, 0x6, 0xf0, 0x8f, 0x40, 0xc,
    0xd1, 0x0, 0x0, 0x6f, 0x7f, 0x80, 0x0, 0x2e,
    0xe3, 0x0, 0x6, 0xf9, 0x90, 0x0, 0x0, 0x2c,
    0x10, 0x0, 0x0, 0x0, 0x0, 0x0, 0x0, 0x0,

    /* U+72EC "独" */
    0x8, 0x10, 0x71, 0x0, 0xf, 0x60, 0x0, 0x0,
    0xcc, 0x7f, 0x30, 0x0, 0xf6, 0x0, 0x0, 0x1,
    0xef, 0x80, 0x0, 0xf, 0x60, 0x0, 0x0, 0x1d,
    0xf1, 0x2e, 0xee, 0xff, 0xee, 0x70, 0x2e, 0xdf,
    0x52, 0xf6, 0x4f, 0x94, 0xf8, 0x0, 0x91, 0xba,
    0x2f, 0x30, 0xf6, 0xe, 0x80, 0x0, 0xb, 0xc2,
    0xf3, 0xf, 0x60, 0xe8, 0x0, 0x6, 0xfd, 0x2f,
    0x63, 0xf8, 0x3f, 0x80, 0x4, 0xfd, 0xd2, 0xff,
    0xff, 0xff, 0xf7, 0x3, 0xf8, 0x7d, 0x0, 0x0,
    0xf6, 0x36, 0x0, 0x6, 0x8, 0xc0, 0x0, 0xf,
    0x65, 0xf1, 0x0, 0x0, 0xaa, 0x0, 0x1, 0xf9,
    0x6f, 0x80, 0x5, 0x6e, 0x7b, 0xef, 0xff, 0xfe,
    0xee, 0x0, 0xbe, 0xb1, 0x78, 0x64, 0x20, 0x3,
    0xd2, 0x0, 0x0, 0x0, 0x0, 0x0, 0x0, 0x0,
    0x0,

    /* U+7387 "率" */
    0x0, 0x0, 0x0, 0x38, 0x0, 0x0, 0x0, 0x0,
    0x44, 0x44, 0x47, 0xf9, 0x44, 0x44, 0x40, 0xd,
    0xff, 0xff, 0xff, 0xff, 0xff, 0xff, 0x0, 0x15,
    0x0, 0x1e, 0x61, 0x80, 0x6, 0x0, 0x5, 0xfa,
    0x1c, 0xe7, 0xcb, 0x1c, 0xd2, 0x0, 0x2, 0xa2,
    0xba, 0xfb, 0x5, 0xa0, 0x0, 0x0, 0x7, 0x71,
    0xca, 0x7a, 0x68, 0x0, 0x0, 0x9f, 0xc8, 0xef,
    0xbd, 0xf9, 0xce, 0x40, 0x8, 0x40, 0x38, 0x8b,
    0x46, 0x80, 0x88, 0x0, 0x11, 0x11, 0x14, 0xf4,
    0x11, 0x11, 0x10, 0x3f, 0xff, 0xff, 0xff, 0xff,
    0xff, 0xff, 0x30, 0x33, 0x33, 0x36, 0xf6, 0x33,
    0x33, 0x30, 0x0, 0x0, 0x0, 0x3f, 0x30, 0x0,
    0x0, 0x0, 0x0, 0x0, 0x3, 0xf3, 0x0, 0x0,
    0x0,

    /* U+73AF "环" */
    0x0, 0x0, 0x0, 0x0, 0x0, 0x0, 0x0, 0x7,
    0xff, 0xff, 0x5f, 0xff, 0xff, 0xff, 0xf0, 0x24,
    0xda, 0x41, 0x44, 0x4d, 0xd4, 0x44, 0x0, 0xc,
    0x70, 0x0, 0x3, 0xf7, 0x0, 0x0, 0x0, 0xc7,
    0x0, 0x0, 0xbf, 0x30, 0x0, 0x1, 0x5d, 0xa3,
    0x0, 0x2f, 0xfb, 0x80, 0x0, 0x4f, 0xff, 0xb0,
    0xc, 0xff, 0x9f, 0x50, 0x0, 0xc, 0x70, 0x8,
    0xf9, 0xf2, 0x9f, 0x20, 0x0, 0xc7, 0x7, 0xfa,
    0x3f, 0x20, 0xdc, 0x0, 0xc, 0x71, 0x3a, 0x3,
    0xf2, 0x3, 0x50, 0x2, 0xde, 0xf1, 0x0, 0x3f,
    0x20, 0x0, 0x6, 0xfe, 0x83, 0x0, 0x3, 0xf2,
    0x0, 0x0, 0x23, 0x0, 0x0, 0x0, 0x3f, 0x20,
    0x0, 0x0, 0x0, 0x0, 0x0, 0x3, 0xf2, 0x0,
    0x0,

    /* U+73B0 "现" */
    0x1f, 0xff, 0xfe, 0x8f, 0xff, 0xff, 0xf6, 0x0,
    0x47, 0xf6, 0x48, 0xc3, 0x33, 0x3f, 0x60, 0x0,
    0x3f, 0x10, 0x8b, 0x5, 0x20, 0xf6, 0x0, 0x3,
    0xf1, 0x8, 0xb0, 0xe5, 0xf, 0x60, 0x4, 0x7f,
    0x63, 0x8b, 0xe, 0x50, 0xf6, 0x0, 0xef, 0xff,
    0x98, 0xb0, 0xf5, 0xf, 0x60, 0x0, 0x3f, 0x10,
    0x8b, 0xf, 0x30, 0xf6, 0x0, 0x3, 0xf1, 0x7,
    0xa2, 0xf1, 0xd, 0x50, 0x0, 0x3f, 0x10, 0x0,
    0x7f, 0xf0, 0x0, 0x0, 0x4, 0xfc, 0xf0, 0xe,
    0xaf, 0x0, 0x51, 0x3e, 0xff, 0xb6, 0x9, 0xd4,
    0xf0, 0xc, 0x51, 0x95, 0x0, 0x9, 0xf3, 0x4f,
    0x21, 0xe3, 0x0, 0x0, 0xa, 0xe3, 0x1, 0xdf,
    0xfb, 0x0, 0x0, 0x0, 0x11, 0x0, 0x0, 0x0,
    0x0,

    /* U+73BB "玻" */
    0x0, 0x0, 0x0, 0x0, 0x6, 0xe0, 0x0, 0x1,
    0xff, 0xff, 0x80, 0x0, 0x6e, 0x0, 0x0, 0x4,
    0x8f, 0x42, 0x55, 0x59, 0xf5, 0x56, 0x40, 0x5,
    0xe0, 0xe, 0xff, 0xff, 0xff, 0xf5, 0x0, 0x5e,
    0x0, 0xe7, 0x6, 0xe0, 0x3f, 0x10, 0x6a, 0xf7,
    0x1e, 0x70, 0x6e, 0x4, 0x80, 0xb, 0xdf, 0xc2,
    0xef, 0xff, 0xff, 0xfc, 0x0, 0x5, 0xe0, 0xf,
    0xef, 0x44, 0x4d, 0x90, 0x0, 0x5e, 0x1, 0xf5,
    0xf6, 0x2, 0xf3, 0x0, 0x5, 0xe2, 0x5f, 0x28,
    0xe2, 0xcb, 0x0, 0x1, 0x9f, 0xfd, 0xf0, 0xc,
    0xff, 0x10, 0x1, 0xfe, 0x82, 0xbb, 0x1, 0xaf,
    0xe4, 0x0, 0x4, 0x0, 0x4f, 0x67, 0xee, 0x5b,
    0xfc, 0x50, 0x0, 0x2, 0x92, 0xd7, 0x0, 0x5,
    0xc5, 0x0, 0x0, 0x0, 0x0, 0x0, 0x0, 0x0,
    0x0,

    /* U+73ED "班" */
    0x0, 0x0, 0x0, 0x2, 0xf1, 0x0, 0x0, 0x1,
    0x55, 0x55, 0x0, 0x2f, 0x56, 0x66, 0x61, 0x2e,
    0xff, 0xe1, 0x2, 0xfa, 0xef, 0xee, 0x30, 0xa,
    0x90, 0x13, 0x2f, 0x10, 0xe6, 0x0, 0x0, 0xa9,
    0x5, 0xc2, 0xf1, 0xe, 0x60, 0x0, 0xa, 0x90,
    0x6b, 0x2f, 0x10, 0xe6, 0x0, 0xb, 0xee, 0xa7,
    0xa2, 0xf2, 0x3f, 0x83, 0x0, 0x7d, 0xc7, 0xb6,
    0x3f, 0x7f, 0xff, 0xf0, 0x0, 0xa9, 0xc, 0x24,
    0xf0, 0xe, 0x60, 0x0, 0xa, 0x90, 0x0, 0x6d,
    0x0, 0xe6, 0x0, 0x0, 0xa9, 0x0, 0xa, 0xa0,
    0xe, 0x60, 0x1, 0x5d, 0xff, 0x32, 0xf4, 0x0,
    0xe6, 0x0, 0x4f, 0xc8, 0x42, 0xdc, 0x36, 0x6f,
    0xa6, 0x30, 0x0, 0x0, 0xbc, 0x17, 0xee, 0xee,
    0xe6, 0x0, 0x0, 0x1, 0x0, 0x0, 0x0, 0x0,
    0x0,

    /* U+7403 "球" */
    0x0, 0x0, 0x0, 0x0, 0xe, 0x68, 0x40, 0x4,
    0xff, 0xff, 0x50, 0x0, 0xe6, 0x6f, 0x40, 0x14,
    0xbc, 0x42, 0x11, 0x1e, 0x71, 0x83, 0x0, 0x9,
    0xa0, 0x5f, 0xff, 0xff, 0xff, 0xf3, 0x0, 0x9a,
    0x1, 0x33, 0x3f, 0x83, 0x33, 0x1, 0x5b, 0xc5,
    0x1c, 0x20, 0xe9, 0x8, 0xa0, 0x3f, 0xff, 0xf1,
    0xab, 0xe, 0xd3, 0xf5, 0x0, 0x9, 0xa0, 0x1,
    0xf2, 0xef, 0xe8, 0x0, 0x0, 0x9a, 0x0, 0x1,
    0x8f, 0xfc, 0x0, 0x0, 0x9, 0xa0, 0x0, 0xbd,
    0xfc, 0xf2, 0x0, 0x0, 0xbe, 0xe9, 0xdd, 0x1e,
    0x7b, 0xd1, 0x5, 0xff, 0xb6, 0xcc, 0x10, 0xe6,
    0x1d, 0xd2, 0x14, 0x0, 0x2, 0x4, 0x5f, 0x60,
    0x1a, 0x10, 0x0, 0x0, 0x0, 0xaf, 0xc1, 0x0,
    0x0, 0x0, 0x0, 0x0, 0x0, 0x0, 0x0, 0x0,
    0x0,

    /* U+7483 "璃" */
    0x0, 0x0, 0x0, 0x0, 0x26, 0x0, 0x0, 0x1,
    0x44, 0x44, 0x22, 0x26, 0xf4, 0x22, 0x20, 0x4f,
    0xff, 0xfb, 0xff, 0xff, 0xff, 0xff, 0x10, 0x9,
    0x90, 0x6, 0x36, 0x6, 0x46, 0x20, 0x0, 0x99,
    0x0, 0xe5, 0x8d, 0xc1, 0xe5, 0x0, 0x9, 0x90,
    0xe, 0x7c, 0xad, 0x5e, 0x50, 0x2d, 0xff, 0xc0,
    0xea, 0xa5, 0x67, 0xf5, 0x0, 0x6c, 0xc5, 0xb,
    0xcc, 0xfd, 0xcc, 0x40, 0x0, 0x99, 0x1, 0x44,
    0x5f, 0x64, 0x44, 0x0, 0x9, 0x90, 0x5f, 0xef,
    0xfe, 0xee, 0xe0, 0x1, 0xbd, 0xc9, 0xd1, 0xe2,
    0x75, 0x6e, 0x5, 0xfd, 0x96, 0x7d, 0xae, 0xcd,
    0xe7, 0xe0, 0x1, 0x0, 0x5, 0xd3, 0x31, 0x6,
    0x8e, 0x0, 0x0, 0x0, 0x5d, 0x0, 0x1, 0xee,
    0x80,

    /* U+7528 "用" */
    0x0, 0x55, 0x55, 0x55, 0x55, 0x55, 0x51, 0x0,
    0xdf, 0xff, 0xff, 0xff, 0xff, 0xf3, 0x0, 0xd8,
    0x0, 0x3f, 0x20, 0x2, 0xf3, 0x0, 0xd9, 0x11,
    0x4f, 0x41, 0x14, 0xf3, 0x0, 0xdf, 0xff, 0xff,
    0xff, 0xff, 0xf3, 0x0, 0xd9, 0x22, 0x5f, 0x52,
    0x25, 0xf3, 0x0, 0xe8, 0x0, 0x3f, 0x20, 0x2,
    0xf3, 0x0, 0xfa, 0x55, 0x8f, 0x75, 0x57, 0xf3,
    0x1, 0xff, 0xff, 0xff, 0xff, 0xff, 0xf3, 0x3,
    0xf2, 0x0, 0x3f, 0x20, 0x2, 0xf3, 0x8, 0xe0,
    0x0, 0x3f, 0x20, 0x2, 0xf3, 0x1f, 0x80, 0x0,
    0x3f, 0x22, 0x36, 0xf2, 0x5e, 0x0, 0x0, 0x3f,
    0x28, 0xff, 0xc0, 0x1, 0x0, 0x0, 0x0, 0x0,
    0x10, 0x0,

    /* U+7535 "电" */
    0x0, 0x0, 0x5, 0xf1, 0x0, 0x0, 0x0, 0x0,
    0x0, 0x5, 0xf1, 0x0, 0x0, 0x0, 0x6, 0x66,
    0x69, 0xf7, 0x66, 0x66, 0x0, 0x2f, 0xff, 0xff,
    0xff, 0xff, 0xff, 0x0, 0x2f, 0x40, 0x5, 0xf1,
    0x0, 0x6f, 0x0, 0x2f, 0x73, 0x38, 0xf5, 0x33,
    0x9f, 0x0, 0x2f, 0xff, 0xff, 0xff, 0xff, 0xff,
    0x0, 0x2f, 0x50, 0x6, 0xf2, 0x0, 0x7f, 0x0,
    0x2f, 0x61, 0x17, 0xf3, 0x11, 0x8f, 0x0, 0x2f,
    0xff, 0xff, 0xff, 0xff, 0xff, 0x0, 0x2f, 0x73,
    0x38, 0xf5, 0x33, 0x33, 0x81, 0x2, 0x0, 0x5,
    0xf2, 0x0, 0x1, 0xf5, 0x0, 0x0, 0x4, 0xfa,
    0x66, 0x6a, 0xf2, 0x0, 0x0, 0x0, 0xaf, 0xff,
    0xff, 0x80,

    /* U+754C "界" */
    0x0, 0x7f, 0xff, 0xff, 0xff, 0xff, 0xe0, 0x0,
    0x7, 0xe2, 0x22, 0xf7, 0x22, 0x9e, 0x0, 0x0,
    0x7f, 0xcc, 0xcf, 0xec, 0xce, 0xe0, 0x0, 0x7,
    0xf4, 0x44, 0xf8, 0x44, 0xae, 0x0, 0x0, 0x7e,
    0x11, 0x1f, 0x71, 0x19, 0xe0, 0x0, 0x7, 0xff,
    0xff, 0xff, 0xff, 0xfe, 0x0, 0x0, 0x0, 0x7f,
    0x70, 0x1d, 0xc2, 0x0, 0x0, 0x5, 0xcf, 0x80,
    0x0, 0x2d, 0xf8, 0x20, 0xc, 0xf9, 0x5f, 0x30,
    0x9, 0xe5, 0xdf, 0x50, 0x21, 0x5, 0xf2, 0x0,
    0x9d, 0x0, 0x30, 0x0, 0x0, 0xcd, 0x0, 0x9,
    0xd0, 0x0, 0x0, 0x4, 0xcf, 0x40, 0x0, 0x9d,
    0x0, 0x0, 0x0, 0xac, 0x40, 0x0, 0x9, 0xd0,
    0x0, 0x0, 0x0, 0x0, 0x0, 0x0, 0x0, 0x0,
    0x0,

    /* U+7559 "留" */
    0x0, 0x4, 0xa3, 0x0, 0x0, 0x0, 0x2, 0xbf,
    0xfa, 0x47, 0xff, 0xff, 0xfa, 0x4f, 0x40, 0x0,
    0x13, 0xf6, 0x3c, 0x94, 0xf1, 0x4e, 0x10, 0x3f,
    0x10, 0xc8, 0x4f, 0x11, 0xe8, 0x8, 0xd0, 0xd,
    0x77, 0xfd, 0xff, 0xe4, 0xf6, 0x12, 0xf5, 0x9e,
    0x94, 0x1b, 0xf9, 0xc, 0xfd, 0x10, 0x12, 0x22,
    0x26, 0x22, 0x34, 0x10, 0x7, 0xff, 0xff, 0xff,
    0xff, 0xf8, 0x0, 0x7e, 0x0, 0x1f, 0x30, 0xe,
    0x80, 0x7, 0xff, 0xff, 0xff, 0xff, 0xf8, 0x0,
    0x7f, 0x11, 0x3f, 0x41, 0x1e, 0x80, 0x7, 0xf3,
    0x35, 0xf6, 0x33, 0xf8, 0x0, 0x7f, 0xdd, 0xdd,
    0xdd, 0xde, 0x80,

    /* U+7565 "略" */
    0x0, 0x0, 0x0, 0x4, 0xb0, 0x0, 0x0, 0xef,
    0xff, 0xf1, 0xc, 0xd0, 0x1, 0x0, 0xe5, 0xe3,
    0xf1, 0x5f, 0xff, 0xff, 0x70, 0xe1, 0xe0, 0xf4,
    0xfe, 0x21, 0x7f, 0x10, 0xe1, 0xe0, 0xfe, 0xde,
    0x91, 0xf8, 0x0, 0xe6, 0xe4, 0xf9, 0x23, 0xfd,
    0xd0, 0x0, 0xee, 0xfd, 0xf1, 0x1, 0xdf, 0x90,
    0x0, 0xe1, 0xe0, 0xf1, 0x6e, 0xc7, 0xfc, 0x40,
    0xe1, 0xe0, 0xfe, 0xfa, 0x33, 0x5e, 0xf5, 0xe2,
    0xe0, 0xf5, 0xff, 0xee, 0xef, 0x80, 0xef, 0xff,
    0xf1, 0xe6, 0x0, 0xe, 0x60, 0xe4, 0x22, 0x20,
    0xe6, 0x0, 0xe, 0x60, 0x20, 0x0, 0x0, 0xe9,
    0x55, 0x5f, 0x60, 0x0, 0x0, 0x0, 0xee, 0xdd,
    0xdf, 0x60,

    /* U+767D "白" */
    0x0, 0x0, 0x57, 0x10, 0x0, 0x0, 0x0, 0xd,
    0xe0, 0x0, 0x0, 0x44, 0x45, 0xfa, 0x44, 0x44,
    0x4e, 0xff, 0xff, 0xff, 0xff, 0xfe, 0xe8, 0x11,
    0x11, 0x11, 0x19, 0xee, 0x70, 0x0, 0x0, 0x0,
    0x8e, 0xe7, 0x0, 0x0, 0x0, 0x8, 0xee, 0xff,
    0xff, 0xff, 0xff, 0xfe, 0xeb, 0x66, 0x66, 0x66,
    0x6b, 0xee, 0x70, 0x0, 0x0, 0x0, 0x8e, 0xe7,
    0x0, 0x0, 0x0, 0x8, 0xee, 0x94, 0x44, 0x44,
    0x44, 0xae, 0xef, 0xff, 0xff, 0xff, 0xff, 0xee,
    0x82, 0x22, 0x22, 0x22, 0x9e,

    /* U+7684 "的" */
    0x0, 0x74, 0x0, 0x4, 0x50, 0x0, 0x0, 0xf,
    0x60, 0x0, 0xca, 0x0, 0x0, 0x25, 0xf4, 0x21,
    0x1f, 0x94, 0x44, 0x2e, 0xff, 0xff, 0x57, 0xff,
    0xff, 0xfa, 0xe5, 0x0, 0xe6, 0xf8, 0x0, 0xb,
    0x9e, 0x50, 0xe, 0xde, 0x10, 0x0, 0xb9, 0xe6,
    0x11, 0xe6, 0x49, 0x30, 0xc, 0x8e, 0xff, 0xff,
    0x50, 0xad, 0x0, 0xc7, 0xe6, 0x11, 0xe5, 0x1,
    0xe9, 0xd, 0x6e, 0x50, 0xe, 0x50, 0x6, 0xf1,
    0xe6, 0xe5, 0x0, 0xe5, 0x0, 0x2, 0xf, 0x4e,
    0x95, 0x5f, 0x50, 0x0, 0x2, 0xf3, 0xee, 0xdd,
    0xd4, 0x0, 0x21, 0x8f, 0xe, 0x50, 0x0, 0x0,
    0x2f, 0xff, 0x80, 0x0, 0x0, 0x0, 0x0, 0x23,
    0x10, 0x0,

    /* U+76EE "目" */
    0x7f, 0xff, 0xff, 0xff, 0xff, 0xe7, 0xf5, 0x55,
    0x55, 0x55, 0xbe, 0x7e, 0x0, 0x0, 0x0, 0x8,
    0xe7, 0xf3, 0x33, 0x33, 0x33, 0xae, 0x7f, 0xff,
    0xff, 0xff, 0xff, 0xe7, 0xe1, 0x11, 0x11, 0x11,
    0x9e, 0x7e, 0x0, 0x0, 0x0, 0x8, 0xe7, 0xff,
    0xff, 0xff, 0xff, 0xfe, 0x7f, 0x55, 0x55, 0x55,
    0x5b, 0xe7, 0xe0, 0x0, 0x0, 0x0, 0x8e, 0x7f,
    0x44, 0x44, 0x44, 0x4a, 0xe7, 0xff, 0xff, 0xff,
    0xff, 0xfe, 0x7e, 0x11, 0x11, 0x11, 0x19, 0xe0,

    /* U+770B "看" */
    0x0, 0x0, 0x0, 0x1, 0x23, 0x57, 0x40, 0x0,
    0x1e, 0xff, 0xff, 0xff, 0xdc, 0xa7, 0x0, 0x0,
    0x32, 0x24, 0xf6, 0x0, 0x0, 0x0, 0x0, 0xf,
    0xff, 0xff, 0xff, 0xff, 0xff, 0x30, 0x0, 0x11,
    0x1e, 0xa1, 0x11, 0x11, 0x10, 0x0, 0xff, 0xff,
    0xff, 0xff, 0xff, 0xff, 0xf0, 0x1, 0x13, 0xeb,
    0x11, 0x11, 0x11, 0x11, 0x0, 0x0, 0xbf, 0xff,
    0xff, 0xff, 0xf9, 0x0, 0x0, 0x9f, 0xf5, 0x11,
    0x11, 0x1c, 0x90, 0x1, 0xcf, 0x7f, 0xfe, 0xee,
    0xee, 0xf9, 0x0, 0x2e, 0x41, 0xf4, 0x0, 0x0,
    0xc, 0x90, 0x0, 0x0, 0x1f, 0xed, 0xdd, 0xdd,
    0xf9, 0x0, 0x0, 0x1, 0xf6, 0x33, 0x33, 0x3d,
    0x90, 0x0, 0x0, 0x1f, 0xed, 0xdd, 0xdd, 0xf9,
    0x0,

    /* U+771F "真" */
    0x0, 0x0, 0x0, 0x5, 0x10, 0x0, 0x0, 0x0,
    0x23, 0x33, 0x35, 0xf7, 0x33, 0x33, 0x20, 0xa,
    0xff, 0xff, 0xff, 0xff, 0xff, 0xfb, 0x0, 0x0,
    0x33, 0x38, 0xf3, 0x33, 0x30, 0x0, 0x0, 0xf,
    0xcb, 0xbb, 0xbb, 0xcf, 0x10, 0x0, 0x0, 0xfa,
    0x77, 0x77, 0x7a, 0xf1, 0x0, 0x0, 0xf, 0x84,
    0x44, 0x44, 0x8f, 0x10, 0x0, 0x0, 0xfe, 0xdd,
    0xdd, 0xde, 0xf1, 0x0, 0x0, 0xf, 0xa7, 0x77,
    0x77, 0xaf, 0x10, 0x0, 0x0, 0xf7, 0x33, 0x33,
    0x37, 0xf1, 0x0, 0x1f, 0xff, 0xff, 0xff, 0xff,
    0xff, 0xff, 0x10, 0x33, 0x38, 0x93, 0x33, 0xb9,
    0x43, 0x30, 0x2, 0x7d, 0xf8, 0x0, 0x7, 0xdf,
    0xb4, 0x0, 0xac, 0x71, 0x0, 0x0, 0x0, 0x3b,
    0x90, 0x0, 0x0, 0x0, 0x0, 0x0, 0x0, 0x0,
    0x0,

    /* U+786E "确" */
    0x0, 0x0, 0x0, 0x0, 0xa3, 0x0, 0x0, 0x2f,
    0xff, 0xfe, 0x6, 0xf5, 0x23, 0x0, 0x3, 0xad,
    0x33, 0xe, 0xff, 0xff, 0x70, 0x0, 0xc8, 0x0,
    0xbe, 0x10, 0x7c, 0x0, 0x0, 0xf4, 0x9, 0xff,
    0xff, 0xff, 0xfe, 0x5, 0xf6, 0x57, 0xaf, 0x37,
    0xf3, 0x8e, 0xc, 0xff, 0xf8, 0x5f, 0x26, 0xe2,
    0x7e, 0x4f, 0xf0, 0xa8, 0x6f, 0xff, 0xff, 0xfe,
    0x3e, 0xf0, 0xa8, 0x6f, 0x4, 0xe0, 0x6e, 0x4,
    0xf0, 0xa8, 0x8f, 0x9b, 0xf9, 0xce, 0x3, 0xf0,
    0xa8, 0xae, 0x8a, 0xf8, 0xbe, 0x3, 0xff, 0xf8,
    0xe8, 0x4, 0xe0, 0x6e, 0x3, 0xf4, 0x48, 0xf3,
    0x4, 0xe2, 0x8e, 0x1, 0x50, 0x9, 0x90, 0x1,
    0x69, 0xf9, 0x0, 0x0, 0x0, 0x0, 0x0, 0x0,
    0x0,

    /* U+793A "示" */
    0x0, 0x46, 0x66, 0x66, 0x66, 0x66, 0x40, 0x0,
    0xb, 0xff, 0xff, 0xff, 0xff, 0xfb, 0x0, 0x0,
    0x0, 0x0, 0x0, 0x0, 0x0, 0x0, 0x0, 0x0,
    0x0, 0x0, 0x0, 0x0, 0x0, 0x0, 0xf, 0xff,
    0xff, 0xff, 0xff, 0xff, 0xff, 0x10, 0x66, 0x66,
    0x68, 0xf9, 0x66, 0x66, 0x60, 0x0, 0x2, 0x0,
    0x3f, 0x40, 0x2, 0x0, 0x0, 0x1, 0xf8, 0x3,
    0xf4, 0x9, 0xe1, 0x0, 0x0, 0x9f, 0x10, 0x3f,
    0x40, 0x1f, 0xa0, 0x0, 0x5f, 0x70, 0x3, 0xf4,
    0x0, 0x6f, 0x30, 0x2f, 0xb0, 0x0, 0x3f, 0x40,
    0x0, 0xeb, 0x0, 0x61, 0x5, 0x69, 0xf4, 0x0,
    0x5, 0x50, 0x0, 0x0, 0x7f, 0xfb, 0x0, 0x0,
    0x0, 0x0, 0x0, 0x0, 0x0, 0x0, 0x0, 0x0,
    0x0,

    /* U+79BB "离" */
    0x0, 0x0, 0x3, 0x60, 0x0, 0x0, 0x0, 0x33,
    0x33, 0x38, 0xf4, 0x33, 0x33, 0x30, 0xff, 0xff,
    0xff, 0xff, 0xff, 0xff, 0xf0, 0x2, 0x50, 0x93,
    0x3, 0xa0, 0x53, 0x0, 0x6, 0xe0, 0x4d, 0xce,
    0x30, 0xd8, 0x0, 0x6, 0xe2, 0x9d, 0x7c, 0xb2,
    0xd8, 0x0, 0x6, 0xe6, 0xb5, 0x55, 0x96, 0xe8,
    0x0, 0x5, 0xcc, 0xcd, 0xfd, 0xcc, 0xc6, 0x0,
    0x14, 0x44, 0x4a, 0xf5, 0x44, 0x44, 0x20, 0x6f,
    0xee, 0xff, 0xee, 0xee, 0xef, 0x70, 0x6f, 0x0,
    0xd9, 0x3, 0xd1, 0xe, 0x70, 0x6f, 0xb, 0xfb,
    0xcd, 0xfc, 0xe, 0x70, 0x6f, 0x5, 0x64, 0x21,
    0x7, 0x1e, 0x70, 0x6f, 0x0, 0x0, 0x0, 0xd,
    0xfd, 0x30,

    /* U+79FB "移" */
    0x0, 0x0, 0x41, 0x0, 0x6, 0x40, 0x0, 0x0,
    0x6a, 0xef, 0x90, 0x7, 0xf7, 0x22, 0x0, 0xa,
    0xaf, 0x40, 0x19, 0xff, 0xff, 0xf5, 0x0, 0x1,
    0xf2, 0x1e, 0xd6, 0x1, 0xcc, 0x0, 0x15, 0x6f,
    0x75, 0x52, 0xec, 0xdd, 0x20, 0x4, 0xff, 0xff,
    0xe0, 0x3a, 0xfc, 0x0, 0x0, 0x0, 0xaf, 0x70,
    0xde, 0x95, 0xf6, 0x0, 0x0, 0x1f, 0xff, 0x52,
    0x2, 0xef, 0xff, 0xe2, 0x8, 0xbf, 0x7c, 0x6,
    0xf9, 0x33, 0xcc, 0x2, 0xf5, 0xf2, 0x1c, 0xf8,
    0x80, 0x6f, 0x40, 0x5b, 0x1f, 0x20, 0x31, 0x3d,
    0xdf, 0x80, 0x0, 0x11, 0xf2, 0x0, 0x2, 0xaf,
    0x80, 0x0, 0x0, 0x1f, 0x21, 0x5a, 0xfc, 0x30,
    0x0, 0x0, 0x1, 0xf2, 0x3e, 0x94, 0x0, 0x0,
    0x0, 0x0, 0x0, 0x0, 0x0, 0x0, 0x0, 0x0,
    0x0,

    /* U+7A0D "稍" */
    0x0, 0x4, 0xb3, 0x3, 0x4, 0xf0, 0x5, 0x0,
    0xbf, 0xfd, 0x56, 0xe1, 0x4f, 0x3, 0xf3, 0x6,
    0x6f, 0x30, 0xe, 0x84, 0xf0, 0xbb, 0x0, 0x0,
    0xf3, 0x0, 0x79, 0x4f, 0x1d, 0x30, 0x15, 0x5f,
    0x75, 0x16, 0x69, 0xf6, 0x65, 0x3, 0xff, 0xff,
    0xe4, 0xfe, 0xee, 0xef, 0xe0, 0x0, 0x9f, 0x70,
    0x4f, 0x0, 0x0, 0x5e, 0x0, 0xe, 0xfe, 0x54,
    0xfe, 0xee, 0xef, 0xe0, 0x6, 0xcf, 0x6a, 0x4f,
    0x44, 0x44, 0x8e, 0x0, 0xe6, 0xf3, 0x4, 0xf1,
    0x11, 0x16, 0xe0, 0x2d, 0x1f, 0x30, 0x4f, 0xff,
    0xff, 0xfe, 0x0, 0x10, 0xf3, 0x4, 0xf1, 0x11,
    0x16, 0xe0, 0x0, 0xf, 0x30, 0x4f, 0x0, 0x16,
    0xae, 0x0, 0x0, 0xf3, 0x4, 0xf0, 0x1, 0xed,
    0x60,

    /* U+7A33 "稳" */
    0x0, 0x2, 0x82, 0x7, 0xa0, 0x0, 0x0, 0x0,
    0x9e, 0xfd, 0x61, 0xfe, 0xcc, 0xc4, 0x0, 0x6,
    0x7f, 0x20, 0xbb, 0x44, 0x9f, 0x30, 0x0, 0x2,
    0xf2, 0x9f, 0x42, 0x3d, 0xb2, 0x0, 0x4, 0x6f,
    0x67, 0xdf, 0xff, 0xff, 0xf4, 0x1, 0xff, 0xff,
    0xb0, 0x0, 0x0, 0xf, 0x40, 0x0, 0x8f, 0x60,
    0x8f, 0xff, 0xff, 0xf4, 0x0, 0xe, 0xff, 0x30,
    0x0, 0x0, 0xf, 0x40, 0x6, 0xef, 0xab, 0xdf,
    0xff, 0xff, 0xf4, 0x0, 0xe8, 0xf3, 0x32, 0x24,
    0xb3, 0x22, 0x0, 0x5e, 0x2f, 0x22, 0x7b, 0x4c,
    0xb0, 0x95, 0x0, 0x42, 0xf2, 0x98, 0xe5, 0x18,
    0x48, 0xd0, 0x0, 0x2f, 0x4f, 0x1e, 0x61, 0x1c,
    0x8f, 0x30, 0x2, 0xf2, 0x50, 0x9f, 0xff, 0xe2,
    0x30,

    /* U+7A3F "稿" */
    0x0, 0x0, 0x10, 0x0, 0x5, 0x10, 0x0, 0x0,
    0x58, 0xcf, 0x70, 0x0, 0xe8, 0x0, 0x0, 0x1d,
    0xcf, 0x54, 0xee, 0xef, 0xfe, 0xee, 0x40, 0x2,
    0xf1, 0x4, 0x44, 0x44, 0x44, 0x41, 0x3, 0x5f,
    0x43, 0x3f, 0xee, 0xef, 0xf3, 0x3, 0xff, 0xff,
    0xf3, 0xf0, 0x0, 0x2f, 0x30, 0x0, 0xaf, 0x50,
    0x3e, 0xee, 0xee, 0xe3, 0x0, 0x1f, 0xff, 0x66,
    0x66, 0x66, 0x66, 0x60, 0x9, 0xdf, 0x7a, 0xfa,
    0x99, 0x99, 0xaf, 0x13, 0xf7, 0xf1, 0x2f, 0x2b,
    0xbb, 0xb2, 0xf1, 0x6d, 0x3f, 0x12, 0xf2, 0xf3,
    0x4f, 0x2f, 0x11, 0x42, 0xf1, 0x2f, 0x2f, 0x12,
    0xf2, 0xf1, 0x0, 0x2f, 0x12, 0xf2, 0xdd, 0xde,
    0x4f, 0x10, 0x2, 0xf1, 0x2f, 0x10, 0x0, 0x2f,
    0xc0,

    /* U+7ACB "立" */
    0x0, 0x0, 0x0, 0x59, 0x0, 0x0, 0x0, 0x0,
    0x0, 0x0, 0x6, 0xf1, 0x0, 0x0, 0x0, 0x0,
    0x0, 0x0, 0x2d, 0x30, 0x0, 0x0, 0x0, 0x8f,
    0xff, 0xff, 0xff, 0xff, 0xff, 0x80, 0x3, 0x77,
    0x77, 0x77, 0x77, 0x77, 0x74, 0x0, 0x0, 0x5c,
    0x0, 0x0, 0xc, 0x70, 0x0, 0x0, 0x4, 0xf3,
    0x0, 0x2, 0xf6, 0x0, 0x0, 0x0, 0xf, 0x70,
    0x0, 0x7f, 0x20, 0x0, 0x0, 0x0, 0xcb, 0x0,
    0xb, 0xd0, 0x0, 0x0, 0x0, 0x9, 0xe0, 0x0,
    0xf7, 0x0, 0x0, 0x0, 0x0, 0x6f, 0x20, 0x5f,
    0x20, 0x0, 0x0, 0x0, 0x2, 0x50, 0xb, 0xc0,
    0x0, 0x0, 0x2f, 0xff, 0xff, 0xff, 0xff, 0xff,
    0xff, 0x21, 0x77, 0x77, 0x77, 0x77, 0x77, 0x77,
    0x71,

    /* U+7ADE "竞" */
    0x0, 0x0, 0x0, 0x15, 0x0, 0x0, 0x0, 0x0,
    0x14, 0x44, 0x47, 0xf6, 0x44, 0x44, 0x10, 0x5,
    0xee, 0xee, 0xee, 0xee, 0xee, 0xe6, 0x0, 0x0,
    0x1d, 0x40, 0x0, 0x4e, 0x10, 0x0, 0x19, 0x99,
    0xfd, 0x99, 0x9d, 0xf9, 0x99, 0x10, 0x55, 0x55,
    0x55, 0x55, 0x55, 0x55, 0x50, 0x0, 0x2f, 0xff,
    0xff, 0xff, 0xff, 0x30, 0x0, 0x2, 0xf5, 0x22,
    0x22, 0x25, 0xf3, 0x0, 0x0, 0x2f, 0x20, 0x0,
    0x0, 0x3f, 0x30, 0x0, 0x2, 0xff, 0xff, 0xff,
    0xff, 0xf3, 0x0, 0x0, 0x1, 0x2f, 0x81, 0xbc,
    0x11, 0x0, 0x0, 0x0, 0x8, 0xf2, 0xa, 0xb0,
    0x0, 0xd1, 0x2, 0x5c, 0xf6, 0x0, 0xad, 0x33,
    0x6f, 0x12, 0xfe, 0xa2, 0x0, 0x5, 0xef, 0xff,
    0x90, 0x1, 0x0, 0x0, 0x0, 0x0, 0x0, 0x0,
    0x0,

    /* U+7B56 "策" */
    0x0, 0x25, 0x0, 0x0, 0x35, 0x0, 0x0, 0x0,
    0xc, 0xe3, 0x33, 0x1c, 0xd3, 0x33, 0x30, 0x7,
    0xff, 0xff, 0xfb, 0xff, 0xff, 0xff, 0x13, 0xf7,
    0x3f, 0x43, 0xf7, 0xc, 0xa0, 0x0, 0x8, 0x66,
    0xa7, 0x7f, 0xa6, 0x88, 0x66, 0x0, 0xcd, 0xdd,
    0xdd, 0xfe, 0xdd, 0xdd, 0xc0, 0x0, 0x11, 0x11,
    0x3f, 0x71, 0x11, 0x10, 0x0, 0xe, 0xff, 0xff,
    0xff, 0xff, 0xff, 0x10, 0x0, 0xe8, 0x0, 0x2f,
    0x60, 0x5, 0xf1, 0x0, 0xe, 0x80, 0x6, 0xf8,
    0x3, 0x7f, 0x10, 0x0, 0xd7, 0x8, 0xff, 0xfa,
    0x9d, 0x90, 0x0, 0x2, 0x7e, 0xc4, 0xf7, 0xaf,
    0x94, 0x0, 0x1c, 0xfd, 0x70, 0x1f, 0x50, 0x5b,
    0xfe, 0x30, 0x53, 0x0, 0x1, 0xf5, 0x0, 0x1,
    0x50,

    /* U+7BA1 "管" */
    0x0, 0x24, 0x0, 0x0, 0x5, 0x10, 0x0, 0x0,
    0xb, 0xd3, 0x33, 0x15, 0xf5, 0x33, 0x30, 0x3,
    0xfc, 0xfe, 0xc6, 0xde, 0xef, 0xcc, 0x30, 0xea,
    0x8, 0xc1, 0x8b, 0x12, 0xf5, 0x0, 0x5, 0x87,
    0x78, 0x7f, 0xa7, 0x78, 0x76, 0x0, 0x6f, 0x88,
    0x88, 0x88, 0x88, 0x8c, 0xe0, 0x6, 0xe8, 0xcc,
    0xcc, 0xcc, 0xcc, 0x8e, 0x0, 0x1, 0xbc, 0x44,
    0x44, 0x47, 0xf2, 0x10, 0x0, 0xb, 0xea, 0xaa,
    0xaa, 0xcf, 0x10, 0x0, 0x0, 0xbc, 0x55, 0x55,
    0x55, 0x50, 0x0, 0x0, 0xb, 0xec, 0xcc, 0xcc,
    0xcc, 0xa0, 0x0, 0x0, 0xbc, 0x44, 0x44, 0x44,
    0xae, 0x0, 0x0, 0xb, 0xb1, 0x11, 0x11, 0x18,
    0xe0, 0x0, 0x0, 0xbf, 0xff, 0xff, 0xff, 0xfd,
    0x0,

    /* U+7CBE "精" */
    0x0, 0x0, 0x0, 0x0, 0x0, 0x0, 0x0, 0x0,
    0x5, 0xe0, 0x0, 0x0, 0x9b, 0x0, 0x0, 0x2c,
    0x5e, 0x4d, 0x8c, 0xce, 0xfc, 0xcc, 0x0, 0xe6,
    0xe7, 0x93, 0x55, 0xbc, 0x55, 0x50, 0xb, 0x9e,
    0xb4, 0x3d, 0xdf, 0xfd, 0xd8, 0x0, 0x79, 0xeb,
    0x0, 0x22, 0xab, 0x22, 0x10, 0x26, 0x9f, 0x63,
    0x88, 0x8d, 0xea, 0xaa, 0x35, 0xef, 0xfe, 0x77,
    0x77, 0x77, 0x77, 0x72, 0x0, 0xcf, 0x40, 0x2c,
    0xcc, 0xcc, 0xc5, 0x0, 0x2f, 0xfe, 0x12, 0xf3,
    0x22, 0x2e, 0x60, 0x9, 0xde, 0xaa, 0x2f, 0xfe,
    0xee, 0xf6, 0x2, 0xf7, 0xe2, 0x32, 0xf1, 0x0,
    0xd, 0x60, 0x5a, 0x5e, 0x0, 0x2f, 0xfe, 0xee,
    0xf6, 0x0, 0x15, 0xe0, 0x2, 0xf1, 0x1, 0x1e,
    0x60, 0x0, 0x5e, 0x0, 0x2f, 0x10, 0x4f, 0xd2,
    0x0, 0x0, 0x0, 0x0, 0x0, 0x0, 0x0, 0x0,

    /* U+7CFB "系" */
    0x0, 0x0, 0x0, 0x0, 0x0, 0x25, 0x0, 0x0,
    0x15, 0x68, 0x9a, 0xbd, 0xff, 0xf7, 0x0, 0x3,
    0xed, 0xcd, 0xfa, 0x64, 0x20, 0x0, 0x0, 0x0,
    0x4, 0xe7, 0x0, 0x4a, 0x10, 0x0, 0x0, 0x8,
    0xf7, 0x23, 0x8f, 0x90, 0x0, 0x0, 0x7, 0xff,
    0xff, 0xfe, 0x40, 0x0, 0x0, 0x0, 0x2, 0x2a,
    0xf8, 0x0, 0xd8, 0x0, 0x0, 0x2, 0x9f, 0xd6,
    0x67, 0x8b, 0xf8, 0x0, 0x3, 0xff, 0xfe, 0xdf,
    0xc9, 0x88, 0xf5, 0x0, 0x3, 0x23, 0x1, 0xf5,
    0x4, 0x6, 0x40, 0x0, 0xc, 0xe2, 0x1f, 0x53,
    0xfb, 0x10, 0x0, 0x1c, 0xf3, 0x1, 0xf5, 0x3,
    0xed, 0x10, 0xb, 0xe3, 0x15, 0x6f, 0x40, 0x2,
    0xdb, 0x0, 0x1, 0x0, 0xff, 0xc1, 0x0, 0x1,
    0x0,

    /* U+7D22 "索" */
    0x0, 0x0, 0x0, 0x3f, 0x30, 0x0, 0x0, 0x0,
    0x34, 0x44, 0x46, 0xf7, 0x44, 0x44, 0x30, 0xc,
    0xff, 0xff, 0xff, 0xff, 0xff, 0xfc, 0x0, 0x0,
    0x0, 0x3, 0xf3, 0x0, 0x0, 0x0, 0xf, 0xff,
    0xff, 0xff, 0xff, 0xff, 0xff, 0x0, 0xf7, 0x33,
    0x8f, 0x93, 0x44, 0x37, 0xf0, 0xf, 0x42, 0xad,
    0x40, 0x5d, 0xa0, 0x4f, 0x0, 0x3, 0xff, 0xde,
    0xfd, 0x64, 0x10, 0x0, 0x0, 0x3, 0x8d, 0xc5,
    0x0, 0xad, 0x20, 0x0, 0x3b, 0xff, 0xec, 0xde,
    0xff, 0xee, 0x20, 0x2, 0x97, 0x74, 0x3e, 0x70,
    0x20, 0xa7, 0x0, 0x0, 0xae, 0x20, 0xe6, 0x3f,
    0xb2, 0x0, 0x6, 0xed, 0x34, 0x4f, 0x60, 0x1b,
    0xf6, 0x0, 0x67, 0x0, 0xdf, 0xd2, 0x0, 0x6,
    0x60,

    /* U+7EA7 "级" */
    0x0, 0xb, 0x50, 0x0, 0x0, 0x0, 0x0, 0x0,
    0x3, 0xf3, 0xf, 0xff, 0xff, 0xf8, 0x0, 0x0,
    0xac, 0x0, 0x49, 0xf4, 0x6f, 0x40, 0x0, 0x3f,
    0x34, 0x60, 0x7e, 0x5, 0xf0, 0x0, 0xc, 0x91,
    0xd9, 0x8, 0xd0, 0x9b, 0x0, 0x6, 0xff, 0xfe,
    0x0, 0x9d, 0xe, 0xfe, 0xb0, 0x15, 0x5f, 0x40,
    0xc, 0xf3, 0x44, 0xd9, 0x0, 0xd, 0x94, 0x60,
    0xef, 0x90, 0x1f, 0x40, 0x1b, 0xff, 0xf8, 0x1f,
    0x9f, 0x27, 0xe0, 0x3, 0xe9, 0x40, 0x6, 0xf0,
    0xbc, 0xf6, 0x0, 0x0, 0x3, 0x9d, 0xbb, 0x3,
    0xfe, 0x0, 0x1, 0x8d, 0xfc, 0x7f, 0x60, 0xbf,
    0xf8, 0x0, 0x2e, 0x92, 0xb, 0xd4, 0xdf, 0x35,
    0xfc, 0x20, 0x0, 0x0, 0x95, 0x5c, 0x20, 0x2,
    0xb1, 0x0, 0x0, 0x0, 0x0, 0x0, 0x0, 0x0,
    0x0,

    /* U+7EBF "线" */
    0x0, 0x8, 0x60, 0x0, 0x5f, 0x28, 0x10, 0x0,
    0x1, 0xf7, 0x0, 0x4, 0xf2, 0xae, 0x10, 0x0,
    0x7e, 0x0, 0x0, 0x4f, 0x12, 0x83, 0x0, 0x1e,
    0x62, 0x83, 0x8c, 0xff, 0xff, 0x80, 0xa, 0xc2,
    0xbc, 0x4c, 0xaf, 0x62, 0x0, 0x2, 0xff, 0xff,
    0x30, 0x1, 0xf4, 0x25, 0x70, 0x4, 0x3e, 0x80,
    0x26, 0x9f, 0xff, 0xfc, 0x0, 0xb, 0xc0, 0x1b,
    0xeb, 0xeb, 0x21, 0x40, 0xa, 0xfd, 0xfd, 0x0,
    0x9, 0xb0, 0xcd, 0x0, 0xeb, 0x84, 0x10, 0x0,
    0x6f, 0xbf, 0x20, 0x0, 0x0, 0x26, 0x0, 0x4,
    0xfe, 0x30, 0x0, 0x59, 0xef, 0xc0, 0x18, 0xff,
    0xa0, 0x82, 0xf, 0xc6, 0x11, 0xaf, 0xd5, 0x4f,
    0x9e, 0x40, 0x0, 0x0, 0x8, 0x50, 0x0, 0x7f,
    0xc0,

    /* U+7ECF "经" */
    0x0, 0x6, 0x50, 0x0, 0x0, 0x0, 0x0, 0x0,
    0x0, 0xe9, 0x6, 0xff, 0xff, 0xff, 0x70, 0x0,
    0x6f, 0x10, 0x13, 0x33, 0x4c, 0xf2, 0x0, 0xd,
    0x80, 0x70, 0x0, 0x8, 0xf6, 0x0, 0x7, 0xe0,
    0x7f, 0x30, 0x1b, 0xfa, 0x0, 0x2, 0xff, 0xff,
    0x80, 0x7e, 0xeb, 0xfc, 0x40, 0x8, 0x6e, 0xd2,
    0xff, 0xa1, 0x3, 0xbf, 0x70, 0x8, 0xe2, 0x5,
    0x20, 0x0, 0x0, 0x51, 0x7, 0xfd, 0xce, 0x4f,
    0xff, 0xff, 0xfe, 0x1, 0xff, 0xb8, 0x41, 0x33,
    0x9f, 0x33, 0x30, 0x3, 0x0, 0x0, 0x0, 0x7,
    0xf0, 0x0, 0x0, 0x3, 0x7b, 0xd0, 0x0, 0x7f,
    0x0, 0x0, 0x1f, 0xfe, 0x96, 0x54, 0x49, 0xf4,
    0x44, 0x30, 0x62, 0x0, 0x2f, 0xff, 0xff, 0xff,
    0xf9,

    /* U+7ED3 "结" */
    0x0, 0xb, 0x30, 0x0, 0x9, 0xd0, 0x0, 0x0,
    0x6, 0xf5, 0x0, 0x0, 0x9d, 0x0, 0x0, 0x0,
    0xce, 0x0, 0x67, 0x7c, 0xe7, 0x77, 0x0, 0x4f,
    0x60, 0x1c, 0xee, 0xff, 0xee, 0xe1, 0xd, 0xd0,
    0x9d, 0x0, 0x9, 0xd0, 0x0, 0x7, 0xfc, 0xbf,
    0x42, 0x44, 0xbe, 0x44, 0x30, 0x28, 0x7f, 0x60,
    0x8f, 0xff, 0xff, 0xfc, 0x0, 0x1d, 0x90, 0x10,
    0x0, 0x0, 0x0, 0x0, 0x2d, 0xfd, 0xff, 0x2d,
    0xdd, 0xdd, 0xd6, 0x3, 0xea, 0x74, 0x22, 0xf8,
    0x66, 0x6f, 0x70, 0x0, 0x0, 0x2, 0x2f, 0x30,
    0x0, 0xe7, 0x1, 0x58, 0xbe, 0xf4, 0xf3, 0x0,
    0xe, 0x70, 0x6f, 0xda, 0x63, 0x2f, 0xff, 0xff,
    0xf7, 0x0, 0x10, 0x0, 0x2, 0xf7, 0x44, 0x4e,
    0x70,

    /* U+7EDF "统" */
    0x0, 0x3, 0x0, 0x0, 0x4, 0x10, 0x0, 0x0,
    0x1, 0xf8, 0x0, 0x0, 0xe8, 0x0, 0x0, 0x0,
    0x8f, 0x10, 0x44, 0x4b, 0xc4, 0x44, 0x0, 0x1e,
    0x91, 0xe, 0xff, 0xff, 0xff, 0xf2, 0x9, 0xe0,
    0xbb, 0x0, 0xdc, 0x4, 0x20, 0x5, 0xfd, 0xcf,
    0x30, 0xae, 0x10, 0x9d, 0x0, 0x2b, 0x9f, 0x81,
    0xbf, 0xca, 0xbd, 0xf9, 0x0, 0xb, 0xc0, 0xd,
    0xcb, 0x88, 0x66, 0xf1, 0x9, 0xfb, 0xc9, 0x8,
    0xd0, 0xab, 0x1, 0x3, 0xfe, 0xa7, 0x20, 0x9c,
    0xa, 0xb0, 0x0, 0x3, 0x0, 0x2, 0xc, 0x90,
    0xab, 0x1, 0x0, 0x16, 0xbf, 0xa3, 0xf5, 0xa,
    0xb0, 0xd4, 0x3f, 0xfa, 0x44, 0xec, 0x0, 0xac,
    0x3e, 0x40, 0x50, 0x0, 0xdb, 0x10, 0x6, 0xff,
    0xd0, 0x0, 0x0, 0x1, 0x0, 0x0, 0x0, 0x0,
    0x0,

    /* U+7EE7 "继" */
    0x0, 0x0, 0x0, 0x0, 0x0, 0x0, 0x0, 0x0,
    0x1, 0xc1, 0x0, 0x0, 0xe, 0x30, 0x0, 0x0,
    0x7f, 0x20, 0xe5, 0x40, 0xe3, 0x33, 0x0, 0xd,
    0xb0, 0xe, 0x5e, 0x1e, 0x3b, 0x60, 0x4, 0xf3,
    0x21, 0xe5, 0xa5, 0xe5, 0xe0, 0x0, 0xda, 0xd,
    0x8e, 0x53, 0x2e, 0x54, 0x0, 0x6f, 0xcd, 0xd0,
    0xea, 0xff, 0xff, 0xfe, 0x2, 0x88, 0xf3, 0xe,
    0x63, 0x9f, 0xc3, 0x30, 0x0, 0xd7, 0x0, 0xe5,
    0xe, 0xfd, 0x80, 0x1, 0xcf, 0xce, 0x7e, 0x5a,
    0x8e, 0x4d, 0x60, 0x2c, 0x85, 0x20, 0xe8, 0xd0,
    0xe3, 0x37, 0x0, 0x0, 0x14, 0x4e, 0x51, 0xe,
    0x30, 0x0, 0x3a, 0xdf, 0xf7, 0xe5, 0x0, 0x30,
    0x0, 0x3, 0xb7, 0x30, 0xe, 0xff, 0xff, 0xff,
    0xf1, 0x0, 0x0, 0x0, 0x34, 0x44, 0x44, 0x44,
    0x0,

    /* U+7EED "续" */
    0x0, 0xb, 0x30, 0x0, 0xc, 0x80, 0x0, 0x0,
    0x3, 0xf3, 0x1, 0x33, 0xda, 0x33, 0x0, 0x0,
    0xac, 0x0, 0x6f, 0xff, 0xff, 0xf4, 0x0, 0x1f,
    0x42, 0x0, 0x0, 0xc8, 0x0, 0x0, 0xa, 0xb0,
    0xd7, 0xef, 0xff, 0xff, 0xfd, 0x4, 0xfd, 0xdd,
    0x3, 0x64, 0x58, 0x3a, 0xa0, 0x18, 0x7f, 0x30,
    0x8, 0xd9, 0xd0, 0xd4, 0x0, 0xb, 0x81, 0x1b,
    0x84, 0x8d, 0x0, 0x0, 0x8, 0xfd, 0xf5, 0xa,
    0x38, 0xc0, 0x0, 0x2, 0xfb, 0x62, 0x4f, 0xff,
    0xff, 0xff, 0xf0, 0x1, 0x1, 0x64, 0x33, 0x8f,
    0x75, 0x33, 0x0, 0x5b, 0xfd, 0x30, 0x2e, 0xb6,
    0xe5, 0x0, 0x3f, 0x93, 0x0, 0x6f, 0xc0, 0x6,
    0xf7, 0x0, 0x0, 0x0, 0x4f, 0x70, 0x0, 0x4,
    0xe1, 0x0, 0x0, 0x0, 0x0, 0x0, 0x0, 0x0,
    0x0,

    /* U+7EF4 "维" */
    0x0, 0x6, 0x10, 0x0, 0x72, 0x33, 0x0, 0x0,
    0x2, 0xf3, 0x0, 0x4f, 0x49, 0xd0, 0x0, 0x0,
    0x9b, 0x0, 0xa, 0xd0, 0x2d, 0x20, 0x0, 0x1f,
    0x32, 0x32, 0xff, 0xff, 0xff, 0xf1, 0x9, 0xa0,
    0xba, 0xcf, 0x74, 0x9e, 0x44, 0x4, 0xfd, 0xdf,
    0x7f, 0xf4, 0x6, 0xe0, 0x0, 0x19, 0x7f, 0x62,
    0x9f, 0xff, 0xff, 0xfb, 0x0, 0xa, 0xb0, 0x1,
    0xf6, 0x38, 0xe3, 0x20, 0x8, 0xf9, 0xb8, 0xf,
    0x51, 0x7e, 0x11, 0x2, 0xfe, 0xa7, 0x30, 0xff,
    0xff, 0xff, 0xc0, 0x2, 0x0, 0x0, 0xf, 0x51,
    0x7e, 0x11, 0x0, 0x15, 0x8c, 0xe1, 0xf5, 0x17,
    0xe1, 0x10, 0x3f, 0xfb, 0x73, 0x1f, 0xff, 0xff,
    0xff, 0x50, 0x30, 0x0, 0x0, 0xf6, 0x22, 0x22,
    0x20,

    /* U+7F16 "编" */
    0x0, 0x7, 0x10, 0x0, 0x8, 0x30, 0x0, 0x0,
    0x4f, 0x20, 0x0, 0xe, 0xc0, 0x0, 0x0, 0xab,
    0x0, 0xdf, 0xff, 0xff, 0xfc, 0x1, 0xf4, 0x30,
    0xd7, 0x11, 0x11, 0x9c, 0x9, 0xc0, 0xf5, 0xd9,
    0x44, 0x44, 0xac, 0x4f, 0xbb, 0xc0, 0xde, 0xdd,
    0xdd, 0xda, 0x2a, 0xaf, 0x20, 0xe8, 0x22, 0x22,
    0x22, 0x0, 0xb8, 0x0, 0xef, 0xff, 0xff, 0xff,
    0x8, 0xf9, 0xc1, 0xff, 0x3d, 0xe, 0x1f, 0x3f,
    0xea, 0x63, 0xfd, 0x5e, 0x2e, 0x3f, 0x3, 0x1,
    0x66, 0xeb, 0xff, 0xff, 0xff, 0x4, 0xaf, 0xcc,
    0xab, 0x3d, 0xe, 0x1f, 0x4f, 0xa3, 0x1f, 0x4b,
    0x3d, 0xe, 0x1f, 0x1, 0x0, 0x1a, 0xb, 0x3a,
    0xa, 0xbb, 0x0, 0x0, 0x0, 0x0, 0x0, 0x0,
    0x0,

    /* U+7F29 "缩" */
    0x0, 0x5, 0x10, 0x0, 0x7, 0x10, 0x0, 0x0,
    0x1, 0xf5, 0x2, 0x22, 0xe9, 0x22, 0x20, 0x0,
    0x7e, 0x5, 0xff, 0xff, 0xff, 0xff, 0x40, 0xe,
    0x72, 0x5e, 0x0, 0x0, 0x0, 0xf4, 0x7, 0xe0,
    0xd7, 0x7f, 0x43, 0x33, 0x46, 0x2, 0xfb, 0xac,
    0x7, 0xc9, 0xdf, 0xfd, 0xd1, 0xa, 0x9f, 0x30,
    0xd8, 0x0, 0xd8, 0x0, 0x0, 0x9, 0x90, 0x7f,
    0x87, 0xff, 0xff, 0xd0, 0x5, 0xfa, 0xbf, 0xe8,
    0x7b, 0x11, 0x6d, 0x1, 0xff, 0xc7, 0x5a, 0x87,
    0xb2, 0x27, 0xd0, 0x5, 0x10, 0x11, 0x98, 0x7f,
    0xff, 0xfd, 0x0, 0x48, 0xce, 0x49, 0x87, 0xa0,
    0x5, 0xd0, 0x1f, 0xb5, 0x0, 0x98, 0x7f, 0xcc,
    0xed, 0x0, 0x10, 0x0, 0x9, 0x87, 0xc4, 0x48,
    0xc0,

    /* U+7F6E "置" */
    0x3, 0xff, 0xff, 0xff, 0xff, 0xff, 0xf6, 0x0,
    0x3f, 0x10, 0xd6, 0x7, 0xd0, 0xf, 0x60, 0x3,
    0xfd, 0xdf, 0xed, 0xef, 0xdd, 0xf6, 0x0, 0x13,
    0x33, 0x38, 0xf4, 0x33, 0x33, 0x20, 0xd, 0xff,
    0xff, 0xff, 0xff, 0xff, 0xfb, 0x0, 0x1, 0x55,
    0x5b, 0xc5, 0x55, 0x51, 0x0, 0x0, 0x3f, 0x98,
    0x88, 0x88, 0x9f, 0x30, 0x0, 0x3, 0xfc, 0xbb,
    0xbb, 0xbc, 0xf3, 0x0, 0x0, 0x3f, 0x54, 0x44,
    0x44, 0x6f, 0x30, 0x0, 0x3, 0xf8, 0x77, 0x77,
    0x78, 0xf3, 0x0, 0x0, 0x3f, 0xcc, 0xcc, 0xcc,
    0xdf, 0x30, 0x0, 0x3, 0xf1, 0x0, 0x0, 0x2,
    0xf3, 0x0, 0x1f, 0xff, 0xff, 0xff, 0xff, 0xff,
    0xff, 0x20,

    /* U+8017 "耗" */
    0x0, 0xc, 0x70, 0x0, 0x0, 0x2, 0xb3, 0x0,
    0x0, 0xd7, 0x0, 0x0, 0x3a, 0xfe, 0x50, 0xf,
    0xff, 0xff, 0x77, 0xdf, 0xf6, 0x0, 0x0, 0x22,
    0xd8, 0x21, 0xa8, 0x9e, 0x0, 0x0, 0x4, 0x5e,
    0xa5, 0x0, 0x6, 0xe0, 0x13, 0x0, 0x9c, 0xfe,
    0xc1, 0x47, 0xcf, 0xef, 0xf1, 0x1, 0x1d, 0x81,
    0x18, 0xab, 0xf4, 0x20, 0x1, 0xff, 0xff, 0xfe,
    0x0, 0x6e, 0x0, 0x12, 0x1, 0x7f, 0xf3, 0x13,
    0x6b, 0xfd, 0xff, 0xb0, 0xe, 0xff, 0xe3, 0xfe,
    0xef, 0x74, 0x20, 0xb, 0xbc, 0x8d, 0x91, 0x6,
    0xe0, 0x1, 0x2, 0xe1, 0xc7, 0x20, 0x0, 0x6e,
    0x0, 0x6b, 0x2, 0xc, 0x70, 0x0, 0x6, 0xf3,
    0x2a, 0xa0, 0x0, 0xc7, 0x0, 0x0, 0x2d, 0xff,
    0xe4,

    /* U+8054 "联" */
    0x0, 0x0, 0x0, 0x0, 0x20, 0x0, 0x30, 0x1,
    0xff, 0xff, 0xf9, 0x5f, 0x30, 0x4f, 0x40, 0x8,
    0xe4, 0x6f, 0x20, 0xac, 0xd, 0xa0, 0x0, 0x5e,
    0x3, 0xf0, 0x8b, 0xba, 0xfa, 0x90, 0x5, 0xff,
    0xff, 0xa, 0xac, 0xfa, 0xaa, 0x0, 0x5e, 0x35,
    0xf0, 0x0, 0x5f, 0x0, 0x0, 0x5, 0xe0, 0x3f,
    0x0, 0x6, 0xf0, 0x0, 0x0, 0x5f, 0xff, 0xf4,
    0xee, 0xff, 0xfe, 0xe7, 0x5, 0xe3, 0x5f, 0x15,
    0x5b, 0xf6, 0x55, 0x20, 0x5e, 0x3, 0xf3, 0x0,
    0xdf, 0x80, 0x0, 0x19, 0xfb, 0xef, 0xf2, 0x4f,
    0xaf, 0x10, 0x0, 0xdb, 0x88, 0xf0, 0x1e, 0xa0,
    0xcc, 0x0, 0x0, 0x0, 0x3f, 0x2d, 0xe1, 0x2,
    0xed, 0x30, 0x0, 0x3, 0xf7, 0xd2, 0x0, 0x1,
    0xb2, 0x0, 0x0, 0x0, 0x0, 0x0, 0x0, 0x0,
    0x0,

    /* U+80CC "背" */
    0x0, 0x0, 0x2f, 0x30, 0xe7, 0x0, 0x0, 0x0,
    0x12, 0x24, 0xf3, 0xe, 0x71, 0x7d, 0x20, 0xb,
    0xee, 0xff, 0x30, 0xed, 0xfe, 0x93, 0x0, 0x0,
    0x3, 0xf3, 0xe, 0xa2, 0x0, 0x30, 0xa, 0xce,
    0xef, 0x30, 0xdc, 0x66, 0x9f, 0x0, 0x42, 0x1,
    0xa2, 0x2, 0x88, 0x88, 0x40, 0x0, 0x1c, 0xcc,
    0xcc, 0xcc, 0xcc, 0x20, 0x0, 0x2, 0xf7, 0x44,
    0x44, 0x47, 0xf3, 0x0, 0x0, 0x2f, 0x73, 0x33,
    0x33, 0x6f, 0x30, 0x0, 0x2, 0xfd, 0xcc, 0xcc,
    0xcd, 0xf3, 0x0, 0x0, 0x2f, 0x62, 0x22, 0x22,
    0x5f, 0x30, 0x0, 0x2, 0xfe, 0xdd, 0xdd, 0xde,
    0xf3, 0x0, 0x0, 0x2f, 0x40, 0x0, 0x13, 0x6f,
    0x30, 0x0, 0x2, 0xf4, 0x0, 0x4, 0xff, 0xb0,
    0x0,

    /* U+80FD "能" */
    0x0, 0x0, 0x0, 0x0, 0x0, 0x0, 0x0, 0x0,
    0x1, 0xe5, 0x0, 0x6, 0xe0, 0x0, 0x0, 0x0,
    0x8e, 0x1c, 0x40, 0x6e, 0x0, 0x85, 0x0, 0x2f,
    0x60, 0xbd, 0x6, 0xf8, 0xef, 0x80, 0xc, 0xf9,
    0xad, 0xf6, 0x6f, 0xb6, 0x0, 0x0, 0x89, 0x76,
    0x5b, 0x86, 0xe0, 0x0, 0x75, 0x2, 0x55, 0x55,
    0x60, 0x6f, 0x65, 0x5d, 0x70, 0x6f, 0xbb, 0xdf,
    0x1, 0xad, 0xdd, 0xb1, 0x6, 0xe0, 0x5, 0xf0,
    0x5b, 0x0, 0x0, 0x0, 0x6f, 0xff, 0xff, 0x6,
    0xe0, 0x18, 0x80, 0x6, 0xe0, 0x5, 0xf0, 0x6f,
    0xaf, 0xd6, 0x0, 0x6f, 0xff, 0xff, 0x6, 0xf7,
    0x20, 0x0, 0x6, 0xe1, 0x16, 0xf0, 0x6e, 0x0,
    0x8, 0x90, 0x6e, 0x4, 0x8f, 0x6, 0xf6, 0x55,
    0xd9, 0x6, 0xe0, 0xbf, 0xa0, 0x1b, 0xee, 0xec,
    0x20,

    /* U+81EA "自" */
    0x0, 0x0, 0x14, 0x10, 0x0, 0x0, 0x0, 0x6,
    0xf2, 0x0, 0x0, 0x26, 0x66, 0xce, 0x66, 0x66,
    0x67, 0xff, 0xff, 0xff, 0xff, 0xff, 0x7e, 0x0,
    0x0, 0x0, 0x7, 0xf7, 0xf5, 0x55, 0x55, 0x55,
    0xaf, 0x7f, 0xff, 0xff, 0xff, 0xff, 0xf7, 0xe0,
    0x0, 0x0, 0x0, 0x7f, 0x7e, 0x11, 0x11, 0x11,
    0x18, 0xf7, 0xff, 0xff, 0xff, 0xff, 0xff, 0x7e,
    0x22, 0x22, 0x22, 0x29, 0xf7, 0xe0, 0x0, 0x0,
    0x0, 0x7f, 0x7f, 0xff, 0xff, 0xff, 0xff, 0xf7,
    0xf5, 0x55, 0x55, 0x55, 0xae,

    /* U+822A "航" */
    0x0, 0x6, 0x50, 0x0, 0x7, 0x50, 0x0, 0x0,
    0x0, 0xe6, 0x0, 0x0, 0xbe, 0x0, 0x0, 0x4,
    0xdf, 0xdc, 0x42, 0x26, 0xe5, 0x22, 0x10, 0x5e,
    0x54, 0xfa, 0xff, 0xff, 0xff, 0xf7, 0x5, 0xdd,
    0x2e, 0x50, 0x0, 0x0, 0x0, 0x0, 0x5d, 0x78,
    0xe4, 0x19, 0x99, 0x98, 0x0, 0x17, 0xd3, 0x3e,
    0x42, 0xfa, 0x9c, 0xe0, 0x6, 0xff, 0xff, 0xf4,
    0x2f, 0x20, 0x6e, 0x0, 0x6, 0xc6, 0xe, 0x42,
    0xf2, 0x6, 0xe0, 0x0, 0x7b, 0xa5, 0xe4, 0x3f,
    0x0, 0x6e, 0x0, 0x8, 0xa3, 0x9e, 0x45, 0xe0,
    0x6, 0xe0, 0x0, 0xb8, 0x0, 0xe4, 0x9c, 0x0,
    0x6e, 0x2b, 0xf, 0x41, 0x2f, 0x6f, 0x60, 0x5,
    0xf6, 0xa4, 0xe0, 0x3f, 0xd8, 0xd0, 0x0, 0x2d,
    0xe5, 0x0, 0x0, 0x0, 0x0, 0x0, 0x0, 0x0,
    0x0,

    /* U+8272 "色" */
    0x0, 0x0, 0x7, 0x20, 0x0, 0x0, 0x0, 0x0,
    0x0, 0x8, 0xf7, 0x44, 0x41, 0x0, 0x0, 0x0,
    0x4, 0xff, 0xff, 0xff, 0xa0, 0x0, 0x0, 0x3,
    0xeb, 0x0, 0x9, 0xe1, 0x0, 0x0, 0x6, 0xff,
    0x65, 0x58, 0xf9, 0x55, 0x50, 0x1, 0xff, 0xff,
    0xff, 0xff, 0xff, 0xff, 0x0, 0x4, 0x7e, 0x0,
    0xe, 0x60, 0x6, 0xf0, 0x0, 0x6, 0xe0, 0x0,
    0xe6, 0x0, 0x6f, 0x0, 0x0, 0x6f, 0xff, 0xff,
    0xff, 0xff, 0xf0, 0x0, 0x6, 0xf6, 0x66, 0x66,
    0x66, 0xaf, 0x0, 0x0, 0x6e, 0x0, 0x0, 0x0,
    0x0, 0x15, 0x0, 0x6, 0xf0, 0x0, 0x0, 0x0,
    0x1, 0xf5, 0x0, 0x4f, 0x84, 0x44, 0x44, 0x44,
    0xaf, 0x10, 0x0, 0x9e, 0xff, 0xff, 0xff, 0xfd,
    0x50,

    /* U+8282 "节" */
    0x0, 0x0, 0xca, 0x0, 0x9, 0xd0, 0x0, 0x0,
    0x66, 0x6d, 0xc6, 0x66, 0xce, 0x66, 0x60, 0x1e,
    0xee, 0xff, 0xee, 0xef, 0xfe, 0xee, 0x20, 0x0,
    0xc, 0xa0, 0x0, 0x9d, 0x0, 0x0, 0x0, 0x0,
    0x65, 0x0, 0x5, 0x60, 0x0, 0x0, 0x24, 0x44,
    0x44, 0x44, 0x44, 0x44, 0x0, 0x7, 0xff, 0xff,
    0xff, 0xff, 0xff, 0xd0, 0x0, 0x0, 0x0, 0xcb,
    0x0, 0x0, 0xad, 0x0, 0x0, 0x0, 0xb, 0xb0,
    0x0, 0xa, 0xd0, 0x0, 0x0, 0x0, 0xbb, 0x0,
    0x0, 0xad, 0x0, 0x0, 0x0, 0xb, 0xb0, 0x13,
    0x3b, 0xc0, 0x0, 0x0, 0x0, 0xbb, 0x1, 0xff,
    0xf8, 0x0, 0x0, 0x0, 0xb, 0xb0, 0x3, 0x31,
    0x0, 0x0, 0x0, 0x0, 0xbb, 0x0, 0x0, 0x0,
    0x0,

    /* U+8350 "荐" */
    0x0, 0x0, 0xe7, 0x0, 0x6, 0xe0, 0x0, 0x0,
    0x55, 0x5e, 0xa5, 0x55, 0x9f, 0x55, 0x50, 0x2e,
    0xee, 0xff, 0xee, 0xef, 0xfe, 0xee, 0x10, 0x0,
    0xe, 0xc5, 0x0, 0x6e, 0x0, 0x0, 0x4, 0x44,
    0x4e, 0xb4, 0x44, 0x44, 0x44, 0x0, 0xff, 0xff,
    0xff, 0xff, 0xff, 0xff, 0xf0, 0x0, 0x3, 0xf6,
    0x12, 0x22, 0x22, 0x10, 0x0, 0x2, 0xea, 0xa,
    0xff, 0xff, 0xfd, 0x0, 0x4, 0xef, 0x40, 0x0,
    0x4, 0xda, 0x0, 0x4, 0xfb, 0xf4, 0x23, 0x33,
    0xdb, 0x33, 0x30, 0x5, 0xf, 0x4c, 0xff, 0xff,
    0xff, 0xff, 0x30, 0x0, 0xf4, 0x0, 0x0, 0xc8,
    0x0, 0x0, 0x0, 0xf, 0x40, 0x2, 0x3e, 0x80,
    0x0, 0x0, 0x0, 0xf4, 0x0, 0x8f, 0xd3, 0x0,
    0x0,

    /* U+85CF "藏" */
    0x0, 0x0, 0xab, 0x0, 0xc, 0xa0, 0x0, 0x0,
    0xff, 0xff, 0xff, 0xff, 0xff, 0xff, 0xf1, 0x2,
    0x22, 0xbc, 0x22, 0x2c, 0xc4, 0xc4, 0x0, 0x20,
    0x35, 0x54, 0x44, 0x8f, 0x5d, 0xb1, 0xb, 0x4a,
    0xff, 0xff, 0xff, 0xff, 0xff, 0x30, 0xb4, 0xa9,
    0x11, 0x11, 0x3f, 0x11, 0x10, 0xb, 0x9c, 0x8d,
    0xef, 0xe9, 0xf1, 0xc7, 0x0, 0xbe, 0xf8, 0xd2,
    0xc2, 0xf, 0x3f, 0x40, 0x3, 0x1a, 0x8d, 0xed,
    0xe8, 0xea, 0xf0, 0x5, 0xff, 0xf7, 0xd2, 0x6,
    0x8b, 0xfa, 0x0, 0xa, 0x7c, 0x6d, 0xef, 0xe7,
    0x8f, 0x30, 0x0, 0xb4, 0xe3, 0xd5, 0xc5, 0x2c,
    0xf0, 0x41, 0xe, 0x4e, 0xd, 0xcb, 0xcf, 0xee,
    0xab, 0x64, 0x85, 0x90, 0x51, 0x7, 0xb1, 0x3d,
    0xe1, 0x0, 0x0, 0x0, 0x0, 0x0, 0x0, 0x0,
    0x0,

    /* U+884C "行" */
    0x0, 0x5, 0xa1, 0x0, 0x0, 0x0, 0x0, 0x0,
    0x3, 0xf9, 0x6, 0xff, 0xff, 0xff, 0xd0, 0x4,
    0xfc, 0x0, 0x25, 0x55, 0x55, 0x54, 0x3, 0xfc,
    0x13, 0x10, 0x0, 0x0, 0x0, 0x0, 0x9, 0x2,
    0xf9, 0x0, 0x0, 0x0, 0x0, 0x0, 0x0, 0xde,
    0x16, 0x66, 0x66, 0x66, 0x61, 0x0, 0xbf, 0x50,
    0xee, 0xee, 0xff, 0xfe, 0x40, 0xcf, 0xf3, 0x0,
    0x0, 0x4, 0xf2, 0x0, 0x5f, 0x8f, 0x30, 0x0,
    0x0, 0x4f, 0x20, 0x0, 0x12, 0xf3, 0x0, 0x0,
    0x4, 0xf2, 0x0, 0x0, 0x2f, 0x30, 0x0, 0x0,
    0x4f, 0x20, 0x0, 0x2, 0xf3, 0x0, 0x0, 0x4,
    0xf2, 0x0, 0x0, 0x2f, 0x30, 0x0, 0x67, 0xaf,
    0x10, 0x0, 0x2, 0xf3, 0x0, 0x8, 0xed, 0x90,
    0x0,

    /* U+8868 "表" */
    0x0, 0x0, 0x0, 0x3f, 0x20, 0x0, 0x0, 0x0,
    0x13, 0x33, 0x36, 0xf5, 0x33, 0x33, 0x10, 0x6,
    0xff, 0xff, 0xff, 0xff, 0xff, 0xf7, 0x0, 0x1,
    0x11, 0x15, 0xf4, 0x11, 0x11, 0x0, 0x0, 0xaf,
    0xff, 0xff, 0xff, 0xff, 0xe0, 0x0, 0x0, 0x0,
    0x3, 0xf2, 0x0, 0x0, 0x0, 0xf, 0xff, 0xff,
    0xff, 0xff, 0xff, 0xff, 0x0, 0x33, 0x35, 0xee,
    0xbe, 0x43, 0x35, 0x30, 0x0, 0x5, 0xed, 0x21,
    0xf7, 0x6, 0xf5, 0x0, 0x6d, 0xff, 0x30, 0x9,
    0xea, 0xf5, 0x0, 0x2e, 0xa6, 0xf3, 0x0, 0xd,
    0xf4, 0x0, 0x0, 0x0, 0x3f, 0x34, 0x89, 0x2d,
    0xf6, 0x0, 0x0, 0x8, 0xff, 0xfc, 0x60, 0xa,
    0xfe, 0x30, 0x0, 0x9c, 0x61, 0x0, 0x0, 0x2,
    0x70, 0x0, 0x0, 0x0, 0x0, 0x0, 0x0, 0x0,
    0x0,

    /* U+8981 "要" */
    0xf, 0xff, 0xff, 0xff, 0xff, 0xff, 0xfe, 0x0,
    0x33, 0x33, 0xf7, 0x3a, 0xd3, 0x33, 0x30, 0x3,
    0xee, 0xef, 0xee, 0xff, 0xee, 0xe4, 0x0, 0x3f,
    0x43, 0xf7, 0x3a, 0xd3, 0x3f, 0x50, 0x3, 0xf1,
    0xf, 0x50, 0x8c, 0x0, 0xf5, 0x0, 0x3f, 0xff,
    0xff, 0xff, 0xff, 0xff, 0x50, 0x0, 0x22, 0x29,
    0xe3, 0x22, 0x22, 0x20, 0x0, 0x55, 0x55, 0xed,
    0x55, 0x55, 0x55, 0x51, 0x2d, 0xdd, 0xff, 0xdd,
    0xde, 0xfe, 0xdd, 0x20, 0x0, 0x5f, 0x60, 0x1,
    0xcd, 0x0, 0x0, 0x0, 0xc, 0xff, 0xb8, 0xce,
    0x20, 0x0, 0x0, 0x0, 0x4, 0xaf, 0xff, 0xfb,
    0x72, 0x0, 0xb, 0xff, 0xfc, 0x72, 0x4, 0x9e,
    0xf6, 0x0, 0x34, 0x10, 0x0, 0x0, 0x0, 0x3,
    0x0,

    /* U+89C2 "观" */
    0x15, 0x55, 0x55, 0x3f, 0xff, 0xff, 0xf7, 0x2,
    0xff, 0xff, 0xf4, 0xf5, 0x33, 0x3f, 0x70, 0x0,
    0x0, 0x6f, 0x2f, 0x22, 0x70, 0xe7, 0x0, 0x82,
    0x9, 0xc2, 0xf2, 0x5e, 0xe, 0x70, 0xb, 0xc0,
    0xd9, 0x2f, 0x25, 0xe0, 0xe7, 0x0, 0x1f, 0x9f,
    0x52, 0xf2, 0x6e, 0xe, 0x70, 0x0, 0x6f, 0xf0,
    0x2f, 0x27, 0xc0, 0xe7, 0x0, 0x0, 0xee, 0x2,
    0xe2, 0xaa, 0xd, 0x60, 0x0, 0x4f, 0xf6, 0x0,
    0xf, 0xf6, 0x0, 0x0, 0xc, 0xc9, 0xe0, 0x9,
    0xec, 0x60, 0x50, 0x8, 0xf3, 0x2b, 0x15, 0xf5,
    0xb6, 0xd, 0x34, 0xf8, 0x0, 0x7, 0xf8, 0xb,
    0x71, 0xf1, 0x6, 0x0, 0x6, 0xf6, 0x0, 0x6e,
    0xfb, 0x0, 0x0, 0x0, 0x1, 0x0, 0x0, 0x0,
    0x0,

    /* U+89C6 "视" */
    0x0, 0x35, 0x0, 0x0, 0x0, 0x0, 0x0, 0x0,
    0x6, 0xf3, 0x5, 0xff, 0xff, 0xff, 0x70, 0x0,
    0xb, 0x50, 0x5f, 0x33, 0x33, 0xf7, 0x0, 0xff,
    0xff, 0xd5, 0xf0, 0x5c, 0xe, 0x70, 0x3, 0x33,
    0xe6, 0x5f, 0x6, 0xe0, 0xe7, 0x0, 0x0, 0x8e,
    0x5, 0xf0, 0x6e, 0xe, 0x70, 0x0, 0x3f, 0x80,
    0x5f, 0x7, 0xd0, 0xe7, 0x0, 0x4f, 0xff, 0x35,
    0xf0, 0x8b, 0xe, 0x70, 0x3f, 0xef, 0x9e, 0x5e,
    0xc, 0xc1, 0xd6, 0x0, 0xa4, 0xf1, 0x50, 0x2,
    0xff, 0x40, 0x0, 0x0, 0x4f, 0x0, 0x0, 0xcd,
    0xd4, 0x6, 0x0, 0x4, 0xf0, 0x0, 0x9f, 0x2d,
    0x40, 0xe2, 0x0, 0x4f, 0x3, 0xcf, 0x50, 0xd8,
    0x4f, 0x0, 0x4, 0xf0, 0x5c, 0x30, 0x5, 0xbc,
    0x70, 0x0, 0x0, 0x0, 0x0, 0x0, 0x0, 0x0,
    0x0,

    /* U+89C9 "觉" */
    0x0, 0x1, 0x0, 0x52, 0x0, 0x4, 0x10, 0x0,
    0x9, 0xe1, 0xc, 0xc0, 0x4, 0xf6, 0x0, 0x0,
    0x1e, 0x80, 0x3e, 0x20, 0xeb, 0x0, 0x0, 0xef,
    0xff, 0xff, 0xff, 0xff, 0xff, 0xc0, 0xe, 0x93,
    0x33, 0x33, 0x33, 0x33, 0xcc, 0x0, 0xe8, 0x55,
    0x55, 0x55, 0x55, 0x4a, 0xc0, 0x1, 0x3f, 0xfe,
    0xee, 0xee, 0xfe, 0x11, 0x0, 0x2, 0xf4, 0x3,
    0x70, 0x8, 0xe0, 0x0, 0x0, 0x2f, 0x40, 0x7f,
    0x0, 0x8e, 0x0, 0x0, 0x2, 0xf4, 0x8, 0xe0,
    0x8, 0xe0, 0x0, 0x0, 0x2f, 0x40, 0xdb, 0xc4,
    0x8e, 0x0, 0x0, 0x0, 0x1, 0xbf, 0x3f, 0x50,
    0x10, 0x50, 0x0, 0x39, 0xfd, 0x30, 0xf8, 0x32,
    0x6f, 0x10, 0xcf, 0xc6, 0x0, 0xa, 0xff, 0xff,
    0xa0, 0x1, 0x10, 0x0, 0x0, 0x0, 0x0, 0x0,
    0x0,

    /* U+89D2 "角" */
    0x0, 0x0, 0x7d, 0x10, 0x0, 0x0, 0x0, 0x0,
    0x1, 0xff, 0xff, 0xff, 0xd1, 0x0, 0x0, 0xb,
    0xe3, 0x22, 0x4f, 0x90, 0x0, 0x0, 0xaf, 0x82,
    0x22, 0xbe, 0x32, 0x20, 0xb, 0xff, 0xff, 0xff,
    0xff, 0xff, 0xf2, 0x9, 0x9f, 0x51, 0x1e, 0x81,
    0x15, 0xf2, 0x0, 0x2f, 0x63, 0x3f, 0x93, 0x36,
    0xf2, 0x0, 0x2f, 0xff, 0xff, 0xff, 0xff, 0xf2,
    0x0, 0x4f, 0x30, 0xe, 0x70, 0x3, 0xf2, 0x0,
    0x5f, 0x64, 0x4f, 0xa4, 0x47, 0xf2, 0x0, 0x7f,
    0xff, 0xff, 0xff, 0xff, 0xf2, 0x0, 0xdb, 0x0,
    0xe, 0x70, 0x3, 0xf2, 0x6, 0xf5, 0x0, 0xe,
    0x73, 0x58, 0xf2, 0xa, 0x90, 0x0, 0xe, 0x75,
    0xff, 0xa0, 0x0, 0x0, 0x0, 0x0, 0x0, 0x0,
    0x0,

    /* U+8BA4 "认" */
    0x0, 0x53, 0x0, 0x0, 0xd, 0x80, 0x0, 0x0,
    0xa, 0xf4, 0x0, 0x0, 0xe8, 0x0, 0x0, 0x0,
    0xb, 0xf1, 0x0, 0xe, 0x70, 0x0, 0x0, 0x0,
    0x5, 0x0, 0x0, 0xe7, 0x0, 0x0, 0x0, 0x0,
    0x0, 0x0, 0xf, 0x70, 0x0, 0x5, 0xff, 0xf6,
    0x0, 0x1, 0xf8, 0x0, 0x0, 0x15, 0x5f, 0x60,
    0x0, 0x3f, 0xb0, 0x0, 0x0, 0x0, 0xe6, 0x0,
    0x5, 0xff, 0x0, 0x0, 0x0, 0xe, 0x60, 0x0,
    0xae, 0xf4, 0x0, 0x0, 0x0, 0xe6, 0x0, 0xf,
    0x8b, 0xb0, 0x0, 0x0, 0xe, 0x8b, 0x35, 0xf2,
    0x4f, 0x30, 0x0, 0x0, 0xff, 0xb2, 0xec, 0x0,
    0xdd, 0x10, 0x0, 0x8f, 0x71, 0xcf, 0x20, 0x3,
    0xfc, 0x0, 0x3, 0x30, 0x3e, 0x40, 0x0, 0x4,
    0xe2, 0x0, 0x0, 0x0, 0x0, 0x0, 0x0, 0x0,
    0x0,

    /* U+8BA9 "让" */
    0x0, 0x83, 0x0, 0x0, 0x5f, 0x10, 0x0, 0x0,
    0xb, 0xf3, 0x0, 0x5, 0xf1, 0x0, 0x0, 0x0,
    0xc, 0xd0, 0x0, 0x5f, 0x10, 0x0, 0x0, 0x0,
    0x14, 0x0, 0x5, 0xf1, 0x0, 0x0, 0x0, 0x0,
    0x0, 0x0, 0x5f, 0x10, 0x0, 0x4, 0xff, 0xf3,
    0x0, 0x5, 0xfc, 0xcc, 0x40, 0x16, 0x6f, 0x30,
    0x0, 0x5f, 0x98, 0x82, 0x0, 0x0, 0xf3, 0x0,
    0x5, 0xf1, 0x0, 0x0, 0x0, 0xf, 0x30, 0x0,
    0x5f, 0x10, 0x0, 0x0, 0x0, 0xf3, 0x0, 0x5,
    0xf1, 0x0, 0x0, 0x0, 0xf, 0x5b, 0x10, 0x5f,
    0x10, 0x0, 0x0, 0x2, 0xff, 0xc1, 0x5, 0xf1,
    0x0, 0x0, 0x0, 0x7f, 0x96, 0x66, 0x9f, 0x76,
    0x66, 0x20, 0xc, 0x70, 0xcf, 0xff, 0xff, 0xff,
    0xf5, 0x0, 0x0, 0x0, 0x0, 0x0, 0x0, 0x0,
    0x0,

    /* U+8BBE "设" */
    0x0, 0x10, 0x0, 0x0, 0x0, 0x0, 0x0, 0x0,
    0xe, 0x80, 0x0, 0xef, 0xff, 0xf3, 0x0, 0x0,
    0x4f, 0x80, 0xe, 0x84, 0x5f, 0x30, 0x0, 0x0,
    0x56, 0x0, 0xf4, 0x1, 0xf3, 0x0, 0x0, 0x0,
    0x0, 0x8f, 0x0, 0x1f, 0x41, 0x4, 0xee, 0xe0,
    0xaf, 0x50, 0x0, 0xdf, 0xf2, 0x15, 0x9f, 0x5,
    0x51, 0x11, 0x11, 0x20, 0x0, 0x5, 0xf0, 0x5f,
    0xff, 0xff, 0xff, 0x50, 0x0, 0x5f, 0x1, 0xbb,
    0x33, 0x39, 0xe0, 0x0, 0x5, 0xf0, 0x3, 0xf4,
    0x2, 0xf7, 0x0, 0x0, 0x5f, 0x48, 0x8, 0xf6,
    0xeb, 0x0, 0x0, 0x6, 0xff, 0x70, 0xd, 0xff,
    0x20, 0x0, 0x0, 0xdf, 0x43, 0x8e, 0xf9, 0xef,
    0x94, 0x0, 0x8, 0x20, 0xdd, 0x81, 0x1, 0x8d,
    0xf2, 0x0, 0x0, 0x0, 0x0, 0x0, 0x0, 0x1,
    0x0,

    /* U+8BBF "访" */
    0x0, 0x20, 0x0, 0x0, 0x27, 0x0, 0x0, 0x0,
    0x1f, 0x90, 0x0, 0x3, 0xf4, 0x0, 0x0, 0x0,
    0x4f, 0x80, 0x0, 0xd, 0x60, 0x0, 0x0, 0x0,
    0x63, 0x9f, 0xff, 0xff, 0xff, 0xf1, 0x0, 0x0,
    0x3, 0x5b, 0xe5, 0x55, 0x55, 0x4, 0xff, 0xf4,
    0x0, 0x9c, 0x0, 0x0, 0x0, 0x1, 0x3f, 0x40,
    0xa, 0xfe, 0xee, 0xe0, 0x0, 0x1, 0xf4, 0x0,
    0xbb, 0x55, 0x9f, 0x0, 0x0, 0x1f, 0x40, 0xd,
    0x60, 0x6, 0xf0, 0x0, 0x1, 0xf4, 0x41, 0xf3,
    0x0, 0x7e, 0x0, 0x0, 0x2f, 0xce, 0x6f, 0x0,
    0x8, 0xd0, 0x0, 0x5, 0xfd, 0x2c, 0xb0, 0x0,
    0xab, 0x0, 0x0, 0xdc, 0x18, 0xf3, 0x4, 0x5e,
    0x80, 0x0, 0x2, 0x0, 0xb7, 0x0, 0xef, 0xd2,
    0x0, 0x0, 0x0, 0x0, 0x0, 0x0, 0x0, 0x0,
    0x0,

    /* U+8BC1 "证" */
    0x0, 0x0, 0x0, 0x0, 0x0, 0x0, 0x0, 0x0,
    0x3d, 0x30, 0x25, 0x55, 0x55, 0x55, 0x50, 0x0,
    0xaf, 0x46, 0xff, 0xff, 0xff, 0xff, 0x0, 0x0,
    0x94, 0x0, 0x0, 0x7f, 0x0, 0x0, 0x2, 0x22,
    0x0, 0x0, 0x7, 0xf0, 0x0, 0x3, 0xff, 0xf0,
    0x9, 0xa0, 0x7f, 0x0, 0x0, 0x29, 0xbf, 0x0,
    0xab, 0x7, 0xf5, 0x54, 0x0, 0x4, 0xf0, 0xa,
    0xb0, 0x7f, 0xfe, 0xc0, 0x0, 0x4f, 0x0, 0xab,
    0x7, 0xf0, 0x0, 0x0, 0x4, 0xf1, 0xa, 0xb0,
    0x7f, 0x0, 0x0, 0x0, 0x4f, 0xa9, 0xab, 0x7,
    0xf0, 0x0, 0x0, 0x6, 0xfe, 0x3a, 0xb0, 0x7f,
    0x0, 0x0, 0x0, 0xec, 0x1d, 0xff, 0xef, 0xfe,
    0xee, 0x20, 0x5, 0x0, 0x55, 0x55, 0x55, 0x55,
    0x51,

    /* U+8BC6 "识" */
    0x0, 0x0, 0x0, 0x0, 0x0, 0x0, 0x0, 0x0,
    0x3d, 0x20, 0x2, 0x55, 0x55, 0x55, 0x20, 0x0,
    0xbe, 0x30, 0x7f, 0xff, 0xff, 0xf6, 0x0, 0x0,
    0xb5, 0x7, 0xe0, 0x0, 0xf, 0x60, 0x0, 0x0,
    0x0, 0x7e, 0x0, 0x0, 0xf6, 0x3, 0xdd, 0xd0,
    0x7, 0xe0, 0x0, 0xf, 0x60, 0x16, 0x8f, 0x0,
    0x7e, 0x11, 0x11, 0xf6, 0x0, 0x4, 0xf0, 0x7,
    0xff, 0xff, 0xff, 0x60, 0x0, 0x4f, 0x0, 0x13,
    0x33, 0x33, 0x31, 0x0, 0x4, 0xf0, 0x0, 0x33,
    0x0, 0x32, 0x0, 0x0, 0x4f, 0x7d, 0xd, 0xb0,
    0xd, 0xc0, 0x0, 0x6, 0xff, 0x64, 0xf4, 0x0,
    0x4f, 0x50, 0x0, 0xce, 0x41, 0xec, 0x0, 0x0,
    0xcc, 0x0, 0x8, 0x20, 0x5e, 0x20, 0x0, 0x6,
    0xd1, 0x0, 0x0, 0x0, 0x0, 0x0, 0x0, 0x0,
    0x0,

    /* U+8BD1 "译" */
    0x0, 0x30, 0x0, 0x0, 0x0, 0x0, 0x0, 0x0,
    0x5f, 0x30, 0xbf, 0xff, 0xff, 0xff, 0x40, 0x0,
    0xbd, 0x2, 0x7f, 0x53, 0x3d, 0xd0, 0x0, 0x2,
    0xb0, 0x0, 0x9e, 0x2b, 0xf3, 0x0, 0x0, 0x0,
    0x0, 0x0, 0xcf, 0xf3, 0x0, 0x4, 0xff, 0xf0,
    0x4, 0xbf, 0xdf, 0xc5, 0x10, 0x15, 0x9f, 0x2e,
    0xfb, 0x56, 0x39, 0xef, 0x20, 0x5, 0xf0, 0x51,
    0x2, 0xf2, 0x0, 0x10, 0x0, 0x5f, 0x0, 0xff,
    0xff, 0xff, 0xf1, 0x0, 0x5, 0xf0, 0x4, 0x46,
    0xf6, 0x44, 0x0, 0x0, 0x5f, 0x54, 0x44, 0x6f,
    0x64, 0x44, 0x0, 0x6, 0xff, 0xef, 0xff, 0xff,
    0xff, 0xf1, 0x0, 0xcd, 0x20, 0x0, 0x2f, 0x20,
    0x0, 0x0, 0x6, 0x10, 0x0, 0x2, 0xf2, 0x0,
    0x0,

    /* U+8BF4 "说" */
    0x0, 0x0, 0x0, 0x2, 0x0, 0x2, 0x0, 0x0,
    0x2d, 0x30, 0x7, 0xe1, 0x0, 0xea, 0x0, 0x0,
    0xaf, 0x30, 0xe, 0x90, 0x5f, 0x20, 0x0, 0x0,
    0xb8, 0x16, 0xbb, 0x6c, 0xd6, 0x0, 0x0, 0x0,
    0x4, 0xfd, 0xdd, 0xde, 0xf2, 0x3, 0xcc, 0xc1,
    0x4f, 0x10, 0x0, 0x4f, 0x20, 0x27, 0x9f, 0x24,
    0xf1, 0x0, 0x4, 0xf2, 0x0, 0x4, 0xf2, 0x4f,
    0xff, 0xff, 0xff, 0x20, 0x0, 0x4f, 0x21, 0x4a,
    0xe4, 0xf9, 0x40, 0x0, 0x4, 0xf2, 0x20, 0xab,
    0xe, 0x60, 0x0, 0x0, 0x4f, 0x9f, 0x1e, 0x80,
    0xe6, 0x0, 0x0, 0x6, 0xff, 0x66, 0xf2, 0xe,
    0x60, 0xc3, 0x0, 0xed, 0x37, 0xf8, 0x0, 0xea,
    0x5f, 0x30, 0x6, 0x14, 0xf7, 0x0, 0x9, 0xff,
    0xc0, 0x0, 0x0, 0x0, 0x0, 0x0, 0x0, 0x0,
    0x0,

    /* U+8C03 "调" */
    0x0, 0x20, 0x0, 0x0, 0x0, 0x0, 0x0, 0x3,
    0xf5, 0x3, 0xff, 0xff, 0xff, 0xfe, 0x0, 0x7f,
    0x53, 0xf3, 0x37, 0x53, 0x7e, 0x0, 0x8, 0x33,
    0xf1, 0x3c, 0x73, 0x4e, 0x0, 0x0, 0x3, 0xf2,
    0xcf, 0xdb, 0x4e, 0x4f, 0xff, 0x3, 0xf0, 0xb,
    0x50, 0x4e, 0x15, 0x9f, 0x3, 0xf7, 0xef, 0xfe,
    0x8e, 0x0, 0x5f, 0x3, 0xf0, 0x0, 0x0, 0x5e,
    0x0, 0x5f, 0x4, 0xe3, 0xff, 0xfb, 0x4e, 0x0,
    0x5f, 0x5, 0xc3, 0xd0, 0x5c, 0x4e, 0x0, 0x5f,
    0x59, 0xb3, 0xd0, 0x5c, 0x4e, 0x0, 0x8f, 0xff,
    0x73, 0xff, 0xfb, 0x4e, 0x1, 0xee, 0x8f, 0x20,
    0x30, 0x3, 0x8e, 0x0, 0x61, 0x59, 0x0, 0x0,
    0xe, 0xf8, 0x0, 0x0, 0x0, 0x0, 0x0, 0x0,
    0x0,

    /* U+8C08 "谈" */
    0x0, 0x40, 0x0, 0x0, 0xf, 0x50, 0x0, 0x0,
    0xe, 0xc0, 0x8, 0x81, 0xf4, 0xb, 0x70, 0x0,
    0x2f, 0x90, 0xe6, 0x3f, 0x24, 0xf3, 0x0, 0x0,
    0x42, 0x7e, 0x7, 0xf1, 0xb9, 0x0, 0x0, 0x0,
    0x0, 0x31, 0xdf, 0xe7, 0x0, 0x4, 0xff, 0xf2,
    0x2, 0xce, 0x38, 0xfc, 0x20, 0x15, 0x7f, 0x27,
    0xfd, 0x35, 0x23, 0xde, 0x0, 0x2, 0xf2, 0x16,
    0x1, 0xf5, 0x2, 0x30, 0x0, 0x2f, 0x20, 0xb9,
    0x2f, 0x40, 0xcc, 0x0, 0x2, 0xf2, 0x2f, 0x45,
    0xf7, 0x4f, 0x30, 0x0, 0x2f, 0x47, 0xc0, 0xaf,
    0xea, 0x80, 0x0, 0x3, 0xff, 0x40, 0x7f, 0x7d,
    0xa0, 0x0, 0x0, 0x8f, 0x85, 0xbf, 0x90, 0x2f,
    0xd6, 0x10, 0x7, 0x51, 0xec, 0x40, 0x0, 0x2b,
    0xf3, 0x0, 0x0, 0x0, 0x0, 0x0, 0x0, 0x0,
    0x0,

    /* U+8D28 "质" */
    0x0, 0x0, 0x0, 0x1, 0x35, 0x7a, 0x80, 0x0,
    0xb, 0xde, 0xff, 0xff, 0xfd, 0xa7, 0x10, 0x0,
    0xea, 0x43, 0x22, 0xf6, 0x0, 0x0, 0x0, 0xe,
    0x94, 0x44, 0x5f, 0x84, 0x44, 0x41, 0x0, 0xef,
    0xff, 0xff, 0xff, 0xff, 0xff, 0x30, 0xf, 0x60,
    0x0, 0x4f, 0x10, 0x0, 0x0, 0x0, 0xf6, 0x9f,
    0xff, 0xff, 0xff, 0xf3, 0x0, 0xf, 0x69, 0xd5,
    0x56, 0x65, 0x8f, 0x30, 0x1, 0xf4, 0x9c, 0x0,
    0xe8, 0x4, 0xf3, 0x0, 0x3f, 0x29, 0xc0, 0xf,
    0x70, 0x4f, 0x30, 0x6, 0xf0, 0x9c, 0x5, 0xf4,
    0x4, 0xf3, 0x0, 0xbb, 0x2, 0x24, 0xeb, 0x78,
    0x34, 0x0, 0x2f, 0x60, 0x5b, 0xfa, 0x4, 0xbf,
    0xb3, 0x2, 0xb0, 0x6f, 0xa3, 0x0, 0x0, 0x2a,
    0xc0, 0x0, 0x0, 0x0, 0x0, 0x0, 0x0, 0x0,
    0x0,

    /* U+8D34 "贴" */
    0x0, 0x0, 0x0, 0x0, 0x6, 0xe0, 0x0, 0x0,
    0xef, 0xff, 0xf3, 0x0, 0x6e, 0x0, 0x0, 0xe,
    0x63, 0x3f, 0x30, 0x6, 0xe0, 0x0, 0x0, 0xe3,
    0xc3, 0xe3, 0x0, 0x6f, 0xee, 0xe6, 0xe, 0x3e,
    0x4e, 0x30, 0x6, 0xe5, 0x55, 0x20, 0xe3, 0xe4,
    0xe3, 0x0, 0x6e, 0x0, 0x0, 0xe, 0x3e, 0x4e,
    0x30, 0x6, 0xe0, 0x0, 0x0, 0xe3, 0xe4, 0xe3,
    0x45, 0x9e, 0x55, 0x40, 0xe, 0x3f, 0x3e, 0x3e,
    0xff, 0xff, 0xfe, 0x0, 0xe5, 0xf1, 0xe3, 0xe4,
    0x0, 0x5, 0xe0, 0x1, 0x7d, 0x71, 0xe, 0x40,
    0x0, 0x5e, 0x0, 0xe, 0x6d, 0x80, 0xe4, 0x0,
    0x5, 0xe0, 0x1c, 0xc0, 0x4f, 0x1e, 0xff, 0xff,
    0xfe, 0x4, 0xb0, 0x0, 0x60, 0xe8, 0x55, 0x58,
    0xd0, 0x0, 0x0, 0x0, 0x0, 0x0, 0x0, 0x0,
    0x0,

    /* U+8D44 "资" */
    0x0, 0x0, 0x0, 0x4, 0x10, 0x0, 0x0, 0x0,
    0x5b, 0x40, 0x4, 0xf4, 0x11, 0x11, 0x0, 0x2,
    0x9f, 0xb1, 0xdf, 0xff, 0xff, 0xfb, 0x0, 0x0,
    0x25, 0xcd, 0x15, 0xf3, 0x1f, 0x50, 0x0, 0x2,
    0x78, 0x10, 0xde, 0xe3, 0x60, 0x0, 0x8d, 0xfc,
    0x22, 0xdc, 0x9, 0xe7, 0x10, 0xc, 0x82, 0xa,
    0xfa, 0x10, 0x6, 0xee, 0x0, 0x1, 0x55, 0x88,
    0x55, 0x55, 0x53, 0x20, 0x0, 0x5f, 0xee, 0xee,
    0xee, 0xef, 0x80, 0x0, 0x5, 0xf0, 0x2, 0xa2,
    0x0, 0xe8, 0x0, 0x0, 0x5f, 0x0, 0x7e, 0x0,
    0xe, 0x80, 0x0, 0x3, 0xb0, 0x3f, 0x79, 0x71,
    0x85, 0x0, 0x0, 0x4, 0xaf, 0x91, 0x7d, 0xfc,
    0x60, 0x1, 0xdf, 0xfb, 0x40, 0x0, 0x3, 0x9f,
    0xb0, 0x4, 0x30, 0x0, 0x0, 0x0, 0x0, 0x11,
    0x0,

    /* U+8DD1 "跑" */
    0x0, 0x0, 0x0, 0x2, 0x60, 0x0, 0x0, 0x0,
    0xef, 0xff, 0xe0, 0x8c, 0x0, 0x0, 0x0, 0xe,
    0x63, 0x7e, 0xe, 0xff, 0xff, 0xf5, 0x0, 0xe3,
    0x5, 0xe8, 0xe4, 0x44, 0x4f, 0x60, 0xe, 0x85,
    0x9f, 0xf8, 0x22, 0x20, 0xe6, 0x0, 0xbc, 0xfd,
    0xb7, 0xff, 0xfe, 0xf, 0x50, 0x0, 0xf, 0x50,
    0x3f, 0x4, 0xe0, 0xf5, 0x0, 0xf2, 0xfa, 0x63,
    0xf0, 0x4e, 0xf, 0x50, 0xf, 0x2f, 0xc8, 0x3f,
    0xee, 0xe1, 0xf4, 0x0, 0xf2, 0xf5, 0x3, 0xf2,
    0x2e, 0xef, 0x10, 0xf, 0x2f, 0x53, 0x3f, 0x0,
    0x34, 0x20, 0x0, 0xf7, 0xff, 0xf5, 0xf0, 0x0,
    0x0, 0xd1, 0x8f, 0xfb, 0x72, 0x2f, 0x42, 0x22,
    0x6f, 0x13, 0x50, 0x0, 0x0, 0xaf, 0xff, 0xff,
    0x80,

    /* U+8DDF "跟" */
    0xe, 0xff, 0xff, 0x5f, 0xff, 0xff, 0xf4, 0x0,
    0xe6, 0x36, 0xf5, 0xf4, 0x33, 0x3f, 0x40, 0xe,
    0x30, 0x3f, 0x5f, 0x10, 0x0, 0xf4, 0x0, 0xe6,
    0x36, 0xf5, 0xff, 0xff, 0xff, 0x40, 0xd, 0xef,
    0xfe, 0x5f, 0x32, 0x22, 0xf4, 0x0, 0x0, 0xe4,
    0x4, 0xf5, 0x44, 0x4f, 0x40, 0xd, 0x2e, 0x74,
    0x4f, 0xdf, 0xed, 0xd4, 0x0, 0xf2, 0xef, 0xf5,
    0xf0, 0x8a, 0x3, 0x70, 0xf, 0x2e, 0x40, 0x4f,
    0x3, 0xf7, 0xf9, 0x0, 0xf2, 0xe4, 0x4, 0xf0,
    0xc, 0xf4, 0x0, 0xf, 0x4f, 0xbd, 0x6f, 0x0,
    0x5f, 0x50, 0x6, 0xff, 0xfa, 0x67, 0xfa, 0xe8,
    0x9f, 0x70, 0x47, 0x30, 0x0, 0xbf, 0xb6, 0x10,
    0x9d, 0x0, 0x0, 0x0, 0x1, 0x0, 0x0, 0x0,
    0x0,

    /* U+8DEF "路" */
    0x0, 0x0, 0x0, 0x0, 0x55, 0x0, 0x0, 0x0,
    0xdf, 0xff, 0xe0, 0xe, 0xa1, 0x11, 0x0, 0xd,
    0x73, 0x7e, 0x5, 0xff, 0xff, 0xf1, 0x0, 0xd5,
    0x5, 0xe0, 0xde, 0x11, 0xcb, 0x0, 0xd, 0x83,
    0x8e, 0xaf, 0xf7, 0x5f, 0x40, 0x0, 0xde, 0xff,
    0xeb, 0x56, 0xfe, 0xa0, 0x0, 0x0, 0xe, 0x50,
    0x0, 0x1e, 0xf5, 0x0, 0x0, 0xc3, 0xe7, 0x30,
    0x5e, 0xb8, 0xf9, 0x20, 0xe, 0x3e, 0xff, 0xdf,
    0xa3, 0x37, 0xff, 0x10, 0xe3, 0xe5, 0x5, 0xff,
    0xff, 0xff, 0x50, 0xe, 0x3e, 0x50, 0xe, 0x50,
    0x1, 0xf3, 0x0, 0xe5, 0xfc, 0xd3, 0xe5, 0x0,
    0x1f, 0x30, 0x6f, 0xff, 0xc8, 0x1e, 0x95, 0x56,
    0xf3, 0x5, 0x84, 0x0, 0x0, 0xee, 0xdd, 0xdf,
    0x30,

    /* U+8F6E "轮" */
    0x0, 0x28, 0x0, 0x0, 0x6, 0x70, 0x0, 0x0,
    0x6, 0xe0, 0x0, 0x0, 0xfe, 0x10, 0x0, 0x4f,
    0xff, 0xff, 0x10, 0x8f, 0xe9, 0x0, 0x1, 0x5e,
    0x95, 0x50, 0x2f, 0x64, 0xf3, 0x0, 0x1, 0xf7,
    0x60, 0xd, 0xb0, 0x9, 0xe1, 0x0, 0x6c, 0x8a,
    0x1c, 0xd1, 0x0, 0xc, 0xd2, 0xc, 0xaa, 0xc6,
    0xb7, 0xd0, 0x1, 0x28, 0x0, 0xff, 0xff, 0xf1,
    0x6f, 0x4, 0xeb, 0x0, 0x0, 0x8, 0xa0, 0x6,
    0xfa, 0xfb, 0x10, 0x0, 0x0, 0x8b, 0x52, 0x6f,
    0xd4, 0x0, 0x0, 0x3a, 0xdf, 0xff, 0x46, 0xf0,
    0x0, 0x20, 0x2, 0xc8, 0xbb, 0x0, 0x6f, 0x0,
    0x7, 0xc0, 0x0, 0x8, 0xa0, 0x6, 0xf5, 0x44,
    0xba, 0x0, 0x0, 0x8a, 0x0, 0x1d, 0xff, 0xfe,
    0x30,

    /* U+8F7B "轻" */
    0x0, 0xa, 0x20, 0x0, 0x0, 0x0, 0x0, 0x0,
    0x2, 0xf2, 0x0, 0xcf, 0xff, 0xff, 0x80, 0x1f,
    0xff, 0xff, 0x83, 0x33, 0x3b, 0xf3, 0x0, 0x5c,
    0xb5, 0x53, 0x0, 0x5, 0xf9, 0x0, 0x0, 0xe7,
    0xa0, 0x0, 0x7, 0xfc, 0x0, 0x0, 0x3f, 0x4f,
    0x10, 0x4d, 0xfc, 0xfb, 0x30, 0xa, 0xc7, 0xf6,
    0x8f, 0xc3, 0x3, 0xcf, 0x30, 0xdf, 0xff, 0xf6,
    0x50, 0x0, 0x0, 0x50, 0x0, 0x3, 0xf1, 0xc,
    0xff, 0xff, 0xfc, 0x0, 0x0, 0x3f, 0x74, 0x33,
    0x5f, 0x63, 0x30, 0x1b, 0xdf, 0xfe, 0x70, 0x2,
    0xf3, 0x0, 0x0, 0xb8, 0x8f, 0x10, 0x0, 0x2f,
    0x30, 0x0, 0x0, 0x3, 0xf1, 0x24, 0x46, 0xf7,
    0x44, 0x20, 0x0, 0x3f, 0x19, 0xff, 0xff, 0xff,
    0xf7,

    /* U+8F7D "载" */
    0x0, 0x0, 0xb9, 0x0, 0xf, 0x63, 0x20, 0x0,
    0x13, 0x3c, 0xb3, 0x30, 0xf6, 0xce, 0x10, 0x5,
    0xdd, 0xff, 0xdd, 0x2f, 0x61, 0xe9, 0x0, 0x22,
    0x2c, 0xa2, 0x22, 0xf8, 0x25, 0x30, 0x2f, 0xff,
    0xff, 0xff, 0xff, 0xff, 0xff, 0x30, 0x0, 0xab,
    0x0, 0x0, 0xc8, 0x4, 0x20, 0xe, 0xff, 0xff,
    0xff, 0xab, 0x90, 0xf6, 0x0, 0x2b, 0xc3, 0x93,
    0x21, 0x9b, 0x5f, 0x10, 0x3, 0xf6, 0x5f, 0x53,
    0x17, 0xdb, 0xa0, 0x0, 0x7f, 0xff, 0xff, 0xf6,
    0x4f, 0xf3, 0x0, 0x0, 0x0, 0x2f, 0x20, 0x11,
    0xfa, 0x3, 0x0, 0x9a, 0xbd, 0xff, 0xfb, 0x9f,
    0xa0, 0xc5, 0x9, 0x87, 0x7f, 0x41, 0x9f, 0x8f,
    0x8f, 0x30, 0x0, 0x2, 0xf2, 0x2e, 0x30, 0x7e,
    0xb0, 0x0, 0x0, 0x0, 0x0, 0x0, 0x0, 0x0,
    0x0,

    /* U+8F91 "辑" */
    0x0, 0x15, 0x0, 0x0, 0x0, 0x0, 0x0, 0x0,
    0x4, 0xf1, 0x0, 0xef, 0xff, 0xff, 0x50, 0x3c,
    0xef, 0xcc, 0x2e, 0x60, 0x0, 0xf5, 0x1, 0x5e,
    0xa5, 0x51, 0xef, 0xff, 0xff, 0x50, 0x1, 0xf6,
    0x90, 0x24, 0x44, 0x44, 0x43, 0x0, 0x6d, 0x6e,
    0xb, 0xff, 0xff, 0xff, 0xf3, 0xc, 0xa9, 0xe4,
    0xd, 0x70, 0x1, 0xf4, 0x0, 0xff, 0xff, 0xf0,
    0xde, 0xdd, 0xdf, 0x30, 0x0, 0x6, 0xe0, 0xd,
    0x82, 0x22, 0xf3, 0x0, 0x2, 0x8f, 0xa4, 0xdf,
    0xff, 0xff, 0x30, 0x4f, 0xff, 0xf9, 0x2d, 0x70,
    0x1, 0xf4, 0x1, 0x63, 0x6e, 0x8, 0xed, 0xbc,
    0xef, 0xf5, 0x0, 0x6, 0xe0, 0xaa, 0x97, 0x65,
    0xf5, 0x0, 0x0, 0x6e, 0x0, 0x0, 0x0, 0xf,
    0x30, 0x0, 0x0, 0x0, 0x0, 0x0, 0x0, 0x0,
    0x0,

    /* U+8FA8 "辨" */
    0x0, 0x0, 0x0, 0x0, 0x0, 0x0, 0x0, 0x0,
    0xa, 0x60, 0x0, 0x2f, 0x3, 0xe0, 0x0, 0x0,
    0x8d, 0x0, 0x2, 0xf0, 0xe, 0x60, 0x1, 0xde,
    0xfe, 0x70, 0x2f, 0x9e, 0xff, 0xe2, 0x8, 0x84,
    0xb3, 0xa4, 0xf3, 0xa3, 0x7a, 0x0, 0x69, 0x1f,
    0x1e, 0x4f, 0xf, 0x8, 0x90, 0x3, 0xc4, 0xc0,
    0xf4, 0xf0, 0xd3, 0xc4, 0x2, 0xee, 0xef, 0xbf,
    0x3f, 0xae, 0xdf, 0xe5, 0x4, 0x9e, 0x46, 0xc3,
    0xe3, 0x4e, 0x94, 0x10, 0x27, 0xe2, 0x10, 0x6d,
    0x0, 0xd7, 0x0, 0xf, 0xff, 0xf8, 0x9, 0xa7,
    0xcf, 0xec, 0x20, 0x9, 0xb0, 0x0, 0xe6, 0x35,
    0xea, 0x51, 0x0, 0xd7, 0x0, 0x7e, 0x0, 0xd,
    0x70, 0x0, 0x7f, 0x10, 0x5f, 0x50, 0x0, 0xd7,
    0x0, 0xb, 0x50, 0x7, 0x60, 0x0, 0xd, 0x70,
    0x0, 0x0, 0x0, 0x0, 0x0, 0x0, 0x0, 0x0,

    /* U+8FB9 "边" */
    0x0, 0x0, 0x0, 0x0, 0x0, 0x0, 0x0, 0x0,
    0x4b, 0x0, 0x0, 0xe, 0x90, 0x0, 0x0, 0x4,
    0xfa, 0x0, 0x0, 0xe9, 0x0, 0x0, 0x0, 0x7,
    0xf5, 0x0, 0xf, 0x80, 0x0, 0x0, 0x0, 0xa,
    0x1c, 0xff, 0xff, 0xff, 0xfd, 0x0, 0x0, 0x0,
    0x45, 0x6f, 0x95, 0x5b, 0xd0, 0x26, 0x66, 0x0,
    0x3, 0xf3, 0x0, 0xac, 0x5, 0xff, 0xe0, 0x0,
    0x6f, 0x0, 0xa, 0xb0, 0x0, 0x7e, 0x0, 0xb,
    0xc0, 0x0, 0xca, 0x0, 0x7, 0xe0, 0x2, 0xf6,
    0x0, 0xd, 0x90, 0x0, 0x7e, 0x0, 0xcd, 0x0,
    0x0, 0xf7, 0x0, 0x7, 0xe0, 0xcf, 0x30, 0x78,
    0xbf, 0x40, 0x1, 0xcf, 0x39, 0x30, 0x8, 0xdd,
    0x80, 0x3, 0xed, 0xaf, 0xc7, 0x55, 0x45, 0x56,
    0x74, 0x3e, 0x10, 0x39, 0xef, 0xff, 0xff, 0xff,
    0x50, 0x10, 0x0, 0x0, 0x0, 0x10, 0x0, 0x0,

    /* U+8FBE "达" */
    0x4, 0x60, 0x0, 0x0, 0x6f, 0x0, 0x0, 0x0,
    0x7f, 0x30, 0x0, 0x7, 0xf0, 0x0, 0x0, 0x0,
    0xdc, 0x0, 0x0, 0x7f, 0x0, 0x0, 0x0, 0x5,
    0xa1, 0xee, 0xef, 0xfe, 0xee, 0xe0, 0x0, 0x0,
    0x6, 0x66, 0xdd, 0x66, 0x66, 0x0, 0x11, 0x10,
    0x0, 0xd, 0xc0, 0x0, 0x0, 0x4f, 0xff, 0x0,
    0x1, 0xff, 0xa0, 0x0, 0x0, 0x37, 0xf0, 0x0,
    0x8f, 0x7f, 0x90, 0x0, 0x0, 0x5f, 0x0, 0x2f,
    0x80, 0x7f, 0x80, 0x0, 0x5, 0xf0, 0x3d, 0xe1,
    0x0, 0x8f, 0x50, 0x0, 0x5f, 0x2f, 0xe2, 0x0,
    0x0, 0xcd, 0x0, 0x2d, 0xf9, 0x40, 0x0, 0x0,
    0x1, 0x10, 0x2e, 0xb3, 0xde, 0x96, 0x55, 0x56,
    0x8a, 0x41, 0xd1, 0x0, 0x6c, 0xef, 0xff, 0xfe,
    0xe2, 0x0, 0x0, 0x0, 0x0, 0x0, 0x0, 0x0,
    0x0,

    /* U+8FC1 "迁" */
    0x0, 0x0, 0x0, 0x0, 0x0, 0x4, 0x50, 0x0,
    0xbc, 0x10, 0x36, 0x8a, 0xdf, 0xfc, 0x10, 0x1,
    0xdc, 0x9, 0xca, 0xbf, 0x40, 0x0, 0x0, 0x2,
    0xb1, 0x0, 0x4, 0xf0, 0x0, 0x0, 0x0, 0x0,
    0x0, 0x0, 0x4f, 0x0, 0x0, 0x0, 0x0, 0x2,
    0x99, 0x9b, 0xf9, 0x99, 0x91, 0x3f, 0xff, 0x3a,
    0xaa, 0xcf, 0xba, 0xaa, 0x21, 0x58, 0xf0, 0x0,
    0x4, 0xf0, 0x0, 0x0, 0x0, 0x4f, 0x0, 0x0,
    0x4f, 0x0, 0x0, 0x0, 0x4, 0xf0, 0x0, 0x4,
    0xf0, 0x0, 0x0, 0x0, 0x4f, 0x0, 0x0, 0x4f,
    0x0, 0x0, 0x0, 0x2c, 0xf8, 0x0, 0x4, 0xe0,
    0x0, 0x0, 0x1d, 0xa3, 0xce, 0x75, 0x44, 0x45,
    0x79, 0x31, 0xd1, 0x0, 0x5c, 0xef, 0xff, 0xfe,
    0xd2, 0x0, 0x0, 0x0, 0x0, 0x0, 0x0, 0x0,
    0x0,

    /* U+8FC7 "过" */
    0x1, 0x30, 0x0, 0x0, 0x0, 0x4f, 0x10, 0x0,
    0x9f, 0x30, 0x0, 0x0, 0x4, 0xf1, 0x0, 0x0,
    0xdd, 0x0, 0x0, 0x0, 0x4f, 0x10, 0x0, 0x2,
    0xe2, 0xef, 0xff, 0xff, 0xff, 0xf0, 0x0, 0x0,
    0x5, 0x55, 0x55, 0x8f, 0x65, 0x0, 0x0, 0x0,
    0x17, 0x0, 0x4, 0xf1, 0x0, 0x3f, 0xff, 0x1,
    0xea, 0x0, 0x4f, 0x10, 0x0, 0x37, 0xf0, 0x3,
    0xf6, 0x4, 0xf1, 0x0, 0x0, 0x4f, 0x0, 0x8,
    0x60, 0x4f, 0x10, 0x0, 0x4, 0xf0, 0x0, 0x0,
    0x5, 0xf1, 0x0, 0x0, 0x4f, 0x0, 0x0, 0xcd,
    0xef, 0x0, 0x0, 0x6e, 0xfb, 0x40, 0x6, 0x87,
    0x20, 0x0, 0x3f, 0x92, 0xaf, 0xfe, 0xed, 0xee,
    0xef, 0x40, 0x60, 0x0, 0x5, 0x67, 0x77, 0x76,
    0x50,

    /* U+8FD0 "运" */
    0x0, 0x0, 0x0, 0x0, 0x0, 0x0, 0x0, 0x0,
    0xab, 0x10, 0x7f, 0xff, 0xff, 0xff, 0x10, 0x2,
    0xde, 0x32, 0x44, 0x44, 0x44, 0x40, 0x0, 0x1,
    0xb1, 0x0, 0x0, 0x0, 0x0, 0x0, 0x0, 0x0,
    0x26, 0x66, 0x66, 0x66, 0x66, 0x1, 0x55, 0x55,
    0xff, 0xff, 0xff, 0xff, 0xf1, 0x5f, 0xff, 0x0,
    0xd, 0xc0, 0x22, 0x0, 0x0, 0x6, 0xf0, 0x4,
    0xf4, 0xb, 0xc0, 0x0, 0x0, 0x6f, 0x0, 0xca,
    0x0, 0x2f, 0x60, 0x0, 0x6, 0xf0, 0x8f, 0x87,
    0x89, 0xee, 0x0, 0x0, 0x6f, 0xc, 0xff, 0xdc,
    0xa9, 0xe8, 0x0, 0xa, 0xf4, 0x21, 0x0, 0x0,
    0x5, 0x20, 0x1d, 0xea, 0xfd, 0x86, 0x55, 0x56,
    0x67, 0x11, 0xe3, 0x2, 0x8d, 0xff, 0xff, 0xff,
    0xe0, 0x0, 0x0, 0x0, 0x0, 0x0, 0x0, 0x0,
    0x0,

    /* U+8FD1 "近" */
    0x1, 0x30, 0x0, 0x0, 0x23, 0x58, 0xb3, 0x0,
    0x8f, 0x30, 0xd, 0xff, 0xfe, 0xb8, 0x40, 0x0,
    0xae, 0x10, 0xd9, 0x10, 0x0, 0x0, 0x0, 0x1,
    0xb2, 0xd, 0x80, 0x0, 0x0, 0x0, 0x0, 0x0,
    0x0, 0xdb, 0x55, 0x55, 0x55, 0x10, 0x33, 0x30,
    0xe, 0xff, 0xff, 0xff, 0xf3, 0x2f, 0xff, 0x0,
    0xf7, 0x0, 0xe6, 0x0, 0x0, 0x26, 0xf0, 0x1f,
    0x40, 0xe, 0x60, 0x0, 0x0, 0x4f, 0x4, 0xf2,
    0x0, 0xe6, 0x0, 0x0, 0x4, 0xf0, 0x9e, 0x0,
    0xe, 0x60, 0x0, 0x0, 0x4f, 0x2f, 0x90, 0x0,
    0xe6, 0x0, 0x0, 0x2c, 0xf8, 0x71, 0x0, 0xa,
    0x40, 0x0, 0x1e, 0xb4, 0xde, 0x85, 0x44, 0x55,
    0x7a, 0x41, 0xd1, 0x0, 0x6c, 0xef, 0xff, 0xff,
    0xe2, 0x0, 0x0, 0x0, 0x0, 0x0, 0x0, 0x0,
    0x0,

    /* U+8FD8 "还" */
    0x3, 0x80, 0x0, 0x0, 0x0, 0x0, 0x0, 0x0,
    0x4f, 0x80, 0xff, 0xff, 0xff, 0xff, 0xf0, 0x0,
    0x7f, 0x55, 0x55, 0x6f, 0xc5, 0x55, 0x0, 0x0,
    0x81, 0x0, 0x8, 0xf4, 0x0, 0x0, 0x0, 0x0,
    0x0, 0x3, 0xff, 0x0, 0x0, 0x2, 0x66, 0x60,
    0x0, 0xdf, 0xf4, 0x60, 0x0, 0x5f, 0xfe, 0x0,
    0xbf, 0xdf, 0x6f, 0x70, 0x0, 0x7, 0xe1, 0xcf,
    0x77, 0xf0, 0x6f, 0x70, 0x0, 0x7e, 0x7e, 0x40,
    0x7f, 0x0, 0x6d, 0x10, 0x7, 0xe0, 0x10, 0x7,
    0xf0, 0x0, 0x0, 0x0, 0x8e, 0x0, 0x0, 0x7f,
    0x0, 0x0, 0x0, 0x5f, 0xf9, 0x0, 0x3, 0x70,
    0x0, 0x0, 0x4f, 0xda, 0xff, 0x96, 0x55, 0x56,
    0x67, 0x43, 0xe1, 0x2, 0x9d, 0xff, 0xff, 0xff,
    0xe4, 0x0, 0x0, 0x0, 0x0, 0x0, 0x0, 0x0,
    0x0,

    /* U+8FD9 "这" */
    0x0, 0x0, 0x0, 0x1, 0x82, 0x0, 0x0, 0x0,
    0xa7, 0x0, 0x0, 0xe, 0xa0, 0x0, 0x0, 0x6,
    0xf7, 0x35, 0x55, 0xaf, 0x55, 0x55, 0x0, 0x8,
    0xb8, 0xff, 0xff, 0xff, 0xff, 0xf1, 0x0, 0x0,
    0x2, 0x10, 0x0, 0x7f, 0x10, 0x0, 0x0, 0x0,
    0xce, 0x30, 0xe, 0xa0, 0x0, 0x3f, 0xfe, 0x0,
    0x9f, 0x87, 0xf2, 0x0, 0x0, 0x49, 0xe0, 0x0,
    0x5f, 0xf9, 0x0, 0x0, 0x0, 0x6e, 0x0, 0x4,
    0xef, 0xe4, 0x0, 0x0, 0x6, 0xe0, 0x29, 0xfa,
    0x1b, 0xf7, 0x0, 0x0, 0x6e, 0x5f, 0xe6, 0x0,
    0x9, 0xf5, 0x0, 0x1b, 0xf6, 0x60, 0x0, 0x0,
    0x5, 0x0, 0x2e, 0xe8, 0xfd, 0x86, 0x55, 0x66,
    0x8a, 0x31, 0xe2, 0x1, 0x8d, 0xff, 0xff, 0xff,
    0xf1, 0x0, 0x0, 0x0, 0x0, 0x1, 0x0, 0x0,
    0x0,

    /* U+8FDB "进" */
    0x0, 0x0, 0x0, 0x0, 0x0, 0x0, 0x0, 0x0,
    0x7b, 0x0, 0x0, 0xe7, 0x6, 0xf0, 0x0, 0x1,
    0xdc, 0x0, 0xe, 0x70, 0x6f, 0x0, 0x0, 0x1,
    0xc2, 0xef, 0xff, 0xff, 0xff, 0xc0, 0x0, 0x0,
    0x5, 0x5f, 0xa5, 0xaf, 0x54, 0x0, 0x33, 0x30,
    0x0, 0xe7, 0x6, 0xf0, 0x0, 0x3f, 0xff, 0x12,
    0x2f, 0x82, 0x8f, 0x22, 0x0, 0x15, 0xf1, 0xff,
    0xff, 0xff, 0xff, 0xf1, 0x0, 0x4f, 0x12, 0x6f,
    0x42, 0x8f, 0x22, 0x0, 0x4, 0xf0, 0xa, 0xd0,
    0x6, 0xf0, 0x0, 0x0, 0x4f, 0x5, 0xf6, 0x0,
    0x6f, 0x0, 0x0, 0x1a, 0xf5, 0x59, 0x0, 0x6,
    0xe0, 0x0, 0x1d, 0xc5, 0xdc, 0x75, 0x44, 0x55,
    0x79, 0x31, 0xd1, 0x0, 0x7c, 0xef, 0xff, 0xff,
    0xe1, 0x0, 0x0, 0x0, 0x0, 0x0, 0x0, 0x0,
    0x0,

    /* U+8FDE "连" */
    0x0, 0x30, 0x0, 0x4, 0x50, 0x0, 0x0, 0x0,
    0x7f, 0x30, 0x0, 0xbc, 0x0, 0x0, 0x0, 0x0,
    0xbe, 0x2f, 0xff, 0xff, 0xff, 0xfe, 0x0, 0x1,
    0xb2, 0x18, 0xe2, 0x43, 0x11, 0x10, 0x0, 0x0,
    0x0, 0xd7, 0xe, 0x80, 0x0, 0x2, 0x99, 0x80,
    0x8f, 0x97, 0xfc, 0x77, 0x30, 0x2b, 0xde, 0x8,
    0xdc, 0xcf, 0xec, 0xc5, 0x0, 0x6, 0xe0, 0x0,
    0x0, 0xe8, 0x0, 0x0, 0x0, 0x6e, 0x17, 0x77,
    0x7f, 0xc7, 0x77, 0x0, 0x6, 0xe3, 0xdd, 0xdd,
    0xfe, 0xdd, 0xd1, 0x0, 0x6e, 0x0, 0x0, 0xe,
    0x80, 0x0, 0x0, 0x3d, 0xf5, 0x0, 0x0, 0xe8,
    0x0, 0x0, 0x3f, 0xc7, 0xfd, 0x86, 0x59, 0x86,
    0x79, 0x52, 0xd1, 0x2, 0x8d, 0xff, 0xff, 0xff,
    0xe4, 0x0, 0x0, 0x0, 0x0, 0x0, 0x0, 0x0,
    0x0,

    /* U+8FF7 "迷" */
    0x6, 0x80, 0x0, 0x10, 0x5f, 0x0, 0x20, 0x0,
    0x6f, 0x50, 0xbb, 0x5, 0xf0, 0xe, 0x90, 0x0,
    0xaf, 0x14, 0xf2, 0x5f, 0x4, 0xf2, 0x0, 0x1,
    0xa0, 0xe, 0x85, 0xf0, 0xca, 0x0, 0x0, 0x0,
    0x0, 0x40, 0x5f, 0x4, 0x20, 0x1, 0x55, 0x53,
    0xcc, 0xce, 0xfc, 0xcc, 0xc0, 0x3e, 0xfe, 0x28,
    0x8a, 0xff, 0xf9, 0x88, 0x0, 0x6, 0xe0, 0x0,
    0xde, 0xfd, 0xb0, 0x0, 0x0, 0x6e, 0x1, 0xbc,
    0x6f, 0x1c, 0xc1, 0x0, 0x6, 0xe2, 0xdd, 0x15,
    0xf0, 0xc, 0xd0, 0x0, 0x7e, 0x19, 0x0, 0x5f,
    0x0, 0x4, 0x0, 0x6f, 0xfa, 0x10, 0x2, 0x60,
    0x0, 0x0, 0x4f, 0xda, 0xff, 0x96, 0x55, 0x56,
    0x67, 0x43, 0xe1, 0x3, 0x9d, 0xff, 0xff, 0xff,
    0xe4, 0x0, 0x0, 0x0, 0x0, 0x0, 0x0, 0x0,
    0x0,

    /* U+9002 "适" */
    0x0, 0x0, 0x0, 0x0, 0x0, 0x3, 0x60, 0x0,
    0xb9, 0x0, 0x49, 0xac, 0xef, 0xfd, 0x30, 0x4,
    0xf9, 0x4, 0x97, 0x7f, 0x60, 0x0, 0x0, 0x6,
    0xc0, 0x0, 0x2, 0xf4, 0x0, 0x0, 0x0, 0x0,
    0x4f, 0xff, 0xff, 0xff, 0xff, 0x51, 0x44, 0x40,
    0x33, 0x34, 0xf6, 0x33, 0x31, 0x5f, 0xfe, 0x0,
    0x11, 0x3f, 0x51, 0x10, 0x0, 0x6, 0xe0, 0x2f,
    0xff, 0xff, 0xff, 0x50, 0x0, 0x6e, 0x2, 0xf2,
    0x0, 0x0, 0xf5, 0x0, 0x6, 0xe0, 0x2f, 0x20,
    0x0, 0xf, 0x50, 0x0, 0x6e, 0x2, 0xff, 0xff,
    0xff, 0xf5, 0x0, 0x1b, 0xf8, 0x2, 0x22, 0x22,
    0x22, 0x0, 0xc, 0xd6, 0xdd, 0x84, 0x33, 0x44,
    0x69, 0x32, 0xe2, 0x0, 0x6c, 0xef, 0xff, 0xff,
    0xe2, 0x0, 0x0, 0x0, 0x0, 0x0, 0x0, 0x0,
    0x0,

    /* U+9009 "选" */
    0x3, 0x10, 0x0, 0x44, 0xf, 0x50, 0x0, 0x0,
    0xde, 0x20, 0xd, 0xa0, 0xf5, 0x0, 0x0, 0x1,
    0xed, 0x3, 0xfe, 0xdf, 0xed, 0xd8, 0x0, 0x3,
    0xa0, 0xcd, 0x56, 0xf9, 0x55, 0x30, 0x0, 0x0,
    0xa, 0x30, 0xf, 0x50, 0x0, 0x0, 0x0, 0x1,
    0x88, 0x88, 0xfa, 0x88, 0x81, 0x2f, 0xfe, 0x1b,
    0xbe, 0xeb, 0xfd, 0xbb, 0x20, 0x59, 0xe0, 0x0,
    0xca, 0xe, 0x70, 0x0, 0x0, 0x6e, 0x0, 0x2f,
    0x50, 0xe7, 0x4, 0x0, 0x6, 0xe0, 0x2d, 0xd0,
    0xe, 0x70, 0xe5, 0x0, 0x6e, 0x4f, 0xd2, 0x0,
    0xcf, 0xef, 0x20, 0x9, 0xf9, 0x60, 0x0, 0x2,
    0x56, 0x30, 0xb, 0xf9, 0xce, 0x85, 0x43, 0x44,
    0x68, 0x31, 0xe5, 0x0, 0x6c, 0xff, 0xff, 0xff,
    0xf2, 0x1, 0x0, 0x0, 0x0, 0x1, 0x0, 0x0,
    0x0,

    /* U+900F "透" */
    0x2, 0x10, 0x0, 0x1, 0x23, 0x57, 0x90, 0x0,
    0xdd, 0x10, 0xaf, 0xee, 0xfb, 0x97, 0x20, 0x2,
    0xec, 0x0, 0x0, 0x3f, 0x10, 0x0, 0x0, 0x4,
    0xb4, 0xff, 0xff, 0xff, 0xff, 0xf3, 0x0, 0x0,
    0x1, 0x29, 0xff, 0xf8, 0x11, 0x0, 0x0, 0x0,
    0x4c, 0xb4, 0xf4, 0xdb, 0x40, 0x2f, 0xfe, 0x6f,
    0xb3, 0x5b, 0x43, 0x8e, 0x30, 0x49, 0xe0, 0x2d,
    0xef, 0xdf, 0x70, 0x0, 0x0, 0x6e, 0x0, 0xa,
    0x90, 0xef, 0xfb, 0x0, 0x6, 0xe0, 0x2, 0xf4,
    0x0, 0xa, 0xa0, 0x0, 0x6e, 0x5, 0xeb, 0x0,
    0x32, 0xd7, 0x0, 0x7, 0xf8, 0xd8, 0x0, 0xb,
    0xdb, 0x10, 0x8, 0xfa, 0xdd, 0x84, 0x33, 0x44,
    0x57, 0x31, 0xe6, 0x0, 0x7c, 0xff, 0xff, 0xff,
    0xf2, 0x1, 0x0, 0x0, 0x0, 0x1, 0x0, 0x0,
    0x0,

    /* U+901F "速" */
    0x0, 0x0, 0x0, 0x0, 0x5f, 0x0, 0x0, 0x0,
    0xbc, 0x0, 0x11, 0x16, 0xf2, 0x11, 0x10, 0x4,
    0xfb, 0x4f, 0xff, 0xff, 0xff, 0xff, 0x0, 0x5,
    0xe2, 0x0, 0x5, 0xf0, 0x0, 0x0, 0x0, 0x0,
    0xd, 0xff, 0xff, 0xff, 0xf6, 0x1, 0x44, 0x40,
    0xd7, 0x26, 0xf2, 0x2e, 0x60, 0x3f, 0xff, 0x1d,
    0x72, 0x6f, 0x22, 0xe6, 0x0, 0x4, 0xf1, 0xdf,
    0xff, 0xff, 0xff, 0x60, 0x0, 0x3f, 0x10, 0x9,
    0xff, 0xe6, 0x0, 0x0, 0x3, 0xf1, 0x2b, 0xd7,
    0xf4, 0xdb, 0x10, 0x0, 0x3f, 0x5f, 0x91, 0x5f,
    0x0, 0xb8, 0x0, 0x1c, 0xfa, 0x20, 0x3, 0xa0,
    0x0, 0x0, 0x1d, 0xe8, 0xee, 0x85, 0x33, 0x44,
    0x68, 0x22, 0xe2, 0x0, 0x6c, 0xef, 0xff, 0xff,
    0xe0, 0x0, 0x0, 0x0, 0x0, 0x0, 0x0, 0x0,
    0x0,

    /* U+903B "逻" */
    0x0, 0x0, 0x0, 0x0, 0x0, 0x0, 0x0, 0x0,
    0x7c, 0x0, 0xef, 0xff, 0xff, 0xff, 0xe0, 0x1,
    0xdc, 0xe, 0x52, 0xe1, 0xd2, 0x6e, 0x0, 0x2,
    0xd3, 0xe6, 0x3e, 0x2e, 0x36, 0xe0, 0x0, 0x0,
    0xe, 0xff, 0xff, 0xff, 0xfe, 0x2, 0x99, 0x90,
    0x0, 0x6f, 0x20, 0x0, 0x0, 0x2a, 0xcf, 0x0,
    0x4f, 0xff, 0xff, 0xf3, 0x0, 0x4, 0xf1, 0x8f,
    0x83, 0x22, 0xdc, 0x0, 0x0, 0x4f, 0x1c, 0x4a,
    0xd2, 0xaf, 0x30, 0x0, 0x4, 0xf0, 0x0, 0x1b,
    0xff, 0x40, 0x0, 0x0, 0x4f, 0x0, 0x38, 0xec,
    0x30, 0x0, 0x0, 0x2c, 0xf5, 0xbf, 0xb4, 0x0,
    0x0, 0x0, 0x3e, 0xb7, 0xfe, 0x85, 0x44, 0x45,
    0x68, 0x43, 0xd1, 0x1, 0x8d, 0xff, 0xff, 0xff,
    0xf4, 0x1, 0x0, 0x0, 0x0, 0x1, 0x0, 0x0,
    0x0,

    /* U+9053 "道" */
    0x0, 0x0, 0x0, 0x77, 0x0, 0xa, 0x30, 0x0,
    0xca, 0x0, 0x5, 0xf1, 0x8, 0xe0, 0x0, 0x3,
    0xf7, 0x4e, 0xef, 0xee, 0xff, 0xee, 0x20, 0x7,
    0xd1, 0x33, 0x3a, 0xe3, 0x33, 0x30, 0x0, 0x0,
    0x0, 0x33, 0xcb, 0x33, 0x30, 0x0, 0x0, 0x0,
    0x3f, 0xcc, 0xcc, 0xdf, 0x0, 0x2f, 0xff, 0x13,
    0xf3, 0x22, 0x27, 0xf0, 0x0, 0x36, 0xf1, 0x3f,
    0xcc, 0xcc, 0xdf, 0x0, 0x0, 0x3f, 0x13, 0xf3,
    0x22, 0x28, 0xf0, 0x0, 0x3, 0xf1, 0x3f, 0xcb,
    0xbb, 0xdf, 0x0, 0x0, 0x3f, 0x13, 0xf3, 0x22,
    0x28, 0xf0, 0x0, 0x6, 0xf3, 0x3d, 0xdd, 0xdd,
    0xdd, 0x0, 0xa, 0xe8, 0xdb, 0x64, 0x33, 0x34,
    0x57, 0x32, 0xe2, 0x0, 0x7c, 0xef, 0xff, 0xff,
    0xe2, 0x0, 0x0, 0x0, 0x0, 0x0, 0x0, 0x0,
    0x0,

    /* U+90E8 "部" */
    0x0, 0x1, 0xb2, 0x0, 0x0, 0x0, 0x0, 0x0,
    0x0, 0xe, 0x80, 0x0, 0x9f, 0xff, 0xe3, 0xa,
    0xff, 0xff, 0xff, 0x69, 0xb3, 0x8f, 0x10, 0x3a,
    0x94, 0x4c, 0xa1, 0x9a, 0xb, 0xa0, 0x0, 0x8d,
    0x0, 0xf6, 0x9, 0xa1, 0xf4, 0x0, 0x2, 0xf2,
    0x6f, 0x0, 0x9a, 0x6d, 0x0, 0x1f, 0xff, 0xff,
    0xff, 0xb9, 0xa7, 0xe1, 0x0, 0x44, 0x44, 0x44,
    0x43, 0x9a, 0xb, 0xa0, 0x1, 0x44, 0x44, 0x44,
    0x9, 0xa0, 0x4f, 0x0, 0x4f, 0xff, 0xff, 0xf1,
    0x9a, 0x1, 0xf2, 0x4, 0xf0, 0x0, 0x4f, 0x19,
    0xa3, 0x7f, 0x10, 0x4f, 0x0, 0x4, 0xf1, 0x9a,
    0xce, 0x70, 0x4, 0xff, 0xff, 0xff, 0x19, 0xa0,
    0x0, 0x0, 0x4f, 0x44, 0x47, 0xe1, 0x9a, 0x0,
    0x0, 0x0, 0x0, 0x0, 0x0, 0x0, 0x0, 0x0,
    0x0,

    /* U+91CC "里" */
    0x0, 0xaf, 0xff, 0xff, 0xff, 0xff, 0xe0, 0x0,
    0xa, 0xc3, 0x34, 0xf6, 0x33, 0xae, 0x0, 0x0,
    0xac, 0x22, 0x4f, 0x62, 0x29, 0xe0, 0x0, 0xa,
    0xff, 0xff, 0xff, 0xff, 0xfe, 0x0, 0x0, 0xab,
    0x0, 0x1f, 0x30, 0x8, 0xe0, 0x0, 0xa, 0xc4,
    0x45, 0xf7, 0x44, 0xae, 0x0, 0x0, 0xaf, 0xff,
    0xff, 0xff, 0xff, 0xd0, 0x0, 0x0, 0x0, 0x2,
    0xf5, 0x0, 0x0, 0x0, 0x1, 0xdd, 0xdd, 0xef,
    0xed, 0xdd, 0xd5, 0x0, 0x6, 0x66, 0x68, 0xf9,
    0x66, 0x66, 0x20, 0x0, 0x0, 0x0, 0x2f, 0x50,
    0x0, 0x0, 0x0, 0x55, 0x55, 0x57, 0xf8, 0x55,
    0x55, 0x50, 0x2f, 0xff, 0xff, 0xff, 0xff, 0xff,
    0xff, 0x20,

    /* U+91CD "重" */
    0x0, 0x0, 0x0, 0x1, 0x34, 0x68, 0x20, 0x0,
    0xb, 0xef, 0xff, 0xff, 0xec, 0xa4, 0x0, 0x0,
    0x23, 0x32, 0x5f, 0x10, 0x0, 0x0, 0x1, 0xff,
    0xff, 0xff, 0xff, 0xff, 0xff, 0xf1, 0x3, 0x33,
    0x33, 0x6f, 0x43, 0x33, 0x33, 0x0, 0x9, 0xff,
    0xff, 0xff, 0xff, 0xfb, 0x0, 0x0, 0x9c, 0x0,
    0x4f, 0x10, 0xb, 0xb0, 0x0, 0x9, 0xfe, 0xee,
    0xfe, 0xee, 0xfb, 0x0, 0x0, 0x9c, 0x22, 0x6f,
    0x42, 0x2c, 0xb0, 0x0, 0x7, 0xcc, 0xcd, 0xfd,
    0xcc, 0xc9, 0x0, 0x0, 0x55, 0x55, 0x8f, 0x65,
    0x55, 0x51, 0x0, 0xc, 0xcc, 0xcd, 0xfc, 0xcc,
    0xcc, 0x30, 0x2, 0x22, 0x22, 0x6f, 0x42, 0x22,
    0x22, 0x2, 0xff, 0xff, 0xff, 0xff, 0xff, 0xff,
    0xf3,

    /* U+91CF "量" */
    0x0, 0x4f, 0xcc, 0xcc, 0xcc, 0xcf, 0x40, 0x0,
    0x4, 0xfc, 0xbb, 0xbb, 0xbc, 0xf4, 0x0, 0x0,
    0x4f, 0x54, 0x44, 0x44, 0x5f, 0x40, 0x0, 0x2,
    0x77, 0x77, 0x77, 0x77, 0x72, 0x0, 0x2f, 0xff,
    0xff, 0xff, 0xff, 0xff, 0xff, 0x30, 0x4, 0x66,
    0x66, 0x66, 0x66, 0x65, 0x0, 0x0, 0x9d, 0x77,
    0x8f, 0x87, 0x7c, 0xb0, 0x0, 0x9, 0xfc, 0xcc,
    0xfc, 0xcc, 0xeb, 0x0, 0x0, 0x9d, 0x66, 0x8f,
    0x76, 0x6c, 0xb0, 0x0, 0x3, 0x66, 0x68, 0xf7,
    0x66, 0x64, 0x0, 0x0, 0xef, 0xff, 0xff, 0xff,
    0xff, 0xf0, 0x0, 0x0, 0x0, 0x3, 0xf3, 0x0,
    0x0, 0x0, 0x3f, 0xff, 0xff, 0xff, 0xff, 0xff,
    0xff, 0x40,

    /* U+91D1 "金" */
    0x0, 0x0, 0x0, 0x8, 0x30, 0x0, 0x0, 0x0,
    0x0, 0x0, 0x9, 0xf9, 0x0, 0x0, 0x0, 0x0,
    0x0, 0xa, 0xf9, 0xf9, 0x0, 0x0, 0x0, 0x0,
    0x5d, 0xe3, 0x2, 0xdd, 0x50, 0x0, 0x6, 0xcf,
    0xe4, 0x22, 0x23, 0xcf, 0xe7, 0x12, 0xfc, 0xaf,
    0xff, 0xff, 0xff, 0x9b, 0xf3, 0x1, 0x0, 0x11,
    0x5f, 0x41, 0x10, 0x0, 0x0, 0x1, 0x11, 0x15,
    0xf4, 0x11, 0x11, 0x0, 0x3, 0xff, 0xff, 0xff,
    0xff, 0xff, 0xf3, 0x0, 0x2, 0x95, 0x26, 0xf5,
    0x26, 0x93, 0x0, 0x0, 0xb, 0xb0, 0x4f, 0x30,
    0xbc, 0x0, 0x0, 0x0, 0x3f, 0x34, 0xf3, 0x4f,
    0x20, 0x0, 0x4, 0x44, 0xb5, 0x7f, 0x67, 0x94,
    0x44, 0x0, 0xef, 0xff, 0xff, 0xff, 0xff, 0xff,
    0xf0,

    /* U+949F "钟" */
    0x0, 0x89, 0x0, 0x0, 0x5, 0xf0, 0x0, 0x0,
    0xe, 0x90, 0x0, 0x0, 0x5f, 0x0, 0x0, 0x7,
    0xff, 0xff, 0x40, 0x5, 0xf0, 0x0, 0x2, 0xfa,
    0x44, 0x44, 0x88, 0xbf, 0x88, 0x80, 0x3e, 0x54,
    0x44, 0x5f, 0xde, 0xfd, 0xdf, 0x10, 0x4f, 0xff,
    0xf5, 0xe0, 0x5f, 0x3, 0xf1, 0x0, 0xf, 0x40,
    0x5e, 0x5, 0xf0, 0x3f, 0x10, 0x34, 0xf7, 0x36,
    0xe0, 0x5f, 0x3, 0xf1, 0xf, 0xff, 0xff, 0x9f,
    0xff, 0xff, 0xff, 0x10, 0x0, 0xf4, 0x5, 0xf6,
    0x9f, 0x68, 0xf1, 0x0, 0xf, 0x40, 0x14, 0x5,
    0xf0, 0x2, 0x0, 0x0, 0xf9, 0xc5, 0x0, 0x5f,
    0x0, 0x0, 0x0, 0x6f, 0xf8, 0x10, 0x5, 0xf0,
    0x0, 0x0, 0x6, 0x81, 0x0, 0x0, 0x5f, 0x0,
    0x0,

    /* U+94AE "钮" */
    0x0, 0x83, 0x0, 0x0, 0x0, 0x0, 0x0, 0x0,
    0x2f, 0x40, 0x8, 0xff, 0xff, 0xff, 0xb0, 0x8,
    0xff, 0xff, 0x33, 0x5f, 0x63, 0xca, 0x2, 0xf9,
    0x55, 0x50, 0x3, 0xf1, 0xc, 0x90, 0x6e, 0x54,
    0x43, 0x0, 0x5f, 0x0, 0xd8, 0x0, 0x8f, 0xff,
    0xb0, 0x6, 0xe0, 0xe, 0x70, 0x0, 0x1f, 0x10,
    0x5b, 0xdf, 0xbb, 0xf6, 0x0, 0x35, 0xf5, 0x34,
    0x9d, 0xd9, 0x9f, 0x50, 0x3f, 0xff, 0xff, 0x20,
    0xc9, 0x1, 0xf3, 0x0, 0x1, 0xf1, 0x0, 0xe,
    0x70, 0x3f, 0x20, 0x0, 0x1f, 0x10, 0x0, 0xf5,
    0x5, 0xf0, 0x0, 0x2, 0xf7, 0xd0, 0x2f, 0x30,
    0x6f, 0x0, 0x0, 0x5f, 0xfa, 0x68, 0xf6, 0x5b,
    0xe5, 0x20, 0xc, 0xb2, 0x8f, 0xff, 0xff, 0xff,
    0xf5, 0x0, 0x10, 0x0, 0x0, 0x0, 0x0, 0x0,
    0x0,

    /* U+94DC "铜" */
    0x0, 0x45, 0x0, 0x0, 0x0, 0x0, 0x0, 0x0,
    0xd, 0xa1, 0x16, 0xff, 0xff, 0xff, 0xf0, 0x5,
    0xff, 0xff, 0x8d, 0x33, 0x33, 0x5f, 0x1, 0xea,
    0x44, 0x46, 0xc1, 0x22, 0x22, 0xf0, 0x4f, 0x32,
    0x22, 0x5c, 0x6f, 0xff, 0x4f, 0x0, 0x6e, 0xfe,
    0xe5, 0xc0, 0x0, 0x2, 0xf0, 0x0, 0x2f, 0x10,
    0x5c, 0x3f, 0xfe, 0x2f, 0x0, 0x36, 0xf5, 0x35,
    0xc3, 0xb2, 0xe2, 0xf0, 0x2f, 0xff, 0xff, 0x5c,
    0x3a, 0xe, 0x2f, 0x0, 0x24, 0xf3, 0x25, 0xc3,
    0xb3, 0xe2, 0xf0, 0x0, 0x2f, 0x10, 0x5c, 0x3f,
    0xdc, 0x2f, 0x0, 0x3, 0xf9, 0xd6, 0xc1, 0x40,
    0x2, 0xf0, 0x0, 0x9f, 0xc3, 0x5c, 0x0, 0x4,
    0x6f, 0x0, 0x8, 0x50, 0x5, 0xc0, 0x0, 0xce,
    0x90,

    /* U+9500 "销" */
    0x0, 0x87, 0x0, 0x2, 0x4, 0xf0, 0x3, 0x0,
    0xe, 0x70, 0x4, 0xf1, 0x4f, 0x4, 0xf2, 0x7,
    0xff, 0xff, 0x2d, 0x94, 0xf0, 0xba, 0x3, 0xf9,
    0x55, 0x50, 0x6b, 0x4f, 0x1e, 0x20, 0x3e, 0x44,
    0x44, 0x16, 0x69, 0xf6, 0x65, 0x0, 0x6f, 0xff,
    0xe4, 0xfe, 0xee, 0xef, 0xe0, 0x0, 0xf, 0x30,
    0x4f, 0x0, 0x0, 0x5e, 0x0, 0x77, 0xf9, 0x76,
    0xfe, 0xee, 0xef, 0xe0, 0xd, 0xdf, 0xed, 0x7f,
    0x44, 0x44, 0x8e, 0x0, 0x0, 0xf3, 0x4, 0xf1,
    0x11, 0x16, 0xe0, 0x0, 0xf, 0x30, 0x4f, 0xff,
    0xff, 0xfe, 0x0, 0x1, 0xf9, 0xd4, 0xf1, 0x11,
    0x16, 0xe0, 0x0, 0x7f, 0xd5, 0x4f, 0x0, 0x25,
    0x9e, 0x0, 0x4, 0x70, 0x4, 0xf0, 0x2, 0xed,
    0x60,

    /* U+957F "长" */
    0x0, 0x6, 0xf0, 0x0, 0x0, 0x8, 0x30, 0x0,
    0x0, 0x6f, 0x0, 0x0, 0x1c, 0xe3, 0x0, 0x0,
    0x6, 0xf0, 0x0, 0x4e, 0xe2, 0x0, 0x0, 0x0,
    0x6f, 0x3, 0xcf, 0xc2, 0x0, 0x0, 0x0, 0x6,
    0xf0, 0xaf, 0x60, 0x0, 0x0, 0x0, 0x0, 0x6f,
    0x0, 0x10, 0x0, 0x0, 0x0, 0x1f, 0xff, 0xff,
    0xff, 0xff, 0xff, 0xff, 0x10, 0x66, 0xaf, 0x76,
    0xde, 0x66, 0x66, 0x60, 0x0, 0x6, 0xf0, 0x4,
    0xf3, 0x0, 0x0, 0x0, 0x0, 0x6f, 0x0, 0xc,
    0xd1, 0x0, 0x0, 0x0, 0x6, 0xf0, 0x0, 0x1e,
    0xd2, 0x0, 0x0, 0x0, 0x6f, 0x25, 0x96, 0x3e,
    0xf7, 0x10, 0x0, 0xb, 0xff, 0xfc, 0x50, 0x1b,
    0xff, 0x20, 0x0, 0xa9, 0x40, 0x0, 0x0, 0x3,
    0x60,

    /* U+95F4 "间" */
    0x6, 0x10, 0x0, 0x0, 0x0, 0x0, 0x1, 0xdc,
    0x9, 0xff, 0xff, 0xff, 0xfe, 0x2, 0xf5, 0x34,
    0x44, 0x44, 0x4a, 0xe2, 0x41, 0x0, 0x0, 0x0,
    0x0, 0x7e, 0x8e, 0x0, 0x22, 0x22, 0x21, 0x7,
    0xe8, 0xe0, 0x3f, 0xff, 0xff, 0x60, 0x7e, 0x8e,
    0x3, 0xf0, 0x0, 0xe6, 0x7, 0xe8, 0xe0, 0x3f,
    0x44, 0x4e, 0x60, 0x7e, 0x8e, 0x3, 0xfd, 0xdd,
    0xf6, 0x7, 0xe8, 0xe0, 0x3f, 0x0, 0xe, 0x60,
    0x7e, 0x8e, 0x3, 0xfd, 0xcc, 0xf6, 0x7, 0xe8,
    0xe0, 0x14, 0x44, 0x44, 0x10, 0x7e, 0x8e, 0x0,
    0x0, 0x0, 0x0, 0x3a, 0xe8, 0xe0, 0x0, 0x0,
    0x0, 0xe, 0xf8,

    /* U+961F "队" */
    0x0, 0x0, 0x0, 0x0, 0xac, 0x0, 0x0, 0x6f,
    0xff, 0xf7, 0x0, 0xab, 0x0, 0x0, 0x6f, 0x35,
    0xf5, 0x0, 0xab, 0x0, 0x0, 0x6e, 0x7, 0xe0,
    0x0, 0xba, 0x0, 0x0, 0x6e, 0xd, 0x80, 0x0,
    0xca, 0x0, 0x0, 0x6e, 0x1f, 0x50, 0x0, 0xec,
    0x0, 0x0, 0x6e, 0x7, 0xe0, 0x0, 0xff, 0x0,
    0x0, 0x6e, 0x0, 0xf5, 0x2, 0xff, 0x40, 0x0,
    0x6e, 0x0, 0xd7, 0x7, 0xfe, 0x90, 0x0, 0x6e,
    0x28, 0xf6, 0xc, 0xc7, 0xf1, 0x0, 0x6e, 0x2d,
    0x90, 0x4f, 0x61, 0xf8, 0x0, 0x6e, 0x0, 0x1,
    0xed, 0x0, 0x9f, 0x40, 0x6e, 0x0, 0x2d, 0xe2,
    0x0, 0xd, 0xf4, 0x6e, 0x0, 0x5d, 0x20, 0x0,
    0x1, 0xc5, 0x0, 0x0, 0x0, 0x0, 0x0, 0x0,
    0x0,

    /* U+9636 "阶" */
    0x0, 0x0, 0x0, 0x0, 0xa4, 0x0, 0x0, 0xef,
    0xff, 0xb0, 0x5, 0xf9, 0x0, 0x0, 0xe9, 0x4f,
    0x70, 0xd, 0xdf, 0x50, 0x0, 0xe6, 0x6f, 0x10,
    0xae, 0x19, 0xf4, 0x0, 0xe7, 0xd8, 0x9, 0xf4,
    0x0, 0xaf, 0x80, 0xe8, 0xe8, 0x7f, 0x40, 0x0,
    0x7, 0xe1, 0xe6, 0x3f, 0x42, 0xd6, 0x2, 0xe2,
    0x0, 0xe6, 0xb, 0x90, 0xe6, 0x2, 0xf2, 0x0,
    0xe6, 0x8, 0xc0, 0xf6, 0x2, 0xf2, 0x0, 0xe9,
    0x7d, 0xa0, 0xf4, 0x2, 0xf2, 0x0, 0xea, 0xda,
    0x12, 0xf3, 0x2, 0xf2, 0x0, 0xe6, 0x0, 0x7,
    0xf0, 0x2, 0xf2, 0x0, 0xe6, 0x0, 0x1e, 0x90,
    0x2, 0xf2, 0x0, 0xe6, 0x0, 0x4c, 0x10, 0x2,
    0xe2, 0x0, 0x0, 0x0, 0x0, 0x0, 0x0, 0x0,
    0x0,

    /* U+964D "降" */
    0x0, 0x0, 0x0, 0x5, 0x60, 0x0, 0x0, 0xef,
    0xff, 0x50, 0x2f, 0xb2, 0x22, 0x0, 0xe7, 0x5f,
    0x32, 0xdf, 0xff, 0xff, 0x10, 0xe4, 0x7d, 0x4e,
    0xfd, 0x12, 0xe7, 0x0, 0xe4, 0xc6, 0x28, 0xa,
    0xee, 0x90, 0x0, 0xe5, 0xe4, 0x2, 0x8d, 0xff,
    0xd8, 0x30, 0xe4, 0x5d, 0xaf, 0xe8, 0x36, 0x8e,
    0xf2, 0xe4, 0xf, 0x56, 0x32, 0x8e, 0x23, 0x30,
    0xe4, 0xd, 0x6d, 0xff, 0xff, 0xff, 0x90, 0xe7,
    0x8f, 0x46, 0x50, 0x6e, 0x0, 0x0, 0xe6, 0xb7,
    0xe, 0x93, 0x8f, 0x33, 0x30, 0xe4, 0x0, 0x3f,
    0xff, 0xff, 0xff, 0xf0, 0xe4, 0x0, 0x0, 0x0,
    0x6e, 0x0, 0x0, 0xe4, 0x0, 0x0, 0x0, 0x6e,
    0x0, 0x0, 0x0, 0x0, 0x0, 0x0, 0x0, 0x0,
    0x0,

    /* U+968F "随" */
    0x0, 0x0, 0x0, 0x0, 0x28, 0x0, 0x0, 0xef,
    0xfd, 0x20, 0x0, 0x6c, 0x0, 0x0, 0xe7, 0x9d,
    0xd6, 0x9f, 0xff, 0xff, 0xe0, 0xe4, 0xb7, 0x3e,
    0x36, 0xf4, 0x22, 0x20, 0xe5, 0xf3, 0x4, 0xd,
    0xfb, 0xbb, 0x40, 0xe7, 0xf0, 0x12, 0xcf, 0xf3,
    0x3e, 0x50, 0xe4, 0xd8, 0xff, 0x86, 0xfc, 0xcf,
    0x50, 0xe4, 0x6b, 0xf, 0x33, 0xf3, 0x3e, 0x50,
    0xe4, 0x4d, 0xe, 0x33, 0xf4, 0x4e, 0x50, 0xe4,
    0x5d, 0xe, 0x33, 0xfb, 0xbf, 0x50, 0xe9, 0xf7,
    0xe, 0x33, 0xe0, 0xe, 0x50, 0xe5, 0x10, 0x4f,
    0x63, 0xe0, 0xbe, 0x20, 0xe4, 0x4, 0xf6, 0xda,
    0x53, 0x34, 0x60, 0xe4, 0x5, 0x60, 0x18, 0xdf,
    0xff, 0xd0, 0x0, 0x0, 0x0, 0x0, 0x0, 0x0,
    0x0,

    /* U+96C6 "集" */
    0x0, 0x1, 0x51, 0x4, 0x20, 0x0, 0x0, 0x0,
    0x0, 0xae, 0x10, 0xbb, 0x0, 0x0, 0x0, 0x0,
    0x5f, 0xfe, 0xef, 0xff, 0xee, 0xe4, 0x0, 0x5f,
    0xf2, 0x22, 0xcb, 0x22, 0x22, 0x0, 0x3f, 0xef,
    0xff, 0xff, 0xff, 0xff, 0xa0, 0x0, 0x67, 0xf2,
    0x22, 0xba, 0x22, 0x21, 0x0, 0x0, 0x6f, 0xcc,
    0xcf, 0xec, 0xcc, 0x90, 0x0, 0x6, 0xf5, 0x55,
    0xcb, 0x55, 0x55, 0x30, 0x0, 0x6f, 0xcc, 0xdf,
    0xdc, 0xcc, 0xc9, 0x0, 0x22, 0x22, 0x25, 0xf5,
    0x22, 0x22, 0x20, 0x2e, 0xee, 0xef, 0xff, 0xff,
    0xee, 0xee, 0x20, 0x0, 0x18, 0xeb, 0xfa, 0xe8,
    0x10, 0x0, 0x16, 0xbf, 0xb2, 0x3f, 0x22, 0xaf,
    0xb7, 0x11, 0xb7, 0x20, 0x3, 0xf2, 0x0, 0x17,
    0xa0,

    /* U+96FE "雾" */
    0x1, 0xee, 0xee, 0xff, 0xfe, 0xee, 0xe2, 0x0,
    0xcd, 0xdd, 0xde, 0xfd, 0xdd, 0xdd, 0xc0, 0xe,
    0x57, 0x77, 0x4f, 0x36, 0x66, 0x6e, 0x0, 0xe5,
    0x66, 0x64, 0xf3, 0x66, 0x66, 0xe0, 0x0, 0x1b,
    0xbb, 0x4f, 0x4c, 0xcc, 0x0, 0x0, 0x0, 0x1b,
    0xa4, 0x73, 0x22, 0x21, 0x0, 0x1, 0x7e, 0xeb,
    0xbb, 0xbb, 0xef, 0x80, 0x0, 0x6a, 0x5a, 0xc8,
    0x58, 0xca, 0x30, 0x0, 0x39, 0xab, 0xde, 0xb9,
    0xbd, 0xfe, 0xdd, 0x41, 0x76, 0x42, 0x8, 0xb0,
    0x1, 0x22, 0x20, 0x0, 0xff, 0xff, 0xff, 0xff,
    0xff, 0x80, 0x0, 0x0, 0x28, 0xf9, 0x0, 0x1,
    0xf5, 0x0, 0x5, 0xfd, 0x93, 0x0, 0x3f, 0xfc,
    0x0, 0x0, 0x1, 0x0, 0x0, 0x0, 0x0, 0x0,
    0x0,

    /* U+9752 "青" */
    0x0, 0x0, 0x0, 0x3f, 0x20, 0x0, 0x0, 0x0,
    0x2f, 0xff, 0xff, 0xff, 0xff, 0xff, 0x40, 0x0,
    0x11, 0x11, 0x5f, 0x31, 0x11, 0x10, 0x0, 0x9,
    0xff, 0xff, 0xff, 0xff, 0xfa, 0x0, 0x0, 0x0,
    0x0, 0x4f, 0x30, 0x0, 0x0, 0x0, 0xff, 0xff,
    0xff, 0xff, 0xff, 0xff, 0xf0, 0x1, 0x22, 0x22,
    0x22, 0x22, 0x22, 0x21, 0x0, 0x0, 0xff, 0xff,
    0xff, 0xff, 0xf2, 0x0, 0x0, 0xf, 0x50, 0x0,
    0x0, 0x4f, 0x20, 0x0, 0x0, 0xff, 0xff, 0xff,
    0xff, 0xf2, 0x0, 0x0, 0xf, 0x50, 0x0, 0x0,
    0x3f, 0x20, 0x0, 0x0, 0xff, 0xee, 0xee, 0xef,
    0xf2, 0x0, 0x0, 0xf, 0x50, 0x0, 0x12, 0x6f,
    0x20, 0x0, 0x0, 0xf5, 0x0, 0x5, 0xee, 0xa0,
    0x0,

    /* U+9759 "静" */
    0x0, 0x0, 0x0, 0x0, 0x0, 0x0, 0x0, 0x0,
    0x0, 0xd6, 0x0, 0x7, 0xa0, 0x0, 0x0, 0x13,
    0x3e, 0x93, 0x30, 0xea, 0x22, 0x0, 0x3, 0xbb,
    0xfd, 0xba, 0x6f, 0xff, 0xf4, 0x0, 0x9, 0x9f,
    0xc9, 0x8f, 0x70, 0xba, 0x0, 0x0, 0x33, 0xe8,
    0x33, 0xcd, 0xef, 0xed, 0x40, 0x9f, 0xff, 0xff,
    0xf3, 0x4e, 0x94, 0xf5, 0x1, 0x22, 0x22, 0x22,
    0x11, 0xe7, 0x1e, 0x60, 0xb, 0xff, 0xff, 0x7f,
    0xff, 0xff, 0xff, 0x30, 0xb7, 0x0, 0xd6, 0x11,
    0xe7, 0x1e, 0x60, 0xb, 0xff, 0xff, 0x53, 0x5e,
    0x95, 0xf5, 0x0, 0xb8, 0x0, 0xe5, 0x8d, 0xfe,
    0xdf, 0x50, 0xb, 0xfe, 0xef, 0x50, 0xd, 0x60,
    0x0, 0x0, 0xb7, 0x2, 0xe5, 0x24, 0xe6, 0x0,
    0x0, 0xb, 0x71, 0xfd, 0x23, 0xfd, 0x20, 0x0,
    0x0,

    /* U+9762 "面" */
    0x1f, 0xff, 0xff, 0xff, 0xff, 0xff, 0xff, 0x20,
    0x55, 0x55, 0x5b, 0xf5, 0x55, 0x55, 0x50, 0x0,
    0x0, 0x0, 0xbc, 0x0, 0x0, 0x0, 0x0, 0x6e,
    0xee, 0xef, 0xfe, 0xee, 0xee, 0x60, 0x7, 0xf5,
    0x8f, 0x65, 0x7f, 0x65, 0xf7, 0x0, 0x7e, 0x3,
    0xf0, 0x2, 0xf0, 0xf, 0x70, 0x7, 0xe0, 0x3f,
    0xff, 0xff, 0x0, 0xf7, 0x0, 0x7e, 0x3, 0xf1,
    0x14, 0xf0, 0xf, 0x70, 0x7, 0xe0, 0x3f, 0x43,
    0x6f, 0x0, 0xf7, 0x0, 0x7e, 0x3, 0xfd, 0xde,
    0xf0, 0xf, 0x70, 0x7, 0xe0, 0x3f, 0x0, 0x2f,
    0x0, 0xf7, 0x0, 0x7f, 0xff, 0xff, 0xff, 0xff,
    0xff, 0x70, 0x7, 0xf5, 0x55, 0x55, 0x55, 0x55,
    0xf7, 0x0,

    /* U+9875 "页" */
    0xd, 0xff, 0xff, 0xff, 0xff, 0xff, 0xff, 0x0,
    0x34, 0x44, 0x4b, 0xf4, 0x44, 0x44, 0x40, 0x0,
    0x0, 0x0, 0xe9, 0x0, 0x0, 0x0, 0x0, 0x7,
    0xff, 0xff, 0xff, 0xff, 0xfa, 0x0, 0x0, 0x8f,
    0x55, 0x55, 0x55, 0x5d, 0xb0, 0x0, 0x8, 0xe0,
    0x2, 0xd3, 0x0, 0xcb, 0x0, 0x0, 0x8e, 0x0,
    0x2f, 0x40, 0xc, 0xb0, 0x0, 0x8, 0xe0, 0x2,
    0xf4, 0x0, 0xcb, 0x0, 0x0, 0x8e, 0x0, 0x4f,
    0x20, 0xc, 0xb0, 0x0, 0x7, 0xe0, 0xc, 0xe3,
    0x40, 0xba, 0x0, 0x0, 0x0, 0x2b, 0xf4, 0x7f,
    0xd5, 0x0, 0x0, 0x26, 0xbf, 0xd4, 0x0, 0x18,
    0xfd, 0x40, 0xd, 0xea, 0x50, 0x0, 0x0, 0x2,
    0xbb, 0x0, 0x0, 0x0, 0x0, 0x0, 0x0, 0x0,
    0x0,

    /* U+9879 "项" */
    0x0, 0x0, 0x1, 0xff, 0xff, 0xff, 0xff, 0x74,
    0xee, 0xee, 0x84, 0x44, 0xfb, 0x44, 0x42, 0x27,
    0xbf, 0x73, 0x24, 0x7f, 0x74, 0x42, 0x0, 0x7,
    0xe0, 0x9, 0xff, 0xff, 0xff, 0x90, 0x0, 0x7e,
    0x0, 0x9b, 0x3, 0x30, 0xc9, 0x0, 0x7, 0xe0,
    0x9, 0xb0, 0xab, 0xc, 0x90, 0x0, 0x7e, 0x0,
    0x9b, 0xa, 0xb0, 0xc9, 0x0, 0x7, 0xe0, 0x39,
    0xb0, 0xbb, 0xc, 0x90, 0x3, 0xaf, 0xfd, 0x9b,
    0xc, 0x90, 0xc9, 0x6, 0xff, 0xa4, 0x6, 0x82,
    0xf6, 0x8, 0x60, 0x25, 0x0, 0x0, 0x1, 0xcd,
    0x4e, 0x50, 0x0, 0x0, 0x0, 0x17, 0xec, 0x10,
    0x7f, 0xa0, 0x0, 0x0, 0xe, 0xe7, 0x0, 0x0,
    0x3e, 0x40, 0x0, 0x0, 0x10, 0x0, 0x0, 0x0,
    0x0,

    /* U+987A "顺" */
    0x0, 0x0, 0x0, 0x0, 0x0, 0x0, 0x0, 0xd,
    0x40, 0xe, 0x4d, 0xff, 0xff, 0xfe, 0xd, 0x4e,
    0x2e, 0x42, 0x37, 0xf4, 0x32, 0xd, 0x4e, 0x2e,
    0x42, 0x6b, 0xe6, 0x62, 0xd, 0x4e, 0x2e, 0x45,
    0xfc, 0xcc, 0xf6, 0xd, 0x4e, 0x2e, 0x45, 0xe0,
    0x30, 0xe6, 0xd, 0x4e, 0x2e, 0x45, 0xe2, 0xf2,
    0xe6, 0xd, 0x4e, 0x2e, 0x45, 0xe2, 0xf2, 0xe6,
    0xe, 0x3e, 0x2e, 0x45, 0xe2, 0xf2, 0xe6, 0xf,
    0x3e, 0x2e, 0x45, 0xe3, 0xf0, 0xe6, 0xf, 0x2e,
    0x2e, 0x43, 0xa7, 0xf2, 0x94, 0x4f, 0xe, 0x2e,
    0x40, 0x2e, 0xde, 0x30, 0x8d, 0x1, 0xe, 0x44,
    0xdd, 0x8, 0xf2, 0x78, 0x0, 0xb, 0x7f, 0xa1,
    0x0, 0xa9, 0x0, 0x0, 0x0, 0x1, 0x0, 0x0,
    0x0,

    /* U+9884 "预" */
    0x0, 0x0, 0x0, 0x0, 0x0, 0x0, 0x0, 0x1,
    0xee, 0xee, 0xf7, 0xff, 0xff, 0xff, 0xf5, 0x4,
    0x44, 0xbe, 0x13, 0x35, 0xf8, 0x33, 0x10, 0x36,
    0x4f, 0x50, 0x24, 0x7f, 0x64, 0x30, 0x4, 0xef,
    0x80, 0x8, 0xff, 0xff, 0xfc, 0x0, 0x12, 0xbf,
    0x40, 0x8b, 0x4, 0x18, 0xc0, 0x6f, 0xff, 0xff,
    0xe9, 0xb1, 0xf3, 0x8c, 0x1, 0x23, 0xf6, 0xaa,
    0x8b, 0x1f, 0x38, 0xc0, 0x0, 0x1f, 0x4d, 0x48,
    0xb1, 0xf3, 0x8c, 0x0, 0x1, 0xf4, 0x60, 0x8b,
    0x3f, 0x18, 0xc0, 0x0, 0x1f, 0x40, 0x7, 0x98,
    0xd0, 0x69, 0x0, 0x1, 0xf4, 0x0, 0x5, 0xf6,
    0xb6, 0x0, 0x4, 0x6f, 0x30, 0x2a, 0xf7, 0x5,
    0xfa, 0x0, 0xaf, 0xc0, 0x6, 0xb3, 0x0, 0x3,
    0xc1, 0x0, 0x0, 0x0, 0x0, 0x0, 0x0, 0x0,
    0x0,

    /* U+9891 "频" */
    0x0, 0x0, 0xf3, 0x0, 0x0, 0x0, 0x0, 0x0,
    0x4, 0xf, 0x30, 0xf, 0xff, 0xff, 0xf7, 0x2,
    0xe0, 0xff, 0xf3, 0x33, 0x8e, 0x33, 0x10, 0x2e,
    0xf, 0x52, 0x1, 0x1b, 0xa1, 0x10, 0x3, 0xe0,
    0xf4, 0x0, 0xaf, 0xff, 0xff, 0x12, 0xff, 0xff,
    0xff, 0xca, 0x72, 0x42, 0xf1, 0x2, 0x26, 0xf2,
    0x22, 0xa7, 0x6c, 0x2f, 0x10, 0x1d, 0x5f, 0x8,
    0x5a, 0x76, 0xb2, 0xf1, 0x7, 0xc4, 0xf0, 0xf5,
    0xa7, 0x7b, 0x2f, 0x10, 0xe5, 0x4f, 0x7f, 0xa,
    0x79, 0x92, 0xf1, 0x5, 0x3, 0xcf, 0x60, 0xa7,
    0xc5, 0x2e, 0x10, 0x0, 0x3e, 0xb0, 0x0, 0x5f,
    0xa7, 0x0, 0x1, 0x8f, 0xa0, 0x0, 0x6f, 0x62,
    0xdb, 0x0, 0xdd, 0x50, 0x0, 0xee, 0x60, 0x1,
    0xc7, 0x1, 0x0, 0x0, 0x1, 0x0, 0x0, 0x0,
    0x0,

    /* U+9898 "题" */
    0x0, 0x0, 0x0, 0x0, 0x0, 0x0, 0x0, 0x0,
    0x4f, 0xee, 0xfc, 0x6f, 0xff, 0xff, 0xf8, 0x4,
    0xe0, 0x7, 0xc0, 0x12, 0xf5, 0x11, 0x0, 0x4f,
    0xee, 0xfc, 0x6, 0x9f, 0x77, 0x70, 0x4, 0xe0,
    0x7, 0xc0, 0xdb, 0x99, 0xbe, 0x0, 0x4e, 0xee,
    0xeb, 0xd, 0x38, 0x44, 0xe0, 0x1, 0x11, 0x11,
    0x11, 0xd3, 0xc5, 0x4e, 0x1, 0xff, 0xff, 0xff,
    0x9d, 0x3d, 0x44, 0xe0, 0x1, 0x73, 0xe0, 0x0,
    0xd4, 0xf2, 0x4e, 0x0, 0x3e, 0x3f, 0xff, 0x39,
    0x8e, 0x44, 0x90, 0x5, 0xf5, 0xe1, 0x10, 0x3f,
    0x69, 0xe3, 0x0, 0x7f, 0xee, 0x0, 0xbf, 0x90,
    0x6, 0xf4, 0xd, 0x6a, 0xf8, 0x48, 0x61, 0x12,
    0x27, 0x23, 0xe1, 0x4, 0xad, 0xff, 0xff, 0xff,
    0xf6, 0x1, 0x0, 0x0, 0x0, 0x0, 0x0, 0x0,
    0x0,

    /* U+989C "颜" */
    0x0, 0x5, 0x90, 0x0, 0x0, 0x0, 0x0, 0x0,
    0x11, 0x5f, 0x21, 0x5f, 0xff, 0xff, 0xf5, 0xf,
    0xff, 0xff, 0xf7, 0x11, 0xc6, 0x11, 0x0, 0xb,
    0x50, 0x69, 0x0, 0x1f, 0x20, 0x0, 0x0, 0x7a,
    0xd, 0x50, 0xff, 0xff, 0xfe, 0x0, 0xaf, 0xff,
    0xff, 0x7f, 0x5, 0x23, 0xe0, 0xa, 0xa2, 0x29,
    0x91, 0xf0, 0xc4, 0x3e, 0x0, 0xaa, 0x7d, 0xc2,
    0xf, 0xc, 0x43, 0xe0, 0xa, 0xaa, 0x44, 0x91,
    0xf0, 0xd3, 0x3e, 0x0, 0xb8, 0x29, 0xf4, 0xf,
    0xf, 0x23, 0xe0, 0xc, 0xcf, 0xa3, 0x82, 0xe3,
    0xf0, 0x3c, 0x0, 0xf5, 0x13, 0xdb, 0x10, 0xaa,
    0x75, 0x0, 0x3f, 0x7c, 0xf8, 0x1, 0x9d, 0x14,
    0xea, 0x4, 0xc5, 0x81, 0x4, 0xfa, 0x20, 0x1,
    0xd6, 0x0, 0x0, 0x0, 0x1, 0x0, 0x0, 0x0,
    0x0,

    /* U+98CE "风" */
    0x0, 0x8f, 0xff, 0xff, 0xff, 0xff, 0x90, 0x0,
    0x8, 0xf5, 0x55, 0x55, 0x55, 0xd9, 0x0, 0x0,
    0x8e, 0x0, 0x0, 0x8, 0x1c, 0x90, 0x0, 0x8,
    0xe5, 0xe1, 0x6, 0xe0, 0xc9, 0x0, 0x0, 0x8e,
    0xc, 0xc0, 0xd7, 0xc, 0x90, 0x0, 0x9, 0xe0,
    0x1e, 0xcf, 0x10, 0xc9, 0x0, 0x0, 0xad, 0x0,
    0x4f, 0xb0, 0xb, 0x90, 0x0, 0xb, 0xb0, 0x8,
    0xff, 0x20, 0xba, 0x0, 0x0, 0xd9, 0x4, 0xf7,
    0xdc, 0xa, 0xa0, 0x0, 0x1f, 0x54, 0xfb, 0x3,
    0xf7, 0x8c, 0x11, 0x6, 0xf2, 0xeb, 0x0, 0xa,
    0xb6, 0xe4, 0x90, 0xdc, 0x2, 0x0, 0x0, 0x0,
    0x2f, 0xc8, 0x1d, 0x30, 0x0, 0x0, 0x0, 0x0,
    0x9e, 0x30, 0x0, 0x0, 0x0, 0x0, 0x0, 0x0,
    0x0,

    /* U+9996 "首" */
    0x0, 0x0, 0x40, 0x0, 0x0, 0x41, 0x0, 0x0,
    0x0, 0x5f, 0x60, 0x0, 0x4f, 0x70, 0x0, 0x5,
    0x55, 0xdd, 0x55, 0x5d, 0xe5, 0x55, 0x12, 0xff,
    0xff, 0xff, 0xff, 0xff, 0xff, 0xf2, 0x0, 0x1,
    0x11, 0x8f, 0x31, 0x11, 0x0, 0x0, 0x8, 0xff,
    0xff, 0xff, 0xff, 0xf8, 0x0, 0x0, 0x8d, 0x11,
    0x11, 0x11, 0x1e, 0x80, 0x0, 0x8, 0xfd, 0xdd,
    0xdd, 0xdd, 0xf8, 0x0, 0x0, 0x8e, 0x33, 0x33,
    0x33, 0x3f, 0x80, 0x0, 0x8, 0xd2, 0x22, 0x22,
    0x22, 0xe8, 0x0, 0x0, 0x8f, 0xff, 0xff, 0xff,
    0xff, 0x80, 0x0, 0x8, 0xd0, 0x0, 0x0, 0x0,
    0xe8, 0x0, 0x0, 0x8f, 0xff, 0xff, 0xff, 0xff,
    0x80, 0x0, 0x8, 0xe4, 0x44, 0x44, 0x44, 0xf8,
    0x0,

    /* U+9A7B "驻" */
    0x0, 0x0, 0x0, 0x0, 0x4, 0x30, 0x0, 0x0,
    0xef, 0xff, 0xc0, 0x0, 0x9d, 0x0, 0x0, 0x2,
    0x22, 0x9b, 0x0, 0x2, 0xe2, 0x0, 0x0, 0x5a,
    0x8, 0xa5, 0xff, 0xff, 0xff, 0xf4, 0x7, 0xb0,
    0x99, 0x13, 0x36, 0xf6, 0x33, 0x10, 0x8a, 0xa,
    0x80, 0x0, 0x3f, 0x20, 0x0, 0x9, 0x90, 0xc6,
    0x0, 0x3, 0xf2, 0x0, 0x0, 0xbc, 0x8e, 0xb3,
    0x44, 0x6f, 0x64, 0x30, 0x7, 0x99, 0x9f, 0x6f,
    0xff, 0xff, 0xfc, 0x0, 0x0, 0x0, 0xf4, 0x0,
    0x3f, 0x20, 0x0, 0x15, 0x9d, 0x9f, 0x20, 0x3,
    0xf2, 0x0, 0x3, 0xd9, 0x54, 0xf1, 0x0, 0x3f,
    0x20, 0x0, 0x0, 0x11, 0x8e, 0x35, 0x57, 0xf7,
    0x55, 0x20, 0x8, 0xff, 0x6b, 0xee, 0xee, 0xee,
    0xe7, 0x0, 0x0, 0x0, 0x0, 0x0, 0x0, 0x0,
    0x0,

    /* U+9A8C "验" */
    0x0, 0x0, 0x0, 0x0, 0x5, 0x70, 0x0, 0x2,
    0xff, 0xff, 0x70, 0x2, 0xfd, 0x0, 0x0, 0x2,
    0x22, 0xc6, 0x0, 0xcd, 0xdb, 0x0, 0x0, 0x6b,
    0xc, 0x50, 0xbe, 0x21, 0xdc, 0x10, 0x7, 0xb0,
    0xd6, 0xdf, 0x73, 0x35, 0xfe, 0x30, 0x99, 0xf,
    0x5c, 0x3f, 0xff, 0xf6, 0xb1, 0xb, 0x80, 0xf1,
    0x0, 0x0, 0x0, 0x0, 0x0, 0xdf, 0xef, 0xe2,
    0xb1, 0x6b, 0x5, 0xb0, 0x3, 0x33, 0x4f, 0x1c,
    0x53, 0xe0, 0xb9, 0x0, 0x1, 0x55, 0xf0, 0x8a,
    0x1f, 0x2f, 0x20, 0x6d, 0xfc, 0x7f, 0x5, 0xa0,
    0x78, 0xb0, 0x3, 0x40, 0x6, 0xd0, 0x0, 0x0,
    0xe4, 0x0, 0x0, 0x11, 0xab, 0x8e, 0xee, 0xff,
    0xfe, 0x10, 0x7, 0xfe, 0x42, 0x44, 0x44, 0x44,
    0x40, 0x0, 0x0, 0x0, 0x0, 0x0, 0x0, 0x0,
    0x0,

    /* U+9AD8 "高" */
    0x0, 0x0, 0x0, 0x16, 0x0, 0x0, 0x0, 0x0,
    0x0, 0x0, 0x4, 0xf4, 0x0, 0x0, 0x0, 0xe,
    0xee, 0xee, 0xff, 0xfe, 0xee, 0xee, 0x0, 0x33,
    0x44, 0x44, 0x44, 0x44, 0x43, 0x30, 0x0, 0xe,
    0xfe, 0xee, 0xee, 0xff, 0x10, 0x0, 0x0, 0xe7,
    0x0, 0x0, 0x6, 0xf1, 0x0, 0x0, 0xd, 0xee,
    0xee, 0xee, 0xee, 0x10, 0x0, 0x24, 0x44, 0x44,
    0x44, 0x44, 0x44, 0x20, 0x9, 0xfe, 0xee, 0xee,
    0xee, 0xee, 0xf9, 0x0, 0x9c, 0x3, 0x44, 0x44,
    0x42, 0xc, 0x90, 0x9, 0xc0, 0xce, 0xbb, 0xbe,
    0x90, 0xc9, 0x0, 0x9c, 0xc, 0x91, 0x11, 0xa9,
    0xc, 0x90, 0x9, 0xc0, 0xcf, 0xee, 0xee, 0x92,
    0xd9, 0x0, 0x9c, 0x7, 0x40, 0x0, 0x5, 0xdc,
    0x40,

    /* U+9EC4 "黄" */
    0x0, 0x0, 0x8e, 0x0, 0xd, 0x90, 0x0, 0x0,
    0x4, 0x4a, 0xe4, 0x44, 0xeb, 0x44, 0x0, 0x0,
    0xff, 0xff, 0xff, 0xff, 0xff, 0xf2, 0x0, 0x0,
    0x8, 0xe0, 0x0, 0xd9, 0x0, 0x0, 0x1e, 0xee,
    0xff, 0xee, 0xef, 0xfe, 0xee, 0x20, 0x33, 0x33,
    0x36, 0xf6, 0x33, 0x33, 0x30, 0x0, 0x8e, 0xee,
    0xff, 0xfe, 0xee, 0xa0, 0x0, 0x9, 0xc0, 0x4,
    0xf4, 0x0, 0xbb, 0x0, 0x0, 0x9f, 0xdd, 0xef,
    0xed, 0xdf, 0xb0, 0x0, 0x9, 0xc1, 0x14, 0xf4,
    0x11, 0xbb, 0x0, 0x0, 0x9f, 0xcc, 0xdf, 0xdc,
    0xce, 0xb0, 0x0, 0x2, 0x38, 0xb4, 0x33, 0xb9,
    0x42, 0x0, 0x2, 0x7d, 0xf9, 0x10, 0x7, 0xdf,
    0x93, 0x0, 0xac, 0x71, 0x0, 0x0, 0x0, 0x4b,
    0x90, 0x0, 0x0, 0x0, 0x0, 0x0, 0x0, 0x0,
    0x0,

    /* U+9ED8 "默" */
    0x0, 0x0, 0x0, 0x0, 0x1, 0xf1, 0x0, 0x0,
    0xdf, 0xff, 0xff, 0x20, 0x1f, 0x84, 0x0, 0xd,
    0x83, 0xb4, 0xe2, 0x1, 0xf6, 0xe1, 0x0, 0xd9,
    0x7b, 0xbe, 0x20, 0x1f, 0x19, 0x60, 0xd, 0x66,
    0xc5, 0xe6, 0x78, 0xf8, 0x77, 0x0, 0xde, 0xdf,
    0xdf, 0x8b, 0xcf, 0xcb, 0xb0, 0x1, 0x26, 0xe2,
    0x20, 0x4, 0xf5, 0x0, 0x0, 0xde, 0xff, 0xee,
    0x10, 0x6f, 0x90, 0x0, 0x2, 0x26, 0xe2, 0x20,
    0xa, 0xee, 0x0, 0x2, 0xbc, 0xdf, 0xef, 0x40,
    0xe6, 0xf3, 0x0, 0x18, 0x65, 0x44, 0x40, 0x5f,
    0x9, 0xa0, 0x0, 0xc6, 0xd7, 0x6e, 0xd, 0x90,
    0x3f, 0x30, 0x3e, 0xd, 0x48, 0x8b, 0xe0, 0x0,
    0xbe, 0x24, 0x60, 0x71, 0x20, 0x94, 0x0, 0x1,
    0xa0,

    /* U+9F13 "鼓" */
    0x0, 0x0, 0x0, 0x0, 0x0, 0x0, 0x0, 0x0,
    0x0, 0x6f, 0x0, 0x0, 0xe, 0x70, 0x0, 0x8,
    0x8b, 0xf8, 0x84, 0x0, 0xe7, 0x0, 0x1, 0xdd,
    0xef, 0xdd, 0x84, 0x4f, 0xa4, 0x41, 0x0, 0x6,
    0xf0, 0x6, 0xff, 0xff, 0xff, 0x30, 0xbf, 0xff,
    0xff, 0x40, 0xe, 0x70, 0x0, 0x1, 0x22, 0x22,
    0x20, 0x11, 0xe8, 0x10, 0x0, 0x7f, 0xff, 0xff,
    0x6f, 0xff, 0xff, 0xe0, 0x7, 0xd0, 0x4, 0xf2,
    0xe7, 0x23, 0xda, 0x0, 0x7f, 0xcc, 0xdf, 0x19,
    0xd0, 0x5f, 0x40, 0x2, 0xa5, 0x4a, 0x70, 0x2f,
    0x7e, 0xb0, 0x0, 0xe, 0x60, 0xf5, 0x0, 0x8f,
    0xf1, 0x0, 0x0, 0x77, 0x6f, 0x85, 0x1b, 0xfe,
    0x40, 0x2, 0xdf, 0xff, 0xdb, 0xce, 0xe5, 0xbf,
    0xa2, 0x7, 0x42, 0x0, 0x9, 0x91, 0x0, 0x6c,
    0x10,

    /* U+FF0C "，" */
    0x5, 0x50, 0x3f, 0xf2, 0xb, 0xf4, 0x3, 0xf2,
    0x4e, 0x90, 0x76, 0x0,

    /* U+FF1A "：" */
    0x18, 0x40, 0x6f, 0xe0, 0x2b, 0x70, 0x0, 0x0,
    0x0, 0x0, 0x0, 0x0, 0x0, 0x0, 0x4, 0x20,
    0x5f, 0xd0, 0x3f, 0xa0, 0x0, 0x0,

    /* U+FF1B "；" */
    0x18, 0x40, 0x6f, 0xe0, 0x2b, 0x70, 0x0, 0x0,
    0x0, 0x0, 0x0, 0x0, 0x1, 0x0, 0x3f, 0xe0,
    0x3f, 0xf2, 0x2, 0xf2, 0x8, 0xd0, 0xae, 0x30,
    0x31, 0x0
};


/*---------------------
 *  GLYPH DESCRIPTION
 *--------------------*/

static const lv_font_fmt_txt_glyph_dsc_t glyph_dsc[] = {
    {.bitmap_index = 0, .adv_w = 0, .box_w = 0, .box_h = 0, .ofs_x = 0, .ofs_y = 0} /* id = 0 reserved */,
    {.bitmap_index = 0, .adv_w = 66, .box_w = 0, .box_h = 0, .ofs_x = 0, .ofs_y = 0},
    {.bitmap_index = 0, .adv_w = 67, .box_w = 4, .box_h = 10, .ofs_x = 0, .ofs_y = 0},
    {.bitmap_index = 20, .adv_w = 99, .box_w = 6, .box_h = 5, .ofs_x = 0, .ofs_y = 5},
    {.bitmap_index = 35, .adv_w = 171, .box_w = 11, .box_h = 10, .ofs_x = 0, .ofs_y = 0},
    {.bitmap_index = 90, .adv_w = 151, .box_w = 9, .box_h = 15, .ofs_x = 0, .ofs_y = -2},
    {.bitmap_index = 158, .adv_w = 206, .box_w = 13, .box_h = 10, .ofs_x = 0, .ofs_y = 0},
    {.bitmap_index = 223, .adv_w = 169, .box_w = 11, .box_h = 11, .ofs_x = 0, .ofs_y = -1},
    {.bitmap_index = 284, .adv_w = 53, .box_w = 3, .box_h = 5, .ofs_x = 0, .ofs_y = 5},
    {.bitmap_index = 292, .adv_w = 83, .box_w = 4, .box_h = 14, .ofs_x = 1, .ofs_y = -3},
    {.bitmap_index = 320, .adv_w = 84, .box_w = 4, .box_h = 14, .ofs_x = 0, .ofs_y = -3},
    {.bitmap_index = 348, .adv_w = 100, .box_w = 6, .box_h = 6, .ofs_x = 0, .ofs_y = 5},
    {.bitmap_index = 366, .adv_w = 142, .box_w = 8, .box_h = 7, .ofs_x = 0, .ofs_y = 2},
    {.bitmap_index = 394, .adv_w = 59, .box_w = 4, .box_h = 5, .ofs_x = 0, .ofs_y = -2},
    {.bitmap_index = 404, .adv_w = 92, .box_w = 5, .box_h = 2, .ofs_x = 0, .ofs_y = 3},
    {.bitmap_index = 409, .adv_w = 59, .box_w = 4, .box_h = 3, .ofs_x = 0, .ofs_y = 0},
    {.bitmap_index = 415, .adv_w = 89, .box_w = 8, .box_h = 14, .ofs_x = -1, .ofs_y = -1},
    {.bitmap_index = 471, .adv_w = 162, .box_w = 10, .box_h = 10, .ofs_x = 0, .ofs_y = 0},
    {.bitmap_index = 521, .adv_w = 91, .box_w = 5, .box_h = 10, .ofs_x = 0, .ofs_y = 0},
    {.bitmap_index = 546, .adv_w = 140, .box_w = 9, .box_h = 10, .ofs_x = 0, .ofs_y = 0},
    {.bitmap_index = 591, .adv_w = 140, .box_w = 9, .box_h = 10, .ofs_x = 0, .ofs_y = 0},
    {.bitmap_index = 636, .adv_w = 163, .box_w = 11, .box_h = 10, .ofs_x = 0, .ofs_y = 0},
    {.bitmap_index = 691, .adv_w = 140, .box_w = 9, .box_h = 10, .ofs_x = 0, .ofs_y = 0},
    {.bitmap_index = 736, .adv_w = 150, .box_w = 10, .box_h = 10, .ofs_x = 0, .ofs_y = 0},
    {.bitmap_index = 786, .adv_w = 146, .box_w = 9, .box_h = 10, .ofs_x = 0, .ofs_y = 0},
    {.bitmap_index = 831, .adv_w = 156, .box_w = 10, .box_h = 10, .ofs_x = 0, .ofs_y = 0},
    {.bitmap_index = 881, .adv_w = 150, .box_w = 9, .box_h = 10, .ofs_x = 0, .ofs_y = 0},
    {.bitmap_index = 926, .adv_w = 59, .box_w = 4, .box_h = 8, .ofs_x = 0, .ofs_y = 0},
    {.bitmap_index = 942, .adv_w = 59, .box_w = 4, .box_h = 10, .ofs_x = 0, .ofs_y = -2},
    {.bitmap_index = 962, .adv_w = 142, .box_w = 8, .box_h = 8, .ofs_x = 0, .ofs_y = 1},
    {.bitmap_index = 994, .adv_w = 142, .box_w = 8, .box_h = 6, .ofs_x = 0, .ofs_y = 2},
    {.bitmap_index = 1018, .adv_w = 142, .box_w = 8, .box_h = 8, .ofs_x = 0, .ofs_y = 1},
    {.bitmap_index = 1050, .adv_w = 139, .box_w = 8, .box_h = 10, .ofs_x = 0, .ofs_y = 0},
    {.bitmap_index = 1090, .adv_w = 248, .box_w = 15, .box_h = 13, .ofs_x = 0, .ofs_y = -3},
    {.bitmap_index = 1188, .adv_w = 180, .box_w = 13, .box_h = 10, .ofs_x = -1, .ofs_y = 0},
    {.bitmap_index = 1253, .adv_w = 183, .box_w = 10, .box_h = 10, .ofs_x = 1, .ofs_y = 0},
    {.bitmap_index = 1303, .adv_w = 174, .box_w = 11, .box_h = 10, .ofs_x = 0, .ofs_y = 0},
    {.bitmap_index = 1358, .adv_w = 198, .box_w = 11, .box_h = 10, .ofs_x = 1, .ofs_y = 0},
    {.bitmap_index = 1413, .adv_w = 161, .box_w = 9, .box_h = 10, .ofs_x = 1, .ofs_y = 0},
    {.bitmap_index = 1458, .adv_w = 153, .box_w = 9, .box_h = 10, .ofs_x = 1, .ofs_y = 0},
    {.bitmap_index = 1503, .adv_w = 185, .box_w = 11, .box_h = 10, .ofs_x = 0, .ofs_y = 0},
    {.bitmap_index = 1558, .adv_w = 194, .box_w = 10, .box_h = 10, .ofs_x = 1, .ofs_y = 0},
    {.bitmap_index = 1608, .adv_w = 77, .box_w = 3, .box_h = 10, .ofs_x = 1, .ofs_y = 0},
    {.bitmap_index = 1623, .adv_w = 126, .box_w = 8, .box_h = 10, .ofs_x = -1, .ofs_y = 0},
    {.bitmap_index = 1663, .adv_w = 175, .box_w = 11, .box_h = 10, .ofs_x = 1, .ofs_y = 0},
    {.bitmap_index = 1718, .adv_w = 144, .box_w = 8, .box_h = 10, .ofs_x = 1, .ofs_y = 0},
    {.bitmap_index = 1758, .adv_w = 229, .box_w = 12, .box_h = 10, .ofs_x = 1, .ofs_y = 0},
    {.bitmap_index = 1818, .adv_w = 194, .box_w = 10, .box_h = 10, .ofs_x = 1, .ofs_y = 0},
    {.bitmap_index = 1868, .adv_w = 202, .box_w = 12, .box_h = 10, .ofs_x = 0, .ofs_y = 0},
    {.bitmap_index = 1928, .adv_w = 174, .box_w = 10, .box_h = 10, .ofs_x = 1, .ofs_y = 0},
    {.bitmap_index = 1978, .adv_w = 202, .box_w = 13, .box_h = 13, .ofs_x = 0, .ofs_y = -3},
    {.bitmap_index = 2063, .adv_w = 175, .box_w = 10, .box_h = 10, .ofs_x = 1, .ofs_y = 0},
    {.bitmap_index = 2113, .adv_w = 151, .box_w = 9, .box_h = 10, .ofs_x = 0, .ofs_y = 0},
    {.bitmap_index = 2158, .adv_w = 144, .box_w = 9, .box_h = 10, .ofs_x = 0, .ofs_y = 0},
    {.bitmap_index = 2203, .adv_w = 189, .box_w = 10, .box_h = 10, .ofs_x = 1, .ofs_y = 0},
    {.bitmap_index = 2253, .adv_w = 175, .box_w = 13, .box_h = 10, .ofs_x = -1, .ofs_y = 0},
    {.bitmap_index = 2318, .adv_w = 275, .box_w = 17, .box_h = 10, .ofs_x = 0, .ofs_y = 0},
    {.bitmap_index = 2403, .adv_w = 166, .box_w = 11, .box_h = 10, .ofs_x = 0, .ofs_y = 0},
    {.bitmap_index = 2458, .adv_w = 159, .box_w = 12, .box_h = 10, .ofs_x = -1, .ofs_y = 0},
    {.bitmap_index = 2518, .adv_w = 159, .box_w = 10, .box_h = 10, .ofs_x = 0, .ofs_y = 0},
    {.bitmap_index = 2568, .adv_w = 84, .box_w = 4, .box_h = 14, .ofs_x = 1, .ofs_y = -3},
    {.bitmap_index = 2596, .adv_w = 89, .box_w = 8, .box_h = 14, .ofs_x = -1, .ofs_y = -1},
    {.bitmap_index = 2652, .adv_w = 84, .box_w = 4, .box_h = 14, .ofs_x = 0, .ofs_y = -3},
    {.bitmap_index = 2680, .adv_w = 142, .box_w = 8, .box_h = 6, .ofs_x = 0, .ofs_y = 2},
    {.bitmap_index = 2704, .adv_w = 120, .box_w = 8, .box_h = 2, .ofs_x = 0, .ofs_y = -2},
    {.bitmap_index = 2712, .adv_w = 144, .box_w = 5, .box_h = 2, .ofs_x = 1, .ofs_y = 9},
    {.bitmap_index = 2717, .adv_w = 146, .box_w = 8, .box_h = 8, .ofs_x = 0, .ofs_y = 0},
    {.bitmap_index = 2749, .adv_w = 165, .box_w = 9, .box_h = 11, .ofs_x = 1, .ofs_y = 0},
    {.bitmap_index = 2799, .adv_w = 139, .box_w = 9, .box_h = 8, .ofs_x = 0, .ofs_y = 0},
    {.bitmap_index = 2835, .adv_w = 165, .box_w = 10, .box_h = 11, .ofs_x = 0, .ofs_y = 0},
    {.bitmap_index = 2890, .adv_w = 149, .box_w = 9, .box_h = 8, .ofs_x = 0, .ofs_y = 0},
    {.bitmap_index = 2926, .adv_w = 89, .box_w = 7, .box_h = 11, .ofs_x = 0, .ofs_y = 0},
    {.bitmap_index = 2965, .adv_w = 167, .box_w = 10, .box_h = 11, .ofs_x = 0, .ofs_y = -3},
    {.bitmap_index = 3020, .adv_w = 164, .box_w = 9, .box_h = 11, .ofs_x = 1, .ofs_y = 0},
    {.bitmap_index = 3070, .adv_w = 69, .box_w = 4, .box_h = 11, .ofs_x = 0, .ofs_y = 0},
    {.bitmap_index = 3092, .adv_w = 71, .box_w = 6, .box_h = 14, .ofs_x = -2, .ofs_y = -3},
    {.bitmap_index = 3134, .adv_w = 153, .box_w = 9, .box_h = 11, .ofs_x = 1, .ofs_y = 0},
    {.bitmap_index = 3184, .adv_w = 69, .box_w = 3, .box_h = 11, .ofs_x = 1, .ofs_y = 0},
    {.bitmap_index = 3201, .adv_w = 253, .box_w = 14, .box_h = 8, .ofs_x = 1, .ofs_y = 0},
    {.bitmap_index = 3257, .adv_w = 164, .box_w = 9, .box_h = 8, .ofs_x = 1, .ofs_y = 0},
    {.bitmap_index = 3293, .adv_w = 155, .box_w = 10, .box_h = 8, .ofs_x = 0, .ofs_y = 0},
    {.bitmap_index = 3333, .adv_w = 165, .box_w = 9, .box_h = 11, .ofs_x = 1, .ofs_y = -3},
    {.bitmap_index = 3383, .adv_w = 165, .box_w = 10, .box_h = 11, .ofs_x = 0, .ofs_y = -3},
    {.bitmap_index = 3438, .adv_w = 101, .box_w = 5, .box_h = 8, .ofs_x = 1, .ofs_y = 0},
    {.bitmap_index = 3458, .adv_w = 124, .box_w = 8, .box_h = 8, .ofs_x = 0, .ofs_y = 0},
    {.bitmap_index = 3490, .adv_w = 102, .box_w = 7, .box_h = 10, .ofs_x = 0, .ofs_y = 0},
    {.bitmap_index = 3525, .adv_w = 163, .box_w = 8, .box_h = 8, .ofs_x = 1, .ofs_y = 0},
    {.bitmap_index = 3557, .adv_w = 139, .box_w = 10, .box_h = 8, .ofs_x = -1, .ofs_y = 0},
    {.bitmap_index = 3597, .adv_w = 221, .box_w = 14, .box_h = 8, .ofs_x = 0, .ofs_y = 0},
    {.bitmap_index = 3653, .adv_w = 138, .box_w = 9, .box_h = 8, .ofs_x = 0, .ofs_y = 0},
    {.bitmap_index = 3689, .adv_w = 139, .box_w = 10, .box_h = 11, .ofs_x = -1, .ofs_y = -3},
    {.bitmap_index = 3744, .adv_w = 128, .box_w = 8, .box_h = 8, .ofs_x = 0, .ofs_y = 0},
    {.bitmap_index = 3776, .adv_w = 89, .box_w = 6, .box_h = 14, .ofs_x = 0, .ofs_y = -3},
    {.bitmap_index = 3818, .adv_w = 73, .box_w = 3, .box_h = 14, .ofs_x = 1, .ofs_y = -3},
    {.bitmap_index = 3839, .adv_w = 89, .box_w = 5, .box_h = 14, .ofs_x = 0, .ofs_y = -3},
    {.bitmap_index = 3874, .adv_w = 142, .box_w = 9, .box_h = 4, .ofs_x = 0, .ofs_y = 3},
    {.bitmap_index = 3892, .adv_w = 240, .box_w = 5, .box_h = 4, .ofs_x = 5, .ofs_y = 4},
    {.bitmap_index = 3902, .adv_w = 216, .box_w = 13, .box_h = 3, .ofs_x = 0, .ofs_y = 3},
    {.bitmap_index = 3922, .adv_w = 144, .box_w = 9, .box_h = 8, .ofs_x = 0, .ofs_y = 0},
    {.bitmap_index = 3958, .adv_w = 144, .box_w = 9, .box_h = 10, .ofs_x = 0, .ofs_y = 0},
    {.bitmap_index = 4003, .adv_w = 144, .box_w = 7, .box_h = 9, .ofs_x = 1, .ofs_y = 0},
    {.bitmap_index = 4035, .adv_w = 144, .box_w = 7, .box_h = 8, .ofs_x = 1, .ofs_y = 1},
    {.bitmap_index = 4063, .adv_w = 218, .box_w = 13, .box_h = 9, .ofs_x = 0, .ofs_y = 1},
    {.bitmap_index = 4122, .adv_w = 218, .box_w = 14, .box_h = 9, .ofs_x = 0, .ofs_y = 1},
    {.bitmap_index = 4185, .adv_w = 144, .box_w = 9, .box_h = 10, .ofs_x = 0, .ofs_y = -1},
    {.bitmap_index = 4230, .adv_w = 144, .box_w = 9, .box_h = 10, .ofs_x = 0, .ofs_y = -1},
    {.bitmap_index = 4275, .adv_w = 144, .box_w = 9, .box_h = 10, .ofs_x = 0, .ofs_y = -1},
    {.bitmap_index = 4320, .adv_w = 144, .box_w = 7, .box_h = 11, .ofs_x = 1, .ofs_y = 0},
    {.bitmap_index = 4359, .adv_w = 144, .box_w = 9, .box_h = 13, .ofs_x = 0, .ofs_y = -2},
    {.bitmap_index = 4418, .adv_w = 144, .box_w = 9, .box_h = 10, .ofs_x = 0, .ofs_y = 0},
    {.bitmap_index = 4463, .adv_w = 240, .box_w = 6, .box_h = 5, .ofs_x = 0, .ofs_y = -1},
    {.bitmap_index = 4478, .adv_w = 240, .box_w = 6, .box_h = 5, .ofs_x = 0, .ofs_y = -1},
    {.bitmap_index = 4493, .adv_w = 240, .box_w = 15, .box_h = 2, .ofs_x = 0, .ofs_y = 5},
    {.bitmap_index = 4508, .adv_w = 240, .box_w = 15, .box_h = 14, .ofs_x = 0, .ofs_y = -1},
    {.bitmap_index = 4613, .adv_w = 240, .box_w = 15, .box_h = 13, .ofs_x = 0, .ofs_y = -1},
    {.bitmap_index = 4711, .adv_w = 240, .box_w = 15, .box_h = 13, .ofs_x = 0, .ofs_y = -1},
    {.bitmap_index = 4809, .adv_w = 240, .box_w = 14, .box_h = 15, .ofs_x = 0, .ofs_y = -2},
    {.bitmap_index = 4914, .adv_w = 240, .box_w = 14, .box_h = 15, .ofs_x = 0, .ofs_y = -2},
    {.bitmap_index = 5019, .adv_w = 240, .box_w = 15, .box_h = 15, .ofs_x = 0, .ofs_y = -2},
    {.bitmap_index = 5132, .adv_w = 240, .box_w = 15, .box_h = 14, .ofs_x = 0, .ofs_y = -1},
    {.bitmap_index = 5237, .adv_w = 240, .box_w = 13, .box_h = 14, .ofs_x = 1, .ofs_y = -1},
    {.bitmap_index = 5328, .adv_w = 240, .box_w = 14, .box_h = 15, .ofs_x = 0, .ofs_y = -2},
    {.bitmap_index = 5433, .adv_w = 240, .box_w = 15, .box_h = 14, .ofs_x = 0, .ofs_y = -1},
    {.bitmap_index = 5538, .adv_w = 240, .box_w = 15, .box_h = 14, .ofs_x = 0, .ofs_y = -1},
    {.bitmap_index = 5643, .adv_w = 240, .box_w = 15, .box_h = 11, .ofs_x = 0, .ofs_y = 0},
    {.bitmap_index = 5726, .adv_w = 240, .box_w = 15, .box_h = 14, .ofs_x = 0, .ofs_y = -2},
    {.bitmap_index = 5831, .adv_w = 240, .box_w = 15, .box_h = 14, .ofs_x = 0, .ofs_y = -1},
    {.bitmap_index = 5936, .adv_w = 240, .box_w = 15, .box_h = 14, .ofs_x = 0, .ofs_y = -1},
    {.bitmap_index = 6041, .adv_w = 240, .box_w = 15, .box_h = 15, .ofs_x = 0, .ofs_y = -2},
    {.bitmap_index = 6154, .adv_w = 240, .box_w = 15, .box_h = 14, .ofs_x = 0, .ofs_y = -1},
    {.bitmap_index = 6259, .adv_w = 240, .box_w = 15, .box_h = 15, .ofs_x = 0, .ofs_y = -2},
    {.bitmap_index = 6372, .adv_w = 240, .box_w = 15, .box_h = 15, .ofs_x = 0, .ofs_y = -2},
    {.bitmap_index = 6485, .adv_w = 240, .box_w = 14, .box_h = 15, .ofs_x = 1, .ofs_y = -2},
    {.bitmap_index = 6590, .adv_w = 240, .box_w = 15, .box_h = 15, .ofs_x = 0, .ofs_y = -1},
    {.bitmap_index = 6703, .adv_w = 240, .box_w = 15, .box_h = 15, .ofs_x = 0, .ofs_y = -2},
    {.bitmap_index = 6816, .adv_w = 240, .box_w = 15, .box_h = 14, .ofs_x = 0, .ofs_y = -1},
    {.bitmap_index = 6921, .adv_w = 240, .box_w = 15, .box_h = 14, .ofs_x = 0, .ofs_y = -1},
    {.bitmap_index = 7026, .adv_w = 240, .box_w = 15, .box_h = 15, .ofs_x = 0, .ofs_y = -2},
    {.bitmap_index = 7139, .adv_w = 240, .box_w = 15, .box_h = 15, .ofs_x = 0, .ofs_y = -2},
    {.bitmap_index = 7252, .adv_w = 240, .box_w = 15, .box_h = 15, .ofs_x = 0, .ofs_y = -2},
    {.bitmap_index = 7365, .adv_w = 240, .box_w = 15, .box_h = 16, .ofs_x = 0, .ofs_y = -2},
    {.bitmap_index = 7485, .adv_w = 240, .box_w = 15, .box_h = 15, .ofs_x = 0, .ofs_y = -2},
    {.bitmap_index = 7598, .adv_w = 240, .box_w = 15, .box_h = 14, .ofs_x = 0, .ofs_y = -1},
    {.bitmap_index = 7703, .adv_w = 240, .box_w = 15, .box_h = 15, .ofs_x = 0, .ofs_y = -2},
    {.bitmap_index = 7816, .adv_w = 240, .box_w = 15, .box_h = 15, .ofs_x = 0, .ofs_y = -2},
    {.bitmap_index = 7929, .adv_w = 240, .box_w = 15, .box_h = 14, .ofs_x = 0, .ofs_y = -1},
    {.bitmap_index = 8034, .adv_w = 240, .box_w = 15, .box_h = 15, .ofs_x = 0, .ofs_y = -1},
    {.bitmap_index = 8147, .adv_w = 240, .box_w = 15, .box_h = 14, .ofs_x = 0, .ofs_y = -1},
    {.bitmap_index = 8252, .adv_w = 240, .box_w = 15, .box_h = 15, .ofs_x = 0, .ofs_y = -2},
    {.bitmap_index = 8365, .adv_w = 240, .box_w = 15, .box_h = 15, .ofs_x = 0, .ofs_y = -2},
    {.bitmap_index = 8478, .adv_w = 240, .box_w = 15, .box_h = 15, .ofs_x = 0, .ofs_y = -2},
    {.bitmap_index = 8591, .adv_w = 240, .box_w = 15, .box_h = 15, .ofs_x = 0, .ofs_y = -2},
    {.bitmap_index = 8704, .adv_w = 240, .box_w = 15, .box_h = 14, .ofs_x = 0, .ofs_y = -1},
    {.bitmap_index = 8809, .adv_w = 240, .box_w = 15, .box_h = 15, .ofs_x = 0, .ofs_y = -2},
    {.bitmap_index = 8922, .adv_w = 240, .box_w = 15, .box_h = 15, .ofs_x = 0, .ofs_y = -2},
    {.bitmap_index = 9035, .adv_w = 240, .box_w = 15, .box_h = 14, .ofs_x = 0, .ofs_y = -1},
    {.bitmap_index = 9140, .adv_w = 240, .box_w = 13, .box_h = 14, .ofs_x = 1, .ofs_y = -1},
    {.bitmap_index = 9231, .adv_w = 240, .box_w = 15, .box_h = 13, .ofs_x = 0, .ofs_y = -1},
    {.bitmap_index = 9329, .adv_w = 240, .box_w = 15, .box_h = 15, .ofs_x = 0, .ofs_y = -2},
    {.bitmap_index = 9442, .adv_w = 240, .box_w = 15, .box_h = 14, .ofs_x = 0, .ofs_y = -1},
    {.bitmap_index = 9547, .adv_w = 240, .box_w = 15, .box_h = 15, .ofs_x = 0, .ofs_y = -2},
    {.bitmap_index = 9660, .adv_w = 240, .box_w = 14, .box_h = 14, .ofs_x = 0, .ofs_y = -2},
    {.bitmap_index = 9758, .adv_w = 240, .box_w = 14, .box_h = 15, .ofs_x = 0, .ofs_y = -2},
    {.bitmap_index = 9863, .adv_w = 240, .box_w = 14, .box_h = 15, .ofs_x = 0, .ofs_y = -2},
    {.bitmap_index = 9968, .adv_w = 240, .box_w = 14, .box_h = 15, .ofs_x = 0, .ofs_y = -2},
    {.bitmap_index = 10073, .adv_w = 240, .box_w = 14, .box_h = 14, .ofs_x = 0, .ofs_y = -1},
    {.bitmap_index = 10171, .adv_w = 240, .box_w = 14, .box_h = 16, .ofs_x = 0, .ofs_y = -2},
    {.bitmap_index = 10283, .adv_w = 240, .box_w = 15, .box_h = 15, .ofs_x = 0, .ofs_y = -2},
    {.bitmap_index = 10396, .adv_w = 240, .box_w = 15, .box_h = 15, .ofs_x = 0, .ofs_y = -2},
    {.bitmap_index = 10509, .adv_w = 240, .box_w = 15, .box_h = 15, .ofs_x = 0, .ofs_y = -2},
    {.bitmap_index = 10622, .adv_w = 240, .box_w = 14, .box_h = 13, .ofs_x = 1, .ofs_y = -1},
    {.bitmap_index = 10713, .adv_w = 240, .box_w = 15, .box_h = 14, .ofs_x = 0, .ofs_y = -1},
    {.bitmap_index = 10818, .adv_w = 240, .box_w = 12, .box_h = 14, .ofs_x = 2, .ofs_y = -1},
    {.bitmap_index = 10902, .adv_w = 240, .box_w = 15, .box_h = 14, .ofs_x = 0, .ofs_y = -1},
    {.bitmap_index = 11007, .adv_w = 240, .box_w = 15, .box_h = 13, .ofs_x = 0, .ofs_y = -1},
    {.bitmap_index = 11105, .adv_w = 240, .box_w = 15, .box_h = 14, .ofs_x = 0, .ofs_y = -2},
    {.bitmap_index = 11210, .adv_w = 240, .box_w = 15, .box_h = 15, .ofs_x = 0, .ofs_y = -2},
    {.bitmap_index = 11323, .adv_w = 240, .box_w = 15, .box_h = 15, .ofs_x = 0, .ofs_y = -2},
    {.bitmap_index = 11436, .adv_w = 240, .box_w = 13, .box_h = 13, .ofs_x = 1, .ofs_y = -1},
    {.bitmap_index = 11521, .adv_w = 240, .box_w = 15, .box_h = 14, .ofs_x = 0, .ofs_y = -2},
    {.bitmap_index = 11626, .adv_w = 240, .box_w = 15, .box_h = 13, .ofs_x = 0, .ofs_y = -1},
    {.bitmap_index = 11724, .adv_w = 240, .box_w = 13, .box_h = 14, .ofs_x = 1, .ofs_y = -1},
    {.bitmap_index = 11815, .adv_w = 240, .box_w = 15, .box_h = 14, .ofs_x = 0, .ofs_y = -1},
    {.bitmap_index = 11920, .adv_w = 240, .box_w = 15, .box_h = 14, .ofs_x = 0, .ofs_y = -1},
    {.bitmap_index = 12025, .adv_w = 240, .box_w = 13, .box_h = 13, .ofs_x = 1, .ofs_y = -1},
    {.bitmap_index = 12110, .adv_w = 240, .box_w = 15, .box_h = 15, .ofs_x = 0, .ofs_y = -2},
    {.bitmap_index = 12223, .adv_w = 240, .box_w = 15, .box_h = 14, .ofs_x = 0, .ofs_y = -1},
    {.bitmap_index = 12328, .adv_w = 240, .box_w = 14, .box_h = 15, .ofs_x = 1, .ofs_y = -2},
    {.bitmap_index = 12433, .adv_w = 240, .box_w = 14, .box_h = 14, .ofs_x = 0, .ofs_y = -1},
    {.bitmap_index = 12531, .adv_w = 240, .box_w = 15, .box_h = 13, .ofs_x = 0, .ofs_y = -1},
    {.bitmap_index = 12629, .adv_w = 240, .box_w = 13, .box_h = 13, .ofs_x = 1, .ofs_y = -1},
    {.bitmap_index = 12714, .adv_w = 240, .box_w = 13, .box_h = 13, .ofs_x = 1, .ofs_y = -1},
    {.bitmap_index = 12799, .adv_w = 240, .box_w = 13, .box_h = 13, .ofs_x = 1, .ofs_y = -1},
    {.bitmap_index = 12884, .adv_w = 240, .box_w = 13, .box_h = 13, .ofs_x = 1, .ofs_y = -1},
    {.bitmap_index = 12969, .adv_w = 240, .box_w = 13, .box_h = 13, .ofs_x = 1, .ofs_y = -1},
    {.bitmap_index = 13054, .adv_w = 240, .box_w = 15, .box_h = 14, .ofs_x = 0, .ofs_y = -1},
    {.bitmap_index = 13159, .adv_w = 240, .box_w = 15, .box_h = 15, .ofs_x = 0, .ofs_y = -1},
    {.bitmap_index = 13272, .adv_w = 240, .box_w = 15, .box_h = 15, .ofs_x = 0, .ofs_y = -2},
    {.bitmap_index = 13385, .adv_w = 240, .box_w = 15, .box_h = 14, .ofs_x = 0, .ofs_y = -1},
    {.bitmap_index = 13490, .adv_w = 240, .box_w = 15, .box_h = 15, .ofs_x = 0, .ofs_y = -1},
    {.bitmap_index = 13603, .adv_w = 240, .box_w = 14, .box_h = 16, .ofs_x = 0, .ofs_y = -2},
    {.bitmap_index = 13715, .adv_w = 240, .box_w = 14, .box_h = 15, .ofs_x = 0, .ofs_y = -2},
    {.bitmap_index = 13820, .adv_w = 240, .box_w = 15, .box_h = 14, .ofs_x = 0, .ofs_y = -1},
    {.bitmap_index = 13925, .adv_w = 240, .box_w = 15, .box_h = 15, .ofs_x = 0, .ofs_y = -2},
    {.bitmap_index = 14038, .adv_w = 240, .box_w = 15, .box_h = 15, .ofs_x = 0, .ofs_y = -1},
    {.bitmap_index = 14151, .adv_w = 240, .box_w = 14, .box_h = 15, .ofs_x = 1, .ofs_y = -2},
    {.bitmap_index = 14256, .adv_w = 240, .box_w = 15, .box_h = 15, .ofs_x = 0, .ofs_y = -2},
    {.bitmap_index = 14369, .adv_w = 240, .box_w = 15, .box_h = 14, .ofs_x = 0, .ofs_y = -2},
    {.bitmap_index = 14474, .adv_w = 240, .box_w = 15, .box_h = 15, .ofs_x = 0, .ofs_y = -2},
    {.bitmap_index = 14587, .adv_w = 240, .box_w = 15, .box_h = 16, .ofs_x = 0, .ofs_y = -2},
    {.bitmap_index = 14707, .adv_w = 240, .box_w = 15, .box_h = 15, .ofs_x = 0, .ofs_y = -2},
    {.bitmap_index = 14820, .adv_w = 240, .box_w = 15, .box_h = 16, .ofs_x = 0, .ofs_y = -2},
    {.bitmap_index = 14940, .adv_w = 240, .box_w = 15, .box_h = 15, .ofs_x = 0, .ofs_y = -1},
    {.bitmap_index = 15053, .adv_w = 240, .box_w = 14, .box_h = 14, .ofs_x = 1, .ofs_y = -1},
    {.bitmap_index = 15151, .adv_w = 240, .box_w = 15, .box_h = 15, .ofs_x = 0, .ofs_y = -2},
    {.bitmap_index = 15264, .adv_w = 240, .box_w = 15, .box_h = 15, .ofs_x = 0, .ofs_y = -2},
    {.bitmap_index = 15377, .adv_w = 240, .box_w = 13, .box_h = 15, .ofs_x = 1, .ofs_y = -2},
    {.bitmap_index = 15475, .adv_w = 240, .box_w = 15, .box_h = 14, .ofs_x = 0, .ofs_y = -1},
    {.bitmap_index = 15580, .adv_w = 240, .box_w = 15, .box_h = 14, .ofs_x = 0, .ofs_y = -1},
    {.bitmap_index = 15685, .adv_w = 240, .box_w = 15, .box_h = 14, .ofs_x = 0, .ofs_y = -1},
    {.bitmap_index = 15790, .adv_w = 240, .box_w = 15, .box_h = 13, .ofs_x = 0, .ofs_y = -1},
    {.bitmap_index = 15888, .adv_w = 240, .box_w = 15, .box_h = 14, .ofs_x = 0, .ofs_y = -1},
    {.bitmap_index = 15993, .adv_w = 240, .box_w = 15, .box_h = 15, .ofs_x = 0, .ofs_y = -2},
    {.bitmap_index = 16106, .adv_w = 240, .box_w = 15, .box_h = 14, .ofs_x = 0, .ofs_y = -2},
    {.bitmap_index = 16211, .adv_w = 240, .box_w = 14, .box_h = 14, .ofs_x = 0, .ofs_y = -2},
    {.bitmap_index = 16309, .adv_w = 240, .box_w = 15, .box_h = 14, .ofs_x = 0, .ofs_y = -2},
    {.bitmap_index = 16414, .adv_w = 240, .box_w = 15, .box_h = 14, .ofs_x = 0, .ofs_y = -2},
    {.bitmap_index = 16519, .adv_w = 240, .box_w = 15, .box_h = 12, .ofs_x = 0, .ofs_y = -1},
    {.bitmap_index = 16609, .adv_w = 240, .box_w = 15, .box_h = 14, .ofs_x = 0, .ofs_y = -1},
    {.bitmap_index = 16714, .adv_w = 240, .box_w = 14, .box_h = 13, .ofs_x = 1, .ofs_y = -1},
    {.bitmap_index = 16805, .adv_w = 240, .box_w = 15, .box_h = 14, .ofs_x = 0, .ofs_y = -1},
    {.bitmap_index = 16910, .adv_w = 240, .box_w = 13, .box_h = 14, .ofs_x = 1, .ofs_y = -1},
    {.bitmap_index = 17001, .adv_w = 240, .box_w = 15, .box_h = 15, .ofs_x = 0, .ofs_y = -2},
    {.bitmap_index = 17114, .adv_w = 240, .box_w = 15, .box_h = 15, .ofs_x = 0, .ofs_y = -2},
    {.bitmap_index = 17227, .adv_w = 240, .box_w = 15, .box_h = 15, .ofs_x = 0, .ofs_y = -2},
    {.bitmap_index = 17340, .adv_w = 240, .box_w = 15, .box_h = 15, .ofs_x = 0, .ofs_y = -2},
    {.bitmap_index = 17453, .adv_w = 240, .box_w = 15, .box_h = 15, .ofs_x = 0, .ofs_y = -2},
    {.bitmap_index = 17566, .adv_w = 240, .box_w = 15, .box_h = 14, .ofs_x = 0, .ofs_y = -2},
    {.bitmap_index = 17671, .adv_w = 240, .box_w = 15, .box_h = 14, .ofs_x = 0, .ofs_y = -1},
    {.bitmap_index = 17776, .adv_w = 240, .box_w = 14, .box_h = 15, .ofs_x = 1, .ofs_y = -2},
    {.bitmap_index = 17881, .adv_w = 240, .box_w = 15, .box_h = 14, .ofs_x = 0, .ofs_y = -2},
    {.bitmap_index = 17986, .adv_w = 240, .box_w = 13, .box_h = 14, .ofs_x = 1, .ofs_y = -1},
    {.bitmap_index = 18077, .adv_w = 240, .box_w = 15, .box_h = 14, .ofs_x = 0, .ofs_y = -1},
    {.bitmap_index = 18182, .adv_w = 240, .box_w = 15, .box_h = 14, .ofs_x = 0, .ofs_y = -1},
    {.bitmap_index = 18287, .adv_w = 240, .box_w = 15, .box_h = 15, .ofs_x = 0, .ofs_y = -2},
    {.bitmap_index = 18400, .adv_w = 240, .box_w = 15, .box_h = 14, .ofs_x = 0, .ofs_y = -1},
    {.bitmap_index = 18505, .adv_w = 240, .box_w = 15, .box_h = 15, .ofs_x = 0, .ofs_y = -1},
    {.bitmap_index = 18618, .adv_w = 240, .box_w = 15, .box_h = 14, .ofs_x = 0, .ofs_y = -1},
    {.bitmap_index = 18723, .adv_w = 240, .box_w = 15, .box_h = 14, .ofs_x = 0, .ofs_y = -1},
    {.bitmap_index = 18828, .adv_w = 240, .box_w = 15, .box_h = 14, .ofs_x = 0, .ofs_y = -1},
    {.bitmap_index = 18933, .adv_w = 240, .box_w = 15, .box_h = 15, .ofs_x = 0, .ofs_y = -1},
    {.bitmap_index = 19046, .adv_w = 240, .box_w = 15, .box_h = 15, .ofs_x = 0, .ofs_y = -2},
    {.bitmap_index = 19159, .adv_w = 240, .box_w = 15, .box_h = 16, .ofs_x = 0, .ofs_y = -2},
    {.bitmap_index = 19279, .adv_w = 240, .box_w = 15, .box_h = 15, .ofs_x = 0, .ofs_y = -2},
    {.bitmap_index = 19392, .adv_w = 240, .box_w = 14, .box_h = 15, .ofs_x = 0, .ofs_y = -2},
    {.bitmap_index = 19497, .adv_w = 240, .box_w = 15, .box_h = 14, .ofs_x = 0, .ofs_y = -1},
    {.bitmap_index = 19602, .adv_w = 240, .box_w = 15, .box_h = 14, .ofs_x = 0, .ofs_y = -1},
    {.bitmap_index = 19707, .adv_w = 240, .box_w = 15, .box_h = 15, .ofs_x = 0, .ofs_y = -2},
    {.bitmap_index = 19820, .adv_w = 240, .box_w = 15, .box_h = 16, .ofs_x = 0, .ofs_y = -2},
    {.bitmap_index = 19940, .adv_w = 240, .box_w = 15, .box_h = 14, .ofs_x = 0, .ofs_y = -1},
    {.bitmap_index = 20045, .adv_w = 240, .box_w = 15, .box_h = 15, .ofs_x = 0, .ofs_y = -2},
    {.bitmap_index = 20158, .adv_w = 240, .box_w = 15, .box_h = 15, .ofs_x = 0, .ofs_y = -2},
    {.bitmap_index = 20271, .adv_w = 240, .box_w = 15, .box_h = 15, .ofs_x = 0, .ofs_y = -2},
    {.bitmap_index = 20384, .adv_w = 240, .box_w = 15, .box_h = 14, .ofs_x = 0, .ofs_y = -1},
    {.bitmap_index = 20489, .adv_w = 240, .box_w = 15, .box_h = 15, .ofs_x = 0, .ofs_y = -2},
    {.bitmap_index = 20602, .adv_w = 240, .box_w = 15, .box_h = 15, .ofs_x = 0, .ofs_y = -1},
    {.bitmap_index = 20715, .adv_w = 240, .box_w = 15, .box_h = 15, .ofs_x = 0, .ofs_y = -2},
    {.bitmap_index = 20828, .adv_w = 240, .box_w = 15, .box_h = 15, .ofs_x = 0, .ofs_y = -2},
    {.bitmap_index = 20941, .adv_w = 240, .box_w = 15, .box_h = 16, .ofs_x = 0, .ofs_y = -2},
    {.bitmap_index = 21061, .adv_w = 240, .box_w = 15, .box_h = 14, .ofs_x = 0, .ofs_y = -1},
    {.bitmap_index = 21166, .adv_w = 240, .box_w = 14, .box_h = 16, .ofs_x = 1, .ofs_y = -2},
    {.bitmap_index = 21278, .adv_w = 240, .box_w = 15, .box_h = 15, .ofs_x = 0, .ofs_y = -2},
    {.bitmap_index = 21391, .adv_w = 240, .box_w = 15, .box_h = 15, .ofs_x = 0, .ofs_y = -2},
    {.bitmap_index = 21504, .adv_w = 240, .box_w = 15, .box_h = 15, .ofs_x = 0, .ofs_y = -2},
    {.bitmap_index = 21617, .adv_w = 240, .box_w = 15, .box_h = 14, .ofs_x = 0, .ofs_y = -1},
    {.bitmap_index = 21722, .adv_w = 240, .box_w = 15, .box_h = 16, .ofs_x = 0, .ofs_y = -2},
    {.bitmap_index = 21842, .adv_w = 240, .box_w = 15, .box_h = 15, .ofs_x = 0, .ofs_y = -2},
    {.bitmap_index = 21955, .adv_w = 240, .box_w = 15, .box_h = 15, .ofs_x = 0, .ofs_y = -2},
    {.bitmap_index = 22068, .adv_w = 240, .box_w = 11, .box_h = 13, .ofs_x = 2, .ofs_y = -1},
    {.bitmap_index = 22140, .adv_w = 240, .box_w = 15, .box_h = 13, .ofs_x = 0, .ofs_y = -1},
    {.bitmap_index = 22238, .adv_w = 240, .box_w = 14, .box_h = 15, .ofs_x = 1, .ofs_y = -2},
    {.bitmap_index = 22343, .adv_w = 240, .box_w = 13, .box_h = 14, .ofs_x = 1, .ofs_y = -2},
    {.bitmap_index = 22434, .adv_w = 240, .box_w = 14, .box_h = 14, .ofs_x = 1, .ofs_y = -1},
    {.bitmap_index = 22532, .adv_w = 240, .box_w = 15, .box_h = 14, .ofs_x = 0, .ofs_y = -2},
    {.bitmap_index = 22637, .adv_w = 240, .box_w = 14, .box_h = 15, .ofs_x = 1, .ofs_y = -2},
    {.bitmap_index = 22742, .adv_w = 240, .box_w = 15, .box_h = 14, .ofs_x = 0, .ofs_y = -2},
    {.bitmap_index = 22847, .adv_w = 240, .box_w = 15, .box_h = 13, .ofs_x = 0, .ofs_y = -1},
    {.bitmap_index = 22945, .adv_w = 240, .box_w = 14, .box_h = 14, .ofs_x = 0, .ofs_y = -1},
    {.bitmap_index = 23043, .adv_w = 240, .box_w = 14, .box_h = 15, .ofs_x = 1, .ofs_y = -2},
    {.bitmap_index = 23148, .adv_w = 240, .box_w = 13, .box_h = 14, .ofs_x = 1, .ofs_y = -1},
    {.bitmap_index = 23239, .adv_w = 240, .box_w = 15, .box_h = 14, .ofs_x = 0, .ofs_y = -2},
    {.bitmap_index = 23344, .adv_w = 240, .box_w = 15, .box_h = 14, .ofs_x = 0, .ofs_y = -1},
    {.bitmap_index = 23449, .adv_w = 240, .box_w = 15, .box_h = 13, .ofs_x = 0, .ofs_y = -1},
    {.bitmap_index = 23547, .adv_w = 240, .box_w = 15, .box_h = 14, .ofs_x = 0, .ofs_y = -1},
    {.bitmap_index = 23652, .adv_w = 240, .box_w = 15, .box_h = 14, .ofs_x = 0, .ofs_y = -1},
    {.bitmap_index = 23757, .adv_w = 240, .box_w = 15, .box_h = 14, .ofs_x = 0, .ofs_y = -1},
    {.bitmap_index = 23862, .adv_w = 240, .box_w = 15, .box_h = 14, .ofs_x = 0, .ofs_y = -1},
    {.bitmap_index = 23967, .adv_w = 240, .box_w = 15, .box_h = 16, .ofs_x = 0, .ofs_y = -2},
    {.bitmap_index = 24087, .adv_w = 240, .box_w = 15, .box_h = 14, .ofs_x = 0, .ofs_y = -1},
    {.bitmap_index = 24192, .adv_w = 240, .box_w = 15, .box_h = 14, .ofs_x = 0, .ofs_y = -1},
    {.bitmap_index = 24297, .adv_w = 240, .box_w = 15, .box_h = 14, .ofs_x = 0, .ofs_y = -1},
    {.bitmap_index = 24402, .adv_w = 240, .box_w = 15, .box_h = 15, .ofs_x = 0, .ofs_y = -2},
    {.bitmap_index = 24515, .adv_w = 240, .box_w = 15, .box_h = 14, .ofs_x = 0, .ofs_y = -1},
    {.bitmap_index = 24620, .adv_w = 240, .box_w = 15, .box_h = 15, .ofs_x = 0, .ofs_y = -1},
    {.bitmap_index = 24733, .adv_w = 240, .box_w = 15, .box_h = 14, .ofs_x = 0, .ofs_y = -1},
    {.bitmap_index = 24838, .adv_w = 240, .box_w = 15, .box_h = 15, .ofs_x = 0, .ofs_y = -2},
    {.bitmap_index = 24951, .adv_w = 240, .box_w = 15, .box_h = 15, .ofs_x = 0, .ofs_y = -2},
    {.bitmap_index = 25064, .adv_w = 240, .box_w = 16, .box_h = 15, .ofs_x = 0, .ofs_y = -2},
    {.bitmap_index = 25184, .adv_w = 240, .box_w = 15, .box_h = 13, .ofs_x = 0, .ofs_y = -1},
    {.bitmap_index = 25282, .adv_w = 240, .box_w = 15, .box_h = 15, .ofs_x = 0, .ofs_y = -2},
    {.bitmap_index = 25395, .adv_w = 240, .box_w = 15, .box_h = 15, .ofs_x = 0, .ofs_y = -2},
    {.bitmap_index = 25508, .adv_w = 240, .box_w = 15, .box_h = 14, .ofs_x = 0, .ofs_y = -1},
    {.bitmap_index = 25613, .adv_w = 240, .box_w = 15, .box_h = 15, .ofs_x = 0, .ofs_y = -2},
    {.bitmap_index = 25726, .adv_w = 240, .box_w = 15, .box_h = 14, .ofs_x = 0, .ofs_y = -1},
    {.bitmap_index = 25831, .adv_w = 240, .box_w = 15, .box_h = 15, .ofs_x = 0, .ofs_y = -2},
    {.bitmap_index = 25944, .adv_w = 240, .box_w = 15, .box_h = 15, .ofs_x = 0, .ofs_y = -2},
    {.bitmap_index = 26057, .adv_w = 240, .box_w = 15, .box_h = 14, .ofs_x = 0, .ofs_y = -1},
    {.bitmap_index = 26162, .adv_w = 240, .box_w = 15, .box_h = 14, .ofs_x = 0, .ofs_y = -1},
    {.bitmap_index = 26267, .adv_w = 240, .box_w = 15, .box_h = 14, .ofs_x = 0, .ofs_y = -1},
    {.bitmap_index = 26372, .adv_w = 240, .box_w = 15, .box_h = 15, .ofs_x = 0, .ofs_y = -2},
    {.bitmap_index = 26485, .adv_w = 240, .box_w = 15, .box_h = 14, .ofs_x = 0, .ofs_y = -1},
    {.bitmap_index = 26590, .adv_w = 240, .box_w = 15, .box_h = 15, .ofs_x = 0, .ofs_y = -2},
    {.bitmap_index = 26703, .adv_w = 240, .box_w = 15, .box_h = 15, .ofs_x = 0, .ofs_y = -2},
    {.bitmap_index = 26816, .adv_w = 240, .box_w = 15, .box_h = 15, .ofs_x = 0, .ofs_y = -2},
    {.bitmap_index = 26929, .adv_w = 240, .box_w = 14, .box_h = 15, .ofs_x = 0, .ofs_y = -2},
    {.bitmap_index = 27034, .adv_w = 240, .box_w = 15, .box_h = 15, .ofs_x = 0, .ofs_y = -2},
    {.bitmap_index = 27147, .adv_w = 240, .box_w = 15, .box_h = 16, .ofs_x = 0, .ofs_y = -2},
    {.bitmap_index = 27267, .adv_w = 240, .box_w = 15, .box_h = 15, .ofs_x = 0, .ofs_y = -2},
    {.bitmap_index = 27380, .adv_w = 240, .box_w = 15, .box_h = 14, .ofs_x = 0, .ofs_y = -1},
    {.bitmap_index = 27485, .adv_w = 240, .box_w = 15, .box_h = 14, .ofs_x = 0, .ofs_y = -1},
    {.bitmap_index = 27590, .adv_w = 240, .box_w = 15, .box_h = 14, .ofs_x = 0, .ofs_y = -2},
    {.bitmap_index = 27695, .adv_w = 240, .box_w = 15, .box_h = 15, .ofs_x = 0, .ofs_y = -2},
    {.bitmap_index = 27808, .adv_w = 240, .box_w = 15, .box_h = 15, .ofs_x = 0, .ofs_y = -2},
    {.bitmap_index = 27921, .adv_w = 240, .box_w = 15, .box_h = 15, .ofs_x = 0, .ofs_y = -2},
    {.bitmap_index = 28034, .adv_w = 240, .box_w = 15, .box_h = 14, .ofs_x = 0, .ofs_y = -1},
    {.bitmap_index = 28139, .adv_w = 240, .box_w = 14, .box_h = 14, .ofs_x = 0, .ofs_y = -2},
    {.bitmap_index = 28237, .adv_w = 240, .box_w = 14, .box_h = 14, .ofs_x = 1, .ofs_y = -1},
    {.bitmap_index = 28335, .adv_w = 240, .box_w = 15, .box_h = 14, .ofs_x = 0, .ofs_y = -2},
    {.bitmap_index = 28440, .adv_w = 240, .box_w = 13, .box_h = 14, .ofs_x = 1, .ofs_y = -1},
    {.bitmap_index = 28531, .adv_w = 240, .box_w = 14, .box_h = 14, .ofs_x = 1, .ofs_y = -1},
    {.bitmap_index = 28629, .adv_w = 240, .box_w = 11, .box_h = 14, .ofs_x = 2, .ofs_y = -1},
    {.bitmap_index = 28706, .adv_w = 240, .box_w = 13, .box_h = 15, .ofs_x = 1, .ofs_y = -2},
    {.bitmap_index = 28804, .adv_w = 240, .box_w = 11, .box_h = 13, .ofs_x = 2, .ofs_y = -1},
    {.bitmap_index = 28876, .adv_w = 240, .box_w = 15, .box_h = 14, .ofs_x = 0, .ofs_y = -1},
    {.bitmap_index = 28981, .adv_w = 240, .box_w = 15, .box_h = 15, .ofs_x = 0, .ofs_y = -2},
    {.bitmap_index = 29094, .adv_w = 240, .box_w = 14, .box_h = 15, .ofs_x = 0, .ofs_y = -2},
    {.bitmap_index = 29199, .adv_w = 240, .box_w = 15, .box_h = 14, .ofs_x = 0, .ofs_y = -2},
    {.bitmap_index = 29304, .adv_w = 240, .box_w = 14, .box_h = 14, .ofs_x = 1, .ofs_y = -1},
    {.bitmap_index = 29402, .adv_w = 240, .box_w = 15, .box_h = 15, .ofs_x = 0, .ofs_y = -2},
    {.bitmap_index = 29515, .adv_w = 240, .box_w = 15, .box_h = 14, .ofs_x = 0, .ofs_y = -1},
    {.bitmap_index = 29620, .adv_w = 240, .box_w = 15, .box_h = 14, .ofs_x = 0, .ofs_y = -1},
    {.bitmap_index = 29725, .adv_w = 240, .box_w = 15, .box_h = 14, .ofs_x = 0, .ofs_y = -1},
    {.bitmap_index = 29830, .adv_w = 240, .box_w = 15, .box_h = 14, .ofs_x = 0, .ofs_y = -1},
    {.bitmap_index = 29935, .adv_w = 240, .box_w = 15, .box_h = 15, .ofs_x = 0, .ofs_y = -2},
    {.bitmap_index = 30048, .adv_w = 240, .box_w = 15, .box_h = 14, .ofs_x = 0, .ofs_y = -1},
    {.bitmap_index = 30153, .adv_w = 240, .box_w = 15, .box_h = 14, .ofs_x = 0, .ofs_y = -1},
    {.bitmap_index = 30258, .adv_w = 240, .box_w = 15, .box_h = 16, .ofs_x = 0, .ofs_y = -2},
    {.bitmap_index = 30378, .adv_w = 240, .box_w = 15, .box_h = 14, .ofs_x = 0, .ofs_y = -1},
    {.bitmap_index = 30483, .adv_w = 240, .box_w = 15, .box_h = 14, .ofs_x = 0, .ofs_y = -1},
    {.bitmap_index = 30588, .adv_w = 240, .box_w = 15, .box_h = 15, .ofs_x = 0, .ofs_y = -2},
    {.bitmap_index = 30701, .adv_w = 240, .box_w = 15, .box_h = 14, .ofs_x = 0, .ofs_y = -1},
    {.bitmap_index = 30806, .adv_w = 240, .box_w = 15, .box_h = 14, .ofs_x = 0, .ofs_y = -1},
    {.bitmap_index = 30911, .adv_w = 240, .box_w = 15, .box_h = 14, .ofs_x = 0, .ofs_y = -1},
    {.bitmap_index = 31016, .adv_w = 240, .box_w = 15, .box_h = 15, .ofs_x = 0, .ofs_y = -2},
    {.bitmap_index = 31129, .adv_w = 240, .box_w = 15, .box_h = 15, .ofs_x = 0, .ofs_y = -1},
    {.bitmap_index = 31242, .adv_w = 240, .box_w = 15, .box_h = 15, .ofs_x = 0, .ofs_y = -2},
    {.bitmap_index = 31355, .adv_w = 240, .box_w = 15, .box_h = 14, .ofs_x = 0, .ofs_y = -1},
    {.bitmap_index = 31460, .adv_w = 240, .box_w = 14, .box_h = 15, .ofs_x = 0, .ofs_y = -2},
    {.bitmap_index = 31565, .adv_w = 240, .box_w = 15, .box_h = 14, .ofs_x = 0, .ofs_y = -1},
    {.bitmap_index = 31670, .adv_w = 240, .box_w = 15, .box_h = 13, .ofs_x = 0, .ofs_y = -1},
    {.bitmap_index = 31768, .adv_w = 240, .box_w = 15, .box_h = 14, .ofs_x = 0, .ofs_y = -1},
    {.bitmap_index = 31873, .adv_w = 240, .box_w = 15, .box_h = 15, .ofs_x = 0, .ofs_y = -2},
    {.bitmap_index = 31986, .adv_w = 240, .box_w = 15, .box_h = 14, .ofs_x = 0, .ofs_y = -1},
    {.bitmap_index = 32091, .adv_w = 240, .box_w = 15, .box_h = 15, .ofs_x = 0, .ofs_y = -1},
    {.bitmap_index = 32204, .adv_w = 240, .box_w = 11, .box_h = 14, .ofs_x = 2, .ofs_y = -1},
    {.bitmap_index = 32281, .adv_w = 240, .box_w = 15, .box_h = 15, .ofs_x = 0, .ofs_y = -2},
    {.bitmap_index = 32394, .adv_w = 240, .box_w = 15, .box_h = 14, .ofs_x = 0, .ofs_y = -1},
    {.bitmap_index = 32499, .adv_w = 240, .box_w = 15, .box_h = 14, .ofs_x = 0, .ofs_y = -1},
    {.bitmap_index = 32604, .adv_w = 240, .box_w = 15, .box_h = 14, .ofs_x = 0, .ofs_y = -1},
    {.bitmap_index = 32709, .adv_w = 240, .box_w = 15, .box_h = 15, .ofs_x = 0, .ofs_y = -2},
    {.bitmap_index = 32822, .adv_w = 240, .box_w = 15, .box_h = 14, .ofs_x = 0, .ofs_y = -1},
    {.bitmap_index = 32927, .adv_w = 240, .box_w = 15, .box_h = 15, .ofs_x = 0, .ofs_y = -2},
    {.bitmap_index = 33040, .adv_w = 240, .box_w = 15, .box_h = 14, .ofs_x = 0, .ofs_y = -2},
    {.bitmap_index = 33145, .adv_w = 240, .box_w = 15, .box_h = 14, .ofs_x = 0, .ofs_y = -2},
    {.bitmap_index = 33250, .adv_w = 240, .box_w = 15, .box_h = 15, .ofs_x = 0, .ofs_y = -2},
    {.bitmap_index = 33363, .adv_w = 240, .box_w = 15, .box_h = 15, .ofs_x = 0, .ofs_y = -2},
    {.bitmap_index = 33476, .adv_w = 240, .box_w = 14, .box_h = 15, .ofs_x = 0, .ofs_y = -2},
    {.bitmap_index = 33581, .adv_w = 240, .box_w = 15, .box_h = 15, .ofs_x = 0, .ofs_y = -2},
    {.bitmap_index = 33694, .adv_w = 240, .box_w = 15, .box_h = 15, .ofs_x = 0, .ofs_y = -2},
    {.bitmap_index = 33807, .adv_w = 240, .box_w = 15, .box_h = 15, .ofs_x = 0, .ofs_y = -2},
    {.bitmap_index = 33920, .adv_w = 240, .box_w = 15, .box_h = 15, .ofs_x = 0, .ofs_y = -2},
    {.bitmap_index = 34033, .adv_w = 240, .box_w = 15, .box_h = 14, .ofs_x = 0, .ofs_y = -1},
    {.bitmap_index = 34138, .adv_w = 240, .box_w = 15, .box_h = 15, .ofs_x = 0, .ofs_y = -2},
    {.bitmap_index = 34251, .adv_w = 240, .box_w = 15, .box_h = 14, .ofs_x = 0, .ofs_y = -1},
    {.bitmap_index = 34356, .adv_w = 240, .box_w = 15, .box_h = 15, .ofs_x = 0, .ofs_y = -2},
    {.bitmap_index = 34469, .adv_w = 240, .box_w = 14, .box_h = 15, .ofs_x = 0, .ofs_y = -2},
    {.bitmap_index = 34574, .adv_w = 240, .box_w = 15, .box_h = 15, .ofs_x = 0, .ofs_y = -2},
    {.bitmap_index = 34687, .adv_w = 240, .box_w = 15, .box_h = 15, .ofs_x = 0, .ofs_y = -2},
    {.bitmap_index = 34800, .adv_w = 240, .box_w = 15, .box_h = 15, .ofs_x = 0, .ofs_y = -2},
    {.bitmap_index = 34913, .adv_w = 240, .box_w = 15, .box_h = 15, .ofs_x = 0, .ofs_y = -2},
    {.bitmap_index = 35026, .adv_w = 240, .box_w = 15, .box_h = 14, .ofs_x = 0, .ofs_y = -1},
    {.bitmap_index = 35131, .adv_w = 240, .box_w = 15, .box_h = 14, .ofs_x = 0, .ofs_y = -2},
    {.bitmap_index = 35236, .adv_w = 240, .box_w = 15, .box_h = 14, .ofs_x = 0, .ofs_y = -1},
    {.bitmap_index = 35341, .adv_w = 240, .box_w = 15, .box_h = 14, .ofs_x = 0, .ofs_y = -1},
    {.bitmap_index = 35446, .adv_w = 240, .box_w = 15, .box_h = 14, .ofs_x = 0, .ofs_y = -1},
    {.bitmap_index = 35551, .adv_w = 240, .box_w = 15, .box_h = 15, .ofs_x = 0, .ofs_y = -2},
    {.bitmap_index = 35664, .adv_w = 240, .box_w = 15, .box_h = 15, .ofs_x = 0, .ofs_y = -2},
    {.bitmap_index = 35777, .adv_w = 240, .box_w = 15, .box_h = 16, .ofs_x = 0, .ofs_y = -2},
    {.bitmap_index = 35897, .adv_w = 240, .box_w = 15, .box_h = 16, .ofs_x = 0, .ofs_y = -2},
    {.bitmap_index = 36017, .adv_w = 240, .box_w = 15, .box_h = 15, .ofs_x = 0, .ofs_y = -2},
    {.bitmap_index = 36130, .adv_w = 240, .box_w = 15, .box_h = 15, .ofs_x = 0, .ofs_y = -2},
    {.bitmap_index = 36243, .adv_w = 240, .box_w = 15, .box_h = 14, .ofs_x = 0, .ofs_y = -1},
    {.bitmap_index = 36348, .adv_w = 240, .box_w = 15, .box_h = 15, .ofs_x = 0, .ofs_y = -2},
    {.bitmap_index = 36461, .adv_w = 240, .box_w = 15, .box_h = 15, .ofs_x = 0, .ofs_y = -2},
    {.bitmap_index = 36574, .adv_w = 240, .box_w = 15, .box_h = 15, .ofs_x = 0, .ofs_y = -2},
    {.bitmap_index = 36687, .adv_w = 240, .box_w = 15, .box_h = 15, .ofs_x = 0, .ofs_y = -2},
    {.bitmap_index = 36800, .adv_w = 240, .box_w = 15, .box_h = 15, .ofs_x = 0, .ofs_y = -2},
    {.bitmap_index = 36913, .adv_w = 240, .box_w = 15, .box_h = 15, .ofs_x = 0, .ofs_y = -2},
    {.bitmap_index = 37026, .adv_w = 240, .box_w = 15, .box_h = 15, .ofs_x = 0, .ofs_y = -2},
    {.bitmap_index = 37139, .adv_w = 240, .box_w = 15, .box_h = 15, .ofs_x = 0, .ofs_y = -2},
    {.bitmap_index = 37252, .adv_w = 240, .box_w = 15, .box_h = 15, .ofs_x = 0, .ofs_y = -2},
    {.bitmap_index = 37365, .adv_w = 240, .box_w = 15, .box_h = 15, .ofs_x = 0, .ofs_y = -2},
    {.bitmap_index = 37478, .adv_w = 240, .box_w = 15, .box_h = 15, .ofs_x = 0, .ofs_y = -2},
    {.bitmap_index = 37591, .adv_w = 240, .box_w = 15, .box_h = 15, .ofs_x = 0, .ofs_y = -2},
    {.bitmap_index = 37704, .adv_w = 240, .box_w = 15, .box_h = 15, .ofs_x = 0, .ofs_y = -2},
    {.bitmap_index = 37817, .adv_w = 240, .box_w = 15, .box_h = 15, .ofs_x = 0, .ofs_y = -2},
    {.bitmap_index = 37930, .adv_w = 240, .box_w = 15, .box_h = 13, .ofs_x = 0, .ofs_y = -1},
    {.bitmap_index = 38028, .adv_w = 240, .box_w = 15, .box_h = 14, .ofs_x = 0, .ofs_y = -1},
    {.bitmap_index = 38133, .adv_w = 240, .box_w = 15, .box_h = 13, .ofs_x = 0, .ofs_y = -1},
    {.bitmap_index = 38231, .adv_w = 240, .box_w = 15, .box_h = 14, .ofs_x = 0, .ofs_y = -1},
    {.bitmap_index = 38336, .adv_w = 240, .box_w = 15, .box_h = 14, .ofs_x = 0, .ofs_y = -1},
    {.bitmap_index = 38441, .adv_w = 240, .box_w = 15, .box_h = 15, .ofs_x = 0, .ofs_y = -2},
    {.bitmap_index = 38554, .adv_w = 240, .box_w = 15, .box_h = 14, .ofs_x = 0, .ofs_y = -1},
    {.bitmap_index = 38659, .adv_w = 240, .box_w = 15, .box_h = 14, .ofs_x = 0, .ofs_y = -1},
    {.bitmap_index = 38764, .adv_w = 240, .box_w = 15, .box_h = 14, .ofs_x = 0, .ofs_y = -1},
    {.bitmap_index = 38869, .adv_w = 240, .box_w = 13, .box_h = 14, .ofs_x = 1, .ofs_y = -1},
    {.bitmap_index = 38960, .adv_w = 240, .box_w = 14, .box_h = 15, .ofs_x = 1, .ofs_y = -2},
    {.bitmap_index = 39065, .adv_w = 240, .box_w = 14, .box_h = 15, .ofs_x = 1, .ofs_y = -2},
    {.bitmap_index = 39170, .adv_w = 240, .box_w = 14, .box_h = 15, .ofs_x = 1, .ofs_y = -2},
    {.bitmap_index = 39275, .adv_w = 240, .box_w = 14, .box_h = 15, .ofs_x = 1, .ofs_y = -2},
    {.bitmap_index = 39380, .adv_w = 240, .box_w = 15, .box_h = 14, .ofs_x = 0, .ofs_y = -1},
    {.bitmap_index = 39485, .adv_w = 240, .box_w = 15, .box_h = 14, .ofs_x = 0, .ofs_y = -2},
    {.bitmap_index = 39590, .adv_w = 240, .box_w = 15, .box_h = 14, .ofs_x = 0, .ofs_y = -1},
    {.bitmap_index = 39695, .adv_w = 240, .box_w = 15, .box_h = 15, .ofs_x = 0, .ofs_y = -1},
    {.bitmap_index = 39808, .adv_w = 240, .box_w = 15, .box_h = 13, .ofs_x = 0, .ofs_y = -1},
    {.bitmap_index = 39906, .adv_w = 240, .box_w = 15, .box_h = 14, .ofs_x = 0, .ofs_y = -2},
    {.bitmap_index = 40011, .adv_w = 240, .box_w = 15, .box_h = 14, .ofs_x = 0, .ofs_y = -2},
    {.bitmap_index = 40116, .adv_w = 240, .box_w = 14, .box_h = 15, .ofs_x = 0, .ofs_y = -2},
    {.bitmap_index = 40221, .adv_w = 240, .box_w = 15, .box_h = 15, .ofs_x = 0, .ofs_y = -2},
    {.bitmap_index = 40334, .adv_w = 240, .box_w = 15, .box_h = 15, .ofs_x = 0, .ofs_y = -2},
    {.bitmap_index = 40447, .adv_w = 240, .box_w = 15, .box_h = 15, .ofs_x = 0, .ofs_y = -2},
    {.bitmap_index = 40560, .adv_w = 240, .box_w = 15, .box_h = 15, .ofs_x = 0, .ofs_y = -2},
    {.bitmap_index = 40673, .adv_w = 240, .box_w = 15, .box_h = 14, .ofs_x = 0, .ofs_y = -2},
    {.bitmap_index = 40778, .adv_w = 240, .box_w = 15, .box_h = 14, .ofs_x = 0, .ofs_y = -1},
    {.bitmap_index = 40883, .adv_w = 240, .box_w = 15, .box_h = 15, .ofs_x = 0, .ofs_y = -2},
    {.bitmap_index = 40996, .adv_w = 240, .box_w = 15, .box_h = 15, .ofs_x = 0, .ofs_y = -2},
    {.bitmap_index = 41109, .adv_w = 240, .box_w = 15, .box_h = 14, .ofs_x = 0, .ofs_y = -1},
    {.bitmap_index = 41214, .adv_w = 240, .box_w = 15, .box_h = 15, .ofs_x = 0, .ofs_y = -2},
    {.bitmap_index = 41327, .adv_w = 240, .box_w = 15, .box_h = 14, .ofs_x = 0, .ofs_y = -1},
    {.bitmap_index = 41432, .adv_w = 240, .box_w = 15, .box_h = 15, .ofs_x = 0, .ofs_y = -1},
    {.bitmap_index = 41545, .adv_w = 240, .box_w = 4, .box_h = 6, .ofs_x = 2, .ofs_y = -2},
    {.bitmap_index = 41557, .adv_w = 240, .box_w = 4, .box_h = 11, .ofs_x = 2, .ofs_y = -1},
    {.bitmap_index = 41579, .adv_w = 240, .box_w = 4, .box_h = 13, .ofs_x = 2, .ofs_y = -3}
};

/*---------------------
 *  CHARACTER MAPPING
 *--------------------*/

static const uint16_t unicode_list_1[] = {
    0x0, 0x1f5d, 0x2103, 0x21ac, 0x224b, 0x225e, 0x2336, 0x2337,
    0x24ff, 0x2512, 0x2515, 0x25b3, 0x25b4, 0x25e2, 0x2f4a, 0x2f4b,
    0x4d49, 0x4d53, 0x4d54, 0x4d56, 0x4d57, 0x4d5c, 0x4d65, 0x4d73,
    0x4d76, 0x4d83, 0x4d84, 0x4dd2, 0x4dd5, 0x4dd7, 0x4df4, 0x4df5,
    0x4df7, 0x4e03, 0x4e13, 0x4e17, 0x4e2e, 0x4e61, 0x4e63, 0x4e8f,
    0x4e96, 0x4e97, 0x4ea5, 0x4ea9, 0x4ef0, 0x4f26, 0x4f2a, 0x4f62,
    0x4f90, 0x4f98, 0x4fa3, 0x4fa5, 0x5091, 0x5092, 0x5094, 0x50ae,
    0x50b1, 0x50b5, 0x50ba, 0x50bc, 0x50ce, 0x50d6, 0x50fc, 0x5100,
    0x514f, 0x5150, 0x5160, 0x5179, 0x517f, 0x5180, 0x5184, 0x5196,
    0x51e8, 0x51f1, 0x5283, 0x529e, 0x52a9, 0x52aa, 0x52d4, 0x5313,
    0x531a, 0x5321, 0x532c, 0x5333, 0x5338, 0x5339, 0x533c, 0x5351,
    0x5355, 0x5357, 0x5374, 0x5375, 0x53d5, 0x55b1, 0x5627, 0x563d,
    0x5643, 0x5647, 0x564f, 0x5671, 0x5679, 0x5683, 0x56d4, 0x5728,
    0x57cc, 0x5839, 0x5850, 0x5856, 0x585f, 0x5863, 0x5865, 0x5872,
    0x587a, 0x5898, 0x58bc, 0x58c6, 0x5914, 0x5ad2, 0x5ad5, 0x5ae3,
    0x5ae7, 0x5b02, 0x5b0f, 0x5b28, 0x5b45, 0x5b4a, 0x5b58, 0x5b86,
    0x5b89, 0x5b8b, 0x5b9e, 0x5d2e, 0x5d2f, 0x5d3b, 0x5d4c, 0x5d81,
    0x5dc8, 0x5dd8, 0x5ddc, 0x5dde, 0x5def, 0x5e49, 0x5e58, 0x5e69,
    0x5e83, 0x5e9c, 0x5e9e, 0x5f0c, 0x5f34, 0x5f4a, 0x5f70, 0x5f84,
    0x5fb8, 0x603c, 0x6068, 0x60ab, 0x6159, 0x619c, 0x61b4, 0x61d3,
    0x6228, 0x624a, 0x6252, 0x625a, 0x62ab, 0x62b7, 0x62db, 0x62eb,
    0x62ee, 0x62f0, 0x62f1, 0x6318, 0x6365, 0x63f6, 0x647f, 0x6482,
    0x6487, 0x64b9, 0x64bd, 0x64e2, 0x64f9, 0x6502, 0x652e, 0x6532,
    0x653f, 0x6557, 0x6571, 0x6578, 0x65a3, 0x65b1, 0x65b8, 0x65c3,
    0x65df, 0x663b, 0x663d, 0x6648, 0x6649, 0x6675, 0x6683, 0x668b,
    0x66aa, 0x66cd, 0x66ff, 0x671d, 0x672e, 0x6750, 0x6758, 0x6780,
    0x6791, 0x696a, 0x6a6a, 0x6a95, 0x6aac, 0x6aae, 0x6afe, 0x6b0a,
    0x6b18, 0x6b5d, 0x6b64, 0x6c8a, 0x6c8e, 0x6d2a, 0x6d3a, 0x6d40,
    0x6d4e, 0x6d59, 0x6d6a, 0x7002, 0x7190, 0x7191, 0x71ff, 0x7235,
    0x72d0, 0x72f8, 0x72f9, 0x7304, 0x7336, 0x734c, 0x73cc, 0x7471,
    0x747e, 0x7495, 0x74a2, 0x74ae, 0x75c6, 0x75cd, 0x7637, 0x7654,
    0x7668, 0x77b7, 0x7883, 0x7904, 0x7944, 0x7956, 0x797c, 0x7988,
    0x7a14, 0x7a27, 0x7a9f, 0x7aea, 0x7c07, 0x7c44, 0x7c6b, 0x7df0,
    0x7e08, 0x7e18, 0x7e1c, 0x7e28, 0x7e30, 0x7e36, 0x7e3d, 0x7e5f,
    0x7e72, 0x7eb7, 0x7f60, 0x7f9d, 0x8015, 0x8046, 0x8133, 0x8173,
    0x81bb, 0x81cb, 0x8299, 0x8518, 0x8795, 0x87b1, 0x88ca, 0x890b,
    0x890f, 0x8912, 0x891b, 0x8aed, 0x8af2, 0x8b07, 0x8b08, 0x8b0a,
    0x8b0f, 0x8b1a, 0x8b3d, 0x8b4c, 0x8b51, 0x8c71, 0x8c7d, 0x8c8d,
    0x8d1a, 0x8d28, 0x8d38, 0x8eb7, 0x8ec4, 0x8ec6, 0x8eda, 0x8ef1,
    0x8f02, 0x8f07, 0x8f0a, 0x8f10, 0x8f19, 0x8f1a, 0x8f21, 0x8f22,
    0x8f24, 0x8f27, 0x8f40, 0x8f4b, 0x8f52, 0x8f58, 0x8f68, 0x8f84,
    0x8f9c, 0x9031, 0x9115, 0x9116, 0x9118, 0x911a, 0x93e8, 0x93f7,
    0x9425, 0x9449, 0x94c8, 0x953d, 0x9568, 0x957f, 0x9596, 0x95d8,
    0x960f, 0x9647, 0x969b, 0x96a2, 0x96ab, 0x97be, 0x97c2, 0x97c3,
    0x97cd, 0x97da, 0x97e1, 0x97e5, 0x9817, 0x98df, 0x99c4, 0x99d5,
    0x9a21, 0x9e0d, 0x9e21, 0x9e5c, 0xfe55, 0xfe63, 0xfe64
};

/*Collect the unicode lists and glyph_id offsets*/
static const lv_font_fmt_txt_cmap_t cmaps[] =
{
    {
        .range_start = 32, .range_length = 95, .glyph_id_start = 1,
        .unicode_list = NULL, .glyph_id_ofs_list = NULL, .list_length = 0, .type = LV_FONT_FMT_TXT_CMAP_FORMAT0_TINY
    },
    {
        .range_start = 183, .range_length = 65125, .glyph_id_start = 96,
        .unicode_list = unicode_list_1, .glyph_id_ofs_list = NULL, .list_length = 367, .type = LV_FONT_FMT_TXT_CMAP_SPARSE_TINY
    }
};

/*-----------------
 *    KERNING
 *----------------*/


/*Map glyph_ids to kern left classes*/
static const uint8_t kern_left_class_mapping[] =
{
    0, 0, 1, 2, 0, 3, 4, 5,
    2, 6, 7, 8, 9, 10, 9, 10,
    11, 12, 0, 13, 14, 15, 16, 17,
    18, 19, 12, 20, 20, 0, 0, 0,
    21, 22, 23, 24, 25, 22, 26, 27,
    28, 29, 29, 30, 31, 32, 29, 29,
    22, 33, 34, 35, 3, 36, 30, 37,
    37, 38, 39, 40, 41, 42, 43, 0,
    44, 0, 45, 46, 47, 48, 49, 50,
    51, 45, 52, 52, 53, 48, 45, 45,
    46, 46, 54, 55, 56, 57, 51, 58,
    58, 59, 58, 60, 41, 0, 0, 9,
    0, 0, 0, 0, 0, 0, 0, 0,
    0, 0, 0, 0, 0, 0, 0, 0,
    0, 0, 0, 0, 0, 0, 0, 0,
    0, 0, 0, 0, 0, 0, 0, 0,
    0, 0, 0, 0, 0, 0, 0, 0,
    0, 0, 0, 0, 0, 0, 0, 0,
    0, 0, 0, 0, 0, 0, 0, 0,
    0, 0, 0, 0, 0, 0, 0, 0,
    0, 0, 0, 0, 0, 0, 0, 0,
    0, 0, 0, 0, 0, 0, 0, 0,
    0, 0, 0, 0, 0, 0, 0, 0,
    0, 0, 0, 0, 0, 0, 0, 0,
    0, 0, 0, 0, 0, 0, 0, 0,
    0, 0, 0, 0, 0, 0, 0, 0,
    0, 0, 0, 0, 0, 0, 0, 0,
    0, 0, 0, 0, 0, 0, 0, 0,
    0, 0, 0, 0, 0, 0, 0, 0,
    0, 0, 0, 0, 0, 0, 0, 0,
    0, 0, 0, 0, 0, 0, 0, 0,
    0, 0, 0, 0, 0, 0, 0, 0,
    0, 0, 0, 0, 0, 0, 0, 0,
    0, 0, 0, 0, 0, 0, 0, 0,
    0, 0, 0, 0, 0, 0, 0, 0,
    0, 0, 0, 0, 0, 0, 0, 0,
    0, 0, 0, 0, 0, 0, 0, 0,
    0, 0, 0, 0, 0, 0, 0, 0,
    0, 0, 0, 0, 0, 0, 0, 0,
    0, 0, 0, 0, 0, 0, 0, 0,
    0, 0, 0, 0, 0, 0, 0, 0,
    0, 0, 0, 0, 0, 0, 0, 0,
    0, 0, 0, 0, 0, 0, 0, 0,
    0, 0, 0, 0, 0, 0, 0, 0,
    0, 0, 0, 0, 0, 0, 0, 0,
    0, 0, 0, 0, 0, 0, 0, 0,
    0, 0, 0, 0, 0, 0, 0, 0,
    0, 0, 0, 0, 0, 0, 0, 0,
    0, 0, 0, 0, 0, 0, 0, 0,
    0, 0, 0, 0, 0, 0, 0, 0,
    0, 0, 0, 0, 0, 0, 0, 0,
    0, 0, 0, 0, 0, 0, 0, 0,
    0, 0, 0, 0, 0, 0, 0, 0,
    0, 0, 0, 0, 0, 0, 0, 0,
    0, 0, 0, 0, 0, 0, 0, 0,
    0, 0, 0, 0, 0, 0, 0, 0,
    0, 0, 0, 0, 0, 0, 0, 0,
    0, 0, 0, 0, 0, 0, 0
};

/*Map glyph_ids to kern right classes*/
static const uint8_t kern_right_class_mapping[] =
{
    0, 0, 1, 2, 0, 3, 4, 5,
    2, 6, 7, 8, 9, 10, 9, 10,
    11, 12, 13, 14, 15, 16, 17, 12,
    18, 19, 20, 21, 21, 0, 0, 0,
    22, 23, 24, 25, 23, 25, 25, 25,
    23, 25, 25, 26, 25, 25, 25, 25,
    23, 25, 23, 25, 3, 27, 28, 29,
    29, 30, 31, 32, 33, 34, 35, 0,
    36, 0, 37, 38, 39, 39, 39, 40,
    39, 38, 41, 42, 38, 38, 43, 43,
    39, 43, 39, 43, 44, 45, 46, 47,
    47, 48, 49, 50, 0, 0, 35, 9,
    0, 0, 0, 0, 0, 0, 0, 0,
    0, 0, 0, 0, 0, 0, 0, 0,
    0, 0, 0, 0, 0, 0, 0, 0,
    0, 0, 0, 0, 0, 0, 0, 0,
    0, 0, 0, 0, 0, 0, 0, 0,
    0, 0, 0, 0, 0, 0, 0, 0,
    0, 0, 0, 0, 0, 0, 0, 0,
    0, 0, 0, 0, 0, 0, 0, 0,
    0, 0, 0, 0, 0, 0, 0, 0,
    0, 0, 0, 0, 0, 0, 0, 0,
    0, 0, 0, 0, 0, 0, 0, 0,
    0, 0, 0, 0, 0, 0, 0, 0,
    0, 0, 0, 0, 0, 0, 0, 0,
    0, 0, 0, 0, 0, 0, 0, 0,
    0, 0, 0, 0, 0, 0, 0, 0,
    0, 0, 0, 0, 0, 0, 0, 0,
    0, 0, 0, 0, 0, 0, 0, 0,
    0, 0, 0, 0, 0, 0, 0, 0,
    0, 0, 0, 0, 0, 0, 0, 0,
    0, 0, 0, 0, 0, 0, 0, 0,
    0, 0, 0, 0, 0, 0, 0, 0,
    0, 0, 0, 0, 0, 0, 0, 0,
    0, 0, 0, 0, 0, 0, 0, 0,
    0, 0, 0, 0, 0, 0, 0, 0,
    0, 0, 0, 0, 0, 0, 0, 0,
    0, 0, 0, 0, 0, 0, 0, 0,
    0, 0, 0, 0, 0, 0, 0, 0,
    0, 0, 0, 0, 0, 0, 0, 0,
    0, 0, 0, 0, 0, 0, 0, 0,
    0, 0, 0, 0, 0, 0, 0, 0,
    0, 0, 0, 0, 0, 0, 0, 0,
    0, 0, 0, 0, 0, 0, 0, 0,
    0, 0, 0, 0, 0, 0, 0, 0,
    0, 0, 0, 0, 0, 0, 0, 0,
    0, 0, 0, 0, 0, 0, 0, 0,
    0, 0, 0, 0, 0, 0, 0, 0,
    0, 0, 0, 0, 0, 0, 0, 0,
    0, 0, 0, 0, 0, 0, 0, 0,
    0, 0, 0, 0, 0, 0, 0, 0,
    0, 0, 0, 0, 0, 0, 0, 0,
    0, 0, 0, 0, 0, 0, 0, 0,
    0, 0, 0, 0, 0, 0, 0, 0,
    0, 0, 0, 0, 0, 0, 0, 0,
    0, 0, 0, 0, 0, 0, 0, 0,
    0, 0, 0, 0, 0, 0, 0, 0,
    0, 0, 0, 0, 0, 0, 0
};

/*Kern values between classes*/
static const int8_t kern_class_values[] =
{
    0, 0, 0, 0, 0, 0, 0, 2,
    0, 0, 0, 0, 2, 0, 0, 0,
    0, 1, 0, 0, 0, 0, 0, 0,
    0, 6, 5, 0, 2, 0, 5, 0,
    0, 0, 0, 0, 0, 0, 0, 0,
    0, 0, 0, 0, 0, 0, 0, 0,
    0, 0, 0, 11, 0, 6, -5, 0,
    0, 5, 0, -13, -14, 1, 11, 5,
    4, -10, 1, 11, 0, 10, 2, 7,
    0, -10, 0, 0, 2, 0, 0, 0,
    0, 0, 0, 14, 2, -1, 0, 0,
    0, 0, 0, 0, 0, 0, 0, 0,
    0, 0, 0, 0, 0, -7, 0, 0,
    0, 0, 0, -5, 4, 5, 0, 0,
    -2, 0, -1, 2, 0, -2, 0, -2,
    -1, -5, 0, 0, 0, 0, -2, 0,
    0, -3, -4, 0, 0, -2, 0, -5,
    0, 0, 0, 0, 0, 0, 0, 0,
    0, 0, -2, -2, -2, 0, 0, -6,
    0, -30, 0, 0, -5, -12, 5, 7,
    0, 0, -5, 2, 2, 8, 5, -4,
    5, 0, 0, -13, 0, 0, 0, 0,
    0, 0, 0, 0, 0, 0, 0, -8,
    0, 0, 2, 0, 6, 0, 0, 0,
    0, 0, 0, 0, 0, 0, 0, 0,
    -3, -11, 0, -10, -1, 0, 0, -7,
    0, 0, 8, 0, -7, -2, 0, 0,
    0, -4, 0, 0, -2, -17, 0, 2,
    0, 7, -6, 0, -5, 0, -10, 2,
    0, -19, -2, 7, 2, 0, 0, 0,
    0, 0, 0, 0, 2, 0, -4, 0,
    -4, 0, 0, 0, 0, 0, 0, 0,
    0, 0, 0, 0, 8, 0, 2, 0,
    0, -5, 0, 0, 0, 0, 0, 0,
    0, 0, 0, 0, -2, 0, 0, 0,
    0, 0, 0, 10, 2, 0, 0, 0,
    0, 0, 0, 23, 0, 0, 0, 0,
    0, 0, 0, 0, 0, 0, 0, 0,
    0, 0, 0, 0, 0, 0, 0, 0,
    0, 0, 0, 0, 0, 0, 0, 0,
    0, 0, 0, 0, 0, 0, -8, 0,
    0, 0, 0, 0, 0, 0, 0, 0,
    0, 0, 0, 0, 0, 0, 0, 0,
    0, 0, 0, 0, 0, 0, 2, 5,
    2, 7, -2, 0, 0, 5, -2, -8,
    -32, 1, 6, 5, 0, -3, 0, 7,
    0, 7, 0, 7, 0, -23, 0, -3,
    7, 0, 8, -2, 5, 2, 0, 0,
    0, -2, 0, 0, -4, 0, 0, 0,
    19, 0, 7, 0, 10, 4, 10, 4,
    0, 0, -4, -8, 0, 0, 0, -2,
    0, -2, 0, 1, -5, -4, -5, 1,
    0, -2, 0, 0, 0, -10, 1, -5,
    0, -5, -8, 0, -6, -5, -8, 0,
    0, -16, 0, 0, 0, 0, 2, 0,
    0, 0, 0, 0, 2, 0, -4, -6,
    -4, -3, 0, -13, 2, -16, 0, 0,
    0, -8, -2, 0, 23, -3, -4, 2,
    2, -1, 0, -4, 2, 0, 0, -13,
    -5, 8, 0, 13, -8, -2, -9, 0,
    -9, 4, 0, -23, 0, 2, 2, 0,
    -2, 0, 0, 2, 0, 0, -1, -2,
    -8, 0, -8, 0, 0, 14, -5, 0,
    -8, 0, 8, 0, -17, -23, -17, -5,
    7, 0, 0, -16, 0, 2, -6, 0,
    -4, 0, -5, -10, 0, -2, 7, 0,
    7, 0, 7, 0, 0, 5, 7, -29,
    -16, 0, -16, 0, 2, 0, -16, -16,
    -6, -16, -7, -13, -7, -16, 0, 1,
    0, 0, 0, 0, 0, 1, 1, -3,
    -5, 0, 0, 0, -2, 0, 0, -1,
    0, 0, 0, -5, 0, -2, 0, -6,
    -5, 0, -6, -8, -8, -4, 0, -5,
    0, -5, 0, 0, 0, 0, 0, -2,
    0, 0, 2, 0, 1, -2, 1, 0,
    0, 0, 0, 2, -1, 0, 0, 0,
    -1, 2, 2, 0, 0, 0, 0, -4,
    0, 0, 0, 0, 0, 0, 0, 0,
    0, 4, -1, 0, -3, 0, -4, 0,
    0, -1, 0, 7, 0, 0, -2, 0,
    0, 0, 0, 0, 0, 0, 0, -1,
    0, -1, 0, -2, 0, -2, 0, 0,
    0, 0, 0, 0, 0, 0, 0, -1,
    -1, 0, -2, -2, 0, 0, 0, 0,
    0, 0, 0, 0, -2, 0, -2, -2,
    -2, 0, 0, 0, 0, 0, 0, 0,
    0, 0, 0, -1, 0, 0, 0, 0,
    -2, -4, -2, 0, 0, -7, -1, -7,
    5, 0, 0, -5, 2, 5, 6, 0,
    -6, 0, -2, 0, 0, -11, 2, -1,
    2, -13, 2, 0, 0, 0, -12, 0,
    -13, -2, -21, -1, 0, -12, 0, 5,
    7, 0, 4, 0, 0, 0, 0, 0,
    0, 0, -5, -4, -5, 0, 0, 0,
    0, -2, 0, 0, 0, -2, 0, 0,
    0, 0, 0, -1, -1, 0, -1, -3,
    0, 0, 0, 0, 0, 0, 0, -2,
    -2, 0, -2, -3, -2, 0, 0, -2,
    0, 0, 0, 0, 0, 0, 0, 0,
    0, 0, 0, 0, -2, -2, -2, 0,
    0, -1, 0, -5, 2, 0, 0, -2,
    1, 2, 2, 0, 0, 0, 0, 0,
    0, -1, 0, 0, 0, 0, 0, 1,
    0, 0, -2, 0, -2, -1, -2, 0,
    0, 0, 0, 0, 0, 0, 2, 0,
    0, -2, 0, 0, 0, 0, -3, -4,
    -3, 0, 0, 7, -1, 0, -7, 0,
    0, 6, -12, -12, -10, -5, 2, 0,
    -2, -16, -4, 0, -4, 0, -5, 4,
    -4, -15, 0, -6, 0, 0, 1, 0,
    2, -1, 0, 2, 1, -7, -9, 0,
    -12, 0, 0, -5, -5, -7, -2, -6,
    0, -4, 0, -6, 0, 0, 0, -2,
    0, 0, 0, 1, 0, 2, 0, 0,
    0, 0, 0, 0, 0, 0, 0, 0,
    0, -2, 0, -1, 0, 0, -2, 0,
    -4, -5, -5, 0, 0, -7, 0, 0,
    0, 0, 0, 0, 0, -2, 0, 0,
    0, 0, 0, -2, 0, 0, 0, 2,
    0, 0, 0, 0, 0, 0, 0, 0,
    12, 0, 0, 0, 0, 0, 0, 1,
    0, 0, 0, -2, 0, 2, 0, 8,
    -2, 0, -6, -2, -9, 0, 0, -5,
    0, 2, 0, 0, 0, 0, 0, 0,
    0, 0, 2, 0, 1, -2, 1, 0,
    -1, 0, 0, 0, -4, 0, 0, 2,
    0, -12, -7, 0, 0, 0, -4, -12,
    0, 0, -2, 2, 0, -5, 0, -11,
    0, -7, 0, 0, -4, -5, -4, -2,
    -3, 0, 0, -4, 0, 0, -2, 0,
    0, 0, 0, 0, 0, 0, 2, 0,
    2, 0, 0, -4, 0, 0, 0, 0,
    2, 0, 1, -5, -5, 0, -2, -2,
    -3, 0, 0, 0, 0, 0, 0, -7,
    0, -2, 0, -4, -2, 0, -5, -6,
    -7, -2, 0, -5, 1, -7, 0, 0,
    0, 0, 0, 19, 0, 0, 1, 0,
    0, -4, 0, 0, 0, -10, 0, 0,
    0, 0, 0, -23, -5, 8, 7, -2,
    -10, 0, 2, -4, 0, -12, -1, -3,
    2, -17, -2, 4, 0, 4, -8, -4,
    -9, -8, -10, 0, 0, -14, 0, 13,
    0, 0, -1, 0, 0, 0, 0, -1,
    -1, -2, -6, -8, -6, 0, 0, 0,
    0, 0, 0, 0, 0, 0, 0, 0,
    0, 0, 0, 0, 0, 0, 0, 0,
    0, 0, 0, 0, 0, 0, 0, 0,
    -2, 0, -1, -2, -4, 0, 0, -5,
    0, -2, 0, 0, 0, 0, 0, 0,
    0, 0, 0, 0, 0, 0, 0, 0,
    0, 0, 0, 0, -5, 0, 0, 5,
    0, 3, 0, -5, 2, -1, 0, -5,
    -2, 0, -3, -2, -2, 0, -4, -4,
    0, 0, -2, 0, -1, -4, -2, 0,
    0, -2, 0, 2, -1, 0, -5, 0,
    0, 0, 0, -5, 0, -4, 0, -4,
    0, -4, 0, 0, 0, 0, 0, 0,
    0, 0, -5, 2, 0, -3, 0, -1,
    -2, -6, -1, -1, -1, 0, -1, -2,
    0, 0, 0, 0, 0, 0, -2, -2,
    -2, 0, 0, 0, 0, 2, -1, 0,
    -1, 0, 0, 0, 0, -1, -2, -1,
    -2, -2, -2, -2, 2, 10, 0, 0,
    -6, 0, -1, 5, 0, -2, -10, -3,
    4, 0, 0, -11, -4, 2, -4, 2,
    0, 0, -2, -7, 0, -4, 1, 0,
    0, -4, 0, 0, 0, 2, 2, -5,
    -4, 0, -4, 0, 0, -4, -2, -2,
    0, -4, 1, -4, 1, -4, 0, 0,
    0, 0, 0, 0, 0, 0, 0, 2,
    0, 0, 0, 0, 0, 0, 0, 0,
    0, 0, 0, 0, 0, 0, 0, 0,
    0, 0, 0, 0, 0, 0, 0, -4,
    0, 0, 0, 0, 0, 0, 0, 0,
    0, 0, 0, 0, 0, 0, 0, 0,
    0, 0, 0, 0, 0, 0, 0, 0,
    0, 0, 0, 0, 0, 0, 0, 0,
    0, 0, 0, 0, 0, 0, 0, 0,
    0, 0, 0, 0, -1, 0, 0, 0,
    0, 0, 0, 0, 0, 0, 0, 0,
    0, 0, 0, 0, 0, 0, 0, 0,
    0, 0, 0, 0, 0, 0, 0, 0,
    0, 0, 0, -2, -2, 0, 0, 0,
    0, 0, 0, 0, 0, 0, 0, 0,
    0, -4, 0, 0, -3, 0, 0, -2,
    -2, 0, 0, 0, 0, -2, 0, 0,
    0, 0, 0, -1, 0, 0, 0, 0,
    0, -1, 0, 0, 0, 0, -4, 0,
    -5, 0, 0, 0, -8, 0, 1, -5,
    5, 0, -1, -11, 0, 0, -5, -2,
    0, -10, -6, -7, 0, 0, -11, -2,
    -10, -10, -12, 0, -5, 0, 2, 16,
    -3, 0, -6, 0, 0, 0, -2, -4,
    -6, -4, -9, -10, -9, -6, 0, 0,
    -1, 0, 0, 0, 0, -17, -1, 7,
    5, -5, -8, 0, 0, -6, 0, -12,
    -1, -2, 5, -22, -3, 0, 0, 0,
    -16, -2, -12, -2, -18, 0, 0, -17,
    0, 13, 0, 0, -1, 0, 0, 0,
    0, 0, -1, -1, -9, -1, -9, 0,
    0, 0, 0, 0, -7, 0, -2, 0,
    0, -7, -11, 0, 0, -1, -4, -7,
    -2, 0, -2, 0, 0, 0, 0, -11,
    -2, -8, -7, -2, -4, -6, -2, -4,
    0, -5, -2, -8, -4, 0, -3, 0,
    0, -2, -4, 0, 1, 0, -1, -8,
    -1, 0, 0, -4, 0, 0, 0, 0,
    2, 0, 1, -5, 11, 0, -2, -2,
    -3, 0, 0, 0, 0, 0, 0, -7,
    0, -2, 0, -4, -2, 0, -5, -6,
    -7, -2, 0, -5, 2, 10, 0, 0,
    0, 0, 0, 19, 0, 0, 1, 0,
    0, -4, 0, 0, 0, 0, 0, 0,
    0, 0, 0, 0, 0, 0, 0, 0,
    0, 0, -1, -5, 0, 0, 0, 0,
    0, -1, 0, 0, 0, -2, -2, 0,
    0, -5, -2, 0, 0, -5, 0, 4,
    -1, 0, 0, 0, 0, 0, 0, 0,
    1, 0, 0, 0, 0, 0, 5, 2,
    -2, 0, -7, -3, 0, 7, -8, -8,
    -5, -5, 10, 5, 2, -20, -2, 5,
    -2, 0, -2, 4, -2, -8, 0, -2,
    2, -3, -2, -7, -2, 0, 0, 7,
    5, 0, -7, 0, -13, 0, 0, 9,
    -3, -9, 0, -3, -8, -8, -8, -2,
    2, 0, -4, 0, -6, 0, 2, 8,
    -6, -9, -10, -6, 7, 0, 0, -18,
    -2, 2, -4, -2, -6, 0, -5, -9,
    -4, -4, -2, 0, 0, -6, -6, -2,
    0, 7, 6, -2, -13, 0, -13, 0,
    -2, -5, -8, -14, 0, -8, -4, -8,
    -4, -7, 0, 0, -3, 0, -5, -2,
    0, -2, -5, 0, 4, -8, 2, 0,
    0, -13, 0, -2, -5, -4, -2, -7,
    -6, -8, -6, 0, -7, -2, -6, -4,
    -7, -2, 0, 0, 0, 11, -4, 0,
    -7, 0, 0, 0, -2, -5, -6, -6,
    -7, -10, -7, -4, 5, 0, -4, 0,
    -12, -2, 2, 5, -8, -9, -5, -8,
    8, -2, 1, -23, -5, 5, -5, -4,
    -9, 0, -7, -10, -2, -2, -2, -2,
    -6, -7, 0, 0, 0, 7, 7, -1,
    -16, 0, -14, 0, -4, 7, -9, -17,
    -5, -8, -10, -12, -10, -8, 0, 0,
    0, 0, -2, 0, 0, 2, -2, 5,
    1, -4, 5, 0, 0, -6, 0, 0,
    0, 0, 0, 0, -2, 0, 0, 0,
    0, 0, 0, -2, 0, 0, 0, 0,
    2, 7, 0, 0, -2, 0, 0, 0,
    0, 0, -1, -1, -2, 0, -2, 0,
    0, 2, 0, 0, 0, 0, 2, 0,
    -1, 0, 10, 0, 5, 0, 0, -4,
    0, 5, 0, 0, 0, 2, 0, 0,
    0, 0, 5, 0, 6, 0, 7, 0,
    0, 7, 0, 7, -2, 0, 0, 0,
    0, 24, 0, 0, 0, 0, 0, 0,
    0, 0, 0, -14, 0, -2, 4, 0,
    7, -32, 0, 23, 2, -5, -5, 2,
    2, -1, 0, -12, 0, 0, 12, -14,
    -5, 7, 0, 7, -5, -2, -10, 5,
    -5, 0, 0, -17, 10, 34, 0, 0,
    0, 0, 0, 29, 0, 0, 0, 0,
    5, 0, 5, 0, 0, 0, 0, 0,
    0, 0, 0, 0, 0, 0, 0, 0,
    0, 0, 0, 0, 0, 0, 0, 0,
    0, 0, 0, 0, 0, 0, -3, 0,
    0, -4, -2, 0, 0, 0, 0, 0,
    0, 0, 0, 0, 0, 0, 0, 0,
    0, 0, 0, 0, 0, 0, 0, -1,
    5, -6, 0, 0, 0, -2, 0, 2,
    30, -5, -2, 7, 6, -6, 2, 0,
    0, 2, 2, -4, -7, 13, 7, 19,
    0, -2, -2, 11, -1, 5, 0, -31,
    7, 0, -2, 0, -6, 0, 0, 26,
    0, 2, -5, -6, -4, 8, 5, 5,
    0, 0, 0, -7, 0, 0, 0, -6,
    0, 0, 0, 0, -5, -1, 0, 0,
    0, -5, 0, -2, 0, -11, 0, 0,
    0, 0, 0, 0, 0, 0, 0, 0,
    0, -16, 0, 0, 0, 0, 0, 0,
    0, 0, 0, 0, 0, 0, -2, 0,
    -2, 0, 0, -4, 0, -6, 0, 0,
    0, -4, 2, -2, 0, 0, -6, -2,
    -6, 0, 0, -6, 0, -2, 0, -11,
    0, -4, 0, 0, -18, -4, -10, -4,
    -9, 0, 0, -16, 0, -6, -2, 0,
    0, 0, 0, 0, 0, 0, 0, 0,
    -4, -4, -4, -2, 0, 0, 0, 0,
    -5, 0, -5, 4, -4, 5, 0, -1,
    -6, -1, -4, -4, 0, -2, -1, -1,
    2, -6, 0, 0, 0, 0, -19, -2,
    -5, 0, -7, 0, -1, -11, -2, 0,
    0, -1, -2, 0, -1, 0, 0, 0,
    2, 0, -2, -4, -2, -1, 0, 0,
    0, 0, 0, 0, 0, 0, 0, 0,
    0, 0, 0, 0, 0, 0, 0, 0,
    0, 0, 0, 0, 0, 0, 0, 0,
    0, 0, 0, 0, 0, 0, 0, 0,
    0, 0, 0, 0, 0, 0, 0, 0,
    0, 0, 6, 0, 0, 0, 0, 0,
    0, -5, 0, -1, 0, 0, 0, -5,
    2, 0, 0, 0, -6, -2, -5, 0,
    0, -7, 0, -2, 0, -11, 0, 0,
    0, 0, -23, 0, -5, -9, -12, 0,
    0, -16, 0, -2, -4, 0, 0, 0,
    0, 0, 0, 0, 0, 0, -2, -4,
    -2, -1, 0, 0, 0, 4, -4, 0,
    8, 11, -2, -2, -7, 2, 11, 4,
    5, -6, 2, 10, 2, 6, 5, 6,
    0, 0, 0, 0, 0, 0, 0, 0,
    0, 0, 0, 15, 11, -5, -2, 1,
    -2, 1, 1, 11, 0, 0, 0, 0,
    2, 0, 2, 0, 0, 0, -3, 0,
    0, 0, 0, 0, 0, 0, 0, 0,
    -1, 0, 0, 0, 0, 0, 0, 0,
    0, 5, 0, 0, 0, 0, -18, -2,
    -2, -9, -11, 0, 0, -16, 0, 0,
    0, 0, 0, 0, 0, 0, 0, 0,
    0, 0, 0, 0, 0, 0, 0, 0,
    -3, 0, 0, 0, 0, 0, 0, 0,
    0, 0, -1, 0, 0, 0, 0, 0,
    0, 0, 0, 5, 0, 0, 0, 0,
    -18, -2, -2, -9, -11, 0, 0, -7,
    0, 0, 0, 0, 0, 0, 0, 0,
    0, 0, 0, 0, 0, 0, 0, 0,
    0, 0, 0, 0, -2, 0, 0, 0,
    -6, 2, 0, -2, 2, 5, 2, -7,
    0, 0, -2, 2, 0, 2, 0, 0,
    0, 0, -4, 0, -2, -1, -5, 0,
    -2, -10, 0, 14, -2, 0, -5, 0,
    0, 0, -1, -4, 0, -2, -7, -5,
    -7, -3, 0, 0, -3, 0, 0, 0,
    0, 0, 0, 0, 0, 0, -1, 0,
    0, 0, 0, 0, 0, 0, 0, 5,
    0, 0, 0, 0, -18, -2, -2, -9,
    -11, 0, 0, -16, 0, 0, 0, 0,
    0, 0, 0, 12, 0, 0, 0, 0,
    0, 0, 0, 0, 0, 0, -3, 0,
    -7, -2, -2, 7, -2, -2, -10, 0,
    1, 0, -1, -6, 0, 5, 0, 2,
    0, 2, -5, -10, -2, 0, -7, -4,
    -6, -10, -9, 0, -3, -5, -2, -4,
    -10, -1, -2, 0, -1, 0, -1, 0,
    4, 0, 4, -1, 4, 0, 0, 0,
    0, 0, 0, 0, 0, 0, 0, 0,
    0, 0, -1, -2, -2, 0, 0, -6,
    0, -1, 0, -4, 0, 0, 0, 0,
    0, 0, 0, 0, 0, 0, 0, -14,
    0, 0, 0, 0, 0, 0, 0, 0,
    0, 0, 0, 0, -2, -2, -2, 0,
    0, 0, 0, 0, -2, 0, 0, -4,
    -2, 2, 0, -4, -4, -1, 0, -6,
    -1, -5, -2, -2, 0, -4, 0, 0,
    0, 0, 0, 0, 0, 0, 0, 0,
    0, -16, 0, 7, 0, 0, -4, 0,
    0, 0, 0, 0, -3, 0, -2, 0,
    -2, 0, 0, 0, -1, 0, -6, 0,
    0, 10, -4, -8, -8, 1, 4, 4,
    0, -7, 1, 4, 1, 7, 1, 8,
    -1, -6, 0, 0, -7, 0, 0, -7,
    -6, 0, 0, -5, 0, -4, -4, 0,
    -4, 0, 0, -4, 0, -2, 4, 0,
    -2, -7, -2, -2, 0, 0, -2, 0,
    -5, 0, 0, 4, -6, 0, 2, -2,
    2, 1, 0, -8, 0, -1, 0, 0,
    -2, 4, -2, 0, 0, 0, -8, -2,
    -5, 0, -7, 0, 0, -11, 0, 8,
    -2, 0, -4, 0, 0, 4, 0, -2,
    0, -2, -7, 0, -7, -2, 0, 0,
    0, 0, -1, 0, 0, 2, -3, 0,
    0, 0, -2, -1, 0, -2, 0, 0,
    0, 0, 0, 0, 0, 0, 0, 0,
    0, 0, 0, 0, 0, 0, 0, -14,
    0, 5, 0, 0, -2, 0, 0, 0,
    0, 0, 0, 0, -2, -2, -2, 0
};


/*Collect the kern class' data in one place*/
static const lv_font_fmt_txt_kern_classes_t kern_classes =
{
    .class_pair_values   = kern_class_values,
    .left_class_mapping  = kern_left_class_mapping,
    .right_class_mapping = kern_right_class_mapping,
    .left_class_cnt      = 60,
    .right_class_cnt     = 50,
};

/*--------------------
 *  ALL CUSTOM DATA
 *--------------------*/

#if LVGL_VERSION_MAJOR == 8
/*Store all the custom data of the font*/
static  lv_font_fmt_txt_glyph_cache_t cache;
#endif

#if LVGL_VERSION_MAJOR >= 8
static const lv_font_fmt_txt_dsc_t font_dsc = {
#else
static lv_font_fmt_txt_dsc_t font_dsc = {
#endif
    .glyph_bitmap = glyph_bitmap,
    .glyph_dsc = glyph_dsc,
    .cmaps = cmaps,
    .kern_dsc = &kern_classes,
    .kern_scale = 16,
    .cmap_num = 2,
    .bpp = 4,
    .kern_classes = 1,
    .bitmap_format = 0,
#if LVGL_VERSION_MAJOR == 8
    .cache = &cache
#endif
};



/*-----------------
 *  PUBLIC FONT
 *----------------*/

/*Initialize a public general font descriptor*/
#if LVGL_VERSION_MAJOR >= 8
const lv_font_t am_font_480_15 = {
#else
lv_font_t am_font_480_15 = {
#endif
    .get_glyph_dsc = lv_font_get_glyph_dsc_fmt_txt,    /*Function pointer to get glyph's data*/
    .get_glyph_bitmap = lv_font_get_bitmap_fmt_txt,    /*Function pointer to get glyph's bitmap*/
    .line_height = 17,          /*The maximum line height required by the font*/
    .base_line = 3,             /*Baseline measured from the bottom of the line*/
#if !(LVGL_VERSION_MAJOR == 6 && LVGL_VERSION_MINOR == 0)
    .subpx = LV_FONT_SUBPX_NONE,
#endif
#if LV_VERSION_CHECK(7, 4, 0) || LVGL_VERSION_MAJOR >= 8
    .underline_position = -1,
    .underline_thickness = 1,
#endif
    .dsc = &font_dsc,          /*The custom font data. Will be accessed by `get_glyph_bitmap/dsc` */
#if LV_VERSION_CHECK(8, 2, 0) || LVGL_VERSION_MAJOR >= 9
    .fallback = NULL,
#endif
    .user_data = NULL,
};



#endif /*#if AM_FONT_480_15*/

