/*******************************************************************************
 * Size: 16 px
 * Bpp: 4
 * Opts: --no-compress --format lvgl --bpp 4 --size 16 --font lvgl/demos/multilang/assets/fonts/Montserrat-SemiBold.ttf -r 0x20-0x7F --font lvgl/demos/multilang/assets/fonts/NotoSansSC-Medium.otf --symbols ·—、。一上下不与专东个中为主争二于享京亮人今从以优会但位低作你侧保信候假偏做停先光克入全公共关内再决冷分切列到制刷刻前功动区单占卡压及发变口只可台右合同后含听和器回围固图圆在地场型域境声备复外多夜天失奏女好始安完定实容密察导封小尽局层展工左已布常广序库底度开式张强当录心快态性总息想感慢成打扫把拟持按挑换据排探接控推描搜播收改放数整料新方日早时明昨是晚晨景智暖曲更替最本机杂条构架柔查标栏样案模次歌正步段毁每气氛流浅淡深混清渐渡点片版状独率环现玻班球璃用电界留略白的目看真确示离移稍稳稿立竞策管精系索级线经结统继续维编缩置耗联背能自航色节荐藏行表要观视觉角认让设访证识译说调谈质贴资跑跟路轮轻载辑辨边达迁过运近还这进连迷适选透速逻道部里重量金钟钮铜销长间队阶降随集雾青静面页项顺预频题颜风首驻验高黄默鼓，：； --font /home/share/samba/lvgl/lv_port_pc_vscode_v3-music/main/src/v9_apple_music/fonts/src/DejaVuSansMono.ttf --symbols ⌂◉♫≣⚙♪⌕◌▶↺ --font /home/share/samba/lvgl/lv_port_pc_vscode_v3-music/main/src/v9_apple_music/fonts/src/NotoSansSymbols2-Regular.ttf --symbols ⏮⏭ --lv-font-name am_font_16 -o /home/share/samba/lvgl/lv_port_pc_vscode_v3-music/main/src/v9_apple_music/fonts/am_font_16.c --force-fast-kern-format
 ******************************************************************************/

#ifdef LV_LVGL_H_INCLUDE_SIMPLE
#include "lvgl.h"
#else
#include "lvgl/lvgl.h"
#endif

#ifndef AM_FONT_16
#define AM_FONT_16 1
#endif

#if AM_FONT_16

/*-----------------
 *    BITMAPS
 *----------------*/

/*Store the image of the glyphs*/
static LV_ATTRIBUTE_LARGE_CONST const uint8_t glyph_bitmap[] = {
    /* U+0020 " " */

    /* U+0021 "!" */
    0xe, 0xf6, 0xd, 0xf5, 0xd, 0xf4, 0xc, 0xf3,
    0xb, 0xf3, 0xa, 0xf2, 0xa, 0xf1, 0x7, 0xd0,
    0x0, 0x0, 0x4, 0x80, 0xf, 0xf6, 0xb, 0xe3,

    /* U+0022 "\"" */
    0x1f, 0x90, 0xfb, 0x1f, 0x90, 0xfa, 0xf, 0x80,
    0xfa, 0xf, 0x80, 0xe9, 0x9, 0x40, 0x95,

    /* U+0023 "#" */
    0x0, 0x7, 0xf0, 0x5, 0xf2, 0x0, 0x0, 0x9,
    0xd0, 0x7, 0xf0, 0x0, 0x0, 0xb, 0xc0, 0x8,
    0xe0, 0x0, 0x1f, 0xff, 0xff, 0xff, 0xff, 0xf0,
    0x8, 0x8f, 0xf8, 0x8f, 0xf8, 0x80, 0x0, 0x1f,
    0x60, 0xe, 0x80, 0x0, 0x0, 0x2f, 0x40, 0xf,
    0x70, 0x0, 0x58, 0xcf, 0xa8, 0xaf, 0xd8, 0x30,
    0xaf, 0xff, 0xff, 0xff, 0xff, 0x70, 0x0, 0x8e,
    0x0, 0x5f, 0x10, 0x0, 0x0, 0xad, 0x0, 0x7f,
    0x0, 0x0, 0x0, 0xcb, 0x0, 0x9d, 0x0, 0x0,

    /* U+0024 "$" */
    0x0, 0x0, 0x8c, 0x0, 0x0, 0x0, 0x0, 0x8c,
    0x0, 0x0, 0x0, 0x5b, 0xff, 0xea, 0x30, 0x7,
    0xff, 0xff, 0xff, 0xd0, 0xf, 0xf4, 0x8c, 0x5,
    0x50, 0x2f, 0xe0, 0x8c, 0x0, 0x0, 0xf, 0xfa,
    0xac, 0x0, 0x0, 0x5, 0xff, 0xff, 0x93, 0x0,
    0x0, 0x29, 0xff, 0xff, 0xa0, 0x0, 0x0, 0x8f,
    0x8f, 0xf5, 0x0, 0x0, 0x8c, 0x9, 0xf7, 0xd,
    0x50, 0x8c, 0x1d, 0xf5, 0x4f, 0xff, 0xff, 0xff,
    0xc0, 0x3, 0x9d, 0xff, 0xd7, 0x0, 0x0, 0x0,
    0x8c, 0x0, 0x0, 0x0, 0x0, 0x8c, 0x0, 0x0,

    /* U+0025 "%" */
    0x5, 0xdf, 0xa0, 0x0, 0x6, 0xf2, 0x0, 0x2f,
    0x62, 0xd8, 0x0, 0x1e, 0x80, 0x0, 0x6e, 0x0,
    0x7d, 0x0, 0xad, 0x0, 0x0, 0x6e, 0x0, 0x7d,
    0x4, 0xf4, 0x0, 0x0, 0x3f, 0x41, 0xc9, 0xe,
    0x90, 0x0, 0x0, 0x8, 0xff, 0xc1, 0x9e, 0x10,
    0x0, 0x0, 0x0, 0x12, 0x3, 0xf5, 0x2b, 0xfc,
    0x20, 0x0, 0x0, 0xd, 0xb0, 0xcb, 0x3a, 0xd0,
    0x0, 0x0, 0x8f, 0x11, 0xf3, 0x2, 0xf2, 0x0,
    0x2, 0xf6, 0x1, 0xf3, 0x2, 0xf2, 0x0, 0xc,
    0xc0, 0x0, 0xca, 0x19, 0xe0, 0x0, 0x6f, 0x20,
    0x0, 0x2c, 0xfc, 0x30,

    /* U+0026 "&" */
    0x0, 0x9, 0xef, 0xc3, 0x0, 0x0, 0x0, 0xaf,
    0xb8, 0xee, 0x0, 0x0, 0x0, 0xfe, 0x0, 0x8f,
    0x30, 0x0, 0x0, 0xdf, 0x11, 0xdf, 0x10, 0x0,
    0x0, 0x6f, 0xff, 0xf6, 0x0, 0x0, 0x0, 0x3f,
    0xff, 0x40, 0x0, 0x0, 0x5, 0xfe, 0xff, 0xc0,
    0x2c, 0x40, 0x1f, 0xe2, 0x9, 0xfc, 0x8f, 0x50,
    0x4f, 0xa0, 0x0, 0x9f, 0xff, 0x0, 0x3f, 0xd1,
    0x0, 0x1f, 0xff, 0x0, 0xb, 0xff, 0xcc, 0xff,
    0xff, 0xb0, 0x0, 0x7d, 0xfe, 0xb4, 0x9, 0x50,
    0x0, 0x0, 0x0, 0x0, 0x0, 0x0,

    /* U+0027 "'" */
    0x1f, 0x91, 0xf9, 0xf, 0x80, 0xf8, 0x9, 0x40,

    /* U+0028 "(" */
    0x0, 0xee, 0x0, 0x7f, 0x70, 0xd, 0xf1, 0x2,
    0xfc, 0x0, 0x5f, 0x90, 0x8, 0xf7, 0x0, 0x9f,
    0x50, 0xa, 0xf5, 0x0, 0x9f, 0x50, 0x8, 0xf7,
    0x0, 0x5f, 0x90, 0x2, 0xfc, 0x0, 0xd, 0xf1,
    0x0, 0x7f, 0x70, 0x0, 0xee, 0x0,

    /* U+0029 ")" */
    0x6f, 0x80, 0x0, 0xef, 0x10, 0x8, 0xf6, 0x0,
    0x3f, 0xb0, 0x0, 0xfe, 0x0, 0xe, 0xf1, 0x0,
    0xcf, 0x20, 0xc, 0xf3, 0x0, 0xcf, 0x20, 0xe,
    0xf1, 0x0, 0xfe, 0x0, 0x3f, 0xb0, 0x8, 0xf6,
    0x0, 0xef, 0x10, 0x6f, 0x80, 0x0,

    /* U+002A "*" */
    0x0, 0x4e, 0x0, 0x6, 0x95, 0xe3, 0xc1, 0x4d,
    0xff, 0xfa, 0x10, 0x7f, 0xff, 0x40, 0x8e, 0xaf,
    0x9f, 0x31, 0x14, 0xe0, 0x20, 0x0, 0x15, 0x0,
    0x0,

    /* U+002B "+" */
    0x0, 0x18, 0x40, 0x0, 0x0, 0x2f, 0x90, 0x0,
    0x0, 0x2f, 0x90, 0x0, 0xaa, 0xcf, 0xfa, 0xa4,
    0xff, 0xff, 0xff, 0xf6, 0x0, 0x2f, 0x90, 0x0,
    0x0, 0x2f, 0x90, 0x0, 0x0, 0x2f, 0x90, 0x0,

    /* U+002C "," */
    0x9, 0x80, 0x4f, 0xf3, 0x1f, 0xf1, 0xb, 0xc0,
    0xf, 0x60, 0x18, 0x10,

    /* U+002D "-" */
    0x1b, 0xbb, 0xb3, 0x2f, 0xff, 0xf4,

    /* U+002E "." */
    0xa, 0x90, 0x5f, 0xf3, 0x1d, 0xd0,

    /* U+002F "/" */
    0x0, 0x0, 0x2, 0x84, 0x0, 0x0, 0x8, 0xf4,
    0x0, 0x0, 0xe, 0xe0, 0x0, 0x0, 0x3f, 0x90,
    0x0, 0x0, 0x9f, 0x30, 0x0, 0x0, 0xee, 0x0,
    0x0, 0x3, 0xf8, 0x0, 0x0, 0x9, 0xf3, 0x0,
    0x0, 0xe, 0xd0, 0x0, 0x0, 0x4f, 0x80, 0x0,
    0x0, 0x9f, 0x20, 0x0, 0x0, 0xed, 0x0, 0x0,
    0x4, 0xf8, 0x0, 0x0, 0xa, 0xf2, 0x0, 0x0,
    0xf, 0xd0, 0x0, 0x0, 0x5f, 0x70, 0x0, 0x0,

    /* U+0030 "0" */
    0x0, 0x8, 0xdf, 0xd6, 0x0, 0x0, 0xc, 0xff,
    0xef, 0xf9, 0x0, 0x8, 0xfd, 0x10, 0x3e, 0xf4,
    0x0, 0xef, 0x30, 0x0, 0x7f, 0xa0, 0x2f, 0xe0,
    0x0, 0x2, 0xfe, 0x4, 0xfd, 0x0, 0x0, 0x1f,
    0xf0, 0x4f, 0xd0, 0x0, 0x1, 0xff, 0x2, 0xfe,
    0x0, 0x0, 0x2f, 0xe0, 0xe, 0xf3, 0x0, 0x7,
    0xfa, 0x0, 0x8f, 0xd1, 0x3, 0xef, 0x40, 0x0,
    0xcf, 0xfe, 0xff, 0x90, 0x0, 0x0, 0x8e, 0xfd,
    0x60, 0x0,

    /* U+0031 "1" */
    0xef, 0xff, 0x9b, 0xdf, 0xf9, 0x0, 0x8f, 0x90,
    0x8, 0xf9, 0x0, 0x8f, 0x90, 0x8, 0xf9, 0x0,
    0x8f, 0x90, 0x8, 0xf9, 0x0, 0x8f, 0x90, 0x8,
    0xf9, 0x0, 0x8f, 0x90, 0x8, 0xf9,

    /* U+0032 "2" */
    0x3, 0xae, 0xfd, 0x80, 0x7, 0xff, 0xfe, 0xff,
    0xc0, 0x4e, 0x50, 0x3, 0xff, 0x30, 0x0, 0x0,
    0xc, 0xf5, 0x0, 0x0, 0x0, 0xef, 0x30, 0x0,
    0x0, 0x8f, 0xc0, 0x0, 0x0, 0x6f, 0xe2, 0x0,
    0x0, 0x6f, 0xf3, 0x0, 0x0, 0x6f, 0xf3, 0x0,
    0x0, 0x6f, 0xf3, 0x0, 0x0, 0x4f, 0xff, 0xdd,
    0xdd, 0xa7, 0xff, 0xff, 0xff, 0xfd,

    /* U+0033 "3" */
    0x7f, 0xff, 0xff, 0xff, 0x35, 0xdd, 0xdd, 0xff,
    0xf1, 0x0, 0x0, 0xc, 0xf6, 0x0, 0x0, 0x9,
    0xfa, 0x0, 0x0, 0x5, 0xfd, 0x0, 0x0, 0x0,
    0xef, 0xfa, 0x20, 0x0, 0xa, 0xbe, 0xfe, 0x20,
    0x0, 0x0, 0xc, 0xf8, 0x0, 0x0, 0x0, 0x7f,
    0x95, 0xa2, 0x0, 0x2d, 0xf7, 0xcf, 0xff, 0xef,
    0xfd, 0x1, 0x7c, 0xff, 0xd8, 0x10,

    /* U+0034 "4" */
    0x0, 0x0, 0x4, 0xfd, 0x0, 0x0, 0x0, 0x1,
    0xef, 0x30, 0x0, 0x0, 0x0, 0xcf, 0x70, 0x0,
    0x0, 0x0, 0x8f, 0xb0, 0x0, 0x0, 0x0, 0x4f,
    0xe1, 0x2, 0x10, 0x0, 0x1e, 0xf4, 0x4, 0xfb,
    0x0, 0xb, 0xf9, 0x0, 0x4f, 0xb0, 0x5, 0xff,
    0xdd, 0xdf, 0xff, 0xd9, 0x7f, 0xff, 0xff, 0xff,
    0xff, 0xb0, 0x0, 0x0, 0x4, 0xfb, 0x0, 0x0,
    0x0, 0x0, 0x5f, 0xb0, 0x0, 0x0, 0x0, 0x5,
    0xfb, 0x0,

    /* U+0035 "5" */
    0x6, 0xff, 0xff, 0xff, 0x30, 0x8f, 0xfd, 0xdd,
    0xd2, 0x9, 0xf5, 0x0, 0x0, 0x0, 0xaf, 0x30,
    0x0, 0x0, 0xc, 0xf2, 0x0, 0x0, 0x0, 0xdf,
    0xff, 0xea, 0x30, 0xc, 0xdd, 0xef, 0xff, 0x30,
    0x0, 0x0, 0x1a, 0xfb, 0x0, 0x0, 0x0, 0x4f,
    0xc2, 0xb3, 0x0, 0x1b, 0xfa, 0x9f, 0xff, 0xef,
    0xff, 0x20, 0x6b, 0xef, 0xea, 0x20,

    /* U+0036 "6" */
    0x0, 0x5, 0xbe, 0xfd, 0x80, 0x0, 0x9f, 0xff,
    0xdf, 0xc0, 0x6, 0xfe, 0x40, 0x0, 0x10, 0xd,
    0xf5, 0x0, 0x0, 0x0, 0x1f, 0xf1, 0x7a, 0x95,
    0x0, 0x3f, 0xfe, 0xff, 0xff, 0xa0, 0x4f, 0xfd,
    0x30, 0x4e, 0xf4, 0x3f, 0xf4, 0x0, 0x8, 0xf9,
    0xf, 0xf2, 0x0, 0x6, 0xf9, 0x9, 0xfa, 0x0,
    0x1d, 0xf5, 0x1, 0xdf, 0xdb, 0xef, 0xc0, 0x0,
    0x19, 0xdf, 0xe8, 0x0,

    /* U+0037 "7" */
    0x8f, 0xff, 0xff, 0xff, 0xf2, 0x8f, 0xfd, 0xdd,
    0xef, 0xf1, 0x8f, 0x60, 0x0, 0x7f, 0xb0, 0x7e,
    0x50, 0x0, 0xef, 0x40, 0x0, 0x0, 0x4, 0xfe,
    0x0, 0x0, 0x0, 0xb, 0xf7, 0x0, 0x0, 0x0,
    0x2f, 0xf1, 0x0, 0x0, 0x0, 0x8f, 0xa0, 0x0,
    0x0, 0x0, 0xef, 0x30, 0x0, 0x0, 0x6, 0xfd,
    0x0, 0x0, 0x0, 0xc, 0xf6, 0x0, 0x0, 0x0,
    0x3f, 0xf0, 0x0, 0x0,

    /* U+0038 "8" */
    0x0, 0x4b, 0xff, 0xd8, 0x0, 0x5, 0xff, 0xcb,
    0xff, 0xc0, 0xd, 0xf6, 0x0, 0x1e, 0xf4, 0xe,
    0xf2, 0x0, 0xb, 0xf5, 0xa, 0xfb, 0x33, 0x6f,
    0xf1, 0x1, 0xff, 0xff, 0xff, 0x70, 0xc, 0xfd,
    0x99, 0xbf, 0xf3, 0x3f, 0xe0, 0x0, 0x8, 0xfa,
    0x5f, 0xc0, 0x0, 0x5, 0xfc, 0x2f, 0xf3, 0x0,
    0xc, 0xf9, 0x9, 0xff, 0xcb, 0xef, 0xe1, 0x0,
    0x5c, 0xff, 0xd9, 0x10,

    /* U+0039 "9" */
    0x0, 0x8d, 0xfe, 0x91, 0x0, 0xc, 0xfe, 0xbd,
    0xfe, 0x10, 0x5f, 0xd1, 0x0, 0xaf, 0xa0, 0x8f,
    0x70, 0x0, 0x2f, 0xf0, 0x8f, 0x80, 0x0, 0x3f,
    0xf3, 0x4f, 0xf4, 0x2, 0xdf, 0xf4, 0xa, 0xff,
    0xff, 0xff, 0xf4, 0x0, 0x59, 0xa7, 0x1e, 0xf2,
    0x0, 0x0, 0x0, 0x4f, 0xd0, 0x1, 0x0, 0x4,
    0xef, 0x60, 0xb, 0xfd, 0xff, 0xfa, 0x0, 0x8,
    0xdf, 0xeb, 0x50, 0x0,

    /* U+003A ":" */
    0x1d, 0xd0, 0x5f, 0xf3, 0xa, 0x90, 0x0, 0x0,
    0x0, 0x0, 0x0, 0x0, 0xa, 0x90, 0x5f, 0xf3,
    0x1d, 0xd0,

    /* U+003B ";" */
    0x1d, 0xd0, 0x5f, 0xf3, 0xa, 0x90, 0x0, 0x0,
    0x0, 0x0, 0x0, 0x0, 0x9, 0x80, 0x4f, 0xf3,
    0x1f, 0xf1, 0xb, 0xc0, 0xf, 0x60, 0x18, 0x10,

    /* U+003C "<" */
    0x0, 0x0, 0x0, 0x54, 0x0, 0x2, 0x8e, 0xf6,
    0x5, 0xbf, 0xfc, 0x60, 0xff, 0xe8, 0x20, 0x0,
    0xff, 0x93, 0x0, 0x0, 0x3a, 0xff, 0xd6, 0x10,
    0x0, 0x17, 0xdf, 0xf5, 0x0, 0x0, 0x4, 0xa6,
    0x0, 0x0, 0x0, 0x0,

    /* U+003D "=" */
    0xff, 0xff, 0xff, 0xf6, 0xaa, 0xaa, 0xaa, 0xa4,
    0x0, 0x0, 0x0, 0x0, 0x0, 0x0, 0x0, 0x0,
    0xff, 0xff, 0xff, 0xf6, 0xaa, 0xaa, 0xaa, 0xa4,

    /* U+003E ">" */
    0x82, 0x0, 0x0, 0x0, 0xff, 0xb5, 0x0, 0x0,
    0x39, 0xff, 0xe8, 0x10, 0x0, 0x5, 0xcf, 0xf5,
    0x0, 0x1, 0x6f, 0xf6, 0x4, 0xaf, 0xfd, 0x71,
    0xdf, 0xfa, 0x30, 0x0, 0xc7, 0x10, 0x0, 0x0,
    0x0, 0x0, 0x0, 0x0,

    /* U+003F "?" */
    0x3, 0xbe, 0xfe, 0x91, 0x7, 0xff, 0xed, 0xff,
    0xc0, 0x5d, 0x40, 0x3, 0xff, 0x30, 0x0, 0x0,
    0xd, 0xf3, 0x0, 0x0, 0x4, 0xfe, 0x0, 0x0,
    0x3, 0xff, 0x40, 0x0, 0x1, 0xef, 0x40, 0x0,
    0x0, 0x5f, 0xb0, 0x0, 0x0, 0x0, 0x0, 0x0,
    0x0, 0x0, 0x18, 0x30, 0x0, 0x0, 0xa, 0xfc,
    0x0, 0x0, 0x0, 0x5f, 0x70, 0x0,

    /* U+0040 "@" */
    0x0, 0x0, 0x18, 0xce, 0xfe, 0xb5, 0x0, 0x0,
    0x0, 0x6, 0xfe, 0x96, 0x67, 0xbf, 0xd2, 0x0,
    0x0, 0x8f, 0x90, 0x0, 0x0, 0x2, 0xcf, 0x20,
    0x3, 0xf8, 0x0, 0x37, 0x62, 0x38, 0x3c, 0xc0,
    0xb, 0xd0, 0xa, 0xff, 0xff, 0xcf, 0x52, 0xf4,
    0xf, 0x70, 0x6f, 0xb2, 0x6, 0xff, 0x50, 0xc9,
    0x3f, 0x40, 0xcf, 0x10, 0x0, 0xff, 0x50, 0x9c,
    0x4f, 0x30, 0xfd, 0x0, 0x0, 0xcf, 0x50, 0x8d,
    0x3f, 0x40, 0xee, 0x0, 0x0, 0xef, 0x50, 0x9c,
    0xf, 0x70, 0xaf, 0x70, 0x1, 0xff, 0x50, 0xc9,
    0xb, 0xd0, 0x2f, 0xfa, 0x9e, 0xff, 0xdb, 0xf2,
    0x3, 0xf8, 0x2, 0xbf, 0xe9, 0x8, 0xfd, 0x50,
    0x0, 0x7f, 0x90, 0x0, 0x0, 0x0, 0x0, 0x0,
    0x0, 0x6, 0xfe, 0xa7, 0x68, 0xb8, 0x0, 0x0,
    0x0, 0x0, 0x18, 0xce, 0xfe, 0xa4, 0x0, 0x0,

    /* U+0041 "A" */
    0x0, 0x0, 0x4, 0xff, 0x30, 0x0, 0x0, 0x0,
    0x0, 0xa, 0xff, 0xa0, 0x0, 0x0, 0x0, 0x0,
    0x1f, 0xde, 0xf1, 0x0, 0x0, 0x0, 0x0, 0x8f,
    0x78, 0xf7, 0x0, 0x0, 0x0, 0x0, 0xef, 0x11,
    0xfe, 0x0, 0x0, 0x0, 0x5, 0xfa, 0x0, 0xbf,
    0x50, 0x0, 0x0, 0xc, 0xf4, 0x0, 0x5f, 0xb0,
    0x0, 0x0, 0x3f, 0xfb, 0xbb, 0xbf, 0xf2, 0x0,
    0x0, 0x9f, 0xff, 0xff, 0xff, 0xf9, 0x0, 0x1,
    0xff, 0x10, 0x0, 0x1, 0xff, 0x0, 0x7, 0xfa,
    0x0, 0x0, 0x0, 0xbf, 0x60, 0xd, 0xf4, 0x0,
    0x0, 0x0, 0x4f, 0xd0,

    /* U+0042 "B" */
    0x8f, 0xff, 0xff, 0xeb, 0x30, 0x8, 0xfd, 0xbb,
    0xbd, 0xff, 0x40, 0x8f, 0x90, 0x0, 0x9, 0xfb,
    0x8, 0xf9, 0x0, 0x0, 0x4f, 0xd0, 0x8f, 0x90,
    0x0, 0x8, 0xfb, 0x8, 0xff, 0xbb, 0xbd, 0xff,
    0x40, 0x8f, 0xff, 0xff, 0xff, 0xc1, 0x8, 0xf9,
    0x0, 0x0, 0x5f, 0xe1, 0x8f, 0x90, 0x0, 0x0,
    0xbf, 0x58, 0xf9, 0x0, 0x0, 0x1e, 0xf6, 0x8f,
    0xdb, 0xbb, 0xcf, 0xfe, 0x18, 0xff, 0xff, 0xff,
    0xea, 0x20,

    /* U+0043 "C" */
    0x0, 0x2, 0x9d, 0xfe, 0xb5, 0x0, 0x0, 0x5f,
    0xff, 0xef, 0xff, 0xa0, 0x3, 0xff, 0xa1, 0x0,
    0x4e, 0x80, 0xc, 0xfa, 0x0, 0x0, 0x1, 0x0,
    0x1f, 0xf1, 0x0, 0x0, 0x0, 0x0, 0x4f, 0xd0,
    0x0, 0x0, 0x0, 0x0, 0x4f, 0xd0, 0x0, 0x0,
    0x0, 0x0, 0x1f, 0xf1, 0x0, 0x0, 0x0, 0x0,
    0xc, 0xfa, 0x0, 0x0, 0x1, 0x0, 0x3, 0xff,
    0xa1, 0x0, 0x5e, 0x90, 0x0, 0x5f, 0xff, 0xef,
    0xff, 0xa0, 0x0, 0x2, 0x9e, 0xfe, 0xb5, 0x0,

    /* U+0044 "D" */
    0x8f, 0xff, 0xff, 0xea, 0x30, 0x0, 0x8f, 0xed,
    0xdd, 0xff, 0xf8, 0x0, 0x8f, 0x90, 0x0, 0x6,
    0xff, 0x70, 0x8f, 0x90, 0x0, 0x0, 0x5f, 0xf0,
    0x8f, 0x90, 0x0, 0x0, 0xd, 0xf5, 0x8f, 0x90,
    0x0, 0x0, 0xa, 0xf7, 0x8f, 0x90, 0x0, 0x0,
    0xa, 0xf7, 0x8f, 0x90, 0x0, 0x0, 0xd, 0xf5,
    0x8f, 0x90, 0x0, 0x0, 0x5f, 0xf0, 0x8f, 0x90,
    0x0, 0x6, 0xff, 0x70, 0x8f, 0xed, 0xdd, 0xff,
    0xf9, 0x0, 0x8f, 0xff, 0xff, 0xea, 0x40, 0x0,

    /* U+0045 "E" */
    0x8f, 0xff, 0xff, 0xff, 0xb8, 0xfe, 0xdd, 0xdd,
    0xd9, 0x8f, 0x90, 0x0, 0x0, 0x8, 0xf9, 0x0,
    0x0, 0x0, 0x8f, 0x90, 0x0, 0x0, 0x8, 0xff,
    0xcc, 0xcc, 0xc0, 0x8f, 0xff, 0xff, 0xff, 0x8,
    0xf9, 0x0, 0x0, 0x0, 0x8f, 0x90, 0x0, 0x0,
    0x8, 0xf9, 0x0, 0x0, 0x0, 0x8f, 0xed, 0xdd,
    0xdd, 0xb8, 0xff, 0xff, 0xff, 0xfe,

    /* U+0046 "F" */
    0x8f, 0xff, 0xff, 0xff, 0xb8, 0xfe, 0xdd, 0xdd,
    0xd9, 0x8f, 0x90, 0x0, 0x0, 0x8, 0xf9, 0x0,
    0x0, 0x0, 0x8f, 0x90, 0x0, 0x0, 0x8, 0xf9,
    0x0, 0x0, 0x0, 0x8f, 0xff, 0xff, 0xff, 0x8,
    0xff, 0xdd, 0xdd, 0xd0, 0x8f, 0x90, 0x0, 0x0,
    0x8, 0xf9, 0x0, 0x0, 0x0, 0x8f, 0x90, 0x0,
    0x0, 0x8, 0xf9, 0x0, 0x0, 0x0,

    /* U+0047 "G" */
    0x0, 0x2, 0x9d, 0xfe, 0xc6, 0x0, 0x0, 0x5f,
    0xff, 0xef, 0xff, 0xc0, 0x3, 0xff, 0xa2, 0x0,
    0x3c, 0xa0, 0xc, 0xfa, 0x0, 0x0, 0x0, 0x0,
    0x1f, 0xf1, 0x0, 0x0, 0x0, 0x0, 0x4f, 0xd0,
    0x0, 0x0, 0x1, 0x20, 0x4f, 0xd0, 0x0, 0x0,
    0xd, 0xf2, 0x1f, 0xf1, 0x0, 0x0, 0xd, 0xf2,
    0xc, 0xfa, 0x0, 0x0, 0xd, 0xf2, 0x3, 0xff,
    0xa2, 0x0, 0x3f, 0xf2, 0x0, 0x5f, 0xff, 0xef,
    0xff, 0xf1, 0x0, 0x2, 0x9d, 0xff, 0xc7, 0x0,

    /* U+0048 "H" */
    0x8f, 0x90, 0x0, 0x0, 0xaf, 0x78, 0xf9, 0x0,
    0x0, 0xa, 0xf7, 0x8f, 0x90, 0x0, 0x0, 0xaf,
    0x78, 0xf9, 0x0, 0x0, 0xa, 0xf7, 0x8f, 0x90,
    0x0, 0x0, 0xaf, 0x78, 0xff, 0xdd, 0xdd, 0xdf,
    0xf7, 0x8f, 0xff, 0xff, 0xff, 0xff, 0x78, 0xf9,
    0x0, 0x0, 0xa, 0xf7, 0x8f, 0x90, 0x0, 0x0,
    0xaf, 0x78, 0xf9, 0x0, 0x0, 0xa, 0xf7, 0x8f,
    0x90, 0x0, 0x0, 0xaf, 0x78, 0xf9, 0x0, 0x0,
    0xa, 0xf7,

    /* U+0049 "I" */
    0x8f, 0x98, 0xf9, 0x8f, 0x98, 0xf9, 0x8f, 0x98,
    0xf9, 0x8f, 0x98, 0xf9, 0x8f, 0x98, 0xf9, 0x8f,
    0x98, 0xf9,

    /* U+004A "J" */
    0x0, 0xff, 0xff, 0xff, 0x0, 0xd, 0xdd, 0xdf,
    0xf0, 0x0, 0x0, 0x1, 0xff, 0x0, 0x0, 0x0,
    0x1f, 0xf0, 0x0, 0x0, 0x1, 0xff, 0x0, 0x0,
    0x0, 0x1f, 0xf0, 0x0, 0x0, 0x1, 0xff, 0x0,
    0x0, 0x0, 0x1f, 0xf0, 0x0, 0x0, 0x1, 0xff,
    0x0, 0x99, 0x0, 0x8f, 0xd0, 0xe, 0xff, 0xef,
    0xf6, 0x0, 0x1a, 0xef, 0xd6, 0x0,

    /* U+004B "K" */
    0x8f, 0x90, 0x0, 0x5, 0xfe, 0x18, 0xf9, 0x0,
    0x4, 0xff, 0x30, 0x8f, 0x90, 0x2, 0xff, 0x40,
    0x8, 0xf9, 0x1, 0xef, 0x60, 0x0, 0x8f, 0x91,
    0xdf, 0x80, 0x0, 0x8, 0xf9, 0xcf, 0xf0, 0x0,
    0x0, 0x8f, 0xff, 0xff, 0x90, 0x0, 0x8, 0xff,
    0xd4, 0xff, 0x50, 0x0, 0x8f, 0xf1, 0x6, 0xff,
    0x20, 0x8, 0xf9, 0x0, 0xa, 0xfd, 0x0, 0x8f,
    0x90, 0x0, 0xd, 0xf9, 0x8, 0xf9, 0x0, 0x0,
    0x2f, 0xf5,

    /* U+004C "L" */
    0x8f, 0x90, 0x0, 0x0, 0x8, 0xf9, 0x0, 0x0,
    0x0, 0x8f, 0x90, 0x0, 0x0, 0x8, 0xf9, 0x0,
    0x0, 0x0, 0x8f, 0x90, 0x0, 0x0, 0x8, 0xf9,
    0x0, 0x0, 0x0, 0x8f, 0x90, 0x0, 0x0, 0x8,
    0xf9, 0x0, 0x0, 0x0, 0x8f, 0x90, 0x0, 0x0,
    0x8, 0xf9, 0x0, 0x0, 0x0, 0x8f, 0xed, 0xdd,
    0xdd, 0x58, 0xff, 0xff, 0xff, 0xf7,

    /* U+004D "M" */
    0x8f, 0x70, 0x0, 0x0, 0x0, 0x3f, 0xb8, 0xff,
    0x10, 0x0, 0x0, 0xc, 0xfc, 0x8f, 0xf9, 0x0,
    0x0, 0x5, 0xff, 0xc8, 0xff, 0xf2, 0x0, 0x0,
    0xdf, 0xfc, 0x8f, 0xef, 0xb0, 0x0, 0x6f, 0xdf,
    0xc8, 0xf8, 0xdf, 0x40, 0xe, 0xf5, 0xfc, 0x8f,
    0x74, 0xfc, 0x8, 0xf7, 0x3f, 0xc8, 0xf7, 0xa,
    0xf7, 0xfe, 0x3, 0xfc, 0x8f, 0x70, 0x2f, 0xff,
    0x50, 0x3f, 0xc8, 0xf7, 0x0, 0x8f, 0xc0, 0x3,
    0xfc, 0x8f, 0x70, 0x0, 0xa3, 0x0, 0x3f, 0xc8,
    0xf7, 0x0, 0x0, 0x0, 0x3, 0xfc,

    /* U+004E "N" */
    0x8f, 0x90, 0x0, 0x0, 0x9f, 0x78, 0xff, 0x60,
    0x0, 0x9, 0xf7, 0x8f, 0xff, 0x30, 0x0, 0x9f,
    0x78, 0xff, 0xfe, 0x10, 0x9, 0xf7, 0x8f, 0xbf,
    0xfb, 0x0, 0x9f, 0x78, 0xf9, 0x5f, 0xf8, 0x9,
    0xf7, 0x8f, 0x90, 0x8f, 0xf4, 0x9f, 0x78, 0xf9,
    0x0, 0xcf, 0xeb, 0xf7, 0x8f, 0x90, 0x1, 0xef,
    0xff, 0x78, 0xf9, 0x0, 0x3, 0xff, 0xf7, 0x8f,
    0x90, 0x0, 0x6, 0xff, 0x78, 0xf9, 0x0, 0x0,
    0xa, 0xf7,

    /* U+004F "O" */
    0x0, 0x2, 0x9d, 0xfe, 0xb5, 0x0, 0x0, 0x5,
    0xff, 0xfe, 0xff, 0xfb, 0x0, 0x3, 0xff, 0x91,
    0x0, 0x5e, 0xfa, 0x0, 0xcf, 0xa0, 0x0, 0x0,
    0x3f, 0xf3, 0x1f, 0xf1, 0x0, 0x0, 0x0, 0x9f,
    0x94, 0xfd, 0x0, 0x0, 0x0, 0x5, 0xfb, 0x4f,
    0xd0, 0x0, 0x0, 0x0, 0x6f, 0xb1, 0xff, 0x10,
    0x0, 0x0, 0x9, 0xf9, 0xc, 0xfa, 0x0, 0x0,
    0x3, 0xff, 0x30, 0x3f, 0xf9, 0x10, 0x5, 0xef,
    0xa0, 0x0, 0x5f, 0xff, 0xef, 0xff, 0xb0, 0x0,
    0x0, 0x29, 0xdf, 0xeb, 0x50, 0x0,

    /* U+0050 "P" */
    0x8f, 0xff, 0xff, 0xd8, 0x0, 0x8f, 0xfd, 0xde,
    0xff, 0xc0, 0x8f, 0x90, 0x0, 0x3e, 0xf7, 0x8f,
    0x90, 0x0, 0x6, 0xfc, 0x8f, 0x90, 0x0, 0x4,
    0xfd, 0x8f, 0x90, 0x0, 0x7, 0xfb, 0x8f, 0x90,
    0x1, 0x5f, 0xf6, 0x8f, 0xff, 0xff, 0xff, 0xa0,
    0x8f, 0xfd, 0xdc, 0xa5, 0x0, 0x8f, 0x90, 0x0,
    0x0, 0x0, 0x8f, 0x90, 0x0, 0x0, 0x0, 0x8f,
    0x90, 0x0, 0x0, 0x0,

    /* U+0051 "Q" */
    0x0, 0x2, 0x9d, 0xfe, 0xb5, 0x0, 0x0, 0x0,
    0x5f, 0xff, 0xef, 0xff, 0xb0, 0x0, 0x3, 0xff,
    0x91, 0x0, 0x5e, 0xfa, 0x0, 0xc, 0xfa, 0x0,
    0x0, 0x3, 0xff, 0x30, 0x1f, 0xf1, 0x0, 0x0,
    0x0, 0x9f, 0x90, 0x4f, 0xd0, 0x0, 0x0, 0x0,
    0x5f, 0xb0, 0x4f, 0xd0, 0x0, 0x0, 0x0, 0x6f,
    0xb0, 0x1f, 0xf1, 0x0, 0x0, 0x0, 0x9f, 0x90,
    0xc, 0xfa, 0x0, 0x0, 0x3, 0xff, 0x30, 0x3,
    0xff, 0x91, 0x0, 0x5e, 0xfa, 0x0, 0x0, 0x5f,
    0xff, 0xef, 0xff, 0xb0, 0x0, 0x0, 0x2, 0x9e,
    0xff, 0xf5, 0x0, 0x0, 0x0, 0x0, 0x0, 0x7f,
    0xf5, 0x5, 0xc0, 0x0, 0x0, 0x0, 0x6, 0xff,
    0xff, 0xe1, 0x0, 0x0, 0x0, 0x0, 0x28, 0x97,
    0x10,

    /* U+0052 "R" */
    0x8f, 0xff, 0xff, 0xd8, 0x0, 0x8, 0xff, 0xdd,
    0xef, 0xfc, 0x0, 0x8f, 0x90, 0x0, 0x3e, 0xf7,
    0x8, 0xf9, 0x0, 0x0, 0x6f, 0xc0, 0x8f, 0x90,
    0x0, 0x4, 0xfd, 0x8, 0xf9, 0x0, 0x0, 0x7f,
    0xb0, 0x8f, 0x90, 0x1, 0x5f, 0xf6, 0x8, 0xff,
    0xff, 0xff, 0xfa, 0x0, 0x8f, 0xfc, 0xcf, 0xfe,
    0x0, 0x8, 0xf9, 0x0, 0xd, 0xf4, 0x0, 0x8f,
    0x90, 0x0, 0x3f, 0xe1, 0x8, 0xf9, 0x0, 0x0,
    0x8f, 0xb0,

    /* U+0053 "S" */
    0x0, 0x5b, 0xef, 0xea, 0x30, 0x7, 0xff, 0xed,
    0xff, 0xd0, 0xf, 0xf4, 0x0, 0x5, 0x50, 0x2f,
    0xe0, 0x0, 0x0, 0x0, 0xf, 0xfa, 0x20, 0x0,
    0x0, 0x5, 0xff, 0xfe, 0x93, 0x0, 0x0, 0x29,
    0xdf, 0xff, 0xa0, 0x0, 0x0, 0x2, 0x8f, 0xf5,
    0x0, 0x0, 0x0, 0x9, 0xf7, 0xd, 0x50, 0x0,
    0x1d, 0xf5, 0x4f, 0xff, 0xdd, 0xff, 0xc0, 0x3,
    0x9d, 0xff, 0xd7, 0x0,

    /* U+0054 "T" */
    0xff, 0xff, 0xff, 0xff, 0xf9, 0xcd, 0xde, 0xff,
    0xdd, 0xd7, 0x0, 0x3, 0xfd, 0x0, 0x0, 0x0,
    0x3, 0xfd, 0x0, 0x0, 0x0, 0x3, 0xfd, 0x0,
    0x0, 0x0, 0x3, 0xfd, 0x0, 0x0, 0x0, 0x3,
    0xfd, 0x0, 0x0, 0x0, 0x3, 0xfd, 0x0, 0x0,
    0x0, 0x3, 0xfd, 0x0, 0x0, 0x0, 0x3, 0xfd,
    0x0, 0x0, 0x0, 0x3, 0xfd, 0x0, 0x0, 0x0,
    0x3, 0xfd, 0x0, 0x0,

    /* U+0055 "U" */
    0x9f, 0x70, 0x0, 0x0, 0xdf, 0x39, 0xf7, 0x0,
    0x0, 0xd, 0xf3, 0x9f, 0x70, 0x0, 0x0, 0xdf,
    0x39, 0xf7, 0x0, 0x0, 0xd, 0xf3, 0x9f, 0x70,
    0x0, 0x0, 0xdf, 0x39, 0xf7, 0x0, 0x0, 0xd,
    0xf3, 0x9f, 0x70, 0x0, 0x0, 0xdf, 0x38, 0xf9,
    0x0, 0x0, 0xe, 0xf2, 0x6f, 0xd0, 0x0, 0x2,
    0xff, 0x1, 0xff, 0x90, 0x2, 0xcf, 0xa0, 0x6,
    0xff, 0xff, 0xff, 0xe1, 0x0, 0x4, 0xbe, 0xfe,
    0x91, 0x0,

    /* U+0056 "V" */
    0xd, 0xf5, 0x0, 0x0, 0x0, 0x8f, 0x80, 0x7f,
    0xc0, 0x0, 0x0, 0xe, 0xf2, 0x1, 0xff, 0x20,
    0x0, 0x5, 0xfb, 0x0, 0xa, 0xf9, 0x0, 0x0,
    0xcf, 0x50, 0x0, 0x3f, 0xf0, 0x0, 0x2f, 0xe0,
    0x0, 0x0, 0xdf, 0x60, 0x9, 0xf8, 0x0, 0x0,
    0x6, 0xfc, 0x0, 0xff, 0x10, 0x0, 0x0, 0x1f,
    0xf3, 0x6f, 0xb0, 0x0, 0x0, 0x0, 0x9f, 0x9c,
    0xf4, 0x0, 0x0, 0x0, 0x3, 0xff, 0xfd, 0x0,
    0x0, 0x0, 0x0, 0xc, 0xff, 0x70, 0x0, 0x0,
    0x0, 0x0, 0x6f, 0xf1, 0x0, 0x0,

    /* U+0057 "W" */
    0x6f, 0xb0, 0x0, 0x0, 0xef, 0x50, 0x0, 0x4,
    0xfb, 0x1f, 0xf1, 0x0, 0x3, 0xff, 0xa0, 0x0,
    0x9, 0xf6, 0xc, 0xf5, 0x0, 0x8, 0xff, 0xe0,
    0x0, 0xe, 0xf1, 0x7, 0xfa, 0x0, 0xd, 0xfc,
    0xf4, 0x0, 0x3f, 0xc0, 0x2, 0xff, 0x0, 0x2f,
    0xb6, 0xf9, 0x0, 0x8f, 0x70, 0x0, 0xdf, 0x40,
    0x7f, 0x61, 0xfe, 0x0, 0xdf, 0x20, 0x0, 0x8f,
    0x90, 0xcf, 0x10, 0xcf, 0x22, 0xfd, 0x0, 0x0,
    0x4f, 0xe1, 0xfc, 0x0, 0x7f, 0x77, 0xf8, 0x0,
    0x0, 0xe, 0xf9, 0xf7, 0x0, 0x2f, 0xcc, 0xf3,
    0x0, 0x0, 0xa, 0xff, 0xf2, 0x0, 0xd, 0xff,
    0xe0, 0x0, 0x0, 0x5, 0xff, 0xd0, 0x0, 0x8,
    0xff, 0x90, 0x0, 0x0, 0x0, 0xff, 0x80, 0x0,
    0x3, 0xff, 0x40, 0x0,

    /* U+0058 "X" */
    0x4f, 0xf1, 0x0, 0x0, 0xdf, 0x50, 0xaf, 0xb0,
    0x0, 0x9f, 0xa0, 0x1, 0xef, 0x60, 0x3f, 0xe1,
    0x0, 0x4, 0xff, 0x2d, 0xf4, 0x0, 0x0, 0x9,
    0xff, 0xf9, 0x0, 0x0, 0x0, 0x1f, 0xff, 0x0,
    0x0, 0x0, 0x2, 0xff, 0xf3, 0x0, 0x0, 0x0,
    0xcf, 0xef, 0xd0, 0x0, 0x0, 0x7f, 0xc0, 0xcf,
    0x90, 0x0, 0x2f, 0xf2, 0x2, 0xff, 0x40, 0xd,
    0xf8, 0x0, 0x7, 0xfe, 0x8, 0xfd, 0x0, 0x0,
    0xc, 0xf9,

    /* U+0059 "Y" */
    0xd, 0xf5, 0x0, 0x0, 0x9, 0xf6, 0x4, 0xfe,
    0x0, 0x0, 0x3f, 0xd0, 0x0, 0xbf, 0x70, 0x0,
    0xbf, 0x40, 0x0, 0x2f, 0xf1, 0x5, 0xfb, 0x0,
    0x0, 0x9, 0xf9, 0xd, 0xf3, 0x0, 0x0, 0x1,
    0xff, 0xaf, 0x90, 0x0, 0x0, 0x0, 0x7f, 0xff,
    0x10, 0x0, 0x0, 0x0, 0xf, 0xf9, 0x0, 0x0,
    0x0, 0x0, 0xc, 0xf5, 0x0, 0x0, 0x0, 0x0,
    0xc, 0xf5, 0x0, 0x0, 0x0, 0x0, 0xc, 0xf5,
    0x0, 0x0, 0x0, 0x0, 0xc, 0xf5, 0x0, 0x0,

    /* U+005A "Z" */
    0x3f, 0xff, 0xff, 0xff, 0xff, 0x3, 0xdd, 0xdd,
    0xdd, 0xff, 0xe0, 0x0, 0x0, 0x0, 0x3f, 0xf3,
    0x0, 0x0, 0x0, 0x1e, 0xf7, 0x0, 0x0, 0x0,
    0xb, 0xfa, 0x0, 0x0, 0x0, 0x8, 0xfd, 0x0,
    0x0, 0x0, 0x4, 0xff, 0x30, 0x0, 0x0, 0x1,
    0xef, 0x60, 0x0, 0x0, 0x0, 0xcf, 0xa0, 0x0,
    0x0, 0x0, 0x8f, 0xd0, 0x0, 0x0, 0x0, 0x3f,
    0xff, 0xdd, 0xdd, 0xdd, 0x25, 0xff, 0xff, 0xff,
    0xff, 0xf3,

    /* U+005B "[" */
    0x8f, 0xff, 0x58, 0xfd, 0xa3, 0x8f, 0x80, 0x8,
    0xf8, 0x0, 0x8f, 0x80, 0x8, 0xf8, 0x0, 0x8f,
    0x80, 0x8, 0xf8, 0x0, 0x8f, 0x80, 0x8, 0xf8,
    0x0, 0x8f, 0x80, 0x8, 0xf8, 0x0, 0x8f, 0x80,
    0x8, 0xfd, 0xa3, 0x8f, 0xff, 0x50,

    /* U+005C "\\" */
    0x48, 0x10, 0x0, 0x0, 0x4f, 0x70, 0x0, 0x0,
    0xe, 0xd0, 0x0, 0x0, 0x9, 0xf2, 0x0, 0x0,
    0x4, 0xf8, 0x0, 0x0, 0x0, 0xed, 0x0, 0x0,
    0x0, 0x9f, 0x30, 0x0, 0x0, 0x4f, 0x80, 0x0,
    0x0, 0xe, 0xe0, 0x0, 0x0, 0x9, 0xf3, 0x0,
    0x0, 0x3, 0xf8, 0x0, 0x0, 0x0, 0xee, 0x0,
    0x0, 0x0, 0x8f, 0x30, 0x0, 0x0, 0x3f, 0x90,
    0x0, 0x0, 0xd, 0xe0, 0x0, 0x0, 0x8, 0xf4,

    /* U+005D "]" */
    0xbf, 0xff, 0x17, 0xaf, 0xf1, 0x0, 0xef, 0x10,
    0xe, 0xf1, 0x0, 0xef, 0x10, 0xe, 0xf1, 0x0,
    0xef, 0x10, 0xe, 0xf1, 0x0, 0xef, 0x10, 0xe,
    0xf1, 0x0, 0xef, 0x10, 0xe, 0xf1, 0x0, 0xef,
    0x17, 0xaf, 0xf1, 0xbf, 0xff, 0x10,

    /* U+005E "^" */
    0x0, 0x4f, 0xc0, 0x0, 0x0, 0xbf, 0xf2, 0x0,
    0x1, 0xf6, 0xe9, 0x0, 0x8, 0xf0, 0x8e, 0x0,
    0xe, 0x90, 0x2f, 0x60, 0x5f, 0x30, 0xc, 0xc0,
    0xbd, 0x0, 0x5, 0xf3,

    /* U+005F "_" */
    0x0, 0x0, 0x0, 0x0, 0xff, 0xff, 0xff, 0xff,
    0x33, 0x33, 0x33, 0x33,

    /* U+0060 "`" */
    0x17, 0x71, 0x0, 0x4, 0xfc, 0x0, 0x0, 0x3e,
    0xb0,

    /* U+0061 "a" */
    0x3, 0xae, 0xfd, 0x91, 0x0, 0xdf, 0xec, 0xff,
    0xd0, 0x4, 0x30, 0x1, 0xdf, 0x40, 0x0, 0x1,
    0x1a, 0xf7, 0x4, 0xdf, 0xff, 0xff, 0x71, 0xff,
    0x64, 0x4b, 0xf7, 0x4f, 0xb0, 0x0, 0xcf, 0x71,
    0xff, 0x97, 0xbf, 0xf7, 0x3, 0xcf, 0xfb, 0x8f,
    0x70,

    /* U+0062 "b" */
    0xbf, 0x50, 0x0, 0x0, 0x0, 0xbf, 0x50, 0x0,
    0x0, 0x0, 0xbf, 0x50, 0x0, 0x0, 0x0, 0xbf,
    0x6a, 0xef, 0xb4, 0x0, 0xbf, 0xff, 0xce, 0xff,
    0x50, 0xbf, 0xf2, 0x0, 0x7f, 0xe0, 0xbf, 0xb0,
    0x0, 0xd, 0xf4, 0xbf, 0x70, 0x0, 0xa, 0xf5,
    0xbf, 0xa0, 0x0, 0xd, 0xf4, 0xbf, 0xf2, 0x0,
    0x7f, 0xe0, 0xbf, 0xff, 0xde, 0xff, 0x50, 0xbf,
    0x5a, 0xef, 0xb4, 0x0,

    /* U+0063 "c" */
    0x0, 0x3a, 0xef, 0xc6, 0x0, 0x4f, 0xfe, 0xcf,
    0xf7, 0xe, 0xf6, 0x0, 0x2c, 0x44, 0xfc, 0x0,
    0x0, 0x0, 0x5f, 0xa0, 0x0, 0x0, 0x4, 0xfc,
    0x0, 0x0, 0x0, 0xe, 0xf6, 0x0, 0x2c, 0x40,
    0x4f, 0xfe, 0xdf, 0xf7, 0x0, 0x3a, 0xef, 0xc6,
    0x0,

    /* U+0064 "d" */
    0x0, 0x0, 0x0, 0x5, 0xfa, 0x0, 0x0, 0x0,
    0x5, 0xfa, 0x0, 0x0, 0x0, 0x5, 0xfa, 0x0,
    0x4b, 0xfe, 0xa6, 0xfa, 0x5, 0xff, 0xec, 0xff,
    0xfa, 0xe, 0xf6, 0x0, 0x2f, 0xfa, 0x4f, 0xc0,
    0x0, 0xb, 0xfa, 0x5f, 0xa0, 0x0, 0x7, 0xfa,
    0x4f, 0xc0, 0x0, 0xa, 0xfa, 0xe, 0xf6, 0x0,
    0x2f, 0xfa, 0x5, 0xff, 0xed, 0xff, 0xfa, 0x0,
    0x4b, 0xfe, 0xa5, 0xfa,

    /* U+0065 "e" */
    0x0, 0x3b, 0xef, 0xb3, 0x0, 0x5, 0xff, 0xcb,
    0xff, 0x40, 0xe, 0xf3, 0x0, 0x3f, 0xe0, 0x4f,
    0xc1, 0x11, 0x1c, 0xf3, 0x5f, 0xff, 0xff, 0xff,
    0xf5, 0x4f, 0xf4, 0x44, 0x44, 0x41, 0xe, 0xf6,
    0x0, 0x7, 0x0, 0x4, 0xff, 0xec, 0xff, 0x80,
    0x0, 0x3a, 0xef, 0xd8, 0x0,

    /* U+0066 "f" */
    0x0, 0x4c, 0xfd, 0x30, 0x1f, 0xfb, 0xc1, 0x5,
    0xf9, 0x0, 0xd, 0xff, 0xff, 0xe0, 0x8f, 0xff,
    0xa9, 0x0, 0x6f, 0x90, 0x0, 0x6, 0xf9, 0x0,
    0x0, 0x6f, 0x90, 0x0, 0x6, 0xf9, 0x0, 0x0,
    0x6f, 0x90, 0x0, 0x6, 0xf9, 0x0, 0x0, 0x6f,
    0x90, 0x0,

    /* U+0067 "g" */
    0x0, 0x4b, 0xfe, 0xa3, 0xfc, 0x5, 0xff, 0xcb,
    0xff, 0xfc, 0xe, 0xf5, 0x0, 0x1e, 0xfc, 0x4f,
    0xc0, 0x0, 0x6, 0xfc, 0x5f, 0xa0, 0x0, 0x4,
    0xfc, 0x4f, 0xd0, 0x0, 0x7, 0xfc, 0xe, 0xf7,
    0x0, 0x2f, 0xfc, 0x5, 0xff, 0xec, 0xff, 0xfc,
    0x0, 0x4b, 0xfe, 0xa6, 0xfb, 0x1, 0x30, 0x0,
    0x1b, 0xf7, 0xb, 0xfe, 0xdd, 0xff, 0xd0, 0x1,
    0x8d, 0xff, 0xd9, 0x10,

    /* U+0068 "h" */
    0xbf, 0x50, 0x0, 0x0, 0xb, 0xf5, 0x0, 0x0,
    0x0, 0xbf, 0x50, 0x0, 0x0, 0xb, 0xf6, 0xae,
    0xfc, 0x30, 0xbf, 0xff, 0xdf, 0xff, 0x2b, 0xff,
    0x20, 0xc, 0xf8, 0xbf, 0x70, 0x0, 0x5f, 0xbb,
    0xf5, 0x0, 0x4, 0xfb, 0xbf, 0x50, 0x0, 0x4f,
    0xbb, 0xf5, 0x0, 0x4, 0xfb, 0xbf, 0x50, 0x0,
    0x4f, 0xbb, 0xf5, 0x0, 0x4, 0xfb,

    /* U+0069 "i" */
    0x37, 0xe, 0xf8, 0x9f, 0x40, 0x0, 0xbf, 0x5b,
    0xf5, 0xbf, 0x5b, 0xf5, 0xbf, 0x5b, 0xf5, 0xbf,
    0x5b, 0xf5, 0xbf, 0x50,

    /* U+006A "j" */
    0x0, 0x2, 0x71, 0x0, 0xc, 0xf9, 0x0, 0x8,
    0xf5, 0x0, 0x0, 0x0, 0x0, 0x9, 0xf6, 0x0,
    0x9, 0xf6, 0x0, 0x9, 0xf6, 0x0, 0x9, 0xf6,
    0x0, 0x9, 0xf6, 0x0, 0x9, 0xf6, 0x0, 0x9,
    0xf6, 0x0, 0x9, 0xf6, 0x0, 0x9, 0xf6, 0x0,
    0xb, 0xf4, 0x1d, 0xcf, 0xe1, 0x3d, 0xfc, 0x30,

    /* U+006B "k" */
    0xbf, 0x50, 0x0, 0x0, 0x0, 0xbf, 0x50, 0x0,
    0x0, 0x0, 0xbf, 0x50, 0x0, 0x0, 0x0, 0xbf,
    0x50, 0x2, 0xef, 0x60, 0xbf, 0x50, 0x2e, 0xf7,
    0x0, 0xbf, 0x53, 0xef, 0x70, 0x0, 0xbf, 0x8e,
    0xfb, 0x0, 0x0, 0xbf, 0xff, 0xfc, 0x0, 0x0,
    0xbf, 0xf8, 0xdf, 0x90, 0x0, 0xbf, 0xc0, 0x3f,
    0xf5, 0x0, 0xbf, 0x50, 0x6, 0xff, 0x20, 0xbf,
    0x50, 0x0, 0x9f, 0xc0,

    /* U+006C "l" */
    0xbf, 0x5b, 0xf5, 0xbf, 0x5b, 0xf5, 0xbf, 0x5b,
    0xf5, 0xbf, 0x5b, 0xf5, 0xbf, 0x5b, 0xf5, 0xbf,
    0x5b, 0xf5,

    /* U+006D "m" */
    0xbf, 0x5a, 0xfe, 0xa1, 0x2a, 0xef, 0xb2, 0xb,
    0xff, 0xfd, 0xff, 0xff, 0xfd, 0xff, 0xe1, 0xbf,
    0xe1, 0x2, 0xef, 0xf3, 0x1, 0xdf, 0x6b, 0xf7,
    0x0, 0xa, 0xf9, 0x0, 0x7, 0xf8, 0xbf, 0x50,
    0x0, 0x8f, 0x70, 0x0, 0x6f, 0x9b, 0xf5, 0x0,
    0x8, 0xf7, 0x0, 0x6, 0xf9, 0xbf, 0x50, 0x0,
    0x8f, 0x70, 0x0, 0x6f, 0x9b, 0xf5, 0x0, 0x8,
    0xf7, 0x0, 0x6, 0xf9, 0xbf, 0x50, 0x0, 0x8f,
    0x70, 0x0, 0x6f, 0x90,

    /* U+006E "n" */
    0xbf, 0x5a, 0xef, 0xc3, 0xb, 0xff, 0xfd, 0xff,
    0xf2, 0xbf, 0xf2, 0x0, 0xcf, 0x8b, 0xf7, 0x0,
    0x5, 0xfb, 0xbf, 0x50, 0x0, 0x4f, 0xbb, 0xf5,
    0x0, 0x4, 0xfb, 0xbf, 0x50, 0x0, 0x4f, 0xbb,
    0xf5, 0x0, 0x4, 0xfb, 0xbf, 0x50, 0x0, 0x4f,
    0xb0,

    /* U+006F "o" */
    0x0, 0x3b, 0xef, 0xc6, 0x0, 0x4, 0xff, 0xec,
    0xff, 0x90, 0xe, 0xf6, 0x0, 0x2e, 0xf4, 0x4f,
    0xc0, 0x0, 0x7, 0xf9, 0x5f, 0xa0, 0x0, 0x5,
    0xfb, 0x4f, 0xc0, 0x0, 0x7, 0xf9, 0xe, 0xf6,
    0x0, 0x2e, 0xf3, 0x4, 0xff, 0xed, 0xff, 0x90,
    0x0, 0x3b, 0xef, 0xc6, 0x0,

    /* U+0070 "p" */
    0xbf, 0x5a, 0xef, 0xb4, 0x0, 0xbf, 0xff, 0xce,
    0xff, 0x50, 0xbf, 0xf2, 0x0, 0x7f, 0xe0, 0xbf,
    0xa0, 0x0, 0xd, 0xf4, 0xbf, 0x70, 0x0, 0xa,
    0xf5, 0xbf, 0xa0, 0x0, 0xd, 0xf4, 0xbf, 0xf2,
    0x0, 0x7f, 0xe0, 0xbf, 0xff, 0xde, 0xff, 0x50,
    0xbf, 0x6a, 0xef, 0xc4, 0x0, 0xbf, 0x50, 0x0,
    0x0, 0x0, 0xbf, 0x50, 0x0, 0x0, 0x0, 0xbf,
    0x50, 0x0, 0x0, 0x0,

    /* U+0071 "q" */
    0x0, 0x4b, 0xfe, 0xa5, 0xfa, 0x5, 0xff, 0xdd,
    0xff, 0xfa, 0xe, 0xf6, 0x0, 0x2f, 0xfa, 0x4f,
    0xc0, 0x0, 0xa, 0xfa, 0x5f, 0xa0, 0x0, 0x8,
    0xfa, 0x4f, 0xc0, 0x0, 0xb, 0xfa, 0xe, 0xf6,
    0x0, 0x2f, 0xfa, 0x5, 0xff, 0xed, 0xff, 0xfa,
    0x0, 0x4c, 0xfe, 0xa6, 0xfa, 0x0, 0x0, 0x0,
    0x5, 0xfa, 0x0, 0x0, 0x0, 0x5, 0xfa, 0x0,
    0x0, 0x0, 0x5, 0xfa,

    /* U+0072 "r" */
    0xbf, 0x5a, 0xe3, 0xbf, 0xff, 0xe3, 0xbf, 0xf3,
    0x0, 0xbf, 0x80, 0x0, 0xbf, 0x50, 0x0, 0xbf,
    0x50, 0x0, 0xbf, 0x50, 0x0, 0xbf, 0x50, 0x0,
    0xbf, 0x50, 0x0,

    /* U+0073 "s" */
    0x2, 0xae, 0xfd, 0xa2, 0x1f, 0xfc, 0xbd, 0xf3,
    0x5f, 0xa0, 0x0, 0x20, 0x4f, 0xe7, 0x41, 0x0,
    0x8, 0xff, 0xff, 0xb1, 0x0, 0x4, 0x7c, 0xfa,
    0x5, 0x0, 0x3, 0xfc, 0x6f, 0xec, 0xbe, 0xf7,
    0x29, 0xdf, 0xfc, 0x60,

    /* U+0074 "t" */
    0x6, 0xf9, 0x0, 0x0, 0x6f, 0x90, 0x0, 0xdf,
    0xff, 0xfe, 0x8, 0xff, 0xfa, 0x90, 0x6, 0xf9,
    0x0, 0x0, 0x6f, 0x90, 0x0, 0x6, 0xf9, 0x0,
    0x0, 0x6f, 0x90, 0x0, 0x5, 0xfb, 0x0, 0x0,
    0x1f, 0xfc, 0xd1, 0x0, 0x5d, 0xfd, 0x30,

    /* U+0075 "u" */
    0xcf, 0x40, 0x0, 0x6f, 0x9c, 0xf4, 0x0, 0x6,
    0xf9, 0xcf, 0x40, 0x0, 0x6f, 0x9c, 0xf4, 0x0,
    0x6, 0xf9, 0xcf, 0x40, 0x0, 0x6f, 0x9b, 0xf5,
    0x0, 0x9, 0xf9, 0x8f, 0xc0, 0x3, 0xff, 0x92,
    0xff, 0xfd, 0xff, 0xf9, 0x3, 0xcf, 0xea, 0x6f,
    0x90,

    /* U+0076 "v" */
    0xd, 0xf3, 0x0, 0x0, 0xdf, 0x10, 0x7f, 0x90,
    0x0, 0x3f, 0xb0, 0x1, 0xff, 0x0, 0xa, 0xf4,
    0x0, 0xa, 0xf6, 0x1, 0xfd, 0x0, 0x0, 0x4f,
    0xc0, 0x7f, 0x70, 0x0, 0x0, 0xdf, 0x3d, 0xf1,
    0x0, 0x0, 0x7, 0xfd, 0xfa, 0x0, 0x0, 0x0,
    0x1f, 0xff, 0x40, 0x0, 0x0, 0x0, 0xaf, 0xd0,
    0x0, 0x0,

    /* U+0077 "w" */
    0xcf, 0x10, 0x0, 0x9f, 0x60, 0x0, 0x5f, 0x76,
    0xf7, 0x0, 0xf, 0xfc, 0x0, 0xa, 0xf1, 0x1f,
    0xc0, 0x5, 0xff, 0xf1, 0x0, 0xfc, 0x0, 0xbf,
    0x20, 0xaf, 0x7f, 0x70, 0x5f, 0x60, 0x5, 0xf7,
    0xf, 0xb0, 0xfc, 0xb, 0xf1, 0x0, 0xf, 0xd6,
    0xf6, 0xa, 0xf3, 0xfb, 0x0, 0x0, 0xaf, 0xef,
    0x0, 0x5f, 0xef, 0x50, 0x0, 0x5, 0xff, 0xa0,
    0x0, 0xff, 0xf0, 0x0, 0x0, 0xf, 0xf4, 0x0,
    0x9, 0xfa, 0x0, 0x0,

    /* U+0078 "x" */
    0x5f, 0xd0, 0x0, 0xaf, 0x70, 0xa, 0xf9, 0x6,
    0xfc, 0x0, 0x0, 0xdf, 0x7f, 0xe1, 0x0, 0x0,
    0x3f, 0xff, 0x50, 0x0, 0x0, 0xf, 0xff, 0x0,
    0x0, 0x0, 0x5f, 0xff, 0x70, 0x0, 0x1, 0xef,
    0x4e, 0xf3, 0x0, 0xc, 0xf6, 0x4, 0xfd, 0x0,
    0x7f, 0xb0, 0x0, 0x9f, 0xa0,

    /* U+0079 "y" */
    0xd, 0xf3, 0x0, 0x0, 0xdf, 0x10, 0x7f, 0xa0,
    0x0, 0x3f, 0xa0, 0x0, 0xff, 0x10, 0xa, 0xf3,
    0x0, 0x9, 0xf7, 0x1, 0xfd, 0x0, 0x0, 0x2f,
    0xd0, 0x8f, 0x60, 0x0, 0x0, 0xbf, 0x5e, 0xe0,
    0x0, 0x0, 0x4, 0xff, 0xf8, 0x0, 0x0, 0x0,
    0xd, 0xff, 0x20, 0x0, 0x0, 0x0, 0xaf, 0xb0,
    0x0, 0x0, 0x10, 0xb, 0xf4, 0x0, 0x0, 0xe,
    0xdd, 0xfb, 0x0, 0x0, 0x0, 0xae, 0xea, 0x10,
    0x0, 0x0,

    /* U+007A "z" */
    0x4f, 0xff, 0xff, 0xfd, 0x3a, 0xaa, 0xaf, 0xfa,
    0x0, 0x0, 0x5f, 0xd1, 0x0, 0x2, 0xff, 0x20,
    0x0, 0xd, 0xf5, 0x0, 0x0, 0xaf, 0x90, 0x0,
    0x7, 0xfc, 0x0, 0x0, 0x3f, 0xfc, 0xaa, 0xaa,
    0x6f, 0xff, 0xff, 0xff,

    /* U+007B "{" */
    0x0, 0x2b, 0xfa, 0x0, 0xaf, 0xe6, 0x0, 0xdf,
    0x30, 0x0, 0xef, 0x20, 0x0, 0xef, 0x20, 0x0,
    0xef, 0x10, 0x1c, 0xfe, 0x0, 0x2f, 0xfa, 0x0,
    0x1, 0xff, 0x10, 0x0, 0xef, 0x20, 0x0, 0xef,
    0x20, 0x0, 0xef, 0x20, 0x0, 0xdf, 0x30, 0x0,
    0x9f, 0xe7, 0x0, 0x1b, 0xfa,

    /* U+007C "|" */
    0x8f, 0x58, 0xf5, 0x8f, 0x58, 0xf5, 0x8f, 0x58,
    0xf5, 0x8f, 0x58, 0xf5, 0x8f, 0x58, 0xf5, 0x8f,
    0x58, 0xf5, 0x8f, 0x58, 0xf5, 0x8f, 0x50,

    /* U+007D "}" */
    0xbf, 0xb1, 0x0, 0x7e, 0xf9, 0x0, 0x4, 0xfc,
    0x0, 0x3, 0xfd, 0x0, 0x3, 0xfd, 0x0, 0x2,
    0xfd, 0x0, 0x1, 0xef, 0xb0, 0x0, 0xbf, 0xf1,
    0x2, 0xfe, 0x0, 0x3, 0xfd, 0x0, 0x3, 0xfd,
    0x0, 0x3, 0xfd, 0x0, 0x4, 0xfc, 0x0, 0x8e,
    0xf8, 0x0, 0xbf, 0xa1, 0x0,

    /* U+007E "~" */
    0x3, 0xde, 0x80, 0xc, 0x80, 0xdd, 0xbf, 0xda,
    0xf4, 0x1f, 0x30, 0x4c, 0xf9, 0x0,

    /* U+00B7 "·" */
    0x19, 0x91, 0xaf, 0xfa, 0xcf, 0xfc, 0x4e, 0xe3,

    /* U+2014 "—" */
    0x0, 0x0, 0x0, 0x0, 0x0, 0x0, 0x0, 0x3f,
    0xff, 0xff, 0xff, 0xff, 0xff, 0xf9, 0x3, 0x33,
    0x33, 0x33, 0x33, 0x33, 0x32,

    /* U+21BA "↺" */
    0x0, 0x0, 0xc, 0xff, 0xb0, 0x42, 0x0, 0xef,
    0x80, 0xe, 0x70, 0xe, 0x6f, 0x23, 0xf1, 0x0,
    0xa0, 0xe6, 0x4f, 0x10, 0x0, 0xd, 0x70, 0xf7,
    0x0, 0x3, 0xf3, 0x6, 0xf9, 0x57, 0xf9, 0x0,
    0x5, 0xdf, 0xd6, 0x0,

    /* U+2263 "≣" */
    0x4f, 0xff, 0xff, 0xff, 0xe1, 0x66, 0x66, 0x66,
    0x65, 0x0, 0x0, 0x0, 0x0, 0x5, 0xff, 0xff,
    0xff, 0xff, 0x15, 0x55, 0x55, 0x55, 0x40, 0x33,
    0x33, 0x33, 0x32, 0x5f, 0xff, 0xff, 0xff, 0xf0,
    0x22, 0x22, 0x22, 0x22, 0x15, 0x55, 0x55, 0x55,
    0x55, 0xff, 0xff, 0xff, 0xff,

    /* U+2302 "⌂" */
    0x0, 0x3, 0x0, 0x0, 0x0, 0x2f, 0x80, 0x0,
    0x1, 0xd6, 0xe4, 0x0, 0xb, 0x80, 0x3e, 0x20,
    0x8b, 0x0, 0x6, 0xd0, 0xe2, 0x0, 0x0, 0xc4,
    0xe1, 0x0, 0x0, 0xb4, 0xe1, 0x0, 0x0, 0xb4,
    0xe1, 0x0, 0x0, 0xb4, 0xef, 0xff, 0xff, 0xf4,

    /* U+2315 "⌕" */
    0x0, 0x4b, 0xc6, 0x0, 0x3e, 0x54, 0xd7, 0xa,
    0x60, 0x3, 0xd0, 0xb5, 0x0, 0x1e, 0x7, 0xc1,
    0x9, 0xa0, 0xbc, 0xff, 0xb1, 0x97, 0x0, 0x10,
    0x0, 0x0, 0x0, 0x0,

    /* U+23ED "⏭" */
    0x30, 0x0, 0x3, 0x0, 0x0, 0x1a, 0x9f, 0x40,
    0x0, 0x9a, 0x0, 0x2, 0xfe, 0xff, 0x60, 0x9,
    0xfb, 0x0, 0x2f, 0xef, 0xff, 0x70, 0x9f, 0xfc,
    0x12, 0xfe, 0xff, 0xff, 0x79, 0xff, 0xfc, 0x2f,
    0xef, 0xff, 0xc0, 0x9f, 0xff, 0x32, 0xfe, 0xff,
    0xa0, 0x9, 0xfe, 0x20, 0x2f, 0xef, 0x90, 0x0,
    0x9d, 0x20, 0x2, 0xfe, 0x70, 0x0, 0x6, 0x10,
    0x0, 0x2f, 0xe0,

    /* U+23EE "⏮" */
    0x1a, 0x90, 0x0, 0x0, 0x20, 0x0, 0x3, 0x2f,
    0xe0, 0x0, 0x1c, 0x60, 0x0, 0x7c, 0x2f, 0xe0,
    0x2, 0xdf, 0x60, 0x9, 0xfc, 0x2f, 0xe0, 0x3e,
    0xff, 0x60, 0xaf, 0xfc, 0x2f, 0xe1, 0xff, 0xff,
    0x6a, 0xff, 0xfc, 0x2f, 0xe0, 0x6f, 0xff, 0x62,
    0xef, 0xfc, 0x2f, 0xe0, 0x5, 0xff, 0x60, 0x1d,
    0xfc, 0x2f, 0xe0, 0x0, 0x4f, 0x60, 0x1, 0xcc,
    0x2f, 0xe0, 0x0, 0x3, 0x40, 0x0, 0x7,

    /* U+25B6 "▶" */
    0xa3, 0x0, 0x0, 0x0, 0x0, 0xff, 0xb3, 0x0,
    0x0, 0x0, 0xff, 0xff, 0xb3, 0x0, 0x0, 0xff,
    0xff, 0xff, 0xb3, 0x0, 0xff, 0xff, 0xff, 0xff,
    0xb2, 0xff, 0xff, 0xff, 0xfd, 0x60, 0xff, 0xff,
    0xfd, 0x60, 0x0, 0xff, 0xfd, 0x60, 0x0, 0x0,
    0xfd, 0x60, 0x0, 0x0, 0x0, 0x50, 0x0, 0x0,
    0x0, 0x0,

    /* U+25C9 "◉" */
    0x0, 0x4b, 0xee, 0x92, 0x0, 0x8, 0xd5, 0x43,
    0x6e, 0x40, 0x4c, 0x4d, 0xff, 0xb3, 0xe1, 0xb4,
    0xef, 0xff, 0xfa, 0x87, 0xe4, 0xff, 0xff, 0xff,
    0x4a, 0xe4, 0xff, 0xff, 0xff, 0x4a, 0xb5, 0xdf,
    0xff, 0xf9, 0x97, 0x3d, 0x3b, 0xff, 0x94, 0xe1,
    0x6, 0xe7, 0x34, 0x9e, 0x30, 0x0, 0x28, 0xcb,
    0x71, 0x0,

    /* U+25CC "◌" */
    0x0, 0x12, 0xed, 0x1, 0x0, 0x8, 0xb0, 0x0,
    0xe, 0x50, 0x7, 0x0, 0x0, 0x2, 0x50, 0x20,
    0x0, 0x0, 0x0, 0x1, 0xe0, 0x0, 0x0, 0x0,
    0x4a, 0xe0, 0x0, 0x0, 0x0, 0x4a, 0x0, 0x0,
    0x0, 0x0, 0x0, 0x9, 0x10, 0x0, 0x4, 0x70,
    0x6, 0xb0, 0x33, 0xd, 0x30, 0x0, 0x2, 0xcb,
    0x0, 0x0,

    /* U+266A "♪" */
    0x0, 0x2, 0x0, 0x0, 0x0, 0xc, 0x70, 0x0,
    0x0, 0xc, 0xde, 0x60, 0x0, 0xc, 0x5, 0xe0,
    0x0, 0xc, 0x0, 0x80, 0x0, 0xc, 0x0, 0x10,
    0x0, 0xc, 0x0, 0x0, 0x0, 0xc, 0x0, 0x0,
    0x0, 0xc, 0x0, 0x0, 0x27, 0x5c, 0x0, 0x0,
    0xcf, 0xff, 0x0, 0x0, 0x6d, 0xc5, 0x0, 0x0,

    /* U+266B "♫" */
    0x0, 0x2, 0x0, 0x0, 0x0, 0x0, 0x9f, 0xb6,
    0x20, 0x0, 0x9, 0x9e, 0xff, 0x80, 0x0, 0x90,
    0x3, 0x89, 0x0, 0x9, 0x0, 0x0, 0x90, 0x0,
    0x90, 0x0, 0x9, 0x0, 0x9, 0x0, 0x0, 0x90,
    0x0, 0x90, 0x0, 0x9, 0x0, 0x9, 0x0, 0x0,
    0x90, 0x78, 0xb0, 0x0, 0x9, 0x5f, 0xff, 0x0,
    0x10, 0x91, 0xab, 0x50, 0x9f, 0xe9, 0x0, 0x0,
    0xa, 0xff, 0x50, 0x0, 0x0, 0x3, 0x20,

    /* U+2699 "⚙" */
    0x0, 0x0, 0xa6, 0x0, 0x0, 0x3, 0xfa, 0xfe,
    0xbe, 0x0, 0x2, 0xf9, 0x34, 0xce, 0x0, 0x8e,
    0x80, 0x0, 0xc, 0xe4, 0x6f, 0x20, 0xc7, 0x6,
    0xe3, 0x2f, 0x11, 0xfb, 0x6, 0xd0, 0x9f, 0x70,
    0x10, 0xb, 0xf5, 0x4, 0xf7, 0x12, 0xae, 0x20,
    0x3, 0xfc, 0xff, 0xde, 0x0, 0x0, 0x20, 0xc7,
    0x2, 0x0,

    /* U+3001 "、" */
    0x3, 0x50, 0x0, 0xe, 0xf6, 0x0, 0x3, 0xef,
    0x60, 0x0, 0x2e, 0xf4, 0x0, 0x3, 0xb1,

    /* U+3002 "。" */
    0x3, 0xce, 0x80, 0xe, 0x62, 0xb7, 0x2d, 0x0,
    0x4b, 0xe, 0x41, 0xa8, 0x3, 0xdf, 0xa0,

    /* U+4E00 "一" */
    0x0, 0x0, 0x0, 0x0, 0x0, 0x0, 0x0, 0x0,
    0x1f, 0xff, 0xff, 0xff, 0xff, 0xff, 0xff, 0xf7,
    0x9, 0x99, 0x99, 0x99, 0x99, 0x99, 0x99, 0x94,

    /* U+4E0A "上" */
    0x0, 0x0, 0x0, 0x4f, 0x40, 0x0, 0x0, 0x0,
    0x0, 0x0, 0x0, 0x4f, 0x40, 0x0, 0x0, 0x0,
    0x0, 0x0, 0x0, 0x4f, 0x40, 0x0, 0x0, 0x0,
    0x0, 0x0, 0x0, 0x4f, 0x40, 0x0, 0x0, 0x0,
    0x0, 0x0, 0x0, 0x4f, 0x97, 0x77, 0x77, 0x0,
    0x0, 0x0, 0x0, 0x4f, 0xff, 0xff, 0xff, 0x0,
    0x0, 0x0, 0x0, 0x4f, 0x50, 0x0, 0x0, 0x0,
    0x0, 0x0, 0x0, 0x4f, 0x40, 0x0, 0x0, 0x0,
    0x0, 0x0, 0x0, 0x4f, 0x40, 0x0, 0x0, 0x0,
    0x0, 0x0, 0x0, 0x4f, 0x40, 0x0, 0x0, 0x0,
    0x0, 0x0, 0x0, 0x4f, 0x40, 0x0, 0x0, 0x0,
    0x0, 0x0, 0x0, 0x5f, 0x40, 0x0, 0x0, 0x0,
    0x2f, 0xff, 0xff, 0xff, 0xff, 0xff, 0xff, 0xf2,
    0x17, 0x77, 0x77, 0x77, 0x77, 0x77, 0x77, 0x71,

    /* U+4E0B "下" */
    0x7, 0x77, 0x77, 0x77, 0x77, 0x77, 0x77, 0x70,
    0xf, 0xff, 0xff, 0xff, 0xff, 0xff, 0xff, 0xf1,
    0x0, 0x0, 0x0, 0x2f, 0x70, 0x0, 0x0, 0x0,
    0x0, 0x0, 0x0, 0x1f, 0x70, 0x0, 0x0, 0x0,
    0x0, 0x0, 0x0, 0x1f, 0xb2, 0x0, 0x0, 0x0,
    0x0, 0x0, 0x0, 0x1f, 0xff, 0xa2, 0x0, 0x0,
    0x0, 0x0, 0x0, 0x1f, 0x89, 0xff, 0x80, 0x0,
    0x0, 0x0, 0x0, 0x1f, 0x70, 0x3c, 0xfd, 0x10,
    0x0, 0x0, 0x0, 0x1f, 0x70, 0x0, 0x7a, 0x0,
    0x0, 0x0, 0x0, 0x1f, 0x70, 0x0, 0x0, 0x0,
    0x0, 0x0, 0x0, 0x1f, 0x70, 0x0, 0x0, 0x0,
    0x0, 0x0, 0x0, 0x1f, 0x70, 0x0, 0x0, 0x0,
    0x0, 0x0, 0x0, 0x1f, 0x70, 0x0, 0x0, 0x0,
    0x0, 0x0, 0x0, 0x1f, 0x70, 0x0, 0x0, 0x0,

    /* U+4E0D "不" */
    0x7, 0x77, 0x77, 0x77, 0x77, 0x77, 0x77, 0x50,
    0xe, 0xff, 0xff, 0xff, 0xff, 0xff, 0xff, 0xc0,
    0x0, 0x0, 0x0, 0x8, 0xf7, 0x0, 0x0, 0x0,
    0x0, 0x0, 0x0, 0x3f, 0xd0, 0x0, 0x0, 0x0,
    0x0, 0x0, 0x2, 0xef, 0xb3, 0x20, 0x0, 0x0,
    0x0, 0x0, 0x1d, 0xff, 0xcd, 0xf6, 0x0, 0x0,
    0x0, 0x3, 0xef, 0x4e, 0xb1, 0xbf, 0xb1, 0x0,
    0x0, 0x7f, 0xe3, 0xe, 0xb0, 0x7, 0xfd, 0x20,
    0x2d, 0xfb, 0x20, 0xe, 0xb0, 0x0, 0x5f, 0xe1,
    0xa, 0x60, 0x0, 0xe, 0xb0, 0x0, 0x4, 0x60,
    0x0, 0x0, 0x0, 0xe, 0xb0, 0x0, 0x0, 0x0,
    0x0, 0x0, 0x0, 0xe, 0xb0, 0x0, 0x0, 0x0,
    0x0, 0x0, 0x0, 0xe, 0xb0, 0x0, 0x0, 0x0,
    0x0, 0x0, 0x0, 0xe, 0xb0, 0x0, 0x0, 0x0,

    /* U+4E0E "与" */
    0x0, 0x0, 0x0, 0x0, 0x0, 0x0, 0x0, 0x0,
    0x0, 0xf, 0x80, 0x0, 0x0, 0x0, 0x0, 0x0,
    0x2, 0xf9, 0x55, 0x55, 0x55, 0x55, 0x0, 0x0,
    0x5f, 0xff, 0xff, 0xff, 0xff, 0xf0, 0x0, 0x8,
    0xf1, 0x11, 0x11, 0x11, 0x11, 0x0, 0x0, 0xcc,
    0x0, 0x0, 0x0, 0x0, 0x0, 0x0, 0xf, 0xb5,
    0x55, 0x55, 0x55, 0x55, 0x10, 0x3, 0xff, 0xff,
    0xff, 0xff, 0xff, 0xf3, 0x0, 0x0, 0x0, 0x0,
    0x0, 0x0, 0x6f, 0x20, 0x0, 0x0, 0x0, 0x0,
    0x0, 0x7, 0xf0, 0xf, 0xff, 0xff, 0xff, 0xff,
    0xc0, 0xae, 0x0, 0x66, 0x66, 0x66, 0x66, 0x65,
    0xd, 0xb0, 0x0, 0x0, 0x0, 0x0, 0x0, 0x1,
    0xf8, 0x0, 0x0, 0x0, 0x0, 0x27, 0x77, 0xcf,
    0x20, 0x0, 0x0, 0x0, 0x1, 0xff, 0xfe, 0x60,
    0x0, 0x0, 0x0, 0x0, 0x0, 0x0, 0x0, 0x0,

    /* U+4E13 "专" */
    0x0, 0x0, 0x0, 0x48, 0x0, 0x0, 0x0, 0x0,
    0x0, 0x0, 0xa, 0xe0, 0x0, 0x0, 0x0, 0x0,
    0xbf, 0xff, 0xff, 0xff, 0xff, 0xfb, 0x0, 0x5,
    0x77, 0xaf, 0x97, 0x77, 0x77, 0x50, 0x0, 0x0,
    0x7, 0xf1, 0x0, 0x0, 0x0, 0x0, 0x77, 0x77,
    0xdf, 0x77, 0x77, 0x77, 0x76, 0xe, 0xee, 0xff,
    0xfe, 0xee, 0xee, 0xee, 0xd0, 0x0, 0x5, 0xf3,
    0x0, 0x0, 0x0, 0x0, 0x0, 0x0, 0xbf, 0x77,
    0x77, 0x77, 0x72, 0x0, 0x0, 0xe, 0xee, 0xee,
    0xee, 0xff, 0x70, 0x0, 0x0, 0x0, 0x0, 0x0,
    0x8f, 0x80, 0x0, 0x0, 0x2, 0x40, 0x0, 0x8f,
    0x80, 0x0, 0x0, 0x0, 0x9f, 0xfb, 0xaf, 0x80,
    0x0, 0x0, 0x0, 0x0, 0x17, 0xcf, 0xf9, 0x20,
    0x0, 0x0, 0x0, 0x0, 0x0, 0x29, 0xff, 0x10,
    0x0, 0x0, 0x0, 0x0, 0x0, 0x1, 0x40, 0x0,

    /* U+4E1C "东" */
    0x0, 0x0, 0x0, 0x41, 0x0, 0x0, 0x0, 0x0,
    0x0, 0x0, 0x1f, 0xd0, 0x0, 0x0, 0x0, 0x5,
    0x55, 0x59, 0xfa, 0x55, 0x55, 0x55, 0x20, 0xef,
    0xff, 0xff, 0xff, 0xff, 0xff, 0xf7, 0x1, 0x11,
    0xaf, 0x31, 0x21, 0x11, 0x11, 0x0, 0x0, 0x4f,
    0x70, 0x3f, 0x40, 0x0, 0x0, 0x0, 0x2e, 0xc0,
    0x3, 0xf4, 0x0, 0x0, 0x0, 0xc, 0xff, 0xff,
    0xff, 0xff, 0xff, 0xb0, 0x0, 0x58, 0x77, 0x79,
    0xfa, 0x77, 0x76, 0x0, 0x0, 0x12, 0x0, 0x3f,
    0x40, 0x30, 0x0, 0x0, 0xb, 0xe1, 0x3, 0xf4,
    0x4f, 0x60, 0x0, 0x4, 0xf7, 0x0, 0x3f, 0x40,
    0x8f, 0x50, 0x2, 0xed, 0x0, 0x3, 0xf4, 0x0,
    0xbf, 0x20, 0xce, 0x20, 0x37, 0xaf, 0x30, 0x1,
    0xea, 0x1, 0x30, 0x2, 0xff, 0xa0, 0x0, 0x2,
    0x0, 0x0, 0x0, 0x0, 0x0, 0x0, 0x0, 0x0,

    /* U+4E2A "个" */
    0x0, 0x0, 0x0, 0x3, 0x60, 0x0, 0x0, 0x0,
    0x0, 0x0, 0x0, 0x1e, 0xe0, 0x0, 0x0, 0x0,
    0x0, 0x0, 0x0, 0xcf, 0xf9, 0x0, 0x0, 0x0,
    0x0, 0x0, 0x1c, 0xf4, 0x7f, 0xa0, 0x0, 0x0,
    0x0, 0x4, 0xef, 0x30, 0x7, 0xfd, 0x30, 0x0,
    0x2, 0xaf, 0xe3, 0xb, 0x70, 0x5f, 0xf9, 0x10,
    0x4f, 0xf9, 0x0, 0xe, 0x90, 0x1, 0xbf, 0xf1,
    0x8, 0x20, 0x0, 0xe, 0x90, 0x0, 0x5, 0x70,
    0x0, 0x0, 0x0, 0xe, 0x90, 0x0, 0x0, 0x0,
    0x0, 0x0, 0x0, 0xe, 0x90, 0x0, 0x0, 0x0,
    0x0, 0x0, 0x0, 0xe, 0x90, 0x0, 0x0, 0x0,
    0x0, 0x0, 0x0, 0xe, 0x90, 0x0, 0x0, 0x0,
    0x0, 0x0, 0x0, 0xe, 0x90, 0x0, 0x0, 0x0,
    0x0, 0x0, 0x0, 0xe, 0x90, 0x0, 0x0, 0x0,
    0x0, 0x0, 0x0, 0xe, 0x90, 0x0, 0x0, 0x0,

    /* U+4E2D "中" */
    0x0, 0x0, 0x0, 0xe9, 0x0, 0x0, 0x0, 0x0,
    0x0, 0x0, 0xe9, 0x0, 0x0, 0x0, 0x37, 0x77,
    0x77, 0xfc, 0x77, 0x77, 0x71, 0x7f, 0xff, 0xff,
    0xff, 0xff, 0xff, 0xf2, 0x7f, 0x0, 0x0, 0xe9,
    0x0, 0x6, 0xf2, 0x7f, 0x0, 0x0, 0xe9, 0x0,
    0x6, 0xf2, 0x7f, 0x0, 0x0, 0xe9, 0x0, 0x6,
    0xf2, 0x7f, 0x54, 0x44, 0xfb, 0x44, 0x49, 0xf2,
    0x7f, 0xff, 0xff, 0xff, 0xff, 0xff, 0xf2, 0x7f,
    0x32, 0x22, 0xea, 0x22, 0x27, 0xf2, 0x13, 0x0,
    0x0, 0xe9, 0x0, 0x0, 0x20, 0x0, 0x0, 0x0,
    0xe9, 0x0, 0x0, 0x0, 0x0, 0x0, 0x0, 0xe9,
    0x0, 0x0, 0x0, 0x0, 0x0, 0x0, 0xe9, 0x0,
    0x0, 0x0,

    /* U+4E3A "为" */
    0x0, 0x17, 0x10, 0x8f, 0x0, 0x0, 0x0, 0x0,
    0x1, 0xeb, 0x8, 0xf0, 0x0, 0x0, 0x0, 0x0,
    0x4, 0xe3, 0x9e, 0x0, 0x0, 0x0, 0x0, 0x58,
    0x88, 0x8c, 0xf8, 0x88, 0x88, 0x83, 0x9, 0xff,
    0xff, 0xff, 0xff, 0xff, 0xff, 0x70, 0x0, 0x0,
    0xe, 0xa0, 0x0, 0x2, 0xf6, 0x0, 0x0, 0x2,
    0xf6, 0x11, 0x0, 0x3f, 0x50, 0x0, 0x0, 0x8f,
    0x2d, 0xc0, 0x4, 0xf4, 0x0, 0x0, 0xe, 0xb0,
    0x3f, 0x90, 0x5f, 0x30, 0x0, 0x9, 0xf4, 0x0,
    0x8d, 0x6, 0xf2, 0x0, 0x5, 0xf9, 0x0, 0x0,
    0x0, 0x8f, 0x10, 0x6, 0xfd, 0x0, 0x0, 0x0,
    0xb, 0xe0, 0xa, 0xfb, 0x10, 0x0, 0x8, 0x89,
    0xfb, 0x0, 0x59, 0x0, 0x0, 0x0, 0xbf, 0xfc,
    0x20, 0x0, 0x0, 0x0, 0x0, 0x0, 0x0, 0x0,
    0x0,

    /* U+4E3B "主" */
    0x0, 0x0, 0x0, 0x11, 0x0, 0x0, 0x0, 0x0,
    0x0, 0x0, 0x0, 0xde, 0x40, 0x0, 0x0, 0x0,
    0x0, 0x0, 0x0, 0x1c, 0xf6, 0x0, 0x0, 0x0,
    0x1, 0x55, 0x55, 0x56, 0xec, 0x55, 0x55, 0x10,
    0x5, 0xff, 0xff, 0xff, 0xff, 0xff, 0xff, 0x50,
    0x0, 0x11, 0x11, 0x1d, 0xd1, 0x11, 0x11, 0x0,
    0x0, 0x0, 0x0, 0xc, 0xc0, 0x0, 0x0, 0x0,
    0x0, 0x0, 0x0, 0xc, 0xc0, 0x0, 0x0, 0x0,
    0x0, 0x47, 0x77, 0x7e, 0xe7, 0x77, 0x74, 0x0,
    0x0, 0x8f, 0xff, 0xff, 0xff, 0xff, 0xf9, 0x0,
    0x0, 0x0, 0x0, 0xc, 0xc0, 0x0, 0x0, 0x0,
    0x0, 0x0, 0x0, 0xc, 0xc0, 0x0, 0x0, 0x0,
    0x0, 0x0, 0x0, 0xc, 0xc0, 0x0, 0x0, 0x0,
    0xf, 0xff, 0xff, 0xff, 0xff, 0xff, 0xff, 0xf1,
    0x7, 0x77, 0x77, 0x77, 0x77, 0x77, 0x77, 0x70,

    /* U+4E89 "争" */
    0x0, 0x0, 0x3, 0x30, 0x0, 0x0, 0x0, 0x0,
    0x0, 0x0, 0x2f, 0xc1, 0x11, 0x10, 0x0, 0x0,
    0x0, 0x0, 0xdf, 0xff, 0xff, 0xfc, 0x0, 0x0,
    0x0, 0x2d, 0xe4, 0x22, 0x2a, 0xf4, 0x0, 0x0,
    0x4, 0xef, 0x75, 0x55, 0x8f, 0xb5, 0x52, 0x0,
    0x4, 0xbf, 0xff, 0xff, 0xff, 0xff, 0xf6, 0x0,
    0x0, 0x0, 0x0, 0xc, 0xb0, 0x1, 0xf6, 0x0,
    0x6, 0x66, 0x66, 0x6d, 0xd6, 0x67, 0xfa, 0x63,
    0x1f, 0xff, 0xff, 0xff, 0xff, 0xff, 0xff, 0xf8,
    0x0, 0x0, 0x0, 0xc, 0xb0, 0x1, 0xf6, 0x0,
    0x0, 0x46, 0x66, 0x6d, 0xd6, 0x67, 0xf6, 0x0,
    0x0, 0x9f, 0xff, 0xff, 0xff, 0xff, 0xf6, 0x0,
    0x0, 0x0, 0x0, 0xc, 0xb0, 0x0, 0x0, 0x0,
    0x0, 0x0, 0x36, 0x6e, 0xb0, 0x0, 0x0, 0x0,
    0x0, 0x0, 0x3f, 0xfd, 0x50, 0x0, 0x0, 0x0,

    /* U+4E8C "二" */
    0x0, 0x0, 0x0, 0x0, 0x0, 0x0, 0x0, 0x0,
    0x0, 0xbf, 0xff, 0xff, 0xff, 0xff, 0xfb, 0x0,
    0x0, 0x69, 0x99, 0x99, 0x99, 0x99, 0x96, 0x0,
    0x0, 0x0, 0x0, 0x0, 0x0, 0x0, 0x0, 0x0,
    0x0, 0x0, 0x0, 0x0, 0x0, 0x0, 0x0, 0x0,
    0x0, 0x0, 0x0, 0x0, 0x0, 0x0, 0x0, 0x0,
    0x0, 0x0, 0x0, 0x0, 0x0, 0x0, 0x0, 0x0,
    0x0, 0x0, 0x0, 0x0, 0x0, 0x0, 0x0, 0x0,
    0x0, 0x0, 0x0, 0x0, 0x0, 0x0, 0x0, 0x0,
    0x0, 0x0, 0x0, 0x0, 0x0, 0x0, 0x0, 0x0,
    0xf, 0xff, 0xff, 0xff, 0xff, 0xff, 0xff, 0xf0,
    0xb, 0xbb, 0xbb, 0xbb, 0xbb, 0xbb, 0xbb, 0xb0,

    /* U+4E8E "于" */
    0x0, 0x55, 0x55, 0x55, 0x55, 0x55, 0x55, 0x0,
    0x0, 0xff, 0xff, 0xff, 0xff, 0xff, 0xff, 0x0,
    0x0, 0x22, 0x22, 0x2a, 0xf2, 0x22, 0x22, 0x0,
    0x0, 0x0, 0x0, 0x9, 0xe0, 0x0, 0x0, 0x0,
    0x0, 0x0, 0x0, 0x9, 0xe0, 0x0, 0x0, 0x0,
    0x2, 0x22, 0x22, 0x2b, 0xf2, 0x22, 0x22, 0x20,
    0x1f, 0xff, 0xff, 0xff, 0xff, 0xff, 0xff, 0xf1,
    0x4, 0x44, 0x44, 0x4b, 0xf4, 0x44, 0x44, 0x40,
    0x0, 0x0, 0x0, 0x9, 0xe0, 0x0, 0x0, 0x0,
    0x0, 0x0, 0x0, 0x9, 0xe0, 0x0, 0x0, 0x0,
    0x0, 0x0, 0x0, 0x9, 0xe0, 0x0, 0x0, 0x0,
    0x0, 0x0, 0x0, 0x9, 0xe0, 0x0, 0x0, 0x0,
    0x0, 0x0, 0x78, 0x8d, 0xd0, 0x0, 0x0, 0x0,
    0x0, 0x0, 0x8f, 0xfd, 0x50, 0x0, 0x0, 0x0,
    0x0, 0x0, 0x0, 0x0, 0x0, 0x0, 0x0, 0x0,

    /* U+4EAB "享" */
    0x0, 0x0, 0x0, 0x6, 0x30, 0x0, 0x0, 0x0,
    0x1, 0x11, 0x11, 0x2f, 0xc1, 0x11, 0x11, 0x10,
    0xe, 0xff, 0xff, 0xff, 0xff, 0xff, 0xff, 0xe0,
    0x2, 0x22, 0x22, 0x22, 0x22, 0x22, 0x22, 0x20,
    0x0, 0xf, 0xff, 0xff, 0xff, 0xff, 0xf1, 0x0,
    0x0, 0xf, 0x81, 0x11, 0x11, 0x18, 0xf1, 0x0,
    0x0, 0xf, 0xdb, 0xbb, 0xbb, 0xbd, 0xf1, 0x0,
    0x0, 0x3, 0x33, 0x33, 0x33, 0x33, 0x40, 0x0,
    0x0, 0x8f, 0xff, 0xff, 0xff, 0xff, 0xe3, 0x0,
    0x0, 0x23, 0x33, 0x34, 0x8d, 0xfc, 0x50, 0x0,
    0x0, 0x0, 0x0, 0xc, 0xe8, 0x30, 0x0, 0x0,
    0x1f, 0xff, 0xff, 0xff, 0xff, 0xff, 0xff, 0xf1,
    0x4, 0x44, 0x44, 0x4d, 0xd4, 0x44, 0x44, 0x40,
    0x0, 0x0, 0x23, 0x3d, 0xb0, 0x0, 0x0, 0x0,
    0x0, 0x0, 0x5f, 0xfe, 0x50, 0x0, 0x0, 0x0,

    /* U+4EAC "京" */
    0x0, 0x0, 0x0, 0x5, 0x10, 0x0, 0x0, 0x0,
    0x0, 0x0, 0x2, 0xf9, 0x0, 0x0, 0x0, 0x7,
    0x77, 0x77, 0x7d, 0xf8, 0x77, 0x77, 0x70, 0xef,
    0xff, 0xff, 0xff, 0xff, 0xff, 0xfe, 0x0, 0x0,
    0x0, 0x0, 0x0, 0x0, 0x0, 0x0, 0x0, 0xff,
    0xff, 0xff, 0xff, 0xff, 0x20, 0x0, 0xf, 0x94,
    0x44, 0x44, 0x49, 0xf2, 0x0, 0x0, 0xf6, 0x0,
    0x0, 0x0, 0x6f, 0x20, 0x0, 0xf, 0x95, 0x55,
    0x55, 0x59, 0xf2, 0x0, 0x0, 0xff, 0xff, 0xff,
    0xff, 0xff, 0x20, 0x0, 0x1, 0x0, 0xb, 0xd0,
    0x0, 0x0, 0x0, 0x1, 0xec, 0x0, 0xbd, 0x0,
    0xdb, 0x0, 0x1, 0xce, 0x10, 0xb, 0xd0, 0x3,
    0xfc, 0x0, 0xde, 0x21, 0x66, 0xed, 0x0, 0x4,
    0xf9, 0x3, 0x10, 0xf, 0xfe, 0x60, 0x0, 0x4,
    0x10,

    /* U+4EAE "亮" */
    0x0, 0x0, 0x0, 0x5, 0x30, 0x0, 0x0, 0x0,
    0x0, 0x0, 0x0, 0xd, 0xd0, 0x0, 0x0, 0x0,
    0xf, 0xff, 0xff, 0xff, 0xff, 0xff, 0xff, 0xf0,
    0x3, 0x33, 0x33, 0x33, 0x33, 0x33, 0x33, 0x30,
    0x0, 0xc, 0xff, 0xff, 0xff, 0xff, 0xe0, 0x0,
    0x0, 0xc, 0xa0, 0x0, 0x0, 0xa, 0xe0, 0x0,
    0x0, 0xc, 0xff, 0xff, 0xff, 0xff, 0xe0, 0x0,
    0x0, 0x1, 0x22, 0x22, 0x22, 0x22, 0x20, 0x0,
    0xc, 0xff, 0xff, 0xff, 0xff, 0xff, 0xff, 0xc0,
    0xc, 0xa1, 0x11, 0x11, 0x11, 0x11, 0x1b, 0xc0,
    0xb, 0x80, 0x4f, 0xff, 0xff, 0xf3, 0x9, 0xa0,
    0x0, 0x0, 0x7f, 0x54, 0x48, 0xf3, 0x0, 0x0,
    0x0, 0x0, 0xdd, 0x0, 0x5, 0xf3, 0x4, 0xa0,
    0x1, 0x6d, 0xf4, 0x0, 0x4, 0xf7, 0x4a, 0xe0,
    0xc, 0xfb, 0x30, 0x0, 0x1, 0xdf, 0xff, 0x70,
    0x1, 0x10, 0x0, 0x0, 0x0, 0x0, 0x0, 0x0,

    /* U+4EBA "人" */
    0x0, 0x0, 0x0, 0xe, 0xb0, 0x0, 0x0, 0x0,
    0x0, 0x0, 0x0, 0xf, 0xb0, 0x0, 0x0, 0x0,
    0x0, 0x0, 0x0, 0xf, 0xa0, 0x0, 0x0, 0x0,
    0x0, 0x0, 0x0, 0x2f, 0xd0, 0x0, 0x0, 0x0,
    0x0, 0x0, 0x0, 0x4f, 0xf0, 0x0, 0x0, 0x0,
    0x0, 0x0, 0x0, 0x7f, 0xf5, 0x0, 0x0, 0x0,
    0x0, 0x0, 0x0, 0xbe, 0xea, 0x0, 0x0, 0x0,
    0x0, 0x0, 0x2, 0xf9, 0x9f, 0x0, 0x0, 0x0,
    0x0, 0x0, 0x8, 0xf3, 0x3f, 0x70, 0x0, 0x0,
    0x0, 0x0, 0x2f, 0xb0, 0xa, 0xf2, 0x0, 0x0,
    0x0, 0x0, 0xcf, 0x30, 0x2, 0xfc, 0x0, 0x0,
    0x0, 0xb, 0xf7, 0x0, 0x0, 0x5f, 0xc1, 0x0,
    0x2, 0xcf, 0x90, 0x0, 0x0, 0x7, 0xfd, 0x40,
    0x1f, 0xf6, 0x0, 0x0, 0x0, 0x0, 0x4e, 0xf2,
    0x3, 0x20, 0x0, 0x0, 0x0, 0x0, 0x0, 0x40,

    /* U+4ECA "今" */
    0x0, 0x0, 0x0, 0x2, 0x20, 0x0, 0x0, 0x0,
    0x0, 0x0, 0x0, 0x1d, 0xf1, 0x0, 0x0, 0x0,
    0x0, 0x0, 0x0, 0xbf, 0xfb, 0x0, 0x0, 0x0,
    0x0, 0x0, 0x1c, 0xf5, 0x3e, 0xd2, 0x0, 0x0,
    0x0, 0x4, 0xef, 0x40, 0x2, 0xef, 0x60, 0x0,
    0x2, 0xaf, 0xe4, 0x6d, 0x20, 0x1c, 0xfc, 0x30,
    0x2f, 0xf9, 0x10, 0x1c, 0xf5, 0x0, 0x7f, 0xf2,
    0x6, 0x30, 0x0, 0x0, 0xbe, 0x10, 0x2, 0x40,
    0x0, 0x39, 0x99, 0x99, 0x9b, 0x99, 0x94, 0x0,
    0x0, 0x6f, 0xff, 0xff, 0xff, 0xff, 0xf6, 0x0,
    0x0, 0x0, 0x0, 0x0, 0x0, 0x4f, 0xa0, 0x0,
    0x0, 0x0, 0x0, 0x0, 0x2, 0xed, 0x0, 0x0,
    0x0, 0x0, 0x0, 0x0, 0xd, 0xf2, 0x0, 0x0,
    0x0, 0x0, 0x0, 0x0, 0xbf, 0x50, 0x0, 0x0,
    0x0, 0x0, 0x0, 0x7, 0xf8, 0x0, 0x0, 0x0,
    0x0, 0x0, 0x0, 0x0, 0x40, 0x0, 0x0, 0x0,

    /* U+4ECE "从" */
    0x0, 0x0, 0x0, 0x0, 0x0, 0x0, 0x0, 0x0,
    0x0, 0x0, 0xf9, 0x0, 0x0, 0xeb, 0x0, 0x0,
    0x0, 0x1, 0xf8, 0x0, 0x0, 0xfa, 0x0, 0x0,
    0x0, 0x2, 0xf7, 0x0, 0x1, 0xf8, 0x0, 0x0,
    0x0, 0x3, 0xf6, 0x0, 0x2, 0xf7, 0x0, 0x0,
    0x0, 0x4, 0xf4, 0x0, 0x4, 0xf5, 0x0, 0x0,
    0x0, 0x7, 0xf9, 0x0, 0x7, 0xf5, 0x0, 0x0,
    0x0, 0x9, 0xff, 0x50, 0xa, 0xfa, 0x0, 0x0,
    0x0, 0xb, 0xdb, 0xf2, 0xd, 0xfe, 0x0, 0x0,
    0x0, 0xf, 0x91, 0xeb, 0x2f, 0xcf, 0x50, 0x0,
    0x0, 0x5f, 0x50, 0x6e, 0xaf, 0x2c, 0xc0, 0x0,
    0x0, 0xaf, 0x10, 0x2, 0xec, 0x5, 0xf5, 0x0,
    0x3, 0xfa, 0x0, 0x9, 0xf6, 0x0, 0xde, 0x20,
    0xd, 0xf2, 0x0, 0x7f, 0xb0, 0x0, 0x3f, 0xe2,
    0x2d, 0x80, 0x0, 0x9e, 0x10, 0x0, 0x6, 0xb0,
    0x0, 0x0, 0x0, 0x1, 0x0, 0x0, 0x0, 0x0,

    /* U+4EE5 "以" */
    0x0, 0x0, 0x0, 0x0, 0x0, 0x0, 0x0, 0x0,
    0x48, 0x0, 0x0, 0x0, 0x1, 0xf7, 0x0, 0x8,
    0xf1, 0xc, 0x90, 0x0, 0x2f, 0x60, 0x0, 0x8f,
    0x10, 0x7f, 0x50, 0x3, 0xf5, 0x0, 0x8, 0xf1,
    0x0, 0xce, 0x0, 0x5f, 0x30, 0x0, 0x8f, 0x10,
    0x4, 0xf4, 0x7, 0xf1, 0x0, 0x8, 0xf1, 0x0,
    0x1, 0x0, 0xbe, 0x0, 0x0, 0x8f, 0x10, 0x0,
    0x0, 0xf, 0xa0, 0x0, 0x8, 0xf1, 0x0, 0x0,
    0x4, 0xf6, 0x0, 0x0, 0x8f, 0x10, 0x78, 0x0,
    0xaf, 0x10, 0x0, 0x8, 0xf9, 0xef, 0x80, 0x3f,
    0xf5, 0x0, 0x0, 0xdf, 0xfa, 0x20, 0x1e, 0xeb,
    0xf5, 0x0, 0x6f, 0xb2, 0x0, 0x3e, 0xf2, 0xc,
    0xf4, 0x0, 0x40, 0x1, 0xaf, 0xe4, 0x0, 0x1e,
    0xe2, 0x0, 0x0, 0xb, 0x90, 0x0, 0x0, 0x3a,
    0x0, 0x0, 0x0, 0x0, 0x0, 0x0, 0x0, 0x0,

    /* U+4F18 "优" */
    0x0, 0x0, 0x10, 0x0, 0x0, 0x0, 0x0, 0x0,
    0x0, 0x2, 0xf5, 0x0, 0xe9, 0x6, 0x80, 0x0,
    0x0, 0x9, 0xe0, 0x0, 0xe8, 0x3, 0xea, 0x0,
    0x0, 0x1f, 0x60, 0x0, 0xe8, 0x0, 0x3b, 0x10,
    0x0, 0x9f, 0x4e, 0xee, 0xff, 0xee, 0xee, 0xe2,
    0x4, 0xff, 0x27, 0x78, 0xfb, 0x77, 0x77, 0x71,
    0x2e, 0xff, 0x0, 0x2, 0xf4, 0x0, 0x0, 0x0,
    0x2f, 0xaf, 0x0, 0x4, 0xf3, 0xf7, 0x0, 0x0,
    0x2, 0x7f, 0x0, 0x6, 0xf0, 0xf7, 0x0, 0x0,
    0x0, 0x7f, 0x0, 0xb, 0xc0, 0xf7, 0x0, 0x0,
    0x0, 0x7f, 0x0, 0xf, 0x80, 0xf7, 0x0, 0x0,
    0x0, 0x7f, 0x0, 0x7f, 0x10, 0xf7, 0x0, 0x91,
    0x0, 0x7f, 0x1, 0xe8, 0x0, 0xf7, 0x1, 0xf3,
    0x0, 0x7f, 0x1d, 0xc0, 0x0, 0xfb, 0x58, 0xf1,
    0x0, 0x7f, 0x4c, 0x10, 0x0, 0x9f, 0xff, 0x90,

    /* U+4F1A "会" */
    0x0, 0x0, 0x0, 0x0, 0x20, 0x0, 0x0, 0x0,
    0x0, 0x0, 0x0, 0x7, 0xf5, 0x0, 0x0, 0x0,
    0x0, 0x0, 0x0, 0x6f, 0xfa, 0x0, 0x0, 0x0,
    0x0, 0x0, 0x9, 0xf9, 0x3e, 0xd3, 0x0, 0x0,
    0x0, 0x6, 0xef, 0x60, 0x2, 0xcf, 0xa2, 0x0,
    0x5, 0xdf, 0xfa, 0x66, 0x66, 0x7e, 0xff, 0xb2,
    0xb, 0xe7, 0x8f, 0xff, 0xff, 0xff, 0x19, 0xe2,
    0x0, 0x0, 0x0, 0x0, 0x0, 0x0, 0x0, 0x0,
    0x2, 0x77, 0x77, 0x77, 0x77, 0x77, 0x77, 0x60,
    0x4, 0xff, 0xff, 0xff, 0xff, 0xff, 0xff, 0xc0,
    0x0, 0x0, 0x8, 0xf7, 0x0, 0x45, 0x0, 0x0,
    0x0, 0x0, 0x6f, 0x90, 0x0, 0x9f, 0x50, 0x0,
    0x0, 0x6, 0xfa, 0x0, 0x12, 0x3d, 0xf5, 0x0,
    0x0, 0x7f, 0xfe, 0xff, 0xff, 0xff, 0xff, 0x20,
    0x0, 0x5c, 0xa9, 0x76, 0x53, 0x21, 0x1f, 0x70,
    0x0, 0x0, 0x0, 0x0, 0x0, 0x0, 0x1, 0x0,

    /* U+4F46 "但" */
    0x0, 0x0, 0x30, 0x0, 0x0, 0x0, 0x0, 0x0,
    0x0, 0x1, 0xf9, 0x35, 0x55, 0x55, 0x55, 0x0,
    0x0, 0x9, 0xf2, 0x9f, 0xff, 0xff, 0xff, 0x10,
    0x0, 0x1f, 0x90, 0x9e, 0x0, 0x0, 0x8f, 0x10,
    0x0, 0xaf, 0x30, 0x9e, 0x0, 0x0, 0x8f, 0x10,
    0x6, 0xff, 0x20, 0x9e, 0x22, 0x22, 0x9f, 0x10,
    0x4f, 0xff, 0x20, 0x9f, 0xff, 0xff, 0xff, 0x10,
    0x2e, 0x7f, 0x20, 0x9f, 0x33, 0x33, 0x9f, 0x10,
    0x1, 0x5f, 0x20, 0x9e, 0x0, 0x0, 0x8f, 0x10,
    0x0, 0x5f, 0x20, 0x9e, 0x0, 0x0, 0x8f, 0x10,
    0x0, 0x5f, 0x20, 0x9f, 0xff, 0xff, 0xff, 0x10,
    0x0, 0x5f, 0x20, 0x46, 0x66, 0x66, 0x66, 0x0,
    0x0, 0x5f, 0x20, 0x0, 0x0, 0x0, 0x0, 0x0,
    0x0, 0x5f, 0x2e, 0xee, 0xee, 0xee, 0xee, 0xe4,
    0x0, 0x5f, 0x26, 0x66, 0x66, 0x66, 0x66, 0x62,

    /* U+4F4D "位" */
    0x0, 0x0, 0x10, 0x0, 0x2, 0x30, 0x0, 0x0,
    0x0, 0x0, 0xcc, 0x0, 0xa, 0xd0, 0x0, 0x0,
    0x0, 0x4, 0xf5, 0x0, 0x5, 0xf2, 0x0, 0x0,
    0x0, 0xc, 0xe0, 0x77, 0x78, 0xb8, 0x77, 0x50,
    0x0, 0x5f, 0x70, 0xef, 0xff, 0xff, 0xff, 0xb0,
    0x1, 0xef, 0x60, 0x1, 0x10, 0x0, 0x33, 0x0,
    0xd, 0xff, 0x60, 0xd, 0x80, 0x0, 0xcc, 0x0,
    0xd, 0x6f, 0x60, 0xa, 0xb0, 0x0, 0xe9, 0x0,
    0x1, 0x1f, 0x60, 0x7, 0xf0, 0x1, 0xf6, 0x0,
    0x0, 0x1f, 0x60, 0x5, 0xf2, 0x3, 0xf2, 0x0,
    0x0, 0x1f, 0x60, 0x2, 0xf4, 0x7, 0xe0, 0x0,
    0x0, 0x1f, 0x60, 0x0, 0xf7, 0xa, 0xb0, 0x0,
    0x0, 0x1f, 0x60, 0x0, 0x50, 0xe, 0x70, 0x0,
    0x0, 0x1f, 0x69, 0xff, 0xff, 0xff, 0xff, 0xf5,
    0x0, 0x1f, 0x64, 0x77, 0x77, 0x77, 0x77, 0x72,

    /* U+4F4E "低" */
    0x0, 0x0, 0x30, 0x0, 0x0, 0x0, 0x13, 0x0,
    0x0, 0x4, 0xf5, 0x0, 0x25, 0x8c, 0xff, 0x40,
    0x0, 0xb, 0xd0, 0xdf, 0xff, 0xfe, 0x62, 0x0,
    0x0, 0x2f, 0x70, 0xf9, 0x30, 0x8d, 0x0, 0x0,
    0x0, 0xbf, 0x10, 0xf6, 0x0, 0x7e, 0x0, 0x0,
    0x5, 0xff, 0x10, 0xf6, 0x0, 0x6f, 0x0, 0x0,
    0x2f, 0xff, 0x10, 0xfa, 0x66, 0xaf, 0x76, 0x61,
    0x5e, 0x7f, 0x10, 0xff, 0xff, 0xff, 0xff, 0xf2,
    0x3, 0x5f, 0x10, 0xf6, 0x0, 0x2f, 0x40, 0x0,
    0x0, 0x5f, 0x10, 0xf6, 0x0, 0xf, 0x60, 0x0,
    0x0, 0x5f, 0x10, 0xf6, 0x0, 0xd, 0x90, 0x0,
    0x0, 0x5f, 0x10, 0xf6, 0x5, 0x49, 0xd0, 0x72,
    0x0, 0x5f, 0x10, 0xf6, 0x18, 0xd4, 0xf4, 0xc5,
    0x0, 0x5f, 0x14, 0xff, 0xf6, 0xe4, 0xcf, 0xf1,
    0x0, 0x5f, 0x16, 0xc7, 0x20, 0x74, 0x2b, 0x80,
    0x0, 0x0, 0x0, 0x0, 0x0, 0x0, 0x0, 0x0,

    /* U+4F5C "作" */
    0x0, 0x0, 0x51, 0x0, 0x41, 0x0, 0x0, 0x0,
    0x0, 0x3, 0xf6, 0x2, 0xf6, 0x0, 0x0, 0x0,
    0x0, 0xb, 0xe0, 0x9, 0xf1, 0x0, 0x0, 0x0,
    0x0, 0x3f, 0x70, 0x1f, 0xff, 0xff, 0xff, 0xf3,
    0x0, 0xcf, 0x10, 0x9f, 0x7f, 0xb7, 0x77, 0x71,
    0x7, 0xff, 0x13, 0xf7, 0xf, 0x70, 0x0, 0x0,
    0x4f, 0xff, 0x2e, 0xd0, 0xf, 0xa5, 0x55, 0x40,
    0x3e, 0x8f, 0x17, 0x30, 0xf, 0xff, 0xff, 0xd0,
    0x1, 0x6f, 0x10, 0x0, 0xf, 0x80, 0x0, 0x0,
    0x0, 0x6f, 0x10, 0x0, 0xf, 0x70, 0x0, 0x0,
    0x0, 0x6f, 0x10, 0x0, 0xf, 0xff, 0xff, 0xf1,
    0x0, 0x6f, 0x10, 0x0, 0xf, 0xb6, 0x66, 0x60,
    0x0, 0x6f, 0x10, 0x0, 0xf, 0x70, 0x0, 0x0,
    0x0, 0x6f, 0x10, 0x0, 0xf, 0x70, 0x0, 0x0,
    0x0, 0x6f, 0x10, 0x0, 0xf, 0x70, 0x0, 0x0,
    0x0, 0x0, 0x0, 0x0, 0x0, 0x0, 0x0, 0x0,

    /* U+4F60 "你" */
    0x0, 0x0, 0x20, 0x2, 0x10, 0x0, 0x0, 0x0,
    0x0, 0x4, 0xf4, 0xe, 0xa0, 0x0, 0x0, 0x0,
    0x0, 0xc, 0xd0, 0x3f, 0x50, 0x0, 0x0, 0x0,
    0x0, 0x4f, 0x50, 0x9f, 0x76, 0x66, 0x66, 0x61,
    0x0, 0xdf, 0x1, 0xef, 0xff, 0xff, 0xff, 0xf3,
    0x9, 0xfe, 0x8, 0xf2, 0x5, 0xf1, 0x5, 0xf0,
    0x6f, 0xee, 0x1f, 0x80, 0x5, 0xf1, 0x8, 0xc0,
    0x4b, 0x8e, 0x3, 0x17, 0x25, 0xf1, 0x65, 0x10,
    0x0, 0x7e, 0x0, 0x5f, 0x35, 0xf1, 0xad, 0x0,
    0x0, 0x7e, 0x0, 0xae, 0x5, 0xf1, 0x4f, 0x40,
    0x0, 0x7e, 0x1, 0xf8, 0x5, 0xf1, 0xd, 0xa0,
    0x0, 0x7e, 0xa, 0xf1, 0x5, 0xf1, 0x9, 0xe0,
    0x0, 0x7e, 0x8, 0x60, 0x5, 0xf1, 0x4, 0xa1,
    0x0, 0x7e, 0x0, 0x1, 0x7b, 0xf1, 0x0, 0x0,
    0x0, 0x7e, 0x0, 0x0, 0xef, 0x90, 0x0, 0x0,
    0x0, 0x0, 0x0, 0x0, 0x0, 0x0, 0x0, 0x0,

    /* U+4FA7 "侧" */
    0x0, 0x3, 0x0, 0x0, 0x0, 0x0, 0x0, 0x0,
    0x3, 0xf6, 0xff, 0xff, 0xf1, 0x0, 0x5e, 0x0,
    0x9a, 0x3e, 0x11, 0x3f, 0x1e, 0x35, 0xe0, 0xe,
    0x53, 0xe1, 0xc1, 0xf1, 0xe3, 0x5e, 0x6, 0xf4,
    0x3e, 0x1e, 0x1f, 0x1e, 0x35, 0xe0, 0xef, 0x43,
    0xe1, 0xe1, 0xf1, 0xe3, 0x5e, 0x7f, 0xf4, 0x3e,
    0x1e, 0x1f, 0x1e, 0x35, 0xe2, 0x7e, 0x43, 0xe1,
    0xe1, 0xf1, 0xe3, 0x5e, 0x0, 0xe4, 0x3e, 0x2e,
    0x1f, 0x1e, 0x35, 0xe0, 0xe, 0x43, 0xe2, 0xd1,
    0xf1, 0xe3, 0x5e, 0x0, 0xe4, 0x3e, 0x4c, 0x1f,
    0x1e, 0x35, 0xe0, 0xe, 0x42, 0x88, 0x81, 0x70,
    0x92, 0x5e, 0x0, 0xe4, 0x1, 0xe6, 0xe2, 0x0,
    0x5, 0xe0, 0xe, 0x41, 0xca, 0x7, 0xd0, 0x14,
    0x8d, 0x0, 0xe4, 0x7a, 0x0, 0xa, 0x23, 0xfe,
    0x70, 0x0, 0x0, 0x0, 0x0, 0x0, 0x0, 0x0,

    /* U+4FDD "保" */
    0x0, 0x0, 0x83, 0x0, 0x0, 0x0, 0x0, 0x0,
    0x0, 0x4, 0xf5, 0xef, 0xff, 0xff, 0xff, 0x60,
    0x0, 0xc, 0xd0, 0xea, 0x44, 0x44, 0x5f, 0x60,
    0x0, 0x4f, 0x60, 0xe7, 0x0, 0x0, 0x1f, 0x60,
    0x0, 0xdf, 0x20, 0xe7, 0x0, 0x0, 0x1f, 0x60,
    0xa, 0xff, 0x20, 0xef, 0xff, 0xff, 0xff, 0x60,
    0x6f, 0xcf, 0x20, 0x55, 0x5b, 0xf5, 0x55, 0x20,
    0x1a, 0x4f, 0x20, 0x0, 0x8, 0xe0, 0x0, 0x0,
    0x0, 0x4f, 0x2f, 0xff, 0xff, 0xff, 0xff, 0xf3,
    0x0, 0x4f, 0x26, 0x66, 0xcf, 0xff, 0x66, 0x61,
    0x0, 0x4f, 0x20, 0x5, 0xfe, 0xfe, 0x90, 0x0,
    0x0, 0x4f, 0x20, 0x4f, 0x99, 0xe4, 0xf7, 0x0,
    0x0, 0x4f, 0x28, 0xfc, 0x8, 0xe0, 0x7f, 0xa0,
    0x0, 0x4f, 0x5f, 0x90, 0x8, 0xe0, 0x6, 0xf6,
    0x0, 0x4f, 0x22, 0x0, 0x8, 0xe0, 0x0, 0x20,
    0x0, 0x0, 0x0, 0x0, 0x0, 0x0, 0x0, 0x0,

    /* U+4FE1 "信" */
    0x0, 0x0, 0x40, 0x0, 0x5, 0x0, 0x0, 0x0,
    0x0, 0x6, 0xf1, 0x0, 0x1f, 0x70, 0x0, 0x0,
    0x0, 0xd, 0xa0, 0x0, 0x9, 0xc0, 0x0, 0x0,
    0x0, 0x4f, 0x4e, 0xff, 0xff, 0xff, 0xff, 0xf2,
    0x0, 0xbf, 0x4, 0x44, 0x44, 0x44, 0x44, 0x40,
    0x5, 0xff, 0x0, 0x45, 0x55, 0x55, 0x55, 0x0,
    0x2e, 0xff, 0x0, 0xbd, 0xdd, 0xdd, 0xdd, 0x0,
    0x2d, 0x6f, 0x0, 0x23, 0x33, 0x33, 0x33, 0x0,
    0x0, 0x4f, 0x0, 0xcf, 0xff, 0xff, 0xfe, 0x0,
    0x0, 0x4f, 0x0, 0x0, 0x0, 0x0, 0x0, 0x0,
    0x0, 0x4f, 0x0, 0xff, 0xff, 0xff, 0xff, 0x10,
    0x0, 0x4f, 0x0, 0xf6, 0x33, 0x33, 0x6f, 0x10,
    0x0, 0x4f, 0x0, 0xf3, 0x0, 0x0, 0x2f, 0x10,
    0x0, 0x4f, 0x0, 0xf7, 0x55, 0x55, 0x7f, 0x10,
    0x0, 0x4f, 0x0, 0xfe, 0xdd, 0xdd, 0xee, 0x10,

    /* U+5019 "候" */
    0x0, 0x6, 0x40, 0x0, 0x0, 0x0, 0x0, 0x0,
    0x0, 0xf, 0x80, 0xb, 0xff, 0xff, 0xfb, 0x0,
    0x0, 0x5f, 0x30, 0x2, 0x33, 0x33, 0xd9, 0x0,
    0x0, 0xbd, 0x1, 0x0, 0x0, 0x0, 0xf7, 0x0,
    0x2, 0xf8, 0x5e, 0x7d, 0xdd, 0xdd, 0xfe, 0xd0,
    0xa, 0xf8, 0x5e, 0x36, 0xd8, 0x66, 0x66, 0x60,
    0x5f, 0xf8, 0x5e, 0x3, 0xf5, 0x22, 0x22, 0x10,
    0x6d, 0xf8, 0x5e, 0xb, 0xff, 0xff, 0xff, 0x90,
    0x2, 0xe8, 0x5e, 0x6f, 0x41, 0xf8, 0x11, 0x0,
    0x0, 0xe8, 0x5e, 0x27, 0x0, 0xf8, 0x0, 0x0,
    0x0, 0xe8, 0x5e, 0x8f, 0xff, 0xff, 0xff, 0xf1,
    0x0, 0xe8, 0x5e, 0x13, 0x38, 0xfe, 0x33, 0x30,
    0x0, 0xe8, 0x2, 0x0, 0x3e, 0xbe, 0xa0, 0x0,
    0x0, 0xe8, 0x0, 0x39, 0xfa, 0x2, 0xee, 0x71,
    0x0, 0xe8, 0x0, 0xab, 0x40, 0x0, 0x18, 0xb0,
    0x0, 0x0, 0x0, 0x0, 0x0, 0x0, 0x0, 0x0,

    /* U+5047 "假" */
    0x0, 0x7, 0x20, 0x0, 0x0, 0x0, 0x0, 0x0,
    0x0, 0x3f, 0x5f, 0xff, 0xf6, 0xff, 0xff, 0x60,
    0x0, 0x8f, 0x1f, 0x73, 0xf5, 0x44, 0x4f, 0x60,
    0x0, 0xda, 0x1f, 0x40, 0xf5, 0x0, 0xe, 0x60,
    0x3, 0xf8, 0x1f, 0x40, 0xf5, 0x0, 0xe, 0x60,
    0xb, 0xf7, 0x1f, 0xee, 0xf6, 0xff, 0xff, 0x60,
    0x4f, 0xf7, 0x1f, 0x85, 0x52, 0x44, 0x44, 0x20,
    0x4d, 0xf7, 0x1f, 0x51, 0x14, 0x99, 0x99, 0x40,
    0x2, 0xe7, 0x1f, 0xff, 0xf6, 0xea, 0xaf, 0x60,
    0x0, 0xe7, 0x1f, 0x62, 0x20, 0xf3, 0x4f, 0x20,
    0x0, 0xe7, 0x1f, 0x62, 0x20, 0x9a, 0xbc, 0x0,
    0x0, 0xe7, 0x1f, 0xff, 0xf3, 0x2f, 0xf4, 0x0,
    0x0, 0xe7, 0x1f, 0x51, 0x10, 0x4f, 0xf2, 0x0,
    0x0, 0xe7, 0x1f, 0x40, 0x29, 0xf8, 0xbf, 0x70,
    0x0, 0xe7, 0x1f, 0x40, 0x8b, 0x30, 0x7, 0xc0,
    0x0, 0x0, 0x0, 0x0, 0x0, 0x0, 0x0, 0x0,

    /* U+504F "偏" */
    0x0, 0x0, 0x62, 0x0, 0x8, 0x20, 0x0, 0x0,
    0x0, 0x3f, 0x50, 0x0, 0xda, 0x0, 0x0, 0x0,
    0xb, 0xe5, 0xff, 0xff, 0xff, 0xff, 0xa0, 0x3,
    0xf6, 0x4f, 0x44, 0x44, 0x44, 0xeb, 0x0, 0xdf,
    0x14, 0xf1, 0x0, 0x0, 0xe, 0xb0, 0x9f, 0xf1,
    0x5f, 0xff, 0xff, 0xff, 0xfb, 0x5f, 0xdf, 0x15,
    0xf2, 0x22, 0x22, 0x22, 0x11, 0xb5, 0xf1, 0x5f,
    0xce, 0xee, 0xee, 0xed, 0x0, 0x5f, 0x16, 0xdd,
    0x6d, 0x5c, 0x76, 0xe0, 0x5, 0xf1, 0x8c, 0xd2,
    0xc2, 0xb4, 0x3e, 0x0, 0x5f, 0x1a, 0xbd, 0x6d,
    0x5c, 0x76, 0xe0, 0x5, 0xf1, 0xd8, 0xde, 0xfe,
    0xff, 0xfe, 0x0, 0x5f, 0x2f, 0x5d, 0x2c, 0x2b,
    0x43, 0xe0, 0x5, 0xf7, 0xf0, 0xd2, 0xc2, 0xb6,
    0x6e, 0x0, 0x5f, 0x38, 0xd, 0x27, 0x16, 0x6e,
    0x80,

    /* U+505A "做" */
    0x0, 0x0, 0x0, 0x0, 0x0, 0x1, 0x0, 0x0,
    0x0, 0x6, 0xf1, 0x3f, 0x30, 0xd, 0x70, 0x0,
    0x0, 0xd, 0xb0, 0x3f, 0x30, 0xf, 0x40, 0x0,
    0x0, 0x4f, 0x65, 0x7f, 0x75, 0x4f, 0x64, 0x41,
    0x0, 0xcf, 0x5f, 0xff, 0xff, 0x9f, 0xff, 0xf5,
    0x5, 0xfe, 0x0, 0x3f, 0x40, 0xca, 0xa, 0x90,
    0x2f, 0xfe, 0x0, 0x3f, 0x33, 0xfd, 0xc, 0x60,
    0x3e, 0x8e, 0x3, 0x6f, 0x69, 0xdf, 0x1e, 0x30,
    0x2, 0x6e, 0xf, 0xff, 0xfe, 0x1d, 0x7f, 0x0,
    0x0, 0x6e, 0xf, 0x60, 0x6e, 0x9, 0xeb, 0x0,
    0x0, 0x6e, 0xf, 0x50, 0x6e, 0x5, 0xf6, 0x0,
    0x0, 0x6e, 0xf, 0x50, 0x6e, 0x6, 0xf5, 0x0,
    0x0, 0x6e, 0xf, 0xff, 0xfe, 0x2f, 0xce, 0x10,
    0x0, 0x6e, 0xf, 0x95, 0x58, 0xea, 0xc, 0xd1,
    0x0, 0x6e, 0x9, 0x30, 0x8, 0x80, 0x1, 0xb1,

    /* U+505C "停" */
    0x0, 0x0, 0x30, 0x0, 0x3, 0x30, 0x0, 0x0,
    0x0, 0x3, 0xf5, 0x0, 0xa, 0xe1, 0x0, 0x0,
    0x0, 0xa, 0xda, 0xff, 0xff, 0xff, 0xff, 0xf4,
    0x0, 0x2f, 0x61, 0x33, 0x33, 0x33, 0x33, 0x30,
    0x0, 0xaf, 0x0, 0x9f, 0xff, 0xff, 0xff, 0x0,
    0x5, 0xfe, 0x0, 0x9c, 0x0, 0x0, 0x5f, 0x0,
    0x2f, 0xfe, 0x0, 0x9f, 0xff, 0xff, 0xff, 0x0,
    0xd, 0x8e, 0x1, 0x23, 0x33, 0x33, 0x33, 0x10,
    0x0, 0x6e, 0xe, 0xff, 0xff, 0xff, 0xff, 0xf5,
    0x0, 0x6e, 0xe, 0x50, 0x0, 0x0, 0x0, 0xf5,
    0x0, 0x6e, 0x9, 0xaf, 0xff, 0xff, 0xfc, 0x93,
    0x0, 0x6e, 0x0, 0x13, 0x39, 0xf3, 0x32, 0x0,
    0x0, 0x6e, 0x0, 0x0, 0x7, 0xf0, 0x0, 0x0,
    0x0, 0x6e, 0x0, 0x4, 0x5b, 0xf0, 0x0, 0x0,
    0x0, 0x6e, 0x0, 0x8, 0xfe, 0x80, 0x0, 0x0,

    /* U+5148 "先" */
    0x0, 0x3, 0x91, 0xb, 0xc0, 0x0, 0x0, 0x0,
    0x0, 0x9, 0xe1, 0x1c, 0xc1, 0x11, 0x11, 0x0,
    0x0, 0xe, 0xff, 0xff, 0xff, 0xff, 0xfd, 0x0,
    0x0, 0x7f, 0x65, 0x5d, 0xd5, 0x55, 0x54, 0x0,
    0x1, 0xf9, 0x0, 0xb, 0xc0, 0x0, 0x0, 0x0,
    0x1, 0x91, 0x0, 0xb, 0xc0, 0x0, 0x0, 0x0,
    0x7, 0x77, 0x77, 0x7d, 0xe7, 0x77, 0x77, 0x70,
    0xe, 0xee, 0xff, 0xfe, 0xef, 0xfe, 0xee, 0xe0,
    0x0, 0x0, 0x1f, 0x70, 0xb, 0xc0, 0x0, 0x0,
    0x0, 0x0, 0x5f, 0x40, 0xb, 0xc0, 0x0, 0x0,
    0x0, 0x0, 0xbe, 0x0, 0xb, 0xc0, 0x1, 0x50,
    0x0, 0x8, 0xf7, 0x0, 0xb, 0xc0, 0x3, 0xf2,
    0x4, 0xbf, 0x90, 0x0, 0xb, 0xe6, 0x6a, 0xf0,
    0xd, 0xe6, 0x0, 0x0, 0x5, 0xef, 0xff, 0x80,
    0x1, 0x0, 0x0, 0x0, 0x0, 0x0, 0x0, 0x0,

    /* U+5149 "光" */
    0x0, 0x2, 0x0, 0xc, 0xb0, 0x0, 0x42, 0x0,
    0x0, 0x9e, 0x10, 0xc, 0xb0, 0x0, 0xec, 0x0,
    0x0, 0x1f, 0x90, 0xc, 0xb0, 0x6, 0xf4, 0x0,
    0x0, 0x9, 0xf1, 0xc, 0xb0, 0xe, 0xa0, 0x0,
    0x0, 0x2, 0x91, 0xc, 0xb0, 0x29, 0x10, 0x0,
    0x7, 0x77, 0x77, 0x7e, 0xd7, 0x77, 0x77, 0x70,
    0x1f, 0xff, 0xff, 0xff, 0xff, 0xff, 0xff, 0xf1,
    0x0, 0x0, 0x1f, 0x80, 0xc, 0xb0, 0x0, 0x0,
    0x0, 0x0, 0x3f, 0x50, 0xc, 0xb0, 0x0, 0x0,
    0x0, 0x0, 0x8f, 0x20, 0xc, 0xb0, 0x0, 0x0,
    0x0, 0x1, 0xeb, 0x0, 0xc, 0xb0, 0x0, 0xa1,
    0x0, 0x2d, 0xf3, 0x0, 0xc, 0xb0, 0x1, 0xf4,
    0x19, 0xff, 0x40, 0x0, 0xb, 0xe6, 0x69, 0xf1,
    0xd, 0xa2, 0x0, 0x0, 0x5, 0xef, 0xff, 0x90,
    0x0, 0x0, 0x0, 0x0, 0x0, 0x0, 0x0, 0x0,

    /* U+514B "克" */
    0x0, 0x0, 0x0, 0xc, 0xb0, 0x0, 0x0, 0x0,
    0xc, 0xff, 0xff, 0xff, 0xff, 0xff, 0xff, 0xe0,
    0x4, 0x66, 0x66, 0x6d, 0xd6, 0x66, 0x66, 0x50,
    0x0, 0x0, 0x0, 0xc, 0xb0, 0x0, 0x0, 0x0,
    0x0, 0x1f, 0xff, 0xff, 0xff, 0xff, 0xf4, 0x0,
    0x0, 0x1f, 0x84, 0x44, 0x44, 0x47, 0xf4, 0x0,
    0x0, 0x1f, 0x50, 0x0, 0x0, 0x4, 0xf4, 0x0,
    0x0, 0x1f, 0x95, 0x55, 0x55, 0x58, 0xf4, 0x0,
    0x0, 0x1f, 0xff, 0xff, 0xff, 0xff, 0xf4, 0x0,
    0x0, 0x0, 0xe, 0xb0, 0xf, 0x70, 0x0, 0x0,
    0x0, 0x0, 0x4f, 0x70, 0xf, 0x70, 0x0, 0x50,
    0x0, 0x3, 0xee, 0x0, 0xf, 0x70, 0x1, 0xf4,
    0x6, 0xaf, 0xe3, 0x0, 0xf, 0xc6, 0x69, 0xf2,
    0xd, 0xe9, 0x10, 0x0, 0x9, 0xff, 0xff, 0x90,
    0x1, 0x0, 0x0, 0x0, 0x0, 0x0, 0x0, 0x0,

    /* U+5165 "入" */
    0x0, 0x0, 0x0, 0x0, 0x0, 0x0, 0x0, 0x0,
    0x0, 0x0, 0x1d, 0x50, 0x0, 0x0, 0x0, 0x0,
    0x0, 0x0, 0x1c, 0xf5, 0x0, 0x0, 0x0, 0x0,
    0x0, 0x0, 0x0, 0xcf, 0x30, 0x0, 0x0, 0x0,
    0x0, 0x0, 0x0, 0x1f, 0xc0, 0x0, 0x0, 0x0,
    0x0, 0x0, 0x0, 0x2f, 0xf6, 0x0, 0x0, 0x0,
    0x0, 0x0, 0x0, 0x7f, 0xee, 0x0, 0x0, 0x0,
    0x0, 0x0, 0x0, 0xce, 0x3f, 0x80, 0x0, 0x0,
    0x0, 0x0, 0x3, 0xf9, 0xa, 0xf2, 0x0, 0x0,
    0x0, 0x0, 0xc, 0xf2, 0x2, 0xfb, 0x0, 0x0,
    0x0, 0x0, 0x6f, 0x90, 0x0, 0x9f, 0x50, 0x0,
    0x0, 0x4, 0xfe, 0x0, 0x0, 0x1e, 0xf3, 0x0,
    0x0, 0x5f, 0xf2, 0x0, 0x0, 0x3, 0xfe, 0x40,
    0xa, 0xff, 0x40, 0x0, 0x0, 0x0, 0x6f, 0xf3,
    0x9, 0xc2, 0x0, 0x0, 0x0, 0x0, 0x3, 0xd0,
    0x0, 0x0, 0x0, 0x0, 0x0, 0x0, 0x0, 0x0,

    /* U+5168 "全" */
    0x0, 0x0, 0x0, 0x1, 0x10, 0x0, 0x0, 0x0,
    0x0, 0x0, 0x0, 0xc, 0xf1, 0x0, 0x0, 0x0,
    0x0, 0x0, 0x0, 0x9f, 0xfc, 0x10, 0x0, 0x0,
    0x0, 0x0, 0xa, 0xf6, 0x3e, 0xd2, 0x0, 0x0,
    0x0, 0x2, 0xcf, 0x60, 0x3, 0xee, 0x40, 0x0,
    0x0, 0x6f, 0xe4, 0x0, 0x0, 0x1c, 0xfa, 0x10,
    0x2d, 0xff, 0x86, 0x66, 0x66, 0x66, 0xef, 0xf5,
    0x9, 0x5a, 0xee, 0xef, 0xfe, 0xee, 0xe3, 0xb1,
    0x0, 0x0, 0x0, 0xa, 0xe0, 0x0, 0x0, 0x0,
    0x0, 0x0, 0x11, 0x1b, 0xe1, 0x11, 0x10, 0x0,
    0x0, 0x8, 0xff, 0xff, 0xff, 0xff, 0xe0, 0x0,
    0x0, 0x1, 0x33, 0x3b, 0xe3, 0x33, 0x30, 0x0,
    0x0, 0x0, 0x0, 0xa, 0xe0, 0x0, 0x0, 0x0,
    0x3, 0x55, 0x55, 0x5c, 0xe5, 0x55, 0x55, 0x40,
    0x9, 0xff, 0xff, 0xff, 0xff, 0xff, 0xff, 0xe0,

    /* U+516C "公" */
    0x0, 0x0, 0x0, 0x0, 0x0, 0x0, 0x0, 0x0,
    0x0, 0x0, 0x3d, 0x50, 0x5, 0xe2, 0x0, 0x0,
    0x0, 0x0, 0xcf, 0x10, 0x1, 0xfb, 0x0, 0x0,
    0x0, 0x4, 0xf8, 0x0, 0x0, 0x6f, 0x60, 0x0,
    0x0, 0xd, 0xe1, 0x0, 0x0, 0xc, 0xf3, 0x0,
    0x0, 0xbf, 0x60, 0x7, 0x10, 0x2, 0xee, 0x20,
    0xa, 0xf9, 0x0, 0x6f, 0x90, 0x0, 0x4f, 0xe2,
    0x7, 0xa0, 0x0, 0xee, 0x10, 0x0, 0x5, 0xa0,
    0x0, 0x0, 0x8, 0xf6, 0x0, 0x0, 0x0, 0x0,
    0x0, 0x0, 0x2f, 0xc0, 0x1, 0xc7, 0x0, 0x0,
    0x0, 0x0, 0xce, 0x20, 0x0, 0xbf, 0x30, 0x0,
    0x0, 0x9, 0xf5, 0x0, 0x0, 0x1e, 0xd0, 0x0,
    0x0, 0x9f, 0xe9, 0xab, 0xcd, 0xef, 0xf9, 0x0,
    0x0, 0xbf, 0xfe, 0xdc, 0xb9, 0x87, 0xcf, 0x30,
    0x0, 0x22, 0x0, 0x0, 0x0, 0x0, 0x2f, 0x60,
    0x0, 0x0, 0x0, 0x0, 0x0, 0x0, 0x0, 0x0,

    /* U+5171 "共" */
    0x0, 0x0, 0x9e, 0x0, 0x0, 0xe9, 0x0, 0x0,
    0x0, 0x0, 0x9e, 0x0, 0x0, 0xe9, 0x0, 0x0,
    0x1, 0x33, 0xbf, 0x33, 0x33, 0xfb, 0x33, 0x20,
    0x8, 0xff, 0xff, 0xff, 0xff, 0xff, 0xff, 0xa0,
    0x2, 0x33, 0xbf, 0x33, 0x33, 0xfb, 0x33, 0x20,
    0x0, 0x0, 0x9e, 0x0, 0x0, 0xe9, 0x0, 0x0,
    0x0, 0x0, 0x9e, 0x0, 0x0, 0xe9, 0x0, 0x0,
    0x4, 0x44, 0xbf, 0x44, 0x44, 0xfb, 0x44, 0x41,
    0x2f, 0xff, 0xff, 0xff, 0xff, 0xff, 0xff, 0xf3,
    0x2, 0x22, 0x22, 0x22, 0x22, 0x22, 0x22, 0x20,
    0x0, 0x0, 0x6e, 0x40, 0x5, 0xe6, 0x0, 0x0,
    0x0, 0x7, 0xfa, 0x0, 0x0, 0xaf, 0xa0, 0x0,
    0x2, 0xcf, 0x90, 0x0, 0x0, 0x6, 0xfd, 0x20,
    0xa, 0xe5, 0x0, 0x0, 0x0, 0x0, 0x4f, 0x90,
    0x0, 0x10, 0x0, 0x0, 0x0, 0x0, 0x1, 0x0,

    /* U+5173 "关" */
    0x0, 0x0, 0x20, 0x0, 0x0, 0x3, 0x0, 0x0,
    0x0, 0x3, 0xf5, 0x0, 0x0, 0x3f, 0x80, 0x0,
    0x0, 0x0, 0xbe, 0x0, 0x0, 0xbe, 0x10, 0x0,
    0x0, 0x11, 0x4e, 0x41, 0x15, 0xf7, 0x11, 0x0,
    0x0, 0xdf, 0xff, 0xff, 0xff, 0xff, 0xff, 0x10,
    0x0, 0x55, 0x55, 0x5d, 0xf5, 0x55, 0x55, 0x0,
    0x0, 0x0, 0x0, 0xc, 0xe0, 0x0, 0x0, 0x0,
    0x1, 0x11, 0x11, 0x1c, 0xf1, 0x11, 0x11, 0x10,
    0xd, 0xff, 0xff, 0xff, 0xff, 0xff, 0xff, 0xe0,
    0x5, 0x55, 0x55, 0x8f, 0xfb, 0x55, 0x55, 0x50,
    0x0, 0x0, 0x0, 0xbf, 0xdf, 0x20, 0x0, 0x0,
    0x0, 0x0, 0x9, 0xfb, 0x1e, 0xe2, 0x0, 0x0,
    0x0, 0x3, 0xdf, 0xc0, 0x3, 0xff, 0x70, 0x0,
    0x6, 0xcf, 0xf8, 0x0, 0x0, 0x3d, 0xfe, 0x91,
    0xc, 0xe9, 0x20, 0x0, 0x0, 0x0, 0x7d, 0xc0,
    0x1, 0x0, 0x0, 0x0, 0x0, 0x0, 0x0, 0x0,

    /* U+5185 "内" */
    0x0, 0x0, 0x0, 0xbc, 0x0, 0x0, 0x0, 0x0,
    0x0, 0x0, 0xbc, 0x0, 0x0, 0x0, 0x6f, 0xff,
    0xff, 0xff, 0xff, 0xff, 0xf6, 0x6f, 0x87, 0x77,
    0xed, 0x77, 0x78, 0xf6, 0x6f, 0x10, 0x0, 0xea,
    0x0, 0x1, 0xf6, 0x6f, 0x10, 0x1, 0xfb, 0x0,
    0x1, 0xf6, 0x6f, 0x10, 0x7, 0xff, 0x90, 0x1,
    0xf6, 0x6f, 0x10, 0x2f, 0xa5, 0xfa, 0x1, 0xf6,
    0x6f, 0x12, 0xde, 0x10, 0x5f, 0xa1, 0xf6, 0x6f,
    0x6f, 0xe3, 0x0, 0x7, 0xf8, 0xf6, 0x6f, 0x3a,
    0x10, 0x0, 0x0, 0x51, 0xf6, 0x6f, 0x10, 0x0,
    0x0, 0x0, 0x1, 0xf6, 0x6f, 0x10, 0x0, 0x0,
    0x6, 0x79, 0xf5, 0x6f, 0x10, 0x0, 0x0, 0x8,
    0xfe, 0xa0,

    /* U+518D "再" */
    0x8, 0xff, 0xff, 0xff, 0xff, 0xff, 0xff, 0xf0,
    0x3, 0x55, 0x55, 0x5b, 0xe5, 0x55, 0x55, 0x50,
    0x0, 0x0, 0x0, 0x9, 0xe0, 0x0, 0x0, 0x0,
    0x0, 0x4f, 0xff, 0xff, 0xff, 0xff, 0xfa, 0x0,
    0x0, 0x4f, 0x86, 0x6b, 0xe6, 0x66, 0xdb, 0x0,
    0x0, 0x4f, 0x20, 0x9, 0xe0, 0x0, 0xcb, 0x0,
    0x0, 0x4f, 0xff, 0xff, 0xff, 0xff, 0xfb, 0x0,
    0x0, 0x4f, 0x74, 0x4b, 0xe4, 0x44, 0xdb, 0x0,
    0x0, 0x4f, 0x20, 0x9, 0xe0, 0x0, 0xcb, 0x0,
    0x1f, 0xff, 0xff, 0xff, 0xff, 0xff, 0xff, 0xf9,
    0x6, 0x9f, 0x86, 0x66, 0x66, 0x66, 0xdd, 0x64,
    0x0, 0x4f, 0x20, 0x0, 0x0, 0x0, 0xcb, 0x0,
    0x0, 0x4f, 0x20, 0x0, 0x2, 0x66, 0xea, 0x0,
    0x0, 0x4f, 0x20, 0x0, 0x1, 0xff, 0xd4, 0x0,

    /* U+51B3 "决" */
    0x4, 0x10, 0x0, 0x0, 0x3f, 0x50, 0x0, 0x0,
    0xc, 0xd1, 0x0, 0x0, 0x3f, 0x50, 0x0, 0x0,
    0x1, 0xeb, 0x3, 0xff, 0xff, 0xff, 0xfd, 0x0,
    0x0, 0x4f, 0x31, 0x66, 0x8f, 0xa6, 0xbd, 0x0,
    0x0, 0x1, 0x0, 0x0, 0x3f, 0x50, 0x8d, 0x0,
    0x0, 0x0, 0x0, 0x0, 0x3f, 0x50, 0x8d, 0x0,
    0x0, 0x0, 0x3, 0x33, 0x6f, 0x73, 0xae, 0x31,
    0x0, 0x4, 0xf, 0xff, 0xff, 0xff, 0xff, 0xf5,
    0x0, 0x3f, 0x43, 0x33, 0xbf, 0xf6, 0x33, 0x31,
    0x0, 0xae, 0x0, 0x1, 0xfa, 0xda, 0x0, 0x0,
    0x3, 0xf7, 0x0, 0xa, 0xf2, 0x6f, 0x40, 0x0,
    0xb, 0xe0, 0x0, 0x8f, 0x80, 0xc, 0xe4, 0x0,
    0x3f, 0x60, 0x2b, 0xf9, 0x0, 0x2, 0xdf, 0x91,
    0x4, 0x0, 0x9f, 0x60, 0x0, 0x0, 0x1a, 0xe2,
    0x0, 0x0, 0x1, 0x0, 0x0, 0x0, 0x0, 0x0,

    /* U+51B7 "冷" */
    0x0, 0x0, 0x0, 0x0, 0x4, 0x10, 0x0, 0x0,
    0x7, 0x30, 0x0, 0x0, 0x2f, 0xb0, 0x0, 0x0,
    0xd, 0xd0, 0x0, 0x0, 0xcf, 0xf5, 0x0, 0x0,
    0x3, 0xf7, 0x0, 0xa, 0xf4, 0xaf, 0x30, 0x0,
    0x0, 0xbf, 0x0, 0xaf, 0x60, 0xc, 0xe3, 0x0,
    0x0, 0x22, 0x2c, 0xf8, 0x4b, 0x11, 0xdf, 0x60,
    0x0, 0x0, 0xcf, 0x50, 0x1e, 0xc0, 0x1c, 0xe1,
    0x0, 0x0, 0x12, 0x0, 0x3, 0x50, 0x0, 0x20,
    0x0, 0x27, 0x4, 0xff, 0xff, 0xff, 0xfd, 0x0,
    0x0, 0x8f, 0x11, 0x55, 0x55, 0x59, 0xf8, 0x0,
    0x0, 0xea, 0x0, 0x0, 0x0, 0x1e, 0xc0, 0x0,
    0x5, 0xf4, 0x0, 0xa, 0x61, 0xdd, 0x10, 0x0,
    0xc, 0xe0, 0x0, 0x8, 0xff, 0xe2, 0x0, 0x0,
    0x3f, 0x70, 0x0, 0x0, 0x4e, 0xe4, 0x0, 0x0,
    0x3, 0x10, 0x0, 0x0, 0x1, 0xbd, 0x0, 0x0,
    0x0, 0x0, 0x0, 0x0, 0x0, 0x1, 0x0, 0x0,

    /* U+5206 "分" */
    0x0, 0x0, 0x0, 0x0, 0x0, 0x0, 0x0, 0x0,
    0x0, 0x0, 0x3f, 0x60, 0x4, 0xf3, 0x0, 0x0,
    0x0, 0x0, 0xcf, 0x10, 0x0, 0xdc, 0x0, 0x0,
    0x0, 0x5, 0xf9, 0x0, 0x0, 0x5f, 0x70, 0x0,
    0x0, 0x1e, 0xe1, 0x0, 0x0, 0xa, 0xf4, 0x0,
    0x0, 0xcf, 0x30, 0x0, 0x0, 0x0, 0xdf, 0x30,
    0x1d, 0xfd, 0x77, 0x77, 0x77, 0x77, 0xae, 0xf2,
    0x8, 0x7d, 0xff, 0xff, 0xff, 0xff, 0xf3, 0x70,
    0x0, 0x0, 0x3, 0xf5, 0x0, 0xa, 0xe0, 0x0,
    0x0, 0x0, 0x6, 0xf2, 0x0, 0xa, 0xd0, 0x0,
    0x0, 0x0, 0xd, 0xd0, 0x0, 0xc, 0xc0, 0x0,
    0x0, 0x0, 0x6f, 0x60, 0x0, 0xd, 0xb0, 0x0,
    0x0, 0x6, 0xfc, 0x0, 0x0, 0xf, 0x90, 0x0,
    0x4, 0xcf, 0xc0, 0x1, 0x77, 0xaf, 0x60, 0x0,
    0x8, 0xe8, 0x0, 0x0, 0xef, 0xfb, 0x0, 0x0,
    0x0, 0x0, 0x0, 0x0, 0x0, 0x0, 0x0, 0x0,

    /* U+5207 "切" */
    0x0, 0x8e, 0x0, 0x1, 0x11, 0x11, 0x11, 0x10,
    0x0, 0x8e, 0x0, 0x4f, 0xff, 0xff, 0xff, 0xf0,
    0x0, 0x8e, 0x0, 0x14, 0x4e, 0xb4, 0x4a, 0xf0,
    0x0, 0x8f, 0x58, 0x90, 0xf, 0x80, 0x8, 0xf0,
    0x4b, 0xef, 0xfd, 0xa0, 0xf, 0x70, 0x9, 0xf0,
    0x4a, 0xce, 0x10, 0x0, 0xf, 0x60, 0x9, 0xe0,
    0x0, 0x8e, 0x0, 0x0, 0x3f, 0x40, 0xa, 0xd0,
    0x0, 0x8e, 0x0, 0x0, 0x5f, 0x10, 0xb, 0xd0,
    0x0, 0x8e, 0x1, 0x60, 0x9e, 0x0, 0xb, 0xc0,
    0x0, 0x9f, 0xaf, 0xe1, 0xfa, 0x0, 0xd, 0xb0,
    0x1, 0xef, 0xd5, 0x7, 0xf2, 0x0, 0xe, 0xa0,
    0x0, 0xa4, 0x0, 0x3f, 0xb0, 0x0, 0x1f, 0x80,
    0x0, 0x0, 0x5, 0xee, 0x10, 0x77, 0xcf, 0x30,
    0x0, 0x0, 0x8, 0xd2, 0x0, 0xbf, 0xf9, 0x0,
    0x0, 0x0, 0x0, 0x0, 0x0, 0x0, 0x0, 0x0,

    /* U+5217 "列" */
    0xf, 0xff, 0xff, 0xff, 0xf1, 0x0, 0x8, 0xe0,
    0x66, 0xdd, 0x66, 0x66, 0xc, 0x80, 0x8e, 0x0,
    0xf, 0x80, 0x0, 0x0, 0xe9, 0x8, 0xe0, 0x4,
    0xfa, 0x66, 0x73, 0xe, 0x90, 0x8e, 0x0, 0xaf,
    0xff, 0xff, 0x90, 0xe9, 0x8, 0xe0, 0x2f, 0x80,
    0x1, 0xf5, 0xe, 0x90, 0x8e, 0xb, 0xf1, 0x0,
    0x6f, 0x10, 0xe9, 0x8, 0xe1, 0xe7, 0xb8, 0xc,
    0xd0, 0xe, 0x90, 0x8e, 0x1, 0x8, 0xfb, 0xf6,
    0x0, 0xe9, 0x8, 0xe0, 0x0, 0x6, 0xfe, 0x0,
    0xe, 0x90, 0x8e, 0x0, 0x0, 0x8f, 0x50, 0x0,
    0x11, 0x8, 0xe0, 0x0, 0x8f, 0x80, 0x0, 0x0,
    0x0, 0x8e, 0x3, 0xdf, 0x90, 0x0, 0x0, 0x5,
    0x6c, 0xe0, 0x6e, 0x40, 0x0, 0x0, 0x0, 0x9f,
    0xe6, 0x0, 0x0, 0x0, 0x0, 0x0, 0x0, 0x0,
    0x0,

    /* U+5230 "到" */
    0xe, 0xff, 0xff, 0xff, 0xf4, 0x0, 0xe, 0x80,
    0x44, 0xdd, 0x46, 0x54, 0x1f, 0x60, 0xe8, 0x0,
    0x3f, 0x50, 0xe8, 0x0, 0xf6, 0xe, 0x80, 0xc,
    0xb0, 0x7, 0xf4, 0xf, 0x60, 0xe8, 0x6, 0xff,
    0xff, 0xff, 0xd0, 0xf6, 0xe, 0x80, 0x2a, 0x76,
    0x53, 0x3c, 0x1f, 0x60, 0xe8, 0x0, 0x0, 0x7e,
    0x0, 0x0, 0xf6, 0xe, 0x80, 0x35, 0x5a, 0xf5,
    0x55, 0xf, 0x60, 0xe8, 0x8, 0xff, 0xff, 0xff,
    0xe0, 0xf6, 0xe, 0x80, 0x0, 0x8, 0xe0, 0x0,
    0xf, 0x60, 0xe8, 0x0, 0x0, 0x7e, 0x0, 0x10,
    0x83, 0xe, 0x80, 0x0, 0x3a, 0xfc, 0xff, 0x20,
    0x0, 0xe8, 0xd, 0xff, 0xfc, 0x96, 0x30, 0x16,
    0x7f, 0x70, 0x75, 0x20, 0x0, 0x0, 0x0, 0xef,
    0xc2, 0x0, 0x0, 0x0, 0x0, 0x0, 0x0, 0x0,
    0x0,

    /* U+5236 "制" */
    0x0, 0x96, 0x4f, 0x10, 0x0, 0x0, 0x6, 0xd0,
    0x1f, 0x87, 0xf4, 0x33, 0x3, 0xf1, 0x6f, 0x6,
    0xff, 0xff, 0xff, 0xf2, 0x3f, 0x16, 0xf0, 0xea,
    0x26, 0xf3, 0x22, 0x3, 0xf1, 0x6f, 0xc, 0x86,
    0x9f, 0x76, 0x64, 0x3f, 0x16, 0xf1, 0xff, 0xff,
    0xff, 0xff, 0xb3, 0xf1, 0x6f, 0x0, 0x0, 0x4f,
    0x10, 0x0, 0x3f, 0x16, 0xf0, 0x39, 0x9b, 0xfa,
    0x99, 0x23, 0xf1, 0x6f, 0x6, 0xfb, 0xcf, 0xbb,
    0xf4, 0x3f, 0x16, 0xf0, 0x6e, 0x4, 0xf1, 0xf,
    0x43, 0xd1, 0x6f, 0x6, 0xe0, 0x4f, 0x10, 0xf4,
    0x0, 0x6, 0xf0, 0x6e, 0x4, 0xf3, 0x4f, 0x40,
    0x0, 0x6f, 0x6, 0xe0, 0x4f, 0x5f, 0xd1, 0x5,
    0x7c, 0xf0, 0x0, 0x4, 0xf1, 0x0, 0x0, 0x7f,
    0xe7, 0x0, 0x0, 0x0, 0x0, 0x0, 0x0, 0x0,
    0x0,

    /* U+5237 "刷" */
    0x5, 0xff, 0xff, 0xff, 0xf2, 0x32, 0x7, 0xe0,
    0x5f, 0x55, 0x55, 0x7f, 0x2c, 0xa0, 0x7e, 0x5,
    0xf0, 0x0, 0x3, 0xf2, 0xca, 0x7, 0xe0, 0x5f,
    0x55, 0x55, 0x8f, 0x2c, 0xa0, 0x7e, 0x5, 0xff,
    0xff, 0xff, 0xf2, 0xca, 0x7, 0xe0, 0x5f, 0x0,
    0x5e, 0x0, 0xc, 0xa0, 0x7e, 0x6, 0xfc, 0xef,
    0xfe, 0xe3, 0xca, 0x7, 0xe0, 0x7e, 0xe8, 0x9f,
    0x5f, 0x3c, 0xa0, 0x7e, 0x8, 0xde, 0x55, 0xe0,
    0xf3, 0xca, 0x7, 0xe0, 0x9c, 0xe5, 0x5e, 0xf,
    0x3c, 0xa0, 0x7e, 0xc, 0x9e, 0x55, 0xe0, 0xf3,
    0x0, 0x7, 0xe0, 0xf6, 0xe5, 0x5e, 0xcf, 0x20,
    0x0, 0x7e, 0x5f, 0x14, 0x15, 0xe2, 0x10, 0x7,
    0x7c, 0xd0, 0x60, 0x0, 0x5e, 0x0, 0x0, 0xaf,
    0xd6,

    /* U+523B "刻" */
    0x0, 0x0, 0x1, 0x0, 0x0, 0x0, 0x0, 0x0,
    0x0, 0xa, 0xe0, 0x0, 0x0, 0x0, 0x8e, 0xa,
    0xaa, 0xcf, 0xca, 0xa7, 0x4c, 0x8, 0xe0, 0xaa,
    0xcf, 0xca, 0xaa, 0x75, 0xf0, 0x8e, 0x0, 0xc,
    0xd0, 0x5, 0x10, 0x5f, 0x8, 0xe0, 0x9, 0xe1,
    0x4, 0xf4, 0x5, 0xf0, 0x8e, 0x8, 0xfe, 0xde,
    0xfa, 0x0, 0x5f, 0x8, 0xe0, 0x48, 0x77, 0xfd,
    0x14, 0x15, 0xf0, 0x8e, 0x0, 0x2, 0xde, 0x25,
    0xf5, 0x5f, 0x8, 0xe0, 0x7, 0xfd, 0x12, 0xf9,
    0x5, 0xf0, 0x8e, 0xa, 0xfa, 0x2, 0xec, 0x0,
    0x5f, 0x8, 0xe0, 0x24, 0x4, 0xef, 0xc1, 0x0,
    0x0, 0x8e, 0x0, 0x19, 0xfb, 0x4e, 0xd1, 0x0,
    0x8, 0xe0, 0x8f, 0xf7, 0x0, 0x2e, 0xa0, 0x66,
    0xce, 0x8, 0xa2, 0x0, 0x0, 0x20, 0xb, 0xfe,
    0x60, 0x0, 0x0, 0x0, 0x0, 0x0, 0x0, 0x0,

    /* U+524D "前" */
    0x0, 0x1, 0x40, 0x0, 0x0, 0x5, 0x20, 0x0,
    0x0, 0x7, 0xf5, 0x0, 0x0, 0x3f, 0xa0, 0x0,
    0x0, 0x0, 0xcd, 0x0, 0x0, 0xce, 0x10, 0x0,
    0x1f, 0xff, 0xff, 0xff, 0xff, 0xff, 0xff, 0xf2,
    0x5, 0x55, 0x55, 0x55, 0x55, 0x55, 0x55, 0x50,
    0x0, 0x44, 0x44, 0x43, 0x0, 0x0, 0x4d, 0x20,
    0x2, 0xff, 0xff, 0xfc, 0x7, 0xd0, 0x4f, 0x20,
    0x2, 0xf4, 0x11, 0xac, 0x7, 0xd0, 0x4f, 0x20,
    0x2, 0xfb, 0x99, 0xdc, 0x7, 0xd0, 0x4f, 0x20,
    0x2, 0xf9, 0x88, 0xdc, 0x7, 0xd0, 0x4f, 0x20,
    0x2, 0xf5, 0x11, 0xac, 0x7, 0xd0, 0x4f, 0x20,
    0x2, 0xff, 0xff, 0xfc, 0x7, 0xd0, 0x4f, 0x20,
    0x2, 0xf3, 0x0, 0x9c, 0x3, 0x60, 0x4f, 0x20,
    0x2, 0xf3, 0x13, 0xbc, 0x0, 0x35, 0x9f, 0x10,
    0x2, 0xf3, 0x3f, 0xe6, 0x0, 0x5f, 0xfa, 0x0,
    0x0, 0x0, 0x0, 0x0, 0x0, 0x0, 0x0, 0x0,

    /* U+529F "功" */
    0x0, 0x0, 0x0, 0x0, 0xa, 0xd0, 0x0, 0x1,
    0x88, 0x88, 0x86, 0x0, 0xad, 0x0, 0x0, 0x2c,
    0xcf, 0xec, 0x80, 0xa, 0xd0, 0x0, 0x0, 0x0,
    0xf8, 0x2, 0xff, 0xff, 0xff, 0xfe, 0x0, 0xf,
    0x80, 0x17, 0x7e, 0xd7, 0x7b, 0xe0, 0x0, 0xf8,
    0x0, 0x0, 0xda, 0x0, 0x8e, 0x0, 0xf, 0x80,
    0x0, 0xf, 0x80, 0x9, 0xd0, 0x0, 0xf8, 0x0,
    0x2, 0xf6, 0x0, 0xad, 0x0, 0xf, 0x96, 0xa0,
    0x7f, 0x10, 0xb, 0xc1, 0x6a, 0xff, 0xfc, 0xc,
    0xc0, 0x0, 0xcb, 0x3f, 0xea, 0x51, 0x6, 0xf6,
    0x0, 0xe, 0x90, 0x30, 0x0, 0x3, 0xfc, 0x0,
    0x1, 0xf7, 0x0, 0x0, 0x6, 0xfe, 0x20, 0x76,
    0xaf, 0x40, 0x0, 0x0, 0x9c, 0x10, 0xc, 0xff,
    0x90, 0x0, 0x0, 0x0, 0x0, 0x0, 0x0, 0x0,
    0x0,

    /* U+52A8 "动" */
    0x1, 0x22, 0x22, 0x21, 0x0, 0xca, 0x0, 0x0,
    0x8, 0xff, 0xff, 0xfa, 0x0, 0xda, 0x0, 0x0,
    0x1, 0x22, 0x22, 0x21, 0x0, 0xda, 0x0, 0x0,
    0x0, 0x0, 0x0, 0x0, 0xbd, 0xff, 0xdd, 0xd1,
    0x6, 0x66, 0x66, 0x65, 0x89, 0xfd, 0x9b, 0xf1,
    0x1f, 0xff, 0xff, 0xfe, 0x0, 0xf7, 0x6, 0xf0,
    0x0, 0x1f, 0x60, 0x0, 0x0, 0xf6, 0x7, 0xf0,
    0x0, 0x6f, 0x13, 0xa0, 0x2, 0xf4, 0x7, 0xf0,
    0x0, 0xab, 0x1, 0xf4, 0x6, 0xf1, 0x8, 0xe0,
    0x0, 0xf5, 0x1, 0xcb, 0xa, 0xd0, 0x9, 0xd0,
    0x8, 0xfb, 0xef, 0xff, 0x1f, 0x90, 0xb, 0xc0,
    0xc, 0xfb, 0x73, 0x1b, 0xaf, 0x20, 0xd, 0xa0,
    0x2, 0x0, 0x0, 0x4, 0xfa, 0x46, 0x8f, 0x70,
    0x0, 0x0, 0x0, 0x5, 0xd0, 0x5f, 0xfc, 0x10,
    0x0, 0x0, 0x0, 0x0, 0x0, 0x0, 0x0, 0x0,

    /* U+533A "区" */
    0x7f, 0xff, 0xff, 0xff, 0xff, 0xff, 0xfc, 0x7,
    0xf6, 0x66, 0x66, 0x66, 0x66, 0x66, 0x50, 0x7f,
    0x0, 0x10, 0x0, 0x0, 0x97, 0x0, 0x7, 0xf0,
    0x8e, 0x30, 0x0, 0x6f, 0x60, 0x0, 0x7f, 0x1,
    0xcf, 0x50, 0x2f, 0xa0, 0x0, 0x7, 0xf0, 0x0,
    0xaf, 0x7c, 0xe1, 0x0, 0x0, 0x7f, 0x0, 0x0,
    0x9f, 0xf4, 0x0, 0x0, 0x7, 0xf0, 0x0, 0xa,
    0xff, 0xa0, 0x0, 0x0, 0x7f, 0x0, 0xb, 0xf6,
    0x7f, 0xa0, 0x0, 0x7, 0xf0, 0x4e, 0xf6, 0x0,
    0x8f, 0xa0, 0x0, 0x7f, 0x1f, 0xe4, 0x0, 0x0,
    0x9f, 0x30, 0x7, 0xf0, 0x31, 0x0, 0x0, 0x0,
    0x40, 0x0, 0x7f, 0x77, 0x77, 0x77, 0x77, 0x77,
    0x77, 0x17, 0xff, 0xff, 0xff, 0xff, 0xff, 0xff,
    0xf2,

    /* U+5355 "单" */
    0x0, 0x0, 0x51, 0x0, 0x0, 0x6, 0x10, 0x0,
    0x0, 0x1, 0xec, 0x0, 0x0, 0x7f, 0x60, 0x0,
    0x0, 0x0, 0x4f, 0x60, 0x1, 0xfb, 0x0, 0x0,
    0x0, 0x9e, 0xef, 0xee, 0xef, 0xff, 0xeb, 0x0,
    0x0, 0xad, 0x44, 0x4d, 0xd4, 0x44, 0xcc, 0x0,
    0x0, 0xac, 0x0, 0xc, 0xb0, 0x0, 0xbc, 0x0,
    0x0, 0xaf, 0xff, 0xff, 0xff, 0xff, 0xfc, 0x0,
    0x0, 0xad, 0x11, 0x1d, 0xc1, 0x11, 0xbc, 0x0,
    0x0, 0xad, 0x44, 0x4d, 0xc4, 0x44, 0xcc, 0x0,
    0x0, 0xaf, 0xff, 0xff, 0xff, 0xff, 0xfc, 0x0,
    0x0, 0x0, 0x0, 0xc, 0xb0, 0x0, 0x0, 0x0,
    0x1f, 0xff, 0xff, 0xff, 0xff, 0xff, 0xff, 0xf2,
    0x6, 0x66, 0x66, 0x6e, 0xd6, 0x66, 0x66, 0x60,
    0x0, 0x0, 0x0, 0xc, 0xb0, 0x0, 0x0, 0x0,
    0x0, 0x0, 0x0, 0xc, 0xb0, 0x0, 0x0, 0x0,

    /* U+5360 "占" */
    0x0, 0x0, 0xe, 0x90, 0x0, 0x0, 0x0, 0x0,
    0x0, 0xe9, 0x0, 0x0, 0x0, 0x0, 0x0, 0xe,
    0xc6, 0x66, 0x66, 0x60, 0x0, 0x0, 0xef, 0xff,
    0xff, 0xfd, 0x0, 0x0, 0xe, 0x90, 0x0, 0x0,
    0x0, 0x0, 0x0, 0xe9, 0x0, 0x0, 0x0, 0x13,
    0x33, 0x3f, 0xa3, 0x33, 0x31, 0x8, 0xff, 0xff,
    0xff, 0xff, 0xff, 0x90, 0x8e, 0x22, 0x22, 0x22,
    0x22, 0xe9, 0x8, 0xe0, 0x0, 0x0, 0x0, 0xe,
    0x90, 0x8e, 0x0, 0x0, 0x0, 0x0, 0xe9, 0x8,
    0xe1, 0x11, 0x11, 0x11, 0x1e, 0x90, 0x8f, 0xff,
    0xff, 0xff, 0xff, 0xf9, 0x8, 0xf4, 0x44, 0x44,
    0x44, 0x4d, 0x80,

    /* U+5361 "卡" */
    0x0, 0x0, 0x0, 0x2f, 0x60, 0x0, 0x0, 0x0,
    0x0, 0x0, 0x0, 0x2f, 0x95, 0x55, 0x53, 0x0,
    0x0, 0x0, 0x0, 0x2f, 0xff, 0xff, 0xf9, 0x0,
    0x0, 0x0, 0x0, 0x2f, 0x71, 0x11, 0x10, 0x0,
    0x0, 0x0, 0x0, 0x2f, 0x60, 0x0, 0x0, 0x0,
    0x8, 0x88, 0x88, 0x9f, 0xb8, 0x88, 0x88, 0x81,
    0x1f, 0xff, 0xff, 0xff, 0xff, 0xff, 0xff, 0xf2,
    0x0, 0x0, 0x0, 0x1f, 0x60, 0x0, 0x0, 0x0,
    0x0, 0x0, 0x0, 0x1f, 0x77, 0x20, 0x0, 0x0,
    0x0, 0x0, 0x0, 0x1f, 0xbe, 0xfc, 0x50, 0x0,
    0x0, 0x0, 0x0, 0x1f, 0x60, 0x4b, 0xfe, 0x30,
    0x0, 0x0, 0x0, 0x1f, 0x60, 0x0, 0x28, 0x0,
    0x0, 0x0, 0x0, 0x1f, 0x60, 0x0, 0x0, 0x0,
    0x0, 0x0, 0x0, 0x1f, 0x60, 0x0, 0x0, 0x0,

    /* U+538B "压" */
    0x2, 0xff, 0xff, 0xff, 0xff, 0xff, 0xff, 0xf2,
    0x2, 0xf9, 0x66, 0x66, 0x66, 0x66, 0x66, 0x61,
    0x2, 0xf3, 0x0, 0x0, 0x88, 0x0, 0x0, 0x0,
    0x2, 0xf3, 0x0, 0x0, 0xbc, 0x0, 0x0, 0x0,
    0x2, 0xf3, 0x0, 0x0, 0xbc, 0x0, 0x0, 0x0,
    0x2, 0xf3, 0x45, 0x55, 0xdd, 0x55, 0x55, 0x10,
    0x3, 0xf3, 0xef, 0xff, 0xff, 0xff, 0xff, 0x50,
    0x4, 0xf2, 0x11, 0x11, 0xcc, 0x11, 0x11, 0x0,
    0x5, 0xf1, 0x0, 0x0, 0xbc, 0xc, 0x70, 0x0,
    0x6, 0xf0, 0x0, 0x0, 0xbc, 0x5, 0xf7, 0x0,
    0x9, 0xd0, 0x0, 0x0, 0xbc, 0x0, 0x7b, 0x0,
    0xc, 0xa0, 0x0, 0x0, 0xbc, 0x0, 0x0, 0x0,
    0x2f, 0x5c, 0xff, 0xff, 0xff, 0xff, 0xff, 0xf0,
    0x3d, 0x6, 0x77, 0x77, 0x77, 0x77, 0x77, 0x70,
    0x0, 0x0, 0x0, 0x0, 0x0, 0x0, 0x0, 0x0,

    /* U+53CA "及" */
    0x9, 0xff, 0xff, 0xff, 0xff, 0xf3, 0x0, 0x0,
    0x5, 0x88, 0xfd, 0x88, 0x8c, 0xf0, 0x0, 0x0,
    0x0, 0x0, 0xeb, 0x0, 0xc, 0xc0, 0x0, 0x0,
    0x0, 0x0, 0xff, 0x10, 0xf, 0x90, 0x0, 0x0,
    0x0, 0x0, 0xff, 0x70, 0x3f, 0xff, 0xfe, 0x40,
    0x0, 0x1, 0xff, 0xd0, 0x37, 0x77, 0xcf, 0x20,
    0x0, 0x4, 0xfb, 0xf3, 0x0, 0x0, 0xec, 0x0,
    0x0, 0x7, 0xf3, 0xdc, 0x0, 0x6, 0xf5, 0x0,
    0x0, 0xd, 0xe0, 0x4f, 0x80, 0x2e, 0xc0, 0x0,
    0x0, 0x4f, 0x90, 0x9, 0xf7, 0xde, 0x10, 0x0,
    0x0, 0xbf, 0x20, 0x0, 0xbf, 0xf4, 0x0, 0x0,
    0x7, 0xf8, 0x0, 0x7, 0xff, 0xfe, 0x60, 0x0,
    0x3f, 0xc0, 0x29, 0xef, 0xa1, 0x4d, 0xff, 0xa1,
    0x9, 0x10, 0x2e, 0x93, 0x0, 0x0, 0x5a, 0xa0,
    0x0, 0x0, 0x0, 0x0, 0x0, 0x0, 0x0, 0x0,

    /* U+53D1 "发" */
    0x0, 0x0, 0x0, 0x6, 0x40, 0x1, 0x0, 0x0,
    0x0, 0xa, 0xd0, 0xf, 0xb0, 0x1e, 0x90, 0x0,
    0x0, 0xf, 0x90, 0x2f, 0x80, 0x5, 0xf7, 0x0,
    0x0, 0x7f, 0x20, 0x5f, 0x50, 0x0, 0x62, 0x0,
    0x0, 0xff, 0xff, 0xff, 0xff, 0xff, 0xff, 0xd0,
    0x0, 0x88, 0x77, 0xfe, 0x77, 0x77, 0x77, 0x60,
    0x0, 0x0, 0x4, 0xf8, 0x0, 0x0, 0x0, 0x0,
    0x0, 0x0, 0xa, 0xff, 0xff, 0xff, 0xf7, 0x0,
    0x0, 0x0, 0x3f, 0xf9, 0x77, 0x7b, 0xf3, 0x0,
    0x0, 0x0, 0xdf, 0xdc, 0x0, 0x1e, 0xb0, 0x0,
    0x0, 0xa, 0xf6, 0x2e, 0x90, 0xcf, 0x20, 0x0,
    0x0, 0xaf, 0x90, 0x4, 0xfe, 0xf4, 0x0, 0x0,
    0x2d, 0xf8, 0x0, 0x6, 0xff, 0xe6, 0x0, 0x0,
    0x1c, 0x50, 0x38, 0xef, 0xb4, 0xbf, 0xe9, 0x40,
    0x0, 0x0, 0xcf, 0xa3, 0x0, 0x4, 0xaf, 0xf2,
    0x0, 0x0, 0x10, 0x0, 0x0, 0x0, 0x0, 0x20,

    /* U+53D8 "变" */
    0x0, 0x0, 0x0, 0x18, 0x30, 0x0, 0x0, 0x0,
    0x0, 0x0, 0x0, 0xd, 0xd0, 0x0, 0x0, 0x0,
    0xe, 0xff, 0xff, 0xff, 0xff, 0xff, 0xff, 0xb0,
    0x5, 0x56, 0x5c, 0xd5, 0x5f, 0xb5, 0x55, 0x40,
    0x0, 0x1e, 0x5b, 0xc0, 0xf, 0x8b, 0x80, 0x0,
    0x0, 0xae, 0xb, 0xc0, 0xf, 0x84, 0xf8, 0x0,
    0x7, 0xf4, 0xb, 0xc0, 0xf, 0x80, 0x5f, 0x50,
    0x1, 0x40, 0xb, 0xc0, 0xf, 0x80, 0x5, 0x0,
    0x0, 0x55, 0x55, 0x55, 0x55, 0x55, 0x30, 0x0,
    0x0, 0xef, 0xff, 0xff, 0xff, 0xff, 0xe0, 0x0,
    0x0, 0x4, 0xf8, 0x0, 0x0, 0x9f, 0x30, 0x0,
    0x0, 0x0, 0x5f, 0xa1, 0x2b, 0xf5, 0x0, 0x0,
    0x0, 0x0, 0x3, 0xef, 0xfd, 0x20, 0x0, 0x0,
    0x0, 0x25, 0x9e, 0xfd, 0xef, 0xd8, 0x42, 0x0,
    0x1f, 0xff, 0xc8, 0x20, 0x4, 0xae, 0xff, 0xd0,
    0x4, 0x30, 0x0, 0x0, 0x0, 0x0, 0x14, 0x20,

    /* U+53E3 "口" */
    0xf, 0xff, 0xff, 0xff, 0xff, 0xff, 0xf1, 0xf,
    0xc8, 0x88, 0x88, 0x88, 0x8c, 0xf1, 0xf, 0x70,
    0x0, 0x0, 0x0, 0x8, 0xf1, 0xf, 0x70, 0x0,
    0x0, 0x0, 0x8, 0xf1, 0xf, 0x70, 0x0, 0x0,
    0x0, 0x8, 0xf1, 0xf, 0x70, 0x0, 0x0, 0x0,
    0x8, 0xf1, 0xf, 0x70, 0x0, 0x0, 0x0, 0x8,
    0xf1, 0xf, 0x70, 0x0, 0x0, 0x0, 0x8, 0xf1,
    0xf, 0x70, 0x0, 0x0, 0x0, 0x8, 0xf1, 0xf,
    0x70, 0x0, 0x0, 0x0, 0x8, 0xf1, 0xf, 0xff,
    0xff, 0xff, 0xff, 0xff, 0xf1, 0xf, 0xc8, 0x88,
    0x88, 0x88, 0x8c, 0xf1, 0xf, 0x70, 0x0, 0x0,
    0x0, 0x7, 0xe1,

    /* U+53EA "只" */
    0x0, 0x13, 0x33, 0x33, 0x33, 0x33, 0x31, 0x0,
    0x0, 0x7f, 0xff, 0xff, 0xff, 0xff, 0xf8, 0x0,
    0x0, 0x7f, 0x32, 0x22, 0x22, 0x23, 0xf8, 0x0,
    0x0, 0x7f, 0x0, 0x0, 0x0, 0x0, 0xf8, 0x0,
    0x0, 0x7f, 0x0, 0x0, 0x0, 0x0, 0xf8, 0x0,
    0x0, 0x7f, 0x0, 0x0, 0x0, 0x0, 0xf8, 0x0,
    0x0, 0x7f, 0x54, 0x44, 0x44, 0x45, 0xf8, 0x0,
    0x0, 0x7f, 0xff, 0xff, 0xff, 0xff, 0xf8, 0x0,
    0x0, 0x1, 0x11, 0x11, 0x11, 0x11, 0x10, 0x0,
    0x0, 0x0, 0x6, 0x10, 0x0, 0x60, 0x0, 0x0,
    0x0, 0x0, 0x9f, 0x60, 0x4, 0xfd, 0x20, 0x0,
    0x0, 0xa, 0xf7, 0x0, 0x0, 0x3e, 0xe4, 0x0,
    0x3, 0xdf, 0x70, 0x0, 0x0, 0x1, 0xdf, 0x40,
    0xc, 0xe3, 0x0, 0x0, 0x0, 0x0, 0x1d, 0xb0,
    0x0, 0x10, 0x0, 0x0, 0x0, 0x0, 0x1, 0x0,

    /* U+53EF "可" */
    0x4, 0x44, 0x44, 0x44, 0x44, 0x44, 0x44, 0x40,
    0x1f, 0xff, 0xff, 0xff, 0xff, 0xff, 0xff, 0xf1,
    0x2, 0x22, 0x22, 0x22, 0x22, 0x27, 0xf5, 0x20,
    0x0, 0x0, 0x0, 0x0, 0x0, 0x5, 0xf3, 0x0,
    0x0, 0x8f, 0xff, 0xff, 0xf1, 0x5, 0xf3, 0x0,
    0x0, 0x8f, 0x77, 0x7a, 0xf1, 0x5, 0xf3, 0x0,
    0x0, 0x8e, 0x0, 0x6, 0xf1, 0x5, 0xf3, 0x0,
    0x0, 0x8e, 0x0, 0x6, 0xf1, 0x5, 0xf3, 0x0,
    0x0, 0x8e, 0x11, 0x17, 0xf1, 0x5, 0xf3, 0x0,
    0x0, 0x8f, 0xff, 0xff, 0xf1, 0x5, 0xf3, 0x0,
    0x0, 0x8f, 0x44, 0x44, 0x40, 0x5, 0xf3, 0x0,
    0x0, 0x24, 0x0, 0x0, 0x0, 0x5, 0xf3, 0x0,
    0x0, 0x0, 0x0, 0x0, 0x59, 0x8b, 0xf2, 0x0,
    0x0, 0x0, 0x0, 0x0, 0x4f, 0xfd, 0x80, 0x0,

    /* U+53F0 "台" */
    0x0, 0x0, 0x2, 0x0, 0x0, 0x0, 0x0, 0x0,
    0x0, 0x1, 0xed, 0x0, 0x0, 0x0, 0x0, 0x0,
    0x0, 0xbf, 0x30, 0x4, 0x10, 0x0, 0x0, 0x0,
    0x8f, 0x50, 0x0, 0xdd, 0x10, 0x0, 0x0, 0x6f,
    0x60, 0x0, 0x1, 0xed, 0x10, 0x0, 0x7f, 0xb5,
    0x66, 0x77, 0x8b, 0xfd, 0x10, 0x1f, 0xff, 0xff,
    0xfe, 0xed, 0xcb, 0xfb, 0x0, 0x43, 0x21, 0x0,
    0x0, 0x0, 0x6, 0x80, 0x0, 0x77, 0x77, 0x77,
    0x77, 0x77, 0x30, 0x0, 0x1f, 0xff, 0xff, 0xff,
    0xff, 0xf8, 0x0, 0x1, 0xf6, 0x0, 0x0, 0x0,
    0x1f, 0x80, 0x0, 0x1f, 0x60, 0x0, 0x0, 0x1,
    0xf8, 0x0, 0x1, 0xf7, 0x0, 0x0, 0x0, 0x1f,
    0x80, 0x0, 0x1f, 0xff, 0xff, 0xff, 0xff, 0xf8,
    0x0, 0x1, 0xfa, 0x66, 0x66, 0x66, 0x7f, 0x70,
    0x0,

    /* U+53F3 "右" */
    0x0, 0x0, 0x0, 0x22, 0x0, 0x0, 0x0, 0x0,
    0x0, 0x0, 0xc, 0xc0, 0x0, 0x0, 0x0, 0x0,
    0x0, 0x1, 0xf8, 0x0, 0x0, 0x0, 0x0, 0x77,
    0x77, 0x9f, 0xa7, 0x77, 0x77, 0x77, 0xe, 0xff,
    0xff, 0xff, 0xff, 0xff, 0xff, 0xf0, 0x0, 0x2,
    0xf8, 0x0, 0x0, 0x0, 0x0, 0x0, 0x0, 0xbf,
    0x10, 0x0, 0x0, 0x0, 0x0, 0x0, 0x4f, 0xb4,
    0x44, 0x44, 0x44, 0x30, 0x0, 0x1d, 0xff, 0xff,
    0xff, 0xff, 0xfd, 0x0, 0x1d, 0xfe, 0xc2, 0x22,
    0x22, 0x2c, 0xd0, 0x1d, 0xf4, 0xbb, 0x0, 0x0,
    0x0, 0xbd, 0x2, 0xe4, 0xb, 0xb0, 0x0, 0x0,
    0xb, 0xd0, 0x0, 0x0, 0xbc, 0x0, 0x0, 0x0,
    0xbd, 0x0, 0x0, 0xb, 0xff, 0xff, 0xff, 0xff,
    0xd0, 0x0, 0x0, 0xbd, 0x66, 0x66, 0x66, 0xcc,
    0x0,

    /* U+5408 "合" */
    0x0, 0x0, 0x0, 0x0, 0x40, 0x0, 0x0, 0x0,
    0x0, 0x0, 0x0, 0xa, 0xf3, 0x0, 0x0, 0x0,
    0x0, 0x0, 0x0, 0x8f, 0xfa, 0x0, 0x0, 0x0,
    0x0, 0x0, 0xa, 0xf7, 0x6f, 0xd2, 0x0, 0x0,
    0x0, 0x4, 0xdf, 0x50, 0x4, 0xef, 0x70, 0x0,
    0x3, 0xbf, 0xf7, 0x44, 0x44, 0x6e, 0xfe, 0x70,
    0x2f, 0xf9, 0xff, 0xff, 0xff, 0xff, 0x5d, 0xf2,
    0x4, 0x20, 0x11, 0x11, 0x11, 0x11, 0x0, 0x20,
    0x0, 0x3, 0x33, 0x33, 0x33, 0x33, 0x30, 0x0,
    0x0, 0xe, 0xff, 0xff, 0xff, 0xff, 0xf1, 0x0,
    0x0, 0xe, 0x91, 0x11, 0x11, 0x18, 0xf1, 0x0,
    0x0, 0xe, 0x90, 0x0, 0x0, 0x7, 0xf1, 0x0,
    0x0, 0xe, 0x90, 0x0, 0x0, 0x7, 0xf1, 0x0,
    0x0, 0xe, 0xff, 0xff, 0xff, 0xff, 0xf1, 0x0,
    0x0, 0xe, 0xc6, 0x66, 0x66, 0x6a, 0xe1, 0x0,

    /* U+540C "同" */
    0x8f, 0xff, 0xff, 0xff, 0xff, 0xff, 0xf8, 0x8f,
    0x66, 0x66, 0x66, 0x66, 0x66, 0xf8, 0x8e, 0x0,
    0x0, 0x0, 0x0, 0x0, 0xe8, 0x8e, 0xe, 0xff,
    0xff, 0xff, 0xf1, 0xe8, 0x8e, 0x4, 0x44, 0x44,
    0x44, 0x40, 0xe8, 0x8e, 0x0, 0x0, 0x0, 0x0,
    0x0, 0xe8, 0x8e, 0x2, 0xff, 0xff, 0xff, 0x40,
    0xe8, 0x8e, 0x2, 0xf6, 0x22, 0x4f, 0x40, 0xe8,
    0x8e, 0x2, 0xf3, 0x0, 0x1f, 0x40, 0xe8, 0x8e,
    0x2, 0xf5, 0x22, 0x3f, 0x40, 0xe8, 0x8e, 0x2,
    0xff, 0xff, 0xff, 0x40, 0xe8, 0x8e, 0x2, 0xf4,
    0x11, 0x11, 0x0, 0xe8, 0x8e, 0x0, 0x30, 0x0,
    0x1, 0x77, 0xf7, 0x8e, 0x0, 0x0, 0x0, 0x0,
    0xef, 0xc2,

    /* U+540E "后" */
    0x0, 0x0, 0x0, 0x0, 0x0, 0x0, 0x30, 0x0,
    0x0, 0x1, 0x34, 0x57, 0x8b, 0xdf, 0xfb, 0x0,
    0x0, 0x9f, 0xff, 0xfe, 0xcb, 0x86, 0x30, 0x0,
    0x0, 0x9f, 0x21, 0x0, 0x0, 0x0, 0x0, 0x0,
    0x0, 0x9e, 0x0, 0x0, 0x0, 0x0, 0x0, 0x0,
    0x0, 0x9f, 0xff, 0xff, 0xff, 0xff, 0xff, 0xf4,
    0x0, 0xaf, 0x66, 0x66, 0x66, 0x66, 0x66, 0x61,
    0x0, 0xbd, 0x0, 0x0, 0x0, 0x0, 0x0, 0x0,
    0x0, 0xcd, 0x6, 0x66, 0x66, 0x66, 0x66, 0x0,
    0x0, 0xda, 0xe, 0xff, 0xff, 0xff, 0xff, 0x10,
    0x0, 0xf8, 0xe, 0x80, 0x0, 0x0, 0x7f, 0x10,
    0x4, 0xf4, 0xe, 0x80, 0x0, 0x0, 0x7f, 0x10,
    0x9, 0xf0, 0xe, 0x80, 0x0, 0x0, 0x7f, 0x10,
    0x2f, 0x90, 0xe, 0xff, 0xff, 0xff, 0xff, 0x10,
    0x2c, 0x10, 0xe, 0xb6, 0x66, 0x66, 0xaf, 0x10,
    0x0, 0x0, 0x0, 0x0, 0x0, 0x0, 0x0, 0x0,

    /* U+542B "含" */
    0x0, 0x0, 0x0, 0x2, 0x20, 0x0, 0x0, 0x0,
    0x0, 0x0, 0x0, 0x1d, 0xf0, 0x0, 0x0, 0x0,
    0x0, 0x0, 0x2, 0xdf, 0xea, 0x0, 0x0, 0x0,
    0x0, 0x0, 0x6f, 0xd2, 0x2d, 0xd4, 0x0, 0x0,
    0x0, 0x4d, 0xfb, 0x4b, 0x30, 0xbf, 0xb4, 0x0,
    0x2e, 0xfd, 0x50, 0x1b, 0xf4, 0x6, 0xef, 0xe2,
    0x8, 0x55, 0x55, 0x55, 0xc6, 0x55, 0x15, 0x60,
    0x0, 0xe, 0xff, 0xff, 0xff, 0xff, 0x50, 0x0,
    0x0, 0x0, 0x0, 0x0, 0x4, 0xf8, 0x0, 0x0,
    0x0, 0x3, 0x33, 0x33, 0x4f, 0xc3, 0x30, 0x0,
    0x0, 0x3f, 0xff, 0xff, 0xff, 0xff, 0xf1, 0x0,
    0x0, 0x3f, 0x51, 0x11, 0x11, 0x18, 0xf1, 0x0,
    0x0, 0x3f, 0x40, 0x0, 0x0, 0x7, 0xf1, 0x0,
    0x0, 0x3f, 0xff, 0xff, 0xff, 0xff, 0xf1, 0x0,
    0x0, 0x3f, 0x85, 0x55, 0x55, 0x5a, 0xf1, 0x0,

    /* U+542C "听" */
    0x0, 0x0, 0x0, 0x0, 0x0, 0x1, 0x10, 0x0,
    0x0, 0x0, 0x0, 0x37, 0xbf, 0xd1, 0xef, 0xff,
    0x80, 0x7f, 0xff, 0xb7, 0x20, 0xeb, 0x6f, 0x80,
    0x9f, 0x30, 0x0, 0x0, 0xe7, 0xe, 0x80, 0x9f,
    0x0, 0x0, 0x0, 0xe7, 0xe, 0x80, 0x9f, 0x55,
    0x55, 0x55, 0xe7, 0xe, 0x80, 0x9f, 0xff, 0xff,
    0xff, 0xe7, 0xe, 0x80, 0xbe, 0x11, 0x8f, 0x31,
    0xe7, 0xe, 0x80, 0xcd, 0x0, 0x6f, 0x10, 0xe8,
    0x1e, 0x80, 0xdc, 0x0, 0x6f, 0x10, 0xef, 0xff,
    0x80, 0xf9, 0x0, 0x6f, 0x10, 0xea, 0x55, 0x24,
    0xf6, 0x0, 0x6f, 0x10, 0x84, 0x0, 0x9, 0xf1,
    0x0, 0x6f, 0x10, 0x0, 0x0, 0x3f, 0xa0, 0x0,
    0x6f, 0x10, 0x0, 0x0, 0x3c, 0x10, 0x0, 0x6f,
    0x10, 0x0, 0x0, 0x0, 0x0, 0x0, 0x0, 0x0,

    /* U+548C "和" */
    0x0, 0x0, 0x0, 0x20, 0x0, 0x0, 0x0, 0x0,
    0x3, 0x69, 0xdf, 0x80, 0x0, 0x0, 0x0, 0xd,
    0xff, 0xfa, 0x40, 0x8f, 0xff, 0xff, 0x70, 0x11,
    0x2f, 0x50, 0x8, 0xe7, 0x77, 0xf8, 0x0, 0x2,
    0xf5, 0x0, 0x8d, 0x0, 0xf, 0x81, 0xee, 0xff,
    0xfe, 0xd8, 0xd0, 0x0, 0xf8, 0x6, 0x6c, 0xfa,
    0x66, 0x8d, 0x0, 0xf, 0x80, 0x0, 0xff, 0xd1,
    0x8, 0xd0, 0x0, 0xf8, 0x0, 0x6f, 0xff, 0xc0,
    0x8d, 0x0, 0xf, 0x80, 0xe, 0x9f, 0x7e, 0x98,
    0xd0, 0x0, 0xf8, 0x8, 0xe3, 0xf5, 0x57, 0x8d,
    0x0, 0xf, 0x84, 0xf6, 0x2f, 0x50, 0x8, 0xe2,
    0x23, 0xf8, 0x1b, 0x2, 0xf5, 0x0, 0x8f, 0xff,
    0xff, 0x80, 0x0, 0x2f, 0x50, 0x8, 0xe3, 0x33,
    0xf8, 0x0, 0x2, 0xf5, 0x0, 0x47, 0x0, 0x6,
    0x30,

    /* U+5668 "器" */
    0x0, 0xef, 0xff, 0xf1, 0x3f, 0xff, 0xff, 0x0,
    0x0, 0xe9, 0x47, 0xf1, 0x3f, 0x54, 0x9f, 0x0,
    0x0, 0xe6, 0x4, 0xf1, 0x3f, 0x10, 0x6f, 0x0,
    0x0, 0xe9, 0x58, 0xf1, 0x3f, 0x65, 0xaf, 0x0,
    0x0, 0xde, 0xee, 0xe3, 0x3e, 0xfe, 0xee, 0x0,
    0x0, 0x0, 0x0, 0xcd, 0x0, 0xad, 0x50, 0x0,
    0x2f, 0xff, 0xff, 0xff, 0xff, 0xff, 0xff, 0xf2,
    0x5, 0x57, 0xff, 0x65, 0x59, 0xfc, 0x55, 0x50,
    0x0, 0x6e, 0xd2, 0x0, 0x0, 0x6f, 0xc4, 0x0,
    0x3e, 0xff, 0xfe, 0xe1, 0x3e, 0xef, 0xff, 0xe3,
    0x8, 0xfa, 0x69, 0xf1, 0x3f, 0x76, 0xaf, 0x70,
    0x0, 0xe6, 0x5, 0xf1, 0x3f, 0x20, 0x6f, 0x0,
    0x0, 0xe9, 0x48, 0xf1, 0x3f, 0x64, 0x9f, 0x0,
    0x0, 0xef, 0xff, 0xe1, 0x3f, 0xff, 0xfe, 0x0,

    /* U+56DE "回" */
    0x9f, 0xff, 0xff, 0xff, 0xff, 0xff, 0xfa, 0x9f,
    0x88, 0x88, 0x88, 0x88, 0x88, 0xfa, 0x9e, 0x0,
    0x0, 0x0, 0x0, 0x0, 0xea, 0x9e, 0x0, 0x11,
    0x11, 0x11, 0x0, 0xea, 0x9e, 0x2, 0xff, 0xff,
    0xff, 0x10, 0xea, 0x9e, 0x2, 0xf6, 0x33, 0x8f,
    0x10, 0xea, 0x9e, 0x2, 0xf4, 0x0, 0x6f, 0x10,
    0xea, 0x9e, 0x2, 0xf4, 0x0, 0x6f, 0x10, 0xea,
    0x9e, 0x2, 0xf8, 0x55, 0x9f, 0x10, 0xea, 0x9e,
    0x2, 0xff, 0xff, 0xff, 0x10, 0xea, 0x9e, 0x0,
    0x0, 0x0, 0x0, 0x0, 0xea, 0x9e, 0x0, 0x0,
    0x0, 0x0, 0x0, 0xea, 0x9f, 0xff, 0xff, 0xff,
    0xff, 0xff, 0xfa, 0x9f, 0x66, 0x66, 0x66, 0x66,
    0x66, 0xfa,

    /* U+56F4 "围" */
    0x7f, 0xff, 0xff, 0xff, 0xff, 0xff, 0xfe, 0x7f,
    0x44, 0x44, 0x78, 0x44, 0x44, 0xae, 0x7e, 0x3,
    0x33, 0xad, 0x33, 0x31, 0x8e, 0x7e, 0x1f, 0xff,
    0xff, 0xff, 0xf8, 0x8e, 0x7e, 0x0, 0x0, 0x9c,
    0x0, 0x0, 0x8e, 0x7e, 0x6, 0xee, 0xff, 0xee,
    0xd0, 0x8e, 0x7e, 0x1, 0x33, 0xad, 0x33, 0x30,
    0x8e, 0x7e, 0x14, 0x44, 0xbd, 0x44, 0x43, 0x8e,
    0x7e, 0x4f, 0xff, 0xff, 0xff, 0xfa, 0x8e, 0x7e,
    0x0, 0x0, 0x9c, 0x0, 0xc8, 0x8e, 0x7e, 0x0,
    0x0, 0x9c, 0x5e, 0xe2, 0x8e, 0x7e, 0x0, 0x0,
    0x68, 0x1, 0x0, 0x8e, 0x7f, 0xff, 0xff, 0xff,
    0xff, 0xff, 0xfe, 0x7f, 0x44, 0x44, 0x44, 0x44,
    0x44, 0xae,

    /* U+56FA "固" */
    0x8f, 0xff, 0xff, 0xff, 0xff, 0xff, 0xf9, 0x8f,
    0x55, 0x55, 0x55, 0x55, 0x55, 0xf9, 0x8e, 0x0,
    0x0, 0x59, 0x0, 0x0, 0xe9, 0x8e, 0x0, 0x0,
    0x7e, 0x0, 0x0, 0xe9, 0x8e, 0x3f, 0xff, 0xff,
    0xff, 0xf5, 0xe9, 0x8e, 0x2, 0x22, 0x8e, 0x22,
    0x20, 0xe9, 0x8e, 0x0, 0x22, 0x8e, 0x22, 0x10,
    0xe9, 0x8e, 0x4, 0xff, 0xff, 0xff, 0x70, 0xe9,
    0x8e, 0x4, 0xf0, 0x0, 0xe, 0x70, 0xe9, 0x8e,
    0x4, 0xf3, 0x33, 0x3f, 0x70, 0xe9, 0x8e, 0x4,
    0xff, 0xff, 0xff, 0x60, 0xe9, 0x8e, 0x0, 0x0,
    0x0, 0x0, 0x0, 0xe9, 0x8f, 0xff, 0xff, 0xff,
    0xff, 0xff, 0xf9, 0x8f, 0x66, 0x66, 0x66, 0x66,
    0x66, 0xf9,

    /* U+56FE "图" */
    0x7f, 0xff, 0xff, 0xff, 0xff, 0xff, 0xfe, 0x7f,
    0x55, 0x57, 0x85, 0x55, 0x55, 0xbe, 0x7e, 0x0,
    0x1e, 0xb0, 0x0, 0x0, 0x8e, 0x7e, 0x1, 0xcf,
    0xff, 0xff, 0xf1, 0x8e, 0x7e, 0x3e, 0xfd, 0x42,
    0x7f, 0x70, 0x8e, 0x7e, 0x29, 0x19, 0xfb, 0xf5,
    0x0, 0x8e, 0x7e, 0x2, 0x7c, 0xfe, 0xfa, 0x51,
    0x8e, 0x7e, 0xbf, 0xeb, 0x40, 0x4a, 0xfe, 0xae,
    0x7e, 0x23, 0x7, 0xde, 0x92, 0x1, 0x8e, 0x7e,
    0x0, 0x64, 0x23, 0x82, 0x0, 0x8e, 0x7e, 0x2,
    0x9c, 0xff, 0xc8, 0x30, 0x8e, 0x7e, 0x0, 0x0,
    0x2, 0x6a, 0x40, 0x8e, 0x7f, 0xee, 0xee, 0xee,
    0xee, 0xee, 0xfe, 0x7f, 0x66, 0x66, 0x66, 0x66,
    0x66, 0xbe,

    /* U+5706 "圆" */
    0x8f, 0xff, 0xff, 0xff, 0xff, 0xff, 0xfe, 0x8f,
    0x33, 0x33, 0x33, 0x33, 0x33, 0xae, 0x8e, 0x8,
    0xee, 0xee, 0xee, 0xd0, 0x9e, 0x8e, 0x8, 0xc0,
    0x0, 0x7, 0xe0, 0x9e, 0x8e, 0x8, 0xfe, 0xee,
    0xef, 0xe0, 0x9e, 0x8e, 0x1, 0x22, 0x22, 0x22,
    0x20, 0x9e, 0x8e, 0xe, 0xff, 0xff, 0xff, 0xf3,
    0x9e, 0x8e, 0xe, 0x71, 0x35, 0x13, 0xf3, 0x9e,
    0x8e, 0xe, 0x60, 0x6d, 0x1, 0xf3, 0x9e, 0x8e,
    0xe, 0x60, 0xcb, 0x31, 0xd3, 0x9e, 0x8e, 0x1,
    0x6d, 0xe5, 0xfd, 0x50, 0x9e, 0x8e, 0x8f, 0xe8,
    0x0, 0x18, 0xfa, 0x9e, 0x8f, 0x68, 0x54, 0x44,
    0x44, 0x67, 0xbe, 0x8f, 0xee, 0xee, 0xee, 0xee,
    0xee, 0xfe,

    /* U+5728 "在" */
    0x0, 0x0, 0x0, 0x51, 0x0, 0x0, 0x0, 0x0,
    0x0, 0x0, 0x3f, 0x70, 0x0, 0x0, 0x0, 0x1,
    0x11, 0x18, 0xf3, 0x11, 0x11, 0x11, 0x10, 0xff,
    0xff, 0xff, 0xff, 0xff, 0xff, 0xff, 0x5, 0x55,
    0xaf, 0x75, 0x55, 0x55, 0x55, 0x50, 0x0, 0x1f,
    0xb0, 0x0, 0x6b, 0x0, 0x0, 0x0, 0xa, 0xf2,
    0x0, 0x8, 0xf0, 0x0, 0x0, 0x7, 0xf9, 0x0,
    0x0, 0x8f, 0x0, 0x0, 0x9, 0xff, 0x70, 0xff,
    0xff, 0xff, 0xff, 0x53, 0xfb, 0xf7, 0x5, 0x55,
    0xbf, 0x55, 0x52, 0x6, 0xf, 0x70, 0x0, 0x8,
    0xf0, 0x0, 0x0, 0x0, 0xf7, 0x0, 0x0, 0x8f,
    0x0, 0x0, 0x0, 0xf, 0x70, 0x0, 0x8, 0xf0,
    0x0, 0x0, 0x0, 0xf7, 0x36, 0x66, 0xbf, 0x66,
    0x66, 0x0, 0xf, 0x79, 0xff, 0xff, 0xff, 0xff,
    0xf0,

    /* U+5730 "地" */
    0x0, 0x0, 0x0, 0x0, 0x0, 0x21, 0x0, 0x0,
    0x0, 0x5f, 0x0, 0x0, 0x0, 0xf6, 0x0, 0x0,
    0x0, 0x5f, 0x0, 0x2d, 0x30, 0xf6, 0x0, 0x0,
    0x0, 0x5f, 0x0, 0x2f, 0x30, 0xf6, 0x6, 0x30,
    0x27, 0xaf, 0x76, 0x2f, 0x30, 0xfb, 0xdf, 0xa0,
    0x4f, 0xff, 0xfc, 0x2f, 0x69, 0xff, 0xad, 0xa0,
    0x0, 0x5f, 0x0, 0x6f, 0xfe, 0xf7, 0xc, 0xa0,
    0x0, 0x5f, 0xa, 0xff, 0x60, 0xf6, 0xc, 0xa0,
    0x0, 0x5f, 0x2, 0x4f, 0x30, 0xf6, 0xc, 0x90,
    0x0, 0x5f, 0x47, 0x2f, 0x30, 0xf7, 0x4e, 0x80,
    0x0, 0x8f, 0xfd, 0x2f, 0x30, 0xf7, 0xec, 0x20,
    0x3e, 0xfd, 0x50, 0x2f, 0x30, 0xd5, 0x0, 0x30,
    0x1c, 0x50, 0x0, 0x2f, 0x40, 0x0, 0x0, 0xf4,
    0x0, 0x0, 0x0, 0x1f, 0xa5, 0x55, 0x59, 0xf2,
    0x0, 0x0, 0x0, 0x8, 0xef, 0xff, 0xfe, 0x80,

    /* U+573A "场" */
    0x0, 0x5f, 0x0, 0xff, 0xff, 0xff, 0xf5, 0x0,
    0x0, 0x5f, 0x0, 0x66, 0x66, 0xcf, 0xc1, 0x0,
    0x0, 0x5f, 0x0, 0x0, 0x8, 0xfb, 0x0, 0x0,
    0x2b, 0xcf, 0xb8, 0x0, 0xaf, 0x80, 0x0, 0x0,
    0x2c, 0xdf, 0xd9, 0x5e, 0xfb, 0x55, 0x55, 0x50,
    0x0, 0x5f, 0x0, 0xaf, 0xff, 0xff, 0xff, 0xf0,
    0x0, 0x5f, 0x0, 0x11, 0x8e, 0xd, 0x88, 0xf0,
    0x0, 0x5f, 0x0, 0x1, 0xf5, 0x3f, 0x29, 0xe0,
    0x0, 0x5f, 0x0, 0xc, 0xd0, 0xab, 0xa, 0xd0,
    0x0, 0x5f, 0xbc, 0xcd, 0x13, 0xf3, 0xc, 0xb0,
    0x2a, 0xff, 0xc6, 0x61, 0xd, 0xa0, 0xe, 0x90,
    0x1e, 0x92, 0x0, 0x0, 0xbd, 0x10, 0x1f, 0x70,
    0x0, 0x0, 0x0, 0x1c, 0xe2, 0x25, 0xaf, 0x30,
    0x0, 0x0, 0x0, 0x6c, 0x10, 0x3f, 0xf9, 0x0,
    0x0, 0x0, 0x0, 0x0, 0x0, 0x0, 0x0, 0x0,

    /* U+578B "型" */
    0x6, 0xff, 0xff, 0xff, 0xc0, 0xf5, 0x1f, 0x50,
    0x1, 0x4f, 0x94, 0xfa, 0x30, 0xf5, 0x1f, 0x50,
    0x0, 0xf, 0x50, 0xe7, 0x0, 0xf5, 0x1f, 0x50,
    0x5, 0x5f, 0x95, 0xfa, 0x51, 0xf5, 0x1f, 0x50,
    0xe, 0xff, 0xff, 0xff, 0xf2, 0xf5, 0x1f, 0x50,
    0x0, 0x5f, 0x10, 0xe7, 0x0, 0x51, 0x1f, 0x50,
    0x1, 0xdb, 0x0, 0xe7, 0x0, 0x2, 0x4f, 0x50,
    0xd, 0xe2, 0x0, 0xe7, 0x0, 0xf, 0xff, 0x20,
    0x2, 0x10, 0x0, 0x1c, 0xc0, 0x4, 0x41, 0x0,
    0x0, 0x7e, 0xee, 0xef, 0xfe, 0xee, 0xe7, 0x0,
    0x0, 0x36, 0x66, 0x6d, 0xe6, 0x66, 0x63, 0x0,
    0x0, 0x0, 0x0, 0xb, 0xc0, 0x0, 0x0, 0x0,
    0x16, 0x66, 0x66, 0x6d, 0xe6, 0x66, 0x66, 0x61,
    0x2e, 0xee, 0xee, 0xee, 0xee, 0xee, 0xee, 0xe2,

    /* U+57DF "域" */
    0x0, 0x0, 0x0, 0x0, 0x0, 0x11, 0x0, 0x0,
    0x0, 0xe7, 0x0, 0x0, 0x0, 0xbb, 0x8d, 0x20,
    0x0, 0xe7, 0x2, 0x22, 0x22, 0xbb, 0x2b, 0xa0,
    0x0, 0xe7, 0xe, 0xff, 0xff, 0xff, 0xff, 0xf0,
    0x48, 0xfc, 0x72, 0x33, 0x33, 0xbd, 0x33, 0x30,
    0x7f, 0xff, 0xd1, 0x44, 0x42, 0x8d, 0x2, 0x0,
    0x0, 0xe7, 0x6, 0xfe, 0xf8, 0x7e, 0xe, 0x80,
    0x0, 0xe7, 0x6, 0xa0, 0x98, 0x6f, 0x4f, 0x30,
    0x0, 0xe7, 0x6, 0xa0, 0x98, 0x5f, 0xad, 0x0,
    0x0, 0xe7, 0x26, 0xff, 0xf8, 0x2f, 0xf6, 0x0,
    0x0, 0xee, 0xf2, 0x33, 0x35, 0x1f, 0xd0, 0x0,
    0x4d, 0xfb, 0x43, 0x7b, 0xef, 0xaf, 0x90, 0x20,
    0x4b, 0x30, 0x4f, 0xea, 0x67, 0xfe, 0xd0, 0xd2,
    0x0, 0x0, 0x2, 0x0, 0x8f, 0x72, 0xfa, 0xf0,
    0x0, 0x0, 0x0, 0x0, 0x76, 0x0, 0x7f, 0x80,

    /* U+5883 "境" */
    0x0, 0x0, 0x0, 0x0, 0x1, 0x30, 0x0, 0x0,
    0x0, 0x8e, 0x0, 0x24, 0x4a, 0xf5, 0x44, 0x10,
    0x0, 0x8e, 0x0, 0x9f, 0xff, 0xff, 0xff, 0x60,
    0x0, 0x8e, 0x0, 0x3, 0xd0, 0x4, 0xc0, 0x0,
    0x2a, 0xdf, 0xa4, 0x78, 0xf9, 0x7c, 0xd7, 0x60,
    0x2a, 0xdf, 0xa4, 0xaa, 0xaa, 0xaa, 0xaa, 0x80,
    0x0, 0x8e, 0x0, 0x4b, 0xbb, 0xbb, 0xbb, 0x0,
    0x0, 0x8e, 0x0, 0x5f, 0x44, 0x44, 0x9f, 0x0,
    0x0, 0x8e, 0x0, 0x5f, 0xdd, 0xdd, 0xef, 0x0,
    0x0, 0x8e, 0x0, 0x5f, 0x11, 0x11, 0x7f, 0x0,
    0x0, 0x8f, 0xb9, 0x5f, 0xee, 0xee, 0xff, 0x0,
    0x2a, 0xff, 0xd5, 0x1, 0xf7, 0x3f, 0x40, 0x0,
    0x3f, 0x93, 0x0, 0x5, 0xf2, 0x2f, 0x30, 0x91,
    0x0, 0x0, 0x1, 0x7f, 0xa0, 0x2f, 0x63, 0xf2,
    0x0, 0x0, 0x1e, 0xe7, 0x0, 0xb, 0xff, 0xb0,
    0x0, 0x0, 0x1, 0x0, 0x0, 0x0, 0x0, 0x0,

    /* U+58F0 "声" */
    0x2, 0x22, 0x22, 0x2d, 0xb2, 0x22, 0x22, 0x10,
    0xef, 0xff, 0xff, 0xff, 0xff, 0xff, 0xfc, 0x1,
    0x11, 0x11, 0x1d, 0xa1, 0x11, 0x11, 0x10, 0x5,
    0x55, 0x55, 0xec, 0x55, 0x55, 0x50, 0x0, 0xee,
    0xee, 0xee, 0xee, 0xee, 0xee, 0x10, 0x2, 0x33,
    0x33, 0x33, 0x33, 0x33, 0x20, 0x0, 0x9f, 0xff,
    0xff, 0xff, 0xff, 0xfc, 0x0, 0xa, 0xd0, 0x0,
    0xda, 0x0, 0xb, 0xc0, 0x0, 0xbc, 0x0, 0xc,
    0x90, 0x0, 0xbc, 0x0, 0xd, 0xff, 0xff, 0xff,
    0xff, 0xff, 0xc0, 0x0, 0xfa, 0x44, 0x44, 0x44,
    0x44, 0xcc, 0x0, 0x5f, 0x30, 0x0, 0x0, 0x0,
    0x2, 0x20, 0x1d, 0xd0, 0x0, 0x0, 0x0, 0x0,
    0x0, 0x4, 0xf3, 0x0, 0x0, 0x0, 0x0, 0x0,
    0x0, 0x1, 0x0, 0x0, 0x0, 0x0, 0x0, 0x0,
    0x0,

    /* U+5907 "备" */
    0x0, 0x0, 0x2, 0x50, 0x0, 0x0, 0x0, 0x0,
    0x0, 0x0, 0x1e, 0xe2, 0x11, 0x11, 0x0, 0x0,
    0x0, 0x2, 0xdf, 0xff, 0xff, 0xff, 0xb0, 0x0,
    0x0, 0x5f, 0xfb, 0x33, 0x34, 0xee, 0x20, 0x0,
    0x9, 0xf9, 0x6f, 0xc3, 0x6e, 0xd2, 0x0, 0x0,
    0x0, 0x30, 0x4, 0xff, 0xfe, 0x20, 0x0, 0x0,
    0x3, 0x69, 0xdf, 0xe8, 0x9e, 0xfe, 0xa7, 0x51,
    0x5f, 0xfc, 0x93, 0x0, 0x0, 0x48, 0xbe, 0xe1,
    0x3, 0x7e, 0xee, 0xee, 0xee, 0xee, 0xe3, 0x0,
    0x0, 0x7f, 0x65, 0x5f, 0xb5, 0x59, 0xf3, 0x0,
    0x0, 0x7f, 0x32, 0x2e, 0xa2, 0x27, 0xf3, 0x0,
    0x0, 0x7f, 0xff, 0xff, 0xff, 0xff, 0xf3, 0x0,
    0x0, 0x7f, 0x10, 0xe, 0x90, 0x6, 0xf3, 0x0,
    0x0, 0x7f, 0x65, 0x5f, 0xb5, 0x59, 0xf3, 0x0,
    0x0, 0x7f, 0xff, 0xff, 0xff, 0xff, 0xf3, 0x0,

    /* U+590D "复" */
    0x0, 0x0, 0x40, 0x0, 0x0, 0x0, 0x0, 0x0,
    0x0, 0x5, 0xf4, 0x0, 0x0, 0x0, 0x0, 0x0,
    0x0, 0x1e, 0xff, 0xff, 0xff, 0xff, 0xff, 0x90,
    0x2, 0xed, 0x44, 0x44, 0x44, 0x44, 0x44, 0x20,
    0xe, 0xd8, 0xdd, 0xdd, 0xdd, 0xdd, 0xd6, 0x0,
    0x3, 0x18, 0xf3, 0x33, 0x33, 0x34, 0xf7, 0x0,
    0x0, 0x8, 0xfe, 0xee, 0xee, 0xef, 0xf7, 0x0,
    0x0, 0x8, 0xe1, 0x11, 0x11, 0x12, 0xf7, 0x0,
    0x0, 0x8, 0xff, 0xff, 0xff, 0xff, 0xf7, 0x0,
    0x0, 0x0, 0x5f, 0x82, 0x22, 0x22, 0x10, 0x0,
    0x0, 0x7, 0xff, 0xff, 0xff, 0xff, 0xe1, 0x0,
    0x2, 0xcf, 0xae, 0x40, 0x1, 0xbf, 0x40, 0x0,
    0x0, 0x82, 0x4, 0xfc, 0xaf, 0xc2, 0x0, 0x0,
    0x2, 0x47, 0x9c, 0xff, 0xff, 0xc9, 0x64, 0x31,
    0x2f, 0xff, 0xd9, 0x51, 0x3, 0x8b, 0xef, 0xf1,
    0x3, 0x20, 0x0, 0x0, 0x0, 0x0, 0x0, 0x10,

    /* U+5916 "外" */
    0x0, 0x0, 0x0, 0x0, 0x0, 0x0, 0x0, 0x0,
    0x0, 0xb, 0xb0, 0x0, 0x7, 0xf1, 0x0, 0x0,
    0x0, 0xf, 0x90, 0x0, 0x7, 0xf1, 0x0, 0x0,
    0x0, 0x5f, 0xff, 0xff, 0x57, 0xf1, 0x0, 0x0,
    0x0, 0xad, 0x55, 0x9f, 0x27, 0xf1, 0x0, 0x0,
    0x2, 0xf6, 0x0, 0x9f, 0x7, 0xf8, 0x10, 0x0,
    0xb, 0xe1, 0x0, 0xdc, 0x7, 0xff, 0xd1, 0x0,
    0x3f, 0x8e, 0x72, 0xf7, 0x7, 0xf4, 0xee, 0x20,
    0x2, 0x8, 0xfe, 0xf1, 0x7, 0xf1, 0x3f, 0xe1,
    0x0, 0x0, 0x6f, 0x90, 0x7, 0xf1, 0x3, 0x80,
    0x0, 0x0, 0xcf, 0x20, 0x7, 0xf1, 0x0, 0x0,
    0x0, 0x9, 0xf7, 0x0, 0x7, 0xf1, 0x0, 0x0,
    0x1, 0xaf, 0xa0, 0x0, 0x7, 0xf1, 0x0, 0x0,
    0x3e, 0xf9, 0x0, 0x0, 0x7, 0xf1, 0x0, 0x0,
    0x9, 0x50, 0x0, 0x0, 0x7, 0xf1, 0x0, 0x0,

    /* U+591A "多" */
    0x0, 0x0, 0x0, 0x52, 0x0, 0x0, 0x0, 0x0,
    0x0, 0x0, 0xbf, 0x50, 0x1, 0x0, 0x0, 0x0,
    0x2, 0xdf, 0xff, 0xff, 0xf9, 0x0, 0x0, 0x19,
    0xfc, 0x43, 0x34, 0xde, 0x10, 0x0, 0x1e, 0xe7,
    0x94, 0x1, 0xcf, 0x30, 0x0, 0x0, 0x20, 0x8,
    0xfa, 0xfd, 0x20, 0x0, 0x0, 0x0, 0x3, 0x8f,
    0xf8, 0x9b, 0x10, 0x0, 0x4, 0xad, 0xfe, 0x71,
    0x8f, 0xc5, 0x56, 0x30, 0x4c, 0x84, 0x2, 0xbf,
    0xff, 0xff, 0xfd, 0x0, 0x0, 0x18, 0xfd, 0x30,
    0x0, 0x9f, 0x40, 0x0, 0x8f, 0xe7, 0x87, 0x0,
    0x9f, 0x80, 0x0, 0x1, 0x60, 0x7, 0xfa, 0xdf,
    0x70, 0x0, 0x0, 0x0, 0x2, 0x6e, 0xfc, 0x20,
    0x0, 0x2, 0x57, 0x9d, 0xff, 0xb5, 0x0, 0x0,
    0x0, 0x9f, 0xfd, 0xa6, 0x10, 0x0, 0x0, 0x0,
    0x1, 0x20, 0x0, 0x0, 0x0, 0x0, 0x0, 0x0,

    /* U+591C "夜" */
    0x0, 0x0, 0x0, 0x8, 0x40, 0x0, 0x0, 0x0,
    0x0, 0x0, 0x0, 0xc, 0xd0, 0x0, 0x0, 0x0,
    0xf, 0xff, 0xff, 0xff, 0xff, 0xff, 0xff, 0xf0,
    0x6, 0x66, 0xdb, 0x66, 0x9e, 0x86, 0x66, 0x60,
    0x0, 0x2, 0xf8, 0x0, 0xaf, 0x10, 0x0, 0x0,
    0x0, 0xb, 0xf1, 0x2, 0xff, 0xee, 0xee, 0x60,
    0x0, 0x5f, 0x80, 0xc, 0xd7, 0x66, 0x8f, 0x40,
    0x3, 0xff, 0x70, 0x9f, 0x4c, 0xa0, 0x9d, 0x0,
    0x3f, 0xef, 0x79, 0xff, 0xb2, 0xe6, 0xf7, 0x0,
    0x2d, 0x3f, 0x78, 0x64, 0xf6, 0x1b, 0xd0, 0x0,
    0x0, 0xf, 0x70, 0x0, 0x8f, 0xaf, 0x30, 0x0,
    0x0, 0xf, 0x70, 0x0, 0x1f, 0xf9, 0x0, 0x0,
    0x0, 0xf, 0x70, 0x4, 0xef, 0xdf, 0x91, 0x0,
    0x0, 0xf, 0x76, 0xdf, 0xc2, 0x8, 0xff, 0xa2,
    0x0, 0xf, 0x76, 0xc5, 0x0, 0x0, 0x29, 0xc0,
    0x0, 0x0, 0x0, 0x0, 0x0, 0x0, 0x0, 0x0,

    /* U+5929 "天" */
    0x2, 0x77, 0x77, 0x77, 0x77, 0x77, 0x77, 0x20,
    0x4, 0xff, 0xff, 0xff, 0xff, 0xff, 0xff, 0x40,
    0x0, 0x0, 0x0, 0xe, 0xa0, 0x0, 0x0, 0x0,
    0x0, 0x0, 0x0, 0xe, 0xa0, 0x0, 0x0, 0x0,
    0x0, 0x0, 0x0, 0xe, 0xa0, 0x0, 0x0, 0x0,
    0x6, 0x77, 0x77, 0x7f, 0xc7, 0x77, 0x77, 0x60,
    0xd, 0xff, 0xff, 0xff, 0xff, 0xff, 0xff, 0xe0,
    0x0, 0x0, 0x0, 0x7f, 0xf5, 0x0, 0x0, 0x0,
    0x0, 0x0, 0x0, 0xde, 0xcd, 0x0, 0x0, 0x0,
    0x0, 0x0, 0x8, 0xf7, 0x4f, 0x80, 0x0, 0x0,
    0x0, 0x0, 0x6f, 0xc0, 0x9, 0xf6, 0x0, 0x0,
    0x0, 0x9, 0xfd, 0x10, 0x0, 0xbf, 0xa0, 0x0,
    0x7, 0xef, 0xa0, 0x0, 0x0, 0x9, 0xff, 0x91,
    0xd, 0xc4, 0x0, 0x0, 0x0, 0x0, 0x4b, 0xe1,
    0x0, 0x0, 0x0, 0x0, 0x0, 0x0, 0x0, 0x0,

    /* U+5931 "失" */
    0x0, 0x6, 0xa0, 0xd, 0xb0, 0x0, 0x0, 0x0,
    0x0, 0xe, 0xc0, 0xd, 0xb0, 0x0, 0x0, 0x0,
    0x0, 0x4f, 0xc8, 0x8e, 0xd8, 0x88, 0x86, 0x0,
    0x0, 0xcf, 0xff, 0xff, 0xff, 0xff, 0xfb, 0x0,
    0x8, 0xf6, 0x0, 0xd, 0xb0, 0x0, 0x0, 0x0,
    0x9, 0xa0, 0x0, 0xe, 0xa0, 0x0, 0x0, 0x0,
    0x7, 0x77, 0x77, 0x7f, 0xc7, 0x77, 0x77, 0x70,
    0x1f, 0xff, 0xff, 0xff, 0xff, 0xff, 0xff, 0xf1,
    0x0, 0x0, 0x0, 0xaf, 0xf9, 0x0, 0x0, 0x0,
    0x0, 0x0, 0x3, 0xfb, 0x8f, 0x30, 0x0, 0x0,
    0x0, 0x0, 0x2e, 0xf2, 0xe, 0xe2, 0x0, 0x0,
    0x0, 0x6, 0xff, 0x40, 0x2, 0xee, 0x60, 0x0,
    0x7, 0xef, 0xd2, 0x0, 0x0, 0x2c, 0xfd, 0x82,
    0xd, 0xc5, 0x0, 0x0, 0x0, 0x0, 0x6c, 0xe1,
    0x0, 0x0, 0x0, 0x0, 0x0, 0x0, 0x0, 0x0,

    /* U+594F "奏" */
    0x0, 0x0, 0x0, 0x0, 0x0, 0x0, 0x0, 0x0,
    0x0, 0x33, 0x33, 0x3c, 0xc3, 0x33, 0x33, 0x0,
    0x0, 0xef, 0xff, 0xff, 0xff, 0xff, 0xff, 0x0,
    0x0, 0x1, 0x11, 0x3f, 0x61, 0x11, 0x10, 0x0,
    0x0, 0x5f, 0xff, 0xff, 0xff, 0xff, 0xf6, 0x0,
    0x0, 0x0, 0x2, 0xf9, 0x0, 0x0, 0x0, 0x0,
    0x1f, 0xff, 0xff, 0xff, 0xff, 0xff, 0xff, 0xf1,
    0x3, 0x33, 0xbf, 0x73, 0x35, 0xfb, 0x33, 0x30,
    0x0, 0x9, 0xfe, 0x54, 0x44, 0xcf, 0xa0, 0x0,
    0x4, 0xdf, 0x9c, 0xdf, 0xfd, 0xd8, 0xfd, 0x60,
    0x2f, 0xd8, 0x33, 0x3c, 0xb3, 0x33, 0x6b, 0xf3,
    0x1, 0x1f, 0xff, 0xff, 0xff, 0xff, 0xf2, 0x0,
    0x0, 0x0, 0x2, 0xdd, 0x3d, 0x82, 0x0, 0x0,
    0x0, 0x3, 0x9f, 0xc1, 0x6, 0xdf, 0xa2, 0x0,
    0x0, 0xbf, 0xc5, 0x0, 0x0, 0x5, 0xed, 0x0,
    0x0, 0x11, 0x0, 0x0, 0x0, 0x0, 0x1, 0x0,

    /* U+5973 "女" */
    0x0, 0x0, 0x0, 0x34, 0x0, 0x0, 0x0, 0x0,
    0x0, 0x0, 0x0, 0xce, 0x0, 0x0, 0x0, 0x0,
    0x0, 0x0, 0x1, 0xf9, 0x0, 0x0, 0x0, 0x0,
    0x0, 0x0, 0x7, 0xf4, 0x0, 0x0, 0x0, 0x0,
    0xa, 0xaa, 0xae, 0xfa, 0xaa, 0xaa, 0xaa, 0xa0,
    0xf, 0xff, 0xff, 0xff, 0xff, 0xff, 0xff, 0xf1,
    0x0, 0x0, 0xaf, 0x20, 0x0, 0xaf, 0x0, 0x0,
    0x0, 0x1, 0xfb, 0x0, 0x0, 0xfb, 0x0, 0x0,
    0x0, 0x8, 0xf4, 0x0, 0x6, 0xf6, 0x0, 0x0,
    0x0, 0x1f, 0xfa, 0x30, 0x1e, 0xe0, 0x0, 0x0,
    0x0, 0x2, 0x9f, 0xfc, 0xbf, 0x50, 0x0, 0x0,
    0x0, 0x0, 0x1, 0x8f, 0xff, 0x60, 0x0, 0x0,
    0x0, 0x0, 0x18, 0xff, 0xae, 0xfd, 0x50, 0x0,
    0x5, 0x8c, 0xff, 0xc4, 0x0, 0x7f, 0xfc, 0x30,
    0xd, 0xfd, 0x93, 0x0, 0x0, 0x1, 0xaf, 0x60,
    0x1, 0x10, 0x0, 0x0, 0x0, 0x0, 0x2, 0x0,

    /* U+597D "好" */
    0x0, 0x0, 0x0, 0x0, 0x0, 0x0, 0x0, 0x0,
    0x0, 0x5f, 0x20, 0x0, 0x11, 0x11, 0x11, 0x0,
    0x0, 0x7f, 0x0, 0x6, 0xff, 0xff, 0xff, 0xa0,
    0x13, 0xbd, 0x33, 0x20, 0x11, 0x11, 0xcf, 0x20,
    0x4f, 0xff, 0xff, 0xd0, 0x0, 0x9, 0xf4, 0x0,
    0x3, 0xf7, 0x2b, 0xb0, 0x0, 0x6f, 0x40, 0x0,
    0x5, 0xf1, 0xd, 0x80, 0x0, 0x8f, 0x0, 0x0,
    0x9, 0xd0, 0x1f, 0x7f, 0xff, 0xff, 0xff, 0xf5,
    0xe, 0xc0, 0x6f, 0x27, 0x77, 0xcf, 0x77, 0x72,
    0x7, 0xfc, 0xcb, 0x0, 0x0, 0x8f, 0x0, 0x0,
    0x0, 0x4e, 0xf8, 0x0, 0x0, 0x8f, 0x0, 0x0,
    0x0, 0x1d, 0xff, 0x40, 0x0, 0x8f, 0x0, 0x0,
    0x0, 0xbf, 0x4d, 0xe0, 0x0, 0x8f, 0x0, 0x0,
    0x3d, 0xf5, 0x1, 0x40, 0x56, 0xce, 0x0, 0x0,
    0x1c, 0x30, 0x0, 0x0, 0x9f, 0xe7, 0x0, 0x0,
    0x0, 0x0, 0x0, 0x0, 0x0, 0x0, 0x0, 0x0,

    /* U+59CB "始" */
    0x0, 0x0, 0x0, 0x0, 0x0, 0x0, 0x0, 0x0,
    0x0, 0x6f, 0x0, 0x0, 0xa, 0xe1, 0x0, 0x0,
    0x0, 0x8d, 0x0, 0x0, 0x2f, 0x90, 0x0, 0x0,
    0x3, 0xcc, 0x33, 0x0, 0x9e, 0x12, 0xe4, 0x0,
    0x4f, 0xff, 0xff, 0x23, 0xf5, 0x0, 0xae, 0x10,
    0x3, 0xf6, 0x5f, 0x1d, 0xb3, 0x34, 0x6f, 0x90,
    0x4, 0xf0, 0x5f, 0x9f, 0xff, 0xff, 0xfe, 0xf2,
    0x8, 0xc0, 0x8d, 0x37, 0x54, 0x21, 0x0, 0xc3,
    0xc, 0xa0, 0xc9, 0x3, 0x44, 0x44, 0x44, 0x20,
    0xa, 0xf8, 0xf5, 0xe, 0xff, 0xff, 0xff, 0x70,
    0x0, 0x6f, 0xf1, 0xe, 0x70, 0x0, 0xe, 0x70,
    0x0, 0x1e, 0xfb, 0xe, 0x70, 0x0, 0xe, 0x70,
    0x0, 0xbe, 0x5f, 0x4e, 0x70, 0x0, 0xe, 0x70,
    0x1c, 0xf4, 0x2, 0xe, 0xff, 0xff, 0xff, 0x70,
    0xb, 0x30, 0x0, 0xe, 0xa5, 0x55, 0x5e, 0x70,

    /* U+5B89 "安" */
    0x0, 0x0, 0x0, 0x20, 0x0, 0x0, 0x0, 0x0,
    0x0, 0x4, 0xf6, 0x0, 0x0, 0x0, 0x36, 0x66,
    0x67, 0xfe, 0x66, 0x66, 0x63, 0x8f, 0xff, 0xff,
    0xff, 0xff, 0xff, 0xf8, 0x8f, 0x0, 0x4, 0x50,
    0x0, 0x0, 0xf8, 0x7e, 0x0, 0xe, 0xd0, 0x0,
    0x0, 0xe8, 0x33, 0x33, 0x8f, 0x83, 0x33, 0x33,
    0x33, 0xef, 0xff, 0xff, 0xff, 0xff, 0xff, 0xff,
    0x22, 0x2b, 0xf4, 0x22, 0x2e, 0xc2, 0x22, 0x0,
    0x5f, 0x90, 0x0, 0x7f, 0x50, 0x0, 0x0, 0x9f,
    0xfb, 0x54, 0xfb, 0x0, 0x0, 0x0, 0x1, 0x7c,
    0xff, 0xf3, 0x0, 0x0, 0x0, 0x0, 0x5c, 0xfc,
    0xff, 0xb3, 0x0, 0x26, 0xae, 0xfc, 0x40, 0x19,
    0xff, 0xb2, 0x5f, 0xd9, 0x40, 0x0, 0x0, 0x1a,
    0xf3, 0x1, 0x0, 0x0, 0x0, 0x0, 0x0, 0x10,

    /* U+5B8C "完" */
    0x0, 0x0, 0x0, 0x2, 0x10, 0x0, 0x0, 0x0,
    0x0, 0x0, 0x0, 0x2f, 0x90, 0x0, 0x0, 0x0,
    0x5, 0x77, 0x77, 0x7e, 0xf7, 0x77, 0x77, 0x40,
    0xa, 0xff, 0xff, 0xff, 0xff, 0xff, 0xff, 0xa0,
    0xa, 0xc0, 0x0, 0x0, 0x0, 0x0, 0xe, 0xa0,
    0xa, 0xc4, 0xff, 0xff, 0xff, 0xff, 0x3e, 0xa0,
    0x2, 0x21, 0x66, 0x66, 0x66, 0x66, 0x13, 0x20,
    0x0, 0x0, 0x0, 0x0, 0x0, 0x0, 0x0, 0x0,
    0xf, 0xff, 0xff, 0xff, 0xff, 0xff, 0xff, 0xf0,
    0x6, 0x66, 0x7f, 0xb6, 0x6f, 0xc6, 0x66, 0x60,
    0x0, 0x0, 0x1f, 0x60, 0xe, 0x90, 0x0, 0x0,
    0x0, 0x0, 0x5f, 0x40, 0xe, 0x90, 0x0, 0x20,
    0x0, 0x1, 0xdd, 0x0, 0xe, 0x90, 0x1, 0xf3,
    0x3, 0x7f, 0xe3, 0x0, 0xd, 0xd6, 0x59, 0xf1,
    0xe, 0xfa, 0x10, 0x0, 0x7, 0xff, 0xff, 0x90,
    0x1, 0x0, 0x0, 0x0, 0x0, 0x0, 0x0, 0x0,

    /* U+5B9A "定" */
    0x0, 0x0, 0x0, 0x1, 0x20, 0x0, 0x0, 0x0,
    0x0, 0x0, 0x0, 0xe, 0xc0, 0x0, 0x0, 0x0,
    0x3, 0x77, 0x77, 0x7c, 0xf8, 0x77, 0x77, 0x60,
    0x8, 0xff, 0xff, 0xff, 0xff, 0xff, 0xff, 0xe0,
    0x8, 0xe0, 0x0, 0x0, 0x0, 0x0, 0x9, 0xe0,
    0x8, 0xe2, 0x77, 0x77, 0x77, 0x77, 0x59, 0xe0,
    0x1, 0x25, 0xff, 0xff, 0xff, 0xff, 0xb1, 0x20,
    0x0, 0x0, 0x0, 0x9, 0xe0, 0x0, 0x0, 0x0,
    0x0, 0x7, 0xf0, 0x9, 0xe0, 0x0, 0x0, 0x0,
    0x0, 0xa, 0xe0, 0x9, 0xff, 0xff, 0xf7, 0x0,
    0x0, 0xe, 0xf1, 0x9, 0xf6, 0x66, 0x63, 0x0,
    0x0, 0x3f, 0xfa, 0x9, 0xe0, 0x0, 0x0, 0x0,
    0x0, 0xbd, 0x5f, 0xbb, 0xe0, 0x0, 0x0, 0x0,
    0x7, 0xf5, 0x6, 0xff, 0xfa, 0x88, 0x77, 0x83,
    0xd, 0x90, 0x0, 0x18, 0xce, 0xff, 0xff, 0xf3,
    0x1, 0x0, 0x0, 0x0, 0x0, 0x0, 0x0, 0x0,

    /* U+5B9E "实" */
    0x0, 0x0, 0x0, 0x85, 0x0, 0x0, 0x0, 0x0,
    0x0, 0x0, 0xde, 0x0, 0x0, 0x0, 0x8f, 0xff,
    0xff, 0xff, 0xff, 0xff, 0xf9, 0x8f, 0x66, 0x66,
    0x66, 0x66, 0x66, 0xfa, 0x8e, 0x7, 0x50, 0x9,
    0x40, 0x0, 0xea, 0x46, 0x8, 0xf9, 0x2f, 0x60,
    0x0, 0x64, 0x0, 0x40, 0x47, 0x2f, 0x50, 0x0,
    0x0, 0x7, 0xfa, 0x0, 0x4f, 0x40, 0x0, 0x0,
    0x0, 0x6f, 0x50, 0x7f, 0x10, 0x0, 0x0, 0x23,
    0x36, 0x33, 0xbf, 0x33, 0x33, 0x33, 0xcf, 0xff,
    0xff, 0xff, 0xff, 0xff, 0xfe, 0x0, 0x0, 0xb,
    0xf3, 0x72, 0x0, 0x0, 0x0, 0x2, 0xcf, 0x62,
    0xef, 0xb4, 0x0, 0x15, 0xbf, 0xe5, 0x0, 0x5,
    0xcf, 0xc3, 0x4f, 0xd7, 0x0, 0x0, 0x0, 0x4,
    0xd8, 0x1, 0x0, 0x0, 0x0, 0x0, 0x0, 0x0,

    /* U+5BB9 "容" */
    0x0, 0x0, 0x0, 0x5, 0x40, 0x0, 0x0, 0x0,
    0x0, 0x0, 0x0, 0xc, 0xe1, 0x0, 0x0, 0x0,
    0x8, 0xff, 0xff, 0xff, 0xff, 0xff, 0xff, 0xb0,
    0x8, 0xf4, 0x45, 0x44, 0x44, 0x54, 0x4d, 0xb0,
    0x8, 0xe0, 0x4f, 0x60, 0x5, 0xe4, 0xc, 0xb0,
    0x0, 0x16, 0xfa, 0x4, 0x61, 0x9f, 0x91, 0x0,
    0x1, 0xcf, 0x90, 0x1e, 0xf4, 0x5, 0xfc, 0x10,
    0x0, 0x95, 0x2, 0xdc, 0xaf, 0x60, 0x39, 0x0,
    0x0, 0x0, 0x4e, 0xb0, 0x9, 0xf9, 0x0, 0x0,
    0x0, 0x2a, 0xfb, 0x11, 0x11, 0x7f, 0xe8, 0x10,
    0xb, 0xff, 0xff, 0xff, 0xff, 0xff, 0xef, 0xf2,
    0x8, 0x76, 0xf4, 0x33, 0x33, 0x3f, 0x92, 0x60,
    0x0, 0x5, 0xf1, 0x0, 0x0, 0xe, 0x90, 0x0,
    0x0, 0x5, 0xf6, 0x55, 0x55, 0x5f, 0x90, 0x0,
    0x0, 0x5, 0xff, 0xff, 0xff, 0xff, 0x90, 0x0,

    /* U+5BC6 "密" */
    0x0, 0x0, 0x0, 0x17, 0x20, 0x0, 0x0, 0x0,
    0x1, 0x11, 0x11, 0x2f, 0x91, 0x11, 0x11, 0x10,
    0xe, 0xff, 0xff, 0xff, 0xff, 0xff, 0xff, 0x90,
    0xe, 0xa3, 0x36, 0xb4, 0x33, 0x43, 0x3f, 0x90,
    0xe, 0x80, 0x3, 0xbf, 0x63, 0xe8, 0xe, 0x90,
    0x1, 0x97, 0x6e, 0x5, 0x9f, 0xa3, 0x91, 0x0,
    0x3, 0xf5, 0x6e, 0x2b, 0xf8, 0x4, 0xdc, 0x0,
    0x1f, 0xa0, 0x7f, 0xfb, 0x20, 0x3f, 0x2e, 0xb0,
    0x7, 0x9e, 0xff, 0xfd, 0xdd, 0xfc, 0x3, 0x40,
    0x3f, 0xe8, 0x22, 0x48, 0x64, 0x40, 0x0, 0x0,
    0x2, 0x45, 0x0, 0xf, 0x80, 0x1, 0x93, 0x0,
    0x0, 0x9d, 0x0, 0xf, 0x80, 0x1, 0xf5, 0x0,
    0x0, 0x9d, 0x0, 0xf, 0x80, 0x2, 0xf5, 0x0,
    0x0, 0x9f, 0xff, 0xff, 0xff, 0xff, 0xf5, 0x0,
    0x0, 0x36, 0x66, 0x66, 0x66, 0x67, 0xf5, 0x0,

    /* U+5BDF "察" */
    0x0, 0x0, 0x0, 0x8, 0x50, 0x0, 0x0, 0x0,
    0x5, 0x55, 0x55, 0x5d, 0xe6, 0x55, 0x55, 0x50,
    0xe, 0xed, 0xdd, 0xdd, 0xdd, 0xdd, 0xdf, 0xe0,
    0xe, 0x71, 0xc5, 0x1, 0xc1, 0x0, 0x9, 0xe0,
    0x5, 0x3b, 0xfe, 0xeb, 0xcf, 0xff, 0xff, 0x70,
    0x3, 0xdd, 0x51, 0xd9, 0x5f, 0x74, 0xec, 0x0,
    0x1f, 0xb2, 0xce, 0xe1, 0xa, 0xea, 0xe2, 0x0,
    0x2, 0x7c, 0x9f, 0x74, 0x44, 0xff, 0x80, 0x0,
    0x0, 0x4f, 0xec, 0xff, 0xff, 0xda, 0xfc, 0x61,
    0x2d, 0xf9, 0x0, 0x0, 0x0, 0x0, 0x4b, 0xf2,
    0x7, 0x8f, 0xff, 0xff, 0xff, 0xff, 0xf7, 0x0,
    0x0, 0x15, 0xa7, 0x4a, 0xf4, 0x68, 0x42, 0x0,
    0x0, 0xa, 0xf6, 0x8, 0xe0, 0x8f, 0xb3, 0x0,
    0x8, 0xfe, 0x42, 0x3a, 0xe0, 0x3, 0xcf, 0x80,
    0x5, 0x80, 0x5, 0xfe, 0x80, 0x0, 0x7, 0x40,

    /* U+5BFC "导" */
    0xd, 0xff, 0xff, 0xff, 0xff, 0xff, 0x20, 0x0,
    0xdc, 0x44, 0x44, 0x44, 0x48, 0xf2, 0x0, 0xd,
    0xb2, 0x22, 0x22, 0x22, 0x6f, 0x20, 0x0, 0xdf,
    0xff, 0xff, 0xff, 0xff, 0xf2, 0x0, 0xd, 0xb1,
    0x11, 0x11, 0x11, 0x11, 0x63, 0x0, 0xbe, 0x54,
    0x33, 0x33, 0x34, 0x5f, 0x90, 0x2, 0xbe, 0xff,
    0xff, 0xff, 0xfe, 0xb1, 0x0, 0x0, 0x0, 0x0,
    0x0, 0xa8, 0x0, 0x0, 0xff, 0xff, 0xff, 0xff,
    0xff, 0xff, 0xff, 0x6, 0x69, 0xf7, 0x66, 0x66,
    0xec, 0x66, 0x60, 0x0, 0x4f, 0xc0, 0x0, 0xd,
    0xa0, 0x0, 0x0, 0x0, 0x3f, 0xb0, 0x0, 0xda,
    0x0, 0x0, 0x0, 0x0, 0x44, 0x44, 0x5e, 0xa0,
    0x0, 0x0, 0x0, 0x0, 0x8, 0xff, 0xd4, 0x0,
    0x0,

    /* U+5C01 "封" */
    0x0, 0x3, 0xf3, 0x0, 0x0, 0x0, 0x7c, 0x0,
    0x4, 0x58, 0xf8, 0x54, 0x0, 0x0, 0x8e, 0x0,
    0xb, 0xff, 0xff, 0xfa, 0x0, 0x0, 0x8e, 0x0,
    0x0, 0x3, 0xf3, 0x0, 0x8b, 0xbb, 0xdf, 0xb4,
    0x3, 0x36, 0xf6, 0x33, 0x7a, 0xaa, 0xdf, 0xa4,
    0x3f, 0xff, 0xff, 0xff, 0x0, 0x0, 0x8e, 0x0,
    0x2, 0x24, 0xa4, 0x22, 0x2e, 0x40, 0x8e, 0x0,
    0x0, 0x3, 0xf3, 0x0, 0xc, 0xb0, 0x8e, 0x0,
    0xd, 0xff, 0xff, 0xfc, 0x5, 0xf3, 0x8e, 0x0,
    0x5, 0x68, 0xf8, 0x65, 0x0, 0xb3, 0x8e, 0x0,
    0x0, 0x3, 0xf3, 0x0, 0x0, 0x0, 0x8e, 0x0,
    0x2, 0x48, 0xfc, 0xdf, 0x40, 0x0, 0x8e, 0x0,
    0x5f, 0xff, 0xda, 0x85, 0x10, 0x66, 0xcd, 0x0,
    0x14, 0x20, 0x0, 0x0, 0x0, 0xbf, 0xd6, 0x0,

    /* U+5C0F "小" */
    0x0, 0x0, 0x0, 0xa, 0xe0, 0x0, 0x0, 0x0,
    0x0, 0x0, 0x0, 0xa, 0xe0, 0x0, 0x0, 0x0,
    0x0, 0x0, 0x0, 0xa, 0xe0, 0x0, 0x0, 0x0,
    0x0, 0x5, 0x30, 0xa, 0xe0, 0x2, 0x50, 0x0,
    0x0, 0x1f, 0xa0, 0xa, 0xe0, 0x9, 0xf2, 0x0,
    0x0, 0x5f, 0x50, 0xa, 0xe0, 0x1, 0xfb, 0x0,
    0x0, 0xaf, 0x0, 0xa, 0xe0, 0x0, 0x9f, 0x30,
    0x1, 0xfb, 0x0, 0xa, 0xe0, 0x0, 0x1f, 0xb0,
    0x8, 0xf4, 0x0, 0xa, 0xe0, 0x0, 0xb, 0xf1,
    0x2f, 0xb0, 0x0, 0xa, 0xe0, 0x0, 0x5, 0xf6,
    0x5, 0x20, 0x0, 0xa, 0xe0, 0x0, 0x1, 0xa3,
    0x0, 0x0, 0x0, 0xa, 0xe0, 0x0, 0x0, 0x0,
    0x0, 0x0, 0x58, 0x8e, 0xd0, 0x0, 0x0, 0x0,
    0x0, 0x0, 0x5f, 0xfd, 0x50, 0x0, 0x0, 0x0,
    0x0, 0x0, 0x0, 0x0, 0x0, 0x0, 0x0, 0x0,

    /* U+5C3D "尽" */
    0x0, 0x1f, 0xff, 0xff, 0xff, 0xff, 0xfe, 0x0,
    0x0, 0x1f, 0xb6, 0x66, 0x66, 0x66, 0xce, 0x0,
    0x0, 0x1f, 0x70, 0x0, 0x0, 0x0, 0x9e, 0x0,
    0x0, 0x1f, 0x92, 0x22, 0x22, 0x22, 0xae, 0x0,
    0x0, 0x2f, 0xff, 0xff, 0xff, 0xff, 0xfe, 0x0,
    0x0, 0x4f, 0x73, 0x33, 0x33, 0xcd, 0x33, 0x0,
    0x0, 0x6f, 0x10, 0x0, 0x0, 0x4f, 0x40, 0x0,
    0x0, 0xbe, 0x6, 0xfb, 0x60, 0xc, 0xd0, 0x0,
    0x1, 0xfa, 0x1, 0x6b, 0xff, 0x54, 0xf8, 0x0,
    0xa, 0xf3, 0x0, 0x0, 0x29, 0x10, 0x9f, 0x90,
    0x2f, 0xa0, 0x11, 0x0, 0x0, 0x0, 0xa, 0xf5,
    0x5, 0x0, 0xdf, 0xd9, 0x40, 0x0, 0x0, 0x40,
    0x0, 0x0, 0x5, 0x9e, 0xff, 0xa4, 0x0, 0x0,
    0x0, 0x0, 0x0, 0x0, 0x39, 0xed, 0x0, 0x0,
    0x0, 0x0, 0x0, 0x0, 0x0, 0x1, 0x0, 0x0,

    /* U+5C40 "局" */
    0x0, 0x8f, 0xff, 0xff, 0xff, 0xff, 0xf8, 0x0,
    0x8, 0xf4, 0x44, 0x44, 0x44, 0x4f, 0x80, 0x0,
    0x8e, 0x0, 0x0, 0x0, 0x0, 0xf8, 0x0, 0x8,
    0xf6, 0x66, 0x66, 0x66, 0x6f, 0x80, 0x0, 0x9f,
    0xdd, 0xdd, 0xdd, 0xdd, 0xd7, 0x0, 0x9, 0xe1,
    0x11, 0x11, 0x11, 0x11, 0x10, 0x0, 0xaf, 0xff,
    0xff, 0xff, 0xff, 0xff, 0xa0, 0xc, 0xb1, 0x11,
    0x11, 0x11, 0x11, 0xe9, 0x0, 0xe8, 0xe, 0xee,
    0xee, 0xe1, 0xe, 0x80, 0x2f, 0x50, 0xf7, 0x33,
    0x7f, 0x10, 0xf7, 0x7, 0xf2, 0xf, 0x50, 0x4,
    0xf1, 0x1f, 0x60, 0xeb, 0x0, 0xff, 0xee, 0xff,
    0x13, 0xf5, 0x4f, 0x30, 0xf, 0x84, 0x44, 0x96,
    0xbf, 0x20, 0x50, 0x0, 0x31, 0x0, 0x8, 0xff,
    0x90, 0x0, 0x0, 0x0, 0x0, 0x0, 0x0, 0x0,
    0x0,

    /* U+5C42 "层" */
    0x0, 0xef, 0xff, 0xff, 0xff, 0xff, 0xff, 0x30,
    0x0, 0xea, 0x44, 0x44, 0x44, 0x44, 0x7f, 0x30,
    0x0, 0xe8, 0x0, 0x0, 0x0, 0x0, 0x4f, 0x30,
    0x0, 0xef, 0xff, 0xff, 0xff, 0xff, 0xff, 0x30,
    0x0, 0xfb, 0x44, 0x44, 0x44, 0x44, 0x44, 0x10,
    0x0, 0xf8, 0x4, 0x44, 0x44, 0x44, 0x44, 0x0,
    0x0, 0xf8, 0xf, 0xff, 0xff, 0xff, 0xfe, 0x0,
    0x0, 0xf7, 0x0, 0x0, 0x0, 0x0, 0x0, 0x0,
    0x1, 0xf6, 0x55, 0x55, 0x55, 0x55, 0x55, 0x50,
    0x3, 0xf4, 0xff, 0xff, 0xff, 0xff, 0xff, 0xf0,
    0x6, 0xf1, 0x0, 0x9f, 0x30, 0x7, 0x50, 0x0,
    0xa, 0xe0, 0x4, 0xf7, 0x0, 0xa, 0xf1, 0x0,
    0xf, 0x90, 0x2e, 0xd5, 0x67, 0x8a, 0xfb, 0x0,
    0x4f, 0x30, 0x8f, 0xff, 0xdc, 0xba, 0xaf, 0x50,
    0x3, 0x0, 0x12, 0x0, 0x0, 0x0, 0x7, 0x10,

    /* U+5C55 "展" */
    0x0, 0xdf, 0xff, 0xff, 0xff, 0xff, 0xff, 0x20,
    0x0, 0xdc, 0x44, 0x44, 0x44, 0x44, 0x8f, 0x20,
    0x0, 0xda, 0x0, 0x0, 0x0, 0x0, 0x5f, 0x20,
    0x0, 0xdf, 0xff, 0xff, 0xff, 0xff, 0xff, 0x20,
    0x0, 0xdb, 0x33, 0xfb, 0x33, 0xaf, 0x33, 0x0,
    0x0, 0xea, 0x44, 0xea, 0x44, 0xaf, 0x44, 0x20,
    0x0, 0xf9, 0xef, 0xff, 0xff, 0xff, 0xff, 0x60,
    0x0, 0xf8, 0x0, 0xd8, 0x0, 0x7e, 0x0, 0x0,
    0x1, 0xfb, 0xee, 0xff, 0xee, 0xff, 0xee, 0xe1,
    0x3, 0xf6, 0x5f, 0xa5, 0x8f, 0x85, 0x8d, 0x50,
    0x7, 0xf1, 0xe, 0x70, 0xc, 0xd8, 0xf9, 0x10,
    0xb, 0xd0, 0xf, 0x70, 0x25, 0xef, 0x70, 0x0,
    0x3f, 0x70, 0x5f, 0xef, 0xf9, 0x2c, 0xfb, 0x60,
    0x3d, 0x10, 0x5d, 0x95, 0x10, 0x0, 0x5b, 0xc0,
    0x0, 0x0, 0x0, 0x0, 0x0, 0x0, 0x0, 0x0,

    /* U+5DE5 "工" */
    0x2, 0x99, 0x99, 0x99, 0x99, 0x99, 0x99, 0x30,
    0x4, 0xff, 0xff, 0xff, 0xff, 0xff, 0xff, 0x50,
    0x0, 0x0, 0x0, 0xd, 0xc0, 0x0, 0x0, 0x0,
    0x0, 0x0, 0x0, 0xd, 0xc0, 0x0, 0x0, 0x0,
    0x0, 0x0, 0x0, 0xd, 0xc0, 0x0, 0x0, 0x0,
    0x0, 0x0, 0x0, 0xd, 0xc0, 0x0, 0x0, 0x0,
    0x0, 0x0, 0x0, 0xd, 0xc0, 0x0, 0x0, 0x0,
    0x0, 0x0, 0x0, 0xd, 0xc0, 0x0, 0x0, 0x0,
    0x0, 0x0, 0x0, 0xd, 0xc0, 0x0, 0x0, 0x0,
    0x0, 0x0, 0x0, 0xd, 0xc0, 0x0, 0x0, 0x0,
    0x6, 0x66, 0x66, 0x6e, 0xd6, 0x66, 0x66, 0x61,
    0x2f, 0xff, 0xff, 0xff, 0xff, 0xff, 0xff, 0xf2,
    0x1, 0x11, 0x11, 0x11, 0x11, 0x11, 0x11, 0x10,

    /* U+5DE6 "左" */
    0x0, 0x0, 0x0, 0x20, 0x0, 0x0, 0x0, 0x0,
    0x0, 0x0, 0x5, 0xf3, 0x0, 0x0, 0x0, 0x0,
    0x0, 0x0, 0x8, 0xf0, 0x0, 0x0, 0x0, 0x0,
    0x6, 0x77, 0x7d, 0xf7, 0x77, 0x77, 0x77, 0x60,
    0xe, 0xff, 0xff, 0xff, 0xff, 0xff, 0xff, 0xd0,
    0x0, 0x0, 0x3f, 0x40, 0x0, 0x0, 0x0, 0x0,
    0x0, 0x0, 0x9f, 0x0, 0x0, 0x0, 0x0, 0x0,
    0x0, 0x0, 0xfd, 0x66, 0x66, 0x66, 0x66, 0x30,
    0x0, 0x5, 0xfc, 0xff, 0xff, 0xff, 0xff, 0x70,
    0x0, 0xb, 0xc0, 0x0, 0x2f, 0x60, 0x0, 0x0,
    0x0, 0x4f, 0x40, 0x0, 0x2f, 0x60, 0x0, 0x0,
    0x1, 0xec, 0x0, 0x0, 0x2f, 0x60, 0x0, 0x0,
    0xc, 0xe2, 0x0, 0x0, 0x2f, 0x60, 0x0, 0x0,
    0x5f, 0x41, 0x66, 0x66, 0x8f, 0xa6, 0x66, 0x60,
    0x3, 0x2, 0xff, 0xff, 0xff, 0xff, 0xff, 0xf2,

    /* U+5DF2 "已" */
    0x2f, 0xff, 0xff, 0xff, 0xff, 0xff, 0x70, 0x1,
    0x77, 0x77, 0x77, 0x77, 0x77, 0xf7, 0x0, 0x0,
    0x0, 0x0, 0x0, 0x0, 0x1f, 0x70, 0x0, 0x35,
    0x0, 0x0, 0x0, 0x1, 0xf7, 0x0, 0x9, 0xe0,
    0x0, 0x0, 0x0, 0x1f, 0x70, 0x0, 0x9e, 0x22,
    0x22, 0x22, 0x23, 0xf7, 0x0, 0x9, 0xff, 0xff,
    0xff, 0xff, 0xff, 0x70, 0x0, 0x9f, 0x44, 0x44,
    0x44, 0x44, 0x83, 0x0, 0x9, 0xe0, 0x0, 0x0,
    0x0, 0x0, 0x0, 0x0, 0x9e, 0x0, 0x0, 0x0,
    0x0, 0x0, 0xa2, 0x9, 0xe0, 0x0, 0x0, 0x0,
    0x0, 0x2f, 0x60, 0x9f, 0x0, 0x0, 0x0, 0x0,
    0x6, 0xf3, 0x6, 0xfa, 0x77, 0x77, 0x77, 0x79,
    0xfd, 0x0, 0x9, 0xef, 0xff, 0xff, 0xff, 0xeb,
    0x20,

    /* U+5E03 "布" */
    0x0, 0x0, 0x0, 0x52, 0x0, 0x0, 0x0, 0x0,
    0x0, 0x0, 0x1, 0xf8, 0x0, 0x0, 0x0, 0x0,
    0x1, 0x11, 0x17, 0xf4, 0x11, 0x11, 0x11, 0x10,
    0xf, 0xff, 0xff, 0xff, 0xff, 0xff, 0xff, 0xf0,
    0x5, 0x55, 0x9f, 0x85, 0x97, 0x55, 0x55, 0x50,
    0x0, 0x0, 0xec, 0x0, 0xf8, 0x0, 0x0, 0x0,
    0x0, 0x8, 0xf3, 0x0, 0xf8, 0x0, 0x0, 0x0,
    0x0, 0x5f, 0xff, 0xff, 0xff, 0xff, 0xff, 0x30,
    0x6, 0xff, 0xf7, 0x66, 0xfb, 0x66, 0x9f, 0x30,
    0x4f, 0xc8, 0xf0, 0x0, 0xf8, 0x0, 0x4f, 0x30,
    0x9, 0x7, 0xf0, 0x0, 0xf8, 0x0, 0x4f, 0x30,
    0x0, 0x7, 0xf0, 0x0, 0xf8, 0x0, 0x4f, 0x30,
    0x0, 0x7, 0xf0, 0x0, 0xf8, 0x48, 0xbf, 0x20,
    0x0, 0x7, 0xf0, 0x0, 0xf8, 0x4c, 0xc7, 0x0,
    0x0, 0x0, 0x0, 0x0, 0xf8, 0x0, 0x0, 0x0,

    /* U+5E38 "常" */
    0x0, 0xa6, 0x0, 0x9e, 0x0, 0x2c, 0x50, 0x0,
    0x8f, 0x10, 0x9e, 0x0, 0xcc, 0x0, 0x7e, 0xef,
    0xee, 0xff, 0xee, 0xff, 0xed, 0x7f, 0x33, 0x33,
    0x33, 0x33, 0x33, 0xae, 0x7e, 0xf, 0xff, 0xff,
    0xff, 0xf6, 0x8e, 0x25, 0xf, 0x71, 0x11, 0x13,
    0xf6, 0x35, 0x0, 0xf, 0x83, 0x33, 0x34, 0xf6,
    0x0, 0x0, 0xd, 0xdd, 0xef, 0xed, 0xd6, 0x0,
    0x1, 0x22, 0x22, 0x8f, 0x32, 0x22, 0x20, 0x7,
    0xff, 0xff, 0xff, 0xff, 0xff, 0xf0, 0x7, 0xf2,
    0x22, 0x8f, 0x32, 0x29, 0xf0, 0x7, 0xf0, 0x0,
    0x7f, 0x10, 0x8, 0xf0, 0x7, 0xf0, 0x0, 0x7f,
    0x18, 0xef, 0xe0, 0x2, 0x50, 0x0, 0x7f, 0x12,
    0x76, 0x10,

    /* U+5E7F "广" */
    0x0, 0x0, 0x0, 0x1, 0x50, 0x0, 0x0, 0x0,
    0x0, 0x0, 0x0, 0x5, 0xf5, 0x0, 0x0, 0x0,
    0x0, 0x0, 0x0, 0x1, 0xfb, 0x0, 0x0, 0x0,
    0x0, 0xaf, 0xff, 0xff, 0xff, 0xff, 0xff, 0xf1,
    0x0, 0xaf, 0x66, 0x66, 0x66, 0x66, 0x66, 0x60,
    0x0, 0xae, 0x0, 0x0, 0x0, 0x0, 0x0, 0x0,
    0x0, 0xae, 0x0, 0x0, 0x0, 0x0, 0x0, 0x0,
    0x0, 0xae, 0x0, 0x0, 0x0, 0x0, 0x0, 0x0,
    0x0, 0xbe, 0x0, 0x0, 0x0, 0x0, 0x0, 0x0,
    0x0, 0xdd, 0x0, 0x0, 0x0, 0x0, 0x0, 0x0,
    0x0, 0xeb, 0x0, 0x0, 0x0, 0x0, 0x0, 0x0,
    0x1, 0xf9, 0x0, 0x0, 0x0, 0x0, 0x0, 0x0,
    0x5, 0xf4, 0x0, 0x0, 0x0, 0x0, 0x0, 0x0,
    0xc, 0xf0, 0x0, 0x0, 0x0, 0x0, 0x0, 0x0,
    0x1e, 0x70, 0x0, 0x0, 0x0, 0x0, 0x0, 0x0,
    0x2, 0x0, 0x0, 0x0, 0x0, 0x0, 0x0, 0x0,

    /* U+5E8F "序" */
    0x0, 0x0, 0x0, 0x3, 0x91, 0x0, 0x0, 0x0,
    0x0, 0x0, 0x0, 0x2, 0xf8, 0x0, 0x0, 0x0,
    0x1, 0xee, 0xee, 0xee, 0xff, 0xee, 0xee, 0xe2,
    0x1, 0xfa, 0x66, 0x66, 0x66, 0x66, 0x66, 0x61,
    0x1, 0xf5, 0x13, 0x33, 0x33, 0x33, 0x40, 0x0,
    0x1, 0xf5, 0x4f, 0xff, 0xff, 0xff, 0xf7, 0x0,
    0x1, 0xf5, 0x0, 0x34, 0x0, 0x8f, 0x80, 0x0,
    0x2, 0xf5, 0x0, 0x8f, 0xdd, 0xd4, 0x0, 0x0,
    0x3, 0xf5, 0x44, 0x46, 0xdf, 0xd6, 0x45, 0x30,
    0x4, 0xf5, 0xff, 0xff, 0xff, 0xff, 0xff, 0xc0,
    0x5, 0xf1, 0x0, 0x0, 0x7f, 0x0, 0x8f, 0x20,
    0x8, 0xe0, 0x0, 0x0, 0x7f, 0x2, 0xe4, 0x0,
    0xc, 0xb0, 0x0, 0x0, 0x7f, 0x0, 0x0, 0x0,
    0x3f, 0x60, 0x1, 0x55, 0xaf, 0x0, 0x0, 0x0,
    0x2c, 0x0, 0x0, 0xff, 0xe8, 0x0, 0x0, 0x0,
    0x0, 0x0, 0x0, 0x0, 0x0, 0x0, 0x0, 0x0,

    /* U+5E93 "库" */
    0x0, 0x0, 0x0, 0x1, 0x61, 0x0, 0x0, 0x0,
    0x0, 0x0, 0x0, 0x2, 0xf9, 0x0, 0x0, 0x0,
    0x0, 0xff, 0xff, 0xff, 0xff, 0xff, 0xff, 0xf3,
    0x0, 0xfa, 0x66, 0x69, 0x96, 0x66, 0x66, 0x61,
    0x0, 0xf6, 0x0, 0xb, 0xf0, 0x0, 0x0, 0x0,
    0x0, 0xf6, 0xaf, 0xff, 0xff, 0xff, 0xff, 0x90,
    0x1, 0xf6, 0x46, 0xdf, 0x66, 0x66, 0x66, 0x30,
    0x1, 0xf6, 0x2, 0xf7, 0x8, 0xe0, 0x0, 0x0,
    0x2, 0xf5, 0xc, 0xf4, 0x4a, 0xf4, 0x44, 0x0,
    0x3, 0xf4, 0xf, 0xff, 0xff, 0xff, 0xff, 0x20,
    0x4, 0xf2, 0x2, 0x10, 0x9, 0xe0, 0x0, 0x0,
    0x8, 0xf1, 0x55, 0x55, 0x5b, 0xf5, 0x55, 0x51,
    0xb, 0xc2, 0xff, 0xff, 0xff, 0xff, 0xff, 0xf3,
    0x2f, 0x70, 0x0, 0x0, 0x8, 0xe0, 0x0, 0x0,
    0x3d, 0x10, 0x0, 0x0, 0x8, 0xe0, 0x0, 0x0,
    0x0, 0x0, 0x0, 0x0, 0x0, 0x0, 0x0, 0x0,

    /* U+5E95 "底" */
    0x0, 0x0, 0x0, 0x1, 0x60, 0x0, 0x0, 0x0,
    0x0, 0x0, 0x0, 0x2, 0xf7, 0x0, 0x0, 0x0,
    0x0, 0xff, 0xff, 0xff, 0xff, 0xff, 0xff, 0xf3,
    0x0, 0xf9, 0x55, 0x55, 0x55, 0x55, 0x55, 0x51,
    0x0, 0xf6, 0x2, 0x34, 0x56, 0x8a, 0xd8, 0x0,
    0x0, 0xf6, 0x2f, 0xff, 0xff, 0xfa, 0x75, 0x0,
    0x1, 0xf6, 0x2f, 0x40, 0x7, 0xf0, 0x0, 0x0,
    0x1, 0xf5, 0x2f, 0x30, 0x5, 0xf1, 0x0, 0x0,
    0x2, 0xf5, 0x2f, 0xfe, 0xef, 0xff, 0xee, 0xa0,
    0x3, 0xf3, 0x2f, 0x85, 0x56, 0xfa, 0x55, 0x40,
    0x4, 0xf2, 0x2f, 0x30, 0x1, 0xca, 0x0, 0x0,
    0x7, 0xf0, 0x2f, 0x30, 0xb8, 0x8f, 0x0, 0x50,
    0xb, 0xc0, 0x2f, 0x56, 0x9f, 0x2f, 0x70, 0xe4,
    0x1f, 0x70, 0x7f, 0xfe, 0x4e, 0x68, 0xf9, 0xf1,
    0x3e, 0x10, 0x89, 0x40, 0x8, 0x60, 0x9e, 0x90,
    0x0, 0x0, 0x0, 0x0, 0x0, 0x0, 0x0, 0x0,

    /* U+5EA6 "度" */
    0x0, 0x0, 0x0, 0x2, 0x60, 0x0, 0x0, 0x0,
    0x0, 0x0, 0x0, 0x4, 0xf6, 0x0, 0x0, 0x0,
    0x0, 0xff, 0xff, 0xff, 0xff, 0xff, 0xff, 0xf2,
    0x0, 0xfa, 0x66, 0x87, 0x66, 0x68, 0x76, 0x60,
    0x0, 0xf7, 0x0, 0xe7, 0x0, 0xe, 0x80, 0x0,
    0x0, 0xfa, 0xff, 0xff, 0xff, 0xff, 0xff, 0xe0,
    0x0, 0xf7, 0x33, 0xf9, 0x33, 0x3f, 0xa3, 0x30,
    0x0, 0xf6, 0x0, 0xea, 0x44, 0x4f, 0x80, 0x0,
    0x0, 0xf6, 0x0, 0xde, 0xee, 0xee, 0x70, 0x0,
    0x2, 0xf5, 0x33, 0x33, 0x33, 0x33, 0x31, 0x0,
    0x3, 0xf3, 0xff, 0xff, 0xff, 0xff, 0xfb, 0x0,
    0x6, 0xf1, 0x5, 0xf6, 0x0, 0x1c, 0xe1, 0x0,
    0x9, 0xd0, 0x0, 0x5f, 0xb8, 0xfc, 0x20, 0x0,
    0xe, 0x91, 0x36, 0x9e, 0xff, 0xfa, 0x53, 0x0,
    0x3f, 0x38, 0xff, 0xc8, 0x32, 0x7c, 0xff, 0xf1,
    0x1, 0x0, 0x20, 0x0, 0x0, 0x0, 0x2, 0x20,

    /* U+5F00 "开" */
    0x9, 0xff, 0xff, 0xff, 0xff, 0xff, 0xff, 0xa0,
    0x3, 0x66, 0xaf, 0x76, 0x66, 0xed, 0x66, 0x40,
    0x0, 0x0, 0x6f, 0x10, 0x0, 0xcb, 0x0, 0x0,
    0x0, 0x0, 0x6f, 0x10, 0x0, 0xcb, 0x0, 0x0,
    0x0, 0x0, 0x6f, 0x10, 0x0, 0xcb, 0x0, 0x0,
    0x0, 0x0, 0x6f, 0x10, 0x0, 0xcb, 0x0, 0x0,
    0x1f, 0xff, 0xff, 0xff, 0xff, 0xff, 0xff, 0xf2,
    0x7, 0x77, 0xcf, 0x77, 0x77, 0xed, 0x77, 0x71,
    0x0, 0x0, 0xcd, 0x0, 0x0, 0xcb, 0x0, 0x0,
    0x0, 0x1, 0xf9, 0x0, 0x0, 0xcb, 0x0, 0x0,
    0x0, 0x9, 0xf3, 0x0, 0x0, 0xcb, 0x0, 0x0,
    0x0, 0x6f, 0xa0, 0x0, 0x0, 0xcb, 0x0, 0x0,
    0x8, 0xfd, 0x0, 0x0, 0x0, 0xcb, 0x0, 0x0,
    0x8, 0xb0, 0x0, 0x0, 0x0, 0xcb, 0x0, 0x0,
    0x0, 0x0, 0x0, 0x0, 0x0, 0x0, 0x0, 0x0,

    /* U+5F0F "式" */
    0x0, 0x0, 0x0, 0x0, 0x1f, 0x74, 0xc3, 0x0,
    0x0, 0x0, 0x0, 0x0, 0x1f, 0x80, 0x9f, 0x30,
    0x7, 0x77, 0x77, 0x77, 0x8f, 0xc7, 0x8c, 0x80,
    0x1f, 0xff, 0xff, 0xff, 0xff, 0xff, 0xff, 0xf1,
    0x0, 0x0, 0x0, 0x0, 0xe, 0xa0, 0x0, 0x0,
    0x0, 0x0, 0x0, 0x0, 0xc, 0xc0, 0x0, 0x0,
    0x7, 0xff, 0xff, 0xff, 0x7a, 0xe0, 0x0, 0x0,
    0x3, 0x77, 0xec, 0x77, 0x38, 0xf0, 0x0, 0x0,
    0x0, 0x0, 0xda, 0x0, 0x5, 0xf4, 0x0, 0x0,
    0x0, 0x0, 0xda, 0x0, 0x1, 0xf8, 0x0, 0x10,
    0x0, 0x0, 0xda, 0x2, 0x40, 0xcd, 0x0, 0xe4,
    0x0, 0x36, 0xee, 0xff, 0xe0, 0x7f, 0x50, 0xf4,
    0xe, 0xff, 0xda, 0x63, 0x0, 0xd, 0xfb, 0xf1,
    0x4, 0x41, 0x0, 0x0, 0x0, 0x2, 0xcf, 0x80,

    /* U+5F20 "张" */
    0x0, 0x0, 0x0, 0x13, 0x0, 0x0, 0x0, 0x8,
    0xff, 0xfd, 0x4, 0xf2, 0x0, 0xb, 0x50, 0x35,
    0x5b, 0xd0, 0x4f, 0x20, 0x9, 0xf2, 0x0, 0x0,
    0x8d, 0x4, 0xf2, 0x6, 0xf6, 0x0, 0x5, 0x5b,
    0xd0, 0x4f, 0x28, 0xf9, 0x0, 0x3, 0xff, 0xfd,
    0x4, 0xf4, 0xd8, 0x0, 0x0, 0x4f, 0x10, 0x5,
    0x9f, 0x76, 0x55, 0x55, 0x16, 0xf0, 0x0, 0xef,
    0xff, 0xff, 0xff, 0xf4, 0x7f, 0x66, 0x51, 0x6f,
    0x47, 0xf3, 0x11, 0x9, 0xff, 0xfe, 0x4, 0xf2,
    0x1f, 0x70, 0x0, 0x0, 0xa, 0xd0, 0x4f, 0x20,
    0xbe, 0x0, 0x0, 0x0, 0xbc, 0x4, 0xf2, 0x4,
    0xf6, 0x0, 0x0, 0xd, 0xa0, 0x5f, 0x59, 0x4a,
    0xf3, 0x2, 0x45, 0xf7, 0xa, 0xff, 0xd3, 0x1d,
    0xf4, 0x4f, 0xfb, 0x10, 0xca, 0x30, 0x0, 0x1a,
    0x0, 0x0, 0x0, 0x0, 0x0, 0x0, 0x0, 0x0,

    /* U+5F3A "强" */
    0xf, 0xff, 0xff, 0xc, 0xff, 0xff, 0xff, 0x0,
    0x5, 0x55, 0x9f, 0xc, 0xa3, 0x33, 0x7f, 0x0,
    0x0, 0x0, 0x6f, 0xc, 0x80, 0x0, 0x5f, 0x0,
    0x3, 0x44, 0x9f, 0xc, 0xfe, 0xee, 0xff, 0x0,
    0xb, 0xff, 0xff, 0x4, 0x45, 0xf8, 0x44, 0x0,
    0xd, 0x92, 0x22, 0x3, 0x34, 0xf7, 0x33, 0x10,
    0xe, 0x60, 0x0, 0x2f, 0xff, 0xff, 0xff, 0x80,
    0xf, 0x96, 0x66, 0x2f, 0x20, 0xf5, 0xd, 0x80,
    0x2e, 0xee, 0xfe, 0x2f, 0x20, 0xf5, 0xd, 0x80,
    0x0, 0x0, 0x9d, 0x2f, 0xff, 0xff, 0xff, 0x80,
    0x0, 0x0, 0xbb, 0x3, 0x34, 0xf7, 0x6a, 0x10,
    0x0, 0x0, 0xd9, 0x0, 0x0, 0xf5, 0x3f, 0x50,
    0x1, 0x56, 0xf6, 0x8b, 0xcd, 0xff, 0xff, 0xd0,
    0x1, 0xff, 0xb1, 0x9b, 0xa9, 0x86, 0x55, 0xf3,
    0x0, 0x0, 0x0, 0x0, 0x0, 0x0, 0x0, 0x10,

    /* U+5F53 "当" */
    0x2, 0x20, 0x0, 0xea, 0x0, 0x4, 0x30, 0xd,
    0xd0, 0x0, 0xea, 0x0, 0xe, 0xc0, 0x3, 0xf8,
    0x0, 0xea, 0x0, 0x7f, 0x30, 0x0, 0xaf, 0x10,
    0xea, 0x1, 0xf9, 0x0, 0x0, 0x12, 0x0, 0xea,
    0x0, 0x50, 0x0, 0xd, 0xff, 0xff, 0xff, 0xff,
    0xff, 0xe0, 0x7, 0x88, 0x88, 0x88, 0x88, 0x8d,
    0xe0, 0x0, 0x0, 0x0, 0x0, 0x0, 0xa, 0xe0,
    0x2, 0x66, 0x66, 0x66, 0x66, 0x6c, 0xe0, 0x4,
    0xff, 0xff, 0xff, 0xff, 0xff, 0xe0, 0x0, 0x0,
    0x0, 0x0, 0x0, 0xa, 0xe0, 0x0, 0x0, 0x0,
    0x0, 0x0, 0xa, 0xe0, 0x2f, 0xff, 0xff, 0xff,
    0xff, 0xff, 0xe0, 0x18, 0x88, 0x88, 0x88, 0x88,
    0x8d, 0xe0,

    /* U+5F55 "录" */
    0x0, 0x0, 0x0, 0x0, 0x0, 0x0, 0x0, 0x0,
    0xef, 0xff, 0xff, 0xff, 0xff, 0xf2, 0x0, 0x5,
    0x66, 0x66, 0x66, 0x66, 0xaf, 0x20, 0x0, 0x0,
    0x0, 0x0, 0x0, 0x7, 0xf1, 0x0, 0x5, 0xff,
    0xff, 0xff, 0xff, 0xff, 0x0, 0x0, 0x14, 0x44,
    0x44, 0x44, 0x4b, 0xf0, 0x0, 0x55, 0x55, 0x55,
    0x55, 0x55, 0xcf, 0x55, 0xd, 0xff, 0xff, 0xff,
    0xff, 0xff, 0xff, 0xe0, 0x4, 0x80, 0x0, 0xcd,
    0x0, 0xa, 0x60, 0x0, 0x5e, 0xe4, 0xc, 0xf9,
    0x2c, 0xf6, 0x0, 0x0, 0xa, 0x84, 0xee, 0xff,
    0xb1, 0x0, 0x0, 0x2, 0x8e, 0xff, 0xb5, 0xf9,
    0x10, 0x0, 0x6c, 0xfe, 0x81, 0xcb, 0x4, 0xfe,
    0x82, 0x6, 0xb5, 0x4, 0x4e, 0xb0, 0x1, 0x8f,
    0xd0, 0x0, 0x0, 0xcf, 0xe5, 0x0, 0x0, 0x11,
    0x0,

    /* U+5FC3 "心" */
    0x0, 0x0, 0x1, 0xb4, 0x0, 0x0, 0x0, 0x0,
    0x0, 0x0, 0x1, 0xcf, 0x80, 0x0, 0x0, 0x0,
    0x0, 0x0, 0x0, 0x8, 0xfc, 0x10, 0x0, 0x0,
    0x0, 0x0, 0x0, 0x0, 0x5f, 0xa0, 0x0, 0x0,
    0x0, 0x0, 0x1e, 0x60, 0x4, 0x10, 0x1, 0x0,
    0x0, 0x96, 0x1f, 0x70, 0x0, 0x0, 0xbc, 0x0,
    0x0, 0xf8, 0x1f, 0x70, 0x0, 0x0, 0x7f, 0x30,
    0x2, 0xf6, 0x1f, 0x70, 0x0, 0x0, 0x1f, 0x90,
    0x5, 0xf3, 0x1f, 0x70, 0x0, 0x0, 0xa, 0xe0,
    0x9, 0xf0, 0x1f, 0x70, 0x0, 0x4, 0x6, 0xf3,
    0xe, 0xc0, 0x1f, 0x70, 0x0, 0xc, 0xa2, 0xf5,
    0x7, 0x60, 0x1f, 0x70, 0x0, 0xe, 0x80, 0x10,
    0x0, 0x0, 0xf, 0xc6, 0x66, 0x8f, 0x40, 0x0,
    0x0, 0x0, 0x7, 0xef, 0xff, 0xfa, 0x0, 0x0,

    /* U+5FEB "快" */
    0x0, 0x5f, 0x10, 0x0, 0xe, 0x80, 0x0, 0x0,
    0x0, 0x5f, 0x10, 0x0, 0xe, 0x80, 0x0, 0x0,
    0x3, 0x6f, 0xb1, 0xcf, 0xff, 0xff, 0xfe, 0x0,
    0xd, 0x9f, 0xc7, 0x56, 0x6f, 0xb6, 0xbe, 0x0,
    0xf, 0x7f, 0x7d, 0x0, 0xf, 0x80, 0x7e, 0x0,
    0x3f, 0x5f, 0x35, 0x0, 0xf, 0x80, 0x7e, 0x0,
    0x6b, 0x5f, 0x13, 0x33, 0x3f, 0x93, 0x9f, 0x30,
    0x0, 0x5f, 0x1d, 0xff, 0xff, 0xff, 0xff, 0xf1,
    0x0, 0x5f, 0x12, 0x22, 0x7f, 0xf6, 0x22, 0x20,
    0x0, 0x5f, 0x10, 0x0, 0xad, 0xcd, 0x0, 0x0,
    0x0, 0x5f, 0x10, 0x4, 0xf6, 0x3f, 0x70, 0x0,
    0x0, 0x5f, 0x10, 0x3f, 0xc0, 0xa, 0xf5, 0x0,
    0x0, 0x5f, 0x28, 0xfd, 0x10, 0x1, 0xcf, 0xb1,
    0x0, 0x5f, 0x2c, 0x90, 0x0, 0x0, 0x9, 0xb0,
    0x0, 0x0, 0x0, 0x0, 0x0, 0x0, 0x0, 0x0,

    /* U+6001 "态" */
    0x0, 0x0, 0x0, 0xc, 0xc0, 0x0, 0x0, 0x0,
    0x4, 0x44, 0x44, 0x4f, 0xb4, 0x44, 0x44, 0x40,
    0x1f, 0xff, 0xff, 0xff, 0xff, 0xff, 0xff, 0xf2,
    0x1, 0x11, 0x11, 0xbf, 0xbe, 0x21, 0x11, 0x10,
    0x0, 0x0, 0x3, 0xf9, 0x2f, 0xa0, 0x0, 0x0,
    0x0, 0x0, 0x3e, 0xd1, 0x7, 0xfa, 0x0, 0x0,
    0x0, 0x19, 0xfd, 0xaf, 0x70, 0x8f, 0xe5, 0x0,
    0xb, 0xff, 0x90, 0x9, 0xfa, 0x4, 0xef, 0xf1,
    0x8, 0x71, 0x0, 0x1a, 0x71, 0x0, 0x5, 0x60,
    0x0, 0x95, 0x9a, 0xc, 0xe2, 0x0, 0xd8, 0x0,
    0x1, 0xf6, 0xac, 0x1, 0xdd, 0x0, 0x8f, 0x10,
    0x6, 0xf2, 0xac, 0x0, 0x24, 0xd, 0x7f, 0x80,
    0xd, 0xb0, 0xae, 0x55, 0x55, 0x7f, 0x5a, 0xe0,
    0x6, 0x40, 0x3d, 0xff, 0xff, 0xfb, 0x3, 0x50,

    /* U+6027 "性" */
    0x0, 0x0, 0x0, 0x0, 0x0, 0x0, 0x0, 0x0,
    0x0, 0x5f, 0x20, 0x5, 0x23, 0xf4, 0x0, 0x0,
    0x0, 0x5f, 0x20, 0x2f, 0x63, 0xf4, 0x0, 0x0,
    0x3, 0x6f, 0xa1, 0x7f, 0x45, 0xf5, 0x11, 0x10,
    0xe, 0x9f, 0xb8, 0xbf, 0xff, 0xff, 0xff, 0xc0,
    0xf, 0x7f, 0x5e, 0xfa, 0x47, 0xf7, 0x44, 0x30,
    0x4e, 0x5f, 0x28, 0xf1, 0x3, 0xf4, 0x0, 0x0,
    0x49, 0x5f, 0x20, 0x40, 0x3, 0xf4, 0x0, 0x0,
    0x0, 0x5f, 0x20, 0x7e, 0xef, 0xff, 0xee, 0x60,
    0x0, 0x5f, 0x20, 0x37, 0x79, 0xf9, 0x77, 0x30,
    0x0, 0x5f, 0x20, 0x0, 0x3, 0xf4, 0x0, 0x0,
    0x0, 0x5f, 0x20, 0x0, 0x3, 0xf4, 0x0, 0x0,
    0x0, 0x5f, 0x20, 0x0, 0x3, 0xf4, 0x0, 0x0,
    0x0, 0x5f, 0x25, 0x77, 0x79, 0xf9, 0x77, 0x70,
    0x0, 0x5f, 0x2b, 0xee, 0xee, 0xee, 0xee, 0xe1,

    /* U+603B "总" */
    0x0, 0x0, 0x2, 0x0, 0x0, 0x21, 0x0, 0x0,
    0x0, 0x0, 0xbd, 0x0, 0x0, 0xde, 0x0, 0x0,
    0x0, 0x0, 0x2f, 0x80, 0x5, 0xf6, 0x0, 0x0,
    0x0, 0x4, 0x4c, 0xb4, 0x4d, 0xe4, 0x40, 0x0,
    0x0, 0x1f, 0xff, 0xff, 0xff, 0xff, 0xf1, 0x0,
    0x0, 0x1f, 0x91, 0x11, 0x11, 0x1a, 0xf1, 0x0,
    0x0, 0x1f, 0x80, 0x0, 0x0, 0x9, 0xf1, 0x0,
    0x0, 0x1f, 0xb6, 0x66, 0x66, 0x6c, 0xf1, 0x0,
    0x0, 0x1f, 0xff, 0xff, 0xff, 0xff, 0xf1, 0x0,
    0x0, 0x0, 0x0, 0x1d, 0x60, 0x0, 0x0, 0x0,
    0x0, 0xb4, 0x8f, 0x7, 0xf9, 0x0, 0xc9, 0x0,
    0x4, 0xf3, 0x8f, 0x0, 0x5e, 0x20, 0x6f, 0x40,
    0xa, 0xe0, 0x8f, 0x0, 0x1, 0xa, 0x3b, 0xd0,
    0x1f, 0x70, 0x7f, 0x75, 0x55, 0x7f, 0x63, 0xc1,
    0x1, 0x0, 0x2c, 0xff, 0xff, 0xfc, 0x0, 0x0,

    /* U+606F "息" */
    0x0, 0x0, 0x0, 0x7, 0x60, 0x0, 0x0, 0x0,
    0x0, 0x0, 0x0, 0x1f, 0xa0, 0x0, 0x0, 0x0,
    0x0, 0xe, 0xff, 0xff, 0xff, 0xff, 0xe0, 0x0,
    0x0, 0xe, 0x92, 0x22, 0x22, 0x2a, 0xe0, 0x0,
    0x0, 0xe, 0xed, 0xdd, 0xdd, 0xde, 0xe0, 0x0,
    0x0, 0xe, 0x92, 0x22, 0x22, 0x2a, 0xe0, 0x0,
    0x0, 0xe, 0xed, 0xdd, 0xdd, 0xdf, 0xe0, 0x0,
    0x0, 0xe, 0x93, 0x33, 0x33, 0x3a, 0xe0, 0x0,
    0x0, 0xe, 0xa4, 0x44, 0x44, 0x4a, 0xe0, 0x0,
    0x0, 0xd, 0xee, 0xef, 0xee, 0xee, 0xd0, 0x0,
    0x0, 0x30, 0x33, 0x1e, 0xa0, 0x0, 0x34, 0x0,
    0x1, 0xf6, 0xca, 0x3, 0xf9, 0x0, 0x9f, 0x20,
    0x8, 0xf1, 0xca, 0x0, 0x53, 0xe, 0x4f, 0xa0,
    0x1f, 0x90, 0xcd, 0x55, 0x55, 0x9f, 0x28, 0xd0,
    0x3, 0x10, 0x5e, 0xff, 0xff, 0xf9, 0x0, 0x0,

    /* U+60F3 "想" */
    0x0, 0x4, 0xf1, 0x0, 0xdf, 0xff, 0xff, 0x70,
    0x6, 0x69, 0xf7, 0x63, 0xd9, 0x33, 0x3f, 0x70,
    0x1f, 0xff, 0xff, 0xf7, 0xd9, 0x22, 0x2f, 0x70,
    0x2, 0x2d, 0xf4, 0x21, 0xdf, 0xff, 0xff, 0x70,
    0x0, 0x5f, 0xfc, 0x30, 0xd8, 0x0, 0xe, 0x70,
    0x1, 0xdb, 0xfa, 0xf6, 0xdf, 0xff, 0xff, 0x70,
    0x1d, 0xd5, 0xf1, 0x83, 0xd9, 0x22, 0x2f, 0x70,
    0x2e, 0x24, 0xf1, 0x0, 0xda, 0x33, 0x3f, 0x70,
    0x0, 0x4, 0xf1, 0x1, 0xcf, 0xff, 0xff, 0x70,
    0x0, 0x31, 0x73, 0x2f, 0x70, 0x0, 0x23, 0x0,
    0x2, 0xf5, 0x9e, 0x6, 0xf7, 0x0, 0xae, 0x10,
    0x8, 0xf0, 0x9e, 0x0, 0x62, 0x4d, 0x2f, 0xb0,
    0x1f, 0x80, 0x8f, 0x65, 0x55, 0xbf, 0x7, 0xd1,
    0x3, 0x10, 0x3d, 0xff, 0xff, 0xf6, 0x0, 0x0,

    /* U+611F "感" */
    0x0, 0x0, 0x0, 0x0, 0x0, 0x0, 0x0, 0x0,
    0x0, 0x0, 0x0, 0x0, 0x9, 0xb3, 0xc6, 0x0,
    0x0, 0xff, 0xff, 0xff, 0xff, 0xff, 0xff, 0xf1,
    0x0, 0xf8, 0x33, 0x33, 0x38, 0xf3, 0x34, 0x30,
    0x0, 0xf6, 0xdd, 0xdd, 0xd5, 0xf0, 0x3f, 0x30,
    0x1, 0xf4, 0x33, 0x33, 0x31, 0xf4, 0xbd, 0x0,
    0x2, 0xf2, 0xef, 0xff, 0xc0, 0xdc, 0xf4, 0x0,
    0x5, 0xf1, 0xe6, 0x16, 0xd0, 0x8f, 0x90, 0x71,
    0x9, 0xd0, 0xea, 0x7a, 0xd4, 0xef, 0x90, 0xe3,
    0x1f, 0x70, 0x78, 0x88, 0x7e, 0xb6, 0xff, 0xf0,
    0x7, 0x0, 0x22, 0xa, 0x61, 0x0, 0x27, 0x30,
    0x0, 0xa4, 0xcc, 0x6, 0xf5, 0x0, 0x9d, 0x0,
    0x5, 0xf3, 0xcc, 0x0, 0x8a, 0xc, 0x7f, 0x60,
    0xd, 0xb0, 0xce, 0x32, 0x32, 0x5f, 0x4a, 0xe0,
    0x5, 0x20, 0x5e, 0xff, 0xff, 0xfb, 0x1, 0x10,

    /* U+6162 "慢" */
    0x0, 0x6f, 0x0, 0x8f, 0xee, 0xee, 0xff, 0x20,
    0x0, 0x6f, 0x0, 0x8a, 0x0, 0x0, 0x5f, 0x20,
    0x1, 0x6f, 0x72, 0x8e, 0xbb, 0xbb, 0xdf, 0x20,
    0xd, 0x8f, 0xa8, 0x8d, 0x77, 0x77, 0xaf, 0x20,
    0xf, 0x7f, 0x6c, 0x36, 0x66, 0x66, 0x66, 0x10,
    0x2d, 0x6f, 0x17, 0xff, 0xff, 0xff, 0xff, 0xe0,
    0x5a, 0x6f, 0x5, 0xe0, 0xe3, 0x2f, 0x6, 0xe0,
    0x0, 0x6f, 0x5, 0xfc, 0xfd, 0xdf, 0xce, 0xe0,
    0x0, 0x6f, 0x2, 0x44, 0x44, 0x44, 0x45, 0x10,
    0x0, 0x6f, 0x9, 0xff, 0xff, 0xff, 0xff, 0x50,
    0x0, 0x6f, 0x0, 0x1d, 0xa1, 0x7, 0xf9, 0x0,
    0x0, 0x6f, 0x0, 0x1, 0xde, 0xdf, 0x60, 0x0,
    0x0, 0x6f, 0x5, 0x9c, 0xfe, 0xef, 0xda, 0x62,
    0x0, 0x6f, 0xd, 0xc9, 0x40, 0x4, 0x8c, 0xe1,
    0x0, 0x0, 0x0, 0x0, 0x0, 0x0, 0x0, 0x0,

    /* U+6210 "成" */
    0x0, 0x0, 0x0, 0x0, 0x0, 0x0, 0x0, 0x0,
    0x0, 0x0, 0x0, 0x0, 0x7f, 0x2d, 0x92, 0x0,
    0x0, 0x0, 0x0, 0x0, 0x7f, 0x11, 0xae, 0x10,
    0x0, 0xff, 0xff, 0xff, 0xff, 0xff, 0xff, 0xf3,
    0x0, 0xfc, 0x77, 0x77, 0xaf, 0x97, 0x77, 0x71,
    0x0, 0xf8, 0x0, 0x0, 0x3f, 0x40, 0x12, 0x0,
    0x0, 0xfb, 0x66, 0x63, 0x1f, 0x60, 0x8f, 0x10,
    0x0, 0xff, 0xff, 0xf8, 0xf, 0x80, 0xea, 0x0,
    0x1, 0xf7, 0x0, 0xe8, 0xd, 0xb6, 0xf4, 0x0,
    0x2, 0xf6, 0x0, 0xf7, 0x9, 0xee, 0xb0, 0x0,
    0x3, 0xf4, 0x0, 0xf6, 0x5, 0xff, 0x20, 0x0,
    0x5, 0xf4, 0x68, 0xf5, 0x9, 0xfa, 0x0, 0xe2,
    0x9, 0xf0, 0xef, 0xa1, 0xaf, 0xef, 0x22, 0xf3,
    0x1f, 0xb0, 0x0, 0x4e, 0xf7, 0x1e, 0xeb, 0xf0,
    0x2e, 0x30, 0x0, 0x2d, 0x30, 0x3, 0xdf, 0x60,
    0x0, 0x0, 0x0, 0x0, 0x0, 0x0, 0x0, 0x0,

    /* U+6253 "打" */
    0x0, 0xd, 0xa0, 0x0, 0x0, 0x0, 0x0, 0x0,
    0x0, 0xd, 0xa0, 0x2e, 0xee, 0xee, 0xee, 0xe5,
    0x4, 0x4e, 0xc4, 0x46, 0x66, 0x6f, 0xc6, 0x62,
    0x1f, 0xff, 0xff, 0xb0, 0x0, 0xe, 0xa0, 0x0,
    0x1, 0x1d, 0xb1, 0x10, 0x0, 0xe, 0xa0, 0x0,
    0x0, 0xd, 0xa0, 0x0, 0x0, 0xe, 0xa0, 0x0,
    0x0, 0xd, 0xc6, 0x70, 0x0, 0xe, 0xa0, 0x0,
    0x6, 0xaf, 0xff, 0xa0, 0x0, 0xe, 0xa0, 0x0,
    0xf, 0xdf, 0xb0, 0x0, 0x0, 0xe, 0xa0, 0x0,
    0x1, 0xd, 0xa0, 0x0, 0x0, 0xe, 0xa0, 0x0,
    0x0, 0xd, 0xa0, 0x0, 0x0, 0xe, 0xa0, 0x0,
    0x0, 0xd, 0xa0, 0x0, 0x0, 0xe, 0xa0, 0x0,
    0x4, 0x6f, 0xa0, 0x0, 0x68, 0x9f, 0x90, 0x0,
    0x7, 0xfd, 0x40, 0x0, 0x8f, 0xfd, 0x30, 0x0,
    0x0, 0x0, 0x0, 0x0, 0x0, 0x0, 0x0, 0x0,

    /* U+626B "扫" */
    0x0, 0xd, 0x90, 0x0, 0x0, 0x0, 0x0, 0x0,
    0x0, 0xd9, 0x3, 0xcc, 0xcc, 0xcc, 0xc6, 0x6,
    0x6e, 0xc6, 0x56, 0x66, 0x66, 0x6f, 0x71, 0xff,
    0xff, 0xf9, 0x0, 0x0, 0x0, 0xe7, 0x0, 0xd,
    0x90, 0x0, 0x0, 0x0, 0xe, 0x70, 0x0, 0xd9,
    0x0, 0x0, 0x0, 0x0, 0xe7, 0x0, 0xd, 0xb5,
    0x4d, 0xff, 0xff, 0xff, 0x71, 0x6a, 0xff, 0xf8,
    0x67, 0x77, 0x77, 0xf7, 0x1f, 0xdf, 0xb0, 0x0,
    0x0, 0x0, 0xe, 0x70, 0x10, 0xd9, 0x0, 0x0,
    0x0, 0x0, 0xe7, 0x0, 0xd, 0x90, 0x0, 0x0,
    0x0, 0xe, 0x70, 0x0, 0xd9, 0x1, 0x44, 0x44,
    0x44, 0xf7, 0x3, 0x5e, 0x90, 0x5f, 0xff, 0xff,
    0xff, 0x70, 0x7f, 0xd4, 0x0, 0x11, 0x11, 0x11,
    0xe7, 0x0, 0x0, 0x0, 0x0, 0x0, 0x0, 0x0,
    0x0,

    /* U+628A "把" */
    0x0, 0x3f, 0x30, 0x6f, 0xff, 0xff, 0xff, 0xa0,
    0x0, 0x3f, 0x30, 0x6f, 0x87, 0xfa, 0x7f, 0xa0,
    0x4, 0x7f, 0x73, 0x6f, 0x10, 0xf5, 0xe, 0xa0,
    0x1f, 0xff, 0xfc, 0x6f, 0x10, 0xf5, 0xe, 0xa0,
    0x1, 0x4f, 0x40, 0x6f, 0x10, 0xf5, 0xe, 0xa0,
    0x0, 0x3f, 0x30, 0x6f, 0x10, 0xf5, 0xe, 0xa0,
    0x0, 0x3f, 0x56, 0x6f, 0x87, 0xfa, 0x7f, 0xa0,
    0x5, 0xaf, 0xff, 0x7f, 0xff, 0xff, 0xff, 0xa0,
    0x1d, 0xbf, 0x50, 0x6f, 0x10, 0x0, 0x8, 0x60,
    0x0, 0x3f, 0x30, 0x6f, 0x10, 0x0, 0x0, 0x0,
    0x0, 0x3f, 0x30, 0x6f, 0x10, 0x0, 0x0, 0xc3,
    0x0, 0x3f, 0x30, 0x6f, 0x10, 0x0, 0x2, 0xf5,
    0x4, 0x8f, 0x20, 0x5f, 0x96, 0x66, 0x6b, 0xf1,
    0x8, 0xfb, 0x0, 0xa, 0xff, 0xff, 0xfe, 0x70,

    /* U+62DF "拟" */
    0x0, 0x0, 0x0, 0x0, 0x0, 0x0, 0x0, 0x0,
    0x0, 0x3f, 0x10, 0x5f, 0x0, 0x0, 0x1f, 0x50,
    0x0, 0x3f, 0x10, 0x5f, 0x6d, 0x0, 0x2f, 0x40,
    0x4, 0x7f, 0x62, 0x5f, 0x3f, 0x60, 0x3f, 0x30,
    0x1f, 0xff, 0xf8, 0x5f, 0xa, 0xd0, 0x4f, 0x20,
    0x1, 0x4f, 0x30, 0x5f, 0x4, 0xf3, 0x6f, 0x10,
    0x0, 0x3f, 0x10, 0x5f, 0x0, 0xe7, 0x8e, 0x0,
    0x0, 0x3f, 0x64, 0x5f, 0x0, 0x10, 0xbc, 0x0,
    0x17, 0xcf, 0xf8, 0x5f, 0x0, 0x0, 0xea, 0x0,
    0x1f, 0xcf, 0x30, 0x5f, 0x3, 0x73, 0xfe, 0x0,
    0x0, 0x3f, 0x10, 0x5f, 0x8f, 0xaa, 0xff, 0x70,
    0x0, 0x3f, 0x10, 0x7f, 0xf6, 0x1f, 0x9a, 0xe0,
    0x0, 0x3f, 0x10, 0xed, 0x21, 0xdf, 0x14, 0xf4,
    0x5, 0x8f, 0x10, 0x60, 0xc, 0xf6, 0x0, 0xea,
    0xa, 0xfa, 0x0, 0x0, 0x7, 0x70, 0x0, 0x51,

    /* U+6301 "持" */
    0x0, 0x2f, 0x30, 0x0, 0x0, 0xe7, 0x0, 0x0,
    0x0, 0x2f, 0x30, 0x16, 0x66, 0xfb, 0x66, 0x50,
    0x3, 0x5f, 0x62, 0x3f, 0xff, 0xff, 0xff, 0xc0,
    0x1f, 0xff, 0xfc, 0x0, 0x0, 0xe7, 0x0, 0x0,
    0x1, 0x3f, 0x41, 0x66, 0x66, 0xfb, 0x66, 0x63,
    0x0, 0x2f, 0x30, 0xff, 0xff, 0xff, 0xff, 0xf8,
    0x0, 0x2f, 0x65, 0x0, 0x0, 0x0, 0xd8, 0x0,
    0x5, 0xaf, 0xfc, 0x56, 0x66, 0x66, 0xeb, 0x62,
    0x2f, 0xef, 0x60, 0xcf, 0xff, 0xff, 0xff, 0xf6,
    0x2, 0x2f, 0x30, 0x4, 0x70, 0x0, 0xd8, 0x0,
    0x0, 0x2f, 0x30, 0x4, 0xf5, 0x0, 0xd8, 0x0,
    0x0, 0x2f, 0x30, 0x0, 0x9e, 0x0, 0xd8, 0x0,
    0x4, 0x8f, 0x30, 0x0, 0x12, 0x55, 0xf8, 0x0,
    0x8, 0xfb, 0x0, 0x0, 0x0, 0xcf, 0xe3, 0x0,
    0x0, 0x0, 0x0, 0x0, 0x0, 0x0, 0x0, 0x0,

    /* U+6309 "按" */
    0x0, 0x0, 0x0, 0x0, 0x0, 0x0, 0x0, 0x0,
    0x0, 0x1f, 0x40, 0x0, 0x5, 0xf3, 0x0, 0x0,
    0x0, 0x1f, 0x40, 0x34, 0x46, 0xfa, 0x44, 0x41,
    0x4, 0x6f, 0x84, 0xbf, 0xdd, 0xdd, 0xde, 0xf3,
    0x2f, 0xff, 0xfe, 0xba, 0x6, 0x50, 0x3, 0xf3,
    0x1, 0x3f, 0x51, 0x88, 0xf, 0x90, 0x2, 0xb2,
    0x0, 0x1f, 0x40, 0x33, 0x7f, 0x73, 0x33, 0x31,
    0x0, 0x1f, 0x43, 0xff, 0xff, 0xff, 0xff, 0xf7,
    0x0, 0x4f, 0xdf, 0x35, 0xf7, 0x11, 0xdc, 0x10,
    0x3e, 0xff, 0xb5, 0xb, 0xe0, 0x2, 0xf7, 0x0,
    0x18, 0x5f, 0x40, 0x1e, 0xe7, 0xa, 0xf1, 0x0,
    0x0, 0x1f, 0x40, 0x1, 0x8f, 0xef, 0x70, 0x0,
    0x0, 0x1f, 0x40, 0x0, 0x1a, 0xff, 0xd5, 0x0,
    0x4, 0x7f, 0x40, 0x6b, 0xfe, 0x52, 0xcf, 0xb1,
    0xb, 0xfb, 0x10, 0xbb, 0x60, 0x0, 0x7, 0xc0,
    0x0, 0x0, 0x0, 0x0, 0x0, 0x0, 0x0, 0x0,

    /* U+6311 "挑" */
    0x0, 0x6e, 0x0, 0x0, 0xd4, 0x4d, 0x10, 0x0,
    0x0, 0x6e, 0x0, 0x10, 0xf4, 0x5f, 0x12, 0x20,
    0x14, 0x9f, 0x48, 0xe1, 0xf4, 0x5f, 0x1a, 0xd0,
    0x4f, 0xff, 0xf7, 0xe8, 0xf4, 0x5f, 0x3f, 0x50,
    0x1, 0x7f, 0x10, 0x7f, 0xf4, 0x5f, 0xcb, 0x0,
    0x0, 0x6e, 0x0, 0x13, 0xf4, 0x5f, 0x31, 0x0,
    0x0, 0x6f, 0xa5, 0x0, 0xf4, 0x5f, 0x70, 0x0,
    0x29, 0xef, 0xc3, 0x1b, 0xf4, 0x5f, 0xfb, 0x0,
    0x4d, 0xce, 0x6, 0xfe, 0xf3, 0x5f, 0x4e, 0xc0,
    0x0, 0x6e, 0xd, 0x86, 0xf0, 0x5f, 0x12, 0xd2,
    0x0, 0x6e, 0x0, 0xd, 0xc0, 0x5f, 0x10, 0x60,
    0x0, 0x6e, 0x0, 0x8f, 0x40, 0x5f, 0x10, 0xd6,
    0x5, 0xae, 0x1a, 0xf8, 0x0, 0x4f, 0x98, 0xf3,
    0xd, 0xe7, 0xb, 0x50, 0x0, 0xa, 0xdd, 0x90,

    /* U+6362 "换" */
    0x0, 0x0, 0x0, 0x0, 0x0, 0x0, 0x0, 0x0,
    0x0, 0x4f, 0x10, 0x0, 0xac, 0x0, 0x0, 0x0,
    0x0, 0x4f, 0x10, 0x3, 0xff, 0xff, 0xfb, 0x0,
    0x3, 0x7f, 0x51, 0x2e, 0xa3, 0x38, 0xf5, 0x0,
    0x1f, 0xff, 0xfa, 0xef, 0x43, 0x3e, 0xd3, 0x10,
    0x4, 0x7f, 0x53, 0xdf, 0xff, 0xff, 0xff, 0x50,
    0x0, 0x4f, 0x10, 0x5f, 0x2, 0xf4, 0x2f, 0x50,
    0x0, 0x4f, 0x54, 0x5f, 0x3, 0xf4, 0x2f, 0x50,
    0x18, 0xcf, 0xf8, 0x5f, 0x4, 0xf2, 0x2f, 0x50,
    0x1e, 0xcf, 0x26, 0xff, 0xff, 0xff, 0xff, 0xf5,
    0x0, 0x4f, 0x12, 0x55, 0x6f, 0xfb, 0x55, 0x52,
    0x0, 0x4f, 0x10, 0x0, 0x9f, 0x8f, 0x50, 0x0,
    0x0, 0x4f, 0x10, 0xa, 0xf5, 0x8, 0xf5, 0x0,
    0x5, 0xaf, 0x15, 0xdf, 0x50, 0x0, 0x9f, 0xc3,
    0x9, 0xfa, 0x1d, 0xa1, 0x0, 0x0, 0x3, 0xc2,
    0x0, 0x0, 0x0, 0x0, 0x0, 0x0, 0x0, 0x0,

    /* U+636E "据" */
    0x0, 0x3f, 0x20, 0x8f, 0xff, 0xff, 0xff, 0xf0,
    0x0, 0x3f, 0x20, 0x8e, 0x44, 0x44, 0x49, 0xf0,
    0x8, 0xaf, 0x97, 0x8e, 0x0, 0x0, 0x7, 0xf0,
    0x1d, 0xef, 0xdb, 0x8f, 0xff, 0xff, 0xff, 0xf0,
    0x0, 0x3f, 0x20, 0x8f, 0x55, 0x8f, 0x65, 0x50,
    0x0, 0x3f, 0x20, 0x9e, 0x0, 0x5f, 0x0, 0x0,
    0x0, 0x3f, 0x77, 0xaf, 0xff, 0xff, 0xff, 0xf3,
    0x18, 0xcf, 0xfa, 0xbd, 0x44, 0x8f, 0x54, 0x41,
    0x1f, 0xcf, 0x30, 0xca, 0x0, 0x5f, 0x0, 0x0,
    0x0, 0x3f, 0x20, 0xe8, 0xff, 0xff, 0xff, 0xf0,
    0x0, 0x3f, 0x21, 0xf6, 0xf7, 0x44, 0x48, 0xf0,
    0x0, 0x3f, 0x26, 0xf2, 0xf3, 0x0, 0x5, 0xf0,
    0x5, 0x8f, 0x1d, 0xb0, 0xf7, 0x44, 0x48, 0xf0,
    0xa, 0xfa, 0x2e, 0x30, 0xfe, 0xee, 0xee, 0xf0,
    0x0, 0x0, 0x0, 0x0, 0x20, 0x0, 0x0, 0x10,

    /* U+6392 "排" */
    0x0, 0x2f, 0x40, 0x0, 0x4d, 0x16, 0xc0, 0x0,
    0x0, 0x2f, 0x40, 0x0, 0x5f, 0x17, 0xe0, 0x0,
    0x4, 0x6f, 0x73, 0x6b, 0xdf, 0x17, 0xfb, 0xb3,
    0x1f, 0xff, 0xfd, 0x48, 0xbf, 0x17, 0xf8, 0x82,
    0x1, 0x3f, 0x51, 0x0, 0x5f, 0x17, 0xe0, 0x0,
    0x0, 0x2f, 0x40, 0x25, 0x9f, 0x17, 0xf5, 0x51,
    0x0, 0x2f, 0x54, 0x7f, 0xff, 0x17, 0xff, 0xf3,
    0x4, 0x9f, 0xff, 0x0, 0x5f, 0x17, 0xe0, 0x0,
    0x2f, 0xef, 0x71, 0x22, 0x6f, 0x17, 0xe1, 0x10,
    0x2, 0x2f, 0x40, 0xef, 0xff, 0x17, 0xff, 0xf8,
    0x0, 0x2f, 0x40, 0x23, 0x7f, 0x17, 0xf3, 0x32,
    0x0, 0x2f, 0x40, 0x0, 0x5f, 0x17, 0xe0, 0x0,
    0x3, 0x6f, 0x40, 0x0, 0x5f, 0x17, 0xe0, 0x0,
    0x8, 0xfc, 0x0, 0x0, 0x5f, 0x17, 0xe0, 0x0,
    0x0, 0x0, 0x0, 0x0, 0x0, 0x0, 0x0, 0x0,

    /* U+63A2 "探" */
    0x0, 0x4f, 0x0, 0xff, 0xff, 0xff, 0xff, 0xe0,
    0x0, 0x4f, 0x0, 0xf6, 0x44, 0x44, 0x48, 0xe0,
    0x4, 0x8f, 0x53, 0xf2, 0x54, 0x6, 0x25, 0xe0,
    0x1f, 0xff, 0xf8, 0x4, 0xf7, 0xb, 0xe3, 0x0,
    0x1, 0x5f, 0x20, 0x4e, 0xb0, 0x0, 0xbe, 0x20,
    0x0, 0x4f, 0x1, 0xeb, 0x2, 0x70, 0xc, 0xa0,
    0x0, 0x4f, 0x96, 0x20, 0x4, 0xf1, 0x1, 0x0,
    0x19, 0xef, 0xd7, 0xee, 0xef, 0xfe, 0xee, 0xe0,
    0xe, 0xcf, 0x10, 0x66, 0x9f, 0xff, 0x86, 0x60,
    0x0, 0x4f, 0x0, 0x1, 0xed, 0xfd, 0xc0, 0x0,
    0x0, 0x4f, 0x0, 0x1c, 0xc5, 0xf3, 0xea, 0x0,
    0x0, 0x4f, 0x5, 0xee, 0x24, 0xf1, 0x4f, 0xc2,
    0x4, 0x8f, 0xa, 0xb1, 0x4, 0xf1, 0x3, 0xd2,
    0xb, 0xf9, 0x0, 0x0, 0x4, 0xf1, 0x0, 0x0,

    /* U+63A5 "接" */
    0x0, 0x4f, 0x0, 0x0, 0x6, 0xd1, 0x0, 0x0,
    0x0, 0x4f, 0x0, 0x9f, 0xff, 0xff, 0xff, 0xf0,
    0x6, 0x9f, 0x73, 0x37, 0xc4, 0x44, 0xb8, 0x40,
    0x1f, 0xff, 0xf8, 0x3, 0xf4, 0x3, 0xf4, 0x0,
    0x0, 0x5f, 0x10, 0x22, 0xc8, 0x2b, 0xd2, 0x21,
    0x0, 0x4f, 0x2, 0xff, 0xff, 0xff, 0xff, 0xf6,
    0x0, 0x4f, 0x43, 0x11, 0x1d, 0x71, 0x11, 0x10,
    0x5, 0xbf, 0xf9, 0x44, 0x7f, 0x74, 0x44, 0x42,
    0x2f, 0xef, 0x35, 0xff, 0xff, 0xff, 0xff, 0xf8,
    0x2, 0x4f, 0x0, 0x8, 0xe1, 0x2, 0xf8, 0x0,
    0x0, 0x4f, 0x0, 0x3f, 0xe8, 0x2c, 0xe1, 0x0,
    0x0, 0x4f, 0x0, 0x1, 0x6d, 0xff, 0xa0, 0x0,
    0x5, 0x9f, 0x2, 0x68, 0xcf, 0xb9, 0xfe, 0x60,
    0x9, 0xf9, 0x4, 0xeb, 0x72, 0x0, 0x1a, 0xb0,
    0x0, 0x0, 0x0, 0x0, 0x0, 0x0, 0x0, 0x0,

    /* U+63A7 "控" */
    0x0, 0x0, 0x0, 0x0, 0x0, 0x0, 0x0, 0x0,
    0x0, 0x4f, 0x10, 0x0, 0x3, 0xe3, 0x0, 0x0,
    0x0, 0x4f, 0x10, 0x77, 0x77, 0xfc, 0x77, 0x72,
    0x8, 0xaf, 0x95, 0xfc, 0x99, 0x99, 0x99, 0xf6,
    0x1c, 0xdf, 0xd7, 0xf6, 0x15, 0x1, 0x30, 0xf6,
    0x0, 0x4f, 0x10, 0x21, 0xcd, 0x18, 0xf4, 0x0,
    0x0, 0x4f, 0x10, 0x2d, 0xf2, 0x0, 0x9f, 0x50,
    0x0, 0x4f, 0x12, 0xae, 0x30, 0x0, 0x9, 0xc0,
    0x0, 0x7f, 0xfa, 0x27, 0x55, 0x55, 0x55, 0x30,
    0x2e, 0xff, 0x82, 0x3f, 0xff, 0xff, 0xff, 0x60,
    0x9, 0x7f, 0x10, 0x0, 0x1, 0xf6, 0x0, 0x0,
    0x0, 0x4f, 0x10, 0x0, 0x1, 0xf6, 0x0, 0x0,
    0x0, 0x4f, 0x10, 0x0, 0x1, 0xf6, 0x0, 0x0,
    0x5, 0x9f, 0x2, 0x55, 0x56, 0xfa, 0x55, 0x53,
    0xb, 0xfa, 0x7, 0xff, 0xff, 0xff, 0xff, 0xf8,

    /* U+63A8 "推" */
    0x0, 0x3f, 0x30, 0x0, 0xd5, 0x4c, 0x0, 0x0,
    0x0, 0x3f, 0x30, 0x6, 0xf1, 0x1f, 0x80, 0x0,
    0x5, 0x7f, 0x75, 0xd, 0xe9, 0x9d, 0xc9, 0x80,
    0x2f, 0xff, 0xfe, 0x6f, 0xdb, 0xcf, 0xcb, 0xb0,
    0x0, 0x3f, 0x33, 0xff, 0x80, 0x1f, 0x40, 0x0,
    0x0, 0x3f, 0x3d, 0xef, 0xb5, 0x6f, 0x85, 0x40,
    0x0, 0x3f, 0x4c, 0x4e, 0xff, 0xff, 0xff, 0xa0,
    0x4, 0xaf, 0xfd, 0xe, 0x80, 0x1f, 0x40, 0x0,
    0x2f, 0xef, 0x50, 0xe, 0xa5, 0x6f, 0x85, 0x30,
    0x2, 0x3f, 0x30, 0xe, 0xff, 0xff, 0xff, 0xa0,
    0x0, 0x3f, 0x30, 0xe, 0x80, 0x1f, 0x40, 0x0,
    0x0, 0x3f, 0x30, 0xe, 0x92, 0x3f, 0x62, 0x20,
    0x5, 0x9f, 0x20, 0xe, 0xff, 0xff, 0xff, 0xf4,
    0xa, 0xfa, 0x0, 0xe, 0x93, 0x33, 0x33, 0x30,
    0x0, 0x0, 0x0, 0x0, 0x0, 0x0, 0x0, 0x0,

    /* U+63CF "描" */
    0x0, 0x0, 0x0, 0x0, 0x0, 0x0, 0x0, 0x0,
    0x0, 0x4f, 0x10, 0x0, 0xf6, 0x0, 0xf6, 0x0,
    0x0, 0x4f, 0x10, 0x33, 0xf9, 0x34, 0xf8, 0x31,
    0x4, 0x8f, 0x64, 0xff, 0xff, 0xff, 0xff, 0xf6,
    0x1f, 0xff, 0xfa, 0x11, 0xf7, 0x12, 0xf7, 0x10,
    0x4, 0x7f, 0x52, 0x0, 0xf6, 0x0, 0xf6, 0x0,
    0x0, 0x4f, 0x10, 0x24, 0xc8, 0x45, 0xc8, 0x40,
    0x0, 0x4f, 0x54, 0x6f, 0xff, 0xff, 0xff, 0xd0,
    0x6, 0xbf, 0xfa, 0x6f, 0x0, 0xf5, 0x8, 0xd0,
    0x2f, 0xef, 0x40, 0x6f, 0x11, 0xf6, 0x19, 0xd0,
    0x2, 0x4f, 0x10, 0x6f, 0xff, 0xff, 0xff, 0xd0,
    0x0, 0x4f, 0x10, 0x6f, 0x22, 0xf7, 0x29, 0xd0,
    0x0, 0x4f, 0x10, 0x6f, 0x0, 0xf5, 0x8, 0xd0,
    0x5, 0x9f, 0x10, 0x6f, 0xff, 0xff, 0xff, 0xd0,
    0xb, 0xf9, 0x0, 0x6f, 0x55, 0x55, 0x5b, 0xd0,
    0x0, 0x0, 0x0, 0x1, 0x0, 0x0, 0x0, 0x0,

    /* U+641C "搜" */
    0x0, 0x0, 0x0, 0x0, 0x0, 0x0, 0x0, 0x0,
    0x0, 0x3f, 0x20, 0x1, 0x85, 0xf3, 0x22, 0x20,
    0x0, 0x3f, 0x20, 0x8f, 0xa5, 0xf5, 0xff, 0xe0,
    0x6, 0x9f, 0x84, 0xa9, 0x1, 0xf3, 0x6, 0xe0,
    0x1d, 0xef, 0xd8, 0xaf, 0xe2, 0xf4, 0xef, 0xe0,
    0x0, 0x3f, 0x20, 0xaa, 0x22, 0xf3, 0x27, 0xe0,
    0x0, 0x3f, 0x20, 0xaa, 0x35, 0xf6, 0x38, 0xe0,
    0x0, 0x3f, 0x76, 0x9f, 0xff, 0xff, 0xff, 0xe0,
    0x7, 0xcf, 0xd7, 0x0, 0x1, 0xf3, 0x0, 0x0,
    0xe, 0xbf, 0x20, 0xbf, 0xff, 0xff, 0xff, 0x90,
    0x0, 0x3f, 0x20, 0x4f, 0xa4, 0x44, 0xaf, 0x30,
    0x0, 0x3f, 0x20, 0x6, 0xf8, 0x6, 0xf7, 0x0,
    0x0, 0x3f, 0x20, 0x0, 0x5f, 0xff, 0x70, 0x0,
    0x5, 0x9f, 0x13, 0x7b, 0xff, 0xbe, 0xfc, 0x72,
    0x9, 0xfa, 0x9, 0xea, 0x61, 0x0, 0x49, 0xe3,
    0x0, 0x0, 0x0, 0x0, 0x0, 0x0, 0x0, 0x0,

    /* U+64AD "播" */
    0x0, 0x0, 0x0, 0x0, 0x0, 0x0, 0x0, 0x0,
    0x0, 0x6e, 0x2, 0xff, 0xff, 0xfc, 0xa7, 0x0,
    0x0, 0x6e, 0x0, 0x4c, 0x17, 0xe0, 0x7d, 0x0,
    0x27, 0xbf, 0x73, 0xf, 0x67, 0xe0, 0xd8, 0x0,
    0x4f, 0xff, 0xfa, 0x3c, 0x89, 0xe6, 0xf5, 0x30,
    0x2, 0x8f, 0x28, 0xff, 0xff, 0xff, 0xff, 0xf1,
    0x0, 0x6e, 0x0, 0x3, 0xed, 0xed, 0xb0, 0x0,
    0x0, 0x6f, 0x74, 0x7f, 0x97, 0xe1, 0xdd, 0x40,
    0x28, 0xef, 0xde, 0xf7, 0x16, 0xa1, 0x2a, 0xf3,
    0x5e, 0xcf, 0x2, 0xbf, 0xff, 0xff, 0xff, 0x50,
    0x0, 0x6e, 0x0, 0x9a, 0x6, 0xc0, 0x1f, 0x40,
    0x0, 0x6e, 0x0, 0x9f, 0xff, 0xff, 0xff, 0x40,
    0x0, 0x6e, 0x0, 0x9b, 0x18, 0xd1, 0x3f, 0x40,
    0x5, 0xae, 0x0, 0x9c, 0x49, 0xd4, 0x5f, 0x40,
    0xd, 0xe8, 0x0, 0x9e, 0xcc, 0xcc, 0xde, 0x40,

    /* U+6536 "收" */
    0x0, 0x0, 0x0, 0x0, 0x2, 0x0, 0x0, 0x0,
    0x0, 0x0, 0xe, 0x80, 0xf, 0x90, 0x0, 0x0,
    0x4, 0x90, 0xe, 0x80, 0x4f, 0x50, 0x0, 0x0,
    0x7, 0xf0, 0xe, 0x80, 0x8f, 0x76, 0x66, 0x61,
    0x7, 0xf0, 0xe, 0x80, 0xdf, 0xff, 0xff, 0xf3,
    0x7, 0xf0, 0xe, 0x84, 0xf9, 0x0, 0x6f, 0x10,
    0x7, 0xf0, 0xe, 0x9c, 0xfe, 0x0, 0xac, 0x0,
    0x7, 0xf0, 0xe, 0xcf, 0x7f, 0x30, 0xe8, 0x0,
    0x7, 0xf0, 0xe, 0x84, 0xa, 0xa4, 0xf3, 0x0,
    0x7, 0xf1, 0x5f, 0x80, 0x3, 0xfc, 0xc0, 0x0,
    0xa, 0xff, 0xff, 0x80, 0x0, 0xcf, 0x50, 0x0,
    0xc, 0xd6, 0x1e, 0x80, 0x2, 0xef, 0x90, 0x0,
    0x1, 0x0, 0xe, 0x80, 0x2e, 0xe8, 0xf8, 0x0,
    0x0, 0x0, 0xe, 0x88, 0xfd, 0x20, 0x8f, 0xc1,
    0x0, 0x0, 0xe, 0x89, 0x90, 0x0, 0x5, 0xa0,
    0x0, 0x0, 0x0, 0x0, 0x0, 0x0, 0x0, 0x0,

    /* U+6539 "改" */
    0x0, 0x0, 0x0, 0x0, 0x2, 0x20, 0x0, 0x0,
    0x3, 0x44, 0x44, 0x40, 0xb, 0xc0, 0x0, 0x0,
    0xb, 0xff, 0xff, 0xf0, 0xf, 0x80, 0x0, 0x0,
    0x2, 0x33, 0x39, 0xf0, 0x4f, 0xa6, 0x66, 0x61,
    0x0, 0x0, 0x7, 0xf0, 0xaf, 0xff, 0xff, 0xf3,
    0x0, 0x0, 0x7, 0xf1, 0xfe, 0x0, 0x5f, 0x30,
    0x8, 0xff, 0xff, 0xfa, 0xff, 0x20, 0x9f, 0x0,
    0x8, 0xf8, 0x88, 0x8e, 0x8d, 0x70, 0xdb, 0x0,
    0x8, 0xe0, 0x0, 0x2, 0x7, 0xd3, 0xf6, 0x0,
    0x8, 0xe0, 0x0, 0x0, 0x1, 0xfd, 0xe0, 0x0,
    0x8, 0xe0, 0x0, 0x10, 0x0, 0xbf, 0x70, 0x0,
    0x8, 0xe1, 0x6c, 0xf0, 0x2, 0xef, 0xa0, 0x0,
    0xb, 0xff, 0xfb, 0x50, 0x2e, 0xfa, 0xf9, 0x0,
    0xe, 0xe8, 0x20, 0x9, 0xfe, 0x30, 0x9f, 0xd2,
    0x3, 0x0, 0x0, 0xc, 0xa1, 0x0, 0x6, 0xd1,
    0x0, 0x0, 0x0, 0x0, 0x0, 0x0, 0x0, 0x0,

    /* U+653E "放" */
    0x0, 0x1, 0x30, 0x0, 0x1, 0x30, 0x0, 0x0,
    0x0, 0x6, 0xf1, 0x0, 0x6, 0xf2, 0x0, 0x0,
    0x0, 0x1, 0xf5, 0x0, 0xa, 0xf0, 0x0, 0x0,
    0x1d, 0xdd, 0xed, 0xdc, 0xe, 0xd6, 0x66, 0x63,
    0x8, 0xbf, 0x88, 0x87, 0x2f, 0xff, 0xff, 0xf7,
    0x0, 0x5f, 0x0, 0x0, 0x8f, 0x50, 0x3f, 0x30,
    0x0, 0x5f, 0x76, 0x63, 0xef, 0xa0, 0x7f, 0x0,
    0x0, 0x5f, 0xee, 0xfd, 0xfc, 0xe0, 0xac, 0x0,
    0x0, 0x6f, 0x2, 0xf7, 0x83, 0xf4, 0xf8, 0x0,
    0x0, 0x7f, 0x2, 0xf3, 0x0, 0xdd, 0xf1, 0x0,
    0x0, 0x9d, 0x3, 0xf3, 0x0, 0x7f, 0xa0, 0x0,
    0x0, 0xea, 0x3, 0xf2, 0x0, 0xaf, 0xc0, 0x0,
    0x5, 0xf4, 0x5, 0xf1, 0xa, 0xf9, 0xfb, 0x0,
    0x1e, 0xd2, 0x5b, 0xf5, 0xef, 0x50, 0x6f, 0xe4,
    0x2d, 0x22, 0xff, 0x78, 0xc3, 0x0, 0x4, 0xd2,
    0x0, 0x0, 0x0, 0x0, 0x0, 0x0, 0x0, 0x0,

    /* U+6570 "数" */
    0x3, 0x70, 0xe7, 0x2a, 0x11, 0xd3, 0x0, 0x0,
    0x1, 0xf3, 0xe7, 0xc9, 0x4, 0xf1, 0x0, 0x0,
    0x8, 0xc9, 0xfb, 0xb8, 0x58, 0xf6, 0x66, 0x61,
    0xa, 0xad, 0xff, 0xba, 0x6b, 0xff, 0xff, 0xf3,
    0x0, 0x3f, 0xff, 0xd3, 0xf, 0xc0, 0x4f, 0x10,
    0x5, 0xe9, 0xe7, 0xae, 0x6f, 0xf0, 0x7e, 0x0,
    0x1e, 0x80, 0xe7, 0x3, 0xeb, 0xf5, 0xab, 0x0,
    0x4, 0x38, 0xb4, 0x34, 0x80, 0xc9, 0xf6, 0x0,
    0xc, 0xff, 0xff, 0xfe, 0x0, 0x6f, 0xf1, 0x0,
    0x0, 0xad, 0x0, 0xe7, 0x0, 0x1f, 0xb0, 0x0,
    0x1, 0xee, 0x7a, 0xd0, 0x0, 0x8f, 0xe1, 0x0,
    0x0, 0x7, 0xff, 0x80, 0x6, 0xf8, 0xec, 0x0,
    0x3, 0x8f, 0xc8, 0xe4, 0xaf, 0x90, 0x3f, 0xd2,
    0x1e, 0xc5, 0x0, 0x6, 0xf6, 0x0, 0x3, 0xd3,
    0x0, 0x0, 0x0, 0x0, 0x10, 0x0, 0x0, 0x0,

    /* U+6574 "整" */
    0xf, 0xff, 0xff, 0xff, 0x32, 0xf2, 0x0, 0x0,
    0x1, 0x12, 0xf6, 0x11, 0xa, 0xfe, 0xee, 0xe2,
    0x9, 0xff, 0xff, 0xfd, 0x6f, 0xb4, 0x9f, 0x40,
    0x9, 0x80, 0xf4, 0x5e, 0xec, 0xf2, 0xda, 0x0,
    0x9, 0xfe, 0xff, 0xfd, 0x20, 0xae, 0xf2, 0x0,
    0x0, 0x2e, 0xfd, 0x90, 0x0, 0x7f, 0xd1, 0x0,
    0x4, 0xea, 0xf6, 0xca, 0x2a, 0xfa, 0xfd, 0x50,
    0x1f, 0x90, 0xf4, 0x2, 0xce, 0x60, 0x2d, 0xf2,
    0x3, 0x78, 0xa8, 0x77, 0x98, 0x77, 0x78, 0x40,
    0x1, 0x99, 0x99, 0x9e, 0xe9, 0x99, 0x99, 0x20,
    0x0, 0x8, 0x80, 0xc, 0xfd, 0xdd, 0xd0, 0x0,
    0x0, 0xa, 0xb0, 0xc, 0xc4, 0x44, 0x40, 0x0,
    0x3, 0x3c, 0xc3, 0x3d, 0xc3, 0x33, 0x33, 0x30,
    0x3f, 0xff, 0xff, 0xff, 0xff, 0xff, 0xff, 0xf3,

    /* U+6599 "料" */
    0x0, 0x0, 0x0, 0x0, 0x0, 0x0, 0x0, 0x0,
    0x0, 0xb, 0xa0, 0x10, 0x0, 0x0, 0xe7, 0x0,
    0xf, 0x1b, 0xa3, 0xf1, 0x8b, 0x20, 0xe7, 0x0,
    0xc, 0x6b, 0xa7, 0xb0, 0x1b, 0xe2, 0xe7, 0x0,
    0x8, 0xab, 0xac, 0x50, 0x0, 0x70, 0xe7, 0x0,
    0x4, 0x5c, 0xa7, 0x20, 0x30, 0x0, 0xe7, 0x0,
    0x3f, 0xff, 0xff, 0xf8, 0xf9, 0x0, 0xe7, 0x0,
    0x14, 0x8f, 0xd4, 0x40, 0x5e, 0x80, 0xe7, 0x0,
    0x0, 0xbf, 0xf8, 0x0, 0x2, 0x10, 0xe7, 0x0,
    0x2, 0xfd, 0xcf, 0x50, 0x0, 0x14, 0xfd, 0xc4,
    0xb, 0xab, 0xa7, 0xc8, 0xce, 0xff, 0xfd, 0x82,
    0x5f, 0x3b, 0xa0, 0x19, 0x97, 0x41, 0xe7, 0x0,
    0x29, 0xb, 0xa0, 0x0, 0x0, 0x0, 0xe7, 0x0,
    0x0, 0xb, 0xa0, 0x0, 0x0, 0x0, 0xe7, 0x0,
    0x0, 0xb, 0xa0, 0x0, 0x0, 0x0, 0xe7, 0x0,
    0x0, 0x0, 0x0, 0x0, 0x0, 0x0, 0x0, 0x0,

    /* U+65B0 "新" */
    0x0, 0x3, 0x70, 0x0, 0x0, 0x0, 0x3, 0x0,
    0x0, 0x4, 0xf3, 0x0, 0x3, 0x6a, 0xff, 0x60,
    0xf, 0xff, 0xff, 0xff, 0x4f, 0xda, 0x62, 0x0,
    0x4, 0xc7, 0x47, 0xd5, 0x3f, 0x10, 0x0, 0x0,
    0x0, 0xd7, 0x8, 0xe0, 0x3f, 0x10, 0x0, 0x0,
    0x3, 0xaa, 0x3d, 0xa3, 0x4f, 0x31, 0x11, 0x10,
    0x3f, 0xff, 0xff, 0xff, 0x8f, 0xff, 0xff, 0xf4,
    0x0, 0x1, 0xf4, 0x0, 0x4f, 0x54, 0xfa, 0x41,
    0x4, 0x46, 0xf7, 0x44, 0x5f, 0x0, 0xe8, 0x0,
    0x2f, 0xff, 0xff, 0xff, 0x6f, 0x0, 0xe8, 0x0,
    0x0, 0x72, 0xf4, 0x60, 0x6e, 0x0, 0xe8, 0x0,
    0x6, 0xe1, 0xf4, 0xe6, 0x9c, 0x0, 0xe8, 0x0,
    0x1e, 0x61, 0xf3, 0x6d, 0xc8, 0x0, 0xe8, 0x0,
    0x5, 0x14, 0xf3, 0x4, 0xf4, 0x0, 0xe8, 0x0,
    0x0, 0x3f, 0xd1, 0x3, 0xa0, 0x0, 0xe8, 0x0,
    0x0, 0x0, 0x0, 0x0, 0x0, 0x0, 0x0, 0x0,

    /* U+65B9 "方" */
    0x0, 0x0, 0x0, 0x6, 0x50, 0x0, 0x0, 0x0,
    0x0, 0x0, 0x0, 0xce, 0x0, 0x0, 0x0, 0x0,
    0x0, 0x0, 0x5, 0xf3, 0x0, 0x0, 0x0, 0xef,
    0xff, 0xff, 0xff, 0xff, 0xff, 0xff, 0x7, 0x77,
    0x7e, 0xf7, 0x77, 0x77, 0x77, 0x70, 0x0, 0x0,
    0xdd, 0x0, 0x0, 0x0, 0x0, 0x0, 0x0, 0xe,
    0xc0, 0x0, 0x0, 0x0, 0x0, 0x0, 0x0, 0xff,
    0xff, 0xff, 0xff, 0x70, 0x0, 0x0, 0x4f, 0xa6,
    0x66, 0x67, 0xf5, 0x0, 0x0, 0x8, 0xf3, 0x0,
    0x0, 0x3f, 0x40, 0x0, 0x0, 0xee, 0x0, 0x0,
    0x5, 0xf3, 0x0, 0x0, 0x8f, 0x60, 0x0, 0x0,
    0x7f, 0x0, 0x0, 0x4f, 0xd0, 0x0, 0x0, 0xb,
    0xe0, 0x0, 0x7f, 0xe2, 0x0, 0x37, 0x68, 0xfa,
    0x0, 0xc, 0xb1, 0x0, 0x3, 0xff, 0xfc, 0x10,
    0x0, 0x0, 0x0, 0x0, 0x0, 0x0, 0x0, 0x0,

    /* U+65E5 "日" */
    0x6f, 0xff, 0xff, 0xff, 0xff, 0xf1, 0x6f, 0x88,
    0x88, 0x88, 0x8c, 0xf1, 0x6f, 0x10, 0x0, 0x0,
    0x7, 0xf1, 0x6f, 0x10, 0x0, 0x0, 0x7, 0xf1,
    0x6f, 0x10, 0x0, 0x0, 0x7, 0xf1, 0x6f, 0x10,
    0x0, 0x0, 0x7, 0xf1, 0x6f, 0xff, 0xff, 0xff,
    0xff, 0xf1, 0x6f, 0x87, 0x77, 0x77, 0x7b, 0xf1,
    0x6f, 0x10, 0x0, 0x0, 0x7, 0xf1, 0x6f, 0x10,
    0x0, 0x0, 0x7, 0xf1, 0x6f, 0x10, 0x0, 0x0,
    0x7, 0xf1, 0x6f, 0x77, 0x77, 0x77, 0x7b, 0xf1,
    0x6f, 0xff, 0xff, 0xff, 0xff, 0xf1, 0x6f, 0x10,
    0x0, 0x0, 0x7, 0xe1,

    /* U+65E9 "早" */
    0x0, 0x9f, 0xff, 0xff, 0xff, 0xff, 0xf8, 0x0,
    0x0, 0x9e, 0x44, 0x44, 0x44, 0x44, 0xf8, 0x0,
    0x0, 0x9e, 0x0, 0x0, 0x0, 0x0, 0xf8, 0x0,
    0x0, 0x9f, 0xff, 0xff, 0xff, 0xff, 0xf8, 0x0,
    0x0, 0x9e, 0x44, 0x44, 0x44, 0x44, 0xf8, 0x0,
    0x0, 0x9e, 0x33, 0x33, 0x33, 0x33, 0xf8, 0x0,
    0x0, 0x9f, 0xff, 0xff, 0xff, 0xff, 0xf8, 0x0,
    0x0, 0x11, 0x11, 0x1d, 0xb1, 0x11, 0x10, 0x0,
    0x0, 0x0, 0x0, 0xc, 0xb0, 0x0, 0x0, 0x0,
    0x3f, 0xff, 0xff, 0xff, 0xff, 0xff, 0xff, 0xf4,
    0x17, 0x77, 0x77, 0x7e, 0xd7, 0x77, 0x77, 0x71,
    0x0, 0x0, 0x0, 0xc, 0xb0, 0x0, 0x0, 0x0,
    0x0, 0x0, 0x0, 0xc, 0xb0, 0x0, 0x0, 0x0,
    0x0, 0x0, 0x0, 0xc, 0xb0, 0x0, 0x0, 0x0,

    /* U+65F6 "时" */
    0x0, 0x0, 0x0, 0x0, 0x0, 0x1f, 0x60, 0xd,
    0xee, 0xee, 0x30, 0x0, 0x1, 0xf6, 0x0, 0xe9,
    0x35, 0xf4, 0x55, 0x55, 0x6f, 0xa5, 0x1e, 0x70,
    0x2f, 0x5f, 0xff, 0xff, 0xff, 0xf3, 0xe7, 0x2,
    0xf4, 0x11, 0x11, 0x3f, 0x81, 0xe, 0xa6, 0x7f,
    0x30, 0x40, 0x1, 0xf6, 0x0, 0xef, 0xee, 0xf3,
    0x6f, 0x40, 0x1f, 0x60, 0xe, 0x70, 0x2f, 0x30,
    0xce, 0x11, 0xf6, 0x0, 0xe7, 0x2, 0xf3, 0x2,
    0xfa, 0x1f, 0x60, 0xe, 0x70, 0x2f, 0x30, 0x5,
    0x41, 0xf6, 0x0, 0xef, 0xff, 0xf3, 0x0, 0x0,
    0x1f, 0x60, 0xe, 0xa4, 0x44, 0x10, 0x0, 0x1,
    0xf6, 0x0, 0x84, 0x0, 0x0, 0x1, 0x77, 0x9f,
    0x50, 0x0, 0x0, 0x0, 0x0, 0xe, 0xfe, 0xa1,
    0x0, 0x0, 0x0, 0x0, 0x0, 0x0, 0x0, 0x0,
    0x0,

    /* U+660E "明" */
    0xef, 0xff, 0xf6, 0x4f, 0xff, 0xff, 0xf8, 0xea,
    0x55, 0xf6, 0x4f, 0x75, 0x55, 0xf8, 0xe7, 0x0,
    0xf6, 0x4f, 0x20, 0x0, 0xe8, 0xe7, 0x0, 0xf6,
    0x4f, 0x20, 0x0, 0xe8, 0xea, 0x55, 0xf6, 0x4f,
    0xff, 0xff, 0xf8, 0xef, 0xff, 0xf6, 0x4f, 0x87,
    0x77, 0xf8, 0xe7, 0x0, 0xf6, 0x5f, 0x20, 0x0,
    0xe8, 0xe7, 0x0, 0xf6, 0x6f, 0x31, 0x11, 0xe8,
    0xe9, 0x44, 0xf6, 0x8f, 0xff, 0xff, 0xf8, 0xef,
    0xff, 0xf6, 0xcc, 0x33, 0x33, 0xf8, 0xe7, 0x0,
    0x3, 0xf6, 0x0, 0x0, 0xe8, 0x0, 0x0, 0xb,
    0xf1, 0x0, 0x0, 0xe8, 0x0, 0x0, 0x9f, 0x70,
    0x2, 0x67, 0xf7, 0x0, 0x0, 0xc9, 0x0, 0x2,
    0xff, 0xc2, 0x0, 0x0, 0x0, 0x0, 0x0, 0x0,
    0x0,

    /* U+6628 "昨" */
    0x0, 0x0, 0x0, 0x6, 0x20, 0x0, 0x0, 0x3,
    0x33, 0x33, 0x1, 0xf6, 0x0, 0x0, 0x0, 0xef,
    0xff, 0xe0, 0x6f, 0x10, 0x0, 0x0, 0xe, 0x81,
    0x8e, 0xb, 0xff, 0xff, 0xff, 0xf1, 0xe7, 0x7,
    0xe2, 0xf9, 0xfb, 0x66, 0x66, 0xe, 0x70, 0x7e,
    0xae, 0xe, 0x80, 0x0, 0x0, 0xeb, 0x6b, 0xfe,
    0x70, 0xea, 0x44, 0x43, 0xe, 0xed, 0xee, 0x30,
    0xe, 0xff, 0xff, 0xb0, 0xe7, 0x7, 0xe0, 0x0,
    0xe9, 0x0, 0x0, 0xe, 0x70, 0x7e, 0x0, 0xe,
    0x80, 0x0, 0x0, 0xe7, 0x8, 0xe0, 0x0, 0xef,
    0xff, 0xfd, 0xe, 0xff, 0xfe, 0x0, 0xe, 0xb5,
    0x55, 0x40, 0xea, 0x55, 0x50, 0x0, 0xe8, 0x0,
    0x0, 0x7, 0x40, 0x0, 0x0, 0xe, 0x80, 0x0,
    0x0, 0x0, 0x0, 0x0, 0x0, 0xe8, 0x0, 0x0,
    0x0,

    /* U+662F "是" */
    0x0, 0x6f, 0xff, 0xff, 0xff, 0xff, 0xf5, 0x0,
    0x0, 0x6f, 0x11, 0x11, 0x11, 0x13, 0xf5, 0x0,
    0x0, 0x6f, 0xdd, 0xdd, 0xdd, 0xdd, 0xf5, 0x0,
    0x0, 0x6f, 0x32, 0x22, 0x22, 0x24, 0xf5, 0x0,
    0x0, 0x6f, 0xcc, 0xcc, 0xcc, 0xcc, 0xf5, 0x0,
    0x0, 0x25, 0x55, 0x55, 0x55, 0x55, 0x51, 0x0,
    0x5, 0x55, 0x55, 0x55, 0x55, 0x55, 0x55, 0x50,
    0xf, 0xff, 0xff, 0xff, 0xff, 0xff, 0xff, 0xf0,
    0x0, 0x6, 0xa0, 0x9, 0xe0, 0x0, 0x0, 0x0,
    0x0, 0xd, 0xc0, 0x9, 0xfe, 0xee, 0xee, 0x0,
    0x0, 0x3f, 0xf3, 0x9, 0xf5, 0x55, 0x55, 0x0,
    0x0, 0xae, 0xdd, 0x39, 0xe0, 0x0, 0x0, 0x0,
    0x8, 0xf5, 0x1d, 0xff, 0xf6, 0x66, 0x66, 0x61,
    0x2f, 0x80, 0x0, 0x6b, 0xef, 0xff, 0xff, 0xf1,
    0x1, 0x0, 0x0, 0x0, 0x0, 0x0, 0x0, 0x0,

    /* U+665A "晚" */
    0x0, 0x0, 0x0, 0x3, 0x30, 0x0, 0x0, 0x3,
    0x33, 0x31, 0x0, 0xea, 0x0, 0x0, 0x0, 0xef,
    0xff, 0x60, 0x9f, 0xff, 0xf9, 0x0, 0xe, 0x71,
    0xe6, 0x6f, 0x93, 0x5f, 0x40, 0x0, 0xe6, 0xe,
    0xbf, 0xf8, 0x7c, 0xe7, 0x73, 0xe, 0x60, 0xea,
    0xdf, 0xab, 0xfb, 0xaf, 0x70, 0xef, 0xff, 0x66,
    0xe0, 0x4f, 0x20, 0xe7, 0xe, 0x95, 0xf6, 0x6e,
    0x5, 0xf0, 0xe, 0x70, 0xe6, 0xe, 0x66, 0xf6,
    0xaf, 0x66, 0xf7, 0xe, 0x60, 0xe6, 0x5d, 0xdf,
    0xff, 0xdd, 0x60, 0xe7, 0x1e, 0x60, 0x1, 0xfe,
    0xe0, 0x0, 0xe, 0xff, 0xf6, 0x0, 0xaf, 0x8e,
    0x0, 0x10, 0xe8, 0x33, 0x10, 0x9f, 0x57, 0xe0,
    0x2f, 0x16, 0x20, 0x16, 0xdf, 0x60, 0x6f, 0x58,
    0xf0, 0x0, 0x9, 0xfa, 0x20, 0x2, 0xef, 0xf8,
    0x0, 0x0, 0x1, 0x0, 0x0, 0x0, 0x0, 0x0,

    /* U+6668 "晨" */
    0x0, 0x5f, 0xff, 0xff, 0xff, 0xff, 0xf8, 0x0,
    0x0, 0x5f, 0x10, 0x0, 0x0, 0x0, 0xf8, 0x0,
    0x0, 0x5f, 0xff, 0xff, 0xff, 0xff, 0xf8, 0x0,
    0x0, 0x5f, 0x31, 0x11, 0x11, 0x11, 0xf8, 0x0,
    0x0, 0x5f, 0xff, 0xff, 0xff, 0xff, 0xf8, 0x0,
    0x0, 0x33, 0x33, 0x33, 0x33, 0x33, 0x33, 0x20,
    0x0, 0xff, 0xee, 0xee, 0xee, 0xee, 0xee, 0xb0,
    0x0, 0xf7, 0x57, 0x77, 0x77, 0x77, 0x73, 0x0,
    0x0, 0xf7, 0x46, 0x66, 0x66, 0x66, 0x63, 0x0,
    0x1, 0xff, 0xff, 0xff, 0xff, 0xff, 0xff, 0xf0,
    0x3, 0xf5, 0x2f, 0x82, 0x8f, 0x52, 0x7d, 0x30,
    0x6, 0xf1, 0xf, 0x60, 0xb, 0xfc, 0xd5, 0x0,
    0xc, 0xc0, 0x5f, 0xba, 0xd5, 0x7f, 0xea, 0x61,
    0x2f, 0x50, 0xbf, 0xc8, 0x50, 0x1, 0x7c, 0xd1,
    0x1, 0x0, 0x10, 0x0, 0x0, 0x0, 0x0, 0x0,

    /* U+666F "景" */
    0x0, 0x4f, 0xff, 0xff, 0xff, 0xff, 0xf4, 0x0,
    0x4, 0xf1, 0x0, 0x0, 0x0, 0x3f, 0x40, 0x0,
    0x4f, 0xee, 0xee, 0xee, 0xef, 0xf4, 0x0, 0x4,
    0xf2, 0x0, 0x0, 0x0, 0x4f, 0x40, 0x0, 0x4e,
    0xee, 0xef, 0xfe, 0xee, 0xe3, 0x0, 0x33, 0x33,
    0x34, 0xfa, 0x33, 0x33, 0x33, 0xf, 0xff, 0xff,
    0xff, 0xff, 0xff, 0xff, 0xe0, 0x0, 0x44, 0x44,
    0x44, 0x44, 0x44, 0x0, 0x0, 0xf, 0xdb, 0xbb,
    0xbb, 0xbd, 0xf0, 0x0, 0x0, 0xf8, 0x11, 0x11,
    0x11, 0x8f, 0x0, 0x0, 0xe, 0xff, 0xff, 0xff,
    0xff, 0xf0, 0x0, 0x0, 0x5c, 0x50, 0xbb, 0x8,
    0x82, 0x0, 0x8, 0xdf, 0x72, 0x2d, 0xb0, 0x3a,
    0xfc, 0x50, 0x77, 0x10, 0x8f, 0xe7, 0x0, 0x1,
    0x84,

    /* U+667A "智" */
    0x0, 0x44, 0x0, 0x0, 0x0, 0x0, 0x0, 0x0,
    0xe, 0xb2, 0x22, 0x10, 0x22, 0x22, 0x21, 0x6,
    0xff, 0xff, 0xf9, 0x5f, 0xff, 0xff, 0x60, 0xe8,
    0xf, 0x70, 0x5, 0xf2, 0x22, 0xf6, 0x2d, 0xcb,
    0xfd, 0xbb, 0x6f, 0x0, 0xf, 0x61, 0x66, 0xbf,
    0xa6, 0x65, 0xf0, 0x0, 0xf6, 0x0, 0x2f, 0xcf,
    0xa1, 0x5f, 0xff, 0xff, 0x60, 0x6e, 0xc0, 0x2d,
    0xa2, 0x55, 0x55, 0x52, 0x1d, 0x94, 0x33, 0x54,
    0x33, 0x33, 0x30, 0x0, 0x0, 0xff, 0xff, 0xff,
    0xff, 0xff, 0x10, 0x0, 0xf, 0x80, 0x0, 0x0,
    0x7, 0xf1, 0x0, 0x0, 0xff, 0xff, 0xff, 0xff,
    0xff, 0x10, 0x0, 0xf, 0x92, 0x22, 0x22, 0x28,
    0xf1, 0x0, 0x0, 0xfa, 0x44, 0x44, 0x44, 0x9f,
    0x10, 0x0, 0xf, 0xfe, 0xee, 0xee, 0xee, 0xf1,
    0x0,

    /* U+6696 "暖" */
    0x0, 0x0, 0x0, 0x1, 0x24, 0x68, 0x90, 0x2,
    0x22, 0x23, 0xff, 0xff, 0xff, 0xed, 0x40, 0xef,
    0xff, 0x54, 0x71, 0x97, 0x4, 0xd1, 0xe, 0x71,
    0xf5, 0x5e, 0x9, 0xa0, 0xcb, 0x0, 0xe5, 0xf,
    0x53, 0xe4, 0x79, 0x5f, 0x41, 0xe, 0x50, 0xf5,
    0xff, 0xff, 0xff, 0xff, 0xa0, 0xed, 0xbf, 0x50,
    0x3f, 0x30, 0x0, 0x0, 0xe, 0xb8, 0xfc, 0xff,
    0xff, 0xff, 0xff, 0xf0, 0xe5, 0xf, 0x74, 0xaf,
    0x44, 0x44, 0x44, 0xe, 0x50, 0xf5, 0xb, 0xfd,
    0xdd, 0xdb, 0x0, 0xe6, 0x1f, 0x51, 0xff, 0x84,
    0x5e, 0x90, 0xe, 0xff, 0xf5, 0x7f, 0xce, 0x28,
    0xf2, 0x0, 0xe8, 0x33, 0x3f, 0x80, 0xce, 0xf6,
    0x0, 0x6, 0x20, 0x2e, 0xd2, 0x6d, 0xff, 0xd8,
    0x30, 0x0, 0x8, 0xd2, 0xdf, 0xa2, 0x3b, 0xfe,
    0x10, 0x0, 0x0, 0x2, 0x0, 0x0, 0x0, 0x20,

    /* U+66F2 "曲" */
    0x0, 0x0, 0x8e, 0x0, 0xe8, 0x0, 0x0, 0x0,
    0x0, 0x8e, 0x0, 0xe8, 0x0, 0x0, 0x24, 0x44,
    0xaf, 0x44, 0xfa, 0x44, 0x42, 0x7f, 0xff, 0xff,
    0xff, 0xff, 0xff, 0xf8, 0x7f, 0x22, 0x9e, 0x22,
    0xe9, 0x22, 0xf8, 0x7f, 0x0, 0x8e, 0x0, 0xe8,
    0x0, 0xe8, 0x7f, 0x0, 0x8e, 0x0, 0xe8, 0x0,
    0xe8, 0x7f, 0x77, 0xcf, 0x77, 0xfc, 0x77, 0xf8,
    0x7f, 0xee, 0xff, 0xee, 0xff, 0xee, 0xf8, 0x7f,
    0x0, 0x8e, 0x0, 0xe8, 0x0, 0xe8, 0x7f, 0x0,
    0x8e, 0x0, 0xe8, 0x0, 0xe8, 0x7f, 0x22, 0x9e,
    0x22, 0xe9, 0x22, 0xf8, 0x7f, 0xff, 0xff, 0xff,
    0xff, 0xff, 0xf8, 0x7f, 0x44, 0x44, 0x44, 0x44,
    0x44, 0xe8,

    /* U+66F4 "更" */
    0xe, 0xff, 0xff, 0xff, 0xff, 0xff, 0xff, 0xe0,
    0x4, 0x55, 0x55, 0x5c, 0xe5, 0x55, 0x55, 0x50,
    0x0, 0x1, 0x11, 0x1b, 0xe1, 0x11, 0x11, 0x0,
    0x0, 0x7f, 0xff, 0xff, 0xff, 0xff, 0xfe, 0x0,
    0x0, 0x7e, 0x11, 0x1b, 0xe1, 0x11, 0x9e, 0x0,
    0x0, 0x7e, 0x55, 0x5c, 0xe5, 0x55, 0xbe, 0x0,
    0x0, 0x7f, 0xcc, 0xce, 0xfc, 0xcc, 0xee, 0x0,
    0x0, 0x7e, 0x0, 0xa, 0xe0, 0x0, 0x9e, 0x0,
    0x0, 0x7f, 0xff, 0xff, 0xff, 0xff, 0xfe, 0x0,
    0x0, 0x1a, 0x92, 0x4f, 0x92, 0x22, 0x22, 0x0,
    0x0, 0x6, 0xf8, 0xaf, 0x20, 0x0, 0x0, 0x0,
    0x0, 0x0, 0x9f, 0xfb, 0x20, 0x0, 0x0, 0x0,
    0x4, 0x8d, 0xfd, 0xbf, 0xfe, 0xb9, 0x87, 0x62,
    0xc, 0xea, 0x50, 0x1, 0x59, 0xbc, 0xef, 0xf1,
    0x0, 0x0, 0x0, 0x0, 0x0, 0x0, 0x0, 0x0,

    /* U+66FF "替" */
    0x0, 0x3, 0xf3, 0x0, 0x0, 0x5f, 0x0, 0x0,
    0x7, 0xee, 0xfe, 0xe3, 0x9e, 0xff, 0xee, 0x70,
    0x0, 0x4, 0xf3, 0x0, 0x0, 0x6f, 0x10, 0x0,
    0xf, 0xff, 0xff, 0xf7, 0xef, 0xff, 0xff, 0xf0,
    0x3, 0x4e, 0xf9, 0x31, 0x35, 0xff, 0xe4, 0x30,
    0x0, 0x6f, 0xcf, 0x80, 0x1c, 0xe3, 0xf8, 0x0,
    0x6, 0xfa, 0x8, 0xf4, 0xef, 0x40, 0x7f, 0xa1,
    0x1e, 0xa5, 0x44, 0x75, 0xd7, 0x44, 0x56, 0xe1,
    0x1, 0x2f, 0xff, 0xff, 0xff, 0xff, 0xf1, 0x0,
    0x0, 0x1f, 0x50, 0x0, 0x0, 0x6, 0xf1, 0x0,
    0x0, 0x1f, 0xff, 0xff, 0xff, 0xff, 0xf1, 0x0,
    0x0, 0x1f, 0x61, 0x11, 0x11, 0x17, 0xf1, 0x0,
    0x0, 0x1f, 0x95, 0x55, 0x55, 0x59, 0xf1, 0x0,
    0x0, 0x1f, 0xee, 0xee, 0xee, 0xee, 0xe1, 0x0,

    /* U+6700 "最" */
    0x0, 0x2f, 0xff, 0xff, 0xff, 0xff, 0xf3, 0x0,
    0x0, 0x2f, 0x30, 0x0, 0x0, 0x4, 0xf3, 0x0,
    0x0, 0x2f, 0xff, 0xff, 0xff, 0xff, 0xf3, 0x0,
    0x0, 0x2f, 0x41, 0x11, 0x11, 0x15, 0xf3, 0x0,
    0x0, 0x2f, 0xff, 0xff, 0xff, 0xff, 0xf3, 0x0,
    0x3, 0x33, 0x33, 0x33, 0x33, 0x33, 0x33, 0x30,
    0x2f, 0xff, 0xff, 0xff, 0xff, 0xff, 0xff, 0xf1,
    0x0, 0xba, 0x11, 0xd9, 0x22, 0x22, 0x23, 0x0,
    0x0, 0xbf, 0xff, 0xf9, 0xdf, 0xff, 0xff, 0x90,
    0x0, 0xbb, 0x22, 0xd9, 0x1e, 0x50, 0x4f, 0x20,
    0x0, 0xbf, 0xff, 0xf9, 0x5, 0xf3, 0xe9, 0x0,
    0x0, 0xba, 0x24, 0xec, 0x30, 0xbf, 0xd0, 0x0,
    0x2e, 0xff, 0xed, 0xfd, 0x7a, 0xfb, 0xfc, 0x60,
    0x3, 0x10, 0x0, 0xd9, 0x99, 0x20, 0x18, 0xc1,

    /* U+672C "本" */
    0x0, 0x0, 0x0, 0xc, 0xc0, 0x0, 0x0, 0x0,
    0x0, 0x0, 0x0, 0xc, 0xc0, 0x0, 0x0, 0x0,
    0x0, 0x0, 0x0, 0xc, 0xc0, 0x0, 0x0, 0x0,
    0xe, 0xff, 0xff, 0xff, 0xff, 0xff, 0xff, 0xf0,
    0x6, 0x77, 0x7d, 0xee, 0xef, 0xc7, 0x77, 0x70,
    0x0, 0x0, 0x2f, 0x7c, 0xc8, 0xf1, 0x0, 0x0,
    0x0, 0x0, 0xbf, 0x1c, 0xc1, 0xfa, 0x0, 0x0,
    0x0, 0x4, 0xf7, 0xc, 0xc0, 0x8f, 0x40, 0x0,
    0x0, 0x2e, 0xc0, 0xc, 0xc0, 0xd, 0xe2, 0x0,
    0x2, 0xdf, 0x20, 0xc, 0xc0, 0x3, 0xfe, 0x30,
    0x2f, 0xe8, 0xff, 0xff, 0xff, 0xff, 0x8f, 0xf2,
    0x8, 0x22, 0x77, 0x7e, 0xe7, 0x77, 0x22, 0x60,
    0x0, 0x0, 0x0, 0xc, 0xc0, 0x0, 0x0, 0x0,
    0x0, 0x0, 0x0, 0xc, 0xc0, 0x0, 0x0, 0x0,

    /* U+673A "机" */
    0x0, 0x9, 0xc0, 0x1, 0xff, 0xff, 0xf5, 0x0,
    0x0, 0x9, 0xc0, 0x1, 0xf9, 0x67, 0xf5, 0x0,
    0x1, 0x1a, 0xd1, 0x11, 0xf5, 0x1, 0xf5, 0x0,
    0x2f, 0xff, 0xff, 0xf2, 0xf5, 0x1, 0xf5, 0x0,
    0x5, 0x5f, 0xd5, 0x51, 0xf5, 0x1, 0xf5, 0x0,
    0x0, 0x3f, 0xd0, 0x1, 0xf5, 0x1, 0xf5, 0x0,
    0x0, 0x9f, 0xfa, 0x2, 0xf4, 0x1, 0xf5, 0x0,
    0x0, 0xfd, 0xde, 0x93, 0xf3, 0x1, 0xf5, 0x0,
    0x8, 0xc9, 0xc4, 0xd6, 0xf1, 0x1, 0xf5, 0x0,
    0x3f, 0x59, 0xc0, 0x18, 0xe0, 0x1, 0xf5, 0x0,
    0x3b, 0x9, 0xc0, 0xd, 0x90, 0x1, 0xf5, 0x4a,
    0x1, 0x9, 0xc0, 0x4f, 0x40, 0x1, 0xf5, 0x5c,
    0x0, 0x9, 0xc1, 0xeb, 0x0, 0x1, 0xfa, 0xaa,
    0x0, 0x9, 0xc2, 0xc1, 0x0, 0x0, 0xaf, 0xe4,

    /* U+6742 "杂" */
    0x0, 0x0, 0x2, 0xf5, 0x0, 0x0, 0x0, 0x0,
    0x2, 0x77, 0x79, 0xf9, 0x77, 0x74, 0x0, 0x0,
    0x5, 0xff, 0xff, 0xff, 0xff, 0xf8, 0x0, 0x0,
    0x0, 0x0, 0x3f, 0x80, 0x0, 0xe8, 0x1, 0x30,
    0x0, 0x6, 0xfd, 0x10, 0x0, 0xe9, 0x5, 0xf0,
    0x19, 0xef, 0xb1, 0x1, 0x10, 0xcf, 0xff, 0xd0,
    0xa, 0xa5, 0x0, 0xe, 0xa0, 0x16, 0x66, 0x20,
    0x6, 0x66, 0x66, 0x6f, 0xd6, 0x66, 0x66, 0x50,
    0xe, 0xff, 0xff, 0xff, 0xff, 0xff, 0xff, 0xb0,
    0x0, 0x1, 0x40, 0xe, 0xa0, 0x13, 0x0, 0x0,
    0x0, 0xc, 0xe2, 0xe, 0xa0, 0x8f, 0x70, 0x0,
    0x3, 0xdf, 0x40, 0xe, 0xa0, 0x7, 0xf8, 0x0,
    0xa, 0xe3, 0x6, 0x7f, 0xa0, 0x0, 0x7d, 0x10,
    0x0, 0x0, 0xd, 0xfd, 0x40, 0x0, 0x0, 0x0,

    /* U+6761 "条" */
    0x0, 0x0, 0x0, 0x52, 0x0, 0x0, 0x0, 0x0,
    0x0, 0x0, 0x8, 0xf5, 0x0, 0x0, 0x0, 0x0,
    0x0, 0x0, 0x7f, 0xff, 0xff, 0xff, 0xa0, 0x0,
    0x0, 0x1a, 0xff, 0x73, 0x34, 0xdf, 0x30, 0x0,
    0x4, 0xee, 0x59, 0xf7, 0x2d, 0xf5, 0x0, 0x0,
    0x0, 0x71, 0x0, 0x9f, 0xff, 0x30, 0x0, 0x0,
    0x0, 0x3, 0x7d, 0xfd, 0xaf, 0xfb, 0x63, 0x0,
    0xd, 0xff, 0xe9, 0x33, 0x60, 0x6b, 0xff, 0xf4,
    0x5, 0x52, 0x0, 0x8, 0xf0, 0x0, 0x2, 0x50,
    0x0, 0x5e, 0xee, 0xef, 0xfe, 0xee, 0xed, 0x0,
    0x0, 0x26, 0x66, 0x6b, 0xf6, 0x66, 0x65, 0x0,
    0x0, 0x0, 0xca, 0x8, 0xf0, 0x6d, 0x20, 0x0,
    0x0, 0x2c, 0xe1, 0x8, 0xf0, 0xb, 0xe3, 0x0,
    0x1, 0xfc, 0x10, 0x4b, 0xf0, 0x0, 0xce, 0x10,
    0x0, 0x30, 0x0, 0xef, 0x80, 0x0, 0x15, 0x0,

    /* U+6784 "构" */
    0x0, 0x0, 0x0, 0x0, 0x0, 0x0, 0x0, 0x0,
    0x0, 0xf7, 0x0, 0x1e, 0x60, 0x0, 0x0, 0x0,
    0xf, 0x70, 0x6, 0xf2, 0x0, 0x0, 0x1, 0x66,
    0xfb, 0x61, 0xcf, 0xcc, 0xcc, 0xcc, 0x3f, 0xff,
    0xff, 0x8f, 0x97, 0x77, 0x7c, 0xf0, 0x3, 0xf8,
    0x1e, 0xb3, 0x50, 0x0, 0x8e, 0x0, 0x9f, 0xf3,
    0xb2, 0xad, 0x0, 0x9, 0xe0, 0xe, 0xfe, 0xc0,
    0xf, 0x52, 0x0, 0xad, 0x4, 0xef, 0x8e, 0x35,
    0xe0, 0xe6, 0xa, 0xc0, 0xc8, 0xf7, 0x20, 0xd8,
    0x2a, 0xd0, 0xbb, 0x5f, 0x1f, 0x70, 0x6f, 0xff,
    0xdf, 0x3c, 0xa1, 0x70, 0xf7, 0x3, 0x84, 0x0,
    0x83, 0xe9, 0x0, 0xf, 0x70, 0x0, 0x0, 0x0,
    0x1f, 0x70, 0x0, 0xf7, 0x0, 0x0, 0x6, 0x6b,
    0xf3, 0x0, 0xf, 0x70, 0x0, 0x0, 0x9f, 0xe9,
    0x0, 0x0, 0x0, 0x0, 0x0, 0x0, 0x0, 0x0,

    /* U+67B6 "架" */
    0x0, 0xb, 0xa0, 0x0, 0x3, 0x33, 0x33, 0x10,
    0x1f, 0xff, 0xff, 0xfd, 0x1f, 0xff, 0xff, 0x90,
    0x5, 0x6f, 0x95, 0xbd, 0x1f, 0x40, 0xe, 0x90,
    0x0, 0x5f, 0x10, 0xac, 0x1f, 0x40, 0xe, 0x90,
    0x0, 0xbc, 0x0, 0xca, 0x1f, 0x40, 0xe, 0x90,
    0x7, 0xf4, 0x57, 0xf7, 0x1f, 0xdc, 0xcf, 0x90,
    0x2d, 0x50, 0x7d, 0xa8, 0x77, 0x77, 0x77, 0x40,
    0x0, 0x0, 0x0, 0xc, 0xb0, 0x0, 0x0, 0x0,
    0xf, 0xff, 0xff, 0xff, 0xff, 0xff, 0xff, 0xd0,
    0x5, 0x55, 0x57, 0xff, 0xff, 0x75, 0x55, 0x50,
    0x0, 0x0, 0x4e, 0xbd, 0xcc, 0xd4, 0x0, 0x0,
    0x0, 0x3a, 0xf8, 0xc, 0xb0, 0x9f, 0xb4, 0x0,
    0x1c, 0xfc, 0x40, 0xc, 0xb0, 0x4, 0xbf, 0xe1,
    0x7, 0x40, 0x0, 0xc, 0xb0, 0x0, 0x3, 0x50,

    /* U+67D4 "柔" */
    0x0, 0x0, 0x0, 0x0, 0x0, 0x0, 0x0, 0x0,
    0x0, 0x5f, 0xff, 0xff, 0xff, 0xff, 0xc0, 0x0,
    0x0, 0x12, 0x25, 0x42, 0x39, 0xfe, 0x30, 0x0,
    0x0, 0x0, 0x1e, 0xfc, 0xdf, 0x80, 0x0, 0x0,
    0x4, 0x55, 0x55, 0x9d, 0xff, 0x95, 0x55, 0x30,
    0xa, 0xdd, 0xde, 0xff, 0xfd, 0xdd, 0xef, 0x80,
    0x0, 0x1, 0x9f, 0x76, 0xf1, 0x2, 0xeb, 0x0,
    0x6, 0xbf, 0xc5, 0x5a, 0xf1, 0x6, 0xa0, 0x0,
    0x6, 0x92, 0x2, 0xbe, 0xb0, 0x0, 0x0, 0x0,
    0x3, 0x33, 0x33, 0x3d, 0xc3, 0x33, 0x33, 0x30,
    0xf, 0xff, 0xff, 0xff, 0xff, 0xff, 0xff, 0xf0,
    0x0, 0x0, 0x2b, 0xfe, 0xef, 0xb2, 0x0, 0x0,
    0x0, 0x17, 0xfc, 0x2c, 0xb2, 0xcf, 0x82, 0x0,
    0x1b, 0xfe, 0x80, 0xc, 0xb0, 0x7, 0xef, 0xc2,
    0x8, 0x60, 0x0, 0xc, 0xb0, 0x0, 0x5, 0x70,

    /* U+67E5 "查" */
    0x0, 0x0, 0x0, 0xb, 0xb0, 0x0, 0x0, 0x0,
    0x5, 0x55, 0x55, 0x5d, 0xd5, 0x55, 0x55, 0x50,
    0xf, 0xff, 0xff, 0xff, 0xff, 0xff, 0xff, 0xf1,
    0x0, 0x0, 0x1c, 0xdd, 0xdd, 0xc1, 0x0, 0x0,
    0x0, 0x2, 0xdc, 0x1b, 0xb1, 0xce, 0x30, 0x0,
    0x1, 0x8f, 0xa0, 0xb, 0xb0, 0xa, 0xfa, 0x20,
    0x1e, 0xc6, 0x44, 0x48, 0x84, 0x44, 0x5b, 0xf2,
    0x1, 0x7, 0xf7, 0x77, 0x77, 0x7f, 0x70, 0x0,
    0x0, 0x7, 0xfb, 0xbb, 0xbb, 0xbf, 0x70, 0x0,
    0x0, 0x7, 0xf4, 0x44, 0x44, 0x4f, 0x70, 0x0,
    0x0, 0x7, 0xf3, 0x33, 0x33, 0x4f, 0x70, 0x0,
    0x0, 0x6, 0xdd, 0xdd, 0xdd, 0xdd, 0x60, 0x0,
    0x4, 0x55, 0x55, 0x55, 0x55, 0x55, 0x55, 0x50,
    0xb, 0xff, 0xff, 0xff, 0xff, 0xff, 0xff, 0xe0,

    /* U+6807 "标" */
    0x0, 0xe, 0x80, 0x3, 0x44, 0x44, 0x44, 0x10,
    0x0, 0xe, 0x80, 0xb, 0xff, 0xff, 0xff, 0x30,
    0x1, 0x1e, 0x91, 0x11, 0x11, 0x11, 0x11, 0x0,
    0x3f, 0xff, 0xff, 0x80, 0x0, 0x0, 0x0, 0x0,
    0x14, 0x8f, 0xb4, 0x56, 0x66, 0x66, 0x66, 0x60,
    0x0, 0xaf, 0xf4, 0x6f, 0xff, 0xff, 0xff, 0xf1,
    0x0, 0xff, 0xde, 0x20, 0x2, 0xf5, 0x0, 0x0,
    0x7, 0xde, 0x8b, 0x63, 0x32, 0xf5, 0x34, 0x0,
    0x1e, 0x6e, 0x81, 0xc, 0x92, 0xf5, 0x8e, 0x0,
    0x7e, 0xe, 0x80, 0x1f, 0x42, 0xf5, 0x2f, 0x50,
    0x4, 0xe, 0x80, 0x8d, 0x2, 0xf5, 0xc, 0xa0,
    0x0, 0xe, 0x81, 0xf5, 0x2, 0xf5, 0x7, 0xf0,
    0x0, 0xe, 0x80, 0x50, 0x89, 0xf5, 0x2, 0x60,
    0x0, 0xe, 0x80, 0x0, 0xcf, 0xc1, 0x0, 0x0,
    0x0, 0x0, 0x0, 0x0, 0x0, 0x0, 0x0, 0x0,

    /* U+680F "栏" */
    0x0, 0xf, 0x60, 0x3, 0xa0, 0x0, 0x8b, 0x0,
    0x0, 0xf, 0x60, 0x1, 0xe9, 0x2, 0xf8, 0x0,
    0x5, 0x6f, 0x95, 0x0, 0x6b, 0xa, 0xd0, 0x0,
    0xf, 0xff, 0xff, 0x7f, 0xff, 0xff, 0xff, 0xa0,
    0x0, 0x3f, 0x80, 0x27, 0x77, 0x77, 0x77, 0x50,
    0x0, 0x8f, 0xf2, 0x0, 0x0, 0x0, 0x0, 0x0,
    0x0, 0xdf, 0xec, 0x0, 0x0, 0x0, 0x0, 0x0,
    0x3, 0xff, 0x8f, 0x35, 0x77, 0x77, 0x77, 0x0,
    0xb, 0x9f, 0x64, 0xa, 0xff, 0xff, 0xff, 0x0,
    0x4f, 0x3f, 0x60, 0x0, 0x0, 0x0, 0x0, 0x0,
    0x1a, 0xf, 0x60, 0x0, 0x0, 0x0, 0x0, 0x0,
    0x0, 0xf, 0x60, 0x0, 0x0, 0x0, 0x0, 0x0,
    0x0, 0xf, 0x60, 0xff, 0xff, 0xff, 0xff, 0xf2,
    0x0, 0xf, 0x60, 0x77, 0x77, 0x77, 0x77, 0x71,

    /* U+6837 "样" */
    0x0, 0x0, 0x0, 0x0, 0x0, 0x0, 0x0, 0x0,
    0x0, 0x2f, 0x30, 0x9, 0xa0, 0x0, 0x5e, 0x20,
    0x0, 0x2f, 0x30, 0x4, 0xf4, 0x0, 0xdc, 0x0,
    0x6, 0x8f, 0x85, 0x46, 0xe9, 0x69, 0xf9, 0x60,
    0x1f, 0xff, 0xfd, 0x8e, 0xef, 0xff, 0xee, 0xd0,
    0x0, 0x4f, 0x40, 0x0, 0x1, 0xf6, 0x0, 0x0,
    0x0, 0xaf, 0xd0, 0x2, 0x23, 0xf7, 0x22, 0x0,
    0x0, 0xef, 0xe8, 0x1f, 0xff, 0xff, 0xff, 0x60,
    0x5, 0xff, 0x7e, 0x3, 0x34, 0xf8, 0x33, 0x10,
    0xc, 0xbf, 0x32, 0x0, 0x1, 0xf6, 0x0, 0x0,
    0x5f, 0x4f, 0x31, 0xff, 0xff, 0xff, 0xff, 0xf2,
    0x18, 0x2f, 0x30, 0x66, 0x67, 0xfa, 0x66, 0x61,
    0x0, 0x2f, 0x30, 0x0, 0x1, 0xf6, 0x0, 0x0,
    0x0, 0x2f, 0x30, 0x0, 0x1, 0xf6, 0x0, 0x0,
    0x0, 0x2f, 0x30, 0x0, 0x1, 0xf6, 0x0, 0x0,

    /* U+6848 "案" */
    0x0, 0x0, 0x0, 0x5, 0x10, 0x0, 0x0, 0x0,
    0x3, 0x44, 0x44, 0x5f, 0xa4, 0x44, 0x44, 0x30,
    0xa, 0xff, 0xff, 0xff, 0xff, 0xff, 0xff, 0xb0,
    0xa, 0xa0, 0x0, 0xa9, 0x0, 0x0, 0xa, 0xb0,
    0x6, 0x65, 0x57, 0xfa, 0x55, 0x55, 0x56, 0x60,
    0xc, 0xcc, 0xef, 0xdc, 0xcd, 0xff, 0xcc, 0xc0,
    0x0, 0x4, 0xfb, 0x31, 0x1a, 0xe3, 0x0, 0x0,
    0x0, 0x4, 0x7b, 0xff, 0xff, 0xa4, 0x10, 0x0,
    0x9, 0xde, 0xfe, 0xa8, 0x45, 0x9d, 0xfc, 0x30,
    0x3, 0x42, 0x10, 0xc, 0xb0, 0x0, 0x25, 0x0,
    0x1f, 0xff, 0xff, 0xff, 0xff, 0xff, 0xff, 0xf2,
    0x4, 0x44, 0x4a, 0xff, 0xff, 0xa4, 0x44, 0x40,
    0x0, 0x4, 0xce, 0x5c, 0xb5, 0xed, 0x50, 0x0,
    0x2a, 0xff, 0xa1, 0xc, 0xb0, 0x1a, 0xff, 0xb3,
    0x9, 0x61, 0x0, 0xc, 0xb0, 0x0, 0x16, 0xa0,

    /* U+6A21 "模" */
    0x0, 0x4f, 0x10, 0x0, 0xf6, 0x6, 0xf0, 0x0,
    0x0, 0x4f, 0x11, 0xcc, 0xfe, 0xce, 0xfc, 0xc0,
    0x0, 0x4f, 0x10, 0x66, 0xfa, 0x6a, 0xf7, 0x60,
    0x2c, 0xdf, 0xc8, 0x7c, 0xff, 0xcf, 0xfd, 0x30,
    0x0, 0x7f, 0x30, 0x9d, 0x44, 0x44, 0x6f, 0x40,
    0x0, 0xbf, 0xd0, 0x9f, 0xcc, 0xcc, 0xdf, 0x40,
    0x0, 0xff, 0xe7, 0x9d, 0x33, 0x33, 0x5f, 0x40,
    0x5, 0xff, 0x7c, 0x9f, 0xdd, 0xdd, 0xdf, 0x40,
    0xc, 0xbf, 0x22, 0x23, 0x39, 0xf3, 0x33, 0x10,
    0x4f, 0x6f, 0x12, 0x44, 0x4b, 0xe4, 0x44, 0x40,
    0x29, 0x4f, 0x16, 0xff, 0xff, 0xff, 0xff, 0xf1,
    0x0, 0x4f, 0x10, 0x0, 0x8f, 0x6f, 0x70, 0x0,
    0x0, 0x4f, 0x12, 0x6d, 0xf5, 0x4, 0xfc, 0x61,
    0x0, 0x4f, 0x18, 0xd8, 0x10, 0x0, 0x18, 0xd1,
    0x0, 0x0, 0x0, 0x0, 0x0, 0x0, 0x0, 0x0,

    /* U+6B21 "次" */
    0x0, 0x0, 0x0, 0x7, 0x30, 0x0, 0x0, 0x0,
    0x3, 0x10, 0x0, 0x2f, 0x80, 0x0, 0x0, 0x0,
    0xd, 0xf6, 0x0, 0x6f, 0x40, 0x0, 0x0, 0x0,
    0x1, 0xaf, 0x90, 0xbf, 0xff, 0xff, 0xff, 0xa0,
    0x0, 0x7, 0x41, 0xfc, 0x88, 0x88, 0x8f, 0xa0,
    0x0, 0x0, 0x8, 0xf3, 0xd, 0x70, 0x3f, 0x50,
    0x0, 0x0, 0x2f, 0xc0, 0x1f, 0x80, 0x9e, 0x0,
    0x0, 0x0, 0x19, 0x20, 0x2f, 0x90, 0x98, 0x0,
    0x0, 0x9, 0xc0, 0x0, 0x5f, 0xe0, 0x0, 0x0,
    0x0, 0x3f, 0x90, 0x0, 0xaf, 0xf3, 0x0, 0x0,
    0x0, 0xde, 0x0, 0x1, 0xfb, 0xcc, 0x0, 0x0,
    0x9, 0xf5, 0x0, 0xc, 0xf3, 0x5f, 0x60, 0x0,
    0x1f, 0xb0, 0x0, 0xbf, 0x80, 0xb, 0xf6, 0x0,
    0x3, 0x20, 0x4d, 0xf8, 0x0, 0x0, 0xcf, 0xc2,
    0x0, 0x0, 0xae, 0x50, 0x0, 0x0, 0x8, 0xb0,
    0x0, 0x0, 0x0, 0x0, 0x0, 0x0, 0x0, 0x0,

    /* U+6B4C "歌" */
    0x0, 0x0, 0x0, 0x0, 0x4, 0x90, 0x0, 0x0,
    0x6f, 0xff, 0xff, 0xff, 0x98, 0xe0, 0x0, 0x0,
    0x14, 0x44, 0x44, 0xda, 0x2c, 0xc3, 0x33, 0x30,
    0x9, 0xee, 0xe2, 0xc8, 0xf, 0xff, 0xff, 0xf1,
    0xa, 0x82, 0xf2, 0xc8, 0x4f, 0x41, 0x18, 0xe0,
    0xa, 0xa5, 0xf2, 0xc8, 0xbd, 0x3e, 0x1a, 0xb0,
    0x7, 0xbb, 0xb2, 0xca, 0xf6, 0x4f, 0x1d, 0x70,
    0x25, 0x55, 0x55, 0xda, 0x80, 0x4f, 0x16, 0x20,
    0x8f, 0xff, 0xff, 0xff, 0xf1, 0x6f, 0x40, 0x0,
    0x1, 0x11, 0x10, 0xb9, 0x0, 0x9f, 0x80, 0x0,
    0xc, 0xff, 0xf4, 0xb9, 0x0, 0xdf, 0xe0, 0x0,
    0xc, 0x70, 0xd4, 0xb9, 0x4, 0xf5, 0xf6, 0x0,
    0xc, 0xff, 0xf4, 0xb9, 0xc, 0xb0, 0x9f, 0x10,
    0xc, 0x81, 0x21, 0xc9, 0xaf, 0x20, 0x1d, 0xd2,
    0x0, 0x0, 0x4f, 0xe5, 0xe4, 0x0, 0x2, 0xd2,
    0x0, 0x0, 0x0, 0x0, 0x0, 0x0, 0x0, 0x0,

    /* U+6B63 "正" */
    0x2, 0x44, 0x44, 0x44, 0x44, 0x44, 0x44, 0x30,
    0x9, 0xff, 0xff, 0xff, 0xff, 0xff, 0xff, 0xa0,
    0x1, 0x22, 0x22, 0x27, 0xf5, 0x22, 0x22, 0x10,
    0x0, 0x0, 0x0, 0x5, 0xf3, 0x0, 0x0, 0x0,
    0x0, 0x3, 0x10, 0x5, 0xf3, 0x0, 0x0, 0x0,
    0x0, 0x1f, 0x70, 0x5, 0xf3, 0x0, 0x0, 0x0,
    0x0, 0x1f, 0x70, 0x5, 0xff, 0xff, 0xff, 0x0,
    0x0, 0x1f, 0x70, 0x5, 0xf9, 0x77, 0x77, 0x0,
    0x0, 0x1f, 0x70, 0x5, 0xf3, 0x0, 0x0, 0x0,
    0x0, 0x1f, 0x70, 0x5, 0xf3, 0x0, 0x0, 0x0,
    0x0, 0x1f, 0x70, 0x5, 0xf3, 0x0, 0x0, 0x0,
    0x0, 0x1f, 0x70, 0x5, 0xf3, 0x0, 0x0, 0x0,
    0x2f, 0xff, 0xff, 0xff, 0xff, 0xff, 0xff, 0xf2,
    0x17, 0x77, 0x77, 0x77, 0x77, 0x77, 0x77, 0x71,

    /* U+6B65 "步" */
    0x0, 0x0, 0x0, 0x8, 0xf0, 0x0, 0x0, 0x0,
    0x0, 0xbc, 0x0, 0x8f, 0xff, 0xff, 0xa0, 0x0,
    0xb, 0xc0, 0x8, 0xf7, 0x77, 0x74, 0x0, 0x0,
    0xbc, 0x0, 0x8f, 0x0, 0x0, 0x0, 0x7, 0x7d,
    0xe7, 0x7c, 0xf8, 0x77, 0x77, 0x70, 0xee, 0xee,
    0xee, 0xff, 0xee, 0xee, 0xee, 0x0, 0x0, 0x42,
    0xa, 0xe0, 0x0, 0x20, 0x0, 0x0, 0x4f, 0x90,
    0xae, 0x0, 0x2f, 0xa0, 0x0, 0x3e, 0xc0, 0xa,
    0xe0, 0xc, 0xf2, 0x0, 0x5f, 0xd1, 0x0, 0xae,
    0x1b, 0xf5, 0x0, 0x1, 0xa1, 0x0, 0x8, 0xed,
    0xf6, 0x0, 0x0, 0x0, 0x0, 0x6, 0xcf, 0xd2,
    0x0, 0x0, 0x1, 0x47, 0xbf, 0xfd, 0x60, 0x0,
    0x0, 0x0, 0xdf, 0xfc, 0x93, 0x0, 0x0, 0x0,
    0x0, 0x3, 0x30, 0x0, 0x0, 0x0, 0x0, 0x0,
    0x0,

    /* U+6BB5 "段" */
    0x0, 0x0, 0x17, 0x60, 0x0, 0x0, 0x0, 0x0,
    0x0, 0x5a, 0xff, 0xb1, 0x7f, 0xff, 0xf2, 0x0,
    0x2, 0xfd, 0x72, 0x0, 0x7f, 0x46, 0xf2, 0x0,
    0x2, 0xf4, 0x0, 0x0, 0x8e, 0x2, 0xf2, 0x0,
    0x2, 0xf9, 0x66, 0x40, 0xac, 0x2, 0xf2, 0x0,
    0x2, 0xfe, 0xee, 0xa1, 0xf7, 0x2, 0xf4, 0x20,
    0x2, 0xf4, 0x0, 0xd, 0xd0, 0x0, 0xbe, 0xe2,
    0x2, 0xf8, 0x55, 0x47, 0x53, 0x33, 0x33, 0x0,
    0x2, 0xff, 0xff, 0xb8, 0xff, 0xff, 0xff, 0x20,
    0x2, 0xf4, 0x0, 0x0, 0xb8, 0x0, 0xcc, 0x0,
    0x2, 0xf5, 0x35, 0x70, 0x3f, 0x25, 0xf6, 0x0,
    0x4d, 0xff, 0xff, 0xd0, 0xa, 0xde, 0xb0, 0x0,
    0x3a, 0xf7, 0x20, 0x0, 0x5, 0xff, 0x40, 0x0,
    0x2, 0xf4, 0x0, 0x4, 0xaf, 0xcc, 0xfa, 0x40,
    0x2, 0xf4, 0x0, 0x6f, 0xd6, 0x0, 0x7e, 0xe1,
    0x0, 0x0, 0x0, 0x3, 0x0, 0x0, 0x0, 0x10,

    /* U+6BC1 "毁" */
    0x0, 0x5, 0x0, 0x0, 0x0, 0x0, 0x0, 0x0,
    0x7, 0xec, 0x6f, 0xfa, 0xe, 0xff, 0xf6, 0x0,
    0xc, 0x80, 0x2, 0xaa, 0xe, 0x94, 0xf6, 0x0,
    0xc, 0x70, 0x0, 0x8a, 0xf, 0x50, 0xe6, 0x0,
    0xc, 0xff, 0x3f, 0xfa, 0x1f, 0x30, 0xe7, 0x0,
    0xc, 0x92, 0x2, 0xaa, 0x6f, 0x10, 0xdb, 0x70,
    0xc, 0x93, 0x33, 0xac, 0xf9, 0x0, 0x5b, 0xa0,
    0xc, 0xff, 0xff, 0xfa, 0x96, 0x55, 0x55, 0x10,
    0x0, 0x0, 0x0, 0x0, 0xaf, 0xdd, 0xef, 0x30,
    0xe, 0xff, 0xff, 0xf9, 0x2f, 0x50, 0xad, 0x0,
    0x4, 0x48, 0xf5, 0x43, 0xb, 0xd4, 0xf6, 0x0,
    0x0, 0x4, 0xf0, 0x0, 0x2, 0xff, 0xb0, 0x0,
    0x1, 0x38, 0xf9, 0xac, 0x12, 0xef, 0x70, 0x0,
    0x4f, 0xff, 0xec, 0xaa, 0xaf, 0xc9, 0xfb, 0x40,
    0x14, 0x20, 0x0, 0x8, 0xe7, 0x0, 0x5d, 0xa0,
    0x0, 0x0, 0x0, 0x0, 0x0, 0x0, 0x0, 0x0,

    /* U+6BCF "每" */
    0x0, 0x0, 0x62, 0x0, 0x0, 0x0, 0x0, 0x0,
    0x0, 0x4, 0xf7, 0x0, 0x0, 0x0, 0x0, 0x0,
    0x0, 0xd, 0xff, 0xff, 0xff, 0xff, 0xff, 0xb0,
    0x0, 0x7f, 0x86, 0x66, 0x66, 0x66, 0x66, 0x40,
    0x4, 0xfb, 0x11, 0x11, 0x11, 0x11, 0x10, 0x0,
    0x2f, 0xd9, 0xff, 0xff, 0xff, 0xff, 0xf2, 0x0,
    0x5, 0x2a, 0xd2, 0x8e, 0x52, 0x27, 0xf1, 0x0,
    0x0, 0xb, 0xb0, 0x2c, 0xf5, 0x6, 0xf1, 0x0,
    0x26, 0x6e, 0xc6, 0x66, 0xdb, 0x6a, 0xf7, 0x62,
    0x4e, 0xef, 0xed, 0xee, 0xdd, 0xde, 0xfe, 0xe4,
    0x0, 0x2f, 0x50, 0xae, 0x60, 0x8, 0xf0, 0x0,
    0x0, 0x5f, 0x41, 0x16, 0xf6, 0x1a, 0xe1, 0x10,
    0x0, 0x8f, 0xff, 0xff, 0xff, 0xff, 0xff, 0xb0,
    0x0, 0x12, 0x22, 0x22, 0x35, 0x6f, 0xa2, 0x10,
    0x0, 0x0, 0x0, 0x0, 0x2f, 0xfd, 0x20, 0x0,
    0x0, 0x0, 0x0, 0x0, 0x0, 0x0, 0x0, 0x0,

    /* U+6C14 "气" */
    0x0, 0x2, 0x82, 0x0, 0x0, 0x0, 0x0, 0x0,
    0x0, 0x8, 0xf2, 0x0, 0x0, 0x0, 0x0, 0x0,
    0x0, 0xf, 0xff, 0xff, 0xff, 0xff, 0xff, 0xa0,
    0x0, 0x6f, 0x64, 0x44, 0x44, 0x44, 0x44, 0x30,
    0x1, 0xe9, 0x34, 0x44, 0x44, 0x44, 0x41, 0x0,
    0xb, 0xe1, 0xef, 0xff, 0xff, 0xff, 0xf7, 0x0,
    0x4f, 0x62, 0x22, 0x22, 0x22, 0x22, 0x0, 0x0,
    0x0, 0x7f, 0xff, 0xff, 0xff, 0xff, 0x40, 0x0,
    0x0, 0x1, 0x11, 0x11, 0x11, 0x3f, 0x50, 0x0,
    0x0, 0x0, 0x0, 0x0, 0x0, 0xf, 0x60, 0x0,
    0x0, 0x0, 0x0, 0x0, 0x0, 0xf, 0x80, 0x0,
    0x0, 0x0, 0x0, 0x0, 0x0, 0xc, 0xb0, 0x20,
    0x0, 0x0, 0x0, 0x0, 0x0, 0x9, 0xf0, 0xc3,
    0x0, 0x0, 0x0, 0x0, 0x0, 0x2, 0xfb, 0xf2,
    0x0, 0x0, 0x0, 0x0, 0x0, 0x0, 0x7e, 0xb0,

    /* U+6C1B "氛" */
    0x0, 0x0, 0x40, 0x0, 0x0, 0x0, 0x0, 0x0,
    0x0, 0x7, 0xf8, 0x33, 0x33, 0x33, 0x33, 0x20,
    0x0, 0x1f, 0xff, 0xff, 0xff, 0xff, 0xff, 0xd0,
    0x1, 0xde, 0x53, 0x33, 0x33, 0x33, 0x32, 0x0,
    0x1e, 0xf3, 0xee, 0xee, 0xee, 0xee, 0xea, 0x0,
    0x6, 0x52, 0x22, 0x22, 0x22, 0x22, 0x20, 0x0,
    0x0, 0x9f, 0xff, 0xff, 0xff, 0xff, 0xb0, 0x0,
    0x0, 0x0, 0xa4, 0x7, 0x60, 0xb, 0xc0, 0x0,
    0x0, 0xb, 0xe1, 0x4, 0xf5, 0xb, 0xc0, 0x0,
    0x4, 0xde, 0x20, 0x0, 0x6f, 0xab, 0xd0, 0x0,
    0xa, 0xae, 0xff, 0xff, 0xfa, 0xdc, 0xf0, 0x0,
    0x0, 0x3, 0xbd, 0x33, 0xf5, 0x6, 0xf1, 0x30,
    0x0, 0x2, 0xf7, 0x0, 0xf5, 0x3, 0xf5, 0xa5,
    0x1, 0x7f, 0xc0, 0x79, 0xf3, 0x0, 0xdd, 0xe4,
    0x2, 0xd7, 0x0, 0xdf, 0xa0, 0x0, 0x3d, 0xc0,
    0x0, 0x0, 0x0, 0x0, 0x0, 0x0, 0x0, 0x0,

    /* U+6D41 "流" */
    0x0, 0x0, 0x0, 0x0, 0x3, 0x10, 0x0, 0x0,
    0x5, 0xe6, 0x0, 0x0, 0xe, 0x90, 0x0, 0x0,
    0x1, 0x9f, 0xa5, 0x66, 0x6c, 0xf6, 0x66, 0x60,
    0x0, 0x5, 0x5c, 0xff, 0xff, 0xff, 0xff, 0xf0,
    0x0, 0x0, 0x0, 0x6, 0xf5, 0x4, 0xc1, 0x0,
    0xb, 0x70, 0x0, 0x4f, 0x70, 0x13, 0xec, 0x0,
    0x18, 0xfe, 0x28, 0xff, 0xff, 0xff, 0xff, 0xa0,
    0x0, 0x18, 0x3, 0x65, 0x32, 0x10, 0x5, 0xa0,
    0x0, 0x0, 0x0, 0x9b, 0xc, 0x61, 0xf3, 0x0,
    0x0, 0x5, 0xa0, 0x9b, 0xd, 0x71, 0xf3, 0x0,
    0x0, 0xd, 0xc0, 0xaa, 0xd, 0x71, 0xf3, 0x0,
    0x0, 0x6f, 0x40, 0xd9, 0xd, 0x71, 0xf3, 0x10,
    0x1, 0xfb, 0x4, 0xf4, 0xd, 0x71, 0xf3, 0x95,
    0xa, 0xf2, 0x2e, 0xd0, 0xd, 0x71, 0xf6, 0xc5,
    0x7, 0x90, 0x5e, 0x20, 0x5, 0x20, 0xbf, 0xd1,
    0x0, 0x0, 0x0, 0x0, 0x0, 0x0, 0x0, 0x0,

    /* U+6D45 "浅" */
    0x1, 0xb4, 0x0, 0x1, 0xf7, 0x59, 0x10, 0x0,
    0x1, 0xaf, 0x90, 0x0, 0xf7, 0x2c, 0xe2, 0x0,
    0x0, 0x5, 0x60, 0x0, 0xf8, 0x1, 0xa5, 0x20,
    0x0, 0x0, 0x5, 0x89, 0xff, 0xff, 0xff, 0x60,
    0xa, 0x40, 0xb, 0xdb, 0xed, 0x53, 0x10, 0x0,
    0x1a, 0xfb, 0x0, 0x0, 0xbc, 0x0, 0x13, 0x50,
    0x0, 0x48, 0x3, 0x57, 0xdf, 0xdf, 0xff, 0xf1,
    0x0, 0x0, 0xf, 0xfd, 0xdf, 0x95, 0x37, 0x60,
    0x0, 0xa, 0x41, 0x0, 0x1f, 0x70, 0x5f, 0x80,
    0x0, 0x3f, 0x50, 0x0, 0xc, 0xc8, 0xf9, 0x0,
    0x0, 0xbd, 0x0, 0x0, 0xa, 0xff, 0x50, 0xc2,
    0x3, 0xf6, 0x0, 0x39, 0xef, 0xfc, 0x1, 0xf3,
    0xc, 0xe0, 0xd, 0xfe, 0x82, 0x4f, 0xcb, 0xf0,
    0x4, 0x50, 0x5, 0x50, 0x0, 0x5, 0xdf, 0x60,

    /* U+6DE1 "淡" */
    0x0, 0x81, 0x0, 0x0, 0xa, 0xd0, 0x0, 0x0,
    0x3, 0xef, 0x60, 0x8b, 0xb, 0xc0, 0x2e, 0x50,
    0x0, 0xa, 0xc0, 0xe8, 0xc, 0xa0, 0xae, 0x0,
    0x0, 0x0, 0x7, 0xf1, 0x1f, 0xa3, 0xf4, 0x0,
    0x3, 0x0, 0x0, 0x10, 0x9f, 0xfc, 0x40, 0x0,
    0x2f, 0xe5, 0x0, 0x19, 0xf9, 0x3c, 0xfa, 0x10,
    0x2, 0xbf, 0x28, 0xff, 0x74, 0x40, 0x6f, 0xa0,
    0x0, 0x2, 0x2, 0x61, 0xb, 0xb0, 0x3, 0x10,
    0x0, 0x4, 0x0, 0xba, 0xc, 0xa0, 0x1f, 0x80,
    0x0, 0xe, 0x91, 0xf6, 0xe, 0xe0, 0x9f, 0x20,
    0x0, 0x6f, 0x4a, 0xe0, 0x4f, 0xf7, 0xf6, 0x0,
    0x0, 0xec, 0x1, 0x30, 0xce, 0xae, 0x30, 0x0,
    0x8, 0xf4, 0x0, 0x3c, 0xf5, 0xd, 0xe5, 0x0,
    0xb, 0xc0, 0x4e, 0xfd, 0x40, 0x2, 0xcf, 0xe3,
    0x0, 0x10, 0x8, 0x40, 0x0, 0x0, 0x4, 0x70,

    /* U+6DF1 "深" */
    0x2, 0x50, 0x0, 0x0, 0x0, 0x0, 0x0, 0x0,
    0x7, 0xfc, 0x3d, 0xff, 0xff, 0xff, 0xff, 0x90,
    0x0, 0x3d, 0x3d, 0x94, 0x44, 0x44, 0x4d, 0x90,
    0x0, 0x0, 0xd, 0x75, 0xa0, 0x4b, 0x1b, 0x90,
    0x1, 0x0, 0x0, 0x2f, 0x90, 0x1d, 0xc0, 0x0,
    0x3f, 0x90, 0x2, 0xed, 0x0, 0x2, 0xea, 0x0,
    0x8, 0xfd, 0xc, 0xd1, 0x8, 0x50, 0x4f, 0x30,
    0x0, 0x25, 0x1, 0x10, 0xe, 0x90, 0x1, 0x0,
    0x0, 0x0, 0xe, 0xff, 0xff, 0xff, 0xff, 0xa0,
    0x0, 0xd, 0x25, 0x66, 0xff, 0xfc, 0x66, 0x40,
    0x0, 0x6f, 0x10, 0xa, 0xef, 0xdf, 0x50, 0x0,
    0x0, 0xe9, 0x0, 0x8f, 0x3e, 0x99, 0xf3, 0x0,
    0x7, 0xf1, 0x2b, 0xf6, 0xe, 0x90, 0xcf, 0x60,
    0xe, 0x90, 0x8e, 0x40, 0xe, 0x90, 0xb, 0xb0,
    0x7, 0x20, 0x1, 0x0, 0xe, 0x90, 0x0, 0x0,

    /* U+6DF7 "混" */
    0x0, 0x30, 0x0, 0x0, 0x0, 0x0, 0x0, 0x0,
    0x4, 0xfa, 0x15, 0xff, 0xff, 0xff, 0xff, 0x0,
    0x0, 0x6f, 0xe6, 0xf4, 0x33, 0x33, 0x8f, 0x0,
    0x0, 0x3, 0x75, 0xf4, 0x33, 0x33, 0x8f, 0x0,
    0x0, 0x0, 0x5, 0xff, 0xff, 0xff, 0xff, 0x0,
    0x7, 0x30, 0x5, 0xf0, 0x0, 0x0, 0x6f, 0x0,
    0xb, 0xfa, 0x15, 0xff, 0xff, 0xff, 0xff, 0x0,
    0x0, 0x5b, 0x2, 0x74, 0x33, 0x64, 0x33, 0x0,
    0x0, 0x0, 0x3, 0xf3, 0x0, 0xe8, 0x0, 0x10,
    0x0, 0x2, 0x83, 0xf7, 0x54, 0xe8, 0x3c, 0xd0,
    0x0, 0xb, 0xe4, 0xff, 0xfb, 0xee, 0xfc, 0x40,
    0x0, 0x4f, 0x63, 0xf3, 0x0, 0xec, 0x20, 0x0,
    0x0, 0xdd, 0x3, 0xf3, 0x0, 0xe8, 0x0, 0xc3,
    0x9, 0xf4, 0x8, 0xfb, 0xdc, 0xeb, 0x45, 0xf4,
    0x6, 0xa0, 0xa, 0xfb, 0x73, 0x8f, 0xff, 0xc0,
    0x0, 0x0, 0x1, 0x0, 0x0, 0x0, 0x0, 0x0,

    /* U+6E05 "清" */
    0x4, 0x81, 0x2, 0x22, 0x2f, 0x82, 0x22, 0x10,
    0x3, 0xde, 0x4e, 0xff, 0xff, 0xff, 0xff, 0x60,
    0x0, 0x9, 0x10, 0x11, 0x1f, 0x71, 0x11, 0x0,
    0x0, 0x0, 0x8, 0xff, 0xff, 0xff, 0xff, 0x0,
    0x19, 0x20, 0x12, 0x22, 0x3f, 0x82, 0x22, 0x20,
    0x3d, 0xf7, 0x8f, 0xff, 0xff, 0xff, 0xff, 0xf1,
    0x0, 0x98, 0x1, 0x33, 0x33, 0x33, 0x32, 0x0,
    0x0, 0x0, 0x5, 0xfe, 0xee, 0xee, 0xfb, 0x0,
    0x0, 0x7, 0x5, 0xf2, 0x11, 0x11, 0xbb, 0x0,
    0x0, 0x3f, 0x55, 0xff, 0xee, 0xee, 0xfb, 0x0,
    0x0, 0xbd, 0x5, 0xf2, 0x11, 0x11, 0xbb, 0x0,
    0x4, 0xf6, 0x5, 0xff, 0xff, 0xff, 0xfb, 0x0,
    0xc, 0xe0, 0x5, 0xf0, 0x0, 0x24, 0xcb, 0x0,
    0x3, 0x50, 0x5, 0xf0, 0x0, 0x6f, 0xd5, 0x0,

    /* U+6E10 "渐" */
    0x0, 0x0, 0x0, 0x10, 0x0, 0x0, 0x0, 0x0,
    0x2, 0xd6, 0x0, 0xc8, 0x0, 0x1, 0x5b, 0xa0,
    0x1, 0xaf, 0xb6, 0xea, 0x65, 0x7f, 0xfb, 0x60,
    0x0, 0x5, 0x6f, 0xff, 0xfe, 0x8c, 0x0, 0x0,
    0x1, 0x0, 0x4, 0xf3, 0x20, 0x8b, 0x0, 0x0,
    0xd, 0xd4, 0x7, 0xac, 0x80, 0x8e, 0xaa, 0xa3,
    0x3, 0xcf, 0x2c, 0x5c, 0x80, 0x8e, 0x9f, 0xb3,
    0x0, 0x3, 0x3f, 0xef, 0xfc, 0x8b, 0xe, 0x50,
    0x0, 0x0, 0x18, 0x6d, 0xb5, 0x9a, 0xe, 0x50,
    0x0, 0xb, 0x20, 0xc, 0x82, 0xa9, 0xe, 0x50,
    0x0, 0x4f, 0x44, 0x7e, 0xff, 0xc8, 0xe, 0x50,
    0x0, 0xbd, 0x5f, 0xef, 0xa1, 0xe6, 0xe, 0x50,
    0x2, 0xf7, 0x2, 0xc, 0x81, 0xf2, 0xe, 0x50,
    0x9, 0xf1, 0x0, 0xc, 0x88, 0xe0, 0xe, 0x50,
    0x4, 0x70, 0x0, 0xc, 0x86, 0x70, 0xe, 0x50,
    0x0, 0x0, 0x0, 0x0, 0x0, 0x0, 0x0, 0x0,

    /* U+6E21 "渡" */
    0x0, 0x10, 0x0, 0x0, 0x1, 0x61, 0x0, 0x0,
    0x2, 0xfb, 0x20, 0x0, 0x1, 0xf7, 0x0, 0x0,
    0x0, 0x5e, 0xd7, 0xff, 0xff, 0xff, 0xff, 0xf5,
    0x0, 0x1, 0x37, 0xf4, 0x69, 0x44, 0x69, 0x41,
    0x0, 0x0, 0x7, 0xe2, 0x7e, 0x22, 0x8e, 0x20,
    0xc, 0xa3, 0x7, 0xff, 0xff, 0xff, 0xff, 0xf4,
    0x6, 0xdf, 0x28, 0xe0, 0x6e, 0x0, 0x7e, 0x0,
    0x0, 0x6, 0x9, 0xe0, 0x5f, 0xcc, 0xde, 0x0,
    0x0, 0x0, 0xa, 0xd0, 0x15, 0x55, 0x54, 0x0,
    0x0, 0xc, 0x4b, 0xba, 0xff, 0xff, 0xff, 0x90,
    0x0, 0x4f, 0x4c, 0x92, 0xaf, 0x53, 0x8f, 0x40,
    0x0, 0xbd, 0x1f, 0x60, 0xd, 0xc5, 0xfa, 0x0,
    0x3, 0xf7, 0x5f, 0x20, 0x4, 0xff, 0xd0, 0x0,
    0xc, 0xe0, 0xcc, 0x27, 0xbf, 0xdb, 0xff, 0xa3,
    0x5, 0x70, 0xb5, 0x3e, 0xa5, 0x0, 0x39, 0xd2,
    0x0, 0x0, 0x0, 0x0, 0x0, 0x0, 0x0, 0x0,

    /* U+70B9 "点" */
    0x0, 0x0, 0x0, 0xd, 0xa0, 0x0, 0x0, 0x0,
    0x0, 0x0, 0x0, 0xd, 0xff, 0xff, 0xff, 0x80,
    0x0, 0x0, 0x0, 0xd, 0xc6, 0x66, 0x66, 0x30,
    0x0, 0x0, 0x0, 0xd, 0xa0, 0x0, 0x0, 0x0,
    0x0, 0x27, 0x77, 0x7e, 0xd7, 0x77, 0x73, 0x0,
    0x0, 0x5f, 0xee, 0xee, 0xee, 0xee, 0xf6, 0x0,
    0x0, 0x5f, 0x0, 0x0, 0x0, 0x1, 0xf6, 0x0,
    0x0, 0x5f, 0x0, 0x0, 0x0, 0x1, 0xf6, 0x0,
    0x0, 0x5f, 0xff, 0xff, 0xff, 0xff, 0xf6, 0x0,
    0x0, 0x26, 0x66, 0x66, 0x66, 0x66, 0x62, 0x0,
    0x0, 0x58, 0x3, 0x40, 0x17, 0x0, 0x96, 0x0,
    0x0, 0xeb, 0x9, 0xe0, 0x1f, 0x60, 0x8f, 0x20,
    0x9, 0xf3, 0x7, 0xf0, 0xb, 0xd0, 0xe, 0xb0,
    0x1c, 0x70, 0x5, 0xd1, 0x5, 0xb0, 0x6, 0xb1,
    0x0, 0x0, 0x0, 0x0, 0x0, 0x0, 0x0, 0x0,

    /* U+7247 "片" */
    0x0, 0x1f, 0x70, 0x0, 0x1f, 0x70, 0x0, 0x0,
    0x1, 0xf7, 0x0, 0x1, 0xf7, 0x0, 0x0, 0x0,
    0x1f, 0x70, 0x0, 0x1f, 0x70, 0x0, 0x0, 0x1,
    0xfc, 0x88, 0x89, 0xfc, 0x88, 0x84, 0x0, 0x1f,
    0xff, 0xff, 0xff, 0xff, 0xff, 0x70, 0x1, 0xf7,
    0x0, 0x0, 0x0, 0x0, 0x0, 0x0, 0x1f, 0x60,
    0x0, 0x0, 0x0, 0x0, 0x0, 0x2, 0xfb, 0x88,
    0x88, 0x88, 0x83, 0x0, 0x0, 0x5f, 0xff, 0xff,
    0xff, 0xff, 0x50, 0x0, 0x8, 0xf1, 0x0, 0x0,
    0x2, 0xf5, 0x0, 0x0, 0xdd, 0x0, 0x0, 0x0,
    0x2f, 0x50, 0x0, 0x5f, 0x80, 0x0, 0x0, 0x2,
    0xf5, 0x0, 0x1e, 0xf1, 0x0, 0x0, 0x0, 0x2f,
    0x50, 0x0, 0xa5, 0x0, 0x0, 0x0, 0x2, 0xf5,
    0x0, 0x0, 0x0, 0x0, 0x0, 0x0, 0x0, 0x0,
    0x0,

    /* U+7248 "版" */
    0x0, 0x0, 0x0, 0x0, 0x0, 0x0, 0x0, 0x0,
    0x5, 0xf0, 0x6e, 0x5, 0xff, 0xff, 0xfd, 0x70,
    0x5, 0xf0, 0x6e, 0x5, 0xf7, 0x42, 0x0, 0x0,
    0x5, 0xf0, 0x6e, 0x5, 0xf1, 0x0, 0x0, 0x0,
    0x5, 0xf3, 0x8f, 0x35, 0xf1, 0x0, 0x0, 0x0,
    0x5, 0xff, 0xff, 0xf6, 0xff, 0xff, 0xff, 0xb0,
    0x5, 0xf2, 0x22, 0x25, 0xfe, 0xa6, 0x6d, 0x90,
    0x6, 0xf0, 0x0, 0x6, 0xf9, 0xc0, 0xf, 0x60,
    0x6, 0xff, 0xff, 0x47, 0xf4, 0xf2, 0x4f, 0x20,
    0x7, 0xe5, 0x6f, 0x48, 0xe0, 0xe8, 0xbc, 0x0,
    0x8, 0xc0, 0xf, 0x49, 0xd0, 0x7f, 0xf4, 0x0,
    0xa, 0xa0, 0xf, 0x4b, 0xb0, 0x1f, 0xe0, 0x0,
    0xe, 0x80, 0xf, 0x4e, 0x80, 0xcf, 0xf7, 0x0,
    0x3f, 0x20, 0xf, 0x8f, 0x7d, 0xf4, 0x8f, 0xa1,
    0x2b, 0x0, 0xf, 0x8b, 0x4d, 0x30, 0x7, 0xc0,
    0x0, 0x0, 0x0, 0x0, 0x0, 0x0, 0x0, 0x0,

    /* U+72B6 "状" */
    0x0, 0x0, 0x0, 0x0, 0x0, 0x0, 0x0, 0x0,
    0x0, 0x2, 0xf4, 0x0, 0x8, 0xe0, 0x53, 0x0,
    0x0, 0x2, 0xf4, 0x0, 0x8, 0xe0, 0x9e, 0x10,
    0xe, 0x72, 0xf4, 0x0, 0x8, 0xe0, 0xd, 0xa0,
    0x7, 0xf6, 0xf4, 0x0, 0x8, 0xe0, 0x2, 0x10,
    0x0, 0xcb, 0xf7, 0xff, 0xff, 0xff, 0xff, 0xf5,
    0x0, 0x2, 0xf6, 0x77, 0x7d, 0xf9, 0x77, 0x72,
    0x0, 0x3, 0xf4, 0x0, 0xd, 0xf6, 0x0, 0x0,
    0x0, 0x2d, 0xf4, 0x0, 0xf, 0xfb, 0x0, 0x0,
    0x4, 0xee, 0xf4, 0x0, 0x6f, 0x7f, 0x20, 0x0,
    0x3f, 0xb3, 0xf4, 0x0, 0xce, 0xc, 0xa0, 0x0,
    0x7, 0x2, 0xf4, 0x6, 0xf6, 0x4, 0xf5, 0x0,
    0x0, 0x2, 0xf4, 0x3f, 0xc0, 0x0, 0xcf, 0x30,
    0x0, 0x2, 0xf8, 0xfe, 0x20, 0x0, 0x1e, 0xf5,
    0x0, 0x2, 0xf8, 0xc2, 0x0, 0x0, 0x2, 0xc2,
    0x0, 0x0, 0x0, 0x0, 0x0, 0x0, 0x0, 0x0,

    /* U+72EC "独" */
    0x8, 0x30, 0x85, 0x0, 0x6, 0xf1, 0x0, 0x0,
    0x8, 0xf8, 0xf5, 0x0, 0x6, 0xf1, 0x0, 0x0,
    0x0, 0xaf, 0x90, 0x55, 0x59, 0xf6, 0x55, 0x20,
    0x4, 0xff, 0x70, 0xef, 0xff, 0xff, 0xff, 0x80,
    0x2f, 0xcb, 0xc0, 0xe8, 0x6, 0xf1, 0xf, 0x80,
    0x5, 0x7, 0xf0, 0xe8, 0x6, 0xf1, 0xf, 0x80,
    0x0, 0x9, 0xf1, 0xe8, 0x6, 0xf1, 0xf, 0x80,
    0x0, 0x5f, 0xf2, 0xeb, 0x5a, 0xf6, 0x5f, 0x80,
    0x4, 0xfd, 0xf3, 0xde, 0xef, 0xfe, 0xee, 0x70,
    0x3f, 0xa4, 0xf2, 0x0, 0x6, 0xf1, 0x56, 0x0,
    0x5, 0x4, 0xf1, 0x0, 0x6, 0xf1, 0x7f, 0x10,
    0x0, 0x6, 0xf0, 0x0, 0x28, 0xf7, 0x8f, 0x90,
    0x5, 0x6d, 0xb7, 0xff, 0xff, 0xff, 0xdd, 0xf0,
    0xa, 0xec, 0x34, 0x86, 0x42, 0x10, 0x3, 0xd3,
    0x0, 0x0, 0x0, 0x0, 0x0, 0x0, 0x0, 0x0,

    /* U+7387 "率" */
    0x0, 0x0, 0x0, 0x5, 0x30, 0x0, 0x0, 0x0,
    0x0, 0x0, 0x0, 0x1d, 0xe1, 0x0, 0x0, 0x0,
    0xc, 0xff, 0xff, 0xff, 0xff, 0xff, 0xff, 0xf0,
    0x3, 0x54, 0x44, 0x9f, 0x56, 0x64, 0x45, 0x40,
    0x5, 0xf7, 0x2, 0xe7, 0x1d, 0xa0, 0x9e, 0x10,
    0x0, 0x6f, 0x7c, 0xff, 0xfa, 0xa, 0xe3, 0x0,
    0x0, 0x2, 0x32, 0x3d, 0xa6, 0x3, 0x20, 0x0,
    0x0, 0x6d, 0xe3, 0xdb, 0x3d, 0xbd, 0xd4, 0x0,
    0xd, 0xf8, 0x2f, 0xff, 0xdc, 0xf5, 0x9f, 0x80,
    0x3, 0x10, 0x3, 0x19, 0x90, 0x42, 0x5, 0x20,
    0x4, 0x44, 0x44, 0x4d, 0xd4, 0x44, 0x44, 0x40,
    0x2f, 0xff, 0xff, 0xff, 0xff, 0xff, 0xff, 0xf2,
    0x1, 0x11, 0x11, 0x1c, 0xc1, 0x11, 0x11, 0x10,
    0x0, 0x0, 0x0, 0xc, 0xc0, 0x0, 0x0, 0x0,
    0x0, 0x0, 0x0, 0xc, 0xc0, 0x0, 0x0, 0x0,

    /* U+73AF "环" */
    0x0, 0x0, 0x0, 0x0, 0x0, 0x0, 0x0, 0x0,
    0x1f, 0xff, 0xfb, 0x8f, 0xff, 0xff, 0xff, 0xf5,
    0x5, 0x8f, 0x64, 0x25, 0x55, 0xee, 0x55, 0x51,
    0x0, 0x4f, 0x10, 0x0, 0x3, 0xf8, 0x0, 0x0,
    0x0, 0x4f, 0x10, 0x0, 0xa, 0xf3, 0x0, 0x0,
    0x0, 0x4f, 0x10, 0x0, 0x2f, 0xf6, 0x40, 0x0,
    0xd, 0xff, 0xf5, 0x0, 0xaf, 0xfd, 0xf3, 0x0,
    0x5, 0x9f, 0x72, 0x5, 0xfe, 0xf4, 0xde, 0x10,
    0x0, 0x4f, 0x10, 0x3f, 0xd5, 0xf2, 0x2f, 0xa0,
    0x0, 0x4f, 0x10, 0xee, 0x34, 0xf2, 0x7, 0xf2,
    0x0, 0x4f, 0x44, 0x33, 0x4, 0xf2, 0x0, 0x20,
    0x3, 0xaf, 0xfa, 0x0, 0x4, 0xf2, 0x0, 0x0,
    0x1f, 0xe8, 0x30, 0x0, 0x4, 0xf2, 0x0, 0x0,
    0x3, 0x0, 0x0, 0x0, 0x4, 0xf2, 0x0, 0x0,
    0x0, 0x0, 0x0, 0x0, 0x4, 0xf2, 0x0, 0x0,

    /* U+73B0 "现" */
    0x1f, 0xff, 0xff, 0x5f, 0xff, 0xff, 0xff, 0x30,
    0x5, 0x6f, 0x95, 0x3f, 0x84, 0x44, 0x7f, 0x30,
    0x0, 0x1f, 0x50, 0x1f, 0x40, 0x10, 0x3f, 0x30,
    0x0, 0x1f, 0x50, 0x1f, 0x42, 0xf3, 0x3f, 0x30,
    0x0, 0x1f, 0x50, 0x1f, 0x42, 0xf3, 0x3f, 0x30,
    0xd, 0xff, 0xfe, 0x1f, 0x42, 0xf3, 0x3f, 0x30,
    0x6, 0x7f, 0x96, 0x1f, 0x43, 0xf1, 0x3f, 0x30,
    0x0, 0x1f, 0x50, 0x1f, 0x44, 0xf0, 0x3f, 0x30,
    0x0, 0x1f, 0x50, 0x6, 0x18, 0xf4, 0x16, 0x10,
    0x0, 0x1f, 0x64, 0x20, 0xd, 0xfd, 0x0, 0x0,
    0x1, 0x6f, 0xff, 0x60, 0x7f, 0x9d, 0x0, 0xb2,
    0x4f, 0xfe, 0x94, 0x3, 0xf7, 0x8d, 0x0, 0xf3,
    0x18, 0x30, 0x0, 0x6f, 0xa0, 0x7e, 0x23, 0xf1,
    0x0, 0x0, 0x6, 0xf8, 0x0, 0x3e, 0xff, 0x90,
    0x0, 0x0, 0x0, 0x20, 0x0, 0x0, 0x0, 0x0,

    /* U+73BB "玻" */
    0x1f, 0xff, 0xfd, 0x0, 0x0, 0xf6, 0x0, 0x0,
    0x5, 0x8f, 0x75, 0x12, 0x22, 0xf8, 0x22, 0x42,
    0x0, 0x3f, 0x20, 0x8f, 0xff, 0xff, 0xff, 0xf1,
    0x0, 0x3f, 0x20, 0x8e, 0x33, 0xf8, 0x3a, 0xd0,
    0x0, 0x3f, 0x20, 0x8d, 0x0, 0xf6, 0xd, 0x80,
    0xc, 0xef, 0xe7, 0x8e, 0x34, 0xf8, 0x36, 0x20,
    0x7, 0xaf, 0x94, 0x9f, 0xff, 0xff, 0xff, 0x80,
    0x0, 0x3f, 0x20, 0xad, 0xf7, 0x0, 0x4f, 0x20,
    0x0, 0x3f, 0x20, 0xca, 0x9d, 0x0, 0xbd, 0x0,
    0x0, 0x3f, 0x45, 0xd8, 0x2f, 0x95, 0xf4, 0x0,
    0x1, 0x8f, 0xfd, 0xf5, 0x6, 0xff, 0xa0, 0x0,
    0x1f, 0xfa, 0x46, 0xf1, 0x4, 0xff, 0xa0, 0x0,
    0x6, 0x10, 0xe, 0xb3, 0xaf, 0xb8, 0xfe, 0x81,
    0x0, 0x0, 0x1d, 0x3d, 0xd6, 0x0, 0x3b, 0xf3,
    0x0, 0x0, 0x0, 0x1, 0x0, 0x0, 0x0, 0x10,

    /* U+73ED "班" */
    0x14, 0x44, 0x41, 0x0, 0xe6, 0x66, 0x66, 0x60,
    0x4f, 0xff, 0xf5, 0x0, 0xe7, 0xff, 0xff, 0xf1,
    0x0, 0xab, 0x0, 0x0, 0xe6, 0x4, 0xf2, 0x0,
    0x0, 0xab, 0x1, 0xf0, 0xe6, 0x4, 0xf2, 0x0,
    0x0, 0xab, 0x2, 0xf0, 0xe6, 0x4, 0xf2, 0x0,
    0x0, 0xab, 0x3, 0xe0, 0xe6, 0x4, 0xf2, 0x0,
    0x1f, 0xff, 0xf6, 0xd0, 0xe6, 0x69, 0xf8, 0x60,
    0x5, 0xcd, 0x58, 0xa0, 0xf5, 0xce, 0xfe, 0xc0,
    0x0, 0xab, 0x8, 0x60, 0xf4, 0x4, 0xf2, 0x0,
    0x0, 0xab, 0x0, 0x3, 0xf2, 0x4, 0xf2, 0x0,
    0x0, 0xab, 0x11, 0x7, 0xf0, 0x4, 0xf2, 0x0,
    0x16, 0xdf, 0xf6, 0xe, 0x90, 0x4, 0xf2, 0x0,
    0x5f, 0xc8, 0x41, 0xbf, 0x36, 0x69, 0xf8, 0x62,
    0x0, 0x0, 0x8, 0xf4, 0x3e, 0xee, 0xee, 0xe5,
    0x0, 0x0, 0x0, 0x20, 0x0, 0x0, 0x0, 0x0,

    /* U+7403 "球" */
    0x1f, 0xff, 0xfd, 0x0, 0x0, 0xf7, 0x6a, 0x10,
    0x5, 0x8f, 0x75, 0x0, 0x0, 0xf7, 0x7, 0x70,
    0x0, 0x3f, 0x10, 0xbf, 0xff, 0xff, 0xff, 0xf7,
    0x0, 0x3f, 0x10, 0x56, 0x66, 0xfa, 0x66, 0x63,
    0x0, 0x3f, 0x10, 0x26, 0x0, 0xf8, 0x2, 0x70,
    0xe, 0xff, 0xf9, 0x3f, 0x40, 0xfc, 0xc, 0xd1,
    0x6, 0x9f, 0x74, 0x9, 0xd0, 0xff, 0x8f, 0x20,
    0x0, 0x3f, 0x10, 0x2, 0x92, 0xff, 0xf4, 0x0,
    0x0, 0x3f, 0x10, 0x0, 0x3e, 0xff, 0xd0, 0x0,
    0x0, 0x3f, 0x35, 0x6, 0xf9, 0xf9, 0xf7, 0x0,
    0x2, 0x9f, 0xff, 0xaf, 0x80, 0xf7, 0x7f, 0x50,
    0x2f, 0xfa, 0x54, 0xf7, 0x0, 0xf7, 0x9, 0xf6,
    0x4, 0x0, 0x0, 0x20, 0x67, 0xf6, 0x0, 0x82,
    0x0, 0x0, 0x0, 0x0, 0xef, 0xc1, 0x0, 0x0,
    0x0, 0x0, 0x0, 0x0, 0x0, 0x0, 0x0, 0x0,

    /* U+7483 "璃" */
    0x0, 0x0, 0x0, 0x0, 0x3, 0x30, 0x0, 0x0,
    0x22, 0x22, 0x0, 0x0, 0xad, 0x0, 0x0, 0x6f,
    0xff, 0xf9, 0xff, 0xff, 0xff, 0xff, 0xf1, 0x2b,
    0xc2, 0x15, 0x76, 0x53, 0x86, 0x84, 0x0, 0xab,
    0x0, 0x7d, 0x5d, 0x9c, 0x2f, 0x30, 0xa, 0xb0,
    0x7, 0xd1, 0xbf, 0x92, 0xf3, 0x15, 0xcd, 0x50,
    0x7d, 0xc8, 0xa, 0x6f, 0x34, 0xff, 0xff, 0x17,
    0xfd, 0xcc, 0xcd, 0xf3, 0x0, 0xab, 0x0, 0x14,
    0x48, 0xf4, 0x44, 0x0, 0xa, 0xb0, 0xf, 0xff,
    0xff, 0xff, 0xfb, 0x0, 0xab, 0x33, 0xf8, 0x7f,
    0x59, 0x5b, 0xc3, 0x9e, 0xff, 0x8f, 0x5b, 0x92,
    0xd6, 0x9c, 0x7d, 0x95, 0x10, 0xf7, 0xff, 0xdb,
    0xd9, 0xc0, 0x0, 0x0, 0xf, 0x52, 0x0, 0x15,
    0xbc, 0x0, 0x0, 0x0, 0xf5, 0x0, 0x4, 0xed,
    0x60,

    /* U+7528 "用" */
    0x0, 0x25, 0x55, 0x55, 0x55, 0x55, 0x55, 0x10,
    0x8, 0xff, 0xff, 0xff, 0xff, 0xff, 0xf3, 0x0,
    0x8f, 0x11, 0x19, 0xe1, 0x11, 0x4f, 0x30, 0x8,
    0xe0, 0x0, 0x8e, 0x0, 0x3, 0xf3, 0x0, 0x8f,
    0x66, 0x6c, 0xf6, 0x66, 0x9f, 0x30, 0x8, 0xff,
    0xff, 0xff, 0xff, 0xff, 0xf3, 0x0, 0x8e, 0x0,
    0x8, 0xe0, 0x0, 0x3f, 0x30, 0xa, 0xe0, 0x0,
    0x8e, 0x0, 0x3, 0xf3, 0x0, 0xbf, 0xff, 0xff,
    0xff, 0xff, 0xff, 0x30, 0xc, 0xd7, 0x77, 0xcf,
    0x77, 0x79, 0xf3, 0x0, 0xf7, 0x0, 0x8, 0xe0,
    0x0, 0x3f, 0x30, 0x5f, 0x30, 0x0, 0x8e, 0x0,
    0x3, 0xf3, 0xd, 0xc0, 0x0, 0x8, 0xe0, 0x44,
    0x8f, 0x32, 0xe3, 0x0, 0x0, 0x8e, 0xb, 0xff,
    0xb0, 0x1, 0x0, 0x0, 0x0, 0x0, 0x1, 0x0,
    0x0,

    /* U+7535 "电" */
    0x0, 0x0, 0x0, 0xea, 0x0, 0x0, 0x0, 0x0,
    0x11, 0x11, 0x1e, 0xb1, 0x11, 0x11, 0x0, 0xf,
    0xff, 0xff, 0xff, 0xff, 0xff, 0xe0, 0x0, 0xfa,
    0x55, 0x5f, 0xc5, 0x55, 0xbe, 0x0, 0xf, 0x80,
    0x0, 0xea, 0x0, 0x9, 0xe0, 0x0, 0xff, 0xee,
    0xef, 0xfe, 0xee, 0xfe, 0x0, 0xf, 0xb6, 0x66,
    0xfc, 0x66, 0x6c, 0xe0, 0x0, 0xf8, 0x0, 0xe,
    0xa0, 0x0, 0x9e, 0x0, 0xf, 0xb6, 0x66, 0xfc,
    0x66, 0x6c, 0xe0, 0x0, 0xff, 0xff, 0xff, 0xff,
    0xff, 0xfe, 0x0, 0xf, 0x80, 0x0, 0xea, 0x0,
    0x0, 0x1b, 0x20, 0x0, 0x0, 0xe, 0xb0, 0x0,
    0x3, 0xf5, 0x0, 0x0, 0x0, 0xcf, 0x87, 0x78,
    0xcf, 0x10, 0x0, 0x0, 0x4, 0xdf, 0xff, 0xfe,
    0x70,

    /* U+754C "界" */
    0x0, 0x7f, 0xff, 0xff, 0xff, 0xff, 0xfa, 0x0,
    0x0, 0x7f, 0x33, 0x3f, 0xa3, 0x33, 0xea, 0x0,
    0x0, 0x7f, 0x22, 0x2e, 0xa2, 0x22, 0xea, 0x0,
    0x0, 0x7f, 0xff, 0xff, 0xff, 0xff, 0xfa, 0x0,
    0x0, 0x7f, 0x0, 0xe, 0x90, 0x0, 0xea, 0x0,
    0x0, 0x7f, 0x55, 0x5f, 0xb5, 0x55, 0xea, 0x0,
    0x0, 0x6d, 0xdf, 0xfd, 0xdf, 0xfd, 0xd8, 0x0,
    0x0, 0x1, 0xae, 0x40, 0x5, 0xeb, 0x20, 0x0,
    0x4, 0xaf, 0xdb, 0x20, 0x0, 0xae, 0xfb, 0x61,
    0xd, 0xc4, 0x2f, 0x40, 0x1, 0xf7, 0x3a, 0xe1,
    0x0, 0x0, 0x5f, 0x20, 0x1, 0xf7, 0x0, 0x0,
    0x0, 0x1, 0xdd, 0x0, 0x1, 0xf7, 0x0, 0x0,
    0x0, 0x6d, 0xf3, 0x0, 0x1, 0xf7, 0x0, 0x0,
    0x0, 0xac, 0x30, 0x0, 0x1, 0xf7, 0x0, 0x0,
    0x0, 0x0, 0x0, 0x0, 0x0, 0x0, 0x0, 0x0,

    /* U+7559 "留" */
    0x0, 0x2, 0x8a, 0x0, 0x0, 0x0, 0x0, 0x1a,
    0xef, 0xd9, 0x2f, 0xff, 0xff, 0xfb, 0x2f, 0x81,
    0x0, 0x4, 0x7f, 0x54, 0xda, 0x2f, 0x40, 0xb5,
    0x0, 0x7f, 0x0, 0xd9, 0x2f, 0x40, 0xad, 0x0,
    0xab, 0x0, 0xe8, 0x3f, 0x77, 0xcf, 0x42, 0xf6,
    0x0, 0xf6, 0x8f, 0xff, 0xcd, 0xcd, 0xc1, 0x89,
    0xf4, 0x4b, 0x51, 0x3, 0xac, 0x20, 0xce, 0xa0,
    0x1, 0x44, 0x44, 0x54, 0x44, 0x44, 0x20, 0x4,
    0xff, 0xee, 0xff, 0xee, 0xef, 0x70, 0x4, 0xf3,
    0x0, 0x7e, 0x0, 0xf, 0x70, 0x4, 0xff, 0xff,
    0xff, 0xff, 0xff, 0x70, 0x4, 0xf5, 0x11, 0x8e,
    0x11, 0x2f, 0x70, 0x4, 0xf7, 0x44, 0xaf, 0x44,
    0x5f, 0x70, 0x4, 0xfe, 0xee, 0xee, 0xee, 0xee,
    0x70,

    /* U+7565 "略" */
    0x0, 0x0, 0x0, 0x0, 0xb8, 0x0, 0x0, 0xe,
    0xff, 0xff, 0x30, 0x5f, 0x60, 0x0, 0x0, 0xe7,
    0xe5, 0xf3, 0xd, 0xff, 0xff, 0xf4, 0xe, 0x3e,
    0x1e, 0x4b, 0xfa, 0x44, 0xce, 0x0, 0xe3, 0xe1,
    0xec, 0xfe, 0xe1, 0x3f, 0x70, 0xe, 0x3e, 0x1e,
    0xca, 0xd, 0xbd, 0xc0, 0x0, 0xef, 0xff, 0xf4,
    0x0, 0x4f, 0xf2, 0x0, 0xe, 0x6e, 0x4f, 0x30,
    0x4e, 0xef, 0xd3, 0x0, 0xe3, 0xe1, 0xe8, 0xcf,
    0xa1, 0x2c, 0xfb, 0x3e, 0x3e, 0x1e, 0xef, 0xe9,
    0x99, 0x9f, 0xd1, 0xe6, 0xe4, 0xf4, 0x8f, 0xbb,
    0xbc, 0xf4, 0xe, 0xff, 0xff, 0x37, 0xe0, 0x0,
    0x2f, 0x40, 0xd3, 0x0, 0x0, 0x7e, 0x0, 0x2,
    0xf4, 0x0, 0x0, 0x0, 0x7, 0xf6, 0x66, 0x8f,
    0x40, 0x0, 0x0, 0x0, 0x7f, 0xee, 0xee, 0xf4,
    0x0,

    /* U+767D "白" */
    0x0, 0x0, 0x25, 0x20, 0x0, 0x0, 0x0, 0x0,
    0x8f, 0x60, 0x0, 0x0, 0x0, 0x0, 0xde, 0x0,
    0x0, 0x0, 0xef, 0xff, 0xff, 0xff, 0xff, 0xfa,
    0xec, 0x88, 0x88, 0x88, 0x88, 0xfa, 0xe9, 0x0,
    0x0, 0x0, 0x0, 0xea, 0xe9, 0x0, 0x0, 0x0,
    0x0, 0xea, 0xea, 0x33, 0x33, 0x33, 0x33, 0xfa,
    0xef, 0xff, 0xff, 0xff, 0xff, 0xfa, 0xeb, 0x44,
    0x44, 0x44, 0x44, 0xfa, 0xe9, 0x0, 0x0, 0x0,
    0x0, 0xea, 0xe9, 0x0, 0x0, 0x0, 0x0, 0xea,
    0xeb, 0x55, 0x55, 0x55, 0x55, 0xfa, 0xef, 0xff,
    0xff, 0xff, 0xff, 0xfa, 0xea, 0x22, 0x22, 0x22,
    0x22, 0xe9,

    /* U+7684 "的" */
    0x0, 0x17, 0x20, 0x0, 0x35, 0x0, 0x0, 0x0,
    0x4, 0xf4, 0x0, 0xa, 0xd0, 0x0, 0x0, 0x0,
    0x8e, 0x0, 0x0, 0xf9, 0x0, 0x0, 0x6, 0xff,
    0xff, 0xf4, 0x5f, 0xff, 0xff, 0xf0, 0x6f, 0x55,
    0x6f, 0x4c, 0xd5, 0x55, 0x9f, 0x6, 0xe0, 0x1,
    0xf9, 0xf5, 0x0, 0x6, 0xf0, 0x6e, 0x0, 0x1f,
    0xbd, 0x0, 0x0, 0x6f, 0x6, 0xf5, 0x56, 0xf4,
    0x1c, 0x90, 0x7, 0xe0, 0x6f, 0xff, 0xff, 0x40,
    0x6f, 0x50, 0x8d, 0x6, 0xe0, 0x1, 0xf4, 0x0,
    0xae, 0x19, 0xd0, 0x6e, 0x0, 0x1f, 0x40, 0x1,
    0xb2, 0xac, 0x6, 0xe0, 0x1, 0xf4, 0x0, 0x0,
    0xb, 0xa0, 0x6f, 0xee, 0xef, 0x40, 0x0, 0x0,
    0xe8, 0x6, 0xf6, 0x66, 0x61, 0x1, 0x63, 0x6f,
    0x50, 0x6e, 0x0, 0x0, 0x0, 0xf, 0xff, 0xc0,
    0x0, 0x0, 0x0, 0x0, 0x0, 0x23, 0x20, 0x0,

    /* U+76EE "目" */
    0x8f, 0xff, 0xff, 0xff, 0xff, 0xf7, 0x8f, 0x77,
    0x77, 0x77, 0x77, 0xf7, 0x8f, 0x0, 0x0, 0x0,
    0x1, 0xf7, 0x8f, 0x0, 0x0, 0x0, 0x1, 0xf7,
    0x8f, 0xff, 0xff, 0xff, 0xff, 0xf7, 0x8f, 0x77,
    0x77, 0x77, 0x77, 0xf7, 0x8f, 0x0, 0x0, 0x0,
    0x1, 0xf7, 0x8f, 0x0, 0x0, 0x0, 0x2, 0xf7,
    0x8f, 0xff, 0xff, 0xff, 0xff, 0xf7, 0x8f, 0x55,
    0x55, 0x55, 0x56, 0xf7, 0x8f, 0x0, 0x0, 0x0,
    0x1, 0xf7, 0x8f, 0x55, 0x55, 0x55, 0x56, 0xf7,
    0x8f, 0xff, 0xff, 0xff, 0xff, 0xf7, 0x8f, 0x11,
    0x11, 0x11, 0x12, 0xf7,

    /* U+770B "看" */
    0x0, 0x0, 0x0, 0x0, 0x12, 0x46, 0x83, 0x0,
    0x0, 0xde, 0xff, 0xff, 0xff, 0xec, 0xa7, 0x0,
    0x0, 0x33, 0x33, 0xcd, 0x0, 0x0, 0x0, 0x0,
    0x0, 0xcd, 0xdd, 0xff, 0xdd, 0xdd, 0xdd, 0x10,
    0x0, 0x44, 0x49, 0xf6, 0x44, 0x44, 0x44, 0x0,
    0x4, 0x44, 0x4c, 0xf4, 0x44, 0x44, 0x44, 0x40,
    0xe, 0xee, 0xff, 0xee, 0xee, 0xee, 0xee, 0xe0,
    0x0, 0x0, 0xdf, 0x33, 0x33, 0x33, 0x31, 0x0,
    0x0, 0xa, 0xff, 0xff, 0xff, 0xff, 0xf7, 0x0,
    0x0, 0x9f, 0xfa, 0x11, 0x11, 0x12, 0xf7, 0x0,
    0x1c, 0xf6, 0xdf, 0xdd, 0xdd, 0xde, 0xf7, 0x0,
    0x1c, 0x40, 0xda, 0x33, 0x33, 0x33, 0xf7, 0x0,
    0x0, 0x0, 0xde, 0xcc, 0xcc, 0xcc, 0xf7, 0x0,
    0x0, 0x0, 0xdb, 0x44, 0x44, 0x44, 0xf7, 0x0,
    0x0, 0x0, 0xdf, 0xee, 0xee, 0xee, 0xf7, 0x0,

    /* U+771F "真" */
    0x0, 0x0, 0x0, 0x3, 0x50, 0x0, 0x0, 0x0,
    0x1, 0x22, 0x22, 0x2b, 0xe2, 0x22, 0x22, 0x10,
    0x9, 0xff, 0xff, 0xff, 0xff, 0xff, 0xff, 0xa0,
    0x0, 0x12, 0x22, 0x2f, 0x92, 0x22, 0x21, 0x0,
    0x0, 0xd, 0xfe, 0xee, 0xee, 0xef, 0xe0, 0x0,
    0x0, 0xd, 0xb4, 0x44, 0x44, 0x4b, 0xe0, 0x0,
    0x0, 0xd, 0xd8, 0x88, 0x88, 0x8d, 0xe0, 0x0,
    0x0, 0xd, 0xeb, 0xbb, 0xbb, 0xbe, 0xe0, 0x0,
    0x0, 0xd, 0xa2, 0x22, 0x22, 0x2a, 0xe0, 0x0,
    0x0, 0xd, 0xff, 0xff, 0xff, 0xff, 0xe0, 0x0,
    0x0, 0xd, 0x90, 0x0, 0x0, 0x9, 0xe0, 0x0,
    0xf, 0xff, 0xff, 0xff, 0xff, 0xff, 0xff, 0xf0,
    0x4, 0x44, 0x5a, 0x44, 0x45, 0xc7, 0x44, 0x40,
    0x0, 0x49, 0xfe, 0x40, 0x4, 0xcf, 0xd7, 0x10,
    0xb, 0xfb, 0x60, 0x0, 0x0, 0x2, 0x8f, 0xb0,
    0x0, 0x10, 0x0, 0x0, 0x0, 0x0, 0x1, 0x0,

    /* U+786E "确" */
    0x0, 0x0, 0x0, 0x0, 0x77, 0x0, 0x0, 0x1,
    0xff, 0xff, 0xf4, 0xf, 0x91, 0x11, 0x0, 0x5,
    0x9f, 0x65, 0x17, 0xff, 0xff, 0xf6, 0x0, 0x9,
    0xd0, 0x1, 0xe9, 0x12, 0xdc, 0x0, 0x0, 0xd9,
    0x0, 0xcf, 0x64, 0x8f, 0x84, 0x40, 0x1f, 0x50,
    0x4f, 0xff, 0xff, 0xff, 0xfe, 0x8, 0xfc, 0xca,
    0x2f, 0x50, 0xe5, 0x7, 0xe1, 0xff, 0x79, 0xd0,
    0xfe, 0xdf, 0xed, 0xee, 0x5f, 0xf2, 0x5d, 0xf,
    0x95, 0xf9, 0x5a, 0xe0, 0x9f, 0x25, 0xd0, 0xf5,
    0xe, 0x50, 0x7e, 0x1, 0xf2, 0x5d, 0x1f, 0xfe,
    0xff, 0xef, 0xe0, 0x1f, 0x25, 0xd3, 0xf7, 0x6f,
    0xa6, 0xbe, 0x1, 0xff, 0xfd, 0x7d, 0x0, 0xe5,
    0x7, 0xe0, 0x1f, 0x64, 0x4e, 0x80, 0xe, 0x64,
    0xae, 0x0, 0x91, 0x5, 0xe0, 0x0, 0xa4, 0xee,
    0x80, 0x0, 0x0, 0x0, 0x0, 0x0, 0x0, 0x0,

    /* U+793A "示" */
    0x0, 0x24, 0x44, 0x44, 0x44, 0x44, 0x42, 0x0,
    0x0, 0x9f, 0xff, 0xff, 0xff, 0xff, 0xf9, 0x0,
    0x0, 0x12, 0x22, 0x22, 0x22, 0x22, 0x21, 0x0,
    0x0, 0x0, 0x0, 0x0, 0x0, 0x0, 0x0, 0x0,
    0x7, 0x77, 0x77, 0x77, 0x77, 0x77, 0x77, 0x70,
    0xf, 0xff, 0xff, 0xff, 0xff, 0xff, 0xff, 0xf0,
    0x0, 0x0, 0x0, 0xc, 0xd0, 0x0, 0x0, 0x0,
    0x0, 0x6, 0x60, 0xc, 0xd0, 0x6, 0x50, 0x0,
    0x0, 0x1f, 0xa0, 0xc, 0xd0, 0xc, 0xe1, 0x0,
    0x0, 0x9f, 0x20, 0xc, 0xd0, 0x2, 0xfb, 0x0,
    0x6, 0xf9, 0x0, 0xc, 0xd0, 0x0, 0x8f, 0x40,
    0x2f, 0xc0, 0x0, 0xc, 0xd0, 0x0, 0x1f, 0xc0,
    0x4, 0x10, 0x38, 0x8e, 0xc0, 0x0, 0x5, 0x20,
    0x0, 0x0, 0x3f, 0xfd, 0x50, 0x0, 0x0, 0x0,
    0x0, 0x0, 0x0, 0x0, 0x0, 0x0, 0x0, 0x0,

    /* U+79BB "离" */
    0x0, 0x0, 0x0, 0x51, 0x0, 0x0, 0x0, 0x0,
    0x0, 0x1, 0xe9, 0x0, 0x0, 0x0, 0xef, 0xff,
    0xff, 0xff, 0xff, 0xff, 0xff, 0x35, 0x84, 0x87,
    0x33, 0x89, 0x48, 0x53, 0x3, 0xf2, 0x4c, 0xca,
    0xc2, 0x1f, 0x50, 0x3, 0xf2, 0x4a, 0xdb, 0xd5,
    0x2f, 0x50, 0x3, 0xf4, 0xb6, 0x10, 0x4a, 0x3f,
    0x50, 0x3, 0xff, 0xff, 0xff, 0xff, 0xff, 0x50,
    0x0, 0x0, 0x2, 0xfa, 0x0, 0x0, 0x0, 0x4f,
    0xff, 0xff, 0xff, 0xff, 0xff, 0xf5, 0x4f, 0x64,
    0x8f, 0x84, 0xb8, 0x46, 0xf5, 0x4f, 0x21, 0xda,
    0x13, 0xae, 0x11, 0xf5, 0x4f, 0x28, 0xff, 0xfe,
    0xcd, 0xb1, 0xf5, 0x4f, 0x22, 0x42, 0x0, 0x2,
    0x44, 0xf5, 0x4f, 0x20, 0x0, 0x0, 0x3, 0xff,
    0xc1,

    /* U+79FB "移" */
    0x0, 0x0, 0x2, 0x0, 0x0, 0x52, 0x0, 0x0,
    0x2, 0x59, 0xef, 0x30, 0x8, 0xf4, 0x0, 0x0,
    0xb, 0xef, 0xc3, 0x0, 0x9f, 0xff, 0xff, 0x60,
    0x0, 0xb, 0xa0, 0x4d, 0xf6, 0x44, 0xce, 0x10,
    0x0, 0xb, 0xa0, 0x4b, 0x6d, 0x49, 0xf5, 0x0,
    0x1f, 0xff, 0xff, 0x80, 0xb, 0xff, 0x40, 0x0,
    0x6, 0x8f, 0xd6, 0x57, 0xdf, 0xcb, 0x40, 0x0,
    0x0, 0x8f, 0xf4, 0x5f, 0xa3, 0xaf, 0x53, 0x30,
    0x0, 0xef, 0xef, 0x20, 0xa, 0xff, 0xff, 0xf4,
    0x6, 0xec, 0xaa, 0x43, 0xcf, 0x40, 0x1c, 0xc0,
    0xe, 0x7b, 0xa0, 0x3f, 0xb8, 0x90, 0x9f, 0x40,
    0x1d, 0xb, 0xa0, 0x2, 0x3, 0xee, 0xf6, 0x0,
    0x1, 0xb, 0xa0, 0x0, 0x4, 0xcf, 0x60, 0x0,
    0x0, 0xb, 0xa0, 0x38, 0xdf, 0xa2, 0x0, 0x0,
    0x0, 0xb, 0xa0, 0x9d, 0x82, 0x0, 0x0, 0x0,
    0x0, 0x0, 0x0, 0x0, 0x0, 0x0, 0x0, 0x0,

    /* U+7A0D "稍" */
    0x0, 0x15, 0xa7, 0x6, 0x0, 0xe7, 0x1, 0x81,
    0xd, 0xff, 0xb5, 0x1f, 0x70, 0xe7, 0x9, 0xf2,
    0x2, 0xf, 0x50, 0x7, 0xf1, 0xe7, 0x3f, 0x80,
    0x0, 0xf, 0x50, 0x0, 0x60, 0xe7, 0x16, 0x0,
    0x4f, 0xff, 0xff, 0x3f, 0xff, 0xff, 0xff, 0xe0,
    0x16, 0xaf, 0xa6, 0x1f, 0x96, 0x66, 0x6a, 0xe0,
    0x0, 0xbf, 0xd0, 0xf, 0x51, 0x11, 0x17, 0xe0,
    0x1, 0xff, 0xdb, 0xf, 0xff, 0xff, 0xff, 0xe0,
    0x9, 0xbf, 0x6b, 0xf, 0x62, 0x22, 0x28, 0xe0,
    0x2f, 0x5f, 0x50, 0xf, 0x84, 0x44, 0x49, 0xe0,
    0x2c, 0xf, 0x50, 0xf, 0xff, 0xff, 0xff, 0xe0,
    0x1, 0xf, 0x50, 0xf, 0x40, 0x0, 0x7, 0xe0,
    0x0, 0xf, 0x50, 0xf, 0x40, 0x6, 0x7c, 0xe0,
    0x0, 0xf, 0x50, 0xf, 0x40, 0x8, 0xec, 0x50,

    /* U+7A33 "稳" */
    0x0, 0x0, 0x0, 0x0, 0x32, 0x0, 0x0, 0x0,
    0x0, 0x48, 0xec, 0x2, 0xfa, 0x33, 0x20, 0x0,
    0xc, 0xff, 0xb3, 0x1c, 0xff, 0xff, 0xf3, 0x0,
    0x1, 0xe, 0x62, 0xdd, 0x20, 0xc, 0xa0, 0x0,
    0x0, 0xe, 0x62, 0xdf, 0xff, 0xff, 0xff, 0x20,
    0x1f, 0xff, 0xff, 0x34, 0x44, 0x44, 0x6f, 0x20,
    0xb, 0xcf, 0xdb, 0x24, 0x44, 0x44, 0x6f, 0x20,
    0x0, 0x7f, 0xc0, 0x1d, 0xdd, 0xdd, 0xdf, 0x20,
    0x0, 0xef, 0xfb, 0x24, 0x44, 0x44, 0x6f, 0x20,
    0x6, 0xdf, 0x8e, 0x8f, 0xff, 0xff, 0xff, 0x20,
    0x1f, 0x7e, 0x61, 0x0, 0x4, 0xb0, 0x0, 0x0,
    0x4e, 0xe, 0x60, 0xd7, 0xf2, 0xcb, 0xe, 0x50,
    0x3, 0xe, 0x65, 0xf4, 0xf1, 0x23, 0x7a, 0xd0,
    0x0, 0xe, 0x7d, 0x83, 0xf5, 0x23, 0xe6, 0xf3,
    0x0, 0xe, 0x63, 0x10, 0xcf, 0xff, 0xc0, 0x20,

    /* U+7A3F "稿" */
    0x0, 0x0, 0x12, 0x0, 0x1, 0x80, 0x0, 0x0,
    0x5, 0x8c, 0xfe, 0x10, 0x1, 0xf6, 0x0, 0x0,
    0xc, 0xcf, 0xa1, 0xbf, 0xff, 0xff, 0xff, 0xf5,
    0x0, 0xe, 0x70, 0x34, 0x44, 0x44, 0x44, 0x41,
    0x0, 0xe, 0x80, 0x9, 0xff, 0xff, 0xff, 0x30,
    0x1f, 0xff, 0xff, 0x79, 0xd1, 0x11, 0x4f, 0x30,
    0x4, 0x7f, 0xb4, 0x29, 0xfb, 0xbb, 0xcf, 0x30,
    0x0, 0xaf, 0xf5, 0x2, 0x44, 0x44, 0x44, 0x0,
    0x1, 0xff, 0xcf, 0xcf, 0xff, 0xff, 0xff, 0xf2,
    0x9, 0xde, 0x77, 0xad, 0x44, 0x44, 0x46, 0xf2,
    0x3f, 0x6e, 0x70, 0xac, 0x3f, 0xff, 0xe2, 0xf2,
    0x3e, 0xe, 0x70, 0xac, 0x3e, 0x14, 0xe2, 0xf2,
    0x4, 0xe, 0x70, 0xac, 0x3e, 0x36, 0xe2, 0xf2,
    0x0, 0xe, 0x70, 0xac, 0x2c, 0xcc, 0xd5, 0xf2,
    0x0, 0xe, 0x70, 0xac, 0x0, 0x0, 0x4f, 0xc0,

    /* U+7ACB "立" */
    0x0, 0x0, 0x0, 0x5, 0x20, 0x0, 0x0, 0x0,
    0x0, 0x0, 0x0, 0x1f, 0x80, 0x0, 0x0, 0x0,
    0x0, 0x0, 0x0, 0xc, 0xe0, 0x0, 0x0, 0x0,
    0x3, 0x77, 0x77, 0x7b, 0xa7, 0x77, 0x77, 0x30,
    0x6, 0xff, 0xff, 0xff, 0xff, 0xff, 0xff, 0x70,
    0x0, 0x0, 0x21, 0x0, 0x0, 0x12, 0x0, 0x0,
    0x0, 0x3, 0xf6, 0x0, 0x0, 0x5f, 0x60, 0x0,
    0x0, 0x0, 0xfa, 0x0, 0x0, 0x9f, 0x10, 0x0,
    0x0, 0x0, 0xbe, 0x0, 0x0, 0xec, 0x0, 0x0,
    0x0, 0x0, 0x7f, 0x20, 0x2, 0xf7, 0x0, 0x0,
    0x0, 0x0, 0x4f, 0x50, 0x7, 0xf2, 0x0, 0x0,
    0x0, 0x0, 0x1f, 0x90, 0xc, 0xc0, 0x0, 0x0,
    0x0, 0x0, 0x5, 0x10, 0x2f, 0x60, 0x0, 0x0,
    0x1f, 0xff, 0xff, 0xff, 0xff, 0xff, 0xff, 0xf2,
    0x18, 0x88, 0x88, 0x88, 0x88, 0x88, 0x88, 0x81,

    /* U+7ADE "竞" */
    0x0, 0x0, 0x0, 0x4, 0x30, 0x0, 0x0, 0x0,
    0x1, 0x33, 0x33, 0x4e, 0xc3, 0x33, 0x33, 0x10,
    0x4, 0xff, 0xff, 0xff, 0xff, 0xff, 0xff, 0x50,
    0x0, 0x0, 0xa7, 0x0, 0x0, 0x8a, 0x0, 0x0,
    0x3, 0x33, 0xbe, 0x33, 0x33, 0xeb, 0x33, 0x30,
    0xf, 0xff, 0xff, 0xff, 0xff, 0xff, 0xff, 0xf1,
    0x0, 0x3, 0x33, 0x33, 0x33, 0x33, 0x30, 0x0,
    0x0, 0xf, 0xff, 0xff, 0xff, 0xff, 0xf1, 0x0,
    0x0, 0xf, 0x60, 0x0, 0x0, 0x7, 0xf1, 0x0,
    0x0, 0xf, 0x93, 0x33, 0x33, 0x39, 0xf1, 0x0,
    0x0, 0xf, 0xff, 0xff, 0xff, 0xff, 0xf1, 0x0,
    0x0, 0x0, 0xb, 0xd0, 0x1f, 0x50, 0x0, 0x0,
    0x0, 0x0, 0x6f, 0x70, 0x1f, 0x50, 0x3, 0xe1,
    0x3, 0x6c, 0xfa, 0x0, 0x1f, 0xa5, 0x49, 0xf0,
    0x1e, 0xfb, 0x40, 0x0, 0xa, 0xff, 0xff, 0x80,
    0x1, 0x0, 0x0, 0x0, 0x0, 0x0, 0x0, 0x0,

    /* U+7B56 "策" */
    0x0, 0x15, 0x10, 0x0, 0x5, 0x20, 0x0, 0x0,
    0x0, 0x9f, 0x31, 0x11, 0x4f, 0x61, 0x11, 0x10,
    0x4, 0xff, 0xff, 0xfc, 0xdf, 0xff, 0xff, 0xf0,
    0x3f, 0xd4, 0xf8, 0x3d, 0xf4, 0x6f, 0x62, 0x20,
    0x8, 0x10, 0x86, 0xc, 0xd0, 0x9, 0x40, 0x0,
    0xe, 0xff, 0xff, 0xff, 0xff, 0xff, 0xff, 0xb0,
    0x5, 0x55, 0x55, 0x5d, 0xe5, 0x55, 0x55, 0x40,
    0x0, 0x44, 0x44, 0x4d, 0xe4, 0x44, 0x44, 0x0,
    0x0, 0xdf, 0xff, 0xff, 0xff, 0xff, 0xfe, 0x0,
    0x0, 0xdb, 0x0, 0xb, 0xd0, 0x0, 0x9e, 0x0,
    0x0, 0xdb, 0x0, 0x2e, 0xe2, 0x4, 0xbe, 0x0,
    0x0, 0xca, 0x6, 0xff, 0xff, 0x6c, 0xc7, 0x0,
    0x0, 0x17, 0xde, 0x6b, 0xd5, 0xed, 0x83, 0x0,
    0x1c, 0xfe, 0x91, 0xb, 0xd0, 0x7, 0xdf, 0xe1,
    0x5, 0x40, 0x0, 0xb, 0xd0, 0x0, 0x2, 0x40,

    /* U+7BA1 "管" */
    0x0, 0x24, 0x0, 0x0, 0x4, 0x20, 0x0, 0x0,
    0xb, 0xe1, 0x11, 0x11, 0xf8, 0x11, 0x11, 0x2,
    0xff, 0xff, 0xfa, 0x8f, 0xff, 0xff, 0xd0, 0xdd,
    0xa, 0xc0, 0x1f, 0x70, 0xda, 0x0, 0x19, 0x30,
    0x27, 0x1e, 0x80, 0x3, 0x60, 0x0, 0x7f, 0xff,
    0xff, 0xff, 0xff, 0xff, 0xf7, 0x7, 0xe2, 0x22,
    0x22, 0x22, 0x22, 0x3f, 0x70, 0x5a, 0xbf, 0xff,
    0xff, 0xff, 0xf8, 0xb5, 0x0, 0xb, 0xc1, 0x11,
    0x11, 0x1e, 0x80, 0x0, 0x0, 0xbf, 0xdd, 0xdd,
    0xdd, 0xf8, 0x0, 0x0, 0xb, 0xc2, 0x22, 0x22,
    0x22, 0x10, 0x0, 0x0, 0xbf, 0xee, 0xee, 0xee,
    0xee, 0x50, 0x0, 0xb, 0xc2, 0x22, 0x22, 0x24,
    0xf5, 0x0, 0x0, 0xbc, 0x22, 0x22, 0x22, 0x4f,
    0x50, 0x0, 0xb, 0xff, 0xff, 0xff, 0xff, 0xf5,
    0x0,

    /* U+7CBE "精" */
    0x0, 0x0, 0x0, 0x0, 0x0, 0x0, 0x0, 0x0,
    0x3, 0x2f, 0x24, 0x11, 0x15, 0xf4, 0x11, 0x10,
    0xf, 0x3f, 0x4f, 0x7f, 0xff, 0xff, 0xff, 0xa0,
    0xc, 0x7f, 0x7b, 0x1, 0x14, 0xf4, 0x11, 0x0,
    0x9, 0xaf, 0xb7, 0xf, 0xff, 0xff, 0xff, 0x50,
    0x3, 0x6f, 0x71, 0x22, 0x25, 0xf4, 0x22, 0x20,
    0x4f, 0xff, 0xfc, 0xdf, 0xff, 0xff, 0xff, 0xf1,
    0x27, 0xbf, 0x96, 0x2, 0x22, 0x22, 0x22, 0x0,
    0x0, 0xcf, 0xb0, 0xf, 0xfe, 0xee, 0xff, 0x10,
    0x2, 0xff, 0xf5, 0xf, 0x70, 0x0, 0x5f, 0x10,
    0x9, 0xdf, 0x7e, 0xf, 0xff, 0xff, 0xff, 0x10,
    0x2f, 0x6f, 0x25, 0xf, 0x70, 0x0, 0x5f, 0x10,
    0x4b, 0x2f, 0x20, 0xf, 0xff, 0xff, 0xff, 0x10,
    0x1, 0x2f, 0x20, 0xf, 0x60, 0x3, 0x7f, 0x10,
    0x0, 0x2f, 0x20, 0xf, 0x60, 0xd, 0xfb, 0x0,
    0x0, 0x0, 0x0, 0x0, 0x0, 0x0, 0x0, 0x0,

    /* U+7CFB "系" */
    0x0, 0x0, 0x0, 0x0, 0x0, 0x14, 0x0, 0x3,
    0x45, 0x67, 0x9a, 0xcf, 0xff, 0x60, 0x1f, 0xff,
    0xff, 0xfa, 0x86, 0x41, 0x0, 0x1, 0x10, 0x8e,
    0x40, 0x3, 0x50, 0x0, 0x0, 0x2b, 0xc1, 0x0,
    0x8f, 0xb0, 0x0, 0x3, 0xff, 0xee, 0xff, 0xf6,
    0x0, 0x0, 0x0, 0x86, 0x6d, 0xfb, 0x22, 0xb1,
    0x0, 0x0, 0x7, 0xec, 0x40, 0x0, 0xcd, 0x10,
    0x8, 0xef, 0xfb, 0xcd, 0xef, 0xff, 0xc0, 0xd,
    0xcb, 0x98, 0xcf, 0x43, 0x23, 0xf8, 0x0, 0x8,
    0x40, 0x9e, 0x4, 0x80, 0x30, 0x0, 0xbf, 0x40,
    0x9e, 0x5, 0xfc, 0x10, 0x2c, 0xf5, 0x0, 0x9e,
    0x0, 0x3e, 0xe2, 0x8e, 0x40, 0x66, 0xce, 0x0,
    0x2, 0xea, 0x1, 0x0, 0xaf, 0xe6, 0x0, 0x0,
    0x10,

    /* U+7D22 "索" */
    0x1, 0x11, 0x11, 0x1a, 0xe1, 0x11, 0x11, 0x10,
    0xb, 0xff, 0xff, 0xff, 0xff, 0xff, 0xff, 0xb0,
    0x2, 0x33, 0x33, 0x3b, 0xf3, 0x33, 0x33, 0x20,
    0x4, 0x44, 0x44, 0x4b, 0xf4, 0x44, 0x44, 0x40,
    0xf, 0xfe, 0xee, 0xff, 0xfe, 0xee, 0xef, 0xf0,
    0xf, 0x70, 0x4, 0xdc, 0x20, 0x40, 0x7, 0xf0,
    0xb, 0x54, 0xbe, 0x72, 0x3b, 0xf6, 0x5, 0xc0,
    0x0, 0xf, 0xfe, 0xff, 0xf9, 0x27, 0x10, 0x0,
    0x0, 0x2, 0x6c, 0xd7, 0x10, 0x2c, 0xd2, 0x0,
    0x2, 0xcf, 0xff, 0xde, 0xff, 0xfe, 0xee, 0x20,
    0x0, 0x97, 0x85, 0x37, 0xf2, 0x2, 0xb, 0x60,
    0x0, 0x8, 0xf8, 0x4, 0xf1, 0x7f, 0xa1, 0x0,
    0x7, 0xee, 0x53, 0x59, 0xf1, 0x3, 0xcf, 0x60,
    0x5, 0x91, 0x6, 0xfe, 0xa0, 0x0, 0x8, 0x40,

    /* U+7EA7 "级" */
    0x0, 0x0, 0x0, 0x0, 0x0, 0x0, 0x0, 0x0,
    0x0, 0x9, 0x90, 0x0, 0x0, 0x0, 0x0, 0x0,
    0x0, 0xf, 0x90, 0x8f, 0xff, 0xff, 0xf6, 0x0,
    0x0, 0x6f, 0x20, 0x36, 0xfb, 0x69, 0xf2, 0x0,
    0x0, 0xda, 0x4, 0x0, 0xf7, 0x8, 0xe0, 0x0,
    0x6, 0xf2, 0x4f, 0x30, 0xf6, 0xc, 0xa0, 0x0,
    0x2f, 0xb6, 0xdb, 0x1, 0xf5, 0xf, 0x93, 0x10,
    0x4f, 0xff, 0xf2, 0x3, 0xf8, 0x5f, 0xff, 0xb0,
    0x2, 0x2f, 0x70, 0x5, 0xfe, 0x1, 0x1f, 0x70,
    0x0, 0xcc, 0x49, 0x18, 0xff, 0x50, 0x4f, 0x20,
    0x1b, 0xff, 0xfb, 0x1a, 0xdb, 0xd0, 0xbc, 0x0,
    0x2f, 0xa5, 0x0, 0xf, 0x82, 0xfb, 0xf4, 0x0,
    0x1, 0x1, 0x6c, 0x8f, 0x40, 0x8f, 0xb0, 0x0,
    0x5, 0xbf, 0xf9, 0xdf, 0x2, 0xdf, 0xf4, 0x0,
    0x1f, 0xd6, 0x4, 0xf7, 0x5e, 0xe4, 0xcf, 0x80,
    0x3, 0x0, 0x7, 0xe2, 0xec, 0x20, 0x9, 0xe2,
    0x0, 0x0, 0x0, 0x10, 0x10, 0x0, 0x0, 0x10,

    /* U+7EBF "线" */
    0x0, 0x3, 0xa1, 0x0, 0x9, 0xe2, 0x91, 0x0,
    0x0, 0xa, 0xe0, 0x0, 0x8, 0xe1, 0xaf, 0x20,
    0x0, 0x2f, 0x60, 0x0, 0x8, 0xf0, 0x28, 0x40,
    0x0, 0xbc, 0x8, 0x46, 0x9d, 0xff, 0xff, 0xa0,
    0x6, 0xf4, 0x5f, 0x59, 0xab, 0xf4, 0x10, 0x0,
    0xe, 0xff, 0xf9, 0x0, 0x4, 0xf2, 0x25, 0x80,
    0x3, 0x2a, 0xd0, 0x4, 0x7b, 0xff, 0xfe, 0xb2,
    0x0, 0x7f, 0x21, 0x2f, 0xda, 0xf9, 0x11, 0x60,
    0x7, 0xfe, 0xef, 0x60, 0x0, 0xca, 0xc, 0xe1,
    0xa, 0xb8, 0x51, 0x0, 0x0, 0x9e, 0xce, 0x30,
    0x0, 0x0, 0x27, 0x40, 0x0, 0x7f, 0xd2, 0x0,
    0x4, 0x9e, 0xfd, 0x50, 0x4b, 0xff, 0xb0, 0x84,
    0xc, 0xc7, 0x20, 0x5e, 0xfa, 0x35, 0xfa, 0xe6,
    0x0, 0x0, 0x0, 0x19, 0x20, 0x0, 0x8f, 0xd1,

    /* U+7ECF "经" */
    0x0, 0x7, 0x60, 0x0, 0x0, 0x0, 0x0, 0x0,
    0x0, 0xe, 0xa0, 0x3f, 0xff, 0xff, 0xfe, 0x20,
    0x0, 0x5f, 0x30, 0x15, 0x55, 0x57, 0xfc, 0x0,
    0x0, 0xdb, 0x3, 0x0, 0x0, 0xd, 0xf3, 0x0,
    0x6, 0xf2, 0x3f, 0x60, 0x2, 0xdf, 0x40, 0x0,
    0x3f, 0xd9, 0xde, 0x0, 0x7f, 0xff, 0xa2, 0x0,
    0x3f, 0xee, 0xf5, 0x7d, 0xfc, 0x26, 0xef, 0x91,
    0x1, 0x2f, 0x90, 0xcd, 0x50, 0x0, 0x8, 0xf2,
    0x1, 0xdc, 0x13, 0x25, 0x55, 0x55, 0x55, 0x40,
    0x2d, 0xff, 0xff, 0x2f, 0xff, 0xff, 0xff, 0x90,
    0x1f, 0xb7, 0x41, 0x0, 0x0, 0xf6, 0x0, 0x0,
    0x0, 0x0, 0x1, 0x0, 0x0, 0xf6, 0x0, 0x0,
    0x2, 0x59, 0xdf, 0x10, 0x0, 0xf6, 0x0, 0x0,
    0x3f, 0xfd, 0x84, 0x66, 0x66, 0xfa, 0x66, 0x62,
    0x5, 0x10, 0x0, 0xff, 0xff, 0xff, 0xff, 0xf5,

    /* U+7ED3 "结" */
    0x0, 0xa, 0x80, 0x0, 0x0, 0xe9, 0x0, 0x0,
    0x0, 0x3f, 0x60, 0x25, 0x55, 0xfc, 0x55, 0x50,
    0x0, 0xbc, 0x0, 0x6f, 0xff, 0xff, 0xff, 0xf1,
    0x5, 0xf3, 0x2e, 0x50, 0x0, 0xfa, 0x0, 0x0,
    0x3f, 0xd7, 0xce, 0x10, 0x0, 0xe9, 0x0, 0x0,
    0x3e, 0xce, 0xf3, 0xf, 0xff, 0xff, 0xff, 0xb0,
    0x0, 0x4f, 0x70, 0x7, 0x77, 0x77, 0x77, 0x50,
    0x2, 0xeb, 0x13, 0x20, 0x0, 0x0, 0x0, 0x0,
    0x2d, 0xff, 0xff, 0x79, 0xff, 0xff, 0xff, 0x60,
    0x1e, 0xa7, 0x41, 0xa, 0xe6, 0x66, 0x7f, 0x60,
    0x0, 0x0, 0x0, 0x1a, 0xc0, 0x0, 0x1f, 0x60,
    0x15, 0x8a, 0xdf, 0x9a, 0xc0, 0x0, 0x1f, 0x60,
    0x5f, 0xfb, 0x84, 0x1a, 0xff, 0xff, 0xff, 0x60,
    0x12, 0x0, 0x0, 0xa, 0xe6, 0x66, 0x6e, 0x60,

    /* U+7EDF "统" */
    0x0, 0x3, 0x10, 0x0, 0x2, 0x50, 0x0, 0x0,
    0x0, 0xe, 0xd0, 0x0, 0x6, 0xf3, 0x0, 0x0,
    0x0, 0x5f, 0x50, 0x23, 0x34, 0xf8, 0x33, 0x30,
    0x0, 0xcd, 0x0, 0x9f, 0xff, 0xff, 0xff, 0xf1,
    0x5, 0xf4, 0x5e, 0x31, 0x5f, 0x91, 0x42, 0x10,
    0x2e, 0xd6, 0xeb, 0x1, 0xdd, 0x1, 0xf7, 0x0,
    0x4f, 0xff, 0xf1, 0x1b, 0xf4, 0x35, 0xbf, 0x20,
    0x3, 0x3f, 0x60, 0xcf, 0xff, 0xfe, 0xde, 0xb0,
    0x1, 0xeb, 0x24, 0x46, 0xc5, 0x8, 0x34, 0x90,
    0x1d, 0xff, 0xfe, 0x1, 0xf5, 0xf, 0x60, 0x0,
    0x2f, 0xb7, 0x30, 0x2, 0xf4, 0xf, 0x60, 0x0,
    0x0, 0x0, 0x27, 0x6, 0xf1, 0xf, 0x60, 0x40,
    0x3, 0x8d, 0xfe, 0x1d, 0xc0, 0xf, 0x60, 0xf4,
    0x3f, 0xfa, 0x42, 0xcf, 0x30, 0xf, 0x95, 0xf2,
    0x5, 0x0, 0x9, 0xe5, 0x0, 0xa, 0xff, 0xb0,
    0x0, 0x0, 0x0, 0x10, 0x0, 0x0, 0x0, 0x0,

    /* U+7EE7 "继" */
    0x0, 0x1, 0x0, 0x0, 0x0, 0x0, 0x0, 0x0,
    0x0, 0xd, 0x90, 0x6e, 0x12, 0xf, 0x41, 0x30,
    0x0, 0x4f, 0x20, 0x6e, 0x4c, 0xf, 0x47, 0xb0,
    0x0, 0xab, 0x0, 0x6e, 0xf, 0x1f, 0x4d, 0x50,
    0x2, 0xf2, 0x3c, 0x8e, 0xb, 0x4f, 0x6d, 0x0,
    0xc, 0xb4, 0xcc, 0x7e, 0x35, 0x4f, 0x75, 0x40,
    0x4f, 0xff, 0xf3, 0x6e, 0xaf, 0xff, 0xff, 0xf2,
    0x5, 0x3e, 0x90, 0x6e, 0x0, 0xaf, 0xd0, 0x0,
    0x0, 0xad, 0x0, 0x6e, 0x2, 0xff, 0xda, 0x0,
    0x8, 0xfb, 0xcd, 0x6e, 0xc, 0x8f, 0x5e, 0x70,
    0x2f, 0xfb, 0x84, 0x6e, 0x8e, 0xf, 0x45, 0xe0,
    0x3, 0x0, 0x0, 0x6e, 0x43, 0xf, 0x40, 0x20,
    0x1, 0x47, 0xad, 0x8e, 0x0, 0xf, 0x40, 0x0,
    0x3f, 0xfb, 0x73, 0x7f, 0xff, 0xff, 0xff, 0xf4,
    0x3, 0x0, 0x0, 0x25, 0x55, 0x55, 0x55, 0x51,

    /* U+7EED "续" */
    0x0, 0x9, 0x80, 0x0, 0x4, 0xf4, 0x0, 0x0,
    0x0, 0x1f, 0x50, 0xf, 0xff, 0xff, 0xff, 0x20,
    0x0, 0x8d, 0x0, 0x3, 0x36, 0xf6, 0x33, 0x0,
    0x1, 0xf5, 0x49, 0x35, 0x57, 0xf7, 0x55, 0x40,
    0xb, 0xb1, 0xc9, 0x8e, 0xee, 0xee, 0xef, 0xc0,
    0x3f, 0xff, 0xe0, 0x2, 0x91, 0x96, 0xd, 0x70,
    0x3, 0x2f, 0x40, 0x13, 0x8c, 0xc9, 0x1a, 0x10,
    0x0, 0xca, 0x34, 0x4e, 0x71, 0xd8, 0x0, 0x0,
    0xa, 0xff, 0xf8, 0x24, 0xa2, 0xf8, 0x22, 0x20,
    0x1e, 0x95, 0x0, 0xef, 0xff, 0xff, 0xff, 0xe0,
    0x0, 0x1, 0x68, 0x11, 0x2c, 0xe4, 0x31, 0x10,
    0x6, 0xbf, 0xe7, 0x0, 0x8f, 0x5b, 0xe3, 0x0,
    0x2f, 0xb5, 0x0, 0x2b, 0xf6, 0x0, 0x9f, 0x50,
    0x1, 0x0, 0x0, 0xed, 0x40, 0x0, 0x8, 0xe1,
    0x0, 0x0, 0x0, 0x10, 0x0, 0x0, 0x0, 0x10,

    /* U+7EF4 "维" */
    0x0, 0x1, 0x0, 0x0, 0x0, 0x0, 0x0, 0x0,
    0x0, 0xa, 0xb0, 0x0, 0x7e, 0x3f, 0x30, 0x0,
    0x0, 0x1f, 0x60, 0x0, 0xda, 0xd, 0xb0, 0x0,
    0x0, 0x8e, 0x0, 0x4, 0xf9, 0x6a, 0xa6, 0x61,
    0x1, 0xf6, 0x1c, 0x3d, 0xff, 0xff, 0xff, 0xf3,
    0xa, 0xd2, 0x9e, 0x8f, 0xe0, 0xe, 0x70, 0x0,
    0x2f, 0xff, 0xf5, 0xef, 0xf6, 0x6f, 0xa6, 0x40,
    0x4, 0x2d, 0x90, 0x48, 0xff, 0xff, 0xff, 0xc0,
    0x0, 0xad, 0x0, 0x7, 0xe0, 0xe, 0x70, 0x0,
    0x9, 0xfd, 0xef, 0x27, 0xf5, 0x5f, 0xa5, 0x40,
    0xe, 0xc8, 0x52, 0x7, 0xff, 0xff, 0xff, 0xc0,
    0x0, 0x0, 0x0, 0x17, 0xe0, 0xe, 0x70, 0x0,
    0x2, 0x59, 0xdf, 0x77, 0xf3, 0x3f, 0x93, 0x31,
    0xf, 0xfc, 0x84, 0x7, 0xff, 0xff, 0xff, 0xf6,
    0x4, 0x0, 0x0, 0x7, 0xe2, 0x22, 0x22, 0x21,

    /* U+7F16 "编" */
    0x0, 0x6, 0x20, 0x0, 0x2, 0x91, 0x0, 0x0,
    0x2, 0xf6, 0x0, 0x0, 0x1f, 0x70, 0x0, 0x0,
    0x7e, 0x0, 0x6f, 0xff, 0xff, 0xff, 0x70, 0xe,
    0x81, 0x6, 0xf4, 0x44, 0x44, 0xe7, 0x6, 0xe0,
    0xab, 0x6f, 0x33, 0x33, 0x3e, 0x72, 0xec, 0x9f,
    0x47, 0xff, 0xff, 0xff, 0xf7, 0x2f, 0xcf, 0xb0,
    0x7e, 0x0, 0x0, 0x0, 0x0, 0x5, 0xf2, 0x7,
    0xfd, 0xdd, 0xdd, 0xe9, 0x1, 0xe7, 0x42, 0x9f,
    0xe5, 0xf7, 0xba, 0xa0, 0xbf, 0xff, 0x6a, 0xee,
    0xe, 0x39, 0x7a, 0x1f, 0xc8, 0x40, 0xdb, 0xe3,
    0xf6, 0xb9, 0xa0, 0x10, 0x6, 0x5f, 0x8f, 0xff,
    0xff, 0xfa, 0x4, 0xaf, 0xdb, 0xf5, 0xe0, 0xe3,
    0x97, 0xa3, 0xf9, 0x30, 0xda, 0x3e, 0xe, 0x3a,
    0x8a, 0x0, 0x0, 0x7, 0x33, 0xe0, 0x82, 0x6e,
    0x60, 0x0, 0x0, 0x0, 0x0, 0x0, 0x0, 0x0,

    /* U+7F29 "缩" */
    0x0, 0x3, 0x0, 0x0, 0x2, 0x50, 0x0, 0x0,
    0x0, 0xe, 0x90, 0x0, 0x5, 0xf2, 0x0, 0x0,
    0x0, 0x4f, 0x20, 0xff, 0xff, 0xff, 0xff, 0xf3,
    0x0, 0xab, 0x0, 0xf7, 0x44, 0x44, 0x47, 0xf3,
    0x2, 0xf2, 0x88, 0xba, 0x60, 0x0, 0x2, 0x91,
    0xb, 0xb5, 0xf6, 0xe, 0x9f, 0xff, 0xff, 0xf0,
    0x3f, 0xff, 0xd0, 0x4f, 0x22, 0x3f, 0x72, 0x20,
    0x5, 0x4f, 0x40, 0xbf, 0x3, 0x6f, 0x53, 0x20,
    0x0, 0xba, 0x5, 0xff, 0xf, 0xff, 0xff, 0xc0,
    0x8, 0xfc, 0xee, 0xdf, 0xf, 0x40, 0x8, 0xc0,
    0x1f, 0xe9, 0x53, 0x5f, 0xf, 0x85, 0x5b, 0xc0,
    0x2, 0x0, 0x23, 0x4f, 0xf, 0xdc, 0xce, 0xc0,
    0x5, 0x9e, 0xf7, 0x4f, 0xf, 0x40, 0x8, 0xc0,
    0x2f, 0xb5, 0x0, 0x4f, 0xf, 0xed, 0xdf, 0xc0,
    0x1, 0x0, 0x0, 0x4f, 0xf, 0x85, 0x5a, 0xb0,

    /* U+7F6E "置" */
    0x2, 0xff, 0xff, 0xff, 0xff, 0xff, 0xff, 0x40,
    0x2, 0xf4, 0x8, 0xd0, 0xe, 0x80, 0x3f, 0x40,
    0x2, 0xfd, 0xce, 0xfc, 0xcf, 0xec, 0xdf, 0x40,
    0x0, 0x33, 0x33, 0x3e, 0xb3, 0x33, 0x33, 0x10,
    0xd, 0xff, 0xff, 0xff, 0xff, 0xff, 0xff, 0xa0,
    0x2, 0x22, 0x22, 0x5f, 0x52, 0x22, 0x22, 0x10,
    0x0, 0xe, 0xee, 0xff, 0xfe, 0xee, 0xe0, 0x0,
    0x0, 0xf, 0x72, 0x22, 0x22, 0x28, 0xf0, 0x0,
    0x0, 0xf, 0xec, 0xcc, 0xcc, 0xce, 0xf0, 0x0,
    0x0, 0xf, 0xa6, 0x66, 0x66, 0x6b, 0xf0, 0x0,
    0x0, 0xf, 0x95, 0x55, 0x55, 0x5a, 0xf0, 0x0,
    0x0, 0xf, 0xed, 0xdd, 0xdd, 0xde, 0xf0, 0x0,
    0x1, 0x1f, 0x61, 0x11, 0x11, 0x17, 0xf1, 0x10,
    0xf, 0xff, 0xff, 0xff, 0xff, 0xff, 0xff, 0xf1,

    /* U+8017 "耗" */
    0x0, 0x9, 0xc0, 0x0, 0x0, 0x4, 0xab, 0x10,
    0xf, 0xff, 0xff, 0xc3, 0x7b, 0xed, 0x60, 0x0,
    0x4, 0x4b, 0xd4, 0x49, 0xc8, 0xf5, 0x0, 0x0,
    0x1, 0x2a, 0xc2, 0x10, 0x0, 0xf5, 0x0, 0x0,
    0xa, 0xff, 0xff, 0x80, 0x25, 0xfc, 0xcf, 0xa0,
    0x1, 0x1a, 0xc1, 0x8, 0xff, 0xfd, 0xa7, 0x30,
    0x15, 0x5b, 0xd5, 0x54, 0x53, 0xf5, 0x0, 0x0,
    0x3f, 0xff, 0xff, 0xf2, 0x0, 0xf5, 0x3, 0x51,
    0x0, 0x5f, 0xf7, 0x4, 0x7a, 0xff, 0xff, 0xf4,
    0x1, 0xee, 0xef, 0x6c, 0xdb, 0xf9, 0x41, 0x0,
    0xc, 0xc9, 0xc7, 0xd0, 0x0, 0xf5, 0x0, 0x30,
    0x3e, 0x29, 0xc0, 0x20, 0x0, 0xf5, 0x0, 0xe6,
    0x1, 0x9, 0xc0, 0x0, 0x0, 0xf9, 0x45, 0xf4,
    0x0, 0x9, 0xc0, 0x0, 0x0, 0xaf, 0xff, 0xb0,

    /* U+8054 "联" */
    0x0, 0x0, 0x0, 0x0, 0x20, 0x0, 0x12, 0x0,
    0x1f, 0xff, 0xff, 0xe0, 0xe9, 0x0, 0x9f, 0x10,
    0x8, 0xf5, 0x5f, 0x80, 0x6f, 0x21, 0xf7, 0x0,
    0x5, 0xf0, 0xf, 0x41, 0x2c, 0x49, 0xe2, 0x10,
    0x5, 0xf4, 0x4f, 0x49, 0xff, 0xff, 0xff, 0xb0,
    0x5, 0xff, 0xff, 0x43, 0x55, 0xfb, 0x55, 0x40,
    0x5, 0xf0, 0xf, 0x40, 0x0, 0xe9, 0x0, 0x0,
    0x5, 0xf2, 0x2f, 0x42, 0x22, 0xfa, 0x22, 0x20,
    0x5, 0xff, 0xff, 0x4f, 0xff, 0xff, 0xff, 0xf4,
    0x5, 0xf0, 0xf, 0x42, 0x25, 0xfb, 0x22, 0x20,
    0x5, 0xf0, 0xf, 0x82, 0x7, 0xff, 0x10, 0x0,
    0x1a, 0xfd, 0xff, 0xf7, 0xe, 0xbd, 0xa0, 0x0,
    0x1d, 0xa7, 0x5f, 0x40, 0xaf, 0x23, 0xf8, 0x0,
    0x0, 0x0, 0xf, 0x5b, 0xf6, 0x0, 0x7f, 0xb2,
    0x0, 0x0, 0xf, 0x8e, 0x60, 0x0, 0x3, 0xb0,
    0x0, 0x0, 0x0, 0x0, 0x0, 0x0, 0x0, 0x0,

    /* U+80CC "背" */
    0x1, 0x11, 0x1e, 0x90, 0x6f, 0x10, 0x36, 0x0,
    0xa, 0xff, 0xff, 0x90, 0x6f, 0xbe, 0xfa, 0x20,
    0x0, 0x0, 0xd, 0x90, 0x6f, 0x73, 0x0, 0x0,
    0x3, 0x68, 0xaf, 0x90, 0x6f, 0x10, 0x5, 0xe0,
    0xe, 0xca, 0x7e, 0x90, 0x4f, 0xff, 0xff, 0xc0,
    0x0, 0x0, 0xd, 0x90, 0x2, 0x44, 0x44, 0x0,
    0x0, 0x9, 0xaa, 0xaa, 0xaa, 0xaa, 0xa0, 0x0,
    0x0, 0xe, 0xa3, 0x33, 0x33, 0x39, 0xf0, 0x0,
    0x0, 0xe, 0xff, 0xff, 0xff, 0xff, 0xf0, 0x0,
    0x0, 0xe, 0x91, 0x11, 0x11, 0x18, 0xf0, 0x0,
    0x0, 0xe, 0xb4, 0x44, 0x44, 0x4a, 0xf0, 0x0,
    0x0, 0xe, 0xec, 0xcc, 0xcc, 0xce, 0xf0, 0x0,
    0x0, 0xe, 0x80, 0x0, 0x4, 0x4a, 0xf0, 0x0,
    0x0, 0xe, 0x80, 0x0, 0xb, 0xfe, 0x90, 0x0,

    /* U+80FD "能" */
    0x0, 0x0, 0x0, 0x0, 0x0, 0x0, 0x0, 0x0,
    0x0, 0x2f, 0x60, 0x10, 0x3f, 0x30, 0x0, 0x0,
    0x0, 0xcc, 0xb, 0xc0, 0x3f, 0x56, 0xbf, 0x30,
    0xb, 0xf8, 0x8a, 0xf7, 0x3f, 0xfc, 0x71, 0x0,
    0xc, 0xec, 0xa9, 0xbe, 0x3f, 0x40, 0x0, 0x70,
    0x0, 0x0, 0x0, 0x11, 0x3f, 0x40, 0x3, 0xf2,
    0x6, 0xff, 0xff, 0xf6, 0x1f, 0xff, 0xff, 0xe0,
    0x6, 0xf4, 0x44, 0xf6, 0x6, 0x65, 0x55, 0x10,
    0x6, 0xf3, 0x34, 0xf6, 0x3f, 0x30, 0x0, 0x0,
    0x6, 0xff, 0xff, 0xf6, 0x3f, 0x30, 0x6e, 0x40,
    0x6, 0xf0, 0x1, 0xf6, 0x3f, 0xcf, 0xe8, 0x20,
    0x6, 0xff, 0xff, 0xf6, 0x3f, 0x93, 0x0, 0x0,
    0x6, 0xf1, 0x12, 0xf6, 0x3f, 0x30, 0x0, 0xe4,
    0x6, 0xf0, 0x46, 0xf6, 0x2f, 0xa6, 0x68, 0xf3,
    0x6, 0xf0, 0x8f, 0xc1, 0x9, 0xde, 0xed, 0x90,

    /* U+81EA "自" */
    0x0, 0x0, 0x5, 0x30, 0x0, 0x0, 0x0, 0x0,
    0x2f, 0x80, 0x0, 0x0, 0x24, 0x44, 0x8f, 0x74,
    0x44, 0x43, 0x7f, 0xff, 0xff, 0xff, 0xff, 0xfa,
    0x7f, 0x21, 0x11, 0x11, 0x11, 0xea, 0x7f, 0x0,
    0x0, 0x0, 0x0, 0xea, 0x7f, 0xff, 0xff, 0xff,
    0xff, 0xfa, 0x7f, 0x76, 0x66, 0x66, 0x66, 0xfa,
    0x7f, 0x0, 0x0, 0x0, 0x0, 0xea, 0x7f, 0x66,
    0x66, 0x66, 0x66, 0xfa, 0x7f, 0xff, 0xff, 0xff,
    0xff, 0xfa, 0x7f, 0x0, 0x0, 0x0, 0x0, 0xea,
    0x7f, 0x0, 0x0, 0x0, 0x0, 0xea, 0x7f, 0xff,
    0xff, 0xff, 0xff, 0xfa, 0x7f, 0x76, 0x66, 0x66,
    0x66, 0xe9,

    /* U+822A "航" */
    0x0, 0x4, 0x71, 0x0, 0x1, 0x81, 0x0, 0x0,
    0x0, 0x9, 0xe0, 0x0, 0x0, 0xf7, 0x0, 0x0,
    0x2, 0xae, 0xea, 0x90, 0x0, 0xaa, 0x0, 0x0,
    0x4, 0xf8, 0x8b, 0xea, 0xff, 0xff, 0xff, 0xf0,
    0x4, 0xf6, 0x55, 0xe4, 0x55, 0x55, 0x55, 0x50,
    0x4, 0xf6, 0xc5, 0xe0, 0x0, 0x0, 0x0, 0x0,
    0x4, 0xf1, 0xd6, 0xe0, 0x6f, 0xff, 0xf7, 0x0,
    0x18, 0xf6, 0x69, 0xe0, 0x6f, 0x55, 0xf7, 0x0,
    0x2d, 0xfd, 0xde, 0xe0, 0x6e, 0x0, 0xe7, 0x0,
    0x4, 0xf6, 0x35, 0xe0, 0x7e, 0x0, 0xe7, 0x0,
    0x5, 0xe5, 0xc6, 0xe0, 0x9c, 0x0, 0xe7, 0x0,
    0x6, 0xd0, 0xa7, 0xe0, 0xaa, 0x0, 0xe7, 0x20,
    0xa, 0xb0, 0x5, 0xe0, 0xe8, 0x0, 0xe7, 0xb3,
    0xf, 0x70, 0x39, 0xe7, 0xf2, 0x0, 0xea, 0xd3,
    0x1e, 0x10, 0xdf, 0x8c, 0x80, 0x0, 0x8f, 0xc0,
    0x0, 0x0, 0x0, 0x0, 0x0, 0x0, 0x0, 0x0,

    /* U+8272 "色" */
    0x0, 0x0, 0x3, 0x20, 0x0, 0x0, 0x0, 0x0,
    0x0, 0x0, 0x1f, 0xb1, 0x11, 0x10, 0x0, 0x0,
    0x0, 0x0, 0xcf, 0xff, 0xff, 0xf5, 0x0, 0x0,
    0x0, 0xa, 0xf5, 0x33, 0x4e, 0xc0, 0x0, 0x0,
    0x2, 0xdf, 0x50, 0x0, 0xbe, 0x20, 0x0, 0x0,
    0x2e, 0xff, 0xff, 0xff, 0xff, 0xff, 0xfc, 0x0,
    0xb, 0x9f, 0x65, 0x5b, 0xf5, 0x55, 0xcc, 0x0,
    0x0, 0x5f, 0x10, 0x8, 0xe0, 0x0, 0xbc, 0x0,
    0x0, 0x5f, 0x54, 0x4a, 0xf4, 0x44, 0xcc, 0x0,
    0x0, 0x5f, 0xff, 0xff, 0xff, 0xff, 0xfc, 0x0,
    0x0, 0x5f, 0x32, 0x22, 0x22, 0x22, 0x99, 0x0,
    0x0, 0x5f, 0x10, 0x0, 0x0, 0x0, 0x1, 0x91,
    0x0, 0x5f, 0x10, 0x0, 0x0, 0x0, 0x4, 0xf3,
    0x0, 0x3f, 0xa6, 0x55, 0x55, 0x55, 0x6d, 0xe0,
    0x0, 0x7, 0xdf, 0xff, 0xff, 0xff, 0xfc, 0x40,

    /* U+8282 "节" */
    0x0, 0x0, 0x8f, 0x0, 0x0, 0xf9, 0x0, 0x0,
    0x4, 0x44, 0xaf, 0x54, 0x44, 0xfb, 0x44, 0x40,
    0x1f, 0xff, 0xff, 0xff, 0xff, 0xff, 0xff, 0xf1,
    0x1, 0x11, 0x9f, 0x21, 0x11, 0xfa, 0x11, 0x10,
    0x0, 0x0, 0x6c, 0x0, 0x0, 0xc7, 0x0, 0x0,
    0x5, 0xff, 0xff, 0xff, 0xff, 0xff, 0xfa, 0x0,
    0x3, 0x77, 0x7b, 0xf9, 0x77, 0x77, 0xea, 0x0,
    0x0, 0x0, 0x6, 0xf2, 0x0, 0x0, 0xda, 0x0,
    0x0, 0x0, 0x6, 0xf2, 0x0, 0x0, 0xda, 0x0,
    0x0, 0x0, 0x6, 0xf2, 0x0, 0x0, 0xda, 0x0,
    0x0, 0x0, 0x6, 0xf2, 0x5, 0x78, 0xfa, 0x0,
    0x0, 0x0, 0x6, 0xf2, 0x7, 0xff, 0xd3, 0x0,
    0x0, 0x0, 0x6, 0xf2, 0x0, 0x0, 0x0, 0x0,
    0x0, 0x0, 0x6, 0xf2, 0x0, 0x0, 0x0, 0x0,

    /* U+8350 "荐" */
    0x4, 0x44, 0xbd, 0x44, 0x44, 0xdc, 0x44, 0x40,
    0x1f, 0xff, 0xff, 0xff, 0xff, 0xff, 0xff, 0xf1,
    0x0, 0x0, 0xae, 0x61, 0x0, 0xca, 0x0, 0x0,
    0x1, 0x11, 0x3a, 0xf3, 0x11, 0x43, 0x11, 0x10,
    0xf, 0xff, 0xff, 0xff, 0xff, 0xff, 0xff, 0xe0,
    0x1, 0x12, 0xdd, 0x21, 0x11, 0x11, 0x11, 0x10,
    0x0, 0x8, 0xf3, 0x3c, 0xcc, 0xcc, 0xd9, 0x0,
    0x0, 0x6f, 0x90, 0x15, 0x55, 0x6e, 0xf5, 0x0,
    0x8, 0xff, 0x80, 0x0, 0x1, 0xed, 0x30, 0x0,
    0x4f, 0xad, 0x82, 0x44, 0x47, 0xf7, 0x44, 0x40,
    0x4, 0xd, 0x86, 0xff, 0xff, 0xff, 0xff, 0xf2,
    0x0, 0xd, 0x80, 0x0, 0x3, 0xf3, 0x0, 0x0,
    0x0, 0xd, 0x80, 0x1, 0x47, 0xf3, 0x0, 0x0,
    0x0, 0xd, 0x80, 0x1, 0xfe, 0xb0, 0x0, 0x0,

    /* U+85CF "藏" */
    0x0, 0x0, 0x5f, 0x10, 0x2, 0xf5, 0x0, 0x0,
    0xf, 0xff, 0xff, 0xff, 0xff, 0xff, 0xff, 0xf0,
    0x4, 0x44, 0x8f, 0x64, 0x46, 0xf9, 0x7c, 0x50,
    0x2, 0x11, 0x68, 0x54, 0x45, 0xdc, 0x6e, 0xa0,
    0xa, 0x76, 0xfa, 0xaa, 0xaa, 0xde, 0xaa, 0xa2,
    0xa, 0x87, 0xd5, 0xbb, 0xbb, 0x9c, 0x9, 0x40,
    0xa, 0xff, 0xd7, 0xb7, 0xc4, 0x6d, 0x1f, 0x40,
    0x8, 0x89, 0xd7, 0xda, 0xe8, 0x6f, 0x6f, 0x0,
    0x14, 0x49, 0xc7, 0xd8, 0x8e, 0x5f, 0xba, 0x0,
    0x4f, 0xff, 0xb7, 0xb3, 0x3e, 0x3f, 0xf3, 0x0,
    0x8, 0x88, 0xa7, 0xca, 0xd8, 0x1d, 0xc0, 0x0,
    0xa, 0x7a, 0x87, 0xec, 0xeb, 0xaf, 0xe0, 0x94,
    0xe, 0x4f, 0x57, 0xb4, 0x4b, 0xf6, 0xea, 0xd4,
    0x3a, 0x2c, 0x1, 0x10, 0x1c, 0x50, 0x4d, 0xc0,
    0x0, 0x0, 0x0, 0x0, 0x0, 0x0, 0x0, 0x0,

    /* U+884C "行" */
    0x0, 0x3, 0xc3, 0x0, 0x0, 0x0, 0x0, 0x0,
    0x0, 0x1e, 0xd0, 0x1f, 0xff, 0xff, 0xff, 0x90,
    0x2, 0xee, 0x20, 0x6, 0x66, 0x66, 0x66, 0x40,
    0x2f, 0xe3, 0x10, 0x0, 0x0, 0x0, 0x0, 0x0,
    0xc, 0x20, 0xcd, 0x0, 0x0, 0x0, 0x0, 0x0,
    0x0, 0x8, 0xf5, 0x11, 0x11, 0x11, 0x11, 0x10,
    0x0, 0x4f, 0xc0, 0xcf, 0xff, 0xff, 0xff, 0xf1,
    0x5, 0xff, 0x80, 0x34, 0x44, 0x4d, 0xd4, 0x40,
    0x4f, 0xef, 0x80, 0x0, 0x0, 0xb, 0xc0, 0x0,
    0x1a, 0x1f, 0x80, 0x0, 0x0, 0xb, 0xc0, 0x0,
    0x0, 0xf, 0x80, 0x0, 0x0, 0xb, 0xc0, 0x0,
    0x0, 0xf, 0x80, 0x0, 0x0, 0xb, 0xc0, 0x0,
    0x0, 0xf, 0x80, 0x0, 0x0, 0xb, 0xc0, 0x0,
    0x0, 0xf, 0x80, 0x0, 0x38, 0x8e, 0xb0, 0x0,
    0x0, 0xf, 0x80, 0x0, 0x2e, 0xec, 0x40, 0x0,

    /* U+8868 "表" */
    0x0, 0x0, 0x0, 0xc, 0xb0, 0x0, 0x0, 0x0,
    0x4, 0xee, 0xee, 0xef, 0xfe, 0xee, 0xee, 0x50,
    0x0, 0x11, 0x11, 0x1c, 0xb1, 0x11, 0x11, 0x0,
    0x0, 0x7f, 0xff, 0xff, 0xff, 0xff, 0xfb, 0x0,
    0x0, 0x13, 0x33, 0x3d, 0xc3, 0x33, 0x32, 0x0,
    0x4, 0x55, 0x55, 0x5d, 0xc5, 0x55, 0x55, 0x40,
    0xe, 0xff, 0xff, 0xff, 0xff, 0xff, 0xff, 0xd0,
    0x0, 0x0, 0x1b, 0xf5, 0xe9, 0x0, 0x5, 0x0,
    0x0, 0x6, 0xee, 0x30, 0x7f, 0x31, 0xcf, 0x30,
    0x18, 0xef, 0xf9, 0x0, 0xd, 0xde, 0xc2, 0x0,
    0x1d, 0xa2, 0xf9, 0x0, 0x3, 0xfe, 0x10, 0x0,
    0x0, 0x0, 0xf9, 0x26, 0xb4, 0x5f, 0xe4, 0x0,
    0x0, 0x4, 0xff, 0xff, 0xb3, 0x3, 0xdf, 0xd2,
    0x0, 0x6, 0xfa, 0x50, 0x0, 0x0, 0x5, 0x80,
    0x0, 0x0, 0x0, 0x0, 0x0, 0x0, 0x0, 0x0,

    /* U+8981 "要" */
    0xe, 0xff, 0xff, 0xff, 0xff, 0xff, 0xff, 0xd0,
    0x4, 0x44, 0x4b, 0xd4, 0x4f, 0x94, 0x44, 0x40,
    0x0, 0x33, 0x3b, 0xd3, 0x3f, 0x83, 0x33, 0x0,
    0x1, 0xff, 0xff, 0xff, 0xff, 0xff, 0xff, 0x30,
    0x1, 0xf4, 0x9, 0xc0, 0xf, 0x60, 0x3f, 0x30,
    0x1, 0xf7, 0x3b, 0xd3, 0x3f, 0x93, 0x6f, 0x30,
    0x1, 0xff, 0xff, 0xff, 0xff, 0xff, 0xff, 0x30,
    0x0, 0x0, 0x5, 0xf5, 0x0, 0x0, 0x0, 0x0,
    0x1f, 0xff, 0xff, 0xff, 0xff, 0xff, 0xff, 0xf2,
    0x5, 0x55, 0xdf, 0x55, 0x55, 0xee, 0x55, 0x50,
    0x0, 0x7, 0xfb, 0x40, 0xb, 0xf3, 0x0, 0x0,
    0x0, 0x5, 0x9d, 0xff, 0xef, 0xa0, 0x0, 0x0,
    0x2, 0x35, 0x7a, 0xef, 0xbd, 0xff, 0xb6, 0x10,
    0xb, 0xfe, 0xca, 0x50, 0x0, 0x16, 0xcf, 0x40,
    0x1, 0x0, 0x0, 0x0, 0x0, 0x0, 0x0, 0x0,

    /* U+89C2 "观" */
    0x3, 0x33, 0x33, 0x27, 0xff, 0xff, 0xff, 0xe0,
    0xe, 0xff, 0xff, 0xc7, 0xf4, 0x44, 0x4a, 0xe0,
    0x2, 0x33, 0x3d, 0x97, 0xe0, 0x12, 0x8, 0xe0,
    0x0, 0x20, 0xf, 0x77, 0xe0, 0x7e, 0x8, 0xe0,
    0xa, 0xd0, 0x4f, 0x47, 0xe0, 0x7e, 0x8, 0xe0,
    0x2, 0xf9, 0x8f, 0x7, 0xe0, 0x7e, 0x8, 0xe0,
    0x0, 0x6f, 0xec, 0x7, 0xe0, 0x8d, 0x8, 0xe0,
    0x0, 0xb, 0xf7, 0x7, 0xe0, 0xab, 0x8, 0xe0,
    0x0, 0x8, 0xf9, 0x3, 0x60, 0xeb, 0x33, 0x60,
    0x0, 0x1f, 0xdf, 0x20, 0x4, 0xfe, 0x90, 0x0,
    0x0, 0x9f, 0x1e, 0x90, 0xd, 0xbc, 0x90, 0x56,
    0x6, 0xf7, 0x7, 0x40, 0xaf, 0x1c, 0x90, 0x7b,
    0x1f, 0xc0, 0x0, 0x2c, 0xf4, 0xb, 0xa1, 0xa9,
    0x5, 0x10, 0x0, 0xdd, 0x30, 0x6, 0xef, 0xe3,
    0x0, 0x0, 0x0, 0x10, 0x0, 0x0, 0x0, 0x0,

    /* U+89C6 "视" */
    0x0, 0x27, 0x0, 0x0, 0x0, 0x0, 0x0, 0x0,
    0x0, 0x4f, 0x70, 0xe, 0xff, 0xff, 0xff, 0x80,
    0x0, 0x9, 0xa0, 0xe, 0xa4, 0x44, 0x4f, 0x80,
    0xe, 0xef, 0xfe, 0x3e, 0x80, 0x84, 0xe, 0x80,
    0x6, 0x66, 0xbe, 0xe, 0x80, 0xf7, 0xe, 0x80,
    0x0, 0x1, 0xf6, 0xe, 0x80, 0xf7, 0xe, 0x80,
    0x0, 0xb, 0xe0, 0xe, 0x80, 0xf7, 0xe, 0x80,
    0x0, 0x7f, 0xf2, 0xe, 0x80, 0xf5, 0xe, 0x80,
    0x8, 0xff, 0xee, 0x1e, 0x82, 0xf3, 0xe, 0x80,
    0x3f, 0xaf, 0x6d, 0x56, 0x37, 0xfb, 0x6, 0x30,
    0x4, 0x1f, 0x51, 0x0, 0xd, 0xff, 0x0, 0x0,
    0x0, 0x1f, 0x50, 0x0, 0x8f, 0x9f, 0x0, 0xa2,
    0x0, 0x1f, 0x50, 0x6, 0xf8, 0x5f, 0x0, 0xe4,
    0x0, 0x1f, 0x51, 0xaf, 0x90, 0x4f, 0x66, 0xf2,
    0x0, 0x1f, 0x51, 0xc6, 0x0, 0x9, 0xcc, 0x70,
    0x0, 0x0, 0x0, 0x0, 0x0, 0x0, 0x0, 0x0,

    /* U+89C9 "觉" */
    0x0, 0x0, 0x0, 0x0, 0x0, 0x0, 0x0, 0x0,
    0x2b, 0x30, 0x2f, 0x40, 0x2, 0xe7, 0x0, 0x0,
    0xde, 0x0, 0xbd, 0x0, 0xbe, 0x10, 0x3, 0x69,
    0xf8, 0x69, 0xd7, 0x8f, 0xb6, 0x60, 0x8f, 0xee,
    0xee, 0xee, 0xee, 0xee, 0xfe, 0x8, 0xe0, 0x0,
    0x0, 0x0, 0x0, 0xa, 0xe0, 0x8d, 0xaf, 0xff,
    0xff, 0xff, 0xfe, 0x9c, 0x0, 0xa, 0xe4, 0x45,
    0x54, 0x4b, 0xe0, 0x0, 0x0, 0xad, 0x0, 0xbc,
    0x0, 0xae, 0x0, 0x0, 0xa, 0xd0, 0xb, 0xc0,
    0xa, 0xe0, 0x0, 0x0, 0xad, 0x0, 0xeb, 0x0,
    0xae, 0x0, 0x0, 0x7, 0x90, 0x6f, 0x9f, 0x37,
    0xb0, 0x0, 0x0, 0x0, 0x7f, 0xb4, 0xf3, 0x0,
    0x9, 0x10, 0x27, 0xdf, 0x80, 0x3f, 0x74, 0x36,
    0xf3, 0x6f, 0xe9, 0x20, 0x0, 0xcf, 0xff, 0xfb,
    0x0, 0x30, 0x0, 0x0, 0x0, 0x0, 0x0, 0x0,

    /* U+89D2 "角" */
    0x0, 0x0, 0x0, 0x0, 0x0, 0x0, 0x0, 0x0,
    0x0, 0x2, 0xf7, 0x0, 0x0, 0x0, 0x0, 0x0,
    0x0, 0xaf, 0xff, 0xff, 0xfa, 0x0, 0x0, 0x0,
    0x6f, 0x83, 0x33, 0x9f, 0x60, 0x0, 0x0, 0x5f,
    0xc0, 0x0, 0x1f, 0xb0, 0x0, 0x0, 0x6f, 0xff,
    0xff, 0xff, 0xff, 0xff, 0xf0, 0xc, 0xdf, 0xb5,
    0x5a, 0xf6, 0x55, 0xaf, 0x0, 0x0, 0xf8, 0x0,
    0x6f, 0x10, 0x7, 0xf0, 0x0, 0xf, 0xfe, 0xef,
    0xfe, 0xee, 0xff, 0x0, 0x0, 0xfb, 0x55, 0xaf,
    0x65, 0x5a, 0xf0, 0x0, 0x1f, 0x70, 0x6, 0xf1,
    0x0, 0x7f, 0x0, 0x3, 0xfa, 0x66, 0xaf, 0x76,
    0x6a, 0xf0, 0x0, 0x6f, 0xee, 0xef, 0xfe, 0xee,
    0xff, 0x0, 0xc, 0xe0, 0x0, 0x6f, 0x10, 0x7,
    0xf0, 0x6, 0xf8, 0x0, 0x6, 0xf1, 0x66, 0xbf,
    0x0, 0x8c, 0x0, 0x0, 0x6f, 0x1a, 0xfe, 0x80,
    0x0, 0x0, 0x0, 0x0, 0x0, 0x0, 0x0, 0x0,

    /* U+8BA4 "认" */
    0x0, 0x29, 0x0, 0x0, 0x0, 0xf7, 0x0, 0x0,
    0x0, 0x3e, 0xc1, 0x0, 0x0, 0xf6, 0x0, 0x0,
    0x0, 0x2, 0xe8, 0x0, 0x0, 0xf6, 0x0, 0x0,
    0x0, 0x0, 0x10, 0x0, 0x1, 0xf5, 0x0, 0x0,
    0x7, 0x77, 0x60, 0x0, 0x2, 0xf5, 0x0, 0x0,
    0xf, 0xff, 0xe0, 0x0, 0x4, 0xf7, 0x0, 0x0,
    0x0, 0x7, 0xe0, 0x0, 0x6, 0xfa, 0x0, 0x0,
    0x0, 0x7, 0xe0, 0x0, 0x8, 0xff, 0x0, 0x0,
    0x0, 0x7, 0xe0, 0x0, 0xc, 0xcf, 0x40, 0x0,
    0x0, 0x7, 0xe0, 0x10, 0x2f, 0x5b, 0xb0, 0x0,
    0x0, 0x7, 0xe7, 0xe0, 0x9e, 0x4, 0xf3, 0x0,
    0x0, 0xa, 0xff, 0x64, 0xf8, 0x0, 0xdd, 0x10,
    0x0, 0x2f, 0xd2, 0x3e, 0xd0, 0x0, 0x3f, 0xd1,
    0x0, 0x8, 0x0, 0x9d, 0x20, 0x0, 0x4, 0xf5,
    0x0, 0x0, 0x0, 0x1, 0x0, 0x0, 0x0, 0x10,

    /* U+8BA9 "让" */
    0x0, 0x76, 0x0, 0x0, 0xe, 0xa0, 0x0, 0x0,
    0x0, 0x7f, 0x80, 0x0, 0xe, 0xa0, 0x0, 0x0,
    0x0, 0x6, 0xf2, 0x0, 0xe, 0xa0, 0x0, 0x0,
    0x0, 0x0, 0x10, 0x0, 0xe, 0xa0, 0x0, 0x0,
    0x27, 0x77, 0x30, 0x0, 0xe, 0xc4, 0x44, 0x0,
    0x4f, 0xff, 0x70, 0x0, 0xe, 0xff, 0xff, 0x30,
    0x0, 0xe, 0x70, 0x0, 0xe, 0xb2, 0x22, 0x0,
    0x0, 0xe, 0x70, 0x0, 0xe, 0xa0, 0x0, 0x0,
    0x0, 0xe, 0x70, 0x0, 0xe, 0xa0, 0x0, 0x0,
    0x0, 0xe, 0x70, 0x0, 0xe, 0xa0, 0x0, 0x0,
    0x0, 0xe, 0x8c, 0x50, 0xe, 0xa0, 0x0, 0x0,
    0x0, 0xf, 0xfc, 0x10, 0xe, 0xa0, 0x0, 0x0,
    0x0, 0x6f, 0xa6, 0x88, 0x8f, 0xd8, 0x88, 0x80,
    0x0, 0xa8, 0xb, 0xff, 0xff, 0xff, 0xff, 0xf1,
    0x0, 0x0, 0x0, 0x0, 0x0, 0x0, 0x0, 0x0,

    /* U+8BBE "设" */
    0x0, 0x10, 0x0, 0x0, 0x0, 0x0, 0x0, 0x0,
    0x0, 0xdb, 0x0, 0x4, 0xff, 0xff, 0xf0, 0x0,
    0x0, 0x4f, 0xb0, 0x4, 0xf6, 0x59, 0xf0, 0x0,
    0x0, 0x4, 0xd1, 0x5, 0xf0, 0x6, 0xf0, 0x0,
    0x0, 0x0, 0x0, 0xb, 0xc0, 0x6, 0xf0, 0x0,
    0x28, 0x88, 0x10, 0x9f, 0x50, 0x4, 0xfb, 0xb1,
    0x4f, 0xff, 0x35, 0xf7, 0x0, 0x0, 0x79, 0x91,
    0x0, 0x2f, 0x30, 0x76, 0x66, 0x66, 0x66, 0x10,
    0x0, 0x2f, 0x30, 0xdf, 0xff, 0xff, 0xff, 0x20,
    0x0, 0x2f, 0x30, 0x1f, 0x60, 0x0, 0xcb, 0x0,
    0x0, 0x2f, 0x30, 0x8, 0xf2, 0x7, 0xf3, 0x0,
    0x0, 0x2f, 0x6d, 0x20, 0xce, 0x8f, 0x60, 0x0,
    0x0, 0x4f, 0xfb, 0x10, 0x3f, 0xfc, 0x0, 0x0,
    0x0, 0xbf, 0x81, 0x5a, 0xfd, 0xaf, 0xe8, 0x30,
    0x0, 0x85, 0x7, 0xfc, 0x60, 0x3, 0xaf, 0xf1,
    0x0, 0x0, 0x0, 0x20, 0x0, 0x0, 0x0, 0x20,

    /* U+8BBF "访" */
    0x0, 0x0, 0x0, 0x0, 0x0, 0x20, 0x0, 0x0,
    0x0, 0xa6, 0x0, 0x0, 0x8, 0xf1, 0x0, 0x0,
    0x0, 0x8f, 0x60, 0x0, 0x3, 0xf6, 0x0, 0x0,
    0x0, 0xa, 0xe0, 0x77, 0x78, 0xe9, 0x77, 0x72,
    0x0, 0x0, 0x10, 0xff, 0xff, 0xff, 0xff, 0xf4,
    0x16, 0x66, 0x30, 0x0, 0xda, 0x0, 0x0, 0x0,
    0x3e, 0xef, 0x80, 0x0, 0xea, 0x22, 0x22, 0x0,
    0x0, 0xe, 0x80, 0x0, 0xff, 0xff, 0xff, 0x20,
    0x0, 0xe, 0x80, 0x1, 0xf8, 0x33, 0x8f, 0x10,
    0x0, 0xe, 0x80, 0x3, 0xf4, 0x0, 0x6f, 0x0,
    0x0, 0xe, 0x82, 0x46, 0xf1, 0x0, 0x7f, 0x0,
    0x0, 0xe, 0xdf, 0x7c, 0xc0, 0x0, 0x9e, 0x0,
    0x0, 0x3f, 0xf6, 0x4f, 0x60, 0x0, 0xbc, 0x0,
    0x0, 0xae, 0x32, 0xed, 0x2, 0x66, 0xf9, 0x0,
    0x0, 0x12, 0x3, 0xe2, 0x2, 0xff, 0xd2, 0x0,
    0x0, 0x0, 0x0, 0x0, 0x0, 0x0, 0x0, 0x0,

    /* U+8BC1 "证" */
    0x0, 0x0, 0x0, 0x0, 0x0, 0x0, 0x0, 0x0,
    0x2, 0xd4, 0x0, 0x24, 0x44, 0x44, 0x44, 0x40,
    0x0, 0xaf, 0x50, 0x9f, 0xff, 0xff, 0xff, 0xf2,
    0x0, 0xa, 0xb0, 0x1, 0x11, 0xae, 0x11, 0x10,
    0x0, 0x0, 0x0, 0x0, 0x0, 0x9e, 0x0, 0x0,
    0x2a, 0xaa, 0x30, 0x5, 0x30, 0x9e, 0x0, 0x0,
    0x2e, 0xef, 0x50, 0xd, 0x90, 0x9e, 0x0, 0x0,
    0x0, 0x1f, 0x50, 0xd, 0x90, 0x9f, 0xff, 0xb0,
    0x0, 0x1f, 0x50, 0xd, 0x90, 0x9e, 0x55, 0x40,
    0x0, 0x1f, 0x50, 0xd, 0x90, 0x9e, 0x0, 0x0,
    0x0, 0x1f, 0x53, 0x1d, 0x90, 0x9e, 0x0, 0x0,
    0x0, 0x1f, 0xbf, 0x6d, 0x90, 0x9e, 0x0, 0x0,
    0x0, 0x4f, 0xf8, 0xd, 0x90, 0x9e, 0x0, 0x0,
    0x0, 0xcf, 0x51, 0xff, 0xff, 0xff, 0xff, 0xf8,
    0x0, 0x42, 0x0, 0x66, 0x66, 0x66, 0x66, 0x63,

    /* U+8BC6 "识" */
    0x0, 0x0, 0x0, 0x0, 0x0, 0x0, 0x0, 0x0,
    0x2, 0xd4, 0x0, 0x5, 0x55, 0x55, 0x55, 0x20,
    0x0, 0xaf, 0x50, 0xf, 0xff, 0xff, 0xff, 0x70,
    0x0, 0xb, 0xc0, 0xf, 0x71, 0x11, 0x2f, 0x70,
    0x0, 0x0, 0x10, 0xf, 0x70, 0x0, 0x1f, 0x70,
    0x17, 0x77, 0x20, 0xf, 0x70, 0x0, 0x1f, 0x70,
    0x2f, 0xff, 0x50, 0xf, 0x70, 0x0, 0x1f, 0x70,
    0x0, 0x1f, 0x50, 0xf, 0xb7, 0x77, 0x7f, 0x70,
    0x0, 0x1f, 0x50, 0xf, 0xff, 0xff, 0xff, 0x60,
    0x0, 0x1f, 0x50, 0x0, 0x0, 0x0, 0x0, 0x0,
    0x0, 0x1f, 0x52, 0x0, 0x72, 0x0, 0x63, 0x0,
    0x0, 0x1f, 0xaf, 0x46, 0xf4, 0x0, 0xec, 0x0,
    0x0, 0x3f, 0xfa, 0xd, 0xd0, 0x0, 0x5f, 0x50,
    0x0, 0xaf, 0x70, 0x8f, 0x50, 0x0, 0xe, 0xd0,
    0x0, 0x85, 0x1, 0xe9, 0x0, 0x0, 0x7, 0xe2,
    0x0, 0x0, 0x0, 0x10, 0x0, 0x0, 0x0, 0x0,

    /* U+8BD1 "译" */
    0x0, 0x30, 0x0, 0x0, 0x0, 0x0, 0x0, 0x0,
    0x4, 0xf5, 0x4, 0xff, 0xff, 0xff, 0xff, 0x30,
    0x0, 0xbe, 0x11, 0x5e, 0xb4, 0x45, 0xed, 0x0,
    0x0, 0x2f, 0x40, 0x4, 0xf6, 0xb, 0xf4, 0x0,
    0x0, 0x1, 0x0, 0x0, 0x8f, 0xcf, 0x60, 0x0,
    0x17, 0x77, 0x10, 0x0, 0x6f, 0xfd, 0x30, 0x0,
    0x3f, 0xff, 0x43, 0x8e, 0xfa, 0x5c, 0xfc, 0x71,
    0x0, 0x2f, 0x4b, 0xd8, 0x18, 0xd0, 0x38, 0xa0,
    0x0, 0x2f, 0x40, 0x24, 0x4a, 0xe4, 0x44, 0x0,
    0x0, 0x2f, 0x40, 0x8f, 0xff, 0xff, 0xff, 0x0,
    0x0, 0x2f, 0x40, 0x0, 0x8, 0xe0, 0x0, 0x0,
    0x0, 0x2f, 0x78, 0x55, 0x5b, 0xf5, 0x55, 0x50,
    0x0, 0x4f, 0xfd, 0xff, 0xff, 0xff, 0xff, 0xf1,
    0x0, 0xaf, 0x60, 0x0, 0x8, 0xe0, 0x0, 0x0,
    0x0, 0x52, 0x0, 0x0, 0x8, 0xe0, 0x0, 0x0,

    /* U+8BF4 "说" */
    0x0, 0x0, 0x0, 0x3, 0x0, 0x0, 0x40, 0x0,
    0x1, 0xd6, 0x0, 0x1f, 0x80, 0x2, 0xf8, 0x0,
    0x0, 0x9f, 0x60, 0x8, 0xf2, 0x9, 0xf1, 0x0,
    0x0, 0xa, 0xe0, 0x35, 0xe6, 0x4f, 0xb3, 0x0,
    0x0, 0x0, 0x20, 0xef, 0xff, 0xff, 0xff, 0x0,
    0x17, 0x77, 0x30, 0xe8, 0x0, 0x0, 0x7f, 0x0,
    0x3f, 0xff, 0x60, 0xe8, 0x0, 0x0, 0x7f, 0x0,
    0x0, 0x1f, 0x60, 0xeb, 0x55, 0x55, 0xaf, 0x0,
    0x0, 0x1f, 0x60, 0xef, 0xff, 0xff, 0xff, 0x0,
    0x0, 0x1f, 0x60, 0x1, 0xf6, 0x3f, 0x30, 0x0,
    0x0, 0x1f, 0x63, 0x14, 0xf4, 0x3f, 0x30, 0x0,
    0x0, 0x1f, 0xcf, 0x68, 0xf0, 0x3f, 0x30, 0x10,
    0x0, 0x5f, 0xf8, 0x2f, 0xa0, 0x3f, 0x30, 0xf3,
    0x0, 0xde, 0x45, 0xee, 0x10, 0x3f, 0x87, 0xf2,
    0x0, 0x52, 0xd, 0xb2, 0x0, 0xc, 0xff, 0xb0,
    0x0, 0x0, 0x0, 0x0, 0x0, 0x0, 0x0, 0x0,

    /* U+8C03 "调" */
    0x0, 0x20, 0x0, 0x0, 0x0, 0x0, 0x0, 0x0,
    0x2f, 0x80, 0xe, 0xff, 0xff, 0xff, 0xfe, 0x0,
    0x7f, 0x70, 0xe9, 0x44, 0x44, 0x49, 0xe0, 0x0,
    0x8a, 0xe, 0x60, 0x1d, 0x0, 0x6e, 0x0, 0x0,
    0x0, 0xe6, 0xaf, 0xff, 0xa6, 0xe2, 0x88, 0x82,
    0xe, 0x61, 0x4f, 0x31, 0x6e, 0x4f, 0xff, 0x30,
    0xe6, 0x24, 0xf3, 0x26, 0xe0, 0x25, 0xf3, 0xe,
    0x6f, 0xff, 0xff, 0x7e, 0x0, 0x3f, 0x30, 0xf4,
    0x11, 0x11, 0x16, 0xe0, 0x3, 0xf3, 0xf, 0x3c,
    0xff, 0xf9, 0x6e, 0x0, 0x3f, 0x31, 0xf2, 0xc5,
    0x8, 0x96, 0xe0, 0x3, 0xf7, 0x9f, 0xc, 0x72,
    0xa9, 0x6e, 0x0, 0x6f, 0xff, 0xb0, 0xcf, 0xee,
    0x86, 0xe0, 0xd, 0xf7, 0xe6, 0x4, 0x20, 0x25,
    0xae, 0x0, 0x52, 0x2b, 0x0, 0x0, 0x2, 0xfe,
    0x70, 0x0, 0x0, 0x0, 0x0, 0x0, 0x0, 0x0,

    /* U+8C08 "谈" */
    0x0, 0x42, 0x0, 0x0, 0x7, 0xf0, 0x0, 0x0,
    0x0, 0xbf, 0x40, 0x3f, 0x28, 0xf0, 0x1f, 0x70,
    0x0, 0xa, 0xd0, 0xac, 0xa, 0xd0, 0xad, 0x0,
    0x0, 0x0, 0x11, 0xc3, 0xf, 0xd4, 0x92, 0x0,
    0x17, 0x77, 0x30, 0x0, 0xaf, 0xaf, 0xa1, 0x0,
    0x3f, 0xff, 0x60, 0x5c, 0xf4, 0x4, 0xdf, 0x60,
    0x0, 0xf, 0x62, 0xfb, 0x35, 0xb0, 0xa, 0xa0,
    0x0, 0xf, 0x60, 0x26, 0x8, 0xf0, 0x5, 0x40,
    0x0, 0xf, 0x60, 0x6f, 0x9, 0xf0, 0x1f, 0x90,
    0x0, 0xf, 0x60, 0xda, 0xd, 0xf3, 0xae, 0x10,
    0x0, 0xf, 0x85, 0xc2, 0x3f, 0xfc, 0xb4, 0x0,
    0x0, 0xf, 0xfa, 0x2, 0xee, 0x4f, 0x80, 0x0,
    0x0, 0x5f, 0xb4, 0x8f, 0xf4, 0x5, 0xfc, 0x51,
    0x0, 0x59, 0xb, 0xf9, 0x10, 0x0, 0x4d, 0xf3,
    0x0, 0x0, 0x1, 0x0, 0x0, 0x0, 0x0, 0x10,

    /* U+8D28 "质" */
    0x0, 0x0, 0x0, 0x0, 0x0, 0x1, 0x41, 0x0,
    0x0, 0x35, 0x67, 0x89, 0xbd, 0xff, 0xfc, 0x0,
    0x0, 0xdf, 0xed, 0xcb, 0xdf, 0x64, 0x10, 0x0,
    0x0, 0xda, 0x0, 0x0, 0xae, 0x0, 0x0, 0x0,
    0x0, 0xdf, 0xff, 0xff, 0xff, 0xff, 0xff, 0xf2,
    0x0, 0xdb, 0x44, 0x44, 0xdc, 0x44, 0x44, 0x40,
    0x0, 0xd9, 0x15, 0x55, 0xeb, 0x55, 0x55, 0x0,
    0x0, 0xe9, 0x5f, 0xff, 0xff, 0xff, 0xff, 0x0,
    0x0, 0xf8, 0x5f, 0x20, 0x36, 0x0, 0x8f, 0x0,
    0x0, 0xf6, 0x5f, 0x20, 0x7f, 0x10, 0x8f, 0x0,
    0x2, 0xf4, 0x5f, 0x20, 0x8f, 0x0, 0x8f, 0x0,
    0x6, 0xf1, 0x5f, 0x20, 0xec, 0x0, 0x8f, 0x0,
    0xa, 0xd0, 0x2, 0x2b, 0xf5, 0xb7, 0x33, 0x0,
    0x1f, 0x80, 0x39, 0xfe, 0x41, 0x7e, 0xf9, 0x10,
    0x3d, 0x14, 0xfe, 0x70, 0x0, 0x0, 0x6e, 0xb0,
    0x0, 0x0, 0x20, 0x0, 0x0, 0x0, 0x0, 0x0,

    /* U+8D34 "贴" */
    0xe, 0xff, 0xff, 0xe0, 0x0, 0xf5, 0x0, 0x0,
    0xe, 0x85, 0x58, 0xe0, 0x0, 0xf5, 0x0, 0x0,
    0xe, 0x44, 0x15, 0xe0, 0x0, 0xf9, 0x55, 0x50,
    0xe, 0x4e, 0x55, 0xe0, 0x0, 0xff, 0xff, 0xf1,
    0xe, 0x4e, 0x55, 0xe0, 0x0, 0xf5, 0x0, 0x0,
    0xe, 0x4e, 0x55, 0xe0, 0x0, 0xf5, 0x0, 0x0,
    0xe, 0x4e, 0x55, 0xe0, 0x0, 0xf5, 0x0, 0x0,
    0xe, 0x4f, 0x55, 0xe5, 0xff, 0xff, 0xff, 0x60,
    0xe, 0x5f, 0x45, 0xe6, 0xe6, 0x66, 0x6f, 0x60,
    0xa, 0x6f, 0x13, 0x96, 0xd0, 0x0, 0xe, 0x60,
    0x0, 0x6d, 0x87, 0x6, 0xd0, 0x0, 0xe, 0x60,
    0x0, 0xe6, 0x6f, 0x26, 0xd0, 0x0, 0xe, 0x60,
    0xb, 0xc0, 0xc, 0xb6, 0xff, 0xff, 0xff, 0x60,
    0x4b, 0x10, 0x3, 0x56, 0xe6, 0x66, 0x6e, 0x60,
    0x0, 0x0, 0x0, 0x0, 0x0, 0x0, 0x0, 0x0,

    /* U+8D44 "资" */
    0x0, 0x0, 0x0, 0x2, 0x30, 0x0, 0x0, 0x0,
    0x3, 0xb5, 0x0, 0xc, 0xc0, 0x0, 0x0, 0x0,
    0x2, 0xaf, 0xd2, 0x5f, 0xff, 0xff, 0xff, 0xb0,
    0x0, 0x2, 0x95, 0xf9, 0x1a, 0xf2, 0x4f, 0x60,
    0x0, 0x0, 0x28, 0xa0, 0x2f, 0xf6, 0x3a, 0x0,
    0x3, 0x8d, 0xf9, 0x3, 0xdc, 0x4f, 0x92, 0x0,
    0xf, 0xe9, 0x33, 0xaf, 0xb0, 0x3, 0xdf, 0xb1,
    0x2, 0x0, 0x3, 0xb5, 0x0, 0x0, 0x5, 0x70,
    0x0, 0x2f, 0xff, 0xff, 0xff, 0xff, 0xf6, 0x0,
    0x0, 0x2f, 0x96, 0x67, 0x86, 0x67, 0xf6, 0x0,
    0x0, 0x2f, 0x40, 0xd, 0xb0, 0x1, 0xf6, 0x0,
    0x0, 0x2f, 0x40, 0x3f, 0x60, 0x1, 0xf6, 0x0,
    0x0, 0x16, 0x23, 0xeb, 0x6f, 0xa5, 0x51, 0x0,
    0x0, 0x36, 0xbf, 0xb1, 0x5, 0xbf, 0xfa, 0x30,
    0xe, 0xfe, 0xa4, 0x0, 0x0, 0x1, 0x7e, 0xa0,
    0x2, 0x10, 0x0, 0x0, 0x0, 0x0, 0x0, 0x0,

    /* U+8DD1 "跑" */
    0x0, 0x0, 0x0, 0x0, 0x74, 0x0, 0x0, 0x0,
    0xd, 0xff, 0xff, 0x22, 0xf7, 0x0, 0x0, 0x0,
    0xd, 0x94, 0x6f, 0x28, 0xf9, 0x66, 0x66, 0x10,
    0xd, 0x60, 0x2f, 0x4f, 0xed, 0xdd, 0xef, 0x40,
    0xd, 0x82, 0x5f, 0xde, 0x10, 0x0, 0x1f, 0x40,
    0xd, 0xff, 0xff, 0x9f, 0xff, 0xfd, 0x1f, 0x40,
    0x1, 0x1d, 0x81, 0xe, 0x84, 0x8d, 0x2f, 0x40,
    0x7, 0x2d, 0x70, 0xe, 0x60, 0x6d, 0x2f, 0x30,
    0xe, 0x4d, 0xed, 0x1e, 0x72, 0x7d, 0x2f, 0x30,
    0xe, 0x4d, 0xc8, 0x1e, 0xff, 0xfd, 0x4f, 0x20,
    0xe, 0x4d, 0x70, 0xe, 0x71, 0x2f, 0xfe, 0x0,
    0xe, 0x4d, 0x72, 0x1e, 0x60, 0x4, 0x52, 0x0,
    0xe, 0x9e, 0xff, 0x6e, 0x60, 0x0, 0x1, 0xd1,
    0x8f, 0xfc, 0x73, 0xd, 0xa4, 0x33, 0x49, 0xf0,
    0x35, 0x0, 0x0, 0x6, 0xef, 0xff, 0xff, 0x70,

    /* U+8DDF "跟" */
    0xd, 0xff, 0xff, 0x7e, 0xff, 0xff, 0xff, 0x30,
    0xd, 0x94, 0x4c, 0x7e, 0xa5, 0x55, 0x6f, 0x30,
    0xd, 0x60, 0xb, 0x7e, 0x70, 0x0, 0x2f, 0x30,
    0xd, 0x60, 0xb, 0x7e, 0xfe, 0xee, 0xef, 0x30,
    0xd, 0xff, 0xff, 0x7e, 0xa6, 0x66, 0x7f, 0x30,
    0x3, 0x38, 0xe3, 0x1e, 0x70, 0x0, 0x2f, 0x30,
    0x7, 0x26, 0xe0, 0xe, 0xff, 0xff, 0xff, 0x30,
    0xe, 0x56, 0xff, 0x7e, 0x93, 0xf5, 0x23, 0x20,
    0xe, 0x56, 0xf5, 0x2e, 0x70, 0xc8, 0x3d, 0xb0,
    0xe, 0x56, 0xe0, 0xe, 0x70, 0x6f, 0xfa, 0x0,
    0xe, 0x56, 0xe2, 0x3e, 0x70, 0xe, 0xc0, 0x0,
    0xe, 0xac, 0xff, 0x8e, 0x72, 0x66, 0xf8, 0x0,
    0x8f, 0xea, 0x61, 0x3f, 0xff, 0xf1, 0x9f, 0xc0,
    0x23, 0x0, 0x0, 0x3e, 0x84, 0x0, 0x6, 0x90,
    0x0, 0x0, 0x0, 0x0, 0x0, 0x0, 0x0, 0x0,

    /* U+8DEF "路" */
    0x0, 0x0, 0x0, 0x0, 0x5, 0x60, 0x0, 0x0,
    0x5, 0xff, 0xff, 0xe0, 0xd, 0xc0, 0x0, 0x0,
    0x5, 0xf4, 0x49, 0xe0, 0x4f, 0xff, 0xff, 0x50,
    0x5, 0xe0, 0x7, 0xe0, 0xce, 0x54, 0xaf, 0x10,
    0x5, 0xe0, 0x7, 0xe8, 0xff, 0x61, 0xea, 0x0,
    0x5, 0xff, 0xff, 0xfe, 0x98, 0xfb, 0xf1, 0x0,
    0x1, 0x35, 0xf6, 0x32, 0x0, 0xdf, 0x70, 0x0,
    0x2, 0x42, 0xf2, 0x0, 0x7, 0xff, 0xe3, 0x0,
    0x6, 0xc2, 0xf9, 0x82, 0xaf, 0x72, 0xcf, 0x91,
    0x6, 0xc2, 0xfe, 0xdf, 0xfa, 0x55, 0x5e, 0xf6,
    0x6, 0xc2, 0xf2, 0x4, 0xff, 0xee, 0xef, 0xa0,
    0x6, 0xc2, 0xf2, 0x0, 0xe6, 0x0, 0xe, 0x80,
    0x6, 0xd5, 0xfb, 0xe3, 0xe6, 0x0, 0xe, 0x80,
    0x1d, 0xff, 0xeb, 0x71, 0xea, 0x66, 0x6f, 0x80,
    0xa, 0x63, 0x0, 0x0, 0xee, 0xdd, 0xdf, 0x70,

    /* U+8F6E "轮" */
    0x0, 0x2, 0x0, 0x0, 0x0, 0x31, 0x0, 0x0,
    0x0, 0xf, 0x60, 0x0, 0x2, 0xf9, 0x0, 0x0,
    0x7, 0x8f, 0x97, 0x40, 0xa, 0xff, 0x20, 0x0,
    0x1f, 0xff, 0xff, 0xa0, 0x3f, 0x6d, 0xb0, 0x0,
    0x0, 0xaa, 0x40, 0x1, 0xea, 0x3, 0xf7, 0x0,
    0x0, 0xe6, 0xf1, 0xc, 0xc0, 0x0, 0x6f, 0x60,
    0x5, 0xd2, 0xf1, 0xab, 0x63, 0x0, 0x5, 0xe1,
    0xd, 0xff, 0xff, 0xa0, 0xe8, 0x1, 0xb5, 0x0,
    0x5, 0x67, 0xf7, 0x30, 0xe9, 0x6e, 0xf5, 0x0,
    0x0, 0x2, 0xf1, 0x0, 0xef, 0xfb, 0x10, 0x0,
    0x0, 0x16, 0xfb, 0x90, 0xed, 0x40, 0x0, 0x0,
    0x1f, 0xff, 0xfc, 0x70, 0xe8, 0x0, 0x5, 0x30,
    0x9, 0x65, 0xf1, 0x0, 0xe9, 0x0, 0xa, 0xb0,
    0x0, 0x2, 0xf1, 0x0, 0xdc, 0x55, 0x5e, 0x80,
    0x0, 0x2, 0xf1, 0x0, 0x6e, 0xff, 0xfd, 0x20,

    /* U+8F7B "轻" */
    0x0, 0xa, 0x50, 0x0, 0x0, 0x0, 0x0, 0x0,
    0x0, 0xf, 0x70, 0x6, 0xff, 0xff, 0xff, 0x50,
    0x6, 0x7f, 0x96, 0x62, 0x55, 0x55, 0xdf, 0x30,
    0x1f, 0xff, 0xff, 0xe0, 0x0, 0x7, 0xf9, 0x0,
    0x0, 0x9b, 0x41, 0x0, 0x0, 0x7f, 0xc0, 0x0,
    0x0, 0xe5, 0xf5, 0x0, 0x1a, 0xff, 0xc3, 0x0,
    0x5, 0xf0, 0xf5, 0x7, 0xef, 0x85, 0xdf, 0x91,
    0xd, 0xfd, 0xfe, 0xad, 0xc3, 0x0, 0x8, 0xd1,
    0x8, 0xa9, 0xfb, 0x72, 0x55, 0x55, 0x55, 0x40,
    0x0, 0x0, 0xf5, 0x5, 0xff, 0xff, 0xff, 0xa0,
    0x0, 0x3, 0xfb, 0xa0, 0x0, 0x8e, 0x0, 0x0,
    0x2e, 0xff, 0xfd, 0x90, 0x0, 0x8e, 0x0, 0x0,
    0x9, 0x64, 0xf5, 0x0, 0x0, 0x8e, 0x0, 0x0,
    0x0, 0x0, 0xf5, 0x16, 0x66, 0xbf, 0x66, 0x62,
    0x0, 0x0, 0xf5, 0x3f, 0xff, 0xff, 0xff, 0xf5,

    /* U+8F7D "载" */
    0x1, 0x33, 0x9f, 0x33, 0x25, 0xf2, 0xa4, 0x0,
    0x5, 0xff, 0xff, 0xff, 0xa5, 0xf1, 0x6f, 0x40,
    0x0, 0x0, 0x7f, 0x0, 0x4, 0xf1, 0x6, 0x20,
    0x1f, 0xff, 0xff, 0xff, 0xff, 0xff, 0xff, 0xf2,
    0x3, 0x37, 0xe5, 0x33, 0x36, 0xf6, 0x33, 0x30,
    0x3, 0x3a, 0xf4, 0x33, 0x32, 0xf4, 0xc, 0x40,
    0xd, 0xff, 0xff, 0xff, 0xf4, 0xf5, 0x4f, 0x30,
    0x0, 0x9e, 0xb, 0x80, 0x0, 0xf7, 0xad, 0x0,
    0x3, 0xfa, 0x5d, 0xb5, 0x40, 0xca, 0xf7, 0x0,
    0x5, 0xfe, 0xef, 0xfe, 0xd0, 0x9f, 0xe0, 0x0,
    0x0, 0x0, 0xc, 0x90, 0x20, 0x6f, 0x60, 0x40,
    0x9, 0xbc, 0xdf, 0xff, 0xf5, 0xef, 0x70, 0xd5,
    0x7, 0x76, 0x4d, 0x90, 0x3d, 0xc9, 0xf9, 0xf2,
    0x0, 0x0, 0xc, 0x90, 0x9b, 0x0, 0x9e, 0x90,
    0x0, 0x0, 0x0, 0x0, 0x0, 0x0, 0x0, 0x0,

    /* U+8F91 "辑" */
    0x0, 0x5, 0x30, 0x0, 0x0, 0x0, 0x0, 0x0,
    0x0, 0xf, 0x80, 0x5, 0xff, 0xff, 0xff, 0x60,
    0x7, 0x7f, 0xa7, 0x55, 0xf1, 0x11, 0x1f, 0x60,
    0x1f, 0xff, 0xff, 0xb5, 0xf5, 0x55, 0x6f, 0x60,
    0x0, 0x9b, 0x41, 0x2, 0x77, 0x77, 0x77, 0x20,
    0x0, 0xe6, 0xf5, 0x3d, 0xdd, 0xdd, 0xdd, 0xd4,
    0x4, 0xf0, 0xf5, 0x18, 0xf7, 0x55, 0x6f, 0x82,
    0xc, 0xfc, 0xfd, 0x74, 0xf3, 0x11, 0x3f, 0x40,
    0x9, 0xbb, 0xfd, 0x74, 0xff, 0xff, 0xff, 0x40,
    0x0, 0x0, 0xf5, 0x4, 0xf2, 0x0, 0x1f, 0x40,
    0x0, 0x13, 0xfc, 0x94, 0xff, 0xff, 0xff, 0x40,
    0x1e, 0xff, 0xfc, 0x64, 0xf3, 0x11, 0x2f, 0x40,
    0x7, 0x41, 0xf5, 0x3a, 0xfb, 0xbc, 0xdf, 0xf7,
    0x0, 0x0, 0xf5, 0x4b, 0x98, 0x76, 0x6f, 0x60,
    0x0, 0x0, 0xf5, 0x0, 0x0, 0x0, 0x1f, 0x40,
    0x0, 0x0, 0x0, 0x0, 0x0, 0x0, 0x0, 0x0,

    /* U+8FA8 "辨" */
    0x0, 0x0, 0x0, 0x0, 0x0, 0x0, 0x0, 0x0,
    0x0, 0x8a, 0x0, 0x0, 0xe5, 0x5, 0xd0, 0x0,
    0x3, 0x7f, 0x53, 0x0, 0xe5, 0x45, 0xf8, 0x40,
    0x1f, 0xff, 0xfd, 0x0, 0xe5, 0xff, 0xff, 0xf1,
    0x5, 0x70, 0x95, 0x86, 0xe5, 0x48, 0x6, 0x90,
    0x4, 0xc0, 0xe4, 0x96, 0xe5, 0x3e, 0xb, 0x70,
    0x3, 0xd4, 0xf2, 0xa5, 0xe5, 0x2d, 0x2f, 0x30,
    0x3f, 0xff, 0xff, 0xd3, 0xf7, 0xff, 0xff, 0xf5,
    0x1, 0x5f, 0x31, 0xd0, 0xf4, 0x22, 0xf6, 0x20,
    0x4, 0x7f, 0x54, 0x2, 0xf2, 0x0, 0xf5, 0x0,
    0xe, 0xef, 0xec, 0x5, 0xf0, 0xff, 0xff, 0xf2,
    0x0, 0x7e, 0x0, 0xb, 0xb0, 0x45, 0xf8, 0x40,
    0x0, 0xc9, 0x0, 0x3f, 0x40, 0x0, 0xf5, 0x0,
    0x7, 0xf3, 0x2, 0xea, 0x0, 0x0, 0xf5, 0x0,
    0xa, 0x60, 0x3, 0xa0, 0x0, 0x0, 0xf5, 0x0,
    0x0, 0x0, 0x0, 0x0, 0x0, 0x0, 0x0, 0x0,

    /* U+8FB9 "边" */
    0x0, 0x0, 0x0, 0x0, 0x0, 0x0, 0x0, 0x0,
    0x4, 0xd2, 0x0, 0x0, 0x7f, 0x10, 0x0, 0x0,
    0x2, 0xee, 0x10, 0x0, 0x7f, 0x10, 0x0, 0x0,
    0x0, 0x2f, 0xa3, 0x77, 0xcf, 0x87, 0x77, 0x50,
    0x0, 0x3, 0x7, 0xff, 0xff, 0xff, 0xff, 0xb0,
    0x1, 0x11, 0x0, 0x0, 0xbd, 0x0, 0xd, 0xa0,
    0x4f, 0xff, 0x20, 0x0, 0xea, 0x0, 0xe, 0xa0,
    0x15, 0x9f, 0x20, 0x2, 0xf7, 0x0, 0xe, 0x90,
    0x0, 0x5f, 0x20, 0x7, 0xf2, 0x0, 0xf, 0x80,
    0x0, 0x5f, 0x20, 0x1e, 0xb0, 0x0, 0x2f, 0x60,
    0x0, 0x5f, 0x20, 0xbf, 0x20, 0x0, 0x6f, 0x40,
    0x0, 0x5f, 0x2b, 0xf5, 0x4, 0xee, 0xfe, 0x0,
    0x3, 0xdf, 0xa4, 0x30, 0x0, 0x99, 0x82, 0x0,
    0x4f, 0xc6, 0xdf, 0xb8, 0x76, 0x67, 0x79, 0xa5,
    0x2e, 0x10, 0x6, 0xcf, 0xff, 0xff, 0xff, 0xe3,
    0x1, 0x0, 0x0, 0x0, 0x1, 0x10, 0x0, 0x0,

    /* U+8FBE "达" */
    0x3, 0x90, 0x0, 0x0, 0xe, 0xa0, 0x0, 0x0,
    0x3, 0xf9, 0x0, 0x0, 0xe, 0x90, 0x0, 0x0,
    0x0, 0x7f, 0x44, 0x55, 0x5f, 0xb5, 0x55, 0x50,
    0x0, 0x7, 0x1a, 0xff, 0xff, 0xff, 0xff, 0xf0,
    0x0, 0x0, 0x0, 0x11, 0x3f, 0x61, 0x11, 0x10,
    0x17, 0x77, 0x30, 0x0, 0x5f, 0x90, 0x0, 0x0,
    0x2f, 0xff, 0x60, 0x0, 0xaf, 0xf8, 0x0, 0x0,
    0x0, 0x1f, 0x60, 0x1, 0xf8, 0x8f, 0x80, 0x0,
    0x0, 0x1f, 0x60, 0xc, 0xe1, 0x9, 0xf7, 0x0,
    0x0, 0x1f, 0x61, 0xbf, 0x60, 0x0, 0xbf, 0x40,
    0x0, 0x1f, 0x6a, 0xf7, 0x0, 0x0, 0x1e, 0xb0,
    0x2, 0xcf, 0xd4, 0x30, 0x0, 0x0, 0x2, 0x0,
    0x1e, 0xe4, 0xaf, 0xc8, 0x76, 0x66, 0x79, 0xa3,
    0xd, 0x30, 0x4, 0xae, 0xff, 0xff, 0xff, 0xe0,
    0x0, 0x0, 0x0, 0x0, 0x0, 0x0, 0x0, 0x0,

    /* U+8FC1 "迁" */
    0x0, 0x0, 0x0, 0x0, 0x0, 0x0, 0x2, 0x0,
    0x8, 0xa0, 0x0, 0x1, 0x46, 0x9c, 0xff, 0x20,
    0x4, 0xfb, 0x5, 0xff, 0xff, 0xf9, 0x62, 0x0,
    0x0, 0x5f, 0x50, 0x32, 0x8, 0xe0, 0x0, 0x0,
    0x0, 0x3, 0x0, 0x0, 0x8, 0xe0, 0x0, 0x0,
    0x0, 0x0, 0x0, 0x0, 0x8, 0xe0, 0x0, 0x0,
    0x4, 0x44, 0x1e, 0xff, 0xff, 0xff, 0xff, 0xf5,
    0x2f, 0xff, 0x55, 0x55, 0x5b, 0xf5, 0x55, 0x51,
    0x0, 0x2f, 0x50, 0x0, 0x8, 0xe0, 0x0, 0x0,
    0x0, 0x1f, 0x50, 0x0, 0x8, 0xe0, 0x0, 0x0,
    0x0, 0x1f, 0x50, 0x0, 0x8, 0xe0, 0x0, 0x0,
    0x0, 0x2f, 0x50, 0x0, 0x8, 0xe0, 0x0, 0x0,
    0x1, 0xbf, 0xc1, 0x0, 0x8, 0xe0, 0x0, 0x0,
    0x1d, 0xd3, 0x9f, 0xb6, 0x54, 0x55, 0x67, 0x95,
    0x1d, 0x20, 0x3, 0x9e, 0xff, 0xff, 0xff, 0xe4,
    0x0, 0x0, 0x0, 0x0, 0x0, 0x0, 0x0, 0x0,

    /* U+8FC7 "过" */
    0x2, 0x60, 0x0, 0x0, 0x0, 0x9, 0xe0, 0x0,
    0x6, 0xf8, 0x0, 0x0, 0x0, 0x9, 0xe0, 0x0,
    0x0, 0x7f, 0x64, 0x77, 0x77, 0x7c, 0xf7, 0x70,
    0x0, 0x7, 0x29, 0xff, 0xff, 0xff, 0xff, 0xf0,
    0x0, 0x0, 0x0, 0x0, 0x0, 0x9, 0xe0, 0x0,
    0x16, 0x66, 0x20, 0xaa, 0x0, 0x9, 0xe0, 0x0,
    0x2f, 0xff, 0x50, 0x4f, 0x70, 0x9, 0xe0, 0x0,
    0x0, 0x1f, 0x50, 0x9, 0xf2, 0x9, 0xe0, 0x0,
    0x0, 0x1f, 0x50, 0x0, 0x70, 0x9, 0xe0, 0x0,
    0x0, 0x1f, 0x50, 0x0, 0x0, 0xa, 0xe0, 0x0,
    0x0, 0x2f, 0x50, 0x0, 0x6f, 0xff, 0xb0, 0x0,
    0x6, 0xef, 0xe7, 0x30, 0x18, 0x75, 0x0, 0x0,
    0x3f, 0xc2, 0x8f, 0xff, 0xfe, 0xee, 0xff, 0xf3,
    0x7, 0x0, 0x0, 0x47, 0x88, 0x88, 0x87, 0x60,

    /* U+8FD0 "运" */
    0x0, 0x0, 0x0, 0x0, 0x0, 0x0, 0x0, 0x0,
    0x9, 0xc2, 0x0, 0xef, 0xff, 0xff, 0xff, 0x10,
    0x2, 0xde, 0x40, 0x56, 0x66, 0x66, 0x66, 0x0,
    0x0, 0x1c, 0x70, 0x0, 0x0, 0x0, 0x0, 0x0,
    0x0, 0x0, 0x1, 0x11, 0x11, 0x11, 0x11, 0x10,
    0x0, 0x0, 0xf, 0xff, 0xff, 0xff, 0xff, 0xf3,
    0x4f, 0xff, 0x36, 0x67, 0xfd, 0x66, 0x66, 0x61,
    0x26, 0x8f, 0x30, 0x6, 0xf4, 0xa, 0x60, 0x0,
    0x0, 0x3f, 0x30, 0xe, 0xb0, 0x8, 0xf1, 0x0,
    0x0, 0x3f, 0x30, 0x7f, 0x20, 0x1, 0xea, 0x0,
    0x0, 0x3f, 0x33, 0xfe, 0xbc, 0xef, 0xff, 0x30,
    0x0, 0x3f, 0x32, 0xfd, 0xb9, 0x86, 0x5d, 0xb0,
    0x1, 0xaf, 0xb2, 0x0, 0x0, 0x0, 0x3, 0x0,
    0x2d, 0xf8, 0xcf, 0xc8, 0x76, 0x67, 0x78, 0x93,
    0xd, 0x40, 0x5, 0xae, 0xff, 0xff, 0xff, 0xe1,
    0x0, 0x0, 0x0, 0x0, 0x0, 0x0, 0x0, 0x0,

    /* U+8FD1 "近" */
    0x1, 0x50, 0x0, 0x0, 0x12, 0x46, 0x9c, 0x20,
    0x7, 0xf5, 0x0, 0x6f, 0xff, 0xfe, 0xc8, 0x40,
    0x0, 0xaf, 0x20, 0x6f, 0x42, 0x0, 0x0, 0x0,
    0x0, 0x1e, 0x70, 0x6f, 0x0, 0x0, 0x0, 0x0,
    0x0, 0x1, 0x0, 0x7f, 0x0, 0x0, 0x0, 0x0,
    0x0, 0x0, 0x0, 0x7f, 0xdd, 0xdd, 0xdd, 0xd2,
    0x8, 0x88, 0x20, 0x8f, 0xcb, 0xcf, 0xdb, 0xb2,
    0x1f, 0xff, 0x50, 0x9e, 0x0, 0x1f, 0x50, 0x0,
    0x0, 0x1f, 0x50, 0xbc, 0x0, 0x1f, 0x50, 0x0,
    0x0, 0x1f, 0x50, 0xfa, 0x0, 0x1f, 0x50, 0x0,
    0x0, 0x1f, 0x54, 0xf6, 0x0, 0x1f, 0x50, 0x0,
    0x0, 0x2f, 0x5b, 0xf1, 0x0, 0x1f, 0x50, 0x0,
    0x2, 0xcf, 0xc5, 0x50, 0x0, 0x9, 0x30, 0x0,
    0x1e, 0xe6, 0xcf, 0xc7, 0x65, 0x66, 0x78, 0x93,
    0x1d, 0x30, 0x5, 0xbe, 0xff, 0xff, 0xff, 0xe1,
    0x0, 0x0, 0x0, 0x0, 0x0, 0x0, 0x0, 0x0,

    /* U+8FD8 "还" */
    0x3, 0xa0, 0x0, 0x0, 0x0, 0x0, 0x0, 0x0,
    0x4, 0xfb, 0xa, 0xff, 0xff, 0xff, 0xff, 0xe0,
    0x0, 0x6f, 0x84, 0x77, 0x7a, 0xfb, 0x77, 0x70,
    0x0, 0xa, 0x50, 0x0, 0xc, 0xf1, 0x0, 0x0,
    0x0, 0x0, 0x0, 0x0, 0x7f, 0xb0, 0x0, 0x0,
    0x1, 0x11, 0x0, 0x2, 0xff, 0xa3, 0x10, 0x0,
    0x4f, 0xff, 0x20, 0x1d, 0xff, 0xbd, 0xd1, 0x0,
    0x15, 0x9f, 0x22, 0xdf, 0x7d, 0xa2, 0xed, 0x10,
    0x0, 0x5f, 0x5e, 0xf6, 0xd, 0xa0, 0x2e, 0xd1,
    0x0, 0x5f, 0x28, 0x30, 0xd, 0xa0, 0x2, 0x60,
    0x0, 0x5f, 0x20, 0x0, 0xd, 0xa0, 0x0, 0x0,
    0x0, 0x8f, 0x30, 0x0, 0xd, 0xa0, 0x0, 0x0,
    0x8, 0xff, 0xe5, 0x0, 0x2, 0x20, 0x0, 0x0,
    0x5f, 0xc6, 0xdf, 0xe9, 0x87, 0x77, 0x89, 0xa6,
    0x2e, 0x10, 0x6, 0xbe, 0xff, 0xff, 0xff, 0xe4,
    0x0, 0x0, 0x0, 0x0, 0x0, 0x0, 0x0, 0x0,

    /* U+8FD9 "这" */
    0x0, 0x0, 0x0, 0x0, 0x25, 0x0, 0x0, 0x0,
    0x5, 0x60, 0x0, 0x0, 0x7f, 0x30, 0x0, 0x0,
    0x9, 0xf6, 0x0, 0x0, 0x1f, 0xa0, 0x0, 0x0,
    0x0, 0xaf, 0x6f, 0xff, 0xff, 0xff, 0xff, 0xf0,
    0x0, 0x15, 0x15, 0x55, 0x55, 0x5b, 0xf5, 0x50,
    0x0, 0x0, 0x4, 0xb1, 0x0, 0xe, 0xa0, 0x0,
    0x16, 0x66, 0x13, 0xde, 0x50, 0x6f, 0x30, 0x0,
    0x2f, 0xff, 0x20, 0xa, 0xf9, 0xea, 0x0, 0x0,
    0x0, 0x3f, 0x20, 0x0, 0x6f, 0xf4, 0x0, 0x0,
    0x0, 0x3f, 0x20, 0x2, 0xdf, 0xef, 0x40, 0x0,
    0x0, 0x3f, 0x21, 0x8f, 0xe2, 0x1c, 0xf7, 0x0,
    0x0, 0x3f, 0x4f, 0xf9, 0x10, 0x0, 0xaf, 0x40,
    0x1, 0xaf, 0xa6, 0x20, 0x0, 0x0, 0x4, 0x0,
    0x2e, 0xf8, 0xdf, 0xb8, 0x76, 0x67, 0x89, 0xb3,
    0x1e, 0x40, 0x6, 0xbf, 0xff, 0xff, 0xff, 0xe0,
    0x1, 0x0, 0x0, 0x0, 0x1, 0x0, 0x0, 0x0,

    /* U+8FDB "进" */
    0x0, 0x0, 0x0, 0x0, 0x0, 0x0, 0x0, 0x0,
    0x5, 0xc1, 0x0, 0x6, 0xf1, 0xa, 0xd0, 0x0,
    0x2, 0xed, 0x0, 0x6, 0xf1, 0xa, 0xd0, 0x0,
    0x0, 0x3f, 0x83, 0x7a, 0xf8, 0x7d, 0xe7, 0x50,
    0x0, 0x3, 0x8, 0xff, 0xff, 0xff, 0xff, 0xb0,
    0x0, 0x0, 0x0, 0x6, 0xf1, 0xa, 0xd0, 0x0,
    0x18, 0x88, 0x30, 0x6, 0xf1, 0xa, 0xd0, 0x0,
    0x2d, 0xdf, 0x54, 0x7b, 0xf7, 0x7d, 0xe7, 0x70,
    0x0, 0x1f, 0x59, 0xff, 0xff, 0xff, 0xff, 0xf1,
    0x0, 0x1f, 0x50, 0xd, 0xb0, 0xa, 0xd0, 0x0,
    0x0, 0x1f, 0x50, 0x4f, 0x50, 0xa, 0xd0, 0x0,
    0x0, 0x1f, 0x52, 0xfc, 0x0, 0xa, 0xd0, 0x0,
    0x1, 0xbf, 0xc2, 0x91, 0x0, 0x7, 0x90, 0x0,
    0x1d, 0xd3, 0xaf, 0xb7, 0x65, 0x56, 0x79, 0xb3,
    0x1d, 0x20, 0x4, 0xae, 0xff, 0xff, 0xff, 0xe1,
    0x0, 0x0, 0x0, 0x0, 0x0, 0x0, 0x0, 0x0,

    /* U+8FDE "连" */
    0x0, 0x30, 0x0, 0x0, 0x63, 0x0, 0x0, 0x0,
    0x6, 0xf4, 0x0, 0x1, 0xf8, 0x0, 0x0, 0x0,
    0x0, 0xbf, 0x2b, 0xff, 0xff, 0xff, 0xff, 0xb0,
    0x0, 0x1e, 0x64, 0x5f, 0xc5, 0x55, 0x55, 0x40,
    0x0, 0x0, 0x0, 0x4f, 0x32, 0xf5, 0x0, 0x0,
    0x3, 0x33, 0x0, 0xdd, 0x24, 0xf7, 0x22, 0x0,
    0x3f, 0xff, 0x24, 0xff, 0xff, 0xff, 0xff, 0x40,
    0x2, 0x6f, 0x20, 0x53, 0x35, 0xf8, 0x33, 0x10,
    0x0, 0x4f, 0x20, 0x0, 0x2, 0xf6, 0x0, 0x0,
    0x0, 0x4f, 0x2d, 0xee, 0xef, 0xff, 0xee, 0xe0,
    0x0, 0x4f, 0x26, 0x77, 0x78, 0xfa, 0x77, 0x70,
    0x0, 0x4f, 0x20, 0x0, 0x2, 0xf6, 0x0, 0x0,
    0x4, 0xef, 0xc2, 0x0, 0x2, 0xf6, 0x0, 0x0,
    0x3f, 0xc3, 0xcf, 0xc8, 0x77, 0x88, 0x89, 0xb5,
    0x1d, 0x10, 0x5, 0xbe, 0xff, 0xff, 0xff, 0xe3,
    0x0, 0x0, 0x0, 0x0, 0x0, 0x0, 0x0, 0x0,

    /* U+8FF7 "迷" */
    0x6, 0xb0, 0x1, 0x40, 0xe, 0x80, 0x6, 0x0,
    0x2, 0xeb, 0x5, 0xf2, 0xe, 0x80, 0x5f, 0x40,
    0x0, 0x4f, 0x50, 0xda, 0xe, 0x80, 0xda, 0x0,
    0x0, 0x3, 0x0, 0x6a, 0xe, 0x83, 0xd1, 0x0,
    0x1, 0x11, 0x7, 0x77, 0x7f, 0xb7, 0x77, 0x50,
    0x3f, 0xff, 0x2d, 0xdd, 0xff, 0xfe, 0xdd, 0xa0,
    0x14, 0x7f, 0x20, 0x2, 0xff, 0xfc, 0x0, 0x0,
    0x0, 0x4f, 0x20, 0xc, 0xce, 0xae, 0xc0, 0x0,
    0x0, 0x4f, 0x20, 0x9f, 0x2e, 0x83, 0xfb, 0x0,
    0x0, 0x4f, 0x29, 0xf6, 0xe, 0x80, 0x4f, 0x90,
    0x0, 0x4f, 0x3e, 0x70, 0xe, 0x80, 0x7, 0x80,
    0x2, 0xbf, 0x72, 0x0, 0xe, 0x80, 0x0, 0x0,
    0x3f, 0xc6, 0xdf, 0xb8, 0x79, 0x87, 0x89, 0xa3,
    0x2e, 0x10, 0x6, 0xbe, 0xff, 0xff, 0xff, 0xe1,
    0x0, 0x0, 0x0, 0x0, 0x0, 0x0, 0x0, 0x0,

    /* U+9002 "适" */
    0x0, 0x0, 0x0, 0x0, 0x0, 0x0, 0x0, 0x0,
    0x4, 0x40, 0x0, 0x13, 0x46, 0x8a, 0xee, 0x0,
    0xa, 0xf4, 0x4, 0xff, 0xff, 0xfa, 0x74, 0x0,
    0x0, 0xbf, 0x20, 0x10, 0x8, 0xe0, 0x0, 0x0,
    0x0, 0x18, 0x6, 0x66, 0x6b, 0xf6, 0x66, 0x61,
    0x0, 0x0, 0xe, 0xee, 0xef, 0xfe, 0xee, 0xe3,
    0x28, 0x88, 0x10, 0x0, 0x8, 0xe0, 0x0, 0x0,
    0x4d, 0xef, 0x10, 0x44, 0x4b, 0xf4, 0x44, 0x0,
    0x0, 0x4f, 0x10, 0xef, 0xee, 0xee, 0xef, 0x20,
    0x0, 0x4f, 0x10, 0xe7, 0x0, 0x0, 0x4f, 0x20,
    0x0, 0x4f, 0x10, 0xe8, 0x0, 0x0, 0x5f, 0x20,
    0x0, 0x4f, 0x10, 0xef, 0xff, 0xff, 0xff, 0x20,
    0x0, 0xaf, 0xa1, 0x22, 0x22, 0x22, 0x22, 0x0,
    0x1c, 0xe6, 0xbf, 0xb6, 0x54, 0x45, 0x68, 0xa3,
    0x1e, 0x30, 0x4, 0xae, 0xff, 0xff, 0xff, 0xe1,
    0x0, 0x0, 0x0, 0x0, 0x0, 0x0, 0x0, 0x0,

    /* U+9009 "选" */
    0x4, 0x40, 0x0, 0x18, 0x27, 0xf0, 0x0, 0x0,
    0x8, 0xf7, 0x0, 0x7f, 0x5a, 0xf5, 0x44, 0x20,
    0x0, 0x8f, 0x41, 0xef, 0xff, 0xff, 0xff, 0x80,
    0x0, 0x5, 0xa, 0xe1, 0x7, 0xf0, 0x0, 0x0,
    0x0, 0x0, 0x1, 0x30, 0x7, 0xf0, 0x0, 0x0,
    0x5, 0x55, 0xc, 0xee, 0xef, 0xfe, 0xee, 0xe2,
    0x1f, 0xff, 0x25, 0x58, 0xf9, 0x8f, 0x85, 0x51,
    0x0, 0x4f, 0x20, 0x6, 0xf2, 0x3f, 0x30, 0x0,
    0x0, 0x3f, 0x20, 0xd, 0xd0, 0x3f, 0x30, 0x71,
    0x0, 0x3f, 0x21, 0xaf, 0x50, 0x3f, 0x31, 0xf4,
    0x0, 0x3f, 0x3e, 0xf6, 0x0, 0x1f, 0xff, 0xf1,
    0x0, 0x7f, 0xc7, 0x10, 0x0, 0x3, 0x66, 0x30,
    0xa, 0xfb, 0xbf, 0xc7, 0x65, 0x55, 0x67, 0x83,
    0xd, 0x80, 0x4, 0xae, 0xff, 0xff, 0xff, 0xe1,
    0x1, 0x0, 0x0, 0x0, 0x0, 0x10, 0x0, 0x0,

    /* U+900F "透" */
    0x1, 0x10, 0x0, 0x1, 0x22, 0x45, 0x89, 0x0,
    0xc, 0xd1, 0x5, 0xff, 0xff, 0xfb, 0xa7, 0x20,
    0x3, 0xfc, 0x0, 0x10, 0x7, 0xe0, 0x0, 0x0,
    0x0, 0x6f, 0x54, 0x44, 0x4a, 0xf4, 0x44, 0x41,
    0x0, 0x7, 0xc, 0xdd, 0xef, 0xff, 0xdd, 0xd3,
    0x0, 0x0, 0x0, 0x6, 0xed, 0xfe, 0x90, 0x0,
    0x3, 0x33, 0x15, 0xcd, 0x37, 0xe1, 0xbe, 0x82,
    0x1f, 0xff, 0x4d, 0xd7, 0x69, 0xa6, 0x34, 0xb2,
    0x1, 0x4f, 0x20, 0x7a, 0xfc, 0xaf, 0x72, 0x10,
    0x0, 0x3f, 0x20, 0x2, 0xf4, 0x2f, 0xff, 0xc0,
    0x0, 0x3f, 0x20, 0xb, 0xe0, 0x0, 0xa, 0xb0,
    0x0, 0x3f, 0x33, 0xbf, 0x40, 0x4, 0x4e, 0x80,
    0x0, 0x5f, 0xab, 0xb3, 0x0, 0xc, 0xda, 0x10,
    0x8, 0xfb, 0xbf, 0xb7, 0x55, 0x55, 0x67, 0x84,
    0xd, 0x80, 0x4, 0xae, 0xff, 0xff, 0xff, 0xe3,
    0x1, 0x0, 0x0, 0x0, 0x0, 0x10, 0x0, 0x0,

    /* U+901F "速" */
    0x4, 0x40, 0x0, 0x0, 0xe, 0x80, 0x0, 0x0,
    0x7, 0xf5, 0xc, 0xff, 0xff, 0xff, 0xff, 0xf0,
    0x0, 0x9f, 0x44, 0x44, 0x4f, 0xa4, 0x44, 0x40,
    0x0, 0xa, 0x21, 0x44, 0x4f, 0xa4, 0x44, 0x10,
    0x0, 0x0, 0x4, 0xfe, 0xdf, 0xfd, 0xef, 0x60,
    0x2a, 0xaa, 0x44, 0xf0, 0xe, 0x80, 0xf, 0x60,
    0x16, 0x6f, 0x64, 0xfd, 0xdf, 0xed, 0xdf, 0x60,
    0x0, 0xf, 0x61, 0x55, 0xdf, 0xfa, 0x55, 0x20,
    0x0, 0xf, 0x60, 0x7, 0xff, 0xef, 0x80, 0x0,
    0x0, 0xf, 0x60, 0x7f, 0x5e, 0x87, 0xfb, 0x0,
    0x0, 0xf, 0x6b, 0xf8, 0xe, 0x80, 0x4f, 0xa0,
    0x0, 0x3f, 0x88, 0x60, 0xe, 0x80, 0x4, 0x20,
    0xa, 0xf7, 0xbe, 0x96, 0x5a, 0x85, 0x57, 0x82,
    0x1e, 0x40, 0x4, 0x9d, 0xff, 0xff, 0xff, 0xe1,
    0x0, 0x0, 0x0, 0x0, 0x0, 0x0, 0x0, 0x0,

    /* U+903B "逻" */
    0x0, 0x0, 0x0, 0x0, 0x0, 0x0, 0x0, 0x0,
    0x6, 0xd1, 0x5, 0xff, 0xff, 0xff, 0xff, 0xe0,
    0x1, 0xdd, 0x15, 0xe2, 0xe4, 0x3e, 0x27, 0xe0,
    0x0, 0x1e, 0x75, 0xe0, 0xd2, 0x1e, 0x6, 0xe0,
    0x0, 0x1, 0x5, 0xff, 0xff, 0xff, 0xff, 0xe0,
    0x1, 0x11, 0x1, 0x34, 0xfb, 0x33, 0x33, 0x30,
    0x3f, 0xff, 0x40, 0x8, 0xf7, 0x33, 0x33, 0x0,
    0x17, 0x8f, 0x40, 0x5f, 0xff, 0xff, 0xff, 0x30,
    0x0, 0x1f, 0x47, 0xf9, 0x30, 0x3, 0xea, 0x0,
    0x0, 0x1f, 0x44, 0x84, 0xf9, 0x3e, 0xe1, 0x0,
    0x0, 0x1f, 0x40, 0x0, 0x5f, 0xfd, 0x10, 0x0,
    0x0, 0x1f, 0x40, 0x27, 0xef, 0x81, 0x0, 0x0,
    0x2, 0xcf, 0xa4, 0xfd, 0x81, 0x0, 0x0, 0x0,
    0x3f, 0xd5, 0xcf, 0xd7, 0x65, 0x66, 0x78, 0x95,
    0x2e, 0x20, 0x5, 0xbe, 0xff, 0xff, 0xff, 0xe4,
    0x1, 0x0, 0x0, 0x0, 0x1, 0x10, 0x0, 0x0,

    /* U+9053 "道" */
    0x0, 0x0, 0x0, 0x3, 0x0, 0x0, 0x20, 0x0,
    0x4, 0x40, 0x0, 0x4f, 0x50, 0x6, 0xf2, 0x0,
    0x9, 0xf4, 0x4, 0x4d, 0xb4, 0x4e, 0xb4, 0x40,
    0x0, 0xaf, 0x2f, 0xff, 0xff, 0xff, 0xff, 0xf2,
    0x0, 0x6, 0x0, 0x0, 0x2f, 0x60, 0x0, 0x0,
    0x0, 0x0, 0x0, 0xef, 0xff, 0xff, 0xfe, 0x0,
    0x1c, 0xcc, 0x40, 0xe8, 0x0, 0x0, 0x9e, 0x0,
    0x17, 0x8f, 0x50, 0xef, 0xee, 0xee, 0xfe, 0x0,
    0x0, 0x1f, 0x50, 0xe7, 0x0, 0x0, 0x9e, 0x0,
    0x0, 0x1f, 0x50, 0xee, 0xdd, 0xdd, 0xee, 0x0,
    0x0, 0x1f, 0x50, 0xe8, 0x11, 0x11, 0x9e, 0x0,
    0x0, 0x1f, 0x50, 0xee, 0xcc, 0xcc, 0xee, 0x0,
    0x0, 0xaf, 0xc2, 0x44, 0x44, 0x44, 0x44, 0x0,
    0xc, 0xf7, 0xbf, 0xb6, 0x54, 0x45, 0x56, 0x83,
    0x1e, 0x30, 0x4, 0xae, 0xff, 0xff, 0xff, 0xe2,
    0x0, 0x0, 0x0, 0x0, 0x0, 0x0, 0x0, 0x0,

    /* U+90E8 "部" */
    0x0, 0x0, 0xb4, 0x0, 0x0, 0x0, 0x0, 0x0,
    0x0, 0x0, 0xea, 0x0, 0x1, 0xff, 0xff, 0xb0,
    0x4, 0x55, 0xce, 0x55, 0x41, 0xf7, 0x5c, 0xf0,
    0xb, 0xff, 0xff, 0xff, 0xc1, 0xf3, 0xe, 0x90,
    0x0, 0x8a, 0x0, 0x8d, 0x1, 0xf3, 0x3f, 0x30,
    0x0, 0x5f, 0x10, 0xe9, 0x1, 0xf3, 0x9d, 0x0,
    0x5, 0x5e, 0x77, 0xf7, 0x52, 0xf3, 0xe7, 0x0,
    0x2f, 0xff, 0xff, 0xff, 0xf4, 0xf3, 0x9d, 0x10,
    0x0, 0x0, 0x0, 0x0, 0x1, 0xf3, 0xe, 0x80,
    0x2, 0x77, 0x77, 0x77, 0x31, 0xf3, 0x9, 0xc0,
    0x5, 0xfe, 0xee, 0xef, 0x71, 0xf3, 0x6, 0xf0,
    0x5, 0xf0, 0x0, 0xf, 0x71, 0xf5, 0x4b, 0xd0,
    0x5, 0xf0, 0x0, 0xf, 0x71, 0xf7, 0xfd, 0x30,
    0x5, 0xff, 0xff, 0xff, 0x71, 0xf3, 0x0, 0x0,
    0x5, 0xf6, 0x55, 0x5d, 0x71, 0xf3, 0x0, 0x0,
    0x0, 0x0, 0x0, 0x0, 0x0, 0x0, 0x0, 0x0,

    /* U+91CC "里" */
    0x0, 0x8f, 0xff, 0xff, 0xff, 0xff, 0xfc, 0x0,
    0x0, 0x8f, 0x55, 0x5b, 0xd5, 0x55, 0xdc, 0x0,
    0x0, 0x8f, 0x0, 0x9, 0xc0, 0x0, 0xbc, 0x0,
    0x0, 0x8f, 0xff, 0xff, 0xff, 0xff, 0xfc, 0x0,
    0x0, 0x8f, 0x44, 0x4b, 0xd4, 0x44, 0xdc, 0x0,
    0x0, 0x8f, 0x0, 0x9, 0xc0, 0x0, 0xbc, 0x0,
    0x0, 0x8f, 0xff, 0xff, 0xff, 0xff, 0xfc, 0x0,
    0x0, 0x35, 0x55, 0x5d, 0xe5, 0x55, 0x54, 0x0,
    0x0, 0x0, 0x0, 0xb, 0xd0, 0x0, 0x0, 0x0,
    0x0, 0xff, 0xff, 0xff, 0xff, 0xff, 0xff, 0x40,
    0x0, 0x66, 0x66, 0x6d, 0xe6, 0x66, 0x66, 0x20,
    0x0, 0x0, 0x0, 0xb, 0xd0, 0x0, 0x0, 0x0,
    0x6, 0x66, 0x66, 0x6d, 0xe6, 0x66, 0x66, 0x60,
    0x1f, 0xff, 0xff, 0xff, 0xff, 0xff, 0xff, 0xf1,

    /* U+91CD "重" */
    0x0, 0x0, 0x0, 0x1, 0x23, 0x57, 0x90, 0x0,
    0x0, 0x9d, 0xef, 0xff, 0xff, 0xec, 0xa3, 0x0,
    0x0, 0x35, 0x44, 0x3d, 0xb0, 0x0, 0x0, 0x0,
    0xd, 0xdd, 0xdd, 0xdf, 0xfd, 0xdd, 0xdd, 0xd0,
    0x5, 0x55, 0x55, 0x5e, 0xc5, 0x55, 0x55, 0x50,
    0x0, 0x6d, 0xdd, 0xdf, 0xfd, 0xdd, 0xd7, 0x0,
    0x0, 0x7f, 0x33, 0x3d, 0xb3, 0x33, 0xf8, 0x0,
    0x0, 0x7f, 0xdc, 0xcf, 0xfc, 0xcc, 0xf8, 0x0,
    0x0, 0x7f, 0x22, 0x2d, 0xb2, 0x22, 0xf8, 0x0,
    0x0, 0x7f, 0xee, 0xef, 0xfe, 0xee, 0xf8, 0x0,
    0x0, 0x12, 0x22, 0x2d, 0xb2, 0x22, 0x21, 0x0,
    0x0, 0xee, 0xee, 0xef, 0xfe, 0xee, 0xee, 0x20,
    0x0, 0x33, 0x33, 0x3d, 0xb3, 0x33, 0x33, 0x0,
    0x3, 0x33, 0x33, 0x3d, 0xc3, 0x33, 0x33, 0x30,
    0x1f, 0xff, 0xff, 0xff, 0xff, 0xff, 0xff, 0xf2,

    /* U+91CF "量" */
    0x0, 0x2f, 0xdc, 0xcc, 0xcc, 0xce, 0xf1, 0x0,
    0x0, 0x2f, 0xb9, 0x99, 0x99, 0x9c, 0xf1, 0x0,
    0x0, 0x2f, 0x62, 0x22, 0x22, 0x27, 0xf1, 0x0,
    0x0, 0x2f, 0xfe, 0xee, 0xee, 0xef, 0xf1, 0x0,
    0x3, 0x34, 0x44, 0x44, 0x44, 0x44, 0x43, 0x30,
    0x1d, 0xdd, 0xdd, 0xdd, 0xdd, 0xdd, 0xdd, 0xd2,
    0x0, 0x38, 0x88, 0x88, 0x88, 0x88, 0x84, 0x0,
    0x0, 0x6f, 0x44, 0x4c, 0xc4, 0x44, 0xe8, 0x0,
    0x0, 0x6f, 0xcc, 0xcf, 0xfc, 0xcc, 0xf8, 0x0,
    0x0, 0x6f, 0x77, 0x7d, 0xd7, 0x77, 0xf8, 0x0,
    0x0, 0x25, 0x55, 0x5d, 0xc5, 0x55, 0x53, 0x0,
    0x0, 0xcf, 0xff, 0xff, 0xff, 0xff, 0xfd, 0x0,
    0x1, 0x11, 0x11, 0x1c, 0xb1, 0x11, 0x11, 0x10,
    0x2f, 0xff, 0xff, 0xff, 0xff, 0xff, 0xff, 0xf3,

    /* U+91D1 "金" */
    0x0, 0x0, 0x0, 0x4, 0x81, 0x0, 0x0, 0x0,
    0x0, 0x0, 0x0, 0x2f, 0xf2, 0x0, 0x0, 0x0,
    0x0, 0x0, 0x4, 0xed, 0xce, 0x40, 0x0, 0x0,
    0x0, 0x1, 0x9f, 0xb0, 0xa, 0xf9, 0x10, 0x0,
    0x2, 0x8e, 0xf8, 0x0, 0x0, 0x6f, 0xf8, 0x20,
    0x2f, 0xfd, 0xff, 0xff, 0xff, 0xff, 0xbf, 0xf4,
    0x6, 0x30, 0x66, 0x6d, 0xe6, 0x66, 0x11, 0x50,
    0x0, 0x0, 0x0, 0xc, 0xc0, 0x0, 0x0, 0x0,
    0x0, 0x66, 0x66, 0x6d, 0xe6, 0x66, 0x66, 0x0,
    0x0, 0xff, 0xff, 0xff, 0xff, 0xff, 0xff, 0x20,
    0x0, 0x6, 0x80, 0xc, 0xc0, 0x8, 0x70, 0x0,
    0x0, 0x5, 0xf3, 0xc, 0xc0, 0x1f, 0x70, 0x0,
    0x0, 0x0, 0xda, 0xc, 0xc0, 0xad, 0x0, 0x0,
    0x4, 0x55, 0x98, 0x5d, 0xd5, 0xa8, 0x55, 0x50,
    0xc, 0xff, 0xff, 0xff, 0xff, 0xff, 0xff, 0xe0,

    /* U+949F "钟" */
    0x0, 0x7c, 0x0, 0x0, 0x0, 0x8e, 0x0, 0x0,
    0x1, 0xef, 0xee, 0xa0, 0x0, 0x8e, 0x0, 0x0,
    0xc, 0xd6, 0x66, 0x45, 0x55, 0xbf, 0x55, 0x50,
    0x4f, 0x30, 0x0, 0xd, 0xff, 0xff, 0xff, 0xf0,
    0x7, 0xff, 0xff, 0x5d, 0x92, 0xae, 0x27, 0xf0,
    0x0, 0x6e, 0xc6, 0x2d, 0x80, 0x8e, 0x6, 0xf0,
    0x0, 0xd, 0x90, 0xd, 0x80, 0x8e, 0x6, 0xf0,
    0x9, 0x9e, 0xd9, 0x6d, 0xa4, 0xbf, 0x49, 0xf0,
    0xb, 0xbf, 0xeb, 0x7d, 0xff, 0xff, 0xff, 0xf0,
    0x0, 0xd, 0x90, 0xd, 0x92, 0x9e, 0x27, 0xf0,
    0x0, 0xd, 0x90, 0x11, 0x10, 0x8e, 0x0, 0x0,
    0x0, 0xe, 0xcb, 0xc0, 0x0, 0x8e, 0x0, 0x0,
    0x0, 0x5f, 0xf9, 0x20, 0x0, 0x8e, 0x0, 0x0,
    0x0, 0x49, 0x10, 0x0, 0x0, 0x8e, 0x0, 0x0,

    /* U+94AE "钮" */
    0x0, 0x67, 0x0, 0x0, 0x0, 0x0, 0x0, 0x0,
    0x0, 0xe9, 0x0, 0xf, 0xff, 0xff, 0xff, 0xc0,
    0x4, 0xff, 0xee, 0x95, 0x59, 0xf5, 0x5d, 0xb0,
    0xd, 0xd7, 0x77, 0x40, 0x8, 0xf0, 0xc, 0xa0,
    0x4f, 0x30, 0x0, 0x0, 0x9, 0xd0, 0xd, 0x90,
    0xa, 0xff, 0xff, 0x30, 0xb, 0xc0, 0xe, 0x80,
    0x1, 0x5e, 0xb5, 0x13, 0x3d, 0xc3, 0x3f, 0x60,
    0x0, 0xd, 0x80, 0xd, 0xff, 0xff, 0xff, 0x50,
    0x5, 0x5e, 0xb5, 0x35, 0x6f, 0xa6, 0x7f, 0x40,
    0x1f, 0xff, 0xff, 0xa0, 0x2f, 0x50, 0x3f, 0x30,
    0x0, 0xd, 0x80, 0x0, 0x4f, 0x30, 0x4f, 0x20,
    0x0, 0xd, 0x80, 0x0, 0x6f, 0x10, 0x6f, 0x0,
    0x0, 0xd, 0xbc, 0x70, 0x8e, 0x0, 0x8f, 0x0,
    0x0, 0x1f, 0xfb, 0x97, 0xde, 0x77, 0xce, 0x73,
    0x0, 0x8e, 0x51, 0xff, 0xff, 0xff, 0xff, 0xf7,
    0x0, 0x1, 0x0, 0x0, 0x0, 0x0, 0x0, 0x0,

    /* U+94DC "铜" */
    0x0, 0x36, 0x0, 0x0, 0x0, 0x0, 0x0, 0x0,
    0xa, 0xd1, 0x0, 0xef, 0xff, 0xff, 0xfd, 0x2,
    0xff, 0xff, 0x9e, 0x85, 0x55, 0x59, 0xd0, 0xce,
    0x77, 0x74, 0xe4, 0x0, 0x0, 0x5d, 0x4f, 0x40,
    0x0, 0xe, 0x4e, 0xff, 0xd5, 0xd0, 0xad, 0xdd,
    0xd5, 0xe4, 0x33, 0x33, 0x5d, 0x2, 0x9f, 0xc9,
    0x3e, 0x42, 0x33, 0x25, 0xd0, 0x0, 0xf6, 0x0,
    0xe4, 0xbf, 0xfa, 0x5d, 0x8, 0x8f, 0xb8, 0x3e,
    0x4b, 0x34, 0xa5, 0xd0, 0x99, 0xfc, 0x94, 0xe4,
    0xb3, 0x4a, 0x5d, 0x0, 0xf, 0x60, 0xe, 0x4b,
    0xee, 0xa5, 0xd0, 0x0, 0xf6, 0x21, 0xe4, 0xb7,
    0x42, 0x5d, 0x0, 0xf, 0xbf, 0x6e, 0x46, 0x10,
    0x5, 0xd0, 0x7, 0xfe, 0x60, 0xe4, 0x0, 0x15,
    0xad, 0x0, 0x68, 0x0, 0xe, 0x40, 0x1, 0xfe,
    0x60,

    /* U+9500 "销" */
    0x0, 0x6b, 0x0, 0x4, 0x30, 0x6e, 0x0, 0x81,
    0x0, 0xec, 0x77, 0x4a, 0xd0, 0x6e, 0x7, 0xf1,
    0xa, 0xff, 0xff, 0x81, 0xf6, 0x6e, 0x1e, 0x60,
    0x4f, 0x40, 0x0, 0x0, 0x62, 0x7e, 0x16, 0x0,
    0x7, 0xff, 0xff, 0x5c, 0xff, 0xff, 0xff, 0xe0,
    0x1, 0x6e, 0xb6, 0x2c, 0xc5, 0x55, 0x59, 0xe0,
    0x0, 0xd, 0x80, 0xc, 0xa1, 0x11, 0x17, 0xe0,
    0x9, 0x9e, 0xc9, 0x6c, 0xff, 0xff, 0xff, 0xe0,
    0xb, 0xbf, 0xeb, 0x7c, 0xb2, 0x22, 0x28, 0xe0,
    0x0, 0xd, 0x80, 0xc, 0xb4, 0x44, 0x49, 0xe0,
    0x0, 0xd, 0x80, 0xc, 0xff, 0xff, 0xff, 0xe0,
    0x0, 0xe, 0xcd, 0x7c, 0x90, 0x0, 0x6, 0xe0,
    0x0, 0x5f, 0xe7, 0xc, 0x90, 0x2, 0x7b, 0xe0,
    0x0, 0x28, 0x10, 0xc, 0x90, 0x2, 0xec, 0x60,

    /* U+957F "长" */
    0x0, 0x2, 0xf6, 0x0, 0x0, 0x3, 0xa2, 0x0,
    0x0, 0x2, 0xf6, 0x0, 0x0, 0x6f, 0xc1, 0x0,
    0x0, 0x2, 0xf6, 0x0, 0x3b, 0xf9, 0x0, 0x0,
    0x0, 0x2, 0xf6, 0x3b, 0xfe, 0x50, 0x0, 0x0,
    0x0, 0x2, 0xf6, 0x1c, 0x70, 0x0, 0x0, 0x0,
    0x4, 0x46, 0xf9, 0x44, 0x44, 0x44, 0x44, 0x40,
    0xf, 0xff, 0xff, 0xff, 0xff, 0xff, 0xff, 0xf1,
    0x2, 0x24, 0xf7, 0x24, 0xf8, 0x22, 0x22, 0x20,
    0x0, 0x2, 0xf6, 0x0, 0xae, 0x10, 0x0, 0x0,
    0x0, 0x2, 0xf6, 0x0, 0x2f, 0xb0, 0x0, 0x0,
    0x0, 0x2, 0xf6, 0x0, 0x5, 0xfb, 0x10, 0x0,
    0x0, 0x2, 0xf7, 0x48, 0xb0, 0x7f, 0xe6, 0x0,
    0x0, 0x7, 0xff, 0xff, 0xb1, 0x4, 0xef, 0xf2,
    0x0, 0x8, 0xd8, 0x30, 0x0, 0x0, 0x6, 0x80,
    0x0, 0x0, 0x0, 0x0, 0x0, 0x0, 0x0, 0x0,

    /* U+95F4 "间" */
    0x7, 0x10, 0x0, 0x0, 0x0, 0x0, 0x0, 0x1e,
    0xd0, 0x8f, 0xff, 0xff, 0xff, 0xf9, 0x3, 0xf8,
    0x36, 0x66, 0x66, 0x66, 0xf9, 0x0, 0x40, 0x0,
    0x0, 0x0, 0x0, 0xe9, 0x9e, 0x0, 0x0, 0x0,
    0x0, 0x0, 0xe9, 0x9e, 0x1, 0xff, 0xff, 0xff,
    0x20, 0xe9, 0x9e, 0x1, 0xf6, 0x33, 0x6f, 0x20,
    0xe9, 0x9e, 0x1, 0xf3, 0x0, 0x3f, 0x20, 0xe9,
    0x9e, 0x1, 0xff, 0xff, 0xff, 0x20, 0xe9, 0x9e,
    0x1, 0xf6, 0x33, 0x6f, 0x20, 0xe9, 0x9e, 0x1,
    0xf3, 0x0, 0x3f, 0x20, 0xe9, 0x9e, 0x1, 0xff,
    0xff, 0xff, 0x20, 0xe9, 0x9e, 0x0, 0x33, 0x33,
    0x33, 0x0, 0xe9, 0x9e, 0x0, 0x0, 0x0, 0x0,
    0x25, 0xf9, 0x9e, 0x0, 0x0, 0x0, 0x0, 0x4f,
    0xd3,

    /* U+961F "队" */
    0x0, 0x0, 0x0, 0x0, 0x0, 0x0, 0x0, 0x7,
    0xff, 0xff, 0xb0, 0x3, 0xf4, 0x0, 0x0, 0x7f,
    0x55, 0xf9, 0x0, 0x3f, 0x40, 0x0, 0x7, 0xf0,
    0x4f, 0x30, 0x4, 0xf3, 0x0, 0x0, 0x7f, 0x9,
    0xd0, 0x0, 0x4f, 0x30, 0x0, 0x7, 0xf0, 0xf7,
    0x0, 0x5, 0xf3, 0x0, 0x0, 0x7f, 0x9, 0xe1,
    0x0, 0x7f, 0x50, 0x0, 0x7, 0xf0, 0xe, 0x70,
    0x9, 0xf8, 0x0, 0x0, 0x7f, 0x0, 0xbb, 0x0,
    0xcf, 0xd0, 0x0, 0x7, 0xf0, 0xb, 0xc0, 0x1f,
    0xbf, 0x20, 0x0, 0x7f, 0x3e, 0xf8, 0x7, 0xf2,
    0xda, 0x0, 0x7, 0xf0, 0x75, 0x1, 0xea, 0x6,
    0xf2, 0x0, 0x7f, 0x0, 0x0, 0xcf, 0x20, 0xd,
    0xd0, 0x7, 0xf0, 0x2, 0xcf, 0x50, 0x0, 0x3f,
    0xd2, 0x7f, 0x0, 0x2d, 0x40, 0x0, 0x0, 0x3c,
    0x20, 0x0, 0x0, 0x0, 0x0, 0x0, 0x0, 0x0,

    /* U+9636 "阶" */
    0x0, 0x0, 0x0, 0x0, 0xa, 0x40, 0x0, 0x8,
    0xff, 0xff, 0x60, 0x6, 0xf9, 0x0, 0x0, 0x8f,
    0x59, 0xf4, 0x0, 0xee, 0xf5, 0x0, 0x8, 0xe0,
    0xac, 0x0, 0x9f, 0x2a, 0xf2, 0x0, 0x8e, 0x1f,
    0x50, 0x8f, 0x70, 0xc, 0xf6, 0x8, 0xe7, 0xf0,
    0xaf, 0x80, 0x0, 0x1b, 0xf6, 0x8e, 0x1d, 0xa7,
    0x66, 0x30, 0x17, 0x26, 0x8, 0xe0, 0x4f, 0x30,
    0xe8, 0x2, 0xf5, 0x0, 0x8e, 0x0, 0xf6, 0xe,
    0x80, 0x2f, 0x50, 0x8, 0xe0, 0xf, 0x70, 0xf7,
    0x2, 0xf5, 0x0, 0x8e, 0xaf, 0xf2, 0xf, 0x60,
    0x2f, 0x50, 0x8, 0xe3, 0x62, 0x4, 0xf4, 0x2,
    0xf5, 0x0, 0x8e, 0x0, 0x0, 0xaf, 0x0, 0x2f,
    0x50, 0x8, 0xe0, 0x0, 0x5f, 0x80, 0x2, 0xf5,
    0x0, 0x8e, 0x0, 0x7, 0xc0, 0x0, 0x2e, 0x40,
    0x0, 0x0, 0x0, 0x0, 0x0, 0x0, 0x0, 0x0,

    /* U+964D "降" */
    0x0, 0x0, 0x0, 0x1, 0x82, 0x0, 0x0, 0xe,
    0xff, 0xfa, 0x0, 0xbf, 0x20, 0x0, 0x0, 0xe9,
    0x5f, 0x90, 0x8f, 0xff, 0xff, 0xd0, 0xe, 0x53,
    0xf3, 0x9f, 0xf5, 0x17, 0xf4, 0x0, 0xe5, 0x9c,
    0x1e, 0x79, 0xf8, 0xf7, 0x0, 0xe, 0x6f, 0x60,
    0x0, 0x4e, 0xfe, 0x30, 0x0, 0xe5, 0x9d, 0x38,
    0xdf, 0xb5, 0xcf, 0xda, 0x1e, 0x50, 0xe9, 0xfb,
    0x40, 0xd5, 0x4a, 0xa0, 0xe5, 0xb, 0xa3, 0x55,
    0x5f, 0x95, 0x52, 0xe, 0x50, 0x9b, 0x7f, 0xff,
    0xff, 0xff, 0x60, 0xe8, 0x9f, 0x73, 0x90, 0xf,
    0x60, 0x0, 0xe, 0x79, 0x60, 0x9e, 0x55, 0xf9,
    0x55, 0x40, 0xe5, 0x0, 0xd, 0xff, 0xff, 0xff,
    0xfd, 0xe, 0x50, 0x0, 0x0, 0x0, 0xf6, 0x0,
    0x0, 0xe5, 0x0, 0x0, 0x0, 0xf, 0x60, 0x0,
    0x0, 0x0, 0x0, 0x0, 0x0, 0x0, 0x0, 0x0,

    /* U+968F "随" */
    0x0, 0x0, 0x0, 0x0, 0x8, 0x50, 0x0, 0xe,
    0xff, 0xf4, 0x10, 0x0, 0xf6, 0x0, 0x0, 0xe9,
    0x7f, 0xbc, 0xf, 0xff, 0xff, 0xff, 0xe, 0x56,
    0xe1, 0xe6, 0x5e, 0xc4, 0x44, 0x40, 0xe5, 0x99,
    0x6, 0x94, 0xf7, 0x22, 0x21, 0xe, 0x5c, 0x40,
    0x0, 0xdf, 0xff, 0xff, 0x60, 0xe5, 0xd4, 0x45,
    0xaf, 0xf5, 0x0, 0xe6, 0xe, 0x57, 0xb9, 0xee,
    0x2e, 0xff, 0xff, 0x60, 0xe5, 0x2f, 0x6, 0xe0,
    0xe5, 0x0, 0xe6, 0xe, 0x51, 0xf2, 0x6e, 0xe,
    0xff, 0xff, 0x60, 0xe7, 0x8f, 0x16, 0xe0, 0xe6,
    0x11, 0xe6, 0xe, 0x6f, 0xb0, 0x6e, 0xe, 0x50,
    0x2f, 0x60, 0xe5, 0x0, 0x1b, 0xf2, 0xe5, 0xe,
    0xd2, 0xe, 0x50, 0x1d, 0x88, 0xf9, 0x54, 0x45,
    0x70, 0xe5, 0x1, 0xa0, 0x3, 0xbe, 0xff, 0xfe,
    0x0, 0x0, 0x0, 0x0, 0x0, 0x0, 0x0, 0x0,

    /* U+96C6 "集" */
    0x0, 0x0, 0x74, 0x2, 0x70, 0x0, 0x0, 0x0,
    0x0, 0x7, 0xf4, 0x3, 0xf5, 0x0, 0x0, 0x0,
    0x0, 0x3f, 0xff, 0xff, 0xff, 0xff, 0xff, 0x30,
    0x3, 0xef, 0x63, 0x36, 0xf5, 0x33, 0x33, 0x0,
    0x2e, 0xff, 0xed, 0xde, 0xfe, 0xdd, 0xd7, 0x0,
    0x9, 0x5f, 0x52, 0x25, 0xf5, 0x22, 0x21, 0x0,
    0x0, 0x4f, 0xff, 0xff, 0xff, 0xff, 0xf8, 0x0,
    0x0, 0x4f, 0x52, 0x25, 0xf4, 0x22, 0x21, 0x0,
    0x0, 0x4f, 0xff, 0xff, 0xff, 0xff, 0xff, 0xa0,
    0x0, 0x27, 0x10, 0xa, 0x90, 0x0, 0x0, 0x0,
    0x1d, 0xdd, 0xdd, 0xdf, 0xfd, 0xdd, 0xdd, 0xd1,
    0x5, 0x55, 0x5c, 0xff, 0xff, 0xb5, 0x55, 0x50,
    0x0, 0x5, 0xde, 0x5c, 0xb5, 0xed, 0x60, 0x0,
    0x2a, 0xff, 0x91, 0xc, 0xb0, 0x19, 0xff, 0xb2,
    0xb, 0x71, 0x0, 0xc, 0xb0, 0x0, 0x6, 0x90,

    /* U+96FE "雾" */
    0x0, 0xff, 0xff, 0xff, 0xff, 0xff, 0xfa, 0x0,
    0x5, 0x66, 0x66, 0x6f, 0xb6, 0x66, 0x66, 0x20,
    0xe, 0xb8, 0x88, 0x8f, 0xc8, 0x88, 0x8f, 0x70,
    0xe, 0x6c, 0xcc, 0x3e, 0x89, 0xcc, 0x5e, 0x70,
    0xa, 0x49, 0x99, 0x2e, 0x87, 0x88, 0x4a, 0x50,
    0x0, 0x2, 0x6a, 0x19, 0x53, 0x44, 0x10, 0x0,
    0x0, 0x18, 0xff, 0xee, 0xee, 0xee, 0xe2, 0x0,
    0x7, 0xfc, 0xe8, 0x20, 0x4, 0xbe, 0x40, 0x0,
    0x1, 0x31, 0x4d, 0xfd, 0xef, 0xc5, 0x43, 0x20,
    0x4e, 0xff, 0xfd, 0xa7, 0x8a, 0xdf, 0xff, 0xc0,
    0x5, 0x54, 0x21, 0x5f, 0x41, 0x11, 0x10, 0x0,
    0x0, 0xef, 0xff, 0xff, 0xff, 0xff, 0xf0, 0x0,
    0x0, 0x3, 0x7e, 0xd1, 0x2, 0x1a, 0xc0, 0x0,
    0x4, 0xfe, 0xa5, 0x0, 0xc, 0xfe, 0x40, 0x0,
    0x0, 0x10, 0x0, 0x0, 0x0, 0x0, 0x0, 0x0,

    /* U+9752 "青" */
    0xf, 0xff, 0xff, 0xff, 0xff, 0xff, 0xf2, 0x2,
    0x22, 0x22, 0xdb, 0x22, 0x22, 0x20, 0x1, 0x33,
    0x33, 0xdc, 0x33, 0x33, 0x10, 0x6, 0xee, 0xee,
    0xff, 0xee, 0xee, 0x60, 0x33, 0x33, 0x33, 0xdc,
    0x33, 0x33, 0x33, 0xff, 0xff, 0xff, 0xff, 0xff,
    0xff, 0xff, 0x0, 0x22, 0x22, 0x22, 0x22, 0x22,
    0x0, 0x0, 0xdf, 0xff, 0xff, 0xff, 0xff, 0x0,
    0x0, 0xda, 0x0, 0x0, 0x0, 0x9f, 0x0, 0x0,
    0xdf, 0xff, 0xff, 0xff, 0xff, 0x0, 0x0, 0xda,
    0x0, 0x0, 0x0, 0x9f, 0x0, 0x0, 0xdf, 0xee,
    0xee, 0xee, 0xff, 0x0, 0x0, 0xd9, 0x0, 0x0,
    0x33, 0xbf, 0x0, 0x0, 0xd9, 0x0, 0x0, 0xbe,
    0xd8, 0x0,

    /* U+9759 "静" */
    0x0, 0x0, 0x0, 0x0, 0x0, 0x0, 0x0, 0x0,
    0x0, 0x4, 0xf2, 0x0, 0x4, 0xe2, 0x0, 0x0,
    0xe, 0xff, 0xff, 0xfb, 0xd, 0xff, 0xf5, 0x0,
    0x1, 0x36, 0xf4, 0x31, 0xae, 0x45, 0xf2, 0x0,
    0x7, 0xde, 0xfd, 0xdc, 0xf6, 0x3a, 0xb3, 0x10,
    0x5, 0x58, 0xf6, 0x55, 0xef, 0xff, 0xff, 0x70,
    0x2e, 0xee, 0xee, 0xed, 0x0, 0x7e, 0xe, 0x70,
    0x1, 0x33, 0x33, 0x31, 0x44, 0x9f, 0x4e, 0x91,
    0x4, 0xfe, 0xee, 0xf7, 0xff, 0xff, 0xff, 0xf5,
    0x4, 0xf3, 0x35, 0xf2, 0x0, 0x7e, 0xe, 0x70,
    0x4, 0xfd, 0xdd, 0xf2, 0x77, 0xbf, 0x7f, 0x70,
    0x4, 0xf3, 0x35, 0xf2, 0xab, 0xdf, 0xbf, 0x70,
    0x4, 0xfd, 0xcd, 0xf2, 0x0, 0x7e, 0x1, 0x0,
    0x4, 0xf0, 0x25, 0xf2, 0x46, 0xbe, 0x0, 0x0,
    0x4, 0xf0, 0x7f, 0xc0, 0x6f, 0xe7, 0x0, 0x0,

    /* U+9762 "面" */
    0xf, 0xff, 0xff, 0xff, 0xff, 0xff, 0xff, 0xf1,
    0x6, 0x66, 0x66, 0x7f, 0xc6, 0x66, 0x66, 0x60,
    0x0, 0x0, 0x0, 0x3f, 0x60, 0x0, 0x0, 0x0,
    0x1, 0x44, 0x44, 0x8f, 0x64, 0x44, 0x44, 0x10,
    0x5, 0xff, 0xff, 0xff, 0xff, 0xff, 0xff, 0x50,
    0x5, 0xf2, 0x1e, 0x71, 0x1a, 0xc1, 0x3f, 0x50,
    0x5, 0xf1, 0xe, 0x83, 0x3b, 0xb0, 0x2f, 0x50,
    0x5, 0xf1, 0xe, 0xff, 0xff, 0xb0, 0x2f, 0x50,
    0x5, 0xf1, 0xe, 0x60, 0x9, 0xb0, 0x2f, 0x50,
    0x5, 0xf1, 0xe, 0xfe, 0xef, 0xb0, 0x2f, 0x50,
    0x5, 0xf1, 0xe, 0x94, 0x4b, 0xb0, 0x2f, 0x50,
    0x5, 0xf1, 0xe, 0x60, 0x9, 0xb0, 0x2f, 0x50,
    0x5, 0xff, 0xff, 0xff, 0xff, 0xff, 0xff, 0x50,
    0x5, 0xf7, 0x66, 0x66, 0x66, 0x66, 0x8f, 0x50,

    /* U+9875 "页" */
    0xc, 0xff, 0xff, 0xff, 0xff, 0xff, 0xff, 0xe0,
    0x45, 0x55, 0x57, 0xfb, 0x55, 0x55, 0x55, 0x0,
    0x0, 0x0, 0x6f, 0x30, 0x0, 0x0, 0x0, 0x2,
    0x66, 0x6c, 0xf6, 0x66, 0x66, 0x30, 0x0, 0x5f,
    0xff, 0xff, 0xff, 0xff, 0xf8, 0x0, 0x5, 0xf2,
    0x0, 0x22, 0x0, 0xf, 0x80, 0x0, 0x5f, 0x20,
    0xb, 0xc0, 0x0, 0xf8, 0x0, 0x5, 0xf2, 0x0,
    0xbc, 0x0, 0xf, 0x80, 0x0, 0x5f, 0x20, 0xb,
    0xc0, 0x0, 0xf8, 0x0, 0x5, 0xf2, 0x0, 0xda,
    0x0, 0xf, 0x80, 0x0, 0x5f, 0x20, 0x6f, 0x76,
    0x20, 0xe7, 0x0, 0x0, 0x0, 0x7f, 0xc2, 0xcf,
    0xb3, 0x0, 0x0, 0x38, 0xef, 0xa0, 0x0, 0x5d,
    0xfa, 0x20, 0xdf, 0xe9, 0x20, 0x0, 0x0, 0x6,
    0xeb, 0x2, 0x20, 0x0, 0x0, 0x0, 0x0, 0x1,
    0x10,

    /* U+9879 "项" */
    0x0, 0x0, 0x0, 0xef, 0xff, 0xff, 0xff, 0xf3,
    0x3d, 0xdd, 0xdc, 0x55, 0x5b, 0xf6, 0x55, 0x51,
    0x2b, 0xdf, 0xca, 0x0, 0xc, 0xc0, 0x0, 0x0,
    0x0, 0x4f, 0x20, 0x6f, 0xff, 0xff, 0xff, 0x40,
    0x0, 0x4f, 0x20, 0x6f, 0x65, 0x55, 0x8f, 0x40,
    0x0, 0x4f, 0x20, 0x6f, 0x4, 0xd2, 0x3f, 0x40,
    0x0, 0x4f, 0x20, 0x6f, 0x4, 0xf2, 0x3f, 0x40,
    0x0, 0x4f, 0x20, 0x6f, 0x4, 0xf2, 0x3f, 0x40,
    0x0, 0x4f, 0x68, 0x6f, 0x5, 0xf2, 0x3f, 0x40,
    0x16, 0xcf, 0xfc, 0x6f, 0x7, 0xf0, 0x3f, 0x40,
    0x5f, 0xd8, 0x20, 0x37, 0xd, 0xc1, 0x27, 0x20,
    0x13, 0x0, 0x0, 0x0, 0xaf, 0x4c, 0xd3, 0x0,
    0x0, 0x0, 0x1, 0x6d, 0xf4, 0x1, 0xbf, 0x70,
    0x0, 0x0, 0xa, 0xfa, 0x20, 0x0, 0x8, 0xe1,
    0x0, 0x0, 0x0, 0x10, 0x0, 0x0, 0x0, 0x0,

    /* U+987A "顺" */
    0x0, 0x0, 0x0, 0x0, 0x0, 0x0, 0x0, 0x0,
    0xd6, 0x0, 0x5e, 0x7f, 0xff, 0xff, 0xff, 0xd,
    0x69, 0x35, 0xe2, 0x44, 0xce, 0x44, 0x40, 0xd6,
    0xd4, 0x5e, 0x3, 0x3e, 0xa3, 0x31, 0xd, 0x6d,
    0x45, 0xe1, 0xff, 0xff, 0xff, 0x70, 0xd6, 0xd4,
    0x5e, 0x1f, 0x51, 0x11, 0xe7, 0xd, 0x6d, 0x45,
    0xe1, 0xf3, 0x5b, 0xe, 0x70, 0xd6, 0xd4, 0x5e,
    0x1f, 0x37, 0xe0, 0xe7, 0xd, 0x6d, 0x45, 0xe1,
    0xf3, 0x7e, 0xe, 0x70, 0xe5, 0xd4, 0x5e, 0x1f,
    0x37, 0xe0, 0xe7, 0xf, 0x4d, 0x45, 0xe1, 0xf3,
    0x9c, 0xe, 0x71, 0xf3, 0xd4, 0x5e, 0x8, 0x2e,
    0xe4, 0x73, 0x5f, 0x1d, 0x45, 0xe0, 0x9, 0xfc,
    0xf5, 0x9, 0xd0, 0x0, 0x5e, 0x1a, 0xf6, 0x9,
    0xf5, 0x67, 0x0, 0x3, 0x9a, 0xd4, 0x0, 0x9,
    0x90, 0x0, 0x0, 0x0, 0x0, 0x0, 0x0, 0x0,

    /* U+9884 "预" */
    0x0, 0x0, 0x0, 0x0, 0x0, 0x0, 0x0, 0x0,
    0x4e, 0xee, 0xef, 0x9d, 0xff, 0xff, 0xff, 0xf1,
    0x15, 0x55, 0x9f, 0x54, 0x44, 0xce, 0x44, 0x40,
    0x1, 0x30, 0xda, 0x0, 0x0, 0xda, 0x0, 0x0,
    0x9, 0xfd, 0xd0, 0x5, 0xff, 0xff, 0xff, 0x70,
    0x0, 0x7f, 0xd2, 0x5, 0xf5, 0x44, 0x4f, 0x70,
    0x25, 0x58, 0xfb, 0x56, 0xf0, 0x66, 0xf, 0x70,
    0x5f, 0xff, 0xff, 0xf6, 0xf0, 0xab, 0xf, 0x70,
    0x0, 0xe, 0x86, 0xc5, 0xf0, 0xab, 0xf, 0x70,
    0x0, 0xe, 0x8b, 0x65, 0xf0, 0xbb, 0xf, 0x70,
    0x0, 0xe, 0x81, 0x5, 0xf0, 0xd9, 0xf, 0x70,
    0x0, 0xe, 0x80, 0x2, 0x84, 0xf4, 0x17, 0x30,
    0x0, 0xe, 0x80, 0x0, 0x3e, 0xb6, 0xe5, 0x0,
    0x6, 0x6f, 0x70, 0x29, 0xfc, 0x0, 0x9f, 0x70,
    0xc, 0xfc, 0x20, 0x3c, 0x60, 0x0, 0x7, 0xa0,
    0x0, 0x0, 0x0, 0x0, 0x0, 0x0, 0x0, 0x0,

    /* U+9891 "频" */
    0x0, 0x0, 0xc7, 0x0, 0xcf, 0xff, 0xff, 0xf5,
    0x3, 0xc0, 0xca, 0x53, 0x34, 0x4e, 0xa4, 0x41,
    0x3, 0xe0, 0xce, 0xd9, 0x0, 0x1f, 0x40, 0x0,
    0x3, 0xe0, 0xc7, 0x0, 0x27, 0x9f, 0x77, 0x60,
    0x28, 0xf5, 0xea, 0x55, 0x6f, 0xaa, 0xac, 0xe0,
    0x5e, 0xef, 0xff, 0xee, 0x6d, 0x9, 0x26, 0xe0,
    0x0, 0x12, 0xf3, 0x0, 0x5d, 0xe, 0x46, 0xe0,
    0x3, 0xf3, 0xf3, 0x7c, 0x5d, 0xf, 0x46, 0xe0,
    0xa, 0xb2, 0xf3, 0xd8, 0x5d, 0xf, 0x36, 0xe0,
    0x3f, 0x32, 0xf8, 0xf3, 0x5d, 0x2f, 0x16, 0xe0,
    0x3, 0x1, 0xaf, 0x90, 0x4b, 0x6d, 0x4, 0xb0,
    0x0, 0x3, 0xed, 0x0, 0x1, 0xdc, 0xd4, 0x0,
    0x2, 0x9f, 0xc1, 0x0, 0x2c, 0xe1, 0x7f, 0x80,
    0x1f, 0xd6, 0x0, 0x8, 0xfb, 0x20, 0x4, 0xf5,
    0x2, 0x0, 0x0, 0x1, 0x20, 0x0, 0x0, 0x10,

    /* U+9898 "题" */
    0x0, 0x0, 0x0, 0x0, 0x0, 0x0, 0x0, 0x0,
    0x5, 0xff, 0xff, 0xf4, 0xff, 0xff, 0xff, 0xf0,
    0x5, 0xf0, 0x2, 0xf4, 0x22, 0x7f, 0x32, 0x20,
    0x5, 0xfd, 0xdd, 0xf3, 0x12, 0xac, 0x22, 0x0,
    0x5, 0xf4, 0x46, 0xf3, 0x7f, 0xff, 0xff, 0x50,
    0x5, 0xfa, 0xab, 0xf3, 0x7c, 0x4, 0xe, 0x50,
    0x1, 0x44, 0x44, 0x41, 0x7c, 0x1f, 0x2e, 0x50,
    0x2d, 0xdd, 0xdd, 0xdd, 0x7c, 0x2f, 0x1e, 0x50,
    0x4, 0x45, 0xf6, 0x44, 0x7c, 0x3f, 0xe, 0x50,
    0x3, 0xe1, 0xf3, 0x0, 0x7c, 0x7c, 0xe, 0x50,
    0x4, 0xf0, 0xff, 0xfa, 0x36, 0xd8, 0x66, 0x20,
    0x6, 0xf4, 0xf4, 0x11, 0xa, 0xd2, 0xdc, 0x10,
    0x9, 0xfe, 0xf3, 0x5, 0xed, 0x20, 0xc, 0xc0,
    0xf, 0x78, 0xfa, 0x65, 0x93, 0x22, 0x34, 0x60,
    0x4f, 0x10, 0x39, 0xce, 0xff, 0xff, 0xff, 0xe0,
    0x1, 0x0, 0x0, 0x0, 0x0, 0x0, 0x0, 0x0,

    /* U+989C "颜" */
    0x0, 0x3, 0xd0, 0x0, 0x0, 0x0, 0x0, 0x0,
    0x0, 0x0, 0xf5, 0x0, 0xcf, 0xff, 0xff, 0xe0,
    0xd, 0xff, 0xff, 0xfe, 0x22, 0x3f, 0x52, 0x20,
    0x3, 0xa9, 0x44, 0xc5, 0x0, 0x3f, 0x0, 0x0,
    0x0, 0x8c, 0x5, 0xf0, 0x49, 0xce, 0x99, 0x30,
    0x2, 0x7e, 0x5c, 0xc4, 0x7e, 0xaa, 0xae, 0x50,
    0x8, 0xfe, 0xee, 0xed, 0x7a, 0xb, 0x1c, 0x50,
    0x8, 0xb0, 0x7, 0xd2, 0x7a, 0xf, 0x2c, 0x50,
    0x9, 0xd9, 0xec, 0x30, 0x7a, 0xf, 0x1c, 0x50,
    0x9, 0xb6, 0x34, 0xd5, 0x7a, 0x1f, 0xc, 0x50,
    0xa, 0xa3, 0xaf, 0x70, 0x7a, 0x3f, 0xc, 0x50,
    0xb, 0xcf, 0x92, 0x88, 0x68, 0x6c, 0x9, 0x40,
    0xe, 0x70, 0x2b, 0xe3, 0x2, 0xe7, 0xb3, 0x0,
    0x2f, 0x8b, 0xfb, 0x20, 0x4d, 0xc0, 0x8f, 0x40,
    0x4e, 0x3a, 0x30, 0xd, 0xf8, 0x0, 0x6, 0xe0,
    0x1, 0x0, 0x0, 0x2, 0x0, 0x0, 0x0, 0x10,

    /* U+98CE "风" */
    0x0, 0x7f, 0xff, 0xff, 0xff, 0xff, 0xf5, 0x0,
    0x0, 0x7f, 0x76, 0x66, 0x66, 0x68, 0xf5, 0x0,
    0x0, 0x7f, 0x0, 0x0, 0x3, 0x31, 0xf5, 0x0,
    0x0, 0x7f, 0x3b, 0x20, 0xd, 0x91, 0xf5, 0x0,
    0x0, 0x7f, 0x1d, 0xd0, 0x4f, 0x21, 0xf5, 0x0,
    0x0, 0x8f, 0x2, 0xfb, 0xbc, 0x1, 0xf5, 0x0,
    0x0, 0x9f, 0x0, 0x5f, 0xf5, 0x1, 0xf5, 0x0,
    0x0, 0xae, 0x0, 0xd, 0xf3, 0x0, 0xf5, 0x0,
    0x0, 0xbc, 0x0, 0x8f, 0xed, 0x0, 0xf6, 0x0,
    0x0, 0xea, 0x5, 0xf8, 0x3f, 0x90, 0xf7, 0x0,
    0x2, 0xf6, 0x6f, 0xc0, 0x9, 0xf3, 0xd8, 0x33,
    0x8, 0xf2, 0xcc, 0x10, 0x1, 0xd4, 0xac, 0x5a,
    0x1f, 0xb0, 0x0, 0x0, 0x0, 0x0, 0x6f, 0xd8,
    0x1d, 0x30, 0x0, 0x0, 0x0, 0x0, 0xb, 0xe2,
    0x0, 0x0, 0x0, 0x0, 0x0, 0x0, 0x0, 0x0,

    /* U+9996 "首" */
    0x0, 0x0, 0x40, 0x0, 0x0, 0x5, 0x10, 0x0,
    0x0, 0x2, 0xfb, 0x0, 0x0, 0x9f, 0x40, 0x0,
    0x3, 0x33, 0x9f, 0x63, 0x35, 0xfb, 0x33, 0x30,
    0x1f, 0xff, 0xff, 0xff, 0xff, 0xff, 0xff, 0xf2,
    0x1, 0x11, 0x11, 0x2f, 0xc1, 0x11, 0x11, 0x10,
    0x0, 0x26, 0x66, 0x7f, 0xb6, 0x66, 0x62, 0x0,
    0x0, 0x6f, 0xee, 0xee, 0xee, 0xee, 0xf5, 0x0,
    0x0, 0x6f, 0x10, 0x0, 0x0, 0x2, 0xf5, 0x0,
    0x0, 0x6f, 0xff, 0xff, 0xff, 0xff, 0xf5, 0x0,
    0x0, 0x6f, 0x32, 0x22, 0x22, 0x25, 0xf5, 0x0,
    0x0, 0x6f, 0x53, 0x33, 0x33, 0x36, 0xf5, 0x0,
    0x0, 0x6f, 0xee, 0xee, 0xee, 0xee, 0xf5, 0x0,
    0x0, 0x6f, 0x10, 0x0, 0x0, 0x2, 0xf5, 0x0,
    0x0, 0x6f, 0xff, 0xff, 0xff, 0xff, 0xf5, 0x0,
    0x0, 0x6f, 0x65, 0x55, 0x55, 0x57, 0xf5, 0x0,

    /* U+9A7B "驻" */
    0x0, 0x0, 0x0, 0x0, 0x2, 0x60, 0x0, 0x0,
    0xe, 0xff, 0xff, 0x10, 0x5, 0xf4, 0x0, 0x0,
    0x3, 0x44, 0x7f, 0x0, 0x0, 0xea, 0x0, 0x0,
    0x1, 0x30, 0x4f, 0x15, 0x55, 0xb8, 0x55, 0x50,
    0x6, 0xd0, 0x6e, 0x2f, 0xff, 0xff, 0xff, 0xe0,
    0x7, 0xc0, 0x7c, 0x0, 0x0, 0xda, 0x0, 0x0,
    0x8, 0xb0, 0x8b, 0x0, 0x0, 0xda, 0x0, 0x0,
    0xa, 0xb2, 0xbb, 0x10, 0x0, 0xda, 0x0, 0x0,
    0xb, 0xff, 0xff, 0x9e, 0xff, 0xff, 0xff, 0x60,
    0x0, 0x0, 0xa, 0x85, 0x55, 0xec, 0x55, 0x20,
    0x0, 0x2, 0x4c, 0x70, 0x0, 0xda, 0x0, 0x0,
    0x3b, 0xef, 0xad, 0x60, 0x0, 0xda, 0x0, 0x0,
    0x3a, 0x61, 0xf, 0x40, 0x0, 0xda, 0x0, 0x0,
    0x0, 0x23, 0x7f, 0x45, 0x55, 0xec, 0x55, 0x51,
    0x0, 0x6f, 0xf8, 0x7f, 0xff, 0xff, 0xff, 0xf2,
    0x0, 0x0, 0x0, 0x0, 0x0, 0x0, 0x0, 0x0,

    /* U+9A8C "验" */
    0x0, 0x0, 0x0, 0x0, 0x0, 0x86, 0x0, 0x0,
    0xf, 0xff, 0xff, 0x0, 0x4, 0xfa, 0x0, 0x0,
    0x4, 0x44, 0x8e, 0x0, 0xd, 0xef, 0x60, 0x0,
    0x2, 0x40, 0x6d, 0x0, 0x8f, 0x28, 0xf3, 0x0,
    0x6, 0xd0, 0x7c, 0x7, 0xf5, 0x0, 0xbf, 0x50,
    0x8, 0xb0, 0x8a, 0x9f, 0x95, 0x55, 0x6e, 0xf5,
    0x9, 0xa0, 0xa9, 0x95, 0x7e, 0xee, 0xe5, 0xa2,
    0xa, 0x90, 0xc8, 0x0, 0x0, 0x11, 0x0, 0x0,
    0xc, 0xff, 0xff, 0xa5, 0xa0, 0xa8, 0x7, 0xd0,
    0x1, 0x22, 0x2b, 0x93, 0xf1, 0x7c, 0xd, 0x80,
    0x0, 0x15, 0x5b, 0x80, 0xe5, 0x4e, 0x3f, 0x20,
    0x4d, 0xfd, 0x7d, 0x70, 0xa5, 0x16, 0xaa, 0x0,
    0x25, 0x10, 0xf, 0x50, 0x0, 0x1, 0xf2, 0x0,
    0x0, 0x23, 0x6f, 0x2f, 0xff, 0xff, 0xff, 0xf1,
    0x0, 0x6f, 0xf8, 0x5, 0x55, 0x55, 0x55, 0x50,
    0x0, 0x0, 0x0, 0x0, 0x0, 0x0, 0x0, 0x0,

    /* U+9AD8 "高" */
    0x0, 0x0, 0x0, 0x6, 0x40, 0x0, 0x0, 0x0,
    0x0, 0x0, 0x0, 0xdc, 0x0, 0x0, 0x0, 0xf,
    0xff, 0xff, 0xff, 0xff, 0xff, 0xff, 0xe0, 0x44,
    0x44, 0x44, 0x44, 0x44, 0x44, 0x44, 0x0, 0xb,
    0xee, 0xee, 0xee, 0xee, 0xd0, 0x0, 0x0, 0xbc,
    0x0, 0x0, 0x0, 0xbd, 0x0, 0x0, 0xb, 0xfc,
    0xcc, 0xcc, 0xce, 0xd0, 0x0, 0x0, 0x34, 0x44,
    0x44, 0x44, 0x43, 0x0, 0x7, 0xff, 0xff, 0xff,
    0xff, 0xff, 0xff, 0x70, 0x7f, 0x44, 0x44, 0x44,
    0x44, 0x44, 0xf7, 0x7, 0xf0, 0x7f, 0xff, 0xff,
    0xf4, 0xf, 0x70, 0x7f, 0x7, 0xe1, 0x11, 0x2f,
    0x40, 0xf7, 0x7, 0xf0, 0x7e, 0x33, 0x33, 0xf4,
    0xf, 0x70, 0x7f, 0x7, 0xfd, 0xdd, 0xdd, 0x73,
    0xf7, 0x7, 0xf0, 0x12, 0x0, 0x0, 0x9, 0xdb,
    0x20,

    /* U+9EC4 "黄" */
    0x0, 0x11, 0x5f, 0x51, 0x15, 0xf5, 0x11, 0x0,
    0x0, 0xef, 0xff, 0xff, 0xff, 0xff, 0xff, 0x0,
    0x0, 0x33, 0x6f, 0x63, 0x36, 0xf7, 0x33, 0x0,
    0x6, 0x66, 0x8f, 0x86, 0x68, 0xf9, 0x66, 0x60,
    0x1f, 0xff, 0xff, 0xff, 0xff, 0xff, 0xff, 0xf2,
    0x0, 0x1, 0x11, 0x1c, 0xc1, 0x11, 0x11, 0x0,
    0x0, 0x6f, 0xff, 0xff, 0xff, 0xff, 0xf9, 0x0,
    0x0, 0x6f, 0x0, 0xc, 0xc0, 0x0, 0xe9, 0x0,
    0x0, 0x6f, 0xee, 0xef, 0xfe, 0xee, 0xf9, 0x0,
    0x0, 0x6f, 0x0, 0xc, 0xc0, 0x0, 0xe9, 0x0,
    0x0, 0x6f, 0xfe, 0xef, 0xfe, 0xee, 0xf9, 0x0,
    0x0, 0x2, 0x5c, 0x52, 0x24, 0xc7, 0x21, 0x0,
    0x2, 0x7c, 0xfc, 0x40, 0x2, 0x9f, 0xe9, 0x20,
    0x9, 0xe9, 0x30, 0x0, 0x0, 0x0, 0x6d, 0x80,
    0x0, 0x0, 0x0, 0x0, 0x0, 0x0, 0x0, 0x0,

    /* U+9ED8 "默" */
    0x8, 0xff, 0xff, 0xfd, 0x0, 0x2f, 0x84, 0x0,
    0x8, 0xa2, 0xc3, 0x7d, 0x0, 0x2f, 0x8e, 0x10,
    0x8, 0xb8, 0xc7, 0xcd, 0x0, 0x2f, 0x1c, 0x90,
    0x8, 0x9b, 0xcb, 0x7d, 0x0, 0x2f, 0x12, 0x10,
    0x8, 0x93, 0xc6, 0x5d, 0xae, 0xef, 0xee, 0xe2,
    0x8, 0xff, 0xff, 0xfd, 0x68, 0xaf, 0x98, 0x81,
    0x0, 0x11, 0xf5, 0x10, 0x0, 0x6f, 0x40, 0x0,
    0x9, 0xff, 0xff, 0xfc, 0x0, 0x8f, 0x80, 0x0,
    0x0, 0x0, 0xf5, 0x11, 0x0, 0xce, 0xd0, 0x0,
    0xc, 0xde, 0xff, 0xff, 0x1, 0xf4, 0xf3, 0x0,
    0x7, 0x75, 0x54, 0x43, 0x8, 0xe0, 0xaa, 0x0,
    0x6, 0xaa, 0x5c, 0x78, 0x1f, 0x80, 0x4f, 0x40,
    0xd, 0x4a, 0x5d, 0x2b, 0xce, 0x0, 0xb, 0xe3,
    0x2c, 0x7, 0x46, 0x12, 0xe4, 0x0, 0x1, 0xd3,
    0x0, 0x0, 0x0, 0x0, 0x0, 0x0, 0x0, 0x0,

    /* U+9F13 "鼓" */
    0x0, 0x0, 0x0, 0x0, 0x0, 0x0, 0x0, 0x0,
    0x0, 0x4, 0xf3, 0x0, 0x0, 0x2f, 0x50, 0x0,
    0x1e, 0xee, 0xfe, 0xed, 0x0, 0x2f, 0x50, 0x0,
    0x1, 0x15, 0xf4, 0x11, 0xff, 0xff, 0xff, 0xf4,
    0xa, 0xde, 0xfe, 0xd9, 0x11, 0x4f, 0x61, 0x10,
    0x3, 0x55, 0x55, 0x53, 0x0, 0x2f, 0x50, 0x0,
    0x2, 0x44, 0x44, 0x42, 0x45, 0x6f, 0x85, 0x30,
    0x7, 0xfd, 0xdd, 0xf7, 0xef, 0xff, 0xff, 0xe0,
    0x7, 0xe0, 0x0, 0xf7, 0x6e, 0x10, 0x1e, 0x90,
    0x7, 0xff, 0xff, 0xf7, 0xf, 0x70, 0x8f, 0x30,
    0x1, 0xa5, 0x27, 0x91, 0x8, 0xf5, 0xfa, 0x0,
    0x0, 0xc8, 0xb, 0xa0, 0x0, 0xdf, 0xe0, 0x0,
    0x0, 0x78, 0x2f, 0x98, 0x3, 0xdf, 0xd2, 0x0,
    0x2b, 0xdf, 0xff, 0xee, 0x9f, 0xe6, 0xef, 0x81,
    0x1a, 0x75, 0x30, 0x6, 0xf9, 0x10, 0x1a, 0xf2,
    0x0, 0x0, 0x0, 0x0, 0x10, 0x0, 0x0, 0x0,

    /* U+FF0C "，" */
    0x8, 0xc2, 0xf, 0xf9, 0x6, 0xeb, 0x0, 0xe7,
    0x3d, 0xd0, 0x48, 0x0,

    /* U+FF1A "：" */
    0x0, 0x0, 0xd, 0xf2, 0x1f, 0xf4, 0x4, 0x50,
    0x0, 0x0, 0x0, 0x0, 0x0, 0x0, 0x0, 0x0,
    0x5, 0x60, 0x1f, 0xf5, 0xd, 0xe2, 0x0, 0x0,

    /* U+FF1B "；" */
    0x0, 0x0, 0xd, 0xf2, 0x1f, 0xf4, 0x4, 0x50,
    0x0, 0x0, 0x0, 0x0, 0x0, 0x0, 0x2, 0x50,
    0xf, 0xf6, 0xd, 0xfa, 0x0, 0xc9, 0x3, 0xf4,
    0x5f, 0x90, 0x35, 0x0
};


/*---------------------
 *  GLYPH DESCRIPTION
 *--------------------*/

static const lv_font_fmt_txt_glyph_dsc_t glyph_dsc[] = {
    {.bitmap_index = 0, .adv_w = 0, .box_w = 0, .box_h = 0, .ofs_x = 0, .ofs_y = 0} /* id = 0 reserved */,
    {.bitmap_index = 0, .adv_w = 71, .box_w = 0, .box_h = 0, .ofs_x = 0, .ofs_y = 0},
    {.bitmap_index = 0, .adv_w = 71, .box_w = 4, .box_h = 12, .ofs_x = 0, .ofs_y = 0},
    {.bitmap_index = 24, .adv_w = 106, .box_w = 6, .box_h = 5, .ofs_x = 0, .ofs_y = 7},
    {.bitmap_index = 39, .adv_w = 182, .box_w = 12, .box_h = 12, .ofs_x = 0, .ofs_y = 0},
    {.bitmap_index = 111, .adv_w = 161, .box_w = 10, .box_h = 16, .ofs_x = 0, .ofs_y = -2},
    {.bitmap_index = 191, .adv_w = 220, .box_w = 14, .box_h = 12, .ofs_x = 0, .ofs_y = 0},
    {.bitmap_index = 275, .adv_w = 181, .box_w = 12, .box_h = 13, .ofs_x = 0, .ofs_y = -1},
    {.bitmap_index = 353, .adv_w = 56, .box_w = 3, .box_h = 5, .ofs_x = 0, .ofs_y = 7},
    {.bitmap_index = 361, .adv_w = 89, .box_w = 5, .box_h = 15, .ofs_x = 1, .ofs_y = -3},
    {.bitmap_index = 399, .adv_w = 89, .box_w = 5, .box_h = 15, .ofs_x = 0, .ofs_y = -3},
    {.bitmap_index = 437, .adv_w = 106, .box_w = 7, .box_h = 7, .ofs_x = 0, .ofs_y = 5},
    {.bitmap_index = 462, .adv_w = 151, .box_w = 8, .box_h = 8, .ofs_x = 1, .ofs_y = 2},
    {.bitmap_index = 494, .adv_w = 62, .box_w = 4, .box_h = 6, .ofs_x = 0, .ofs_y = -3},
    {.bitmap_index = 506, .adv_w = 99, .box_w = 6, .box_h = 2, .ofs_x = 0, .ofs_y = 4},
    {.bitmap_index = 512, .adv_w = 62, .box_w = 4, .box_h = 3, .ofs_x = 0, .ofs_y = 0},
    {.bitmap_index = 518, .adv_w = 95, .box_w = 8, .box_h = 16, .ofs_x = -1, .ofs_y = -2},
    {.bitmap_index = 582, .adv_w = 172, .box_w = 11, .box_h = 12, .ofs_x = 0, .ofs_y = 0},
    {.bitmap_index = 648, .adv_w = 98, .box_w = 5, .box_h = 12, .ofs_x = 0, .ofs_y = 0},
    {.bitmap_index = 678, .adv_w = 149, .box_w = 9, .box_h = 12, .ofs_x = 0, .ofs_y = 0},
    {.bitmap_index = 732, .adv_w = 149, .box_w = 9, .box_h = 12, .ofs_x = 0, .ofs_y = 0},
    {.bitmap_index = 786, .adv_w = 174, .box_w = 11, .box_h = 12, .ofs_x = 0, .ofs_y = 0},
    {.bitmap_index = 852, .adv_w = 150, .box_w = 9, .box_h = 12, .ofs_x = 0, .ofs_y = 0},
    {.bitmap_index = 906, .adv_w = 161, .box_w = 10, .box_h = 12, .ofs_x = 0, .ofs_y = 0},
    {.bitmap_index = 966, .adv_w = 156, .box_w = 10, .box_h = 12, .ofs_x = 0, .ofs_y = 0},
    {.bitmap_index = 1026, .adv_w = 167, .box_w = 10, .box_h = 12, .ofs_x = 0, .ofs_y = 0},
    {.bitmap_index = 1086, .adv_w = 161, .box_w = 10, .box_h = 12, .ofs_x = 0, .ofs_y = 0},
    {.bitmap_index = 1146, .adv_w = 62, .box_w = 4, .box_h = 9, .ofs_x = 0, .ofs_y = 0},
    {.bitmap_index = 1164, .adv_w = 62, .box_w = 4, .box_h = 12, .ofs_x = 0, .ofs_y = -3},
    {.bitmap_index = 1188, .adv_w = 151, .box_w = 8, .box_h = 9, .ofs_x = 1, .ofs_y = 1},
    {.bitmap_index = 1224, .adv_w = 151, .box_w = 8, .box_h = 6, .ofs_x = 1, .ofs_y = 3},
    {.bitmap_index = 1248, .adv_w = 151, .box_w = 8, .box_h = 9, .ofs_x = 1, .ofs_y = 1},
    {.bitmap_index = 1284, .adv_w = 149, .box_w = 9, .box_h = 12, .ofs_x = 0, .ofs_y = 0},
    {.bitmap_index = 1338, .adv_w = 265, .box_w = 16, .box_h = 15, .ofs_x = 0, .ofs_y = -3},
    {.bitmap_index = 1458, .adv_w = 192, .box_w = 14, .box_h = 12, .ofs_x = -1, .ofs_y = 0},
    {.bitmap_index = 1542, .adv_w = 195, .box_w = 11, .box_h = 12, .ofs_x = 1, .ofs_y = 0},
    {.bitmap_index = 1608, .adv_w = 186, .box_w = 12, .box_h = 12, .ofs_x = 0, .ofs_y = 0},
    {.bitmap_index = 1680, .adv_w = 211, .box_w = 12, .box_h = 12, .ofs_x = 1, .ofs_y = 0},
    {.bitmap_index = 1752, .adv_w = 172, .box_w = 9, .box_h = 12, .ofs_x = 1, .ofs_y = 0},
    {.bitmap_index = 1806, .adv_w = 163, .box_w = 9, .box_h = 12, .ofs_x = 1, .ofs_y = 0},
    {.bitmap_index = 1860, .adv_w = 198, .box_w = 12, .box_h = 12, .ofs_x = 0, .ofs_y = 0},
    {.bitmap_index = 1932, .adv_w = 207, .box_w = 11, .box_h = 12, .ofs_x = 1, .ofs_y = 0},
    {.bitmap_index = 1998, .adv_w = 82, .box_w = 3, .box_h = 12, .ofs_x = 1, .ofs_y = 0},
    {.bitmap_index = 2016, .adv_w = 135, .box_w = 9, .box_h = 12, .ofs_x = -1, .ofs_y = 0},
    {.bitmap_index = 2070, .adv_w = 187, .box_w = 11, .box_h = 12, .ofs_x = 1, .ofs_y = 0},
    {.bitmap_index = 2136, .adv_w = 153, .box_w = 9, .box_h = 12, .ofs_x = 1, .ofs_y = 0},
    {.bitmap_index = 2190, .adv_w = 244, .box_w = 13, .box_h = 12, .ofs_x = 1, .ofs_y = 0},
    {.bitmap_index = 2268, .adv_w = 207, .box_w = 11, .box_h = 12, .ofs_x = 1, .ofs_y = 0},
    {.bitmap_index = 2334, .adv_w = 216, .box_w = 13, .box_h = 12, .ofs_x = 0, .ofs_y = 0},
    {.bitmap_index = 2412, .adv_w = 186, .box_w = 10, .box_h = 12, .ofs_x = 1, .ofs_y = 0},
    {.bitmap_index = 2472, .adv_w = 216, .box_w = 14, .box_h = 15, .ofs_x = 0, .ofs_y = -3},
    {.bitmap_index = 2577, .adv_w = 187, .box_w = 11, .box_h = 12, .ofs_x = 1, .ofs_y = 0},
    {.bitmap_index = 2643, .adv_w = 161, .box_w = 10, .box_h = 12, .ofs_x = 0, .ofs_y = 0},
    {.bitmap_index = 2703, .adv_w = 154, .box_w = 10, .box_h = 12, .ofs_x = 0, .ofs_y = 0},
    {.bitmap_index = 2763, .adv_w = 202, .box_w = 11, .box_h = 12, .ofs_x = 1, .ofs_y = 0},
    {.bitmap_index = 2829, .adv_w = 187, .box_w = 13, .box_h = 12, .ofs_x = -1, .ofs_y = 0},
    {.bitmap_index = 2907, .adv_w = 293, .box_w = 18, .box_h = 12, .ofs_x = 0, .ofs_y = 0},
    {.bitmap_index = 3015, .adv_w = 177, .box_w = 11, .box_h = 12, .ofs_x = 0, .ofs_y = 0},
    {.bitmap_index = 3081, .adv_w = 169, .box_w = 12, .box_h = 12, .ofs_x = -1, .ofs_y = 0},
    {.bitmap_index = 3153, .adv_w = 170, .box_w = 11, .box_h = 12, .ofs_x = 0, .ofs_y = 0},
    {.bitmap_index = 3219, .adv_w = 90, .box_w = 5, .box_h = 15, .ofs_x = 1, .ofs_y = -3},
    {.bitmap_index = 3257, .adv_w = 95, .box_w = 8, .box_h = 16, .ofs_x = -1, .ofs_y = -2},
    {.bitmap_index = 3321, .adv_w = 90, .box_w = 5, .box_h = 15, .ofs_x = 0, .ofs_y = -3},
    {.bitmap_index = 3359, .adv_w = 151, .box_w = 8, .box_h = 7, .ofs_x = 1, .ofs_y = 2},
    {.bitmap_index = 3387, .adv_w = 128, .box_w = 8, .box_h = 3, .ofs_x = 0, .ofs_y = -2},
    {.bitmap_index = 3399, .adv_w = 154, .box_w = 6, .box_h = 3, .ofs_x = 1, .ofs_y = 10},
    {.bitmap_index = 3408, .adv_w = 155, .box_w = 9, .box_h = 9, .ofs_x = 0, .ofs_y = 0},
    {.bitmap_index = 3449, .adv_w = 176, .box_w = 10, .box_h = 12, .ofs_x = 1, .ofs_y = 0},
    {.bitmap_index = 3509, .adv_w = 149, .box_w = 9, .box_h = 9, .ofs_x = 0, .ofs_y = 0},
    {.bitmap_index = 3550, .adv_w = 176, .box_w = 10, .box_h = 12, .ofs_x = 0, .ofs_y = 0},
    {.bitmap_index = 3610, .adv_w = 159, .box_w = 10, .box_h = 9, .ofs_x = 0, .ofs_y = 0},
    {.bitmap_index = 3655, .adv_w = 94, .box_w = 7, .box_h = 12, .ofs_x = 0, .ofs_y = 0},
    {.bitmap_index = 3697, .adv_w = 178, .box_w = 10, .box_h = 12, .ofs_x = 0, .ofs_y = -3},
    {.bitmap_index = 3757, .adv_w = 175, .box_w = 9, .box_h = 12, .ofs_x = 1, .ofs_y = 0},
    {.bitmap_index = 3811, .adv_w = 74, .box_w = 3, .box_h = 13, .ofs_x = 1, .ofs_y = 0},
    {.bitmap_index = 3831, .adv_w = 76, .box_w = 6, .box_h = 16, .ofs_x = -2, .ofs_y = -3},
    {.bitmap_index = 3879, .adv_w = 163, .box_w = 10, .box_h = 12, .ofs_x = 1, .ofs_y = 0},
    {.bitmap_index = 3939, .adv_w = 74, .box_w = 3, .box_h = 12, .ofs_x = 1, .ofs_y = 0},
    {.bitmap_index = 3957, .adv_w = 270, .box_w = 15, .box_h = 9, .ofs_x = 1, .ofs_y = 0},
    {.bitmap_index = 4025, .adv_w = 175, .box_w = 9, .box_h = 9, .ofs_x = 1, .ofs_y = 0},
    {.bitmap_index = 4066, .adv_w = 165, .box_w = 10, .box_h = 9, .ofs_x = 0, .ofs_y = 0},
    {.bitmap_index = 4111, .adv_w = 176, .box_w = 10, .box_h = 12, .ofs_x = 1, .ofs_y = -3},
    {.bitmap_index = 4171, .adv_w = 176, .box_w = 10, .box_h = 12, .ofs_x = 0, .ofs_y = -3},
    {.bitmap_index = 4231, .adv_w = 108, .box_w = 6, .box_h = 9, .ofs_x = 1, .ofs_y = 0},
    {.bitmap_index = 4258, .adv_w = 132, .box_w = 8, .box_h = 9, .ofs_x = 0, .ofs_y = 0},
    {.bitmap_index = 4294, .adv_w = 109, .box_w = 7, .box_h = 11, .ofs_x = 0, .ofs_y = 0},
    {.bitmap_index = 4333, .adv_w = 174, .box_w = 9, .box_h = 9, .ofs_x = 1, .ofs_y = 0},
    {.bitmap_index = 4374, .adv_w = 148, .box_w = 11, .box_h = 9, .ofs_x = -1, .ofs_y = 0},
    {.bitmap_index = 4424, .adv_w = 235, .box_w = 15, .box_h = 9, .ofs_x = 0, .ofs_y = 0},
    {.bitmap_index = 4492, .adv_w = 147, .box_w = 10, .box_h = 9, .ofs_x = 0, .ofs_y = 0},
    {.bitmap_index = 4537, .adv_w = 148, .box_w = 11, .box_h = 12, .ofs_x = -1, .ofs_y = -3},
    {.bitmap_index = 4603, .adv_w = 136, .box_w = 8, .box_h = 9, .ofs_x = 0, .ofs_y = 0},
    {.bitmap_index = 4639, .adv_w = 95, .box_w = 6, .box_h = 15, .ofs_x = 0, .ofs_y = -3},
    {.bitmap_index = 4684, .adv_w = 78, .box_w = 3, .box_h = 15, .ofs_x = 1, .ofs_y = -3},
    {.bitmap_index = 4707, .adv_w = 95, .box_w = 6, .box_h = 15, .ofs_x = 0, .ofs_y = -3},
    {.bitmap_index = 4752, .adv_w = 151, .box_w = 9, .box_h = 3, .ofs_x = 0, .ofs_y = 4},
    {.bitmap_index = 4766, .adv_w = 256, .box_w = 4, .box_h = 4, .ofs_x = 6, .ofs_y = 4},
    {.bitmap_index = 4774, .adv_w = 230, .box_w = 14, .box_h = 3, .ofs_x = 0, .ofs_y = 3},
    {.bitmap_index = 4795, .adv_w = 154, .box_w = 9, .box_h = 8, .ofs_x = 0, .ofs_y = 0},
    {.bitmap_index = 4831, .adv_w = 154, .box_w = 9, .box_h = 10, .ofs_x = 0, .ofs_y = 0},
    {.bitmap_index = 4876, .adv_w = 154, .box_w = 8, .box_h = 10, .ofs_x = 1, .ofs_y = 0},
    {.bitmap_index = 4916, .adv_w = 154, .box_w = 7, .box_h = 8, .ofs_x = 1, .ofs_y = 1},
    {.bitmap_index = 4944, .adv_w = 233, .box_w = 13, .box_h = 9, .ofs_x = 1, .ofs_y = 1},
    {.bitmap_index = 5003, .adv_w = 233, .box_w = 14, .box_h = 9, .ofs_x = 0, .ofs_y = 1},
    {.bitmap_index = 5066, .adv_w = 154, .box_w = 10, .box_h = 10, .ofs_x = 0, .ofs_y = -1},
    {.bitmap_index = 5116, .adv_w = 154, .box_w = 10, .box_h = 10, .ofs_x = 0, .ofs_y = -1},
    {.bitmap_index = 5166, .adv_w = 154, .box_w = 10, .box_h = 10, .ofs_x = 0, .ofs_y = -1},
    {.bitmap_index = 5216, .adv_w = 154, .box_w = 8, .box_h = 12, .ofs_x = 1, .ofs_y = 0},
    {.bitmap_index = 5264, .adv_w = 154, .box_w = 9, .box_h = 14, .ofs_x = 0, .ofs_y = -2},
    {.bitmap_index = 5327, .adv_w = 154, .box_w = 10, .box_h = 10, .ofs_x = 0, .ofs_y = 0},
    {.bitmap_index = 5377, .adv_w = 256, .box_w = 6, .box_h = 5, .ofs_x = 0, .ofs_y = -1},
    {.bitmap_index = 5392, .adv_w = 256, .box_w = 6, .box_h = 5, .ofs_x = 0, .ofs_y = -1},
    {.bitmap_index = 5407, .adv_w = 256, .box_w = 16, .box_h = 3, .ofs_x = 0, .ofs_y = 5},
    {.bitmap_index = 5431, .adv_w = 256, .box_w = 16, .box_h = 14, .ofs_x = 0, .ofs_y = -1},
    {.bitmap_index = 5543, .adv_w = 256, .box_w = 16, .box_h = 14, .ofs_x = 0, .ofs_y = -1},
    {.bitmap_index = 5655, .adv_w = 256, .box_w = 16, .box_h = 14, .ofs_x = 0, .ofs_y = -1},
    {.bitmap_index = 5767, .adv_w = 256, .box_w = 15, .box_h = 16, .ofs_x = 0, .ofs_y = -2},
    {.bitmap_index = 5887, .adv_w = 256, .box_w = 15, .box_h = 16, .ofs_x = 0, .ofs_y = -2},
    {.bitmap_index = 6007, .adv_w = 256, .box_w = 15, .box_h = 16, .ofs_x = 0, .ofs_y = -2},
    {.bitmap_index = 6127, .adv_w = 256, .box_w = 16, .box_h = 15, .ofs_x = 0, .ofs_y = -1},
    {.bitmap_index = 6247, .adv_w = 256, .box_w = 14, .box_h = 14, .ofs_x = 1, .ofs_y = -1},
    {.bitmap_index = 6345, .adv_w = 256, .box_w = 15, .box_h = 15, .ofs_x = 0, .ofs_y = -2},
    {.bitmap_index = 6458, .adv_w = 256, .box_w = 16, .box_h = 15, .ofs_x = 0, .ofs_y = -1},
    {.bitmap_index = 6578, .adv_w = 256, .box_w = 16, .box_h = 15, .ofs_x = 0, .ofs_y = -1},
    {.bitmap_index = 6698, .adv_w = 256, .box_w = 16, .box_h = 12, .ofs_x = 0, .ofs_y = 0},
    {.bitmap_index = 6794, .adv_w = 256, .box_w = 16, .box_h = 15, .ofs_x = 0, .ofs_y = -2},
    {.bitmap_index = 6914, .adv_w = 256, .box_w = 16, .box_h = 15, .ofs_x = 0, .ofs_y = -1},
    {.bitmap_index = 7034, .adv_w = 256, .box_w = 15, .box_h = 15, .ofs_x = 0, .ofs_y = -1},
    {.bitmap_index = 7147, .adv_w = 256, .box_w = 16, .box_h = 16, .ofs_x = 0, .ofs_y = -2},
    {.bitmap_index = 7275, .adv_w = 256, .box_w = 16, .box_h = 15, .ofs_x = 0, .ofs_y = -2},
    {.bitmap_index = 7395, .adv_w = 256, .box_w = 16, .box_h = 16, .ofs_x = 0, .ofs_y = -2},
    {.bitmap_index = 7523, .adv_w = 256, .box_w = 16, .box_h = 16, .ofs_x = 0, .ofs_y = -2},
    {.bitmap_index = 7651, .adv_w = 256, .box_w = 15, .box_h = 16, .ofs_x = 1, .ofs_y = -2},
    {.bitmap_index = 7771, .adv_w = 256, .box_w = 16, .box_h = 15, .ofs_x = 0, .ofs_y = -1},
    {.bitmap_index = 7891, .adv_w = 256, .box_w = 16, .box_h = 16, .ofs_x = 0, .ofs_y = -2},
    {.bitmap_index = 8019, .adv_w = 256, .box_w = 16, .box_h = 15, .ofs_x = 0, .ofs_y = -1},
    {.bitmap_index = 8139, .adv_w = 256, .box_w = 16, .box_h = 15, .ofs_x = 0, .ofs_y = -1},
    {.bitmap_index = 8259, .adv_w = 256, .box_w = 16, .box_h = 16, .ofs_x = 0, .ofs_y = -2},
    {.bitmap_index = 8387, .adv_w = 256, .box_w = 16, .box_h = 16, .ofs_x = 0, .ofs_y = -2},
    {.bitmap_index = 8515, .adv_w = 256, .box_w = 16, .box_h = 16, .ofs_x = 0, .ofs_y = -2},
    {.bitmap_index = 8643, .adv_w = 256, .box_w = 15, .box_h = 16, .ofs_x = 0, .ofs_y = -2},
    {.bitmap_index = 8763, .adv_w = 256, .box_w = 16, .box_h = 16, .ofs_x = 0, .ofs_y = -2},
    {.bitmap_index = 8891, .adv_w = 256, .box_w = 16, .box_h = 15, .ofs_x = 0, .ofs_y = -1},
    {.bitmap_index = 9011, .adv_w = 256, .box_w = 16, .box_h = 16, .ofs_x = 0, .ofs_y = -2},
    {.bitmap_index = 9139, .adv_w = 256, .box_w = 16, .box_h = 16, .ofs_x = 0, .ofs_y = -2},
    {.bitmap_index = 9267, .adv_w = 256, .box_w = 15, .box_h = 15, .ofs_x = 0, .ofs_y = -1},
    {.bitmap_index = 9380, .adv_w = 256, .box_w = 16, .box_h = 15, .ofs_x = 0, .ofs_y = -1},
    {.bitmap_index = 9500, .adv_w = 256, .box_w = 16, .box_h = 15, .ofs_x = 0, .ofs_y = -1},
    {.bitmap_index = 9620, .adv_w = 256, .box_w = 16, .box_h = 15, .ofs_x = 0, .ofs_y = -2},
    {.bitmap_index = 9740, .adv_w = 256, .box_w = 16, .box_h = 15, .ofs_x = 0, .ofs_y = -2},
    {.bitmap_index = 9860, .adv_w = 256, .box_w = 16, .box_h = 15, .ofs_x = 0, .ofs_y = -2},
    {.bitmap_index = 9980, .adv_w = 256, .box_w = 16, .box_h = 16, .ofs_x = 0, .ofs_y = -2},
    {.bitmap_index = 10108, .adv_w = 256, .box_w = 16, .box_h = 15, .ofs_x = 0, .ofs_y = -1},
    {.bitmap_index = 10228, .adv_w = 256, .box_w = 16, .box_h = 16, .ofs_x = 0, .ofs_y = -2},
    {.bitmap_index = 10356, .adv_w = 256, .box_w = 16, .box_h = 15, .ofs_x = 0, .ofs_y = -2},
    {.bitmap_index = 10476, .adv_w = 256, .box_w = 16, .box_h = 16, .ofs_x = 0, .ofs_y = -2},
    {.bitmap_index = 10604, .adv_w = 256, .box_w = 14, .box_h = 14, .ofs_x = 1, .ofs_y = -1},
    {.bitmap_index = 10702, .adv_w = 256, .box_w = 16, .box_h = 14, .ofs_x = 0, .ofs_y = -1},
    {.bitmap_index = 10814, .adv_w = 256, .box_w = 16, .box_h = 15, .ofs_x = 0, .ofs_y = -2},
    {.bitmap_index = 10934, .adv_w = 256, .box_w = 16, .box_h = 16, .ofs_x = 0, .ofs_y = -2},
    {.bitmap_index = 11062, .adv_w = 256, .box_w = 16, .box_h = 16, .ofs_x = 0, .ofs_y = -2},
    {.bitmap_index = 11190, .adv_w = 256, .box_w = 16, .box_h = 15, .ofs_x = 0, .ofs_y = -2},
    {.bitmap_index = 11310, .adv_w = 256, .box_w = 15, .box_h = 15, .ofs_x = 0, .ofs_y = -2},
    {.bitmap_index = 11423, .adv_w = 256, .box_w = 15, .box_h = 15, .ofs_x = 0, .ofs_y = -2},
    {.bitmap_index = 11536, .adv_w = 256, .box_w = 15, .box_h = 15, .ofs_x = 0, .ofs_y = -2},
    {.bitmap_index = 11649, .adv_w = 256, .box_w = 15, .box_h = 14, .ofs_x = 0, .ofs_y = -1},
    {.bitmap_index = 11754, .adv_w = 256, .box_w = 15, .box_h = 16, .ofs_x = 0, .ofs_y = -2},
    {.bitmap_index = 11874, .adv_w = 256, .box_w = 16, .box_h = 16, .ofs_x = 0, .ofs_y = -2},
    {.bitmap_index = 12002, .adv_w = 256, .box_w = 15, .box_h = 15, .ofs_x = 0, .ofs_y = -2},
    {.bitmap_index = 12115, .adv_w = 256, .box_w = 16, .box_h = 15, .ofs_x = 0, .ofs_y = -2},
    {.bitmap_index = 12235, .adv_w = 256, .box_w = 15, .box_h = 14, .ofs_x = 1, .ofs_y = -1},
    {.bitmap_index = 12340, .adv_w = 256, .box_w = 16, .box_h = 15, .ofs_x = 0, .ofs_y = -1},
    {.bitmap_index = 12460, .adv_w = 256, .box_w = 13, .box_h = 14, .ofs_x = 2, .ofs_y = -1},
    {.bitmap_index = 12551, .adv_w = 256, .box_w = 16, .box_h = 14, .ofs_x = 0, .ofs_y = -1},
    {.bitmap_index = 12663, .adv_w = 256, .box_w = 16, .box_h = 15, .ofs_x = 0, .ofs_y = -2},
    {.bitmap_index = 12783, .adv_w = 256, .box_w = 16, .box_h = 15, .ofs_x = 0, .ofs_y = -2},
    {.bitmap_index = 12903, .adv_w = 256, .box_w = 16, .box_h = 16, .ofs_x = 0, .ofs_y = -2},
    {.bitmap_index = 13031, .adv_w = 256, .box_w = 16, .box_h = 16, .ofs_x = 0, .ofs_y = -2},
    {.bitmap_index = 13159, .adv_w = 256, .box_w = 14, .box_h = 13, .ofs_x = 1, .ofs_y = -1},
    {.bitmap_index = 13250, .adv_w = 256, .box_w = 16, .box_h = 15, .ofs_x = 0, .ofs_y = -2},
    {.bitmap_index = 13370, .adv_w = 256, .box_w = 16, .box_h = 14, .ofs_x = 0, .ofs_y = -1},
    {.bitmap_index = 13482, .adv_w = 256, .box_w = 15, .box_h = 15, .ofs_x = 1, .ofs_y = -1},
    {.bitmap_index = 13595, .adv_w = 256, .box_w = 15, .box_h = 15, .ofs_x = 0, .ofs_y = -1},
    {.bitmap_index = 13708, .adv_w = 256, .box_w = 16, .box_h = 15, .ofs_x = 0, .ofs_y = -1},
    {.bitmap_index = 13828, .adv_w = 256, .box_w = 14, .box_h = 14, .ofs_x = 1, .ofs_y = -1},
    {.bitmap_index = 13926, .adv_w = 256, .box_w = 16, .box_h = 16, .ofs_x = 0, .ofs_y = -2},
    {.bitmap_index = 14054, .adv_w = 256, .box_w = 16, .box_h = 15, .ofs_x = 0, .ofs_y = -1},
    {.bitmap_index = 14174, .adv_w = 256, .box_w = 14, .box_h = 16, .ofs_x = 1, .ofs_y = -2},
    {.bitmap_index = 14286, .adv_w = 256, .box_w = 15, .box_h = 15, .ofs_x = 0, .ofs_y = -1},
    {.bitmap_index = 14399, .adv_w = 256, .box_w = 16, .box_h = 14, .ofs_x = 0, .ofs_y = -1},
    {.bitmap_index = 14511, .adv_w = 256, .box_w = 14, .box_h = 14, .ofs_x = 1, .ofs_y = -1},
    {.bitmap_index = 14609, .adv_w = 256, .box_w = 14, .box_h = 14, .ofs_x = 1, .ofs_y = -1},
    {.bitmap_index = 14707, .adv_w = 256, .box_w = 14, .box_h = 14, .ofs_x = 1, .ofs_y = -1},
    {.bitmap_index = 14805, .adv_w = 256, .box_w = 14, .box_h = 14, .ofs_x = 1, .ofs_y = -1},
    {.bitmap_index = 14903, .adv_w = 256, .box_w = 14, .box_h = 14, .ofs_x = 1, .ofs_y = -1},
    {.bitmap_index = 15001, .adv_w = 256, .box_w = 15, .box_h = 15, .ofs_x = 0, .ofs_y = -1},
    {.bitmap_index = 15114, .adv_w = 256, .box_w = 16, .box_h = 15, .ofs_x = 0, .ofs_y = -1},
    {.bitmap_index = 15234, .adv_w = 256, .box_w = 16, .box_h = 15, .ofs_x = 0, .ofs_y = -2},
    {.bitmap_index = 15354, .adv_w = 256, .box_w = 16, .box_h = 14, .ofs_x = 0, .ofs_y = -1},
    {.bitmap_index = 15466, .adv_w = 256, .box_w = 16, .box_h = 15, .ofs_x = 0, .ofs_y = -1},
    {.bitmap_index = 15586, .adv_w = 256, .box_w = 16, .box_h = 16, .ofs_x = 0, .ofs_y = -2},
    {.bitmap_index = 15714, .adv_w = 256, .box_w = 15, .box_h = 15, .ofs_x = 0, .ofs_y = -2},
    {.bitmap_index = 15827, .adv_w = 256, .box_w = 16, .box_h = 15, .ofs_x = 0, .ofs_y = -1},
    {.bitmap_index = 15947, .adv_w = 256, .box_w = 16, .box_h = 16, .ofs_x = 0, .ofs_y = -2},
    {.bitmap_index = 16075, .adv_w = 256, .box_w = 16, .box_h = 15, .ofs_x = 0, .ofs_y = -1},
    {.bitmap_index = 16195, .adv_w = 256, .box_w = 15, .box_h = 16, .ofs_x = 1, .ofs_y = -2},
    {.bitmap_index = 16315, .adv_w = 256, .box_w = 16, .box_h = 16, .ofs_x = 0, .ofs_y = -2},
    {.bitmap_index = 16443, .adv_w = 256, .box_w = 16, .box_h = 15, .ofs_x = 0, .ofs_y = -2},
    {.bitmap_index = 16563, .adv_w = 256, .box_w = 16, .box_h = 15, .ofs_x = 0, .ofs_y = -2},
    {.bitmap_index = 16683, .adv_w = 256, .box_w = 16, .box_h = 16, .ofs_x = 0, .ofs_y = -2},
    {.bitmap_index = 16811, .adv_w = 256, .box_w = 16, .box_h = 16, .ofs_x = 0, .ofs_y = -2},
    {.bitmap_index = 16939, .adv_w = 256, .box_w = 16, .box_h = 16, .ofs_x = 0, .ofs_y = -2},
    {.bitmap_index = 17067, .adv_w = 256, .box_w = 16, .box_h = 15, .ofs_x = 0, .ofs_y = -1},
    {.bitmap_index = 17187, .adv_w = 256, .box_w = 14, .box_h = 16, .ofs_x = 1, .ofs_y = -2},
    {.bitmap_index = 17299, .adv_w = 256, .box_w = 16, .box_h = 16, .ofs_x = 0, .ofs_y = -2},
    {.bitmap_index = 17427, .adv_w = 256, .box_w = 16, .box_h = 16, .ofs_x = 0, .ofs_y = -2},
    {.bitmap_index = 17555, .adv_w = 256, .box_w = 14, .box_h = 16, .ofs_x = 1, .ofs_y = -2},
    {.bitmap_index = 17667, .adv_w = 256, .box_w = 16, .box_h = 15, .ofs_x = 0, .ofs_y = -1},
    {.bitmap_index = 17787, .adv_w = 256, .box_w = 16, .box_h = 15, .ofs_x = 0, .ofs_y = -1},
    {.bitmap_index = 17907, .adv_w = 256, .box_w = 16, .box_h = 15, .ofs_x = 0, .ofs_y = -1},
    {.bitmap_index = 18027, .adv_w = 256, .box_w = 15, .box_h = 14, .ofs_x = 1, .ofs_y = -1},
    {.bitmap_index = 18132, .adv_w = 256, .box_w = 16, .box_h = 14, .ofs_x = 0, .ofs_y = -1},
    {.bitmap_index = 18244, .adv_w = 256, .box_w = 16, .box_h = 15, .ofs_x = 0, .ofs_y = -2},
    {.bitmap_index = 18364, .adv_w = 256, .box_w = 16, .box_h = 15, .ofs_x = 0, .ofs_y = -2},
    {.bitmap_index = 18484, .adv_w = 256, .box_w = 15, .box_h = 15, .ofs_x = 0, .ofs_y = -2},
    {.bitmap_index = 18597, .adv_w = 256, .box_w = 16, .box_h = 15, .ofs_x = 0, .ofs_y = -2},
    {.bitmap_index = 18717, .adv_w = 256, .box_w = 16, .box_h = 15, .ofs_x = 0, .ofs_y = -2},
    {.bitmap_index = 18837, .adv_w = 256, .box_w = 16, .box_h = 13, .ofs_x = 0, .ofs_y = -1},
    {.bitmap_index = 18941, .adv_w = 256, .box_w = 16, .box_h = 15, .ofs_x = 0, .ofs_y = -1},
    {.bitmap_index = 19061, .adv_w = 256, .box_w = 15, .box_h = 14, .ofs_x = 1, .ofs_y = -1},
    {.bitmap_index = 19166, .adv_w = 256, .box_w = 16, .box_h = 15, .ofs_x = 0, .ofs_y = -1},
    {.bitmap_index = 19286, .adv_w = 256, .box_w = 14, .box_h = 14, .ofs_x = 1, .ofs_y = -1},
    {.bitmap_index = 19384, .adv_w = 256, .box_w = 16, .box_h = 16, .ofs_x = 0, .ofs_y = -2},
    {.bitmap_index = 19512, .adv_w = 256, .box_w = 16, .box_h = 16, .ofs_x = 0, .ofs_y = -2},
    {.bitmap_index = 19640, .adv_w = 256, .box_w = 16, .box_h = 16, .ofs_x = 0, .ofs_y = -2},
    {.bitmap_index = 19768, .adv_w = 256, .box_w = 16, .box_h = 16, .ofs_x = 0, .ofs_y = -2},
    {.bitmap_index = 19896, .adv_w = 256, .box_w = 16, .box_h = 16, .ofs_x = 0, .ofs_y = -2},
    {.bitmap_index = 20024, .adv_w = 256, .box_w = 16, .box_h = 15, .ofs_x = 0, .ofs_y = -2},
    {.bitmap_index = 20144, .adv_w = 256, .box_w = 16, .box_h = 14, .ofs_x = 0, .ofs_y = -1},
    {.bitmap_index = 20256, .adv_w = 256, .box_w = 15, .box_h = 16, .ofs_x = 1, .ofs_y = -2},
    {.bitmap_index = 20376, .adv_w = 256, .box_w = 16, .box_h = 15, .ofs_x = 0, .ofs_y = -2},
    {.bitmap_index = 20496, .adv_w = 256, .box_w = 14, .box_h = 14, .ofs_x = 1, .ofs_y = -1},
    {.bitmap_index = 20594, .adv_w = 256, .box_w = 15, .box_h = 15, .ofs_x = 1, .ofs_y = -1},
    {.bitmap_index = 20707, .adv_w = 256, .box_w = 16, .box_h = 14, .ofs_x = 0, .ofs_y = -1},
    {.bitmap_index = 20819, .adv_w = 256, .box_w = 16, .box_h = 15, .ofs_x = 0, .ofs_y = -2},
    {.bitmap_index = 20939, .adv_w = 256, .box_w = 16, .box_h = 14, .ofs_x = 0, .ofs_y = -1},
    {.bitmap_index = 21051, .adv_w = 256, .box_w = 16, .box_h = 15, .ofs_x = 0, .ofs_y = -1},
    {.bitmap_index = 21171, .adv_w = 256, .box_w = 16, .box_h = 15, .ofs_x = 0, .ofs_y = -1},
    {.bitmap_index = 21291, .adv_w = 256, .box_w = 16, .box_h = 15, .ofs_x = 0, .ofs_y = -1},
    {.bitmap_index = 21411, .adv_w = 256, .box_w = 16, .box_h = 14, .ofs_x = 0, .ofs_y = -1},
    {.bitmap_index = 21523, .adv_w = 256, .box_w = 16, .box_h = 15, .ofs_x = 0, .ofs_y = -1},
    {.bitmap_index = 21643, .adv_w = 256, .box_w = 16, .box_h = 15, .ofs_x = 0, .ofs_y = -2},
    {.bitmap_index = 21763, .adv_w = 256, .box_w = 16, .box_h = 16, .ofs_x = 0, .ofs_y = -2},
    {.bitmap_index = 21891, .adv_w = 256, .box_w = 16, .box_h = 15, .ofs_x = 0, .ofs_y = -2},
    {.bitmap_index = 22011, .adv_w = 256, .box_w = 15, .box_h = 15, .ofs_x = 0, .ofs_y = -2},
    {.bitmap_index = 22124, .adv_w = 256, .box_w = 16, .box_h = 14, .ofs_x = 0, .ofs_y = -1},
    {.bitmap_index = 22236, .adv_w = 256, .box_w = 16, .box_h = 15, .ofs_x = 0, .ofs_y = -1},
    {.bitmap_index = 22356, .adv_w = 256, .box_w = 16, .box_h = 15, .ofs_x = 0, .ofs_y = -2},
    {.bitmap_index = 22476, .adv_w = 256, .box_w = 16, .box_h = 16, .ofs_x = 0, .ofs_y = -2},
    {.bitmap_index = 22604, .adv_w = 256, .box_w = 16, .box_h = 14, .ofs_x = 0, .ofs_y = -1},
    {.bitmap_index = 22716, .adv_w = 256, .box_w = 16, .box_h = 16, .ofs_x = 0, .ofs_y = -2},
    {.bitmap_index = 22844, .adv_w = 256, .box_w = 16, .box_h = 15, .ofs_x = 0, .ofs_y = -2},
    {.bitmap_index = 22964, .adv_w = 256, .box_w = 16, .box_h = 15, .ofs_x = 0, .ofs_y = -2},
    {.bitmap_index = 23084, .adv_w = 256, .box_w = 16, .box_h = 14, .ofs_x = 0, .ofs_y = -1},
    {.bitmap_index = 23196, .adv_w = 256, .box_w = 16, .box_h = 15, .ofs_x = 0, .ofs_y = -2},
    {.bitmap_index = 23316, .adv_w = 256, .box_w = 16, .box_h = 15, .ofs_x = 0, .ofs_y = -1},
    {.bitmap_index = 23436, .adv_w = 256, .box_w = 16, .box_h = 15, .ofs_x = 0, .ofs_y = -2},
    {.bitmap_index = 23556, .adv_w = 256, .box_w = 16, .box_h = 16, .ofs_x = 0, .ofs_y = -2},
    {.bitmap_index = 23684, .adv_w = 256, .box_w = 16, .box_h = 16, .ofs_x = 0, .ofs_y = -2},
    {.bitmap_index = 23812, .adv_w = 256, .box_w = 16, .box_h = 15, .ofs_x = 0, .ofs_y = -1},
    {.bitmap_index = 23932, .adv_w = 256, .box_w = 16, .box_h = 16, .ofs_x = 0, .ofs_y = -2},
    {.bitmap_index = 24060, .adv_w = 256, .box_w = 16, .box_h = 16, .ofs_x = 0, .ofs_y = -2},
    {.bitmap_index = 24188, .adv_w = 256, .box_w = 16, .box_h = 16, .ofs_x = 0, .ofs_y = -2},
    {.bitmap_index = 24316, .adv_w = 256, .box_w = 16, .box_h = 15, .ofs_x = 0, .ofs_y = -2},
    {.bitmap_index = 24436, .adv_w = 256, .box_w = 16, .box_h = 14, .ofs_x = 0, .ofs_y = -1},
    {.bitmap_index = 24548, .adv_w = 256, .box_w = 16, .box_h = 16, .ofs_x = 0, .ofs_y = -2},
    {.bitmap_index = 24676, .adv_w = 256, .box_w = 16, .box_h = 16, .ofs_x = 0, .ofs_y = -2},
    {.bitmap_index = 24804, .adv_w = 256, .box_w = 15, .box_h = 16, .ofs_x = 0, .ofs_y = -2},
    {.bitmap_index = 24924, .adv_w = 256, .box_w = 12, .box_h = 14, .ofs_x = 2, .ofs_y = -1},
    {.bitmap_index = 25008, .adv_w = 256, .box_w = 16, .box_h = 14, .ofs_x = 0, .ofs_y = -1},
    {.bitmap_index = 25120, .adv_w = 256, .box_w = 15, .box_h = 15, .ofs_x = 1, .ofs_y = -2},
    {.bitmap_index = 25233, .adv_w = 256, .box_w = 14, .box_h = 15, .ofs_x = 1, .ofs_y = -2},
    {.bitmap_index = 25338, .adv_w = 256, .box_w = 15, .box_h = 15, .ofs_x = 1, .ofs_y = -1},
    {.bitmap_index = 25451, .adv_w = 256, .box_w = 16, .box_h = 15, .ofs_x = 0, .ofs_y = -2},
    {.bitmap_index = 25571, .adv_w = 256, .box_w = 15, .box_h = 16, .ofs_x = 1, .ofs_y = -2},
    {.bitmap_index = 25691, .adv_w = 256, .box_w = 16, .box_h = 15, .ofs_x = 0, .ofs_y = -2},
    {.bitmap_index = 25811, .adv_w = 256, .box_w = 15, .box_h = 14, .ofs_x = 0, .ofs_y = -1},
    {.bitmap_index = 25916, .adv_w = 256, .box_w = 15, .box_h = 15, .ofs_x = 0, .ofs_y = -1},
    {.bitmap_index = 26029, .adv_w = 256, .box_w = 15, .box_h = 16, .ofs_x = 1, .ofs_y = -2},
    {.bitmap_index = 26149, .adv_w = 256, .box_w = 14, .box_h = 14, .ofs_x = 1, .ofs_y = -1},
    {.bitmap_index = 26247, .adv_w = 256, .box_w = 16, .box_h = 15, .ofs_x = 0, .ofs_y = -2},
    {.bitmap_index = 26367, .adv_w = 256, .box_w = 16, .box_h = 14, .ofs_x = 0, .ofs_y = -1},
    {.bitmap_index = 26479, .adv_w = 256, .box_w = 16, .box_h = 14, .ofs_x = 0, .ofs_y = -1},
    {.bitmap_index = 26591, .adv_w = 256, .box_w = 16, .box_h = 14, .ofs_x = 0, .ofs_y = -1},
    {.bitmap_index = 26703, .adv_w = 256, .box_w = 16, .box_h = 14, .ofs_x = 0, .ofs_y = -1},
    {.bitmap_index = 26815, .adv_w = 256, .box_w = 16, .box_h = 14, .ofs_x = 0, .ofs_y = -1},
    {.bitmap_index = 26927, .adv_w = 256, .box_w = 16, .box_h = 15, .ofs_x = 0, .ofs_y = -1},
    {.bitmap_index = 27047, .adv_w = 256, .box_w = 15, .box_h = 16, .ofs_x = 0, .ofs_y = -2},
    {.bitmap_index = 27167, .adv_w = 256, .box_w = 16, .box_h = 14, .ofs_x = 0, .ofs_y = -1},
    {.bitmap_index = 27279, .adv_w = 256, .box_w = 16, .box_h = 15, .ofs_x = 0, .ofs_y = -1},
    {.bitmap_index = 27399, .adv_w = 256, .box_w = 16, .box_h = 14, .ofs_x = 0, .ofs_y = -1},
    {.bitmap_index = 27511, .adv_w = 256, .box_w = 16, .box_h = 15, .ofs_x = 0, .ofs_y = -2},
    {.bitmap_index = 27631, .adv_w = 256, .box_w = 16, .box_h = 14, .ofs_x = 0, .ofs_y = -1},
    {.bitmap_index = 27743, .adv_w = 256, .box_w = 16, .box_h = 15, .ofs_x = 0, .ofs_y = -1},
    {.bitmap_index = 27863, .adv_w = 256, .box_w = 16, .box_h = 15, .ofs_x = 0, .ofs_y = -1},
    {.bitmap_index = 27983, .adv_w = 256, .box_w = 16, .box_h = 15, .ofs_x = 0, .ofs_y = -2},
    {.bitmap_index = 28103, .adv_w = 256, .box_w = 16, .box_h = 16, .ofs_x = 0, .ofs_y = -2},
    {.bitmap_index = 28231, .adv_w = 256, .box_w = 16, .box_h = 16, .ofs_x = 0, .ofs_y = -2},
    {.bitmap_index = 28359, .adv_w = 256, .box_w = 16, .box_h = 14, .ofs_x = 0, .ofs_y = -1},
    {.bitmap_index = 28471, .adv_w = 256, .box_w = 15, .box_h = 15, .ofs_x = 0, .ofs_y = -2},
    {.bitmap_index = 28584, .adv_w = 256, .box_w = 16, .box_h = 16, .ofs_x = 0, .ofs_y = -2},
    {.bitmap_index = 28712, .adv_w = 256, .box_w = 16, .box_h = 16, .ofs_x = 0, .ofs_y = -2},
    {.bitmap_index = 28840, .adv_w = 256, .box_w = 16, .box_h = 16, .ofs_x = 0, .ofs_y = -2},
    {.bitmap_index = 28968, .adv_w = 256, .box_w = 16, .box_h = 15, .ofs_x = 0, .ofs_y = -1},
    {.bitmap_index = 29088, .adv_w = 256, .box_w = 16, .box_h = 16, .ofs_x = 0, .ofs_y = -2},
    {.bitmap_index = 29216, .adv_w = 256, .box_w = 16, .box_h = 16, .ofs_x = 0, .ofs_y = -2},
    {.bitmap_index = 29344, .adv_w = 256, .box_w = 16, .box_h = 14, .ofs_x = 0, .ofs_y = -1},
    {.bitmap_index = 29456, .adv_w = 256, .box_w = 16, .box_h = 15, .ofs_x = 0, .ofs_y = -2},
    {.bitmap_index = 29576, .adv_w = 256, .box_w = 16, .box_h = 15, .ofs_x = 0, .ofs_y = -1},
    {.bitmap_index = 29696, .adv_w = 256, .box_w = 16, .box_h = 16, .ofs_x = 0, .ofs_y = -2},
    {.bitmap_index = 29824, .adv_w = 256, .box_w = 16, .box_h = 14, .ofs_x = 0, .ofs_y = -1},
    {.bitmap_index = 29936, .adv_w = 256, .box_w = 16, .box_h = 16, .ofs_x = 0, .ofs_y = -2},
    {.bitmap_index = 30064, .adv_w = 256, .box_w = 16, .box_h = 16, .ofs_x = 0, .ofs_y = -2},
    {.bitmap_index = 30192, .adv_w = 256, .box_w = 16, .box_h = 15, .ofs_x = 0, .ofs_y = -2},
    {.bitmap_index = 30312, .adv_w = 256, .box_w = 15, .box_h = 15, .ofs_x = 0, .ofs_y = -2},
    {.bitmap_index = 30425, .adv_w = 256, .box_w = 16, .box_h = 16, .ofs_x = 0, .ofs_y = -2},
    {.bitmap_index = 30553, .adv_w = 256, .box_w = 16, .box_h = 16, .ofs_x = 0, .ofs_y = -2},
    {.bitmap_index = 30681, .adv_w = 256, .box_w = 16, .box_h = 15, .ofs_x = 0, .ofs_y = -2},
    {.bitmap_index = 30801, .adv_w = 256, .box_w = 16, .box_h = 15, .ofs_x = 0, .ofs_y = -1},
    {.bitmap_index = 30921, .adv_w = 256, .box_w = 16, .box_h = 15, .ofs_x = 0, .ofs_y = -1},
    {.bitmap_index = 31041, .adv_w = 256, .box_w = 16, .box_h = 15, .ofs_x = 0, .ofs_y = -2},
    {.bitmap_index = 31161, .adv_w = 256, .box_w = 16, .box_h = 15, .ofs_x = 0, .ofs_y = -2},
    {.bitmap_index = 31281, .adv_w = 256, .box_w = 16, .box_h = 15, .ofs_x = 0, .ofs_y = -2},
    {.bitmap_index = 31401, .adv_w = 256, .box_w = 16, .box_h = 15, .ofs_x = 0, .ofs_y = -2},
    {.bitmap_index = 31521, .adv_w = 256, .box_w = 15, .box_h = 15, .ofs_x = 0, .ofs_y = -1},
    {.bitmap_index = 31634, .adv_w = 256, .box_w = 15, .box_h = 15, .ofs_x = 0, .ofs_y = -2},
    {.bitmap_index = 31747, .adv_w = 256, .box_w = 15, .box_h = 14, .ofs_x = 1, .ofs_y = -1},
    {.bitmap_index = 31852, .adv_w = 256, .box_w = 16, .box_h = 15, .ofs_x = 0, .ofs_y = -2},
    {.bitmap_index = 31972, .adv_w = 256, .box_w = 14, .box_h = 15, .ofs_x = 1, .ofs_y = -1},
    {.bitmap_index = 32077, .adv_w = 256, .box_w = 15, .box_h = 15, .ofs_x = 1, .ofs_y = -1},
    {.bitmap_index = 32190, .adv_w = 256, .box_w = 12, .box_h = 15, .ofs_x = 2, .ofs_y = -1},
    {.bitmap_index = 32280, .adv_w = 256, .box_w = 15, .box_h = 16, .ofs_x = 1, .ofs_y = -2},
    {.bitmap_index = 32400, .adv_w = 256, .box_w = 12, .box_h = 14, .ofs_x = 2, .ofs_y = -1},
    {.bitmap_index = 32484, .adv_w = 256, .box_w = 16, .box_h = 15, .ofs_x = 0, .ofs_y = -1},
    {.bitmap_index = 32604, .adv_w = 256, .box_w = 16, .box_h = 16, .ofs_x = 0, .ofs_y = -2},
    {.bitmap_index = 32732, .adv_w = 256, .box_w = 15, .box_h = 16, .ofs_x = 0, .ofs_y = -2},
    {.bitmap_index = 32852, .adv_w = 256, .box_w = 16, .box_h = 15, .ofs_x = 0, .ofs_y = -2},
    {.bitmap_index = 32972, .adv_w = 256, .box_w = 14, .box_h = 15, .ofs_x = 1, .ofs_y = -1},
    {.bitmap_index = 33077, .adv_w = 256, .box_w = 16, .box_h = 16, .ofs_x = 0, .ofs_y = -2},
    {.bitmap_index = 33205, .adv_w = 256, .box_w = 16, .box_h = 14, .ofs_x = 0, .ofs_y = -1},
    {.bitmap_index = 33317, .adv_w = 256, .box_w = 16, .box_h = 15, .ofs_x = 0, .ofs_y = -1},
    {.bitmap_index = 33437, .adv_w = 256, .box_w = 16, .box_h = 15, .ofs_x = 0, .ofs_y = -1},
    {.bitmap_index = 33557, .adv_w = 256, .box_w = 16, .box_h = 15, .ofs_x = 0, .ofs_y = -1},
    {.bitmap_index = 33677, .adv_w = 256, .box_w = 16, .box_h = 16, .ofs_x = 0, .ofs_y = -2},
    {.bitmap_index = 33805, .adv_w = 256, .box_w = 16, .box_h = 15, .ofs_x = 0, .ofs_y = -1},
    {.bitmap_index = 33925, .adv_w = 256, .box_w = 15, .box_h = 15, .ofs_x = 0, .ofs_y = -1},
    {.bitmap_index = 34038, .adv_w = 256, .box_w = 16, .box_h = 16, .ofs_x = 0, .ofs_y = -2},
    {.bitmap_index = 34166, .adv_w = 256, .box_w = 14, .box_h = 15, .ofs_x = 1, .ofs_y = -1},
    {.bitmap_index = 34271, .adv_w = 256, .box_w = 16, .box_h = 14, .ofs_x = 0, .ofs_y = -1},
    {.bitmap_index = 34383, .adv_w = 256, .box_w = 16, .box_h = 17, .ofs_x = 0, .ofs_y = -2},
    {.bitmap_index = 34519, .adv_w = 256, .box_w = 16, .box_h = 14, .ofs_x = 0, .ofs_y = -1},
    {.bitmap_index = 34631, .adv_w = 256, .box_w = 16, .box_h = 15, .ofs_x = 0, .ofs_y = -1},
    {.bitmap_index = 34751, .adv_w = 256, .box_w = 16, .box_h = 14, .ofs_x = 0, .ofs_y = -1},
    {.bitmap_index = 34863, .adv_w = 256, .box_w = 16, .box_h = 16, .ofs_x = 0, .ofs_y = -2},
    {.bitmap_index = 34991, .adv_w = 256, .box_w = 16, .box_h = 15, .ofs_x = 0, .ofs_y = -1},
    {.bitmap_index = 35111, .adv_w = 256, .box_w = 16, .box_h = 15, .ofs_x = 0, .ofs_y = -2},
    {.bitmap_index = 35231, .adv_w = 256, .box_w = 16, .box_h = 15, .ofs_x = 0, .ofs_y = -1},
    {.bitmap_index = 35351, .adv_w = 256, .box_w = 15, .box_h = 16, .ofs_x = 0, .ofs_y = -2},
    {.bitmap_index = 35471, .adv_w = 256, .box_w = 16, .box_h = 15, .ofs_x = 0, .ofs_y = -1},
    {.bitmap_index = 35591, .adv_w = 256, .box_w = 16, .box_h = 14, .ofs_x = 0, .ofs_y = -1},
    {.bitmap_index = 35703, .adv_w = 256, .box_w = 16, .box_h = 14, .ofs_x = 0, .ofs_y = -1},
    {.bitmap_index = 35815, .adv_w = 256, .box_w = 16, .box_h = 16, .ofs_x = 0, .ofs_y = -2},
    {.bitmap_index = 35943, .adv_w = 256, .box_w = 16, .box_h = 14, .ofs_x = 0, .ofs_y = -1},
    {.bitmap_index = 36055, .adv_w = 256, .box_w = 16, .box_h = 15, .ofs_x = 0, .ofs_y = -1},
    {.bitmap_index = 36175, .adv_w = 256, .box_w = 12, .box_h = 15, .ofs_x = 2, .ofs_y = -1},
    {.bitmap_index = 36265, .adv_w = 256, .box_w = 16, .box_h = 16, .ofs_x = 0, .ofs_y = -2},
    {.bitmap_index = 36393, .adv_w = 256, .box_w = 16, .box_h = 15, .ofs_x = 0, .ofs_y = -1},
    {.bitmap_index = 36513, .adv_w = 256, .box_w = 16, .box_h = 14, .ofs_x = 0, .ofs_y = -1},
    {.bitmap_index = 36625, .adv_w = 256, .box_w = 16, .box_h = 14, .ofs_x = 0, .ofs_y = -1},
    {.bitmap_index = 36737, .adv_w = 256, .box_w = 16, .box_h = 15, .ofs_x = 0, .ofs_y = -2},
    {.bitmap_index = 36857, .adv_w = 256, .box_w = 16, .box_h = 15, .ofs_x = 0, .ofs_y = -1},
    {.bitmap_index = 36977, .adv_w = 256, .box_w = 16, .box_h = 15, .ofs_x = 0, .ofs_y = -2},
    {.bitmap_index = 37097, .adv_w = 256, .box_w = 16, .box_h = 15, .ofs_x = 0, .ofs_y = -2},
    {.bitmap_index = 37217, .adv_w = 256, .box_w = 16, .box_h = 15, .ofs_x = 0, .ofs_y = -2},
    {.bitmap_index = 37337, .adv_w = 256, .box_w = 16, .box_h = 16, .ofs_x = 0, .ofs_y = -2},
    {.bitmap_index = 37465, .adv_w = 256, .box_w = 15, .box_h = 16, .ofs_x = 1, .ofs_y = -2},
    {.bitmap_index = 37585, .adv_w = 256, .box_w = 15, .box_h = 17, .ofs_x = 0, .ofs_y = -2},
    {.bitmap_index = 37713, .adv_w = 256, .box_w = 16, .box_h = 15, .ofs_x = 0, .ofs_y = -2},
    {.bitmap_index = 37833, .adv_w = 256, .box_w = 16, .box_h = 15, .ofs_x = 0, .ofs_y = -2},
    {.bitmap_index = 37953, .adv_w = 256, .box_w = 16, .box_h = 16, .ofs_x = 0, .ofs_y = -2},
    {.bitmap_index = 38081, .adv_w = 256, .box_w = 16, .box_h = 16, .ofs_x = 0, .ofs_y = -2},
    {.bitmap_index = 38209, .adv_w = 256, .box_w = 16, .box_h = 15, .ofs_x = 0, .ofs_y = -1},
    {.bitmap_index = 38329, .adv_w = 256, .box_w = 16, .box_h = 16, .ofs_x = 0, .ofs_y = -2},
    {.bitmap_index = 38457, .adv_w = 256, .box_w = 16, .box_h = 15, .ofs_x = 0, .ofs_y = -1},
    {.bitmap_index = 38577, .adv_w = 256, .box_w = 16, .box_h = 16, .ofs_x = 0, .ofs_y = -2},
    {.bitmap_index = 38705, .adv_w = 256, .box_w = 15, .box_h = 16, .ofs_x = 0, .ofs_y = -2},
    {.bitmap_index = 38825, .adv_w = 256, .box_w = 16, .box_h = 15, .ofs_x = 0, .ofs_y = -2},
    {.bitmap_index = 38945, .adv_w = 256, .box_w = 16, .box_h = 16, .ofs_x = 0, .ofs_y = -2},
    {.bitmap_index = 39073, .adv_w = 256, .box_w = 16, .box_h = 15, .ofs_x = 0, .ofs_y = -2},
    {.bitmap_index = 39193, .adv_w = 256, .box_w = 16, .box_h = 16, .ofs_x = 0, .ofs_y = -2},
    {.bitmap_index = 39321, .adv_w = 256, .box_w = 16, .box_h = 15, .ofs_x = 0, .ofs_y = -1},
    {.bitmap_index = 39441, .adv_w = 256, .box_w = 16, .box_h = 15, .ofs_x = 0, .ofs_y = -2},
    {.bitmap_index = 39561, .adv_w = 256, .box_w = 16, .box_h = 15, .ofs_x = 0, .ofs_y = -1},
    {.bitmap_index = 39681, .adv_w = 256, .box_w = 16, .box_h = 15, .ofs_x = 0, .ofs_y = -1},
    {.bitmap_index = 39801, .adv_w = 256, .box_w = 16, .box_h = 15, .ofs_x = 0, .ofs_y = -1},
    {.bitmap_index = 39921, .adv_w = 256, .box_w = 16, .box_h = 15, .ofs_x = 0, .ofs_y = -2},
    {.bitmap_index = 40041, .adv_w = 256, .box_w = 16, .box_h = 16, .ofs_x = 0, .ofs_y = -2},
    {.bitmap_index = 40169, .adv_w = 256, .box_w = 16, .box_h = 16, .ofs_x = 0, .ofs_y = -2},
    {.bitmap_index = 40297, .adv_w = 256, .box_w = 16, .box_h = 16, .ofs_x = 0, .ofs_y = -2},
    {.bitmap_index = 40425, .adv_w = 256, .box_w = 16, .box_h = 15, .ofs_x = 0, .ofs_y = -2},
    {.bitmap_index = 40545, .adv_w = 256, .box_w = 16, .box_h = 16, .ofs_x = 0, .ofs_y = -2},
    {.bitmap_index = 40673, .adv_w = 256, .box_w = 16, .box_h = 14, .ofs_x = 0, .ofs_y = -1},
    {.bitmap_index = 40785, .adv_w = 256, .box_w = 16, .box_h = 16, .ofs_x = 0, .ofs_y = -2},
    {.bitmap_index = 40913, .adv_w = 256, .box_w = 16, .box_h = 16, .ofs_x = 0, .ofs_y = -2},
    {.bitmap_index = 41041, .adv_w = 256, .box_w = 16, .box_h = 16, .ofs_x = 0, .ofs_y = -2},
    {.bitmap_index = 41169, .adv_w = 256, .box_w = 16, .box_h = 16, .ofs_x = 0, .ofs_y = -2},
    {.bitmap_index = 41297, .adv_w = 256, .box_w = 16, .box_h = 16, .ofs_x = 0, .ofs_y = -2},
    {.bitmap_index = 41425, .adv_w = 256, .box_w = 16, .box_h = 16, .ofs_x = 0, .ofs_y = -2},
    {.bitmap_index = 41553, .adv_w = 256, .box_w = 16, .box_h = 15, .ofs_x = 0, .ofs_y = -2},
    {.bitmap_index = 41673, .adv_w = 256, .box_w = 16, .box_h = 16, .ofs_x = 0, .ofs_y = -2},
    {.bitmap_index = 41801, .adv_w = 256, .box_w = 16, .box_h = 15, .ofs_x = 0, .ofs_y = -2},
    {.bitmap_index = 41921, .adv_w = 256, .box_w = 16, .box_h = 16, .ofs_x = 0, .ofs_y = -2},
    {.bitmap_index = 42049, .adv_w = 256, .box_w = 16, .box_h = 15, .ofs_x = 0, .ofs_y = -2},
    {.bitmap_index = 42169, .adv_w = 256, .box_w = 16, .box_h = 16, .ofs_x = 0, .ofs_y = -2},
    {.bitmap_index = 42297, .adv_w = 256, .box_w = 16, .box_h = 16, .ofs_x = 0, .ofs_y = -2},
    {.bitmap_index = 42425, .adv_w = 256, .box_w = 16, .box_h = 16, .ofs_x = 0, .ofs_y = -2},
    {.bitmap_index = 42553, .adv_w = 256, .box_w = 16, .box_h = 14, .ofs_x = 0, .ofs_y = -1},
    {.bitmap_index = 42665, .adv_w = 256, .box_w = 16, .box_h = 15, .ofs_x = 0, .ofs_y = -1},
    {.bitmap_index = 42785, .adv_w = 256, .box_w = 16, .box_h = 14, .ofs_x = 0, .ofs_y = -1},
    {.bitmap_index = 42897, .adv_w = 256, .box_w = 16, .box_h = 15, .ofs_x = 0, .ofs_y = -1},
    {.bitmap_index = 43017, .adv_w = 256, .box_w = 16, .box_h = 14, .ofs_x = 0, .ofs_y = -1},
    {.bitmap_index = 43129, .adv_w = 256, .box_w = 16, .box_h = 16, .ofs_x = 0, .ofs_y = -2},
    {.bitmap_index = 43257, .adv_w = 256, .box_w = 15, .box_h = 15, .ofs_x = 0, .ofs_y = -1},
    {.bitmap_index = 43370, .adv_w = 256, .box_w = 16, .box_h = 14, .ofs_x = 0, .ofs_y = -1},
    {.bitmap_index = 43482, .adv_w = 256, .box_w = 16, .box_h = 15, .ofs_x = 0, .ofs_y = -2},
    {.bitmap_index = 43602, .adv_w = 256, .box_w = 14, .box_h = 15, .ofs_x = 1, .ofs_y = -1},
    {.bitmap_index = 43707, .adv_w = 256, .box_w = 15, .box_h = 16, .ofs_x = 1, .ofs_y = -2},
    {.bitmap_index = 43827, .adv_w = 256, .box_w = 15, .box_h = 16, .ofs_x = 1, .ofs_y = -2},
    {.bitmap_index = 43947, .adv_w = 256, .box_w = 15, .box_h = 16, .ofs_x = 1, .ofs_y = -2},
    {.bitmap_index = 44067, .adv_w = 256, .box_w = 15, .box_h = 16, .ofs_x = 1, .ofs_y = -2},
    {.bitmap_index = 44187, .adv_w = 256, .box_w = 16, .box_h = 15, .ofs_x = 0, .ofs_y = -1},
    {.bitmap_index = 44307, .adv_w = 256, .box_w = 16, .box_h = 15, .ofs_x = 0, .ofs_y = -2},
    {.bitmap_index = 44427, .adv_w = 256, .box_w = 14, .box_h = 14, .ofs_x = 1, .ofs_y = -1},
    {.bitmap_index = 44525, .adv_w = 256, .box_w = 16, .box_h = 15, .ofs_x = 0, .ofs_y = -1},
    {.bitmap_index = 44645, .adv_w = 256, .box_w = 16, .box_h = 14, .ofs_x = 0, .ofs_y = -1},
    {.bitmap_index = 44757, .adv_w = 256, .box_w = 15, .box_h = 15, .ofs_x = 0, .ofs_y = -2},
    {.bitmap_index = 44870, .adv_w = 256, .box_w = 16, .box_h = 15, .ofs_x = 0, .ofs_y = -2},
    {.bitmap_index = 44990, .adv_w = 256, .box_w = 15, .box_h = 16, .ofs_x = 0, .ofs_y = -2},
    {.bitmap_index = 45110, .adv_w = 256, .box_w = 16, .box_h = 16, .ofs_x = 0, .ofs_y = -2},
    {.bitmap_index = 45238, .adv_w = 256, .box_w = 16, .box_h = 15, .ofs_x = 0, .ofs_y = -2},
    {.bitmap_index = 45358, .adv_w = 256, .box_w = 16, .box_h = 16, .ofs_x = 0, .ofs_y = -2},
    {.bitmap_index = 45486, .adv_w = 256, .box_w = 16, .box_h = 16, .ofs_x = 0, .ofs_y = -2},
    {.bitmap_index = 45614, .adv_w = 256, .box_w = 16, .box_h = 15, .ofs_x = 0, .ofs_y = -2},
    {.bitmap_index = 45734, .adv_w = 256, .box_w = 16, .box_h = 15, .ofs_x = 0, .ofs_y = -1},
    {.bitmap_index = 45854, .adv_w = 256, .box_w = 16, .box_h = 16, .ofs_x = 0, .ofs_y = -2},
    {.bitmap_index = 45982, .adv_w = 256, .box_w = 16, .box_h = 16, .ofs_x = 0, .ofs_y = -2},
    {.bitmap_index = 46110, .adv_w = 256, .box_w = 15, .box_h = 15, .ofs_x = 0, .ofs_y = -1},
    {.bitmap_index = 46223, .adv_w = 256, .box_w = 16, .box_h = 15, .ofs_x = 0, .ofs_y = -2},
    {.bitmap_index = 46343, .adv_w = 256, .box_w = 16, .box_h = 15, .ofs_x = 0, .ofs_y = -2},
    {.bitmap_index = 46463, .adv_w = 256, .box_w = 16, .box_h = 16, .ofs_x = 0, .ofs_y = -2},
    {.bitmap_index = 46591, .adv_w = 256, .box_w = 4, .box_h = 6, .ofs_x = 2, .ofs_y = -2},
    {.bitmap_index = 46603, .adv_w = 256, .box_w = 4, .box_h = 12, .ofs_x = 2, .ofs_y = -1},
    {.bitmap_index = 46627, .adv_w = 256, .box_w = 4, .box_h = 14, .ofs_x = 2, .ofs_y = -3}
};

/*---------------------
 *  CHARACTER MAPPING
 *--------------------*/

static const uint16_t unicode_list_1[] = {
    0x0, 0x1f5d, 0x2103, 0x21ac, 0x224b, 0x225e, 0x2336, 0x2337,
    0x24ff, 0x2512, 0x2515, 0x25b3, 0x25b4, 0x25e2, 0x2f4a, 0x2f4b,
    0x4d49, 0x4d53, 0x4d54, 0x4d56, 0x4d57, 0x4d5c, 0x4d65, 0x4d73,
    0x4d76, 0x4d83, 0x4d84, 0x4dd2, 0x4dd5, 0x4dd7, 0x4df4, 0x4df5,
    0x4df7, 0x4e03, 0x4e13, 0x4e17, 0x4e2e, 0x4e61, 0x4e63, 0x4e8f,
    0x4e96, 0x4e97, 0x4ea5, 0x4ea9, 0x4ef0, 0x4f26, 0x4f2a, 0x4f62,
    0x4f90, 0x4f98, 0x4fa3, 0x4fa5, 0x5091, 0x5092, 0x5094, 0x50ae,
    0x50b1, 0x50b5, 0x50ba, 0x50bc, 0x50ce, 0x50d6, 0x50fc, 0x5100,
    0x514f, 0x5150, 0x5160, 0x5179, 0x517f, 0x5180, 0x5184, 0x5196,
    0x51e8, 0x51f1, 0x5283, 0x529e, 0x52a9, 0x52aa, 0x52d4, 0x5313,
    0x531a, 0x5321, 0x532c, 0x5333, 0x5338, 0x5339, 0x533c, 0x5351,
    0x5355, 0x5357, 0x5374, 0x5375, 0x53d5, 0x55b1, 0x5627, 0x563d,
    0x5643, 0x5647, 0x564f, 0x5671, 0x5679, 0x5683, 0x56d4, 0x5728,
    0x57cc, 0x5839, 0x5850, 0x5856, 0x585f, 0x5863, 0x5865, 0x5872,
    0x587a, 0x5898, 0x58bc, 0x58c6, 0x5914, 0x5ad2, 0x5ad5, 0x5ae3,
    0x5ae7, 0x5b02, 0x5b0f, 0x5b28, 0x5b45, 0x5b4a, 0x5b58, 0x5b86,
    0x5b89, 0x5b8b, 0x5b9e, 0x5d2e, 0x5d2f, 0x5d3b, 0x5d4c, 0x5d81,
    0x5dc8, 0x5dd8, 0x5ddc, 0x5dde, 0x5def, 0x5e49, 0x5e58, 0x5e69,
    0x5e83, 0x5e9c, 0x5e9e, 0x5f0c, 0x5f34, 0x5f4a, 0x5f70, 0x5f84,
    0x5fb8, 0x603c, 0x6068, 0x60ab, 0x6159, 0x619c, 0x61b4, 0x61d3,
    0x6228, 0x624a, 0x6252, 0x625a, 0x62ab, 0x62b7, 0x62db, 0x62eb,
    0x62ee, 0x62f0, 0x62f1, 0x6318, 0x6365, 0x63f6, 0x647f, 0x6482,
    0x6487, 0x64b9, 0x64bd, 0x64e2, 0x64f9, 0x6502, 0x652e, 0x6532,
    0x653f, 0x6557, 0x6571, 0x6578, 0x65a3, 0x65b1, 0x65b8, 0x65c3,
    0x65df, 0x663b, 0x663d, 0x6648, 0x6649, 0x6675, 0x6683, 0x668b,
    0x66aa, 0x66cd, 0x66ff, 0x671d, 0x672e, 0x6750, 0x6758, 0x6780,
    0x6791, 0x696a, 0x6a6a, 0x6a95, 0x6aac, 0x6aae, 0x6afe, 0x6b0a,
    0x6b18, 0x6b5d, 0x6b64, 0x6c8a, 0x6c8e, 0x6d2a, 0x6d3a, 0x6d40,
    0x6d4e, 0x6d59, 0x6d6a, 0x7002, 0x7190, 0x7191, 0x71ff, 0x7235,
    0x72d0, 0x72f8, 0x72f9, 0x7304, 0x7336, 0x734c, 0x73cc, 0x7471,
    0x747e, 0x7495, 0x74a2, 0x74ae, 0x75c6, 0x75cd, 0x7637, 0x7654,
    0x7668, 0x77b7, 0x7883, 0x7904, 0x7944, 0x7956, 0x797c, 0x7988,
    0x7a14, 0x7a27, 0x7a9f, 0x7aea, 0x7c07, 0x7c44, 0x7c6b, 0x7df0,
    0x7e08, 0x7e18, 0x7e1c, 0x7e28, 0x7e30, 0x7e36, 0x7e3d, 0x7e5f,
    0x7e72, 0x7eb7, 0x7f60, 0x7f9d, 0x8015, 0x8046, 0x8133, 0x8173,
    0x81bb, 0x81cb, 0x8299, 0x8518, 0x8795, 0x87b1, 0x88ca, 0x890b,
    0x890f, 0x8912, 0x891b, 0x8aed, 0x8af2, 0x8b07, 0x8b08, 0x8b0a,
    0x8b0f, 0x8b1a, 0x8b3d, 0x8b4c, 0x8b51, 0x8c71, 0x8c7d, 0x8c8d,
    0x8d1a, 0x8d28, 0x8d38, 0x8eb7, 0x8ec4, 0x8ec6, 0x8eda, 0x8ef1,
    0x8f02, 0x8f07, 0x8f0a, 0x8f10, 0x8f19, 0x8f1a, 0x8f21, 0x8f22,
    0x8f24, 0x8f27, 0x8f40, 0x8f4b, 0x8f52, 0x8f58, 0x8f68, 0x8f84,
    0x8f9c, 0x9031, 0x9115, 0x9116, 0x9118, 0x911a, 0x93e8, 0x93f7,
    0x9425, 0x9449, 0x94c8, 0x953d, 0x9568, 0x957f, 0x9596, 0x95d8,
    0x960f, 0x9647, 0x969b, 0x96a2, 0x96ab, 0x97be, 0x97c2, 0x97c3,
    0x97cd, 0x97da, 0x97e1, 0x97e5, 0x9817, 0x98df, 0x99c4, 0x99d5,
    0x9a21, 0x9e0d, 0x9e21, 0x9e5c, 0xfe55, 0xfe63, 0xfe64
};

/*Collect the unicode lists and glyph_id offsets*/
static const lv_font_fmt_txt_cmap_t cmaps[] =
{
    {
        .range_start = 32, .range_length = 95, .glyph_id_start = 1,
        .unicode_list = NULL, .glyph_id_ofs_list = NULL, .list_length = 0, .type = LV_FONT_FMT_TXT_CMAP_FORMAT0_TINY
    },
    {
        .range_start = 183, .range_length = 65125, .glyph_id_start = 96,
        .unicode_list = unicode_list_1, .glyph_id_ofs_list = NULL, .list_length = 367, .type = LV_FONT_FMT_TXT_CMAP_SPARSE_TINY
    }
};

/*-----------------
 *    KERNING
 *----------------*/


/*Map glyph_ids to kern left classes*/
static const uint8_t kern_left_class_mapping[] =
{
    0, 0, 1, 2, 0, 3, 4, 5,
    2, 6, 7, 8, 9, 10, 9, 10,
    11, 12, 0, 13, 14, 15, 16, 17,
    18, 19, 12, 20, 20, 0, 0, 0,
    21, 22, 23, 24, 25, 22, 26, 27,
    28, 29, 29, 30, 31, 32, 29, 29,
    22, 33, 34, 35, 3, 36, 30, 37,
    37, 38, 39, 40, 41, 42, 43, 0,
    44, 0, 45, 46, 47, 48, 49, 50,
    51, 45, 52, 52, 53, 48, 45, 45,
    46, 46, 54, 55, 56, 57, 51, 58,
    58, 59, 58, 60, 41, 0, 0, 9,
    0, 0, 0, 0, 0, 0, 0, 0,
    0, 0, 0, 0, 0, 0, 0, 0,
    0, 0, 0, 0, 0, 0, 0, 0,
    0, 0, 0, 0, 0, 0, 0, 0,
    0, 0, 0, 0, 0, 0, 0, 0,
    0, 0, 0, 0, 0, 0, 0, 0,
    0, 0, 0, 0, 0, 0, 0, 0,
    0, 0, 0, 0, 0, 0, 0, 0,
    0, 0, 0, 0, 0, 0, 0, 0,
    0, 0, 0, 0, 0, 0, 0, 0,
    0, 0, 0, 0, 0, 0, 0, 0,
    0, 0, 0, 0, 0, 0, 0, 0,
    0, 0, 0, 0, 0, 0, 0, 0,
    0, 0, 0, 0, 0, 0, 0, 0,
    0, 0, 0, 0, 0, 0, 0, 0,
    0, 0, 0, 0, 0, 0, 0, 0,
    0, 0, 0, 0, 0, 0, 0, 0,
    0, 0, 0, 0, 0, 0, 0, 0,
    0, 0, 0, 0, 0, 0, 0, 0,
    0, 0, 0, 0, 0, 0, 0, 0,
    0, 0, 0, 0, 0, 0, 0, 0,
    0, 0, 0, 0, 0, 0, 0, 0,
    0, 0, 0, 0, 0, 0, 0, 0,
    0, 0, 0, 0, 0, 0, 0, 0,
    0, 0, 0, 0, 0, 0, 0, 0,
    0, 0, 0, 0, 0, 0, 0, 0,
    0, 0, 0, 0, 0, 0, 0, 0,
    0, 0, 0, 0, 0, 0, 0, 0,
    0, 0, 0, 0, 0, 0, 0, 0,
    0, 0, 0, 0, 0, 0, 0, 0,
    0, 0, 0, 0, 0, 0, 0, 0,
    0, 0, 0, 0, 0, 0, 0, 0,
    0, 0, 0, 0, 0, 0, 0, 0,
    0, 0, 0, 0, 0, 0, 0, 0,
    0, 0, 0, 0, 0, 0, 0, 0,
    0, 0, 0, 0, 0, 0, 0, 0,
    0, 0, 0, 0, 0, 0, 0, 0,
    0, 0, 0, 0, 0, 0, 0, 0,
    0, 0, 0, 0, 0, 0, 0, 0,
    0, 0, 0, 0, 0, 0, 0, 0,
    0, 0, 0, 0, 0, 0, 0, 0,
    0, 0, 0, 0, 0, 0, 0, 0,
    0, 0, 0, 0, 0, 0, 0, 0,
    0, 0, 0, 0, 0, 0, 0, 0,
    0, 0, 0, 0, 0, 0, 0, 0,
    0, 0, 0, 0, 0, 0, 0
};

/*Map glyph_ids to kern right classes*/
static const uint8_t kern_right_class_mapping[] =
{
    0, 0, 1, 2, 0, 3, 4, 5,
    2, 6, 7, 8, 9, 10, 9, 10,
    11, 12, 13, 14, 15, 16, 17, 12,
    18, 19, 20, 21, 21, 0, 0, 0,
    22, 23, 24, 25, 23, 25, 25, 25,
    23, 25, 25, 26, 25, 25, 25, 25,
    23, 25, 23, 25, 3, 27, 28, 29,
    29, 30, 31, 32, 33, 34, 35, 0,
    36, 0, 37, 38, 39, 39, 39, 40,
    39, 38, 41, 42, 38, 38, 43, 43,
    39, 43, 39, 43, 44, 45, 46, 47,
    47, 48, 49, 50, 0, 0, 35, 9,
    0, 0, 0, 0, 0, 0, 0, 0,
    0, 0, 0, 0, 0, 0, 0, 0,
    0, 0, 0, 0, 0, 0, 0, 0,
    0, 0, 0, 0, 0, 0, 0, 0,
    0, 0, 0, 0, 0, 0, 0, 0,
    0, 0, 0, 0, 0, 0, 0, 0,
    0, 0, 0, 0, 0, 0, 0, 0,
    0, 0, 0, 0, 0, 0, 0, 0,
    0, 0, 0, 0, 0, 0, 0, 0,
    0, 0, 0, 0, 0, 0, 0, 0,
    0, 0, 0, 0, 0, 0, 0, 0,
    0, 0, 0, 0, 0, 0, 0, 0,
    0, 0, 0, 0, 0, 0, 0, 0,
    0, 0, 0, 0, 0, 0, 0, 0,
    0, 0, 0, 0, 0, 0, 0, 0,
    0, 0, 0, 0, 0, 0, 0, 0,
    0, 0, 0, 0, 0, 0, 0, 0,
    0, 0, 0, 0, 0, 0, 0, 0,
    0, 0, 0, 0, 0, 0, 0, 0,
    0, 0, 0, 0, 0, 0, 0, 0,
    0, 0, 0, 0, 0, 0, 0, 0,
    0, 0, 0, 0, 0, 0, 0, 0,
    0, 0, 0, 0, 0, 0, 0, 0,
    0, 0, 0, 0, 0, 0, 0, 0,
    0, 0, 0, 0, 0, 0, 0, 0,
    0, 0, 0, 0, 0, 0, 0, 0,
    0, 0, 0, 0, 0, 0, 0, 0,
    0, 0, 0, 0, 0, 0, 0, 0,
    0, 0, 0, 0, 0, 0, 0, 0,
    0, 0, 0, 0, 0, 0, 0, 0,
    0, 0, 0, 0, 0, 0, 0, 0,
    0, 0, 0, 0, 0, 0, 0, 0,
    0, 0, 0, 0, 0, 0, 0, 0,
    0, 0, 0, 0, 0, 0, 0, 0,
    0, 0, 0, 0, 0, 0, 0, 0,
    0, 0, 0, 0, 0, 0, 0, 0,
    0, 0, 0, 0, 0, 0, 0, 0,
    0, 0, 0, 0, 0, 0, 0, 0,
    0, 0, 0, 0, 0, 0, 0, 0,
    0, 0, 0, 0, 0, 0, 0, 0,
    0, 0, 0, 0, 0, 0, 0, 0,
    0, 0, 0, 0, 0, 0, 0, 0,
    0, 0, 0, 0, 0, 0, 0, 0,
    0, 0, 0, 0, 0, 0, 0, 0,
    0, 0, 0, 0, 0, 0, 0, 0,
    0, 0, 0, 0, 0, 0, 0
};

/*Kern values between classes*/
static const int8_t kern_class_values[] =
{
    0, 0, 0, 0, 0, 0, 0, 2,
    0, 0, 0, 0, 3, 0, 0, 0,
    0, 1, 0, 0, 0, 0, 0, 0,
    0, 6, 5, 0, 3, 0, 5, 0,
    0, 0, 0, 0, 0, 0, 0, 0,
    0, 0, 0, 0, 0, 0, 0, 0,
    0, 0, 0, 12, 0, 6, -5, 0,
    0, 5, 0, -14, -15, 1, 12, 5,
    4, -10, 1, 12, 0, 10, 3, 8,
    0, -11, 0, 0, 3, 0, 0, 0,
    0, 0, 0, 15, 3, -1, 0, 0,
    0, 0, 0, 0, 0, 0, 0, 0,
    0, 0, 0, 0, 0, -8, 0, 0,
    0, 0, 0, -5, 4, 5, 0, 0,
    -3, 0, -1, 3, 0, -3, 0, -3,
    -1, -5, 0, 0, 0, 0, -3, 0,
    0, -3, -4, 0, 0, -3, 0, -5,
    0, 0, 0, 0, 0, 0, 0, 0,
    0, 0, -3, -3, -3, 0, 0, -6,
    0, -31, 0, 0, -5, -13, 5, 8,
    0, 0, -5, 3, 3, 8, 5, -4,
    5, 0, 0, -14, 0, 0, 0, 0,
    0, 0, 0, 0, 0, 0, 0, -9,
    0, 0, 3, 0, 6, 0, 0, 0,
    0, 0, 0, 0, 0, 0, 0, 0,
    -3, -12, 0, -10, -1, 0, 0, -8,
    0, 0, 9, 0, -8, -3, 0, 0,
    0, -4, 0, 0, -2, -18, 0, 3,
    0, 8, -6, 0, -5, 0, -10, 3,
    0, -20, -3, 8, 3, 0, 0, 0,
    0, 0, 0, 0, 3, 0, -4, 0,
    -4, 0, 0, 0, 0, 0, 0, 0,
    0, 0, 0, 0, 9, 0, 3, 0,
    0, -5, 0, 0, 0, 0, 0, 0,
    0, 0, 0, 0, -3, 0, 0, 0,
    0, 0, 0, 10, 3, 0, 0, 0,
    0, 0, 0, 25, 0, 0, 0, 0,
    0, 0, 0, 0, 0, 0, 0, 0,
    0, 0, 0, 0, 0, 0, 0, 0,
    0, 0, 0, 0, 0, 0, 0, 0,
    0, 0, 0, 0, 0, 0, -9, 0,
    0, 0, 0, 0, 0, 0, 0, 0,
    0, 0, 0, 0, 0, 0, 0, 0,
    0, 0, 0, 0, 0, 0, 2, 5,
    3, 8, -3, 0, 0, 5, -3, -9,
    -35, 1, 6, 5, 0, -3, 0, 8,
    0, 8, 0, 8, 0, -24, 0, -3,
    8, 0, 8, -3, 5, 3, 0, 0,
    0, -3, 0, 0, -4, 0, 0, 0,
    20, 0, 8, 0, 10, 4, 10, 4,
    0, 0, -4, -9, 0, 0, 0, -3,
    0, -2, 0, 1, -5, -4, -5, 1,
    0, -3, 0, 0, 0, -10, 1, -5,
    0, -5, -9, 0, -6, -5, -8, 0,
    0, -17, 0, 0, 0, 0, 3, 0,
    0, 0, 0, 0, 3, 0, -4, -6,
    -4, -3, 0, -14, 3, -17, 0, 0,
    0, -9, -2, 0, 24, -3, -4, 3,
    3, -1, 0, -4, 3, 0, 0, -14,
    -5, 8, 0, 14, -8, -2, -9, 0,
    -9, 4, 0, -24, 0, 3, 3, 0,
    -3, 0, 0, 3, 0, 0, -1, -3,
    -8, 0, -8, 0, 0, 15, -5, 0,
    -9, 0, 9, 0, -18, -24, -18, -5,
    8, 0, 0, -17, 0, 3, -6, 0,
    -4, 0, -5, -10, 0, -3, 8, 0,
    8, 0, 8, 0, 0, 5, 8, -31,
    -17, 0, -17, 0, 3, 0, -17, -17,
    -6, -17, -8, -14, -8, -17, 0, 1,
    0, 0, 0, 0, 0, 1, 1, -3,
    -5, 0, 0, 0, -3, 0, 0, -1,
    0, 0, 0, -5, 0, -3, 0, -6,
    -5, 0, -6, -9, -9, -4, 0, -5,
    0, -5, 0, 0, 0, 0, 0, -2,
    0, 0, 3, 0, 1, -3, 1, 0,
    0, 0, 0, 3, -1, 0, 0, 0,
    -1, 3, 3, 0, 0, 0, 0, -4,
    0, 0, 0, 0, 0, 0, 0, 0,
    0, 4, -1, 0, -3, 0, -4, 0,
    0, -1, 0, 8, 0, 0, -3, 0,
    0, 0, 0, 0, 0, 0, 0, -1,
    0, -1, 0, -3, 0, -3, 0, 0,
    0, 0, 0, 0, 0, 0, 0, -1,
    -1, 0, -3, -3, 0, 0, 0, 0,
    0, 0, 0, 0, -2, 0, -3, -3,
    -3, 0, 0, 0, 0, 0, 0, 0,
    0, 0, 0, -2, 0, 0, 0, 0,
    -2, -4, -2, 0, 0, -8, -1, -8,
    5, 0, 0, -5, 3, 5, 6, 0,
    -6, 0, -3, 0, 0, -12, 3, -1,
    2, -14, 3, 0, 0, 0, -13, 0,
    -14, -3, -22, -1, 0, -13, 0, 5,
    7, 0, 4, 0, 0, 0, 0, 0,
    0, 0, -5, -4, -5, 0, 0, 0,
    0, -3, 0, 0, 0, -3, 0, 0,
    0, 0, 0, -1, -1, 0, -1, -3,
    0, 0, 0, 0, 0, 0, 0, -3,
    -3, 0, -2, -3, -2, 0, 0, -3,
    0, 0, 0, 0, 0, 0, 0, 0,
    0, 0, 0, 0, -3, -3, -3, 0,
    0, -1, 0, -5, 3, 0, 0, -3,
    1, 3, 3, 0, 0, 0, 0, 0,
    0, -1, 0, 0, 0, 0, 0, 1,
    0, 0, -3, 0, -3, -1, -3, 0,
    0, 0, 0, 0, 0, 0, 2, 0,
    0, -2, 0, 0, 0, 0, -3, -4,
    -3, 0, 0, 8, -1, 0, -8, 0,
    0, 6, -13, -13, -10, -5, 3, 0,
    -2, -17, -5, 0, -5, 0, -5, 4,
    -5, -16, 0, -6, 0, 0, 1, 0,
    3, -1, 0, 3, 1, -8, -10, 0,
    -13, 0, 0, -5, -6, -8, -3, -6,
    0, -4, 0, -6, 0, 0, 0, -3,
    0, 0, 0, 1, 0, 3, 0, 0,
    0, 0, 0, 0, 0, 0, 0, 0,
    0, -3, 0, -1, 0, 0, -3, 0,
    -4, -6, -6, 0, 0, -8, 0, 0,
    0, 0, 0, 0, 0, -2, 0, 0,
    0, 0, 0, -2, 0, 0, 0, 3,
    0, 0, 0, 0, 0, 0, 0, 0,
    13, 0, 0, 0, 0, 0, 0, 1,
    0, 0, 0, -3, 0, 3, 0, 9,
    -3, 0, -6, -2, -9, 0, 0, -5,
    0, 3, 0, 0, 0, 0, 0, 0,
    0, 0, 3, 0, 1, -3, 1, 0,
    -1, 0, 0, 0, -4, 0, 0, 3,
    0, -13, -8, 0, 0, 0, -4, -13,
    0, 0, -3, 3, 0, -6, 0, -12,
    0, -8, 0, 0, -4, -5, -4, -3,
    -3, 0, 0, -4, 0, 0, -3, 0,
    0, 0, 0, 0, 0, 0, 3, 0,
    3, 0, 0, -5, 0, 0, 0, 0,
    3, 0, 1, -5, -5, 0, -3, -3,
    -3, 0, 0, 0, 0, 0, 0, -8,
    0, -3, 0, -4, -3, 0, -6, -6,
    -8, -2, 0, -5, 1, -8, 0, 0,
    0, 0, 0, 20, 0, 0, 1, 0,
    0, -4, 0, 0, 0, -11, 0, 0,
    0, 0, 0, -24, -5, 8, 8, -3,
    -11, 0, 3, -4, 0, -13, -1, -3,
    3, -18, -3, 5, 0, 4, -9, -4,
    -9, -9, -11, 0, 0, -15, 0, 14,
    0, 0, -1, 0, 0, 0, 0, -1,
    -1, -3, -7, -9, -7, 0, 0, 0,
    0, 0, 0, 0, 0, 0, 0, 0,
    0, 0, 0, 0, 0, 0, 0, 0,
    0, 0, 0, 0, 0, 0, 0, 0,
    -3, 0, -1, -3, -4, 0, 0, -5,
    0, -3, 0, 0, 0, 0, 0, 0,
    0, 0, 0, 0, 0, 0, 0, 0,
    0, 0, 0, 0, -5, 0, 0, 5,
    0, 3, 0, -5, 3, -1, 0, -5,
    -3, 0, -3, -3, -2, 0, -4, -4,
    0, 0, -2, 0, -1, -4, -3, 0,
    0, -3, 0, 3, -1, 0, -5, 0,
    0, 0, 0, -5, 0, -4, 0, -4,
    0, -4, 0, 0, 0, 0, 0, 0,
    0, 0, -5, 3, 0, -3, 0, -1,
    -3, -6, -1, -1, -1, 0, -1, -3,
    0, 0, 0, 0, 0, 0, -3, -2,
    -2, 0, 0, 0, 0, 3, -1, 0,
    -1, 0, 0, 0, 0, -1, -3, -1,
    -2, -3, -2, -2, 3, 10, 0, 0,
    -6, 0, -1, 5, 0, -3, -10, -3,
    4, 0, 0, -12, -4, 3, -4, 2,
    0, -1, -2, -8, 0, -4, 1, 0,
    0, -4, 0, 0, 0, 3, 3, -5,
    -4, 0, -4, 0, 0, -4, -3, -3,
    0, -4, 1, -4, 1, -4, 0, 0,
    0, 0, 0, 0, 0, 0, 0, 3,
    0, 0, 0, 0, 0, 0, 0, 0,
    0, 0, 0, 0, 0, 0, 0, 0,
    0, 0, 0, 0, 0, 0, 0, -4,
    0, 0, 0, 0, 0, 0, 0, 0,
    0, 0, 0, 0, 0, 0, 0, 0,
    0, 0, 0, 0, 0, 0, 0, 0,
    0, 0, 0, 0, 0, 0, 0, 0,
    0, 0, 0, 0, 0, 0, 0, 0,
    0, 0, 0, 0, -1, 0, 0, 0,
    0, 0, 0, 0, 0, 0, 0, 0,
    0, 0, 0, 0, 0, 0, 0, 0,
    0, 0, 0, 0, 0, 0, 0, 0,
    0, 0, 0, -2, -3, 0, 0, 0,
    0, 0, 0, 0, 0, 0, 0, 0,
    0, -4, 0, 0, -3, 0, 0, -3,
    -3, 0, 0, 0, 0, -3, 0, 0,
    0, 0, 0, -1, 0, 0, 0, 0,
    0, -1, 0, 0, 0, 0, -4, 0,
    -5, 0, 0, 0, -9, 0, 1, -6,
    5, 0, -1, -12, 0, 0, -6, -3,
    0, -10, -6, -8, 0, 0, -12, -3,
    -10, -10, -13, 0, -5, 0, 3, 17,
    -3, 0, -6, 0, 0, 0, -3, -4,
    -6, -5, -9, -11, -9, -6, 0, 0,
    -1, 0, 0, 0, 0, -18, -1, 8,
    5, -5, -9, 0, 0, -6, 0, -13,
    -1, -3, 5, -23, -3, 0, 0, 0,
    -17, -3, -13, -3, -19, 0, 0, -18,
    0, 14, 0, 0, -1, 0, 0, 0,
    0, 0, -1, -1, -10, -1, -10, 0,
    0, 0, 0, 0, -8, 0, -2, 0,
    0, -7, -12, 0, 0, -1, -4, -8,
    -3, 0, -2, 0, 0, 0, 0, -12,
    -3, -8, -8, -3, -4, -6, -3, -4,
    0, -5, -2, -9, -4, 0, -3, 0,
    0, -3, -4, 0, 1, 0, -1, -8,
    -1, 0, 0, -5, 0, 0, 0, 0,
    3, 0, 1, -5, 12, 0, -3, -3,
    -3, 0, 0, 0, 0, 0, 0, -8,
    0, -3, 0, -4, -3, 0, -6, -6,
    -8, -2, 0, -5, 3, 10, 0, 0,
    0, 0, 0, 20, 0, 0, 1, 0,
    0, -4, 0, 0, 0, 0, 0, 0,
    0, 0, 0, 0, 0, 0, 0, 0,
    0, 0, -1, -5, 0, 0, 0, 0,
    0, -1, 0, 0, 0, -3, -3, 0,
    0, -5, -3, 0, 0, -5, 0, 4,
    -1, 0, 0, 0, 0, 0, 0, 0,
    1, 0, 0, 0, 0, 0, 5, 3,
    -2, 0, -8, -3, 0, 8, -9, -8,
    -5, -5, 10, 5, 3, -22, -2, 5,
    -3, 0, -3, 4, -3, -9, 0, -3,
    3, -3, -3, -8, -3, 0, 0, 8,
    5, 0, -7, 0, -14, 0, 0, 9,
    -3, -10, 0, -3, -8, -8, -8, -3,
    3, 0, -4, 0, -6, 0, 3, 8,
    -6, -9, -10, -6, 8, 0, 0, -19,
    -3, 3, -4, -2, -6, 0, -6, -9,
    -4, -4, -3, 0, 0, -6, -6, -3,
    0, 8, 6, -3, -14, 0, -14, 0,
    -3, -5, -9, -15, 0, -8, -4, -8,
    -4, -8, 0, 0, -3, 0, -5, -2,
    0, -3, -5, 0, 4, -9, 3, 0,
    0, -14, 0, -3, -6, -4, -2, -8,
    -6, -9, -6, 0, -8, -3, -6, -4,
    -8, -3, 0, 0, 0, 12, -4, 0,
    -8, 0, 0, 0, -3, -5, -6, -7,
    -8, -10, -8, -4, 5, 0, -4, 0,
    -13, -3, 2, 5, -8, -9, -5, -9,
    9, -3, 1, -24, -5, 5, -6, -4,
    -9, 0, -8, -11, -3, -3, -3, -3,
    -6, -8, 0, 0, 0, 8, 8, -1,
    -17, 0, -15, 0, -4, 8, -10, -18,
    -5, -9, -11, -13, -11, -9, 0, 0,
    0, 0, -3, 0, 0, 3, -3, 5,
    1, -4, 5, 0, 0, -6, 0, 0,
    0, 0, 0, 0, -2, 0, 0, 0,
    0, 0, 0, -3, 0, 0, 0, 0,
    3, 8, 0, 0, -3, 0, 0, 0,
    0, 0, -1, -1, -3, 0, -3, 0,
    0, 3, 0, 0, 0, 0, 3, 0,
    -2, 0, 10, 0, 5, 0, 0, -4,
    0, 5, 0, 0, 0, 3, 0, 0,
    0, 0, 5, 0, 6, 0, 8, 0,
    0, 8, 0, 8, -2, 0, 0, 0,
    0, 26, 0, 0, 0, 0, 0, 0,
    0, 0, 0, -15, 0, -3, 4, 0,
    8, -35, 0, 24, 3, -5, -5, 3,
    3, -1, 0, -13, 0, 0, 13, -15,
    -5, 8, 0, 8, -5, -3, -10, 5,
    -5, 0, 0, -18, 10, 36, 0, 0,
    0, 0, 0, 31, 0, 0, 0, 0,
    5, 0, 5, 0, 0, 0, 0, 0,
    0, 0, 0, 0, 0, 0, 0, 0,
    0, 0, 0, 0, 0, 0, 0, 0,
    0, 0, 0, 0, 0, 0, -3, 0,
    0, -4, -2, 0, 0, 0, 0, 0,
    0, 0, 0, 0, 0, 0, 0, 0,
    0, 0, 0, 0, 0, 0, 0, -1,
    5, -6, 0, 0, 0, -3, 0, 3,
    32, -5, -2, 8, 6, -6, 3, 0,
    0, 3, 3, -4, -8, 14, 8, 20,
    0, -3, -3, 12, -1, 5, 0, -33,
    8, 0, -3, 0, -6, 0, 0, 28,
    0, 3, -5, -6, -4, 9, 5, 5,
    0, 0, 0, -7, 0, 0, 0, -6,
    0, 0, 0, 0, -5, -1, 0, 0,
    0, -5, 0, -3, 0, -12, 0, 0,
    0, 0, 0, 0, 0, 0, 0, 0,
    0, -17, 0, 0, 0, 0, 0, 0,
    0, 0, 0, 0, 0, 0, -3, 0,
    -3, 0, 0, -4, 0, -6, 0, 0,
    0, -4, 3, -3, 0, 0, -6, -3,
    -6, 0, 0, -6, 0, -3, 0, -12,
    0, -4, 0, 0, -19, -4, -10, -4,
    -10, 0, 0, -17, 0, -6, -2, 0,
    0, 0, 0, 0, 0, 0, 0, 0,
    -4, -5, -4, -2, 0, 0, 0, 0,
    -5, 0, -6, 4, -4, 5, 0, -1,
    -6, -1, -4, -4, 0, -3, -1, -1,
    2, -6, 0, 0, 0, 0, -20, -3,
    -5, 0, -8, 0, -1, -12, -2, 0,
    0, -1, -2, 0, -1, 0, 0, 0,
    2, 0, -2, -4, -2, -1, 0, 0,
    0, 0, 0, 0, 0, 0, 0, 0,
    0, 0, 0, 0, 0, 0, 0, 0,
    0, 0, 0, 0, 0, 0, 0, 0,
    0, 0, 0, 0, 0, 0, 0, 0,
    0, 0, 0, 0, 0, 0, 0, 0,
    0, 0, 7, 0, 0, 0, 0, 0,
    0, -5, 0, -1, 0, 0, 0, -5,
    3, 0, 0, 0, -6, -3, -5, 0,
    0, -7, 0, -3, 0, -12, 0, 0,
    0, 0, -24, 0, -5, -9, -13, 0,
    0, -17, 0, -2, -4, 0, 0, 0,
    0, 0, 0, 0, 0, 0, -3, -4,
    -3, -1, 0, 0, 0, 4, -4, 0,
    9, 12, -3, -3, -8, 3, 12, 4,
    5, -6, 3, 10, 3, 7, 5, 6,
    0, 0, 0, 0, 0, 0, 0, 0,
    0, 0, 0, 16, 12, -5, -3, 1,
    -2, 1, 1, 12, 0, 0, 0, 0,
    3, 0, 3, 0, 0, 0, -3, 0,
    0, 0, 0, 0, 0, 0, 0, 0,
    -1, 0, 0, 0, 0, 0, 0, 0,
    0, 5, 0, 0, 0, 0, -19, -3,
    -3, -9, -12, 0, 0, -17, 0, 0,
    0, 0, 0, 0, 0, 0, 0, 0,
    0, 0, 0, 0, 0, 0, 0, 0,
    -3, 0, 0, 0, 0, 0, 0, 0,
    0, 0, -1, 0, 0, 0, 0, 0,
    0, 0, 0, 5, 0, 0, 0, 0,
    -19, -3, -3, -9, -12, 0, 0, -7,
    0, 0, 0, 0, 0, 0, 0, 0,
    0, 0, 0, 0, 0, 0, 0, 0,
    0, 0, 0, 0, -3, 0, 0, 0,
    -6, 3, 0, -3, 3, 5, 3, -8,
    0, 0, -3, 3, 0, 3, 0, 0,
    0, 0, -4, 0, -2, -1, -5, 0,
    -2, -10, 0, 15, -3, 0, -6, 0,
    0, 0, -1, -4, 0, -3, -8, -5,
    -8, -3, 0, 0, -3, 0, 0, 0,
    0, 0, 0, 0, 0, 0, -1, 0,
    0, 0, 0, 0, 0, 0, 0, 5,
    0, 0, 0, 0, -19, -3, -3, -9,
    -12, 0, 0, -17, 0, 0, 0, 0,
    0, 0, 0, 13, 0, 0, 0, 0,
    0, 0, 0, 0, 0, 0, -3, 0,
    -8, -3, -2, 8, -2, -3, -10, 0,
    1, 0, -1, -6, 0, 6, 0, 3,
    0, 3, -6, -11, -3, 0, -8, -4,
    -6, -10, -9, 0, -3, -5, -3, -4,
    -11, -1, -3, 0, -1, 0, -1, 0,
    4, 0, 4, -1, 4, 0, 0, 0,
    0, 0, 0, 0, 0, 0, 0, 0,
    0, 0, -1, -3, -3, 0, 0, -6,
    0, -1, 0, -4, 0, 0, 0, 0,
    0, 0, 0, 0, 0, 0, 0, -15,
    0, 0, 0, 0, 0, 0, 0, 0,
    0, 0, 0, 0, -3, -3, -3, 0,
    0, 0, 0, 0, -2, 0, 0, -4,
    -3, 3, 0, -4, -4, -1, 0, -6,
    -1, -5, -2, -3, 0, -4, 0, 0,
    0, 0, 0, 0, 0, 0, 0, 0,
    0, -17, 0, 8, 0, 0, -5, 0,
    0, 0, 0, 0, -3, 0, -3, 0,
    -3, 0, 0, 0, -1, 0, -6, 0,
    0, 10, -4, -8, -8, 1, 4, 4,
    0, -8, 1, 4, 1, 8, 1, 9,
    -1, -7, 0, 0, -7, 0, 0, -8,
    -6, 0, 0, -5, 0, -4, -4, 0,
    -4, 0, 0, -4, 0, -2, 4, 0,
    -3, -8, -3, -3, 0, 0, -2, 0,
    -5, 0, 0, 4, -6, 0, 3, -3,
    3, 1, 0, -9, 0, -1, 0, 0,
    -3, 4, -3, 0, 0, 0, -8, -3,
    -6, 0, -8, 0, 0, -12, 0, 9,
    -3, 0, -5, 0, 0, 4, 0, -3,
    0, -3, -8, 0, -8, -3, 0, 0,
    0, 0, -1, 0, 0, 3, -3, 0,
    0, 0, -3, -1, 0, -3, 0, 0,
    0, 0, 0, 0, 0, 0, 0, 0,
    0, 0, 0, 0, 0, 0, 0, -15,
    0, 5, 0, 0, -2, 0, 0, 0,
    0, 0, 0, 0, -3, -3, -3, 0
};


/*Collect the kern class' data in one place*/
static const lv_font_fmt_txt_kern_classes_t kern_classes =
{
    .class_pair_values   = kern_class_values,
    .left_class_mapping  = kern_left_class_mapping,
    .right_class_mapping = kern_right_class_mapping,
    .left_class_cnt      = 60,
    .right_class_cnt     = 50,
};

/*--------------------
 *  ALL CUSTOM DATA
 *--------------------*/

#if LVGL_VERSION_MAJOR == 8
/*Store all the custom data of the font*/
static  lv_font_fmt_txt_glyph_cache_t cache;
#endif

#if LVGL_VERSION_MAJOR >= 8
static const lv_font_fmt_txt_dsc_t font_dsc = {
#else
static lv_font_fmt_txt_dsc_t font_dsc = {
#endif
    .glyph_bitmap = glyph_bitmap,
    .glyph_dsc = glyph_dsc,
    .cmaps = cmaps,
    .kern_dsc = &kern_classes,
    .kern_scale = 16,
    .cmap_num = 2,
    .bpp = 4,
    .kern_classes = 1,
    .bitmap_format = 0,
#if LVGL_VERSION_MAJOR == 8
    .cache = &cache
#endif
};



/*-----------------
 *  PUBLIC FONT
 *----------------*/

/*Initialize a public general font descriptor*/
#if LVGL_VERSION_MAJOR >= 8
const lv_font_t am_font_16 = {
#else
lv_font_t am_font_16 = {
#endif
    .get_glyph_dsc = lv_font_get_glyph_dsc_fmt_txt,    /*Function pointer to get glyph's data*/
    .get_glyph_bitmap = lv_font_get_bitmap_fmt_txt,    /*Function pointer to get glyph's bitmap*/
    .line_height = 18,          /*The maximum line height required by the font*/
    .base_line = 3,             /*Baseline measured from the bottom of the line*/
#if !(LVGL_VERSION_MAJOR == 6 && LVGL_VERSION_MINOR == 0)
    .subpx = LV_FONT_SUBPX_NONE,
#endif
#if LV_VERSION_CHECK(7, 4, 0) || LVGL_VERSION_MAJOR >= 8
    .underline_position = -2,
    .underline_thickness = 1,
#endif
    .dsc = &font_dsc,          /*The custom font data. Will be accessed by `get_glyph_bitmap/dsc` */
#if LV_VERSION_CHECK(8, 2, 0) || LVGL_VERSION_MAJOR >= 9
    .fallback = NULL,
#endif
    .user_data = NULL,
};



#endif /*#if AM_FONT_16*/

