/*******************************************************************************
 * Size: 18 px
 * Bpp: 4
 * Opts: --no-compress --format lvgl --bpp 4 --size 18 --font lvgl/demos/multilang/assets/fonts/Montserrat-SemiBold.ttf -r 0x20-0x7F --font lvgl/demos/multilang/assets/fonts/NotoSansSC-Medium.otf --symbols ·—、。一上下不与专东个中为主争二于享京亮人今从以优会但位低作你侧保信候假偏做停先光克入全公共关内再决冷分切列到制刷刻前功动区单占卡压及发变口只可台右合同后含听和器回围固图圆在地场型域境声备复外多夜天失奏女好始安完定实容密察导封小尽局层展工左已布常广序库底度开式张强当录心快态性总息想感慢成打扫把拟持按挑换据排探接控推描搜播收改放数整料新方日早时明昨是晚晨景智暖曲更替最本机杂条构架柔查标栏样案模次歌正步段毁每气氛流浅淡深混清渐渡点片版状独率环现玻班球璃用电界留略白的目看真确示离移稍稳稿立竞策管精系索级线经结统继续维编缩置耗联背能自航色节荐藏行表要观视觉角认让设访证识译说调谈质贴资跑跟路轮轻载辑辨边达迁过运近还这进连迷适选透速逻道部里重量金钟钮铜销长间队阶降随集雾青静面页项顺预频题颜风首驻验高黄默鼓，：； --font /home/share/samba/lvgl/lv_port_pc_vscode_v3-music/main/src/v9_apple_music/fonts/src/DejaVuSansMono.ttf --symbols ⌂◉♫≣⚙♪⌕◌▶↺ --font /home/share/samba/lvgl/lv_port_pc_vscode_v3-music/main/src/v9_apple_music/fonts/src/NotoSansSymbols2-Regular.ttf --symbols ⏮⏭ --lv-font-name am_font_18 -o /home/share/samba/lvgl/lv_port_pc_vscode_v3-music/main/src/v9_apple_music/fonts/am_font_18.c --force-fast-kern-format
 ******************************************************************************/

#ifdef LV_LVGL_H_INCLUDE_SIMPLE
#include "lvgl.h"
#else
#include "lvgl/lvgl.h"
#endif

#ifndef AM_FONT_18
#define AM_FONT_18 1
#endif

#if AM_FONT_18

/*-----------------
 *    BITMAPS
 *----------------*/

/*Store the image of the glyphs*/
static LV_ATTRIBUTE_LARGE_CONST const uint8_t glyph_bitmap[] = {
    /* U+0020 " " */

    /* U+0021 "!" */
    0xcf, 0xdb, 0xfc, 0xbf, 0xba, 0xfa, 0x9f, 0x98,
    0xf9, 0x7f, 0x86, 0xf7, 0x4a, 0x40, 0x0, 0x6c,
    0x6e, 0xfe, 0x8f, 0x80,

    /* U+0022 "\"" */
    0xfe, 0x8, 0xf6, 0xfe, 0x7, 0xf6, 0xee, 0x7,
    0xf5, 0xed, 0x6, 0xf5, 0xdd, 0x6, 0xf4, 0x11,
    0x0, 0x20,

    /* U+0023 "#" */
    0x0, 0x0, 0xf9, 0x0, 0x6f, 0x40, 0x0, 0x0,
    0x2f, 0x70, 0x7, 0xf2, 0x0, 0x0, 0x4, 0xf5,
    0x0, 0x9f, 0x0, 0x0, 0xff, 0xff, 0xff, 0xff,
    0xff, 0xf5, 0xa, 0xbf, 0xfd, 0xbb, 0xff, 0xbb,
    0x40, 0x0, 0xaf, 0x0, 0xf, 0xa0, 0x0, 0x0,
    0xc, 0xe0, 0x1, 0xf8, 0x0, 0x0, 0x0, 0xdc,
    0x0, 0x3f, 0x60, 0x0, 0x6a, 0xaf, 0xfa, 0xaf,
    0xff, 0xa8, 0x9, 0xff, 0xff, 0xff, 0xff, 0xff,
    0xc0, 0x0, 0x3f, 0x60, 0x9, 0xf1, 0x0, 0x0,
    0x5, 0xf4, 0x0, 0xaf, 0x0, 0x0, 0x0, 0x7f,
    0x20, 0xc, 0xd0, 0x0, 0x0,

    /* U+0024 "$" */
    0x0, 0x0, 0x7, 0x40, 0x0, 0x0, 0x0, 0x0,
    0xf8, 0x0, 0x0, 0x0, 0x0, 0xf, 0x80, 0x0,
    0x0, 0x2, 0x9d, 0xff, 0xd9, 0x30, 0x3, 0xff,
    0xff, 0xff, 0xff, 0x0, 0xdf, 0xc3, 0xf9, 0x38,
    0x90, 0xf, 0xf4, 0xf, 0x80, 0x0, 0x0, 0xff,
    0x90, 0xf8, 0x0, 0x0, 0x8, 0xff, 0xef, 0xd1,
    0x0, 0x0, 0x7, 0xef, 0xff, 0xfb, 0x30, 0x0,
    0x0, 0x4f, 0xff, 0xff, 0x20, 0x0, 0x0, 0xf8,
    0x3e, 0xf9, 0x2, 0x0, 0xf, 0x80, 0xaf, 0xa0,
    0xeb, 0x51, 0xf9, 0x6f, 0xf6, 0x2e, 0xff, 0xff,
    0xff, 0xfc, 0x0, 0x17, 0xbe, 0xff, 0xc6, 0x0,
    0x0, 0x0, 0xf, 0x80, 0x0, 0x0, 0x0, 0x0,
    0xf8, 0x0, 0x0,

    /* U+0025 "%" */
    0x2, 0xcf, 0xd4, 0x0, 0x0, 0x3f, 0x90, 0x0,
    0xdc, 0x39, 0xf2, 0x0, 0xd, 0xe0, 0x0, 0x4f,
    0x30, 0xf, 0x70, 0x7, 0xf4, 0x0, 0x6, 0xf1,
    0x0, 0xe9, 0x2, 0xf9, 0x0, 0x0, 0x4f, 0x20,
    0xf, 0x80, 0xce, 0x0, 0x0, 0x0, 0xfa, 0x17,
    0xf3, 0x7f, 0x40, 0x0, 0x0, 0x4, 0xff, 0xf7,
    0x2f, 0x91, 0xaf, 0xf8, 0x0, 0x0, 0x31, 0xc,
    0xe0, 0xae, 0x57, 0xf6, 0x0, 0x0, 0x7, 0xf4,
    0xf, 0x70, 0xc, 0xc0, 0x0, 0x2, 0xfa, 0x1,
    0xf5, 0x0, 0x9d, 0x0, 0x0, 0xce, 0x10, 0xf,
    0x70, 0xb, 0xc0, 0x0, 0x7f, 0x40, 0x0, 0xae,
    0x46, 0xf5, 0x0, 0x2f, 0xa0, 0x0, 0x0, 0xaf,
    0xe7, 0x0,

    /* U+0026 "&" */
    0x0, 0x5, 0xcf, 0xfb, 0x20, 0x0, 0x0, 0x4,
    0xff, 0xbc, 0xfe, 0x0, 0x0, 0x0, 0xaf, 0x70,
    0xc, 0xf3, 0x0, 0x0, 0xa, 0xf6, 0x0, 0xdf,
    0x20, 0x0, 0x0, 0x4f, 0xe5, 0xcf, 0x90, 0x0,
    0x0, 0x0, 0xbf, 0xff, 0x80, 0x0, 0x0, 0x0,
    0x6f, 0xff, 0xf3, 0x0, 0x50, 0x0, 0x7f, 0xe3,
    0x9f, 0xf3, 0x2f, 0xc0, 0x1f, 0xf3, 0x0, 0x8f,
    0xfd, 0xf8, 0x3, 0xff, 0x0, 0x0, 0x8f, 0xff,
    0x10, 0x1f, 0xf8, 0x0, 0x6, 0xff, 0xf5, 0x0,
    0x8f, 0xff, 0xef, 0xff, 0xef, 0xf2, 0x0, 0x4b,
    0xef, 0xd9, 0x20, 0x68, 0x0, 0x0, 0x0, 0x0,
    0x0, 0x0, 0x0,

    /* U+0027 "'" */
    0xfe, 0xfe, 0xee, 0xed, 0xdd, 0x11,

    /* U+0028 "(" */
    0x0, 0x8f, 0x90, 0x1f, 0xf2, 0x6, 0xfc, 0x0,
    0xcf, 0x70, 0xf, 0xf3, 0x2, 0xff, 0x0, 0x5f,
    0xd0, 0x6, 0xfc, 0x0, 0x7f, 0xb0, 0x7, 0xfb,
    0x0, 0x6f, 0xc0, 0x5, 0xfd, 0x0, 0x2f, 0xf0,
    0x0, 0xff, 0x30, 0xc, 0xf7, 0x0, 0x6f, 0xc0,
    0x1, 0xff, 0x20, 0x8, 0xf9,

    /* U+0029 ")" */
    0x6f, 0xc0, 0x0, 0xef, 0x40, 0x8, 0xfa, 0x0,
    0x3f, 0xf0, 0x0, 0xff, 0x30, 0xc, 0xf6, 0x0,
    0x9f, 0x90, 0x8, 0xfa, 0x0, 0x7f, 0xb0, 0x7,
    0xfb, 0x0, 0x8f, 0xa0, 0x9, 0xf9, 0x0, 0xcf,
    0x60, 0xf, 0xf4, 0x3, 0xff, 0x0, 0x8f, 0xa0,
    0xe, 0xf4, 0x6, 0xfc, 0x0,

    /* U+002A "*" */
    0x0, 0xf, 0x60, 0x0, 0x39, 0x1e, 0x64, 0x90,
    0x6f, 0xef, 0xef, 0xc0, 0x2, 0xff, 0xf9, 0x0,
    0x5e, 0xff, 0xff, 0xa0, 0x4b, 0x2e, 0x66, 0xb0,
    0x0, 0xe, 0x60, 0x0, 0x0, 0x1, 0x0, 0x0,

    /* U+002B "+" */
    0x0, 0xa, 0xf4, 0x0, 0x0, 0x0, 0xaf, 0x40,
    0x0, 0x0, 0xa, 0xf4, 0x0, 0xb, 0xdd, 0xff,
    0xfd, 0xd6, 0xdf, 0xff, 0xff, 0xff, 0x70, 0x0,
    0xaf, 0x40, 0x0, 0x0, 0xa, 0xf4, 0x0, 0x0,
    0x0, 0xaf, 0x40, 0x0,

    /* U+002C "," */
    0x0, 0x0, 0xc, 0xf4, 0x3f, 0xfa, 0xf, 0xf7,
    0x9, 0xf1, 0xd, 0xb0, 0x7, 0x30,

    /* U+002D "-" */
    0xe, 0xee, 0xed, 0xf, 0xff, 0xff,

    /* U+002E "." */
    0x0, 0x0, 0xd, 0xf4, 0x3f, 0xfa, 0xc, 0xe4,

    /* U+002F "/" */
    0x0, 0x0, 0x0, 0x58, 0x20, 0x0, 0x0, 0xe,
    0xf1, 0x0, 0x0, 0x4, 0xfb, 0x0, 0x0, 0x0,
    0x9f, 0x60, 0x0, 0x0, 0xe, 0xf1, 0x0, 0x0,
    0x4, 0xfb, 0x0, 0x0, 0x0, 0xaf, 0x60, 0x0,
    0x0, 0xf, 0xf1, 0x0, 0x0, 0x5, 0xfb, 0x0,
    0x0, 0x0, 0xaf, 0x50, 0x0, 0x0, 0xf, 0xf0,
    0x0, 0x0, 0x5, 0xfa, 0x0, 0x0, 0x0, 0xaf,
    0x50, 0x0, 0x0, 0xf, 0xf0, 0x0, 0x0, 0x5,
    0xfa, 0x0, 0x0, 0x0, 0xbf, 0x50, 0x0, 0x0,
    0x1f, 0xf0, 0x0, 0x0, 0x6, 0xfa, 0x0, 0x0,
    0x0,

    /* U+0030 "0" */
    0x0, 0x4, 0xbe, 0xfc, 0x50, 0x0, 0x0, 0x7f,
    0xff, 0xff, 0xf9, 0x0, 0x3, 0xff, 0xa3, 0x29,
    0xff, 0x50, 0xb, 0xfc, 0x0, 0x0, 0xaf, 0xc0,
    0xf, 0xf6, 0x0, 0x0, 0x4f, 0xf1, 0x1f, 0xf3,
    0x0, 0x0, 0x1f, 0xf3, 0x2f, 0xf2, 0x0, 0x0,
    0xf, 0xf4, 0x1f, 0xf3, 0x0, 0x0, 0x1f, 0xf3,
    0xf, 0xf6, 0x0, 0x0, 0x4f, 0xf1, 0xb, 0xfc,
    0x0, 0x0, 0xaf, 0xc0, 0x3, 0xff, 0xa2, 0x29,
    0xff, 0x50, 0x0, 0x7f, 0xff, 0xff, 0xf9, 0x0,
    0x0, 0x4, 0xbe, 0xfc, 0x50, 0x0,

    /* U+0031 "1" */
    0xdf, 0xff, 0xf2, 0xdf, 0xff, 0xf2, 0x0, 0x3f,
    0xf2, 0x0, 0x3f, 0xf2, 0x0, 0x3f, 0xf2, 0x0,
    0x3f, 0xf2, 0x0, 0x3f, 0xf2, 0x0, 0x3f, 0xf2,
    0x0, 0x3f, 0xf2, 0x0, 0x3f, 0xf2, 0x0, 0x3f,
    0xf2, 0x0, 0x3f, 0xf2, 0x0, 0x3f, 0xf2,

    /* U+0032 "2" */
    0x1, 0x8d, 0xff, 0xc6, 0x0, 0x4f, 0xff, 0xff,
    0xff, 0xa0, 0x6f, 0xc4, 0x13, 0xaf, 0xf3, 0x2,
    0x0, 0x0, 0xf, 0xf6, 0x0, 0x0, 0x0, 0xf,
    0xf5, 0x0, 0x0, 0x0, 0x7f, 0xf1, 0x0, 0x0,
    0x4, 0xff, 0x60, 0x0, 0x0, 0x5f, 0xf8, 0x0,
    0x0, 0x6, 0xff, 0x80, 0x0, 0x0, 0x6f, 0xf8,
    0x0, 0x0, 0x7, 0xff, 0x80, 0x0, 0x0, 0x4f,
    0xff, 0xff, 0xff, 0xfe, 0x6f, 0xff, 0xff, 0xff,
    0xfe,

    /* U+0033 "3" */
    0x6f, 0xff, 0xff, 0xff, 0xf3, 0x6f, 0xff, 0xff,
    0xff, 0xf2, 0x0, 0x0, 0x2, 0xff, 0x70, 0x0,
    0x0, 0x1d, 0xf9, 0x0, 0x0, 0x0, 0xcf, 0xb0,
    0x0, 0x0, 0x7, 0xff, 0xd7, 0x0, 0x0, 0x8,
    0xff, 0xff, 0xc0, 0x0, 0x0, 0x1, 0x7f, 0xf7,
    0x0, 0x0, 0x0, 0xb, 0xfb, 0x1, 0x0, 0x0,
    0xc, 0xfa, 0x7f, 0x83, 0x13, 0x9f, 0xf6, 0xbf,
    0xff, 0xff, 0xff, 0xb0, 0x5, 0xbe, 0xfe, 0xc6,
    0x0,

    /* U+0034 "4" */
    0x0, 0x0, 0x0, 0x8f, 0xe1, 0x0, 0x0, 0x0,
    0x0, 0x4f, 0xf3, 0x0, 0x0, 0x0, 0x0, 0x1e,
    0xf7, 0x0, 0x0, 0x0, 0x0, 0xc, 0xfc, 0x0,
    0x0, 0x0, 0x0, 0x8, 0xfe, 0x10, 0x0, 0x0,
    0x0, 0x4, 0xff, 0x40, 0x39, 0x70, 0x0, 0x1,
    0xef, 0x90, 0x6, 0xfc, 0x0, 0x0, 0xbf, 0xd0,
    0x0, 0x6f, 0xc0, 0x0, 0x5f, 0xff, 0xff, 0xff,
    0xff, 0xff, 0x6, 0xff, 0xff, 0xff, 0xff, 0xff,
    0xf0, 0x0, 0x0, 0x0, 0x8, 0xfd, 0x0, 0x0,
    0x0, 0x0, 0x0, 0x7f, 0xc0, 0x0, 0x0, 0x0,
    0x0, 0x7, 0xfc, 0x0, 0x0,

    /* U+0035 "5" */
    0x3, 0xff, 0xff, 0xff, 0xf3, 0x5, 0xff, 0xff,
    0xff, 0xf3, 0x6, 0xfc, 0x0, 0x0, 0x0, 0x8,
    0xfa, 0x0, 0x0, 0x0, 0x9, 0xf9, 0x0, 0x0,
    0x0, 0xb, 0xff, 0xff, 0xe9, 0x10, 0xc, 0xff,
    0xff, 0xff, 0xf2, 0x0, 0x0, 0x1, 0x5e, 0xfa,
    0x0, 0x0, 0x0, 0x7, 0xfe, 0x1, 0x0, 0x0,
    0x8, 0xfd, 0x3f, 0x94, 0x22, 0x7f, 0xf9, 0x8f,
    0xff, 0xff, 0xff, 0xd1, 0x4, 0xad, 0xff, 0xd8,
    0x0,

    /* U+0036 "6" */
    0x0, 0x1, 0x8d, 0xff, 0xd8, 0x0, 0x3, 0xef,
    0xff, 0xff, 0xe0, 0x1, 0xef, 0xd4, 0x11, 0x45,
    0x0, 0x9f, 0xd0, 0x0, 0x0, 0x0, 0xe, 0xf6,
    0x0, 0x0, 0x0, 0x1, 0xff, 0x48, 0xef, 0xe9,
    0x10, 0x2f, 0xff, 0xff, 0xff, 0xfe, 0x12, 0xff,
    0xf6, 0x0, 0x4e, 0xf9, 0xf, 0xf9, 0x0, 0x0,
    0x8f, 0xc0, 0xcf, 0x90, 0x0, 0x8, 0xfc, 0x5,
    0xff, 0x50, 0x4, 0xef, 0x70, 0x9, 0xff, 0xff,
    0xff, 0xc0, 0x0, 0x5, 0xbe, 0xfd, 0x70, 0x0,

    /* U+0037 "7" */
    0x8f, 0xff, 0xff, 0xff, 0xff, 0x48, 0xff, 0xff,
    0xff, 0xff, 0xf4, 0x8f, 0xb0, 0x0, 0x9, 0xfe,
    0x8, 0xfb, 0x0, 0x0, 0xff, 0x70, 0x24, 0x20,
    0x0, 0x6f, 0xf1, 0x0, 0x0, 0x0, 0xd, 0xfa,
    0x0, 0x0, 0x0, 0x4, 0xff, 0x30, 0x0, 0x0,
    0x0, 0xbf, 0xc0, 0x0, 0x0, 0x0, 0x2f, 0xf5,
    0x0, 0x0, 0x0, 0x9, 0xfe, 0x0, 0x0, 0x0,
    0x1, 0xff, 0x70, 0x0, 0x0, 0x0, 0x7f, 0xf1,
    0x0, 0x0, 0x0, 0xe, 0xf9, 0x0, 0x0, 0x0,

    /* U+0038 "8" */
    0x0, 0x29, 0xdf, 0xfd, 0x80, 0x0, 0x3, 0xff,
    0xfe, 0xff, 0xfd, 0x0, 0xb, 0xfd, 0x20, 0x4,
    0xff, 0x60, 0xc, 0xf8, 0x0, 0x0, 0xcf, 0x80,
    0x7, 0xfe, 0x41, 0x17, 0xff, 0x30, 0x0, 0xbf,
    0xff, 0xff, 0xf6, 0x0, 0x6, 0xff, 0xdb, 0xbe,
    0xff, 0x30, 0xf, 0xf8, 0x0, 0x0, 0xcf, 0xb0,
    0x3f, 0xf2, 0x0, 0x0, 0x6f, 0xf0, 0x3f, 0xf3,
    0x0, 0x0, 0x8f, 0xe0, 0xe, 0xfc, 0x20, 0x4,
    0xff, 0xa0, 0x4, 0xff, 0xff, 0xff, 0xfd, 0x10,
    0x0, 0x29, 0xdf, 0xfc, 0x70, 0x0,

    /* U+0039 "9" */
    0x0, 0x5c, 0xff, 0xc7, 0x0, 0x0, 0x9f, 0xff,
    0xef, 0xfc, 0x10, 0x3f, 0xf7, 0x0, 0x2d, 0xf9,
    0x7, 0xfc, 0x0, 0x0, 0x4f, 0xf1, 0x8f, 0xd0,
    0x0, 0x5, 0xff, 0x54, 0xff, 0x81, 0x4, 0xef,
    0xf6, 0xa, 0xff, 0xff, 0xff, 0xff, 0x70, 0x5,
    0xbd, 0xc9, 0x1e, 0xf6, 0x0, 0x0, 0x0, 0x2,
    0xff, 0x30, 0x0, 0x0, 0x0, 0xaf, 0xd0, 0x2,
    0x51, 0x3, 0xaf, 0xf5, 0x0, 0xaf, 0xff, 0xff,
    0xf7, 0x0, 0x5, 0xce, 0xfd, 0xa3, 0x0, 0x0,

    /* U+003A ":" */
    0xc, 0xe4, 0x3f, 0xfa, 0xd, 0xf4, 0x0, 0x0,
    0x0, 0x0, 0x0, 0x0, 0x0, 0x0, 0xd, 0xf4,
    0x3f, 0xfa, 0xc, 0xe4,

    /* U+003B ";" */
    0xc, 0xe4, 0x3f, 0xfa, 0xd, 0xf4, 0x0, 0x0,
    0x0, 0x0, 0x0, 0x0, 0x0, 0x0, 0xc, 0xf4,
    0x3f, 0xfa, 0xf, 0xf7, 0x9, 0xf1, 0xd, 0xb0,
    0x7, 0x30,

    /* U+003C "<" */
    0x0, 0x0, 0x0, 0x6, 0x50, 0x0, 0x3, 0x9f,
    0xf7, 0x0, 0x6d, 0xff, 0xe8, 0x18, 0xff, 0xfa,
    0x40, 0x0, 0xff, 0xd2, 0x0, 0x0, 0x9, 0xff,
    0xf9, 0x30, 0x0, 0x1, 0x7d, 0xff, 0xd7, 0x10,
    0x0, 0x3, 0xaf, 0xf7, 0x0, 0x0, 0x0, 0x17,
    0x50,

    /* U+003D "=" */
    0xdf, 0xff, 0xff, 0xff, 0x7b, 0xdd, 0xdd, 0xdd,
    0xd6, 0x0, 0x0, 0x0, 0x0, 0x0, 0x0, 0x0,
    0x0, 0x0, 0xbd, 0xdd, 0xdd, 0xdd, 0x6d, 0xff,
    0xff, 0xff, 0xf7,

    /* U+003E ">" */
    0x84, 0x0, 0x0, 0x0, 0xd, 0xfd, 0x71, 0x0,
    0x0, 0x3a, 0xff, 0xfa, 0x40, 0x0, 0x1, 0x6c,
    0xff, 0xd4, 0x0, 0x0, 0x5, 0xff, 0x70, 0x0,
    0x5c, 0xff, 0xe4, 0x39, 0xff, 0xfb, 0x40, 0xd,
    0xfe, 0x81, 0x0, 0x0, 0x84, 0x0, 0x0, 0x0,
    0x0,

    /* U+003F "?" */
    0x1, 0x8d, 0xff, 0xc7, 0x0, 0x4f, 0xff, 0xff,
    0xff, 0xb0, 0x7f, 0xb3, 0x1, 0xaf, 0xf3, 0x2,
    0x0, 0x0, 0x1f, 0xf4, 0x0, 0x0, 0x0, 0x4f,
    0xf1, 0x0, 0x0, 0x3, 0xef, 0x80, 0x0, 0x0,
    0x2f, 0xf8, 0x0, 0x0, 0x0, 0xcf, 0xa0, 0x0,
    0x0, 0x0, 0x9a, 0x30, 0x0, 0x0, 0x0, 0x0,
    0x0, 0x0, 0x0, 0x0, 0xac, 0x20, 0x0, 0x0,
    0x4, 0xff, 0x80, 0x0, 0x0, 0x0, 0xce, 0x30,
    0x0,

    /* U+0040 "@" */
    0x0, 0x0, 0x2, 0x8c, 0xef, 0xec, 0x71, 0x0,
    0x0, 0x0, 0x0, 0xaf, 0xfc, 0x98, 0x9c, 0xff,
    0x70, 0x0, 0x0, 0x1d, 0xf9, 0x10, 0x0, 0x0,
    0x2a, 0xfa, 0x0, 0x0, 0xbf, 0x60, 0x0, 0x0,
    0x0, 0x0, 0x7f, 0x70, 0x4, 0xf9, 0x0, 0x4c,
    0xfe, 0xa4, 0xfd, 0xa, 0xf1, 0xb, 0xf1, 0x6,
    0xff, 0xcb, 0xff, 0xfd, 0x2, 0xf7, 0xf, 0xb0,
    0x1f, 0xf5, 0x0, 0x1e, 0xfd, 0x0, 0xdb, 0x1f,
    0x80, 0x5f, 0xb0, 0x0, 0x4, 0xfd, 0x0, 0xbc,
    0x2f, 0x70, 0x7f, 0x90, 0x0, 0x2, 0xfd, 0x0,
    0xbc, 0x1f, 0x80, 0x5f, 0xb0, 0x0, 0x5, 0xfd,
    0x0, 0xdb, 0xf, 0xb0, 0x1f, 0xf5, 0x0, 0x1d,
    0xfe, 0x2, 0xf7, 0xb, 0xf1, 0x6, 0xff, 0xdc,
    0xfe, 0xef, 0xde, 0xe1, 0x4, 0xf8, 0x0, 0x4c,
    0xfe, 0xa2, 0x3d, 0xfc, 0x30, 0x0, 0xbf, 0x50,
    0x0, 0x0, 0x0, 0x0, 0x0, 0x0, 0x0, 0x1d,
    0xf9, 0x10, 0x0, 0x0, 0x40, 0x0, 0x0, 0x0,
    0x0, 0xaf, 0xfc, 0x99, 0xbe, 0xf1, 0x0, 0x0,
    0x0, 0x0, 0x3, 0x9d, 0xef, 0xeb, 0x60, 0x0,
    0x0,

    /* U+0041 "A" */
    0x0, 0x0, 0x0, 0xaf, 0xf1, 0x0, 0x0, 0x0,
    0x0, 0x0, 0x1f, 0xff, 0x80, 0x0, 0x0, 0x0,
    0x0, 0x8, 0xfe, 0xfe, 0x0, 0x0, 0x0, 0x0,
    0x0, 0xef, 0x4d, 0xf6, 0x0, 0x0, 0x0, 0x0,
    0x6f, 0xd0, 0x6f, 0xd0, 0x0, 0x0, 0x0, 0xd,
    0xf7, 0x0, 0xff, 0x40, 0x0, 0x0, 0x4, 0xff,
    0x10, 0x9, 0xfb, 0x0, 0x0, 0x0, 0xbf, 0x90,
    0x0, 0x2f, 0xf2, 0x0, 0x0, 0x2f, 0xff, 0xee,
    0xee, 0xff, 0x90, 0x0, 0x9, 0xff, 0xff, 0xff,
    0xff, 0xff, 0x10, 0x0, 0xff, 0x50, 0x0, 0x0,
    0xe, 0xf7, 0x0, 0x7f, 0xe0, 0x0, 0x0, 0x0,
    0x8f, 0xe0, 0xd, 0xf8, 0x0, 0x0, 0x0, 0x1,
    0xff, 0x50,

    /* U+0042 "B" */
    0x5f, 0xff, 0xff, 0xff, 0xc5, 0x0, 0x5f, 0xfe,
    0xee, 0xef, 0xff, 0x80, 0x5f, 0xf0, 0x0, 0x0,
    0x9f, 0xf1, 0x5f, 0xf0, 0x0, 0x0, 0x2f, 0xf3,
    0x5f, 0xf0, 0x0, 0x0, 0x9f, 0xf1, 0x5f, 0xfe,
    0xee, 0xef, 0xff, 0x80, 0x5f, 0xff, 0xff, 0xff,
    0xff, 0x20, 0x5f, 0xf0, 0x0, 0x1, 0x5f, 0xf3,
    0x5f, 0xf0, 0x0, 0x0, 0x9, 0xfb, 0x5f, 0xf0,
    0x0, 0x0, 0x8, 0xfd, 0x5f, 0xf0, 0x0, 0x0,
    0x3e, 0xfb, 0x5f, 0xfe, 0xee, 0xef, 0xff, 0xf3,
    0x5f, 0xff, 0xff, 0xff, 0xea, 0x20,

    /* U+0043 "C" */
    0x0, 0x0, 0x5b, 0xef, 0xeb, 0x50, 0x0, 0x1,
    0xcf, 0xff, 0xff, 0xff, 0xc0, 0x0, 0xcf, 0xf9,
    0x42, 0x38, 0xff, 0x30, 0x7f, 0xf5, 0x0, 0x0,
    0x3, 0x30, 0xe, 0xf9, 0x0, 0x0, 0x0, 0x0,
    0x1, 0xff, 0x40, 0x0, 0x0, 0x0, 0x0, 0x2f,
    0xf2, 0x0, 0x0, 0x0, 0x0, 0x1, 0xff, 0x40,
    0x0, 0x0, 0x0, 0x0, 0xe, 0xf9, 0x0, 0x0,
    0x0, 0x0, 0x0, 0x7f, 0xf5, 0x0, 0x0, 0x2,
    0x30, 0x0, 0xdf, 0xfa, 0x32, 0x38, 0xff, 0x30,
    0x1, 0xcf, 0xff, 0xff, 0xff, 0xc1, 0x0, 0x0,
    0x5b, 0xef, 0xeb, 0x50, 0x0,

    /* U+0044 "D" */
    0x5f, 0xff, 0xff, 0xfd, 0xa4, 0x0, 0x0, 0x5f,
    0xff, 0xff, 0xff, 0xff, 0xa0, 0x0, 0x5f, 0xf1,
    0x0, 0x13, 0xaf, 0xfb, 0x0, 0x5f, 0xf0, 0x0,
    0x0, 0x6, 0xff, 0x50, 0x5f, 0xf0, 0x0, 0x0,
    0x0, 0xbf, 0xc0, 0x5f, 0xf0, 0x0, 0x0, 0x0,
    0x6f, 0xf0, 0x5f, 0xf0, 0x0, 0x0, 0x0, 0x4f,
    0xf0, 0x5f, 0xf0, 0x0, 0x0, 0x0, 0x6f, 0xf0,
    0x5f, 0xf0, 0x0, 0x0, 0x0, 0xbf, 0xc0, 0x5f,
    0xf0, 0x0, 0x0, 0x6, 0xff, 0x60, 0x5f, 0xf0,
    0x0, 0x13, 0x9f, 0xfb, 0x0, 0x5f, 0xff, 0xff,
    0xff, 0xff, 0xb1, 0x0, 0x5f, 0xff, 0xff, 0xfd,
    0xa4, 0x0, 0x0,

    /* U+0045 "E" */
    0x5f, 0xff, 0xff, 0xff, 0xfe, 0x5, 0xff, 0xff,
    0xff, 0xff, 0xe0, 0x5f, 0xf0, 0x0, 0x0, 0x0,
    0x5, 0xff, 0x0, 0x0, 0x0, 0x0, 0x5f, 0xf0,
    0x0, 0x0, 0x0, 0x5, 0xff, 0xff, 0xff, 0xff,
    0x10, 0x5f, 0xff, 0xff, 0xff, 0xf1, 0x5, 0xff,
    0x0, 0x0, 0x0, 0x0, 0x5f, 0xf0, 0x0, 0x0,
    0x0, 0x5, 0xff, 0x0, 0x0, 0x0, 0x0, 0x5f,
    0xf0, 0x0, 0x0, 0x0, 0x5, 0xff, 0xff, 0xff,
    0xff, 0xf2, 0x5f, 0xff, 0xff, 0xff, 0xff, 0x20,

    /* U+0046 "F" */
    0x5f, 0xff, 0xff, 0xff, 0xfe, 0x5f, 0xff, 0xff,
    0xff, 0xfe, 0x5f, 0xf0, 0x0, 0x0, 0x0, 0x5f,
    0xf0, 0x0, 0x0, 0x0, 0x5f, 0xf0, 0x0, 0x0,
    0x0, 0x5f, 0xf0, 0x0, 0x0, 0x0, 0x5f, 0xff,
    0xff, 0xff, 0xf1, 0x5f, 0xff, 0xff, 0xff, 0xf1,
    0x5f, 0xf1, 0x0, 0x0, 0x0, 0x5f, 0xf0, 0x0,
    0x0, 0x0, 0x5f, 0xf0, 0x0, 0x0, 0x0, 0x5f,
    0xf0, 0x0, 0x0, 0x0, 0x5f, 0xf0, 0x0, 0x0,
    0x0,

    /* U+0047 "G" */
    0x0, 0x0, 0x5a, 0xef, 0xec, 0x60, 0x0, 0x1,
    0xcf, 0xff, 0xff, 0xff, 0xd2, 0x0, 0xcf, 0xfa,
    0x42, 0x37, 0xef, 0x40, 0x7f, 0xf5, 0x0, 0x0,
    0x1, 0x30, 0xe, 0xf9, 0x0, 0x0, 0x0, 0x0,
    0x1, 0xff, 0x40, 0x0, 0x0, 0x0, 0x0, 0x2f,
    0xf2, 0x0, 0x0, 0x0, 0x7a, 0x51, 0xff, 0x40,
    0x0, 0x0, 0xb, 0xf8, 0xe, 0xf9, 0x0, 0x0,
    0x0, 0xbf, 0x80, 0x7f, 0xf5, 0x0, 0x0, 0xb,
    0xf8, 0x0, 0xcf, 0xf9, 0x42, 0x26, 0xff, 0x80,
    0x1, 0xcf, 0xff, 0xff, 0xff, 0xf6, 0x0, 0x0,
    0x5b, 0xef, 0xec, 0x71, 0x0,

    /* U+0048 "H" */
    0x5f, 0xf0, 0x0, 0x0, 0x7, 0xfe, 0x5f, 0xf0,
    0x0, 0x0, 0x7, 0xfe, 0x5f, 0xf0, 0x0, 0x0,
    0x7, 0xfe, 0x5f, 0xf0, 0x0, 0x0, 0x7, 0xfe,
    0x5f, 0xf0, 0x0, 0x0, 0x7, 0xfe, 0x5f, 0xff,
    0xff, 0xff, 0xff, 0xfe, 0x5f, 0xff, 0xff, 0xff,
    0xff, 0xfe, 0x5f, 0xf1, 0x0, 0x0, 0x7, 0xfe,
    0x5f, 0xf0, 0x0, 0x0, 0x7, 0xfe, 0x5f, 0xf0,
    0x0, 0x0, 0x7, 0xfe, 0x5f, 0xf0, 0x0, 0x0,
    0x7, 0xfe, 0x5f, 0xf0, 0x0, 0x0, 0x7, 0xfe,
    0x5f, 0xf0, 0x0, 0x0, 0x7, 0xfe,

    /* U+0049 "I" */
    0x5f, 0xf0, 0x5f, 0xf0, 0x5f, 0xf0, 0x5f, 0xf0,
    0x5f, 0xf0, 0x5f, 0xf0, 0x5f, 0xf0, 0x5f, 0xf0,
    0x5f, 0xf0, 0x5f, 0xf0, 0x5f, 0xf0, 0x5f, 0xf0,
    0x5f, 0xf0,

    /* U+004A "J" */
    0x0, 0xef, 0xff, 0xff, 0xe0, 0xe, 0xff, 0xff,
    0xfe, 0x0, 0x0, 0x0, 0x7f, 0xe0, 0x0, 0x0,
    0x7, 0xfe, 0x0, 0x0, 0x0, 0x7f, 0xe0, 0x0,
    0x0, 0x7, 0xfe, 0x0, 0x0, 0x0, 0x7f, 0xe0,
    0x0, 0x0, 0x7, 0xfe, 0x0, 0x0, 0x0, 0x7f,
    0xe0, 0x2, 0x0, 0x9, 0xfd, 0xb, 0xe4, 0x14,
    0xef, 0x90, 0xdf, 0xff, 0xff, 0xf2, 0x0, 0x8d,
    0xfe, 0xa2, 0x0,

    /* U+004B "K" */
    0x5f, 0xf0, 0x0, 0x0, 0x3f, 0xf6, 0x5, 0xff,
    0x0, 0x0, 0x3f, 0xf8, 0x0, 0x5f, 0xf0, 0x0,
    0x2e, 0xf9, 0x0, 0x5, 0xff, 0x0, 0x1e, 0xfa,
    0x0, 0x0, 0x5f, 0xf0, 0x1d, 0xfb, 0x0, 0x0,
    0x5, 0xff, 0x1c, 0xff, 0x0, 0x0, 0x0, 0x5f,
    0xfc, 0xff, 0xf2, 0x0, 0x0, 0x5, 0xff, 0xff,
    0xff, 0xd0, 0x0, 0x0, 0x5f, 0xff, 0x33, 0xff,
    0xb0, 0x0, 0x5, 0xff, 0x40, 0x6, 0xff, 0x70,
    0x0, 0x5f, 0xf0, 0x0, 0x9, 0xff, 0x40, 0x5,
    0xff, 0x0, 0x0, 0xb, 0xfe, 0x10, 0x5f, 0xf0,
    0x0, 0x0, 0x1d, 0xfc, 0x0,

    /* U+004C "L" */
    0x5f, 0xf0, 0x0, 0x0, 0x0, 0x5f, 0xf0, 0x0,
    0x0, 0x0, 0x5f, 0xf0, 0x0, 0x0, 0x0, 0x5f,
    0xf0, 0x0, 0x0, 0x0, 0x5f, 0xf0, 0x0, 0x0,
    0x0, 0x5f, 0xf0, 0x0, 0x0, 0x0, 0x5f, 0xf0,
    0x0, 0x0, 0x0, 0x5f, 0xf0, 0x0, 0x0, 0x0,
    0x5f, 0xf0, 0x0, 0x0, 0x0, 0x5f, 0xf0, 0x0,
    0x0, 0x0, 0x5f, 0xf0, 0x0, 0x0, 0x0, 0x5f,
    0xff, 0xff, 0xff, 0xfa, 0x5f, 0xff, 0xff, 0xff,
    0xfa,

    /* U+004D "M" */
    0x5f, 0xe0, 0x0, 0x0, 0x0, 0x0, 0xcf, 0x75,
    0xff, 0x70, 0x0, 0x0, 0x0, 0x5f, 0xf7, 0x5f,
    0xff, 0x10, 0x0, 0x0, 0xd, 0xff, 0x75, 0xff,
    0xfa, 0x0, 0x0, 0x7, 0xff, 0xf7, 0x5f, 0xff,
    0xf3, 0x0, 0x1, 0xff, 0xff, 0x75, 0xfe, 0x7f,
    0xc0, 0x0, 0x9f, 0x9b, 0xf7, 0x5f, 0xe0, 0xdf,
    0x60, 0x2f, 0xf1, 0xbf, 0x75, 0xfe, 0x5, 0xfe,
    0xb, 0xf7, 0xb, 0xf7, 0x5f, 0xe0, 0xb, 0xfd,
    0xfd, 0x0, 0xbf, 0x75, 0xfe, 0x0, 0x2f, 0xff,
    0x40, 0xb, 0xf7, 0x5f, 0xe0, 0x0, 0x8f, 0xb0,
    0x0, 0xbf, 0x75, 0xfe, 0x0, 0x0, 0x82, 0x0,
    0xb, 0xf7, 0x5f, 0xe0, 0x0, 0x0, 0x0, 0x0,
    0xbf, 0x70,

    /* U+004E "N" */
    0x5f, 0xe1, 0x0, 0x0, 0x7, 0xfe, 0x5f, 0xfc,
    0x0, 0x0, 0x7, 0xfe, 0x5f, 0xff, 0x90, 0x0,
    0x7, 0xfe, 0x5f, 0xff, 0xf6, 0x0, 0x7, 0xfe,
    0x5f, 0xfc, 0xff, 0x30, 0x7, 0xfe, 0x5f, 0xf1,
    0xef, 0xe1, 0x7, 0xfe, 0x5f, 0xf0, 0x3f, 0xfb,
    0x7, 0xfe, 0x5f, 0xf0, 0x6, 0xff, 0x87, 0xfe,
    0x5f, 0xf0, 0x0, 0x9f, 0xfc, 0xfe, 0x5f, 0xf0,
    0x0, 0xc, 0xff, 0xfe, 0x5f, 0xf0, 0x0, 0x1,
    0xef, 0xfe, 0x5f, 0xf0, 0x0, 0x0, 0x3f, 0xfe,
    0x5f, 0xf0, 0x0, 0x0, 0x6, 0xfe,

    /* U+004F "O" */
    0x0, 0x0, 0x5b, 0xef, 0xeb, 0x60, 0x0, 0x0,
    0x1, 0xbf, 0xff, 0xff, 0xff, 0xd2, 0x0, 0x0,
    0xcf, 0xf9, 0x42, 0x38, 0xff, 0xe1, 0x0, 0x7f,
    0xf5, 0x0, 0x0, 0x3, 0xff, 0xa0, 0xe, 0xf9,
    0x0, 0x0, 0x0, 0x7, 0xff, 0x1, 0xff, 0x40,
    0x0, 0x0, 0x0, 0x1f, 0xf4, 0x2f, 0xf2, 0x0,
    0x0, 0x0, 0x0, 0xff, 0x51, 0xff, 0x40, 0x0,
    0x0, 0x0, 0x1f, 0xf4, 0xe, 0xf9, 0x0, 0x0,
    0x0, 0x7, 0xff, 0x0, 0x7f, 0xf5, 0x0, 0x0,
    0x3, 0xff, 0xa0, 0x0, 0xcf, 0xf9, 0x32, 0x38,
    0xff, 0xe1, 0x0, 0x1, 0xbf, 0xff, 0xff, 0xff,
    0xd2, 0x0, 0x0, 0x0, 0x5b, 0xef, 0xeb, 0x60,
    0x0, 0x0,

    /* U+0050 "P" */
    0x5f, 0xff, 0xff, 0xfd, 0x81, 0x0, 0x5f, 0xff,
    0xff, 0xff, 0xfe, 0x20, 0x5f, 0xf1, 0x0, 0x26,
    0xef, 0xb0, 0x5f, 0xf0, 0x0, 0x0, 0x6f, 0xf1,
    0x5f, 0xf0, 0x0, 0x0, 0x2f, 0xf3, 0x5f, 0xf0,
    0x0, 0x0, 0x5f, 0xf1, 0x5f, 0xf0, 0x0, 0x15,
    0xef, 0xc0, 0x5f, 0xff, 0xff, 0xff, 0xfe, 0x20,
    0x5f, 0xff, 0xff, 0xfd, 0x91, 0x0, 0x5f, 0xf1,
    0x0, 0x0, 0x0, 0x0, 0x5f, 0xf0, 0x0, 0x0,
    0x0, 0x0, 0x5f, 0xf0, 0x0, 0x0, 0x0, 0x0,
    0x5f, 0xf0, 0x0, 0x0, 0x0, 0x0,

    /* U+0051 "Q" */
    0x0, 0x0, 0x5b, 0xef, 0xeb, 0x60, 0x0, 0x0,
    0x1, 0xbf, 0xff, 0xff, 0xff, 0xd2, 0x0, 0x0,
    0xcf, 0xf9, 0x42, 0x38, 0xff, 0xe1, 0x0, 0x7f,
    0xf5, 0x0, 0x0, 0x3, 0xff, 0xa0, 0xe, 0xf9,
    0x0, 0x0, 0x0, 0x7, 0xff, 0x1, 0xff, 0x40,
    0x0, 0x0, 0x0, 0x1f, 0xf4, 0x2f, 0xf2, 0x0,
    0x0, 0x0, 0x0, 0xff, 0x51, 0xff, 0x40, 0x0,
    0x0, 0x0, 0x1f, 0xf4, 0xe, 0xf9, 0x0, 0x0,
    0x0, 0x7, 0xff, 0x0, 0x7f, 0xf5, 0x0, 0x0,
    0x3, 0xff, 0xa0, 0x0, 0xcf, 0xf9, 0x32, 0x38,
    0xff, 0xe1, 0x0, 0x1, 0xbf, 0xff, 0xff, 0xff,
    0xd2, 0x0, 0x0, 0x0, 0x5b, 0xff, 0xff, 0x60,
    0x0, 0x0, 0x0, 0x0, 0x0, 0xaf, 0xf7, 0x12,
    0xc6, 0x0, 0x0, 0x0, 0x0, 0x9f, 0xff, 0xff,
    0xb0, 0x0, 0x0, 0x0, 0x0, 0x4a, 0xcb, 0x60,

    /* U+0052 "R" */
    0x5f, 0xff, 0xff, 0xfd, 0x81, 0x0, 0x5f, 0xff,
    0xff, 0xff, 0xfe, 0x20, 0x5f, 0xf1, 0x0, 0x26,
    0xef, 0xb0, 0x5f, 0xf0, 0x0, 0x0, 0x6f, 0xf1,
    0x5f, 0xf0, 0x0, 0x0, 0x2f, 0xf3, 0x5f, 0xf0,
    0x0, 0x0, 0x5f, 0xf1, 0x5f, 0xf0, 0x0, 0x15,
    0xef, 0xc0, 0x5f, 0xff, 0xff, 0xff, 0xfe, 0x20,
    0x5f, 0xff, 0xff, 0xff, 0xf1, 0x0, 0x5f, 0xf0,
    0x0, 0x5f, 0xf3, 0x0, 0x5f, 0xf0, 0x0, 0xa,
    0xfc, 0x0, 0x5f, 0xf0, 0x0, 0x1, 0xef, 0x70,
    0x5f, 0xf0, 0x0, 0x0, 0x6f, 0xf2,

    /* U+0053 "S" */
    0x0, 0x29, 0xdf, 0xfd, 0x93, 0x0, 0x3f, 0xff,
    0xff, 0xff, 0xf0, 0xd, 0xfc, 0x30, 0x13, 0x89,
    0x0, 0xff, 0x40, 0x0, 0x0, 0x0, 0xf, 0xf9,
    0x0, 0x0, 0x0, 0x0, 0x8f, 0xfe, 0x95, 0x10,
    0x0, 0x0, 0x7e, 0xff, 0xff, 0xb3, 0x0, 0x0,
    0x4, 0x8c, 0xff, 0xf2, 0x0, 0x0, 0x0, 0x3,
    0xef, 0x90, 0x20, 0x0, 0x0, 0xa, 0xfa, 0xe,
    0xb5, 0x10, 0x16, 0xff, 0x62, 0xef, 0xff, 0xff,
    0xff, 0xc0, 0x1, 0x7b, 0xef, 0xec, 0x60, 0x0,

    /* U+0054 "T" */
    0xef, 0xff, 0xff, 0xff, 0xff, 0xce, 0xff, 0xff,
    0xff, 0xff, 0xfc, 0x0, 0x0, 0xcf, 0x90, 0x0,
    0x0, 0x0, 0xc, 0xf9, 0x0, 0x0, 0x0, 0x0,
    0xcf, 0x90, 0x0, 0x0, 0x0, 0xc, 0xf9, 0x0,
    0x0, 0x0, 0x0, 0xcf, 0x90, 0x0, 0x0, 0x0,
    0xc, 0xf9, 0x0, 0x0, 0x0, 0x0, 0xcf, 0x90,
    0x0, 0x0, 0x0, 0xc, 0xf9, 0x0, 0x0, 0x0,
    0x0, 0xcf, 0x90, 0x0, 0x0, 0x0, 0xc, 0xf9,
    0x0, 0x0, 0x0, 0x0, 0xcf, 0x90, 0x0, 0x0,

    /* U+0055 "U" */
    0x6f, 0xe0, 0x0, 0x0, 0xb, 0xfa, 0x6f, 0xe0,
    0x0, 0x0, 0xb, 0xfa, 0x6f, 0xe0, 0x0, 0x0,
    0xb, 0xfa, 0x6f, 0xe0, 0x0, 0x0, 0xb, 0xfa,
    0x6f, 0xe0, 0x0, 0x0, 0xb, 0xfa, 0x6f, 0xe0,
    0x0, 0x0, 0xb, 0xfa, 0x6f, 0xe0, 0x0, 0x0,
    0xb, 0xfa, 0x6f, 0xf0, 0x0, 0x0, 0xb, 0xf9,
    0x5f, 0xf1, 0x0, 0x0, 0xd, 0xf8, 0x1f, 0xf6,
    0x0, 0x0, 0x3f, 0xf4, 0xa, 0xff, 0x83, 0x26,
    0xef, 0xd0, 0x1, 0xdf, 0xff, 0xff, 0xfe, 0x30,
    0x0, 0x7, 0xcf, 0xfd, 0x91, 0x0,

    /* U+0056 "V" */
    0xd, 0xfa, 0x0, 0x0, 0x0, 0x5, 0xff, 0x0,
    0x7f, 0xf1, 0x0, 0x0, 0x0, 0xcf, 0x90, 0x1,
    0xff, 0x70, 0x0, 0x0, 0x2f, 0xf2, 0x0, 0x9,
    0xfe, 0x0, 0x0, 0x9, 0xfb, 0x0, 0x0, 0x2f,
    0xf5, 0x0, 0x1, 0xff, 0x50, 0x0, 0x0, 0xcf,
    0xb0, 0x0, 0x7f, 0xe0, 0x0, 0x0, 0x5, 0xff,
    0x20, 0xd, 0xf7, 0x0, 0x0, 0x0, 0xe, 0xf9,
    0x4, 0xff, 0x10, 0x0, 0x0, 0x0, 0x7f, 0xf0,
    0xbf, 0x90, 0x0, 0x0, 0x0, 0x1, 0xff, 0x8f,
    0xf3, 0x0, 0x0, 0x0, 0x0, 0xa, 0xff, 0xfc,
    0x0, 0x0, 0x0, 0x0, 0x0, 0x3f, 0xff, 0x50,
    0x0, 0x0, 0x0, 0x0, 0x0, 0xcf, 0xe0, 0x0,
    0x0, 0x0,

    /* U+0057 "W" */
    0x5f, 0xf1, 0x0, 0x0, 0xd, 0xfa, 0x0, 0x0,
    0x4, 0xfe, 0x0, 0xff, 0x60, 0x0, 0x2, 0xff,
    0xe0, 0x0, 0x0, 0x9f, 0xa0, 0xb, 0xfb, 0x0,
    0x0, 0x8f, 0xff, 0x40, 0x0, 0xe, 0xf4, 0x0,
    0x6f, 0xf0, 0x0, 0xd, 0xfe, 0xf9, 0x0, 0x4,
    0xff, 0x0, 0x1, 0xff, 0x50, 0x2, 0xfe, 0x5f,
    0xe0, 0x0, 0x9f, 0xa0, 0x0, 0xc, 0xfa, 0x0,
    0x8f, 0xa0, 0xff, 0x30, 0xe, 0xf5, 0x0, 0x0,
    0x6f, 0xf0, 0xd, 0xf4, 0xa, 0xf8, 0x3, 0xff,
    0x0, 0x0, 0x1, 0xff, 0x42, 0xff, 0x0, 0x5f,
    0xd0, 0x8f, 0xb0, 0x0, 0x0, 0xc, 0xf9, 0x7f,
    0xa0, 0x0, 0xff, 0x3e, 0xf6, 0x0, 0x0, 0x0,
    0x7f, 0xed, 0xf4, 0x0, 0xa, 0xfb, 0xff, 0x10,
    0x0, 0x0, 0x2, 0xff, 0xff, 0x0, 0x0, 0x5f,
    0xff, 0xb0, 0x0, 0x0, 0x0, 0xd, 0xff, 0xa0,
    0x0, 0x0, 0xff, 0xf6, 0x0, 0x0, 0x0, 0x0,
    0x8f, 0xf5, 0x0, 0x0, 0xb, 0xff, 0x10, 0x0,
    0x0,

    /* U+0058 "X" */
    0x4f, 0xf6, 0x0, 0x0, 0xd, 0xfa, 0x0, 0x8f,
    0xf2, 0x0, 0x9, 0xfe, 0x10, 0x0, 0xdf, 0xc0,
    0x4, 0xff, 0x40, 0x0, 0x3, 0xff, 0x71, 0xef,
    0x80, 0x0, 0x0, 0x7, 0xff, 0xdf, 0xd0, 0x0,
    0x0, 0x0, 0xc, 0xff, 0xf2, 0x0, 0x0, 0x0,
    0x0, 0x6f, 0xff, 0x0, 0x0, 0x0, 0x0, 0x1e,
    0xff, 0xf7, 0x0, 0x0, 0x0, 0xa, 0xfd, 0x8f,
    0xf2, 0x0, 0x0, 0x6, 0xff, 0x30, 0xcf, 0xd0,
    0x0, 0x2, 0xff, 0x80, 0x2, 0xff, 0x90, 0x0,
    0xcf, 0xd0, 0x0, 0x6, 0xff, 0x40, 0x7f, 0xf3,
    0x0, 0x0, 0xb, 0xfe, 0x10,

    /* U+0059 "Y" */
    0xd, 0xfa, 0x0, 0x0, 0x0, 0x8f, 0xc0, 0x4,
    0xff, 0x30, 0x0, 0x2, 0xff, 0x30, 0x0, 0xbf,
    0xc0, 0x0, 0xb, 0xf9, 0x0, 0x0, 0x2f, 0xf6,
    0x0, 0x4f, 0xe1, 0x0, 0x0, 0x8, 0xfe, 0x0,
    0xdf, 0x60, 0x0, 0x0, 0x0, 0xef, 0x87, 0xfd,
    0x0, 0x0, 0x0, 0x0, 0x5f, 0xff, 0xf4, 0x0,
    0x0, 0x0, 0x0, 0xc, 0xff, 0xa0, 0x0, 0x0,
    0x0, 0x0, 0x5, 0xff, 0x30, 0x0, 0x0, 0x0,
    0x0, 0x3, 0xff, 0x20, 0x0, 0x0, 0x0, 0x0,
    0x3, 0xff, 0x20, 0x0, 0x0, 0x0, 0x0, 0x3,
    0xff, 0x20, 0x0, 0x0, 0x0, 0x0, 0x3, 0xff,
    0x20, 0x0, 0x0,

    /* U+005A "Z" */
    0x2f, 0xff, 0xff, 0xff, 0xff, 0xf4, 0x2f, 0xff,
    0xff, 0xff, 0xff, 0xf3, 0x0, 0x0, 0x0, 0x4,
    0xff, 0x80, 0x0, 0x0, 0x0, 0x1e, 0xfb, 0x0,
    0x0, 0x0, 0x0, 0xcf, 0xe1, 0x0, 0x0, 0x0,
    0x9, 0xff, 0x30, 0x0, 0x0, 0x0, 0x6f, 0xf6,
    0x0, 0x0, 0x0, 0x3, 0xff, 0x90, 0x0, 0x0,
    0x0, 0x1e, 0xfc, 0x0, 0x0, 0x0, 0x0, 0xbf,
    0xe1, 0x0, 0x0, 0x0, 0x8, 0xff, 0x40, 0x0,
    0x0, 0x0, 0x3f, 0xff, 0xff, 0xff, 0xff, 0xf7,
    0x4f, 0xff, 0xff, 0xff, 0xff, 0xf7,

    /* U+005B "[" */
    0x5f, 0xff, 0xf5, 0xff, 0xdd, 0x5f, 0xf0, 0x5,
    0xff, 0x0, 0x5f, 0xf0, 0x5, 0xff, 0x0, 0x5f,
    0xf0, 0x5, 0xff, 0x0, 0x5f, 0xf0, 0x5, 0xff,
    0x0, 0x5f, 0xf0, 0x5, 0xff, 0x0, 0x5f, 0xf0,
    0x5, 0xff, 0x0, 0x5f, 0xf0, 0x5, 0xff, 0x0,
    0x5f, 0xfd, 0xd5, 0xff, 0xff,

    /* U+005C "\\" */
    0x58, 0x30, 0x0, 0x0, 0x6, 0xfa, 0x0, 0x0,
    0x0, 0x1f, 0xf0, 0x0, 0x0, 0x0, 0xbf, 0x50,
    0x0, 0x0, 0x5, 0xfa, 0x0, 0x0, 0x0, 0xf,
    0xf0, 0x0, 0x0, 0x0, 0xaf, 0x50, 0x0, 0x0,
    0x5, 0xfa, 0x0, 0x0, 0x0, 0xf, 0xf0, 0x0,
    0x0, 0x0, 0xaf, 0x50, 0x0, 0x0, 0x5, 0xfb,
    0x0, 0x0, 0x0, 0xf, 0xf0, 0x0, 0x0, 0x0,
    0xaf, 0x50, 0x0, 0x0, 0x4, 0xfb, 0x0, 0x0,
    0x0, 0xf, 0xf1, 0x0, 0x0, 0x0, 0xaf, 0x60,
    0x0, 0x0, 0x4, 0xfb, 0x0, 0x0, 0x0, 0xe,
    0xf1,

    /* U+005D "]" */
    0xbf, 0xff, 0x99, 0xdf, 0xf9, 0x0, 0xaf, 0x90,
    0xa, 0xf9, 0x0, 0xaf, 0x90, 0xa, 0xf9, 0x0,
    0xaf, 0x90, 0xa, 0xf9, 0x0, 0xaf, 0x90, 0xa,
    0xf9, 0x0, 0xaf, 0x90, 0xa, 0xf9, 0x0, 0xaf,
    0x90, 0xa, 0xf9, 0x0, 0xaf, 0x90, 0xa, 0xf9,
    0x9d, 0xff, 0x9b, 0xff, 0xf9,

    /* U+005E "^" */
    0x0, 0x5, 0x82, 0x0, 0x0, 0x1, 0xff, 0xa0,
    0x0, 0x0, 0x7f, 0xbf, 0x10, 0x0, 0xd, 0xc2,
    0xf8, 0x0, 0x5, 0xf5, 0xb, 0xe0, 0x0, 0xbe,
    0x0, 0x5f, 0x60, 0x2f, 0x80, 0x0, 0xec, 0x9,
    0xf2, 0x0, 0x8, 0xf3,

    /* U+005F "_" */
    0x11, 0x11, 0x11, 0x11, 0x1f, 0xff, 0xff, 0xff,
    0xff, 0x44, 0x44, 0x44, 0x44, 0x40,

    /* U+0060 "`" */
    0x6, 0x85, 0x0, 0x1, 0xcf, 0x70, 0x0, 0xa,
    0xf6,

    /* U+0061 "a" */
    0x1, 0x8c, 0xff, 0xd8, 0x0, 0xb, 0xff, 0xff,
    0xff, 0xb0, 0x3, 0x82, 0x0, 0x7f, 0xf4, 0x0,
    0x0, 0x0, 0xd, 0xf7, 0x1, 0x9e, 0xff, 0xff,
    0xf8, 0xc, 0xfe, 0x98, 0x8f, 0xf8, 0x2f, 0xf1,
    0x0, 0xc, 0xf8, 0x2f, 0xf2, 0x0, 0x3f, 0xf8,
    0xb, 0xfe, 0x9a, 0xff, 0xf8, 0x1, 0x9e, 0xfd,
    0x8a, 0xf8,

    /* U+0062 "b" */
    0x8f, 0xb0, 0x0, 0x0, 0x0, 0x8, 0xfb, 0x0,
    0x0, 0x0, 0x0, 0x8f, 0xb0, 0x0, 0x0, 0x0,
    0x8, 0xfb, 0x0, 0x0, 0x0, 0x0, 0x8f, 0xb4,
    0xcf, 0xeb, 0x30, 0x8, 0xff, 0xff, 0xff, 0xff,
    0x50, 0x8f, 0xfc, 0x20, 0x2b, 0xff, 0x18, 0xff,
    0x10, 0x0, 0xe, 0xf7, 0x8f, 0xf0, 0x0, 0x0,
    0xaf, 0xa8, 0xff, 0x0, 0x0, 0xa, 0xfa, 0x8f,
    0xf1, 0x0, 0x0, 0xef, 0x78, 0xff, 0xc3, 0x2,
    0xbf, 0xf1, 0x8f, 0xff, 0xff, 0xff, 0xf5, 0x8,
    0xfa, 0x5c, 0xfe, 0xb3, 0x0,

    /* U+0063 "c" */
    0x0, 0x7, 0xdf, 0xeb, 0x40, 0x1, 0xdf, 0xff,
    0xff, 0xf6, 0xa, 0xfe, 0x40, 0x18, 0xf8, 0x1f,
    0xf4, 0x0, 0x0, 0x10, 0x4f, 0xf0, 0x0, 0x0,
    0x0, 0x4f, 0xf0, 0x0, 0x0, 0x0, 0x1f, 0xf4,
    0x0, 0x0, 0x20, 0xa, 0xfe, 0x50, 0x18, 0xf8,
    0x1, 0xdf, 0xff, 0xff, 0xf6, 0x0, 0x7, 0xdf,
    0xeb, 0x40,

    /* U+0064 "d" */
    0x0, 0x0, 0x0, 0x0, 0x5f, 0xe0, 0x0, 0x0,
    0x0, 0x5, 0xfe, 0x0, 0x0, 0x0, 0x0, 0x5f,
    0xe0, 0x0, 0x0, 0x0, 0x5, 0xfe, 0x0, 0x18,
    0xdf, 0xd8, 0x6f, 0xe0, 0x1e, 0xff, 0xff, 0xff,
    0xfe, 0xb, 0xfe, 0x40, 0x18, 0xff, 0xe1, 0xff,
    0x40, 0x0, 0xf, 0xfe, 0x4f, 0xf0, 0x0, 0x0,
    0x9f, 0xe4, 0xff, 0x0, 0x0, 0x9, 0xfe, 0x1f,
    0xf5, 0x0, 0x0, 0xef, 0xe0, 0xbf, 0xe4, 0x1,
    0x8f, 0xfe, 0x1, 0xef, 0xff, 0xff, 0xff, 0xe0,
    0x1, 0x8d, 0xfe, 0x84, 0xfe,

    /* U+0065 "e" */
    0x0, 0x8, 0xdf, 0xea, 0x20, 0x0, 0x1d, 0xff,
    0xef, 0xff, 0x40, 0xa, 0xfc, 0x10, 0x8, 0xfe,
    0x1, 0xff, 0x20, 0x0, 0xc, 0xf5, 0x4f, 0xff,
    0xff, 0xff, 0xff, 0x74, 0xff, 0x88, 0x88, 0x88,
    0x84, 0x1f, 0xf3, 0x0, 0x0, 0x0, 0x0, 0xaf,
    0xe4, 0x0, 0x4d, 0x20, 0x1, 0xdf, 0xff, 0xff,
    0xf9, 0x0, 0x0, 0x7c, 0xff, 0xc6, 0x0,

    /* U+0066 "f" */
    0x0, 0x9, 0xef, 0xc1, 0x0, 0xaf, 0xfe, 0xe0,
    0x1, 0xff, 0x30, 0x10, 0x3, 0xff, 0x0, 0x0,
    0xcf, 0xff, 0xff, 0x90, 0xaf, 0xff, 0xdd, 0x80,
    0x3, 0xff, 0x0, 0x0, 0x3, 0xff, 0x0, 0x0,
    0x3, 0xff, 0x0, 0x0, 0x3, 0xff, 0x0, 0x0,
    0x3, 0xff, 0x0, 0x0, 0x3, 0xff, 0x0, 0x0,
    0x3, 0xff, 0x0, 0x0, 0x3, 0xff, 0x0, 0x0,

    /* U+0067 "g" */
    0x0, 0x18, 0xdf, 0xe8, 0x2f, 0xf0, 0x1, 0xef,
    0xfe, 0xff, 0xef, 0xf0, 0xb, 0xfd, 0x30, 0x5,
    0xff, 0xf0, 0x1f, 0xf4, 0x0, 0x0, 0x9f, 0xf0,
    0x4f, 0xf0, 0x0, 0x0, 0x4f, 0xf0, 0x4f, 0xf0,
    0x0, 0x0, 0x5f, 0xf0, 0x1f, 0xf5, 0x0, 0x0,
    0xcf, 0xf0, 0xb, 0xfe, 0x50, 0x7, 0xff, 0xf0,
    0x1, 0xdf, 0xff, 0xff, 0xff, 0xf0, 0x0, 0x18,
    0xdf, 0xe8, 0x5f, 0xf0, 0x0, 0x0, 0x0, 0x0,
    0x8f, 0xc0, 0x3, 0xc5, 0x10, 0x6, 0xff, 0x70,
    0x9, 0xff, 0xff, 0xff, 0xfc, 0x0, 0x0, 0x5b,
    0xef, 0xfc, 0x70, 0x0,

    /* U+0068 "h" */
    0x8f, 0xb0, 0x0, 0x0, 0x0, 0x8f, 0xb0, 0x0,
    0x0, 0x0, 0x8f, 0xb0, 0x0, 0x0, 0x0, 0x8f,
    0xb0, 0x0, 0x0, 0x0, 0x8f, 0xb5, 0xcf, 0xfb,
    0x30, 0x8f, 0xff, 0xff, 0xff, 0xf2, 0x8f, 0xfb,
    0x20, 0x4f, 0xfa, 0x8f, 0xf0, 0x0, 0x8, 0xfd,
    0x8f, 0xc0, 0x0, 0x5, 0xfe, 0x8f, 0xb0, 0x0,
    0x5, 0xff, 0x8f, 0xb0, 0x0, 0x5, 0xff, 0x8f,
    0xb0, 0x0, 0x5, 0xff, 0x8f, 0xb0, 0x0, 0x5,
    0xff, 0x8f, 0xb0, 0x0, 0x5, 0xff,

    /* U+0069 "i" */
    0x17, 0x30, 0xbf, 0xf0, 0xaf, 0xd0, 0x3, 0x0,
    0x0, 0x0, 0x8f, 0xb0, 0x8f, 0xb0, 0x8f, 0xb0,
    0x8f, 0xb0, 0x8f, 0xb0, 0x8f, 0xb0, 0x8f, 0xb0,
    0x8f, 0xb0, 0x8f, 0xb0, 0x8f, 0xb0,

    /* U+006A "j" */
    0x0, 0x1, 0x73, 0x0, 0x0, 0xaf, 0xf1, 0x0,
    0x8, 0xfe, 0x0, 0x0, 0x3, 0x10, 0x0, 0x0,
    0x0, 0x0, 0x0, 0x6f, 0xd0, 0x0, 0x6, 0xfd,
    0x0, 0x0, 0x6f, 0xd0, 0x0, 0x6, 0xfd, 0x0,
    0x0, 0x6f, 0xd0, 0x0, 0x6, 0xfd, 0x0, 0x0,
    0x6f, 0xd0, 0x0, 0x6, 0xfd, 0x0, 0x0, 0x6f,
    0xd0, 0x0, 0x6, 0xfd, 0x0, 0x0, 0x7f, 0xc0,
    0x1, 0xb, 0xfa, 0x5, 0xff, 0xff, 0x30, 0x5d,
    0xfd, 0x50, 0x0,

    /* U+006B "k" */
    0x8f, 0xb0, 0x0, 0x0, 0x0, 0x8, 0xfb, 0x0,
    0x0, 0x0, 0x0, 0x8f, 0xb0, 0x0, 0x0, 0x0,
    0x8, 0xfb, 0x0, 0x0, 0x0, 0x0, 0x8f, 0xb0,
    0x0, 0x3e, 0xf9, 0x8, 0xfb, 0x0, 0x3f, 0xfa,
    0x0, 0x8f, 0xb0, 0x4f, 0xfa, 0x0, 0x8, 0xfb,
    0x4f, 0xfb, 0x0, 0x0, 0x8f, 0xff, 0xff, 0x50,
    0x0, 0x8, 0xff, 0xff, 0xfe, 0x20, 0x0, 0x8f,
    0xf9, 0x1e, 0xfc, 0x0, 0x8, 0xff, 0x0, 0x3f,
    0xf9, 0x0, 0x8f, 0xb0, 0x0, 0x6f, 0xf5, 0x8,
    0xfb, 0x0, 0x0, 0xaf, 0xf2,

    /* U+006C "l" */
    0x8f, 0xb8, 0xfb, 0x8f, 0xb8, 0xfb, 0x8f, 0xb8,
    0xfb, 0x8f, 0xb8, 0xfb, 0x8f, 0xb8, 0xfb, 0x8f,
    0xb8, 0xfb, 0x8f, 0xb8, 0xfb,

    /* U+006D "m" */
    0x8f, 0xa5, 0xcf, 0xe9, 0x10, 0x7d, 0xfe, 0x90,
    0x8, 0xff, 0xff, 0xff, 0xfd, 0xcf, 0xff, 0xff,
    0xc0, 0x8f, 0xfb, 0x21, 0x7f, 0xff, 0xa1, 0x18,
    0xff, 0x48, 0xff, 0x0, 0x0, 0xcf, 0xe0, 0x0,
    0xe, 0xf7, 0x8f, 0xc0, 0x0, 0xa, 0xfa, 0x0,
    0x0, 0xbf, 0x88, 0xfb, 0x0, 0x0, 0x9f, 0xa0,
    0x0, 0xb, 0xf8, 0x8f, 0xb0, 0x0, 0x9, 0xfa,
    0x0, 0x0, 0xbf, 0x88, 0xfb, 0x0, 0x0, 0x9f,
    0xa0, 0x0, 0xb, 0xf8, 0x8f, 0xb0, 0x0, 0x9,
    0xfa, 0x0, 0x0, 0xbf, 0x88, 0xfb, 0x0, 0x0,
    0x9f, 0xa0, 0x0, 0xb, 0xf8,

    /* U+006E "n" */
    0x8f, 0xa5, 0xcf, 0xfb, 0x30, 0x8f, 0xff, 0xff,
    0xff, 0xf2, 0x8f, 0xfb, 0x20, 0x4f, 0xfa, 0x8f,
    0xf0, 0x0, 0x8, 0xfd, 0x8f, 0xc0, 0x0, 0x5,
    0xfe, 0x8f, 0xb0, 0x0, 0x5, 0xff, 0x8f, 0xb0,
    0x0, 0x5, 0xff, 0x8f, 0xb0, 0x0, 0x5, 0xff,
    0x8f, 0xb0, 0x0, 0x5, 0xff, 0x8f, 0xb0, 0x0,
    0x5, 0xff,

    /* U+006F "o" */
    0x0, 0x7, 0xdf, 0xeb, 0x40, 0x0, 0x1d, 0xff,
    0xff, 0xff, 0x80, 0xa, 0xfe, 0x40, 0x18, 0xff,
    0x41, 0xff, 0x40, 0x0, 0xb, 0xfb, 0x4f, 0xf0,
    0x0, 0x0, 0x6f, 0xd4, 0xff, 0x0, 0x0, 0x6,
    0xfd, 0x1f, 0xf5, 0x0, 0x0, 0xbf, 0xa0, 0xaf,
    0xe4, 0x1, 0x8f, 0xf4, 0x1, 0xdf, 0xff, 0xff,
    0xf8, 0x0, 0x0, 0x7d, 0xfe, 0xb4, 0x0,

    /* U+0070 "p" */
    0x8f, 0xa5, 0xcf, 0xeb, 0x30, 0x8, 0xff, 0xff,
    0xff, 0xff, 0x50, 0x8f, 0xfc, 0x20, 0x2b, 0xff,
    0x18, 0xff, 0x10, 0x0, 0xe, 0xf7, 0x8f, 0xf0,
    0x0, 0x0, 0xaf, 0xa8, 0xff, 0x0, 0x0, 0xa,
    0xfa, 0x8f, 0xf1, 0x0, 0x0, 0xef, 0x78, 0xff,
    0xc3, 0x2, 0xbf, 0xf1, 0x8f, 0xff, 0xff, 0xff,
    0xf5, 0x8, 0xfb, 0x4c, 0xfe, 0xb3, 0x0, 0x8f,
    0xb0, 0x0, 0x0, 0x0, 0x8, 0xfb, 0x0, 0x0,
    0x0, 0x0, 0x8f, 0xb0, 0x0, 0x0, 0x0, 0x8,
    0xfb, 0x0, 0x0, 0x0, 0x0,

    /* U+0071 "q" */
    0x0, 0x18, 0xdf, 0xd8, 0x4f, 0xe0, 0x1e, 0xff,
    0xff, 0xff, 0xfe, 0xb, 0xfe, 0x40, 0x18, 0xff,
    0xe1, 0xff, 0x40, 0x0, 0xf, 0xfe, 0x4f, 0xf0,
    0x0, 0x0, 0x9f, 0xe4, 0xff, 0x0, 0x0, 0xa,
    0xfe, 0x1f, 0xf5, 0x0, 0x0, 0xff, 0xe0, 0xbf,
    0xe4, 0x1, 0x8f, 0xfe, 0x1, 0xef, 0xff, 0xff,
    0xff, 0xe0, 0x1, 0x9d, 0xfd, 0x86, 0xfe, 0x0,
    0x0, 0x0, 0x0, 0x6f, 0xe0, 0x0, 0x0, 0x0,
    0x6, 0xfe, 0x0, 0x0, 0x0, 0x0, 0x6f, 0xe0,
    0x0, 0x0, 0x0, 0x6, 0xfe,

    /* U+0072 "r" */
    0x8f, 0xa5, 0xcf, 0x8, 0xff, 0xff, 0xf0, 0x8f,
    0xfc, 0x31, 0x8, 0xff, 0x10, 0x0, 0x8f, 0xc0,
    0x0, 0x8, 0xfb, 0x0, 0x0, 0x8f, 0xb0, 0x0,
    0x8, 0xfb, 0x0, 0x0, 0x8f, 0xb0, 0x0, 0x8,
    0xfb, 0x0, 0x0,

    /* U+0073 "s" */
    0x0, 0x8d, 0xfe, 0xc9, 0x20, 0xcf, 0xfe, 0xff,
    0xf2, 0x3f, 0xf2, 0x0, 0x26, 0x4, 0xff, 0x40,
    0x0, 0x0, 0xd, 0xff, 0xfc, 0x82, 0x0, 0x17,
    0xcf, 0xff, 0xf4, 0x0, 0x0, 0x2, 0xbf, 0xb0,
    0xa4, 0x0, 0xa, 0xfb, 0x6f, 0xff, 0xef, 0xff,
    0x40, 0x7c, 0xef, 0xeb, 0x30,

    /* U+0074 "t" */
    0x3, 0xff, 0x0, 0x0, 0x3, 0xff, 0x0, 0x0,
    0xcf, 0xff, 0xff, 0x90, 0xaf, 0xff, 0xed, 0x80,
    0x3, 0xff, 0x0, 0x0, 0x3, 0xff, 0x0, 0x0,
    0x3, 0xff, 0x0, 0x0, 0x3, 0xff, 0x0, 0x0,
    0x3, 0xff, 0x0, 0x0, 0x1, 0xff, 0x40, 0x10,
    0x0, 0xcf, 0xff, 0xe0, 0x0, 0x1a, 0xef, 0xb1,

    /* U+0075 "u" */
    0x9f, 0xa0, 0x0, 0x7, 0xfc, 0x9f, 0xa0, 0x0,
    0x7, 0xfc, 0x9f, 0xa0, 0x0, 0x7, 0xfc, 0x9f,
    0xa0, 0x0, 0x7, 0xfc, 0x9f, 0xa0, 0x0, 0x7,
    0xfc, 0x9f, 0xa0, 0x0, 0x8, 0xfc, 0x8f, 0xd0,
    0x0, 0xc, 0xfc, 0x4f, 0xf8, 0x11, 0x9f, 0xfc,
    0xc, 0xff, 0xff, 0xff, 0xfc, 0x0, 0x8e, 0xfd,
    0x86, 0xfc,

    /* U+0076 "v" */
    0xe, 0xf7, 0x0, 0x0, 0xe, 0xf4, 0x7, 0xfd,
    0x0, 0x0, 0x5f, 0xd0, 0x1, 0xff, 0x40, 0x0,
    0xbf, 0x70, 0x0, 0xaf, 0xa0, 0x2, 0xff, 0x10,
    0x0, 0x3f, 0xf1, 0x9, 0xf9, 0x0, 0x0, 0xd,
    0xf7, 0xf, 0xf3, 0x0, 0x0, 0x6, 0xfd, 0x6f,
    0xc0, 0x0, 0x0, 0x0, 0xff, 0xff, 0x60, 0x0,
    0x0, 0x0, 0x9f, 0xfe, 0x0, 0x0, 0x0, 0x0,
    0x2f, 0xf9, 0x0, 0x0,

    /* U+0077 "w" */
    0xcf, 0x50, 0x0, 0xc, 0xf7, 0x0, 0x0, 0xbf,
    0x46, 0xfb, 0x0, 0x2, 0xff, 0xc0, 0x0, 0x1f,
    0xe0, 0x1f, 0xf1, 0x0, 0x8f, 0xff, 0x20, 0x6,
    0xf9, 0x0, 0xbf, 0x60, 0xe, 0xfb, 0xf7, 0x0,
    0xcf, 0x30, 0x5, 0xfb, 0x3, 0xfc, 0x3f, 0xd0,
    0x1f, 0xd0, 0x0, 0xf, 0xf1, 0x9f, 0x60, 0xdf,
    0x27, 0xf8, 0x0, 0x0, 0xaf, 0x7e, 0xf1, 0x7,
    0xf8, 0xdf, 0x20, 0x0, 0x4, 0xff, 0xfa, 0x0,
    0x2f, 0xff, 0xc0, 0x0, 0x0, 0xe, 0xff, 0x50,
    0x0, 0xcf, 0xf7, 0x0, 0x0, 0x0, 0x9f, 0xe0,
    0x0, 0x6, 0xff, 0x10, 0x0,

    /* U+0078 "x" */
    0x5f, 0xf3, 0x0, 0xc, 0xf9, 0x0, 0x9f, 0xd0,
    0x8, 0xfd, 0x0, 0x0, 0xdf, 0x94, 0xff, 0x20,
    0x0, 0x2, 0xff, 0xff, 0x60, 0x0, 0x0, 0x6,
    0xff, 0xc0, 0x0, 0x0, 0x0, 0x8f, 0xfd, 0x0,
    0x0, 0x0, 0x4f, 0xff, 0xf8, 0x0, 0x0, 0x1e,
    0xf7, 0x3f, 0xf4, 0x0, 0xb, 0xfb, 0x0, 0x7f,
    0xe1, 0x7, 0xfe, 0x10, 0x0, 0xcf, 0xc0,

    /* U+0079 "y" */
    0xe, 0xf7, 0x0, 0x0, 0xe, 0xf4, 0x7, 0xfd,
    0x0, 0x0, 0x4f, 0xd0, 0x1, 0xff, 0x30, 0x0,
    0xbf, 0x70, 0x0, 0xaf, 0xa0, 0x1, 0xff, 0x10,
    0x0, 0x3f, 0xf1, 0x7, 0xfa, 0x0, 0x0, 0xd,
    0xf7, 0xe, 0xf3, 0x0, 0x0, 0x6, 0xfd, 0x4f,
    0xc0, 0x0, 0x0, 0x0, 0xff, 0xff, 0x60, 0x0,
    0x0, 0x0, 0x9f, 0xff, 0x0, 0x0, 0x0, 0x0,
    0x2f, 0xf9, 0x0, 0x0, 0x0, 0x0, 0xf, 0xf2,
    0x0, 0x0, 0x4, 0x10, 0x9f, 0xb0, 0x0, 0x0,
    0x1e, 0xff, 0xff, 0x30, 0x0, 0x0, 0x8, 0xef,
    0xc4, 0x0, 0x0, 0x0,

    /* U+007A "z" */
    0x3f, 0xff, 0xff, 0xff, 0xd2, 0xdd, 0xdd, 0xdf,
    0xfb, 0x0, 0x0, 0x8, 0xfe, 0x10, 0x0, 0x5,
    0xff, 0x30, 0x0, 0x2, 0xff, 0x60, 0x0, 0x0,
    0xdf, 0x90, 0x0, 0x0, 0xbf, 0xc0, 0x0, 0x0,
    0x7f, 0xe1, 0x0, 0x0, 0x3f, 0xff, 0xdd, 0xdd,
    0xd5, 0xff, 0xff, 0xff, 0xff,

    /* U+007B "{" */
    0x0, 0x6, 0xdf, 0x50, 0x3, 0xff, 0xf4, 0x0,
    0x8f, 0xd0, 0x0, 0x9, 0xfa, 0x0, 0x0, 0x9f,
    0xa0, 0x0, 0x9, 0xfa, 0x0, 0x0, 0x9f, 0xa0,
    0x0, 0xb, 0xf9, 0x0, 0xe, 0xff, 0x30, 0x0,
    0xff, 0xf3, 0x0, 0x0, 0xbf, 0x90, 0x0, 0x9,
    0xfa, 0x0, 0x0, 0x9f, 0xa0, 0x0, 0x9, 0xfa,
    0x0, 0x0, 0x9f, 0xa0, 0x0, 0x8, 0xfd, 0x0,
    0x0, 0x3f, 0xff, 0x40, 0x0, 0x6d, 0xf5,

    /* U+007C "|" */
    0x5f, 0xc5, 0xfc, 0x5f, 0xc5, 0xfc, 0x5f, 0xc5,
    0xfc, 0x5f, 0xc5, 0xfc, 0x5f, 0xc5, 0xfc, 0x5f,
    0xc5, 0xfc, 0x5f, 0xc5, 0xfc, 0x5f, 0xc5, 0xfc,
    0x5f, 0xc5, 0xfc,

    /* U+007D "}" */
    0xbf, 0xc2, 0x0, 0x9f, 0xfd, 0x0, 0x3, 0xff,
    0x20, 0x0, 0xff, 0x40, 0x0, 0xff, 0x40, 0x0,
    0xff, 0x40, 0x0, 0xff, 0x40, 0x0, 0xef, 0x60,
    0x0, 0x8f, 0xf9, 0x0, 0x7f, 0xfb, 0x0, 0xef,
    0x70, 0x0, 0xff, 0x40, 0x0, 0xff, 0x40, 0x0,
    0xff, 0x40, 0x0, 0xff, 0x40, 0x3, 0xff, 0x30,
    0x9f, 0xfd, 0x0, 0xbf, 0xc2, 0x0,

    /* U+007E "~" */
    0x0, 0x6b, 0x70, 0x0, 0x97, 0x6, 0xff, 0xfd,
    0x33, 0xf7, 0xd, 0xc1, 0x7f, 0xff, 0xf2, 0xf,
    0x70, 0x5, 0xee, 0x60,

    /* U+00B7 "·" */
    0x0, 0x0, 0x0, 0x6, 0xff, 0x60, 0xf, 0xff,
    0xf0, 0xf, 0xff, 0xf0, 0x5, 0xee, 0x50,

    /* U+2014 "—" */
    0x1, 0x11, 0x11, 0x11, 0x11, 0x11, 0x11, 0x10,
    0x2f, 0xff, 0xff, 0xff, 0xff, 0xff, 0xff, 0xf5,
    0x4, 0x44, 0x44, 0x44, 0x44, 0x44, 0x44, 0x41,

    /* U+21BA "↺" */
    0x0, 0x0, 0x0, 0xdf, 0xff, 0x0, 0x13, 0x0,
    0x1f, 0xf8, 0x20, 0xb, 0xe0, 0x1, 0xfa, 0xf2,
    0x1, 0xf7, 0x0, 0x1f, 0x1f, 0x70, 0x3f, 0x40,
    0x0, 0x20, 0xd9, 0x1, 0xf6, 0x0, 0x0, 0xf,
    0x70, 0xb, 0xe1, 0x0, 0x8, 0xf2, 0x0, 0x2e,
    0xf9, 0x8c, 0xf7, 0x0, 0x0, 0x1a, 0xef, 0xc4,
    0x0, 0x0,

    /* U+2263 "≣" */
    0x0, 0x0, 0x0, 0x0, 0x0, 0x3, 0xff, 0xff,
    0xff, 0xff, 0xf1, 0x17, 0x77, 0x77, 0x77, 0x77,
    0x0, 0x0, 0x0, 0x0, 0x0, 0x0, 0x3f, 0xff,
    0xff, 0xff, 0xff, 0x1, 0x88, 0x88, 0x88, 0x88,
    0x80, 0x0, 0x0, 0x0, 0x0, 0x0, 0x1, 0x99,
    0x99, 0x99, 0x99, 0x90, 0x3f, 0xff, 0xff, 0xff,
    0xff, 0x0, 0x0, 0x0, 0x0, 0x0, 0x0, 0x18,
    0x88, 0x88, 0x88, 0x88, 0x3, 0xff, 0xff, 0xff,
    0xff, 0xf1,

    /* U+2302 "⌂" */
    0x0, 0x2, 0x40, 0x0, 0x0, 0x0, 0xdf, 0x20,
    0x0, 0x0, 0xac, 0x8d, 0x0, 0x0, 0x7e, 0x10,
    0xbb, 0x0, 0x4f, 0x30, 0x1, 0xe8, 0xe, 0x60,
    0x0, 0x3, 0xf1, 0xe2, 0x0, 0x0, 0xe, 0x2e,
    0x20, 0x0, 0x0, 0xe2, 0xe2, 0x0, 0x0, 0xe,
    0x2e, 0x31, 0x11, 0x11, 0xe2, 0xef, 0xff, 0xff,
    0xff, 0x20,

    /* U+2315 "⌕" */
    0x0, 0x7, 0xcb, 0x60, 0x0, 0x9, 0xe6, 0x7e,
    0x70, 0x1, 0xf2, 0x0, 0x4f, 0x0, 0x4e, 0x0,
    0x0, 0xf1, 0x2, 0xf1, 0x0, 0x4f, 0x0, 0xe,
    0xd6, 0x7e, 0x70, 0xb, 0xa8, 0xcb, 0x60, 0x4,
    0xa0, 0x0, 0x0, 0x0, 0x0, 0x0, 0x0, 0x0,
    0x0,

    /* U+23ED "⏭" */
    0x16, 0x0, 0x0, 0x7, 0x0, 0x0, 0xe, 0xf5,
    0x1f, 0x80, 0x0, 0xf, 0x80, 0x0, 0xe, 0xf6,
    0x1f, 0xf9, 0x0, 0xf, 0xfa, 0x0, 0xe, 0xf6,
    0x1f, 0xff, 0xb0, 0xf, 0xff, 0xb0, 0xe, 0xf6,
    0x1f, 0xff, 0xfc, 0x1f, 0xff, 0xfc, 0xe, 0xf6,
    0x1f, 0xff, 0xf8, 0xf, 0xff, 0xf8, 0xe, 0xf6,
    0x1f, 0xff, 0x60, 0xf, 0xff, 0x70, 0xe, 0xf6,
    0x1f, 0xf5, 0x0, 0xf, 0xf5, 0x0, 0xe, 0xf6,
    0x1f, 0x40, 0x0, 0xf, 0x40, 0x0, 0xe, 0xf6,
    0x13, 0x0, 0x0, 0x3, 0x0, 0x0, 0xa, 0xb4,

    /* U+23EE "⏮" */
    0xf, 0xf4, 0x0, 0x0, 0x34, 0x0, 0x0, 0x25,
    0x1f, 0xf4, 0x0, 0x4, 0xf6, 0x0, 0x3, 0xe7,
    0x1f, 0xf4, 0x0, 0x5f, 0xf6, 0x0, 0x5f, 0xf7,
    0x1f, 0xf4, 0x7, 0xff, 0xf6, 0x6, 0xff, 0xf7,
    0x1f, 0xf4, 0x8f, 0xff, 0xf6, 0x7f, 0xff, 0xf7,
    0x1f, 0xf4, 0x4f, 0xff, 0xf6, 0x3f, 0xff, 0xf7,
    0x1f, 0xf4, 0x3, 0xef, 0xf6, 0x2, 0xef, 0xf7,
    0x1f, 0xf4, 0x0, 0x2d, 0xf6, 0x0, 0x2d, 0xf7,
    0x1f, 0xf4, 0x0, 0x1, 0xd6, 0x0, 0x1, 0xc7,
    0xb, 0xb2, 0x0, 0x0, 0x13, 0x0, 0x0, 0x3,

    /* U+25B6 "▶" */
    0x0, 0x0, 0x0, 0x0, 0x0, 0xc, 0x40, 0x0,
    0x0, 0x0, 0x0, 0xff, 0xc4, 0x0, 0x0, 0x0,
    0xf, 0xff, 0xfc, 0x40, 0x0, 0x0, 0xff, 0xff,
    0xff, 0xc4, 0x0, 0xf, 0xff, 0xff, 0xff, 0xfc,
    0x40, 0xff, 0xff, 0xff, 0xff, 0xfe, 0x4f, 0xff,
    0xff, 0xff, 0xe7, 0x0, 0xff, 0xff, 0xfe, 0x70,
    0x0, 0xf, 0xff, 0xe7, 0x0, 0x0, 0x0, 0xfe,
    0x70, 0x0, 0x0, 0x0, 0x6, 0x0, 0x0, 0x0,
    0x0, 0x0,

    /* U+25C9 "◉" */
    0x0, 0x0, 0x0, 0x0, 0x0, 0x0, 0x2, 0xaf,
    0xfe, 0x81, 0x0, 0x5, 0xe8, 0x22, 0x3a, 0xe3,
    0x2, 0xf4, 0x8f, 0xfe, 0x66, 0xe1, 0x98, 0x8f,
    0xff, 0xff, 0x5b, 0x7d, 0x3f, 0xff, 0xff, 0xfc,
    0x6a, 0xe3, 0xff, 0xff, 0xff, 0xe5, 0xcd, 0x4e,
    0xff, 0xff, 0xfb, 0x7a, 0x8a, 0x6f, 0xff, 0xff,
    0x3c, 0x51, 0xe7, 0x4c, 0xeb, 0x39, 0xc0, 0x2,
    0xdc, 0x54, 0x6d, 0xc1, 0x0, 0x0, 0x6b, 0xdb,
    0x50, 0x0,

    /* U+25CC "◌" */
    0x0, 0x0, 0x0, 0x0, 0x0, 0x0, 0x1, 0xc,
    0xf9, 0x1, 0x0, 0x5, 0xe1, 0x10, 0x3, 0xe3,
    0x0, 0x93, 0x0, 0x0, 0x6, 0x60, 0x0, 0x0,
    0x0, 0x0, 0x0, 0xb, 0x20, 0x0, 0x0, 0x0,
    0x49, 0xe2, 0x0, 0x0, 0x0, 0x4, 0xc8, 0x10,
    0x0, 0x0, 0x0, 0x36, 0x0, 0x0, 0x0, 0x0,
    0x0, 0x0, 0xb7, 0x0, 0x0, 0x9, 0x80, 0x2,
    0xd1, 0x34, 0x23, 0xc1, 0x0, 0x0, 0x9, 0xd7,
    0x0, 0x0,

    /* U+266A "♪" */
    0x0, 0x0, 0xa0, 0x0, 0x0, 0x0, 0xf, 0xd6,
    0x10, 0x0, 0x0, 0xe9, 0xfe, 0x30, 0x0, 0xd,
    0x1, 0x97, 0x0, 0x0, 0xd0, 0x6, 0x30, 0x0,
    0xd, 0x0, 0x10, 0x0, 0x0, 0xd0, 0x0, 0x0,
    0x0, 0xd, 0x0, 0x0, 0x0, 0x0, 0xd0, 0x0,
    0x0, 0x0, 0xd, 0x0, 0x0, 0x2c, 0xea, 0xd0,
    0x0, 0x6, 0xff, 0xfb, 0x0, 0x0, 0x8, 0xb8,
    0x10, 0x0, 0x0,

    /* U+266B "♫" */
    0x0, 0x0, 0x73, 0x0, 0x0, 0x0, 0x0, 0xef,
    0xe9, 0x50, 0x0, 0x0, 0xb9, 0xef, 0xfe, 0x0,
    0x0, 0xa0, 0x3, 0x8d, 0x0, 0x0, 0xa0, 0x0,
    0xa, 0x0, 0x0, 0xa0, 0x0, 0xa, 0x0, 0x0,
    0xa0, 0x0, 0xa, 0x0, 0x0, 0xa0, 0x0, 0xa,
    0x0, 0x0, 0xa0, 0x0, 0xa, 0x0, 0x0, 0xa0,
    0x0, 0xa, 0x7, 0xc9, 0xa0, 0x0, 0xa, 0xf,
    0xff, 0xa0, 0x1, 0xa, 0x7, 0xcb, 0x20, 0xaf,
    0xfd, 0x0, 0x0, 0x0, 0xdf, 0xfb, 0x0, 0x0,
    0x0, 0x27, 0x60,

    /* U+2699 "⚙" */
    0x0, 0x0, 0x3d, 0x10, 0x0, 0x0, 0x1d, 0x9c,
    0xfa, 0xab, 0x0, 0x0, 0xef, 0xa7, 0xaf, 0xb0,
    0x4, 0x9f, 0x30, 0x0, 0x5f, 0x92, 0x9f, 0x80,
    0x16, 0x0, 0xbf, 0x60, 0xe5, 0xb, 0xf7, 0x8,
    0xc0, 0x5f, 0x70, 0x5c, 0x30, 0xae, 0x46, 0xde,
    0x10, 0x0, 0x3f, 0xd4, 0x0, 0xee, 0x75, 0x8f,
    0xc0, 0x0, 0x1e, 0xbd, 0xfc, 0xcd, 0x0, 0x0,
    0x10, 0x4f, 0x10, 0x0, 0x0,

    /* U+3001 "、" */
    0x0, 0x0, 0x0, 0x0, 0x7e, 0x20, 0x0, 0xb,
    0xfe, 0x30, 0x0, 0xa, 0xfe, 0x20, 0x0, 0xa,
    0xfe, 0x10, 0x0, 0xb, 0x70, 0x0, 0x0, 0x0,
    0x0,

    /* U+3002 "。" */
    0x0, 0x2, 0x0, 0x0, 0x6f, 0xff, 0x60, 0x1f,
    0x40, 0x4f, 0x14, 0xe0, 0x0, 0xd3, 0x1e, 0x72,
    0x7e, 0x0, 0x3c, 0xfc, 0x30,

    /* U+4E00 "一" */
    0x2f, 0xff, 0xff, 0xff, 0xff, 0xff, 0xff, 0xff,
    0xf3, 0x2d, 0xdd, 0xdd, 0xdd, 0xdd, 0xdd, 0xdd,
    0xdd, 0xd3,

    /* U+4E0A "上" */
    0x0, 0x0, 0x0, 0x7, 0xf5, 0x0, 0x0, 0x0,
    0x0, 0x0, 0x0, 0x0, 0x7, 0xf5, 0x0, 0x0,
    0x0, 0x0, 0x0, 0x0, 0x0, 0x7, 0xf5, 0x0,
    0x0, 0x0, 0x0, 0x0, 0x0, 0x0, 0x7, 0xf5,
    0x0, 0x0, 0x0, 0x0, 0x0, 0x0, 0x0, 0x7,
    0xf5, 0x0, 0x0, 0x0, 0x0, 0x0, 0x0, 0x0,
    0x7, 0xfb, 0x99, 0x99, 0x98, 0x0, 0x0, 0x0,
    0x0, 0x7, 0xff, 0xff, 0xff, 0xfd, 0x0, 0x0,
    0x0, 0x0, 0x7, 0xf5, 0x0, 0x0, 0x0, 0x0,
    0x0, 0x0, 0x0, 0x7, 0xf5, 0x0, 0x0, 0x0,
    0x0, 0x0, 0x0, 0x0, 0x7, 0xf5, 0x0, 0x0,
    0x0, 0x0, 0x0, 0x0, 0x0, 0x7, 0xf5, 0x0,
    0x0, 0x0, 0x0, 0x0, 0x0, 0x0, 0x7, 0xf5,
    0x0, 0x0, 0x0, 0x0, 0x0, 0x0, 0x0, 0x7,
    0xf5, 0x0, 0x0, 0x0, 0x0, 0x0, 0x0, 0x0,
    0x7, 0xf5, 0x0, 0x0, 0x0, 0x0, 0xf, 0xff,
    0xff, 0xff, 0xff, 0xff, 0xff, 0xff, 0xf0, 0xa,
    0xaa, 0xaa, 0xaa, 0xaa, 0xaa, 0xaa, 0xaa, 0xa0,

    /* U+4E0B "下" */
    0xbc, 0xcc, 0xcc, 0xcc, 0xcc, 0xcc, 0xcc, 0xcb,
    0xef, 0xff, 0xff, 0xff, 0xff, 0xff, 0xff, 0xfe,
    0x0, 0x0, 0x0, 0x4f, 0x80, 0x0, 0x0, 0x0,
    0x0, 0x0, 0x0, 0x4f, 0x80, 0x0, 0x0, 0x0,
    0x0, 0x0, 0x0, 0x4f, 0xa2, 0x0, 0x0, 0x0,
    0x0, 0x0, 0x0, 0x4f, 0xff, 0x91, 0x0, 0x0,
    0x0, 0x0, 0x0, 0x4f, 0xbc, 0xff, 0x80, 0x0,
    0x0, 0x0, 0x0, 0x4f, 0x80, 0x6e, 0xfe, 0x40,
    0x0, 0x0, 0x0, 0x4f, 0x80, 0x0, 0x9f, 0xb0,
    0x0, 0x0, 0x0, 0x4f, 0x80, 0x0, 0x4, 0x10,
    0x0, 0x0, 0x0, 0x4f, 0x80, 0x0, 0x0, 0x0,
    0x0, 0x0, 0x0, 0x4f, 0x80, 0x0, 0x0, 0x0,
    0x0, 0x0, 0x0, 0x4f, 0x80, 0x0, 0x0, 0x0,
    0x0, 0x0, 0x0, 0x4f, 0x80, 0x0, 0x0, 0x0,
    0x0, 0x0, 0x0, 0x4f, 0x80, 0x0, 0x0, 0x0,

    /* U+4E0D "不" */
    0xe, 0xff, 0xff, 0xff, 0xff, 0xff, 0xff, 0xff,
    0x70, 0xb, 0xbb, 0xbb, 0xbb, 0xdf, 0xfb, 0xbb,
    0xbb, 0x50, 0x0, 0x0, 0x0, 0x0, 0xdf, 0x60,
    0x0, 0x0, 0x0, 0x0, 0x0, 0x0, 0x9, 0xfc,
    0x0, 0x0, 0x0, 0x0, 0x0, 0x0, 0x0, 0x6f,
    0xfa, 0x33, 0x0, 0x0, 0x0, 0x0, 0x0, 0x6,
    0xff, 0xfb, 0xef, 0x80, 0x0, 0x0, 0x0, 0x0,
    0x8f, 0xe5, 0xfa, 0x1c, 0xfc, 0x20, 0x0, 0x0,
    0x1b, 0xfd, 0x22, 0xfa, 0x0, 0x8f, 0xf5, 0x0,
    0x7, 0xff, 0xb1, 0x2, 0xfa, 0x0, 0x5, 0xff,
    0x70, 0x2f, 0xe6, 0x0, 0x2, 0xfa, 0x0, 0x0,
    0x3f, 0x90, 0x3, 0x10, 0x0, 0x2, 0xfa, 0x0,
    0x0, 0x1, 0x0, 0x0, 0x0, 0x0, 0x2, 0xfa,
    0x0, 0x0, 0x0, 0x0, 0x0, 0x0, 0x0, 0x2,
    0xfa, 0x0, 0x0, 0x0, 0x0, 0x0, 0x0, 0x0,
    0x2, 0xfa, 0x0, 0x0, 0x0, 0x0, 0x0, 0x0,
    0x0, 0x2, 0xfa, 0x0, 0x0, 0x0, 0x0,

    /* U+4E0E "与" */
    0x0, 0x4, 0x82, 0x0, 0x0, 0x0, 0x0, 0x0,
    0x0, 0x9, 0xf2, 0x0, 0x0, 0x0, 0x0, 0x0,
    0x0, 0xc, 0xfa, 0xaa, 0xaa, 0xaa, 0xaa, 0x80,
    0x0, 0xf, 0xff, 0xff, 0xff, 0xff, 0xff, 0xb0,
    0x0, 0x2f, 0x90, 0x0, 0x0, 0x0, 0x0, 0x0,
    0x0, 0x6f, 0x50, 0x0, 0x0, 0x0, 0x0, 0x0,
    0x0, 0xaf, 0x97, 0x77, 0x77, 0x77, 0x77, 0x70,
    0x0, 0xef, 0xff, 0xff, 0xff, 0xff, 0xff, 0xf0,
    0x0, 0x0, 0x0, 0x0, 0x0, 0x0, 0xc, 0xe0,
    0x0, 0x0, 0x0, 0x0, 0x0, 0x0, 0xe, 0xd0,
    0x88, 0x88, 0x88, 0x88, 0x88, 0x81, 0xf, 0xb0,
    0xef, 0xff, 0xff, 0xff, 0xff, 0xf2, 0x3f, 0x80,
    0x0, 0x0, 0x0, 0x0, 0x0, 0x0, 0x6f, 0x50,
    0x0, 0x0, 0x0, 0x0, 0x0, 0x0, 0xbf, 0x10,
    0x0, 0x0, 0x0, 0x3, 0xa9, 0x9b, 0xfb, 0x0,
    0x0, 0x0, 0x0, 0x0, 0xef, 0xff, 0xb1, 0x0,
    0x0, 0x0, 0x0, 0x0, 0x0, 0x0, 0x0, 0x0,

    /* U+4E13 "专" */
    0x0, 0x0, 0x0, 0x9c, 0x0, 0x0, 0x0, 0x0,
    0x0, 0x0, 0x0, 0xed, 0x0, 0x0, 0x0, 0x0,
    0x7, 0xff, 0xff, 0xff, 0xff, 0xff, 0xff, 0x70,
    0x4, 0x88, 0x8c, 0xfa, 0x88, 0x88, 0x88, 0x40,
    0x0, 0x0, 0xc, 0xe0, 0x0, 0x0, 0x0, 0x0,
    0xaa, 0xaa, 0xaf, 0xea, 0xaa, 0xaa, 0xaa, 0xa7,
    0xef, 0xff, 0xff, 0xff, 0xff, 0xff, 0xff, 0xfb,
    0x0, 0x0, 0xcf, 0x0, 0x0, 0x0, 0x0, 0x0,
    0x0, 0x2, 0xfd, 0x88, 0x88, 0x88, 0x87, 0x0,
    0x0, 0x7, 0xff, 0xff, 0xff, 0xff, 0xff, 0x40,
    0x0, 0x0, 0x0, 0x0, 0x0, 0x2e, 0xf5, 0x0,
    0x0, 0x0, 0x0, 0x0, 0x2, 0xef, 0x50, 0x0,
    0x0, 0x1, 0xed, 0x84, 0x3e, 0xf5, 0x0, 0x0,
    0x0, 0x0, 0x6b, 0xff, 0xff, 0x70, 0x0, 0x0,
    0x0, 0x0, 0x0, 0x16, 0xcf, 0xfb, 0x30, 0x0,
    0x0, 0x0, 0x0, 0x0, 0x3, 0xbf, 0x70, 0x0,
    0x0, 0x0, 0x0, 0x0, 0x0, 0x3, 0x0, 0x0,

    /* U+4E1C "东" */
    0x0, 0x0, 0x0, 0x0, 0x0, 0x0, 0x0, 0x0,
    0x0, 0x0, 0x1, 0xe9, 0x0, 0x0, 0x0, 0x0,
    0x0, 0x0, 0x7, 0xf9, 0x0, 0x0, 0x0, 0x0,
    0x8a, 0xaa, 0xae, 0xfc, 0xaa, 0xaa, 0xaa, 0xa3,
    0xbf, 0xff, 0xff, 0xff, 0xff, 0xff, 0xff, 0xf4,
    0x0, 0x2, 0xfe, 0x1, 0x52, 0x0, 0x0, 0x0,
    0x0, 0xb, 0xf4, 0x3, 0xf7, 0x0, 0x0, 0x0,
    0x0, 0x7f, 0x90, 0x3, 0xf7, 0x0, 0x0, 0x0,
    0x6, 0xff, 0xa9, 0x9b, 0xfc, 0x99, 0x99, 0x50,
    0x4, 0xff, 0xff, 0xff, 0xff, 0xff, 0xff, 0x80,
    0x0, 0x20, 0x0, 0x3, 0xf7, 0x0, 0x0, 0x0,
    0x0, 0xa, 0x60, 0x3, 0xf7, 0x7, 0x60, 0x0,
    0x0, 0x8f, 0x70, 0x3, 0xf7, 0xb, 0xf5, 0x0,
    0x2, 0xfd, 0x0, 0x3, 0xf7, 0x0, 0xcf, 0x40,
    0x2e, 0xf3, 0x0, 0x3, 0xf7, 0x0, 0x1e, 0xf2,
    0xaf, 0x50, 0x7, 0xac, 0xf6, 0x0, 0x4, 0xf6,
    0x4, 0x0, 0x6, 0xfe, 0xb1, 0x0, 0x0, 0x10,
    0x0, 0x0, 0x0, 0x0, 0x0, 0x0, 0x0, 0x0,

    /* U+4E2A "个" */
    0x0, 0x0, 0x0, 0x0, 0x14, 0x0, 0x0, 0x0,
    0x0, 0x0, 0x0, 0x0, 0x0, 0xcf, 0x40, 0x0,
    0x0, 0x0, 0x0, 0x0, 0x0, 0x8, 0xff, 0x70,
    0x0, 0x0, 0x0, 0x0, 0x0, 0x0, 0x8f, 0xcc,
    0xf8, 0x0, 0x0, 0x0, 0x0, 0x0, 0xa, 0xfb,
    0x1, 0xcf, 0xa0, 0x0, 0x0, 0x0, 0x3, 0xdf,
    0xb0, 0x0, 0x1c, 0xfd, 0x30, 0x0, 0x2, 0xaf,
    0xf9, 0x0, 0xec, 0x0, 0x9f, 0xfa, 0x20, 0x2f,
    0xfd, 0x30, 0x0, 0xec, 0x0, 0x4, 0xdf, 0xf2,
    0x6, 0x70, 0x0, 0x0, 0xec, 0x0, 0x0, 0x7,
    0x70, 0x0, 0x0, 0x0, 0x0, 0xec, 0x0, 0x0,
    0x0, 0x0, 0x0, 0x0, 0x0, 0x0, 0xec, 0x0,
    0x0, 0x0, 0x0, 0x0, 0x0, 0x0, 0x0, 0xec,
    0x0, 0x0, 0x0, 0x0, 0x0, 0x0, 0x0, 0x0,
    0xec, 0x0, 0x0, 0x0, 0x0, 0x0, 0x0, 0x0,
    0x0, 0xec, 0x0, 0x0, 0x0, 0x0, 0x0, 0x0,
    0x0, 0x0, 0xec, 0x0, 0x0, 0x0, 0x0, 0x0,
    0x0, 0x0, 0x0, 0xec, 0x0, 0x0, 0x0, 0x0,
    0x0, 0x0, 0x0, 0x0, 0xec, 0x0, 0x0, 0x0,
    0x0,

    /* U+4E2D "中" */
    0x0, 0x0, 0x0, 0xb, 0xf0, 0x0, 0x0, 0x0,
    0x0, 0x0, 0x0, 0xb, 0xf0, 0x0, 0x0, 0x0,
    0x0, 0x0, 0x0, 0xb, 0xf0, 0x0, 0x0, 0x0,
    0x1f, 0xff, 0xff, 0xff, 0xff, 0xff, 0xff, 0xf4,
    0x1f, 0xda, 0xaa, 0xae, 0xfa, 0xaa, 0xad, 0xf4,
    0x1f, 0x90, 0x0, 0xb, 0xf0, 0x0, 0x6, 0xf4,
    0x1f, 0x90, 0x0, 0xb, 0xf0, 0x0, 0x6, 0xf4,
    0x1f, 0x90, 0x0, 0xb, 0xf0, 0x0, 0x6, 0xf4,
    0x1f, 0x90, 0x0, 0xb, 0xf0, 0x0, 0x6, 0xf4,
    0x1f, 0xff, 0xff, 0xff, 0xff, 0xff, 0xff, 0xf4,
    0x1f, 0xda, 0xaa, 0xae, 0xfa, 0xaa, 0xad, 0xf4,
    0xb, 0x60, 0x0, 0xb, 0xf0, 0x0, 0x4, 0xa3,
    0x0, 0x0, 0x0, 0xb, 0xf0, 0x0, 0x0, 0x0,
    0x0, 0x0, 0x0, 0xb, 0xf0, 0x0, 0x0, 0x0,
    0x0, 0x0, 0x0, 0xb, 0xf0, 0x0, 0x0, 0x0,
    0x0, 0x0, 0x0, 0xb, 0xf0, 0x0, 0x0, 0x0,

    /* U+4E3A "为" */
    0x0, 0x44, 0x0, 0xbf, 0x0, 0x0, 0x0, 0x0,
    0x0, 0xcf, 0x30, 0xbf, 0x0, 0x0, 0x0, 0x0,
    0x0, 0x1f, 0xd0, 0xbf, 0x0, 0x0, 0x0, 0x0,
    0x0, 0x5, 0x40, 0xce, 0x0, 0x0, 0x0, 0x0,
    0x6f, 0xff, 0xff, 0xff, 0xff, 0xff, 0xff, 0xf4,
    0x5b, 0xbb, 0xbb, 0xfe, 0xbb, 0xbb, 0xbd, 0xf3,
    0x0, 0x0, 0x2, 0xf9, 0x0, 0x0, 0x8, 0xf3,
    0x0, 0x0, 0x6, 0xf5, 0x2, 0x0, 0x9, 0xf2,
    0x0, 0x0, 0xc, 0xf2, 0xde, 0x10, 0xa, 0xf1,
    0x0, 0x0, 0x3f, 0xb0, 0x3f, 0xb0, 0xb, 0xf0,
    0x0, 0x0, 0xbf, 0x40, 0x8, 0xf5, 0xc, 0xf0,
    0x0, 0x7, 0xfb, 0x0, 0x0, 0x81, 0xd, 0xe0,
    0x0, 0x4f, 0xe1, 0x0, 0x0, 0x0, 0xf, 0xc0,
    0x7, 0xff, 0x30, 0x0, 0x0, 0x0, 0x4f, 0xa0,
    0x9f, 0xf4, 0x0, 0x0, 0xa, 0xbb, 0xff, 0x50,
    0x1a, 0x20, 0x0, 0x0, 0x8, 0xff, 0xe8, 0x0,
    0x0, 0x0, 0x0, 0x0, 0x0, 0x0, 0x0, 0x0,

    /* U+4E3B "主" */
    0x0, 0x0, 0x0, 0x0, 0x0, 0x0, 0x0, 0x0,
    0x0, 0x0, 0x0, 0x2c, 0x90, 0x0, 0x0, 0x0,
    0x0, 0x0, 0x0, 0x0, 0xaf, 0xd1, 0x0, 0x0,
    0x0, 0x0, 0x0, 0x0, 0x0, 0x7f, 0xe1, 0x0,
    0x0, 0x0, 0x19, 0x99, 0x99, 0x99, 0xed, 0x99,
    0x99, 0x91, 0x1, 0xff, 0xff, 0xff, 0xff, 0xff,
    0xff, 0xff, 0x10, 0x0, 0x0, 0x0, 0xe, 0xe0,
    0x0, 0x0, 0x0, 0x0, 0x0, 0x0, 0x0, 0xee,
    0x0, 0x0, 0x0, 0x0, 0x0, 0x0, 0x0, 0xe,
    0xe0, 0x0, 0x0, 0x0, 0x0, 0x29, 0x99, 0x99,
    0xff, 0x99, 0x99, 0x93, 0x0, 0x4, 0xff, 0xff,
    0xff, 0xff, 0xff, 0xff, 0x50, 0x0, 0x0, 0x0,
    0x0, 0xee, 0x0, 0x0, 0x0, 0x0, 0x0, 0x0,
    0x0, 0xe, 0xe0, 0x0, 0x0, 0x0, 0x0, 0x0,
    0x0, 0x0, 0xee, 0x0, 0x0, 0x0, 0x0, 0x0,
    0x0, 0x0, 0xe, 0xe0, 0x0, 0x0, 0x0, 0xe,
    0xff, 0xff, 0xff, 0xff, 0xff, 0xff, 0xff, 0xf0,
    0xaa, 0xaa, 0xaa, 0xaa, 0xaa, 0xaa, 0xaa, 0xaa,
    0x0,

    /* U+4E89 "争" */
    0x0, 0x0, 0x3, 0xe8, 0x0, 0x0, 0x0, 0x0,
    0x0, 0x0, 0x0, 0x1d, 0xfa, 0x77, 0x78, 0x50,
    0x0, 0x0, 0x0, 0x0, 0xcf, 0xff, 0xff, 0xff,
    0xf2, 0x0, 0x0, 0x0, 0x2d, 0xf7, 0x0, 0x0,
    0xaf, 0x50, 0x0, 0x0, 0x5, 0xff, 0xd7, 0x77,
    0x7b, 0xfd, 0x77, 0x70, 0x0, 0x2, 0xcc, 0xff,
    0xff, 0xff, 0xff, 0xff, 0xe0, 0x0, 0x0, 0x0,
    0x0, 0x0, 0xfb, 0x0, 0xb, 0xe0, 0x0, 0x17,
    0x77, 0x77, 0x77, 0xfd, 0x77, 0x7d, 0xf7, 0x72,
    0x3f, 0xff, 0xff, 0xff, 0xff, 0xff, 0xff, 0xff,
    0xf4, 0x0, 0x0, 0x0, 0x0, 0xfb, 0x0, 0xc,
    0xe0, 0x0, 0x0, 0x0, 0x0, 0x0, 0xfb, 0x0,
    0xc, 0xe0, 0x0, 0x0, 0x5f, 0xff, 0xff, 0xff,
    0xff, 0xff, 0xe0, 0x0, 0x0, 0x27, 0x77, 0x77,
    0xfd, 0x77, 0x77, 0x60, 0x0, 0x0, 0x0, 0x0,
    0x0, 0xfb, 0x0, 0x0, 0x0, 0x0, 0x0, 0x0,
    0x9, 0x99, 0xfa, 0x0, 0x0, 0x0, 0x0, 0x0,
    0x0, 0xa, 0xff, 0xc3, 0x0, 0x0, 0x0, 0x0,

    /* U+4E8C "二" */
    0x4, 0xcc, 0xcc, 0xcc, 0xcc, 0xcc, 0xcc, 0x50,
    0x6, 0xff, 0xff, 0xff, 0xff, 0xff, 0xff, 0x60,
    0x0, 0x0, 0x0, 0x0, 0x0, 0x0, 0x0, 0x0,
    0x0, 0x0, 0x0, 0x0, 0x0, 0x0, 0x0, 0x0,
    0x0, 0x0, 0x0, 0x0, 0x0, 0x0, 0x0, 0x0,
    0x0, 0x0, 0x0, 0x0, 0x0, 0x0, 0x0, 0x0,
    0x0, 0x0, 0x0, 0x0, 0x0, 0x0, 0x0, 0x0,
    0x0, 0x0, 0x0, 0x0, 0x0, 0x0, 0x0, 0x0,
    0x0, 0x0, 0x0, 0x0, 0x0, 0x0, 0x0, 0x0,
    0x0, 0x0, 0x0, 0x0, 0x0, 0x0, 0x0, 0x0,
    0x0, 0x0, 0x0, 0x0, 0x0, 0x0, 0x0, 0x0,
    0xef, 0xff, 0xff, 0xff, 0xff, 0xff, 0xff, 0xfe,
    0xcd, 0xdd, 0xdd, 0xdd, 0xdd, 0xdd, 0xdd, 0xdc,

    /* U+4E8E "于" */
    0xb, 0xff, 0xff, 0xff, 0xff, 0xff, 0xff, 0xb0,
    0x8, 0xbb, 0xbb, 0xbe, 0xfb, 0xbb, 0xbb, 0x80,
    0x0, 0x0, 0x0, 0xb, 0xf0, 0x0, 0x0, 0x0,
    0x0, 0x0, 0x0, 0xb, 0xf0, 0x0, 0x0, 0x0,
    0x0, 0x0, 0x0, 0xb, 0xf0, 0x0, 0x0, 0x0,
    0x0, 0x0, 0x0, 0xb, 0xf1, 0x0, 0x0, 0x0,
    0xff, 0xff, 0xff, 0xff, 0xff, 0xff, 0xff, 0xff,
    0x99, 0x99, 0x99, 0x9e, 0xfa, 0x99, 0x99, 0x99,
    0x0, 0x0, 0x0, 0xb, 0xf0, 0x0, 0x0, 0x0,
    0x0, 0x0, 0x0, 0xb, 0xf0, 0x0, 0x0, 0x0,
    0x0, 0x0, 0x0, 0xb, 0xf0, 0x0, 0x0, 0x0,
    0x0, 0x0, 0x0, 0xb, 0xf0, 0x0, 0x0, 0x0,
    0x0, 0x0, 0x0, 0xb, 0xf0, 0x0, 0x0, 0x0,
    0x0, 0x3, 0xbb, 0xbf, 0xf0, 0x0, 0x0, 0x0,
    0x0, 0x0, 0xef, 0xfc, 0x50, 0x0, 0x0, 0x0,
    0x0, 0x0, 0x0, 0x0, 0x0, 0x0, 0x0, 0x0,

    /* U+4EAB "享" */
    0x0, 0x0, 0x0, 0x0, 0x0, 0x0, 0x0, 0x0,
    0x0, 0x0, 0x0, 0x2, 0xe9, 0x0, 0x0, 0x0,
    0x0, 0x57, 0x77, 0x77, 0x7f, 0xf7, 0x77, 0x77,
    0x75, 0xb, 0xff, 0xff, 0xff, 0xff, 0xff, 0xff,
    0xff, 0xb0, 0x0, 0x23, 0x33, 0x33, 0x33, 0x33,
    0x32, 0x0, 0x0, 0x9, 0xff, 0xff, 0xff, 0xff,
    0xff, 0xb0, 0x0, 0x0, 0x9f, 0x0, 0x0, 0x0,
    0x0, 0xfb, 0x0, 0x0, 0x9, 0xfe, 0xdd, 0xdd,
    0xdd, 0xef, 0xb0, 0x0, 0x0, 0x24, 0x44, 0x44,
    0x44, 0x44, 0x43, 0x0, 0x0, 0x15, 0x55, 0x55,
    0x55, 0x55, 0x55, 0x30, 0x0, 0x4, 0xff, 0xff,
    0xff, 0xff, 0xff, 0xfc, 0x0, 0x0, 0x0, 0x0,
    0x0, 0x59, 0xee, 0xa3, 0x0, 0x0, 0x55, 0x55,
    0x55, 0x5f, 0xf9, 0x55, 0x55, 0x55, 0xf, 0xff,
    0xff, 0xff, 0xff, 0xff, 0xff, 0xff, 0xf0, 0x0,
    0x0, 0x0, 0xe, 0xd0, 0x0, 0x0, 0x0, 0x0,
    0x0, 0x5, 0x55, 0xfd, 0x0, 0x0, 0x0, 0x0,
    0x0, 0x0, 0xbf, 0xfd, 0x60, 0x0, 0x0, 0x0,
    0x0,

    /* U+4EAC "京" */
    0x0, 0x0, 0x0, 0x0, 0x10, 0x0, 0x0, 0x0,
    0x0, 0x0, 0x0, 0x0, 0x7f, 0x50, 0x0, 0x0,
    0x0, 0x0, 0x0, 0x0, 0x1, 0xfd, 0x0, 0x0,
    0x0, 0x0, 0xef, 0xff, 0xff, 0xff, 0xff, 0xff,
    0xff, 0xfa, 0x9, 0xaa, 0xaa, 0xaa, 0xaa, 0xaa,
    0xaa, 0xaa, 0x70, 0x0, 0x11, 0x11, 0x11, 0x11,
    0x11, 0x11, 0x0, 0x0, 0xc, 0xff, 0xff, 0xff,
    0xff, 0xff, 0xb0, 0x0, 0x0, 0xce, 0x55, 0x55,
    0x55, 0x55, 0xfb, 0x0, 0x0, 0xc, 0xd0, 0x0,
    0x0, 0x0, 0xf, 0xb0, 0x0, 0x0, 0xce, 0x22,
    0x22, 0x22, 0x23, 0xfb, 0x0, 0x0, 0xc, 0xff,
    0xff, 0xff, 0xff, 0xff, 0xb0, 0x0, 0x0, 0x33,
    0x33, 0x3f, 0xe3, 0x33, 0x32, 0x0, 0x0, 0x4,
    0xa3, 0x0, 0xed, 0x0, 0x5a, 0x0, 0x0, 0x2,
    0xfe, 0x10, 0xe, 0xd0, 0x7, 0xfc, 0x0, 0x3,
    0xef, 0x20, 0x0, 0xed, 0x0, 0x7, 0xfb, 0x0,
    0xde, 0x30, 0x69, 0x9f, 0xc0, 0x0, 0xa, 0xf6,
    0x1, 0x20, 0x7, 0xff, 0xd5, 0x0, 0x0, 0x4,
    0x0,

    /* U+4EAE "亮" */
    0x0, 0x0, 0x0, 0x0, 0x0, 0x0, 0x0, 0x0,
    0x0, 0x0, 0x0, 0x1f, 0xb0, 0x0, 0x0, 0x0,
    0x67, 0x77, 0x77, 0x7e, 0xf8, 0x77, 0x77, 0x76,
    0xde, 0xee, 0xee, 0xee, 0xee, 0xee, 0xee, 0xed,
    0x0, 0x12, 0x22, 0x22, 0x22, 0x22, 0x21, 0x0,
    0x0, 0x6f, 0xff, 0xff, 0xff, 0xff, 0xf8, 0x0,
    0x0, 0x6f, 0x30, 0x0, 0x0, 0x3, 0xf8, 0x0,
    0x0, 0x6f, 0xed, 0xdd, 0xdd, 0xde, 0xf8, 0x0,
    0x0, 0x13, 0x33, 0x33, 0x33, 0x33, 0x31, 0x0,
    0x9e, 0xee, 0xee, 0xee, 0xee, 0xee, 0xee, 0xe9,
    0xaf, 0x66, 0x66, 0x66, 0x66, 0x66, 0x66, 0xfa,
    0xae, 0x0, 0x35, 0x55, 0x55, 0x53, 0x0, 0xfa,
    0x23, 0x0, 0xcf, 0xff, 0xff, 0xfa, 0x0, 0x32,
    0x0, 0x0, 0xfc, 0x0, 0x2, 0xfa, 0x0, 0x0,
    0x0, 0x9, 0xf7, 0x0, 0x1, 0xfa, 0x0, 0xab,
    0x26, 0xcf, 0xc0, 0x0, 0x1, 0xfd, 0x77, 0xeb,
    0x9f, 0xd7, 0x0, 0x0, 0x0, 0xaf, 0xff, 0xe4,
    0x2, 0x0, 0x0, 0x0, 0x0, 0x0, 0x0, 0x0,

    /* U+4EBA "人" */
    0x0, 0x0, 0x0, 0x0, 0xfd, 0x0, 0x0, 0x0,
    0x0, 0x0, 0x0, 0x0, 0x1, 0xfc, 0x0, 0x0,
    0x0, 0x0, 0x0, 0x0, 0x0, 0x2, 0xfc, 0x0,
    0x0, 0x0, 0x0, 0x0, 0x0, 0x0, 0x3, 0xfd,
    0x0, 0x0, 0x0, 0x0, 0x0, 0x0, 0x0, 0x5,
    0xff, 0x0, 0x0, 0x0, 0x0, 0x0, 0x0, 0x0,
    0x8, 0xff, 0x40, 0x0, 0x0, 0x0, 0x0, 0x0,
    0x0, 0xc, 0xff, 0x90, 0x0, 0x0, 0x0, 0x0,
    0x0, 0x0, 0x1f, 0xdd, 0xe0, 0x0, 0x0, 0x0,
    0x0, 0x0, 0x0, 0x6f, 0x88, 0xf4, 0x0, 0x0,
    0x0, 0x0, 0x0, 0x0, 0xdf, 0x22, 0xfc, 0x0,
    0x0, 0x0, 0x0, 0x0, 0x6, 0xfa, 0x0, 0x9f,
    0x50, 0x0, 0x0, 0x0, 0x0, 0x2f, 0xf2, 0x0,
    0x1f, 0xf2, 0x0, 0x0, 0x0, 0x1, 0xdf, 0x70,
    0x0, 0x6, 0xfd, 0x10, 0x0, 0x0, 0x2d, 0xfa,
    0x0, 0x0, 0x0, 0x8f, 0xe3, 0x0, 0x6, 0xff,
    0xb0, 0x0, 0x0, 0x0, 0x8, 0xff, 0x91, 0xb,
    0xf6, 0x0, 0x0, 0x0, 0x0, 0x0, 0x4d, 0xb0,
    0x0, 0x20, 0x0, 0x0, 0x0, 0x0, 0x0, 0x0,
    0x10,

    /* U+4ECA "今" */
    0x0, 0x0, 0x0, 0x0, 0x22, 0x0, 0x0, 0x0,
    0x0, 0x0, 0x0, 0x0, 0x1, 0xef, 0x30, 0x0,
    0x0, 0x0, 0x0, 0x0, 0x0, 0xc, 0xff, 0xb0,
    0x0, 0x0, 0x0, 0x0, 0x0, 0x1, 0xcf, 0x97,
    0xfc, 0x10, 0x0, 0x0, 0x0, 0x0, 0x3d, 0xf9,
    0x0, 0x5f, 0xe4, 0x0, 0x0, 0x0, 0x7, 0xff,
    0x82, 0x40, 0x4, 0xff, 0xa1, 0x0, 0x5, 0xdf,
    0xe5, 0xb, 0xf8, 0x0, 0x2d, 0xff, 0x80, 0x1e,
    0xf9, 0x10, 0x0, 0xaf, 0xb0, 0x0, 0x8f, 0xd0,
    0x3, 0x30, 0x0, 0x0, 0x8, 0xf4, 0x0, 0x2,
    0x10, 0x0, 0x9, 0x99, 0x99, 0x99, 0xc9, 0x99,
    0x92, 0x0, 0x0, 0x1f, 0xff, 0xff, 0xff, 0xff,
    0xff, 0xf3, 0x0, 0x0, 0x1, 0x11, 0x11, 0x11,
    0x11, 0xdf, 0x60, 0x0, 0x0, 0x0, 0x0, 0x0,
    0x0, 0x9, 0xfa, 0x0, 0x0, 0x0, 0x0, 0x0,
    0x0, 0x0, 0x5f, 0xd0, 0x0, 0x0, 0x0, 0x0,
    0x0, 0x0, 0x3, 0xff, 0x20, 0x0, 0x0, 0x0,
    0x0, 0x0, 0x0, 0x1e, 0xf5, 0x0, 0x0, 0x0,
    0x0, 0x0, 0x0, 0x0, 0x7f, 0x80, 0x0, 0x0,
    0x0, 0x0, 0x0, 0x0, 0x0, 0x1, 0x0, 0x0,
    0x0, 0x0,

    /* U+4ECE "从" */
    0x0, 0x0, 0x0, 0x0, 0x0, 0x0, 0x0, 0x0,
    0x0, 0x0, 0x0, 0x9f, 0x40, 0x0, 0xb, 0xf1,
    0x0, 0x0, 0x0, 0x0, 0xaf, 0x20, 0x0, 0xc,
    0xf0, 0x0, 0x0, 0x0, 0x0, 0xbf, 0x10, 0x0,
    0xe, 0xe0, 0x0, 0x0, 0x0, 0x0, 0xcf, 0x0,
    0x0, 0xf, 0xd0, 0x0, 0x0, 0x0, 0x0, 0xdf,
    0x0, 0x0, 0xf, 0xb0, 0x0, 0x0, 0x0, 0x0,
    0xfe, 0x0, 0x0, 0x3f, 0xa0, 0x0, 0x0, 0x0,
    0x2, 0xff, 0x70, 0x0, 0x6f, 0xc0, 0x0, 0x0,
    0x0, 0x4, 0xff, 0xf3, 0x0, 0x9f, 0xf0, 0x0,
    0x0, 0x0, 0x7, 0xf7, 0xee, 0x10, 0xcf, 0xf5,
    0x0, 0x0, 0x0, 0xb, 0xf1, 0x5f, 0x92, 0xfd,
    0xec, 0x0, 0x0, 0x0, 0x1f, 0xd0, 0xb, 0xf9,
    0xf7, 0x8f, 0x20, 0x0, 0x0, 0x5f, 0x90, 0x2,
    0x4e, 0xf1, 0x1f, 0xb0, 0x0, 0x0, 0xcf, 0x40,
    0x0, 0x7f, 0xb0, 0xa, 0xf6, 0x0, 0x7, 0xfd,
    0x0, 0x4, 0xff, 0x20, 0x2, 0xff, 0x50, 0x2f,
    0xf5, 0x0, 0x1e, 0xf6, 0x0, 0x0, 0x5f, 0xe0,
    0x8, 0xa0, 0x0, 0x7, 0xa0, 0x0, 0x0, 0x6,
    0x40, 0x0, 0x0, 0x0, 0x0, 0x0, 0x0, 0x0,
    0x0, 0x0,

    /* U+4EE5 "以" */
    0x0, 0x0, 0x0, 0x0, 0x0, 0x0, 0x0, 0x0,
    0x0, 0x7, 0x50, 0x0, 0x0, 0x0, 0x7, 0xf4,
    0x0, 0x1, 0xfb, 0x1, 0xa8, 0x0, 0x0, 0x8f,
    0x30, 0x0, 0x1f, 0xb0, 0xb, 0xf4, 0x0, 0x9,
    0xf2, 0x0, 0x1, 0xfb, 0x0, 0x1f, 0xe0, 0x0,
    0xbf, 0x10, 0x0, 0x1f, 0xb0, 0x0, 0x7f, 0x80,
    0xd, 0xe0, 0x0, 0x1, 0xfb, 0x0, 0x0, 0xc4,
    0x0, 0xfc, 0x0, 0x0, 0x1f, 0xb0, 0x0, 0x0,
    0x0, 0x3f, 0x90, 0x0, 0x1, 0xfb, 0x0, 0x0,
    0x0, 0x7, 0xf5, 0x0, 0x0, 0x1f, 0xb0, 0x0,
    0x0, 0x0, 0xcf, 0x10, 0x0, 0x1, 0xfb, 0x0,
    0x68, 0x0, 0x3f, 0xb0, 0x0, 0x0, 0x1f, 0xc7,
    0xef, 0xc0, 0xc, 0xfc, 0x0, 0x0, 0x4, 0xff,
    0xfd, 0x60, 0x7, 0xfe, 0xfc, 0x0, 0x1, 0xdf,
    0xe6, 0x0, 0x7, 0xfd, 0x19, 0xfb, 0x0, 0xb,
    0x80, 0x0, 0x2b, 0xfe, 0x20, 0xa, 0xfa, 0x0,
    0x0, 0x0, 0x4f, 0xfb, 0x10, 0x0, 0xd, 0xf4,
    0x0, 0x0, 0x0, 0x85, 0x0, 0x0, 0x0, 0x25,
    0x0,

    /* U+4F18 "优" */
    0x0, 0x0, 0x0, 0x0, 0x0, 0x0, 0x0, 0x0,
    0x0, 0x0, 0x0, 0x8e, 0x20, 0xb, 0xf0, 0x8,
    0x20, 0x0, 0x0, 0x0, 0xed, 0x0, 0xb, 0xf0,
    0x1d, 0xe2, 0x0, 0x0, 0x6, 0xf6, 0x0, 0xb,
    0xe0, 0x2, 0xfd, 0x0, 0x0, 0xd, 0xe0, 0x0,
    0xb, 0xe0, 0x0, 0x56, 0x0, 0x0, 0x7f, 0x99,
    0xff, 0xff, 0xff, 0xff, 0xff, 0xf2, 0x2, 0xff,
    0x86, 0x99, 0x9f, 0xe9, 0x99, 0x99, 0x91, 0x1d,
    0xff, 0x80, 0x0, 0xf, 0xa0, 0x0, 0x0, 0x0,
    0xe, 0x9f, 0x80, 0x0, 0x1f, 0x89, 0xf0, 0x0,
    0x0, 0x3, 0x1f, 0x80, 0x0, 0x3f, 0x69, 0xf0,
    0x0, 0x0, 0x0, 0x1f, 0x80, 0x0, 0x7f, 0x29,
    0xf0, 0x0, 0x0, 0x0, 0x1f, 0x80, 0x0, 0xce,
    0x9, 0xf0, 0x0, 0x0, 0x0, 0x1f, 0x80, 0x2,
    0xf9, 0x9, 0xf0, 0x0, 0x0, 0x0, 0x1f, 0x80,
    0xb, 0xf1, 0x9, 0xf0, 0x3, 0xe2, 0x0, 0x1f,
    0x80, 0x5f, 0x80, 0x9, 0xf1, 0x4, 0xf2, 0x0,
    0x1f, 0x85, 0xfb, 0x0, 0x8, 0xf9, 0x8c, 0xf0,
    0x0, 0x1f, 0x88, 0xa0, 0x0, 0x2, 0xdf, 0xff,
    0x70,

    /* U+4F1A "会" */
    0x0, 0x0, 0x0, 0x0, 0x0, 0x0, 0x0, 0x0,
    0x0, 0x0, 0x0, 0x0, 0x0, 0x4e, 0x60, 0x0,
    0x0, 0x0, 0x0, 0x0, 0x0, 0x3, 0xff, 0x80,
    0x0, 0x0, 0x0, 0x0, 0x0, 0x0, 0x5f, 0xfb,
    0xf9, 0x0, 0x0, 0x0, 0x0, 0x0, 0x9, 0xfe,
    0x30, 0x8f, 0xd3, 0x0, 0x0, 0x0, 0x5, 0xef,
    0xc2, 0x0, 0x5, 0xef, 0xa2, 0x0, 0x5, 0xdf,
    0xff, 0x99, 0x99, 0x99, 0xbe, 0xff, 0xb3, 0x7,
    0xfa, 0x2e, 0xff, 0xff, 0xff, 0xf7, 0x3b, 0xd0,
    0x0, 0x20, 0x0, 0x0, 0x0, 0x0, 0x0, 0x0,
    0x0, 0x0, 0x0, 0x0, 0x0, 0x0, 0x0, 0x0,
    0x0, 0x0, 0x1, 0xff, 0xff, 0xff, 0xff, 0xff,
    0xff, 0xff, 0xa0, 0x0, 0x99, 0x99, 0xcf, 0xe9,
    0x99, 0x99, 0x99, 0x60, 0x0, 0x0, 0x2, 0xfe,
    0x20, 0x5, 0xc2, 0x0, 0x0, 0x0, 0x0, 0x1e,
    0xf3, 0x0, 0x3, 0xee, 0x20, 0x0, 0x0, 0x2,
    0xdf, 0x40, 0x1, 0x23, 0x8f, 0xe1, 0x0, 0x0,
    0x3e, 0xff, 0xef, 0xff, 0xff, 0xff, 0xfc, 0x0,
    0x0, 0x1f, 0xfd, 0xba, 0x97, 0x65, 0x32, 0x9f,
    0x60, 0x0, 0x1, 0x0, 0x0, 0x0, 0x0, 0x0,
    0x5, 0x0,

    /* U+4F46 "但" */
    0x0, 0x0, 0x0, 0x0, 0x0, 0x0, 0x0, 0x0,
    0x0, 0x0, 0x0, 0x9d, 0x10, 0x0, 0x0, 0x0,
    0x0, 0x0, 0x0, 0x1, 0xfc, 0x2f, 0xff, 0xff,
    0xff, 0xfa, 0x0, 0x0, 0x8, 0xf6, 0x2f, 0xd9,
    0x99, 0x9a, 0xfb, 0x0, 0x0, 0xe, 0xe0, 0x2f,
    0x80, 0x0, 0x1, 0xfb, 0x0, 0x0, 0x8f, 0xa0,
    0x2f, 0x80, 0x0, 0x1, 0xfb, 0x0, 0x3, 0xff,
    0xa0, 0x2f, 0x90, 0x0, 0x2, 0xfb, 0x0, 0x2e,
    0xff, 0xa0, 0x2f, 0xff, 0xff, 0xff, 0xfb, 0x0,
    0x3f, 0x8f, 0xa0, 0x2f, 0xc8, 0x88, 0x88, 0xfb,
    0x0, 0x5, 0xf, 0xa0, 0x2f, 0x80, 0x0, 0x1,
    0xfb, 0x0, 0x0, 0xf, 0xa0, 0x2f, 0x80, 0x0,
    0x1, 0xfb, 0x0, 0x0, 0xf, 0xa0, 0x2f, 0xc8,
    0x88, 0x89, 0xfb, 0x0, 0x0, 0xf, 0xa0, 0x2f,
    0xff, 0xff, 0xff, 0xfb, 0x0, 0x0, 0xf, 0xa0,
    0x0, 0x0, 0x0, 0x0, 0x0, 0x0, 0x0, 0xf,
    0xa0, 0x0, 0x0, 0x0, 0x0, 0x0, 0x0, 0x0,
    0xf, 0xa8, 0xff, 0xff, 0xff, 0xff, 0xff, 0xf1,
    0x0, 0xf, 0xa5, 0x99, 0x99, 0x99, 0x99, 0x99,
    0x91,

    /* U+4F4D "位" */
    0x0, 0x0, 0x0, 0x0, 0x0, 0x2, 0x0, 0x0,
    0x0, 0x0, 0x0, 0x4d, 0x40, 0x0, 0xce, 0x0,
    0x0, 0x0, 0x0, 0x0, 0xcf, 0x10, 0x0, 0x7f,
    0x30, 0x0, 0x0, 0x0, 0x4, 0xf9, 0x0, 0x0,
    0x3c, 0x40, 0x0, 0x0, 0x0, 0xc, 0xf1, 0x6f,
    0xff, 0xff, 0xff, 0xff, 0x50, 0x0, 0x6f, 0xc0,
    0x4a, 0xaa, 0xaa, 0xaa, 0xaa, 0x40, 0x2, 0xff,
    0xc0, 0x0, 0x41, 0x0, 0x2, 0x72, 0x0, 0x1e,
    0xff, 0xc0, 0x2, 0xf6, 0x0, 0x7, 0xf4, 0x0,
    0xe, 0x8e, 0xc0, 0x0, 0xf9, 0x0, 0x9, 0xf1,
    0x0, 0x3, 0xe, 0xc0, 0x0, 0xdc, 0x0, 0xc,
    0xe0, 0x0, 0x0, 0xe, 0xc0, 0x0, 0xaf, 0x0,
    0xe, 0xb0, 0x0, 0x0, 0xe, 0xc0, 0x0, 0x8f,
    0x20, 0x1f, 0x80, 0x0, 0x0, 0xe, 0xc0, 0x0,
    0x5f, 0x50, 0x4f, 0x40, 0x0, 0x0, 0xe, 0xc0,
    0x0, 0x3f, 0x60, 0x8f, 0x0, 0x0, 0x0, 0xe,
    0xc0, 0x0, 0x2, 0x0, 0xcc, 0x0, 0x0, 0x0,
    0xe, 0xc2, 0xff, 0xff, 0xff, 0xff, 0xff, 0xf0,
    0x0, 0xe, 0xc1, 0xaa, 0xaa, 0xaa, 0xaa, 0xaa,
    0xa0,

    /* U+4F4E "低" */
    0x0, 0x0, 0x0, 0x0, 0x0, 0x0, 0x0, 0x1,
    0x0, 0x0, 0x0, 0x9f, 0x20, 0x0, 0x3, 0x6b,
    0xfe, 0x20, 0x0, 0x1, 0xfc, 0x7, 0xad, 0xff,
    0xfe, 0xa6, 0x10, 0x0, 0x8, 0xf4, 0x1f, 0xeb,
    0x88, 0xf5, 0x0, 0x0, 0x0, 0xe, 0xc0, 0x1f,
    0x70, 0x3, 0xf6, 0x0, 0x0, 0x0, 0x9f, 0x90,
    0x1f, 0x70, 0x2, 0xf7, 0x0, 0x0, 0x4, 0xff,
    0x90, 0x1f, 0x70, 0x1, 0xf8, 0x0, 0x0, 0x2e,
    0xff, 0x90, 0x1f, 0xc8, 0x88, 0xfc, 0x88, 0x81,
    0x3f, 0x5f, 0x90, 0x1f, 0xff, 0xff, 0xff, 0xff,
    0xf3, 0x5, 0xf, 0x90, 0x1f, 0x80, 0x0, 0xcd,
    0x0, 0x0, 0x0, 0xf, 0x90, 0x1f, 0x70, 0x0,
    0xaf, 0x0, 0x0, 0x0, 0xf, 0x90, 0x1f, 0x70,
    0x0, 0x7f, 0x20, 0x0, 0x0, 0xf, 0x90, 0x1f,
    0x70, 0x0, 0x4f, 0x60, 0x20, 0x0, 0xf, 0x90,
    0x1f, 0x70, 0x6d, 0xf, 0xb0, 0xb6, 0x0, 0xf,
    0x90, 0x1f, 0x95, 0x7f, 0x5a, 0xf5, 0xf5, 0x0,
    0xf, 0x90, 0x8f, 0xff, 0xa9, 0xc2, 0xff, 0xf1,
    0x0, 0xf, 0x90, 0x8c, 0x72, 0x3, 0x80, 0x5c,
    0x70, 0x0, 0x0, 0x0, 0x0, 0x0, 0x0, 0x0,
    0x0, 0x0,

    /* U+4F5C "作" */
    0x0, 0x0, 0x4b, 0x30, 0x9, 0x70, 0x0, 0x0,
    0x0, 0x0, 0x0, 0xcf, 0x10, 0x3f, 0xa0, 0x0,
    0x0, 0x0, 0x0, 0x4, 0xf9, 0x0, 0xaf, 0x40,
    0x0, 0x0, 0x0, 0x0, 0xd, 0xf2, 0x2, 0xff,
    0xff, 0xff, 0xff, 0xf4, 0x0, 0x7f, 0xc0, 0xb,
    0xf9, 0xef, 0x88, 0x88, 0x82, 0x4, 0xff, 0xb0,
    0x7f, 0xa0, 0xbf, 0x0, 0x0, 0x0, 0x2f, 0xff,
    0xb3, 0xfd, 0x10, 0xbf, 0x77, 0x77, 0x60, 0xd,
    0x5e, 0xb0, 0x82, 0x0, 0xbf, 0xff, 0xff, 0xd0,
    0x1, 0xe, 0xb0, 0x0, 0x0, 0xbf, 0x0, 0x0,
    0x0, 0x0, 0xe, 0xb0, 0x0, 0x0, 0xbf, 0x0,
    0x0, 0x0, 0x0, 0xe, 0xb0, 0x0, 0x0, 0xbf,
    0x88, 0x88, 0x81, 0x0, 0xe, 0xb0, 0x0, 0x0,
    0xbf, 0xff, 0xff, 0xf1, 0x0, 0xe, 0xb0, 0x0,
    0x0, 0xbf, 0x0, 0x0, 0x0, 0x0, 0xe, 0xb0,
    0x0, 0x0, 0xbf, 0x0, 0x0, 0x0, 0x0, 0xe,
    0xb0, 0x0, 0x0, 0xbf, 0x0, 0x0, 0x0, 0x0,
    0xe, 0xb0, 0x0, 0x0, 0xbf, 0x0, 0x0, 0x0,
    0x0, 0x0, 0x0, 0x0, 0x0, 0x0, 0x0, 0x0,
    0x0,

    /* U+4F60 "你" */
    0x0, 0x0, 0x69, 0x10, 0x99, 0x0, 0x0, 0x0,
    0x0, 0x0, 0x0, 0xed, 0x1, 0xfb, 0x0, 0x0,
    0x0, 0x0, 0x0, 0x7, 0xf6, 0x6, 0xf6, 0x0,
    0x0, 0x0, 0x0, 0x0, 0xe, 0xe0, 0xb, 0xfa,
    0x99, 0x99, 0x99, 0x92, 0x0, 0x9f, 0x80, 0x3f,
    0xff, 0xff, 0xff, 0xff, 0xf3, 0x4, 0xff, 0x70,
    0xbf, 0x20, 0x1f, 0x90, 0x9, 0xf0, 0x3f, 0xff,
    0x75, 0xf8, 0x0, 0x1f, 0x90, 0xb, 0xc0, 0x3f,
    0x5f, 0x70, 0x70, 0x30, 0x1f, 0x90, 0x44, 0x30,
    0x3, 0x1f, 0x70, 0x4, 0xf7, 0x1f, 0x92, 0xf8,
    0x0, 0x0, 0x1f, 0x70, 0x9, 0xf1, 0x1f, 0x90,
    0xce, 0x0, 0x0, 0x1f, 0x70, 0xe, 0xc0, 0x1f,
    0x90, 0x5f, 0x60, 0x0, 0x1f, 0x70, 0x8f, 0x50,
    0x1f, 0x90, 0xf, 0xb0, 0x0, 0x1f, 0x71, 0xfc,
    0x0, 0x1f, 0x90, 0xb, 0xf0, 0x0, 0x1f, 0x70,
    0x53, 0x0, 0x1f, 0x90, 0x4, 0x50, 0x0, 0x1f,
    0x70, 0x0, 0x1a, 0xbf, 0x80, 0x0, 0x0, 0x0,
    0x1f, 0x70, 0x0, 0xd, 0xfc, 0x20, 0x0, 0x0,
    0x0, 0x0, 0x0, 0x0, 0x0, 0x0, 0x0, 0x0,
    0x0,

    /* U+4FA7 "侧" */
    0x0, 0x0, 0x0, 0x0, 0x0, 0x0, 0x0, 0x0,
    0x0, 0x0, 0xca, 0x0, 0x0, 0x0, 0x0, 0x0,
    0x7e, 0x0, 0x1f, 0x7e, 0xff, 0xff, 0xf6, 0x29,
    0x7, 0xe0, 0x5, 0xf3, 0xe8, 0x33, 0x3f, 0x63,
    0xf1, 0x7e, 0x0, 0xaf, 0xe, 0x62, 0xb0, 0xe6,
    0x3f, 0x17, 0xe0, 0x1f, 0xe0, 0xe6, 0x3f, 0xe,
    0x63, 0xf1, 0x7e, 0x8, 0xfe, 0xe, 0x63, 0xf0,
    0xe6, 0x3f, 0x17, 0xe1, 0xff, 0xe0, 0xe6, 0x3f,
    0xe, 0x63, 0xf1, 0x7e, 0x1e, 0x8e, 0xe, 0x63,
    0xf0, 0xe6, 0x3f, 0x17, 0xe0, 0x26, 0xe0, 0xe6,
    0x3f, 0xe, 0x63, 0xf1, 0x7e, 0x0, 0x6e, 0xe,
    0x63, 0xf0, 0xe6, 0x3f, 0x17, 0xe0, 0x6, 0xe0,
    0xe6, 0x4f, 0xe, 0x63, 0xf1, 0x7e, 0x0, 0x6e,
    0xe, 0x67, 0xd0, 0xe6, 0x3f, 0x17, 0xe0, 0x6,
    0xe0, 0x10, 0xc9, 0x60, 0x0, 0x20, 0x7e, 0x0,
    0x6e, 0x0, 0x6f, 0x3e, 0x90, 0x0, 0x7, 0xe0,
    0x6, 0xe0, 0x7f, 0x60, 0x2f, 0x60, 0x46, 0xbe,
    0x0, 0x6e, 0x1d, 0x40, 0x0, 0x67, 0x6, 0xfe,
    0x70, 0x0, 0x0, 0x0, 0x0, 0x0, 0x0, 0x0,
    0x0,

    /* U+4FDD "保" */
    0x0, 0x0, 0x48, 0x10, 0x0, 0x0, 0x0, 0x0,
    0x0, 0x0, 0x0, 0xde, 0x3f, 0xff, 0xff, 0xff,
    0xff, 0x20, 0x0, 0x5, 0xf7, 0x2f, 0xb7, 0x77,
    0x77, 0xcf, 0x20, 0x0, 0xd, 0xe0, 0x2f, 0x60,
    0x0, 0x0, 0x8f, 0x20, 0x0, 0x8f, 0xa0, 0x2f,
    0x60, 0x0, 0x0, 0x8f, 0x20, 0x5, 0xff, 0xa0,
    0x2f, 0xff, 0xff, 0xff, 0xff, 0x20, 0x3f, 0xef,
    0xa0, 0x18, 0x88, 0xcf, 0xa8, 0x88, 0x10, 0x2f,
    0x4e, 0xa0, 0x0, 0x0, 0x7f, 0x30, 0x0, 0x0,
    0x2, 0xe, 0xa3, 0x77, 0x77, 0xbf, 0x97, 0x77,
    0x70, 0x0, 0xe, 0xa6, 0xff, 0xff, 0xff, 0xff,
    0xff, 0xf1, 0x0, 0xe, 0xa0, 0x0, 0x1c, 0xff,
    0xf8, 0x0, 0x0, 0x0, 0xe, 0xa0, 0x0, 0xaf,
    0xcf, 0xbf, 0x60, 0x0, 0x0, 0xe, 0xa0, 0x9,
    0xf6, 0x7f, 0x3b, 0xf5, 0x0, 0x0, 0xe, 0xa3,
    0xdf, 0x80, 0x7f, 0x30, 0xcf, 0xa0, 0x0, 0xe,
    0xa9, 0xf5, 0x0, 0x7f, 0x30, 0xa, 0xf3, 0x0,
    0xe, 0xa0, 0x10, 0x0, 0x7f, 0x30, 0x0, 0x20,
    0x0, 0x0, 0x0, 0x0, 0x0, 0x0, 0x0, 0x0,
    0x0,

    /* U+4FE1 "信" */
    0x0, 0x0, 0x0, 0x0, 0x0, 0x0, 0x0, 0x0,
    0x0, 0x0, 0x0, 0xba, 0x0, 0x1, 0xd8, 0x0,
    0x0, 0x0, 0x0, 0x2, 0xf8, 0x0, 0x0, 0xbf,
    0x10, 0x0, 0x0, 0x0, 0x9, 0xf3, 0x33, 0x33,
    0x6d, 0x53, 0x33, 0x30, 0x0, 0x1f, 0xb5, 0xff,
    0xff, 0xff, 0xff, 0xff, 0xf0, 0x0, 0x9f, 0x80,
    0x22, 0x22, 0x22, 0x22, 0x22, 0x20, 0x3, 0xff,
    0x80, 0x6, 0x66, 0x66, 0x66, 0x64, 0x0, 0x1d,
    0xff, 0x80, 0xe, 0xee, 0xee, 0xee, 0xea, 0x0,
    0x2f, 0x5f, 0x80, 0x1, 0x11, 0x11, 0x11, 0x10,
    0x0, 0x2, 0xf, 0x80, 0xf, 0xff, 0xff, 0xff,
    0xfa, 0x0, 0x0, 0xf, 0x80, 0x4, 0x44, 0x44,
    0x44, 0x42, 0x0, 0x0, 0xf, 0x80, 0x16, 0x66,
    0x66, 0x66, 0x65, 0x0, 0x0, 0xf, 0x80, 0x4f,
    0xff, 0xff, 0xff, 0xfe, 0x0, 0x0, 0xf, 0x80,
    0x4f, 0x10, 0x0, 0x0, 0x9e, 0x0, 0x0, 0xf,
    0x80, 0x4f, 0x10, 0x0, 0x0, 0x9e, 0x0, 0x0,
    0xf, 0x80, 0x4f, 0x76, 0x66, 0x66, 0xbe, 0x0,
    0x0, 0xf, 0x80, 0x4f, 0xff, 0xff, 0xff, 0xec,
    0x0,

    /* U+5019 "候" */
    0x0, 0x0, 0x93, 0x0, 0x0, 0x0, 0x0, 0x0,
    0x0, 0x0, 0x6, 0xf5, 0x0, 0x9f, 0xff, 0xff,
    0xfa, 0x0, 0x0, 0xd, 0xe0, 0x0, 0x36, 0x66,
    0x67, 0xf8, 0x0, 0x0, 0x3f, 0x62, 0x50, 0x0,
    0x0, 0x5, 0xf6, 0x0, 0x0, 0xbf, 0x18, 0xe7,
    0xff, 0xff, 0xff, 0xff, 0xf3, 0x4, 0xff, 0x18,
    0xe2, 0x5c, 0xa5, 0x55, 0x55, 0x51, 0x1e, 0xff,
    0x18, 0xe0, 0x1f, 0x90, 0x0, 0x0, 0x0, 0x4f,
    0xdf, 0x18, 0xe0, 0x7f, 0xff, 0xff, 0xff, 0xb0,
    0x7, 0x8f, 0x18, 0xe2, 0xfb, 0x5b, 0xf6, 0x55,
    0x40, 0x0, 0x8f, 0x18, 0xe5, 0xe1, 0x8, 0xf1,
    0x0, 0x0, 0x0, 0x8f, 0x18, 0xe3, 0x98, 0x8c,
    0xf9, 0x88, 0x82, 0x0, 0x8f, 0x18, 0xe6, 0xdd,
    0xdf, 0xfe, 0xdd, 0xd3, 0x0, 0x8f, 0x17, 0xe0,
    0x0, 0x2f, 0xfa, 0x0, 0x0, 0x0, 0x8f, 0x10,
    0x0, 0x3, 0xee, 0x8f, 0xa1, 0x0, 0x0, 0x8f,
    0x10, 0x4, 0xaf, 0xd2, 0x6, 0xff, 0xa2, 0x0,
    0x8f, 0x10, 0x9, 0xc6, 0x0, 0x0, 0x18, 0xc1,
    0x0, 0x0, 0x0, 0x0, 0x0, 0x0, 0x0, 0x0,
    0x0,

    /* U+5047 "假" */
    0x0, 0x5, 0x70, 0x0, 0x0, 0x0, 0x0, 0x0,
    0x0, 0x0, 0xc, 0xd7, 0xff, 0xff, 0x89, 0xff,
    0xff, 0x70, 0x0, 0x2f, 0x97, 0xf7, 0x6f, 0x84,
    0x66, 0x7f, 0x70, 0x0, 0x7f, 0x47, 0xf1, 0xe,
    0x80, 0x0, 0x1f, 0x70, 0x0, 0xdf, 0x17, 0xf1,
    0xe, 0x80, 0x0, 0x1f, 0x70, 0x6, 0xff, 0x17,
    0xfe, 0xef, 0x89, 0xff, 0xff, 0x70, 0x1e, 0xff,
    0x17, 0xf8, 0x77, 0x34, 0x66, 0x66, 0x30, 0x2f,
    0xdf, 0x17, 0xf1, 0x0, 0x16, 0x66, 0x67, 0x30,
    0x4, 0x8f, 0x17, 0xff, 0xff, 0x5e, 0xfe, 0xef,
    0x80, 0x0, 0x8f, 0x17, 0xf7, 0x66, 0x1b, 0xa0,
    0x3f, 0x40, 0x0, 0x8f, 0x17, 0xf1, 0x0, 0x6,
    0xf1, 0x9f, 0x0, 0x0, 0x8f, 0x17, 0xf7, 0x77,
    0x21, 0xf9, 0xf8, 0x0, 0x0, 0x8f, 0x17, 0xff,
    0xff, 0x50, 0x8f, 0xe1, 0x0, 0x0, 0x8f, 0x17,
    0xf1, 0x0, 0x1, 0xbf, 0xe3, 0x0, 0x0, 0x8f,
    0x17, 0xf1, 0x2, 0x8e, 0xd5, 0xcf, 0x81, 0x0,
    0x8f, 0x17, 0xf1, 0x6, 0xd6, 0x0, 0x7, 0xc1,
    0x0, 0x0, 0x0, 0x0, 0x0, 0x0, 0x0, 0x0,
    0x0,

    /* U+504F "偏" */
    0x0, 0x0, 0x0, 0x0, 0x0, 0x0, 0x0, 0x0,
    0x0, 0x0, 0x6, 0xd2, 0x0, 0x8, 0xf1, 0x0,
    0x0, 0x0, 0x0, 0xee, 0x23, 0x33, 0x6f, 0x83,
    0x33, 0x20, 0x0, 0x6f, 0x69, 0xff, 0xff, 0xff,
    0xff, 0xfa, 0x0, 0xd, 0xe0, 0x9f, 0x22, 0x22,
    0x22, 0x3f, 0xa0, 0x7, 0xf9, 0x9, 0xe0, 0x0,
    0x0, 0x1, 0xfa, 0x3, 0xff, 0x90, 0x9f, 0xff,
    0xff, 0xff, 0xff, 0xa1, 0xef, 0xf9, 0xa, 0xf6,
    0x66, 0x66, 0x66, 0x64, 0x3f, 0x7f, 0x90, 0xae,
    0x55, 0x55, 0x55, 0x55, 0x50, 0x60, 0xf9, 0xb,
    0xdf, 0xff, 0xff, 0xff, 0xfe, 0x0, 0xf, 0x90,
    0xcb, 0xf7, 0x3d, 0xf, 0x6, 0xe0, 0x0, 0xf9,
    0xe, 0xaf, 0x73, 0xd0, 0xf0, 0x6e, 0x0, 0xf,
    0x90, 0xf7, 0xff, 0xff, 0xff, 0xff, 0xe0, 0x0,
    0xf9, 0x3f, 0x4f, 0xa7, 0xe6, 0xf5, 0x9e, 0x0,
    0xf, 0x98, 0xf1, 0xf7, 0x3d, 0xf, 0x6, 0xe0,
    0x0, 0xf9, 0xdc, 0xf, 0x73, 0xd0, 0xf5, 0xad,
    0x0, 0xf, 0x97, 0x60, 0xe6, 0x3d, 0xf, 0x7d,
    0x70, 0x0, 0x0, 0x0, 0x0, 0x0, 0x10, 0x0,
    0x0,

    /* U+505A "做" */
    0x0, 0x0, 0x0, 0x0, 0x0, 0x0, 0x10, 0x0,
    0x0, 0x0, 0x2, 0xf7, 0xa, 0xb0, 0x0, 0xdc,
    0x0, 0x0, 0x0, 0x9, 0xf3, 0xa, 0xb0, 0x0,
    0xf9, 0x0, 0x0, 0x0, 0xf, 0xc0, 0xa, 0xb0,
    0x4, 0xf6, 0x0, 0x0, 0x0, 0x6f, 0x67, 0x7d,
    0xd7, 0x67, 0xf9, 0x77, 0x71, 0x0, 0xef, 0x1f,
    0xff, 0xff, 0xdb, 0xfe, 0xff, 0xf3, 0x8, 0xff,
    0x10, 0xa, 0xb0, 0x2f, 0xb0, 0x2f, 0x50, 0x4f,
    0xff, 0x10, 0xa, 0xb0, 0x9f, 0xd0, 0x5f, 0x20,
    0x8f, 0x9f, 0x10, 0xa, 0xb0, 0xee, 0xf0, 0x7f,
    0x0, 0x15, 0x7f, 0x18, 0xff, 0xff, 0xc3, 0xf4,
    0xbc, 0x0, 0x0, 0x7f, 0x18, 0xf6, 0x6f, 0x80,
    0xda, 0xf7, 0x0, 0x0, 0x7f, 0x18, 0xe0, 0xe,
    0x80, 0x8f, 0xf1, 0x0, 0x0, 0x7f, 0x18, 0xe0,
    0xe, 0x80, 0x3f, 0xc0, 0x0, 0x0, 0x7f, 0x18,
    0xe0, 0xe, 0x80, 0x8f, 0xe0, 0x0, 0x0, 0x7f,
    0x18, 0xff, 0xff, 0x84, 0xfc, 0xfa, 0x0, 0x0,
    0x7f, 0x18, 0xf7, 0x77, 0xbf, 0xa0, 0x6f, 0xa0,
    0x0, 0x7f, 0x15, 0x90, 0x2, 0xd6, 0x0, 0x5,
    0xc1,

    /* U+505C "停" */
    0x0, 0x0, 0x0, 0x0, 0x0, 0x0, 0x0, 0x0,
    0x0, 0x0, 0x0, 0x6a, 0x10, 0x0, 0x5e, 0x40,
    0x0, 0x0, 0x0, 0x0, 0xed, 0x66, 0x66, 0x8f,
    0xc6, 0x66, 0x62, 0x0, 0x5, 0xf6, 0xdf, 0xff,
    0xff, 0xff, 0xff, 0xf4, 0x0, 0xd, 0xe0, 0x2,
    0x33, 0x33, 0x33, 0x32, 0x0, 0x0, 0x6f, 0x80,
    0xb, 0xff, 0xff, 0xff, 0xfe, 0x0, 0x2, 0xff,
    0x70, 0xb, 0xe0, 0x0, 0x0, 0xbe, 0x0, 0x1d,
    0xff, 0x70, 0xb, 0xfe, 0xee, 0xee, 0xfe, 0x0,
    0xd, 0x8f, 0x70, 0x2, 0x22, 0x22, 0x22, 0x22,
    0x0, 0x2, 0x1f, 0x73, 0xff, 0xff, 0xff, 0xff,
    0xff, 0xf5, 0x0, 0x1f, 0x73, 0xf8, 0x66, 0x66,
    0x66, 0x67, 0xf5, 0x0, 0x1f, 0x73, 0xf5, 0x44,
    0x44, 0x44, 0x45, 0xf5, 0x0, 0x1f, 0x70, 0x19,
    0xff, 0xff, 0xff, 0xf9, 0x10, 0x0, 0x1f, 0x70,
    0x0, 0x0, 0x1f, 0xa0, 0x0, 0x0, 0x0, 0x1f,
    0x70, 0x0, 0x0, 0x1f, 0x90, 0x0, 0x0, 0x0,
    0x1f, 0x70, 0x0, 0x57, 0x8f, 0x90, 0x0, 0x0,
    0x0, 0x1f, 0x70, 0x0, 0x7f, 0xec, 0x30, 0x0,
    0x0,

    /* U+5148 "先" */
    0x0, 0x0, 0x76, 0x0, 0xce, 0x0, 0x0, 0x0,
    0x0, 0x0, 0x1, 0xfb, 0x0, 0xce, 0x0, 0x0,
    0x0, 0x0, 0x0, 0x6, 0xfc, 0x88, 0xef, 0x88,
    0x88, 0x85, 0x0, 0x0, 0xc, 0xff, 0xff, 0xff,
    0xff, 0xff, 0xf9, 0x0, 0x0, 0x6f, 0x80, 0x0,
    0xde, 0x0, 0x0, 0x0, 0x0, 0x0, 0xee, 0x0,
    0x0, 0xce, 0x0, 0x0, 0x0, 0x0, 0x0, 0x45,
    0x0, 0x0, 0xce, 0x0, 0x0, 0x0, 0x0, 0x7,
    0x99, 0x99, 0x99, 0xef, 0x99, 0x99, 0x99, 0x80,
    0xd, 0xff, 0xff, 0xff, 0xff, 0xff, 0xff, 0xff,
    0xe0, 0x0, 0x0, 0x7, 0xf5, 0x0, 0x9f, 0x20,
    0x0, 0x0, 0x0, 0x0, 0xa, 0xf1, 0x0, 0x9f,
    0x10, 0x0, 0x0, 0x0, 0x0, 0xe, 0xd0, 0x0,
    0x9f, 0x10, 0x0, 0x0, 0x0, 0x0, 0x7f, 0x70,
    0x0, 0x9f, 0x10, 0x6, 0xb0, 0x0, 0x7, 0xfd,
    0x0, 0x0, 0x9f, 0x10, 0x8, 0xf0, 0x5, 0xcf,
    0xe1, 0x0, 0x0, 0x8f, 0xb9, 0x9e, 0xd0, 0xa,
    0xfa, 0x10, 0x0, 0x0, 0x2d, 0xff, 0xfe, 0x50,
    0x1, 0x20, 0x0, 0x0, 0x0, 0x0, 0x0, 0x0,
    0x0,

    /* U+5149 "光" */
    0x0, 0x1, 0x0, 0x0, 0xec, 0x0, 0x0, 0x30,
    0x0, 0x0, 0x4f, 0x50, 0x0, 0xec, 0x0, 0x4,
    0xf9, 0x0, 0x0, 0xe, 0xe0, 0x0, 0xec, 0x0,
    0xb, 0xf2, 0x0, 0x0, 0x6, 0xf7, 0x0, 0xec,
    0x0, 0x3f, 0x90, 0x0, 0x0, 0x0, 0xfd, 0x0,
    0xec, 0x0, 0xce, 0x10, 0x0, 0x0, 0x0, 0x53,
    0x0, 0xec, 0x0, 0x34, 0x0, 0x0, 0x8, 0x88,
    0x88, 0x88, 0xfe, 0x88, 0x88, 0x88, 0x80, 0xf,
    0xff, 0xff, 0xff, 0xff, 0xff, 0xff, 0xff, 0xf0,
    0x0, 0x0, 0x7, 0xf6, 0x0, 0xaf, 0x10, 0x0,
    0x0, 0x0, 0x0, 0x9, 0xf3, 0x0, 0x9f, 0x10,
    0x0, 0x0, 0x0, 0x0, 0xd, 0xf0, 0x0, 0x9f,
    0x10, 0x0, 0x0, 0x0, 0x0, 0x3f, 0xa0, 0x0,
    0x9f, 0x10, 0x1, 0x10, 0x0, 0x1, 0xdf, 0x40,
    0x0, 0x9f, 0x10, 0x5, 0xf2, 0x0, 0x2d, 0xfa,
    0x0, 0x0, 0x9f, 0x10, 0x6, 0xf1, 0x2b, 0xff,
    0x90, 0x0, 0x0, 0x8f, 0xb9, 0x9d, 0xe0, 0xb,
    0xb4, 0x0, 0x0, 0x0, 0x2d, 0xff, 0xfe, 0x60,
    0x0, 0x0, 0x0, 0x0, 0x0, 0x0, 0x0, 0x0,
    0x0,

    /* U+514B "克" */
    0x0, 0x0, 0x0, 0x0, 0xbf, 0x0, 0x0, 0x0,
    0x0, 0x3, 0x77, 0x77, 0x77, 0xdf, 0x77, 0x77,
    0x77, 0x60, 0x8, 0xff, 0xff, 0xff, 0xff, 0xff,
    0xff, 0xff, 0xe0, 0x0, 0x0, 0x0, 0x0, 0xbf,
    0x0, 0x0, 0x0, 0x0, 0x0, 0x1, 0x22, 0x22,
    0xcf, 0x22, 0x22, 0x20, 0x0, 0x0, 0x9, 0xff,
    0xff, 0xff, 0xff, 0xff, 0xf0, 0x0, 0x0, 0x9,
    0xf5, 0x55, 0x55, 0x55, 0x5c, 0xf0, 0x0, 0x0,
    0x9, 0xf0, 0x0, 0x0, 0x0, 0xa, 0xf0, 0x0,
    0x0, 0x9, 0xf3, 0x22, 0x22, 0x22, 0x2b, 0xf0,
    0x0, 0x0, 0x9, 0xff, 0xff, 0xff, 0xff, 0xff,
    0xf0, 0x0, 0x0, 0x2, 0x45, 0xfc, 0x44, 0xdf,
    0x44, 0x40, 0x0, 0x0, 0x0, 0x4, 0xf8, 0x0,
    0xce, 0x0, 0x0, 0x0, 0x0, 0x0, 0xc, 0xf3,
    0x0, 0xce, 0x0, 0x2, 0xb2, 0x0, 0x2, 0xbf,
    0xa0, 0x0, 0xce, 0x0, 0x4, 0xf4, 0x6, 0xbf,
    0xfa, 0x0, 0x0, 0xbf, 0xa9, 0x9c, 0xf1, 0x9,
    0xfb, 0x40, 0x0, 0x0, 0x4e, 0xff, 0xff, 0x80,
    0x0, 0x0, 0x0, 0x0, 0x0, 0x0, 0x0, 0x0,
    0x0,

    /* U+5165 "入" */
    0x0, 0x0, 0x1, 0x80, 0x0, 0x0, 0x0, 0x0,
    0x0, 0x0, 0x0, 0x9, 0xfa, 0x0, 0x0, 0x0,
    0x0, 0x0, 0x0, 0x0, 0x0, 0xbf, 0x90, 0x0,
    0x0, 0x0, 0x0, 0x0, 0x0, 0x0, 0xc, 0xf6,
    0x0, 0x0, 0x0, 0x0, 0x0, 0x0, 0x0, 0x1,
    0xfe, 0x10, 0x0, 0x0, 0x0, 0x0, 0x0, 0x0,
    0x4, 0xff, 0x90, 0x0, 0x0, 0x0, 0x0, 0x0,
    0x0, 0x9, 0xff, 0xf2, 0x0, 0x0, 0x0, 0x0,
    0x0, 0x0, 0xe, 0xf4, 0xfb, 0x0, 0x0, 0x0,
    0x0, 0x0, 0x0, 0x5f, 0xa0, 0xaf, 0x50, 0x0,
    0x0, 0x0, 0x0, 0x0, 0xdf, 0x40, 0x2f, 0xe0,
    0x0, 0x0, 0x0, 0x0, 0x6, 0xfb, 0x0, 0x9,
    0xf8, 0x0, 0x0, 0x0, 0x0, 0x3f, 0xf2, 0x0,
    0x1, 0xff, 0x30, 0x0, 0x0, 0x2, 0xef, 0x70,
    0x0, 0x0, 0x6f, 0xe2, 0x0, 0x0, 0x4e, 0xf9,
    0x0, 0x0, 0x0, 0x9, 0xfe, 0x40, 0x9, 0xff,
    0xa0, 0x0, 0x0, 0x0, 0x0, 0xaf, 0xf2, 0x8,
    0xf6, 0x0, 0x0, 0x0, 0x0, 0x0, 0x7, 0xc0,
    0x0, 0x10, 0x0, 0x0, 0x0, 0x0, 0x0, 0x0,
    0x0,

    /* U+5168 "全" */
    0x0, 0x0, 0x0, 0x0, 0x0, 0x0, 0x0, 0x0,
    0x0, 0x0, 0x0, 0x0, 0x0, 0x9e, 0x30, 0x0,
    0x0, 0x0, 0x0, 0x0, 0x0, 0x5, 0xff, 0xa0,
    0x0, 0x0, 0x0, 0x0, 0x0, 0x0, 0x5f, 0xc8,
    0xfa, 0x0, 0x0, 0x0, 0x0, 0x0, 0x7, 0xfc,
    0x10, 0x6f, 0xc1, 0x0, 0x0, 0x0, 0x1, 0xbf,
    0xc1, 0x0, 0x6, 0xfe, 0x60, 0x0, 0x0, 0x7e,
    0xf8, 0x0, 0x0, 0x0, 0x3d, 0xfc, 0x30, 0x1e,
    0xff, 0xc8, 0x88, 0x88, 0x88, 0x89, 0xff, 0xf7,
    0x6, 0x83, 0xff, 0xff, 0xff, 0xff, 0xff, 0xb4,
    0xc1, 0x0, 0x0, 0x0, 0x0, 0xaf, 0x10, 0x0,
    0x0, 0x0, 0x0, 0x0, 0x0, 0x0, 0xaf, 0x10,
    0x0, 0x0, 0x0, 0x0, 0x0, 0x77, 0x77, 0xdf,
    0x87, 0x77, 0x50, 0x0, 0x0, 0x0, 0xff, 0xff,
    0xff, 0xff, 0xff, 0xa0, 0x0, 0x0, 0x0, 0x0,
    0x0, 0xaf, 0x10, 0x0, 0x0, 0x0, 0x0, 0x0,
    0x0, 0x0, 0xaf, 0x10, 0x0, 0x0, 0x0, 0x2,
    0x77, 0x77, 0x77, 0xdf, 0x87, 0x77, 0x77, 0x70,
    0x5, 0xff, 0xff, 0xff, 0xff, 0xff, 0xff, 0xff,
    0xe0,

    /* U+516C "公" */
    0x0, 0x0, 0x4, 0x61, 0x0, 0x18, 0x40, 0x0,
    0x0, 0x0, 0x0, 0xe, 0xf2, 0x0, 0x2f, 0xd0,
    0x0, 0x0, 0x0, 0x0, 0x7f, 0x90, 0x0, 0x8,
    0xf7, 0x0, 0x0, 0x0, 0x1, 0xff, 0x10, 0x0,
    0x0, 0xdf, 0x30, 0x0, 0x0, 0xa, 0xf8, 0x0,
    0x0, 0x0, 0x4f, 0xe1, 0x0, 0x0, 0x7f, 0xd0,
    0x0, 0x82, 0x0, 0x8, 0xfd, 0x10, 0x7, 0xff,
    0x20, 0x7, 0xfb, 0x0, 0x0, 0xbf, 0xd1, 0x8,
    0xf4, 0x0, 0x1e, 0xf2, 0x0, 0x0, 0xc, 0xa0,
    0x0, 0x10, 0x0, 0x9f, 0x80, 0x0, 0x0, 0x0,
    0x0, 0x0, 0x0, 0x3, 0xfe, 0x0, 0x3, 0x60,
    0x0, 0x0, 0x0, 0x0, 0xd, 0xf4, 0x0, 0xd,
    0xf4, 0x0, 0x0, 0x0, 0x0, 0x9f, 0x70, 0x0,
    0x3, 0xfe, 0x10, 0x0, 0x0, 0x6, 0xfb, 0x0,
    0x0, 0x12, 0x9f, 0xb0, 0x0, 0x0, 0x7f, 0xfd,
    0xde, 0xff, 0xff, 0xff, 0xf6, 0x0, 0x0, 0x6f,
    0xff, 0xec, 0xba, 0x98, 0x66, 0xff, 0x10, 0x0,
    0x3, 0x10, 0x0, 0x0, 0x0, 0x0, 0x8f, 0x50,
    0x0, 0x0, 0x0, 0x0, 0x0, 0x0, 0x0, 0x1,
    0x0,

    /* U+5171 "共" */
    0x0, 0x0, 0xf, 0xa0, 0x0, 0xa, 0xf1, 0x0,
    0x0, 0x0, 0x0, 0xf, 0xa0, 0x0, 0xa, 0xf1,
    0x0, 0x0, 0x0, 0x0, 0xf, 0xa0, 0x0, 0xa,
    0xf1, 0x0, 0x0, 0x3, 0x99, 0x9f, 0xd9, 0x99,
    0x9d, 0xf9, 0x99, 0x40, 0x5, 0xff, 0xff, 0xff,
    0xff, 0xff, 0xff, 0xff, 0x80, 0x0, 0x0, 0x1f,
    0xb0, 0x0, 0xa, 0xf1, 0x0, 0x0, 0x0, 0x0,
    0xf, 0xa0, 0x0, 0xa, 0xf1, 0x0, 0x0, 0x0,
    0x0, 0xf, 0xa0, 0x0, 0xa, 0xf1, 0x0, 0x0,
    0x0, 0x0, 0xf, 0xa0, 0x0, 0xa, 0xf1, 0x0,
    0x0, 0xf, 0xff, 0xff, 0xff, 0xff, 0xff, 0xff,
    0xff, 0xf1, 0xa, 0xaa, 0xaa, 0xaa, 0xaa, 0xaa,
    0xaa, 0xaa, 0xa1, 0x0, 0x0, 0x3, 0x20, 0x0,
    0x4, 0x20, 0x0, 0x0, 0x0, 0x0, 0x3e, 0xf3,
    0x0, 0x3f, 0xe5, 0x0, 0x0, 0x0, 0x5, 0xff,
    0x40, 0x0, 0x3, 0xef, 0x80, 0x0, 0x1, 0xaf,
    0xe3, 0x0, 0x0, 0x0, 0x1c, 0xfb, 0x10, 0x8,
    0xfb, 0x10, 0x0, 0x0, 0x0, 0x0, 0xbf, 0x80,
    0x0, 0x30, 0x0, 0x0, 0x0, 0x0, 0x0, 0x3,
    0x0,

    /* U+5173 "关" */
    0x0, 0x0, 0x0, 0x0, 0x0, 0x0, 0x10, 0x0,
    0x0, 0x0, 0x0, 0x9e, 0x10, 0x0, 0x0, 0xaf,
    0x40, 0x0, 0x0, 0x0, 0x4f, 0xa0, 0x0, 0x2,
    0xfc, 0x0, 0x0, 0x0, 0x0, 0xb, 0xf2, 0x0,
    0xa, 0xf3, 0x0, 0x0, 0x0, 0x49, 0x9b, 0xd9,
    0x99, 0xaf, 0xe9, 0x99, 0x0, 0x0, 0x7f, 0xff,
    0xff, 0xff, 0xff, 0xff, 0xff, 0x0, 0x0, 0x0,
    0x0, 0x0, 0xcf, 0x30, 0x0, 0x0, 0x0, 0x0,
    0x0, 0x0, 0x0, 0xbf, 0x20, 0x0, 0x0, 0x0,
    0x0, 0x0, 0x0, 0x0, 0xcf, 0x20, 0x0, 0x0,
    0x0, 0x9, 0xff, 0xff, 0xff, 0xff, 0xff, 0xff,
    0xff, 0xe0, 0x7, 0xbb, 0xbb, 0xbc, 0xff, 0xeb,
    0xbb, 0xbb, 0xa0, 0x0, 0x0, 0x0, 0x8, 0xff,
    0xf2, 0x0, 0x0, 0x0, 0x0, 0x0, 0x0, 0x4f,
    0xf6, 0xfd, 0x10, 0x0, 0x0, 0x0, 0x0, 0x5,
    0xff, 0x70, 0x7f, 0xd2, 0x0, 0x0, 0x0, 0x3,
    0xbf, 0xf7, 0x0, 0x8, 0xff, 0x91, 0x0, 0x6,
    0xcf, 0xfd, 0x30, 0x0, 0x0, 0x6e, 0xff, 0xb2,
    0x7, 0xfc, 0x50, 0x0, 0x0, 0x0, 0x1, 0x8e,
    0xc0, 0x0, 0x20, 0x0, 0x0, 0x0, 0x0, 0x0,
    0x0, 0x0,

    /* U+5185 "内" */
    0x0, 0x0, 0x0, 0xb, 0xf0, 0x0, 0x0, 0x0,
    0x0, 0x0, 0x0, 0xb, 0xf0, 0x0, 0x0, 0x0,
    0x0, 0x0, 0x0, 0xb, 0xf0, 0x0, 0x0, 0x0,
    0x1f, 0xff, 0xff, 0xff, 0xff, 0xff, 0xff, 0xf5,
    0x1f, 0xd9, 0x99, 0x9e, 0xf9, 0x99, 0x9b, 0xf5,
    0x1f, 0x90, 0x0, 0xd, 0xd0, 0x0, 0x5, 0xf5,
    0x1f, 0x90, 0x0, 0xf, 0xc0, 0x0, 0x5, 0xf5,
    0x1f, 0x90, 0x0, 0x5f, 0xf9, 0x0, 0x5, 0xf5,
    0x1f, 0x90, 0x0, 0xdf, 0x9f, 0xa0, 0x5, 0xf5,
    0x1f, 0x90, 0xa, 0xf7, 0x8, 0xfb, 0x5, 0xf5,
    0x1f, 0x91, 0xbf, 0xa0, 0x0, 0x8f, 0xb5, 0xf5,
    0x1f, 0x9c, 0xf8, 0x0, 0x0, 0x9, 0xd7, 0xf5,
    0x1f, 0x91, 0x30, 0x0, 0x0, 0x0, 0x5, 0xf5,
    0x1f, 0x90, 0x0, 0x0, 0x0, 0x0, 0x5, 0xf5,
    0x1f, 0x90, 0x0, 0x0, 0x0, 0x3a, 0xad, 0xf3,
    0x1f, 0x90, 0x0, 0x0, 0x0, 0x1f, 0xfe, 0x90,

    /* U+518D "再" */
    0x6, 0xff, 0xff, 0xff, 0xff, 0xff, 0xff, 0xff,
    0xc0, 0x3, 0x88, 0x88, 0x88, 0xdf, 0x88, 0x88,
    0x88, 0x60, 0x0, 0x0, 0x0, 0x0, 0xbf, 0x0,
    0x0, 0x0, 0x0, 0x0, 0xf, 0xff, 0xff, 0xff,
    0xff, 0xff, 0xf5, 0x0, 0x0, 0xf, 0xd7, 0x77,
    0xdf, 0x77, 0x7a, 0xf5, 0x0, 0x0, 0xf, 0xa0,
    0x0, 0xbe, 0x0, 0x4, 0xf5, 0x0, 0x0, 0xf,
    0xd7, 0x77, 0xdf, 0x77, 0x7a, 0xf5, 0x0, 0x0,
    0xf, 0xff, 0xff, 0xff, 0xff, 0xff, 0xf5, 0x0,
    0x0, 0xf, 0xa0, 0x0, 0xbe, 0x0, 0x4, 0xf5,
    0x0, 0x7, 0x7f, 0xd7, 0x77, 0xdf, 0x77, 0x7a,
    0xfa, 0x73, 0x1f, 0xff, 0xff, 0xff, 0xff, 0xff,
    0xff, 0xff, 0xf7, 0x0, 0xf, 0xa0, 0x0, 0x0,
    0x0, 0x5, 0xf6, 0x0, 0x0, 0xf, 0xa0, 0x0,
    0x0, 0x0, 0x4, 0xf5, 0x0, 0x0, 0xf, 0xa0,
    0x0, 0x0, 0x19, 0x8b, 0xf4, 0x0, 0x0, 0xf,
    0xa0, 0x0, 0x0, 0xd, 0xfe, 0xa0, 0x0,

    /* U+51B3 "决" */
    0x1, 0x10, 0x0, 0x0, 0x2, 0xf8, 0x0, 0x0,
    0x0, 0x1e, 0xc0, 0x0, 0x0, 0x2, 0xf8, 0x0,
    0x0, 0x0, 0x5, 0xfa, 0x0, 0x48, 0x89, 0xfc,
    0x88, 0x83, 0x0, 0x0, 0x9f, 0x60, 0x8f, 0xff,
    0xff, 0xff, 0xf7, 0x0, 0x0, 0xc, 0x60, 0x0,
    0x3, 0xf9, 0x2, 0xf7, 0x0, 0x0, 0x0, 0x0,
    0x0, 0x2, 0xf8, 0x1, 0xf7, 0x0, 0x0, 0x0,
    0x0, 0x0, 0x2, 0xf8, 0x1, 0xf7, 0x0, 0x0,
    0x0, 0x0, 0x0, 0x3, 0xf7, 0x1, 0xf7, 0x0,
    0x0, 0x1, 0x9, 0xff, 0xff, 0xff, 0xff, 0xff,
    0xf1, 0x0, 0xc, 0x75, 0x99, 0x9d, 0xff, 0xc9,
    0x99, 0x90, 0x0, 0x4f, 0x70, 0x0, 0xd, 0xee,
    0xc0, 0x0, 0x0, 0x0, 0xcf, 0x0, 0x0, 0x5f,
    0x87, 0xf3, 0x0, 0x0, 0x5, 0xf8, 0x0, 0x1,
    0xee, 0x11, 0xfe, 0x10, 0x0, 0xd, 0xf1, 0x0,
    0x2e, 0xf5, 0x0, 0x6f, 0xc1, 0x0, 0x4f, 0x80,
    0x8, 0xff, 0x60, 0x0, 0x8, 0xfe, 0x70, 0x4,
    0x0, 0x4f, 0xd4, 0x0, 0x0, 0x0, 0x6e, 0xc0,
    0x0, 0x0, 0x3, 0x0, 0x0, 0x0, 0x0, 0x1,
    0x10,

    /* U+51B7 "冷" */
    0x0, 0x0, 0x0, 0x0, 0x0, 0x20, 0x0, 0x0,
    0x0, 0x1, 0x30, 0x0, 0x0, 0x0, 0xee, 0x0,
    0x0, 0x0, 0xe, 0xe1, 0x0, 0x0, 0x8, 0xff,
    0x50, 0x0, 0x0, 0x5, 0xfa, 0x0, 0x0, 0x5f,
    0xcc, 0xf2, 0x0, 0x0, 0x0, 0xbf, 0x30, 0x4,
    0xfe, 0x11, 0xee, 0x20, 0x0, 0x0, 0x4f, 0x70,
    0x5f, 0xf3, 0x10, 0x3f, 0xe3, 0x0, 0x0, 0x1,
    0x9, 0xfe, 0x44, 0xf6, 0x4, 0xff, 0x80, 0x0,
    0x0, 0x3f, 0xc1, 0x0, 0xbf, 0x30, 0x4e, 0xc0,
    0x0, 0x0, 0x3, 0x0, 0x0, 0x17, 0x0, 0x2,
    0x10, 0x0, 0x5, 0x10, 0x8f, 0xff, 0xff, 0xff,
    0xf8, 0x0, 0x0, 0x2f, 0xa0, 0x59, 0x99, 0x99,
    0x9e, 0xf6, 0x0, 0x0, 0x8f, 0x40, 0x0, 0x0,
    0x0, 0x5f, 0xb0, 0x0, 0x0, 0xee, 0x0, 0x0,
    0x30, 0x3, 0xfd, 0x10, 0x0, 0x5, 0xf8, 0x0,
    0x2, 0xfd, 0x6f, 0xe2, 0x0, 0x0, 0xc, 0xf2,
    0x0, 0x0, 0x3d, 0xff, 0x20, 0x0, 0x0, 0x2f,
    0xb0, 0x0, 0x0, 0x0, 0xaf, 0xc1, 0x0, 0x0,
    0x0, 0x10, 0x0, 0x0, 0x0, 0x6, 0xf5, 0x0,
    0x0, 0x0, 0x0, 0x0, 0x0, 0x0, 0x0, 0x10,
    0x0, 0x0,

    /* U+5206 "分" */
    0x0, 0x0, 0x6, 0xc3, 0x0, 0x1b, 0x70, 0x0,
    0x0, 0x0, 0x0, 0xe, 0xf1, 0x0, 0xc, 0xf1,
    0x0, 0x0, 0x0, 0x0, 0x6f, 0x90, 0x0, 0x3,
    0xfb, 0x0, 0x0, 0x0, 0x1, 0xff, 0x10, 0x0,
    0x0, 0xaf, 0x70, 0x0, 0x0, 0xc, 0xf5, 0x0,
    0x0, 0x0, 0xd, 0xf4, 0x0, 0x0, 0xbf, 0x90,
    0x0, 0x0, 0x0, 0x2, 0xff, 0x40, 0xc, 0xff,
    0xa9, 0x99, 0x99, 0x99, 0x99, 0xcf, 0xf1, 0x5,
    0xc8, 0xff, 0xff, 0xff, 0xff, 0xff, 0xa6, 0x60,
    0x0, 0x0, 0x0, 0x6f, 0x60, 0x0, 0x3f, 0x90,
    0x0, 0x0, 0x0, 0x0, 0x9f, 0x20, 0x0, 0x3f,
    0x80, 0x0, 0x0, 0x0, 0x0, 0xee, 0x0, 0x0,
    0x4f, 0x70, 0x0, 0x0, 0x0, 0x6, 0xf8, 0x0,
    0x0, 0x5f, 0x60, 0x0, 0x0, 0x0, 0x3f, 0xf1,
    0x0, 0x0, 0x7f, 0x40, 0x0, 0x0, 0x4, 0xff,
    0x40, 0x0, 0x0, 0xaf, 0x20, 0x0, 0x4, 0xbf,
    0xf5, 0x0, 0x1a, 0x9a, 0xfe, 0x0, 0x0, 0x4,
    0xfb, 0x20, 0x0, 0xd, 0xff, 0xd4, 0x0, 0x0,
    0x0, 0x10, 0x0, 0x0, 0x0, 0x0, 0x0, 0x0,
    0x0,

    /* U+5207 "切" */
    0x0, 0x1f, 0x80, 0x3, 0x99, 0x99, 0x99, 0x99,
    0x90, 0x0, 0x1f, 0x80, 0x4, 0xff, 0xff, 0xff,
    0xff, 0xf0, 0x0, 0x1f, 0x80, 0x0, 0x0, 0xaf,
    0x0, 0xb, 0xf0, 0x0, 0x1f, 0xb8, 0xbc, 0x0,
    0xbf, 0x0, 0xb, 0xf0, 0x2c, 0xff, 0xff, 0xc9,
    0x0, 0xbe, 0x0, 0xc, 0xf0, 0x1c, 0xaf, 0x90,
    0x0, 0x0, 0xcd, 0x0, 0xc, 0xe0, 0x0, 0x1f,
    0x80, 0x0, 0x0, 0xeb, 0x0, 0xd, 0xe0, 0x0,
    0x1f, 0x80, 0x0, 0x1, 0xf8, 0x0, 0xe, 0xd0,
    0x0, 0x1f, 0x80, 0x1, 0x4, 0xf6, 0x0, 0xe,
    0xc0, 0x0, 0x1f, 0x95, 0xbf, 0xa, 0xf2, 0x0,
    0xf, 0xb0, 0x0, 0x4f, 0xff, 0xd7, 0x2f, 0xd0,
    0x0, 0x1f, 0xa0, 0x0, 0xbf, 0xc5, 0x0, 0xaf,
    0x60, 0x0, 0x3f, 0x80, 0x0, 0x35, 0x0, 0x6,
    0xfd, 0x0, 0x0, 0x7f, 0x60, 0x0, 0x0, 0x0,
    0x9f, 0xe2, 0x5, 0xaa, 0xff, 0x20, 0x0, 0x0,
    0x0, 0xac, 0x20, 0x4, 0xff, 0xe6, 0x0, 0x0,
    0x0, 0x0, 0x0, 0x0, 0x0, 0x0, 0x0, 0x0,

    /* U+5217 "列" */
    0x0, 0x0, 0x0, 0x0, 0x0, 0x0, 0x0, 0xf,
    0xa0, 0xef, 0xff, 0xff, 0xff, 0xf3, 0x11, 0x0,
    0xfa, 0x8, 0x9b, 0xfc, 0x99, 0x99, 0x2a, 0xf0,
    0xf, 0xa0, 0x0, 0x8f, 0x30, 0x0, 0x0, 0xaf,
    0x0, 0xfa, 0x0, 0xd, 0xe1, 0x11, 0x10, 0xa,
    0xf0, 0xf, 0xa0, 0x3, 0xff, 0xff, 0xff, 0xa0,
    0xaf, 0x0, 0xfa, 0x0, 0x9f, 0x76, 0x68, 0xf7,
    0xa, 0xf0, 0xf, 0xa0, 0x1f, 0xb0, 0x0, 0x6f,
    0x30, 0xaf, 0x0, 0xfa, 0xc, 0xf3, 0x30, 0xc,
    0xf0, 0xa, 0xf0, 0xf, 0xa0, 0x98, 0x8f, 0x72,
    0xfa, 0x0, 0xaf, 0x0, 0xfa, 0x0, 0x1, 0xbf,
    0xef, 0x20, 0xa, 0xf0, 0xf, 0xa0, 0x0, 0x0,
    0xaf, 0x90, 0x0, 0xaf, 0x0, 0xfa, 0x0, 0x0,
    0x3e, 0xe1, 0x0, 0x0, 0x0, 0xf, 0xa0, 0x0,
    0x5f, 0xe2, 0x0, 0x0, 0x0, 0x0, 0xfa, 0x3,
    0xcf, 0xe3, 0x0, 0x0, 0x0, 0x49, 0x9f, 0x90,
    0x3f, 0x80, 0x0, 0x0, 0x0, 0x3, 0xff, 0xc2,
    0x0, 0x0, 0x0, 0x0, 0x0, 0x0, 0x0, 0x0,
    0x0,

    /* U+5230 "到" */
    0x0, 0x0, 0x0, 0x0, 0x0, 0x0, 0x0, 0x8f,
    0x10, 0xef, 0xff, 0xff, 0xff, 0xf4, 0xa7, 0x8,
    0xf1, 0x6, 0x7b, 0xfa, 0x78, 0x77, 0x2e, 0xa0,
    0x8f, 0x10, 0x0, 0xdd, 0x4, 0xf3, 0x0, 0xea,
    0x8, 0xf1, 0x0, 0x7f, 0x30, 0xc, 0xe1, 0xe,
    0xa0, 0x8f, 0x10, 0x4f, 0xea, 0xcd, 0xef, 0xa0,
    0xea, 0x8, 0xf1, 0x3, 0xfd, 0xba, 0x87, 0x9f,
    0x1e, 0xa0, 0x8f, 0x10, 0x0, 0x0, 0xb6, 0x0,
    0x10, 0xea, 0x8, 0xf1, 0x0, 0x0, 0xf, 0x80,
    0x0, 0xe, 0xa0, 0x8f, 0x10, 0x7f, 0xff, 0xff,
    0xff, 0xe0, 0xea, 0x8, 0xf1, 0x3, 0x66, 0x7f,
    0xb6, 0x66, 0xe, 0xa0, 0x8f, 0x10, 0x0, 0x0,
    0xf8, 0x0, 0x0, 0xea, 0x8, 0xf1, 0x0, 0x0,
    0xf, 0x83, 0x69, 0x10, 0x0, 0x8f, 0x10, 0x24,
    0x7a, 0xff, 0xff, 0xf2, 0x0, 0x8, 0xf1, 0xf,
    0xff, 0xfc, 0x95, 0x20, 0x0, 0x99, 0xdf, 0x0,
    0x65, 0x20, 0x0, 0x0, 0x0, 0xb, 0xfe, 0x70,
    0x0, 0x0, 0x0, 0x0, 0x0, 0x0, 0x0, 0x0,
    0x0,

    /* U+5236 "制" */
    0x0, 0x78, 0xd, 0xb0, 0x0, 0x0, 0x0, 0xc,
    0x90, 0xd, 0xc0, 0xdb, 0x0, 0x0, 0xb, 0x60,
    0xeb, 0x2, 0xfe, 0xcf, 0xfc, 0xcc, 0x20, 0xf8,
    0xe, 0xb0, 0x9f, 0xbb, 0xfe, 0xbb, 0xb1, 0xf,
    0x80, 0xeb, 0x1f, 0xa0, 0xd, 0xb0, 0x0, 0x0,
    0xf8, 0xe, 0xb0, 0xcc, 0xaa, 0xfe, 0xaa, 0xa9,
    0xf, 0x80, 0xeb, 0x1d, 0xdd, 0xdf, 0xfd, 0xdd,
    0xc0, 0xf8, 0xe, 0xb0, 0x0, 0x0, 0xdb, 0x0,
    0x0, 0xf, 0x80, 0xeb, 0x2, 0x88, 0x8e, 0xe8,
    0x88, 0x20, 0xf8, 0xe, 0xb0, 0x4f, 0xff, 0xff,
    0xff, 0xf5, 0xf, 0x80, 0xeb, 0x4, 0xf2, 0xd,
    0xb0, 0x2f, 0x50, 0xf8, 0xe, 0xb0, 0x4f, 0x20,
    0xdb, 0x2, 0xf5, 0x3, 0x10, 0xeb, 0x4, 0xf2,
    0xd, 0xb0, 0x2f, 0x50, 0x0, 0xe, 0xb0, 0x4f,
    0x20, 0xdb, 0x48, 0xf5, 0x0, 0x0, 0xeb, 0x4,
    0xf2, 0xd, 0xb7, 0xfd, 0x10, 0x4a, 0xbf, 0x90,
    0x0, 0x0, 0xdb, 0x0, 0x0, 0x2, 0xff, 0xc2,
    0x0, 0x0, 0x0, 0x0, 0x0, 0x0, 0x0, 0x0,
    0x0,

    /* U+5237 "刷" */
    0x0, 0x0, 0x0, 0x0, 0x0, 0x0, 0x0, 0xe,
    0xa0, 0xf, 0xff, 0xff, 0xff, 0xf7, 0x13, 0x0,
    0xea, 0x0, 0xfb, 0x77, 0x77, 0x8f, 0x75, 0xf2,
    0xe, 0xa0, 0xf, 0x70, 0x0, 0x1, 0xf7, 0x5f,
    0x20, 0xea, 0x0, 0xfc, 0x99, 0x99, 0xaf, 0x75,
    0xf2, 0xe, 0xa0, 0xf, 0xfe, 0xef, 0xfe, 0xe7,
    0x5f, 0x20, 0xea, 0x0, 0xf7, 0x0, 0xe8, 0x0,
    0x5, 0xf2, 0xe, 0xa0, 0xf, 0x96, 0x6f, 0xb6,
    0x64, 0x5f, 0x20, 0xea, 0x1, 0xfd, 0xff, 0xff,
    0xff, 0x95, 0xf2, 0xe, 0xa0, 0x2f, 0xcc, 0xe,
    0x80, 0xb9, 0x5f, 0x20, 0xea, 0x3, 0xfa, 0xc0,
    0xe8, 0xb, 0x95, 0xf2, 0xe, 0xa0, 0x5f, 0x8c,
    0xe, 0x80, 0xb9, 0x5f, 0x20, 0xea, 0x8, 0xf6,
    0xc0, 0xe8, 0xc, 0x90, 0x0, 0xe, 0xa0, 0xdb,
    0x6c, 0xe, 0x9e, 0xf7, 0x0, 0x0, 0xea, 0x2f,
    0x62, 0x50, 0xe8, 0x44, 0x0, 0x4b, 0xbf, 0x90,
    0x50, 0x0, 0xe, 0x80, 0x0, 0x2, 0xff, 0xc2,

    /* U+523B "刻" */
    0x0, 0x0, 0x2, 0x0, 0x0, 0x0, 0x0, 0x0,
    0x0, 0x0, 0x4, 0xf8, 0x0, 0x0, 0x0, 0x0,
    0xfa, 0x0, 0x0, 0xd, 0xf0, 0x0, 0x0, 0x0,
    0xf, 0xa0, 0xee, 0xee, 0xff, 0xee, 0xeb, 0x1f,
    0x80, 0xfa, 0x9, 0x9a, 0xff, 0xa9, 0x99, 0x81,
    0xf8, 0xf, 0xa0, 0x0, 0x6f, 0x60, 0x4, 0x0,
    0x1f, 0x80, 0xfa, 0x0, 0x4f, 0x90, 0x6, 0xf5,
    0x1, 0xf8, 0xf, 0xa0, 0x5f, 0xf9, 0xab, 0xfb,
    0x0, 0x1f, 0x80, 0xfa, 0x5, 0xfe, 0xcc, 0xfe,
    0x10, 0x1, 0xf8, 0xf, 0xa0, 0x0, 0x2, 0xdf,
    0x32, 0xe6, 0x1f, 0x80, 0xfa, 0x0, 0x3, 0xef,
    0x40, 0xdf, 0x21, 0xf8, 0xf, 0xa0, 0x19, 0xfe,
    0x20, 0xbf, 0x50, 0x1f, 0x80, 0xfa, 0x9, 0xfa,
    0x10, 0xcf, 0x90, 0x1, 0xe7, 0xf, 0xa0, 0x3,
    0x4, 0xef, 0xfc, 0x10, 0x0, 0x0, 0xfa, 0x0,
    0x19, 0xfe, 0x53, 0xee, 0x40, 0x0, 0xf, 0xa0,
    0x9f, 0xfb, 0x10, 0x2, 0xdb, 0x5, 0x99, 0xf9,
    0x6, 0xc4, 0x0, 0x0, 0x1, 0x0, 0x5f, 0xfc,
    0x20, 0x0, 0x0, 0x0, 0x0, 0x0, 0x0, 0x0,
    0x0,

    /* U+524D "前" */
    0x0, 0x0, 0x1, 0x0, 0x0, 0x0, 0x11, 0x0,
    0x0, 0x0, 0x2, 0xfc, 0x0, 0x0, 0x0, 0xaf,
    0x40, 0x0, 0x0, 0x0, 0x8f, 0x80, 0x0, 0x3,
    0xfc, 0x0, 0x0, 0x7, 0x77, 0x8f, 0xc7, 0x77,
    0x7d, 0xf9, 0x77, 0x70, 0xf, 0xff, 0xff, 0xff,
    0xff, 0xff, 0xff, 0xff, 0xf0, 0x0, 0x0, 0x0,
    0x0, 0x0, 0x0, 0x0, 0x11, 0x0, 0x0, 0x77,
    0x77, 0x77, 0x60, 0x13, 0x0, 0xbe, 0x0, 0x0,
    0xff, 0xff, 0xff, 0xc0, 0x4f, 0x30, 0xbe, 0x0,
    0x0, 0xf9, 0x0, 0xd, 0xc0, 0x4f, 0x30, 0xbe,
    0x0, 0x0, 0xfc, 0x77, 0x7e, 0xc0, 0x4f, 0x30,
    0xbe, 0x0, 0x0, 0xfe, 0xcc, 0xcf, 0xc0, 0x4f,
    0x30, 0xbe, 0x0, 0x0, 0xf9, 0x0, 0xc, 0xc0,
    0x4f, 0x30, 0xbe, 0x0, 0x0, 0xfe, 0xaa, 0xaf,
    0xc0, 0x4f, 0x30, 0xbe, 0x0, 0x0, 0xfd, 0x99,
    0x9e, 0xc0, 0x4f, 0x30, 0xbe, 0x0, 0x0, 0xf9,
    0x0, 0xc, 0xc0, 0x1, 0x0, 0xbe, 0x0, 0x0,
    0xf9, 0x5, 0x6e, 0xb0, 0x2, 0x88, 0xed, 0x0,
    0x0, 0xf9, 0x9, 0xfe, 0x50, 0x0, 0xef, 0xe6,
    0x0, 0x0, 0x0, 0x0, 0x0, 0x0, 0x0, 0x0,
    0x0, 0x0,

    /* U+529F "功" */
    0x0, 0x0, 0x0, 0x0, 0x0, 0x7f, 0x30, 0x0,
    0x0, 0x11, 0x11, 0x11, 0x10, 0x7, 0xf3, 0x0,
    0x0, 0x1f, 0xff, 0xff, 0xf8, 0x0, 0x7f, 0x20,
    0x0, 0x0, 0x99, 0xdf, 0x99, 0x50, 0x8, 0xf3,
    0x0, 0x0, 0x0, 0x9, 0xf1, 0x4, 0xff, 0xff,
    0xff, 0xff, 0xd0, 0x0, 0x9f, 0x10, 0x28, 0x8d,
    0xf9, 0x88, 0xec, 0x0, 0x9, 0xf1, 0x0, 0x0,
    0xbf, 0x0, 0xd, 0xc0, 0x0, 0x9f, 0x10, 0x0,
    0xd, 0xd0, 0x0, 0xeb, 0x0, 0x9, 0xf1, 0x0,
    0x0, 0xfb, 0x0, 0xf, 0xa0, 0x0, 0x9f, 0x10,
    0x30, 0x4f, 0x80, 0x0, 0xfa, 0x0, 0xa, 0xfc,
    0xfe, 0x8, 0xf3, 0x0, 0x1f, 0x92, 0xcf, 0xff,
    0xd9, 0x41, 0xee, 0x0, 0x2, 0xf7, 0xe, 0xb6,
    0x20, 0x0, 0xbf, 0x50, 0x0, 0x5f, 0x60, 0x0,
    0x0, 0x0, 0x9f, 0xb0, 0x0, 0x8, 0xf4, 0x0,
    0x0, 0x1, 0xcf, 0xd1, 0x8, 0x9a, 0xff, 0x0,
    0x0, 0x0, 0xd, 0xb1, 0x0, 0x8f, 0xfe, 0x50,
    0x0, 0x0, 0x0, 0x0, 0x0, 0x0, 0x0, 0x0,
    0x0,

    /* U+52A8 "动" */
    0x0, 0x0, 0x0, 0x0, 0x0, 0x8f, 0x10, 0x0,
    0x38, 0x88, 0x88, 0x84, 0x0, 0x9f, 0x10, 0x0,
    0x5f, 0xff, 0xff, 0xf8, 0x0, 0x9f, 0x10, 0x0,
    0x0, 0x0, 0x0, 0x0, 0x0, 0x9f, 0x0, 0x0,
    0x0, 0x0, 0x0, 0x0, 0xef, 0xff, 0xff, 0xff,
    0x77, 0x77, 0x77, 0x76, 0x78, 0xdf, 0x88, 0xde,
    0xff, 0xff, 0xff, 0xfd, 0x0, 0xbe, 0x0, 0xbe,
    0x0, 0xce, 0x0, 0x0, 0x0, 0xdc, 0x0, 0xcd,
    0x0, 0xf9, 0x4, 0x50, 0x0, 0xfb, 0x0, 0xdd,
    0x4, 0xf4, 0x8, 0xf0, 0x2, 0xf8, 0x0, 0xdc,
    0x9, 0xe0, 0x2, 0xf6, 0x5, 0xf4, 0x0, 0xeb,
    0xf, 0x93, 0x7a, 0xfc, 0xb, 0xf1, 0x0, 0xfa,
    0x9f, 0xff, 0xfd, 0xcf, 0x4f, 0xb0, 0x1, 0xf9,
    0x8d, 0x94, 0x10, 0x26, 0xbf, 0x40, 0x4, 0xf7,
    0x0, 0x0, 0x0, 0x7, 0xfb, 0x39, 0x9e, 0xf3,
    0x0, 0x0, 0x0, 0x5, 0xd1, 0xf, 0xff, 0x80,
    0x0, 0x0, 0x0, 0x0, 0x0, 0x0, 0x0, 0x0,

    /* U+533A "区" */
    0x1f, 0xff, 0xff, 0xff, 0xff, 0xff, 0xff, 0xfd,
    0x1, 0xfd, 0x99, 0x99, 0x99, 0x99, 0x99, 0x99,
    0x80, 0x1f, 0x80, 0x0, 0x0, 0x0, 0x0, 0x82,
    0x0, 0x1, 0xf8, 0x8, 0xb1, 0x0, 0x0, 0x8f,
    0x50, 0x0, 0x1f, 0x80, 0x6f, 0xd2, 0x0, 0x4f,
    0x90, 0x0, 0x1, 0xf8, 0x0, 0x3e, 0xf5, 0x2e,
    0xd0, 0x0, 0x0, 0x1f, 0x80, 0x0, 0x2d, 0xfe,
    0xf2, 0x0, 0x0, 0x1, 0xf8, 0x0, 0x0, 0x2f,
    0xfb, 0x0, 0x0, 0x0, 0x1f, 0x80, 0x0, 0x3e,
    0xfc, 0xfb, 0x0, 0x0, 0x1, 0xf8, 0x0, 0x6f,
    0xf4, 0xa, 0xfc, 0x0, 0x0, 0x1f, 0x82, 0xbf,
    0xe3, 0x0, 0xa, 0xfb, 0x0, 0x1, 0xf8, 0x4f,
    0xa1, 0x0, 0x0, 0xb, 0xd1, 0x0, 0x1f, 0x80,
    0x10, 0x0, 0x0, 0x0, 0x0, 0x0, 0x1, 0xfd,
    0xaa, 0xaa, 0xaa, 0xaa, 0xaa, 0xaa, 0xa3, 0x1f,
    0xff, 0xff, 0xff, 0xff, 0xff, 0xff, 0xff, 0x40,

    /* U+5355 "单" */
    0x0, 0x0, 0x0, 0x0, 0x0, 0x0, 0x0, 0x0,
    0x0, 0x0, 0x6d, 0x10, 0x0, 0x0, 0xbb, 0x10,
    0x0, 0x0, 0x4, 0xfc, 0x0, 0x0, 0x5f, 0xb0,
    0x0, 0x0, 0x0, 0x9, 0xf4, 0x0, 0xd, 0xf2,
    0x0, 0x0, 0x5, 0xff, 0xff, 0xff, 0xff, 0xff,
    0xff, 0x80, 0x0, 0x5f, 0x85, 0x55, 0xee, 0x55,
    0x57, 0xf8, 0x0, 0x5, 0xf5, 0x0, 0xe, 0xd0,
    0x0, 0x3f, 0x80, 0x0, 0x5f, 0xff, 0xff, 0xff,
    0xff, 0xff, 0xf8, 0x0, 0x5, 0xf7, 0x44, 0x4e,
    0xd4, 0x44, 0x6f, 0x80, 0x0, 0x5f, 0x61, 0x11,
    0xed, 0x11, 0x14, 0xf8, 0x0, 0x5, 0xff, 0xff,
    0xff, 0xff, 0xff, 0xff, 0x80, 0x0, 0x14, 0x44,
    0x44, 0xed, 0x44, 0x44, 0x42, 0x0, 0x0, 0x0,
    0x0, 0xe, 0xd0, 0x0, 0x0, 0x0, 0xf, 0xff,
    0xff, 0xff, 0xff, 0xff, 0xff, 0xff, 0xf0, 0x77,
    0x77, 0x77, 0x7f, 0xe7, 0x77, 0x77, 0x77, 0x0,
    0x0, 0x0, 0x0, 0xed, 0x0, 0x0, 0x0, 0x0,
    0x0, 0x0, 0x0, 0xe, 0xd0, 0x0, 0x0, 0x0,
    0x0,

    /* U+5360 "占" */
    0x0, 0x0, 0x0, 0xec, 0x0, 0x0, 0x0, 0x0,
    0x0, 0x0, 0xe, 0xc0, 0x0, 0x0, 0x0, 0x0,
    0x0, 0x0, 0xec, 0x0, 0x0, 0x0, 0x0, 0x0,
    0x0, 0xe, 0xff, 0xff, 0xff, 0xfc, 0x0, 0x0,
    0x0, 0xee, 0x99, 0x99, 0x99, 0x80, 0x0, 0x0,
    0xe, 0xc0, 0x0, 0x0, 0x0, 0x0, 0x0, 0x0,
    0xec, 0x0, 0x0, 0x0, 0x0, 0x0, 0x0, 0xe,
    0xc0, 0x0, 0x0, 0x0, 0x1f, 0xff, 0xff, 0xff,
    0xff, 0xff, 0xf9, 0x1, 0xfd, 0x99, 0x99, 0x99,
    0x99, 0x9f, 0x90, 0x1f, 0x80, 0x0, 0x0, 0x0,
    0x1, 0xf9, 0x1, 0xf8, 0x0, 0x0, 0x0, 0x0,
    0x1f, 0x90, 0x1f, 0x80, 0x0, 0x0, 0x0, 0x1,
    0xf9, 0x1, 0xf9, 0x0, 0x0, 0x0, 0x0, 0x1f,
    0x90, 0x1f, 0xff, 0xff, 0xff, 0xff, 0xff, 0xf9,
    0x1, 0xfc, 0x88, 0x88, 0x88, 0x88, 0x8e, 0x90,

    /* U+5361 "卡" */
    0x0, 0x0, 0x0, 0x4f, 0x70, 0x0, 0x0, 0x0,
    0x0, 0x0, 0x0, 0x4, 0xf7, 0x0, 0x0, 0x0,
    0x0, 0x0, 0x0, 0x0, 0x4f, 0xca, 0xaa, 0xaa,
    0x30, 0x0, 0x0, 0x0, 0x4, 0xff, 0xff, 0xff,
    0xf4, 0x0, 0x0, 0x0, 0x0, 0x4f, 0x70, 0x0,
    0x0, 0x0, 0x0, 0x0, 0x0, 0x4, 0xf7, 0x0,
    0x0, 0x0, 0x0, 0xaa, 0xaa, 0xaa, 0xcf, 0xca,
    0xaa, 0xaa, 0xaa, 0xf, 0xff, 0xff, 0xff, 0xff,
    0xff, 0xff, 0xff, 0xf0, 0x0, 0x0, 0x0, 0x4f,
    0x70, 0x0, 0x0, 0x0, 0x0, 0x0, 0x0, 0x4,
    0xf7, 0x30, 0x0, 0x0, 0x0, 0x0, 0x0, 0x0,
    0x4f, 0xbf, 0xe9, 0x30, 0x0, 0x0, 0x0, 0x0,
    0x4, 0xf8, 0x4a, 0xff, 0xc6, 0x0, 0x0, 0x0,
    0x0, 0x4f, 0x70, 0x1, 0x8e, 0xe0, 0x0, 0x0,
    0x0, 0x4, 0xf7, 0x0, 0x0, 0x2, 0x0, 0x0,
    0x0, 0x0, 0x4f, 0x70, 0x0, 0x0, 0x0, 0x0,
    0x0, 0x0, 0x4, 0xf7, 0x0, 0x0, 0x0, 0x0,

    /* U+538B "压" */
    0x0, 0xef, 0xff, 0xff, 0xff, 0xff, 0xff, 0xff,
    0xf6, 0x0, 0xed, 0x99, 0x99, 0x99, 0x99, 0x99,
    0x99, 0x93, 0x0, 0xea, 0x0, 0x0, 0x5, 0xe4,
    0x0, 0x0, 0x0, 0x0, 0xea, 0x0, 0x0, 0x5,
    0xf5, 0x0, 0x0, 0x0, 0x0, 0xea, 0x0, 0x0,
    0x5, 0xf5, 0x0, 0x0, 0x0, 0x0, 0xfa, 0x0,
    0x0, 0x6, 0xf5, 0x0, 0x0, 0x0, 0x0, 0xfa,
    0x1f, 0xff, 0xff, 0xff, 0xff, 0xff, 0x70, 0x0,
    0xf9, 0x8, 0x88, 0x8b, 0xfb, 0x88, 0x88, 0x40,
    0x1, 0xf8, 0x0, 0x0, 0x5, 0xf5, 0x4, 0x0,
    0x0, 0x2, 0xf7, 0x0, 0x0, 0x5, 0xf5, 0x3f,
    0xb0, 0x0, 0x3, 0xf5, 0x0, 0x0, 0x5, 0xf5,
    0x4, 0xfb, 0x0, 0x6, 0xf2, 0x0, 0x0, 0x5,
    0xf5, 0x0, 0x69, 0x0, 0xa, 0xf0, 0x0, 0x0,
    0x5, 0xf5, 0x0, 0x0, 0x0, 0x1f, 0xb6, 0xff,
    0xff, 0xff, 0xff, 0xff, 0xff, 0xf4, 0x3f, 0x44,
    0x99, 0x99, 0x99, 0x99, 0x99, 0x99, 0x92, 0x1,
    0x0, 0x0, 0x0, 0x0, 0x0, 0x0, 0x0, 0x0,

    /* U+53CA "及" */
    0x1, 0xff, 0xff, 0xff, 0xff, 0xff, 0xe0, 0x0,
    0x0, 0x1, 0xbb, 0xbf, 0xeb, 0xbb, 0xbf, 0xa0,
    0x0, 0x0, 0x0, 0x0, 0x1f, 0xa0, 0x0, 0x3f,
    0x70, 0x0, 0x0, 0x0, 0x0, 0x1f, 0xf0, 0x0,
    0x7f, 0x30, 0x0, 0x0, 0x0, 0x0, 0x2f, 0xf4,
    0x0, 0xcf, 0xff, 0xff, 0x50, 0x0, 0x0, 0x3f,
    0xfb, 0x0, 0x99, 0x99, 0xdf, 0x30, 0x0, 0x0,
    0x6f, 0xdf, 0x20, 0x0, 0x0, 0xee, 0x0, 0x0,
    0x0, 0x9f, 0x4e, 0xb0, 0x0, 0x7, 0xf8, 0x0,
    0x0, 0x0, 0xdf, 0x7, 0xf6, 0x0, 0x1e, 0xf1,
    0x0, 0x0, 0x3, 0xfa, 0x0, 0xdf, 0x40, 0xbf,
    0x50, 0x0, 0x0, 0xa, 0xf5, 0x0, 0x2e, 0xfb,
    0xf9, 0x0, 0x0, 0x0, 0x3f, 0xd0, 0x0, 0x5,
    0xff, 0xe0, 0x0, 0x0, 0x1, 0xdf, 0x40, 0x0,
    0x6e, 0xff, 0xfe, 0x60, 0x0, 0xd, 0xf8, 0x2,
    0x8e, 0xfe, 0x50, 0x8f, 0xff, 0xa3, 0x6, 0xa0,
    0x4, 0xfd, 0x70, 0x0, 0x2, 0x8d, 0xd0, 0x0,
    0x0, 0x0, 0x20, 0x0, 0x0, 0x0, 0x0, 0x10,

    /* U+53D1 "发" */
    0x0, 0x0, 0x0, 0x0, 0x0, 0x0, 0x0, 0x0,
    0x0, 0x0, 0x1, 0x73, 0x0, 0xfb, 0x0, 0x48,
    0x0, 0x0, 0x0, 0x6, 0xf6, 0x3, 0xfb, 0x0,
    0x7f, 0x90, 0x0, 0x0, 0xb, 0xf1, 0x6, 0xf8,
    0x0, 0x9, 0xf5, 0x0, 0x0, 0x3f, 0xa0, 0x9,
    0xf6, 0x0, 0x1, 0x60, 0x0, 0x0, 0xcf, 0xff,
    0xff, 0xff, 0xff, 0xff, 0xff, 0xc0, 0x0, 0x69,
    0x88, 0xaf, 0xe8, 0x88, 0x88, 0x88, 0x60, 0x0,
    0x0, 0x0, 0x7f, 0x70, 0x0, 0x0, 0x0, 0x0,
    0x0, 0x0, 0x0, 0xef, 0xff, 0xff, 0xff, 0xe3,
    0x0, 0x0, 0x0, 0x6, 0xff, 0xba, 0xaa, 0xaf,
    0xe0, 0x0, 0x0, 0x0, 0x1f, 0xff, 0x80, 0x0,
    0x6f, 0x70, 0x0, 0x0, 0x0, 0xcf, 0x68, 0xf4,
    0x2, 0xfe, 0x10, 0x0, 0x0, 0xb, 0xfa, 0x0,
    0xbf, 0x6e, 0xf3, 0x0, 0x0, 0x2, 0xcf, 0xc0,
    0x0, 0x1e, 0xff, 0x50, 0x0, 0x0, 0x2f, 0xf9,
    0x0, 0x3, 0xbf, 0xff, 0xd6, 0x0, 0x0, 0x8,
    0x50, 0x27, 0xcf, 0xf9, 0x16, 0xef, 0xea, 0x61,
    0x0, 0x0, 0x4f, 0xe8, 0x20, 0x0, 0x7, 0xcf,
    0xd0, 0x0, 0x0, 0x2, 0x0, 0x0, 0x0, 0x0,
    0x1, 0x20,

    /* U+53D8 "变" */
    0x0, 0x0, 0x0, 0x0, 0x20, 0x0, 0x0, 0x0,
    0x0, 0x0, 0x0, 0x0, 0x5f, 0x70, 0x0, 0x0,
    0x0, 0x4, 0x44, 0x44, 0x45, 0xff, 0x54, 0x44,
    0x44, 0x20, 0xef, 0xff, 0xff, 0xff, 0xff, 0xff,
    0xff, 0xf7, 0x2, 0x23, 0x24, 0xf9, 0x22, 0xfb,
    0x23, 0x22, 0x10, 0x0, 0xdd, 0x2f, 0x80, 0xf,
    0xb8, 0xd2, 0x0, 0x0, 0x7f, 0x52, 0xf8, 0x0,
    0xfb, 0x2e, 0xe2, 0x0, 0x5f, 0xb0, 0x2f, 0x80,
    0xf, 0xb0, 0x2e, 0xd1, 0x3, 0xa0, 0x2, 0xf8,
    0x0, 0xfb, 0x0, 0x49, 0x0, 0x2, 0x22, 0x38,
    0x52, 0x28, 0x62, 0x20, 0x0, 0x0, 0xdf, 0xff,
    0xff, 0xff, 0xff, 0xff, 0x70, 0x0, 0x3, 0x6f,
    0xd4, 0x44, 0x44, 0x6f, 0xd1, 0x0, 0x0, 0x0,
    0x5f, 0xa0, 0x0, 0x3e, 0xf2, 0x0, 0x0, 0x0,
    0x0, 0x5f, 0xe5, 0x9f, 0xc2, 0x0, 0x0, 0x0,
    0x0, 0x0, 0x7f, 0xff, 0xd2, 0x0, 0x0, 0x0,
    0x25, 0x7b, 0xff, 0xe9, 0xcf, 0xfd, 0x96, 0x31,
    0x1f, 0xff, 0xd9, 0x40, 0x0, 0x27, 0xcf, 0xff,
    0x90, 0x44, 0x0, 0x0, 0x0, 0x0, 0x0, 0x2,
    0x50,

    /* U+53E3 "口" */
    0x1, 0x11, 0x11, 0x11, 0x11, 0x11, 0x11, 0xcf,
    0xff, 0xff, 0xff, 0xff, 0xff, 0xfd, 0xcf, 0x99,
    0x99, 0x99, 0x99, 0x99, 0xfd, 0xce, 0x0, 0x0,
    0x0, 0x0, 0x0, 0xfd, 0xce, 0x0, 0x0, 0x0,
    0x0, 0x0, 0xfd, 0xce, 0x0, 0x0, 0x0, 0x0,
    0x0, 0xfd, 0xce, 0x0, 0x0, 0x0, 0x0, 0x0,
    0xfd, 0xce, 0x0, 0x0, 0x0, 0x0, 0x0, 0xfd,
    0xce, 0x0, 0x0, 0x0, 0x0, 0x0, 0xfd, 0xce,
    0x0, 0x0, 0x0, 0x0, 0x0, 0xfd, 0xce, 0x0,
    0x0, 0x0, 0x0, 0x0, 0xfd, 0xcf, 0x0, 0x0,
    0x0, 0x0, 0x0, 0xfd, 0xcf, 0xff, 0xff, 0xff,
    0xff, 0xff, 0xfd, 0xcf, 0xaa, 0xaa, 0xaa, 0xaa,
    0xaa, 0xfd, 0xce, 0x0, 0x0, 0x0, 0x0, 0x0,
    0xec,

    /* U+53EA "只" */
    0x0, 0x99, 0x99, 0x99, 0x99, 0x99, 0x99, 0x0,
    0x1, 0xff, 0xff, 0xff, 0xff, 0xff, 0xff, 0x10,
    0x1, 0xf9, 0x0, 0x0, 0x0, 0x0, 0xbf, 0x10,
    0x1, 0xf9, 0x0, 0x0, 0x0, 0x0, 0xbf, 0x10,
    0x1, 0xf9, 0x0, 0x0, 0x0, 0x0, 0xbf, 0x10,
    0x1, 0xf9, 0x0, 0x0, 0x0, 0x0, 0xbf, 0x10,
    0x1, 0xfa, 0x0, 0x0, 0x0, 0x0, 0xbf, 0x10,
    0x1, 0xff, 0xff, 0xff, 0xff, 0xff, 0xff, 0x10,
    0x0, 0x88, 0x88, 0x88, 0x88, 0x88, 0x88, 0x0,
    0x0, 0x0, 0x0, 0x0, 0x0, 0x0, 0x0, 0x0,
    0x0, 0x0, 0x6c, 0x40, 0x2, 0xc7, 0x0, 0x0,
    0x0, 0x5, 0xfd, 0x10, 0x1, 0xcf, 0xa0, 0x0,
    0x0, 0x6f, 0xe2, 0x0, 0x0, 0xa, 0xfc, 0x10,
    0x1b, 0xfd, 0x20, 0x0, 0x0, 0x0, 0x8f, 0xd1,
    0xaf, 0xa0, 0x0, 0x0, 0x0, 0x0, 0x9, 0xf7,
    0x4, 0x0, 0x0, 0x0, 0x0, 0x0, 0x0, 0x30,

    /* U+53EF "可" */
    0xef, 0xff, 0xff, 0xff, 0xff, 0xff, 0xff, 0xff,
    0xb, 0xbb, 0xbb, 0xbb, 0xbb, 0xbb, 0xbf, 0xfb,
    0xb0, 0x0, 0x0, 0x0, 0x0, 0x0, 0x0, 0xdd,
    0x0, 0x0, 0x0, 0x0, 0x0, 0x0, 0x0, 0xd,
    0xd0, 0x0, 0x3, 0xff, 0xff, 0xff, 0xf3, 0x0,
    0xdd, 0x0, 0x0, 0x3f, 0xc9, 0x99, 0xcf, 0x30,
    0xd, 0xd0, 0x0, 0x3, 0xf6, 0x0, 0x6, 0xf3,
    0x0, 0xdd, 0x0, 0x0, 0x3f, 0x60, 0x0, 0x6f,
    0x30, 0xd, 0xd0, 0x0, 0x3, 0xf6, 0x0, 0x6,
    0xf3, 0x0, 0xdd, 0x0, 0x0, 0x3f, 0xc9, 0x99,
    0xcf, 0x30, 0xd, 0xd0, 0x0, 0x3, 0xff, 0xff,
    0xff, 0xf3, 0x0, 0xdd, 0x0, 0x0, 0x3f, 0x60,
    0x0, 0x0, 0x0, 0xd, 0xd0, 0x0, 0x0, 0x31,
    0x0, 0x0, 0x0, 0x0, 0xed, 0x0, 0x0, 0x0,
    0x0, 0x0, 0x6, 0xcb, 0xcf, 0xb0, 0x0, 0x0,
    0x0, 0x0, 0x0, 0x2f, 0xfe, 0xb3, 0x0, 0x0,

    /* U+53F0 "台" */
    0x0, 0x0, 0x0, 0x0, 0x0, 0x0, 0x0, 0x0,
    0x0, 0x0, 0x2, 0xf8, 0x0, 0x0, 0x0, 0x0,
    0x0, 0x0, 0xd, 0xf4, 0x0, 0x0, 0x0, 0x0,
    0x0, 0x0, 0x9f, 0x70, 0x1, 0xc9, 0x0, 0x0,
    0x0, 0x6, 0xfa, 0x0, 0x0, 0x9f, 0x90, 0x0,
    0x0, 0x5f, 0xa0, 0x0, 0x0, 0xa, 0xf9, 0x0,
    0x7, 0xff, 0x88, 0x99, 0xab, 0xbc, 0xff, 0x70,
    0xe, 0xff, 0xff, 0xff, 0xed, 0xdc, 0xbe, 0xf4,
    0x4, 0x43, 0x21, 0x0, 0x0, 0x0, 0x3, 0xe4,
    0x0, 0x0, 0x0, 0x0, 0x0, 0x0, 0x0, 0x0,
    0x0, 0xcf, 0xff, 0xff, 0xff, 0xff, 0xfd, 0x0,
    0x0, 0xcf, 0x88, 0x88, 0x88, 0x88, 0xfd, 0x0,
    0x0, 0xce, 0x0, 0x0, 0x0, 0x0, 0xed, 0x0,
    0x0, 0xce, 0x0, 0x0, 0x0, 0x0, 0xed, 0x0,
    0x0, 0xce, 0x0, 0x0, 0x0, 0x0, 0xed, 0x0,
    0x0, 0xcf, 0xff, 0xff, 0xff, 0xff, 0xfd, 0x0,
    0x0, 0xcf, 0x99, 0x99, 0x99, 0x99, 0xfd, 0x0,

    /* U+53F3 "右" */
    0x0, 0x0, 0x0, 0x0, 0x0, 0x0, 0x0, 0x0,
    0x0, 0x0, 0x0, 0x0, 0xed, 0x0, 0x0, 0x0,
    0x0, 0x0, 0x0, 0x0, 0x2f, 0xa0, 0x0, 0x0,
    0x0, 0x0, 0x0, 0x0, 0x6, 0xf6, 0x0, 0x0,
    0x0, 0x0, 0xb, 0xff, 0xff, 0xff, 0xff, 0xff,
    0xff, 0xff, 0xe0, 0x8a, 0xaa, 0xcf, 0xda, 0xaa,
    0xaa, 0xaa, 0xa9, 0x0, 0x0, 0x9, 0xf4, 0x0,
    0x0, 0x0, 0x0, 0x0, 0x0, 0x2, 0xfd, 0x0,
    0x0, 0x0, 0x0, 0x0, 0x0, 0x0, 0xaf, 0x60,
    0x0, 0x0, 0x0, 0x0, 0x0, 0x0, 0x3f, 0xff,
    0xff, 0xff, 0xff, 0xff, 0xa0, 0x0, 0x1e, 0xff,
    0xc9, 0x99, 0x99, 0x99, 0xfa, 0x0, 0x1d, 0xf8,
    0xf8, 0x0, 0x0, 0x0, 0x1f, 0xa0, 0x1e, 0xf8,
    0x2f, 0x80, 0x0, 0x0, 0x1, 0xfa, 0x0, 0xa6,
    0x2, 0xf8, 0x0, 0x0, 0x0, 0x1f, 0xa0, 0x0,
    0x0, 0x2f, 0x80, 0x0, 0x0, 0x2, 0xfa, 0x0,
    0x0, 0x2, 0xff, 0xff, 0xff, 0xff, 0xff, 0xa0,
    0x0, 0x0, 0x2f, 0xc9, 0x99, 0x99, 0x99, 0xe9,
    0x0,

    /* U+5408 "合" */
    0x0, 0x0, 0x0, 0x0, 0x2, 0x0, 0x0, 0x0,
    0x0, 0x0, 0x0, 0x0, 0x0, 0x8f, 0x50, 0x0,
    0x0, 0x0, 0x0, 0x0, 0x0, 0x6, 0xff, 0x60,
    0x0, 0x0, 0x0, 0x0, 0x0, 0x0, 0x8f, 0xcc,
    0xf8, 0x0, 0x0, 0x0, 0x0, 0x0, 0x1b, 0xfb,
    0x0, 0xbf, 0xc2, 0x0, 0x0, 0x0, 0x6, 0xef,
    0x90, 0x0, 0x8, 0xff, 0x91, 0x0, 0x6, 0xdf,
    0xfd, 0x77, 0x77, 0x77, 0xbf, 0xff, 0x91, 0x1e,
    0xfa, 0xbf, 0xff, 0xff, 0xff, 0xf7, 0x7e, 0xc0,
    0x3, 0x30, 0x0, 0x0, 0x0, 0x0, 0x0, 0x0,
    0x10, 0x0, 0x0, 0x0, 0x0, 0x0, 0x0, 0x0,
    0x0, 0x0, 0x0, 0x9, 0xff, 0xff, 0xff, 0xff,
    0xff, 0xa0, 0x0, 0x0, 0x9, 0xf9, 0x88, 0x88,
    0x88, 0x9f, 0xa0, 0x0, 0x0, 0x9, 0xf1, 0x0,
    0x0, 0x0, 0x1f, 0xa0, 0x0, 0x0, 0x9, 0xf1,
    0x0, 0x0, 0x0, 0x1f, 0xa0, 0x0, 0x0, 0x9,
    0xf1, 0x0, 0x0, 0x0, 0x1f, 0xa0, 0x0, 0x0,
    0x9, 0xff, 0xff, 0xff, 0xff, 0xff, 0xa0, 0x0,
    0x0, 0x9, 0xf8, 0x77, 0x77, 0x77, 0x8e, 0xa0,
    0x0,

    /* U+540C "同" */
    0x8f, 0xff, 0xff, 0xff, 0xff, 0xff, 0xff, 0xf8,
    0x8f, 0x99, 0x99, 0x99, 0x99, 0x99, 0x99, 0xf8,
    0x8f, 0x10, 0x0, 0x0, 0x0, 0x0, 0x1, 0xf8,
    0x8f, 0x1d, 0xff, 0xff, 0xff, 0xff, 0x21, 0xf8,
    0x8f, 0x15, 0x66, 0x66, 0x66, 0x66, 0x11, 0xf8,
    0x8f, 0x10, 0x0, 0x0, 0x0, 0x0, 0x1, 0xf8,
    0x8f, 0x10, 0xef, 0xff, 0xff, 0xf4, 0x1, 0xf8,
    0x8f, 0x10, 0xfc, 0x77, 0x79, 0xf4, 0x1, 0xf8,
    0x8f, 0x10, 0xf9, 0x0, 0x4, 0xf4, 0x1, 0xf8,
    0x8f, 0x10, 0xf9, 0x0, 0x4, 0xf4, 0x1, 0xf8,
    0x8f, 0x10, 0xfc, 0x77, 0x79, 0xf4, 0x1, 0xf8,
    0x8f, 0x10, 0xff, 0xff, 0xff, 0xf4, 0x1, 0xf8,
    0x8f, 0x10, 0xf9, 0x0, 0x0, 0x0, 0x1, 0xf8,
    0x8f, 0x10, 0x11, 0x0, 0x0, 0x2a, 0x9b, 0xf7,
    0x8f, 0x10, 0x0, 0x0, 0x0, 0xe, 0xfe, 0xb1,

    /* U+540E "后" */
    0x0, 0x0, 0x0, 0x0, 0x0, 0x14, 0x69, 0xc3,
    0x0, 0x0, 0x7, 0x89, 0xbc, 0xef, 0xff, 0xff,
    0xd9, 0x0, 0x0, 0x1f, 0xfe, 0xdb, 0xa8, 0x75,
    0x20, 0x0, 0x0, 0x0, 0x1f, 0x90, 0x0, 0x0,
    0x0, 0x0, 0x0, 0x0, 0x0, 0x1f, 0xa0, 0x0,
    0x0, 0x0, 0x0, 0x0, 0x0, 0x0, 0x1f, 0xff,
    0xff, 0xff, 0xff, 0xff, 0xff, 0xf6, 0x0, 0x1f,
    0xd8, 0x88, 0x88, 0x88, 0x88, 0x88, 0x83, 0x0,
    0x2f, 0x90, 0x0, 0x0, 0x0, 0x0, 0x0, 0x0,
    0x0, 0x2f, 0x80, 0x77, 0x77, 0x77, 0x77, 0x77,
    0x0, 0x0, 0x4f, 0x61, 0xff, 0xff, 0xff, 0xff,
    0xff, 0x10, 0x0, 0x6f, 0x41, 0xf9, 0x0, 0x0,
    0x0, 0xbf, 0x10, 0x0, 0x9f, 0x11, 0xf9, 0x0,
    0x0, 0x0, 0xaf, 0x10, 0x0, 0xed, 0x1, 0xf9,
    0x0, 0x0, 0x0, 0xaf, 0x10, 0x3, 0xf8, 0x1,
    0xf9, 0x0, 0x0, 0x0, 0xbf, 0x10, 0xc, 0xf1,
    0x1, 0xff, 0xff, 0xff, 0xff, 0xff, 0x10, 0xa,
    0x70, 0x1, 0xfd, 0x88, 0x88, 0x88, 0xdf, 0x10,
    0x0, 0x0, 0x0, 0x0, 0x0, 0x0, 0x0, 0x0,
    0x0,

    /* U+542B "含" */
    0x0, 0x0, 0x0, 0x0, 0x0, 0x0, 0x0, 0x0,
    0x0, 0x0, 0x0, 0x0, 0x0, 0xbd, 0x20, 0x0,
    0x0, 0x0, 0x0, 0x0, 0x0, 0x9, 0xff, 0x60,
    0x0, 0x0, 0x0, 0x0, 0x0, 0x1, 0xcf, 0xaa,
    0xf8, 0x0, 0x0, 0x0, 0x0, 0x0, 0x6e, 0xf7,
    0x10, 0x8f, 0xd4, 0x0, 0x0, 0x0, 0x6d, 0xfe,
    0x47, 0xf6, 0x4, 0xef, 0xd6, 0x10, 0x2f, 0xfe,
    0x70, 0x0, 0xaf, 0x80, 0x18, 0xff, 0xf1, 0x7,
    0x73, 0x55, 0x55, 0x5b, 0x65, 0x53, 0x16, 0x50,
    0x0, 0x9, 0xff, 0xff, 0xff, 0xff, 0xfe, 0x10,
    0x0, 0x0, 0x1, 0x22, 0x22, 0x22, 0x3d, 0xf3,
    0x0, 0x0, 0x0, 0x0, 0x0, 0x0, 0x0, 0xcf,
    0x40, 0x0, 0x0, 0x0, 0xe, 0xff, 0xff, 0xff,
    0xff, 0xff, 0xb0, 0x0, 0x0, 0xe, 0xe7, 0x77,
    0x77, 0x77, 0x7f, 0xc0, 0x0, 0x0, 0xe, 0xc0,
    0x0, 0x0, 0x0, 0xf, 0xc0, 0x0, 0x0, 0xe,
    0xc0, 0x0, 0x0, 0x0, 0xf, 0xc0, 0x0, 0x0,
    0xe, 0xff, 0xff, 0xff, 0xff, 0xff, 0xc0, 0x0,
    0x0, 0xe, 0xe7, 0x77, 0x77, 0x77, 0x7f, 0xb0,
    0x0,

    /* U+542C "听" */
    0x0, 0x0, 0x0, 0x0, 0x0, 0x0, 0x0, 0x0,
    0x0, 0x0, 0x0, 0x0, 0x0, 0x3, 0x8e, 0x80,
    0x59, 0x99, 0x95, 0x3, 0x8b, 0xff, 0xfd, 0x80,
    0x9f, 0xff, 0xf9, 0xa, 0xfd, 0x96, 0x20, 0x0,
    0x9f, 0x1, 0xf9, 0xa, 0xf1, 0x0, 0x0, 0x0,
    0x9f, 0x0, 0xf9, 0xa, 0xf1, 0x0, 0x0, 0x0,
    0x9f, 0x0, 0xf9, 0xa, 0xfa, 0x99, 0x99, 0x98,
    0x9f, 0x0, 0xf9, 0xa, 0xff, 0xff, 0xff, 0xfd,
    0x9f, 0x0, 0xf9, 0xb, 0xf1, 0x0, 0xcf, 0x0,
    0x9f, 0x0, 0xf9, 0xc, 0xf0, 0x0, 0xce, 0x0,
    0x9f, 0x0, 0xf9, 0xd, 0xe0, 0x0, 0xce, 0x0,
    0x9f, 0x9a, 0xf9, 0xf, 0xc0, 0x0, 0xce, 0x0,
    0x9f, 0xff, 0xf9, 0x2f, 0x90, 0x0, 0xce, 0x0,
    0x9f, 0x0, 0x0, 0x6f, 0x50, 0x0, 0xce, 0x0,
    0x35, 0x0, 0x0, 0xcf, 0x0, 0x0, 0xce, 0x0,
    0x0, 0x0, 0x4, 0xf9, 0x0, 0x0, 0xce, 0x0,
    0x0, 0x0, 0x2, 0xb1, 0x0, 0x0, 0xce, 0x0,
    0x0, 0x0, 0x0, 0x0, 0x0, 0x0, 0x0, 0x0,

    /* U+548C "和" */
    0x0, 0x0, 0x0, 0x0, 0x0, 0x0, 0x0, 0x0,
    0x0, 0x0, 0x2, 0x6a, 0xe3, 0x0, 0x0, 0x0,
    0x0, 0x8, 0xcf, 0xff, 0xea, 0x45, 0x88, 0x88,
    0x88, 0x0, 0x7a, 0x8d, 0xf0, 0x0, 0x9f, 0xff,
    0xff, 0xf1, 0x0, 0x0, 0xbf, 0x0, 0x9, 0xf0,
    0x0, 0xaf, 0x10, 0x0, 0xb, 0xf0, 0x0, 0x9f,
    0x0, 0xa, 0xf1, 0xf, 0xff, 0xff, 0xff, 0xd9,
    0xf0, 0x0, 0xaf, 0x10, 0x99, 0xaf, 0xf9, 0x98,
    0x9f, 0x0, 0xa, 0xf1, 0x0, 0x8, 0xff, 0x60,
    0x9, 0xf0, 0x0, 0xaf, 0x10, 0x0, 0xef, 0xff,
    0x50, 0x9f, 0x0, 0xa, 0xf1, 0x0, 0x7f, 0xcf,
    0xaf, 0x39, 0xf0, 0x0, 0xaf, 0x10, 0x1f, 0x9b,
    0xf0, 0xea, 0x9f, 0x0, 0xa, 0xf1, 0xb, 0xf1,
    0xbf, 0x4, 0x19, 0xf0, 0x0, 0xaf, 0x15, 0xf6,
    0xb, 0xf0, 0x0, 0x9f, 0x88, 0x8d, 0xf1, 0x8,
    0x0, 0xbf, 0x0, 0x9, 0xff, 0xff, 0xff, 0x10,
    0x0, 0xb, 0xf0, 0x0, 0x9f, 0x0, 0xa, 0xf1,
    0x0, 0x0, 0xbf, 0x0, 0x4, 0x70, 0x0, 0x35,
    0x0,

    /* U+5668 "器" */
    0x0, 0xaf, 0xff, 0xff, 0x2, 0xff, 0xff, 0xfb,
    0x0, 0x0, 0xae, 0x66, 0xcf, 0x2, 0xfa, 0x66,
    0xeb, 0x0, 0x0, 0xad, 0x0, 0x9f, 0x2, 0xf5,
    0x0, 0xdb, 0x0, 0x0, 0xaf, 0xff, 0xff, 0x2,
    0xff, 0xff, 0xfb, 0x0, 0x0, 0x47, 0x77, 0x7c,
    0x82, 0x7c, 0xd7, 0x75, 0x0, 0x0, 0x0, 0x0,
    0x1e, 0xd0, 0x9, 0xfc, 0x20, 0x0, 0x8, 0x88,
    0x88, 0xbf, 0xc8, 0x88, 0xbf, 0x98, 0x80, 0xf,
    0xff, 0xff, 0xff, 0xff, 0xff, 0xff, 0xff, 0xf0,
    0x0, 0x1, 0xbf, 0x80, 0x0, 0x1c, 0xf7, 0x0,
    0x0, 0x1, 0x8f, 0xf7, 0x22, 0x0, 0x22, 0xcf,
    0xd7, 0x10, 0x2f, 0xff, 0xff, 0xff, 0x2, 0xff,
    0xff, 0xff, 0xf3, 0x6, 0xce, 0x44, 0xbf, 0x2,
    0xf9, 0x44, 0xed, 0x50, 0x0, 0xad, 0x0, 0x9f,
    0x2, 0xf6, 0x0, 0xdb, 0x0, 0x0, 0xae, 0x77,
    0xcf, 0x2, 0xfa, 0x77, 0xeb, 0x0, 0x0, 0xaf,
    0xff, 0xee, 0x2, 0xff, 0xff, 0xea, 0x0,

    /* U+56DE "回" */
    0xaf, 0xff, 0xff, 0xff, 0xff, 0xff, 0xff, 0xf2,
    0xaf, 0xbb, 0xbb, 0xbb, 0xbb, 0xbb, 0xbe, 0xf2,
    0xaf, 0x10, 0x0, 0x0, 0x0, 0x0, 0xa, 0xf2,
    0xaf, 0x10, 0x23, 0x33, 0x33, 0x32, 0xa, 0xf2,
    0xaf, 0x10, 0xaf, 0xff, 0xff, 0xf8, 0xa, 0xf2,
    0xaf, 0x10, 0xaf, 0x33, 0x35, 0xf8, 0xa, 0xf2,
    0xaf, 0x10, 0xae, 0x0, 0x1, 0xf8, 0xa, 0xf2,
    0xaf, 0x10, 0xae, 0x0, 0x1, 0xf8, 0xa, 0xf2,
    0xaf, 0x10, 0xae, 0x11, 0x13, 0xf8, 0xa, 0xf2,
    0xaf, 0x10, 0xaf, 0xff, 0xff, 0xf8, 0xa, 0xf2,
    0xaf, 0x10, 0x35, 0x55, 0x55, 0x53, 0xa, 0xf2,
    0xaf, 0x10, 0x0, 0x0, 0x0, 0x0, 0xa, 0xf2,
    0xaf, 0x10, 0x0, 0x0, 0x0, 0x0, 0xa, 0xf2,
    0xaf, 0xff, 0xff, 0xff, 0xff, 0xff, 0xff, 0xf2,
    0xaf, 0x88, 0x88, 0x88, 0x88, 0x88, 0x8d, 0xf2,

    /* U+56F4 "围" */
    0x7f, 0xff, 0xff, 0xff, 0xff, 0xff, 0xff, 0xf8,
    0x7f, 0x77, 0x77, 0x7a, 0x97, 0x77, 0x78, 0xf8,
    0x7f, 0x3, 0x33, 0x3f, 0xa3, 0x33, 0x21, 0xf8,
    0x7f, 0xe, 0xff, 0xff, 0xff, 0xff, 0xb1, 0xf8,
    0x7f, 0x1, 0x11, 0x1f, 0x91, 0x11, 0x11, 0xf8,
    0x7f, 0x1, 0x66, 0x6f, 0xb6, 0x66, 0x1, 0xf8,
    0x7f, 0x2, 0xdd, 0xdf, 0xfd, 0xdd, 0x11, 0xf8,
    0x7f, 0x0, 0x0, 0xf, 0x90, 0x0, 0x1, 0xf8,
    0x7f, 0x3f, 0xff, 0xff, 0xff, 0xff, 0xf1, 0xf8,
    0x7f, 0x14, 0x44, 0x4f, 0xa4, 0x4c, 0xd1, 0xf8,
    0x7f, 0x0, 0x0, 0xf, 0x83, 0x4e, 0xa1, 0xf8,
    0x7f, 0x0, 0x0, 0xf, 0x86, 0xfd, 0x31, 0xf8,
    0x7f, 0x0, 0x0, 0x9, 0x50, 0x0, 0x1, 0xf8,
    0x7f, 0xff, 0xff, 0xff, 0xff, 0xff, 0xff, 0xf8,
    0x7f, 0x76, 0x66, 0x66, 0x66, 0x66, 0x67, 0xf8,

    /* U+56FA "固" */
    0x9f, 0xff, 0xff, 0xff, 0xff, 0xff, 0xff, 0xf1,
    0x9f, 0x98, 0x88, 0x8a, 0x98, 0x88, 0x8d, 0xf1,
    0x9f, 0x10, 0x0, 0xf, 0x90, 0x0, 0xa, 0xf1,
    0x9f, 0x12, 0x22, 0x2f, 0xb2, 0x22, 0x1a, 0xf1,
    0x9f, 0x1e, 0xff, 0xff, 0xff, 0xff, 0xba, 0xf1,
    0x9f, 0x12, 0x22, 0x2f, 0xb2, 0x22, 0x2a, 0xf1,
    0x9f, 0x10, 0x0, 0xf, 0xa0, 0x0, 0xa, 0xf1,
    0x9f, 0x10, 0xef, 0xff, 0xff, 0xfb, 0xa, 0xf1,
    0x9f, 0x10, 0xea, 0x44, 0x44, 0xdb, 0xa, 0xf1,
    0x9f, 0x10, 0xe8, 0x0, 0x0, 0xcb, 0xa, 0xf1,
    0x9f, 0x10, 0xeb, 0x66, 0x66, 0xeb, 0xa, 0xf1,
    0x9f, 0x10, 0xde, 0xee, 0xee, 0xea, 0xa, 0xf1,
    0x9f, 0x10, 0x0, 0x0, 0x0, 0x0, 0xa, 0xf1,
    0x9f, 0xff, 0xff, 0xff, 0xff, 0xff, 0xff, 0xf1,
    0x9f, 0xa9, 0x99, 0x99, 0x99, 0x99, 0x9d, 0xf1,

    /* U+56FE "图" */
    0x8f, 0xff, 0xff, 0xff, 0xff, 0xff, 0xff, 0xf9,
    0x8f, 0x88, 0x88, 0xc9, 0x88, 0x88, 0x88, 0xf9,
    0x8f, 0x10, 0x7, 0xf9, 0x33, 0x34, 0x1, 0xf9,
    0x8f, 0x10, 0x7f, 0xff, 0xff, 0xff, 0x61, 0xf9,
    0x8f, 0x2b, 0xff, 0xa1, 0x7, 0xf9, 0x1, 0xf9,
    0x8f, 0x2b, 0x44, 0xed, 0xbf, 0x70, 0x1, 0xf9,
    0x8f, 0x10, 0x5, 0xcf, 0xfe, 0x73, 0x1, 0xf9,
    0x8f, 0x7c, 0xff, 0xb5, 0x29, 0xff, 0xe8, 0xf9,
    0x8f, 0x5b, 0x73, 0xdb, 0x72, 0x4, 0x82, 0xf9,
    0x8f, 0x10, 0x0, 0x27, 0xcf, 0x60, 0x1, 0xf9,
    0x8f, 0x10, 0x8c, 0x97, 0x43, 0x0, 0x1, 0xf9,
    0x8f, 0x10, 0x46, 0x9c, 0xff, 0xd8, 0x1, 0xf9,
    0x8f, 0x10, 0x0, 0x0, 0x3, 0x85, 0x1, 0xf9,
    0x8f, 0xff, 0xff, 0xff, 0xff, 0xff, 0xff, 0xf9,
    0x8f, 0x88, 0x88, 0x88, 0x88, 0x88, 0x88, 0xf9,

    /* U+5706 "圆" */
    0x8f, 0xff, 0xff, 0xff, 0xff, 0xff, 0xff, 0xf9,
    0x8f, 0x76, 0x88, 0x88, 0x88, 0x88, 0x67, 0xf9,
    0x8f, 0x11, 0xff, 0xff, 0xff, 0xff, 0x1, 0xf9,
    0x8f, 0x11, 0xf5, 0x0, 0x0, 0x7f, 0x1, 0xf9,
    0x8f, 0x11, 0xff, 0xff, 0xff, 0xff, 0x1, 0xf9,
    0x8f, 0x10, 0x22, 0x22, 0x22, 0x22, 0x1, 0xf9,
    0x8f, 0x18, 0xff, 0xff, 0xff, 0xff, 0x71, 0xf9,
    0x8f, 0x18, 0xf5, 0x55, 0x55, 0x6f, 0x71, 0xf9,
    0x8f, 0x18, 0xf0, 0xa, 0xc0, 0x1f, 0x71, 0xf9,
    0x8f, 0x18, 0xf0, 0xc, 0xb0, 0x1f, 0x71, 0xf9,
    0x8f, 0x14, 0x80, 0x8f, 0x8a, 0x47, 0x31, 0xf9,
    0x8f, 0x24, 0x9e, 0xf8, 0x3c, 0xfc, 0x51, 0xf9,
    0x8f, 0x4f, 0xe9, 0x20, 0x0, 0x3b, 0xe1, 0xf9,
    0x8f, 0x78, 0x66, 0x66, 0x66, 0x66, 0x87, 0xf9,
    0x8f, 0xff, 0xff, 0xff, 0xff, 0xff, 0xff, 0xf9,

    /* U+5728 "在" */
    0x0, 0x0, 0x0, 0x1, 0x0, 0x0, 0x0, 0x0,
    0x0, 0x0, 0x0, 0x4, 0xf7, 0x0, 0x0, 0x0,
    0x0, 0x0, 0x0, 0x0, 0x9f, 0x40, 0x0, 0x0,
    0x0, 0x0, 0x68, 0x88, 0x8e, 0xf8, 0x88, 0x88,
    0x88, 0x88, 0xc, 0xff, 0xff, 0xff, 0xff, 0xff,
    0xff, 0xff, 0xe0, 0x0, 0x1, 0xee, 0x10, 0x0,
    0x0, 0x0, 0x0, 0x0, 0x0, 0x8f, 0x60, 0x0,
    0x4f, 0x60, 0x0, 0x0, 0x0, 0x2f, 0xd0, 0x0,
    0x4, 0xf6, 0x0, 0x0, 0x0, 0x1c, 0xf5, 0x0,
    0x0, 0x4f, 0x60, 0x0, 0x0, 0x1c, 0xff, 0x11,
    0x99, 0x9b, 0xfc, 0x99, 0x92, 0x1d, 0xff, 0xf1,
    0x2f, 0xff, 0xff, 0xff, 0xff, 0x30, 0xe9, 0x9f,
    0x10, 0x0, 0x4, 0xf6, 0x0, 0x0, 0x2, 0x8,
    0xf1, 0x0, 0x0, 0x4f, 0x60, 0x0, 0x0, 0x0,
    0x8f, 0x10, 0x0, 0x4, 0xf6, 0x0, 0x0, 0x0,
    0x8, 0xf1, 0x0, 0x0, 0x4f, 0x60, 0x0, 0x0,
    0x0, 0x8f, 0x17, 0x88, 0x8b, 0xfb, 0x88, 0x88,
    0x0, 0x8, 0xf1, 0xdf, 0xff, 0xff, 0xff, 0xff,
    0xe0,

    /* U+5730 "地" */
    0x0, 0x0, 0x0, 0x0, 0x0, 0x2, 0x20, 0x0,
    0x0, 0x0, 0xf, 0x80, 0x0, 0x0, 0xa, 0xe0,
    0x0, 0x0, 0x0, 0xf, 0x80, 0x3, 0x60, 0xa,
    0xe0, 0x0, 0x0, 0x0, 0xf, 0x80, 0x7, 0xf1,
    0xa, 0xe0, 0x0, 0x0, 0x0, 0xf, 0x80, 0x7,
    0xf1, 0xa, 0xe2, 0x8f, 0x70, 0x3f, 0xff, 0xff,
    0x87, 0xf1, 0xb, 0xff, 0xff, 0x80, 0x2a, 0xaf,
    0xda, 0x57, 0xf9, 0xef, 0xf9, 0x3f, 0x80, 0x0,
    0xf, 0x80, 0x3c, 0xff, 0xdd, 0xe0, 0x1f, 0x80,
    0x0, 0xf, 0x80, 0xff, 0xf4, 0xa, 0xe0, 0x1f,
    0x70, 0x0, 0xf, 0x80, 0x59, 0xf1, 0xa, 0xe0,
    0x1f, 0x70, 0x0, 0xf, 0x80, 0x27, 0xf1, 0xa,
    0xe0, 0x2f, 0x60, 0x0, 0xf, 0xdf, 0xa7, 0xf1,
    0xa, 0xe7, 0xef, 0x30, 0x6, 0xcf, 0xfa, 0x37,
    0xf1, 0xa, 0xe2, 0x74, 0x0, 0x2f, 0xf9, 0x20,
    0x7, 0xf1, 0x2, 0x30, 0x2, 0xb2, 0x6, 0x10,
    0x0, 0x7, 0xf1, 0x0, 0x0, 0x5, 0xf3, 0x0,
    0x0, 0x0, 0x5, 0xfb, 0x87, 0x77, 0x8d, 0xf0,
    0x0, 0x0, 0x0, 0x0, 0xae, 0xff, 0xff, 0xfd,
    0x50,

    /* U+573A "场" */
    0x0, 0xf, 0x90, 0x0, 0x0, 0x0, 0x0, 0x10,
    0x0, 0x0, 0xf9, 0x3, 0xff, 0xff, 0xff, 0xfe,
    0x20, 0x0, 0xf, 0x90, 0x29, 0x99, 0x9a, 0xff,
    0x80, 0x0, 0x0, 0xf9, 0x0, 0x0, 0x4, 0xee,
    0x40, 0x0, 0xb, 0xbf, 0xeb, 0x50, 0x19, 0xfa,
    0x10, 0x0, 0x0, 0xbb, 0xfd, 0xb5, 0x8f, 0xfc,
    0x88, 0x88, 0x87, 0x0, 0xf, 0x90, 0xd, 0xff,
    0xff, 0xff, 0xff, 0xe0, 0x0, 0xf9, 0x0, 0x21,
    0x7f, 0x37, 0xf2, 0xcd, 0x0, 0xf, 0x90, 0x0,
    0xe, 0xa0, 0xdb, 0xd, 0xc0, 0x0, 0xf9, 0x0,
    0x9, 0xf2, 0x3f, 0x50, 0xfb, 0x0, 0xf, 0xa6,
    0x59, 0xf6, 0xc, 0xd0, 0xf, 0x90, 0x16, 0xff,
    0xfc, 0xf6, 0x5, 0xf4, 0x2, 0xf8, 0x2f, 0xff,
    0x93, 0x1, 0x2, 0xfb, 0x0, 0x5f, 0x60, 0xb6,
    0x0, 0x0, 0x2, 0xed, 0x0, 0x8, 0xf3, 0x0,
    0x0, 0x0, 0x5, 0xfe, 0x20, 0x89, 0xfe, 0x0,
    0x0, 0x0, 0x0, 0x8c, 0x10, 0xd, 0xfe, 0x50,
    0x0, 0x0, 0x0, 0x0, 0x0, 0x0, 0x0, 0x0,
    0x0,

    /* U+578B "型" */
    0x0, 0x0, 0x0, 0x0, 0x0, 0x0, 0x0, 0x7f,
    0x10, 0x2, 0xff, 0xff, 0xff, 0xfd, 0xc, 0xc0,
    0x7f, 0x10, 0x1, 0x7c, 0xf7, 0x9f, 0xb6, 0xc,
    0xc0, 0x7f, 0x10, 0x0, 0x9, 0xe0, 0x2f, 0x60,
    0xc, 0xc0, 0x7f, 0x10, 0x6, 0x8d, 0xf8, 0x9f,
    0xb8, 0x2c, 0xc0, 0x7f, 0x10, 0xc, 0xff, 0xff,
    0xff, 0xff, 0x4c, 0xc0, 0x7f, 0x10, 0x0, 0xf,
    0xa0, 0x2f, 0x60, 0xc, 0xc0, 0x7f, 0x10, 0x0,
    0x8f, 0x50, 0x2f, 0x60, 0x0, 0x0, 0x7f, 0x10,
    0x9, 0xfa, 0x0, 0x2f, 0x60, 0x0, 0xad, 0xff,
    0x0, 0x5, 0x90, 0x0, 0x16, 0xbb, 0x0, 0x49,
    0x83, 0x0, 0x0, 0x0, 0x0, 0x0, 0xde, 0x0,
    0x0, 0x0, 0x0, 0x0, 0x3f, 0xff, 0xff, 0xff,
    0xff, 0xff, 0xf3, 0x0, 0x0, 0x17, 0x77, 0x77,
    0xef, 0x77, 0x77, 0x71, 0x0, 0x0, 0x0, 0x0,
    0x0, 0xce, 0x0, 0x0, 0x0, 0x0, 0x9, 0x99,
    0x99, 0x99, 0xef, 0x99, 0x99, 0x99, 0x90, 0xf,
    0xff, 0xff, 0xff, 0xff, 0xff, 0xff, 0xff, 0xf0,

    /* U+57DF "域" */
    0x0, 0x0, 0x0, 0x0, 0x0, 0x0, 0x20, 0x0,
    0x0, 0x0, 0x7f, 0x10, 0x0, 0x0, 0x4, 0xf5,
    0xca, 0x0, 0x0, 0x7f, 0x10, 0x0, 0x0, 0x4,
    0xf5, 0x3f, 0xa0, 0x0, 0x7f, 0x11, 0x88, 0x88,
    0x8a, 0xfa, 0x8c, 0xb0, 0x0, 0x7f, 0x11, 0xff,
    0xff, 0xff, 0xff, 0xff, 0xf0, 0x2b, 0xdf, 0xc7,
    0x0, 0x0, 0x2, 0xf6, 0x0, 0x0, 0x3f, 0xff,
    0xf9, 0x35, 0x55, 0x51, 0xf7, 0x4, 0x10, 0x0,
    0x7f, 0x10, 0x9f, 0xff, 0xe0, 0xf8, 0x1f, 0x80,
    0x0, 0x7f, 0x10, 0x9a, 0x6, 0xe0, 0xf9, 0x6f,
    0x20, 0x0, 0x7f, 0x10, 0x9a, 0x6, 0xe0, 0xda,
    0xcd, 0x0, 0x0, 0x7f, 0x10, 0x9c, 0x59, 0xe0,
    0xbd, 0xf7, 0x0, 0x0, 0x7f, 0x46, 0x8f, 0xff,
    0xe0, 0x9f, 0xe0, 0x0, 0x0, 0x9f, 0xfc, 0x0,
    0x3, 0x76, 0x9f, 0x70, 0x0, 0x2e, 0xfc, 0x53,
    0x7b, 0xff, 0xfd, 0xff, 0x50, 0x50, 0xa, 0x40,
    0x7, 0xeb, 0x73, 0x5f, 0xce, 0xb0, 0xf3, 0x0,
    0x0, 0x0, 0x0, 0x8, 0xfb, 0x7, 0xfb, 0xf1,
    0x0, 0x0, 0x0, 0x0, 0x3, 0x90, 0x0, 0xaf,
    0x80,

    /* U+5883 "境" */
    0x0, 0x0, 0x0, 0x0, 0x0, 0x3, 0x10, 0x0,
    0x0, 0x0, 0x1f, 0x80, 0x0, 0x0, 0x1f, 0x90,
    0x0, 0x0, 0x0, 0x1f, 0x80, 0x9, 0xff, 0xff,
    0xff, 0xff, 0x60, 0x0, 0x1f, 0x80, 0x4, 0x7b,
    0x86, 0x69, 0xa6, 0x30, 0x0, 0x1f, 0x80, 0x0,
    0xf, 0x70, 0xb, 0xd0, 0x0, 0x9, 0xaf, 0xd9,
    0x27, 0x7e, 0xd7, 0x7f, 0xb7, 0x60, 0xe, 0xff,
    0xff, 0x4f, 0xff, 0xff, 0xff, 0xff, 0xe0, 0x0,
    0x1f, 0x80, 0x1, 0x33, 0x33, 0x33, 0x33, 0x0,
    0x0, 0x1f, 0x80, 0x4, 0xfe, 0xee, 0xee, 0xff,
    0x0, 0x0, 0x1f, 0x80, 0x4, 0xf5, 0x22, 0x22,
    0xaf, 0x0, 0x0, 0x1f, 0x80, 0x4, 0xfe, 0xee,
    0xee, 0xff, 0x0, 0x0, 0x1f, 0x80, 0x14, 0xf5,
    0x22, 0x22, 0xaf, 0x0, 0x0, 0x1f, 0xef, 0x94,
    0xff, 0xff, 0xff, 0xff, 0x0, 0x1a, 0xef, 0xf9,
    0x30, 0xc, 0xd0, 0x8f, 0x0, 0x0, 0xd, 0xa5,
    0x0, 0x0, 0x4f, 0x80, 0x8f, 0x0, 0xb2, 0x0,
    0x0, 0x0, 0x39, 0xfd, 0x0, 0x8f, 0x55, 0xf4,
    0x0, 0x0, 0x3, 0xfe, 0x90, 0x0, 0x3d, 0xff,
    0xb0, 0x0, 0x0, 0x0, 0x20, 0x0, 0x0, 0x0,
    0x0, 0x0,

    /* U+58F0 "声" */
    0x0, 0x0, 0x0, 0x1, 0xf9, 0x0, 0x0, 0x0,
    0x0, 0x67, 0x77, 0x77, 0x8f, 0xc7, 0x77, 0x77,
    0x73, 0xe, 0xff, 0xff, 0xff, 0xff, 0xff, 0xff,
    0xff, 0x70, 0x0, 0x0, 0x0, 0x1f, 0x90, 0x0,
    0x0, 0x0, 0x0, 0xcf, 0xff, 0xff, 0xff, 0xff,
    0xff, 0xfa, 0x0, 0x6, 0x77, 0x77, 0x77, 0x77,
    0x77, 0x77, 0x50, 0x0, 0x1, 0x11, 0x11, 0x11,
    0x11, 0x11, 0x10, 0x0, 0x7, 0xff, 0xff, 0xff,
    0xff, 0xff, 0xff, 0x60, 0x0, 0x7f, 0x64, 0x44,
    0xfb, 0x44, 0x47, 0xf6, 0x0, 0x7, 0xf2, 0x0,
    0xf, 0x90, 0x0, 0x4f, 0x60, 0x0, 0x8f, 0x75,
    0x56, 0xfb, 0x55, 0x58, 0xf6, 0x0, 0xb, 0xff,
    0xff, 0xff, 0xff, 0xff, 0xff, 0x60, 0x0, 0xec,
    0x0, 0x0, 0x0, 0x0, 0x5, 0xf6, 0x0, 0x5f,
    0x60, 0x0, 0x0, 0x0, 0x0, 0x0, 0x0, 0x1e,
    0xf1, 0x0, 0x0, 0x0, 0x0, 0x0, 0x0, 0x6,
    0xf5, 0x0, 0x0, 0x0, 0x0, 0x0, 0x0, 0x0,
    0x3, 0x0, 0x0, 0x0, 0x0, 0x0, 0x0, 0x0,
    0x0,

    /* U+5907 "备" */
    0x0, 0x0, 0x0, 0x0, 0x0, 0x0, 0x0, 0x0,
    0x0, 0x0, 0x0, 0x0, 0xcd, 0x20, 0x0, 0x0,
    0x0, 0x0, 0x0, 0x0, 0x9, 0xfd, 0x77, 0x77,
    0x78, 0x20, 0x0, 0x0, 0x0, 0xaf, 0xff, 0xff,
    0xff, 0xff, 0x60, 0x0, 0x0, 0x4d, 0xff, 0x80,
    0x0, 0xa, 0xf9, 0x0, 0x0, 0x5, 0xfd, 0x48,
    0xfc, 0x45, 0xdf, 0x70, 0x0, 0x0, 0x0, 0x50,
    0x0, 0x5f, 0xff, 0xf5, 0x0, 0x0, 0x0, 0x0,
    0x3, 0x7b, 0xff, 0xdd, 0xff, 0xd8, 0x53, 0x0,
    0x3d, 0xff, 0xfe, 0x93, 0x0, 0x38, 0xdf, 0xff,
    0xf4, 0xb, 0x9c, 0x96, 0x66, 0x66, 0x66, 0x67,
    0xa6, 0x70, 0x0, 0xf, 0xff, 0xff, 0xff, 0xff,
    0xff, 0xf0, 0x0, 0x0, 0xf, 0xb0, 0x0, 0xed,
    0x0, 0xd, 0xf0, 0x0, 0x0, 0xf, 0xc5, 0x55,
    0xfe, 0x55, 0x5e, 0xf0, 0x0, 0x0, 0xf, 0xff,
    0xff, 0xff, 0xff, 0xff, 0xf0, 0x0, 0x0, 0xf,
    0xb0, 0x0, 0xec, 0x0, 0xc, 0xf0, 0x0, 0x0,
    0xf, 0xd7, 0x77, 0xfe, 0x77, 0x7e, 0xf0, 0x0,
    0x0, 0xf, 0xff, 0xff, 0xff, 0xff, 0xff, 0xf0,
    0x0,

    /* U+590D "复" */
    0x0, 0x0, 0x0, 0x0, 0x0, 0x0, 0x0, 0x0,
    0x0, 0x0, 0x0, 0x8d, 0x20, 0x0, 0x0, 0x0,
    0x0, 0x0, 0x0, 0x3, 0xfe, 0x66, 0x66, 0x66,
    0x66, 0x66, 0x20, 0x0, 0x1d, 0xff, 0xff, 0xff,
    0xff, 0xff, 0xff, 0x50, 0x3, 0xef, 0x50, 0x0,
    0x0, 0x0, 0x0, 0x0, 0x0, 0xb, 0xf6, 0xff,
    0xff, 0xff, 0xff, 0xff, 0xf1, 0x0, 0x1, 0x31,
    0xfa, 0x11, 0x11, 0x11, 0x1b, 0xf1, 0x0, 0x0,
    0x1, 0xff, 0xff, 0xff, 0xff, 0xff, 0xf1, 0x0,
    0x0, 0x1, 0xfa, 0x11, 0x11, 0x11, 0x1b, 0xf1,
    0x0, 0x0, 0x1, 0xff, 0xee, 0xee, 0xee, 0xef,
    0xf1, 0x0, 0x0, 0x0, 0x2a, 0xf6, 0x22, 0x22,
    0x22, 0x20, 0x0, 0x0, 0x0, 0x8f, 0xfe, 0xee,
    0xee, 0xef, 0x70, 0x0, 0x0, 0x2c, 0xff, 0xb5,
    0x55, 0x57, 0xfe, 0x20, 0x0, 0x0, 0xde, 0x44,
    0xeb, 0x31, 0x8f, 0xd3, 0x0, 0x0, 0x0, 0x11,
    0x0, 0x3f, 0xff, 0xfb, 0x0, 0x0, 0x0, 0x5,
    0x78, 0xbe, 0xff, 0xca, 0xef, 0xfc, 0xa9, 0x71,
    0xe, 0xfe, 0xc9, 0x51, 0x0, 0x3, 0x8a, 0xcf,
    0xc0, 0x1, 0x10, 0x0, 0x0, 0x0, 0x0, 0x0,
    0x0, 0x0,

    /* U+5916 "外" */
    0x0, 0x0, 0x0, 0x0, 0x0, 0x0, 0x0, 0x0,
    0x0, 0x0, 0x0, 0xe8, 0x0, 0x0, 0x1f, 0xa0,
    0x0, 0x0, 0x0, 0x5, 0xf7, 0x0, 0x0, 0x1f,
    0xa0, 0x0, 0x0, 0x0, 0xa, 0xfa, 0x88, 0x83,
    0x1f, 0xa0, 0x0, 0x0, 0x0, 0xe, 0xff, 0xff,
    0xf9, 0x1f, 0xa0, 0x0, 0x0, 0x0, 0x5f, 0x70,
    0x6, 0xf7, 0x1f, 0xa0, 0x0, 0x0, 0x0, 0xcf,
    0x10, 0x9, 0xf4, 0x1f, 0xd9, 0x0, 0x0, 0x6,
    0xf8, 0x0, 0xd, 0xf0, 0x1f, 0xff, 0xc1, 0x0,
    0xe, 0xe9, 0xe3, 0x2f, 0xb0, 0x1f, 0xb8, 0xfd,
    0x10, 0x2, 0x33, 0xef, 0xcf, 0x40, 0x1f, 0xa0,
    0x7f, 0xd1, 0x0, 0x0, 0x1b, 0xfd, 0x0, 0x1f,
    0xa0, 0x8, 0xd2, 0x0, 0x0, 0xa, 0xf6, 0x0,
    0x1f, 0xa0, 0x0, 0x0, 0x0, 0x0, 0x7f, 0xc0,
    0x0, 0x1f, 0xa0, 0x0, 0x0, 0x0, 0x5, 0xfe,
    0x10, 0x0, 0x1f, 0xa0, 0x0, 0x0, 0x1, 0xaf,
    0xf4, 0x0, 0x0, 0x1f, 0xa0, 0x0, 0x0, 0xd,
    0xfd, 0x30, 0x0, 0x0, 0x1f, 0xa0, 0x0, 0x0,
    0x2, 0x90, 0x0, 0x0, 0x0, 0x1f, 0xa0, 0x0,
    0x0,

    /* U+591A "多" */
    0x0, 0x0, 0x0, 0x0, 0x0, 0x0, 0x0, 0x0,
    0x0, 0x0, 0x0, 0x7f, 0x70, 0x0, 0x0, 0x0,
    0x0, 0x0, 0x8, 0xff, 0x88, 0x88, 0x70, 0x0,
    0x0, 0x3, 0xcf, 0xff, 0xff, 0xff, 0xf2, 0x0,
    0x2, 0x9f, 0xe5, 0x0, 0x0, 0xbf, 0x40, 0x0,
    0xb, 0xf9, 0x6d, 0x40, 0x2c, 0xf7, 0x0, 0x0,
    0x0, 0x10, 0x1c, 0xfb, 0xfe, 0x40, 0x0, 0x0,
    0x0, 0x0, 0x39, 0xff, 0xa6, 0xb5, 0x0, 0x0,
    0x16, 0x9e, 0xff, 0x92, 0x4f, 0xf4, 0x22, 0x20,
    0x4f, 0xfb, 0x61, 0x8, 0xff, 0xff, 0xff, 0xfb,
    0x3, 0x0, 0x4, 0xdf, 0xa5, 0x55, 0x5d, 0xf5,
    0x0, 0x6, 0xcf, 0xe5, 0x10, 0x0, 0x9f, 0xa0,
    0x0, 0x2f, 0xd6, 0x1e, 0xd3, 0x1a, 0xfc, 0x0,
    0x0, 0x2, 0x0, 0x3, 0xef, 0xef, 0x80, 0x0,
    0x0, 0x0, 0x0, 0x5a, 0xef, 0xd3, 0x0, 0x0,
    0x24, 0x79, 0xcf, 0xff, 0xb5, 0x0, 0x0, 0x0,
    0x7f, 0xff, 0xeb, 0x61, 0x0, 0x0, 0x0, 0x0,
    0x16, 0x30, 0x0, 0x0, 0x0, 0x0, 0x0, 0x0,

    /* U+591C "夜" */
    0x0, 0x0, 0x0, 0x0, 0x0, 0x0, 0x0, 0x0,
    0x0, 0x0, 0x0, 0x0, 0x2, 0xd8, 0x0, 0x0,
    0x0, 0x0, 0x0, 0x0, 0x0, 0x0, 0xdf, 0x20,
    0x0, 0x0, 0x0, 0xd, 0xff, 0xff, 0xff, 0xff,
    0xff, 0xff, 0xff, 0xe0, 0x7, 0x88, 0x9e, 0xa8,
    0x89, 0xfa, 0x88, 0x88, 0x70, 0x0, 0x0, 0x8f,
    0x50, 0x8, 0xf4, 0x0, 0x0, 0x0, 0x0, 0x2,
    0xfc, 0x0, 0x1f, 0xff, 0xff, 0xfe, 0x40, 0x0,
    0xc, 0xf3, 0x0, 0xbf, 0x88, 0x88, 0xcf, 0x20,
    0x0, 0x8f, 0xf0, 0x8, 0xf7, 0x8a, 0x0, 0xeb,
    0x0, 0x8, 0xff, 0xf1, 0x8f, 0xf7, 0x3e, 0xb6,
    0xf5, 0x0, 0x4f, 0xca, 0xf4, 0xfb, 0x9f, 0x23,
    0x5e, 0xd0, 0x0, 0x5, 0x9, 0xf0, 0x30, 0xd,
    0xd1, 0xcf, 0x20, 0x0, 0x0, 0x9, 0xf0, 0x0,
    0x2, 0xfe, 0xf5, 0x0, 0x0, 0x0, 0x9, 0xf0,
    0x0, 0x2, 0xdf, 0xf3, 0x0, 0x0, 0x0, 0x9,
    0xf0, 0x1, 0x8f, 0xf9, 0xef, 0x92, 0x0, 0x0,
    0x9, 0xf2, 0xaf, 0xfc, 0x20, 0x1b, 0xff, 0xc2,
    0x0, 0x9, 0xf1, 0x9a, 0x30, 0x0, 0x0, 0x4a,
    0xb0, 0x0, 0x0, 0x0, 0x0, 0x0, 0x0, 0x0,
    0x0, 0x0,

    /* U+5929 "天" */
    0x0, 0xbc, 0xcc, 0xcc, 0xcc, 0xcc, 0xcc, 0xcc,
    0x20, 0x0, 0xef, 0xff, 0xff, 0xff, 0xff, 0xff,
    0xff, 0x20, 0x0, 0x0, 0x0, 0x0, 0xdd, 0x0,
    0x0, 0x0, 0x0, 0x0, 0x0, 0x0, 0x0, 0xdd,
    0x0, 0x0, 0x0, 0x0, 0x0, 0x0, 0x0, 0x0,
    0xed, 0x0, 0x0, 0x0, 0x0, 0x5, 0x99, 0x99,
    0x99, 0xfe, 0x99, 0x99, 0x99, 0x80, 0x9, 0xff,
    0xff, 0xff, 0xff, 0xff, 0xff, 0xff, 0xe0, 0x1,
    0x11, 0x11, 0x18, 0xff, 0x91, 0x11, 0x11, 0x10,
    0x0, 0x0, 0x0, 0xd, 0xfd, 0xf1, 0x0, 0x0,
    0x0, 0x0, 0x0, 0x0, 0x6f, 0xb3, 0xfa, 0x0,
    0x0, 0x0, 0x0, 0x0, 0x3, 0xff, 0x20, 0xaf,
    0x70, 0x0, 0x0, 0x0, 0x0, 0x5f, 0xf5, 0x0,
    0xd, 0xf8, 0x0, 0x0, 0x0, 0x19, 0xff, 0x60,
    0x0, 0x1, 0xdf, 0xc3, 0x0, 0x9, 0xff, 0xd3,
    0x0, 0x0, 0x0, 0xa, 0xff, 0xd3, 0x8, 0xd6,
    0x0, 0x0, 0x0, 0x0, 0x0, 0x4b, 0xd0, 0x0,
    0x0, 0x0, 0x0, 0x0, 0x0, 0x0, 0x0, 0x0,

    /* U+5931 "失" */
    0x0, 0x0, 0xa6, 0x0, 0xfc, 0x0, 0x0, 0x0,
    0x0, 0x0, 0x6, 0xf8, 0x0, 0xfc, 0x0, 0x0,
    0x0, 0x0, 0x0, 0xc, 0xf3, 0x0, 0xfc, 0x0,
    0x0, 0x0, 0x0, 0x0, 0x2f, 0xff, 0xff, 0xff,
    0xff, 0xff, 0xf7, 0x0, 0x0, 0xaf, 0xba, 0xaa,
    0xfe, 0xaa, 0xaa, 0xa4, 0x0, 0x4, 0xfc, 0x0,
    0x0, 0xfc, 0x0, 0x0, 0x0, 0x0, 0x9, 0xf3,
    0x0, 0x0, 0xfb, 0x0, 0x0, 0x0, 0x0, 0x0,
    0x20, 0x0, 0x1, 0xfb, 0x0, 0x0, 0x0, 0x0,
    0xf, 0xff, 0xff, 0xff, 0xff, 0xff, 0xff, 0xff,
    0xf0, 0xa, 0xaa, 0xaa, 0xae, 0xff, 0xda, 0xaa,
    0xaa, 0xa0, 0x0, 0x0, 0x0, 0xe, 0xfe, 0xe0,
    0x0, 0x0, 0x0, 0x0, 0x0, 0x0, 0x9f, 0x86,
    0xf9, 0x0, 0x0, 0x0, 0x0, 0x0, 0x8, 0xfd,
    0x10, 0xcf, 0x80, 0x0, 0x0, 0x0, 0x2, 0xbf,
    0xe2, 0x0, 0x1d, 0xfb, 0x20, 0x0, 0x3, 0xaf,
    0xfb, 0x10, 0x0, 0x1, 0xbf, 0xfa, 0x40, 0xd,
    0xfd, 0x60, 0x0, 0x0, 0x0, 0x6, 0xdf, 0xf2,
    0x3, 0x40, 0x0, 0x0, 0x0, 0x0, 0x0, 0x3,
    0x40,

    /* U+594F "奏" */
    0x0, 0x0, 0x0, 0x0, 0x0, 0x0, 0x0, 0x0,
    0x0, 0x0, 0x0, 0x0, 0x0, 0xdd, 0x0, 0x0,
    0x0, 0x0, 0x0, 0xaf, 0xff, 0xff, 0xff, 0xff,
    0xff, 0xfc, 0x0, 0x0, 0x45, 0x55, 0x58, 0xfa,
    0x55, 0x55, 0x54, 0x0, 0x0, 0x5, 0x55, 0x59,
    0xf8, 0x55, 0x55, 0x50, 0x0, 0x0, 0xf, 0xff,
    0xff, 0xff, 0xff, 0xff, 0xf1, 0x0, 0x0, 0x0,
    0x0, 0x5f, 0x70, 0x0, 0x0, 0x0, 0x0, 0xe,
    0xff, 0xff, 0xff, 0xff, 0xff, 0xff, 0xff, 0xf0,
    0x6, 0x66, 0x7f, 0xf7, 0x66, 0x6f, 0xe6, 0x66,
    0x60, 0x0, 0x1, 0xcf, 0xb3, 0x33, 0x39, 0xfc,
    0x10, 0x0, 0x0, 0x4d, 0xfb, 0xff, 0xff, 0xff,
    0xbf, 0xe6, 0x0, 0x1c, 0xff, 0x60, 0x11, 0xcc,
    0x11, 0x4, 0xef, 0xe3, 0xa, 0xb7, 0x66, 0x66,
    0xed, 0x66, 0x66, 0x68, 0xb0, 0x0, 0xa, 0xee,
    0xef, 0xfe, 0xee, 0xee, 0xa0, 0x0, 0x0, 0x0,
    0x0, 0x5f, 0xd2, 0xda, 0x30, 0x0, 0x0, 0x0,
    0x0, 0x4b, 0xfc, 0x11, 0x7e, 0xfd, 0x50, 0x0,
    0x0, 0x6e, 0xfe, 0x60, 0x0, 0x0, 0x6e, 0xfa,
    0x0, 0x0, 0x18, 0x40, 0x0, 0x0, 0x0, 0x0,
    0x72, 0x0,

    /* U+5973 "女" */
    0x0, 0x0, 0x0, 0x2, 0x10, 0x0, 0x0, 0x0,
    0x0, 0x0, 0x0, 0x0, 0xef, 0x0, 0x0, 0x0,
    0x0, 0x0, 0x0, 0x0, 0x3f, 0xa0, 0x0, 0x0,
    0x0, 0x0, 0x0, 0x0, 0x9, 0xf5, 0x0, 0x0,
    0x0, 0x0, 0x0, 0x0, 0x0, 0xef, 0x10, 0x0,
    0x0, 0x0, 0x0, 0xdf, 0xff, 0xff, 0xff, 0xff,
    0xff, 0xff, 0xfe, 0xb, 0xdd, 0xdf, 0xfd, 0xdd,
    0xde, 0xff, 0xdd, 0xc0, 0x0, 0x1, 0xfd, 0x0,
    0x0, 0x6f, 0x80, 0x0, 0x0, 0x0, 0x8f, 0x70,
    0x0, 0xc, 0xf3, 0x0, 0x0, 0x0, 0x1f, 0xf1,
    0x0, 0x1, 0xfd, 0x0, 0x0, 0x0, 0x8, 0xfd,
    0x30, 0x0, 0xaf, 0x70, 0x0, 0x0, 0x0, 0x5c,
    0xff, 0xc5, 0x5f, 0xd0, 0x0, 0x0, 0x0, 0x0,
    0x3, 0xaf, 0xff, 0xf5, 0x0, 0x0, 0x0, 0x0,
    0x0, 0x0, 0x9f, 0xff, 0xe7, 0x0, 0x0, 0x0,
    0x0, 0x27, 0xef, 0xf6, 0x9f, 0xfe, 0x60, 0x0,
    0x7a, 0xdf, 0xff, 0x91, 0x0, 0x2a, 0xff, 0xc3,
    0xa, 0xff, 0xb6, 0x10, 0x0, 0x0, 0x4, 0xdf,
    0x30, 0x12, 0x0, 0x0, 0x0, 0x0, 0x0, 0x0,
    0x30,

    /* U+597D "好" */
    0x0, 0x0, 0x0, 0x0, 0x0, 0x0, 0x0, 0x0,
    0x0, 0x0, 0xf, 0xa0, 0x0, 0x0, 0x0, 0x0,
    0x0, 0x0, 0x0, 0x1f, 0x80, 0x0, 0x6d, 0xdd,
    0xdd, 0xdd, 0x50, 0x0, 0x4f, 0x50, 0x0, 0x4a,
    0xaa, 0xaa, 0xff, 0x50, 0x17, 0xaf, 0x97, 0x85,
    0x0, 0x0, 0x7, 0xf9, 0x0, 0x3f, 0xff, 0xff,
    0xfb, 0x0, 0x0, 0x5f, 0xb0, 0x0, 0x0, 0xdc,
    0x1, 0xf8, 0x0, 0x2, 0xfc, 0x0, 0x0, 0x1,
    0xf8, 0x2, 0xf6, 0x0, 0x3, 0xf7, 0x0, 0x0,
    0x5, 0xf4, 0x6, 0xf6, 0x99, 0x9b, 0xfc, 0x99,
    0x92, 0x9, 0xf1, 0xa, 0xf3, 0xff, 0xff, 0xff,
    0xff, 0xf4, 0xc, 0xf9, 0x1f, 0xa0, 0x0, 0x3,
    0xf7, 0x0, 0x0, 0x0, 0xaf, 0xff, 0x40, 0x0,
    0x3, 0xf7, 0x0, 0x0, 0x0, 0x6, 0xff, 0x50,
    0x0, 0x3, 0xf7, 0x0, 0x0, 0x0, 0xc, 0xfe,
    0xf6, 0x0, 0x3, 0xf7, 0x0, 0x0, 0x1, 0xbf,
    0x72, 0xec, 0x0, 0x3, 0xf7, 0x0, 0x0, 0x3e,
    0xf9, 0x0, 0x21, 0x7, 0x8b, 0xf6, 0x0, 0x0,
    0xb, 0x50, 0x0, 0x0, 0x8, 0xff, 0xb1, 0x0,
    0x0, 0x0, 0x0, 0x0, 0x0, 0x0, 0x0, 0x0,
    0x0, 0x0,

    /* U+59CB "始" */
    0x0, 0x0, 0x0, 0x0, 0x0, 0x0, 0x0, 0x0,
    0x0, 0x0, 0xf, 0x80, 0x0, 0x0, 0x5f, 0x80,
    0x0, 0x0, 0x0, 0x2f, 0x60, 0x0, 0x0, 0xcf,
    0x30, 0x0, 0x0, 0x0, 0x5f, 0x30, 0x0, 0x4,
    0xfa, 0x1, 0x60, 0x0, 0x17, 0xbf, 0x98, 0x70,
    0xc, 0xf2, 0x7, 0xf6, 0x0, 0x2f, 0xff, 0xff,
    0xe0, 0x5f, 0x60, 0x0, 0xbf, 0x20, 0x0, 0xda,
    0xa, 0xd2, 0xed, 0x34, 0x56, 0x9f, 0xb0, 0x1,
    0xf6, 0xc, 0xbb, 0xff, 0xff, 0xff, 0xff, 0xf3,
    0x4, 0xf3, 0xe, 0x95, 0xa8, 0x65, 0x32, 0x11,
    0xe6, 0x9, 0xf0, 0x2f, 0x60, 0x0, 0x0, 0x0,
    0x0, 0x0, 0xb, 0xf7, 0x6f, 0x20, 0xef, 0xff,
    0xff, 0xff, 0x70, 0x1, 0xbf, 0xfd, 0x0, 0xed,
    0x88, 0x88, 0x9f, 0x80, 0x0, 0x9, 0xfd, 0x0,
    0xe9, 0x0, 0x0, 0x1f, 0x80, 0x0, 0xc, 0xff,
    0xb0, 0xe9, 0x0, 0x0, 0x1f, 0x80, 0x0, 0x8f,
    0x67, 0xf1, 0xe9, 0x0, 0x0, 0x1f, 0x80, 0xa,
    0xf9, 0x0, 0x30, 0xef, 0xff, 0xff, 0xff, 0x80,
    0xa, 0x60, 0x0, 0x0, 0xec, 0x88, 0x88, 0x8f,
    0x80,

    /* U+5B89 "安" */
    0x0, 0x0, 0x0, 0x0, 0x0, 0x0, 0x0, 0x0,
    0x0, 0x0, 0x0, 0x5e, 0x60, 0x0, 0x0, 0x0,
    0x0, 0x0, 0x0, 0x2f, 0xe1, 0x0, 0x0, 0x0,
    0x4f, 0xff, 0xff, 0xff, 0xff, 0xff, 0xff, 0xf7,
    0x4f, 0xb8, 0x88, 0x88, 0x88, 0x88, 0x8a, 0xf7,
    0x4f, 0x60, 0x0, 0x9a, 0x20, 0x0, 0x4, 0xf7,
    0x3b, 0x40, 0x2, 0xfd, 0x0, 0x0, 0x3, 0xb5,
    0x0, 0x0, 0x9, 0xf7, 0x0, 0x0, 0x0, 0x0,
    0xaf, 0xff, 0xff, 0xff, 0xff, 0xff, 0xff, 0xfe,
    0x68, 0x88, 0xff, 0x98, 0x88, 0xcf, 0xc8, 0x88,
    0x0, 0x6, 0xfb, 0x0, 0x0, 0xdf, 0x10, 0x0,
    0x0, 0x2f, 0xf8, 0x10, 0x7, 0xf9, 0x0, 0x0,
    0x0, 0x29, 0xef, 0xfa, 0x7f, 0xd0, 0x0, 0x0,
    0x0, 0x0, 0x5, 0xbf, 0xff, 0x91, 0x0, 0x0,
    0x0, 0x0, 0x17, 0xef, 0xce, 0xff, 0x92, 0x0,
    0x4, 0x7b, 0xff, 0xd4, 0x0, 0x7e, 0xff, 0x91,
    0x2f, 0xfe, 0xa5, 0x0, 0x0, 0x0, 0x7f, 0xf4,
    0x4, 0x30, 0x0, 0x0, 0x0, 0x0, 0x1, 0x30,

    /* U+5B8C "完" */
    0x0, 0x0, 0x0, 0x0, 0x0, 0x0, 0x0, 0x0,
    0x0, 0x0, 0x0, 0x0, 0x4, 0xf8, 0x0, 0x0,
    0x0, 0x0, 0x0, 0x0, 0x0, 0x1, 0xff, 0x10,
    0x0, 0x0, 0x0, 0x8, 0xff, 0xff, 0xff, 0xff,
    0xff, 0xff, 0xff, 0x70, 0x8, 0xfa, 0x88, 0x88,
    0x88, 0x88, 0x88, 0xaf, 0x70, 0x8, 0xf2, 0x0,
    0x0, 0x0, 0x0, 0x0, 0x3f, 0x70, 0x8, 0xf2,
    0xbf, 0xff, 0xff, 0xff, 0xfa, 0x3f, 0x70, 0x1,
    0x10, 0x78, 0x88, 0x88, 0x88, 0x86, 0x1, 0x0,
    0x0, 0x0, 0x0, 0x0, 0x0, 0x0, 0x0, 0x0,
    0x0, 0x8, 0x99, 0x99, 0x99, 0x99, 0x99, 0x99,
    0x99, 0x80, 0xe, 0xff, 0xff, 0xff, 0xff, 0xff,
    0xff, 0xff, 0xe0, 0x0, 0x0, 0x5, 0xf5, 0x0,
    0xbe, 0x0, 0x0, 0x0, 0x0, 0x0, 0x8, 0xf2,
    0x0, 0xbe, 0x0, 0x0, 0x0, 0x0, 0x0, 0xe,
    0xe0, 0x0, 0xbe, 0x0, 0x3, 0x60, 0x0, 0x1,
    0xaf, 0x70, 0x0, 0xbf, 0x0, 0x6, 0xf1, 0x4,
    0x8e, 0xf9, 0x0, 0x0, 0xbf, 0x98, 0x8d, 0xe0,
    0xc, 0xfc, 0x50, 0x0, 0x0, 0x4e, 0xff, 0xfe,
    0x60, 0x1, 0x10, 0x0, 0x0, 0x0, 0x0, 0x0,
    0x0, 0x0,

    /* U+5B9A "定" */
    0x0, 0x0, 0x0, 0x0, 0x0, 0x0, 0x0, 0x0,
    0x0, 0x0, 0x0, 0x0, 0x4, 0xf7, 0x0, 0x0,
    0x0, 0x0, 0x0, 0x0, 0x0, 0x1, 0xfe, 0x10,
    0x0, 0x0, 0x0, 0x8, 0xff, 0xff, 0xff, 0xff,
    0xff, 0xff, 0xff, 0xa0, 0x8, 0xf9, 0x88, 0x88,
    0x88, 0x88, 0x88, 0x9f, 0xa0, 0x8, 0xf1, 0x0,
    0x0, 0x0, 0x0, 0x0, 0x1f, 0xa0, 0x8, 0xf2,
    0x99, 0x99, 0x99, 0x99, 0x99, 0x2f, 0xa0, 0x0,
    0x11, 0xff, 0xff, 0xff, 0xff, 0xff, 0x21, 0x0,
    0x0, 0x0, 0x0, 0x0, 0xec, 0x0, 0x0, 0x0,
    0x0, 0x0, 0x2, 0xc5, 0x0, 0xec, 0x0, 0x0,
    0x0, 0x0, 0x0, 0x5, 0xf5, 0x0, 0xee, 0x88,
    0x88, 0x70, 0x0, 0x0, 0x9, 0xf3, 0x0, 0xef,
    0xff, 0xff, 0xf0, 0x0, 0x0, 0xe, 0xfb, 0x0,
    0xec, 0x0, 0x0, 0x0, 0x0, 0x0, 0x4f, 0xdf,
    0x70, 0xec, 0x0, 0x0, 0x0, 0x0, 0x0, 0xdf,
    0x1b, 0xfb, 0xfc, 0x0, 0x0, 0x0, 0x0, 0xa,
    0xf7, 0x0, 0xaf, 0xff, 0xcb, 0xaa, 0xaa, 0xa2,
    0x1d, 0xa0, 0x0, 0x3, 0x8c, 0xef, 0xff, 0xff,
    0xe0, 0x0, 0x0, 0x0, 0x0, 0x0, 0x0, 0x0,
    0x0, 0x0,

    /* U+5B9E "实" */
    0x0, 0x0, 0x0, 0x0, 0x0, 0x0, 0x0, 0x0,
    0x0, 0x0, 0x0, 0x1c, 0xb0, 0x0, 0x0, 0x0,
    0x0, 0x0, 0x0, 0xb, 0xf4, 0x0, 0x0, 0x0,
    0x4f, 0xff, 0xff, 0xff, 0xff, 0xff, 0xff, 0xf9,
    0x4f, 0xb8, 0x88, 0x88, 0x88, 0x88, 0x89, 0xf9,
    0x4f, 0x61, 0xd6, 0x0, 0xfc, 0x0, 0x2, 0xf9,
    0x3c, 0x43, 0xdf, 0x90, 0xfb, 0x0, 0x1, 0xc7,
    0x0, 0x0, 0xb, 0xa1, 0xfa, 0x0, 0x0, 0x0,
    0x1, 0xeb, 0x20, 0x2, 0xf9, 0x0, 0x0, 0x0,
    0x0, 0x5e, 0xf2, 0x5, 0xf6, 0x0, 0x0, 0x0,
    0x0, 0x1, 0x60, 0x8, 0xf3, 0x0, 0x0, 0x0,
    0x8f, 0xff, 0xff, 0xff, 0xff, 0xff, 0xff, 0xfe,
    0x37, 0x77, 0x77, 0xcf, 0xb7, 0x77, 0x77, 0x76,
    0x0, 0x0, 0x5, 0xfe, 0x1c, 0xb4, 0x0, 0x0,
    0x0, 0x2, 0xaf, 0xe3, 0x7, 0xdf, 0xe7, 0x0,
    0x17, 0xcf, 0xfb, 0x20, 0x0, 0x4, 0xcf, 0xe6,
    0xd, 0xe9, 0x30, 0x0, 0x0, 0x0, 0x4, 0xd5,
    0x1, 0x0, 0x0, 0x0, 0x0, 0x0, 0x0, 0x0,

    /* U+5BB9 "容" */
    0x0, 0x0, 0x0, 0x0, 0x11, 0x0, 0x0, 0x0,
    0x0, 0x0, 0x0, 0x0, 0x2, 0xfb, 0x0, 0x0,
    0x0, 0x0, 0x4, 0x88, 0x88, 0x88, 0xff, 0x98,
    0x88, 0x88, 0x30, 0x8, 0xff, 0xff, 0xff, 0xff,
    0xff, 0xff, 0xff, 0x70, 0x8, 0xf1, 0x1, 0x20,
    0x0, 0x2, 0x0, 0x3f, 0x70, 0x8, 0xf1, 0x2e,
    0xe1, 0x0, 0x6f, 0xa1, 0x3f, 0x60, 0x0, 0x3,
    0xef, 0x30, 0x67, 0x7, 0xfe, 0x40, 0x0, 0x1,
    0x9f, 0xe3, 0x4, 0xff, 0x20, 0x2d, 0xf6, 0x0,
    0x0, 0xca, 0x10, 0x3e, 0xdd, 0xe3, 0x1, 0xc8,
    0x0, 0x0, 0x0, 0x5, 0xfc, 0x11, 0xdf, 0x60,
    0x0, 0x0, 0x0, 0x1, 0xaf, 0xb0, 0x0, 0x1b,
    0xfc, 0x40, 0x0, 0x1, 0x8f, 0xff, 0x88, 0x88,
    0x88, 0xef, 0xfc, 0x50, 0x1f, 0xfd, 0xff, 0xff,
    0xff, 0xff, 0xff, 0xaf, 0xd0, 0x5, 0x41, 0xf8,
    0x0, 0x0, 0x0, 0xaf, 0x2, 0x10, 0x0, 0x1,
    0xf8, 0x0, 0x0, 0x0, 0xaf, 0x0, 0x0, 0x0,
    0x1, 0xfc, 0x88, 0x88, 0x88, 0xdf, 0x0, 0x0,
    0x0, 0x1, 0xff, 0xff, 0xff, 0xff, 0xff, 0x0,
    0x0,

    /* U+5BC6 "密" */
    0x0, 0x0, 0x0, 0x0, 0x0, 0x0, 0x0, 0x0,
    0x0, 0x0, 0x0, 0x0, 0x1, 0xf9, 0x0, 0x0,
    0x0, 0x0, 0x4, 0x88, 0x88, 0x88, 0xfe, 0x88,
    0x88, 0x88, 0x30, 0x9, 0xff, 0xff, 0xff, 0xff,
    0xff, 0xff, 0xff, 0x60, 0x9, 0xf0, 0x0, 0x5c,
    0x40, 0x0, 0x20, 0x4f, 0x60, 0x9, 0xf0, 0x0,
    0x3a, 0xfa, 0x1c, 0xf2, 0x4f, 0x60, 0x0, 0x2b,
    0x39, 0xe0, 0x48, 0xcf, 0x46, 0x50, 0x0, 0x0,
    0x9f, 0x29, 0xe0, 0x6f, 0xe3, 0xa, 0xf6, 0x0,
    0x7, 0xf8, 0x9, 0xfc, 0xf9, 0x10, 0xa8, 0xaf,
    0x50, 0x8, 0x93, 0x8e, 0xff, 0x95, 0x56, 0xf7,
    0xc, 0xa0, 0x8, 0xdf, 0xfb, 0xdf, 0xff, 0xff,
    0xc1, 0x0, 0x0, 0x8, 0x94, 0x0, 0x0, 0x97,
    0x0, 0x1, 0x20, 0x0, 0x0, 0x1e, 0x80, 0x0,
    0xec, 0x0, 0x9, 0xf1, 0x0, 0x0, 0x1f, 0x80,
    0x0, 0xec, 0x0, 0x9, 0xf1, 0x0, 0x0, 0x1f,
    0xa4, 0x44, 0xfd, 0x44, 0x4b, 0xf1, 0x0, 0x0,
    0x1f, 0xff, 0xff, 0xff, 0xff, 0xff, 0xf1, 0x0,
    0x0, 0x4, 0x44, 0x44, 0x44, 0x44, 0x4b, 0xf1,
    0x0,

    /* U+5BDF "察" */
    0x0, 0x0, 0x0, 0x0, 0x33, 0x0, 0x0, 0x0,
    0x0, 0x0, 0x0, 0x0, 0x0, 0xed, 0x0, 0x0,
    0x0, 0x0, 0x9, 0xee, 0xee, 0xee, 0xff, 0xee,
    0xee, 0xee, 0xb0, 0xa, 0xf7, 0x78, 0x77, 0x78,
    0x77, 0x77, 0x7f, 0xb0, 0xa, 0xe0, 0x7f, 0x20,
    0x1f, 0x40, 0x0, 0xe, 0xb0, 0x0, 0x4, 0xff,
    0xee, 0xdb, 0xff, 0xff, 0xfc, 0x0, 0x0, 0x6f,
    0xa3, 0x3f, 0x83, 0xfa, 0x59, 0xf6, 0x0, 0xb,
    0xf8, 0x6e, 0xce, 0x10, 0x9f, 0x5e, 0xb0, 0x0,
    0x4, 0x5b, 0x3c, 0xf3, 0x0, 0xc, 0xfe, 0x10,
    0x0, 0x0, 0xa, 0xff, 0xff, 0xff, 0xff, 0xdf,
    0xc4, 0x0, 0x3, 0xaf, 0xc2, 0x56, 0x66, 0x66,
    0x16, 0xff, 0xe2, 0xd, 0xed, 0x66, 0x66, 0x66,
    0x66, 0x66, 0x66, 0x70, 0x1, 0xf, 0xff, 0xff,
    0xff, 0xff, 0xff, 0xf1, 0x0, 0x0, 0x0, 0x4b,
    0x40, 0x9f, 0x11, 0x94, 0x0, 0x0, 0x0, 0x18,
    0xfc, 0x10, 0x8f, 0x13, 0xcf, 0xb3, 0x0, 0x6,
    0xff, 0x90, 0x55, 0xcf, 0x0, 0x5, 0xef, 0x70,
    0x1, 0x92, 0x0, 0x9f, 0xe9, 0x0, 0x0, 0x8,
    0x10,

    /* U+5BFC "导" */
    0x9, 0xff, 0xff, 0xff, 0xff, 0xff, 0xfc, 0x0,
    0x9, 0xf8, 0x77, 0x77, 0x77, 0x77, 0xec, 0x0,
    0x9, 0xf8, 0x77, 0x77, 0x77, 0x77, 0xec, 0x0,
    0x9, 0xff, 0xff, 0xff, 0xff, 0xff, 0xfc, 0x0,
    0x9, 0xf2, 0x0, 0x0, 0x0, 0x0, 0x1, 0xa3,
    0x7, 0xfb, 0x66, 0x66, 0x66, 0x66, 0x6b, 0xf5,
    0x0, 0x9d, 0xef, 0xff, 0xff, 0xff, 0xfd, 0x90,
    0x0, 0x0, 0x0, 0x0, 0x0, 0x6a, 0x10, 0x0,
    0x67, 0x77, 0x77, 0x77, 0x77, 0xcf, 0x87, 0x77,
    0xdf, 0xff, 0xff, 0xff, 0xff, 0xff, 0xff, 0xfe,
    0x0, 0x2e, 0xb1, 0x0, 0x0, 0xaf, 0x20, 0x0,
    0x0, 0x6, 0xfd, 0x10, 0x0, 0x9f, 0x10, 0x0,
    0x0, 0x0, 0x5f, 0x90, 0x0, 0x9f, 0x10, 0x0,
    0x0, 0x0, 0x5, 0x6, 0x77, 0xdf, 0x10, 0x0,
    0x0, 0x0, 0x0, 0x9, 0xff, 0xd8, 0x0, 0x0,

    /* U+5C01 "封" */
    0x0, 0x0, 0xcd, 0x0, 0x0, 0x0, 0x1, 0xc7,
    0x0, 0x0, 0x0, 0xcd, 0x0, 0x0, 0x0, 0x1,
    0xf9, 0x0, 0x8, 0xff, 0xff, 0xff, 0x90, 0x0,
    0x1, 0xf9, 0x0, 0x5, 0x88, 0xef, 0x88, 0x50,
    0x0, 0x1, 0xf9, 0x0, 0x0, 0x0, 0xcd, 0x0,
    0xa, 0xff, 0xff, 0xff, 0xf3, 0x0, 0x0, 0xce,
    0x0, 0x8, 0xcc, 0xcc, 0xfe, 0xc3, 0x1f, 0xff,
    0xff, 0xff, 0xf0, 0x0, 0x1, 0xf9, 0x0, 0x7,
    0x77, 0x99, 0x77, 0x70, 0x84, 0x1, 0xf9, 0x0,
    0x0, 0x0, 0xcd, 0x0, 0x0, 0xdd, 0x1, 0xf9,
    0x0, 0x5, 0x77, 0xee, 0x77, 0x60, 0x6f, 0x51,
    0xf9, 0x0, 0xb, 0xff, 0xff, 0xff, 0xc0, 0xf,
    0xc1, 0xf9, 0x0, 0x0, 0x0, 0xce, 0x0, 0x0,
    0x5, 0x21, 0xf9, 0x0, 0x0, 0x0, 0xcd, 0x1,
    0x41, 0x0, 0x1, 0xf9, 0x0, 0x15, 0x79, 0xef,
    0xff, 0xf4, 0x0, 0x1, 0xf9, 0x0, 0x3f, 0xfe,
    0xc9, 0x75, 0x20, 0x7, 0x9b, 0xf7, 0x0, 0x3,
    0x10, 0x0, 0x0, 0x0, 0x7, 0xfe, 0xb1, 0x0,

    /* U+5C0F "小" */
    0x0, 0x0, 0x0, 0x0, 0xdf, 0x0, 0x0, 0x0,
    0x0, 0x0, 0x0, 0x0, 0x0, 0xdf, 0x0, 0x0,
    0x0, 0x0, 0x0, 0x0, 0x0, 0x0, 0xdf, 0x0,
    0x0, 0x0, 0x0, 0x0, 0x0, 0x0, 0x0, 0xdf,
    0x0, 0x0, 0x0, 0x0, 0x0, 0x9, 0xc2, 0x0,
    0xdf, 0x0, 0x4e, 0x60, 0x0, 0x0, 0xe, 0xf1,
    0x0, 0xdf, 0x0, 0x1f, 0xe0, 0x0, 0x0, 0x2f,
    0xb0, 0x0, 0xdf, 0x0, 0x9, 0xf7, 0x0, 0x0,
    0x7f, 0x70, 0x0, 0xdf, 0x0, 0x1, 0xfe, 0x0,
    0x0, 0xdf, 0x20, 0x0, 0xdf, 0x0, 0x0, 0x9f,
    0x60, 0x4, 0xfb, 0x0, 0x0, 0xdf, 0x0, 0x0,
    0x3f, 0xd0, 0xd, 0xf3, 0x0, 0x0, 0xdf, 0x0,
    0x0, 0xd, 0xf2, 0x1b, 0x90, 0x0, 0x0, 0xdf,
    0x0, 0x0, 0x8, 0xf5, 0x0, 0x0, 0x0, 0x0,
    0xdf, 0x0, 0x0, 0x2, 0x20, 0x0, 0x0, 0x0,
    0x0, 0xdf, 0x0, 0x0, 0x0, 0x0, 0x0, 0x0,
    0x1b, 0xbb, 0xfd, 0x0, 0x0, 0x0, 0x0, 0x0,
    0x0, 0xc, 0xff, 0xc4, 0x0, 0x0, 0x0, 0x0,
    0x0, 0x0, 0x0, 0x0, 0x0, 0x0, 0x0, 0x0,
    0x0,

    /* U+5C3D "尽" */
    0x0, 0xc, 0xff, 0xff, 0xff, 0xff, 0xff, 0xf9,
    0x0, 0x0, 0xc, 0xf9, 0x99, 0x99, 0x99, 0x99,
    0xf9, 0x0, 0x0, 0xc, 0xf0, 0x0, 0x0, 0x0,
    0x1, 0xf9, 0x0, 0x0, 0xc, 0xf8, 0x88, 0x88,
    0x88, 0x89, 0xf9, 0x0, 0x0, 0xd, 0xff, 0xff,
    0xff, 0xff, 0xff, 0xf9, 0x0, 0x0, 0xe, 0xc0,
    0x0, 0x0, 0x8, 0xf5, 0x0, 0x0, 0x0, 0x1f,
    0xa0, 0x0, 0x0, 0x2, 0xfd, 0x0, 0x0, 0x0,
    0x5f, 0x60, 0xbe, 0x94, 0x0, 0xaf, 0x60, 0x0,
    0x0, 0xbf, 0x20, 0x5a, 0xff, 0xe7, 0x1f, 0xe1,
    0x0, 0x4, 0xfb, 0x0, 0x0, 0x6, 0xd8, 0x6,
    0xfd, 0x10, 0x1e, 0xf3, 0x0, 0x0, 0x0, 0x0,
    0x0, 0x8f, 0xe3, 0xc, 0x80, 0x2b, 0x73, 0x0,
    0x0, 0x0, 0x6, 0xc0, 0x0, 0x0, 0x5d, 0xff,
    0xfb, 0x61, 0x0, 0x0, 0x0, 0x0, 0x0, 0x0,
    0x26, 0xbf, 0xff, 0xa3, 0x0, 0x0, 0x0, 0x0,
    0x0, 0x0, 0x0, 0x6c, 0xf3, 0x0, 0x0, 0x0,
    0x0, 0x0, 0x0, 0x0, 0x0, 0x10, 0x0, 0x0,

    /* U+5C40 "局" */
    0x0, 0xf, 0xff, 0xff, 0xff, 0xff, 0xff, 0xf6,
    0x0, 0x0, 0xfc, 0x66, 0x66, 0x66, 0x66, 0x9f,
    0x60, 0x0, 0xf, 0x90, 0x0, 0x0, 0x0, 0x4,
    0xf6, 0x0, 0x0, 0xff, 0xff, 0xff, 0xff, 0xff,
    0xff, 0x60, 0x0, 0x1f, 0xc7, 0x77, 0x77, 0x77,
    0x77, 0x73, 0x0, 0x1, 0xf9, 0x0, 0x0, 0x0,
    0x0, 0x0, 0x0, 0x0, 0x2f, 0xff, 0xff, 0xff,
    0xff, 0xff, 0xff, 0xa0, 0x4, 0xfa, 0x66, 0x66,
    0x66, 0x66, 0x67, 0xfa, 0x0, 0x5f, 0x31, 0x44,
    0x44, 0x44, 0x30, 0x1f, 0x90, 0x9, 0xf1, 0x3f,
    0xff, 0xff, 0xfa, 0x2, 0xf8, 0x0, 0xdd, 0x3,
    0xf4, 0x0, 0xe, 0xa0, 0x3f, 0x70, 0x3f, 0xa0,
    0x3f, 0x40, 0x0, 0xea, 0x5, 0xf5, 0xb, 0xf4,
    0x3, 0xff, 0xff, 0xff, 0xa0, 0x8f, 0x41, 0xfd,
    0x0, 0x3f, 0x96, 0x66, 0x8c, 0x8e, 0xf1, 0x3,
    0x30, 0x1, 0x72, 0x0, 0x1, 0xff, 0xe7, 0x0,
    0x0, 0x0, 0x0, 0x0, 0x0, 0x0, 0x0, 0x0,

    /* U+5C42 "层" */
    0x0, 0xaf, 0xff, 0xff, 0xff, 0xff, 0xff, 0xff,
    0x30, 0x0, 0xaf, 0x66, 0x66, 0x66, 0x66, 0x66,
    0xbf, 0x30, 0x0, 0xaf, 0x0, 0x0, 0x0, 0x0,
    0x0, 0x7f, 0x30, 0x0, 0xaf, 0xff, 0xff, 0xff,
    0xff, 0xff, 0xff, 0x30, 0x0, 0xaf, 0x76, 0x66,
    0x66, 0x66, 0x66, 0x66, 0x10, 0x0, 0xaf, 0x0,
    0x22, 0x22, 0x22, 0x22, 0x22, 0x0, 0x0, 0xbf,
    0x3, 0xff, 0xff, 0xff, 0xff, 0xfe, 0x0, 0x0,
    0xbe, 0x0, 0x44, 0x44, 0x44, 0x44, 0x43, 0x0,
    0x0, 0xdd, 0x1, 0x11, 0x11, 0x11, 0x11, 0x11,
    0x10, 0x0, 0xeb, 0x7f, 0xff, 0xff, 0xff, 0xff,
    0xff, 0xf1, 0x1, 0xf9, 0x25, 0x59, 0xfc, 0x55,
    0x58, 0x55, 0x50, 0x4, 0xf6, 0x0, 0xe, 0xe1,
    0x0, 0x4f, 0x80, 0x0, 0x9, 0xf2, 0x0, 0xaf,
    0x40, 0x0, 0xb, 0xf3, 0x0, 0xf, 0xd0, 0xa,
    0xfe, 0x9a, 0xbc, 0xde, 0xfd, 0x0, 0x3e, 0x60,
    0xb, 0xfe, 0xdc, 0xa9, 0x87, 0xaf, 0x60, 0x1,
    0x0, 0x1, 0x0, 0x0, 0x0, 0x0, 0x6, 0x0,

    /* U+5C55 "展" */
    0x0, 0x9f, 0xff, 0xff, 0xff, 0xff, 0xff, 0xff,
    0x0, 0x0, 0x9f, 0x77, 0x77, 0x77, 0x77, 0x77,
    0xdf, 0x0, 0x0, 0x9f, 0x54, 0x44, 0x44, 0x44,
    0x44, 0xcf, 0x0, 0x0, 0x9f, 0xff, 0xff, 0xff,
    0xff, 0xff, 0xff, 0x0, 0x0, 0x9f, 0x31, 0x1e,
    0xa1, 0x13, 0xf8, 0x11, 0x0, 0x0, 0x9f, 0x24,
    0x4e, 0xb4, 0x45, 0xfa, 0x44, 0x10, 0x0, 0xaf,
    0x7f, 0xff, 0xff, 0xff, 0xff, 0xff, 0x30, 0x0,
    0xaf, 0x1, 0x1e, 0xa1, 0x13, 0xf8, 0x11, 0x0,
    0x0, 0xce, 0x34, 0x4e, 0xb4, 0x45, 0xfa, 0x44,
    0x40, 0x0, 0xdc, 0xdf, 0xff, 0xff, 0xff, 0xff,
    0xff, 0xf0, 0x0, 0xfa, 0x13, 0xf8, 0x13, 0xfb,
    0x12, 0xba, 0x20, 0x4, 0xf6, 0x1, 0xf7, 0x0,
    0x8f, 0x8d, 0xe6, 0x0, 0x9, 0xf2, 0x1, 0xf7,
    0x0, 0x3b, 0xfe, 0x20, 0x0, 0x1f, 0xd0, 0x7,
    0xfc, 0xcf, 0xf0, 0xaf, 0xe7, 0x20, 0x4f, 0x60,
    0xc, 0xfe, 0xa6, 0x30, 0x5, 0xdf, 0xd0, 0x2,
    0x0, 0x2, 0x20, 0x0, 0x0, 0x0, 0x2, 0x20,

    /* U+5DE5 "工" */
    0x0, 0x0, 0x0, 0x0, 0x0, 0x0, 0x0, 0x0,
    0x0, 0x1, 0xff, 0xff, 0xff, 0xff, 0xff, 0xff,
    0xff, 0x20, 0x0, 0xaa, 0xaa, 0xaa, 0xff, 0xaa,
    0xaa, 0xaa, 0x10, 0x0, 0x0, 0x0, 0x0, 0xfd,
    0x0, 0x0, 0x0, 0x0, 0x0, 0x0, 0x0, 0x0,
    0xfd, 0x0, 0x0, 0x0, 0x0, 0x0, 0x0, 0x0,
    0x0, 0xfd, 0x0, 0x0, 0x0, 0x0, 0x0, 0x0,
    0x0, 0x0, 0xfd, 0x0, 0x0, 0x0, 0x0, 0x0,
    0x0, 0x0, 0x0, 0xfd, 0x0, 0x0, 0x0, 0x0,
    0x0, 0x0, 0x0, 0x0, 0xfd, 0x0, 0x0, 0x0,
    0x0, 0x0, 0x0, 0x0, 0x0, 0xfd, 0x0, 0x0,
    0x0, 0x0, 0x0, 0x0, 0x0, 0x0, 0xfd, 0x0,
    0x0, 0x0, 0x0, 0x0, 0x0, 0x0, 0x0, 0xfd,
    0x0, 0x0, 0x0, 0x0, 0x9, 0x99, 0x99, 0x99,
    0xff, 0x99, 0x99, 0x99, 0x90, 0xf, 0xff, 0xff,
    0xff, 0xff, 0xff, 0xff, 0xff, 0xf1, 0x0, 0x0,
    0x0, 0x0, 0x0, 0x0, 0x0, 0x0, 0x0,

    /* U+5DE6 "左" */
    0x0, 0x0, 0x0, 0x0, 0x0, 0x0, 0x0, 0x0,
    0x0, 0x0, 0x0, 0xb, 0xf0, 0x0, 0x0, 0x0,
    0x0, 0x0, 0x0, 0x0, 0xed, 0x0, 0x0, 0x0,
    0x0, 0x0, 0x0, 0x0, 0x1f, 0xa0, 0x0, 0x0,
    0x0, 0x0, 0xe, 0xff, 0xff, 0xff, 0xff, 0xff,
    0xff, 0xff, 0x90, 0x99, 0x99, 0xdf, 0xa9, 0x99,
    0x99, 0x99, 0x96, 0x0, 0x0, 0xd, 0xe0, 0x0,
    0x0, 0x0, 0x0, 0x0, 0x0, 0x1, 0xfa, 0x0,
    0x0, 0x0, 0x0, 0x0, 0x0, 0x0, 0x7f, 0x60,
    0x0, 0x0, 0x0, 0x0, 0x0, 0x0, 0xd, 0xff,
    0xff, 0xff, 0xff, 0xff, 0xf2, 0x0, 0x4, 0xf8,
    0x88, 0x89, 0xfc, 0x88, 0x88, 0x10, 0x0, 0xdf,
    0x10, 0x0, 0x2f, 0x80, 0x0, 0x0, 0x0, 0x7f,
    0x80, 0x0, 0x2, 0xf8, 0x0, 0x0, 0x0, 0x3f,
    0xd1, 0x0, 0x0, 0x2f, 0x80, 0x0, 0x0, 0x2e,
    0xf2, 0x0, 0x0, 0x2, 0xf8, 0x0, 0x0, 0x5,
    0xf4, 0x8, 0x99, 0x99, 0xaf, 0xd9, 0x99, 0x99,
    0x2, 0x0, 0xdf, 0xff, 0xff, 0xff, 0xff, 0xff,
    0xe0,

    /* U+5DF2 "已" */
    0x7f, 0xff, 0xff, 0xff, 0xff, 0xff, 0xfa, 0x0,
    0x49, 0x99, 0x99, 0x99, 0x99, 0x9a, 0xfa, 0x0,
    0x0, 0x0, 0x0, 0x0, 0x0, 0x1, 0xfa, 0x0,
    0x7, 0xb0, 0x0, 0x0, 0x0, 0x1, 0xfa, 0x0,
    0xa, 0xf1, 0x0, 0x0, 0x0, 0x1, 0xfa, 0x0,
    0xa, 0xf1, 0x0, 0x0, 0x0, 0x1, 0xfa, 0x0,
    0xa, 0xff, 0xff, 0xff, 0xff, 0xff, 0xfa, 0x0,
    0xa, 0xfa, 0x99, 0x99, 0x99, 0x9a, 0xfa, 0x0,
    0xa, 0xf1, 0x0, 0x0, 0x0, 0x0, 0x74, 0x0,
    0xa, 0xf1, 0x0, 0x0, 0x0, 0x0, 0x0, 0x0,
    0xa, 0xf1, 0x0, 0x0, 0x0, 0x0, 0x0, 0xb7,
    0xa, 0xf1, 0x0, 0x0, 0x0, 0x0, 0x0, 0xfc,
    0x9, 0xf2, 0x0, 0x0, 0x0, 0x0, 0x4, 0xf9,
    0x5, 0xfe, 0xba, 0xaa, 0xaa, 0xaa, 0xbf, 0xf3,
    0x0, 0x7d, 0xff, 0xff, 0xff, 0xff, 0xec, 0x50,

    /* U+5E03 "布" */
    0x0, 0x0, 0x0, 0x1, 0x0, 0x0, 0x0, 0x0,
    0x0, 0x0, 0x0, 0x3, 0xf8, 0x0, 0x0, 0x0,
    0x0, 0x0, 0x0, 0x0, 0x9f, 0x40, 0x0, 0x0,
    0x0, 0x0, 0x78, 0x88, 0x8e, 0xf9, 0x88, 0x88,
    0x88, 0x88, 0xe, 0xff, 0xff, 0xff, 0xff, 0xff,
    0xff, 0xff, 0xe0, 0x0, 0x1, 0xee, 0x10, 0x86,
    0x0, 0x0, 0x0, 0x0, 0x0, 0x8f, 0x60, 0xf,
    0xb0, 0x0, 0x0, 0x0, 0x0, 0x3f, 0xd0, 0x0,
    0xfb, 0x0, 0x0, 0x0, 0x0, 0x1d, 0xff, 0xff,
    0xff, 0xff, 0xff, 0xff, 0x0, 0x2d, 0xff, 0xd9,
    0x99, 0xfe, 0x99, 0x9e, 0xf0, 0x2e, 0xf8, 0xfa,
    0x0, 0xf, 0xb0, 0x0, 0xbf, 0x1, 0xe6, 0xf,
    0xa0, 0x0, 0xfb, 0x0, 0xb, 0xf0, 0x1, 0x0,
    0xfa, 0x0, 0xf, 0xb0, 0x0, 0xbf, 0x0, 0x0,
    0xf, 0xa0, 0x0, 0xfb, 0x0, 0xb, 0xf0, 0x0,
    0x0, 0xfa, 0x0, 0xf, 0xb3, 0xff, 0xfd, 0x0,
    0x0, 0xb, 0x70, 0x0, 0xfb, 0x8, 0x86, 0x10,
    0x0, 0x0, 0x0, 0x0, 0xf, 0xb0, 0x0, 0x0,
    0x0,

    /* U+5E38 "常" */
    0x0, 0x7a, 0x0, 0xd, 0xd0, 0x0, 0xa8, 0x0,
    0x0, 0x8f, 0x80, 0xd, 0xd0, 0x8, 0xf7, 0x0,
    0x37, 0x7f, 0xb7, 0x7e, 0xe7, 0x7c, 0xe7, 0x74,
    0x8f, 0xff, 0xff, 0xff, 0xff, 0xff, 0xff, 0xf9,
    0x8f, 0x10, 0x0, 0x0, 0x0, 0x0, 0x1, 0xf9,
    0x8f, 0x1a, 0xff, 0xff, 0xff, 0xff, 0xb1, 0xf9,
    0x48, 0xa, 0xf4, 0x44, 0x44, 0x4f, 0xb0, 0x85,
    0x0, 0xa, 0xf3, 0x33, 0x33, 0x3f, 0xb0, 0x0,
    0x0, 0xa, 0xff, 0xff, 0xff, 0xff, 0xb0, 0x0,
    0x0, 0x0, 0x0, 0xa, 0xf0, 0x0, 0x0, 0x0,
    0x3, 0x88, 0x88, 0x8d, 0xf9, 0x88, 0x88, 0x40,
    0x5, 0xff, 0xff, 0xff, 0xff, 0xff, 0xff, 0x80,
    0x5, 0xf5, 0x0, 0xa, 0xf0, 0x0, 0x3f, 0x80,
    0x5, 0xf5, 0x0, 0xa, 0xf0, 0x0, 0x4f, 0x80,
    0x5, 0xf5, 0x0, 0xa, 0xf0, 0x8f, 0xff, 0x60,
    0x2, 0x62, 0x0, 0xa, 0xf0, 0x28, 0x75, 0x0,

    /* U+5E7F "广" */
    0x0, 0x0, 0x0, 0x0, 0x3, 0x0, 0x0, 0x0,
    0x0, 0x0, 0x0, 0x0, 0xb, 0xf2, 0x0, 0x0,
    0x0, 0x0, 0x0, 0x0, 0x0, 0x6f, 0x70, 0x0,
    0x0, 0x0, 0x6, 0x99, 0x99, 0x9a, 0xfd, 0x99,
    0x99, 0x96, 0x0, 0xaf, 0xff, 0xff, 0xff, 0xff,
    0xff, 0xff, 0xa0, 0xa, 0xf2, 0x0, 0x0, 0x0,
    0x0, 0x0, 0x0, 0x0, 0xaf, 0x10, 0x0, 0x0,
    0x0, 0x0, 0x0, 0x0, 0xa, 0xf1, 0x0, 0x0,
    0x0, 0x0, 0x0, 0x0, 0x0, 0xaf, 0x10, 0x0,
    0x0, 0x0, 0x0, 0x0, 0x0, 0xb, 0xf1, 0x0,
    0x0, 0x0, 0x0, 0x0, 0x0, 0x0, 0xcf, 0x0,
    0x0, 0x0, 0x0, 0x0, 0x0, 0x0, 0xd, 0xf0,
    0x0, 0x0, 0x0, 0x0, 0x0, 0x0, 0x0, 0xfd,
    0x0, 0x0, 0x0, 0x0, 0x0, 0x0, 0x0, 0x3f,
    0xa0, 0x0, 0x0, 0x0, 0x0, 0x0, 0x0, 0x8,
    0xf5, 0x0, 0x0, 0x0, 0x0, 0x0, 0x0, 0x1,
    0xff, 0x0, 0x0, 0x0, 0x0, 0x0, 0x0, 0x0,
    0x3e, 0x70, 0x0, 0x0, 0x0, 0x0, 0x0, 0x0,
    0x0, 0x20, 0x0, 0x0, 0x0, 0x0, 0x0, 0x0,
    0x0,

    /* U+5E8F "序" */
    0x0, 0x0, 0x0, 0x0, 0x0, 0x0, 0x0, 0x0,
    0x0, 0x0, 0x0, 0x0, 0x0, 0x7e, 0x10, 0x0,
    0x0, 0x0, 0x0, 0x0, 0x0, 0x0, 0x5f, 0x90,
    0x0, 0x0, 0x0, 0x0, 0xdf, 0xff, 0xff, 0xff,
    0xff, 0xff, 0xff, 0xf0, 0x0, 0xde, 0x77, 0x77,
    0x77, 0x77, 0x77, 0x77, 0x70, 0x0, 0xdc, 0x4,
    0x66, 0x66, 0x66, 0x66, 0x40, 0x0, 0x0, 0xdc,
    0xb, 0xff, 0xff, 0xff, 0xff, 0xf2, 0x0, 0x0,
    0xdc, 0x0, 0x4, 0x10, 0x6, 0xfe, 0x20, 0x0,
    0x0, 0xec, 0x0, 0x2d, 0xfa, 0xbf, 0x90, 0x0,
    0x0, 0x0, 0xfb, 0x0, 0x0, 0x6d, 0xfd, 0x30,
    0x0, 0x0, 0x0, 0xfa, 0xaf, 0xff, 0xff, 0xff,
    0xff, 0xff, 0xb0, 0x1, 0xf8, 0x46, 0x66, 0x6c,
    0xf7, 0x66, 0xef, 0x30, 0x3, 0xf6, 0x0, 0x0,
    0x9, 0xf1, 0x7, 0xf6, 0x0, 0x7, 0xf3, 0x0,
    0x0, 0x9, 0xf1, 0x7, 0x70, 0x0, 0xc, 0xf0,
    0x0, 0x0, 0x9, 0xf1, 0x0, 0x0, 0x0, 0x2f,
    0x90, 0x0, 0x58, 0x8d, 0xf0, 0x0, 0x0, 0x0,
    0x1b, 0x20, 0x0, 0x5f, 0xfd, 0x80, 0x0, 0x0,
    0x0, 0x0, 0x0, 0x0, 0x0, 0x0, 0x0, 0x0,
    0x0, 0x0,

    /* U+5E93 "库" */
    0x0, 0x0, 0x0, 0x0, 0x2, 0x0, 0x0, 0x0,
    0x0, 0x0, 0x0, 0x0, 0x0, 0x4f, 0x80, 0x0,
    0x0, 0x0, 0x0, 0x78, 0x88, 0x88, 0x8f, 0xf8,
    0x88, 0x88, 0x81, 0x0, 0xdf, 0xff, 0xff, 0xff,
    0xff, 0xff, 0xff, 0xf3, 0x0, 0xdc, 0x0, 0x0,
    0x67, 0x10, 0x0, 0x0, 0x0, 0x0, 0xdc, 0x0,
    0x0, 0xdf, 0x10, 0x0, 0x0, 0x0, 0x0, 0xdc,
    0x1f, 0xff, 0xff, 0xff, 0xff, 0xff, 0x80, 0x0,
    0xdc, 0x8, 0x8e, 0xf9, 0x99, 0x98, 0x88, 0x50,
    0x0, 0xec, 0x0, 0x3f, 0x80, 0x6f, 0x20, 0x0,
    0x0, 0x0, 0xeb, 0x0, 0xde, 0x0, 0x6f, 0x20,
    0x0, 0x0, 0x0, 0xfa, 0x6, 0xff, 0xff, 0xff,
    0xff, 0xfd, 0x0, 0x1, 0xf8, 0x1, 0xa8, 0x88,
    0xbf, 0x98, 0x87, 0x0, 0x3, 0xf6, 0x0, 0x0,
    0x0, 0x6f, 0x20, 0x0, 0x0, 0x6, 0xf3, 0x58,
    0x88, 0x88, 0xcf, 0xa8, 0x88, 0x82, 0xb, 0xf0,
    0x9f, 0xff, 0xff, 0xff, 0xff, 0xff, 0xf3, 0x1f,
    0xa0, 0x0, 0x0, 0x0, 0x6f, 0x20, 0x0, 0x0,
    0x2c, 0x30, 0x0, 0x0, 0x0, 0x6f, 0x20, 0x0,
    0x0, 0x0, 0x0, 0x0, 0x0, 0x0, 0x0, 0x0,
    0x0, 0x0,

    /* U+5E95 "底" */
    0x0, 0x0, 0x0, 0x0, 0x1, 0x0, 0x0, 0x0,
    0x0, 0x0, 0x0, 0x0, 0x0, 0x5f, 0x60, 0x0,
    0x0, 0x0, 0x0, 0x67, 0x77, 0x77, 0x7f, 0xe7,
    0x77, 0x77, 0x70, 0x0, 0xdf, 0xff, 0xff, 0xff,
    0xff, 0xff, 0xff, 0xf1, 0x0, 0xdc, 0x0, 0x0,
    0x0, 0x0, 0x0, 0x20, 0x0, 0x0, 0xdc, 0x2,
    0x45, 0x67, 0x9a, 0xdf, 0xf6, 0x0, 0x0, 0xdc,
    0x9, 0xff, 0xff, 0xef, 0xb8, 0x52, 0x0, 0x0,
    0xdc, 0x9, 0xf1, 0x0, 0x5f, 0x40, 0x0, 0x0,
    0x0, 0xec, 0x9, 0xf0, 0x0, 0x3f, 0x60, 0x0,
    0x0, 0x0, 0xeb, 0x9, 0xf6, 0x66, 0x8f, 0xb6,
    0x66, 0x30, 0x0, 0xfa, 0x9, 0xff, 0xff, 0xff,
    0xff, 0xff, 0x80, 0x1, 0xf8, 0x9, 0xf0, 0x0,
    0xc, 0xe0, 0x0, 0x0, 0x3, 0xf6, 0x9, 0xf0,
    0x4, 0x37, 0xf2, 0x0, 0x0, 0x6, 0xf3, 0x9,
    0xf0, 0xa, 0xc2, 0xf9, 0x1, 0x80, 0xb, 0xf0,
    0x9, 0xf5, 0xa8, 0xf4, 0xbf, 0x23, 0xf1, 0x1f,
    0xb0, 0x1e, 0xff, 0xc3, 0xcb, 0x2f, 0xec, 0xe0,
    0x2e, 0x40, 0xc, 0x71, 0x0, 0x68, 0x3, 0xcf,
    0x60, 0x0, 0x0, 0x0, 0x0, 0x0, 0x0, 0x0,
    0x0, 0x0,

    /* U+5EA6 "度" */
    0x0, 0x0, 0x0, 0x0, 0x2, 0x0, 0x0, 0x0,
    0x0, 0x0, 0x0, 0x0, 0x0, 0x6f, 0x60, 0x0,
    0x0, 0x0, 0x0, 0x67, 0x77, 0x77, 0x8f, 0xd7,
    0x77, 0x77, 0x70, 0x0, 0xdf, 0xff, 0xff, 0xff,
    0xff, 0xff, 0xff, 0xe0, 0x0, 0xdc, 0x0, 0x17,
    0x30, 0x0, 0x57, 0x0, 0x0, 0x0, 0xdc, 0x0,
    0x1f, 0x80, 0x0, 0xaf, 0x0, 0x0, 0x0, 0xdc,
    0xcf, 0xff, 0xff, 0xff, 0xff, 0xff, 0xb0, 0x0,
    0xdc, 0x45, 0x6f, 0xa5, 0x55, 0xcf, 0x55, 0x30,
    0x0, 0xdc, 0x0, 0x1f, 0x92, 0x22, 0xbf, 0x0,
    0x0, 0x0, 0xeb, 0x0, 0x1f, 0xff, 0xff, 0xff,
    0x0, 0x0, 0x0, 0xfa, 0x0, 0x1, 0x11, 0x11,
    0x11, 0x0, 0x0, 0x0, 0xf9, 0x8f, 0xff, 0xff,
    0xff, 0xff, 0xf5, 0x0, 0x3, 0xf7, 0x36, 0xef,
    0x65, 0x55, 0x8f, 0xd0, 0x0, 0x6, 0xf4, 0x0,
    0x3e, 0xc3, 0x5, 0xee, 0x20, 0x0, 0xa, 0xf1,
    0x0, 0x2, 0xdf, 0xdf, 0xb1, 0x0, 0x0, 0xf,
    0xc1, 0x57, 0x9d, 0xff, 0xff, 0xfb, 0x85, 0x30,
    0x3e, 0x61, 0xff, 0xda, 0x51, 0x4, 0x9d, 0xff,
    0xb0, 0x0, 0x0, 0x10, 0x0, 0x0, 0x0, 0x0,
    0x2, 0x10,

    /* U+5F00 "开" */
    0x6, 0xff, 0xff, 0xff, 0xff, 0xff, 0xff, 0xff,
    0x70, 0x3, 0x99, 0x9f, 0xf9, 0x99, 0x9c, 0xfa,
    0x99, 0x40, 0x0, 0x0, 0xd, 0xd0, 0x0, 0x8,
    0xf3, 0x0, 0x0, 0x0, 0x0, 0xd, 0xd0, 0x0,
    0x8, 0xf3, 0x0, 0x0, 0x0, 0x0, 0xd, 0xd0,
    0x0, 0x8, 0xf3, 0x0, 0x0, 0x0, 0x0, 0xd,
    0xd0, 0x0, 0x8, 0xf3, 0x0, 0x0, 0x9, 0x99,
    0x9f, 0xf9, 0x99, 0x9d, 0xfb, 0x99, 0x90, 0xf,
    0xff, 0xff, 0xff, 0xff, 0xff, 0xff, 0xff, 0xf0,
    0x0, 0x0, 0x1f, 0xa0, 0x0, 0x8, 0xf3, 0x0,
    0x0, 0x0, 0x0, 0x5f, 0x70, 0x0, 0x8, 0xf3,
    0x0, 0x0, 0x0, 0x0, 0xcf, 0x20, 0x0, 0x8,
    0xf3, 0x0, 0x0, 0x0, 0x5, 0xfb, 0x0, 0x0,
    0x8, 0xf3, 0x0, 0x0, 0x0, 0x4f, 0xf2, 0x0,
    0x0, 0x8, 0xf3, 0x0, 0x0, 0x8, 0xff, 0x50,
    0x0, 0x0, 0x8, 0xf3, 0x0, 0x0, 0x5, 0xd3,
    0x0, 0x0, 0x0, 0x8, 0xf3, 0x0, 0x0, 0x0,
    0x0, 0x0, 0x0, 0x0, 0x0, 0x0, 0x0, 0x0,

    /* U+5F0F "式" */
    0x0, 0x0, 0x0, 0x0, 0xf, 0xc0, 0xb8, 0x0,
    0x0, 0x0, 0x0, 0x0, 0x0, 0xfc, 0x7, 0xfb,
    0x0, 0x0, 0x0, 0x0, 0x0, 0xf, 0xc0, 0x6,
    0xb0, 0xe, 0xff, 0xff, 0xff, 0xff, 0xff, 0xff,
    0xff, 0xf0, 0xaa, 0xaa, 0xaa, 0xaa, 0xaf, 0xfa,
    0xaa, 0xaa, 0x0, 0x0, 0x0, 0x0, 0x0, 0xbf,
    0x0, 0x0, 0x0, 0x0, 0x0, 0x0, 0x0, 0xa,
    0xf2, 0x0, 0x0, 0x4, 0xff, 0xff, 0xff, 0xf7,
    0x8f, 0x40, 0x0, 0x0, 0x3a, 0xac, 0xfc, 0xaa,
    0x56, 0xf6, 0x0, 0x0, 0x0, 0x0, 0x4f, 0x50,
    0x0, 0x3f, 0xa0, 0x0, 0x0, 0x0, 0x4, 0xf5,
    0x0, 0x0, 0xfd, 0x0, 0x0, 0x0, 0x0, 0x4f,
    0x50, 0x0, 0xb, 0xf1, 0x1, 0x80, 0x0, 0x4,
    0xf7, 0x58, 0xb0, 0x6f, 0x70, 0x3f, 0x53, 0x69,
    0xdf, 0xff, 0xfb, 0x0, 0xef, 0x26, 0xf2, 0xbf,
    0xfd, 0x96, 0x20, 0x0, 0x6, 0xff, 0xee, 0x3,
    0x40, 0x0, 0x0, 0x0, 0x0, 0x6, 0xee, 0x50,

    /* U+5F20 "张" */
    0x0, 0x0, 0x0, 0x9, 0xf1, 0x0, 0x0, 0x0,
    0x5, 0xff, 0xff, 0x90, 0x9f, 0x10, 0x0, 0x79,
    0x10, 0x38, 0x89, 0xf9, 0x9, 0xf1, 0x0, 0x4f,
    0xb0, 0x0, 0x0, 0xf, 0x90, 0x9f, 0x10, 0x4f,
    0xd1, 0x0, 0x7, 0x78, 0xf9, 0x9, 0xf1, 0x8f,
    0xd2, 0x0, 0x0, 0xff, 0xff, 0x90, 0x9f, 0x2c,
    0xb1, 0x0, 0x0, 0x1f, 0x70, 0x1, 0x4b, 0xf5,
    0x54, 0x44, 0x44, 0x2, 0xf5, 0x0, 0x3f, 0xff,
    0xff, 0xff, 0xff, 0xf0, 0x4f, 0x50, 0x1, 0x6b,
    0xf7, 0x9f, 0x96, 0x65, 0x5, 0xff, 0xff, 0xa0,
    0x9f, 0x11, 0xfa, 0x0, 0x0, 0x37, 0x77, 0xf9,
    0x9, 0xf1, 0xb, 0xf1, 0x0, 0x0, 0x0, 0x1f,
    0x80, 0x9f, 0x10, 0x4f, 0x80, 0x0, 0x0, 0x3,
    0xf7, 0x9, 0xf1, 0x0, 0xdf, 0x20, 0x0, 0x0,
    0x5f, 0x50, 0x9f, 0x8c, 0x93, 0xfd, 0x20, 0x27,
    0x6d, 0xf2, 0x1e, 0xff, 0xb3, 0x6, 0xfe, 0x11,
    0xff, 0xe7, 0x0, 0xe9, 0x20, 0x0, 0x5, 0x60,
    0x0, 0x0, 0x0, 0x0, 0x0, 0x0, 0x0, 0x0,
    0x0,

    /* U+5F3A "强" */
    0xe, 0xff, 0xff, 0xb0, 0xef, 0xff, 0xff, 0xfe,
    0x0, 0x7, 0x88, 0x8e, 0xb0, 0xeb, 0x66, 0x66,
    0xce, 0x0, 0x0, 0x0, 0xd, 0xb0, 0xe9, 0x0,
    0x0, 0xae, 0x0, 0x1, 0x33, 0x3e, 0xb0, 0xef,
    0xff, 0xff, 0xfe, 0x0, 0x8, 0xff, 0xff, 0xb0,
    0x66, 0x6f, 0xd6, 0x66, 0x0, 0xa, 0xd4, 0x44,
    0x30, 0x11, 0x1e, 0xb1, 0x11, 0x0, 0xb, 0xb0,
    0x0, 0x4, 0xff, 0xff, 0xff, 0xff, 0x60, 0xe,
    0xa1, 0x11, 0x4, 0xf5, 0x3f, 0xc3, 0x5f, 0x60,
    0xf, 0xff, 0xff, 0xa4, 0xf2, 0xe, 0xa0, 0x1f,
    0x60, 0x7, 0x77, 0x8f, 0x94, 0xf7, 0x6f, 0xc6,
    0x7f, 0x60, 0x0, 0x0, 0x1f, 0x84, 0xff, 0xff,
    0xff, 0xff, 0x60, 0x0, 0x0, 0x3f, 0x60, 0x0,
    0xe, 0xa0, 0x89, 0x0, 0x0, 0x0, 0x6f, 0x40,
    0x0, 0xe, 0xa0, 0x8f, 0x40, 0x0, 0x77, 0xdf,
    0x18, 0x9a, 0xaf, 0xfd, 0xef, 0xd0, 0x0, 0xdf,
    0xe7, 0xf, 0xff, 0xec, 0xa9, 0x78, 0xf4, 0x0,
    0x0, 0x0, 0x1, 0x0, 0x0, 0x0, 0x0, 0x10,

    /* U+5F53 "当" */
    0x2, 0x0, 0x0, 0xee, 0x0, 0x0, 0x50, 0x9f,
    0x30, 0x0, 0xee, 0x0, 0x4, 0xfb, 0x2f, 0xd0,
    0x0, 0xee, 0x0, 0xb, 0xf3, 0x7, 0xf6, 0x0,
    0xee, 0x0, 0x4f, 0xa0, 0x1, 0xfa, 0x0, 0xee,
    0x0, 0xce, 0x10, 0x0, 0x20, 0x0, 0xee, 0x0,
    0x13, 0x0, 0x8f, 0xff, 0xff, 0xff, 0xff, 0xff,
    0xfa, 0x6b, 0xbb, 0xbb, 0xbb, 0xbb, 0xbb, 0xfb,
    0x0, 0x0, 0x0, 0x0, 0x0, 0x1, 0xfb, 0x0,
    0x0, 0x0, 0x0, 0x0, 0x1, 0xfb, 0xe, 0xff,
    0xff, 0xff, 0xff, 0xff, 0xfb, 0x8, 0x99, 0x99,
    0x99, 0x99, 0x9a, 0xfb, 0x0, 0x0, 0x0, 0x0,
    0x0, 0x1, 0xfb, 0x0, 0x0, 0x0, 0x0, 0x0,
    0x1, 0xfb, 0xef, 0xff, 0xff, 0xff, 0xff, 0xff,
    0xfb, 0x9a, 0xaa, 0xaa, 0xaa, 0xaa, 0xab, 0xfb,

    /* U+5F55 "录" */
    0x0, 0x0, 0x0, 0x0, 0x0, 0x0, 0x0, 0x0,
    0x0, 0x9f, 0xff, 0xff, 0xff, 0xff, 0xff, 0xe0,
    0x0, 0x5, 0x88, 0x88, 0x88, 0x88, 0x88, 0xfd,
    0x0, 0x0, 0x4, 0x44, 0x44, 0x44, 0x44, 0x4f,
    0xc0, 0x0, 0x0, 0xff, 0xff, 0xff, 0xff, 0xff,
    0xfb, 0x0, 0x0, 0x3, 0x33, 0x33, 0x33, 0x33,
    0x4f, 0xa0, 0x0, 0x46, 0x66, 0x66, 0x66, 0x66,
    0x67, 0xfc, 0x65, 0xa, 0xff, 0xff, 0xff, 0xff,
    0xff, 0xff, 0xff, 0xe0, 0x1, 0x72, 0x0, 0xe,
    0xe1, 0x0, 0x2a, 0x20, 0x0, 0x4e, 0xf7, 0x0,
    0xdf, 0x90, 0x3d, 0xf7, 0x0, 0x0, 0x1a, 0xf7,
    0xe, 0xff, 0xaf, 0xd3, 0x0, 0x0, 0x0, 0x6,
    0x7d, 0xfd, 0xaf, 0xc0, 0x0, 0x0, 0x0, 0x5b,
    0xff, 0xae, 0xd0, 0x9f, 0xb2, 0x0, 0x6, 0xff,
    0xe7, 0x10, 0xdd, 0x0, 0x8f, 0xfb, 0x50, 0x1a,
    0x40, 0x36, 0x7f, 0xc0, 0x0, 0x18, 0xfa, 0x0,
    0x0, 0x2, 0xff, 0xd5, 0x0, 0x0, 0x1, 0x0,

    /* U+5FC3 "心" */
    0x0, 0x0, 0x0, 0x17, 0x0, 0x0, 0x0, 0x0,
    0x0, 0x0, 0x0, 0x0, 0x9f, 0xc1, 0x0, 0x0,
    0x0, 0x0, 0x0, 0x0, 0x0, 0x7, 0xff, 0x40,
    0x0, 0x0, 0x0, 0x0, 0x0, 0x0, 0x0, 0x4e,
    0xf7, 0x0, 0x0, 0x0, 0x0, 0x0, 0x1, 0x20,
    0x2, 0xec, 0x0, 0x0, 0x0, 0x0, 0x0, 0xa,
    0xf1, 0x0, 0x20, 0x0, 0x30, 0x0, 0x0, 0xaa,
    0xa, 0xf1, 0x0, 0x0, 0x5, 0xf6, 0x0, 0x0,
    0xec, 0xa, 0xf1, 0x0, 0x0, 0x0, 0xfd, 0x0,
    0x0, 0xfa, 0xa, 0xf1, 0x0, 0x0, 0x0, 0x9f,
    0x30, 0x3, 0xf7, 0xa, 0xf1, 0x0, 0x0, 0x0,
    0x3f, 0x90, 0x7, 0xf4, 0xa, 0xf1, 0x0, 0x0,
    0x0, 0xe, 0xe0, 0xc, 0xf1, 0xa, 0xf1, 0x0,
    0x0, 0x7b, 0x9, 0xf2, 0xf, 0xd0, 0xa, 0xf1,
    0x0, 0x0, 0x8f, 0x5, 0x91, 0x2, 0x40, 0xa,
    0xf1, 0x0, 0x0, 0xbe, 0x0, 0x0, 0x0, 0x0,
    0x8, 0xfc, 0x98, 0x8a, 0xfa, 0x0, 0x0, 0x0,
    0x0, 0x1, 0xbf, 0xff, 0xff, 0xc2, 0x0, 0x0,

    /* U+5FEB "快" */
    0x0, 0xf, 0xa0, 0x0, 0x0, 0xbf, 0x0, 0x0,
    0x0, 0x0, 0xf, 0xa0, 0x0, 0x0, 0xbf, 0x0,
    0x0, 0x0, 0x0, 0xf, 0xa3, 0x7, 0x77, 0xdf,
    0x77, 0x77, 0x0, 0x8, 0x6f, 0xff, 0x1f, 0xff,
    0xff, 0xff, 0xfe, 0x0, 0xc, 0x8f, 0xae, 0x70,
    0x0, 0xbf, 0x0, 0xbe, 0x0, 0xe, 0x6f, 0xa9,
    0xd0, 0x0, 0xbf, 0x0, 0xbe, 0x0, 0x2f, 0x3f,
    0xa3, 0x40, 0x0, 0xbf, 0x0, 0xbe, 0x0, 0x6f,
    0xf, 0xa0, 0x0, 0x0, 0xce, 0x0, 0xbe, 0x0,
    0x4, 0xf, 0xa0, 0xff, 0xff, 0xff, 0xff, 0xff,
    0xf3, 0x0, 0xf, 0xa0, 0x88, 0x89, 0xff, 0xd8,
    0x88, 0x82, 0x0, 0xf, 0xa0, 0x0, 0x5, 0xff,
    0xf1, 0x0, 0x0, 0x0, 0xf, 0xa0, 0x0, 0xc,
    0xf3, 0xfa, 0x0, 0x0, 0x0, 0xf, 0xa0, 0x0,
    0x7f, 0x70, 0x8f, 0x60, 0x0, 0x0, 0xf, 0xa0,
    0x7, 0xfc, 0x0, 0xe, 0xf8, 0x0, 0x0, 0xf,
    0xa3, 0xcf, 0xc0, 0x0, 0x2, 0xef, 0xe3, 0x0,
    0xf, 0xa1, 0xd7, 0x0, 0x0, 0x0, 0x19, 0xb0,
    0x0, 0x0, 0x0, 0x0, 0x0, 0x0, 0x0, 0x0,
    0x0,

    /* U+6001 "态" */
    0x0, 0x0, 0x0, 0x0, 0xdd, 0x0, 0x0, 0x0,
    0x0, 0x0, 0x0, 0x0, 0x0, 0xfb, 0x0, 0x0,
    0x0, 0x0, 0x9, 0x99, 0x99, 0x9a, 0xfd, 0x99,
    0x99, 0x99, 0x90, 0xe, 0xff, 0xff, 0xff, 0xff,
    0xff, 0xff, 0xff, 0xf0, 0x0, 0x0, 0x0, 0xe,
    0xea, 0xf3, 0x0, 0x0, 0x0, 0x0, 0x0, 0x0,
    0x8f, 0x71, 0xfe, 0x10, 0x0, 0x0, 0x0, 0x0,
    0x7, 0xfc, 0x0, 0x5f, 0xd2, 0x0, 0x0, 0x0,
    0x2, 0xbf, 0xdb, 0xe5, 0x6, 0xff, 0x81, 0x0,
    0x7, 0xcf, 0xf8, 0x3, 0xdf, 0x90, 0x3d, 0xff,
    0xb1, 0xa, 0xe8, 0x20, 0x0, 0x6a, 0x70, 0x0,
    0x5c, 0x80, 0x0, 0x23, 0x16, 0x35, 0xfa, 0x0,
    0x3, 0x90, 0x0, 0x0, 0x9f, 0x2f, 0x80, 0x7f,
    0xa0, 0x3, 0xf8, 0x0, 0x0, 0xeb, 0x2f, 0x80,
    0x9, 0xe2, 0x33, 0xcf, 0x10, 0x5, 0xf6, 0x2f,
    0x80, 0x0, 0x10, 0x8f, 0x5f, 0x70, 0xd, 0xf0,
    0x1f, 0xd8, 0x77, 0x78, 0xec, 0xe, 0xd0, 0x3,
    0x60, 0x7, 0xef, 0xff, 0xff, 0xd4, 0x5, 0x30,

    /* U+6027 "性" */
    0x0, 0x1, 0x0, 0x0, 0x0, 0x0, 0x0, 0x0,
    0x0, 0x0, 0xf, 0xa0, 0x0, 0x31, 0xe, 0xb0,
    0x0, 0x0, 0x0, 0xf, 0xa0, 0x1, 0xf9, 0xe,
    0xb0, 0x0, 0x0, 0x0, 0xf, 0xa2, 0x4, 0xf6,
    0xe, 0xb0, 0x0, 0x0, 0x8, 0x6f, 0xef, 0x28,
    0xfa, 0x8f, 0xe8, 0x88, 0x50, 0xc, 0x8f, 0xad,
    0x8d, 0xff, 0xff, 0xff, 0xff, 0x90, 0xe, 0x6f,
    0xa7, 0xef, 0x80, 0xf, 0xb0, 0x0, 0x0, 0x2f,
    0x3f, 0xa0, 0xaf, 0x10, 0xe, 0xb0, 0x0, 0x0,
    0x5f, 0xf, 0xa0, 0x37, 0x0, 0xe, 0xb0, 0x0,
    0x0, 0x1, 0xf, 0xa0, 0x4, 0x88, 0x8f, 0xd8,
    0x88, 0x10, 0x0, 0xf, 0xa0, 0x9, 0xff, 0xff,
    0xff, 0xff, 0x30, 0x0, 0xf, 0xa0, 0x0, 0x0,
    0xf, 0xb0, 0x0, 0x0, 0x0, 0xf, 0xa0, 0x0,
    0x0, 0xe, 0xb0, 0x0, 0x0, 0x0, 0xf, 0xa0,
    0x0, 0x0, 0xe, 0xb0, 0x0, 0x0, 0x0, 0xf,
    0xa0, 0x0, 0x0, 0xe, 0xb0, 0x0, 0x0, 0x0,
    0xf, 0xa0, 0x9a, 0xaa, 0xaf, 0xea, 0xaa, 0xa0,
    0x0, 0xf, 0xa0, 0xef, 0xff, 0xff, 0xff, 0xff,
    0xf1,

    /* U+603B "总" */
    0x0, 0x0, 0x0, 0x0, 0x0, 0x0, 0x0, 0x0,
    0x0, 0x0, 0x0, 0x2d, 0x50, 0x0, 0x3, 0xe6,
    0x0, 0x0, 0x0, 0x0, 0xd, 0xf1, 0x0, 0xc,
    0xf4, 0x0, 0x0, 0x0, 0x0, 0x4, 0xf9, 0x0,
    0x4f, 0xa0, 0x0, 0x0, 0x0, 0x6, 0x99, 0xfa,
    0x99, 0xdf, 0xa9, 0x70, 0x0, 0x0, 0xb, 0xff,
    0xff, 0xff, 0xff, 0xff, 0xd0, 0x0, 0x0, 0xb,
    0xf0, 0x0, 0x0, 0x0, 0xf, 0xd0, 0x0, 0x0,
    0xb, 0xf0, 0x0, 0x0, 0x0, 0xf, 0xd0, 0x0,
    0x0, 0xb, 0xf1, 0x0, 0x0, 0x0, 0x1f, 0xd0,
    0x0, 0x0, 0xb, 0xff, 0xff, 0xff, 0xff, 0xff,
    0xd0, 0x0, 0x0, 0x6, 0x88, 0x88, 0xd8, 0x88,
    0x88, 0x60, 0x0, 0x0, 0x32, 0xa, 0x82, 0xed,
    0x30, 0x1, 0x91, 0x0, 0x0, 0xec, 0xf, 0xc0,
    0x1c, 0xf5, 0x2, 0xfc, 0x0, 0x3, 0xf8, 0xf,
    0xc0, 0x0, 0xa3, 0x0, 0x6f, 0x70, 0xa, 0xf3,
    0xf, 0xc0, 0x0, 0x0, 0x6e, 0x2c, 0xe0, 0xd,
    0xb0, 0xe, 0xf8, 0x77, 0x78, 0xef, 0x4, 0x90,
    0x0, 0x10, 0x5, 0xdf, 0xff, 0xff, 0xe6, 0x0,
    0x0,

    /* U+606F "息" */
    0x0, 0x0, 0x0, 0x0, 0x10, 0x0, 0x0, 0x0,
    0x0, 0x0, 0x0, 0x0, 0x0, 0xfe, 0x0, 0x0,
    0x0, 0x0, 0x0, 0x3, 0x55, 0x58, 0xfb, 0x55,
    0x55, 0x30, 0x0, 0x0, 0x8, 0xff, 0xff, 0xff,
    0xff, 0xff, 0x90, 0x0, 0x0, 0x8, 0xf0, 0x0,
    0x0, 0x0, 0x1f, 0x90, 0x0, 0x0, 0x8, 0xff,
    0xff, 0xff, 0xff, 0xff, 0x90, 0x0, 0x0, 0x8,
    0xf4, 0x33, 0x33, 0x33, 0x4f, 0x90, 0x0, 0x0,
    0x8, 0xf6, 0x66, 0x66, 0x66, 0x7f, 0x90, 0x0,
    0x0, 0x8, 0xfd, 0xdd, 0xdd, 0xdd, 0xdf, 0x90,
    0x0, 0x0, 0x8, 0xf3, 0x22, 0x22, 0x22, 0x3f,
    0x90, 0x0, 0x0, 0x8, 0xff, 0xff, 0xff, 0xff,
    0xff, 0x90, 0x0, 0x0, 0x1, 0x22, 0x24, 0xe9,
    0x22, 0x22, 0x10, 0x0, 0x0, 0x88, 0x3c, 0x50,
    0xaf, 0x60, 0x2, 0xe8, 0x0, 0x1, 0xfa, 0x4f,
    0x60, 0xc, 0xe0, 0x32, 0xbf, 0x30, 0x8, 0xf4,
    0x4f, 0x60, 0x1, 0x10, 0xae, 0x2f, 0xb0, 0xe,
    0xc0, 0x3f, 0xc8, 0x88, 0x88, 0xfb, 0xb, 0xa0,
    0x1, 0x20, 0x9, 0xef, 0xff, 0xff, 0xd3, 0x0,
    0x0,

    /* U+60F3 "想" */
    0x0, 0x0, 0xdb, 0x0, 0x0, 0x0, 0x0, 0x0,
    0x0, 0x0, 0xd, 0xb0, 0x0, 0xdf, 0xff, 0xff,
    0xf1, 0x4, 0x44, 0xed, 0x44, 0x2d, 0xc5, 0x55,
    0xbf, 0x10, 0xff, 0xff, 0xff, 0xf6, 0xdb, 0x55,
    0x5a, 0xf1, 0x0, 0x6, 0xfc, 0x0, 0xd, 0xff,
    0xff, 0xff, 0x10, 0x1, 0xef, 0xfa, 0x10, 0xd9,
    0x0, 0x8, 0xf1, 0x0, 0xad, 0xdd, 0xdf, 0x5d,
    0xff, 0xff, 0xff, 0x10, 0xaf, 0x4d, 0xb1, 0xc2,
    0xdb, 0x44, 0x4a, 0xf1, 0x2f, 0x90, 0xdb, 0x0,
    0xd, 0xa1, 0x11, 0x9f, 0x10, 0x30, 0xd, 0xb0,
    0x0, 0xdf, 0xff, 0xff, 0xf1, 0x0, 0x0, 0x65,
    0x3, 0xd6, 0x33, 0x33, 0x53, 0x0, 0xa, 0x80,
    0xb7, 0x1d, 0xe2, 0x0, 0x5f, 0x40, 0x1, 0xf9,
    0xf, 0x90, 0x1e, 0xa0, 0x51, 0xee, 0x0, 0x8f,
    0x30, 0xfa, 0x0, 0x20, 0x1f, 0x66, 0xf8, 0xe,
    0xc0, 0xf, 0xe8, 0x77, 0x8b, 0xf3, 0xc, 0x80,
    0x2, 0x0, 0x7e, 0xff, 0xff, 0xf9, 0x0, 0x0,

    /* U+611F "感" */
    0x0, 0x0, 0x0, 0x0, 0x0, 0x0, 0x0, 0x0,
    0x0, 0x0, 0x0, 0x0, 0x0, 0x0, 0x6f, 0x2c,
    0xa1, 0x0, 0x0, 0x35, 0x55, 0x55, 0x55, 0x9f,
    0x67, 0xfb, 0x50, 0x0, 0x9f, 0xff, 0xff, 0xff,
    0xff, 0xff, 0xff, 0xf2, 0x0, 0x9e, 0x0, 0x0,
    0x0, 0x3f, 0x50, 0x12, 0x0, 0x0, 0xae, 0x7f,
    0xff, 0xff, 0x3f, 0x70, 0x9f, 0x10, 0x0, 0xbc,
    0x12, 0x22, 0x22, 0xd, 0xb2, 0xfa, 0x0, 0x0,
    0xcb, 0x5f, 0xff, 0xfe, 0x9, 0xfb, 0xf2, 0x0,
    0x0, 0xe9, 0x5f, 0x43, 0x8e, 0x4, 0xff, 0x60,
    0x50, 0x2, 0xf6, 0x5f, 0x21, 0x7e, 0x7, 0xff,
    0x0, 0xf5, 0x9, 0xf1, 0x5f, 0xff, 0xff, 0xbf,
    0xcf, 0xc8, 0xf2, 0xc, 0x90, 0x0, 0x0, 0x21,
    0x78, 0x5, 0xef, 0xb0, 0x0, 0x20, 0x1a, 0x61,
    0xec, 0x10, 0x0, 0x65, 0x0, 0x0, 0xaf, 0x3f,
    0x80, 0x3f, 0xc0, 0x21, 0xde, 0x0, 0x2, 0xf9,
    0x2f, 0x80, 0x4, 0x80, 0x7f, 0x5f, 0x80, 0xb,
    0xf2, 0x1f, 0xc5, 0x55, 0x55, 0xdd, 0xc, 0xd0,
    0x2, 0x50, 0x9, 0xef, 0xff, 0xff, 0xd4, 0x1,
    0x0,

    /* U+6162 "慢" */
    0x0, 0x1f, 0x70, 0x0, 0x0, 0x0, 0x0, 0x0,
    0x0, 0x0, 0x1f, 0x70, 0xf, 0xff, 0xff, 0xff,
    0xfb, 0x0, 0x0, 0x1f, 0x83, 0xf, 0xed, 0xdd,
    0xdd, 0xfb, 0x0, 0x7, 0x6f, 0xcd, 0xf, 0x90,
    0x0, 0x0, 0xfb, 0x0, 0xc, 0x7f, 0x8f, 0x1f,
    0xff, 0xff, 0xff, 0xfb, 0x0, 0xe, 0x5f, 0x7d,
    0x64, 0x44, 0x44, 0x44, 0x43, 0x10, 0x1f, 0x2f,
    0x71, 0xef, 0xff, 0xff, 0xff, 0xff, 0x90, 0x4e,
    0x1f, 0x70, 0xe8, 0xe, 0x50, 0xe5, 0xe, 0x90,
    0x2, 0x1f, 0x70, 0xed, 0xaf, 0xca, 0xfc, 0xaf,
    0x90, 0x0, 0x1f, 0x70, 0x45, 0x55, 0x55, 0x55,
    0x55, 0x30, 0x0, 0x1f, 0x72, 0xee, 0xee, 0xee,
    0xee, 0xfd, 0x10, 0x0, 0x1f, 0x71, 0x6c, 0xf9,
    0x66, 0x6c, 0xf8, 0x0, 0x0, 0x1f, 0x70, 0x1,
    0xdf, 0x62, 0xcf, 0x90, 0x0, 0x0, 0x1f, 0x70,
    0x0, 0x2d, 0xff, 0xf8, 0x0, 0x0, 0x0, 0x1f,
    0x75, 0xad, 0xff, 0xdb, 0xff, 0xfc, 0x80, 0x0,
    0x1f, 0x76, 0xea, 0x72, 0x0, 0x6, 0x9d, 0xa0,
    0x0, 0x0, 0x0, 0x0, 0x0, 0x0, 0x0, 0x0,
    0x0,

    /* U+6210 "成" */
    0x0, 0x0, 0x0, 0x0, 0x0, 0x0, 0x0, 0x0,
    0x0, 0x0, 0x0, 0x0, 0x0, 0xa, 0xf1, 0xab,
    0x20, 0x0, 0x0, 0x0, 0x0, 0x0, 0xa, 0xf1,
    0x6e, 0xf6, 0x0, 0x0, 0x0, 0x0, 0x0, 0xa,
    0xf2, 0x2, 0xca, 0x0, 0x0, 0xcf, 0xff, 0xff,
    0xff, 0xff, 0xff, 0xff, 0xf1, 0x0, 0xcf, 0x99,
    0x99, 0x9c, 0xfb, 0x99, 0x99, 0x90, 0x0, 0xcf,
    0x0, 0x0, 0x5, 0xf5, 0x0, 0x41, 0x0, 0x0,
    0xcf, 0x77, 0x77, 0x34, 0xf7, 0x1, 0xfd, 0x0,
    0x0, 0xcf, 0xff, 0xff, 0x72, 0xf9, 0x7, 0xf6,
    0x0, 0x0, 0xcf, 0x0, 0x3f, 0x70, 0xfc, 0xe,
    0xe0, 0x0, 0x0, 0xdd, 0x0, 0x2f, 0x60, 0xcf,
    0x9f, 0x70, 0x0, 0x0, 0xfc, 0x0, 0x3f, 0x50,
    0x8f, 0xfd, 0x0, 0x0, 0x0, 0xfa, 0x0, 0x5f,
    0x40, 0x4f, 0xf3, 0x2, 0x20, 0x3, 0xf8, 0x7a,
    0xdf, 0x21, 0xcf, 0xf1, 0x5, 0xf2, 0x8, 0xf4,
    0x6d, 0xd8, 0x3d, 0xfd, 0xfa, 0x8, 0xf0, 0x1f,
    0xe0, 0x0, 0x7, 0xff, 0x60, 0xdf, 0xdf, 0xc0,
    0x1c, 0x70, 0x0, 0x3, 0xc2, 0x0, 0x1a, 0xfd,
    0x30, 0x0, 0x0, 0x0, 0x0, 0x0, 0x0, 0x0,
    0x0, 0x0,

    /* U+6253 "打" */
    0x0, 0x8, 0xf2, 0x0, 0x0, 0x0, 0x0, 0x0,
    0x0, 0x0, 0x8, 0xf2, 0x4, 0x99, 0x99, 0x99,
    0x99, 0x91, 0x0, 0x8, 0xf2, 0x6, 0xff, 0xff,
    0xff, 0xff, 0xf2, 0x9, 0x9d, 0xfa, 0x94, 0x0,
    0x0, 0xbf, 0x10, 0x0, 0x1f, 0xff, 0xff, 0xf6,
    0x0, 0x0, 0xbf, 0x10, 0x0, 0x0, 0x8, 0xf2,
    0x0, 0x0, 0x0, 0xbf, 0x10, 0x0, 0x0, 0x8,
    0xf2, 0x0, 0x0, 0x0, 0xbf, 0x10, 0x0, 0x0,
    0x8, 0xf4, 0x64, 0x0, 0x0, 0xbf, 0x10, 0x0,
    0x1, 0x5c, 0xff, 0xf8, 0x0, 0x0, 0xbf, 0x10,
    0x0, 0x1f, 0xff, 0xf8, 0x30, 0x0, 0x0, 0xbf,
    0x10, 0x0, 0x8, 0x59, 0xf2, 0x0, 0x0, 0x0,
    0xbf, 0x10, 0x0, 0x0, 0x8, 0xf2, 0x0, 0x0,
    0x0, 0xbf, 0x10, 0x0, 0x0, 0x8, 0xf2, 0x0,
    0x0, 0x0, 0xbf, 0x10, 0x0, 0x0, 0x8, 0xf2,
    0x0, 0x0, 0x0, 0xbf, 0x10, 0x0, 0x5, 0x8d,
    0xf1, 0x0, 0xa, 0xbb, 0xff, 0x0, 0x0, 0x5,
    0xfe, 0x90, 0x0, 0x9, 0xff, 0xe6, 0x0, 0x0,
    0x0, 0x0, 0x0, 0x0, 0x0, 0x10, 0x0, 0x0,
    0x0,

    /* U+626B "扫" */
    0x0, 0x8, 0xf1, 0x0, 0x0, 0x0, 0x0, 0x0,
    0x0, 0x0, 0x8f, 0x10, 0x16, 0x66, 0x66, 0x66,
    0x63, 0x0, 0x8, 0xf1, 0x3, 0xff, 0xff, 0xff,
    0xff, 0x80, 0x99, 0xdf, 0xa9, 0x32, 0x22, 0x22,
    0x24, 0xf8, 0x1f, 0xff, 0xff, 0xf4, 0x0, 0x0,
    0x0, 0x1f, 0x80, 0x0, 0x8f, 0x10, 0x0, 0x0,
    0x0, 0x1, 0xf8, 0x0, 0x8, 0xf1, 0x0, 0x0,
    0x0, 0x0, 0x1f, 0x80, 0x0, 0x8f, 0x11, 0x18,
    0xaa, 0xaa, 0xab, 0xf8, 0x0, 0x3b, 0xfe, 0xf7,
    0xbf, 0xff, 0xff, 0xff, 0x82, 0xff, 0xff, 0xb7,
    0x20, 0x0, 0x0, 0x1, 0xf8, 0x9, 0x6a, 0xf1,
    0x0, 0x0, 0x0, 0x0, 0x1f, 0x80, 0x0, 0x8f,
    0x10, 0x0, 0x0, 0x0, 0x1, 0xf8, 0x0, 0x8,
    0xf1, 0x0, 0x0, 0x0, 0x0, 0x1f, 0x80, 0x0,
    0x8f, 0x10, 0x28, 0x88, 0x88, 0x88, 0xf8, 0x4,
    0x7d, 0xf0, 0x5, 0xff, 0xff, 0xff, 0xff, 0x80,
    0x5f, 0xe8, 0x0, 0x0, 0x0, 0x0, 0x1, 0xf8,
    0x0, 0x0, 0x0, 0x0, 0x0, 0x0, 0x0, 0x0,
    0x0,

    /* U+628A "把" */
    0x0, 0xf, 0x90, 0x0, 0x0, 0x0, 0x0, 0x0,
    0x0, 0x0, 0xf, 0x90, 0xb, 0xff, 0xff, 0xff,
    0xff, 0xa0, 0x0, 0xf, 0x90, 0xb, 0xfa, 0xaf,
    0xda, 0xaf, 0xa0, 0x9, 0x9f, 0xd9, 0x3b, 0xf0,
    0xe, 0x90, 0x1f, 0xa0, 0x1f, 0xff, 0xff, 0x5b,
    0xf0, 0xe, 0x90, 0x1f, 0xa0, 0x0, 0xf, 0x90,
    0xb, 0xf0, 0xe, 0x90, 0x1f, 0xa0, 0x0, 0xf,
    0x90, 0xb, 0xf0, 0xe, 0x90, 0x1f, 0xa0, 0x0,
    0xf, 0x90, 0xb, 0xf0, 0xe, 0xa0, 0x1f, 0xa0,
    0x0, 0x1f, 0xdd, 0x9b, 0xff, 0xff, 0xff, 0xff,
    0xa0, 0x2c, 0xff, 0xfc, 0x5b, 0xf8, 0x88, 0x88,
    0x9f, 0xa0, 0x1e, 0xaf, 0x90, 0xb, 0xf0, 0x0,
    0x0, 0xa, 0x70, 0x0, 0xf, 0x90, 0xb, 0xf0,
    0x0, 0x0, 0x0, 0x0, 0x0, 0xf, 0x90, 0xb,
    0xf0, 0x0, 0x0, 0x1, 0xd4, 0x0, 0xf, 0x90,
    0xb, 0xf0, 0x0, 0x0, 0x3, 0xf7, 0x5, 0x9f,
    0x90, 0x8, 0xfb, 0x99, 0x99, 0x9e, 0xf3, 0x7,
    0xfd, 0x30, 0x1, 0xbe, 0xff, 0xff, 0xfe, 0x70,

    /* U+62DF "拟" */
    0x0, 0x1f, 0x60, 0x0, 0x0, 0x0, 0x0, 0x0,
    0x0, 0x0, 0x1f, 0x60, 0xb, 0xe0, 0x10, 0x0,
    0xbe, 0x0, 0x0, 0x1f, 0x60, 0xb, 0xe7, 0xe1,
    0x0, 0xcd, 0x0, 0x19, 0xaf, 0xc9, 0xb, 0xe2,
    0xf8, 0x0, 0xdc, 0x0, 0x2f, 0xff, 0xff, 0xb,
    0xe0, 0xaf, 0x10, 0xeb, 0x0, 0x0, 0x1f, 0x60,
    0xb, 0xe0, 0x3f, 0x60, 0xfa, 0x0, 0x0, 0x1f,
    0x60, 0xb, 0xe0, 0xe, 0xb2, 0xf8, 0x0, 0x0,
    0x1f, 0x75, 0xb, 0xe0, 0x3, 0x5, 0xf5, 0x0,
    0x3, 0x8f, 0xff, 0x1b, 0xe0, 0x0, 0x8, 0xf2,
    0x0, 0x5f, 0xff, 0xa3, 0xb, 0xe0, 0x3, 0xb,
    0xf3, 0x0, 0x16, 0x3f, 0x60, 0xb, 0xe2, 0xcf,
    0x3f, 0xfb, 0x0, 0x0, 0x1f, 0x60, 0xb, 0xff,
    0xe4, 0x9f, 0xbf, 0x30, 0x0, 0x1f, 0x60, 0xe,
    0xfb, 0x12, 0xfb, 0x1f, 0xa0, 0x0, 0x1f, 0x60,
    0x6f, 0x70, 0xd, 0xf3, 0xa, 0xf1, 0x7, 0x9f,
    0x60, 0x4, 0x0, 0xdf, 0x70, 0x5, 0xf6, 0xb,
    0xfc, 0x10, 0x0, 0x0, 0x68, 0x0, 0x0, 0x40,

    /* U+6301 "持" */
    0x0, 0xf, 0x80, 0x0, 0x0, 0x1f, 0x70, 0x0,
    0x0, 0x0, 0xf, 0x80, 0x0, 0x0, 0x1f, 0x70,
    0x0, 0x0, 0x0, 0xf, 0x80, 0xc, 0xff, 0xff,
    0xff, 0xff, 0x30, 0x1a, 0xaf, 0xda, 0x27, 0x99,
    0x9f, 0xc9, 0x99, 0x20, 0x2e, 0xef, 0xfe, 0x30,
    0x0, 0x1f, 0x70, 0x0, 0x0, 0x0, 0xf, 0x80,
    0x37, 0x77, 0x8f, 0xb7, 0x77, 0x70, 0x0, 0xf,
    0x80, 0x8f, 0xff, 0xff, 0xff, 0xff, 0xf0, 0x0,
    0xf, 0x82, 0x10, 0x0, 0x0, 0xc, 0xd0, 0x0,
    0x0, 0x4f, 0xff, 0x40, 0x0, 0x0, 0xc, 0xd0,
    0x0, 0x4f, 0xff, 0xd7, 0x6f, 0xff, 0xff, 0xff,
    0xff, 0xe0, 0x2b, 0x6f, 0x80, 0x27, 0x88, 0x77,
    0x7e, 0xe7, 0x70, 0x0, 0xf, 0x80, 0x1, 0xe9,
    0x0, 0xc, 0xd0, 0x0, 0x0, 0xf, 0x80, 0x0,
    0x7f, 0x50, 0xc, 0xd0, 0x0, 0x0, 0xf, 0x80,
    0x0, 0xd, 0xb0, 0xc, 0xd0, 0x0, 0x7, 0x9f,
    0x70, 0x0, 0x1, 0x18, 0x8e, 0xc0, 0x0, 0x9,
    0xfc, 0x20, 0x0, 0x0, 0xe, 0xfe, 0x60, 0x0,
    0x0, 0x0, 0x0, 0x0, 0x0, 0x0, 0x0, 0x0,
    0x0,

    /* U+6309 "按" */
    0x0, 0x0, 0x0, 0x0, 0x0, 0x0, 0x0, 0x0,
    0x0, 0x0, 0xc, 0xc0, 0x0, 0x0, 0x3f, 0x80,
    0x0, 0x0, 0x0, 0xc, 0xc0, 0x0, 0x0, 0xf,
    0xd0, 0x0, 0x0, 0x0, 0xc, 0xc0, 0xd, 0xdd,
    0xdf, 0xfe, 0xdd, 0xd1, 0x9, 0x9e, 0xe9, 0x5f,
    0xd8, 0x88, 0x88, 0x8c, 0xf1, 0x1f, 0xff, 0xff,
    0x9f, 0x90, 0x8a, 0x0, 0x8, 0xf1, 0x0, 0xc,
    0xc0, 0xb, 0x70, 0xed, 0x0, 0x5, 0xa0, 0x0,
    0xc, 0xc0, 0x0, 0x4, 0xf9, 0x0, 0x0, 0x0,
    0x0, 0xc, 0xc0, 0x8f, 0xff, 0xff, 0xff, 0xff,
    0xf5, 0x0, 0xc, 0xd7, 0xb7, 0x8f, 0xd7, 0x7a,
    0xfb, 0x72, 0x16, 0xaf, 0xff, 0xa0, 0x9f, 0x40,
    0x8, 0xf3, 0x0, 0x2f, 0xdf, 0xd0, 0x2, 0xfe,
    0x0, 0xe, 0xe0, 0x0, 0x2, 0xc, 0xc0, 0x2,
    0xaf, 0xe7, 0x9f, 0x60, 0x0, 0x0, 0xc, 0xc0,
    0x0, 0x2, 0xaf, 0xfe, 0x0, 0x0, 0x0, 0xc,
    0xc0, 0x0, 0x4, 0xcf, 0xdf, 0xe5, 0x0, 0x6,
    0x8f, 0xc0, 0x2a, 0xef, 0xe5, 0x4, 0xef, 0xb1,
    0x8, 0xfd, 0x50, 0xd, 0xa5, 0x0, 0x0, 0xa,
    0x90, 0x0, 0x0, 0x0, 0x0, 0x0, 0x0, 0x0,
    0x0, 0x0,

    /* U+6311 "挑" */
    0x0, 0x1f, 0x70, 0x0, 0xd, 0x60, 0xd8, 0x0,
    0x0, 0x0, 0x1f, 0x70, 0x0, 0xf, 0x70, 0xf9,
    0x0, 0x0, 0x0, 0x1f, 0x70, 0x67, 0xf, 0x70,
    0xf9, 0xa, 0x80, 0x19, 0xaf, 0xc9, 0xaf, 0x2f,
    0x70, 0xf9, 0x2f, 0x90, 0x2f, 0xff, 0xff, 0x2f,
    0xaf, 0x70, 0xf9, 0xae, 0x10, 0x0, 0x1f, 0x70,
    0x9, 0xff, 0x70, 0xfc, 0xf6, 0x0, 0x0, 0x1f,
    0x70, 0x1, 0x2f, 0x70, 0xfa, 0x40, 0x0, 0x0,
    0x1f, 0xaa, 0x0, 0xf, 0x70, 0xfb, 0x20, 0x0,
    0x4, 0xaf, 0xfe, 0x20, 0x7f, 0x70, 0xff, 0xf4,
    0x0, 0x4f, 0xff, 0x80, 0x3d, 0xff, 0x60, 0xfa,
    0xcf, 0x50, 0x5, 0x1f, 0x75, 0xfd, 0x8f, 0x40,
    0xf9, 0xc, 0xf2, 0x0, 0x1f, 0x70, 0x80, 0x9f,
    0x0, 0xf9, 0x1, 0x70, 0x0, 0x1f, 0x70, 0x2,
    0xfb, 0x0, 0xf9, 0x0, 0xc3, 0x0, 0x1f, 0x70,
    0x2e, 0xf2, 0x0, 0xfa, 0x1, 0xf4, 0x7, 0xaf,
    0x66, 0xff, 0x50, 0x0, 0xde, 0xbc, 0xf1, 0xa,
    0xfc, 0x12, 0xc3, 0x0, 0x0, 0x5c, 0xcc, 0x70,

    /* U+6362 "换" */
    0x0, 0x0, 0x0, 0x0, 0x0, 0x0, 0x0, 0x0,
    0x0, 0x0, 0x2f, 0x70, 0x0, 0xa, 0xd1, 0x0,
    0x0, 0x0, 0x0, 0x2f, 0x70, 0x0, 0x3f, 0xe7,
    0x77, 0x60, 0x0, 0x0, 0x2f, 0x70, 0x0, 0xcf,
    0xff, 0xff, 0xf5, 0x0, 0x17, 0x8f, 0xb7, 0xb,
    0xf6, 0x0, 0x2f, 0xa0, 0x0, 0x2f, 0xff, 0xff,
    0xaf, 0xd5, 0x55, 0xdf, 0x75, 0x0, 0x2, 0x5f,
    0x92, 0x4f, 0xff, 0xff, 0xff, 0xff, 0x0, 0x0,
    0x2f, 0x70, 0xa, 0xe0, 0xf, 0x80, 0xbf, 0x0,
    0x0, 0x2f, 0x71, 0xa, 0xe0, 0x1f, 0x80, 0xbf,
    0x0, 0x0, 0x5f, 0xef, 0x3a, 0xe0, 0x2f, 0x70,
    0xbf, 0x0, 0x3f, 0xff, 0xd7, 0x6c, 0xf4, 0x7f,
    0x94, 0xcf, 0x40, 0xa, 0x7f, 0x70, 0xef, 0xff,
    0xff, 0xff, 0xff, 0xf1, 0x0, 0x2f, 0x70, 0x11,
    0x13, 0xff, 0xe2, 0x11, 0x10, 0x0, 0x2f, 0x70,
    0x0, 0x1c, 0xf4, 0xeb, 0x0, 0x0, 0x0, 0x2f,
    0x70, 0x4, 0xef, 0x40, 0x2f, 0xc4, 0x0, 0x8,
    0xbf, 0x64, 0xbf, 0xd3, 0x0, 0x4, 0xef, 0xc2,
    0x9, 0xfc, 0x15, 0xe7, 0x0, 0x0, 0x0, 0x19,
    0xb0, 0x0, 0x0, 0x0, 0x0, 0x0, 0x0, 0x0,
    0x0, 0x0,

    /* U+636E "据" */
    0x0, 0xf, 0x80, 0x0, 0x0, 0x0, 0x0, 0x0,
    0x0, 0x0, 0xf, 0x80, 0xd, 0xff, 0xff, 0xff,
    0xff, 0xa0, 0x0, 0xf, 0x80, 0xd, 0xd7, 0x77,
    0x77, 0x7f, 0xa0, 0x7, 0x7f, 0xc7, 0x3d, 0xc0,
    0x0, 0x0, 0xe, 0xa0, 0x1e, 0xef, 0xfe, 0x7d,
    0xff, 0xff, 0xff, 0xff, 0xa0, 0x0, 0xf, 0x80,
    0xd, 0xe7, 0x78, 0xfb, 0x77, 0x50, 0x0, 0xf,
    0x80, 0xd, 0xc0, 0x1, 0xf7, 0x0, 0x0, 0x0,
    0xf, 0x80, 0xe, 0xd7, 0x78, 0xfb, 0x77, 0x71,
    0x0, 0x1f, 0xef, 0x5e, 0xfe, 0xef, 0xff, 0xee,
    0xe2, 0x2d, 0xff, 0xe8, 0x2f, 0x90, 0x1, 0xf7,
    0x0, 0x0, 0xa, 0x6f, 0x80, 0x1f, 0x74, 0x45,
    0xfa, 0x44, 0x30, 0x0, 0xf, 0x80, 0x4f, 0x6f,
    0xff, 0xff, 0xff, 0xb0, 0x0, 0xf, 0x80, 0x8f,
    0x4f, 0x51, 0x11, 0x1c, 0xb0, 0x0, 0xf, 0x80,
    0xdc, 0x2f, 0x40, 0x0, 0xc, 0xb0, 0x7, 0x9f,
    0x85, 0xf6, 0x2f, 0x96, 0x66, 0x6d, 0xb0, 0x9,
    0xfc, 0x28, 0xd0, 0x2f, 0xff, 0xff, 0xff, 0xb0,
    0x0, 0x0, 0x0, 0x0, 0x2, 0x0, 0x0, 0x1,
    0x10,

    /* U+6392 "排" */
    0x0, 0xd, 0xb0, 0x0, 0x7, 0xd1, 0x1d, 0x70,
    0x0, 0x0, 0xd, 0xb0, 0x0, 0x8, 0xf1, 0x1f,
    0x80, 0x0, 0x0, 0xd, 0xb0, 0x2, 0x29, 0xf1,
    0x1f, 0x92, 0x20, 0x9, 0x9f, 0xe9, 0x5f, 0xff,
    0xf1, 0x1f, 0xff, 0xf3, 0xf, 0xff, 0xff, 0x85,
    0x5a, 0xf1, 0x1f, 0xa5, 0x51, 0x0, 0xd, 0xb0,
    0x0, 0x8, 0xf1, 0x1f, 0x80, 0x0, 0x0, 0xd,
    0xb0, 0x6, 0x6b, 0xf1, 0x1f, 0xb6, 0x60, 0x0,
    0xd, 0xb1, 0x1f, 0xff, 0xf1, 0x1f, 0xff, 0xf1,
    0x0, 0x3e, 0xff, 0x70, 0x8, 0xf1, 0x1f, 0x80,
    0x0, 0x2f, 0xff, 0xf9, 0x30, 0x8, 0xf1, 0x1f,
    0x80, 0x0, 0xc, 0x8e, 0xb0, 0x38, 0x8c, 0xf1,
    0x1f, 0xc7, 0x73, 0x0, 0xd, 0xb0, 0x5f, 0xff,
    0xf1, 0x1f, 0xff, 0xf6, 0x0, 0xd, 0xb0, 0x0,
    0x8, 0xf1, 0x1f, 0x80, 0x0, 0x0, 0xd, 0xb0,
    0x0, 0x8, 0xf1, 0x1f, 0x80, 0x0, 0x4, 0x7f,
    0xb0, 0x0, 0x8, 0xf1, 0x1f, 0x80, 0x0, 0x7,
    0xfe, 0x50, 0x0, 0x8, 0xf1, 0x1f, 0x80, 0x0,
    0x0, 0x0, 0x0, 0x0, 0x0, 0x0, 0x0, 0x0,
    0x0,

    /* U+63A2 "探" */
    0x0, 0xf, 0x70, 0x0, 0x0, 0x0, 0x0, 0x0,
    0x0, 0x0, 0xf, 0x70, 0x5f, 0xff, 0xff, 0xff,
    0xff, 0x80, 0x0, 0xf, 0x70, 0x5f, 0x76, 0x66,
    0x66, 0x6f, 0x80, 0x9, 0x9f, 0xc9, 0x7f, 0x6,
    0x60, 0x49, 0xe, 0x80, 0xf, 0xff, 0xff, 0x46,
    0x5f, 0xa0, 0x5f, 0xb5, 0x20, 0x0, 0xf, 0x70,
    0x7, 0xfd, 0x0, 0x5, 0xfb, 0x0, 0x0, 0xf,
    0x70, 0x5f, 0xc1, 0x8, 0x40, 0x7f, 0x40, 0x0,
    0xf, 0x98, 0x5, 0x0, 0x1f, 0x80, 0x3, 0x0,
    0x1, 0x6f, 0xff, 0x67, 0x77, 0x8f, 0xb7, 0x77,
    0x50, 0x2f, 0xff, 0xb3, 0x7f, 0xff, 0xff, 0xff,
    0xff, 0xa0, 0x9, 0x5f, 0x70, 0x0, 0x7, 0xff,
    0xfb, 0x0, 0x0, 0x0, 0xf, 0x70, 0x0, 0x4f,
    0xaf, 0xbf, 0x80, 0x0, 0x0, 0xf, 0x70, 0x6,
    0xfb, 0x1f, 0x86, 0xf8, 0x0, 0x0, 0xf, 0x72,
    0xcf, 0xb0, 0x1f, 0x80, 0x9f, 0xc0, 0x6, 0x8f,
    0x71, 0xd7, 0x0, 0x1f, 0x80, 0x8, 0x80, 0x9,
    0xfc, 0x20, 0x0, 0x0, 0x1f, 0x80, 0x0, 0x0,

    /* U+63A5 "接" */
    0x0, 0x3f, 0x40, 0x0, 0x0, 0x7c, 0x0, 0x0,
    0x0, 0x0, 0x3f, 0x40, 0x4, 0x44, 0x8f, 0x94,
    0x44, 0x30, 0x0, 0x3f, 0x40, 0x1f, 0xff, 0xff,
    0xff, 0xff, 0xa0, 0x19, 0xaf, 0xb9, 0x1, 0x7a,
    0x11, 0x18, 0xa1, 0x0, 0x3f, 0xff, 0xfe, 0x0,
    0x5f, 0x40, 0x1f, 0xa0, 0x0, 0x0, 0x3f, 0x40,
    0x23, 0x3d, 0x73, 0x9f, 0x43, 0x30, 0x0, 0x3f,
    0x40, 0xaf, 0xff, 0xff, 0xff, 0xff, 0xf1, 0x0,
    0x3f, 0x52, 0x23, 0x33, 0xd9, 0x33, 0x33, 0x30,
    0x1, 0x7f, 0xfe, 0x0, 0x5, 0xf5, 0x0, 0x0,
    0x0, 0x4f, 0xff, 0xc6, 0xef, 0xff, 0xff, 0xff,
    0xff, 0xf4, 0x19, 0x7f, 0x40, 0x66, 0xcf, 0x76,
    0x6c, 0xf7, 0x61, 0x0, 0x3f, 0x40, 0x3, 0xfa,
    0x0, 0x1f, 0xc0, 0x0, 0x0, 0x3f, 0x40, 0x6,
    0xdf, 0xe8, 0xcf, 0x30, 0x0, 0x0, 0x3f, 0x40,
    0x0, 0x4, 0xdf, 0xfe, 0x50, 0x0, 0x8, 0xbf,
    0x40, 0x7a, 0xcf, 0xf9, 0x5c, 0xfe, 0x50, 0xa,
    0xeb, 0x0, 0xcd, 0x96, 0x10, 0x0, 0x5d, 0x40,
    0x0, 0x0, 0x0, 0x0, 0x0, 0x0, 0x0, 0x0,
    0x0,

    /* U+63A7 "控" */
    0x0, 0x0, 0x0, 0x0, 0x0, 0x0, 0x0, 0x0,
    0x0, 0x0, 0x2f, 0x50, 0x0, 0x0, 0x5e, 0x30,
    0x0, 0x0, 0x0, 0x2f, 0x50, 0x0, 0x0, 0x2f,
    0x90, 0x0, 0x0, 0x0, 0x2f, 0x50, 0x6d, 0xdd,
    0xdf, 0xfd, 0xdd, 0xd1, 0x19, 0xaf, 0xb9, 0x7f,
    0xa9, 0x99, 0x99, 0x9c, 0xf1, 0x2f, 0xff, 0xff,
    0x8f, 0x12, 0x40, 0x4, 0x7, 0xf1, 0x0, 0x2f,
    0x50, 0x12, 0x2e, 0xd0, 0x6f, 0x80, 0x0, 0x0,
    0x2f, 0x50, 0x5, 0xee, 0x10, 0x7, 0xfb, 0x0,
    0x0, 0x2f, 0x51, 0x2f, 0xd2, 0x0, 0x0, 0x5f,
    0x70, 0x0, 0x3f, 0xdf, 0x17, 0x32, 0x22, 0x22,
    0x26, 0x0, 0x2c, 0xff, 0xe8, 0x9, 0xff, 0xff,
    0xff, 0xff, 0x0, 0x2f, 0xbf, 0x50, 0x2, 0x44,
    0x6f, 0xa4, 0x44, 0x0, 0x0, 0x2f, 0x50, 0x0,
    0x0, 0x2f, 0x70, 0x0, 0x0, 0x0, 0x2f, 0x50,
    0x0, 0x0, 0x2f, 0x70, 0x0, 0x0, 0x0, 0x2f,
    0x50, 0x0, 0x0, 0x2f, 0x70, 0x0, 0x0, 0x8,
    0xaf, 0x50, 0x88, 0x88, 0x9f, 0xc8, 0x88, 0x82,
    0xb, 0xfb, 0x10, 0xff, 0xff, 0xff, 0xff, 0xff,
    0xf4,

    /* U+63A8 "推" */
    0x0, 0xe, 0xa0, 0x0, 0x1c, 0x52, 0xb3, 0x0,
    0x0, 0x0, 0xe, 0xa0, 0x0, 0x7f, 0x41, 0xfc,
    0x0, 0x0, 0x0, 0xe, 0xa0, 0x0, 0xde, 0x0,
    0x9e, 0x10, 0x0, 0x9, 0x9f, 0xd9, 0x54, 0xff,
    0xee, 0xfe, 0xee, 0xd0, 0x1f, 0xff, 0xff, 0x9d,
    0xfd, 0x99, 0xfd, 0x99, 0x90, 0x0, 0xe, 0xa0,
    0x7f, 0xf8, 0x0, 0xe9, 0x0, 0x0, 0x0, 0xe,
    0xa4, 0xfd, 0xfb, 0x66, 0xfc, 0x66, 0x40, 0x0,
    0xe, 0xa4, 0xe3, 0xff, 0xff, 0xff, 0xff, 0xb0,
    0x0, 0x4f, 0xff, 0x81, 0xf8, 0x0, 0xea, 0x0,
    0x0, 0x2f, 0xff, 0xe6, 0x11, 0xf8, 0x0, 0xe9,
    0x0, 0x0, 0x9, 0x5e, 0xa0, 0x1, 0xff, 0xff,
    0xff, 0xff, 0xa0, 0x0, 0xe, 0xa0, 0x1, 0xfc,
    0x88, 0xfd, 0x88, 0x50, 0x0, 0xe, 0xa0, 0x1,
    0xf8, 0x0, 0xe9, 0x0, 0x0, 0x0, 0xe, 0xa0,
    0x1, 0xfc, 0x77, 0xfc, 0x77, 0x72, 0x7, 0xaf,
    0xa0, 0x1, 0xff, 0xff, 0xff, 0xff, 0xf4, 0x7,
    0xfd, 0x30, 0x1, 0xf8, 0x0, 0x0, 0x0, 0x0,
    0x0, 0x0, 0x0, 0x0, 0x0, 0x0, 0x0, 0x0,
    0x0,

    /* U+63CF "描" */
    0x0, 0x0, 0x0, 0x0, 0x0, 0x0, 0x0, 0x0,
    0x0, 0x0, 0x2f, 0x50, 0x0, 0x4f, 0x50, 0xc,
    0xe0, 0x0, 0x0, 0x2f, 0x50, 0x0, 0x4f, 0x50,
    0xc, 0xe0, 0x0, 0x0, 0x2f, 0x50, 0x48, 0xbf,
    0xb8, 0x8e, 0xf8, 0x80, 0x18, 0x9f, 0xb8, 0x9f,
    0xff, 0xff, 0xff, 0xff, 0xf1, 0x2f, 0xff, 0xff,
    0x20, 0x4f, 0x50, 0xc, 0xe0, 0x0, 0x0, 0x3f,
    0x60, 0x0, 0x4f, 0x50, 0xc, 0xe0, 0x0, 0x0,
    0x2f, 0x50, 0x3, 0x45, 0x43, 0x35, 0x53, 0x10,
    0x0, 0x2f, 0x63, 0xe, 0xff, 0xff, 0xff, 0xff,
    0x70, 0x0, 0x6f, 0xff, 0x2e, 0xb3, 0x3f, 0xa3,
    0x4f, 0x70, 0x4f, 0xff, 0xd7, 0x1e, 0x90, 0xf,
    0x80, 0x1f, 0x70, 0x2c, 0x9f, 0x50, 0xe, 0xc7,
    0x7f, 0xc7, 0x8f, 0x70, 0x0, 0x2f, 0x50, 0xe,
    0xff, 0xff, 0xff, 0xff, 0x70, 0x0, 0x2f, 0x50,
    0xe, 0x90, 0xf, 0x80, 0x1f, 0x70, 0x0, 0x2f,
    0x50, 0xe, 0x90, 0xf, 0x80, 0x1f, 0x70, 0x8,
    0xaf, 0x50, 0xe, 0xff, 0xff, 0xff, 0xff, 0x70,
    0xb, 0xfb, 0x10, 0xe, 0xc7, 0x77, 0x77, 0x8f,
    0x70, 0x0, 0x0, 0x0, 0x1, 0x10, 0x0, 0x0,
    0x0, 0x0,

    /* U+641C "搜" */
    0x0, 0x0, 0x0, 0x0, 0x0, 0x0, 0x0, 0x0,
    0x0, 0x0, 0x1f, 0x70, 0x0, 0x5, 0x3f, 0x60,
    0x0, 0x0, 0x0, 0x1f, 0x70, 0x9, 0xef, 0x9f,
    0x6e, 0xee, 0x70, 0x0, 0x1f, 0x70, 0xf, 0x90,
    0x1f, 0x66, 0x6f, 0x70, 0x1b, 0xbf, 0xdb, 0x1f,
    0x60, 0x1f, 0x60, 0xf, 0x70, 0x2e, 0xef, 0xfe,
    0x2f, 0xff, 0x3f, 0x6d, 0xff, 0x70, 0x0, 0x1f,
    0x70, 0xf, 0x94, 0x2f, 0x63, 0x4f, 0x70, 0x0,
    0x1f, 0x70, 0xf, 0x83, 0x4f, 0x83, 0x3f, 0x70,
    0x0, 0x1f, 0x86, 0x1f, 0xff, 0xff, 0xff, 0xff,
    0x70, 0x1, 0x6f, 0xff, 0x41, 0x11, 0x2f, 0x71,
    0x11, 0x0, 0x2f, 0xff, 0xb2, 0x5, 0x55, 0x6f,
    0x95, 0x55, 0x0, 0xa, 0x6f, 0x70, 0x2f, 0xff,
    0xff, 0xff, 0xff, 0x20, 0x0, 0x1f, 0x70, 0x4,
    0xfa, 0x10, 0x5, 0xf7, 0x0, 0x0, 0x1f, 0x70,
    0x0, 0x4f, 0xc3, 0x7f, 0x90, 0x0, 0x0, 0x1f,
    0x70, 0x0, 0x4, 0xff, 0xfb, 0x0, 0x0, 0x7,
    0xaf, 0x61, 0x69, 0xdf, 0xe9, 0xcf, 0xfc, 0x81,
    0x9, 0xfc, 0x11, 0xfc, 0x94, 0x0, 0x3, 0x8c,
    0xb0, 0x0, 0x0, 0x0, 0x0, 0x0, 0x0, 0x0,
    0x0, 0x0,

    /* U+64AD "播" */
    0x0, 0x1f, 0x70, 0x0, 0x12, 0x35, 0x79, 0xca,
    0x0, 0x0, 0x1f, 0x70, 0x5f, 0xff, 0xff, 0xec,
    0xa7, 0x10, 0x0, 0x1f, 0x70, 0x6, 0xc3, 0x4f,
    0x40, 0xd8, 0x0, 0x17, 0x8f, 0xb7, 0x21, 0xf8,
    0x2f, 0x45, 0xf3, 0x0, 0x2f, 0xff, 0xff, 0x86,
    0xcb, 0x8f, 0x9c, 0xe6, 0x60, 0x1, 0x2f, 0x71,
    0xaf, 0xff, 0xff, 0xff, 0xff, 0xf0, 0x0, 0x1f,
    0x70, 0x0, 0x2e, 0xef, 0xcf, 0x60, 0x0, 0x0,
    0x1f, 0x98, 0x6, 0xfc, 0x3f, 0x58, 0xfa, 0x10,
    0x4, 0x9f, 0xff, 0xef, 0x80, 0x2d, 0x40, 0x5e,
    0xf3, 0x5f, 0xff, 0x90, 0x8d, 0xdd, 0xdd, 0xdd,
    0xde, 0x70, 0x16, 0x2f, 0x70, 0xb, 0xd6, 0x8f,
    0x86, 0xaf, 0x10, 0x0, 0x1f, 0x70, 0xb, 0xb1,
    0x3f, 0x41, 0x7f, 0x10, 0x0, 0x1f, 0x70, 0xb,
    0xff, 0xff, 0xff, 0xff, 0x10, 0x0, 0x1f, 0x70,
    0xb, 0xc1, 0x4f, 0x51, 0x8f, 0x10, 0x7, 0xaf,
    0x60, 0xb, 0xd5, 0x7f, 0x75, 0xaf, 0x10, 0xa,
    0xfc, 0x10, 0xb, 0xfd, 0xdd, 0xdd, 0xdd, 0x10,

    /* U+6536 "收" */
    0x0, 0x0, 0x0, 0x0, 0x1, 0x20, 0x0, 0x0,
    0x0, 0x0, 0x0, 0xf9, 0x0, 0xaf, 0x20, 0x0,
    0x0, 0x2, 0x10, 0xf, 0x90, 0xe, 0xf0, 0x0,
    0x0, 0x1, 0xf8, 0x0, 0xf9, 0x1, 0xfb, 0x0,
    0x0, 0x0, 0x1f, 0x80, 0xf, 0x90, 0x5f, 0xda,
    0xaa, 0xaa, 0x41, 0xf8, 0x0, 0xf9, 0xa, 0xff,
    0xff, 0xff, 0xf5, 0x1f, 0x80, 0xf, 0x92, 0xff,
    0x0, 0x9, 0xf0, 0x1, 0xf8, 0x0, 0xf9, 0xaf,
    0xf5, 0x0, 0xdc, 0x0, 0x1f, 0x80, 0xf, 0xcf,
    0xcd, 0xa0, 0x1f, 0x80, 0x1, 0xf8, 0x0, 0xf9,
    0x82, 0x6f, 0x17, 0xf4, 0x0, 0x1f, 0x80, 0x1f,
    0x90, 0x0, 0xe9, 0xdd, 0x0, 0x2, 0xfc, 0xbf,
    0xf9, 0x0, 0x7, 0xff, 0x50, 0x0, 0x8f, 0xfe,
    0x9f, 0x90, 0x0, 0x2f, 0xf0, 0x0, 0x4, 0xb4,
    0x0, 0xf9, 0x0, 0x1d, 0xff, 0xb0, 0x0, 0x0,
    0x0, 0xf, 0x90, 0x3d, 0xf5, 0x8f, 0xb1, 0x0,
    0x0, 0x0, 0xf9, 0x9f, 0xf5, 0x0, 0x8f, 0xf3,
    0x0, 0x0, 0xf, 0x96, 0xb2, 0x0, 0x0, 0x4a,
    0x0, 0x0, 0x0, 0x0, 0x0, 0x0, 0x0, 0x0,
    0x0,

    /* U+6539 "改" */
    0x0, 0x0, 0x0, 0x0, 0x0, 0x10, 0x0, 0x0,
    0x0, 0x0, 0x0, 0x0, 0x0, 0x0, 0xbf, 0x0,
    0x0, 0x0, 0xc, 0xff, 0xff, 0xf9, 0x0, 0xfc,
    0x0, 0x0, 0x0, 0x8, 0x99, 0x9a, 0xf9, 0x4,
    0xf8, 0x0, 0x0, 0x0, 0x0, 0x0, 0x0, 0xf9,
    0x8, 0xff, 0xff, 0xff, 0xd0, 0x0, 0x0, 0x0,
    0xf9, 0xd, 0xe9, 0x99, 0xff, 0x80, 0x0, 0x0,
    0x0, 0xf9, 0x4f, 0xf0, 0x0, 0xfb, 0x0, 0x6,
    0xbb, 0xbb, 0xfa, 0xcf, 0xf3, 0x3, 0xf7, 0x0,
    0x9, 0xff, 0xff, 0xfe, 0xfb, 0xf7, 0x7, 0xf3,
    0x0, 0x9, 0xf1, 0x0, 0x0, 0xa1, 0xdd, 0xc,
    0xf0, 0x0, 0x9, 0xf1, 0x0, 0x0, 0x0, 0x7f,
    0x6f, 0x90, 0x0, 0x9, 0xf1, 0x0, 0x0, 0x0,
    0x1f, 0xff, 0x20, 0x0, 0x9, 0xf1, 0x0, 0x13,
    0x0, 0x9, 0xfb, 0x0, 0x0, 0x9, 0xf2, 0x5b,
    0xfb, 0x0, 0x2e, 0xfe, 0x20, 0x0, 0xc, 0xff,
    0xff, 0x93, 0x3, 0xef, 0xaf, 0xe2, 0x0, 0x1f,
    0xfc, 0x60, 0x1, 0x9f, 0xf5, 0x6, 0xff, 0x70,
    0x7, 0x30, 0x0, 0x5, 0xfd, 0x40, 0x0, 0x5e,
    0xc0, 0x0, 0x0, 0x0, 0x0, 0x50, 0x0, 0x0,
    0x1, 0x10,

    /* U+653E "放" */
    0x0, 0x0, 0x11, 0x0, 0x0, 0x2, 0x0, 0x0,
    0x0, 0x0, 0x1, 0xf8, 0x0, 0x0, 0x4f, 0x80,
    0x0, 0x0, 0x0, 0x0, 0xbe, 0x0, 0x0, 0x8f,
    0x40, 0x0, 0x0, 0x6, 0x66, 0xab, 0x76, 0x50,
    0xcf, 0x10, 0x0, 0x0, 0x1f, 0xff, 0xff, 0xff,
    0xc0, 0xff, 0xff, 0xff, 0xf5, 0x1, 0x3f, 0x81,
    0x11, 0x14, 0xfc, 0x99, 0xdf, 0x93, 0x0, 0x1f,
    0x70, 0x0, 0xb, 0xf9, 0x0, 0xcd, 0x0, 0x0,
    0x1f, 0xc9, 0x99, 0x4f, 0xfd, 0x0, 0xf9, 0x0,
    0x0, 0x1f, 0xff, 0xff, 0xdf, 0xcf, 0x13, 0xf6,
    0x0, 0x0, 0x2f, 0x60, 0x8f, 0x7a, 0x3f, 0x69,
    0xf2, 0x0, 0x0, 0x3f, 0x60, 0x8f, 0x0, 0xe,
    0xce, 0xb0, 0x0, 0x0, 0x5f, 0x40, 0x9f, 0x0,
    0x7, 0xff, 0x50, 0x0, 0x0, 0x9f, 0x10, 0x9f,
    0x0, 0x3, 0xff, 0x10, 0x0, 0x0, 0xed, 0x0,
    0xae, 0x0, 0x1d, 0xff, 0xb0, 0x0, 0x6, 0xf7,
    0x0, 0xcd, 0x3, 0xdf, 0x6a, 0xfb, 0x10, 0x2f,
    0xe1, 0x78, 0xfb, 0xaf, 0xf5, 0x0, 0xbf, 0xe3,
    0x1c, 0x30, 0xcf, 0xd3, 0x9c, 0x20, 0x0, 0x7,
    0xc0, 0x0, 0x0, 0x0, 0x0, 0x0, 0x0, 0x0,
    0x0, 0x0,

    /* U+6570 "数" */
    0x1, 0x60, 0x7f, 0x4, 0x60, 0xc, 0x70, 0x0,
    0x0, 0x2, 0xf5, 0x7f, 0xd, 0xc0, 0x2f, 0x70,
    0x0, 0x0, 0x0, 0xb9, 0x7f, 0x4e, 0x20, 0x5f,
    0x40, 0x0, 0x0, 0xb, 0xcb, 0xdf, 0xbc, 0xb6,
    0x8f, 0xa9, 0x99, 0x90, 0x9, 0x9b, 0xff, 0xe9,
    0x95, 0xcf, 0xff, 0xff, 0xf0, 0x0, 0x1d, 0xff,
    0xec, 0x22, 0xff, 0x0, 0xcc, 0x0, 0x6, 0xed,
    0x9f, 0x2c, 0xc8, 0xff, 0x40, 0xf8, 0x0, 0x1e,
    0xa1, 0x6d, 0x0, 0x3f, 0xbf, 0x82, 0xf5, 0x0,
    0x1, 0x2, 0xd4, 0x0, 0x2c, 0x2a, 0xd7, 0xf1,
    0x0, 0xa, 0xff, 0xff, 0xff, 0xc0, 0x5, 0xfe,
    0xb0, 0x0, 0x4, 0x8f, 0xa6, 0x7f, 0x80, 0x0,
    0xff, 0x50, 0x0, 0x0, 0xbf, 0x20, 0xaf, 0x10,
    0x0, 0xdf, 0x20, 0x0, 0x0, 0x8e, 0xfb, 0xf6,
    0x0, 0x9, 0xff, 0xc0, 0x0, 0x0, 0x2, 0xef,
    0xf7, 0x0, 0x8f, 0x96, 0xfa, 0x0, 0x4, 0x9f,
    0xe6, 0x9d, 0x3c, 0xfa, 0x0, 0xaf, 0xc1, 0xe,
    0xe8, 0x10, 0x0, 0x9f, 0x70, 0x0, 0x8, 0xd1,
    0x1, 0x0, 0x0, 0x0, 0x12, 0x0, 0x0, 0x0,
    0x0,

    /* U+6574 "整" */
    0x0, 0x0, 0x8f, 0x0, 0x0, 0xc, 0x80, 0x0,
    0x0, 0xe, 0xff, 0xff, 0xff, 0xf3, 0x4f, 0x81,
    0x11, 0x10, 0x3, 0x44, 0xaf, 0x44, 0x40, 0xbf,
    0xff, 0xff, 0xf0, 0x6, 0xff, 0xff, 0xff, 0xd8,
    0xfe, 0x32, 0xec, 0x20, 0x6, 0xe0, 0x8f, 0x8,
    0xee, 0xcf, 0x86, 0xf5, 0x0, 0x6, 0xff, 0xff,
    0xff, 0xd2, 0x6, 0xfe, 0xc0, 0x0, 0x0, 0x19,
    0xff, 0xd8, 0x10, 0x2, 0xff, 0x70, 0x0, 0x2,
    0xbf, 0xbf, 0x5e, 0x91, 0x7f, 0xec, 0xfa, 0x30,
    0xe, 0xd3, 0x8f, 0x1, 0x2c, 0xfa, 0x10, 0x7f,
    0xe1, 0x2, 0x66, 0x89, 0x66, 0x68, 0x86, 0x66,
    0x67, 0x30, 0x0, 0xef, 0xff, 0xff, 0xff, 0xff,
    0xff, 0xff, 0x0, 0x0, 0x1, 0x31, 0x0, 0xdc,
    0x0, 0x0, 0x0, 0x0, 0x0, 0x4, 0xf4, 0x0,
    0xdf, 0xff, 0xff, 0xa0, 0x0, 0x0, 0x4, 0xf4,
    0x0, 0xdd, 0x55, 0x55, 0x30, 0x0, 0x6, 0x69,
    0xf9, 0x66, 0xee, 0x66, 0x66, 0x66, 0x60, 0x1f,
    0xff, 0xff, 0xff, 0xff, 0xff, 0xff, 0xff, 0xf1,

    /* U+6599 "料" */
    0x0, 0x0, 0x0, 0x0, 0x0, 0x0, 0x0, 0x0,
    0x0, 0x0, 0x5, 0xf3, 0x0, 0x0, 0x0, 0x7,
    0xf1, 0x0, 0xc, 0x45, 0xf3, 0x6d, 0x4, 0x90,
    0x7, 0xf1, 0x0, 0xc, 0x85, 0xf3, 0xac, 0x6,
    0xfd, 0x17, 0xf1, 0x0, 0x8, 0xd5, 0xf3, 0xe6,
    0x0, 0x3e, 0x97, 0xf1, 0x0, 0x5, 0xf5, 0xf6,
    0xf1, 0x0, 0x2, 0x17, 0xf1, 0x0, 0x2, 0x56,
    0xf5, 0x50, 0x3, 0x0, 0x7, 0xf1, 0x0, 0x2f,
    0xff, 0xff, 0xff, 0x8f, 0x90, 0x7, 0xf1, 0x0,
    0x18, 0x8f, 0xfa, 0x88, 0x8, 0xfc, 0x7, 0xf1,
    0x0, 0x0, 0x4f, 0xfd, 0x10, 0x0, 0x46, 0x7,
    0xf1, 0x0, 0x0, 0xbf, 0xfe, 0xc0, 0x0, 0x0,
    0x7, 0xf5, 0x60, 0x3, 0xf8, 0xf5, 0xf9, 0x3,
    0x68, 0xbe, 0xff, 0xf3, 0xc, 0xc5, 0xf3, 0x85,
    0xef, 0xff, 0xcd, 0xf4, 0x10, 0x4f, 0x45, 0xf3,
    0x0, 0x54, 0x10, 0x7, 0xf1, 0x0, 0x8, 0x5,
    0xf3, 0x0, 0x0, 0x0, 0x7, 0xf1, 0x0, 0x0,
    0x5, 0xf3, 0x0, 0x0, 0x0, 0x7, 0xf1, 0x0,
    0x0, 0x5, 0xf3, 0x0, 0x0, 0x0, 0x7, 0xf1,
    0x0, 0x0, 0x0, 0x0, 0x0, 0x0, 0x0, 0x0,
    0x0, 0x0,

    /* U+65B0 "新" */
    0x0, 0x0, 0x0, 0x0, 0x0, 0x0, 0x0, 0x0,
    0x0, 0x0, 0x0, 0xea, 0x0, 0x0, 0x0, 0x2,
    0x7a, 0x10, 0x3, 0x44, 0xbf, 0x54, 0x40, 0x7b,
    0xef, 0xfc, 0x50, 0xc, 0xff, 0xff, 0xff, 0xf2,
    0xfd, 0x85, 0x10, 0x0, 0x1, 0x8b, 0x11, 0x8c,
    0x30, 0xf9, 0x0, 0x0, 0x0, 0x0, 0x7f, 0x0,
    0xcd, 0x0, 0xf9, 0x0, 0x0, 0x0, 0x2, 0x5e,
    0x53, 0xf9, 0x21, 0xf9, 0x0, 0x0, 0x0, 0x1f,
    0xff, 0xff, 0xff, 0xf6, 0xff, 0xff, 0xff, 0xf3,
    0x3, 0x33, 0xaf, 0x33, 0x31, 0xfc, 0x78, 0xfc,
    0x71, 0x3, 0x33, 0xaf, 0x33, 0x31, 0xf8, 0x1,
    0xf8, 0x0, 0xf, 0xff, 0xff, 0xff, 0xf4, 0xf7,
    0x1, 0xf8, 0x0, 0x3, 0x43, 0xaf, 0x35, 0x33,
    0xf5, 0x1, 0xf8, 0x0, 0x0, 0xe8, 0x8f, 0x4f,
    0x24, 0xf4, 0x1, 0xf8, 0x0, 0x6, 0xf2, 0x8f,
    0xc, 0xb7, 0xf2, 0x1, 0xf8, 0x0, 0xe, 0x80,
    0x8f, 0x4, 0xbc, 0xd0, 0x1, 0xf8, 0x0, 0x2,
    0x6, 0xbf, 0x0, 0x3f, 0x80, 0x1, 0xf8, 0x0,
    0x0, 0xc, 0xf9, 0x0, 0x2b, 0x0, 0x1, 0xf8,
    0x0, 0x0, 0x0, 0x0, 0x0, 0x0, 0x0, 0x0,
    0x0, 0x0,

    /* U+65B9 "方" */
    0x0, 0x0, 0x0, 0x0, 0x0, 0x0, 0x0, 0x0,
    0x0, 0x0, 0x0, 0x0, 0xd, 0xc0, 0x0, 0x0,
    0x0, 0x0, 0x0, 0x0, 0x0, 0xbf, 0x40, 0x0,
    0x0, 0x0, 0x0, 0x0, 0x0, 0x5, 0xf6, 0x0,
    0x0, 0x0, 0xb, 0xff, 0xff, 0xff, 0xff, 0xff,
    0xff, 0xff, 0xe0, 0x79, 0x99, 0x9f, 0xe9, 0x99,
    0x99, 0x99, 0x98, 0x0, 0x0, 0x1, 0xfb, 0x0,
    0x0, 0x0, 0x0, 0x0, 0x0, 0x0, 0x3f, 0x90,
    0x0, 0x0, 0x0, 0x0, 0x0, 0x0, 0x4, 0xff,
    0xff, 0xff, 0xff, 0xf2, 0x0, 0x0, 0x0, 0x8f,
    0xca, 0xaa, 0xaa, 0xef, 0x10, 0x0, 0x0, 0xc,
    0xf1, 0x0, 0x0, 0xb, 0xf0, 0x0, 0x0, 0x1,
    0xfd, 0x0, 0x0, 0x0, 0xde, 0x0, 0x0, 0x0,
    0x8f, 0x70, 0x0, 0x0, 0xf, 0xc0, 0x0, 0x0,
    0x3f, 0xe0, 0x0, 0x0, 0x1, 0xfa, 0x0, 0x0,
    0x3e, 0xf4, 0x0, 0x0, 0x0, 0x6f, 0x70, 0x0,
    0x7f, 0xf7, 0x0, 0x4, 0x99, 0x9e, 0xf2, 0x0,
    0x8, 0xe4, 0x0, 0x0, 0x1f, 0xff, 0xe6, 0x0,
    0x0, 0x1, 0x0, 0x0, 0x0, 0x0, 0x0, 0x0,
    0x0,

    /* U+65E5 "日" */
    0xef, 0xff, 0xff, 0xff, 0xff, 0xff, 0xe, 0xea,
    0xaa, 0xaa, 0xaa, 0xae, 0xf0, 0xec, 0x0, 0x0,
    0x0, 0x0, 0xbf, 0xe, 0xc0, 0x0, 0x0, 0x0,
    0xb, 0xf0, 0xec, 0x0, 0x0, 0x0, 0x0, 0xbf,
    0xe, 0xc0, 0x0, 0x0, 0x0, 0xb, 0xf0, 0xef,
    0xff, 0xff, 0xff, 0xff, 0xff, 0xe, 0xeb, 0xbb,
    0xbb, 0xbb, 0xbe, 0xf0, 0xec, 0x0, 0x0, 0x0,
    0x0, 0xbf, 0xe, 0xc0, 0x0, 0x0, 0x0, 0xb,
    0xf0, 0xec, 0x0, 0x0, 0x0, 0x0, 0xbf, 0xe,
    0xc0, 0x0, 0x0, 0x0, 0xb, 0xf0, 0xee, 0xaa,
    0xaa, 0xaa, 0xaa, 0xef, 0xe, 0xff, 0xff, 0xff,
    0xff, 0xff, 0xf0, 0xec, 0x0, 0x0, 0x0, 0x0,
    0xbe, 0x0,

    /* U+65E9 "早" */
    0x0, 0x4f, 0xff, 0xff, 0xff, 0xff, 0xff, 0xf3,
    0x0, 0x0, 0x4f, 0xa7, 0x77, 0x77, 0x77, 0x7b,
    0xf3, 0x0, 0x0, 0x4f, 0x72, 0x22, 0x22, 0x22,
    0x29, 0xf3, 0x0, 0x0, 0x4f, 0xff, 0xff, 0xff,
    0xff, 0xff, 0xf3, 0x0, 0x0, 0x4f, 0x83, 0x33,
    0x33, 0x33, 0x39, 0xf3, 0x0, 0x0, 0x4f, 0x61,
    0x11, 0x11, 0x11, 0x18, 0xf3, 0x0, 0x0, 0x4f,
    0xff, 0xff, 0xff, 0xff, 0xff, 0xf3, 0x0, 0x0,
    0x15, 0x55, 0x55, 0xfd, 0x55, 0x55, 0x51, 0x0,
    0x0, 0x0, 0x0, 0x0, 0xec, 0x0, 0x0, 0x0,
    0x0, 0x0, 0x0, 0x0, 0x0, 0xec, 0x0, 0x0,
    0x0, 0x0, 0x1f, 0xff, 0xff, 0xff, 0xff, 0xff,
    0xff, 0xff, 0xf2, 0x8, 0x88, 0x88, 0x88, 0xfe,
    0x88, 0x88, 0x88, 0x81, 0x0, 0x0, 0x0, 0x0,
    0xec, 0x0, 0x0, 0x0, 0x0, 0x0, 0x0, 0x0,
    0x0, 0xec, 0x0, 0x0, 0x0, 0x0, 0x0, 0x0,
    0x0, 0x0, 0xec, 0x0, 0x0, 0x0, 0x0,

    /* U+65F6 "时" */
    0x0, 0x0, 0x0, 0x0, 0x0, 0x0, 0x9f, 0x10,
    0x5, 0xaa, 0xaa, 0xa0, 0x0, 0x0, 0x9, 0xf1,
    0x0, 0x8f, 0xdd, 0xef, 0x10, 0x0, 0x0, 0x9f,
    0x10, 0x8, 0xf0, 0x7, 0xf3, 0xaa, 0xaa, 0xad,
    0xfa, 0xa0, 0x8f, 0x0, 0x7f, 0x4f, 0xff, 0xff,
    0xff, 0xff, 0x18, 0xf0, 0x7, 0xf1, 0x0, 0x0,
    0xa, 0xf1, 0x0, 0x8f, 0x88, 0xcf, 0x11, 0x60,
    0x0, 0x9f, 0x10, 0x8, 0xff, 0xff, 0xf1, 0x7f,
    0x60, 0x9, 0xf1, 0x0, 0x8f, 0x0, 0x7f, 0x10,
    0xcf, 0x20, 0x9f, 0x10, 0x8, 0xf0, 0x7, 0xf1,
    0x2, 0xfc, 0x9, 0xf1, 0x0, 0x8f, 0x0, 0x7f,
    0x10, 0x9, 0xd2, 0x9f, 0x10, 0x8, 0xf7, 0x7b,
    0xf1, 0x0, 0x0, 0x9, 0xf1, 0x0, 0x8f, 0xff,
    0xff, 0x10, 0x0, 0x0, 0x9f, 0x10, 0x8, 0xf0,
    0x0, 0x0, 0x0, 0x0, 0xa, 0xf1, 0x0, 0x48,
    0x0, 0x0, 0x0, 0xa, 0xaa, 0xef, 0x0, 0x0,
    0x0, 0x0, 0x0, 0x0, 0xbf, 0xfc, 0x60, 0x0,
    0x0, 0x0, 0x0, 0x0, 0x0, 0x0, 0x0, 0x0,
    0x0,

    /* U+660E "明" */
    0x8f, 0xff, 0xff, 0x71, 0xff, 0xff, 0xff, 0xfb,
    0x8f, 0x88, 0x9f, 0x71, 0xfc, 0x88, 0x88, 0xfb,
    0x8f, 0x0, 0x1f, 0x71, 0xf8, 0x0, 0x0, 0xeb,
    0x8f, 0x0, 0x1f, 0x71, 0xf9, 0x0, 0x0, 0xfb,
    0x8f, 0x77, 0x8f, 0x71, 0xff, 0xff, 0xff, 0xfb,
    0x8f, 0xff, 0xff, 0x71, 0xfc, 0x77, 0x77, 0xfb,
    0x8f, 0x0, 0x1f, 0x71, 0xf8, 0x0, 0x0, 0xeb,
    0x8f, 0x0, 0x1f, 0x72, 0xf7, 0x0, 0x0, 0xeb,
    0x8f, 0x0, 0x1f, 0x74, 0xfe, 0xdd, 0xdd, 0xfb,
    0x8f, 0xff, 0xff, 0x77, 0xfb, 0xaa, 0xaa, 0xfb,
    0x8f, 0x99, 0x99, 0x4b, 0xf0, 0x0, 0x0, 0xeb,
    0x8f, 0x0, 0x0, 0x3f, 0xa0, 0x0, 0x0, 0xeb,
    0x35, 0x0, 0x1, 0xcf, 0x30, 0x0, 0x0, 0xeb,
    0x0, 0x0, 0x1c, 0xf8, 0x0, 0x7, 0x9a, 0xfa,
    0x0, 0x0, 0x1b, 0x90, 0x0, 0x7, 0xff, 0xc3,
    0x0, 0x0, 0x0, 0x0, 0x0, 0x0, 0x0, 0x0,

    /* U+6628 "昨" */
    0x0, 0x0, 0x0, 0x0, 0x9a, 0x0, 0x0, 0x0,
    0x4, 0x77, 0x77, 0x70, 0xf, 0xb0, 0x0, 0x0,
    0x0, 0x9f, 0xff, 0xfe, 0x4, 0xf7, 0x0, 0x0,
    0x0, 0x9, 0xf0, 0xb, 0xe0, 0xaf, 0xff, 0xff,
    0xff, 0xf2, 0x9f, 0x0, 0xae, 0x2f, 0xcc, 0xf8,
    0x77, 0x77, 0x19, 0xf0, 0xa, 0xeb, 0xf3, 0x9f,
    0x10, 0x0, 0x0, 0x9f, 0x88, 0xdf, 0xeb, 0x9,
    0xf6, 0x55, 0x54, 0x9, 0xff, 0xff, 0xe2, 0x10,
    0x9f, 0xff, 0xff, 0xc0, 0x9f, 0x0, 0xae, 0x0,
    0x9, 0xf3, 0x11, 0x11, 0x9, 0xf0, 0xa, 0xe0,
    0x0, 0x9f, 0x10, 0x0, 0x0, 0x9f, 0x0, 0xae,
    0x0, 0x9, 0xf9, 0x88, 0x88, 0x9, 0xf7, 0x7d,
    0xe0, 0x0, 0x9f, 0xee, 0xee, 0xd0, 0x9f, 0xff,
    0xfe, 0x0, 0x9, 0xf1, 0x0, 0x0, 0x9, 0xf0,
    0x0, 0x0, 0x0, 0x9f, 0x10, 0x0, 0x0, 0x47,
    0x0, 0x0, 0x0, 0x9, 0xf1, 0x0, 0x0, 0x0,
    0x0, 0x0, 0x0, 0x0, 0x9f, 0x10, 0x0, 0x0,

    /* U+662F "是" */
    0x0, 0xf, 0xff, 0xff, 0xff, 0xff, 0xff, 0xf0,
    0x0, 0x0, 0xf, 0xa3, 0x33, 0x33, 0x33, 0x3b,
    0xf0, 0x0, 0x0, 0xf, 0xec, 0xcc, 0xcc, 0xcc,
    0xce, 0xf0, 0x0, 0x0, 0xf, 0xa2, 0x22, 0x22,
    0x22, 0x2b, 0xf0, 0x0, 0x0, 0xf, 0xed, 0xdd,
    0xdd, 0xdd, 0xdf, 0xf0, 0x0, 0x0, 0x6, 0x66,
    0x66, 0x66, 0x66, 0x66, 0x60, 0x0, 0x4, 0x55,
    0x55, 0x55, 0x55, 0x55, 0x55, 0x55, 0x50, 0xd,
    0xff, 0xff, 0xff, 0xff, 0xff, 0xff, 0xff, 0xe0,
    0x1, 0x12, 0x74, 0x11, 0xbf, 0x21, 0x11, 0x11,
    0x10, 0x0, 0x2, 0xf8, 0x0, 0xaf, 0x22, 0x22,
    0x21, 0x0, 0x0, 0x7, 0xf6, 0x0, 0xaf, 0xff,
    0xff, 0xfb, 0x0, 0x0, 0xe, 0xfe, 0x10, 0xaf,
    0x44, 0x44, 0x43, 0x0, 0x0, 0x9f, 0x9f, 0xd4,
    0xaf, 0x0, 0x0, 0x0, 0x0, 0x8, 0xfb, 0x4,
    0xef, 0xff, 0x99, 0x88, 0x88, 0x91, 0x1d, 0xc1,
    0x0, 0x7, 0xbe, 0xff, 0xff, 0xff, 0xe0, 0x1,
    0x0, 0x0, 0x0, 0x0, 0x0, 0x0, 0x0, 0x0,

    /* U+665A "晚" */
    0x0, 0x0, 0x0, 0x0, 0x7d, 0x20, 0x0, 0x0,
    0x5, 0xaa, 0xaa, 0x50, 0xe, 0xf7, 0x67, 0x10,
    0x0, 0x8f, 0xcd, 0xf7, 0x8, 0xff, 0xff, 0xf9,
    0x0, 0x8, 0xe0, 0xf, 0x75, 0xfa, 0x0, 0x9e,
    0x10, 0x0, 0x8e, 0x0, 0xfb, 0xff, 0x86, 0x8f,
    0xb6, 0x64, 0x8, 0xe0, 0xf, 0xcf, 0xff, 0xff,
    0xff, 0xff, 0x90, 0x8f, 0x99, 0xf7, 0x7f, 0x0,
    0xcc, 0x0, 0xe9, 0x8, 0xfc, 0xdf, 0x76, 0xf0,
    0xe, 0xa0, 0xe, 0x90, 0x8e, 0x0, 0xf7, 0x6f,
    0x55, 0xfb, 0x44, 0xf9, 0x8, 0xe0, 0xf, 0x76,
    0xff, 0xff, 0xff, 0xff, 0x90, 0x8e, 0x0, 0xf7,
    0x0, 0x9, 0xff, 0xa0, 0x0, 0x8, 0xf7, 0x7f,
    0x70, 0x1, 0xfc, 0xea, 0x0, 0x0, 0x8f, 0xff,
    0xf7, 0x0, 0xcf, 0x4e, 0xa0, 0x5, 0x8, 0xe0,
    0x0, 0x2, 0xcf, 0x80, 0xea, 0x1, 0xf5, 0x47,
    0x0, 0x39, 0xff, 0x70, 0xd, 0xd8, 0xaf, 0x30,
    0x0, 0xa, 0xfa, 0x30, 0x0, 0x7f, 0xff, 0xb0,
    0x0, 0x0, 0x1, 0x0, 0x0, 0x0, 0x0, 0x0,
    0x0,

    /* U+6668 "晨" */
    0x0, 0xf, 0xff, 0xff, 0xff, 0xff, 0xff, 0xf1,
    0x0, 0x0, 0xf, 0xa4, 0x44, 0x44, 0x44, 0x4b,
    0xf1, 0x0, 0x0, 0xf, 0xff, 0xff, 0xff, 0xff,
    0xff, 0xf1, 0x0, 0x0, 0xf, 0x92, 0x22, 0x22,
    0x22, 0x2b, 0xf1, 0x0, 0x0, 0xe, 0xee, 0xee,
    0xee, 0xee, 0xee, 0xe1, 0x0, 0x0, 0x34, 0x44,
    0x44, 0x44, 0x44, 0x44, 0x44, 0x30, 0x0, 0xbf,
    0xff, 0xff, 0xff, 0xff, 0xff, 0xff, 0xa0, 0x0,
    0xbe, 0x3, 0x33, 0x33, 0x33, 0x33, 0x30, 0x0,
    0x0, 0xce, 0x2d, 0xdd, 0xdd, 0xdd, 0xdd, 0xd0,
    0x0, 0x0, 0xdf, 0x44, 0x44, 0x44, 0x44, 0x44,
    0x44, 0x40, 0x0, 0xef, 0xff, 0xff, 0xff, 0xff,
    0xff, 0xff, 0xe0, 0x0, 0xfa, 0x8, 0xf1, 0x8,
    0xf5, 0x3, 0xd9, 0x0, 0x4, 0xf7, 0x9, 0xf1,
    0x0, 0xaf, 0xcf, 0x91, 0x0, 0xa, 0xf3, 0xc,
    0xf6, 0x9c, 0x57, 0xff, 0xa6, 0x30, 0x1f, 0xb0,
    0x4f, 0xff, 0xc8, 0x10, 0x18, 0xdf, 0xe1, 0x3,
    0x30, 0x7, 0x30, 0x0, 0x0, 0x0, 0x1, 0x20,

    /* U+666F "景" */
    0x0, 0xf, 0xff, 0xff, 0xff, 0xff, 0xff, 0xe0,
    0x0, 0x0, 0xfb, 0x55, 0x55, 0x55, 0x55, 0xde,
    0x0, 0x0, 0xf, 0xec, 0xcc, 0xcc, 0xcc, 0xcf,
    0xe0, 0x0, 0x0, 0xfb, 0x33, 0x33, 0x33, 0x33,
    0xce, 0x0, 0x0, 0xd, 0xdd, 0xdd, 0xfe, 0xdd,
    0xdd, 0xd0, 0x0, 0x33, 0x33, 0x33, 0x4f, 0xb3,
    0x33, 0x33, 0x33, 0xe, 0xff, 0xff, 0xff, 0xff,
    0xff, 0xff, 0xff, 0xd0, 0x0, 0x23, 0x33, 0x33,
    0x33, 0x33, 0x32, 0x0, 0x0, 0x8, 0xff, 0xff,
    0xff, 0xff, 0xff, 0xa0, 0x0, 0x0, 0x8f, 0x0,
    0x0, 0x0, 0x0, 0xfa, 0x0, 0x0, 0x8, 0xfe,
    0xdd, 0xdd, 0xdd, 0xef, 0xa0, 0x0, 0x0, 0x26,
    0x95, 0x5e, 0xe5, 0x57, 0x53, 0x0, 0x0, 0x17,
    0xfe, 0x30, 0xdd, 0x8, 0xfc, 0x60, 0x0, 0xaf,
    0xf9, 0x14, 0x4e, 0xd0, 0x3, 0x9f, 0xe6, 0x4,
    0x81, 0x0, 0xdf, 0xe7, 0x0, 0x0, 0x19, 0x20,

    /* U+667A "智" */
    0x0, 0x14, 0x0, 0x0, 0x0, 0x0, 0x0, 0x0,
    0x0, 0x8, 0xf2, 0x0, 0x0, 0x0, 0x0, 0x0,
    0x0, 0x0, 0xef, 0xee, 0xee, 0x84, 0xee, 0xee,
    0xee, 0x30, 0xaf, 0x7b, 0xf7, 0x64, 0x4f, 0xa8,
    0x8c, 0xf3, 0x9, 0x91, 0x8f, 0x21, 0x14, 0xf4,
    0x0, 0x6f, 0x31, 0xff, 0xff, 0xff, 0xff, 0x4f,
    0x40, 0x6, 0xf3, 0x3, 0x34, 0xff, 0x63, 0x34,
    0xf4, 0x0, 0x6f, 0x30, 0x0, 0xaf, 0xcf, 0x80,
    0x4f, 0xff, 0xff, 0xf3, 0x2, 0xbf, 0x60, 0x7f,
    0xa2, 0x88, 0x88, 0x88, 0x10, 0xee, 0x50, 0x0,
    0x41, 0x0, 0x0, 0x0, 0x0, 0x2, 0x19, 0xff,
    0xff, 0xff, 0xff, 0xff, 0xb0, 0x0, 0x0, 0x9f,
    0x54, 0x44, 0x44, 0x44, 0xfb, 0x0, 0x0, 0x9,
    0xf5, 0x44, 0x44, 0x44, 0x4f, 0xb0, 0x0, 0x0,
    0x9f, 0xff, 0xff, 0xff, 0xff, 0xfb, 0x0, 0x0,
    0x9, 0xf1, 0x0, 0x0, 0x0, 0xf, 0xb0, 0x0,
    0x0, 0x9f, 0x76, 0x66, 0x66, 0x66, 0xfb, 0x0,
    0x0, 0x9, 0xff, 0xff, 0xff, 0xff, 0xff, 0xb0,
    0x0,

    /* U+6696 "暖" */
    0x0, 0x0, 0x0, 0x0, 0x12, 0x35, 0x79, 0xb2,
    0x4, 0x88, 0x88, 0x4f, 0xff, 0xff, 0xfe, 0xca,
    0x50, 0x8f, 0xff, 0xf6, 0x5a, 0x33, 0xc3, 0x4,
    0xd4, 0x8, 0xe0, 0x1f, 0x61, 0xf6, 0xf, 0x70,
    0xcd, 0x0, 0x8e, 0x1, 0xf6, 0x3c, 0xa3, 0xb8,
    0x7f, 0x63, 0x8, 0xe0, 0x1f, 0x6d, 0xff, 0xff,
    0xff, 0xff, 0xf0, 0x8f, 0xcc, 0xf6, 0x0, 0xcc,
    0x0, 0x0, 0x0, 0x8, 0xf9, 0xaf, 0xcf, 0xff,
    0xff, 0xff, 0xff, 0xf5, 0x8e, 0x1, 0xf9, 0x68,
    0xfb, 0x66, 0x66, 0x66, 0x28, 0xe0, 0x1f, 0x60,
    0x4f, 0xb7, 0x77, 0x76, 0x0, 0x8e, 0x1, 0xf6,
    0x8, 0xfe, 0xdd, 0xdf, 0xe0, 0x8, 0xf7, 0x7f,
    0x60, 0xef, 0xe1, 0x2, 0xf8, 0x0, 0x8f, 0xff,
    0xf6, 0x5f, 0x7e, 0xd2, 0xde, 0x10, 0x8, 0xe0,
    0x0, 0x1e, 0xd0, 0x3f, 0xff, 0x50, 0x0, 0x58,
    0x0, 0x1c, 0xf4, 0x28, 0xef, 0xfc, 0x51, 0x0,
    0x0, 0xa, 0xf5, 0x9f, 0xfb, 0x38, 0xff, 0xf6,
    0x0, 0x0, 0x14, 0x2, 0x72, 0x0, 0x0, 0x48,
    0x0,

    /* U+66F2 "曲" */
    0x0, 0x0, 0xe, 0xb0, 0x9, 0xf1, 0x0, 0x0,
    0x0, 0x0, 0xe, 0xb0, 0x9, 0xf1, 0x0, 0x0,
    0x0, 0x0, 0xe, 0xb0, 0x9, 0xf1, 0x0, 0x0,
    0x9, 0x99, 0x9f, 0xe9, 0x9d, 0xfa, 0x99, 0x95,
    0x1f, 0xff, 0xff, 0xff, 0xff, 0xff, 0xff, 0xf9,
    0x1f, 0x80, 0xe, 0xb0, 0x9, 0xf1, 0x1, 0xf9,
    0x1f, 0x70, 0xe, 0xb0, 0x9, 0xf1, 0x1, 0xf9,
    0x1f, 0x70, 0xe, 0xb0, 0x9, 0xf1, 0x1, 0xf9,
    0x1f, 0xc8, 0x8f, 0xd8, 0x8c, 0xf9, 0x89, 0xf9,
    0x1f, 0xff, 0xff, 0xff, 0xff, 0xff, 0xff, 0xf9,
    0x1f, 0x80, 0xe, 0xb0, 0x9, 0xf1, 0x1, 0xf9,
    0x1f, 0x70, 0xe, 0xb0, 0x9, 0xf1, 0x1, 0xf9,
    0x1f, 0x70, 0xe, 0xb0, 0x9, 0xf1, 0x1, 0xf9,
    0x1f, 0x81, 0x1e, 0xb1, 0x19, 0xf2, 0x12, 0xf9,
    0x1f, 0xff, 0xff, 0xff, 0xff, 0xff, 0xff, 0xf9,
    0x1f, 0xc8, 0x88, 0x88, 0x88, 0x88, 0x89, 0xe8,

    /* U+66F4 "更" */
    0xa, 0xff, 0xff, 0xff, 0xff, 0xff, 0xff, 0xff,
    0xe0, 0x5, 0x88, 0x88, 0x88, 0xcf, 0x98, 0x88,
    0x88, 0x70, 0x0, 0x6, 0x66, 0x66, 0xcf, 0x76,
    0x66, 0x64, 0x0, 0x0, 0x1f, 0xff, 0xff, 0xff,
    0xff, 0xff, 0xfc, 0x0, 0x0, 0x1f, 0x80, 0x0,
    0x9f, 0x10, 0x0, 0xdc, 0x0, 0x0, 0x1f, 0xa5,
    0x55, 0xbf, 0x65, 0x55, 0xec, 0x0, 0x0, 0x1f,
    0xff, 0xff, 0xff, 0xff, 0xff, 0xfc, 0x0, 0x0,
    0x1f, 0x80, 0x0, 0x9f, 0x10, 0x0, 0xdc, 0x0,
    0x0, 0x1f, 0xb7, 0x77, 0xcf, 0x87, 0x77, 0xec,
    0x0, 0x0, 0x1e, 0xee, 0xee, 0xff, 0xee, 0xee,
    0xeb, 0x0, 0x0, 0x4, 0xe7, 0x2, 0xfa, 0x0,
    0x0, 0x0, 0x0, 0x0, 0x0, 0x9f, 0x9d, 0xf2,
    0x0, 0x0, 0x0, 0x0, 0x0, 0x0, 0x2d, 0xff,
    0xc4, 0x10, 0x0, 0x0, 0x0, 0x5, 0x9d, 0xff,
    0xa9, 0xef, 0xfe, 0xcb, 0xa9, 0x93, 0x7, 0xfc,
    0x82, 0x0, 0x4, 0x7a, 0xce, 0xff, 0xf1, 0x0,
    0x10, 0x0, 0x0, 0x0, 0x0, 0x0, 0x0, 0x0,

    /* U+66FF "替" */
    0x0, 0x0, 0xbd, 0x0, 0x0, 0x0, 0xf9, 0x0,
    0x0, 0x2, 0x66, 0xde, 0x66, 0x3, 0x66, 0xfb,
    0x66, 0x20, 0x5, 0xee, 0xff, 0xee, 0x28, 0xee,
    0xff, 0xee, 0x50, 0x0, 0x0, 0xcd, 0x0, 0x0,
    0x1, 0xf8, 0x0, 0x0, 0xe, 0xff, 0xff, 0xff,
    0x6e, 0xff, 0xff, 0xff, 0xe0, 0x5, 0x6a, 0xff,
    0x76, 0x25, 0x6e, 0xff, 0xa6, 0x50, 0x0, 0x1e,
    0xef, 0xe4, 0x0, 0x8f, 0x7b, 0xf2, 0x0, 0x2,
    0xdf, 0x32, 0xde, 0x3d, 0xf9, 0x1, 0xef, 0x70,
    0xe, 0xe7, 0x33, 0x46, 0x4e, 0x83, 0x33, 0x4b,
    0xe1, 0x2, 0x1c, 0xff, 0xff, 0xff, 0xff, 0xff,
    0xb0, 0x10, 0x0, 0xc, 0xe2, 0x22, 0x22, 0x22,
    0x2f, 0xb0, 0x0, 0x0, 0xc, 0xe4, 0x44, 0x44,
    0x44, 0x4f, 0xb0, 0x0, 0x0, 0xc, 0xff, 0xff,
    0xff, 0xff, 0xff, 0xb0, 0x0, 0x0, 0xc, 0xd0,
    0x0, 0x0, 0x0, 0xf, 0xb0, 0x0, 0x0, 0xc,
    0xe7, 0x77, 0x77, 0x77, 0x7f, 0xb0, 0x0, 0x0,
    0xc, 0xff, 0xff, 0xff, 0xff, 0xfe, 0xa0, 0x0,

    /* U+6700 "最" */
    0x0, 0xd, 0xff, 0xff, 0xff, 0xff, 0xff, 0xd0,
    0x0, 0x0, 0xd, 0xd4, 0x44, 0x44, 0x44, 0x4d,
    0xd0, 0x0, 0x0, 0xd, 0xfe, 0xee, 0xee, 0xee,
    0xef, 0xd0, 0x0, 0x0, 0xd, 0xc2, 0x22, 0x22,
    0x22, 0x2d, 0xd0, 0x0, 0x0, 0xc, 0xee, 0xee,
    0xee, 0xee, 0xee, 0xc0, 0x0, 0x4, 0x44, 0x44,
    0x44, 0x44, 0x44, 0x44, 0x44, 0x40, 0xf, 0xff,
    0xff, 0xff, 0xff, 0xff, 0xff, 0xff, 0xf0, 0x0,
    0x7f, 0x20, 0x1f, 0x91, 0x22, 0x22, 0x22, 0x0,
    0x0, 0x6f, 0xff, 0xff, 0x8c, 0xff, 0xff, 0xff,
    0x60, 0x0, 0x6f, 0x31, 0x2f, 0x82, 0xf9, 0x22,
    0xaf, 0x10, 0x0, 0x6f, 0xfe, 0xff, 0x80, 0x8f,
    0x24, 0xf8, 0x0, 0x0, 0x6f, 0x54, 0x5f, 0x80,
    0xd, 0xee, 0xc0, 0x0, 0x5, 0xaf, 0xab, 0xcf,
    0xf7, 0x7, 0xff, 0x80, 0x0, 0xf, 0xfd, 0xca,
    0x8f, 0xa8, 0xdf, 0x99, 0xfe, 0x91, 0x0, 0x0,
    0x0, 0xf, 0x87, 0x91, 0x0, 0x18, 0xa0,

    /* U+672C "本" */
    0x0, 0x0, 0x0, 0x0, 0xde, 0x0, 0x0, 0x0,
    0x0, 0x0, 0x0, 0x0, 0x0, 0xde, 0x0, 0x0,
    0x0, 0x0, 0x0, 0x0, 0x0, 0x0, 0xde, 0x0,
    0x0, 0x0, 0x0, 0x7, 0xaa, 0xaa, 0xaa, 0xff,
    0xaa, 0xaa, 0xaa, 0x90, 0xb, 0xff, 0xff, 0xff,
    0xff, 0xff, 0xff, 0xff, 0xe0, 0x0, 0x0, 0x1,
    0xeb, 0xdf, 0xaf, 0x20, 0x0, 0x0, 0x0, 0x0,
    0x7, 0xf4, 0xde, 0x2f, 0x80, 0x0, 0x0, 0x0,
    0x0, 0x1e, 0xc0, 0xde, 0xb, 0xf2, 0x0, 0x0,
    0x0, 0x0, 0xbf, 0x40, 0xde, 0x3, 0xfc, 0x0,
    0x0, 0x0, 0x7, 0xf9, 0x0, 0xde, 0x0, 0x8f,
    0xa0, 0x0, 0x0, 0x5f, 0xd0, 0x0, 0xde, 0x0,
    0xc, 0xf9, 0x0, 0x7, 0xfe, 0xaa, 0xaa, 0xff,
    0xaa, 0xab, 0xef, 0xb1, 0x1d, 0xe2, 0xcf, 0xff,
    0xff, 0xff, 0xfe, 0x1d, 0xd1, 0x1, 0x10, 0x0,
    0x0, 0xdf, 0x0, 0x0, 0x0, 0x10, 0x0, 0x0,
    0x0, 0x0, 0xde, 0x0, 0x0, 0x0, 0x0, 0x0,
    0x0, 0x0, 0x0, 0xde, 0x0, 0x0, 0x0, 0x0,

    /* U+673A "机" */
    0x0, 0x3, 0xf6, 0x0, 0x0, 0x0, 0x0, 0x0,
    0x0, 0x0, 0x3, 0xf6, 0x0, 0x1f, 0xff, 0xff,
    0xf0, 0x0, 0x0, 0x3, 0xf6, 0x0, 0x1f, 0xc9,
    0x9d, 0xf0, 0x0, 0x8, 0x8a, 0xfb, 0x87, 0x1f,
    0x80, 0x9, 0xf0, 0x0, 0xf, 0xff, 0xff, 0xfe,
    0x1f, 0x80, 0x9, 0xf0, 0x0, 0x0, 0x9, 0xf6,
    0x0, 0x1f, 0x80, 0x9, 0xf0, 0x0, 0x0, 0xe,
    0xf9, 0x0, 0x2f, 0x80, 0x9, 0xf0, 0x0, 0x0,
    0x5f, 0xff, 0x60, 0x2f, 0x70, 0x9, 0xf0, 0x0,
    0x0, 0xbd, 0xfd, 0xf4, 0x3f, 0x60, 0x9, 0xf0,
    0x0, 0x3, 0xf7, 0xf6, 0xbd, 0x5f, 0x50, 0x9,
    0xf0, 0x0, 0xc, 0xd3, 0xf6, 0x23, 0x7f, 0x20,
    0x9, 0xf0, 0x0, 0x4f, 0x43, 0xf6, 0x0, 0xbf,
    0x0, 0x9, 0xf0, 0x61, 0x8, 0x3, 0xf6, 0x1,
    0xf9, 0x0, 0x9, 0xf0, 0xc7, 0x0, 0x3, 0xf6,
    0x9, 0xf3, 0x0, 0x9, 0xf0, 0xc6, 0x0, 0x3,
    0xf6, 0x4f, 0xa0, 0x0, 0x9, 0xf9, 0xf5, 0x0,
    0x3, 0xf6, 0x4c, 0x0, 0x0, 0x3, 0xdf, 0xc1,

    /* U+6742 "杂" */
    0x0, 0x0, 0x0, 0x6f, 0x40, 0x0, 0x0, 0x0,
    0x0, 0x0, 0x0, 0x9, 0xf2, 0x0, 0x0, 0x0,
    0x0, 0x2, 0xff, 0xff, 0xff, 0xff, 0xff, 0xe0,
    0x0, 0x0, 0x18, 0x88, 0xbf, 0xc8, 0x88, 0xde,
    0x0, 0x0, 0x0, 0x0, 0x1d, 0xf2, 0x0, 0xb,
    0xe0, 0x7, 0x50, 0x0, 0x5e, 0xf7, 0x0, 0x0,
    0xbf, 0x0, 0xbc, 0x1a, 0xef, 0xf7, 0x0, 0x11,
    0x9, 0xff, 0xff, 0x80, 0xaf, 0xa2, 0x0, 0x1f,
    0xb0, 0x18, 0x99, 0x81, 0x1, 0x10, 0x0, 0x1,
    0xfb, 0x0, 0x0, 0x0, 0x0, 0xef, 0xff, 0xff,
    0xff, 0xff, 0xff, 0xff, 0xf7, 0x7, 0x88, 0x88,
    0x88, 0xfd, 0x88, 0x88, 0x88, 0x30, 0x0, 0x1b,
    0x90, 0x1f, 0xb0, 0x4b, 0x30, 0x0, 0x0, 0x1c,
    0xf6, 0x1, 0xfb, 0x2, 0xdf, 0x50, 0x0, 0x6e,
    0xf7, 0x0, 0x1f, 0xb0, 0x0, 0xcf, 0x60, 0x7,
    0xe4, 0x4, 0x9b, 0xfa, 0x0, 0x0, 0xb7, 0x0,
    0x0, 0x0, 0x3f, 0xfc, 0x30, 0x0, 0x0, 0x0,

    /* U+6761 "条" */
    0x0, 0x0, 0x0, 0x0, 0x0, 0x0, 0x0, 0x0,
    0x0, 0x0, 0x0, 0x0, 0x8f, 0x60, 0x0, 0x0,
    0x0, 0x0, 0x0, 0x0, 0x5, 0xff, 0x87, 0x77,
    0x76, 0x0, 0x0, 0x0, 0x0, 0x6f, 0xfe, 0xee,
    0xef, 0xff, 0x30, 0x0, 0x0, 0x1a, 0xff, 0xf4,
    0x0, 0xa, 0xf6, 0x0, 0x0, 0x2, 0xff, 0x71,
    0xaf, 0x94, 0xdf, 0x60, 0x0, 0x0, 0x0, 0x42,
    0x0, 0xb, 0xff, 0xf6, 0x0, 0x0, 0x0, 0x0,
    0x2, 0x5a, 0xff, 0xda, 0xff, 0xe9, 0x52, 0x0,
    0xc, 0xff, 0xff, 0xb4, 0x35, 0x16, 0xdf, 0xff,
    0xf4, 0x8, 0xc9, 0x51, 0x0, 0xaf, 0x0, 0x1,
    0x58, 0x90, 0x0, 0x3, 0x33, 0x33, 0xbf, 0x43,
    0x33, 0x32, 0x0, 0x0, 0x1f, 0xff, 0xff, 0xff,
    0xff, 0xff, 0xf9, 0x0, 0x0, 0x2, 0x37, 0x32,
    0xbf, 0x32, 0x53, 0x21, 0x0, 0x0, 0x0, 0x9f,
    0x60, 0xaf, 0x3, 0xfb, 0x0, 0x0, 0x0, 0x2c,
    0xf7, 0x0, 0xaf, 0x0, 0x5f, 0xd1, 0x0, 0x0,
    0xde, 0x40, 0x37, 0xdf, 0x0, 0x4, 0xfc, 0x0,
    0x0, 0x11, 0x0, 0x3f, 0xe9, 0x0, 0x0, 0x31,
    0x0,

    /* U+6784 "构" */
    0x0, 0x0, 0x0, 0x0, 0x0, 0x0, 0x0, 0x0,
    0x0, 0x0, 0x9f, 0x0, 0x0, 0xe8, 0x0, 0x0,
    0x0, 0x0, 0x9, 0xf0, 0x0, 0x5f, 0x70, 0x0,
    0x0, 0x0, 0x0, 0x9f, 0x0, 0xa, 0xf4, 0x11,
    0x11, 0x11, 0x9, 0x9d, 0xf9, 0x91, 0xff, 0xff,
    0xff, 0xff, 0xd1, 0xff, 0xff, 0xfe, 0x8f, 0x86,
    0x66, 0x66, 0xed, 0x0, 0xe, 0xf1, 0x3f, 0xb2,
    0x50, 0x0, 0xd, 0xc0, 0x3, 0xff, 0xa4, 0xe1,
    0x8f, 0x20, 0x0, 0xec, 0x0, 0x9f, 0xff, 0x60,
    0xe, 0xb0, 0x0, 0xf, 0xb0, 0xe, 0xef, 0x8f,
    0x14, 0xf5, 0x9a, 0x0, 0xfa, 0x6, 0xf9, 0xf1,
    0x70, 0xbc, 0x5, 0xf2, 0xf, 0x91, 0xe9, 0x9f,
    0x0, 0x5f, 0xba, 0xdf, 0x81, 0xf8, 0x3f, 0x19,
    0xf0, 0x9, 0xfd, 0xa7, 0xae, 0x3f, 0x70, 0x30,
    0x9f, 0x0, 0x11, 0x0, 0x2, 0x25, 0xf5, 0x0,
    0x9, 0xf0, 0x0, 0x0, 0x0, 0x0, 0x8f, 0x30,
    0x0, 0x9f, 0x0, 0x0, 0x0, 0x5a, 0xaf, 0xe0,
    0x0, 0x9, 0xf0, 0x0, 0x0, 0x4, 0xff, 0xd4,
    0x0, 0x0, 0x0, 0x0, 0x0, 0x0, 0x0, 0x0,
    0x0,

    /* U+67B6 "架" */
    0x0, 0x5, 0xf4, 0x0, 0x0, 0x0, 0x0, 0x0,
    0x0, 0x4, 0x48, 0xf7, 0x44, 0x30, 0xaa, 0xaa,
    0xaa, 0x40, 0xf, 0xff, 0xff, 0xff, 0xe0, 0xfe,
    0xbb, 0xcf, 0x60, 0x2, 0x2c, 0xf3, 0x2d, 0xc0,
    0xf8, 0x0, 0x3f, 0x60, 0x0, 0x1f, 0xb0, 0xd,
    0xb0, 0xf8, 0x0, 0x3f, 0x60, 0x0, 0x6f, 0x50,
    0xf, 0xa0, 0xf8, 0x0, 0x3f, 0x60, 0x4, 0xfb,
    0x17, 0x9f, 0x70, 0xff, 0xdd, 0xef, 0x60, 0x1e,
    0xb1, 0xe, 0xfc, 0x76, 0x99, 0x99, 0x99, 0x40,
    0x1, 0x0, 0x0, 0x0, 0xed, 0x0, 0x0, 0x0,
    0x0, 0x6, 0x77, 0x77, 0x77, 0xfe, 0x77, 0x77,
    0x77, 0x50, 0xe, 0xff, 0xff, 0xff, 0xff, 0xff,
    0xff, 0xff, 0xc0, 0x0, 0x0, 0x0, 0x8f, 0xff,
    0xf8, 0x0, 0x0, 0x0, 0x0, 0x0, 0x2c, 0xf5,
    0xed, 0x6f, 0xc3, 0x0, 0x0, 0x0, 0x4a, 0xfd,
    0x20, 0xed, 0x2, 0xdf, 0xb5, 0x0, 0xd, 0xfe,
    0x70, 0x0, 0xed, 0x0, 0x6, 0xdf, 0xd0, 0x5,
    0x60, 0x0, 0x0, 0xed, 0x0, 0x0, 0x4, 0x30,

    /* U+67D4 "柔" */
    0x0, 0x0, 0x0, 0x0, 0x0, 0x0, 0x0, 0x0,
    0x0, 0x0, 0xf, 0xff, 0xff, 0xff, 0xff, 0xff,
    0x60, 0x0, 0x0, 0x5, 0x55, 0x97, 0x56, 0xaf,
    0xe7, 0x0, 0x0, 0x0, 0x0, 0x3, 0x9c, 0xef,
    0xf9, 0x0, 0x0, 0x0, 0x9, 0xff, 0xff, 0xff,
    0xff, 0xff, 0xff, 0xff, 0x70, 0x3, 0x66, 0x68,
    0xfe, 0xbf, 0x86, 0x67, 0xfe, 0x10, 0x0, 0x1,
    0x9f, 0xc1, 0x7f, 0x30, 0xc, 0xf3, 0x0, 0x5,
    0xbf, 0xf8, 0x45, 0xaf, 0x30, 0x2b, 0x40, 0x0,
    0x5, 0xe7, 0x0, 0x7e, 0xfc, 0x0, 0x0, 0x0,
    0x0, 0x0, 0x0, 0x0, 0x0, 0xdd, 0x0, 0x0,
    0x0, 0x0, 0xd, 0xff, 0xff, 0xff, 0xff, 0xff,
    0xff, 0xff, 0xe0, 0x7, 0x77, 0x78, 0xdf, 0xff,
    0xfd, 0x87, 0x77, 0x70, 0x0, 0x0, 0x2c, 0xf8,
    0xed, 0x9f, 0xb2, 0x0, 0x0, 0x0, 0x39, 0xfe,
    0x40, 0xdd, 0x4, 0xef, 0xa4, 0x0, 0x1d, 0xff,
    0x81, 0x0, 0xdd, 0x0, 0x18, 0xef, 0xe1, 0x6,
    0x70, 0x0, 0x0, 0xdd, 0x0, 0x0, 0x5, 0x50,

    /* U+67E5 "查" */
    0x0, 0x0, 0x0, 0x0, 0xec, 0x0, 0x0, 0x0,
    0x0, 0x0, 0x0, 0x0, 0x0, 0xec, 0x0, 0x0,
    0x0, 0x0, 0xe, 0xff, 0xff, 0xff, 0xff, 0xff,
    0xff, 0xff, 0xe0, 0x7, 0x77, 0x78, 0xef, 0xff,
    0xfe, 0x87, 0x77, 0x70, 0x0, 0x0, 0xb, 0xf7,
    0xec, 0x9f, 0xa0, 0x0, 0x0, 0x0, 0x2, 0xdf,
    0x80, 0xec, 0x9, 0xfd, 0x30, 0x0, 0x2, 0xaf,
    0xf6, 0x0, 0xec, 0x0, 0x6f, 0xfb, 0x40, 0x1f,
    0xfc, 0x63, 0x33, 0x55, 0x33, 0x35, 0xbf, 0xe1,
    0x5, 0x41, 0xff, 0xee, 0xee, 0xee, 0xff, 0x3,
    0x30, 0x0, 0x1, 0xf9, 0x11, 0x11, 0x11, 0xbf,
    0x0, 0x0, 0x0, 0x1, 0xff, 0xff, 0xff, 0xff,
    0xff, 0x0, 0x0, 0x0, 0x1, 0xf9, 0x0, 0x0,
    0x0, 0xbf, 0x0, 0x0, 0x0, 0x1, 0xff, 0xff,
    0xff, 0xff, 0xff, 0x0, 0x0, 0x0, 0x0, 0x33,
    0x33, 0x33, 0x33, 0x33, 0x0, 0x0, 0x5, 0x88,
    0x88, 0x88, 0x88, 0x88, 0x88, 0x88, 0x60, 0xa,
    0xff, 0xff, 0xff, 0xff, 0xff, 0xff, 0xff, 0xb0,

    /* U+6807 "标" */
    0x0, 0x9, 0xf1, 0x0, 0x0, 0x0, 0x0, 0x0,
    0x0, 0x0, 0x9, 0xf1, 0x0, 0xaf, 0xff, 0xff,
    0xff, 0x10, 0x0, 0x9, 0xf1, 0x0, 0x69, 0x99,
    0x99, 0x99, 0x10, 0x18, 0x8c, 0xf8, 0x82, 0x0,
    0x0, 0x0, 0x0, 0x0, 0x2f, 0xff, 0xff, 0xf4,
    0x0, 0x0, 0x0, 0x0, 0x0, 0x1, 0x3f, 0xf4,
    0x15, 0x99, 0x99, 0x99, 0x99, 0x90, 0x0, 0x6f,
    0xfd, 0x7, 0xff, 0xff, 0xff, 0xff, 0xf1, 0x0,
    0xcf, 0xfe, 0xb0, 0x0, 0xc, 0xe0, 0x0, 0x0,
    0x2, 0xfd, 0xf4, 0xf4, 0x11, 0xc, 0xe0, 0x11,
    0x0, 0xb, 0xd9, 0xf1, 0x50, 0xbe, 0xc, 0xe0,
    0xf9, 0x0, 0x5f, 0x69, 0xf1, 0x0, 0xf9, 0xc,
    0xe0, 0x9f, 0x10, 0x3c, 0x9, 0xf1, 0x6, 0xf3,
    0xc, 0xe0, 0x3f, 0x60, 0x1, 0x9, 0xf1, 0x1e,
    0xc0, 0xc, 0xe0, 0xe, 0xb0, 0x0, 0x9, 0xf1,
    0x6f, 0x30, 0xc, 0xe0, 0x9, 0xf1, 0x0, 0x9,
    0xf1, 0x3, 0x9, 0xbf, 0xd0, 0x2, 0x20, 0x0,
    0x9, 0xf1, 0x0, 0xa, 0xfd, 0x50, 0x0, 0x0,
    0x0, 0x0, 0x0, 0x0, 0x0, 0x0, 0x0, 0x0,
    0x0,

    /* U+680F "栏" */
    0x0, 0xa, 0xf0, 0x0, 0x39, 0x0, 0x0, 0xc7,
    0x0, 0x0, 0xa, 0xf0, 0x0, 0x3f, 0x80, 0x5,
    0xf7, 0x0, 0x0, 0xa, 0xf0, 0x0, 0xa, 0xf1,
    0xc, 0xe0, 0x0, 0x7, 0x9d, 0xf9, 0x80, 0x3,
    0xb2, 0x5f, 0x60, 0x0, 0xd, 0xff, 0xff, 0xe8,
    0xff, 0xff, 0xff, 0xff, 0x80, 0x0, 0xd, 0xf1,
    0x4, 0x88, 0x88, 0x88, 0x88, 0x40, 0x0, 0x2f,
    0xfa, 0x0, 0x0, 0x0, 0x0, 0x0, 0x0, 0x0,
    0x7f, 0xff, 0x50, 0x0, 0x0, 0x0, 0x0, 0x0,
    0x0, 0xcf, 0xfa, 0xe1, 0x0, 0x0, 0x0, 0x0,
    0x0, 0x4, 0xfc, 0xf2, 0xa0, 0xcf, 0xff, 0xff,
    0xfb, 0x0, 0xc, 0xba, 0xf0, 0x0, 0x68, 0x88,
    0x88, 0x86, 0x0, 0x4f, 0x4a, 0xf0, 0x0, 0x0,
    0x0, 0x0, 0x0, 0x0, 0x9, 0xa, 0xf0, 0x0,
    0x0, 0x0, 0x0, 0x0, 0x0, 0x0, 0xa, 0xf0,
    0x0, 0x0, 0x0, 0x0, 0x0, 0x0, 0x0, 0xa,
    0xf0, 0x4f, 0xff, 0xff, 0xff, 0xff, 0xf0, 0x0,
    0xa, 0xf0, 0x28, 0x88, 0x88, 0x88, 0x88, 0x80,

    /* U+6837 "样" */
    0x0, 0x0, 0x0, 0x0, 0x0, 0x0, 0x0, 0x0,
    0x0, 0x0, 0xea, 0x0, 0xa, 0x80, 0x0, 0xc,
    0xb0, 0x0, 0xe, 0xa0, 0x0, 0xaf, 0x20, 0x3,
    0xfa, 0x0, 0x0, 0xea, 0x0, 0x2, 0xf9, 0x0,
    0xaf, 0x20, 0x19, 0x9f, 0xd9, 0x48, 0x9e, 0xa9,
    0x9f, 0xe9, 0x61, 0xff, 0xff, 0xf7, 0xde, 0xee,
    0xff, 0xee, 0xe9, 0x0, 0x1f, 0xb0, 0x0, 0x0,
    0xf, 0xb0, 0x0, 0x0, 0x6, 0xff, 0x40, 0x0,
    0x0, 0xfb, 0x0, 0x0, 0x0, 0xbf, 0xfe, 0x14,
    0xff, 0xff, 0xff, 0xff, 0x10, 0x1f, 0xfb, 0xd9,
    0x27, 0x77, 0xfd, 0x77, 0x70, 0x8, 0xee, 0xa5,
    0x20, 0x0, 0xf, 0xb0, 0x0, 0x2, 0xf7, 0xea,
    0x3, 0x77, 0x77, 0xfd, 0x77, 0x77, 0x4f, 0x1e,
    0xa0, 0x7f, 0xff, 0xff, 0xff, 0xff, 0xf0, 0x40,
    0xea, 0x0, 0x0, 0x0, 0xfb, 0x0, 0x0, 0x0,
    0xe, 0xa0, 0x0, 0x0, 0xf, 0xb0, 0x0, 0x0,
    0x0, 0xea, 0x0, 0x0, 0x0, 0xfb, 0x0, 0x0,
    0x0, 0xe, 0xa0, 0x0, 0x0, 0xf, 0xb0, 0x0,
    0x0,

    /* U+6848 "案" */
    0x0, 0x0, 0x0, 0x0, 0x20, 0x0, 0x0, 0x0,
    0x0, 0x0, 0x0, 0x0, 0x2, 0xf9, 0x0, 0x0,
    0x0, 0x0, 0x6, 0xff, 0xff, 0xff, 0xff, 0xff,
    0xff, 0xff, 0xa0, 0x7, 0xf8, 0x77, 0x7c, 0xa7,
    0x77, 0x77, 0x7f, 0xa0, 0x5, 0xb1, 0x0, 0x3f,
    0xa0, 0x0, 0x0, 0xa, 0x70, 0xb, 0xff, 0xff,
    0xff, 0xff, 0xff, 0xff, 0xff, 0xe0, 0x4, 0x55,
    0x7f, 0xc5, 0x55, 0x6d, 0xf8, 0x55, 0x50, 0x0,
    0x0, 0xcf, 0x84, 0x10, 0xaf, 0x70, 0x0, 0x0,
    0x0, 0x2, 0x8b, 0xef, 0xff, 0xfd, 0x30, 0x0,
    0x0, 0x2, 0x46, 0x7a, 0xdf, 0xda, 0xbf, 0xff,
    0xb6, 0x10, 0x5, 0xdc, 0xa8, 0x51, 0xcd, 0x0,
    0x37, 0xcb, 0x0, 0x2, 0x22, 0x22, 0x22, 0xde,
    0x22, 0x22, 0x22, 0x20, 0xf, 0xff, 0xff, 0xff,
    0xff, 0xff, 0xff, 0xff, 0xf1, 0x2, 0x22, 0x23,
    0xbf, 0xff, 0xfc, 0x42, 0x22, 0x20, 0x0, 0x3,
    0x8e, 0xc3, 0xdd, 0x2b, 0xf9, 0x40, 0x0, 0x1a,
    0xef, 0xd6, 0x0, 0xdd, 0x0, 0x5c, 0xff, 0xb3,
    0x7, 0x82, 0x0, 0x0, 0xdd, 0x0, 0x0, 0x27,
    0x90,

    /* U+6A21 "模" */
    0x0, 0xf, 0x90, 0x0, 0xf, 0x90, 0xf, 0xa0,
    0x0, 0x0, 0xf, 0x90, 0x3a, 0xaf, 0xda, 0xaf,
    0xea, 0x90, 0x0, 0xf, 0x90, 0x4b, 0xbf, 0xeb,
    0xbf, 0xeb, 0xb0, 0x9, 0x9f, 0xd9, 0x30, 0xf,
    0x80, 0xe, 0xa0, 0x0, 0xa, 0xaf, 0xea, 0x4b,
    0xff, 0xff, 0xff, 0xff, 0x10, 0x0, 0x2f, 0xb0,
    0xc, 0xd4, 0x44, 0x44, 0xaf, 0x10, 0x0, 0x7f,
    0xf4, 0xc, 0xd5, 0x55, 0x55, 0xbf, 0x10, 0x0,
    0xbf, 0xfe, 0xc, 0xfd, 0xdd, 0xdd, 0xef, 0x10,
    0x1, 0xff, 0xbf, 0x8c, 0xd4, 0x44, 0x44, 0xaf,
    0x10, 0x7, 0xef, 0x98, 0x4b, 0xff, 0xff, 0xff,
    0xff, 0x10, 0x1e, 0x9f, 0x90, 0x0, 0x0, 0x5f,
    0x50, 0x0, 0x0, 0x3f, 0x2f, 0x90, 0xbf, 0xff,
    0xff, 0xff, 0xff, 0xe0, 0x5, 0xf, 0x90, 0x56,
    0x68, 0xfe, 0xfc, 0x66, 0x60, 0x0, 0xf, 0x90,
    0x0, 0x2d, 0xf3, 0x7f, 0x80, 0x0, 0x0, 0xf,
    0x90, 0x6b, 0xfe, 0x40, 0x8, 0xfe, 0x91, 0x0,
    0xf, 0x90, 0xcb, 0x60, 0x0, 0x0, 0x29, 0xb0,
    0x0, 0x0, 0x0, 0x0, 0x0, 0x0, 0x0, 0x0,
    0x0,

    /* U+6B21 "次" */
    0x0, 0x0, 0x0, 0x1, 0xe9, 0x0, 0x0, 0x0,
    0x0, 0x3, 0x70, 0x0, 0x5, 0xf8, 0x0, 0x0,
    0x0, 0x0, 0xb, 0xfd, 0x30, 0xa, 0xf5, 0x0,
    0x0, 0x1, 0x0, 0x0, 0x6f, 0xf4, 0xe, 0xff,
    0xff, 0xff, 0xff, 0x80, 0x0, 0x3, 0xb0, 0x4f,
    0xd9, 0x99, 0x99, 0xbf, 0x80, 0x0, 0x0, 0x0,
    0xbf, 0x30, 0x99, 0x0, 0x8f, 0x30, 0x0, 0x0,
    0x5, 0xfc, 0x0, 0xed, 0x0, 0xed, 0x0, 0x0,
    0x0, 0x9, 0xf3, 0x0, 0xfd, 0x4, 0xf6, 0x0,
    0x0, 0x0, 0x80, 0x20, 0x1, 0xff, 0x10, 0x50,
    0x0, 0x0, 0x7, 0xf8, 0x0, 0x6, 0xff, 0x60,
    0x0, 0x0, 0x0, 0x1f, 0xe1, 0x0, 0xb, 0xff,
    0xc0, 0x0, 0x0, 0x0, 0xbf, 0x60, 0x0, 0x3f,
    0xe7, 0xf5, 0x0, 0x0, 0x6, 0xfc, 0x0, 0x1,
    0xdf, 0x60, 0xee, 0x10, 0x0, 0x1f, 0xf2, 0x0,
    0x1c, 0xfa, 0x0, 0x5f, 0xd1, 0x0, 0x3, 0x60,
    0x5, 0xef, 0xb0, 0x0, 0x8, 0xff, 0x80, 0x0,
    0x0, 0x4f, 0xf8, 0x0, 0x0, 0x0, 0x6f, 0xd0,
    0x0, 0x0, 0x6, 0x20, 0x0, 0x0, 0x0, 0x1,
    0x20,

    /* U+6B4C "歌" */
    0x0, 0x0, 0x0, 0x0, 0x0, 0x9, 0x90, 0x0,
    0x0, 0xd, 0xff, 0xff, 0xff, 0xff, 0x1f, 0xb0,
    0x0, 0x0, 0x5, 0x66, 0x66, 0x6c, 0xe6, 0x3f,
    0xa3, 0x33, 0x41, 0x0, 0xff, 0xff, 0x39, 0xe0,
    0x6f, 0xff, 0xff, 0xf6, 0x0, 0xf4, 0x2f, 0x39,
    0xe0, 0xbe, 0x21, 0x17, 0xf3, 0x0, 0xf5, 0x3f,
    0x39, 0xe2, 0xf8, 0x6c, 0x8, 0xf0, 0x0, 0xff,
    0xff, 0x39, 0xea, 0xf1, 0x7f, 0xb, 0xb0, 0x2,
    0x22, 0x22, 0x2a, 0xe4, 0x70, 0x8f, 0x8, 0x60,
    0x1f, 0xff, 0xff, 0xff, 0xff, 0xa0, 0x9f, 0x20,
    0x0, 0x2, 0x22, 0x22, 0x29, 0xf2, 0x10, 0xcf,
    0x60, 0x0, 0x2, 0xff, 0xff, 0x57, 0xf0, 0x0,
    0xff, 0xb0, 0x0, 0x2, 0xf6, 0x3f, 0x57, 0xf0,
    0x6, 0xf9, 0xf2, 0x0, 0x2, 0xf4, 0x1f, 0x57,
    0xf0, 0xd, 0xc0, 0xdb, 0x0, 0x2, 0xff, 0xff,
    0x57, 0xf0, 0x7f, 0x50, 0x6f, 0x70, 0x1, 0xb3,
    0x13, 0x3a, 0xf5, 0xfa, 0x0, 0xa, 0xf7, 0x0,
    0x0, 0x3, 0xfe, 0x99, 0xb0, 0x0, 0x0, 0xb5,
    0x0, 0x0, 0x0, 0x0, 0x0, 0x0, 0x0, 0x0,
    0x0,

    /* U+6B63 "正" */
    0x6, 0xff, 0xff, 0xff, 0xff, 0xff, 0xff, 0xff,
    0x70, 0x4, 0xaa, 0xaa, 0xaa, 0xcf, 0xca, 0xaa,
    0xaa, 0x50, 0x0, 0x0, 0x0, 0x0, 0x6f, 0x50,
    0x0, 0x0, 0x0, 0x0, 0x0, 0x0, 0x0, 0x6f,
    0x50, 0x0, 0x0, 0x0, 0x0, 0x1, 0x20, 0x0,
    0x6f, 0x50, 0x0, 0x0, 0x0, 0x0, 0xb, 0xf0,
    0x0, 0x6f, 0x50, 0x0, 0x0, 0x0, 0x0, 0xb,
    0xf0, 0x0, 0x6f, 0xca, 0xaa, 0xa7, 0x0, 0x0,
    0xb, 0xf0, 0x0, 0x6f, 0xff, 0xff, 0xfb, 0x0,
    0x0, 0xb, 0xf0, 0x0, 0x6f, 0x50, 0x0, 0x0,
    0x0, 0x0, 0xb, 0xf0, 0x0, 0x6f, 0x50, 0x0,
    0x0, 0x0, 0x0, 0xb, 0xf0, 0x0, 0x6f, 0x50,
    0x0, 0x0, 0x0, 0x0, 0xb, 0xf0, 0x0, 0x6f,
    0x50, 0x0, 0x0, 0x0, 0x0, 0xb, 0xf0, 0x0,
    0x6f, 0x50, 0x0, 0x0, 0x0, 0xf, 0xff, 0xff,
    0xff, 0xff, 0xff, 0xff, 0xff, 0xf0, 0xa, 0xaa,
    0xaa, 0xaa, 0xaa, 0xaa, 0xaa, 0xaa, 0xa0,

    /* U+6B65 "步" */
    0x0, 0x0, 0x0, 0x0, 0x9f, 0x20, 0x0, 0x0,
    0x0, 0x0, 0x3a, 0x30, 0x9, 0xf9, 0x88, 0x88,
    0x30, 0x0, 0x5, 0xf5, 0x0, 0x9f, 0xff, 0xff,
    0xf6, 0x0, 0x0, 0x5f, 0x50, 0x9, 0xf3, 0x0,
    0x0, 0x0, 0x0, 0x5, 0xf5, 0x0, 0x9f, 0x20,
    0x0, 0x0, 0x0, 0x9a, 0xcf, 0xca, 0xad, 0xfb,
    0xaa, 0xaa, 0xa8, 0xe, 0xff, 0xff, 0xff, 0xff,
    0xff, 0xff, 0xff, 0xc0, 0x0, 0x0, 0x40, 0xc,
    0xf0, 0x0, 0x1, 0x0, 0x0, 0x0, 0xaf, 0x60,
    0xcf, 0x0, 0x7, 0xf5, 0x0, 0x0, 0x7f, 0xa0,
    0xc, 0xf0, 0x2, 0xfe, 0x10, 0x0, 0x9f, 0xd0,
    0x0, 0xcf, 0x2, 0xdf, 0x30, 0x0, 0x3f, 0xc1,
    0x0, 0xc, 0xf4, 0xef, 0x70, 0x0, 0x0, 0x40,
    0x0, 0x0, 0x7f, 0xfe, 0x50, 0x0, 0x0, 0x0,
    0x0, 0x5, 0xbf, 0xfc, 0x20, 0x0, 0x0, 0x2,
    0x59, 0xcf, 0xff, 0xb4, 0x0, 0x0, 0x0, 0x0,
    0xcf, 0xff, 0xb7, 0x10, 0x0, 0x0, 0x0, 0x0,
    0x2, 0x62, 0x0, 0x0, 0x0, 0x0, 0x0, 0x0,
    0x0,

    /* U+6BB5 "段" */
    0x0, 0x0, 0x3, 0xa3, 0x0, 0x0, 0x0, 0x0,
    0x0, 0x0, 0x27, 0xdf, 0xf9, 0x7, 0xff, 0xff,
    0xe0, 0x0, 0x0, 0xee, 0x95, 0x0, 0x7, 0xf7,
    0x6c, 0xe0, 0x0, 0x0, 0xea, 0x0, 0x0, 0x9,
    0xf0, 0x9, 0xe0, 0x0, 0x0, 0xef, 0xff, 0xf7,
    0xc, 0xe0, 0x9, 0xe0, 0x0, 0x0, 0xed, 0x77,
    0x74, 0x3f, 0x90, 0x9, 0xf8, 0x91, 0x0, 0xea,
    0x0, 0x2, 0xff, 0x10, 0x3, 0xcd, 0xd2, 0x0,
    0xeb, 0x22, 0x21, 0x83, 0x0, 0x0, 0x10, 0x0,
    0x0, 0xef, 0xff, 0xf7, 0xaf, 0xff, 0xff, 0xff,
    0x10, 0x0, 0xec, 0x44, 0x42, 0x3e, 0xa5, 0x55,
    0xfc, 0x0, 0x0, 0xea, 0x0, 0x0, 0xa, 0xe0,
    0x5, 0xf6, 0x0, 0x3, 0xfd, 0x9b, 0xdc, 0x2,
    0xfa, 0x2e, 0xd0, 0x0, 0x5f, 0xff, 0xeb, 0x95,
    0x0, 0x6f, 0xff, 0x30, 0x0, 0x16, 0xfa, 0x0,
    0x0, 0x0, 0x6f, 0xfe, 0x30, 0x0, 0x0, 0xea,
    0x0, 0x2, 0x7d, 0xfd, 0x7e, 0xfb, 0x61, 0x0,
    0xea, 0x0, 0x9, 0xfd, 0x60, 0x1, 0x9f, 0xd1,
    0x0, 0x0, 0x0, 0x1, 0x30, 0x0, 0x0, 0x0,
    0x10,

    /* U+6BC1 "毁" */
    0x0, 0x3, 0x40, 0x0, 0x0, 0x0, 0x0, 0x0,
    0x0, 0x5c, 0xf9, 0x9f, 0xf8, 0xe, 0xff, 0xff,
    0x10, 0xc, 0xc1, 0x3, 0x5e, 0x80, 0xec, 0x7b,
    0xf1, 0x0, 0xcc, 0x32, 0x23, 0xd8, 0xf, 0x80,
    0x7f, 0x10, 0xc, 0xff, 0x89, 0xff, 0x81, 0xf6,
    0x7, 0xf1, 0x0, 0xcb, 0x10, 0x1, 0xd8, 0x7f,
    0x30, 0x6f, 0xa7, 0xc, 0xc4, 0x44, 0x4d, 0xbf,
    0xc0, 0x1, 0x9b, 0x80, 0xcf, 0xff, 0xff, 0xf8,
    0xa5, 0x44, 0x44, 0x30, 0x0, 0x0, 0x0, 0x0,
    0xb, 0xff, 0xff, 0xff, 0x10, 0x67, 0x77, 0x77,
    0x73, 0x5f, 0x73, 0x4f, 0xb0, 0xe, 0xff, 0xff,
    0xff, 0x60, 0xec, 0x7, 0xf5, 0x0, 0x0, 0xd,
    0xa0, 0x0, 0x7, 0xf6, 0xfc, 0x0, 0x0, 0x0,
    0xda, 0x0, 0x0, 0xd, 0xff, 0x20, 0x0, 0x13,
    0x4e, 0xda, 0xce, 0x12, 0xdf, 0xe2, 0x0, 0x5f,
    0xff, 0xff, 0xda, 0xba, 0xff, 0x8f, 0xf8, 0x21,
    0x75, 0x31, 0x0, 0xc, 0xfb, 0x20, 0x2c, 0xf9,
    0x0, 0x0, 0x0, 0x0, 0x13, 0x0, 0x0, 0x4,
    0x0,

    /* U+6BCF "每" */
    0x0, 0x0, 0x11, 0x0, 0x0, 0x0, 0x0, 0x0,
    0x0, 0x0, 0x0, 0x9f, 0x40, 0x0, 0x0, 0x0,
    0x0, 0x0, 0x0, 0x2, 0xff, 0x77, 0x77, 0x77,
    0x77, 0x77, 0x40, 0x0, 0xa, 0xff, 0xff, 0xff,
    0xff, 0xff, 0xff, 0x90, 0x0, 0x5f, 0xa0, 0x0,
    0x0, 0x0, 0x0, 0x0, 0x0, 0x2, 0xfe, 0x43,
    0x33, 0x33, 0x33, 0x33, 0x30, 0x0, 0x1e, 0xf5,
    0xff, 0xff, 0xff, 0xff, 0xff, 0xc0, 0x0, 0x3,
    0x53, 0xf9, 0x3a, 0xd5, 0x33, 0x3e, 0xc0, 0x0,
    0x0, 0x5, 0xf5, 0x3, 0xcf, 0x70, 0xe, 0xb0,
    0x0, 0x15, 0x5a, 0xf7, 0x44, 0x5c, 0xd5, 0x4f,
    0xc5, 0x51, 0x3f, 0xff, 0xff, 0xff, 0xff, 0xff,
    0xff, 0xff, 0xf3, 0x2, 0x2c, 0xe1, 0x2e, 0xb3,
    0x11, 0x1f, 0xa2, 0x20, 0x0, 0xe, 0xc0, 0x4,
    0xde, 0x40, 0x1f, 0x80, 0x0, 0x0, 0x1f, 0xc6,
    0x66, 0x7e, 0xb6, 0x7f, 0xa6, 0x30, 0x0, 0x4f,
    0xff, 0xff, 0xff, 0xff, 0xff, 0xff, 0x80, 0x0,
    0x0, 0x0, 0x0, 0x2, 0x55, 0xcf, 0x20, 0x0,
    0x0, 0x0, 0x0, 0x0, 0x1, 0xff, 0xf8, 0x0,
    0x0, 0x0, 0x0, 0x0, 0x0, 0x0, 0x0, 0x0,
    0x0, 0x0,

    /* U+6C14 "气" */
    0x0, 0x0, 0x0, 0x0, 0x0, 0x0, 0x0, 0x0,
    0x0, 0x0, 0x0, 0xec, 0x0, 0x0, 0x0, 0x0,
    0x0, 0x0, 0x0, 0x5, 0xfb, 0x33, 0x33, 0x33,
    0x33, 0x33, 0x10, 0x0, 0xc, 0xff, 0xff, 0xff,
    0xff, 0xff, 0xff, 0x70, 0x0, 0x3f, 0x93, 0x33,
    0x33, 0x33, 0x33, 0x33, 0x10, 0x0, 0xde, 0x46,
    0x66, 0x66, 0x66, 0x66, 0x60, 0x0, 0xa, 0xf6,
    0x7e, 0xee, 0xee, 0xee, 0xee, 0xe1, 0x0, 0x3f,
    0xa1, 0x0, 0x0, 0x0, 0x0, 0x0, 0x0, 0x0,
    0x2, 0x3f, 0xff, 0xff, 0xff, 0xff, 0xfc, 0x0,
    0x0, 0x0, 0x15, 0x55, 0x55, 0x55, 0x55, 0xec,
    0x0, 0x0, 0x0, 0x0, 0x0, 0x0, 0x0, 0x0,
    0xcd, 0x0, 0x0, 0x0, 0x0, 0x0, 0x0, 0x0,
    0x0, 0xbf, 0x0, 0x0, 0x0, 0x0, 0x0, 0x0,
    0x0, 0x0, 0x9f, 0x10, 0x0, 0x0, 0x0, 0x0,
    0x0, 0x0, 0x0, 0x5f, 0x50, 0x70, 0x0, 0x0,
    0x0, 0x0, 0x0, 0x0, 0x2f, 0xa1, 0xf1, 0x0,
    0x0, 0x0, 0x0, 0x0, 0x0, 0xa, 0xfc, 0xe0,
    0x0, 0x0, 0x0, 0x0, 0x0, 0x0, 0x1, 0xcf,
    0x70,

    /* U+6C1B "氛" */
    0x0, 0x0, 0x20, 0x0, 0x0, 0x0, 0x0, 0x0,
    0x0, 0x0, 0x1, 0xfd, 0x0, 0x0, 0x0, 0x0,
    0x0, 0x0, 0x0, 0x9, 0xff, 0xff, 0xff, 0xff,
    0xff, 0xff, 0x80, 0x0, 0x4f, 0xb5, 0x55, 0x55,
    0x55, 0x55, 0x55, 0x30, 0x4, 0xfe, 0x89, 0x99,
    0x99, 0x99, 0x99, 0x91, 0x0, 0x1e, 0xf4, 0x8b,
    0xbb, 0xbb, 0xbb, 0xbb, 0xb2, 0x0, 0x2, 0x53,
    0x33, 0x33, 0x33, 0x33, 0x33, 0x0, 0x0, 0x0,
    0x5f, 0xff, 0xff, 0xff, 0xff, 0xff, 0x10, 0x0,
    0x0, 0x1, 0x57, 0x22, 0x84, 0x11, 0x9f, 0x10,
    0x0, 0x0, 0x2, 0xfb, 0x0, 0xce, 0x10, 0x8f,
    0x20, 0x0, 0x0, 0x3e, 0xd1, 0x0, 0x2e, 0xd4,
    0x7f, 0x30, 0x0, 0x9, 0xff, 0x75, 0x55, 0x58,
    0xff, 0xdf, 0x40, 0x0, 0x3, 0x89, 0xff, 0xff,
    0xff, 0x67, 0x7f, 0x60, 0x0, 0x0, 0x0, 0x4f,
    0x30, 0x2f, 0x50, 0x2f, 0x80, 0x70, 0x0, 0x1,
    0xdd, 0x0, 0x4f, 0x30, 0xe, 0xd1, 0xf0, 0x1,
    0x8e, 0xe3, 0x59, 0xdf, 0x10, 0x8, 0xfd, 0xe0,
    0x0, 0xc9, 0x10, 0x4f, 0xf9, 0x0, 0x0, 0xae,
    0x70, 0x0, 0x0, 0x0, 0x0, 0x0, 0x0, 0x0,
    0x0, 0x0,

    /* U+6D41 "流" */
    0x0, 0x0, 0x0, 0x0, 0x0, 0x1, 0x0, 0x0,
    0x0, 0x0, 0xb5, 0x0, 0x0, 0x0, 0xdc, 0x0,
    0x0, 0x0, 0x2, 0xdf, 0xb1, 0x0, 0x0, 0x8f,
    0x30, 0x0, 0x0, 0x0, 0x8, 0xf7, 0xff, 0xff,
    0xff, 0xff, 0xff, 0xe0, 0x0, 0x0, 0x31, 0x88,
    0x9f, 0xe8, 0x8a, 0x98, 0x80, 0x0, 0x0, 0x0,
    0x0, 0xaf, 0x40, 0xe, 0xb0, 0x0, 0xb, 0x92,
    0x0, 0x7, 0xf8, 0x0, 0x7, 0xf8, 0x0, 0x1a,
    0xff, 0x60, 0xcf, 0xfe, 0xff, 0xff, 0xff, 0x40,
    0x0, 0x3e, 0x90, 0xbc, 0xa9, 0x86, 0x54, 0x3d,
    0xd0, 0x0, 0x1, 0x0, 0x3, 0x20, 0x22, 0x2,
    0x33, 0x20, 0x0, 0x0, 0x30, 0xc, 0xa0, 0xbb,
    0x9, 0xe0, 0x0, 0x0, 0x1, 0xf8, 0xd, 0xa0,
    0xbb, 0x9, 0xe0, 0x0, 0x0, 0x9, 0xf4, 0xe,
    0xa0, 0xbb, 0x9, 0xe0, 0x0, 0x0, 0x3f, 0xb0,
    0x1f, 0x70, 0xbb, 0x9, 0xe0, 0x40, 0x0, 0xcf,
    0x20, 0x8f, 0x20, 0xbb, 0x9, 0xe0, 0xd5, 0x7,
    0xf8, 0x4, 0xfa, 0x0, 0xbb, 0x9, 0xf5, 0xf3,
    0x5, 0xc0, 0xc, 0xb0, 0x0, 0xaa, 0x4, 0xef,
    0xc0, 0x0, 0x0, 0x0, 0x0, 0x0, 0x0, 0x0,
    0x0, 0x0,

    /* U+6D45 "浅" */
    0x0, 0x96, 0x0, 0x0, 0x1f, 0xa1, 0xa3, 0x0,
    0x0, 0x1, 0xaf, 0xc2, 0x0, 0x1f, 0xa2, 0xcf,
    0x70, 0x0, 0x0, 0x5, 0xe5, 0x0, 0xf, 0xb0,
    0x8, 0xa0, 0x0, 0x0, 0x0, 0x0, 0x0, 0x2f,
    0xd7, 0x9b, 0xdf, 0x20, 0x1, 0x0, 0x2, 0xef,
    0xff, 0xff, 0xec, 0xa8, 0x20, 0x1e, 0xc3, 0x0,
    0x98, 0x6d, 0xf0, 0x0, 0x0, 0x0, 0x5, 0xef,
    0x60, 0x0, 0xa, 0xf0, 0x2, 0x46, 0x70, 0x0,
    0x9, 0x21, 0x46, 0x8d, 0xfe, 0xff, 0xff, 0xe0,
    0x0, 0x0, 0x7, 0xff, 0xfe, 0xfc, 0x75, 0x38,
    0x20, 0x0, 0x3, 0x82, 0x41, 0x1, 0xfb, 0x0,
    0x8f, 0x90, 0x0, 0xb, 0xf1, 0x0, 0x0, 0xcf,
    0x19, 0xfa, 0x0, 0x0, 0x2f, 0x90, 0x0, 0x0,
    0x7f, 0xef, 0x82, 0x30, 0x0, 0xaf, 0x20, 0x0,
    0x4, 0xbf, 0xf4, 0x4, 0xf2, 0x2, 0xfb, 0x0,
    0x27, 0xdf, 0xfc, 0xf8, 0x7, 0xf0, 0xa, 0xf3,
    0x5, 0xff, 0xe7, 0x10, 0xdf, 0xde, 0xc0, 0x1,
    0x70, 0x0, 0x73, 0x0, 0x0, 0x1a, 0xfd, 0x30,

    /* U+6DE1 "淡" */
    0x0, 0x63, 0x0, 0x0, 0x0, 0x7f, 0x30, 0x0,
    0x0, 0x2, 0xef, 0x90, 0x8, 0x90, 0x8f, 0x20,
    0x6b, 0x20, 0x0, 0x1a, 0xf8, 0xf, 0x90, 0x9f,
    0x10, 0xed, 0x0, 0x0, 0x0, 0x50, 0x9f, 0x20,
    0xde, 0x8, 0xf3, 0x0, 0x0, 0x0, 0x0, 0x67,
    0x2, 0xff, 0x86, 0x60, 0x0, 0x9, 0x70, 0x0,
    0x0, 0xc, 0xfb, 0xfe, 0x60, 0x0, 0x1c, 0xfd,
    0x30, 0x16, 0xdf, 0x80, 0x4d, 0xfc, 0x20, 0x0,
    0x5f, 0x80, 0xef, 0xd5, 0x48, 0x10, 0x8f, 0x80,
    0x0, 0x1, 0x0, 0x34, 0x0, 0x9f, 0x10, 0x4,
    0x0, 0x0, 0x0, 0x30, 0xd, 0x90, 0xaf, 0x0,
    0x6f, 0x60, 0x0, 0x6, 0xf3, 0x4f, 0x60, 0xcf,
    0x20, 0xde, 0x10, 0x0, 0xe, 0xe0, 0xce, 0x1,
    0xff, 0x88, 0xf4, 0x0, 0x0, 0x7f, 0x71, 0xa6,
    0x7, 0xfe, 0xf8, 0x60, 0x0, 0x1, 0xef, 0x10,
    0x0, 0x5f, 0xe2, 0xfe, 0x30, 0x0, 0x9, 0xf7,
    0x0, 0x5b, 0xfe, 0x20, 0x4f, 0xf9, 0x40, 0x5,
    0xd0, 0xb, 0xff, 0x91, 0x0, 0x3, 0xcf, 0xf2,
    0x0, 0x0, 0x2, 0x50, 0x0, 0x0, 0x0, 0x2,
    0x40,

    /* U+6DF1 "深" */
    0x0, 0x72, 0x0, 0x0, 0x0, 0x0, 0x0, 0x0,
    0x0, 0x3, 0xff, 0x90, 0xff, 0xff, 0xff, 0xff,
    0xff, 0xa0, 0x0, 0x1a, 0xf1, 0xfb, 0x66, 0x66,
    0x66, 0x6e, 0xa0, 0x0, 0x0, 0x20, 0xf7, 0x16,
    0x10, 0x55, 0xd, 0xa0, 0x0, 0x0, 0x0, 0x63,
    0xdf, 0x20, 0x9f, 0x84, 0x30, 0xc, 0x91, 0x0,
    0x3d, 0xf5, 0x0, 0x9, 0xf8, 0x0, 0x6, 0xef,
    0x60, 0xef, 0x50, 0x5a, 0x10, 0xaf, 0x30, 0x0,
    0x1b, 0x40, 0x33, 0x0, 0x8f, 0x10, 0x4, 0x0,
    0x0, 0x0, 0x0, 0x77, 0x77, 0xcf, 0x87, 0x77,
    0x50, 0x0, 0x1, 0x41, 0xff, 0xff, 0xff, 0xff,
    0xff, 0xb0, 0x0, 0x8, 0xf0, 0x0, 0x1d, 0xff,
    0xf7, 0x0, 0x0, 0x0, 0x1f, 0xa0, 0x0, 0xcf,
    0xbf, 0xaf, 0x40, 0x0, 0x0, 0x8f, 0x20, 0x1a,
    0xf4, 0x8f, 0x2c, 0xf5, 0x0, 0x2, 0xfa, 0x5,
    0xef, 0x60, 0x8f, 0x11, 0xdf, 0x90, 0xa, 0xf2,
    0xa, 0xd3, 0x0, 0x8f, 0x10, 0x1b, 0xb0, 0x2,
    0x70, 0x0, 0x0, 0x0, 0x8f, 0x10, 0x0, 0x0,

    /* U+6DF7 "混" */
    0x0, 0x31, 0x0, 0x0, 0x0, 0x0, 0x0, 0x0,
    0x0, 0x1, 0xff, 0x91, 0x9f, 0xff, 0xff, 0xff,
    0xfb, 0x0, 0x0, 0x18, 0xf7, 0x9f, 0x55, 0x55,
    0x55, 0xfb, 0x0, 0x0, 0x0, 0x0, 0x9f, 0xdd,
    0xdd, 0xdd, 0xfb, 0x0, 0x0, 0x0, 0x0, 0x9f,
    0x66, 0x66, 0x66, 0xfb, 0x0, 0xa, 0xa2, 0x0,
    0x9e, 0x0, 0x0, 0x0, 0xeb, 0x0, 0xa, 0xff,
    0x70, 0x9f, 0xff, 0xff, 0xff, 0xfb, 0x0, 0x0,
    0x3d, 0x60, 0x48, 0x65, 0x56, 0x76, 0x54, 0x0,
    0x0, 0x0, 0x0, 0x8f, 0x10, 0x8, 0xf1, 0x0,
    0x0, 0x0, 0x0, 0x40, 0x8f, 0x10, 0x8, 0xf1,
    0x1b, 0x60, 0x0, 0x1, 0xf9, 0x8f, 0xff, 0xf8,
    0xf9, 0xff, 0x90, 0x0, 0x9, 0xf4, 0x8f, 0x87,
    0x78, 0xfe, 0x82, 0x0, 0x0, 0x3f, 0xb0, 0x8f,
    0x10, 0x8, 0xf1, 0x0, 0x20, 0x0, 0xdf, 0x20,
    0x8f, 0x11, 0x38, 0xf1, 0x3, 0xf3, 0x8, 0xf8,
    0x1, 0xef, 0xef, 0xf8, 0xf9, 0x7b, 0xf1, 0x3,
    0xc0, 0x0, 0xee, 0xa6, 0x22, 0xdf, 0xff, 0x90,
    0x0, 0x0, 0x0, 0x20, 0x0, 0x0, 0x0, 0x0,
    0x0,

    /* U+6E05 "清" */
    0x0, 0x82, 0x0, 0x0, 0x0, 0xcd, 0x0, 0x0,
    0x0, 0x3, 0xef, 0x93, 0xcc, 0xcc, 0xff, 0xcc,
    0xcc, 0x40, 0x0, 0x8, 0xc2, 0x55, 0x55, 0xee,
    0x55, 0x55, 0x20, 0x0, 0x0, 0x0, 0xac, 0xcc,
    0xff, 0xcc, 0xcb, 0x0, 0x1, 0x0, 0x0, 0x45,
    0x55, 0xee, 0x55, 0x55, 0x0, 0x1e, 0xc2, 0x7,
    0x88, 0x88, 0xee, 0x88, 0x88, 0x80, 0x8, 0xff,
    0x4b, 0xcc, 0xcc, 0xcc, 0xcc, 0xcc, 0xc1, 0x0,
    0x3d, 0x10, 0x23, 0x33, 0x33, 0x33, 0x32, 0x0,
    0x0, 0x0, 0x0, 0x8f, 0xff, 0xff, 0xff, 0xf9,
    0x0, 0x0, 0x2, 0x30, 0x8f, 0x0, 0x0, 0x0,
    0xf9, 0x0, 0x0, 0x9, 0xf1, 0x8f, 0xff, 0xff,
    0xff, 0xf9, 0x0, 0x0, 0x1f, 0xb0, 0x8f, 0x43,
    0x33, 0x33, 0xf9, 0x0, 0x0, 0x9f, 0x30, 0x8f,
    0x54, 0x44, 0x44, 0xf9, 0x0, 0x2, 0xfb, 0x0,
    0x8f, 0xee, 0xee, 0xee, 0xf9, 0x0, 0x9, 0xf4,
    0x0, 0x8f, 0x0, 0x1, 0x77, 0xf8, 0x0, 0x0,
    0x70, 0x0, 0x8f, 0x0, 0x0, 0xee, 0xc2, 0x0,

    /* U+6E10 "渐" */
    0x0, 0x0, 0x0, 0x0, 0x0, 0x0, 0x0, 0x0,
    0x0, 0x0, 0xb5, 0x0, 0x2f, 0x40, 0x0, 0x0,
    0x4b, 0x40, 0x3, 0xef, 0xb1, 0x4f, 0x30, 0x3,
    0xbf, 0xff, 0x90, 0x0, 0x9, 0xdd, 0xff, 0xff,
    0xf6, 0xf9, 0x51, 0x0, 0x0, 0x0, 0x15, 0xde,
    0x77, 0x76, 0xf0, 0x0, 0x0, 0x3, 0x10, 0x0,
    0xc9, 0x83, 0x6, 0xf0, 0x0, 0x0, 0x1e, 0xf7,
    0x0, 0xf5, 0xf6, 0x6, 0xfc, 0xcc, 0xc3, 0x5,
    0xef, 0x84, 0xf1, 0xf6, 0x6, 0xfd, 0xef, 0xd3,
    0x0, 0x1a, 0x1b, 0xe9, 0xfb, 0x86, 0xf0, 0x6f,
    0x0, 0x0, 0x0, 0xc, 0xff, 0xff, 0xe7, 0xf0,
    0x6f, 0x0, 0x0, 0x2, 0x1, 0x0, 0xf6, 0x8,
    0xe0, 0x6f, 0x0, 0x0, 0xe, 0x90, 0x0, 0xfa,
    0x8a, 0xd0, 0x6f, 0x0, 0x0, 0x4f, 0x67, 0xae,
    0xff, 0xdc, 0xc0, 0x6f, 0x0, 0x0, 0xbf, 0xd,
    0xd9, 0xf7, 0xe, 0x90, 0x6f, 0x0, 0x3, 0xf9,
    0x0, 0x0, 0xf6, 0x2f, 0x50, 0x6f, 0x0, 0xa,
    0xf2, 0x0, 0x0, 0xf6, 0x9f, 0x10, 0x6f, 0x0,
    0x3, 0x90, 0x0, 0x0, 0xf6, 0x68, 0x0, 0x6f,
    0x0, 0x0, 0x0, 0x0, 0x0, 0x0, 0x0, 0x0,
    0x0, 0x0,

    /* U+6E21 "渡" */
    0x0, 0x0, 0x0, 0x0, 0x0, 0x0, 0x0, 0x0,
    0x0, 0x0, 0xa6, 0x0, 0x0, 0x0, 0x3f, 0x70,
    0x0, 0x0, 0x2, 0xdf, 0xc2, 0x66, 0x66, 0x6f,
    0xe6, 0x66, 0x60, 0x0, 0x7, 0xf2, 0xff, 0xff,
    0xff, 0xff, 0xff, 0xf1, 0x0, 0x0, 0x10, 0xf9,
    0x5, 0x80, 0x0, 0x94, 0x0, 0x0, 0x0, 0x0,
    0xfb, 0x4a, 0xf4, 0x45, 0xf9, 0x40, 0xd, 0xc4,
    0x0, 0xff, 0xff, 0xff, 0xff, 0xff, 0xf0, 0x7,
    0xef, 0x70, 0xf9, 0x9, 0xe0, 0x1, 0xf7, 0x0,
    0x0, 0x1a, 0x20, 0xf8, 0x8, 0xf8, 0x89, 0xf7,
    0x0, 0x0, 0x0, 0x0, 0xf8, 0x7, 0xcc, 0xcc,
    0xc5, 0x0, 0x0, 0x3, 0x2, 0xf7, 0x55, 0x55,
    0x55, 0x55, 0x0, 0x0, 0xc, 0xc3, 0xf5, 0xff,
    0xff, 0xff, 0xff, 0x40, 0x0, 0x3f, 0x86, 0xf3,
    0xc, 0xe2, 0x2, 0xeb, 0x0, 0x0, 0xbf, 0x2a,
    0xf0, 0x2, 0xfe, 0x5e, 0xe2, 0x0, 0x2, 0xfb,
    0xe, 0xb0, 0x0, 0x4f, 0xff, 0x30, 0x0, 0xb,
    0xf3, 0x6f, 0x61, 0x5a, 0xff, 0xdf, 0xe8, 0x40,
    0xa, 0xc0, 0xae, 0xb, 0xfe, 0x92, 0x4, 0xcf,
    0xe1, 0x0, 0x0, 0x2, 0x1, 0x30, 0x0, 0x0,
    0x1, 0x20,

    /* U+70B9 "点" */
    0x0, 0x0, 0x0, 0x0, 0xfb, 0x0, 0x0, 0x0,
    0x0, 0x0, 0x0, 0x0, 0x0, 0xfd, 0x77, 0x77,
    0x77, 0x20, 0x0, 0x0, 0x0, 0x0, 0xff, 0xff,
    0xff, 0xff, 0x50, 0x0, 0x0, 0x0, 0x0, 0xfb,
    0x0, 0x0, 0x0, 0x0, 0x0, 0x0, 0x0, 0x0,
    0xfb, 0x0, 0x0, 0x0, 0x0, 0x0, 0x9, 0x99,
    0x99, 0xfe, 0x99, 0x99, 0x90, 0x0, 0x0, 0xf,
    0xff, 0xff, 0xff, 0xff, 0xff, 0xf1, 0x0, 0x0,
    0xf, 0x80, 0x0, 0x0, 0x0, 0x9, 0xf1, 0x0,
    0x0, 0xf, 0x80, 0x0, 0x0, 0x0, 0x9, 0xf1,
    0x0, 0x0, 0xf, 0xc7, 0x77, 0x77, 0x77, 0x7c,
    0xf1, 0x0, 0x0, 0xf, 0xff, 0xff, 0xff, 0xff,
    0xff, 0xf1, 0x0, 0x0, 0x0, 0x0, 0x0, 0x0,
    0x0, 0x0, 0x10, 0x0, 0x0, 0x3e, 0x60, 0x86,
    0x1, 0xa4, 0x6, 0xf4, 0x0, 0x0, 0xbf, 0x20,
    0xdc, 0x0, 0xec, 0x1, 0xee, 0x10, 0x6, 0xf9,
    0x0, 0xbe, 0x0, 0x8f, 0x20, 0x5f, 0x90, 0xd,
    0xd0, 0x0, 0xaf, 0x0, 0x4e, 0x50, 0xc, 0xc0,
    0x0, 0x10, 0x0, 0x10, 0x0, 0x0, 0x0, 0x0,
    0x0,

    /* U+7247 "片" */
    0x0, 0x0, 0x0, 0x0, 0x1, 0xfb, 0x0, 0x0,
    0x0, 0x0, 0xce, 0x0, 0x0, 0x1f, 0xb0, 0x0,
    0x0, 0x0, 0xc, 0xe0, 0x0, 0x1, 0xfb, 0x0,
    0x0, 0x0, 0x0, 0xce, 0x0, 0x0, 0x1f, 0xb0,
    0x0, 0x0, 0x0, 0xc, 0xfb, 0xbb, 0xbc, 0xfe,
    0xbb, 0xbb, 0x10, 0x0, 0xcf, 0xff, 0xff, 0xff,
    0xff, 0xff, 0xf2, 0x0, 0xd, 0xe0, 0x0, 0x0,
    0x0, 0x0, 0x0, 0x0, 0x0, 0xde, 0x0, 0x0,
    0x0, 0x0, 0x0, 0x0, 0x0, 0xe, 0xe0, 0x0,
    0x0, 0x0, 0x0, 0x0, 0x0, 0x0, 0xff, 0xff,
    0xff, 0xff, 0xff, 0xc0, 0x0, 0x0, 0x2f, 0xeb,
    0xbb, 0xbb, 0xbb, 0xfc, 0x0, 0x0, 0x6, 0xf6,
    0x0, 0x0, 0x0, 0xe, 0xc0, 0x0, 0x0, 0xcf,
    0x10, 0x0, 0x0, 0x0, 0xec, 0x0, 0x0, 0x5f,
    0xc0, 0x0, 0x0, 0x0, 0xe, 0xc0, 0x0, 0x1e,
    0xf4, 0x0, 0x0, 0x0, 0x0, 0xec, 0x0, 0x0,
    0x97, 0x0, 0x0, 0x0, 0x0, 0xe, 0xc0, 0x0,
    0x0, 0x0, 0x0, 0x0, 0x0, 0x0, 0x0, 0x0,
    0x0,

    /* U+7248 "版" */
    0x0, 0x0, 0xe, 0x90, 0x0, 0x1, 0x24, 0x67,
    0x60, 0x0, 0xf8, 0xe, 0x90, 0xf, 0xff, 0xff,
    0xfd, 0xa1, 0x0, 0xf8, 0xe, 0x90, 0xf, 0xc5,
    0x32, 0x0, 0x0, 0x0, 0xf8, 0xe, 0x90, 0xf,
    0x90, 0x0, 0x0, 0x0, 0x0, 0xfa, 0x4f, 0xb4,
    0xf, 0x90, 0x0, 0x0, 0x0, 0x0, 0xff, 0xff,
    0xff, 0x1f, 0xff, 0xff, 0xff, 0xf0, 0x0, 0xfa,
    0x33, 0x33, 0xf, 0xef, 0x87, 0x7d, 0xd0, 0x0,
    0xf8, 0x0, 0x0, 0xf, 0x9f, 0x50, 0xd, 0xa0,
    0x0, 0xfb, 0x66, 0x60, 0x1f, 0x8b, 0x90, 0x2f,
    0x60, 0x1, 0xff, 0xff, 0xf0, 0x2f, 0x67, 0xf0,
    0x8f, 0x20, 0x2, 0xf6, 0x8, 0xf0, 0x3f, 0x51,
    0xf8, 0xea, 0x0, 0x3, 0xf4, 0x7, 0xf0, 0x5f,
    0x40, 0x9f, 0xf3, 0x0, 0x6, 0xf2, 0x7, 0xf0,
    0x9f, 0x10, 0x6f, 0xe0, 0x0, 0xa, 0xe0, 0x7,
    0xf0, 0xee, 0x5, 0xfe, 0xfb, 0x0, 0x1f, 0x80,
    0x7, 0xf6, 0xfa, 0xbf, 0xd1, 0x8f, 0xd3, 0x1b,
    0x20, 0x7, 0xf6, 0xe2, 0xc9, 0x0, 0x6, 0xd2,
    0x0, 0x0, 0x0, 0x0, 0x0, 0x0, 0x0, 0x0,
    0x0,

    /* U+72B6 "状" */
    0x0, 0x0, 0x1, 0x0, 0x0, 0x0, 0x0, 0x0,
    0x0, 0x0, 0x0, 0xaf, 0x0, 0x0, 0x8f, 0x11,
    0x40, 0x0, 0x0, 0x0, 0xaf, 0x0, 0x0, 0x8f,
    0x17, 0xf4, 0x0, 0x6, 0x50, 0xaf, 0x0, 0x0,
    0x8f, 0x10, 0xce, 0x10, 0xc, 0xf2, 0xaf, 0x0,
    0x0, 0x8f, 0x10, 0x3f, 0x50, 0x2, 0xfb, 0xbf,
    0x0, 0x0, 0x9f, 0x10, 0x1, 0x0, 0x0, 0x8e,
    0xdf, 0x7f, 0xff, 0xff, 0xff, 0xff, 0xf0, 0x0,
    0x1, 0xaf, 0x5a, 0xaa, 0xef, 0xca, 0xaa, 0xa0,
    0x0, 0x0, 0xaf, 0x0, 0x0, 0xdf, 0x90, 0x0,
    0x0, 0x0, 0x4, 0xff, 0x0, 0x0, 0xff, 0xe0,
    0x0, 0x0, 0x0, 0x6f, 0xff, 0x0, 0x4, 0xfd,
    0xf3, 0x0, 0x0, 0x9, 0xfb, 0xbf, 0x0, 0xa,
    0xf3, 0xeb, 0x0, 0x0, 0x2f, 0x90, 0xaf, 0x0,
    0x3f, 0xc0, 0x8f, 0x40, 0x0, 0x2, 0x0, 0xaf,
    0x0, 0xcf, 0x30, 0xe, 0xe1, 0x0, 0x0, 0x0,
    0xaf, 0x9, 0xf9, 0x0, 0x4, 0xfd, 0x20, 0x0,
    0x0, 0xaf, 0x9f, 0xc0, 0x0, 0x0, 0x7f, 0xf3,
    0x0, 0x0, 0xaf, 0x7b, 0x0, 0x0, 0x0, 0x6,
    0xa0, 0x0, 0x0, 0x0, 0x0, 0x0, 0x0, 0x0,
    0x0, 0x0,

    /* U+72EC "独" */
    0x4, 0x50, 0x7, 0x10, 0x0, 0x1f, 0x90, 0x0,
    0x0, 0xb, 0xf4, 0x8f, 0x60, 0x0, 0x1f, 0x90,
    0x0, 0x0, 0x0, 0xdf, 0xfb, 0x0, 0x0, 0x1f,
    0x90, 0x0, 0x0, 0x0, 0x4f, 0xf1, 0x7, 0x77,
    0x8f, 0xc7, 0x77, 0x0, 0x3, 0xef, 0xf0, 0xf,
    0xff, 0xff, 0xff, 0xff, 0x10, 0x1f, 0xe7, 0xf5,
    0xf, 0xa0, 0x1f, 0x90, 0x9f, 0x10, 0x5, 0x20,
    0xf9, 0xf, 0xa0, 0x1f, 0x90, 0x9f, 0x10, 0x0,
    0x2, 0xfb, 0xf, 0xa0, 0x1f, 0x90, 0x9f, 0x10,
    0x0, 0xc, 0xfc, 0xf, 0xb4, 0x5f, 0xb4, 0xbf,
    0x10, 0x0, 0xaf, 0xed, 0xf, 0xff, 0xff, 0xff,
    0xff, 0x10, 0x1c, 0xf6, 0xcd, 0x2, 0x22, 0x3f,
    0xa2, 0x52, 0x0, 0xc, 0x60, 0xcc, 0x0, 0x0,
    0x1f, 0x93, 0xf6, 0x0, 0x0, 0x0, 0xeb, 0x0,
    0x0, 0x1f, 0x90, 0xdd, 0x0, 0x0, 0x1, 0xf8,
    0x24, 0x56, 0x8f, 0xec, 0xff, 0x50, 0x6, 0x9d,
    0xf4, 0xcf, 0xff, 0xff, 0xdb, 0x9f, 0xb0, 0x7,
    0xfe, 0x70, 0x57, 0x53, 0x10, 0x0, 0xa, 0xa0,
    0x0, 0x0, 0x0, 0x0, 0x0, 0x0, 0x0, 0x0,
    0x0,

    /* U+7387 "率" */
    0x0, 0x0, 0x0, 0x0, 0x1, 0x0, 0x0, 0x0,
    0x0, 0x0, 0x0, 0x0, 0x1, 0xfc, 0x0, 0x0,
    0x0, 0x0, 0x6, 0x99, 0x99, 0x99, 0xef, 0xa9,
    0x99, 0x99, 0x70, 0xa, 0xff, 0xff, 0xff, 0xff,
    0xff, 0xff, 0xff, 0xd0, 0x0, 0x30, 0x0, 0xa,
    0xe1, 0x26, 0x0, 0x31, 0x0, 0x3, 0xfd, 0x30,
    0x7f, 0x51, 0xce, 0x13, 0xfc, 0x0, 0x0, 0x3d,
    0xe3, 0xff, 0xff, 0xe2, 0x4f, 0xb0, 0x0, 0x0,
    0x0, 0x32, 0x44, 0xdd, 0x62, 0x5, 0x0, 0x0,
    0x0, 0x18, 0xe9, 0x3e, 0xb1, 0xbd, 0x9f, 0x70,
    0x0, 0xa, 0xfe, 0x77, 0xff, 0xff, 0xff, 0x97,
    0xfd, 0x20, 0x5, 0x70, 0x2, 0x75, 0xa8, 0x6,
    0xa0, 0x3c, 0x40, 0x0, 0x0, 0x0, 0x0, 0xdd,
    0x0, 0x0, 0x0, 0x0, 0x9, 0x99, 0x99, 0x99,
    0xff, 0x99, 0x99, 0x99, 0x90, 0xf, 0xff, 0xff,
    0xff, 0xff, 0xff, 0xff, 0xff, 0xf0, 0x0, 0x0,
    0x0, 0x0, 0xdd, 0x0, 0x0, 0x0, 0x0, 0x0,
    0x0, 0x0, 0x0, 0xdd, 0x0, 0x0, 0x0, 0x0,
    0x0, 0x0, 0x0, 0x0, 0xdd, 0x0, 0x0, 0x0,
    0x0,

    /* U+73AF "环" */
    0x0, 0x0, 0x0, 0x0, 0x0, 0x0, 0x0, 0x0,
    0x0, 0x3f, 0xff, 0xff, 0x3e, 0xff, 0xff, 0xff,
    0xff, 0xf3, 0x18, 0xaf, 0xb8, 0x17, 0x88, 0x8c,
    0xfa, 0x88, 0x81, 0x0, 0x3f, 0x50, 0x0, 0x0,
    0xe, 0xf1, 0x0, 0x0, 0x0, 0x3f, 0x50, 0x0,
    0x0, 0x7f, 0xa0, 0x0, 0x0, 0x0, 0x3f, 0x50,
    0x0, 0x0, 0xef, 0x97, 0x0, 0x0, 0xe, 0xff,
    0xfc, 0x0, 0x8, 0xff, 0xdf, 0x90, 0x0, 0x9,
    0xaf, 0xb8, 0x0, 0x4f, 0xff, 0x89, 0xf7, 0x0,
    0x0, 0x3f, 0x50, 0x3, 0xff, 0x5f, 0x80, 0xcf,
    0x40, 0x0, 0x3f, 0x50, 0x4f, 0xf6, 0x1f, 0x80,
    0x1f, 0xe1, 0x0, 0x3f, 0x50, 0x2d, 0x60, 0x1f,
    0x80, 0x6, 0x70, 0x0, 0x3f, 0xce, 0x20, 0x0,
    0x1f, 0x80, 0x0, 0x0, 0x29, 0xef, 0xfb, 0x20,
    0x0, 0x1f, 0x80, 0x0, 0x0, 0x2f, 0xb5, 0x0,
    0x0, 0x0, 0x1f, 0x80, 0x0, 0x0, 0x0, 0x0,
    0x0, 0x0, 0x0, 0x1f, 0x80, 0x0, 0x0, 0x0,
    0x0, 0x0, 0x0, 0x0, 0x1f, 0x80, 0x0, 0x0,

    /* U+73B0 "现" */
    0xf, 0xff, 0xff, 0xf4, 0xff, 0xff, 0xff, 0xff,
    0x0, 0x8, 0x8d, 0xf8, 0x84, 0xfa, 0x77, 0x77,
    0xcf, 0x0, 0x0, 0xb, 0xe0, 0x3, 0xf5, 0x7,
    0x40, 0x9f, 0x0, 0x0, 0xb, 0xe0, 0x3, 0xf5,
    0xf, 0x90, 0x9f, 0x0, 0x0, 0xb, 0xe0, 0x3,
    0xf5, 0xf, 0x90, 0x9f, 0x0, 0xb, 0xff, 0xff,
    0xa3, 0xf5, 0xf, 0x90, 0x9f, 0x0, 0x7, 0x9e,
    0xf9, 0x63, 0xf5, 0xf, 0x80, 0x9f, 0x0, 0x0,
    0xb, 0xe0, 0x3, 0xf5, 0x1f, 0x70, 0x9f, 0x0,
    0x0, 0xb, 0xe0, 0x3, 0xf5, 0x4f, 0x40, 0x9f,
    0x0, 0x0, 0xb, 0xe0, 0x1, 0x62, 0x9f, 0xf5,
    0x46, 0x0, 0x0, 0xb, 0xe2, 0x71, 0x1, 0xef,
    0xf5, 0x0, 0x0, 0x2, 0x6d, 0xff, 0xf3, 0x9,
    0xf8, 0xf5, 0x2, 0xc1, 0x2f, 0xfe, 0xa5, 0x10,
    0x8f, 0x93, 0xf5, 0x3, 0xf1, 0x6, 0x20, 0x0,
    0x1a, 0xfb, 0x3, 0xf9, 0x49, 0xf0, 0x0, 0x0,
    0x0, 0xbf, 0x80, 0x0, 0xcf, 0xff, 0x70, 0x0,
    0x0, 0x0, 0x12, 0x0, 0x0, 0x0, 0x0, 0x0,

    /* U+73BB "玻" */
    0x0, 0x0, 0x0, 0x0, 0x0, 0xe, 0xa0, 0x0,
    0x0, 0x1f, 0xff, 0xff, 0x70, 0x0, 0xe, 0xa0,
    0x0, 0x0, 0x8, 0x8f, 0xc8, 0x48, 0x88, 0x8f,
    0xd8, 0x89, 0x80, 0x0, 0xf, 0x80, 0xe, 0xff,
    0xff, 0xff, 0xff, 0xe0, 0x0, 0xf, 0x80, 0xe,
    0xa0, 0xe, 0xa0, 0x1f, 0x90, 0x0, 0xf, 0x80,
    0xe, 0xa0, 0xe, 0xa0, 0x5f, 0x40, 0xc, 0xdf,
    0xed, 0x1e, 0xb2, 0x2e, 0xb2, 0x36, 0x0, 0xa,
    0xbf, 0xeb, 0x1e, 0xff, 0xff, 0xff, 0xff, 0x30,
    0x0, 0xf, 0x80, 0xf, 0xef, 0x85, 0x55, 0xde,
    0x0, 0x0, 0xf, 0x80, 0x1f, 0x8e, 0xc0, 0x2,
    0xf8, 0x0, 0x0, 0xf, 0x80, 0x2f, 0x57, 0xf5,
    0xa, 0xf2, 0x0, 0x0, 0xf, 0xcb, 0x9f, 0x30,
    0xde, 0x7f, 0x80, 0x0, 0x4, 0xaf, 0xfd, 0xdf,
    0x10, 0x2f, 0xfd, 0x0, 0x0, 0x1f, 0xfa, 0x40,
    0xec, 0x0, 0x7f, 0xff, 0x60, 0x0, 0x5, 0x0,
    0x7, 0xf6, 0x4c, 0xfc, 0x5e, 0xfd, 0x71, 0x0,
    0x0, 0x7, 0xd2, 0xfe, 0x70, 0x1, 0x8f, 0xe1,
    0x0, 0x0, 0x0, 0x10, 0x30, 0x0, 0x0, 0x0,
    0x20,

    /* U+73ED "班" */
    0x0, 0x0, 0x0, 0x0, 0x8, 0xe0, 0x0, 0x0,
    0x0, 0x1f, 0xff, 0xff, 0x10, 0x8, 0xeb, 0xff,
    0xff, 0xf1, 0x8, 0xaf, 0xb8, 0x0, 0x8, 0xe5,
    0x7d, 0xf7, 0x70, 0x0, 0x3f, 0x40, 0x16, 0x8,
    0xe0, 0xa, 0xe0, 0x0, 0x0, 0x3f, 0x40, 0x3f,
    0x28, 0xe0, 0xa, 0xe0, 0x0, 0x0, 0x3f, 0x40,
    0x4f, 0x18, 0xe0, 0xa, 0xe0, 0x0, 0x1, 0x5f,
    0x61, 0x5f, 0x8, 0xe0, 0xa, 0xe0, 0x0, 0xd,
    0xff, 0xfd, 0x7f, 0x9, 0xe3, 0x7d, 0xf7, 0x60,
    0x5, 0x8f, 0x95, 0xac, 0x9, 0xe7, 0xff, 0xff,
    0xd0, 0x0, 0x3f, 0x40, 0xd8, 0xa, 0xd0, 0xb,
    0xe0, 0x0, 0x0, 0x3f, 0x40, 0x1, 0xc, 0xb0,
    0xa, 0xe0, 0x0, 0x0, 0x3f, 0x40, 0x0, 0xf,
    0x80, 0xa, 0xe0, 0x0, 0x0, 0x3f, 0x88, 0x20,
    0x6f, 0x40, 0xa, 0xe0, 0x0, 0x2a, 0xef, 0xff,
    0x31, 0xed, 0x0, 0xa, 0xe0, 0x0, 0x2f, 0xc8,
    0x40, 0x2d, 0xf4, 0x79, 0x9d, 0xf9, 0x93, 0x0,
    0x0, 0x0, 0xcf, 0x60, 0xcf, 0xff, 0xff, 0xf6,
    0x0, 0x0, 0x0, 0x13, 0x0, 0x0, 0x0, 0x0,
    0x0,

    /* U+7403 "球" */
    0x0, 0x0, 0x0, 0x0, 0x0, 0xe, 0xb3, 0xa1,
    0x0, 0x1f, 0xff, 0xff, 0x70, 0x0, 0xe, 0xb1,
    0xce, 0x20, 0x8, 0x8f, 0xc8, 0x40, 0x0, 0xe,
    0xb0, 0x1b, 0x20, 0x0, 0xf, 0x80, 0x1f, 0xff,
    0xff, 0xff, 0xff, 0xf3, 0x0, 0xf, 0x80, 0x7,
    0x77, 0x7f, 0xd7, 0x77, 0x71, 0x0, 0xf, 0x80,
    0x3, 0x40, 0xe, 0xc0, 0x7, 0x40, 0xe, 0xff,
    0xff, 0x39, 0xf2, 0xe, 0xf0, 0x3f, 0xa0, 0x9,
    0x9f, 0xc9, 0x20, 0xea, 0xe, 0xf5, 0xed, 0x0,
    0x0, 0xf, 0x80, 0x0, 0x7c, 0xe, 0xff, 0xe1,
    0x0, 0x0, 0xf, 0x80, 0x0, 0x0, 0xbf, 0xff,
    0x30, 0x0, 0x0, 0xf, 0x80, 0x0, 0x2d, 0xef,
    0xdf, 0xa0, 0x0, 0x0, 0xf, 0xba, 0x94, 0xee,
    0x2e, 0xb7, 0xf5, 0x0, 0x18, 0xcf, 0xfe, 0xef,
    0xd2, 0xe, 0xb0, 0xcf, 0x60, 0x1f, 0xc8, 0x30,
    0x5d, 0x10, 0xe, 0xb0, 0xc, 0xf4, 0x1, 0x0,
    0x0, 0x0, 0x29, 0x9f, 0xa0, 0x0, 0x70, 0x0,
    0x0, 0x0, 0x0, 0xf, 0xfc, 0x30, 0x0, 0x0,
    0x0, 0x0, 0x0, 0x0, 0x0, 0x0, 0x0, 0x0,
    0x0,

    /* U+7483 "璃" */
    0x0, 0x0, 0x0, 0x0, 0x0, 0x0, 0x0, 0x0,
    0x0, 0x0, 0x0, 0x0, 0x0, 0x0, 0x5e, 0x10,
    0x0, 0x0, 0x18, 0x88, 0x88, 0x36, 0x66, 0x8f,
    0xa6, 0x66, 0x60, 0x2f, 0xff, 0xff, 0x8f, 0xff,
    0xff, 0xff, 0xff, 0xf0, 0x0, 0x2f, 0x50, 0x5,
    0xb3, 0x91, 0x5b, 0x4b, 0x20, 0x0, 0x2f, 0x50,
    0x7, 0xf0, 0x8e, 0xe3, 0x5f, 0x20, 0x0, 0x2f,
    0x50, 0x7, 0xf2, 0xcd, 0xe9, 0x5f, 0x20, 0x9,
    0xaf, 0xb8, 0x7, 0xf7, 0x90, 0x18, 0x6f, 0x20,
    0xe, 0xef, 0xec, 0x7, 0xff, 0xff, 0xff, 0xff,
    0x20, 0x0, 0x2f, 0x50, 0x2, 0x55, 0x5f, 0xb5,
    0x55, 0x0, 0x0, 0x2f, 0x50, 0x6, 0x66, 0x7f,
    0x96, 0x66, 0x50, 0x0, 0x2f, 0x50, 0x1f, 0xff,
    0xff, 0xff, 0xff, 0xc0, 0x0, 0x2f, 0x99, 0x5f,
    0x71, 0xf5, 0x38, 0xb, 0xc0, 0x3c, 0xff, 0xfd,
    0x6f, 0x7b, 0xe5, 0x8f, 0x4b, 0xc0, 0x2b, 0x74,
    0x0, 0x1f, 0x7e, 0xdb, 0x8a, 0xab, 0xc0, 0x0,
    0x0, 0x0, 0x1f, 0x70, 0x0, 0x5, 0x5d, 0xc0,
    0x0, 0x0, 0x0, 0x1f, 0x70, 0x0, 0x9, 0xed,
    0x50,

    /* U+7528 "用" */
    0x0, 0xf, 0xff, 0xff, 0xff, 0xff, 0xff, 0xff,
    0x10, 0x0, 0xfd, 0xaa, 0xad, 0xfa, 0xaa, 0xad,
    0xf1, 0x0, 0xf, 0x90, 0x0, 0x9f, 0x10, 0x0,
    0x9f, 0x10, 0x0, 0xf9, 0x0, 0x9, 0xf1, 0x0,
    0x9, 0xf1, 0x0, 0xf, 0xd9, 0x99, 0xdf, 0xa9,
    0x99, 0xdf, 0x10, 0x0, 0xff, 0xff, 0xff, 0xff,
    0xff, 0xff, 0xf1, 0x0, 0xf, 0x90, 0x0, 0x9f,
    0x10, 0x0, 0x9f, 0x10, 0x1, 0xf9, 0x0, 0x9,
    0xf1, 0x0, 0x9, 0xf1, 0x0, 0x2f, 0xc8, 0x88,
    0xdf, 0x98, 0x88, 0xdf, 0x10, 0x4, 0xff, 0xff,
    0xff, 0xff, 0xff, 0xff, 0xf1, 0x0, 0x6f, 0x40,
    0x0, 0x9f, 0x10, 0x0, 0x9f, 0x10, 0xb, 0xf0,
    0x0, 0x9, 0xf1, 0x0, 0x9, 0xf1, 0x1, 0xfb,
    0x0, 0x0, 0x9f, 0x10, 0x0, 0x9f, 0x10, 0xbf,
    0x40, 0x0, 0x9, 0xf1, 0x47, 0x7d, 0xf0, 0xb,
    0xa0, 0x0, 0x0, 0x9f, 0x15, 0xff, 0xf8, 0x0,
    0x0, 0x0, 0x0, 0x0, 0x0, 0x1, 0x10, 0x0,

    /* U+7535 "电" */
    0x0, 0x0, 0x0, 0xfb, 0x0, 0x0, 0x0, 0x0,
    0x0, 0x0, 0x0, 0xfb, 0x0, 0x0, 0x0, 0x0,
    0x79, 0x99, 0x99, 0xfe, 0x99, 0x99, 0x96, 0x0,
    0xcf, 0xff, 0xff, 0xff, 0xff, 0xff, 0xfa, 0x0,
    0xcf, 0x0, 0x1, 0xfc, 0x0, 0x1, 0xfa, 0x0,
    0xcf, 0x0, 0x0, 0xfb, 0x0, 0x1, 0xfa, 0x0,
    0xcf, 0x99, 0x99, 0xfe, 0x99, 0x99, 0xfa, 0x0,
    0xcf, 0xff, 0xff, 0xff, 0xff, 0xff, 0xfa, 0x0,
    0xcf, 0x0, 0x0, 0xfb, 0x0, 0x1, 0xfa, 0x0,
    0xcf, 0x0, 0x0, 0xfb, 0x0, 0x1, 0xfa, 0x0,
    0xcf, 0xff, 0xff, 0xff, 0xff, 0xff, 0xfa, 0x0,
    0xcf, 0xaa, 0xab, 0xfe, 0xaa, 0xaa, 0xa8, 0x0,
    0x8a, 0x0, 0x0, 0xfb, 0x0, 0x0, 0x6, 0xe3,
    0x0, 0x0, 0x0, 0xfc, 0x0, 0x0, 0x9, 0xf2,
    0x0, 0x0, 0x0, 0xdf, 0xba, 0xaa, 0xbf, 0xe0,
    0x0, 0x0, 0x0, 0x4d, 0xff, 0xff, 0xfd, 0x40,

    /* U+754C "界" */
    0x0, 0x1f, 0xff, 0xff, 0xff, 0xff, 0xff, 0xf6,
    0x0, 0x0, 0x1f, 0xb5, 0x55, 0xdf, 0x55, 0x59,
    0xf6, 0x0, 0x0, 0x1f, 0xb5, 0x55, 0xdf, 0x55,
    0x59, 0xf6, 0x0, 0x0, 0x1f, 0xff, 0xff, 0xff,
    0xff, 0xff, 0xf6, 0x0, 0x0, 0x1f, 0x90, 0x0,
    0xbe, 0x0, 0x5, 0xf6, 0x0, 0x0, 0x1f, 0xc6,
    0x66, 0xdf, 0x66, 0x69, 0xf6, 0x0, 0x0, 0x1f,
    0xff, 0xff, 0xff, 0xff, 0xff, 0xf5, 0x0, 0x0,
    0x0, 0x1a, 0xf8, 0x0, 0x3e, 0xc3, 0x0, 0x0,
    0x0, 0x28, 0xff, 0x81, 0x0, 0x4, 0xef, 0xb5,
    0x10, 0xb, 0xfe, 0x76, 0xf5, 0x0, 0xc, 0xe5,
    0xcf, 0xf2, 0x3, 0x80, 0x7, 0xf4, 0x0, 0xc,
    0xe0, 0x4, 0x50, 0x0, 0x0, 0xc, 0xf1, 0x0,
    0xc, 0xe0, 0x0, 0x0, 0x0, 0x0, 0x8f, 0xb0,
    0x0, 0xc, 0xe0, 0x0, 0x0, 0x0, 0x4d, 0xfd,
    0x10, 0x0, 0xc, 0xe0, 0x0, 0x0, 0x0, 0x2e,
    0x91, 0x0, 0x0, 0xc, 0xe0, 0x0, 0x0, 0x0,
    0x0, 0x0, 0x0, 0x0, 0x0, 0x0, 0x0, 0x0,

    /* U+7559 "留" */
    0x0, 0x0, 0x5b, 0x90, 0x0, 0x0, 0x0, 0x0,
    0x7, 0xcf, 0xfe, 0x81, 0xff, 0xff, 0xff, 0xf6,
    0xe, 0xd6, 0x20, 0x0, 0x78, 0xfa, 0x79, 0xf5,
    0xe, 0xb0, 0x3a, 0x10, 0x4, 0xf3, 0x4, 0xf4,
    0xe, 0xb0, 0x2f, 0x90, 0x8, 0xf0, 0x5, 0xf3,
    0xf, 0xb3, 0x7e, 0xf2, 0x1e, 0xa0, 0x7, 0xf2,
    0x5f, 0xff, 0xfc, 0xfa, 0xde, 0x25, 0x6d, 0xf0,
    0x3e, 0x94, 0x0, 0x5d, 0xe3, 0xa, 0xfe, 0x70,
    0x0, 0x22, 0x22, 0x25, 0x32, 0x22, 0x22, 0x0,
    0x0, 0xff, 0xff, 0xff, 0xff, 0xff, 0xff, 0x10,
    0x0, 0xfc, 0x22, 0x2b, 0xe2, 0x22, 0xbf, 0x10,
    0x0, 0xfc, 0x44, 0x4c, 0xf4, 0x44, 0xcf, 0x10,
    0x0, 0xff, 0xff, 0xff, 0xff, 0xff, 0xff, 0x10,
    0x0, 0xfb, 0x0, 0xa, 0xe0, 0x0, 0xaf, 0x10,
    0x0, 0xfd, 0x66, 0x6c, 0xf6, 0x66, 0xdf, 0x10,
    0x0, 0xff, 0xff, 0xff, 0xff, 0xff, 0xee, 0x10,

    /* U+7565 "略" */
    0x0, 0x0, 0x0, 0x0, 0x0, 0x0, 0x0, 0x0,
    0x0, 0x0, 0x0, 0x0, 0x0, 0x4f, 0x60, 0x0,
    0x0, 0x5f, 0xff, 0xff, 0x60, 0xd, 0xf6, 0x44,
    0x40, 0x5, 0xe7, 0xf7, 0xe6, 0x8, 0xff, 0xff,
    0xff, 0xa0, 0x5d, 0xf, 0xd, 0x67, 0xff, 0x42,
    0x2b, 0xf3, 0x5, 0xd0, 0xf0, 0xdd, 0xfe, 0xec,
    0x5, 0xfa, 0x0, 0x5e, 0xf, 0xe, 0xce, 0x24,
    0xfa, 0xed, 0x10, 0x5, 0xff, 0xff, 0xf6, 0x0,
    0x9, 0xff, 0x30, 0x0, 0x5e, 0x6f, 0x5e, 0x60,
    0x6, 0xff, 0xfc, 0x10, 0x5, 0xd0, 0xf0, 0xd6,
    0x3b, 0xfc, 0x26, 0xff, 0x81, 0x5d, 0xf, 0xd,
    0xef, 0xf9, 0x10, 0x3, 0xef, 0xb5, 0xd0, 0xf0,
    0xda, 0xbf, 0xff, 0xff, 0xff, 0xc1, 0x5e, 0x8f,
    0x7e, 0x61, 0xfb, 0x77, 0x78, 0xf8, 0x5, 0xff,
    0xff, 0xf6, 0x1f, 0x70, 0x0, 0x1f, 0x80, 0x5d,
    0x0, 0x0, 0x1, 0xf7, 0x0, 0x1, 0xf8, 0x2,
    0x50, 0x0, 0x0, 0x1f, 0xc8, 0x88, 0x9f, 0x80,
    0x0, 0x0, 0x0, 0x1, 0xff, 0xff, 0xff, 0xf8,
    0x0,

    /* U+767D "白" */
    0x0, 0x0, 0x1, 0x41, 0x0, 0x0, 0x0, 0x0,
    0x0, 0x7, 0xfb, 0x0, 0x0, 0x0, 0x0, 0x0,
    0xc, 0xf4, 0x0, 0x0, 0x0, 0x58, 0x88, 0x9f,
    0xf9, 0x88, 0x88, 0x85, 0x9f, 0xff, 0xff, 0xff,
    0xff, 0xff, 0xfa, 0x9f, 0x21, 0x11, 0x11, 0x11,
    0x13, 0xfa, 0x9f, 0x10, 0x0, 0x0, 0x0, 0x1,
    0xfa, 0x9f, 0x10, 0x0, 0x0, 0x0, 0x1, 0xfa,
    0x9f, 0x10, 0x0, 0x0, 0x0, 0x1, 0xfa, 0x9f,
    0xff, 0xff, 0xff, 0xff, 0xff, 0xfa, 0x9f, 0xba,
    0xaa, 0xaa, 0xaa, 0xab, 0xfa, 0x9f, 0x10, 0x0,
    0x0, 0x0, 0x1, 0xfa, 0x9f, 0x10, 0x0, 0x0,
    0x0, 0x1, 0xfa, 0x9f, 0x10, 0x0, 0x0, 0x0,
    0x1, 0xfa, 0x9f, 0xa9, 0x99, 0x99, 0x99, 0x9a,
    0xfa, 0x9f, 0xff, 0xff, 0xff, 0xff, 0xff, 0xfa,
    0x9f, 0x10, 0x0, 0x0, 0x0, 0x2, 0xe9,

    /* U+7684 "的" */
    0x0, 0x0, 0x0, 0x0, 0x0, 0x0, 0x0, 0x0,
    0x0, 0xf, 0xc0, 0x0, 0x9, 0xe1, 0x0, 0x0,
    0x0, 0x2f, 0x80, 0x0, 0xe, 0xd0, 0x0, 0x0,
    0x13, 0x7f, 0x63, 0x30, 0x3f, 0xb4, 0x44, 0x43,
    0x7f, 0xff, 0xff, 0xf0, 0x8f, 0xff, 0xff, 0xfb,
    0x7f, 0x43, 0x3a, 0xf1, 0xfc, 0x33, 0x33, 0xea,
    0x7f, 0x10, 0x9, 0xf9, 0xf4, 0x0, 0x0, 0xea,
    0x7f, 0x10, 0x9, 0xfa, 0xb0, 0x0, 0x0, 0xe9,
    0x7f, 0x65, 0x5b, 0xf0, 0x1d, 0x90, 0x0, 0xf9,
    0x7f, 0xff, 0xff, 0xf0, 0x8, 0xf5, 0x0, 0xf8,
    0x7f, 0x21, 0x19, 0xf0, 0x0, 0xde, 0x11, 0xf7,
    0x7f, 0x10, 0x9, 0xf0, 0x0, 0x3f, 0x92, 0xf6,
    0x7f, 0x10, 0x9, 0xf0, 0x0, 0x6, 0x13, 0xf5,
    0x7f, 0x10, 0x9, 0xf0, 0x0, 0x0, 0x5, 0xf4,
    0x7f, 0xff, 0xff, 0xf0, 0x0, 0x0, 0x8, 0xf1,
    0x7f, 0x88, 0x88, 0x70, 0x1, 0x65, 0x6e, 0xd0,
    0x7f, 0x10, 0x0, 0x0, 0x0, 0xff, 0xff, 0x50,
    0x0, 0x0, 0x0, 0x0, 0x0, 0x23, 0x31, 0x0,

    /* U+76EE "目" */
    0x1f, 0xff, 0xff, 0xff, 0xff, 0xff, 0xf1, 0x1f,
    0xda, 0xaa, 0xaa, 0xaa, 0xae, 0xf1, 0x1f, 0x90,
    0x0, 0x0, 0x0, 0xa, 0xf1, 0x1f, 0x90, 0x0,
    0x0, 0x0, 0xa, 0xf1, 0x1f, 0xff, 0xff, 0xff,
    0xff, 0xff, 0xf1, 0x1f, 0xd9, 0x99, 0x99, 0x99,
    0x9e, 0xf1, 0x1f, 0x90, 0x0, 0x0, 0x0, 0xa,
    0xf1, 0x1f, 0x90, 0x0, 0x0, 0x0, 0xa, 0xf1,
    0x1f, 0xd9, 0x99, 0x99, 0x99, 0x9e, 0xf1, 0x1f,
    0xff, 0xff, 0xff, 0xff, 0xff, 0xf1, 0x1f, 0x90,
    0x0, 0x0, 0x0, 0xa, 0xf1, 0x1f, 0x90, 0x0,
    0x0, 0x0, 0xa, 0xf1, 0x1f, 0xd9, 0x99, 0x99,
    0x99, 0x9d, 0xf1, 0x1f, 0xff, 0xff, 0xff, 0xff,
    0xff, 0xf1, 0x1f, 0xa0, 0x0, 0x0, 0x0, 0xb,
    0xf1,

    /* U+770B "看" */
    0x0, 0x0, 0x0, 0x0, 0x11, 0x34, 0x68, 0x90,
    0x0, 0xa, 0xef, 0xff, 0xff, 0xff, 0xff, 0xdb,
    0x40, 0x0, 0x36, 0x55, 0x5f, 0xd3, 0x10, 0x0,
    0x0, 0x0, 0xa, 0xff, 0xff, 0xff, 0xff, 0xff,
    0xff, 0xd0, 0x0, 0x35, 0x55, 0xdf, 0x65, 0x55,
    0x55, 0x54, 0x0, 0x55, 0x55, 0x6f, 0xe5, 0x55,
    0x55, 0x55, 0x55, 0xe, 0xff, 0xff, 0xff, 0xff,
    0xff, 0xff, 0xff, 0xd0, 0x0, 0x5, 0xfc, 0x33,
    0x33, 0x33, 0x33, 0x0, 0x0, 0x3, 0xff, 0xff,
    0xff, 0xff, 0xff, 0xf1, 0x0, 0x3, 0xef, 0xf5,
    0x11, 0x11, 0x11, 0x9f, 0x10, 0x8, 0xfd, 0x9f,
    0xff, 0xff, 0xff, 0xff, 0xf1, 0x2, 0xea, 0x5,
    0xf5, 0x11, 0x11, 0x11, 0x9f, 0x10, 0x2, 0x0,
    0x5f, 0xff, 0xff, 0xff, 0xff, 0xf1, 0x0, 0x0,
    0x5, 0xf5, 0x22, 0x22, 0x22, 0x9f, 0x10, 0x0,
    0x0, 0x5f, 0x85, 0x55, 0x55, 0x5b, 0xf1, 0x0,
    0x0, 0x5, 0xff, 0xff, 0xff, 0xff, 0xff, 0x10,

    /* U+771F "真" */
    0x0, 0x0, 0x0, 0x3, 0x30, 0x0, 0x0, 0x0,
    0x0, 0x0, 0x0, 0x0, 0xbf, 0x0, 0x0, 0x0,
    0x0, 0x6e, 0xee, 0xee, 0xef, 0xfe, 0xee, 0xee,
    0xe7, 0x3, 0x77, 0x77, 0x77, 0xfc, 0x77, 0x77,
    0x77, 0x30, 0x0, 0x12, 0x22, 0x4f, 0x92, 0x22,
    0x21, 0x0, 0x0, 0x6, 0xff, 0xff, 0xff, 0xff,
    0xff, 0x70, 0x0, 0x0, 0x6f, 0x31, 0x11, 0x11,
    0x13, 0xf7, 0x0, 0x0, 0x6, 0xff, 0xff, 0xff,
    0xff, 0xff, 0x70, 0x0, 0x0, 0x6f, 0x31, 0x11,
    0x11, 0x14, 0xf7, 0x0, 0x0, 0x6, 0xfe, 0xee,
    0xee, 0xee, 0xef, 0x70, 0x0, 0x0, 0x6f, 0x53,
    0x33, 0x33, 0x35, 0xf7, 0x0, 0x0, 0x6, 0xfd,
    0xcc, 0xcc, 0xcc, 0xdf, 0x70, 0x0, 0x45, 0x9f,
    0x65, 0x55, 0x55, 0x57, 0xfa, 0x54, 0xe, 0xff,
    0xff, 0xff, 0xff, 0xff, 0xff, 0xff, 0xe0, 0x0,
    0x1, 0x79, 0x10, 0x1, 0xb9, 0x31, 0x0, 0x0,
    0x38, 0xef, 0xb2, 0x0, 0x2a, 0xff, 0xd6, 0x0,
    0x9f, 0xfa, 0x30, 0x0, 0x0, 0x0, 0x6d, 0xfa,
    0x0, 0x40, 0x0, 0x0, 0x0, 0x0, 0x0, 0x3,
    0x0,

    /* U+786E "确" */
    0x0, 0x0, 0x0, 0x0, 0x7, 0xb0, 0x0, 0x0,
    0x0, 0xff, 0xff, 0xff, 0x10, 0xee, 0x66, 0x64,
    0x0, 0x7, 0x8f, 0xc8, 0x80, 0x7f, 0xff, 0xff,
    0xf1, 0x0, 0x3, 0xf5, 0x0, 0x3f, 0xa0, 0x6,
    0xf5, 0x0, 0x0, 0x7f, 0x10, 0x2e, 0xf8, 0x77,
    0xfe, 0x77, 0x50, 0xb, 0xd0, 0x9, 0xff, 0xff,
    0xff, 0xff, 0xfa, 0x1, 0xfd, 0xaa, 0x74, 0xf7,
    0x8, 0xe0, 0xe, 0xa0, 0x7f, 0xed, 0xf9, 0xf,
    0xa5, 0xbf, 0x55, 0xfa, 0x1f, 0xf8, 0xc, 0x90,
    0xff, 0xff, 0xff, 0xff, 0xa1, 0xff, 0x80, 0xc9,
    0x1f, 0x70, 0x8e, 0x0, 0xea, 0x4, 0xd8, 0xc,
    0x92, 0xf9, 0x4a, 0xf4, 0x4f, 0xa0, 0xd, 0x80,
    0xc9, 0x4f, 0xff, 0xff, 0xff, 0xfa, 0x0, 0xda,
    0x4d, 0x96, 0xf3, 0x29, 0xe2, 0x2e, 0xa0, 0xd,
    0xff, 0xf9, 0xbd, 0x0, 0x8e, 0x0, 0xea, 0x0,
    0xda, 0x33, 0x5f, 0x70, 0x8, 0xe4, 0x7f, 0xa0,
    0x8, 0x50, 0x9, 0xc0, 0x0, 0x6b, 0x6f, 0xd4,
    0x0, 0x0, 0x0, 0x0, 0x0, 0x0, 0x0, 0x0,
    0x0,

    /* U+793A "示" */
    0x0, 0x4f, 0xff, 0xff, 0xff, 0xff, 0xff, 0xf4,
    0x0, 0x2, 0xbb, 0xbb, 0xbb, 0xbb, 0xbb, 0xbb,
    0x30, 0x0, 0x0, 0x0, 0x0, 0x0, 0x0, 0x0,
    0x0, 0x0, 0x0, 0x0, 0x0, 0x0, 0x0, 0x0,
    0x0, 0x0, 0x8, 0x99, 0x99, 0x99, 0x99, 0x99,
    0x99, 0x99, 0x80, 0xdf, 0xff, 0xff, 0xff, 0xff,
    0xff, 0xff, 0xfe, 0x0, 0x0, 0x0, 0x0, 0xdf,
    0x0, 0x0, 0x0, 0x0, 0x0, 0x5, 0x10, 0xd,
    0xf0, 0x0, 0x50, 0x0, 0x0, 0x7, 0xf7, 0x0,
    0xdf, 0x0, 0x8f, 0x70, 0x0, 0x1, 0xfe, 0x0,
    0xd, 0xf0, 0x0, 0xef, 0x20, 0x0, 0xaf, 0x60,
    0x0, 0xdf, 0x0, 0x4, 0xfc, 0x0, 0x8f, 0xb0,
    0x0, 0xd, 0xf0, 0x0, 0xb, 0xf5, 0x1e, 0xd1,
    0x0, 0x0, 0xdf, 0x0, 0x0, 0x3f, 0xa0, 0x1,
    0x0, 0x9b, 0xbf, 0xe0, 0x0, 0x0, 0x30, 0x0,
    0x0, 0x8, 0xff, 0xd5, 0x0, 0x0, 0x0, 0x0,
    0x0, 0x0, 0x0, 0x0, 0x0, 0x0, 0x0, 0x0,

    /* U+79BB "离" */
    0x0, 0x0, 0x0, 0x0, 0x0, 0x0, 0x0, 0x0,
    0x0, 0x0, 0x0, 0x2f, 0x70, 0x0, 0x0, 0x0,
    0x57, 0x77, 0x77, 0x7f, 0xe7, 0x77, 0x77, 0x77,
    0xbf, 0xff, 0xff, 0xff, 0xff, 0xff, 0xff, 0xfe,
    0x0, 0x98, 0xb, 0x71, 0x7, 0xc1, 0x6a, 0x10,
    0x0, 0xdb, 0x2, 0x9f, 0xec, 0x10, 0x9f, 0x10,
    0x0, 0xdb, 0x17, 0xdc, 0x9f, 0xa2, 0x9f, 0x10,
    0x0, 0xdb, 0x3b, 0x40, 0x1, 0x93, 0x9f, 0x10,
    0x0, 0xdf, 0xff, 0xff, 0xff, 0xff, 0xff, 0x10,
    0x0, 0x45, 0x55, 0x5f, 0xf5, 0x55, 0x55, 0x0,
    0x6, 0x66, 0x66, 0x9f, 0xc6, 0x66, 0x66, 0x61,
    0xf, 0xff, 0xff, 0xff, 0xff, 0xff, 0xff, 0xf3,
    0xf, 0x90, 0xa, 0xf3, 0x6, 0xc0, 0x6, 0xf3,
    0xf, 0x90, 0x8f, 0x95, 0x69, 0xfa, 0x6, 0xf3,
    0xf, 0x90, 0xdf, 0xfd, 0xba, 0x8f, 0x36, 0xf3,
    0xf, 0x90, 0x21, 0x0, 0x0, 0x6, 0x4a, 0xf3,
    0xf, 0x90, 0x0, 0x0, 0x0, 0xc, 0xfe, 0xa0,

    /* U+79FB "移" */
    0x0, 0x0, 0x0, 0x0, 0x0, 0x0, 0x0, 0x0,
    0x0, 0x0, 0x1, 0x6b, 0x70, 0x0, 0x2f, 0xa0,
    0x0, 0x0, 0x9, 0xdf, 0xfe, 0x90, 0x2, 0xef,
    0x96, 0x65, 0x0, 0x7, 0x9c, 0xf0, 0x0, 0x5e,
    0xff, 0xff, 0xff, 0x10, 0x0, 0x8, 0xf0, 0xb,
    0xfb, 0x30, 0x8, 0xf6, 0x0, 0x0, 0x8, 0xf0,
    0x7, 0x78, 0xf7, 0x9f, 0xa0, 0x0, 0x2f, 0xff,
    0xff, 0xf1, 0x0, 0xbf, 0xf8, 0x0, 0x0, 0x18,
    0x9f, 0xf8, 0x82, 0x5b, 0xfd, 0xc5, 0x0, 0x0,
    0x0, 0x4f, 0xf8, 0xc, 0xfc, 0x66, 0xf8, 0x0,
    0x0, 0x0, 0xbf, 0xff, 0x62, 0x20, 0x5f, 0xff,
    0xff, 0xe1, 0x2, 0xfc, 0xf7, 0xf0, 0x8, 0xfc,
    0x66, 0x8f, 0xa0, 0xa, 0xd8, 0xf0, 0x55, 0xdf,
    0x92, 0x0, 0xcf, 0x20, 0x3f, 0x58, 0xf0, 0x6,
    0xc3, 0xaf, 0x79, 0xf7, 0x0, 0xa, 0x8, 0xf0,
    0x0, 0x0, 0xa, 0xff, 0x70, 0x0, 0x0, 0x8,
    0xf0, 0x0, 0x1, 0x8f, 0xf6, 0x0, 0x0, 0x0,
    0x8, 0xf0, 0x17, 0xbf, 0xf9, 0x10, 0x0, 0x0,
    0x0, 0x8, 0xf0, 0x1e, 0xb6, 0x10, 0x0, 0x0,
    0x0, 0x0, 0x0, 0x0, 0x0, 0x0, 0x0, 0x0,
    0x0, 0x0,

    /* U+7A0D "稍" */
    0x0, 0x1, 0x6b, 0x10, 0x40, 0x7, 0xf0, 0x3,
    0x30, 0x9, 0xdf, 0xfd, 0x54, 0xf6, 0x7, 0xf0,
    0xc, 0xe0, 0x8, 0x9c, 0xe0, 0x0, 0xbf, 0x7,
    0xf0, 0x4f, 0x60, 0x0, 0x9, 0xe0, 0x0, 0x3f,
    0x57, 0xf1, 0xcd, 0x0, 0x0, 0x9, 0xe0, 0x0,
    0x14, 0x8, 0xf1, 0x13, 0x0, 0x2f, 0xff, 0xff,
    0xf1, 0xff, 0xff, 0xff, 0xff, 0x80, 0x18, 0x9f,
    0xf8, 0x81, 0xfb, 0x77, 0x77, 0x7f, 0x80, 0x0,
    0x5f, 0xf6, 0x1, 0xf6, 0x0, 0x0, 0xf, 0x80,
    0x0, 0xcf, 0xff, 0x41, 0xff, 0xff, 0xff, 0xff,
    0x80, 0x3, 0xfd, 0xe7, 0xb1, 0xfb, 0x77, 0x77,
    0x7f, 0x80, 0xc, 0xc9, 0xe0, 0x21, 0xf6, 0x0,
    0x0, 0xf, 0x80, 0x3f, 0x59, 0xe0, 0x1, 0xff,
    0xee, 0xee, 0xef, 0x80, 0x8, 0x9, 0xe0, 0x1,
    0xfb, 0x77, 0x77, 0x7f, 0x80, 0x0, 0x9, 0xe0,
    0x1, 0xf6, 0x0, 0x0, 0xf, 0x80, 0x0, 0x9,
    0xe0, 0x1, 0xf6, 0x0, 0x2a, 0xbf, 0x70, 0x0,
    0x9, 0xe0, 0x1, 0xf6, 0x0, 0xd, 0xda, 0x10,

    /* U+7A33 "稳" */
    0x0, 0x0, 0x0, 0x0, 0x1, 0x10, 0x0, 0x0,
    0x0, 0x0, 0x2, 0x8d, 0x50, 0xc, 0xe0, 0x0,
    0x0, 0x0, 0x8, 0xef, 0xfc, 0x60, 0x7f, 0xff,
    0xff, 0xc0, 0x0, 0x5, 0x8b, 0xf0, 0x6, 0xfb,
    0x55, 0x6f, 0xa0, 0x0, 0x0, 0x8, 0xf0, 0x7f,
    0xd2, 0x11, 0x9f, 0x31, 0x0, 0x0, 0x9, 0xf0,
    0x4d, 0xff, 0xff, 0xff, 0xff, 0x0, 0xf, 0xff,
    0xff, 0xe1, 0x44, 0x44, 0x44, 0xaf, 0x0, 0xa,
    0xaf, 0xfa, 0xa1, 0x55, 0x55, 0x55, 0xbf, 0x0,
    0x0, 0x2f, 0xf6, 0x3, 0xff, 0xff, 0xff, 0xff,
    0x0, 0x0, 0x9f, 0xff, 0x40, 0x0, 0x0, 0x0,
    0x8f, 0x0, 0x1, 0xfe, 0xfa, 0xea, 0xff, 0xff,
    0xff, 0xff, 0x0, 0x9, 0xe9, 0xf2, 0x54, 0x66,
    0x6b, 0x76, 0x66, 0x0, 0x3f, 0x78, 0xf0, 0x6,
    0x18, 0x4d, 0xb0, 0x28, 0x0, 0xc, 0x8, 0xf0,
    0x5f, 0x5f, 0x62, 0xf5, 0x3f, 0x50, 0x0, 0x8,
    0xf0, 0xcd, 0x1f, 0x60, 0x14, 0xbb, 0xd0, 0x0,
    0x8, 0xf3, 0xf6, 0xf, 0xa5, 0x5a, 0xe5, 0xf2,
    0x0, 0x8, 0xf0, 0x30, 0xa, 0xff, 0xff, 0x70,
    0x10,

    /* U+7A3F "稿" */
    0x0, 0x0, 0x0, 0x0, 0x0, 0x0, 0x0, 0x0,
    0x0, 0x0, 0x1, 0x6b, 0x30, 0x0, 0x2f, 0x60,
    0x0, 0x0, 0xb, 0xef, 0xfe, 0x84, 0x44, 0x4e,
    0xd4, 0x44, 0x40, 0x8, 0x8c, 0xe0, 0x1f, 0xff,
    0xff, 0xff, 0xff, 0xf2, 0x0, 0x9, 0xe0, 0x2,
    0x22, 0x22, 0x22, 0x22, 0x20, 0x0, 0x9, 0xe0,
    0x0, 0xdf, 0xff, 0xff, 0xfd, 0x0, 0xf, 0xff,
    0xff, 0xf2, 0xdc, 0x22, 0x22, 0xcd, 0x0, 0xc,
    0xcf, 0xfc, 0xc1, 0xdc, 0x44, 0x44, 0xdd, 0x0,
    0x0, 0x3f, 0xf5, 0x0, 0xce, 0xee, 0xee, 0xec,
    0x0, 0x0, 0xaf, 0xff, 0x44, 0x44, 0x44, 0x44,
    0x44, 0x40, 0x1, 0xfe, 0xea, 0xcf, 0xff, 0xff,
    0xff, 0xff, 0xe0, 0xa, 0xda, 0xe1, 0x2f, 0x90,
    0x22, 0x22, 0x19, 0xe0, 0x4f, 0x69, 0xe0, 0xf,
    0x94, 0xff, 0xff, 0x59, 0xe0, 0x1b, 0x9, 0xe0,
    0xf, 0x94, 0xe0, 0xe, 0x59, 0xe0, 0x0, 0x9,
    0xe0, 0xf, 0x94, 0xfd, 0xdf, 0x59, 0xe0, 0x0,
    0x9, 0xe0, 0xf, 0x91, 0x55, 0x55, 0x7b, 0xe0,
    0x0, 0x9, 0xe0, 0xf, 0x90, 0x0, 0x0, 0xdf,
    0x90,

    /* U+7ACB "立" */
    0x0, 0x0, 0x0, 0x0, 0x0, 0x0, 0x0, 0x0,
    0x0, 0x0, 0x0, 0x0, 0x4, 0xf7, 0x0, 0x0,
    0x0, 0x0, 0x0, 0x0, 0x0, 0x0, 0xfc, 0x0,
    0x0, 0x0, 0x0, 0x0, 0x0, 0x0, 0x0, 0xcd,
    0x0, 0x0, 0x0, 0x0, 0x2, 0xbb, 0xbb, 0xbb,
    0xdc, 0xbb, 0xbb, 0xbb, 0x30, 0x3, 0xff, 0xff,
    0xff, 0xff, 0xff, 0xff, 0xff, 0x40, 0x0, 0x0,
    0x2, 0x0, 0x0, 0x0, 0x20, 0x0, 0x0, 0x0,
    0x0, 0xcf, 0x0, 0x0, 0x0, 0xfe, 0x0, 0x0,
    0x0, 0x0, 0x8f, 0x40, 0x0, 0x4, 0xfa, 0x0,
    0x0, 0x0, 0x0, 0x4f, 0x80, 0x0, 0x8, 0xf5,
    0x0, 0x0, 0x0, 0x0, 0xf, 0xd0, 0x0, 0xc,
    0xf1, 0x0, 0x0, 0x0, 0x0, 0xc, 0xf0, 0x0,
    0x1f, 0xc0, 0x0, 0x0, 0x0, 0x0, 0x9, 0xf4,
    0x0, 0x6f, 0x60, 0x0, 0x0, 0x0, 0x0, 0x6,
    0xf7, 0x0, 0xbf, 0x10, 0x0, 0x0, 0x0, 0x0,
    0x1, 0x30, 0x1, 0xfb, 0x0, 0x0, 0x0, 0xf,
    0xff, 0xff, 0xff, 0xff, 0xff, 0xff, 0xff, 0xf0,
    0xb, 0xbb, 0xbb, 0xbb, 0xbb, 0xbb, 0xbb, 0xbb,
    0xb0,

    /* U+7ADE "竞" */
    0x0, 0x0, 0x0, 0x0, 0x22, 0x0, 0x0, 0x0,
    0x0, 0x0, 0x0, 0x0, 0x0, 0xfc, 0x0, 0x0,
    0x0, 0x0, 0x0, 0xff, 0xff, 0xff, 0xff, 0xff,
    0xff, 0xff, 0x10, 0x0, 0x77, 0x8c, 0x87, 0x77,
    0x79, 0xc8, 0x77, 0x0, 0x0, 0x0, 0x5f, 0x60,
    0x0, 0x7, 0xf5, 0x0, 0x0, 0x7, 0x77, 0x8f,
    0xd7, 0x77, 0x7d, 0xf8, 0x77, 0x70, 0xe, 0xee,
    0xee, 0xee, 0xee, 0xee, 0xee, 0xee, 0xe0, 0x0,
    0x1, 0x11, 0x11, 0x11, 0x11, 0x11, 0x10, 0x0,
    0x0, 0xa, 0xff, 0xff, 0xff, 0xff, 0xff, 0xb0,
    0x0, 0x0, 0xa, 0xf3, 0x33, 0x33, 0x33, 0x4f,
    0xb0, 0x0, 0x0, 0xa, 0xf0, 0x0, 0x0, 0x0,
    0xf, 0xb0, 0x0, 0x0, 0xa, 0xff, 0xff, 0xff,
    0xff, 0xff, 0xb0, 0x0, 0x0, 0x4, 0x66, 0xfd,
    0x66, 0xfc, 0x66, 0x40, 0x0, 0x0, 0x0, 0x4,
    0xf8, 0x0, 0xfa, 0x0, 0x3, 0x30, 0x0, 0x0,
    0x4e, 0xe1, 0x0, 0xfa, 0x0, 0x8, 0xf0, 0x5,
    0x8d, 0xfe, 0x30, 0x0, 0xfe, 0x87, 0x7d, 0xd0,
    0xd, 0xfd, 0x70, 0x0, 0x0, 0x7e, 0xff, 0xfe,
    0x50, 0x1, 0x10, 0x0, 0x0, 0x0, 0x0, 0x0,
    0x0, 0x0,

    /* U+7B56 "策" */
    0x0, 0x0, 0x0, 0x0, 0x0, 0x0, 0x0, 0x0,
    0x0, 0x0, 0x2e, 0x70, 0x0, 0x1, 0xe8, 0x0,
    0x0, 0x0, 0x0, 0xbf, 0xa7, 0x77, 0x48, 0xfb,
    0x77, 0x77, 0x50, 0x9, 0xff, 0xff, 0xff, 0xbf,
    0xff, 0xff, 0xff, 0xb0, 0x4f, 0xd1, 0xaf, 0x22,
    0xfe, 0x11, 0xfc, 0x0, 0x0, 0x6, 0x10, 0x28,
    0x10, 0xfd, 0x0, 0x54, 0x0, 0x0, 0xe, 0xff,
    0xff, 0xff, 0xff, 0xff, 0xff, 0xff, 0x70, 0x7,
    0x77, 0x77, 0x77, 0xfe, 0x77, 0x77, 0x77, 0x30,
    0x0, 0x35, 0x55, 0x55, 0xfe, 0x55, 0x55, 0x52,
    0x0, 0x0, 0xbf, 0xff, 0xff, 0xff, 0xff, 0xff,
    0xf8, 0x0, 0x0, 0xbf, 0x11, 0x11, 0xfd, 0x11,
    0x14, 0xf8, 0x0, 0x0, 0xbf, 0x0, 0x1, 0xfd,
    0x0, 0x3, 0xf8, 0x0, 0x0, 0xbf, 0x0, 0x3e,
    0xff, 0xb1, 0xcf, 0xf5, 0x0, 0x0, 0x46, 0x19,
    0xfc, 0xfe, 0xdf, 0xa6, 0x30, 0x0, 0x0, 0x4a,
    0xff, 0x60, 0xfd, 0x8, 0xff, 0x94, 0x0, 0x1e,
    0xfd, 0x81, 0x0, 0xfd, 0x0, 0x28, 0xdf, 0xd0,
    0x4, 0x30, 0x0, 0x0, 0xfd, 0x0, 0x0, 0x3,
    0x20,

    /* U+7BA1 "管" */
    0x0, 0x14, 0x10, 0x0, 0x0, 0x33, 0x0, 0x0,
    0x0, 0x9, 0xf3, 0x0, 0x0, 0xe, 0xc0, 0x0,
    0x0, 0x0, 0xff, 0xfe, 0xee, 0x86, 0xff, 0xee,
    0xee, 0xa0, 0x9f, 0x68, 0xf7, 0x33, 0xed, 0x4c,
    0xf5, 0x42, 0x3f, 0x90, 0xe, 0x92, 0x9a, 0x30,
    0x2f, 0x70, 0x0, 0x55, 0x44, 0x64, 0x5f, 0xb4,
    0x44, 0x64, 0x41, 0x8, 0xff, 0xff, 0xff, 0xff,
    0xff, 0xff, 0xff, 0x40, 0x8f, 0x21, 0x11, 0x11,
    0x11, 0x11, 0x17, 0xf4, 0x7, 0xe8, 0xff, 0xff,
    0xff, 0xff, 0xff, 0x7e, 0x30, 0x0, 0x7f, 0x74,
    0x44, 0x44, 0x4b, 0xf1, 0x0, 0x0, 0x7, 0xf6,
    0x44, 0x44, 0x44, 0xaf, 0x10, 0x0, 0x0, 0x7f,
    0xff, 0xff, 0xff, 0xff, 0xf1, 0x0, 0x0, 0x7,
    0xf4, 0x0, 0x0, 0x0, 0x0, 0x0, 0x0, 0x0,
    0x7f, 0xff, 0xff, 0xff, 0xff, 0xff, 0x0, 0x0,
    0x7, 0xf5, 0x33, 0x33, 0x33, 0x3b, 0xf0, 0x0,
    0x0, 0x7f, 0x74, 0x44, 0x44, 0x44, 0xbf, 0x0,
    0x0, 0x7, 0xff, 0xff, 0xff, 0xff, 0xff, 0xf0,
    0x0,

    /* U+7CBE "精" */
    0x0, 0x0, 0x0, 0x0, 0x0, 0x0, 0x0, 0x0,
    0x0, 0x0, 0xe, 0x91, 0x10, 0x0, 0xd, 0xb0,
    0x0, 0x0, 0x1f, 0x1e, 0x97, 0xe7, 0xee, 0xef,
    0xfe, 0xee, 0x90, 0xd, 0x5e, 0x9a, 0xa2, 0x44,
    0x4e, 0xc4, 0x44, 0x30, 0xa, 0x9e, 0x9e, 0x50,
    0x55, 0x5e, 0xc5, 0x55, 0x10, 0x7, 0xce, 0xbf,
    0x0, 0xdd, 0xdf, 0xfd, 0xdd, 0x30, 0x3, 0x3e,
    0xa5, 0x4, 0x44, 0x4e, 0xc3, 0x33, 0x30, 0x5f,
    0xff, 0xff, 0x7f, 0xff, 0xff, 0xff, 0xff, 0xf1,
    0x28, 0xaf, 0xd8, 0x30, 0x22, 0x22, 0x22, 0x22,
    0x0, 0x0, 0x8f, 0xf3, 0x0, 0xff, 0xff, 0xff,
    0xff, 0x0, 0x0, 0xef, 0xfe, 0x10, 0xf9, 0x0,
    0x0, 0x9f, 0x0, 0x4, 0xef, 0xaf, 0xa0, 0xff,
    0xff, 0xff, 0xff, 0x0, 0xc, 0x9e, 0x98, 0x70,
    0xfa, 0x22, 0x22, 0xaf, 0x0, 0x5f, 0x2e, 0x91,
    0x0, 0xfb, 0x44, 0x44, 0xbf, 0x0, 0x29, 0xe,
    0x90, 0x0, 0xfe, 0xcc, 0xcc, 0xef, 0x0, 0x0,
    0xe, 0x90, 0x0, 0xf9, 0x0, 0x25, 0xcf, 0x0,
    0x0, 0xe, 0x90, 0x0, 0xf9, 0x0, 0x4f, 0xe8,
    0x0, 0x0, 0x0, 0x0, 0x0, 0x0, 0x0, 0x0,
    0x0, 0x0,

    /* U+7CFB "系" */
    0x0, 0x0, 0x0, 0x0, 0x0, 0x0, 0x0, 0x0,
    0x0, 0x0, 0x1, 0x24, 0x68, 0xac, 0xfc, 0x0,
    0xc, 0xef, 0xff, 0xff, 0xff, 0xec, 0x96, 0x10,
    0x8, 0x98, 0x7b, 0xfc, 0x30, 0x0, 0x0, 0x0,
    0x0, 0x0, 0x5f, 0xa0, 0x0, 0x5d, 0x30, 0x0,
    0x0, 0x9, 0xf7, 0x0, 0x19, 0xfc, 0x20, 0x0,
    0x0, 0xef, 0xfe, 0xef, 0xff, 0x70, 0x0, 0x0,
    0x0, 0x99, 0x88, 0xef, 0xb2, 0x7, 0x40, 0x0,
    0x0, 0x1, 0x8f, 0xc4, 0x0, 0x9, 0xf5, 0x0,
    0x3, 0x9f, 0xfd, 0x9a, 0xbc, 0xde, 0xff, 0x40,
    0xd, 0xff, 0xfe, 0xde, 0xf9, 0x86, 0x5c, 0xe2,
    0x3, 0x32, 0x10, 0xb, 0xf0, 0x2, 0x1, 0xb2,
    0x0, 0xc, 0xf3, 0xb, 0xf0, 0x5f, 0xb0, 0x0,
    0x1, 0xcf, 0x70, 0xb, 0xf0, 0x8, 0xfd, 0x20,
    0x4e, 0xf8, 0x0, 0xb, 0xf0, 0x0, 0x5f, 0xe3,
    0x5e, 0x50, 0x39, 0x9f, 0xe0, 0x0, 0x4, 0xe5,
    0x0, 0x0, 0xf, 0xfd, 0x60, 0x0, 0x0, 0x0,

    /* U+7D22 "索" */
    0x0, 0x0, 0x0, 0x0, 0xfc, 0x0, 0x0, 0x0,
    0x0, 0x57, 0x77, 0x77, 0x7f, 0xe7, 0x77, 0x77,
    0x73, 0xa, 0xff, 0xff, 0xff, 0xff, 0xff, 0xff,
    0xff, 0x60, 0x0, 0x0, 0x0, 0xf, 0xc0, 0x0,
    0x0, 0x0, 0xe, 0xff, 0xff, 0xff, 0xff, 0xff,
    0xff, 0xff, 0xb0, 0xec, 0x77, 0x77, 0xef, 0x87,
    0x77, 0x77, 0xfb, 0xe, 0xa0, 0x3, 0xde, 0x50,
    0x8, 0x50, 0xe, 0xb0, 0x85, 0x29, 0xf9, 0x11,
    0x4d, 0xf7, 0x0, 0x86, 0x0, 0xc, 0xff, 0xff,
    0xff, 0xb2, 0x41, 0x0, 0x0, 0x0, 0x34, 0x5c,
    0xfc, 0x40, 0xe, 0xd2, 0x0, 0x0, 0x5, 0xbf,
    0xd6, 0x34, 0x56, 0x9f, 0xe1, 0x0, 0x1f, 0xff,
    0xff, 0xff, 0xfe, 0xdc, 0xbe, 0xd1, 0x0, 0x66,
    0x78, 0x21, 0x9f, 0x0, 0x50, 0x3a, 0x20, 0x0,
    0x8f, 0xd2, 0x9, 0xf0, 0x5e, 0xe7, 0x0, 0x8,
    0xff, 0x81, 0x87, 0xdf, 0x0, 0x8, 0xfe, 0x40,
    0x39, 0x20, 0xd, 0xfe, 0x80, 0x0, 0x2, 0x81,

    /* U+7EA7 "级" */
    0x0, 0x0, 0x0, 0x0, 0x0, 0x0, 0x0, 0x0,
    0x0, 0x0, 0x3, 0xe4, 0x0, 0x0, 0x0, 0x0,
    0x0, 0x0, 0x0, 0xa, 0xf2, 0xc, 0xff, 0xff,
    0xff, 0xf1, 0x0, 0x0, 0x1f, 0x90, 0x6, 0x8f,
    0xe8, 0x8f, 0xd0, 0x0, 0x0, 0x9f, 0x22, 0x10,
    0xf, 0xb0, 0x1f, 0x80, 0x0, 0x2, 0xf7, 0xb,
    0xe0, 0xf, 0xa0, 0x5f, 0x40, 0x0, 0x1d, 0xf6,
    0x8f, 0x70, 0x1f, 0x80, 0xaf, 0x33, 0x0, 0x3f,
    0xff, 0xfc, 0x0, 0x2f, 0x90, 0xef, 0xff, 0x90,
    0x5, 0x29, 0xf2, 0x0, 0x4f, 0xf1, 0x33, 0x7f,
    0x50, 0x0, 0x5f, 0x61, 0x40, 0x7f, 0xf6, 0x0,
    0x9f, 0x0, 0x3, 0xff, 0xcf, 0xe0, 0xaf, 0xdd,
    0x0, 0xeb, 0x0, 0x2f, 0xff, 0xb6, 0x10, 0xdc,
    0x3f, 0x88, 0xf3, 0x0, 0xa, 0x50, 0x0, 0x32,
    0xf8, 0xa, 0xff, 0xa0, 0x0, 0x0, 0x2, 0x8e,
    0xf9, 0xf3, 0x2, 0xff, 0x40, 0x0, 0x7, 0xcf,
    0xfb, 0x5e, 0xe0, 0x1d, 0xff, 0xe2, 0x0, 0xf,
    0xe8, 0x20, 0x9f, 0x55, 0xef, 0x65, 0xff, 0x80,
    0x4, 0x0, 0x0, 0xdc, 0x1e, 0xe5, 0x0, 0x3d,
    0xe1, 0x0, 0x0, 0x0, 0x2, 0x2, 0x10, 0x0,
    0x0, 0x20,

    /* U+7EBF "线" */
    0x0, 0x0, 0xb4, 0x0, 0x0, 0x9f, 0x17, 0x30,
    0x0, 0x0, 0x6, 0xf7, 0x0, 0x0, 0x9f, 0x2a,
    0xf9, 0x0, 0x0, 0xd, 0xe0, 0x0, 0x0, 0x8f,
    0x10, 0x55, 0x0, 0x0, 0x5f, 0x60, 0x20, 0x2,
    0xaf, 0xab, 0xdf, 0x50, 0x0, 0xdb, 0x7, 0xf4,
    0xff, 0xff, 0xeb, 0x97, 0x20, 0xb, 0xf8, 0x7f,
    0xb0, 0x75, 0x8f, 0x40, 0x0, 0x0, 0xe, 0xff,
    0xff, 0x10, 0x0, 0x4f, 0x74, 0x7a, 0x90, 0x2,
    0x17, 0xf5, 0x2, 0x69, 0xcf, 0xff, 0xfd, 0x90,
    0x0, 0x4f, 0x80, 0x7, 0xfe, 0xbf, 0xc2, 0x3,
    0x20, 0x4, 0xff, 0xbd, 0xf1, 0x10, 0xc, 0xd0,
    0x2e, 0xc0, 0xd, 0xff, 0xb8, 0x50, 0x0, 0x8,
    0xf3, 0xee, 0x10, 0x3, 0x20, 0x0, 0x10, 0x0,
    0x5, 0xff, 0xe2, 0x0, 0x0, 0x3, 0x7c, 0xf2,
    0x0, 0x2a, 0xfe, 0x10, 0x30, 0x9, 0xef, 0xfb,
    0x60, 0x3a, 0xff, 0xdf, 0x40, 0xf3, 0xb, 0xa5,
    0x10, 0xc, 0xff, 0xa1, 0x1f, 0xfc, 0xf1, 0x0,
    0x0, 0x0, 0x4, 0x71, 0x0, 0x3, 0xdf, 0x80,

    /* U+7ECF "经" */
    0x0, 0x0, 0xc5, 0x0, 0x0, 0x0, 0x0, 0x0,
    0x0, 0x0, 0x6, 0xf7, 0x2, 0xff, 0xff, 0xff,
    0xfe, 0x20, 0x0, 0xd, 0xe0, 0x1, 0x88, 0x88,
    0x8b, 0xfc, 0x0, 0x0, 0x5f, 0x60, 0x10, 0x0,
    0x0, 0x2e, 0xf3, 0x0, 0x0, 0xdc, 0x3, 0xf5,
    0x0, 0x4, 0xef, 0x40, 0x0, 0xa, 0xf7, 0x6d,
    0xf2, 0x1, 0x9f, 0xfd, 0x50, 0x0, 0xf, 0xff,
    0xff, 0x62, 0x8f, 0xfa, 0x6d, 0xfd, 0x50, 0x5,
    0x36, 0xfa, 0x1f, 0xfc, 0x40, 0x0, 0x5d, 0xf5,
    0x0, 0x2f, 0xc0, 0x4, 0x30, 0x0, 0x0, 0x0,
    0x50, 0x2, 0xef, 0xab, 0xe1, 0xff, 0xff, 0xff,
    0xff, 0x90, 0xe, 0xff, 0xfc, 0x90, 0x77, 0x7c,
    0xf8, 0x77, 0x40, 0x7, 0x62, 0x0, 0x0, 0x0,
    0x9, 0xf1, 0x0, 0x0, 0x0, 0x0, 0x4, 0x70,
    0x0, 0x9, 0xf1, 0x0, 0x0, 0x5, 0x8c, 0xff,
    0xf1, 0x0, 0x9, 0xf1, 0x0, 0x0, 0xe, 0xfd,
    0x95, 0x18, 0x88, 0x8d, 0xf9, 0x88, 0x84, 0x4,
    0x20, 0x0, 0x1f, 0xff, 0xff, 0xff, 0xff, 0xf7,

    /* U+7ED3 "结" */
    0x0, 0x4, 0xa3, 0x0, 0x0, 0xa, 0xf1, 0x0,
    0x0, 0x0, 0xbf, 0x40, 0x0, 0x0, 0xaf, 0x10,
    0x0, 0x0, 0x2f, 0xc0, 0x6, 0xaa, 0xae, 0xfb,
    0xaa, 0xa0, 0x9, 0xf4, 0x1, 0x9f, 0xff, 0xff,
    0xff, 0xfe, 0x3, 0xf9, 0x8, 0xe3, 0x0, 0xa,
    0xf1, 0x0, 0x2, 0xdf, 0x67, 0xfd, 0x0, 0x0,
    0xaf, 0x10, 0x0, 0x3f, 0xff, 0xff, 0x21, 0x99,
    0x9e, 0xfa, 0x99, 0x60, 0x63, 0xaf, 0x60, 0x2f,
    0xff, 0xff, 0xff, 0xf9, 0x0, 0x6f, 0x90, 0x0,
    0x0, 0x0, 0x0, 0x0, 0x0, 0x6f, 0xf9, 0xbd,
    0x46, 0x88, 0x88, 0x88, 0x82, 0x2f, 0xff, 0xfc,
    0xa2, 0xbf, 0xff, 0xff, 0xff, 0x30, 0x86, 0x20,
    0x0, 0xb, 0xe0, 0x0, 0x7, 0xf3, 0x0, 0x0,
    0x1, 0x42, 0xbe, 0x0, 0x0, 0x7f, 0x31, 0x58,
    0xbe, 0xff, 0x6b, 0xe0, 0x0, 0x7, 0xf3, 0x3f,
    0xfe, 0xb7, 0x40, 0xbf, 0xff, 0xff, 0xff, 0x30,
    0x52, 0x0, 0x0, 0xb, 0xf8, 0x88, 0x8b, 0xe3,

    /* U+7EDF "统" */
    0x0, 0x0, 0x0, 0x0, 0x0, 0x0, 0x0, 0x0,
    0x0, 0x0, 0x4, 0xe5, 0x0, 0x0, 0x3e, 0x60,
    0x0, 0x0, 0x0, 0xb, 0xf4, 0x0, 0x0, 0xe,
    0xd0, 0x0, 0x0, 0x0, 0x2f, 0xc0, 0x6, 0x88,
    0x8d, 0xd9, 0x88, 0x80, 0x0, 0xaf, 0x32, 0xb,
    0xff, 0xff, 0xff, 0xff, 0xf0, 0x3, 0xf9, 0xc,
    0xd0, 0x2, 0xfd, 0x0, 0x40, 0x0, 0x2e, 0xf7,
    0x9f, 0x70, 0x1d, 0xf2, 0x8, 0xf3, 0x0, 0x2f,
    0xff, 0xfb, 0x1, 0xbf, 0x62, 0x45, 0xfe, 0x10,
    0x4, 0x2b, 0xe1, 0xf, 0xff, 0xff, 0xff, 0xef,
    0x90, 0x0, 0x7f, 0x50, 0x18, 0x8c, 0x83, 0x56,
    0x9, 0xb0, 0x6, 0xff, 0xcf, 0xb0, 0xf, 0x90,
    0x9f, 0x0, 0x0, 0x1f, 0xff, 0xc8, 0x40, 0x1f,
    0x80, 0x9f, 0x0, 0x0, 0x7, 0x40, 0x0, 0x0,
    0x4f, 0x60, 0x9f, 0x0, 0x0, 0x0, 0x0, 0x5a,
    0xb0, 0x9f, 0x20, 0x9f, 0x2, 0xa1, 0x7, 0xbf,
    0xfe, 0x83, 0xfd, 0x0, 0x9f, 0x3, 0xf2, 0xf,
    0xf9, 0x40, 0x7f, 0xf2, 0x0, 0x8f, 0x79, 0xf0,
    0x4, 0x0, 0x0, 0xcd, 0x40, 0x0, 0x3e, 0xff,
    0x90, 0x0, 0x0, 0x0, 0x10, 0x0, 0x0, 0x0,
    0x0, 0x0,

    /* U+7EE7 "继" */
    0x0, 0x0, 0x0, 0x0, 0x0, 0x0, 0x0, 0x0,
    0x0, 0x0, 0x6, 0xb1, 0x0, 0x0, 0x0, 0x7e,
    0x0, 0x0, 0x0, 0xc, 0xf2, 0x9, 0xe1, 0x40,
    0x7e, 0x3, 0x30, 0x0, 0x2f, 0xa0, 0x9, 0xe2,
    0xf1, 0x7e, 0xb, 0xa0, 0x0, 0x9f, 0x20, 0x9,
    0xe0, 0xc7, 0x7e, 0x1f, 0x20, 0x2, 0xf9, 0x9,
    0xb9, 0xe0, 0x78, 0x7e, 0x59, 0x0, 0xc, 0xf2,
    0x4f, 0x89, 0xe4, 0x77, 0xbf, 0x77, 0x71, 0x2f,
    0xff, 0xfd, 0x9, 0xe9, 0xff, 0xff, 0xff, 0xf2,
    0x5, 0x3a, 0xf3, 0x9, 0xe0, 0x3, 0xff, 0x80,
    0x0, 0x0, 0x4f, 0x60, 0x9, 0xe0, 0xc, 0xff,
    0xe6, 0x0, 0x2, 0xed, 0x7a, 0x89, 0xe0, 0x7f,
    0x8e, 0x5f, 0x30, 0x1f, 0xff, 0xfc, 0x69, 0xe4,
    0xf7, 0x7e, 0xa, 0xe0, 0x8, 0x62, 0x0, 0x9,
    0xe5, 0xb0, 0x7e, 0x1, 0x50, 0x0, 0x0, 0x14,
    0x59, 0xe0, 0x0, 0x7e, 0x0, 0x0, 0x6, 0xad,
    0xff, 0xc9, 0xe0, 0x0, 0x37, 0x0, 0x0, 0xf,
    0xea, 0x62, 0x9, 0xff, 0xff, 0xff, 0xff, 0xf5,
    0x2, 0x0, 0x0, 0x4, 0x77, 0x77, 0x77, 0x77,
    0x72,

    /* U+7EED "续" */
    0x0, 0x2, 0xc3, 0x0, 0x0, 0xe, 0xb0, 0x0,
    0x0, 0x0, 0x8, 0xf2, 0x0, 0x66, 0x6f, 0xd6,
    0x66, 0x0, 0x0, 0xe, 0xa0, 0x0, 0xff, 0xff,
    0xff, 0xff, 0x0, 0x0, 0x6f, 0x22, 0x0, 0x0,
    0xe, 0xb0, 0x0, 0x0, 0x0, 0xd7, 0xd, 0xaa,
    0xff, 0xff, 0xff, 0xff, 0xc0, 0x8, 0xf7, 0xaf,
    0x35, 0x77, 0x77, 0x77, 0x7f, 0x90, 0x1f, 0xff,
    0xfa, 0x0, 0x18, 0x3, 0x80, 0x2f, 0x50, 0x7,
    0x6a, 0xf1, 0x0, 0x2c, 0xd9, 0xf1, 0x6f, 0x0,
    0x0, 0x2f, 0x60, 0x7, 0xc2, 0x78, 0xf1, 0x1,
    0x0, 0x0, 0xde, 0x9d, 0x70, 0xaf, 0x19, 0xf0,
    0x0, 0x0, 0xc, 0xff, 0xe9, 0x37, 0x8b, 0x7d,
    0xf7, 0x77, 0x60, 0xa, 0x73, 0x0, 0x1f, 0xff,
    0xff, 0xff, 0xff, 0xd0, 0x0, 0x0, 0x5a, 0x70,
    0x0, 0x8f, 0x45, 0x0, 0x0, 0x4, 0x9e, 0xfc,
    0x40, 0x6, 0xfa, 0x4f, 0xb1, 0x0, 0xf, 0xf9,
    0x30, 0x1, 0xaf, 0xc0, 0x3, 0xee, 0x30, 0x4,
    0x0, 0x0, 0x2f, 0xf9, 0x0, 0x0, 0x1d, 0xe1,
    0x0, 0x0, 0x0, 0x6, 0x20, 0x0, 0x0, 0x1,
    0x50,

    /* U+7EF4 "维" */
    0x0, 0x0, 0x0, 0x0, 0x0, 0x0, 0x0, 0x0,
    0x0, 0x0, 0x5, 0xe3, 0x0, 0x7, 0xe3, 0xba,
    0x0, 0x0, 0x0, 0xb, 0xf0, 0x0, 0xd, 0xe0,
    0x9f, 0x30, 0x0, 0x0, 0x2f, 0x80, 0x0, 0x3f,
    0x80, 0x2d, 0x40, 0x0, 0x0, 0x9f, 0x12, 0x20,
    0xaf, 0xff, 0xff, 0xff, 0xe0, 0x2, 0xf6, 0xb,
    0xe4, 0xff, 0x88, 0xcf, 0x88, 0x80, 0xc, 0xe5,
    0x8f, 0x6d, 0xfe, 0x0, 0x8f, 0x0, 0x0, 0x1f,
    0xff, 0xfc, 0x4f, 0xef, 0x77, 0xbf, 0x77, 0x30,
    0x4, 0x29, 0xf2, 0x6, 0xaf, 0xff, 0xff, 0xff,
    0x80, 0x0, 0x4f, 0x50, 0x0, 0xae, 0x0, 0x8f,
    0x10, 0x0, 0x2, 0xfd, 0x8a, 0xa0, 0xae, 0x0,
    0x8f, 0x0, 0x0, 0xf, 0xff, 0xeb, 0x60, 0xaf,
    0xff, 0xff, 0xff, 0x80, 0x8, 0x62, 0x0, 0x0,
    0xaf, 0x88, 0xcf, 0x88, 0x40, 0x0, 0x0, 0x4,
    0x71, 0xae, 0x0, 0x8f, 0x0, 0x0, 0x6, 0x9d,
    0xff, 0xe2, 0xaf, 0x77, 0xcf, 0x87, 0x71, 0xf,
    0xfb, 0x62, 0x0, 0xaf, 0xff, 0xff, 0xff, 0xf3,
    0x2, 0x0, 0x0, 0x0, 0xae, 0x0, 0x0, 0x0,
    0x0,

    /* U+7F16 "编" */
    0x0, 0x0, 0x0, 0x0, 0x0, 0x0, 0x0, 0x0,
    0x0, 0x0, 0x8d, 0x10, 0x0, 0x2, 0xf8, 0x0,
    0x0, 0x0, 0xd, 0xd0, 0x2, 0x33, 0x3e, 0xe3,
    0x33, 0x20, 0x3, 0xf6, 0x0, 0x9f, 0xff, 0xff,
    0xff, 0xfa, 0x0, 0xae, 0x3, 0x9, 0xe2, 0x22,
    0x22, 0x2f, 0xa0, 0x2f, 0x62, 0xf7, 0x9e, 0x22,
    0x22, 0x23, 0xfa, 0xb, 0xe5, 0xbf, 0x19, 0xff,
    0xff, 0xff, 0xff, 0xa2, 0xff, 0xff, 0x70, 0xae,
    0x22, 0x22, 0x22, 0x22, 0x6, 0x3c, 0xd0, 0xa,
    0xe6, 0x66, 0x66, 0x66, 0x50, 0x6, 0xf3, 0x0,
    0xbf, 0xff, 0xff, 0xff, 0xfe, 0x3, 0xfc, 0x8b,
    0x1d, 0xff, 0xe, 0x2e, 0x35, 0xe0, 0xff, 0xfc,
    0x81, 0xfd, 0xf0, 0xe2, 0xe3, 0x5e, 0x6, 0x30,
    0x2, 0x2f, 0xaf, 0xff, 0xff, 0xff, 0xe0, 0x0,
    0x5c, 0xf8, 0xf7, 0xf5, 0xf7, 0xe7, 0x9e, 0x1a,
    0xff, 0xc5, 0xcd, 0x4f, 0xe, 0x2e, 0x35, 0xe1,
    0xfa, 0x30, 0x3f, 0x74, 0xf0, 0xe2, 0xe4, 0x8e,
    0x1, 0x0, 0x1, 0xa1, 0x4f, 0xe, 0x2d, 0x7e,
    0x90, 0x0, 0x0, 0x0, 0x0, 0x0, 0x0, 0x0,
    0x0,

    /* U+7F29 "缩" */
    0x0, 0x0, 0x0, 0x0, 0x0, 0x0, 0x0, 0x0,
    0x0, 0x0, 0x7, 0xb1, 0x0, 0x0, 0x4f, 0x40,
    0x0, 0x0, 0x0, 0xd, 0xd0, 0x26, 0x66, 0x6f,
    0xd6, 0x66, 0x60, 0x0, 0x3f, 0x60, 0x6f, 0xff,
    0xff, 0xff, 0xff, 0xf0, 0x0, 0xad, 0x0, 0x6f,
    0x10, 0x0, 0x0, 0x8, 0xf0, 0x3, 0xf5, 0x2f,
    0x79, 0xc8, 0x22, 0x22, 0x25, 0x80, 0xc, 0xd4,
    0xbe, 0x2, 0xf7, 0xff, 0xff, 0xff, 0xd0, 0x3f,
    0xff, 0xf5, 0x8, 0xf1, 0x22, 0xce, 0x22, 0x20,
    0x5, 0x3d, 0xb0, 0x1e, 0xd0, 0x33, 0xec, 0x33,
    0x20, 0x0, 0x7f, 0x20, 0xaf, 0xd0, 0xdf, 0xff,
    0xff, 0x90, 0x4, 0xfc, 0xab, 0xfe, 0xd0, 0xd9,
    0x11, 0x1e, 0x90, 0x1f, 0xff, 0xc6, 0x79, 0xd0,
    0xd9, 0x0, 0xe, 0x90, 0x9, 0x40, 0x0, 0x9,
    0xd0, 0xdf, 0xff, 0xff, 0x90, 0x0, 0x2, 0x8d,
    0x39, 0xd0, 0xdb, 0x44, 0x4f, 0x90, 0x18, 0xdf,
    0xe9, 0x19, 0xd0, 0xd9, 0x0, 0xe, 0x90, 0x1f,
    0xb5, 0x0, 0x9, 0xd0, 0xdf, 0xee, 0xef, 0x90,
    0x1, 0x0, 0x0, 0x9, 0xd0, 0xdb, 0x66, 0x6d,
    0x80,

    /* U+7F6E "置" */
    0xe, 0xff, 0xff, 0xff, 0xff, 0xff, 0xff, 0xf0,
    0xe, 0xb2, 0x2d, 0xc2, 0x2c, 0xd2, 0x2a, 0xf0,
    0xe, 0xff, 0xff, 0xff, 0xff, 0xff, 0xff, 0xf0,
    0x3, 0x33, 0x33, 0x3f, 0xb3, 0x33, 0x33, 0x30,
    0xae, 0xee, 0xee, 0xff, 0xfe, 0xee, 0xee, 0xe7,
    0x23, 0x33, 0x33, 0x8f, 0x63, 0x33, 0x33, 0x32,
    0x0, 0x9e, 0xee, 0xff, 0xee, 0xee, 0xe9, 0x0,
    0x0, 0xae, 0x22, 0x22, 0x22, 0x22, 0xfa, 0x0,
    0x0, 0xaf, 0xee, 0xee, 0xee, 0xee, 0xfa, 0x0,
    0x0, 0xae, 0x11, 0x11, 0x11, 0x11, 0xfa, 0x0,
    0x0, 0xaf, 0xee, 0xee, 0xee, 0xee, 0xfa, 0x0,
    0x0, 0xae, 0x0, 0x0, 0x0, 0x0, 0xfa, 0x0,
    0x0, 0xaf, 0xee, 0xee, 0xee, 0xef, 0xfa, 0x0,
    0x33, 0xbe, 0x33, 0x33, 0x33, 0x33, 0xfb, 0x33,
    0xef, 0xff, 0xff, 0xff, 0xff, 0xff, 0xff, 0xff,

    /* U+8017 "耗" */
    0x0, 0x2, 0xf5, 0x0, 0x0, 0x0, 0x3, 0xb6,
    0x0, 0x3, 0x36, 0xf8, 0x32, 0x0, 0x16, 0xcf,
    0xe7, 0x0, 0xe, 0xff, 0xff, 0xfa, 0x6c, 0xff,
    0xd5, 0x0, 0x0, 0x2, 0x25, 0xf7, 0x21, 0x8a,
    0x5f, 0xa0, 0x0, 0x0, 0x2, 0x47, 0xf8, 0x41,
    0x0, 0xe, 0xa0, 0x1, 0x10, 0x8, 0xff, 0xff,
    0xf5, 0x2, 0x5f, 0xec, 0xff, 0x70, 0x0, 0x14,
    0xf6, 0x10, 0x9f, 0xff, 0xfb, 0x96, 0x20, 0x5,
    0x57, 0xf9, 0x55, 0x45, 0x3e, 0xa0, 0x0, 0x0,
    0x2f, 0xff, 0xff, 0xff, 0x0, 0xe, 0xa0, 0x1,
    0x40, 0x1, 0x2e, 0xfe, 0x31, 0x13, 0x6f, 0xed,
    0xff, 0xf3, 0x0, 0x8f, 0xff, 0xd1, 0xff, 0xff,
    0xea, 0x85, 0x30, 0x4, 0xfa, 0xf8, 0xfb, 0x54,
    0x1e, 0xa0, 0x0, 0x0, 0x2f, 0xc3, 0xf5, 0x67,
    0x0, 0xe, 0xa0, 0x0, 0xa2, 0xc, 0x12, 0xf5,
    0x0, 0x0, 0xe, 0xb0, 0x2, 0xf4, 0x0, 0x2,
    0xf5, 0x0, 0x0, 0xd, 0xe7, 0x6a, 0xf2, 0x0,
    0x2, 0xf5, 0x0, 0x0, 0x6, 0xef, 0xff, 0x90,

    /* U+8054 "联" */
    0x0, 0x0, 0x0, 0x0, 0x2, 0x10, 0x0, 0x42,
    0x0, 0x1f, 0xff, 0xff, 0xfb, 0x1f, 0xc0, 0x1,
    0xfc, 0x0, 0x9, 0xfa, 0x7b, 0xf5, 0x5, 0xf7,
    0x8, 0xf3, 0x0, 0x2, 0xf4, 0x6, 0xf0, 0x22,
    0xc7, 0x4f, 0xa2, 0x10, 0x2, 0xf9, 0x6a, 0xf0,
    0xbf, 0xff, 0xff, 0xff, 0x90, 0x2, 0xff, 0xff,
    0xf0, 0x34, 0x4b, 0xf5, 0x44, 0x20, 0x2, 0xf4,
    0x6, 0xf0, 0x0, 0x9, 0xf0, 0x0, 0x0, 0x2,
    0xf4, 0x6, 0xf0, 0x0, 0xa, 0xf0, 0x0, 0x0,
    0x2, 0xff, 0xff, 0xf2, 0xff, 0xff, 0xff, 0xff,
    0xf3, 0x2, 0xf9, 0x6a, 0xf1, 0x88, 0x8e, 0xf9,
    0x88, 0x81, 0x2, 0xf4, 0x6, 0xf0, 0x0, 0xf,
    0xf5, 0x0, 0x0, 0x2, 0xf6, 0x5a, 0xfc, 0x50,
    0x6f, 0xfd, 0x0, 0x0, 0x2e, 0xff, 0xff, 0xfa,
    0x31, 0xee, 0x4f, 0x80, 0x0, 0x9, 0x74, 0x16,
    0xf0, 0x1c, 0xf4, 0x8, 0xf8, 0x0, 0x0, 0x0,
    0x6, 0xf4, 0xef, 0x70, 0x0, 0xaf, 0xd2, 0x0,
    0x0, 0x6, 0xf6, 0xe5, 0x0, 0x0, 0x5, 0xa0,
    0x0, 0x0, 0x0, 0x0, 0x0, 0x0, 0x0, 0x0,
    0x0,

    /* U+80CC "背" */
    0x0, 0x0, 0x3f, 0x80, 0x1f, 0x90, 0x0, 0x0,
    0x36, 0x66, 0x8f, 0x80, 0x1f, 0x91, 0x7d, 0xc0,
    0x7e, 0xee, 0xef, 0x80, 0x1f, 0xff, 0xfb, 0x50,
    0x0, 0x0, 0x3f, 0x80, 0x1f, 0xc4, 0x0, 0x0,
    0x13, 0x58, 0xbf, 0x80, 0x1f, 0xa0, 0x0, 0x9b,
    0xdf, 0xfc, 0xbf, 0x80, 0xf, 0xfc, 0xcc, 0xfb,
    0x31, 0x0, 0x2c, 0x60, 0x3, 0x99, 0x99, 0x82,
    0x0, 0x9f, 0xff, 0xff, 0xff, 0xff, 0xf9, 0x0,
    0x0, 0x9f, 0x54, 0x44, 0x44, 0x45, 0xfa, 0x0,
    0x0, 0x9f, 0x43, 0x33, 0x33, 0x34, 0xfa, 0x0,
    0x0, 0x9f, 0xff, 0xff, 0xff, 0xff, 0xfa, 0x0,
    0x0, 0x9f, 0x10, 0x0, 0x0, 0x1, 0xfa, 0x0,
    0x0, 0x9f, 0xff, 0xff, 0xff, 0xff, 0xfa, 0x0,
    0x0, 0x9f, 0x43, 0x33, 0x33, 0x34, 0xfa, 0x0,
    0x0, 0x9f, 0x10, 0x0, 0x3, 0x68, 0xf9, 0x0,
    0x0, 0x9f, 0x10, 0x0, 0x4, 0xff, 0xd3, 0x0,

    /* U+80FD "能" */
    0x0, 0x0, 0x0, 0x0, 0x0, 0x0, 0x0, 0x0,
    0x0, 0x8, 0xe4, 0x0, 0x0, 0xfa, 0x0, 0x0,
    0x0, 0x1, 0xfd, 0x1a, 0x70, 0xf, 0xa0, 0x4,
    0x70, 0x0, 0x9f, 0x30, 0xaf, 0x20, 0xfb, 0x6d,
    0xfe, 0x30, 0x6f, 0xc5, 0x69, 0xfa, 0xf, 0xff,
    0xa5, 0x0, 0x8, 0xff, 0xfe, 0xdd, 0xf1, 0xfb,
    0x0, 0x1, 0x30, 0x13, 0x10, 0x0, 0x27, 0xf,
    0xa0, 0x0, 0x3f, 0x30, 0x88, 0x88, 0x88, 0x50,
    0xee, 0x88, 0x8c, 0xf1, 0x1f, 0xed, 0xdd, 0xf9,
    0x9, 0xff, 0xff, 0xe7, 0x1, 0xf8, 0x0, 0x1f,
    0x90, 0xfa, 0x0, 0x0, 0x0, 0x1f, 0xff, 0xff,
    0xf9, 0xf, 0xa0, 0x4, 0xb1, 0x1, 0xf9, 0x33,
    0x4f, 0x90, 0xfb, 0x5c, 0xfe, 0x40, 0x1f, 0xa5,
    0x56, 0xf9, 0xf, 0xff, 0xb6, 0x0, 0x1, 0xff,
    0xff, 0xff, 0x90, 0xfc, 0x10, 0x0, 0x30, 0x1f,
    0x70, 0x1, 0xf9, 0xf, 0xa0, 0x0, 0x1f, 0x51,
    0xf7, 0x8, 0x9f, 0x80, 0xee, 0x99, 0x9c, 0xf3,
    0x1f, 0x70, 0xcf, 0xc2, 0x5, 0xcd, 0xdd, 0xd8,
    0x0,

    /* U+81EA "自" */
    0x0, 0x0, 0x0, 0x0, 0x0, 0x0, 0x0, 0x0,
    0x0, 0x0, 0xfd, 0x0, 0x0, 0x0, 0x0, 0x0,
    0x4, 0xfa, 0x0, 0x0, 0x0, 0xa, 0xaa, 0xac,
    0xfc, 0xaa, 0xaa, 0xa7, 0x1f, 0xff, 0xff, 0xff,
    0xff, 0xff, 0xfa, 0x1f, 0x90, 0x0, 0x0, 0x0,
    0x1, 0xfa, 0x1f, 0x90, 0x0, 0x0, 0x0, 0x1,
    0xfa, 0x1f, 0xff, 0xff, 0xff, 0xff, 0xff, 0xfa,
    0x1f, 0xd9, 0x99, 0x99, 0x99, 0x9a, 0xfa, 0x1f,
    0x90, 0x0, 0x0, 0x0, 0x1, 0xfa, 0x1f, 0x90,
    0x0, 0x0, 0x0, 0x1, 0xfa, 0x1f, 0xff, 0xff,
    0xff, 0xff, 0xff, 0xfa, 0x1f, 0xd9, 0x99, 0x99,
    0x99, 0x9a, 0xfa, 0x1f, 0x90, 0x0, 0x0, 0x0,
    0x1, 0xfa, 0x1f, 0x90, 0x0, 0x0, 0x0, 0x1,
    0xfa, 0x1f, 0xff, 0xff, 0xff, 0xff, 0xff, 0xfa,
    0x1f, 0xc7, 0x77, 0x77, 0x77, 0x78, 0xea,

    /* U+822A "航" */
    0x0, 0x0, 0x10, 0x0, 0x0, 0x1, 0x10, 0x0,
    0x0, 0x0, 0x1, 0xf8, 0x0, 0x0, 0x1f, 0x80,
    0x0, 0x0, 0x0, 0x5, 0xf3, 0x0, 0x0, 0xc,
    0xe0, 0x0, 0x0, 0x0, 0xff, 0xff, 0xf8, 0x33,
    0x38, 0xd5, 0x33, 0x30, 0x0, 0xf9, 0x55, 0xf9,
    0xff, 0xff, 0xff, 0xff, 0xf0, 0x0, 0xf9, 0xc0,
    0xe8, 0x44, 0x44, 0x44, 0x44, 0x40, 0x0, 0xf7,
    0xf4, 0xe8, 0x1, 0x11, 0x11, 0x10, 0x0, 0x0,
    0xf6, 0x85, 0xe8, 0x8, 0xff, 0xff, 0xf1, 0x0,
    0x27, 0xfa, 0x66, 0xf8, 0x8, 0xf5, 0x5a, 0xf1,
    0x0, 0x5f, 0xff, 0xff, 0xf8, 0x8, 0xf0, 0x7,
    0xf1, 0x0, 0x1, 0xf7, 0x50, 0xe8, 0x9, 0xf0,
    0x7, 0xf1, 0x0, 0x2, 0xf6, 0xf2, 0xe8, 0xa,
    0xe0, 0x7, 0xf1, 0x0, 0x3, 0xf3, 0xa9, 0xe8,
    0xc, 0xd0, 0x7, 0xf1, 0x0, 0x5, 0xf2, 0x22,
    0xe8, 0xe, 0xa0, 0x7, 0xf1, 0x71, 0x9, 0xe0,
    0x0, 0xe8, 0x4f, 0x60, 0x7, 0xf1, 0xc4, 0xe,
    0xb0, 0x46, 0xf8, 0xdf, 0x0, 0x7, 0xf8, 0xf3,
    0x3f, 0x40, 0x6f, 0xd5, 0xe5, 0x0, 0x2, 0xce,
    0xa0, 0x1, 0x0, 0x0, 0x0, 0x0, 0x0, 0x0,
    0x0, 0x0,

    /* U+8272 "色" */
    0x0, 0x0, 0x0, 0x0, 0x0, 0x0, 0x0, 0x0,
    0x0, 0x0, 0x0, 0x2, 0xe7, 0x0, 0x0, 0x0,
    0x0, 0x0, 0x0, 0x0, 0xc, 0xfa, 0x88, 0x89,
    0x30, 0x0, 0x0, 0x0, 0x0, 0x9f, 0xff, 0xff,
    0xff, 0xb0, 0x0, 0x0, 0x0, 0x8, 0xfa, 0x0,
    0x1, 0xee, 0x10, 0x0, 0x0, 0x0, 0xaf, 0xc1,
    0x0, 0x1c, 0xf3, 0x0, 0x0, 0x0, 0x1d, 0xff,
    0xff, 0xff, 0xff, 0xff, 0xff, 0xf6, 0x0, 0xc,
    0x9f, 0xc7, 0x77, 0xcf, 0x87, 0x79, 0xf6, 0x0,
    0x0, 0xf, 0x90, 0x0, 0x9f, 0x0, 0x3, 0xf6,
    0x0, 0x0, 0xf, 0x90, 0x0, 0x9f, 0x0, 0x3,
    0xf6, 0x0, 0x0, 0xf, 0xff, 0xff, 0xff, 0xff,
    0xff, 0xf6, 0x0, 0x0, 0xf, 0xda, 0xaa, 0xaa,
    0xaa, 0xab, 0xf6, 0x0, 0x0, 0xf, 0x90, 0x0,
    0x0, 0x0, 0x1, 0x73, 0x0, 0x0, 0xf, 0x90,
    0x0, 0x0, 0x0, 0x0, 0x7, 0xc1, 0x0, 0xf,
    0xa0, 0x0, 0x0, 0x0, 0x0, 0xb, 0xf0, 0x0,
    0xc, 0xfa, 0x88, 0x88, 0x88, 0x88, 0xbf, 0xb0,
    0x0, 0x2, 0xbe, 0xff, 0xff, 0xff, 0xff, 0xea,
    0x10,

    /* U+8282 "节" */
    0x0, 0x0, 0xfc, 0x0, 0x0, 0xbf, 0x0, 0x0,
    0x11, 0x11, 0xfc, 0x11, 0x11, 0xcf, 0x11, 0x11,
    0xff, 0xff, 0xff, 0xff, 0xff, 0xff, 0xff, 0xff,
    0x78, 0x88, 0xfe, 0x88, 0x88, 0xef, 0x88, 0x87,
    0x0, 0x0, 0xfc, 0x0, 0x0, 0xbf, 0x0, 0x0,
    0x0, 0x0, 0x65, 0x0, 0x0, 0x56, 0x0, 0x0,
    0x2a, 0xaa, 0xaa, 0xaa, 0xaa, 0xaa, 0xaa, 0x40,
    0x2f, 0xff, 0xff, 0xff, 0xff, 0xff, 0xff, 0x60,
    0x0, 0x0, 0xb, 0xf0, 0x0, 0x0, 0x5f, 0x60,
    0x0, 0x0, 0xb, 0xf0, 0x0, 0x0, 0x5f, 0x60,
    0x0, 0x0, 0xb, 0xf0, 0x0, 0x0, 0x5f, 0x60,
    0x0, 0x0, 0xb, 0xf0, 0x0, 0x0, 0x5f, 0x60,
    0x0, 0x0, 0xb, 0xf0, 0x5, 0xaa, 0xdf, 0x40,
    0x0, 0x0, 0xb, 0xf0, 0x3, 0xff, 0xfa, 0x0,
    0x0, 0x0, 0xb, 0xf0, 0x0, 0x0, 0x0, 0x0,
    0x0, 0x0, 0xb, 0xf0, 0x0, 0x0, 0x0, 0x0,

    /* U+8350 "荐" */
    0x0, 0x0, 0x1f, 0x80, 0x0, 0x8, 0xf1, 0x0,
    0x0, 0xe, 0xff, 0xff, 0xff, 0xff, 0xff, 0xff,
    0xff, 0xe0, 0x7, 0x88, 0x8f, 0xc8, 0x88, 0x8c,
    0xf9, 0x88, 0x70, 0x0, 0x0, 0x1e, 0xeb, 0x10,
    0x7, 0xd1, 0x0, 0x0, 0x0, 0x0, 0x0, 0xde,
    0x10, 0x0, 0x0, 0x0, 0x0, 0xd, 0xff, 0xff,
    0xff, 0xff, 0xff, 0xff, 0xff, 0xc0, 0x6, 0x77,
    0x8f, 0xe7, 0x77, 0x77, 0x77, 0x77, 0x50, 0x0,
    0x0, 0xcf, 0x32, 0x55, 0x55, 0x55, 0x50, 0x0,
    0x0, 0xa, 0xf7, 0x6, 0xff, 0xff, 0xff, 0xf7,
    0x0, 0x1, 0xcf, 0xf2, 0x0, 0x0, 0x3, 0xce,
    0x60, 0x0, 0x3e, 0xfd, 0xf2, 0x0, 0x0, 0xf,
    0xc1, 0x0, 0x0, 0xb, 0x56, 0xf2, 0xbf, 0xff,
    0xff, 0xff, 0xff, 0xf0, 0x0, 0x6, 0xf2, 0x57,
    0x77, 0x7f, 0xc7, 0x77, 0x70, 0x0, 0x6, 0xf2,
    0x0, 0x0, 0xf, 0x90, 0x0, 0x0, 0x0, 0x6,
    0xf2, 0x0, 0x26, 0x7f, 0x90, 0x0, 0x0, 0x0,
    0x6, 0xf2, 0x0, 0x1e, 0xfc, 0x30, 0x0, 0x0,

    /* U+85CF "藏" */
    0x0, 0x0, 0xc, 0xd0, 0x0, 0xe, 0xb0, 0x0,
    0x0, 0xb, 0xdd, 0xdf, 0xfd, 0xdd, 0xdf, 0xfd,
    0xdd, 0xc0, 0x7, 0x99, 0x9e, 0xf9, 0x99, 0x9f,
    0xe9, 0xba, 0x80, 0x0, 0x0, 0x8, 0x90, 0x0,
    0xc, 0xf2, 0x9e, 0x30, 0x6, 0xa0, 0xef, 0xff,
    0xff, 0xff, 0xff, 0xff, 0xf1, 0x7, 0xc0, 0xfb,
    0x77, 0x77, 0x79, 0xf9, 0x77, 0x70, 0x7, 0xc0,
    0xf6, 0x23, 0x33, 0x33, 0xf4, 0x1, 0x0, 0x7,
    0xe8, 0xf6, 0xcf, 0xef, 0xe7, 0xf5, 0x6f, 0x30,
    0x7, 0xfb, 0xf6, 0xc8, 0x6d, 0x21, 0xf7, 0xbe,
    0x0, 0x2, 0x31, 0xf6, 0xce, 0xcc, 0xf7, 0xd9,
    0xf9, 0x0, 0x3f, 0xff, 0xf5, 0xc6, 0x0, 0xb7,
    0xaf, 0xf3, 0x0, 0x18, 0xe5, 0xf4, 0xce, 0xdd,
    0xf7, 0x7f, 0xb0, 0x0, 0x6, 0xd2, 0xf3, 0xc7,
    0x5d, 0x10, 0x8f, 0x50, 0x20, 0x7, 0xb4, 0xf0,
    0xcf, 0xef, 0xec, 0xff, 0xa0, 0xd5, 0xb, 0x79,
    0xc0, 0xc8, 0x33, 0x7f, 0xa6, 0xfa, 0xf3, 0x2d,
    0x1d, 0x60, 0x84, 0x0, 0xc8, 0x0, 0x9f, 0xb0,
    0x0, 0x0, 0x0, 0x0, 0x0, 0x0, 0x0, 0x0,
    0x0,

    /* U+884C "行" */
    0x0, 0x0, 0x0, 0x0, 0x0, 0x0, 0x0, 0x0,
    0x0, 0x0, 0x0, 0xbb, 0x10, 0x0, 0x0, 0x0,
    0x0, 0x0, 0x0, 0x9, 0xf7, 0x2, 0xff, 0xff,
    0xff, 0xff, 0x90, 0x0, 0xaf, 0x90, 0x1, 0x99,
    0x99, 0x99, 0x99, 0x50, 0x1d, 0xf9, 0x0, 0x0,
    0x0, 0x0, 0x0, 0x0, 0x0, 0xd, 0x60, 0x2f,
    0x90, 0x0, 0x0, 0x0, 0x0, 0x0, 0x0, 0x0,
    0xdf, 0x30, 0x0, 0x0, 0x0, 0x0, 0x0, 0x0,
    0xa, 0xf8, 0xe, 0xff, 0xff, 0xff, 0xff, 0xf1,
    0x0, 0xaf, 0xf1, 0x8, 0x88, 0x88, 0xaf, 0xc8,
    0x80, 0x1c, 0xff, 0xf1, 0x0, 0x0, 0x0, 0x3f,
    0x70, 0x0, 0x3f, 0xaa, 0xf1, 0x0, 0x0, 0x0,
    0x3f, 0x70, 0x0, 0x2, 0x9, 0xf1, 0x0, 0x0,
    0x0, 0x3f, 0x70, 0x0, 0x0, 0x9, 0xf1, 0x0,
    0x0, 0x0, 0x3f, 0x70, 0x0, 0x0, 0x9, 0xf1,
    0x0, 0x0, 0x0, 0x3f, 0x70, 0x0, 0x0, 0x9,
    0xf1, 0x0, 0x0, 0x0, 0x3f, 0x70, 0x0, 0x0,
    0x9, 0xf1, 0x0, 0x3, 0xbb, 0xdf, 0x60, 0x0,
    0x0, 0x9, 0xf1, 0x0, 0x0, 0xde, 0xd9, 0x10,
    0x0,

    /* U+8868 "表" */
    0x0, 0x0, 0x0, 0x0, 0xfa, 0x0, 0x0, 0x0,
    0x0, 0x1, 0x77, 0x77, 0x77, 0xfd, 0x77, 0x77,
    0x77, 0x0, 0x2, 0xff, 0xff, 0xff, 0xff, 0xff,
    0xff, 0xff, 0x10, 0x0, 0x0, 0x0, 0x0, 0xfa,
    0x0, 0x0, 0x0, 0x0, 0x0, 0x4f, 0xff, 0xff,
    0xff, 0xff, 0xff, 0xf5, 0x0, 0x0, 0x16, 0x66,
    0x66, 0xfc, 0x66, 0x66, 0x62, 0x0, 0x3, 0x33,
    0x33, 0x33, 0xfc, 0x33, 0x33, 0x33, 0x20, 0xe,
    0xff, 0xff, 0xff, 0xff, 0xff, 0xff, 0xff, 0xa0,
    0x2, 0x33, 0x34, 0xdf, 0x9f, 0xa3, 0x33, 0x43,
    0x20, 0x0, 0x0, 0x5e, 0xf5, 0xb, 0xf2, 0x1,
    0xdd, 0x10, 0x0, 0x5c, 0xff, 0x40, 0x3, 0xfb,
    0x4e, 0xe5, 0x0, 0x3e, 0xfe, 0xdf, 0x20, 0x0,
    0x9f, 0xfb, 0x10, 0x0, 0x9, 0x70, 0x9f, 0x20,
    0x0, 0xc, 0xf8, 0x0, 0x0, 0x0, 0x0, 0x9f,
    0x35, 0xae, 0x61, 0xcf, 0xc4, 0x0, 0x0, 0x1,
    0xef, 0xff, 0xea, 0x30, 0x9, 0xff, 0xd0, 0x0,
    0x1, 0xfe, 0x94, 0x0, 0x0, 0x0, 0x29, 0x70,
    0x0, 0x0, 0x30, 0x0, 0x0, 0x0, 0x0, 0x0,
    0x0,

    /* U+8981 "要" */
    0xb, 0xff, 0xff, 0xff, 0xff, 0xff, 0xff, 0xff,
    0xa0, 0x5, 0x77, 0x77, 0xfc, 0x77, 0xed, 0x77,
    0x77, 0x40, 0x0, 0x56, 0x66, 0xfc, 0x66, 0xed,
    0x66, 0x66, 0x0, 0x0, 0xdf, 0xee, 0xff, 0xee,
    0xff, 0xee, 0xff, 0x0, 0x0, 0xda, 0x0, 0xf9,
    0x0, 0xdb, 0x0, 0xaf, 0x0, 0x0, 0xdb, 0x22,
    0xfb, 0x22, 0xdc, 0x22, 0xbf, 0x0, 0x0, 0xdf,
    0xff, 0xff, 0xff, 0xff, 0xff, 0xff, 0x0, 0x0,
    0x22, 0x22, 0x8f, 0x72, 0x22, 0x22, 0x22, 0x0,
    0x7, 0x77, 0x77, 0xef, 0x87, 0x77, 0x77, 0x77,
    0x70, 0xf, 0xff, 0xff, 0xff, 0xff, 0xff, 0xff,
    0xff, 0xf0, 0x0, 0x0, 0x6f, 0x90, 0x0, 0xa,
    0xf4, 0x0, 0x0, 0x0, 0x3, 0xff, 0xa6, 0x30,
    0x9f, 0x90, 0x0, 0x0, 0x0, 0x1, 0x69, 0xdf,
    0xff, 0xfe, 0x30, 0x0, 0x0, 0x0, 0x23, 0x58,
    0xcf, 0xfc, 0xdf, 0xfe, 0x94, 0x0, 0x9, 0xff,
    0xfe, 0xb7, 0x30, 0x2, 0x6c, 0xfe, 0x30, 0x1,
    0x53, 0x10, 0x0, 0x0, 0x0, 0x0, 0x22, 0x0,

    /* U+89C2 "观" */
    0x9, 0xaa, 0xaa, 0xa3, 0xaf, 0xff, 0xff, 0xff,
    0x80, 0xd, 0xff, 0xff, 0xf7, 0xaf, 0x77, 0x77,
    0x8f, 0x80, 0x0, 0x0, 0x5, 0xf4, 0xae, 0x4,
    0x80, 0x1f, 0x80, 0x2, 0x60, 0x9, 0xf1, 0xae,
    0x7, 0xf1, 0x1f, 0x80, 0x9, 0xf4, 0xd, 0xf0,
    0xae, 0x7, 0xf1, 0x1f, 0x80, 0x0, 0xee, 0x2f,
    0xa0, 0xae, 0x8, 0xf1, 0x1f, 0x80, 0x0, 0x4f,
    0xef, 0x60, 0xae, 0x9, 0xf0, 0x1f, 0x80, 0x0,
    0x9, 0xff, 0x10, 0xae, 0xa, 0xf0, 0x1f, 0x80,
    0x0, 0x2, 0xff, 0x0, 0xae, 0xd, 0xc0, 0x1f,
    0x80, 0x0, 0x9, 0xff, 0x80, 0x56, 0x2f, 0xfd,
    0x7, 0x40, 0x0, 0x1f, 0xee, 0xf1, 0x0, 0x9f,
    0xed, 0x0, 0x0, 0x0, 0xbf, 0x67, 0xf6, 0x4,
    0xfb, 0xbd, 0x0, 0xa4, 0x8, 0xfc, 0x0, 0x80,
    0x4f, 0xe1, 0xbd, 0x0, 0xd7, 0x1f, 0xd1, 0x0,
    0x8, 0xfe, 0x30, 0xaf, 0x44, 0xf5, 0x4, 0x20,
    0x0, 0x3f, 0xb2, 0x0, 0x5e, 0xff, 0xc0, 0x0,
    0x0, 0x0, 0x2, 0x0, 0x0, 0x0, 0x0, 0x0,

    /* U+89C6 "视" */
    0x0, 0x7, 0x40, 0x0, 0x0, 0x0, 0x0, 0x0,
    0x0, 0x0, 0xc, 0xf1, 0x0, 0xff, 0xff, 0xff,
    0xff, 0x90, 0x0, 0x2, 0xe6, 0x0, 0xfc, 0x77,
    0x77, 0x7f, 0x90, 0xc, 0xff, 0xff, 0xf1, 0xfa,
    0x8, 0xb0, 0x1f, 0x90, 0x5, 0x77, 0x7f, 0xc0,
    0xfa, 0xa, 0xf0, 0x1f, 0x90, 0x0, 0x0, 0x6f,
    0x50, 0xfa, 0xa, 0xf0, 0x1f, 0x90, 0x0, 0x1,
    0xfc, 0x0, 0xfa, 0xa, 0xf0, 0x1f, 0x90, 0x0,
    0xc, 0xf8, 0x0, 0xfa, 0xb, 0xd0, 0x1f, 0x90,
    0x0, 0xbf, 0xff, 0x40, 0xfa, 0xd, 0xb0, 0x1f,
    0x90, 0x1d, 0xff, 0xeb, 0xf2, 0xfa, 0x1f, 0xa1,
    0x1f, 0x90, 0xe, 0x9a, 0xe1, 0xe2, 0x74, 0x5f,
    0xf9, 0x7, 0x40, 0x4, 0xa, 0xe0, 0x10, 0x0,
    0xcf, 0xf9, 0x0, 0x0, 0x0, 0xa, 0xe0, 0x0,
    0x8, 0xf9, 0xf9, 0x0, 0xa3, 0x0, 0xa, 0xe0,
    0x0, 0x7f, 0xc0, 0xf9, 0x0, 0xe6, 0x0, 0xa,
    0xe0, 0x2b, 0xfb, 0x10, 0xfc, 0x45, 0xf4, 0x0,
    0xa, 0xe0, 0x3d, 0x60, 0x0, 0x9f, 0xff, 0xb0,
    0x0, 0x0, 0x0, 0x0, 0x0, 0x0, 0x0, 0x0,
    0x0,

    /* U+89C9 "觉" */
    0x0, 0x0, 0x0, 0x0, 0x0, 0x0, 0x0, 0x0,
    0x0, 0x74, 0x0, 0x7e, 0x10, 0x0, 0xc8, 0x0,
    0x0, 0xcf, 0x20, 0x2f, 0x90, 0x7, 0xf7, 0x0,
    0x0, 0x2f, 0x90, 0xa, 0xc0, 0x1f, 0xb0, 0x0,
    0x9f, 0xff, 0xff, 0xff, 0xff, 0xff, 0xff, 0xf4,
    0x9f, 0x87, 0x77, 0x77, 0x77, 0x77, 0x7b, 0xf4,
    0x9f, 0x10, 0x0, 0x0, 0x0, 0x0, 0x7, 0xf4,
    0x7b, 0x8f, 0xff, 0xff, 0xff, 0xff, 0xf6, 0xb3,
    0x0, 0x7f, 0x96, 0x66, 0x66, 0x6d, 0xf1, 0x0,
    0x0, 0x7f, 0x30, 0xd, 0x90, 0xa, 0xf1, 0x0,
    0x0, 0x7f, 0x30, 0xf, 0xb0, 0xa, 0xf1, 0x0,
    0x0, 0x7f, 0x30, 0x1f, 0x90, 0xa, 0xf1, 0x0,
    0x0, 0x7f, 0x30, 0x5f, 0xa8, 0x2a, 0xf1, 0x0,
    0x0, 0x26, 0x12, 0xee, 0x7f, 0x45, 0x70, 0x0,
    0x0, 0x0, 0x7f, 0xf4, 0x5f, 0x40, 0x0, 0xb8,
    0x4, 0x9e, 0xfc, 0x20, 0x5f, 0xa6, 0x67, 0xf9,
    0x7f, 0xfb, 0x40, 0x0, 0x1c, 0xff, 0xff, 0xd2,
    0x4, 0x0, 0x0, 0x0, 0x0, 0x0, 0x0, 0x0,

    /* U+89D2 "角" */
    0x0, 0x0, 0x0, 0x0, 0x0, 0x0, 0x0, 0x0,
    0x0, 0x9, 0xf4, 0x0, 0x0, 0x0, 0x0, 0x0,
    0x3, 0xff, 0xff, 0xff, 0xfd, 0x20, 0x0, 0x1,
    0xdf, 0x76, 0x66, 0x9f, 0xc0, 0x0, 0x0, 0xcf,
    0x60, 0x0, 0x1e, 0xe1, 0x0, 0x2, 0xdf, 0xff,
    0xff, 0xff, 0xff, 0xff, 0xfc, 0xbf, 0xef, 0x88,
    0x8c, 0xf9, 0x88, 0x8f, 0xc0, 0x49, 0xf1, 0x0,
    0x9f, 0x10, 0x0, 0xec, 0x0, 0x9f, 0x87, 0x7c,
    0xf8, 0x77, 0x7f, 0xc0, 0x9, 0xff, 0xff, 0xff,
    0xff, 0xff, 0xfc, 0x0, 0xaf, 0x0, 0x9, 0xf1,
    0x0, 0xe, 0xc0, 0xb, 0xf1, 0x0, 0x9f, 0x20,
    0x0, 0xec, 0x0, 0xef, 0xff, 0xff, 0xff, 0xff,
    0xff, 0xc0, 0x2f, 0xc6, 0x66, 0xbf, 0x76, 0x66,
    0xfc, 0x9, 0xf4, 0x0, 0x9, 0xf1, 0x0, 0xe,
    0xc4, 0xfd, 0x0, 0x0, 0x9f, 0x17, 0x99, 0xfb,
    0x5e, 0x20, 0x0, 0x9, 0xf1, 0x6f, 0xfc, 0x40,
    0x0, 0x0, 0x0, 0x0, 0x0, 0x0, 0x0,

    /* U+8BA4 "认" */
    0x0, 0x72, 0x0, 0x0, 0x0, 0xcd, 0x0, 0x0,
    0x0, 0x2e, 0xe3, 0x0, 0x0, 0xd, 0xd0, 0x0,
    0x0, 0x0, 0x2e, 0xf3, 0x0, 0x0, 0xdd, 0x0,
    0x0, 0x0, 0x0, 0x2b, 0x0, 0x0, 0xd, 0xc0,
    0x0, 0x0, 0x0, 0x0, 0x0, 0x0, 0x0, 0xec,
    0x0, 0x0, 0x8, 0x88, 0x84, 0x0, 0x0, 0xf,
    0xc0, 0x0, 0x0, 0xff, 0xff, 0x80, 0x0, 0x1,
    0xfe, 0x0, 0x0, 0x0, 0x1, 0xf8, 0x0, 0x0,
    0x3f, 0xf1, 0x0, 0x0, 0x0, 0x1f, 0x80, 0x0,
    0x5, 0xff, 0x60, 0x0, 0x0, 0x1, 0xf8, 0x0,
    0x0, 0x9f, 0xfa, 0x0, 0x0, 0x0, 0x1f, 0x80,
    0x0, 0xd, 0xd9, 0xf1, 0x0, 0x0, 0x1, 0xf8,
    0x26, 0x4, 0xf8, 0x3f, 0x90, 0x0, 0x0, 0x1f,
    0xcf, 0xd0, 0xcf, 0x20, 0xcf, 0x10, 0x0, 0x4,
    0xff, 0xb1, 0x7f, 0x90, 0x3, 0xfc, 0x0, 0x0,
    0xdf, 0x70, 0x7f, 0xd0, 0x0, 0x8, 0xfb, 0x10,
    0x7, 0x30, 0xd, 0xd2, 0x0, 0x0, 0x9, 0xf4,
    0x0, 0x0, 0x0, 0x11, 0x0, 0x0, 0x0, 0x2,
    0x0,

    /* U+8BA9 "让" */
    0x0, 0x2a, 0x0, 0x0, 0x0, 0xaf, 0x10, 0x0,
    0x0, 0x0, 0x5f, 0xc0, 0x0, 0x0, 0xaf, 0x10,
    0x0, 0x0, 0x0, 0x5, 0xfc, 0x0, 0x0, 0xaf,
    0x10, 0x0, 0x0, 0x0, 0x0, 0x67, 0x0, 0x0,
    0xaf, 0x10, 0x0, 0x0, 0x0, 0x0, 0x0, 0x0,
    0x0, 0xaf, 0x10, 0x0, 0x0, 0x18, 0x88, 0x80,
    0x0, 0x0, 0xaf, 0x65, 0x55, 0x0, 0x2f, 0xff,
    0xf1, 0x0, 0x0, 0xaf, 0xff, 0xff, 0x0, 0x0,
    0x8, 0xf1, 0x0, 0x0, 0xaf, 0x54, 0x44, 0x0,
    0x0, 0x7, 0xf1, 0x0, 0x0, 0xaf, 0x10, 0x0,
    0x0, 0x0, 0x7, 0xf1, 0x0, 0x0, 0xaf, 0x10,
    0x0, 0x0, 0x0, 0x7, 0xf1, 0x0, 0x0, 0xaf,
    0x10, 0x0, 0x0, 0x0, 0x7, 0xf1, 0x61, 0x0,
    0xaf, 0x10, 0x0, 0x0, 0x0, 0x7, 0xfa, 0xf5,
    0x0, 0xaf, 0x10, 0x0, 0x0, 0x0, 0xb, 0xff,
    0x60, 0x0, 0xaf, 0x10, 0x0, 0x0, 0x0, 0x3f,
    0xe4, 0xab, 0xbb, 0xef, 0xbb, 0xbb, 0xb1, 0x0,
    0x5d, 0x20, 0xef, 0xff, 0xff, 0xff, 0xff, 0xf1,
    0x0, 0x0, 0x0, 0x0, 0x0, 0x0, 0x0, 0x0,
    0x0,

    /* U+8BBE "设" */
    0x0, 0x1, 0x0, 0x0, 0x0, 0x0, 0x0, 0x0,
    0x0, 0x0, 0xae, 0x30, 0x0, 0x7f, 0xff, 0xff,
    0x80, 0x0, 0x0, 0x2e, 0xf3, 0x0, 0x7f, 0x98,
    0x8f, 0x80, 0x0, 0x0, 0x1, 0xd8, 0x0, 0x9f,
    0x0, 0xf, 0x80, 0x0, 0x0, 0x0, 0x10, 0x1,
    0xec, 0x0, 0xf, 0x90, 0x0, 0x27, 0x77, 0x50,
    0x3c, 0xf4, 0x0, 0xe, 0xea, 0xa0, 0x3e, 0xef,
    0xa0, 0xae, 0x40, 0x0, 0x3, 0x88, 0x70, 0x0,
    0xe, 0xa0, 0x28, 0x88, 0x88, 0x88, 0x86, 0x0,
    0x0, 0xe, 0xa0, 0x3f, 0xff, 0xff, 0xff, 0xfd,
    0x0, 0x0, 0xe, 0xa0, 0x6, 0xf4, 0x0, 0x5,
    0xf6, 0x0, 0x0, 0xe, 0xa0, 0x0, 0xdd, 0x0,
    0xd, 0xe0, 0x0, 0x0, 0xe, 0xa2, 0x70, 0x4f,
    0xb1, 0xcf, 0x30, 0x0, 0x0, 0xe, 0xdf, 0xd0,
    0x6, 0xff, 0xf5, 0x0, 0x0, 0x0, 0x2f, 0xfc,
    0x10, 0x19, 0xff, 0xf9, 0x10, 0x0, 0x0, 0xaf,
    0x90, 0x7b, 0xff, 0xa4, 0xcf, 0xfb, 0x60, 0x0,
    0x37, 0x0, 0xce, 0x92, 0x0, 0x4, 0xaf, 0xb0,
    0x0, 0x0, 0x0, 0x10, 0x0, 0x0, 0x0, 0x0,
    0x10,

    /* U+8BBF "访" */
    0x0, 0x0, 0x0, 0x0, 0x0, 0x0, 0x0, 0x0,
    0x0, 0x0, 0x48, 0x0, 0x0, 0x0, 0x5f, 0x50,
    0x0, 0x0, 0x0, 0x9f, 0x90, 0x0, 0x0, 0x2f,
    0xa0, 0x0, 0x0, 0x0, 0xa, 0xf7, 0x0, 0x0,
    0xd, 0xa0, 0x0, 0x0, 0x0, 0x0, 0xa2, 0x5f,
    0xff, 0xff, 0xff, 0xff, 0xf1, 0x0, 0x0, 0x0,
    0x39, 0x9f, 0xe9, 0x99, 0x99, 0x91, 0x19, 0x99,
    0x90, 0x0, 0xe, 0xc0, 0x0, 0x0, 0x0, 0x2f,
    0xff, 0xf1, 0x0, 0xe, 0xc0, 0x0, 0x0, 0x0,
    0x0, 0x9, 0xf1, 0x0, 0xf, 0xff, 0xff, 0xfe,
    0x0, 0x0, 0x9, 0xf1, 0x0, 0x1f, 0xc8, 0x88,
    0xed, 0x0, 0x0, 0x9, 0xf1, 0x0, 0x3f, 0x70,
    0x0, 0xdc, 0x0, 0x0, 0x9, 0xf1, 0x0, 0x6f,
    0x40, 0x0, 0xeb, 0x0, 0x0, 0x9, 0xf4, 0xd4,
    0xbf, 0x10, 0x0, 0xfa, 0x0, 0x0, 0xa, 0xff,
    0xc4, 0xfc, 0x0, 0x1, 0xf8, 0x0, 0x0, 0x2f,
    0xf9, 0xa, 0xf4, 0x0, 0x4, 0xf6, 0x0, 0x0,
    0x5f, 0x60, 0x8f, 0xc0, 0x19, 0x8d, 0xf3, 0x0,
    0x0, 0x2, 0x0, 0x6d, 0x10, 0xe, 0xff, 0x90,
    0x0, 0x0, 0x0, 0x0, 0x0, 0x0, 0x0, 0x0,
    0x0, 0x0,

    /* U+8BC1 "证" */
    0x0, 0x65, 0x0, 0x0, 0x0, 0x0, 0x0, 0x0,
    0x0, 0x0, 0xcf, 0x60, 0x3f, 0xff, 0xff, 0xff,
    0xff, 0xc0, 0x0, 0xb, 0xf6, 0x29, 0x99, 0x9c,
    0xfb, 0x99, 0x80, 0x0, 0x0, 0xb2, 0x0, 0x0,
    0x7, 0xf3, 0x0, 0x0, 0x0, 0x0, 0x0, 0x0,
    0x0, 0x7, 0xf3, 0x0, 0x0, 0xa, 0xaa, 0x90,
    0x1, 0x41, 0x7, 0xf3, 0x0, 0x0, 0xf, 0xff,
    0xe0, 0x4, 0xf5, 0x7, 0xf3, 0x0, 0x0, 0x0,
    0xa, 0xe0, 0x4, 0xf5, 0x7, 0xff, 0xff, 0x80,
    0x0, 0xa, 0xe0, 0x4, 0xf5, 0x7, 0xfb, 0x99,
    0x50, 0x0, 0xa, 0xe0, 0x4, 0xf5, 0x7, 0xf3,
    0x0, 0x0, 0x0, 0xa, 0xe0, 0x4, 0xf5, 0x7,
    0xf3, 0x0, 0x0, 0x0, 0xa, 0xe3, 0x74, 0xf5,
    0x7, 0xf3, 0x0, 0x0, 0x0, 0xb, 0xff, 0xc4,
    0xf5, 0x7, 0xf3, 0x0, 0x0, 0x0, 0xe, 0xfc,
    0x14, 0xf5, 0x7, 0xf3, 0x0, 0x0, 0x0, 0x7f,
    0xa0, 0xbf, 0xff, 0xff, 0xff, 0xff, 0xf1, 0x0,
    0x29, 0x0, 0x79, 0x99, 0x99, 0x99, 0x99, 0x90,

    /* U+8BC6 "识" */
    0x0, 0x64, 0x0, 0x0, 0x0, 0x0, 0x0, 0x0,
    0x0, 0x0, 0xcf, 0x60, 0x1, 0xff, 0xff, 0xff,
    0xff, 0x10, 0x0, 0xc, 0xf6, 0x1, 0xfd, 0xaa,
    0xaa, 0xef, 0x10, 0x0, 0x0, 0xb2, 0x1, 0xf9,
    0x0, 0x0, 0xaf, 0x10, 0x0, 0x0, 0x0, 0x1,
    0xf9, 0x0, 0x0, 0xaf, 0x10, 0xb, 0xbb, 0xa0,
    0x1, 0xf9, 0x0, 0x0, 0xaf, 0x10, 0xd, 0xdf,
    0xe0, 0x1, 0xf9, 0x0, 0x0, 0xaf, 0x10, 0x0,
    0xa, 0xe0, 0x1, 0xfc, 0x88, 0x88, 0xdf, 0x10,
    0x0, 0xa, 0xe0, 0x1, 0xff, 0xff, 0xff, 0xff,
    0x10, 0x0, 0xa, 0xe0, 0x0, 0x0, 0x0, 0x0,
    0x0, 0x0, 0x0, 0xa, 0xe0, 0x0, 0x3, 0x0,
    0x0, 0x30, 0x0, 0x0, 0xa, 0xe3, 0xc0, 0x4f,
    0x90, 0xc, 0xf2, 0x0, 0x0, 0xb, 0xff, 0xe2,
    0xaf, 0x30, 0x4, 0xfa, 0x0, 0x0, 0xf, 0xfc,
    0x13, 0xfc, 0x0, 0x0, 0xbf, 0x30, 0x0, 0x8f,
    0xa0, 0x1e, 0xf3, 0x0, 0x0, 0x4f, 0xa0, 0x0,
    0x17, 0x0, 0x2d, 0x70, 0x0, 0x0, 0xd, 0x90,
    0x0, 0x0, 0x0, 0x0, 0x0, 0x0, 0x0, 0x0,
    0x0,

    /* U+8BD1 "译" */
    0x0, 0x30, 0x0, 0x0, 0x0, 0x0, 0x0, 0x0,
    0x0, 0x2, 0xfa, 0x0, 0x9f, 0xff, 0xff, 0xff,
    0xfe, 0x10, 0x0, 0x8f, 0x60, 0x48, 0xfd, 0x77,
    0x7a, 0xf9, 0x0, 0x0, 0xd, 0xb0, 0x0, 0x5f,
    0x80, 0x5f, 0xd0, 0x0, 0x0, 0x1, 0x0, 0x0,
    0x6, 0xfc, 0xfc, 0x10, 0x0, 0x29, 0x99, 0x60,
    0x0, 0x6, 0xff, 0xf8, 0x10, 0x0, 0x3f, 0xff,
    0xb0, 0x49, 0xef, 0xb5, 0xaf, 0xfb, 0x61, 0x0,
    0xe, 0xb3, 0xfe, 0x93, 0x5e, 0x41, 0x7b, 0xb0,
    0x0, 0xe, 0xb0, 0x20, 0x0, 0x5f, 0x40, 0x0,
    0x0, 0x0, 0xe, 0xb0, 0xb, 0xff, 0xff, 0xff,
    0xfb, 0x0, 0x0, 0xe, 0xb0, 0x5, 0x77, 0xaf,
    0xa7, 0x76, 0x0, 0x0, 0xe, 0xb2, 0x0, 0x0,
    0x5f, 0x40, 0x0, 0x0, 0x0, 0xe, 0xef, 0xff,
    0xff, 0xff, 0xff, 0xff, 0xe0, 0x0, 0x2f, 0xfb,
    0x78, 0x88, 0xbf, 0xa8, 0x88, 0x80, 0x0, 0x9f,
    0x70, 0x0, 0x0, 0x5f, 0x40, 0x0, 0x0, 0x0,
    0x24, 0x0, 0x0, 0x0, 0x5f, 0x40, 0x0, 0x0,

    /* U+8BF4 "说" */
    0x0, 0x0, 0x0, 0x0, 0x0, 0x0, 0x0, 0x0,
    0x0, 0x0, 0x45, 0x0, 0x2, 0xd5, 0x0, 0x8,
    0xd3, 0x0, 0x0, 0xcf, 0x50, 0x0, 0xde, 0x0,
    0xe, 0xe0, 0x0, 0x0, 0x1c, 0xf5, 0x0, 0x4f,
    0x70, 0x6f, 0x70, 0x0, 0x0, 0x1, 0xd5, 0x8,
    0x8e, 0x98, 0xdf, 0x86, 0x0, 0x0, 0x0, 0x0,
    0x1f, 0xff, 0xff, 0xff, 0xfc, 0x0, 0x18, 0x88,
    0x80, 0x1f, 0x80, 0x0, 0x0, 0xec, 0x0, 0x2f,
    0xff, 0xf0, 0x1f, 0x80, 0x0, 0x0, 0xec, 0x0,
    0x1, 0x1b, 0xf0, 0x1f, 0x92, 0x22, 0x22, 0xfc,
    0x0, 0x0, 0xb, 0xf0, 0x1f, 0xff, 0xff, 0xff,
    0xfc, 0x0, 0x0, 0xb, 0xf0, 0x4, 0x5f, 0xb4,
    0xfc, 0x43, 0x0, 0x0, 0xb, 0xf0, 0x0, 0x2f,
    0x80, 0xeb, 0x0, 0x0, 0x0, 0xb, 0xf2, 0xd2,
    0x5f, 0x50, 0xeb, 0x0, 0x0, 0x0, 0xc, 0xff,
    0xe3, 0xbf, 0x0, 0xeb, 0x2, 0x40, 0x0, 0x3f,
    0xfc, 0x17, 0xf9, 0x0, 0xeb, 0x4, 0xf3, 0x0,
    0x9f, 0x82, 0xaf, 0xc0, 0x0, 0xee, 0x8b, 0xf0,
    0x0, 0x15, 0x3, 0xf9, 0x10, 0x0, 0x7f, 0xff,
    0x80, 0x0, 0x0, 0x0, 0x10, 0x0, 0x0, 0x0,
    0x0, 0x0,

    /* U+8C03 "调" */
    0x0, 0x20, 0x0, 0x0, 0x0, 0x0, 0x0, 0x0,
    0x0, 0x1e, 0xc1, 0x3, 0xff, 0xff, 0xff, 0xff,
    0xf8, 0x0, 0x4e, 0xe2, 0x3f, 0x97, 0x8d, 0x87,
    0x7f, 0x80, 0x0, 0x3d, 0x23, 0xf3, 0x2, 0xf4,
    0x0, 0xf8, 0x0, 0x0, 0x0, 0x3f, 0x3d, 0xff,
    0xff, 0xf, 0x82, 0x88, 0x86, 0x3, 0xf3, 0x24,
    0xf5, 0x20, 0xf8, 0x3f, 0xff, 0xa0, 0x3f, 0x44,
    0x5f, 0x74, 0x2f, 0x80, 0x0, 0xea, 0x3, 0xf6,
    0xff, 0xff, 0xf7, 0xf8, 0x0, 0xe, 0xa0, 0x4f,
    0x20, 0x0, 0x0, 0xf, 0x80, 0x0, 0xea, 0x4,
    0xf1, 0xef, 0xff, 0xe0, 0xf8, 0x0, 0xe, 0xa0,
    0x6f, 0xe, 0x84, 0x8e, 0xf, 0x80, 0x0, 0xea,
    0x49, 0xe0, 0xe5, 0x5, 0xe0, 0xf8, 0x0, 0xf,
    0xef, 0xfb, 0xe, 0xfe, 0xfe, 0xf, 0x80, 0x3,
    0xff, 0xbf, 0x70, 0xe8, 0x44, 0x40, 0xf8, 0x0,
    0xbf, 0x5a, 0xf1, 0x1, 0x0, 0x17, 0x8f, 0x70,
    0x2, 0x30, 0x78, 0x0, 0x0, 0x0, 0xdf, 0xc2,
    0x0, 0x0, 0x0, 0x0, 0x0, 0x0, 0x0, 0x0,
    0x0,

    /* U+8C08 "谈" */
    0x0, 0x3, 0x0, 0x0, 0x0, 0x3f, 0x70, 0x0,
    0x0, 0x0, 0x9f, 0x70, 0x3, 0xb2, 0x4f, 0x60,
    0x4c, 0x40, 0x0, 0xb, 0xf7, 0x9, 0xf0, 0x5f,
    0x40, 0xce, 0x10, 0x0, 0x0, 0xa3, 0x3f, 0x80,
    0xaf, 0x16, 0xf5, 0x0, 0x0, 0x0, 0x0, 0x39,
    0x0, 0xef, 0xb4, 0x50, 0x0, 0x18, 0x88, 0x80,
    0x0, 0xc, 0xf9, 0xef, 0x91, 0x0, 0x2f, 0xff,
    0xf0, 0x5, 0xdf, 0x90, 0x9, 0xfe, 0x40, 0x0,
    0x9, 0xf0, 0x7f, 0xe6, 0x29, 0x40, 0x4e, 0xa0,
    0x0, 0x9, 0xf0, 0x4, 0x10, 0x4f, 0x60, 0x4,
    0x0, 0x0, 0x9, 0xf0, 0x7, 0xf2, 0x5f, 0x50,
    0x3f, 0x90, 0x0, 0x9, 0xf0, 0xc, 0xd0, 0x7f,
    0x70, 0xbf, 0x20, 0x0, 0x9, 0xf0, 0x5f, 0x60,
    0xdf, 0xd6, 0xf6, 0x0, 0x0, 0x9, 0xf9, 0x48,
    0x3, 0xfe, 0xfa, 0x60, 0x0, 0x0, 0xb, 0xff,
    0x50, 0x4e, 0xf2, 0xbf, 0x60, 0x0, 0x0, 0x2f,
    0xf6, 0x5b, 0xff, 0x50, 0x1d, 0xfc, 0x61, 0x0,
    0x2d, 0x21, 0xff, 0xa2, 0x0, 0x0, 0x9f, 0xf2,
    0x0, 0x0, 0x0, 0x30, 0x0, 0x0, 0x0, 0x0,
    0x30,

    /* U+8D28 "质" */
    0x0, 0x0, 0x0, 0x0, 0x0, 0x0, 0x0, 0x0,
    0x0, 0x0, 0x0, 0x0, 0x12, 0x35, 0x79, 0xbe,
    0xf4, 0x0, 0x0, 0x7e, 0xff, 0xff, 0xff, 0xff,
    0xdb, 0x85, 0x0, 0x0, 0x8f, 0x86, 0x54, 0x36,
    0xf7, 0x0, 0x0, 0x0, 0x0, 0x8f, 0x54, 0x44,
    0x48, 0xf9, 0x44, 0x44, 0x40, 0x0, 0x8f, 0xff,
    0xff, 0xff, 0xff, 0xff, 0xff, 0xf0, 0x0, 0x8f,
    0x32, 0x22, 0x29, 0xf4, 0x22, 0x22, 0x20, 0x0,
    0x9f, 0x15, 0x77, 0x7d, 0xf8, 0x77, 0x76, 0x0,
    0x0, 0x9f, 0xb, 0xff, 0xff, 0xff, 0xff, 0xfc,
    0x0, 0x0, 0xaf, 0xb, 0xe0, 0x1, 0x53, 0x0,
    0xfc, 0x0, 0x0, 0xbe, 0xb, 0xe0, 0x2, 0xf9,
    0x0, 0xfc, 0x0, 0x0, 0xdc, 0xb, 0xe0, 0x2,
    0xf9, 0x0, 0xfc, 0x0, 0x1, 0xfa, 0xb, 0xe0,
    0x6, 0xf6, 0x0, 0xfc, 0x0, 0x4, 0xf6, 0x8,
    0xa0, 0x2e, 0xe1, 0x10, 0xca, 0x0, 0xa, 0xf2,
    0x0, 0x6, 0xef, 0x4b, 0xfa, 0x30, 0x0, 0x2f,
    0xb0, 0x49, 0xef, 0xc3, 0x0, 0x6d, 0xfb, 0x30,
    0x1a, 0x40, 0xaf, 0xa4, 0x0, 0x0, 0x0, 0x6e,
    0x70, 0x0, 0x0, 0x0, 0x0, 0x0, 0x0, 0x0,
    0x0, 0x0,

    /* U+8D34 "贴" */
    0x0, 0x0, 0x0, 0x0, 0x0, 0x7, 0xf1, 0x0,
    0x0, 0x6, 0xff, 0xff, 0xff, 0x0, 0x7, 0xf1,
    0x0, 0x0, 0x6, 0xf7, 0x77, 0xbf, 0x0, 0x7,
    0xf1, 0x0, 0x0, 0x6, 0xe0, 0x83, 0x7f, 0x0,
    0x7, 0xfa, 0x99, 0x93, 0x6, 0xe0, 0xf6, 0x7f,
    0x0, 0x7, 0xff, 0xff, 0xf5, 0x6, 0xe0, 0xf6,
    0x7f, 0x0, 0x7, 0xf1, 0x0, 0x0, 0x6, 0xe0,
    0xf6, 0x7f, 0x0, 0x7, 0xf1, 0x0, 0x0, 0x6,
    0xe0, 0xf6, 0x7f, 0x0, 0x7, 0xf1, 0x0, 0x0,
    0x6, 0xe0, 0xf6, 0x7f, 0x29, 0x9c, 0xfa, 0x99,
    0x80, 0x6, 0xe0, 0xf5, 0x7f, 0x3f, 0xff, 0xff,
    0xff, 0xe0, 0x6, 0xe2, 0xf4, 0x7f, 0x3f, 0x30,
    0x0, 0x9, 0xe0, 0x6, 0xd6, 0xf0, 0x6d, 0x3f,
    0x30, 0x0, 0x9, 0xe0, 0x0, 0xb, 0xb8, 0x50,
    0x3f, 0x30, 0x0, 0x9, 0xe0, 0x0, 0x4f, 0x29,
    0xe1, 0x3f, 0x30, 0x0, 0x9, 0xe0, 0x4, 0xf7,
    0x0, 0xeb, 0x3f, 0xff, 0xff, 0xff, 0xe0, 0xc,
    0x60, 0x0, 0x46, 0x3f, 0xa8, 0x88, 0x8c, 0xd0,
    0x0, 0x0, 0x0, 0x0, 0x0, 0x0, 0x0, 0x0,
    0x0,

    /* U+8D44 "资" */
    0x0, 0x20, 0x0, 0x0, 0x7b, 0x0, 0x0, 0x0,
    0x0, 0x2, 0xfe, 0x70, 0x1, 0xfe, 0x55, 0x55,
    0x55, 0x20, 0x0, 0x3a, 0xfd, 0xb, 0xff, 0xff,
    0xff, 0xff, 0x80, 0x0, 0x0, 0x45, 0xaf, 0x60,
    0x7f, 0x40, 0x9f, 0x10, 0x0, 0x0, 0x4, 0xa8,
    0x1, 0xef, 0xc0, 0x87, 0x0, 0x0, 0x5a, 0xef,
    0x60, 0x2c, 0xf4, 0xdd, 0x30, 0x0, 0xd, 0xfe,
    0x94, 0x28, 0xff, 0x40, 0x1c, 0xfd, 0x70, 0x5,
    0x40, 0x0, 0xaf, 0x91, 0x0, 0x0, 0x5c, 0x90,
    0x0, 0x6, 0x88, 0x99, 0x88, 0x88, 0x88, 0x80,
    0x0, 0x0, 0xb, 0xff, 0xff, 0xff, 0xff, 0xff,
    0xf1, 0x0, 0x0, 0xb, 0xe0, 0x0, 0x68, 0x0,
    0xa, 0xf1, 0x0, 0x0, 0xb, 0xe0, 0x0, 0xfa,
    0x0, 0xa, 0xf1, 0x0, 0x0, 0xb, 0xe0, 0x7,
    0xf5, 0x10, 0xa, 0xf1, 0x0, 0x0, 0x4, 0x50,
    0x6f, 0xa5, 0xfd, 0x85, 0x30, 0x0, 0x0, 0x3,
    0x7d, 0xfb, 0x0, 0x5b, 0xff, 0xd7, 0x10, 0xb,
    0xff, 0xfb, 0x40, 0x0, 0x0, 0x17, 0xdf, 0x90,
    0x4, 0x74, 0x0, 0x0, 0x0, 0x0, 0x0, 0x5,
    0x0,

    /* U+8DD1 "跑" */
    0x0, 0x0, 0x0, 0x0, 0x4, 0x80, 0x0, 0x0,
    0x0, 0x7, 0xff, 0xff, 0xf1, 0xc, 0xd1, 0x11,
    0x11, 0x0, 0x7, 0xf6, 0x6b, 0xf1, 0x4f, 0xff,
    0xff, 0xff, 0x40, 0x7, 0xf0, 0x7, 0xf3, 0xed,
    0x55, 0x55, 0x8f, 0x40, 0x7, 0xf2, 0x28, 0xfd,
    0xf4, 0x0, 0x0, 0x4f, 0x40, 0x7, 0xff, 0xff,
    0xf7, 0xff, 0xff, 0xf5, 0x4f, 0x40, 0x1, 0x36,
    0xf6, 0x30, 0x8f, 0x67, 0xf5, 0x5f, 0x40, 0x1,
    0x23, 0xf3, 0x0, 0x8e, 0x0, 0xf5, 0x5f, 0x30,
    0x8, 0xd3, 0xf9, 0x70, 0x8e, 0x0, 0xf5, 0x5f,
    0x30, 0x8, 0xd3, 0xff, 0xf0, 0x8f, 0xbc, 0xf5,
    0x6f, 0x20, 0x8, 0xd3, 0xf3, 0x0, 0x8f, 0x99,
    0xe9, 0xcf, 0x0, 0x8, 0xd3, 0xf3, 0x0, 0x8e,
    0x0, 0x7f, 0xf9, 0x0, 0x8, 0xd3, 0xf6, 0x73,
    0x8e, 0x0, 0x0, 0x0, 0x10, 0x9, 0xeb, 0xff,
    0xf6, 0x8e, 0x0, 0x0, 0x2, 0xf3, 0x3f, 0xfd,
    0x84, 0x0, 0x7f, 0x86, 0x66, 0x6c, 0xf1, 0x5,
    0x10, 0x0, 0x0, 0x1c, 0xff, 0xff, 0xfe, 0x70,

    /* U+8DDF "跟" */
    0x7, 0xff, 0xff, 0xf9, 0xaf, 0xff, 0xff, 0xff,
    0x10, 0x7, 0xf6, 0x66, 0xf9, 0xaf, 0x77, 0x77,
    0xbf, 0x10, 0x7, 0xf0, 0x0, 0xf9, 0xae, 0x0,
    0x0, 0x7f, 0x10, 0x7, 0xf2, 0x22, 0xf9, 0xaf,
    0xee, 0xee, 0xff, 0x10, 0x7, 0xff, 0xff, 0xf9,
    0xaf, 0x44, 0x44, 0x9f, 0x10, 0x1, 0x44, 0xfa,
    0x42, 0xae, 0x0, 0x0, 0x7f, 0x10, 0x1, 0x30,
    0xf8, 0x0, 0xaf, 0xcc, 0xcc, 0xef, 0x10, 0x7,
    0xd0, 0xfc, 0x74, 0xaf, 0xad, 0xfa, 0xaa, 0x0,
    0x7, 0xd0, 0xff, 0xf9, 0xae, 0x5, 0xf1, 0x7,
    0x60, 0x7, 0xd0, 0xf8, 0x0, 0xae, 0x1, 0xf7,
    0xaf, 0x90, 0x7, 0xd0, 0xf8, 0x0, 0xae, 0x0,
    0xbf, 0xe4, 0x0, 0x7, 0xd0, 0xf9, 0x45, 0xae,
    0x0, 0x3f, 0x80, 0x0, 0x8, 0xe8, 0xff, 0xfb,
    0xae, 0x3, 0x5a, 0xf5, 0x0, 0x3f, 0xff, 0xc7,
    0x30, 0xef, 0xff, 0xe0, 0xdf, 0x90, 0x9, 0x40,
    0x0, 0x2, 0xff, 0xa6, 0x10, 0x1c, 0xc0, 0x0,
    0x0, 0x0, 0x0, 0x30, 0x0, 0x0, 0x0, 0x10,

    /* U+8DEF "路" */
    0x0, 0x0, 0x0, 0x0, 0x0, 0x58, 0x10, 0x0,
    0x0, 0x5, 0xff, 0xff, 0xf8, 0x0, 0xef, 0x54,
    0x51, 0x0, 0x5, 0xf7, 0x67, 0xf8, 0x6, 0xff,
    0xff, 0xfe, 0x0, 0x5, 0xf1, 0x0, 0xf8, 0x1e,
    0xf2, 0x14, 0xfa, 0x0, 0x5, 0xf3, 0x23, 0xf9,
    0xdf, 0xfa, 0xc, 0xf3, 0x0, 0x5, 0xff, 0xff,
    0xfd, 0xf7, 0x6f, 0xaf, 0x80, 0x0, 0x1, 0x44,
    0xfa, 0x42, 0x30, 0xb, 0xfd, 0x0, 0x0, 0x1,
    0x30, 0xe8, 0x0, 0x0, 0x5f, 0xff, 0x60, 0x0,
    0x6, 0xe0, 0xeb, 0x53, 0x19, 0xfc, 0x2b, 0xfb,
    0x30, 0x6, 0xe0, 0xef, 0xfe, 0xff, 0xa2, 0x11,
    0xaf, 0xf3, 0x6, 0xe0, 0xe9, 0x13, 0xaf, 0xff,
    0xff, 0xff, 0x60, 0x6, 0xe0, 0xe8, 0x0, 0xf,
    0xa4, 0x44, 0xaf, 0x10, 0x6, 0xe0, 0xe9, 0x25,
    0xf, 0x80, 0x0, 0x8f, 0x10, 0x6, 0xf6, 0xff,
    0xfe, 0xf, 0x80, 0x0, 0x8f, 0x10, 0x3f, 0xff,
    0xfb, 0x73, 0xf, 0xc7, 0x77, 0xcf, 0x10, 0x1b,
    0x73, 0x0, 0x0, 0xf, 0xff, 0xff, 0xfe, 0x10,

    /* U+8F6E "轮" */
    0x0, 0x0, 0x0, 0x0, 0x0, 0x0, 0x0, 0x0,
    0x0, 0x0, 0xb, 0xb0, 0x0, 0x0, 0xe, 0xe0,
    0x0, 0x0, 0x0, 0xe, 0xa0, 0x0, 0x0, 0x5f,
    0xf5, 0x0, 0x0, 0x1f, 0xff, 0xff, 0xf5, 0x0,
    0xde, 0xde, 0x10, 0x0, 0x18, 0xbf, 0x88, 0x82,
    0x8, 0xf6, 0x4f, 0xa0, 0x0, 0x0, 0x9c, 0x85,
    0x0, 0x5f, 0xb0, 0x9, 0xf7, 0x0, 0x0, 0xe7,
    0xd9, 0x5, 0xfd, 0x10, 0x0, 0xcf, 0x60, 0x3,
    0xf2, 0xd9, 0x1f, 0xd8, 0x50, 0x0, 0x1d, 0xe1,
    0xb, 0xf8, 0xfd, 0x88, 0x2e, 0xb0, 0x1, 0x71,
    0x20, 0xc, 0xff, 0xff, 0xf4, 0xe, 0xb0, 0x5e,
    0xf5, 0x0, 0x1, 0x0, 0xd9, 0x0, 0xe, 0xdb,
    0xfe, 0x50, 0x0, 0x0, 0x0, 0xd9, 0x1, 0xe,
    0xff, 0x81, 0x0, 0x0, 0x4, 0x69, 0xff, 0xf9,
    0xe, 0xd1, 0x0, 0x0, 0x0, 0x2f, 0xff, 0xfd,
    0x72, 0xe, 0xb0, 0x0, 0xb, 0x40, 0x6, 0x30,
    0xd9, 0x0, 0xe, 0xc0, 0x0, 0xf, 0x80, 0x0,
    0x0, 0xd9, 0x0, 0xd, 0xf8, 0x88, 0xaf, 0x50,
    0x0, 0x0, 0xd9, 0x0, 0x5, 0xef, 0xff, 0xfb,
    0x0,

    /* U+8F7B "轻" */
    0x0, 0x8, 0xb0, 0x0, 0x0, 0x0, 0x0, 0x0,
    0x0, 0x0, 0xdd, 0x0, 0x9, 0xff, 0xff, 0xff,
    0xc0, 0x1f, 0xff, 0xff, 0xfa, 0x48, 0x88, 0x8c,
    0xf7, 0x0, 0x8a, 0xf9, 0x88, 0x50, 0x0, 0x3,
    0xfb, 0x0, 0x0, 0x8e, 0x68, 0x0, 0x0, 0x4,
    0xfc, 0x0, 0x0, 0xd, 0x9a, 0xe0, 0x0, 0x9,
    0xff, 0xf8, 0x0, 0x3, 0xf3, 0xae, 0x1, 0x7e,
    0xf8, 0x4d, 0xfe, 0x50, 0xcf, 0xbe, 0xfb, 0x9f,
    0xd4, 0x0, 0x6, 0xf8, 0xb, 0xfe, 0xff, 0xe7,
    0x30, 0x0, 0x0, 0x2, 0x0, 0x0, 0xa, 0xe0,
    0x8, 0xff, 0xff, 0xff, 0xf2, 0x0, 0x0, 0xae,
    0x12, 0x47, 0x7c, 0xf8, 0x77, 0x10, 0x47, 0x9e,
    0xff, 0xa0, 0x0, 0x9f, 0x10, 0x0, 0x1f, 0xff,
    0xff, 0x62, 0x0, 0x9, 0xf1, 0x0, 0x0, 0x53,
    0xa, 0xe0, 0x0, 0x0, 0x9f, 0x10, 0x0, 0x0,
    0x0, 0xae, 0x4, 0x88, 0x8d, 0xf9, 0x88, 0x80,
    0x0, 0xa, 0xe0, 0x7f, 0xff, 0xff, 0xff, 0xfe,

    /* U+8F7D "载" */
    0x0, 0x0, 0xe, 0xb0, 0x0, 0x3f, 0x74, 0x90,
    0x0, 0x1, 0xff, 0xff, 0xff, 0xfb, 0x2f, 0x73,
    0xfb, 0x0, 0x0, 0x55, 0x5e, 0xc5, 0x54, 0x2f,
    0x70, 0x5f, 0x40, 0x2, 0x22, 0x2e, 0xb2, 0x22,
    0x4f, 0x92, 0x24, 0x20, 0xf, 0xff, 0xff, 0xff,
    0xff, 0xff, 0xff, 0xff, 0xf0, 0x2, 0x23, 0xdb,
    0x22, 0x22, 0x3f, 0xa2, 0x22, 0x20, 0x2, 0x35,
    0xfa, 0x33, 0x33, 0x1e, 0xa0, 0x4c, 0x20, 0xc,
    0xff, 0xff, 0xff, 0xff, 0x6d, 0xc0, 0xaf, 0x0,
    0x1, 0x4f, 0x83, 0xd6, 0x11, 0xb, 0xd1, 0xfa,
    0x0, 0x0, 0xbe, 0x24, 0xf7, 0x11, 0x9, 0xf7,
    0xf4, 0x0, 0x3, 0xff, 0xff, 0xff, 0xff, 0x16,
    0xff, 0xc0, 0x0, 0x0, 0x64, 0x46, 0xf8, 0x44,
    0x2, 0xff, 0x30, 0x0, 0x0, 0x12, 0x36, 0xfa,
    0x89, 0x43, 0xfd, 0x0, 0xd2, 0xc, 0xff, 0xff,
    0xfe, 0xca, 0x6e, 0xff, 0x42, 0xf2, 0x4, 0x43,
    0x23, 0xf6, 0x4, 0xed, 0x2e, 0xec, 0xf0, 0x0,
    0x0, 0x2, 0xf6, 0x8, 0xd1, 0x3, 0xdf, 0x60,
    0x0, 0x0, 0x0, 0x0, 0x0, 0x0, 0x0, 0x0,
    0x0,

    /* U+8F91 "辑" */
    0x0, 0x5, 0x50, 0x0, 0x0, 0x0, 0x0, 0x0,
    0x0, 0x0, 0xd, 0xd0, 0x0, 0x7f, 0xff, 0xff,
    0xff, 0x0, 0x2f, 0xff, 0xff, 0xf6, 0x7f, 0x43,
    0x33, 0xaf, 0x0, 0x18, 0xbf, 0x98, 0x83, 0x7f,
    0xdd, 0xdd, 0xef, 0x0, 0x0, 0x9e, 0x68, 0x0,
    0x1, 0x11, 0x11, 0x11, 0x0, 0x0, 0xe8, 0xad,
    0x6, 0xee, 0xee, 0xee, 0xee, 0xe1, 0x4, 0xf3,
    0xad, 0x3, 0xaf, 0x97, 0x77, 0xcf, 0x70, 0xc,
    0xfa, 0xef, 0xa2, 0x5f, 0x30, 0x0, 0xae, 0x0,
    0xc, 0xfe, 0xff, 0xe3, 0x5f, 0xff, 0xff, 0xfe,
    0x0, 0x0, 0x0, 0xad, 0x0, 0x5f, 0x53, 0x33,
    0xbe, 0x0, 0x0, 0x0, 0xad, 0x0, 0x5f, 0x64,
    0x44, 0xce, 0x0, 0x1, 0x36, 0xdf, 0xe9, 0x5f,
    0xfe, 0xee, 0xfe, 0x0, 0x2f, 0xff, 0xff, 0x83,
    0x5f, 0x30, 0x0, 0xae, 0x20, 0x5, 0x30, 0xad,
    0x7, 0xcf, 0xcd, 0xef, 0xff, 0xf3, 0x0, 0x0,
    0xad, 0x7, 0xa9, 0x86, 0x54, 0xbe, 0x0, 0x0,
    0x0, 0xad, 0x0, 0x0, 0x0, 0x0, 0xae, 0x0,
    0x0, 0x0, 0x0, 0x0, 0x0, 0x0, 0x0, 0x0,
    0x0,

    /* U+8FA8 "辨" */
    0x0, 0x0, 0x0, 0x0, 0x0, 0x0, 0x0, 0x0,
    0x0, 0x0, 0x5d, 0x10, 0x0, 0xe, 0x70, 0x1e,
    0x60, 0x0, 0x0, 0x2f, 0x80, 0x0, 0xe, 0x70,
    0xb, 0xd0, 0x0, 0xe, 0xef, 0xfe, 0x80, 0xe,
    0x7b, 0xff, 0xff, 0xf0, 0x8, 0xb7, 0x8b, 0x47,
    0x3e, 0x75, 0xa6, 0x6b, 0x80, 0x4, 0xf0, 0x4f,
    0x1c, 0x5e, 0x72, 0xf1, 0xe, 0x70, 0x1, 0xf3,
    0x8c, 0xd, 0x4e, 0x70, 0xe5, 0x2f, 0x20, 0x0,
    0xd4, 0xb8, 0xe, 0x3e, 0x70, 0xb5, 0x6e, 0x0,
    0x2f, 0xff, 0xff, 0xcf, 0x1f, 0x7e, 0xff, 0xff,
    0xf3, 0x5, 0x5f, 0xb5, 0x8f, 0xf, 0x66, 0x6d,
    0xf6, 0x61, 0x0, 0xf, 0x80, 0x3, 0x1f, 0x50,
    0xa, 0xe0, 0x0, 0xb, 0xbf, 0xeb, 0x60, 0x4f,
    0x23, 0x4c, 0xe4, 0x40, 0xa, 0xaf, 0xda, 0x50,
    0x9f, 0xb, 0xff, 0xff, 0xf0, 0x0, 0x4f, 0x50,
    0x1, 0xf8, 0x0, 0xb, 0xe0, 0x0, 0x0, 0x9f,
    0x10, 0x9, 0xf1, 0x0, 0xa, 0xe0, 0x0, 0x6,
    0xf7, 0x0, 0x8f, 0x60, 0x0, 0xa, 0xe0, 0x0,
    0x9, 0x90, 0x0, 0x77, 0x0, 0x0, 0xa, 0xe0,
    0x0, 0x0, 0x0, 0x0, 0x0, 0x0, 0x0, 0x0,
    0x0, 0x0,

    /* U+8FB9 "边" */
    0x0, 0x0, 0x0, 0x0, 0x0, 0x0, 0x0, 0x0,
    0x0, 0x2, 0xc5, 0x0, 0x0, 0x0, 0xfb, 0x0,
    0x0, 0x0, 0x1, 0xef, 0x40, 0x0, 0x1, 0xfb,
    0x0, 0x0, 0x0, 0x0, 0x2f, 0xf2, 0x0, 0x1,
    0xfa, 0x0, 0x0, 0x0, 0x0, 0x5, 0xc1, 0xdf,
    0xff, 0xff, 0xff, 0xff, 0x90, 0x0, 0x0, 0x0,
    0x89, 0x9b, 0xfc, 0x99, 0xaf, 0x80, 0x0, 0x0,
    0x0, 0x0, 0x6, 0xf5, 0x0, 0x3f, 0x80, 0x3f,
    0xff, 0xa0, 0x0, 0x8, 0xf3, 0x0, 0x3f, 0x70,
    0x29, 0x9f, 0xa0, 0x0, 0xd, 0xf0, 0x0, 0x4f,
    0x60, 0x0, 0xf, 0xa0, 0x0, 0x2f, 0xa0, 0x0,
    0x5f, 0x50, 0x0, 0xf, 0xa0, 0x0, 0xaf, 0x40,
    0x0, 0x7f, 0x40, 0x0, 0xf, 0xa0, 0x5, 0xfb,
    0x0, 0x0, 0x9f, 0x20, 0x0, 0xf, 0xa0, 0x6f,
    0xf1, 0x3, 0x23, 0xef, 0x0, 0x0, 0xf, 0xa2,
    0xfe, 0x20, 0xa, 0xff, 0xf9, 0x0, 0x3, 0xdf,
    0xf8, 0x51, 0x0, 0x2, 0x77, 0x50, 0x0, 0x4f,
    0xf6, 0x8f, 0xfd, 0xaa, 0x99, 0x9a, 0xab, 0xb4,
    0x1e, 0x50, 0x2, 0x8d, 0xff, 0xff, 0xff, 0xff,
    0xe1, 0x1, 0x0, 0x0, 0x0, 0x0, 0x11, 0x0,
    0x0, 0x0,

    /* U+8FBE "达" */
    0x1, 0x81, 0x0, 0x0, 0x0, 0xaf, 0x10, 0x0,
    0x0, 0x4, 0xfb, 0x0, 0x0, 0x0, 0xaf, 0x0,
    0x0, 0x0, 0x0, 0x8f, 0x60, 0x0, 0x0, 0xbf,
    0x0, 0x0, 0x0, 0x0, 0xe, 0xd0, 0xaa, 0xaa,
    0xef, 0xaa, 0xaa, 0x90, 0x0, 0x3, 0x0, 0xff,
    0xff, 0xff, 0xff, 0xff, 0xe0, 0x0, 0x0, 0x0,
    0x0, 0x0, 0xfb, 0x0, 0x0, 0x0, 0x9, 0x99,
    0x80, 0x0, 0x3, 0xfe, 0x10, 0x0, 0x0, 0x1f,
    0xff, 0xe0, 0x0, 0x8, 0xff, 0xd1, 0x0, 0x0,
    0x0, 0xc, 0xe0, 0x0, 0xe, 0xe4, 0xfd, 0x10,
    0x0, 0x0, 0xb, 0xe0, 0x0, 0x9f, 0x70, 0x5f,
    0xd1, 0x0, 0x0, 0xb, 0xe0, 0x7, 0xfd, 0x0,
    0x6, 0xfc, 0x0, 0x0, 0xb, 0xe1, 0xbf, 0xe2,
    0x0, 0x0, 0x9f, 0x90, 0x0, 0x1d, 0xf1, 0xbb,
    0x10, 0x0, 0x0, 0xb, 0x50, 0x2, 0xef, 0xfd,
    0x50, 0x0, 0x0, 0x0, 0x0, 0x0, 0x1e, 0xf3,
    0x2c, 0xfe, 0xa9, 0x88, 0x9a, 0xac, 0xe3, 0xb,
    0x60, 0x0, 0x4a, 0xef, 0xff, 0xff, 0xfe, 0xd0,
    0x1, 0x0, 0x0, 0x0, 0x0, 0x0, 0x0, 0x0,
    0x0,

    /* U+8FC1 "迁" */
    0x0, 0x40, 0x0, 0x0, 0x0, 0x0, 0x25, 0xa3,
    0x0, 0x7, 0xf7, 0x0, 0x35, 0x79, 0xce, 0xff,
    0xe9, 0x0, 0x0, 0xaf, 0x70, 0xaf, 0xed, 0xef,
    0x62, 0x0, 0x0, 0x0, 0xc, 0xe0, 0x0, 0x0,
    0x8f, 0x10, 0x0, 0x0, 0x0, 0x1, 0x10, 0x0,
    0x0, 0x8f, 0x10, 0x0, 0x0, 0x0, 0x0, 0x0,
    0x0, 0x0, 0x8f, 0x10, 0x0, 0x0, 0x0, 0x0,
    0x3, 0xdd, 0xdd, 0xef, 0xdd, 0xdd, 0xd0, 0xf,
    0xff, 0xe2, 0xbb, 0xbb, 0xdf, 0xbb, 0xbb, 0xb0,
    0x7, 0x7d, 0xe0, 0x0, 0x0, 0x8f, 0x10, 0x0,
    0x0, 0x0, 0xb, 0xe0, 0x0, 0x0, 0x8f, 0x10,
    0x0, 0x0, 0x0, 0xb, 0xe0, 0x0, 0x0, 0x8f,
    0x10, 0x0, 0x0, 0x0, 0xb, 0xe0, 0x0, 0x0,
    0x8f, 0x10, 0x0, 0x0, 0x0, 0xb, 0xe0, 0x0,
    0x0, 0x8f, 0x10, 0x0, 0x0, 0x0, 0x9f, 0xf9,
    0x10, 0x0, 0x8f, 0x10, 0x0, 0x0, 0xc, 0xf7,
    0x5e, 0xfc, 0x98, 0x77, 0x78, 0x89, 0xb2, 0xb,
    0x70, 0x0, 0x6b, 0xef, 0xff, 0xff, 0xfe, 0xd0,
    0x1, 0x0, 0x0, 0x0, 0x0, 0x0, 0x0, 0x0,
    0x0,

    /* U+8FC7 "过" */
    0x0, 0x50, 0x0, 0x0, 0x0, 0x0, 0x2f, 0x80,
    0x0, 0x4, 0xfb, 0x0, 0x0, 0x0, 0x0, 0x2f,
    0x80, 0x0, 0x0, 0x7f, 0xa0, 0x0, 0x0, 0x0,
    0x2f, 0x80, 0x0, 0x0, 0xa, 0xe2, 0xef, 0xff,
    0xff, 0xff, 0xff, 0xd0, 0x0, 0x0, 0x10, 0x99,
    0x99, 0x99, 0xaf, 0xd9, 0x80, 0x0, 0x0, 0x0,
    0x0, 0x0, 0x0, 0x2f, 0x80, 0x0, 0x8, 0x88,
    0x70, 0xd, 0xb0, 0x0, 0x2f, 0x80, 0x0, 0xf,
    0xff, 0xe0, 0x7, 0xf8, 0x0, 0x2f, 0x80, 0x0,
    0x0, 0xb, 0xe0, 0x0, 0xbf, 0x30, 0x2f, 0x80,
    0x0, 0x0, 0xb, 0xe0, 0x0, 0x2d, 0x30, 0x2f,
    0x80, 0x0, 0x0, 0xb, 0xe0, 0x0, 0x0, 0x0,
    0x2f, 0x80, 0x0, 0x0, 0xb, 0xe0, 0x0, 0x3,
    0x77, 0x9f, 0x70, 0x0, 0x0, 0x2d, 0xf2, 0x0,
    0x2, 0xff, 0xfd, 0x20, 0x0, 0x5, 0xff, 0xff,
    0x94, 0x0, 0x22, 0x10, 0x1, 0x21, 0x1f, 0xe2,
    0x19, 0xff, 0xff, 0xee, 0xef, 0xff, 0xf2, 0x8,
    0x40, 0x0, 0x16, 0x9a, 0xbb, 0xbb, 0xaa, 0x80,
    0x0, 0x0, 0x0, 0x0, 0x0, 0x0, 0x0, 0x0,
    0x0,

    /* U+8FD0 "运" */
    0x0, 0x0, 0x0, 0x0, 0x0, 0x0, 0x0, 0x0,
    0x0, 0x7, 0xe5, 0x0, 0x1f, 0xff, 0xff, 0xff,
    0xfe, 0x0, 0x2, 0xdf, 0x90, 0x18, 0x88, 0x88,
    0x88, 0x88, 0x0, 0x0, 0xa, 0xe2, 0x0, 0x0,
    0x0, 0x0, 0x0, 0x0, 0x0, 0x0, 0x10, 0x0,
    0x0, 0x0, 0x0, 0x0, 0x0, 0x0, 0x0, 0x5,
    0xff, 0xff, 0xff, 0xff, 0xff, 0xf2, 0x4f, 0xff,
    0xa2, 0x77, 0x8f, 0xf8, 0x77, 0x77, 0x71, 0x29,
    0x9f, 0xb0, 0x0, 0x5f, 0x90, 0x4b, 0x0, 0x0,
    0x0, 0xe, 0xb0, 0x0, 0xdf, 0x20, 0x4f, 0x80,
    0x0, 0x0, 0xe, 0xb0, 0x5, 0xf8, 0x0, 0xb,
    0xf2, 0x0, 0x0, 0xe, 0xb0, 0x1e, 0xe3, 0x45,
    0x6a, 0xfb, 0x0, 0x0, 0xe, 0xb0, 0x9f, 0xff,
    0xff, 0xff, 0xff, 0x40, 0x0, 0xe, 0xb0, 0x3a,
    0x86, 0x43, 0x10, 0x1f, 0x80, 0x1, 0xaf, 0xfa,
    0x30, 0x0, 0x0, 0x0, 0x1, 0x0, 0x2e, 0xf9,
    0x7e, 0xfe, 0xba, 0x99, 0x9a, 0xab, 0xb3, 0xc,
    0x70, 0x1, 0x6b, 0xef, 0xff, 0xff, 0xff, 0xe0,
    0x1, 0x0, 0x0, 0x0, 0x0, 0x0, 0x0, 0x0,
    0x0,

    /* U+8FD1 "近" */
    0x0, 0x71, 0x0, 0x0, 0x1, 0x34, 0x68, 0xcc,
    0x10, 0x3, 0xfc, 0x10, 0x9, 0xff, 0xff, 0xff,
    0xc8, 0x30, 0x0, 0x5f, 0xb0, 0x9, 0xf6, 0x43,
    0x10, 0x0, 0x0, 0x0, 0x8, 0xe2, 0x9, 0xf1,
    0x0, 0x0, 0x0, 0x0, 0x0, 0x0, 0x10, 0xa,
    0xf1, 0x0, 0x0, 0x0, 0x0, 0x0, 0x0, 0x0,
    0xa, 0xfe, 0xee, 0xee, 0xee, 0xe1, 0xa, 0xaa,
    0xa0, 0xb, 0xfa, 0x99, 0xef, 0x99, 0x90, 0xe,
    0xff, 0xe0, 0xc, 0xe0, 0x0, 0xaf, 0x0, 0x0,
    0x0, 0xb, 0xe0, 0xd, 0xc0, 0x0, 0xaf, 0x0,
    0x0, 0x0, 0xb, 0xe0, 0x1f, 0xa0, 0x0, 0xaf,
    0x0, 0x0, 0x0, 0xb, 0xe0, 0x5f, 0x70, 0x0,
    0xaf, 0x0, 0x0, 0x0, 0xb, 0xe0, 0xbf, 0x20,
    0x0, 0xaf, 0x0, 0x0, 0x0, 0xc, 0xe1, 0xeb,
    0x0, 0x0, 0xaf, 0x0, 0x0, 0x2, 0xdf, 0xfc,
    0x52, 0x0, 0x0, 0x46, 0x0, 0x0, 0x1e, 0xf4,
    0x3d, 0xfe, 0xa9, 0x88, 0x99, 0xab, 0xd3, 0xb,
    0x70, 0x0, 0x5a, 0xef, 0xff, 0xff, 0xfe, 0xd0,
    0x0, 0x0, 0x0, 0x0, 0x0, 0x0, 0x0, 0x0,
    0x0,

    /* U+8FD8 "还" */
    0x1, 0xb4, 0x0, 0x0, 0x0, 0x0, 0x0, 0x0,
    0x0, 0x2, 0xef, 0x30, 0xff, 0xff, 0xff, 0xff,
    0xff, 0xb0, 0x0, 0x2f, 0xe3, 0xaa, 0xaa, 0xbf,
    0xea, 0xaa, 0x70, 0x0, 0x5, 0xc2, 0x0, 0x0,
    0x8f, 0x70, 0x0, 0x0, 0x0, 0x0, 0x0, 0x0,
    0x2, 0xff, 0x0, 0x0, 0x0, 0x0, 0x0, 0x0,
    0x0, 0xd, 0xfe, 0x3, 0x0, 0x0, 0x3f, 0xff,
    0xa0, 0x0, 0xbf, 0xfe, 0x9f, 0x40, 0x0, 0x29,
    0x9f, 0xa0, 0xb, 0xfb, 0xde, 0x2e, 0xf4, 0x0,
    0x0, 0xf, 0xa2, 0xcf, 0xb0, 0xce, 0x2, 0xef,
    0x40, 0x0, 0xf, 0xaa, 0xfa, 0x0, 0xce, 0x0,
    0x2f, 0xc0, 0x0, 0xf, 0xa0, 0x50, 0x0, 0xce,
    0x0, 0x3, 0x10, 0x0, 0xf, 0xa0, 0x0, 0x0,
    0xce, 0x0, 0x0, 0x0, 0x0, 0x1f, 0xa0, 0x0,
    0x0, 0xce, 0x0, 0x0, 0x0, 0x4, 0xef, 0xfa,
    0x30, 0x0, 0x79, 0x0, 0x0, 0x0, 0x4f, 0xf6,
    0x8f, 0xfe, 0xba, 0x99, 0xaa, 0xab, 0xc4, 0x1e,
    0x50, 0x2, 0x7c, 0xff, 0xff, 0xff, 0xff, 0xe1,
    0x1, 0x0, 0x0, 0x0, 0x0, 0x0, 0x0, 0x0,
    0x0,

    /* U+8FD9 "这" */
    0x0, 0x0, 0x0, 0x0, 0x0, 0x20, 0x0, 0x0,
    0x0, 0x0, 0x30, 0x0, 0x0, 0x8, 0xf4, 0x0,
    0x0, 0x0, 0xb, 0xf5, 0x0, 0x0, 0x2, 0xfc,
    0x0, 0x0, 0x0, 0x1, 0xdf, 0x45, 0x88, 0x88,
    0xef, 0x88, 0x88, 0x70, 0x0, 0x2f, 0x8b, 0xff,
    0xff, 0xff, 0xff, 0xff, 0xe0, 0x0, 0x1, 0x0,
    0x11, 0x0, 0x0, 0x4f, 0x80, 0x0, 0x0, 0x0,
    0x0, 0xbc, 0x20, 0x0, 0xaf, 0x10, 0x0, 0x7,
    0x77, 0x50, 0x5e, 0xf6, 0x2, 0xfb, 0x0, 0x0,
    0x1f, 0xff, 0xa0, 0x1, 0xcf, 0xac, 0xf2, 0x0,
    0x0, 0x0, 0xe, 0xa0, 0x0, 0x8, 0xff, 0x90,
    0x0, 0x0, 0x0, 0xe, 0xa0, 0x0, 0x9, 0xff,
    0xf6, 0x0, 0x0, 0x0, 0xe, 0xa0, 0x3, 0xdf,
    0xa2, 0xdf, 0x90, 0x0, 0x0, 0xe, 0xa4, 0xcf,
    0xf7, 0x0, 0x1b, 0xfb, 0x0, 0x0, 0xe, 0xb4,
    0xf9, 0x20, 0x0, 0x0, 0xab, 0x0, 0x2, 0xcf,
    0xfa, 0x40, 0x0, 0x0, 0x0, 0x0, 0x0, 0x2e,
    0xf7, 0x7f, 0xfe, 0xba, 0x99, 0xaa, 0xbd, 0xf1,
    0xc, 0x70, 0x1, 0x7c, 0xff, 0xff, 0xff, 0xff,
    0xc0, 0x1, 0x0, 0x0, 0x0, 0x0, 0x11, 0x10,
    0x0, 0x0,

    /* U+8FDB "进" */
    0x0, 0x0, 0x0, 0x0, 0x0, 0x0, 0x0, 0x0,
    0x0, 0x3, 0xe6, 0x0, 0x0, 0x6f, 0x30, 0x2f,
    0x70, 0x0, 0x0, 0x8f, 0x80, 0x0, 0x6f, 0x30,
    0x2f, 0x70, 0x0, 0x0, 0x7, 0xe2, 0xcf, 0xff,
    0xff, 0xff, 0xff, 0xa0, 0x0, 0x0, 0x0, 0x8a,
    0xcf, 0xba, 0xbf, 0xda, 0x60, 0x0, 0x0, 0x0,
    0x0, 0x6f, 0x30, 0x2f, 0x70, 0x0, 0xb, 0xbb,
    0xa0, 0x0, 0x6f, 0x30, 0x2f, 0x70, 0x0, 0xc,
    0xcf, 0xe0, 0x88, 0xcf, 0xa8, 0xaf, 0xc8, 0x80,
    0x0, 0xb, 0xe0, 0xef, 0xff, 0xff, 0xff, 0xff,
    0xf0, 0x0, 0xb, 0xe0, 0x0, 0xde, 0x0, 0x3f,
    0x70, 0x0, 0x0, 0xb, 0xe0, 0x2, 0xf9, 0x0,
    0x2f, 0x70, 0x0, 0x0, 0xb, 0xe0, 0x9, 0xf4,
    0x0, 0x2f, 0x70, 0x0, 0x0, 0xb, 0xe0, 0x5f,
    0xc0, 0x0, 0x2f, 0x70, 0x0, 0x0, 0x6e, 0xf5,
    0x3d, 0x20, 0x0, 0x2f, 0x70, 0x0, 0x1c, 0xf5,
    0x3d, 0xfc, 0x99, 0x88, 0x9b, 0xbb, 0xc3, 0xb,
    0x70, 0x0, 0x5b, 0xef, 0xff, 0xff, 0xff, 0xd0,
    0x1, 0x0, 0x0, 0x0, 0x0, 0x0, 0x0, 0x0,
    0x0,

    /* U+8FDE "连" */
    0x0, 0x0, 0x0, 0x0, 0x0, 0x0, 0x0, 0x0,
    0x0, 0x1, 0xb3, 0x0, 0x0, 0xe, 0xb0, 0x0,
    0x0, 0x0, 0x1, 0xee, 0x10, 0x44, 0x6f, 0xc4,
    0x44, 0x44, 0x20, 0x0, 0x3f, 0xc1, 0xff, 0xff,
    0xff, 0xff, 0xff, 0xa0, 0x0, 0x8, 0xc1, 0x23,
    0xfc, 0x22, 0x22, 0x22, 0x10, 0x0, 0x0, 0x0,
    0x7, 0xf4, 0xe, 0xd0, 0x0, 0x0, 0x1, 0x11,
    0x10, 0x1f, 0xc0, 0xe, 0xd0, 0x0, 0x0, 0x2f,
    0xff, 0xa0, 0x9f, 0xff, 0xff, 0xff, 0xff, 0x10,
    0x16, 0x6f, 0xa0, 0x4a, 0x88, 0x8f, 0xe8, 0x88,
    0x0, 0x0, 0xe, 0xa0, 0x0, 0x0, 0xe, 0xd0,
    0x0, 0x0, 0x0, 0xe, 0xa1, 0x66, 0x66, 0x6f,
    0xe6, 0x66, 0x50, 0x0, 0xe, 0xa3, 0xff, 0xff,
    0xff, 0xff, 0xff, 0xe0, 0x0, 0xe, 0xa0, 0x22,
    0x22, 0x2e, 0xd2, 0x22, 0x20, 0x0, 0xf, 0xa0,
    0x0, 0x0, 0xe, 0xd0, 0x0, 0x0, 0x4, 0xef,
    0xf9, 0x30, 0x0, 0xe, 0xd0, 0x0, 0x0, 0x3f,
    0xf5, 0x7f, 0xfe, 0xba, 0x9b, 0xca, 0xbb, 0xc5,
    0xd, 0x50, 0x1, 0x7c, 0xff, 0xff, 0xff, 0xff,
    0xe2, 0x1, 0x0, 0x0, 0x0, 0x0, 0x0, 0x0,
    0x0, 0x0,

    /* U+8FF7 "迷" */
    0x3, 0xc1, 0x0, 0x2, 0x0, 0xaf, 0x0, 0x12,
    0x0, 0x3, 0xfd, 0x10, 0xbe, 0x0, 0xaf, 0x0,
    0x8f, 0x40, 0x0, 0x5f, 0xb0, 0x4f, 0x70, 0xaf,
    0x0, 0xec, 0x0, 0x0, 0x9, 0xb0, 0xd, 0xd0,
    0xaf, 0x7, 0xf4, 0x0, 0x0, 0x0, 0x0, 0x5,
    0x60, 0xaf, 0x5, 0x80, 0x0, 0x0, 0x0, 0x3,
    0x77, 0x77, 0xdf, 0x77, 0x77, 0x50, 0x2f, 0xff,
    0xa6, 0xff, 0xff, 0xff, 0xff, 0xff, 0xb0, 0x17,
    0x7f, 0xa0, 0x0, 0x1d, 0xff, 0xf5, 0x0, 0x0,
    0x0, 0xe, 0xa0, 0x0, 0xaf, 0xdf, 0xcf, 0x40,
    0x0, 0x0, 0xe, 0xa0, 0x6, 0xf7, 0xaf, 0x1c,
    0xf4, 0x0, 0x0, 0xe, 0xa0, 0x6f, 0xb0, 0xaf,
    0x1, 0xdf, 0x40, 0x0, 0xe, 0xa6, 0xfc, 0x0,
    0xaf, 0x0, 0x1e, 0xc0, 0x0, 0x1f, 0xa0, 0x90,
    0x0, 0xaf, 0x0, 0x2, 0x10, 0x4, 0xef, 0xfa,
    0x30, 0x0, 0x7a, 0x0, 0x0, 0x0, 0x4f, 0xf6,
    0x8f, 0xfe, 0xba, 0x99, 0xaa, 0xab, 0xc4, 0x1e,
    0x50, 0x2, 0x7c, 0xff, 0xff, 0xff, 0xff, 0xe1,
    0x1, 0x0, 0x0, 0x0, 0x0, 0x0, 0x0, 0x0,
    0x0,

    /* U+9002 "适" */
    0x0, 0x0, 0x0, 0x0, 0x0, 0x0, 0x0, 0x0,
    0x0, 0x1, 0x50, 0x0, 0x0, 0x13, 0x46, 0x9b,
    0xf9, 0x0, 0xa, 0xf8, 0x0, 0x8f, 0xff, 0xff,
    0xec, 0x95, 0x0, 0x0, 0xbf, 0x60, 0x26, 0x43,
    0x8f, 0x30, 0x0, 0x0, 0x0, 0xd, 0x90, 0x0,
    0x0, 0x7f, 0x30, 0x0, 0x0, 0x0, 0x1, 0x6,
    0xff, 0xff, 0xff, 0xff, 0xff, 0xf1, 0x0, 0x0,
    0x3, 0x88, 0x88, 0xbf, 0x98, 0x88, 0x80, 0x3c,
    0xcc, 0x80, 0x0, 0x0, 0x7f, 0x30, 0x0, 0x0,
    0x3c, 0xcf, 0xa0, 0x5, 0x55, 0xaf, 0x75, 0x54,
    0x0, 0x0, 0xf, 0xa0, 0x1f, 0xff, 0xff, 0xff,
    0xfe, 0x0, 0x0, 0xf, 0xa0, 0x1f, 0x80, 0x0,
    0x0, 0xce, 0x0, 0x0, 0xf, 0xa0, 0x1f, 0x80,
    0x0, 0x0, 0xce, 0x0, 0x0, 0xf, 0xa0, 0x1f,
    0xb6, 0x66, 0x66, 0xde, 0x0, 0x0, 0xf, 0xa0,
    0x1f, 0xff, 0xff, 0xff, 0xfd, 0x0, 0x0, 0x9f,
    0xfa, 0x20, 0x0, 0x0, 0x0, 0x0, 0x0, 0x1c,
    0xf7, 0x5d, 0xfd, 0x98, 0x77, 0x78, 0x9a, 0xc1,
    0xd, 0x60, 0x0, 0x5a, 0xef, 0xff, 0xff, 0xfe,
    0xc0, 0x1, 0x0, 0x0, 0x0, 0x0, 0x0, 0x0,
    0x0, 0x0,

    /* U+9009 "选" */
    0x1, 0x50, 0x0, 0x2, 0x71, 0x4f, 0x50, 0x0,
    0x0, 0xa, 0xf8, 0x0, 0x9, 0xf2, 0x4f, 0x50,
    0x0, 0x0, 0x0, 0xaf, 0x70, 0xe, 0xfe, 0xff,
    0xfe, 0xee, 0x40, 0x0, 0xc, 0xb0, 0x9f, 0x87,
    0xaf, 0xa7, 0x77, 0x20, 0x0, 0x0, 0x1, 0xfa,
    0x0, 0x4f, 0x50, 0x0, 0x0, 0x0, 0x0, 0x0,
    0x21, 0x0, 0x4f, 0x50, 0x0, 0x0, 0x0, 0x0,
    0x3, 0xcc, 0xcc, 0xdf, 0xdc, 0xcc, 0xc0, 0xf,
    0xff, 0xa2, 0xbb, 0xcf, 0xeb, 0xfe, 0xbb, 0xb0,
    0x7, 0x7f, 0xa0, 0x0, 0x5f, 0x60, 0xeb, 0x0,
    0x0, 0x0, 0xe, 0xa0, 0x0, 0x9f, 0x20, 0xeb,
    0x0, 0x0, 0x0, 0xe, 0xa0, 0x2, 0xfc, 0x0,
    0xeb, 0x4, 0xb1, 0x0, 0xe, 0xa0, 0x4e, 0xf3,
    0x0, 0xec, 0x6, 0xf2, 0x0, 0xe, 0xa6, 0xfe,
    0x40, 0x0, 0xcf, 0xff, 0xe0, 0x0, 0x2f, 0xf9,
    0x81, 0x0, 0x0, 0x27, 0x77, 0x20, 0x8, 0xff,
    0xbf, 0xfd, 0x98, 0x87, 0x88, 0x88, 0x71, 0xb,
    0xc1, 0x1, 0x7c, 0xff, 0xff, 0xff, 0xff, 0xe0,
    0x1, 0x0, 0x0, 0x0, 0x0, 0x11, 0x10, 0x0,
    0x0,

    /* U+900F "透" */
    0x0, 0x40, 0x0, 0x0, 0x12, 0x34, 0x68, 0xa6,
    0x0, 0xa, 0xf7, 0x0, 0xaf, 0xff, 0xff, 0xec,
    0xa7, 0x0, 0x0, 0xcf, 0x70, 0x13, 0x21, 0x8f,
    0x10, 0x0, 0x0, 0x0, 0xd, 0xa5, 0xff, 0xff,
    0xff, 0xff, 0xff, 0xf0, 0x0, 0x1, 0x1, 0x55,
    0x5d, 0xff, 0xf9, 0x55, 0x50, 0x0, 0x0, 0x0,
    0x3, 0xde, 0xaf, 0x8f, 0x91, 0x0, 0x6, 0x66,
    0x44, 0xbf, 0xc2, 0x7f, 0x14, 0xef, 0xa1, 0xf,
    0xff, 0xa6, 0xdd, 0x77, 0x8a, 0x76, 0x7, 0xa0,
    0x2, 0x2e, 0xa0, 0xc, 0xcf, 0xec, 0xfb, 0x0,
    0x0, 0x0, 0xe, 0xa0, 0x0, 0x3f, 0x50, 0xef,
    0xff, 0x70, 0x0, 0xe, 0xa0, 0x0, 0x9f, 0x10,
    0x44, 0x5f, 0x60, 0x0, 0xe, 0xa0, 0x4, 0xf9,
    0x0, 0x0, 0x4f, 0x40, 0x0, 0xe, 0xa1, 0x9f,
    0xc0, 0x0, 0x76, 0xbf, 0x10, 0x0, 0x1f, 0xe9,
    0xe7, 0x0, 0x0, 0x9d, 0xc6, 0x0, 0x8, 0xfd,
    0x8d, 0xfc, 0x98, 0x87, 0x88, 0x99, 0x92, 0xb,
    0xb0, 0x0, 0x6b, 0xef, 0xff, 0xff, 0xff, 0xe0,
    0x1, 0x0, 0x0, 0x0, 0x0, 0x11, 0x10, 0x0,
    0x0,

    /* U+901F "速" */
    0x0, 0x20, 0x0, 0x0, 0x0, 0x9f, 0x0, 0x0,
    0x0, 0x8, 0xf6, 0x1, 0x55, 0x55, 0xbf, 0x65,
    0x55, 0x40, 0x0, 0xbf, 0x73, 0xff, 0xff, 0xff,
    0xff, 0xff, 0xc0, 0x0, 0xc, 0xd1, 0x0, 0x0,
    0x9f, 0x10, 0x0, 0x0, 0x0, 0x1, 0x0, 0x8e,
    0xee, 0xff, 0xee, 0xee, 0x10, 0x0, 0x0, 0x0,
    0x9f, 0x66, 0xcf, 0x66, 0xbf, 0x10, 0x1d, 0xdd,
    0xc0, 0x9e, 0x0, 0x9f, 0x0, 0x8f, 0x10, 0x1e,
    0xef, 0xe0, 0x9f, 0x55, 0xbf, 0x65, 0xbf, 0x10,
    0x0, 0xa, 0xe0, 0x9f, 0xff, 0xff, 0xff, 0xff,
    0x10, 0x0, 0xa, 0xe0, 0x0, 0xc, 0xff, 0xf5,
    0x0, 0x0, 0x0, 0xa, 0xe0, 0x0, 0xce, 0xcf,
    0xaf, 0xa0, 0x0, 0x0, 0xa, 0xe0, 0x5e, 0xf3,
    0x9f, 0x6, 0xfc, 0x10, 0x0, 0xa, 0xe3, 0xfd,
    0x30, 0x9f, 0x0, 0x4e, 0x40, 0x0, 0x6e, 0xf9,
    0x60, 0x0, 0x9f, 0x0, 0x0, 0x0, 0x1b, 0xf9,
    0x6d, 0xfc, 0x98, 0x77, 0x78, 0x89, 0xb0, 0xc,
    0x70, 0x0, 0x5a, 0xef, 0xff, 0xff, 0xfe, 0xb0,
    0x1, 0x0, 0x0, 0x0, 0x0, 0x0, 0x0, 0x0,
    0x0,

    /* U+903B "逻" */
    0x0, 0x0, 0x0, 0x0, 0x0, 0x0, 0x0, 0x0,
    0x0, 0x2, 0xd7, 0x0, 0x7f, 0xff, 0xff, 0xff,
    0xff, 0x80, 0x0, 0xaf, 0x80, 0x7f, 0x58, 0xe5,
    0xe7, 0x5f, 0x80, 0x0, 0x9, 0xf2, 0x7e, 0x5,
    0xd0, 0xe4, 0xe, 0x80, 0x0, 0x0, 0x10, 0x7f,
    0xff, 0xff, 0xff, 0xff, 0x80, 0x1, 0x11, 0x10,
    0x24, 0x49, 0xf6, 0x44, 0x44, 0x20, 0xf, 0xff,
    0xe0, 0x0, 0x2f, 0xf5, 0x55, 0x52, 0x0, 0x6,
    0x6d, 0xe0, 0x2, 0xdf, 0xff, 0xff, 0xfb, 0x0,
    0x0, 0xa, 0xe0, 0x6f, 0xf5, 0x0, 0x9, 0xf3,
    0x0, 0x0, 0xa, 0xe0, 0xbd, 0x4d, 0xb0, 0x5f,
    0xa0, 0x0, 0x0, 0xa, 0xe0, 0x0, 0x5, 0xfd,
    0xfb, 0x0, 0x0, 0x0, 0xa, 0xe0, 0x0, 0x2,
    0xbf, 0xa0, 0x0, 0x0, 0x0, 0xc, 0xe0, 0x27,
    0xbf, 0xd5, 0x0, 0x0, 0x0, 0x2, 0xdf, 0xfa,
    0x6f, 0xb5, 0x0, 0x0, 0x0, 0x0, 0x2e, 0xf5,
    0x6f, 0xfe, 0xa9, 0x88, 0x99, 0xab, 0xc2, 0xd,
    0x60, 0x1, 0x7c, 0xff, 0xff, 0xff, 0xff, 0xd0,
    0x1, 0x0, 0x0, 0x0, 0x0, 0x11, 0x0, 0x0,
    0x0,

    /* U+9053 "道" */
    0x0, 0x0, 0x0, 0x0, 0x20, 0x0, 0x1, 0x0,
    0x0, 0x0, 0x50, 0x0, 0x6, 0xf5, 0x0, 0xe,
    0xc0, 0x0, 0x9, 0xf6, 0x0, 0x0, 0xdc, 0x0,
    0x7f, 0x40, 0x0, 0x0, 0xcf, 0x45, 0xff, 0xff,
    0xff, 0xff, 0xff, 0xf0, 0x0, 0x1e, 0xb2, 0x66,
    0x66, 0xee, 0x66, 0x66, 0x60, 0x0, 0x2, 0x0,
    0x2, 0x23, 0xfa, 0x22, 0x21, 0x0, 0x0, 0x0,
    0x0, 0x1f, 0xff, 0xff, 0xff, 0xf9, 0x0, 0xc,
    0xcc, 0xb0, 0x1f, 0x81, 0x11, 0x11, 0xf9, 0x0,
    0x9, 0x9d, 0xe0, 0x1f, 0xfe, 0xee, 0xee, 0xf9,
    0x0, 0x0, 0xa, 0xe0, 0x1f, 0x93, 0x33, 0x34,
    0xf9, 0x0, 0x0, 0xa, 0xe0, 0x1f, 0x92, 0x22,
    0x23, 0xf9, 0x0, 0x0, 0xa, 0xe0, 0x1f, 0xff,
    0xff, 0xff, 0xf9, 0x0, 0x0, 0xa, 0xe0, 0x1f,
    0x70, 0x0, 0x0, 0xf9, 0x0, 0x0, 0xa, 0xe0,
    0x1f, 0xff, 0xff, 0xff, 0xf9, 0x0, 0x0, 0x8f,
    0xfa, 0x24, 0x44, 0x44, 0x44, 0x42, 0x0, 0xb,
    0xf9, 0x6d, 0xfc, 0x97, 0x76, 0x77, 0x89, 0xa2,
    0xc, 0x80, 0x0, 0x5a, 0xef, 0xff, 0xff, 0xfe,
    0xd0, 0x1, 0x0, 0x0, 0x0, 0x0, 0x0, 0x0,
    0x0, 0x0,

    /* U+90E8 "部" */
    0x0, 0x0, 0x6d, 0x10, 0x0, 0x0, 0x0, 0x0,
    0x0, 0x0, 0x0, 0x4f, 0x80, 0x0, 0xd, 0xff,
    0xff, 0xc0, 0x9, 0xff, 0xff, 0xff, 0xfe, 0xd,
    0xc8, 0x8f, 0xc0, 0x4, 0x8d, 0x76, 0x6b, 0xc6,
    0xd, 0x90, 0x3f, 0x50, 0x0, 0x5f, 0x50, 0xc,
    0xe0, 0xd, 0x90, 0x9e, 0x0, 0x0, 0xe, 0xb0,
    0x2f, 0x80, 0xd, 0x90, 0xe9, 0x0, 0x0, 0xa,
    0xb0, 0x8f, 0x20, 0xd, 0x95, 0xf2, 0x0, 0xf,
    0xff, 0xff, 0xff, 0xff, 0x5d, 0x94, 0xf6, 0x0,
    0x7, 0x77, 0x77, 0x77, 0x77, 0x2d, 0x90, 0x8f,
    0x20, 0x0, 0x77, 0x77, 0x77, 0x73, 0xd, 0x90,
    0xf, 0x80, 0x1, 0xff, 0xff, 0xff, 0xf8, 0xd,
    0x90, 0xc, 0xb0, 0x1, 0xf7, 0x0, 0x2, 0xf8,
    0xd, 0x90, 0xc, 0xc0, 0x1, 0xf7, 0x0, 0x1,
    0xf8, 0xd, 0x9b, 0xdf, 0x90, 0x1, 0xf7, 0x0,
    0x1, 0xf8, 0xd, 0x9a, 0xea, 0x10, 0x1, 0xff,
    0xff, 0xff, 0xf8, 0xd, 0x90, 0x0, 0x0, 0x1,
    0xfb, 0x77, 0x78, 0xd7, 0xd, 0x90, 0x0, 0x0,
    0x0, 0x0, 0x0, 0x0, 0x0, 0x0, 0x0, 0x0,
    0x0,

    /* U+91CC "里" */
    0x3, 0xff, 0xff, 0xff, 0xff, 0xff, 0xff, 0x70,
    0x0, 0x3f, 0xb7, 0x77, 0xdf, 0x77, 0x79, 0xf7,
    0x0, 0x3, 0xf7, 0x0, 0xb, 0xe0, 0x0, 0x3f,
    0x70, 0x0, 0x3f, 0xff, 0xff, 0xff, 0xff, 0xff,
    0xf7, 0x0, 0x3, 0xfa, 0x55, 0x5c, 0xe5, 0x55,
    0x7f, 0x70, 0x0, 0x3f, 0x70, 0x0, 0xbe, 0x0,
    0x3, 0xf7, 0x0, 0x3, 0xfc, 0x88, 0x8d, 0xf8,
    0x88, 0xaf, 0x70, 0x0, 0x3f, 0xff, 0xff, 0xff,
    0xff, 0xff, 0xf7, 0x0, 0x0, 0x0, 0x0, 0xc,
    0xf0, 0x0, 0x0, 0x0, 0x0, 0x67, 0x77, 0x77,
    0xef, 0x77, 0x77, 0x77, 0x0, 0xc, 0xff, 0xff,
    0xff, 0xff, 0xff, 0xff, 0xf1, 0x0, 0x0, 0x0,
    0x0, 0xdf, 0x0, 0x0, 0x0, 0x0, 0x0, 0x0,
    0x0, 0xc, 0xf0, 0x0, 0x0, 0x0, 0x9, 0x99,
    0x99, 0x99, 0xef, 0x99, 0x99, 0x99, 0x90, 0xef,
    0xff, 0xff, 0xff, 0xff, 0xff, 0xff, 0xff, 0x0,

    /* U+91CD "重" */
    0x0, 0x0, 0x0, 0x0, 0x12, 0x35, 0x79, 0x70,
    0x0, 0x0, 0x6d, 0xee, 0xff, 0xff, 0xff, 0xfd,
    0xb0, 0x0, 0x0, 0x28, 0x76, 0x65, 0xfc, 0x20,
    0x0, 0x0, 0x0, 0xb, 0xcc, 0xcc, 0xcc, 0xff,
    0xcc, 0xcc, 0xcc, 0xb0, 0x4, 0x55, 0x55, 0x55,
    0xfd, 0x55, 0x55, 0x55, 0x40, 0x0, 0x1e, 0xee,
    0xee, 0xff, 0xee, 0xee, 0xe3, 0x0, 0x0, 0x1f,
    0xa3, 0x33, 0xfc, 0x33, 0x39, 0xf3, 0x0, 0x0,
    0x1f, 0x93, 0x33, 0xfc, 0x33, 0x39, 0xf3, 0x0,
    0x0, 0x1f, 0xed, 0xdd, 0xff, 0xdd, 0xde, 0xf3,
    0x0, 0x0, 0x1f, 0x93, 0x33, 0xfc, 0x33, 0x39,
    0xf3, 0x0, 0x0, 0x1f, 0xff, 0xff, 0xff, 0xff,
    0xff, 0xf3, 0x0, 0x0, 0x0, 0x0, 0x0, 0xec,
    0x0, 0x0, 0x0, 0x0, 0x0, 0xaf, 0xff, 0xff,
    0xff, 0xff, 0xff, 0xfe, 0x0, 0x0, 0x23, 0x33,
    0x33, 0xfc, 0x33, 0x33, 0x33, 0x0, 0x6, 0x66,
    0x66, 0x66, 0xfd, 0x66, 0x66, 0x66, 0x60, 0xf,
    0xff, 0xff, 0xff, 0xff, 0xff, 0xff, 0xff, 0xf0,

    /* U+91CF "量" */
    0x0, 0xc, 0xfe, 0xee, 0xee, 0xee, 0xef, 0xc0,
    0x0, 0x0, 0xc, 0xfd, 0xdd, 0xdd, 0xdd, 0xdf,
    0xc0, 0x0, 0x0, 0xc, 0xd1, 0x11, 0x11, 0x11,
    0x1f, 0xc0, 0x0, 0x0, 0xb, 0xff, 0xff, 0xff,
    0xff, 0xff, 0xb0, 0x0, 0x4, 0x44, 0x44, 0x44,
    0x44, 0x44, 0x44, 0x44, 0x40, 0xe, 0xee, 0xee,
    0xee, 0xee, 0xee, 0xee, 0xee, 0xe0, 0x0, 0x7,
    0x77, 0x77, 0x77, 0x77, 0x77, 0x71, 0x0, 0x0,
    0x1f, 0xa5, 0x55, 0xed, 0x55, 0x59, 0xf3, 0x0,
    0x0, 0x1f, 0xfe, 0xee, 0xff, 0xee, 0xef, 0xf3,
    0x0, 0x0, 0x1f, 0x81, 0x11, 0xdc, 0x11, 0x17,
    0xf3, 0x0, 0x0, 0x1f, 0xff, 0xff, 0xff, 0xff,
    0xff, 0xf3, 0x0, 0x0, 0x12, 0x22, 0x22, 0xdd,
    0x22, 0x22, 0x21, 0x0, 0x0, 0x8f, 0xff, 0xff,
    0xff, 0xff, 0xff, 0xf9, 0x0, 0x4, 0x44, 0x44,
    0x44, 0xdd, 0x44, 0x44, 0x44, 0x40, 0x1f, 0xff,
    0xff, 0xff, 0xff, 0xff, 0xff, 0xff, 0xf2,

    /* U+91D1 "金" */
    0x0, 0x0, 0x0, 0x0, 0x3, 0x0, 0x0, 0x0,
    0x0, 0x0, 0x0, 0x0, 0x0, 0xaf, 0x50, 0x0,
    0x0, 0x0, 0x0, 0x0, 0x0, 0x8, 0xff, 0xb0,
    0x0, 0x0, 0x0, 0x0, 0x0, 0x1, 0xbf, 0xa6,
    0xfd, 0x30, 0x0, 0x0, 0x0, 0x0, 0x6e, 0xf7,
    0x0, 0x4e, 0xf8, 0x10, 0x0, 0x0, 0x6d, 0xff,
    0x40, 0x0, 0x1, 0xbf, 0xf8, 0x20, 0xe, 0xff,
    0xef, 0xff, 0xff, 0xff, 0xfe, 0xcf, 0xf5, 0x5,
    0x81, 0x49, 0x99, 0xef, 0x99, 0x97, 0x4, 0x80,
    0x0, 0x0, 0x0, 0x0, 0xbf, 0x0, 0x0, 0x0,
    0x0, 0x0, 0x0, 0x0, 0x0, 0xcf, 0x10, 0x0,
    0x0, 0x0, 0x0, 0xaf, 0xff, 0xff, 0xff, 0xff,
    0xff, 0xff, 0x0, 0x0, 0x57, 0x98, 0x77, 0xdf,
    0x77, 0x7a, 0x77, 0x0, 0x0, 0x1, 0xf9, 0x0,
    0xbf, 0x0, 0x4f, 0x80, 0x0, 0x0, 0x0, 0x9f,
    0x20, 0xbf, 0x0, 0xce, 0x10, 0x0, 0x0, 0x0,
    0x1f, 0x80, 0xbf, 0x5, 0xf4, 0x0, 0x0, 0x4,
    0x88, 0x8b, 0x88, 0xef, 0x88, 0xc8, 0x88, 0x70,
    0x8, 0xff, 0xff, 0xff, 0xff, 0xff, 0xff, 0xff,
    0xe0,

    /* U+949F "钟" */
    0x0, 0x1d, 0x50, 0x0, 0x0, 0x9, 0xf1, 0x0,
    0x0, 0x8, 0xf4, 0x0, 0x0, 0x0, 0x9f, 0x10,
    0x0, 0x2, 0xff, 0xff, 0xf7, 0x0, 0x9, 0xf1,
    0x0, 0x0, 0xcf, 0x87, 0x77, 0x44, 0x44, 0xbf,
    0x54, 0x44, 0x3f, 0x70, 0x0, 0x0, 0xff, 0xff,
    0xff, 0xff, 0xe0, 0x6e, 0xff, 0xff, 0x2f, 0x82,
    0xaf, 0x42, 0xbe, 0x0, 0x8c, 0xf9, 0x81, 0xf6,
    0x9, 0xf1, 0xa, 0xe0, 0x0, 0x7f, 0x20, 0xf,
    0x60, 0x9f, 0x10, 0xae, 0x4, 0x49, 0xf6, 0x42,
    0xf6, 0x9, 0xf1, 0xa, 0xe0, 0xef, 0xff, 0xff,
    0x8f, 0xff, 0xff, 0xff, 0xfe, 0x2, 0x28, 0xf4,
    0x21, 0xfc, 0xad, 0xfa, 0xae, 0xe0, 0x0, 0x7f,
    0x20, 0xc, 0x50, 0x9f, 0x10, 0x69, 0x0, 0x7,
    0xf2, 0x23, 0x0, 0x9, 0xf1, 0x0, 0x0, 0x0,
    0x9f, 0xcf, 0x90, 0x0, 0x9f, 0x10, 0x0, 0x0,
    0x2e, 0xfc, 0x50, 0x0, 0x9, 0xf1, 0x0, 0x0,
    0x0, 0xb4, 0x0, 0x0, 0x0, 0x9f, 0x10, 0x0,

    /* U+94AE "钮" */
    0x0, 0x5a, 0x10, 0x0, 0x0, 0x0, 0x0, 0x0,
    0x0, 0x0, 0xce, 0x0, 0x2, 0xff, 0xff, 0xff,
    0xff, 0x80, 0x3, 0xff, 0xff, 0xf6, 0x77, 0xaf,
    0xa7, 0x8f, 0x70, 0xd, 0xf8, 0x88, 0x82, 0x0,
    0x5f, 0x40, 0x3f, 0x60, 0x5f, 0x60, 0x0, 0x0,
    0x0, 0x7f, 0x20, 0x4f, 0x50, 0xb, 0xff, 0xff,
    0xd0, 0x0, 0x9f, 0x0, 0x5f, 0x40, 0x0, 0x8c,
    0xf8, 0x70, 0x11, 0xbf, 0x11, 0x7f, 0x30, 0x0,
    0x8, 0xf0, 0x0, 0xff, 0xff, 0xff, 0xff, 0x20,
    0x4, 0x4b, 0xf4, 0x41, 0x77, 0xfd, 0x77, 0xcf,
    0x0, 0x1f, 0xff, 0xff, 0xf5, 0x0, 0xf9, 0x0,
    0xaf, 0x0, 0x2, 0x2a, 0xf2, 0x21, 0x2, 0xf7,
    0x0, 0xce, 0x0, 0x0, 0x8, 0xf0, 0x0, 0x4,
    0xf5, 0x0, 0xdc, 0x0, 0x0, 0x8, 0xf0, 0x70,
    0x7, 0xf3, 0x0, 0xfa, 0x0, 0x0, 0x9, 0xfd,
    0xf3, 0x9, 0xf0, 0x1, 0xf9, 0x0, 0x0, 0xe,
    0xfd, 0x8a, 0xae, 0xfa, 0xab, 0xfd, 0xa3, 0x0,
    0x5f, 0x80, 0x7f, 0xff, 0xff, 0xff, 0xff, 0xf5,
    0x0, 0x2, 0x0, 0x0, 0x0, 0x0, 0x0, 0x0,
    0x0,

    /* U+94DC "铜" */
    0x0, 0x9, 0x30, 0x0, 0x0, 0x0, 0x0, 0x0,
    0x0, 0x7, 0xf5, 0x0, 0x1f, 0xff, 0xff, 0xff,
    0xf9, 0x1, 0xef, 0xfe, 0xe7, 0xf9, 0x88, 0x88,
    0x8e, 0x90, 0xcf, 0x75, 0x55, 0x3f, 0x33, 0x33,
    0x31, 0xc9, 0x2f, 0x70, 0x0, 0x1, 0xf3, 0xef,
    0xff, 0x5c, 0x90, 0x6f, 0xff, 0xff, 0x4f, 0x32,
    0x22, 0x20, 0xc9, 0x0, 0x8d, 0xf8, 0x83, 0xf3,
    0x24, 0x44, 0xc, 0x90, 0x0, 0x9e, 0x0, 0x1f,
    0x3a, 0xff, 0xf1, 0xc9, 0x4, 0x4b, 0xf4, 0x42,
    0xf3, 0xa6, 0xf, 0x1c, 0x90, 0xff, 0xff, 0xff,
    0x4f, 0x3a, 0x50, 0xf1, 0xc9, 0x2, 0x2b, 0xe2,
    0x22, 0xf3, 0xa7, 0x1f, 0x1c, 0x90, 0x0, 0x9e,
    0x0, 0x1f, 0x3a, 0xff, 0xf1, 0xc9, 0x0, 0x9,
    0xe0, 0x72, 0xf3, 0xa7, 0x22, 0xc, 0x90, 0x0,
    0xbf, 0xef, 0x4f, 0x32, 0x10, 0x0, 0xc9, 0x0,
    0x4f, 0xf9, 0x11, 0xf3, 0x0, 0x8, 0x8f, 0x80,
    0x1, 0xb2, 0x0, 0x1f, 0x30, 0x0, 0xbf, 0xc2,

    /* U+9500 "销" */
    0x0, 0x2d, 0x30, 0x0, 0x21, 0x7, 0xf1, 0x4,
    0x30, 0x0, 0x9f, 0x20, 0x1, 0xf9, 0x7, 0xf1,
    0xe, 0xc0, 0x2, 0xff, 0xff, 0xf4, 0x8f, 0x27,
    0xf1, 0x6f, 0x40, 0x1d, 0xe8, 0x88, 0x82, 0x1f,
    0x87, 0xf1, 0xdb, 0x0, 0x3f, 0x50, 0x0, 0x0,
    0x4, 0x7, 0xf1, 0x22, 0x0, 0x6, 0xff, 0xff,
    0xf0, 0xff, 0xff, 0xff, 0xff, 0x80, 0x0, 0x8c,
    0xf9, 0x80, 0xfc, 0x88, 0x88, 0x8f, 0x80, 0x0,
    0x8, 0xf0, 0x0, 0xf7, 0x0, 0x0, 0xf, 0x80,
    0x5, 0x6b, 0xf6, 0x62, 0xff, 0xff, 0xff, 0xff,
    0x80, 0xe, 0xff, 0xff, 0xf6, 0xfb, 0x77, 0x77,
    0x7f, 0x80, 0x0, 0x8, 0xf0, 0x0, 0xf7, 0x0,
    0x0, 0xf, 0x80, 0x0, 0x8, 0xf0, 0x0, 0xff,
    0xee, 0xee, 0xef, 0x80, 0x0, 0x8, 0xf1, 0x70,
    0xfb, 0x77, 0x77, 0x7f, 0x80, 0x0, 0xa, 0xff,
    0xf2, 0xf7, 0x0, 0x0, 0xf, 0x80, 0x0, 0x3f,
    0xf9, 0x10, 0xf7, 0x0, 0x2a, 0xaf, 0x70, 0x0,
    0x9, 0x20, 0x0, 0xf7, 0x0, 0xd, 0xda, 0x10,

    /* U+957F "长" */
    0x0, 0xa, 0xf0, 0x0, 0x0, 0x0, 0x75, 0x0,
    0x0, 0x0, 0xaf, 0x0, 0x0, 0x0, 0x9f, 0xc1,
    0x0, 0x0, 0xa, 0xf0, 0x0, 0x1, 0xcf, 0xc1,
    0x0, 0x0, 0x0, 0xaf, 0x0, 0x18, 0xff, 0x90,
    0x0, 0x0, 0x0, 0xa, 0xf0, 0x6f, 0xfd, 0x40,
    0x0, 0x0, 0x0, 0x0, 0xaf, 0x2, 0xe7, 0x0,
    0x0, 0x0, 0x0, 0x0, 0xa, 0xf1, 0x0, 0x0,
    0x0, 0x0, 0x0, 0xe, 0xff, 0xff, 0xff, 0xff,
    0xff, 0xff, 0xff, 0xf0, 0x99, 0x9d, 0xfa, 0x9b,
    0xfc, 0x99, 0x99, 0x99, 0x0, 0x0, 0xaf, 0x0,
    0xe, 0xd0, 0x0, 0x0, 0x0, 0x0, 0xa, 0xf0,
    0x0, 0x6f, 0x70, 0x0, 0x0, 0x0, 0x0, 0xaf,
    0x0, 0x0, 0xcf, 0x50, 0x0, 0x0, 0x0, 0xa,
    0xf0, 0x0, 0x1, 0xef, 0x70, 0x0, 0x0, 0x0,
    0xaf, 0x24, 0x8c, 0x23, 0xef, 0xc3, 0x0, 0x0,
    0x1e, 0xff, 0xff, 0xe3, 0x1, 0xcf, 0xfd, 0x10,
    0x3, 0xff, 0xa6, 0x20, 0x0, 0x0, 0x4b, 0x90,
    0x0, 0x4, 0x0, 0x0, 0x0, 0x0, 0x0, 0x0,
    0x0,

    /* U+95F4 "间" */
    0x18, 0x40, 0x0, 0x0, 0x0, 0x0, 0x0, 0x0,
    0xc, 0xf4, 0x2f, 0xff, 0xff, 0xff, 0xff, 0xf1,
    0x0, 0xde, 0x28, 0x88, 0x88, 0x88, 0x8d, 0xf1,
    0x46, 0x21, 0x0, 0x0, 0x0, 0x0, 0xa, 0xf1,
    0xaf, 0x10, 0x0, 0x0, 0x0, 0x0, 0xa, 0xf1,
    0xaf, 0x10, 0x9f, 0xff, 0xff, 0xf7, 0xa, 0xf1,
    0xaf, 0x10, 0x9f, 0x55, 0x56, 0xf7, 0xa, 0xf1,
    0xaf, 0x10, 0x9e, 0x0, 0x1, 0xf7, 0xa, 0xf1,
    0xaf, 0x10, 0x9f, 0x66, 0x67, 0xf7, 0xa, 0xf1,
    0xaf, 0x10, 0x9f, 0xff, 0xff, 0xf7, 0xa, 0xf1,
    0xaf, 0x10, 0x9e, 0x0, 0x1, 0xf7, 0xa, 0xf1,
    0xaf, 0x10, 0x9e, 0x11, 0x12, 0xf7, 0xa, 0xf1,
    0xaf, 0x10, 0x9f, 0xff, 0xff, 0xf7, 0xa, 0xf1,
    0xaf, 0x10, 0x23, 0x33, 0x33, 0x31, 0xa, 0xf1,
    0xaf, 0x10, 0x0, 0x0, 0x0, 0x0, 0x7d, 0xf0,
    0xaf, 0x10, 0x0, 0x0, 0x0, 0x0, 0xef, 0x90,

    /* U+961F "队" */
    0x0, 0x0, 0x0, 0x0, 0x0, 0xdd, 0x0, 0x0,
    0x1, 0xff, 0xff, 0xfb, 0x0, 0xd, 0xd0, 0x0,
    0x0, 0x1f, 0xb7, 0x8f, 0xb0, 0x0, 0xdc, 0x0,
    0x0, 0x1, 0xf7, 0x6, 0xf4, 0x0, 0xe, 0xc0,
    0x0, 0x0, 0x1f, 0x70, 0xcd, 0x0, 0x0, 0xeb,
    0x0, 0x0, 0x1, 0xf7, 0x2f, 0x70, 0x0, 0xf,
    0xc0, 0x0, 0x0, 0x1f, 0x73, 0xf8, 0x0, 0x2,
    0xff, 0x0, 0x0, 0x1, 0xf7, 0x7, 0xf3, 0x0,
    0x4f, 0xf2, 0x0, 0x0, 0x1f, 0x70, 0xf, 0x90,
    0x6, 0xff, 0x70, 0x0, 0x1, 0xf7, 0x0, 0xdc,
    0x0, 0xbf, 0xfb, 0x0, 0x0, 0x1f, 0x71, 0x3f,
    0xb0, 0x1f, 0xda, 0xf3, 0x0, 0x1, 0xf7, 0x9f,
    0xf6, 0x8, 0xf7, 0x4f, 0xb0, 0x0, 0x1f, 0x72,
    0x63, 0x2, 0xfe, 0x0, 0xbf, 0x30, 0x1, 0xf7,
    0x0, 0x1, 0xdf, 0x40, 0x2, 0xfe, 0x10, 0x1f,
    0x70, 0x3, 0xef, 0x70, 0x0, 0x5, 0xfe, 0x31,
    0xf7, 0x0, 0x3d, 0x50, 0x0, 0x0, 0x4, 0xd2,
    0x0, 0x0, 0x0, 0x0, 0x0, 0x0, 0x0, 0x0,
    0x0,

    /* U+9636 "阶" */
    0x0, 0x0, 0x0, 0x0, 0x1, 0xc7, 0x0, 0x0,
    0x8, 0xff, 0xff, 0xd2, 0x0, 0x7f, 0xb0, 0x0,
    0x0, 0x8f, 0x98, 0xfd, 0x0, 0x2f, 0xff, 0x80,
    0x0, 0x8, 0xf1, 0x4f, 0x50, 0xc, 0xf4, 0x9f,
    0x70, 0x0, 0x8f, 0x1b, 0xd0, 0x1b, 0xf7, 0x0,
    0x9f, 0xa1, 0x8, 0xf4, 0xf6, 0x3e, 0xf7, 0x0,
    0x0, 0x6f, 0xe1, 0x8f, 0x1a, 0xe2, 0xb4, 0x84,
    0x0, 0x76, 0x25, 0x8, 0xf1, 0x1e, 0xa0, 0x1f,
    0x80, 0xe, 0xb0, 0x0, 0x8f, 0x10, 0xae, 0x1,
    0xf8, 0x0, 0xeb, 0x0, 0x8, 0xf1, 0x7, 0xf1,
    0x1f, 0x80, 0xe, 0xb0, 0x0, 0x8f, 0x33, 0xcf,
    0x2, 0xf7, 0x0, 0xeb, 0x0, 0x8, 0xf8, 0xff,
    0x90, 0x4f, 0x50, 0xe, 0xb0, 0x0, 0x8f, 0x25,
    0x30, 0x9, 0xf2, 0x0, 0xeb, 0x0, 0x8, 0xf1,
    0x0, 0x1, 0xfd, 0x0, 0xe, 0xb0, 0x0, 0x8f,
    0x10, 0x0, 0xcf, 0x50, 0x0, 0xeb, 0x0, 0x8,
    0xf1, 0x0, 0x2b, 0x90, 0x0, 0xd, 0xb0, 0x0,
    0x0, 0x0, 0x0, 0x0, 0x0, 0x0, 0x0, 0x0,
    0x0,

    /* U+964D "降" */
    0x0, 0x0, 0x0, 0x0, 0x9, 0x70, 0x0, 0x0,
    0x8, 0xff, 0xff, 0x90, 0x8, 0xfb, 0x55, 0x53,
    0x0, 0x8f, 0x79, 0xf6, 0x7, 0xff, 0xff, 0xff,
    0xd0, 0x8, 0xe0, 0x8e, 0x1a, 0xff, 0xa0, 0xb,
    0xf3, 0x0, 0x8e, 0xe, 0x81, 0xd6, 0x4f, 0xbd,
    0xf4, 0x0, 0x8, 0xe6, 0xf2, 0x0, 0x3, 0xbf,
    0xfb, 0x30, 0x0, 0x8e, 0x1e, 0xa3, 0x8d, 0xfe,
    0x67, 0xef, 0xea, 0x28, 0xe0, 0x5f, 0x7f, 0xc7,
    0x7, 0xd1, 0x6b, 0xc0, 0x8e, 0x0, 0xf7, 0x33,
    0x33, 0xaf, 0x43, 0x31, 0x8, 0xe0, 0xd, 0xa7,
    0xff, 0xff, 0xff, 0xff, 0x70, 0x8e, 0x14, 0xf9,
    0x26, 0x43, 0xaf, 0x43, 0x31, 0x8, 0xea, 0xff,
    0x35, 0xf2, 0x8, 0xf1, 0x0, 0x0, 0x8e, 0x25,
    0x10, 0xaf, 0x87, 0xcf, 0x87, 0x77, 0x8, 0xe0,
    0x0, 0xd, 0xff, 0xff, 0xff, 0xff, 0xf0, 0x8e,
    0x0, 0x0, 0x0, 0x0, 0x8f, 0x10, 0x0, 0x8,
    0xe0, 0x0, 0x0, 0x0, 0x8, 0xf1, 0x0, 0x0,
    0x0, 0x0, 0x0, 0x0, 0x0, 0x0, 0x0, 0x0,
    0x0,

    /* U+968F "随" */
    0x0, 0x0, 0x0, 0x0, 0x0, 0x1b, 0x40, 0x0,
    0x8, 0xff, 0xfe, 0x42, 0x2, 0x27, 0xf5, 0x22,
    0x20, 0x8f, 0x7c, 0xfd, 0xc0, 0xef, 0xff, 0xff,
    0xff, 0x28, 0xe0, 0xbb, 0x3f, 0x73, 0x6f, 0x83,
    0x33, 0x30, 0x8e, 0xf, 0x60, 0x88, 0xc, 0xf6,
    0x44, 0x42, 0x8, 0xe4, 0xf1, 0x0, 0x8, 0xff,
    0xff, 0xff, 0x70, 0x8e, 0x5f, 0x15, 0x57, 0xfe,
    0xf1, 0x0, 0xf7, 0x8, 0xe0, 0xd8, 0xff, 0xe4,
    0x5f, 0xff, 0xff, 0x70, 0x8e, 0x8, 0xd0, 0x8e,
    0x4, 0xf5, 0x33, 0xf7, 0x8, 0xe0, 0x6f, 0x8,
    0xe0, 0x4f, 0x54, 0x4f, 0x70, 0x8e, 0x5, 0xf0,
    0x8e, 0x4, 0xff, 0xff, 0xf7, 0x8, 0xe6, 0xde,
    0x8, 0xe0, 0x4f, 0x10, 0xf, 0x70, 0x8e, 0x6c,
    0x40, 0x8e, 0x4, 0xf1, 0x16, 0xf7, 0x8, 0xe0,
    0x0, 0x4d, 0xf5, 0x4d, 0x11, 0xec, 0x20, 0x8e,
    0x0, 0x5f, 0x75, 0xed, 0x97, 0x67, 0x89, 0x28,
    0xe0, 0x3, 0x90, 0x1, 0x7d, 0xef, 0xff, 0xe1,
    0x0, 0x0, 0x0, 0x0, 0x0, 0x0, 0x0, 0x0,
    0x0,

    /* U+96C6 "集" */
    0x0, 0x0, 0x0, 0x0, 0x0, 0x0, 0x0, 0x0,
    0x0, 0x0, 0x0, 0xaf, 0x30, 0x5f, 0x30, 0x0,
    0x0, 0x0, 0x0, 0x5, 0xfd, 0x44, 0x5f, 0xb4,
    0x44, 0x44, 0x0, 0x0, 0x2e, 0xff, 0xff, 0xff,
    0xff, 0xff, 0xff, 0x0, 0x2, 0xef, 0xb0, 0x0,
    0x4f, 0x60, 0x0, 0x0, 0x0, 0x2e, 0xff, 0xff,
    0xff, 0xff, 0xff, 0xff, 0xf3, 0x0, 0x8, 0x3e,
    0xc1, 0x11, 0x5f, 0x61, 0x11, 0x10, 0x0, 0x0,
    0xe, 0xff, 0xff, 0xff, 0xff, 0xff, 0xf4, 0x0,
    0x0, 0xe, 0xc3, 0x33, 0x6f, 0x73, 0x33, 0x30,
    0x0, 0x0, 0xe, 0xd6, 0x66, 0x9f, 0xa6, 0x66,
    0x66, 0x30, 0x0, 0xd, 0xed, 0xdd, 0xff, 0xdd,
    0xdd, 0xdd, 0x60, 0x1, 0x11, 0x11, 0x11, 0xdd,
    0x11, 0x11, 0x11, 0x10, 0xf, 0xff, 0xff, 0xff,
    0xff, 0xff, 0xff, 0xff, 0xf0, 0x4, 0x44, 0x46,
    0xef, 0xff, 0xfe, 0x64, 0x44, 0x40, 0x0, 0x4,
    0xaf, 0xc3, 0xdc, 0x3c, 0xfb, 0x40, 0x0, 0x2a,
    0xff, 0xd5, 0x0, 0xdc, 0x0, 0x5c, 0xff, 0xb1,
    0xa, 0x83, 0x0, 0x0, 0xdc, 0x0, 0x0, 0x17,
    0x80,

    /* U+96FE "雾" */
    0x0, 0x9f, 0xff, 0xff, 0xff, 0xff, 0xff, 0xfb,
    0x0, 0x3, 0x66, 0x66, 0x66, 0xdf, 0x66, 0x66,
    0x66, 0x30, 0x9, 0xf8, 0x88, 0x88, 0xdf, 0x77,
    0x77, 0x7f, 0x90, 0x9, 0xe4, 0xdd, 0xd5, 0xbe,
    0x4d, 0xdd, 0x5e, 0x90, 0x6, 0x93, 0xaa, 0xa4,
    0xbe, 0x39, 0x99, 0x39, 0x60, 0x0, 0x3, 0x88,
    0x83, 0xbe, 0x3a, 0xaa, 0x40, 0x0, 0x0, 0x0,
    0x4c, 0xde, 0xff, 0xee, 0xee, 0xe2, 0x0, 0x2,
    0x9e, 0xfe, 0x73, 0x22, 0x36, 0xdf, 0x50, 0x0,
    0x0, 0x84, 0x6, 0xee, 0xa9, 0xef, 0x91, 0x0,
    0x0, 0x6, 0x8a, 0xbd, 0xff, 0xcc, 0xef, 0xff,
    0xfe, 0xd2, 0xc, 0xca, 0x86, 0x30, 0x43, 0x1,
    0x34, 0x56, 0x50, 0x0, 0x24, 0x44, 0x46, 0xfa,
    0x44, 0x44, 0x40, 0x0, 0x0, 0x7e, 0xee, 0xff,
    0xfe, 0xee, 0xef, 0xe0, 0x0, 0x0, 0x13, 0x48,
    0xdd, 0x30, 0x23, 0x4d, 0xb0, 0x0, 0x0, 0xcf,
    0xd9, 0x50, 0x0, 0x5f, 0xfd, 0x30, 0x0, 0x0,
    0x0, 0x0, 0x0, 0x0, 0x0, 0x0, 0x0, 0x0,

    /* U+9752 "青" */
    0x0, 0x0, 0x0, 0xf, 0xb0, 0x0, 0x0, 0x0,
    0xd, 0xff, 0xff, 0xff, 0xff, 0xff, 0xff, 0xd0,
    0x3, 0x44, 0x44, 0x4f, 0xd4, 0x44, 0x44, 0x40,
    0x2, 0xee, 0xee, 0xef, 0xfe, 0xee, 0xee, 0x10,
    0x0, 0x44, 0x44, 0x4f, 0xc4, 0x44, 0x44, 0x0,
    0x78, 0x88, 0x88, 0x8f, 0xe8, 0x88, 0x88, 0x86,
    0xcd, 0xdd, 0xdd, 0xdd, 0xdd, 0xdd, 0xdd, 0xda,
    0x0, 0x11, 0x11, 0x11, 0x11, 0x11, 0x11, 0x0,
    0x0, 0x8f, 0xff, 0xff, 0xff, 0xff, 0xf8, 0x0,
    0x0, 0x8f, 0x31, 0x11, 0x11, 0x14, 0xf8, 0x0,
    0x0, 0x8f, 0xed, 0xdd, 0xdd, 0xde, 0xf8, 0x0,
    0x0, 0x8f, 0x42, 0x22, 0x22, 0x25, 0xf8, 0x0,
    0x0, 0x8f, 0xdc, 0xcc, 0xcc, 0xcd, 0xf8, 0x0,
    0x0, 0x8f, 0x65, 0x55, 0x55, 0x57, 0xf8, 0x0,
    0x0, 0x8f, 0x20, 0x0, 0x5, 0x68, 0xf7, 0x0,
    0x0, 0x8f, 0x20, 0x0, 0x9, 0xee, 0xb2, 0x0,

    /* U+9759 "静" */
    0x0, 0x0, 0x0, 0x0, 0x0, 0x0, 0x0, 0x0,
    0x0, 0x0, 0x0, 0xcb, 0x0, 0x0, 0x3e, 0x40,
    0x0, 0x0, 0x5, 0x77, 0xed, 0x77, 0x50, 0xbf,
    0x65, 0x50, 0x0, 0x8, 0xbb, 0xfe, 0xbb, 0x83,
    0xff, 0xff, 0xf5, 0x0, 0x2, 0x66, 0xed, 0x66,
    0x3e, 0xd0, 0x1e, 0xb0, 0x0, 0x4, 0xbb, 0xfe,
    0xbb, 0xaf, 0x85, 0xbf, 0x75, 0x20, 0x5, 0x55,
    0xdd, 0x55, 0x59, 0xff, 0xff, 0xff, 0x80, 0x1e,
    0xee, 0xee, 0xee, 0xd0, 0x7, 0xf1, 0xf, 0x80,
    0x0, 0x33, 0x33, 0x33, 0x14, 0x4a, 0xf5, 0x5f,
    0xa2, 0x0, 0xff, 0xff, 0xff, 0x6f, 0xff, 0xff,
    0xff, 0xf8, 0x0, 0xf7, 0x0, 0x7f, 0x11, 0x18,
    0xf2, 0x1f, 0x80, 0x0, 0xff, 0xff, 0xff, 0x12,
    0x4a, 0xf5, 0x4f, 0x80, 0x0, 0xf7, 0x0, 0x7f,
    0x19, 0xff, 0xff, 0xff, 0x80, 0x0, 0xff, 0xff,
    0xff, 0x10, 0x7, 0xf1, 0xd, 0x70, 0x0, 0xf8,
    0x33, 0x8f, 0x10, 0x7, 0xf1, 0x0, 0x0, 0x0,
    0xf6, 0x5, 0xaf, 0x3, 0x8c, 0xf0, 0x0, 0x0,
    0x0, 0xf6, 0xd, 0xe9, 0x2, 0xfe, 0x80, 0x0,
    0x0,

    /* U+9762 "面" */
    0xef, 0xff, 0xff, 0xff, 0xff, 0xff, 0xff, 0xff,
    0x89, 0x99, 0x99, 0xaf, 0xd9, 0x99, 0x99, 0x99,
    0x0, 0x0, 0x0, 0x6f, 0x70, 0x0, 0x0, 0x0,
    0x17, 0x77, 0x77, 0xcf, 0x97, 0x77, 0x77, 0x71,
    0x2f, 0xff, 0xff, 0xff, 0xff, 0xff, 0xff, 0xf2,
    0x2f, 0x70, 0x5f, 0x40, 0x7, 0xf1, 0x9, 0xf2,
    0x2f, 0x70, 0x4f, 0x63, 0x38, 0xf1, 0x9, 0xf2,
    0x2f, 0x70, 0x4f, 0xff, 0xff, 0xf1, 0x9, 0xf2,
    0x2f, 0x70, 0x4f, 0x51, 0x18, 0xf1, 0x9, 0xf2,
    0x2f, 0x70, 0x4f, 0x52, 0x28, 0xf1, 0x9, 0xf2,
    0x2f, 0x70, 0x4f, 0xff, 0xff, 0xf1, 0x9, 0xf2,
    0x2f, 0x70, 0x4f, 0x52, 0x28, 0xf1, 0x9, 0xf2,
    0x2f, 0x70, 0x5f, 0x40, 0x7, 0xf1, 0x9, 0xf2,
    0x2f, 0xff, 0xff, 0xff, 0xff, 0xff, 0xff, 0xf2,
    0x2f, 0xb7, 0x77, 0x77, 0x77, 0x77, 0x7c, 0xf2,

    /* U+9875 "页" */
    0x7f, 0xff, 0xff, 0xff, 0xff, 0xff, 0xff, 0xfe,
    0x48, 0x88, 0x88, 0x9f, 0xd8, 0x88, 0x88, 0x88,
    0x0, 0x0, 0x0, 0x6f, 0x50, 0x0, 0x0, 0x0,
    0x0, 0x89, 0x99, 0xdf, 0x99, 0x99, 0x99, 0x30,
    0x0, 0xdf, 0xff, 0xff, 0xff, 0xff, 0xff, 0x50,
    0x0, 0xdd, 0x0, 0x1, 0x10, 0x0, 0x6f, 0x50,
    0x0, 0xdd, 0x0, 0xa, 0xf0, 0x0, 0x6f, 0x50,
    0x0, 0xdd, 0x0, 0xa, 0xf0, 0x0, 0x6f, 0x50,
    0x0, 0xdd, 0x0, 0xa, 0xf0, 0x0, 0x6f, 0x50,
    0x0, 0xdd, 0x0, 0xc, 0xf0, 0x0, 0x6f, 0x50,
    0x0, 0xdd, 0x0, 0xe, 0xd0, 0x0, 0x6f, 0x50,
    0x0, 0x99, 0x0, 0x9f, 0x78, 0x92, 0x4a, 0x30,
    0x0, 0x0, 0x2b, 0xfc, 0x8, 0xff, 0xb3, 0x0,
    0x2, 0x6c, 0xff, 0x80, 0x0, 0x18, 0xff, 0xa1,
    0xaf, 0xfe, 0x82, 0x0, 0x0, 0x0, 0x19, 0xfb,
    0x16, 0x20, 0x0, 0x0, 0x0, 0x0, 0x0, 0x41,

    /* U+9879 "项" */
    0x0, 0x0, 0x0, 0x1f, 0xff, 0xff, 0xff, 0xff,
    0xf2, 0x1b, 0xbb, 0xbb, 0x78, 0x88, 0xaf, 0xd8,
    0x88, 0x81, 0x1b, 0xbf, 0xeb, 0x70, 0x0, 0x9f,
    0x40, 0x0, 0x0, 0x0, 0xf, 0xa0, 0x8, 0xff,
    0xff, 0xff, 0xff, 0x10, 0x0, 0xf, 0xa0, 0x8,
    0xf8, 0x77, 0x77, 0xcf, 0x10, 0x0, 0xf, 0xa0,
    0x8, 0xf1, 0xb, 0x70, 0x8f, 0x10, 0x0, 0xf,
    0xa0, 0x8, 0xf1, 0xf, 0xa0, 0x8f, 0x10, 0x0,
    0xf, 0xa0, 0x8, 0xf1, 0xf, 0xa0, 0x8f, 0x10,
    0x0, 0xf, 0xa0, 0x8, 0xf1, 0xf, 0xa0, 0x8f,
    0x10, 0x0, 0xf, 0xdc, 0xc8, 0xf1, 0x1f, 0x90,
    0x8f, 0x10, 0x2a, 0xef, 0xfc, 0x68, 0xf1, 0x4f,
    0x70, 0x8f, 0x10, 0x3f, 0xd8, 0x20, 0x2, 0x50,
    0xbf, 0x23, 0x24, 0x0, 0x3, 0x0, 0x0, 0x0,
    0x9, 0xf9, 0x5f, 0xb1, 0x0, 0x0, 0x0, 0x0,
    0x5, 0xdf, 0xa0, 0x6, 0xfe, 0x40, 0x0, 0x0,
    0x1, 0xef, 0xd5, 0x0, 0x0, 0x2d, 0xf1, 0x0,
    0x0, 0x0, 0x44, 0x0, 0x0, 0x0, 0x1, 0x30,

    /* U+987A "顺" */
    0x0, 0x0, 0x0, 0x1, 0x0, 0x0, 0x0, 0x0,
    0x0, 0x6, 0xf0, 0x10, 0x7f, 0x5f, 0xff, 0xff,
    0xff, 0xf2, 0x6, 0xf0, 0xe5, 0x7f, 0x26, 0x68,
    0xfc, 0x66, 0x61, 0x6, 0xf0, 0xe5, 0x7f, 0x0,
    0x6, 0xf4, 0x0, 0x0, 0x6, 0xf0, 0xe5, 0x7f,
    0xe, 0xff, 0xff, 0xff, 0x90, 0x6, 0xf0, 0xe5,
    0x7f, 0xe, 0xc7, 0x77, 0x7f, 0x90, 0x6, 0xf0,
    0xe5, 0x7f, 0xe, 0x90, 0x64, 0xf, 0x90, 0x6,
    0xf0, 0xe5, 0x7f, 0xe, 0x90, 0xe9, 0xf, 0x90,
    0x6, 0xf0, 0xe5, 0x7f, 0xe, 0x90, 0xe9, 0xf,
    0x90, 0x7, 0xf0, 0xe5, 0x7f, 0xe, 0x90, 0xe9,
    0xf, 0x90, 0x8, 0xe0, 0xe5, 0x7f, 0xe, 0x90,
    0xf9, 0xf, 0x90, 0x8, 0xd0, 0xe5, 0x7f, 0xe,
    0x91, 0xf6, 0xf, 0x90, 0x9, 0xd0, 0xe5, 0x7f,
    0x3, 0x26, 0xfa, 0x3, 0x10, 0xc, 0xb0, 0xe5,
    0x7f, 0x0, 0x1e, 0xcd, 0xc1, 0x0, 0xf, 0x80,
    0x0, 0x7f, 0x1, 0xcf, 0x11, 0xdd, 0x10, 0x5f,
    0x30, 0x0, 0x7f, 0x7f, 0xf4, 0x0, 0x2f, 0xd0,
    0x8, 0x0, 0x0, 0x25, 0x4a, 0x10, 0x0, 0x4,
    0x50,

    /* U+9884 "预" */
    0x0, 0x0, 0x0, 0x0, 0x0, 0x0, 0x0, 0x0,
    0x0, 0x1e, 0xee, 0xee, 0xf7, 0xdf, 0xff, 0xff,
    0xff, 0xf1, 0x8, 0x88, 0x8d, 0xf3, 0x67, 0x7a,
    0xfb, 0x77, 0x70, 0x1, 0x71, 0x6f, 0x60, 0x14,
    0x49, 0xf6, 0x44, 0x10, 0x4, 0xff, 0xf7, 0x0,
    0x4f, 0xff, 0xff, 0xff, 0x50, 0x0, 0x1b, 0xfb,
    0x10, 0x4f, 0x63, 0x33, 0x6f, 0x50, 0x27, 0x78,
    0xdf, 0xa7, 0x5f, 0x43, 0xb3, 0x3f, 0x50, 0x4f,
    0xff, 0xff, 0xff, 0x5f, 0x44, 0xf4, 0x3f, 0x50,
    0x0, 0x8, 0xf1, 0x9b, 0x4f, 0x44, 0xf4, 0x3f,
    0x50, 0x0, 0x8, 0xf1, 0xe6, 0x4f, 0x44, 0xf4,
    0x3f, 0x50, 0x0, 0x8, 0xf2, 0xa1, 0x4f, 0x45,
    0xf3, 0x3f, 0x50, 0x0, 0x8, 0xf1, 0x0, 0x4f,
    0x4a, 0xf0, 0x3f, 0x50, 0x0, 0x8, 0xf1, 0x0,
    0x13, 0x5f, 0x93, 0x32, 0x10, 0x0, 0x8, 0xf1,
    0x0, 0x5, 0xfe, 0x2d, 0xf6, 0x0, 0x7, 0x9d,
    0xf0, 0x4, 0xcf, 0xc2, 0x1, 0xbf, 0x90, 0x8,
    0xfe, 0x80, 0x3, 0xc6, 0x0, 0x0, 0x9, 0x80,
    0x0, 0x0, 0x0, 0x0, 0x0, 0x0, 0x0, 0x0,
    0x0,

    /* U+9891 "频" */
    0x0, 0x0, 0x4f, 0x20, 0x0, 0x0, 0x0, 0x0,
    0x0, 0x0, 0x61, 0x4f, 0x20, 0xb, 0xff, 0xff,
    0xff, 0xf0, 0x0, 0xf4, 0x4f, 0xff, 0xa5, 0x77,
    0xbf, 0x77, 0x70, 0x0, 0xf4, 0x4f, 0x75, 0x30,
    0x0, 0xcb, 0x0, 0x0, 0x0, 0xf4, 0x4f, 0x20,
    0x3, 0xcd, 0xfe, 0xcc, 0x70, 0x28, 0xfa, 0xaf,
    0x98, 0x85, 0xf9, 0x88, 0x8f, 0x80, 0x4f, 0xff,
    0xff, 0xff, 0xf5, 0xf1, 0x69, 0xe, 0x80, 0x0,
    0x0, 0xad, 0x0, 0x4, 0xf1, 0x8d, 0xe, 0x80,
    0x0, 0xe7, 0xad, 0x8, 0x94, 0xf1, 0x9c, 0xe,
    0x80, 0x4, 0xf3, 0xad, 0xe, 0xa4, 0xf1, 0x9c,
    0xe, 0x80, 0xd, 0xc0, 0xad, 0x5f, 0x44, 0xf1,
    0xba, 0xe, 0x80, 0x2d, 0x30, 0xad, 0xdd, 0x4,
    0xf1, 0xd8, 0xe, 0x80, 0x0, 0x0, 0x3d, 0xf3,
    0x2, 0x83, 0xf6, 0x7, 0x40, 0x0, 0x1, 0xcf,
    0x70, 0x0, 0xa, 0xec, 0xd2, 0x0, 0x1, 0x8e,
    0xf5, 0x0, 0x2, 0xbf, 0x51, 0xcf, 0x40, 0xe,
    0xfa, 0x20, 0x0, 0xaf, 0xd4, 0x0, 0xa, 0xf1,
    0x3, 0x20, 0x0, 0x0, 0x24, 0x0, 0x0, 0x0,
    0x30,

    /* U+9898 "题" */
    0x0, 0x0, 0x0, 0x0, 0x0, 0x0, 0x0, 0x0,
    0x0, 0x1, 0xff, 0xff, 0xff, 0x2f, 0xff, 0xff,
    0xff, 0xf2, 0x1, 0xf7, 0x22, 0x8f, 0x25, 0x56,
    0xfa, 0x55, 0x50, 0x1, 0xff, 0xff, 0xff, 0x22,
    0x7a, 0xf8, 0x77, 0x20, 0x1, 0xf6, 0x0, 0x6f,
    0x26, 0xfb, 0xbb, 0xbf, 0x50, 0x1, 0xff, 0xff,
    0xff, 0x26, 0xf0, 0x54, 0xf, 0x50, 0x0, 0x33,
    0x33, 0x33, 0x6, 0xf0, 0xc9, 0xf, 0x50, 0x5,
    0x55, 0x55, 0x55, 0x56, 0xf0, 0xd8, 0xf, 0x50,
    0xf, 0xff, 0xff, 0xff, 0xf6, 0xf0, 0xe7, 0xf,
    0x50, 0x0, 0x31, 0x9d, 0x0, 0x6, 0xf1, 0xf4,
    0xf, 0x50, 0x0, 0xf6, 0x9e, 0x44, 0x36, 0xf6,
    0xf0, 0x1f, 0x50, 0x1, 0xf5, 0x9f, 0xff, 0x90,
    0x1e, 0xa9, 0xb1, 0x0, 0x3, 0xfb, 0x9d, 0x0,
    0x2, 0xcd, 0x4, 0xee, 0x30, 0x6, 0xfe, 0xfd,
    0x0, 0x7f, 0xb2, 0x0, 0x1c, 0xd0, 0xc, 0xb1,
    0xdf, 0xb8, 0x79, 0x55, 0x55, 0x56, 0x71, 0x2f,
    0x40, 0x5, 0xad, 0xef, 0xff, 0xff, 0xff, 0xe0,
    0x1, 0x0, 0x0, 0x0, 0x0, 0x0, 0x0, 0x0,
    0x0,

    /* U+989C "颜" */
    0x0, 0x0, 0x0, 0x0, 0x0, 0x0, 0x0, 0x0,
    0x0, 0x0, 0x0, 0xab, 0x0, 0x0, 0x0, 0x0,
    0x0, 0x0, 0x4, 0x55, 0xaf, 0x65, 0x5b, 0xff,
    0xff, 0xff, 0xf0, 0xb, 0xff, 0xff, 0xff, 0xf3,
    0x44, 0xae, 0x44, 0x40, 0x0, 0x5c, 0x0, 0x4b,
    0x10, 0x0, 0xc8, 0x0, 0x0, 0x0, 0x2f, 0x50,
    0xac, 0x4, 0xcc, 0xfd, 0xcc, 0x50, 0x2, 0x6e,
    0xa7, 0xfa, 0x66, 0xf8, 0x88, 0x8f, 0x60, 0x5,
    0xff, 0xff, 0xff, 0xe6, 0xf0, 0x59, 0xe, 0x60,
    0x5, 0xf1, 0x0, 0x8c, 0x26, 0xf0, 0x8c, 0xe,
    0x60, 0x5, 0xf4, 0x8e, 0xe4, 0x6, 0xf0, 0x8b,
    0xe, 0x60, 0x6, 0xf9, 0xc6, 0x28, 0x26, 0xf0,
    0x9b, 0xe, 0x60, 0x6, 0xf0, 0x5, 0xed, 0x26,
    0xf0, 0xa9, 0xe, 0x60, 0x7, 0xf7, 0xef, 0x91,
    0x6, 0xf0, 0xd7, 0xe, 0x60, 0x8, 0xe9, 0x92,
    0x2e, 0xb3, 0x72, 0xf3, 0x6, 0x30, 0xb, 0xb0,
    0x18, 0xfd, 0x20, 0xb, 0xd5, 0xe3, 0x0, 0xf,
    0xaa, 0xff, 0x80, 0x4, 0xcf, 0x30, 0xaf, 0x50,
    0x3f, 0x4b, 0x81, 0x1, 0xef, 0xb2, 0x0, 0x8,
    0xf1, 0x2, 0x0, 0x0, 0x0, 0x41, 0x0, 0x0,
    0x0, 0x30,

    /* U+98CE "风" */
    0x0, 0xf, 0xff, 0xff, 0xff, 0xff, 0xff, 0xf3,
    0x0, 0x0, 0xf, 0xe9, 0x99, 0x99, 0x99, 0x9c,
    0xf3, 0x0, 0x0, 0xf, 0xb0, 0x0, 0x0, 0x2,
    0x7, 0xf3, 0x0, 0x0, 0xf, 0xb1, 0x70, 0x0,
    0x6f, 0x37, 0xf2, 0x0, 0x0, 0xf, 0xb5, 0xf9,
    0x0, 0xdc, 0x7, 0xf2, 0x0, 0x0, 0xf, 0xb0,
    0x8f, 0x74, 0xf5, 0x6, 0xf3, 0x0, 0x0, 0xf,
    0xa0, 0xb, 0xfe, 0xe0, 0x6, 0xf3, 0x0, 0x0,
    0x1f, 0xa0, 0x0, 0xdf, 0x70, 0x6, 0xf3, 0x0,
    0x0, 0x3f, 0x80, 0x2, 0xff, 0xd0, 0x5, 0xf3,
    0x0, 0x0, 0x5f, 0x60, 0xd, 0xf9, 0xf9, 0x4,
    0xf4, 0x0, 0x0, 0x8f, 0x30, 0xbf, 0x60, 0xbf,
    0x53, 0xf5, 0x0, 0x0, 0xde, 0x1c, 0xf9, 0x0,
    0x1f, 0xe2, 0xf7, 0x47, 0x3, 0xfa, 0x1c, 0x80,
    0x0, 0x6, 0x70, 0xeb, 0x6c, 0xc, 0xf3, 0x0,
    0x0, 0x0, 0x0, 0x0, 0x9f, 0xe9, 0x8, 0xb0,
    0x0, 0x0, 0x0, 0x0, 0x0, 0x1c, 0xe3, 0x0,
    0x0, 0x0, 0x0, 0x0, 0x0, 0x0, 0x0, 0x0,

    /* U+9996 "首" */
    0x0, 0x0, 0x0, 0x0, 0x0, 0x0, 0x0, 0x0,
    0x0, 0x0, 0x9e, 0x20, 0x0, 0x0, 0xec, 0x0,
    0x0, 0x0, 0x4, 0xfc, 0x0, 0x0, 0x9f, 0x60,
    0x0, 0x9, 0x99, 0x9e, 0xe9, 0x99, 0x9f, 0xf9,
    0x99, 0x90, 0xff, 0xff, 0xff, 0xff, 0xff, 0xff,
    0xff, 0xff, 0x0, 0x0, 0x0, 0x1, 0xfd, 0x0,
    0x0, 0x0, 0x0, 0x0, 0x77, 0x77, 0xaf, 0xc7,
    0x77, 0x77, 0x0, 0x0, 0xf, 0xff, 0xff, 0xff,
    0xff, 0xff, 0xf0, 0x0, 0x0, 0xf9, 0x0, 0x0,
    0x0, 0x0, 0xaf, 0x0, 0x0, 0xf, 0xff, 0xff,
    0xff, 0xff, 0xff, 0xf0, 0x0, 0x0, 0xfb, 0x55,
    0x55, 0x55, 0x55, 0xcf, 0x0, 0x0, 0xf, 0x90,
    0x0, 0x0, 0x0, 0xa, 0xf0, 0x0, 0x0, 0xff,
    0xff, 0xff, 0xff, 0xff, 0xff, 0x0, 0x0, 0xf,
    0xb5, 0x55, 0x55, 0x55, 0x5c, 0xf0, 0x0, 0x0,
    0xf9, 0x0, 0x0, 0x0, 0x0, 0xaf, 0x0, 0x0,
    0xf, 0xff, 0xff, 0xff, 0xff, 0xff, 0xf0, 0x0,
    0x0, 0xfc, 0x77, 0x77, 0x77, 0x77, 0xdf, 0x0,
    0x0,

    /* U+9A7B "驻" */
    0x0, 0x0, 0x0, 0x0, 0x0, 0x17, 0x30, 0x0,
    0x0, 0xc, 0xff, 0xff, 0xd0, 0x0, 0x1f, 0xc0,
    0x0, 0x0, 0x5, 0x66, 0x6c, 0xc0, 0x0, 0x8,
    0xf3, 0x0, 0x0, 0x1, 0x61, 0xb, 0xb2, 0x88,
    0x8a, 0xd9, 0x88, 0x70, 0x3, 0xf3, 0xc, 0xa3,
    0xff, 0xff, 0xff, 0xff, 0xd0, 0x4, 0xf2, 0xd,
    0x80, 0x0, 0x7, 0xf3, 0x0, 0x0, 0x5, 0xf0,
    0xf, 0x70, 0x0, 0x7, 0xf3, 0x0, 0x0, 0x7,
    0xf0, 0xf, 0x50, 0x0, 0x7, 0xf3, 0x0, 0x0,
    0x8, 0xfb, 0xcf, 0xd6, 0x67, 0x7b, 0xf9, 0x77,
    0x20, 0x5, 0x88, 0x88, 0xf7, 0xef, 0xff, 0xff,
    0xff, 0x50, 0x0, 0x0, 0x0, 0xf6, 0x0, 0x7,
    0xf3, 0x0, 0x0, 0x0, 0x26, 0xa6, 0xf5, 0x0,
    0x7, 0xf3, 0x0, 0x0, 0x3f, 0xff, 0xc7, 0xf3,
    0x0, 0x7, 0xf3, 0x0, 0x0, 0x18, 0x40, 0x6,
    0xf1, 0x0, 0x7, 0xf3, 0x0, 0x0, 0x0, 0x15,
    0x5d, 0xd5, 0x88, 0x8c, 0xfa, 0x88, 0x81, 0x0,
    0x1f, 0xfe, 0x49, 0xff, 0xff, 0xff, 0xff, 0xf3,
    0x0, 0x0, 0x0, 0x0, 0x0, 0x0, 0x0, 0x0,
    0x0,

    /* U+9A8C "验" */
    0x0, 0x0, 0x0, 0x0, 0x0, 0x5, 0xb1, 0x0,
    0x0, 0xe, 0xff, 0xff, 0xb0, 0x0, 0xe, 0xf1,
    0x0, 0x0, 0x6, 0x66, 0x6d, 0xa0, 0x0, 0xbf,
    0xed, 0x10, 0x0, 0x2, 0xc2, 0xc, 0x80, 0x9,
    0xf5, 0x2e, 0xd1, 0x0, 0x3, 0xf2, 0xe, 0x71,
    0xbf, 0x70, 0x3, 0xee, 0x50, 0x5, 0xf1, 0xf,
    0x8d, 0xfb, 0x77, 0x77, 0xae, 0xf5, 0x6, 0xf0,
    0x1f, 0x5b, 0x56, 0xff, 0xff, 0xe1, 0xb0, 0x7,
    0xe0, 0x3f, 0x30, 0x0, 0x0, 0x10, 0x0, 0x0,
    0x9, 0xff, 0xff, 0xf8, 0x5a, 0x6, 0xe0, 0xb,
    0xb0, 0x3, 0x55, 0x55, 0xf7, 0x5f, 0x13, 0xf2,
    0x1f, 0x70, 0x0, 0x0, 0x1, 0xf6, 0xf, 0x60,
    0xf5, 0x6f, 0x10, 0x3, 0x6a, 0xe7, 0xf5, 0xd,
    0x90, 0xe7, 0xcb, 0x0, 0x5f, 0xfb, 0x75, 0xf3,
    0x6, 0x50, 0x23, 0xf3, 0x0, 0x13, 0x0, 0x6,
    0xf1, 0x0, 0x0, 0xa, 0xc0, 0x0, 0x0, 0x15,
    0x5d, 0xd2, 0xff, 0xff, 0xff, 0xff, 0xf0, 0x0,
    0x1f, 0xfe, 0x51, 0x77, 0x77, 0x77, 0x77, 0x70,
    0x0, 0x0, 0x0, 0x0, 0x0, 0x0, 0x0, 0x0,
    0x0,

    /* U+9AD8 "高" */
    0x0, 0x0, 0x0, 0x0, 0x0, 0x0, 0x0, 0x0,
    0x0, 0x0, 0x0, 0x1f, 0xa0, 0x0, 0x0, 0x0,
    0x44, 0x44, 0x44, 0x4e, 0xf5, 0x44, 0x44, 0x43,
    0xef, 0xff, 0xff, 0xff, 0xff, 0xff, 0xff, 0xfc,
    0x11, 0x22, 0x22, 0x22, 0x22, 0x22, 0x22, 0x11,
    0x0, 0x5f, 0xff, 0xff, 0xff, 0xff, 0xf7, 0x0,
    0x0, 0x5f, 0x62, 0x22, 0x22, 0x26, 0xf7, 0x0,
    0x0, 0x5f, 0x84, 0x44, 0x44, 0x48, 0xf7, 0x0,
    0x0, 0x4e, 0xee, 0xee, 0xee, 0xee, 0xe6, 0x0,
    0x14, 0x44, 0x44, 0x44, 0x44, 0x44, 0x44, 0x41,
    0x5f, 0xff, 0xff, 0xff, 0xff, 0xff, 0xff, 0xf4,
    0x5f, 0x40, 0x22, 0x22, 0x22, 0x22, 0x6, 0xf4,
    0x5f, 0x40, 0xff, 0xff, 0xff, 0xfa, 0x6, 0xf4,
    0x5f, 0x40, 0xf9, 0x0, 0x0, 0xca, 0x6, 0xf4,
    0x5f, 0x40, 0xfc, 0x66, 0x66, 0xea, 0x6, 0xf4,
    0x5f, 0x40, 0xfe, 0xdd, 0xdd, 0xdb, 0x5a, 0xf4,
    0x5f, 0x40, 0x64, 0x0, 0x0, 0x3, 0xdd, 0x90,

    /* U+9EC4 "黄" */
    0x0, 0x0, 0xaf, 0x10, 0x0, 0xfb, 0x0, 0x0,
    0x0, 0x58, 0x8d, 0xf8, 0x88, 0x8f, 0xd8, 0x86,
    0x0, 0xa, 0xff, 0xff, 0xff, 0xff, 0xff, 0xff,
    0xc0, 0x0, 0x0, 0xa, 0xf1, 0x0, 0xf, 0xb0,
    0x0, 0x0, 0x88, 0x88, 0xdf, 0x98, 0x88, 0xfd,
    0x88, 0x88, 0xe, 0xff, 0xff, 0xff, 0xff, 0xff,
    0xff, 0xff, 0xf0, 0x0, 0x0, 0x0, 0xd, 0xd0,
    0x0, 0x0, 0x0, 0x0, 0x1f, 0xff, 0xff, 0xff,
    0xff, 0xff, 0xf4, 0x0, 0x1, 0xf9, 0x22, 0x2e,
    0xe2, 0x22, 0x7f, 0x40, 0x0, 0x1f, 0xa5, 0x55,
    0xee, 0x55, 0x59, 0xf4, 0x0, 0x1, 0xfe, 0xcc,
    0xcf, 0xfc, 0xcc, 0xef, 0x40, 0x0, 0x1f, 0x80,
    0x0, 0xdd, 0x0, 0x7, 0xf4, 0x0, 0x1, 0xff,
    0xff, 0xff, 0xff, 0xff, 0xff, 0x40, 0x0, 0x2,
    0x27, 0xb3, 0x22, 0x2b, 0x83, 0x20, 0x0, 0x2,
    0x7d, 0xfd, 0x40, 0x2, 0xbf, 0xfa, 0x40, 0x8,
    0xff, 0xb5, 0x0, 0x0, 0x0, 0x17, 0xdf, 0x80,
    0x5, 0x10, 0x0, 0x0, 0x0, 0x0, 0x0, 0x40,
    0x0,

    /* U+9ED8 "默" */
    0x0, 0x0, 0x0, 0x0, 0x0, 0x0, 0x8e, 0x0,
    0x0, 0x3, 0xff, 0xff, 0xff, 0xf0, 0x0, 0x8e,
    0x73, 0x0, 0x3, 0xf5, 0x6d, 0x48, 0xf0, 0x0,
    0x8e, 0x9e, 0x10, 0x3, 0xec, 0x4d, 0x8c, 0xf0,
    0x0, 0x8e, 0xc, 0xb0, 0x3, 0xe9, 0x7d, 0xc6,
    0xf0, 0x0, 0x8e, 0x2, 0x20, 0x3, 0xf4, 0x6d,
    0x67, 0xf7, 0xee, 0xff, 0xee, 0xe5, 0x3, 0xff,
    0xff, 0xff, 0xf5, 0x88, 0xdf, 0x98, 0x83, 0x0,
    0x0, 0x7f, 0x0, 0x0, 0x0, 0xbf, 0x20, 0x0,
    0x4, 0xff, 0xff, 0xff, 0xe0, 0x0, 0xef, 0x50,
    0x0, 0x1, 0x55, 0xaf, 0x55, 0x50, 0x1, 0xff,
    0x90, 0x0, 0x2, 0x45, 0xaf, 0x78, 0x91, 0x6,
    0xf8, 0xf0, 0x0, 0xa, 0xff, 0xff, 0xed, 0xc2,
    0xc, 0xc0, 0xf5, 0x0, 0x1, 0x72, 0x21, 0x23,
    0x30, 0x4f, 0x60, 0xad, 0x0, 0x2, 0xf5, 0xd5,
    0xb7, 0xb0, 0xde, 0x10, 0x4f, 0x70, 0x9, 0xa2,
    0xf2, 0xf2, 0xca, 0xf6, 0x0, 0xb, 0xf6, 0xe,
    0x32, 0xe0, 0x80, 0x1e, 0xb0, 0x0, 0x1, 0xe7,
    0x0, 0x0, 0x0, 0x0, 0x1, 0x0, 0x0, 0x0,
    0x10,

    /* U+9F13 "鼓" */
    0x0, 0x0, 0x0, 0x0, 0x0, 0x0, 0x0, 0x0,
    0x0, 0x0, 0x0, 0xdc, 0x0, 0x0, 0x0, 0xeb,
    0x0, 0x0, 0x6, 0x66, 0xee, 0x66, 0x50, 0x0,
    0xeb, 0x0, 0x0, 0x1f, 0xff, 0xff, 0xff, 0xc3,
    0x33, 0xfc, 0x33, 0x30, 0x0, 0x0, 0xdc, 0x0,
    0xf, 0xff, 0xff, 0xff, 0xf0, 0x9, 0xff, 0xff,
    0xff, 0x80, 0x0, 0xec, 0x0, 0x0, 0x4, 0x66,
    0x66, 0x66, 0x30, 0x0, 0xeb, 0x0, 0x0, 0x2,
    0x55, 0x55, 0x55, 0x16, 0x66, 0xfd, 0x66, 0x20,
    0x5, 0xff, 0xff, 0xff, 0x4f, 0xff, 0xff, 0xff,
    0xb0, 0x5, 0xf2, 0x0, 0x5f, 0x47, 0xf3, 0x11,
    0x6f, 0x60, 0x5, 0xf7, 0x55, 0x8f, 0x43, 0xf7,
    0x0, 0xbf, 0x0, 0x5, 0xff, 0xff, 0xff, 0x40,
    0xce, 0x3, 0xfa, 0x0, 0x0, 0x78, 0x0, 0xb6,
    0x0, 0x4f, 0x9d, 0xe1, 0x0, 0x0, 0x8f, 0x13,
    0xf5, 0x0, 0xa, 0xff, 0x60, 0x0, 0x0, 0x4d,
    0x27, 0xf6, 0x70, 0x1c, 0xff, 0x70, 0x0, 0x18,
    0xbc, 0xef, 0xff, 0xe6, 0xef, 0x9d, 0xfb, 0x30,
    0x1f, 0xdb, 0x86, 0x41, 0xaf, 0xe5, 0x0, 0xaf,
    0xf2, 0x0, 0x0, 0x0, 0x0, 0x16, 0x0, 0x0,
    0x3, 0x40,

    /* U+FF0C "，" */
    0x0, 0x0, 0x0, 0x6f, 0xd0, 0xb, 0xff, 0x40,
    0x2a, 0xf5, 0x0, 0x5f, 0x20, 0x6e, 0xa0, 0x3f,
    0x90, 0x0, 0x10, 0x0,

    /* U+FF1A "：" */
    0x5, 0xb5, 0x0, 0xef, 0xe0, 0x9, 0xf9, 0x0,
    0x1, 0x0, 0x0, 0x0, 0x0, 0x0, 0x0, 0x0,
    0x0, 0x0, 0x0, 0x0, 0x0, 0x0, 0x0, 0x6c,
    0x60, 0xe, 0xfe, 0x0, 0x8f, 0x80, 0x0, 0x0,
    0x0,

    /* U+FF1B "；" */
    0x5, 0xb5, 0x0, 0xef, 0xe0, 0x9, 0xf9, 0x0,
    0x1, 0x0, 0x0, 0x0, 0x0, 0x0, 0x0, 0x0,
    0x0, 0x0, 0x0, 0x0, 0x5, 0xc8, 0x0, 0xdf,
    0xf2, 0x6, 0xff, 0x40, 0x4, 0xf2, 0x0, 0xbd,
    0x1, 0xbf, 0x40, 0x3c, 0x30, 0x0, 0x0, 0x0
};


/*---------------------
 *  GLYPH DESCRIPTION
 *--------------------*/

static const lv_font_fmt_txt_glyph_dsc_t glyph_dsc[] = {
    {.bitmap_index = 0, .adv_w = 0, .box_w = 0, .box_h = 0, .ofs_x = 0, .ofs_y = 0} /* id = 0 reserved */,
    {.bitmap_index = 0, .adv_w = 79, .box_w = 0, .box_h = 0, .ofs_x = 0, .ofs_y = 0},
    {.bitmap_index = 0, .adv_w = 80, .box_w = 3, .box_h = 13, .ofs_x = 1, .ofs_y = 0},
    {.bitmap_index = 20, .adv_w = 119, .box_w = 6, .box_h = 6, .ofs_x = 1, .ofs_y = 7},
    {.bitmap_index = 38, .adv_w = 205, .box_w = 13, .box_h = 13, .ofs_x = 0, .ofs_y = 0},
    {.bitmap_index = 123, .adv_w = 181, .box_w = 11, .box_h = 18, .ofs_x = 0, .ofs_y = -2},
    {.bitmap_index = 222, .adv_w = 248, .box_w = 15, .box_h = 13, .ofs_x = 0, .ofs_y = 0},
    {.bitmap_index = 320, .adv_w = 203, .box_w = 13, .box_h = 14, .ofs_x = 0, .ofs_y = -1},
    {.bitmap_index = 411, .adv_w = 63, .box_w = 2, .box_h = 6, .ofs_x = 1, .ofs_y = 7},
    {.bitmap_index = 417, .adv_w = 100, .box_w = 5, .box_h = 18, .ofs_x = 1, .ofs_y = -4},
    {.bitmap_index = 462, .adv_w = 100, .box_w = 5, .box_h = 18, .ofs_x = 0, .ofs_y = -4},
    {.bitmap_index = 507, .adv_w = 120, .box_w = 8, .box_h = 8, .ofs_x = 0, .ofs_y = 6},
    {.bitmap_index = 539, .adv_w = 170, .box_w = 9, .box_h = 8, .ofs_x = 1, .ofs_y = 3},
    {.bitmap_index = 575, .adv_w = 70, .box_w = 4, .box_h = 7, .ofs_x = 0, .ofs_y = -3},
    {.bitmap_index = 589, .adv_w = 111, .box_w = 6, .box_h = 2, .ofs_x = 0, .ofs_y = 4},
    {.bitmap_index = 595, .adv_w = 70, .box_w = 4, .box_h = 4, .ofs_x = 0, .ofs_y = 0},
    {.bitmap_index = 603, .adv_w = 107, .box_w = 9, .box_h = 18, .ofs_x = -1, .ofs_y = -2},
    {.bitmap_index = 684, .adv_w = 194, .box_w = 12, .box_h = 13, .ofs_x = 0, .ofs_y = 0},
    {.bitmap_index = 762, .adv_w = 110, .box_w = 6, .box_h = 13, .ofs_x = 0, .ofs_y = 0},
    {.bitmap_index = 801, .adv_w = 168, .box_w = 10, .box_h = 13, .ofs_x = 0, .ofs_y = 0},
    {.bitmap_index = 866, .adv_w = 168, .box_w = 10, .box_h = 13, .ofs_x = 0, .ofs_y = 0},
    {.bitmap_index = 931, .adv_w = 196, .box_w = 13, .box_h = 13, .ofs_x = 0, .ofs_y = 0},
    {.bitmap_index = 1016, .adv_w = 168, .box_w = 10, .box_h = 13, .ofs_x = 0, .ofs_y = 0},
    {.bitmap_index = 1081, .adv_w = 181, .box_w = 11, .box_h = 13, .ofs_x = 0, .ofs_y = 0},
    {.bitmap_index = 1153, .adv_w = 175, .box_w = 11, .box_h = 13, .ofs_x = 0, .ofs_y = 0},
    {.bitmap_index = 1225, .adv_w = 188, .box_w = 12, .box_h = 13, .ofs_x = 0, .ofs_y = 0},
    {.bitmap_index = 1303, .adv_w = 181, .box_w = 11, .box_h = 13, .ofs_x = 0, .ofs_y = 0},
    {.bitmap_index = 1375, .adv_w = 70, .box_w = 4, .box_h = 10, .ofs_x = 0, .ofs_y = 0},
    {.bitmap_index = 1395, .adv_w = 70, .box_w = 4, .box_h = 13, .ofs_x = 0, .ofs_y = -3},
    {.bitmap_index = 1421, .adv_w = 170, .box_w = 9, .box_h = 9, .ofs_x = 1, .ofs_y = 2},
    {.bitmap_index = 1462, .adv_w = 170, .box_w = 9, .box_h = 6, .ofs_x = 1, .ofs_y = 4},
    {.bitmap_index = 1489, .adv_w = 170, .box_w = 9, .box_h = 9, .ofs_x = 1, .ofs_y = 2},
    {.bitmap_index = 1530, .adv_w = 167, .box_w = 10, .box_h = 13, .ofs_x = 0, .ofs_y = 0},
    {.bitmap_index = 1595, .adv_w = 298, .box_w = 18, .box_h = 17, .ofs_x = 0, .ofs_y = -4},
    {.bitmap_index = 1748, .adv_w = 216, .box_w = 15, .box_h = 13, .ofs_x = -1, .ofs_y = 0},
    {.bitmap_index = 1846, .adv_w = 219, .box_w = 12, .box_h = 13, .ofs_x = 1, .ofs_y = 0},
    {.bitmap_index = 1924, .adv_w = 209, .box_w = 13, .box_h = 13, .ofs_x = 0, .ofs_y = 0},
    {.bitmap_index = 2009, .adv_w = 238, .box_w = 14, .box_h = 13, .ofs_x = 1, .ofs_y = 0},
    {.bitmap_index = 2100, .adv_w = 193, .box_w = 11, .box_h = 13, .ofs_x = 1, .ofs_y = 0},
    {.bitmap_index = 2172, .adv_w = 183, .box_w = 10, .box_h = 13, .ofs_x = 1, .ofs_y = 0},
    {.bitmap_index = 2237, .adv_w = 222, .box_w = 13, .box_h = 13, .ofs_x = 0, .ofs_y = 0},
    {.bitmap_index = 2322, .adv_w = 233, .box_w = 12, .box_h = 13, .ofs_x = 1, .ofs_y = 0},
    {.bitmap_index = 2400, .adv_w = 92, .box_w = 4, .box_h = 13, .ofs_x = 1, .ofs_y = 0},
    {.bitmap_index = 2426, .adv_w = 152, .box_w = 9, .box_h = 13, .ofs_x = -1, .ofs_y = 0},
    {.bitmap_index = 2485, .adv_w = 210, .box_w = 13, .box_h = 13, .ofs_x = 1, .ofs_y = 0},
    {.bitmap_index = 2570, .adv_w = 173, .box_w = 10, .box_h = 13, .ofs_x = 1, .ofs_y = 0},
    {.bitmap_index = 2635, .adv_w = 275, .box_w = 15, .box_h = 13, .ofs_x = 1, .ofs_y = 0},
    {.bitmap_index = 2733, .adv_w = 233, .box_w = 12, .box_h = 13, .ofs_x = 1, .ofs_y = 0},
    {.bitmap_index = 2811, .adv_w = 242, .box_w = 15, .box_h = 13, .ofs_x = 0, .ofs_y = 0},
    {.bitmap_index = 2909, .adv_w = 209, .box_w = 12, .box_h = 13, .ofs_x = 1, .ofs_y = 0},
    {.bitmap_index = 2987, .adv_w = 242, .box_w = 15, .box_h = 16, .ofs_x = 0, .ofs_y = -3},
    {.bitmap_index = 3107, .adv_w = 211, .box_w = 12, .box_h = 13, .ofs_x = 1, .ofs_y = 0},
    {.bitmap_index = 3185, .adv_w = 181, .box_w = 11, .box_h = 13, .ofs_x = 0, .ofs_y = 0},
    {.bitmap_index = 3257, .adv_w = 173, .box_w = 11, .box_h = 13, .ofs_x = 0, .ofs_y = 0},
    {.bitmap_index = 3329, .adv_w = 227, .box_w = 12, .box_h = 13, .ofs_x = 1, .ofs_y = 0},
    {.bitmap_index = 3407, .adv_w = 210, .box_w = 15, .box_h = 13, .ofs_x = -1, .ofs_y = 0},
    {.bitmap_index = 3505, .adv_w = 329, .box_w = 21, .box_h = 13, .ofs_x = 0, .ofs_y = 0},
    {.bitmap_index = 3642, .adv_w = 200, .box_w = 13, .box_h = 13, .ofs_x = 0, .ofs_y = 0},
    {.bitmap_index = 3727, .adv_w = 190, .box_w = 14, .box_h = 13, .ofs_x = -1, .ofs_y = 0},
    {.bitmap_index = 3818, .adv_w = 191, .box_w = 12, .box_h = 13, .ofs_x = 0, .ofs_y = 0},
    {.bitmap_index = 3896, .adv_w = 101, .box_w = 5, .box_h = 18, .ofs_x = 1, .ofs_y = -4},
    {.bitmap_index = 3941, .adv_w = 107, .box_w = 9, .box_h = 18, .ofs_x = -1, .ofs_y = -2},
    {.bitmap_index = 4022, .adv_w = 101, .box_w = 5, .box_h = 18, .ofs_x = 0, .ofs_y = -4},
    {.bitmap_index = 4067, .adv_w = 170, .box_w = 9, .box_h = 8, .ofs_x = 1, .ofs_y = 3},
    {.bitmap_index = 4103, .adv_w = 144, .box_w = 9, .box_h = 3, .ofs_x = 0, .ofs_y = -2},
    {.bitmap_index = 4117, .adv_w = 173, .box_w = 6, .box_h = 3, .ofs_x = 1, .ofs_y = 11},
    {.bitmap_index = 4126, .adv_w = 175, .box_w = 10, .box_h = 10, .ofs_x = 0, .ofs_y = 0},
    {.bitmap_index = 4176, .adv_w = 198, .box_w = 11, .box_h = 14, .ofs_x = 1, .ofs_y = 0},
    {.bitmap_index = 4253, .adv_w = 167, .box_w = 10, .box_h = 10, .ofs_x = 0, .ofs_y = 0},
    {.bitmap_index = 4303, .adv_w = 198, .box_w = 11, .box_h = 14, .ofs_x = 0, .ofs_y = 0},
    {.bitmap_index = 4380, .adv_w = 179, .box_w = 11, .box_h = 10, .ofs_x = 0, .ofs_y = 0},
    {.bitmap_index = 4435, .adv_w = 106, .box_w = 8, .box_h = 14, .ofs_x = 0, .ofs_y = 0},
    {.bitmap_index = 4491, .adv_w = 200, .box_w = 12, .box_h = 14, .ofs_x = 0, .ofs_y = -4},
    {.bitmap_index = 4575, .adv_w = 197, .box_w = 10, .box_h = 14, .ofs_x = 1, .ofs_y = 0},
    {.bitmap_index = 4645, .adv_w = 83, .box_w = 4, .box_h = 15, .ofs_x = 1, .ofs_y = 0},
    {.bitmap_index = 4675, .adv_w = 85, .box_w = 7, .box_h = 19, .ofs_x = -2, .ofs_y = -4},
    {.bitmap_index = 4742, .adv_w = 183, .box_w = 11, .box_h = 14, .ofs_x = 1, .ofs_y = 0},
    {.bitmap_index = 4819, .adv_w = 83, .box_w = 3, .box_h = 14, .ofs_x = 1, .ofs_y = 0},
    {.bitmap_index = 4840, .adv_w = 303, .box_w = 17, .box_h = 10, .ofs_x = 1, .ofs_y = 0},
    {.bitmap_index = 4925, .adv_w = 197, .box_w = 10, .box_h = 10, .ofs_x = 1, .ofs_y = 0},
    {.bitmap_index = 4975, .adv_w = 186, .box_w = 11, .box_h = 10, .ofs_x = 0, .ofs_y = 0},
    {.bitmap_index = 5030, .adv_w = 198, .box_w = 11, .box_h = 14, .ofs_x = 1, .ofs_y = -4},
    {.bitmap_index = 5107, .adv_w = 198, .box_w = 11, .box_h = 14, .ofs_x = 0, .ofs_y = -4},
    {.bitmap_index = 5184, .adv_w = 121, .box_w = 7, .box_h = 10, .ofs_x = 1, .ofs_y = 0},
    {.bitmap_index = 5219, .adv_w = 148, .box_w = 9, .box_h = 10, .ofs_x = 0, .ofs_y = 0},
    {.bitmap_index = 5264, .adv_w = 122, .box_w = 8, .box_h = 12, .ofs_x = 0, .ofs_y = 0},
    {.bitmap_index = 5312, .adv_w = 196, .box_w = 10, .box_h = 10, .ofs_x = 1, .ofs_y = 0},
    {.bitmap_index = 5362, .adv_w = 166, .box_w = 12, .box_h = 10, .ofs_x = -1, .ofs_y = 0},
    {.bitmap_index = 5422, .adv_w = 265, .box_w = 17, .box_h = 10, .ofs_x = 0, .ofs_y = 0},
    {.bitmap_index = 5507, .adv_w = 165, .box_w = 11, .box_h = 10, .ofs_x = 0, .ofs_y = 0},
    {.bitmap_index = 5562, .adv_w = 166, .box_w = 12, .box_h = 14, .ofs_x = -1, .ofs_y = -4},
    {.bitmap_index = 5646, .adv_w = 153, .box_w = 9, .box_h = 10, .ofs_x = 0, .ofs_y = 0},
    {.bitmap_index = 5691, .adv_w = 107, .box_w = 7, .box_h = 18, .ofs_x = 0, .ofs_y = -4},
    {.bitmap_index = 5754, .adv_w = 87, .box_w = 3, .box_h = 18, .ofs_x = 1, .ofs_y = -4},
    {.bitmap_index = 5781, .adv_w = 107, .box_w = 6, .box_h = 18, .ofs_x = 0, .ofs_y = -4},
    {.bitmap_index = 5835, .adv_w = 170, .box_w = 10, .box_h = 4, .ofs_x = 0, .ofs_y = 5},
    {.bitmap_index = 5855, .adv_w = 288, .box_w = 6, .box_h = 5, .ofs_x = 6, .ofs_y = 5},
    {.bitmap_index = 5870, .adv_w = 259, .box_w = 16, .box_h = 3, .ofs_x = 0, .ofs_y = 4},
    {.bitmap_index = 5894, .adv_w = 173, .box_w = 11, .box_h = 9, .ofs_x = 0, .ofs_y = 0},
    {.bitmap_index = 5944, .adv_w = 173, .box_w = 11, .box_h = 12, .ofs_x = 0, .ofs_y = 0},
    {.bitmap_index = 6010, .adv_w = 173, .box_w = 9, .box_h = 11, .ofs_x = 1, .ofs_y = 0},
    {.bitmap_index = 6060, .adv_w = 173, .box_w = 9, .box_h = 9, .ofs_x = 1, .ofs_y = 1},
    {.bitmap_index = 6101, .adv_w = 262, .box_w = 16, .box_h = 10, .ofs_x = 0, .ofs_y = 1},
    {.bitmap_index = 6181, .adv_w = 262, .box_w = 16, .box_h = 10, .ofs_x = 0, .ofs_y = 1},
    {.bitmap_index = 6261, .adv_w = 173, .box_w = 11, .box_h = 12, .ofs_x = 0, .ofs_y = -1},
    {.bitmap_index = 6327, .adv_w = 173, .box_w = 11, .box_h = 12, .ofs_x = 0, .ofs_y = -1},
    {.bitmap_index = 6393, .adv_w = 173, .box_w = 11, .box_h = 12, .ofs_x = 0, .ofs_y = -1},
    {.bitmap_index = 6459, .adv_w = 173, .box_w = 9, .box_h = 13, .ofs_x = 1, .ofs_y = 0},
    {.bitmap_index = 6518, .adv_w = 173, .box_w = 10, .box_h = 15, .ofs_x = 0, .ofs_y = -2},
    {.bitmap_index = 6593, .adv_w = 173, .box_w = 11, .box_h = 11, .ofs_x = 0, .ofs_y = 0},
    {.bitmap_index = 6654, .adv_w = 288, .box_w = 7, .box_h = 7, .ofs_x = 0, .ofs_y = -2},
    {.bitmap_index = 6679, .adv_w = 288, .box_w = 7, .box_h = 6, .ofs_x = 0, .ofs_y = -1},
    {.bitmap_index = 6700, .adv_w = 288, .box_w = 18, .box_h = 2, .ofs_x = 0, .ofs_y = 6},
    {.bitmap_index = 6718, .adv_w = 288, .box_w = 18, .box_h = 16, .ofs_x = 0, .ofs_y = -1},
    {.bitmap_index = 6862, .adv_w = 288, .box_w = 16, .box_h = 15, .ofs_x = 1, .ofs_y = -1},
    {.bitmap_index = 6982, .adv_w = 288, .box_w = 18, .box_h = 15, .ofs_x = 0, .ofs_y = -1},
    {.bitmap_index = 7117, .adv_w = 288, .box_w = 16, .box_h = 17, .ofs_x = 1, .ofs_y = -2},
    {.bitmap_index = 7253, .adv_w = 288, .box_w = 16, .box_h = 17, .ofs_x = 1, .ofs_y = -2},
    {.bitmap_index = 7389, .adv_w = 288, .box_w = 16, .box_h = 18, .ofs_x = 1, .ofs_y = -2},
    {.bitmap_index = 7533, .adv_w = 288, .box_w = 18, .box_h = 17, .ofs_x = 0, .ofs_y = -1},
    {.bitmap_index = 7686, .adv_w = 288, .box_w = 16, .box_h = 16, .ofs_x = 1, .ofs_y = -1},
    {.bitmap_index = 7814, .adv_w = 288, .box_w = 16, .box_h = 17, .ofs_x = 1, .ofs_y = -2},
    {.bitmap_index = 7950, .adv_w = 288, .box_w = 17, .box_h = 17, .ofs_x = 1, .ofs_y = -1},
    {.bitmap_index = 8095, .adv_w = 288, .box_w = 18, .box_h = 16, .ofs_x = 0, .ofs_y = -1},
    {.bitmap_index = 8239, .adv_w = 288, .box_w = 16, .box_h = 13, .ofs_x = 1, .ofs_y = 0},
    {.bitmap_index = 8343, .adv_w = 288, .box_w = 16, .box_h = 16, .ofs_x = 1, .ofs_y = -2},
    {.bitmap_index = 8471, .adv_w = 288, .box_w = 17, .box_h = 17, .ofs_x = 1, .ofs_y = -1},
    {.bitmap_index = 8616, .adv_w = 288, .box_w = 17, .box_h = 17, .ofs_x = 0, .ofs_y = -1},
    {.bitmap_index = 8761, .adv_w = 288, .box_w = 16, .box_h = 18, .ofs_x = 1, .ofs_y = -2},
    {.bitmap_index = 8905, .adv_w = 288, .box_w = 18, .box_h = 17, .ofs_x = 0, .ofs_y = -2},
    {.bitmap_index = 9058, .adv_w = 288, .box_w = 18, .box_h = 18, .ofs_x = 0, .ofs_y = -2},
    {.bitmap_index = 9220, .adv_w = 288, .box_w = 18, .box_h = 18, .ofs_x = 0, .ofs_y = -3},
    {.bitmap_index = 9382, .adv_w = 288, .box_w = 17, .box_h = 17, .ofs_x = 1, .ofs_y = -2},
    {.bitmap_index = 9527, .adv_w = 288, .box_w = 18, .box_h = 17, .ofs_x = 0, .ofs_y = -1},
    {.bitmap_index = 9680, .adv_w = 288, .box_w = 18, .box_h = 18, .ofs_x = 0, .ofs_y = -2},
    {.bitmap_index = 9842, .adv_w = 288, .box_w = 18, .box_h = 17, .ofs_x = 0, .ofs_y = -1},
    {.bitmap_index = 9995, .adv_w = 288, .box_w = 18, .box_h = 17, .ofs_x = 0, .ofs_y = -1},
    {.bitmap_index = 10148, .adv_w = 288, .box_w = 18, .box_h = 18, .ofs_x = 0, .ofs_y = -2},
    {.bitmap_index = 10310, .adv_w = 288, .box_w = 18, .box_h = 17, .ofs_x = 0, .ofs_y = -2},
    {.bitmap_index = 10463, .adv_w = 288, .box_w = 18, .box_h = 17, .ofs_x = 0, .ofs_y = -2},
    {.bitmap_index = 10616, .adv_w = 288, .box_w = 17, .box_h = 18, .ofs_x = 0, .ofs_y = -2},
    {.bitmap_index = 10769, .adv_w = 288, .box_w = 18, .box_h = 17, .ofs_x = 0, .ofs_y = -2},
    {.bitmap_index = 10922, .adv_w = 288, .box_w = 18, .box_h = 17, .ofs_x = 0, .ofs_y = -1},
    {.bitmap_index = 11075, .adv_w = 288, .box_w = 18, .box_h = 17, .ofs_x = 0, .ofs_y = -2},
    {.bitmap_index = 11228, .adv_w = 288, .box_w = 18, .box_h = 17, .ofs_x = 0, .ofs_y = -2},
    {.bitmap_index = 11381, .adv_w = 288, .box_w = 17, .box_h = 18, .ofs_x = 0, .ofs_y = -2},
    {.bitmap_index = 11534, .adv_w = 288, .box_w = 18, .box_h = 17, .ofs_x = 0, .ofs_y = -1},
    {.bitmap_index = 11687, .adv_w = 288, .box_w = 18, .box_h = 17, .ofs_x = 0, .ofs_y = -1},
    {.bitmap_index = 11840, .adv_w = 288, .box_w = 18, .box_h = 17, .ofs_x = 0, .ofs_y = -2},
    {.bitmap_index = 11993, .adv_w = 288, .box_w = 18, .box_h = 17, .ofs_x = 0, .ofs_y = -2},
    {.bitmap_index = 12146, .adv_w = 288, .box_w = 18, .box_h = 17, .ofs_x = 0, .ofs_y = -2},
    {.bitmap_index = 12299, .adv_w = 288, .box_w = 18, .box_h = 17, .ofs_x = 0, .ofs_y = -2},
    {.bitmap_index = 12452, .adv_w = 288, .box_w = 18, .box_h = 17, .ofs_x = 0, .ofs_y = -1},
    {.bitmap_index = 12605, .adv_w = 288, .box_w = 18, .box_h = 17, .ofs_x = 0, .ofs_y = -2},
    {.bitmap_index = 12758, .adv_w = 288, .box_w = 18, .box_h = 17, .ofs_x = 0, .ofs_y = -2},
    {.bitmap_index = 12911, .adv_w = 288, .box_w = 18, .box_h = 18, .ofs_x = 0, .ofs_y = -2},
    {.bitmap_index = 13073, .adv_w = 288, .box_w = 16, .box_h = 16, .ofs_x = 1, .ofs_y = -1},
    {.bitmap_index = 13201, .adv_w = 288, .box_w = 18, .box_h = 15, .ofs_x = 0, .ofs_y = -1},
    {.bitmap_index = 13336, .adv_w = 288, .box_w = 18, .box_h = 17, .ofs_x = 0, .ofs_y = -2},
    {.bitmap_index = 13489, .adv_w = 288, .box_w = 18, .box_h = 18, .ofs_x = 0, .ofs_y = -2},
    {.bitmap_index = 13651, .adv_w = 288, .box_w = 18, .box_h = 17, .ofs_x = 0, .ofs_y = -2},
    {.bitmap_index = 13804, .adv_w = 288, .box_w = 18, .box_h = 16, .ofs_x = 0, .ofs_y = -2},
    {.bitmap_index = 13948, .adv_w = 288, .box_w = 17, .box_h = 17, .ofs_x = 0, .ofs_y = -2},
    {.bitmap_index = 14093, .adv_w = 288, .box_w = 17, .box_h = 17, .ofs_x = 0, .ofs_y = -2},
    {.bitmap_index = 14238, .adv_w = 288, .box_w = 17, .box_h = 17, .ofs_x = 0, .ofs_y = -2},
    {.bitmap_index = 14383, .adv_w = 288, .box_w = 17, .box_h = 16, .ofs_x = 0, .ofs_y = -1},
    {.bitmap_index = 14519, .adv_w = 288, .box_w = 17, .box_h = 18, .ofs_x = 0, .ofs_y = -2},
    {.bitmap_index = 14672, .adv_w = 288, .box_w = 18, .box_h = 18, .ofs_x = 0, .ofs_y = -2},
    {.bitmap_index = 14834, .adv_w = 288, .box_w = 17, .box_h = 17, .ofs_x = 0, .ofs_y = -2},
    {.bitmap_index = 14979, .adv_w = 288, .box_w = 16, .box_h = 17, .ofs_x = 1, .ofs_y = -2},
    {.bitmap_index = 15115, .adv_w = 288, .box_w = 17, .box_h = 15, .ofs_x = 1, .ofs_y = -1},
    {.bitmap_index = 15243, .adv_w = 288, .box_w = 17, .box_h = 17, .ofs_x = 1, .ofs_y = -1},
    {.bitmap_index = 15388, .adv_w = 288, .box_w = 15, .box_h = 16, .ofs_x = 2, .ofs_y = -1},
    {.bitmap_index = 15508, .adv_w = 288, .box_w = 17, .box_h = 16, .ofs_x = 1, .ofs_y = -1},
    {.bitmap_index = 15644, .adv_w = 288, .box_w = 18, .box_h = 16, .ofs_x = 0, .ofs_y = -2},
    {.bitmap_index = 15788, .adv_w = 288, .box_w = 18, .box_h = 16, .ofs_x = 0, .ofs_y = -2},
    {.bitmap_index = 15932, .adv_w = 288, .box_w = 18, .box_h = 18, .ofs_x = 0, .ofs_y = -2},
    {.bitmap_index = 16094, .adv_w = 288, .box_w = 17, .box_h = 18, .ofs_x = 0, .ofs_y = -2},
    {.bitmap_index = 16247, .adv_w = 288, .box_w = 14, .box_h = 15, .ofs_x = 2, .ofs_y = -1},
    {.bitmap_index = 16352, .adv_w = 288, .box_w = 16, .box_h = 16, .ofs_x = 1, .ofs_y = -2},
    {.bitmap_index = 16480, .adv_w = 288, .box_w = 17, .box_h = 15, .ofs_x = 1, .ofs_y = -1},
    {.bitmap_index = 16608, .adv_w = 288, .box_w = 16, .box_h = 17, .ofs_x = 1, .ofs_y = -1},
    {.bitmap_index = 16744, .adv_w = 288, .box_w = 17, .box_h = 17, .ofs_x = 0, .ofs_y = -1},
    {.bitmap_index = 16889, .adv_w = 288, .box_w = 18, .box_h = 17, .ofs_x = 0, .ofs_y = -1},
    {.bitmap_index = 17042, .adv_w = 288, .box_w = 16, .box_h = 15, .ofs_x = 1, .ofs_y = -1},
    {.bitmap_index = 17162, .adv_w = 288, .box_w = 18, .box_h = 17, .ofs_x = 0, .ofs_y = -2},
    {.bitmap_index = 17315, .adv_w = 288, .box_w = 18, .box_h = 17, .ofs_x = 0, .ofs_y = -1},
    {.bitmap_index = 17468, .adv_w = 288, .box_w = 16, .box_h = 18, .ofs_x = 1, .ofs_y = -2},
    {.bitmap_index = 17612, .adv_w = 288, .box_w = 17, .box_h = 17, .ofs_x = 0, .ofs_y = -1},
    {.bitmap_index = 17757, .adv_w = 288, .box_w = 18, .box_h = 15, .ofs_x = 0, .ofs_y = -1},
    {.bitmap_index = 17892, .adv_w = 288, .box_w = 16, .box_h = 15, .ofs_x = 1, .ofs_y = -1},
    {.bitmap_index = 18012, .adv_w = 288, .box_w = 16, .box_h = 15, .ofs_x = 1, .ofs_y = -1},
    {.bitmap_index = 18132, .adv_w = 288, .box_w = 16, .box_h = 15, .ofs_x = 1, .ofs_y = -1},
    {.bitmap_index = 18252, .adv_w = 288, .box_w = 16, .box_h = 15, .ofs_x = 1, .ofs_y = -1},
    {.bitmap_index = 18372, .adv_w = 288, .box_w = 16, .box_h = 15, .ofs_x = 1, .ofs_y = -1},
    {.bitmap_index = 18492, .adv_w = 288, .box_w = 17, .box_h = 17, .ofs_x = 0, .ofs_y = -1},
    {.bitmap_index = 18637, .adv_w = 288, .box_w = 18, .box_h = 17, .ofs_x = 0, .ofs_y = -1},
    {.bitmap_index = 18790, .adv_w = 288, .box_w = 17, .box_h = 17, .ofs_x = 0, .ofs_y = -2},
    {.bitmap_index = 18935, .adv_w = 288, .box_w = 18, .box_h = 16, .ofs_x = 0, .ofs_y = -1},
    {.bitmap_index = 19079, .adv_w = 288, .box_w = 18, .box_h = 17, .ofs_x = 0, .ofs_y = -1},
    {.bitmap_index = 19232, .adv_w = 288, .box_w = 18, .box_h = 18, .ofs_x = 0, .ofs_y = -2},
    {.bitmap_index = 19394, .adv_w = 288, .box_w = 17, .box_h = 17, .ofs_x = 0, .ofs_y = -2},
    {.bitmap_index = 19539, .adv_w = 288, .box_w = 18, .box_h = 17, .ofs_x = 0, .ofs_y = -1},
    {.bitmap_index = 19692, .adv_w = 288, .box_w = 18, .box_h = 18, .ofs_x = 0, .ofs_y = -2},
    {.bitmap_index = 19854, .adv_w = 288, .box_w = 18, .box_h = 17, .ofs_x = 0, .ofs_y = -1},
    {.bitmap_index = 20007, .adv_w = 288, .box_w = 16, .box_h = 18, .ofs_x = 1, .ofs_y = -2},
    {.bitmap_index = 20151, .adv_w = 288, .box_w = 18, .box_h = 18, .ofs_x = 0, .ofs_y = -2},
    {.bitmap_index = 20313, .adv_w = 288, .box_w = 18, .box_h = 16, .ofs_x = 0, .ofs_y = -2},
    {.bitmap_index = 20457, .adv_w = 288, .box_w = 18, .box_h = 17, .ofs_x = 0, .ofs_y = -2},
    {.bitmap_index = 20610, .adv_w = 288, .box_w = 18, .box_h = 18, .ofs_x = 0, .ofs_y = -2},
    {.bitmap_index = 20772, .adv_w = 288, .box_w = 17, .box_h = 18, .ofs_x = 0, .ofs_y = -2},
    {.bitmap_index = 20925, .adv_w = 288, .box_w = 18, .box_h = 18, .ofs_x = 0, .ofs_y = -2},
    {.bitmap_index = 21087, .adv_w = 288, .box_w = 18, .box_h = 17, .ofs_x = 0, .ofs_y = -1},
    {.bitmap_index = 21240, .adv_w = 288, .box_w = 16, .box_h = 18, .ofs_x = 1, .ofs_y = -2},
    {.bitmap_index = 21384, .adv_w = 288, .box_w = 18, .box_h = 18, .ofs_x = 0, .ofs_y = -2},
    {.bitmap_index = 21546, .adv_w = 288, .box_w = 18, .box_h = 18, .ofs_x = 0, .ofs_y = -2},
    {.bitmap_index = 21708, .adv_w = 288, .box_w = 16, .box_h = 18, .ofs_x = 1, .ofs_y = -2},
    {.bitmap_index = 21852, .adv_w = 288, .box_w = 18, .box_h = 17, .ofs_x = 0, .ofs_y = -1},
    {.bitmap_index = 22005, .adv_w = 288, .box_w = 18, .box_h = 17, .ofs_x = 0, .ofs_y = -1},
    {.bitmap_index = 22158, .adv_w = 288, .box_w = 18, .box_h = 17, .ofs_x = 0, .ofs_y = -1},
    {.bitmap_index = 22311, .adv_w = 288, .box_w = 16, .box_h = 15, .ofs_x = 1, .ofs_y = -1},
    {.bitmap_index = 22431, .adv_w = 288, .box_w = 18, .box_h = 16, .ofs_x = 0, .ofs_y = -1},
    {.bitmap_index = 22575, .adv_w = 288, .box_w = 18, .box_h = 17, .ofs_x = 0, .ofs_y = -2},
    {.bitmap_index = 22728, .adv_w = 288, .box_w = 18, .box_h = 16, .ofs_x = 0, .ofs_y = -2},
    {.bitmap_index = 22872, .adv_w = 288, .box_w = 17, .box_h = 16, .ofs_x = 0, .ofs_y = -2},
    {.bitmap_index = 23008, .adv_w = 288, .box_w = 18, .box_h = 16, .ofs_x = 0, .ofs_y = -2},
    {.bitmap_index = 23152, .adv_w = 288, .box_w = 18, .box_h = 16, .ofs_x = 0, .ofs_y = -2},
    {.bitmap_index = 23296, .adv_w = 288, .box_w = 18, .box_h = 15, .ofs_x = 0, .ofs_y = -1},
    {.bitmap_index = 23431, .adv_w = 288, .box_w = 17, .box_h = 17, .ofs_x = 0, .ofs_y = -1},
    {.bitmap_index = 23576, .adv_w = 288, .box_w = 16, .box_h = 15, .ofs_x = 1, .ofs_y = -1},
    {.bitmap_index = 23696, .adv_w = 288, .box_w = 17, .box_h = 17, .ofs_x = 0, .ofs_y = -1},
    {.bitmap_index = 23841, .adv_w = 288, .box_w = 16, .box_h = 16, .ofs_x = 1, .ofs_y = -1},
    {.bitmap_index = 23969, .adv_w = 288, .box_w = 17, .box_h = 18, .ofs_x = 0, .ofs_y = -2},
    {.bitmap_index = 24122, .adv_w = 288, .box_w = 18, .box_h = 18, .ofs_x = 0, .ofs_y = -2},
    {.bitmap_index = 24284, .adv_w = 288, .box_w = 18, .box_h = 18, .ofs_x = 0, .ofs_y = -2},
    {.bitmap_index = 24446, .adv_w = 288, .box_w = 18, .box_h = 18, .ofs_x = 0, .ofs_y = -2},
    {.bitmap_index = 24608, .adv_w = 288, .box_w = 18, .box_h = 18, .ofs_x = 0, .ofs_y = -2},
    {.bitmap_index = 24770, .adv_w = 288, .box_w = 18, .box_h = 16, .ofs_x = 0, .ofs_y = -2},
    {.bitmap_index = 24914, .adv_w = 288, .box_w = 17, .box_h = 16, .ofs_x = 1, .ofs_y = -1},
    {.bitmap_index = 25050, .adv_w = 288, .box_w = 17, .box_h = 17, .ofs_x = 1, .ofs_y = -2},
    {.bitmap_index = 25195, .adv_w = 288, .box_w = 18, .box_h = 16, .ofs_x = 0, .ofs_y = -2},
    {.bitmap_index = 25339, .adv_w = 288, .box_w = 14, .box_h = 16, .ofs_x = 2, .ofs_y = -1},
    {.bitmap_index = 25451, .adv_w = 288, .box_w = 17, .box_h = 16, .ofs_x = 1, .ofs_y = -1},
    {.bitmap_index = 25587, .adv_w = 288, .box_w = 18, .box_h = 16, .ofs_x = 0, .ofs_y = -1},
    {.bitmap_index = 25731, .adv_w = 288, .box_w = 18, .box_h = 17, .ofs_x = 0, .ofs_y = -2},
    {.bitmap_index = 25884, .adv_w = 288, .box_w = 18, .box_h = 16, .ofs_x = 0, .ofs_y = -1},
    {.bitmap_index = 26028, .adv_w = 288, .box_w = 18, .box_h = 17, .ofs_x = 0, .ofs_y = -1},
    {.bitmap_index = 26181, .adv_w = 288, .box_w = 18, .box_h = 17, .ofs_x = 0, .ofs_y = -1},
    {.bitmap_index = 26334, .adv_w = 288, .box_w = 18, .box_h = 17, .ofs_x = 0, .ofs_y = -1},
    {.bitmap_index = 26487, .adv_w = 288, .box_w = 17, .box_h = 16, .ofs_x = 0, .ofs_y = -1},
    {.bitmap_index = 26623, .adv_w = 288, .box_w = 18, .box_h = 17, .ofs_x = 0, .ofs_y = -1},
    {.bitmap_index = 26776, .adv_w = 288, .box_w = 18, .box_h = 17, .ofs_x = 0, .ofs_y = -2},
    {.bitmap_index = 26929, .adv_w = 288, .box_w = 18, .box_h = 18, .ofs_x = 0, .ofs_y = -2},
    {.bitmap_index = 27091, .adv_w = 288, .box_w = 18, .box_h = 17, .ofs_x = 0, .ofs_y = -2},
    {.bitmap_index = 27244, .adv_w = 288, .box_w = 17, .box_h = 17, .ofs_x = 0, .ofs_y = -2},
    {.bitmap_index = 27389, .adv_w = 288, .box_w = 18, .box_h = 16, .ofs_x = 0, .ofs_y = -1},
    {.bitmap_index = 27533, .adv_w = 288, .box_w = 18, .box_h = 16, .ofs_x = 0, .ofs_y = -1},
    {.bitmap_index = 27677, .adv_w = 288, .box_w = 18, .box_h = 17, .ofs_x = 0, .ofs_y = -2},
    {.bitmap_index = 27830, .adv_w = 288, .box_w = 18, .box_h = 18, .ofs_x = 0, .ofs_y = -2},
    {.bitmap_index = 27992, .adv_w = 288, .box_w = 18, .box_h = 16, .ofs_x = 0, .ofs_y = -1},
    {.bitmap_index = 28136, .adv_w = 288, .box_w = 18, .box_h = 18, .ofs_x = 0, .ofs_y = -2},
    {.bitmap_index = 28298, .adv_w = 288, .box_w = 18, .box_h = 17, .ofs_x = 0, .ofs_y = -2},
    {.bitmap_index = 28451, .adv_w = 288, .box_w = 18, .box_h = 17, .ofs_x = 0, .ofs_y = -2},
    {.bitmap_index = 28604, .adv_w = 288, .box_w = 18, .box_h = 16, .ofs_x = 0, .ofs_y = -1},
    {.bitmap_index = 28748, .adv_w = 288, .box_w = 18, .box_h = 17, .ofs_x = 0, .ofs_y = -2},
    {.bitmap_index = 28901, .adv_w = 288, .box_w = 18, .box_h = 17, .ofs_x = 0, .ofs_y = -1},
    {.bitmap_index = 29054, .adv_w = 288, .box_w = 18, .box_h = 17, .ofs_x = 0, .ofs_y = -2},
    {.bitmap_index = 29207, .adv_w = 288, .box_w = 18, .box_h = 18, .ofs_x = 0, .ofs_y = -2},
    {.bitmap_index = 29369, .adv_w = 288, .box_w = 18, .box_h = 18, .ofs_x = 0, .ofs_y = -2},
    {.bitmap_index = 29531, .adv_w = 288, .box_w = 18, .box_h = 16, .ofs_x = 0, .ofs_y = -1},
    {.bitmap_index = 29675, .adv_w = 288, .box_w = 17, .box_h = 18, .ofs_x = 1, .ofs_y = -2},
    {.bitmap_index = 29828, .adv_w = 288, .box_w = 18, .box_h = 18, .ofs_x = 0, .ofs_y = -2},
    {.bitmap_index = 29990, .adv_w = 288, .box_w = 18, .box_h = 18, .ofs_x = 0, .ofs_y = -2},
    {.bitmap_index = 30152, .adv_w = 288, .box_w = 18, .box_h = 17, .ofs_x = 0, .ofs_y = -2},
    {.bitmap_index = 30305, .adv_w = 288, .box_w = 18, .box_h = 16, .ofs_x = 0, .ofs_y = -1},
    {.bitmap_index = 30449, .adv_w = 288, .box_w = 18, .box_h = 18, .ofs_x = 0, .ofs_y = -2},
    {.bitmap_index = 30611, .adv_w = 288, .box_w = 18, .box_h = 18, .ofs_x = 0, .ofs_y = -2},
    {.bitmap_index = 30773, .adv_w = 288, .box_w = 17, .box_h = 18, .ofs_x = 0, .ofs_y = -2},
    {.bitmap_index = 30926, .adv_w = 288, .box_w = 13, .box_h = 15, .ofs_x = 3, .ofs_y = -1},
    {.bitmap_index = 31024, .adv_w = 288, .box_w = 18, .box_h = 15, .ofs_x = 0, .ofs_y = -1},
    {.bitmap_index = 31159, .adv_w = 288, .box_w = 17, .box_h = 17, .ofs_x = 1, .ofs_y = -2},
    {.bitmap_index = 31304, .adv_w = 288, .box_w = 16, .box_h = 16, .ofs_x = 1, .ofs_y = -2},
    {.bitmap_index = 31432, .adv_w = 288, .box_w = 17, .box_h = 16, .ofs_x = 1, .ofs_y = -1},
    {.bitmap_index = 31568, .adv_w = 288, .box_w = 18, .box_h = 16, .ofs_x = 0, .ofs_y = -2},
    {.bitmap_index = 31712, .adv_w = 288, .box_w = 17, .box_h = 17, .ofs_x = 1, .ofs_y = -2},
    {.bitmap_index = 31857, .adv_w = 288, .box_w = 18, .box_h = 16, .ofs_x = 0, .ofs_y = -2},
    {.bitmap_index = 32001, .adv_w = 288, .box_w = 17, .box_h = 15, .ofs_x = 0, .ofs_y = -1},
    {.bitmap_index = 32129, .adv_w = 288, .box_w = 17, .box_h = 17, .ofs_x = 0, .ofs_y = -1},
    {.bitmap_index = 32274, .adv_w = 288, .box_w = 17, .box_h = 17, .ofs_x = 1, .ofs_y = -2},
    {.bitmap_index = 32419, .adv_w = 288, .box_w = 16, .box_h = 16, .ofs_x = 1, .ofs_y = -1},
    {.bitmap_index = 32547, .adv_w = 288, .box_w = 18, .box_h = 16, .ofs_x = 0, .ofs_y = -2},
    {.bitmap_index = 32691, .adv_w = 288, .box_w = 18, .box_h = 16, .ofs_x = 0, .ofs_y = -1},
    {.bitmap_index = 32835, .adv_w = 288, .box_w = 18, .box_h = 15, .ofs_x = 0, .ofs_y = -1},
    {.bitmap_index = 32970, .adv_w = 288, .box_w = 18, .box_h = 16, .ofs_x = 0, .ofs_y = -1},
    {.bitmap_index = 33114, .adv_w = 288, .box_w = 18, .box_h = 16, .ofs_x = 0, .ofs_y = -1},
    {.bitmap_index = 33258, .adv_w = 288, .box_w = 17, .box_h = 16, .ofs_x = 0, .ofs_y = -1},
    {.bitmap_index = 33394, .adv_w = 288, .box_w = 18, .box_h = 17, .ofs_x = 0, .ofs_y = -1},
    {.bitmap_index = 33547, .adv_w = 288, .box_w = 17, .box_h = 18, .ofs_x = 0, .ofs_y = -2},
    {.bitmap_index = 33700, .adv_w = 288, .box_w = 18, .box_h = 16, .ofs_x = 0, .ofs_y = -1},
    {.bitmap_index = 33844, .adv_w = 288, .box_w = 18, .box_h = 16, .ofs_x = 0, .ofs_y = -1},
    {.bitmap_index = 33988, .adv_w = 288, .box_w = 18, .box_h = 16, .ofs_x = 0, .ofs_y = -1},
    {.bitmap_index = 34132, .adv_w = 288, .box_w = 18, .box_h = 17, .ofs_x = 0, .ofs_y = -2},
    {.bitmap_index = 34285, .adv_w = 288, .box_w = 18, .box_h = 16, .ofs_x = 0, .ofs_y = -1},
    {.bitmap_index = 34429, .adv_w = 288, .box_w = 17, .box_h = 17, .ofs_x = 0, .ofs_y = -1},
    {.bitmap_index = 34574, .adv_w = 288, .box_w = 18, .box_h = 17, .ofs_x = 0, .ofs_y = -1},
    {.bitmap_index = 34727, .adv_w = 288, .box_w = 18, .box_h = 17, .ofs_x = 0, .ofs_y = -2},
    {.bitmap_index = 34880, .adv_w = 288, .box_w = 18, .box_h = 17, .ofs_x = 0, .ofs_y = -2},
    {.bitmap_index = 35033, .adv_w = 288, .box_w = 18, .box_h = 17, .ofs_x = 0, .ofs_y = -2},
    {.bitmap_index = 35186, .adv_w = 288, .box_w = 18, .box_h = 15, .ofs_x = 0, .ofs_y = -1},
    {.bitmap_index = 35321, .adv_w = 288, .box_w = 17, .box_h = 17, .ofs_x = 0, .ofs_y = -2},
    {.bitmap_index = 35466, .adv_w = 288, .box_w = 18, .box_h = 17, .ofs_x = 0, .ofs_y = -2},
    {.bitmap_index = 35619, .adv_w = 288, .box_w = 17, .box_h = 17, .ofs_x = 0, .ofs_y = -2},
    {.bitmap_index = 35764, .adv_w = 288, .box_w = 18, .box_h = 18, .ofs_x = 0, .ofs_y = -2},
    {.bitmap_index = 35926, .adv_w = 288, .box_w = 18, .box_h = 17, .ofs_x = 0, .ofs_y = -1},
    {.bitmap_index = 36079, .adv_w = 288, .box_w = 18, .box_h = 18, .ofs_x = 0, .ofs_y = -2},
    {.bitmap_index = 36241, .adv_w = 288, .box_w = 18, .box_h = 18, .ofs_x = 0, .ofs_y = -2},
    {.bitmap_index = 36403, .adv_w = 288, .box_w = 18, .box_h = 16, .ofs_x = 0, .ofs_y = -1},
    {.bitmap_index = 36547, .adv_w = 288, .box_w = 18, .box_h = 17, .ofs_x = 0, .ofs_y = -2},
    {.bitmap_index = 36700, .adv_w = 288, .box_w = 18, .box_h = 16, .ofs_x = 0, .ofs_y = -1},
    {.bitmap_index = 36844, .adv_w = 288, .box_w = 18, .box_h = 17, .ofs_x = 0, .ofs_y = -2},
    {.bitmap_index = 36997, .adv_w = 288, .box_w = 18, .box_h = 16, .ofs_x = 0, .ofs_y = -1},
    {.bitmap_index = 37141, .adv_w = 288, .box_w = 18, .box_h = 18, .ofs_x = 0, .ofs_y = -2},
    {.bitmap_index = 37303, .adv_w = 288, .box_w = 18, .box_h = 18, .ofs_x = 0, .ofs_y = -2},
    {.bitmap_index = 37465, .adv_w = 288, .box_w = 18, .box_h = 17, .ofs_x = 0, .ofs_y = -2},
    {.bitmap_index = 37618, .adv_w = 288, .box_w = 17, .box_h = 17, .ofs_x = 0, .ofs_y = -2},
    {.bitmap_index = 37763, .adv_w = 288, .box_w = 18, .box_h = 17, .ofs_x = 0, .ofs_y = -2},
    {.bitmap_index = 37916, .adv_w = 288, .box_w = 18, .box_h = 18, .ofs_x = 0, .ofs_y = -2},
    {.bitmap_index = 38078, .adv_w = 288, .box_w = 18, .box_h = 17, .ofs_x = 0, .ofs_y = -2},
    {.bitmap_index = 38231, .adv_w = 288, .box_w = 18, .box_h = 17, .ofs_x = 0, .ofs_y = -1},
    {.bitmap_index = 38384, .adv_w = 288, .box_w = 18, .box_h = 16, .ofs_x = 0, .ofs_y = -1},
    {.bitmap_index = 38528, .adv_w = 288, .box_w = 18, .box_h = 16, .ofs_x = 0, .ofs_y = -2},
    {.bitmap_index = 38672, .adv_w = 288, .box_w = 18, .box_h = 17, .ofs_x = 0, .ofs_y = -2},
    {.bitmap_index = 38825, .adv_w = 288, .box_w = 18, .box_h = 17, .ofs_x = 0, .ofs_y = -2},
    {.bitmap_index = 38978, .adv_w = 288, .box_w = 18, .box_h = 17, .ofs_x = 0, .ofs_y = -2},
    {.bitmap_index = 39131, .adv_w = 288, .box_w = 18, .box_h = 17, .ofs_x = 0, .ofs_y = -1},
    {.bitmap_index = 39284, .adv_w = 288, .box_w = 17, .box_h = 16, .ofs_x = 0, .ofs_y = -2},
    {.bitmap_index = 39420, .adv_w = 288, .box_w = 16, .box_h = 16, .ofs_x = 2, .ofs_y = -1},
    {.bitmap_index = 39548, .adv_w = 288, .box_w = 18, .box_h = 16, .ofs_x = 0, .ofs_y = -2},
    {.bitmap_index = 39692, .adv_w = 288, .box_w = 16, .box_h = 16, .ofs_x = 1, .ofs_y = -1},
    {.bitmap_index = 39820, .adv_w = 288, .box_w = 17, .box_h = 17, .ofs_x = 1, .ofs_y = -1},
    {.bitmap_index = 39965, .adv_w = 288, .box_w = 14, .box_h = 17, .ofs_x = 2, .ofs_y = -1},
    {.bitmap_index = 40084, .adv_w = 288, .box_w = 16, .box_h = 18, .ofs_x = 1, .ofs_y = -2},
    {.bitmap_index = 40228, .adv_w = 288, .box_w = 14, .box_h = 15, .ofs_x = 2, .ofs_y = -1},
    {.bitmap_index = 40333, .adv_w = 288, .box_w = 17, .box_h = 16, .ofs_x = 0, .ofs_y = -1},
    {.bitmap_index = 40469, .adv_w = 288, .box_w = 17, .box_h = 18, .ofs_x = 1, .ofs_y = -2},
    {.bitmap_index = 40622, .adv_w = 288, .box_w = 17, .box_h = 17, .ofs_x = 0, .ofs_y = -2},
    {.bitmap_index = 40767, .adv_w = 288, .box_w = 17, .box_h = 16, .ofs_x = 0, .ofs_y = -2},
    {.bitmap_index = 40903, .adv_w = 288, .box_w = 16, .box_h = 17, .ofs_x = 1, .ofs_y = -1},
    {.bitmap_index = 41039, .adv_w = 288, .box_w = 18, .box_h = 18, .ofs_x = 0, .ofs_y = -2},
    {.bitmap_index = 41201, .adv_w = 288, .box_w = 18, .box_h = 16, .ofs_x = 0, .ofs_y = -1},
    {.bitmap_index = 41345, .adv_w = 288, .box_w = 18, .box_h = 17, .ofs_x = 0, .ofs_y = -1},
    {.bitmap_index = 41498, .adv_w = 288, .box_w = 18, .box_h = 17, .ofs_x = 0, .ofs_y = -1},
    {.bitmap_index = 41651, .adv_w = 288, .box_w = 18, .box_h = 17, .ofs_x = 0, .ofs_y = -1},
    {.bitmap_index = 41804, .adv_w = 288, .box_w = 18, .box_h = 18, .ofs_x = 0, .ofs_y = -2},
    {.bitmap_index = 41966, .adv_w = 288, .box_w = 18, .box_h = 17, .ofs_x = 0, .ofs_y = -1},
    {.bitmap_index = 42119, .adv_w = 288, .box_w = 17, .box_h = 17, .ofs_x = 0, .ofs_y = -1},
    {.bitmap_index = 42264, .adv_w = 288, .box_w = 18, .box_h = 18, .ofs_x = 0, .ofs_y = -2},
    {.bitmap_index = 42426, .adv_w = 288, .box_w = 16, .box_h = 17, .ofs_x = 1, .ofs_y = -1},
    {.bitmap_index = 42562, .adv_w = 288, .box_w = 17, .box_h = 16, .ofs_x = 0, .ofs_y = -1},
    {.bitmap_index = 42698, .adv_w = 288, .box_w = 18, .box_h = 18, .ofs_x = 0, .ofs_y = -2},
    {.bitmap_index = 42860, .adv_w = 288, .box_w = 18, .box_h = 16, .ofs_x = 0, .ofs_y = -1},
    {.bitmap_index = 43004, .adv_w = 288, .box_w = 18, .box_h = 16, .ofs_x = 0, .ofs_y = -1},
    {.bitmap_index = 43148, .adv_w = 288, .box_w = 17, .box_h = 16, .ofs_x = 0, .ofs_y = -1},
    {.bitmap_index = 43284, .adv_w = 288, .box_w = 18, .box_h = 18, .ofs_x = 0, .ofs_y = -2},
    {.bitmap_index = 43446, .adv_w = 288, .box_w = 18, .box_h = 17, .ofs_x = 0, .ofs_y = -1},
    {.bitmap_index = 43599, .adv_w = 288, .box_w = 18, .box_h = 17, .ofs_x = 0, .ofs_y = -2},
    {.bitmap_index = 43752, .adv_w = 288, .box_w = 18, .box_h = 17, .ofs_x = 0, .ofs_y = -1},
    {.bitmap_index = 43905, .adv_w = 288, .box_w = 17, .box_h = 18, .ofs_x = 0, .ofs_y = -2},
    {.bitmap_index = 44058, .adv_w = 288, .box_w = 18, .box_h = 17, .ofs_x = 0, .ofs_y = -1},
    {.bitmap_index = 44211, .adv_w = 288, .box_w = 16, .box_h = 15, .ofs_x = 1, .ofs_y = -1},
    {.bitmap_index = 44331, .adv_w = 288, .box_w = 18, .box_h = 16, .ofs_x = 0, .ofs_y = -1},
    {.bitmap_index = 44475, .adv_w = 288, .box_w = 18, .box_h = 17, .ofs_x = 0, .ofs_y = -2},
    {.bitmap_index = 44628, .adv_w = 288, .box_w = 16, .box_h = 16, .ofs_x = 1, .ofs_y = -1},
    {.bitmap_index = 44756, .adv_w = 288, .box_w = 17, .box_h = 17, .ofs_x = 1, .ofs_y = -1},
    {.bitmap_index = 44901, .adv_w = 288, .box_w = 14, .box_h = 17, .ofs_x = 2, .ofs_y = -1},
    {.bitmap_index = 45020, .adv_w = 288, .box_w = 18, .box_h = 18, .ofs_x = 0, .ofs_y = -2},
    {.bitmap_index = 45182, .adv_w = 288, .box_w = 18, .box_h = 17, .ofs_x = 0, .ofs_y = -1},
    {.bitmap_index = 45335, .adv_w = 288, .box_w = 16, .box_h = 16, .ofs_x = 1, .ofs_y = -1},
    {.bitmap_index = 45463, .adv_w = 288, .box_w = 18, .box_h = 16, .ofs_x = 0, .ofs_y = -1},
    {.bitmap_index = 45607, .adv_w = 288, .box_w = 18, .box_h = 17, .ofs_x = 0, .ofs_y = -2},
    {.bitmap_index = 45760, .adv_w = 288, .box_w = 18, .box_h = 17, .ofs_x = 0, .ofs_y = -1},
    {.bitmap_index = 45913, .adv_w = 288, .box_w = 18, .box_h = 17, .ofs_x = 0, .ofs_y = -2},
    {.bitmap_index = 46066, .adv_w = 288, .box_w = 18, .box_h = 16, .ofs_x = 0, .ofs_y = -2},
    {.bitmap_index = 46210, .adv_w = 288, .box_w = 18, .box_h = 16, .ofs_x = 0, .ofs_y = -2},
    {.bitmap_index = 46354, .adv_w = 288, .box_w = 18, .box_h = 17, .ofs_x = 0, .ofs_y = -2},
    {.bitmap_index = 46507, .adv_w = 288, .box_w = 16, .box_h = 18, .ofs_x = 1, .ofs_y = -2},
    {.bitmap_index = 46651, .adv_w = 288, .box_w = 15, .box_h = 18, .ofs_x = 1, .ofs_y = -2},
    {.bitmap_index = 46786, .adv_w = 288, .box_w = 17, .box_h = 17, .ofs_x = 1, .ofs_y = -2},
    {.bitmap_index = 46931, .adv_w = 288, .box_w = 18, .box_h = 17, .ofs_x = 0, .ofs_y = -2},
    {.bitmap_index = 47084, .adv_w = 288, .box_w = 18, .box_h = 17, .ofs_x = 0, .ofs_y = -2},
    {.bitmap_index = 47237, .adv_w = 288, .box_w = 18, .box_h = 18, .ofs_x = 0, .ofs_y = -2},
    {.bitmap_index = 47399, .adv_w = 288, .box_w = 18, .box_h = 16, .ofs_x = 0, .ofs_y = -1},
    {.bitmap_index = 47543, .adv_w = 288, .box_w = 18, .box_h = 17, .ofs_x = 0, .ofs_y = -2},
    {.bitmap_index = 47696, .adv_w = 288, .box_w = 18, .box_h = 16, .ofs_x = 0, .ofs_y = -1},
    {.bitmap_index = 47840, .adv_w = 288, .box_w = 18, .box_h = 18, .ofs_x = 0, .ofs_y = -2},
    {.bitmap_index = 48002, .adv_w = 288, .box_w = 17, .box_h = 17, .ofs_x = 0, .ofs_y = -2},
    {.bitmap_index = 48147, .adv_w = 288, .box_w = 18, .box_h = 17, .ofs_x = 0, .ofs_y = -2},
    {.bitmap_index = 48300, .adv_w = 288, .box_w = 18, .box_h = 18, .ofs_x = 0, .ofs_y = -2},
    {.bitmap_index = 48462, .adv_w = 288, .box_w = 18, .box_h = 17, .ofs_x = 0, .ofs_y = -2},
    {.bitmap_index = 48615, .adv_w = 288, .box_w = 18, .box_h = 17, .ofs_x = 0, .ofs_y = -2},
    {.bitmap_index = 48768, .adv_w = 288, .box_w = 18, .box_h = 16, .ofs_x = 0, .ofs_y = -1},
    {.bitmap_index = 48912, .adv_w = 288, .box_w = 18, .box_h = 16, .ofs_x = 0, .ofs_y = -2},
    {.bitmap_index = 49056, .adv_w = 288, .box_w = 18, .box_h = 16, .ofs_x = 0, .ofs_y = -1},
    {.bitmap_index = 49200, .adv_w = 288, .box_w = 18, .box_h = 17, .ofs_x = 0, .ofs_y = -1},
    {.bitmap_index = 49353, .adv_w = 288, .box_w = 17, .box_h = 16, .ofs_x = 0, .ofs_y = -1},
    {.bitmap_index = 49489, .adv_w = 288, .box_w = 18, .box_h = 17, .ofs_x = 0, .ofs_y = -2},
    {.bitmap_index = 49642, .adv_w = 288, .box_w = 18, .box_h = 17, .ofs_x = 0, .ofs_y = -2},
    {.bitmap_index = 49795, .adv_w = 288, .box_w = 18, .box_h = 18, .ofs_x = 0, .ofs_y = -2},
    {.bitmap_index = 49957, .adv_w = 288, .box_w = 18, .box_h = 18, .ofs_x = 0, .ofs_y = -2},
    {.bitmap_index = 50119, .adv_w = 288, .box_w = 18, .box_h = 17, .ofs_x = 0, .ofs_y = -2},
    {.bitmap_index = 50272, .adv_w = 288, .box_w = 18, .box_h = 17, .ofs_x = 0, .ofs_y = -2},
    {.bitmap_index = 50425, .adv_w = 288, .box_w = 18, .box_h = 17, .ofs_x = 0, .ofs_y = -2},
    {.bitmap_index = 50578, .adv_w = 288, .box_w = 18, .box_h = 17, .ofs_x = 0, .ofs_y = -2},
    {.bitmap_index = 50731, .adv_w = 288, .box_w = 18, .box_h = 17, .ofs_x = 0, .ofs_y = -2},
    {.bitmap_index = 50884, .adv_w = 288, .box_w = 18, .box_h = 17, .ofs_x = 0, .ofs_y = -2},
    {.bitmap_index = 51037, .adv_w = 288, .box_w = 18, .box_h = 18, .ofs_x = 0, .ofs_y = -2},
    {.bitmap_index = 51199, .adv_w = 288, .box_w = 18, .box_h = 17, .ofs_x = 0, .ofs_y = -2},
    {.bitmap_index = 51352, .adv_w = 288, .box_w = 18, .box_h = 18, .ofs_x = 0, .ofs_y = -2},
    {.bitmap_index = 51514, .adv_w = 288, .box_w = 18, .box_h = 17, .ofs_x = 0, .ofs_y = -2},
    {.bitmap_index = 51667, .adv_w = 288, .box_w = 18, .box_h = 18, .ofs_x = 0, .ofs_y = -2},
    {.bitmap_index = 51829, .adv_w = 288, .box_w = 18, .box_h = 17, .ofs_x = 0, .ofs_y = -2},
    {.bitmap_index = 51982, .adv_w = 288, .box_w = 18, .box_h = 17, .ofs_x = 0, .ofs_y = -2},
    {.bitmap_index = 52135, .adv_w = 288, .box_w = 18, .box_h = 17, .ofs_x = 0, .ofs_y = -2},
    {.bitmap_index = 52288, .adv_w = 288, .box_w = 18, .box_h = 17, .ofs_x = 0, .ofs_y = -2},
    {.bitmap_index = 52441, .adv_w = 288, .box_w = 18, .box_h = 18, .ofs_x = 0, .ofs_y = -2},
    {.bitmap_index = 52603, .adv_w = 288, .box_w = 18, .box_h = 17, .ofs_x = 0, .ofs_y = -2},
    {.bitmap_index = 52756, .adv_w = 288, .box_w = 17, .box_h = 15, .ofs_x = 1, .ofs_y = -1},
    {.bitmap_index = 52884, .adv_w = 288, .box_w = 18, .box_h = 16, .ofs_x = 0, .ofs_y = -1},
    {.bitmap_index = 53028, .adv_w = 288, .box_w = 18, .box_h = 15, .ofs_x = 0, .ofs_y = -1},
    {.bitmap_index = 53163, .adv_w = 288, .box_w = 18, .box_h = 17, .ofs_x = 0, .ofs_y = -1},
    {.bitmap_index = 53316, .adv_w = 288, .box_w = 17, .box_h = 16, .ofs_x = 0, .ofs_y = -1},
    {.bitmap_index = 53452, .adv_w = 288, .box_w = 18, .box_h = 17, .ofs_x = 0, .ofs_y = -2},
    {.bitmap_index = 53605, .adv_w = 288, .box_w = 17, .box_h = 16, .ofs_x = 0, .ofs_y = -1},
    {.bitmap_index = 53741, .adv_w = 288, .box_w = 18, .box_h = 16, .ofs_x = 0, .ofs_y = -1},
    {.bitmap_index = 53885, .adv_w = 288, .box_w = 17, .box_h = 17, .ofs_x = 1, .ofs_y = -2},
    {.bitmap_index = 54030, .adv_w = 288, .box_w = 16, .box_h = 16, .ofs_x = 1, .ofs_y = -1},
    {.bitmap_index = 54158, .adv_w = 288, .box_w = 17, .box_h = 17, .ofs_x = 1, .ofs_y = -2},
    {.bitmap_index = 54303, .adv_w = 288, .box_w = 17, .box_h = 17, .ofs_x = 1, .ofs_y = -2},
    {.bitmap_index = 54448, .adv_w = 288, .box_w = 17, .box_h = 17, .ofs_x = 1, .ofs_y = -2},
    {.bitmap_index = 54593, .adv_w = 288, .box_w = 17, .box_h = 17, .ofs_x = 1, .ofs_y = -2},
    {.bitmap_index = 54738, .adv_w = 288, .box_w = 18, .box_h = 17, .ofs_x = 0, .ofs_y = -1},
    {.bitmap_index = 54891, .adv_w = 288, .box_w = 18, .box_h = 16, .ofs_x = 0, .ofs_y = -2},
    {.bitmap_index = 55035, .adv_w = 288, .box_w = 16, .box_h = 16, .ofs_x = 1, .ofs_y = -1},
    {.bitmap_index = 55163, .adv_w = 288, .box_w = 18, .box_h = 17, .ofs_x = 0, .ofs_y = -1},
    {.bitmap_index = 55316, .adv_w = 288, .box_w = 16, .box_h = 15, .ofs_x = 1, .ofs_y = -1},
    {.bitmap_index = 55436, .adv_w = 288, .box_w = 16, .box_h = 16, .ofs_x = 1, .ofs_y = -2},
    {.bitmap_index = 55564, .adv_w = 288, .box_w = 18, .box_h = 16, .ofs_x = 0, .ofs_y = -2},
    {.bitmap_index = 55708, .adv_w = 288, .box_w = 18, .box_h = 17, .ofs_x = 0, .ofs_y = -2},
    {.bitmap_index = 55861, .adv_w = 288, .box_w = 18, .box_h = 17, .ofs_x = 0, .ofs_y = -2},
    {.bitmap_index = 56014, .adv_w = 288, .box_w = 18, .box_h = 17, .ofs_x = 0, .ofs_y = -2},
    {.bitmap_index = 56167, .adv_w = 288, .box_w = 18, .box_h = 17, .ofs_x = 0, .ofs_y = -2},
    {.bitmap_index = 56320, .adv_w = 288, .box_w = 18, .box_h = 18, .ofs_x = 0, .ofs_y = -2},
    {.bitmap_index = 56482, .adv_w = 288, .box_w = 18, .box_h = 16, .ofs_x = 0, .ofs_y = -2},
    {.bitmap_index = 56626, .adv_w = 288, .box_w = 17, .box_h = 17, .ofs_x = 1, .ofs_y = -1},
    {.bitmap_index = 56771, .adv_w = 288, .box_w = 18, .box_h = 17, .ofs_x = 0, .ofs_y = -2},
    {.bitmap_index = 56924, .adv_w = 288, .box_w = 18, .box_h = 17, .ofs_x = 0, .ofs_y = -2},
    {.bitmap_index = 57077, .adv_w = 288, .box_w = 16, .box_h = 17, .ofs_x = 1, .ofs_y = -1},
    {.bitmap_index = 57213, .adv_w = 288, .box_w = 17, .box_h = 17, .ofs_x = 1, .ofs_y = -2},
    {.bitmap_index = 57358, .adv_w = 288, .box_w = 18, .box_h = 17, .ofs_x = 0, .ofs_y = -2},
    {.bitmap_index = 57511, .adv_w = 288, .box_w = 18, .box_h = 18, .ofs_x = 0, .ofs_y = -2},
    {.bitmap_index = 57673, .adv_w = 288, .box_w = 5, .box_h = 8, .ofs_x = 2, .ofs_y = -3},
    {.bitmap_index = 57693, .adv_w = 288, .box_w = 5, .box_h = 13, .ofs_x = 2, .ofs_y = -1},
    {.bitmap_index = 57726, .adv_w = 288, .box_w = 5, .box_h = 16, .ofs_x = 2, .ofs_y = -4}
};

/*---------------------
 *  CHARACTER MAPPING
 *--------------------*/

static const uint16_t unicode_list_1[] = {
    0x0, 0x1f5d, 0x2103, 0x21ac, 0x224b, 0x225e, 0x2336, 0x2337,
    0x24ff, 0x2512, 0x2515, 0x25b3, 0x25b4, 0x25e2, 0x2f4a, 0x2f4b,
    0x4d49, 0x4d53, 0x4d54, 0x4d56, 0x4d57, 0x4d5c, 0x4d65, 0x4d73,
    0x4d76, 0x4d83, 0x4d84, 0x4dd2, 0x4dd5, 0x4dd7, 0x4df4, 0x4df5,
    0x4df7, 0x4e03, 0x4e13, 0x4e17, 0x4e2e, 0x4e61, 0x4e63, 0x4e8f,
    0x4e96, 0x4e97, 0x4ea5, 0x4ea9, 0x4ef0, 0x4f26, 0x4f2a, 0x4f62,
    0x4f90, 0x4f98, 0x4fa3, 0x4fa5, 0x5091, 0x5092, 0x5094, 0x50ae,
    0x50b1, 0x50b5, 0x50ba, 0x50bc, 0x50ce, 0x50d6, 0x50fc, 0x5100,
    0x514f, 0x5150, 0x5160, 0x5179, 0x517f, 0x5180, 0x5184, 0x5196,
    0x51e8, 0x51f1, 0x5283, 0x529e, 0x52a9, 0x52aa, 0x52d4, 0x5313,
    0x531a, 0x5321, 0x532c, 0x5333, 0x5338, 0x5339, 0x533c, 0x5351,
    0x5355, 0x5357, 0x5374, 0x5375, 0x53d5, 0x55b1, 0x5627, 0x563d,
    0x5643, 0x5647, 0x564f, 0x5671, 0x5679, 0x5683, 0x56d4, 0x5728,
    0x57cc, 0x5839, 0x5850, 0x5856, 0x585f, 0x5863, 0x5865, 0x5872,
    0x587a, 0x5898, 0x58bc, 0x58c6, 0x5914, 0x5ad2, 0x5ad5, 0x5ae3,
    0x5ae7, 0x5b02, 0x5b0f, 0x5b28, 0x5b45, 0x5b4a, 0x5b58, 0x5b86,
    0x5b89, 0x5b8b, 0x5b9e, 0x5d2e, 0x5d2f, 0x5d3b, 0x5d4c, 0x5d81,
    0x5dc8, 0x5dd8, 0x5ddc, 0x5dde, 0x5def, 0x5e49, 0x5e58, 0x5e69,
    0x5e83, 0x5e9c, 0x5e9e, 0x5f0c, 0x5f34, 0x5f4a, 0x5f70, 0x5f84,
    0x5fb8, 0x603c, 0x6068, 0x60ab, 0x6159, 0x619c, 0x61b4, 0x61d3,
    0x6228, 0x624a, 0x6252, 0x625a, 0x62ab, 0x62b7, 0x62db, 0x62eb,
    0x62ee, 0x62f0, 0x62f1, 0x6318, 0x6365, 0x63f6, 0x647f, 0x6482,
    0x6487, 0x64b9, 0x64bd, 0x64e2, 0x64f9, 0x6502, 0x652e, 0x6532,
    0x653f, 0x6557, 0x6571, 0x6578, 0x65a3, 0x65b1, 0x65b8, 0x65c3,
    0x65df, 0x663b, 0x663d, 0x6648, 0x6649, 0x6675, 0x6683, 0x668b,
    0x66aa, 0x66cd, 0x66ff, 0x671d, 0x672e, 0x6750, 0x6758, 0x6780,
    0x6791, 0x696a, 0x6a6a, 0x6a95, 0x6aac, 0x6aae, 0x6afe, 0x6b0a,
    0x6b18, 0x6b5d, 0x6b64, 0x6c8a, 0x6c8e, 0x6d2a, 0x6d3a, 0x6d40,
    0x6d4e, 0x6d59, 0x6d6a, 0x7002, 0x7190, 0x7191, 0x71ff, 0x7235,
    0x72d0, 0x72f8, 0x72f9, 0x7304, 0x7336, 0x734c, 0x73cc, 0x7471,
    0x747e, 0x7495, 0x74a2, 0x74ae, 0x75c6, 0x75cd, 0x7637, 0x7654,
    0x7668, 0x77b7, 0x7883, 0x7904, 0x7944, 0x7956, 0x797c, 0x7988,
    0x7a14, 0x7a27, 0x7a9f, 0x7aea, 0x7c07, 0x7c44, 0x7c6b, 0x7df0,
    0x7e08, 0x7e18, 0x7e1c, 0x7e28, 0x7e30, 0x7e36, 0x7e3d, 0x7e5f,
    0x7e72, 0x7eb7, 0x7f60, 0x7f9d, 0x8015, 0x8046, 0x8133, 0x8173,
    0x81bb, 0x81cb, 0x8299, 0x8518, 0x8795, 0x87b1, 0x88ca, 0x890b,
    0x890f, 0x8912, 0x891b, 0x8aed, 0x8af2, 0x8b07, 0x8b08, 0x8b0a,
    0x8b0f, 0x8b1a, 0x8b3d, 0x8b4c, 0x8b51, 0x8c71, 0x8c7d, 0x8c8d,
    0x8d1a, 0x8d28, 0x8d38, 0x8eb7, 0x8ec4, 0x8ec6, 0x8eda, 0x8ef1,
    0x8f02, 0x8f07, 0x8f0a, 0x8f10, 0x8f19, 0x8f1a, 0x8f21, 0x8f22,
    0x8f24, 0x8f27, 0x8f40, 0x8f4b, 0x8f52, 0x8f58, 0x8f68, 0x8f84,
    0x8f9c, 0x9031, 0x9115, 0x9116, 0x9118, 0x911a, 0x93e8, 0x93f7,
    0x9425, 0x9449, 0x94c8, 0x953d, 0x9568, 0x957f, 0x9596, 0x95d8,
    0x960f, 0x9647, 0x969b, 0x96a2, 0x96ab, 0x97be, 0x97c2, 0x97c3,
    0x97cd, 0x97da, 0x97e1, 0x97e5, 0x9817, 0x98df, 0x99c4, 0x99d5,
    0x9a21, 0x9e0d, 0x9e21, 0x9e5c, 0xfe55, 0xfe63, 0xfe64
};

/*Collect the unicode lists and glyph_id offsets*/
static const lv_font_fmt_txt_cmap_t cmaps[] =
{
    {
        .range_start = 32, .range_length = 95, .glyph_id_start = 1,
        .unicode_list = NULL, .glyph_id_ofs_list = NULL, .list_length = 0, .type = LV_FONT_FMT_TXT_CMAP_FORMAT0_TINY
    },
    {
        .range_start = 183, .range_length = 65125, .glyph_id_start = 96,
        .unicode_list = unicode_list_1, .glyph_id_ofs_list = NULL, .list_length = 367, .type = LV_FONT_FMT_TXT_CMAP_SPARSE_TINY
    }
};

/*-----------------
 *    KERNING
 *----------------*/


/*Map glyph_ids to kern left classes*/
static const uint8_t kern_left_class_mapping[] =
{
    0, 0, 1, 2, 0, 3, 4, 5,
    2, 6, 7, 8, 9, 10, 9, 10,
    11, 12, 0, 13, 14, 15, 16, 17,
    18, 19, 12, 20, 20, 0, 0, 0,
    21, 22, 23, 24, 25, 22, 26, 27,
    28, 29, 29, 30, 31, 32, 29, 29,
    22, 33, 34, 35, 3, 36, 30, 37,
    37, 38, 39, 40, 41, 42, 43, 0,
    44, 0, 45, 46, 47, 48, 49, 50,
    51, 45, 52, 52, 53, 48, 45, 45,
    46, 46, 54, 55, 56, 57, 51, 58,
    58, 59, 58, 60, 41, 0, 0, 9,
    0, 0, 0, 0, 0, 0, 0, 0,
    0, 0, 0, 0, 0, 0, 0, 0,
    0, 0, 0, 0, 0, 0, 0, 0,
    0, 0, 0, 0, 0, 0, 0, 0,
    0, 0, 0, 0, 0, 0, 0, 0,
    0, 0, 0, 0, 0, 0, 0, 0,
    0, 0, 0, 0, 0, 0, 0, 0,
    0, 0, 0, 0, 0, 0, 0, 0,
    0, 0, 0, 0, 0, 0, 0, 0,
    0, 0, 0, 0, 0, 0, 0, 0,
    0, 0, 0, 0, 0, 0, 0, 0,
    0, 0, 0, 0, 0, 0, 0, 0,
    0, 0, 0, 0, 0, 0, 0, 0,
    0, 0, 0, 0, 0, 0, 0, 0,
    0, 0, 0, 0, 0, 0, 0, 0,
    0, 0, 0, 0, 0, 0, 0, 0,
    0, 0, 0, 0, 0, 0, 0, 0,
    0, 0, 0, 0, 0, 0, 0, 0,
    0, 0, 0, 0, 0, 0, 0, 0,
    0, 0, 0, 0, 0, 0, 0, 0,
    0, 0, 0, 0, 0, 0, 0, 0,
    0, 0, 0, 0, 0, 0, 0, 0,
    0, 0, 0, 0, 0, 0, 0, 0,
    0, 0, 0, 0, 0, 0, 0, 0,
    0, 0, 0, 0, 0, 0, 0, 0,
    0, 0, 0, 0, 0, 0, 0, 0,
    0, 0, 0, 0, 0, 0, 0, 0,
    0, 0, 0, 0, 0, 0, 0, 0,
    0, 0, 0, 0, 0, 0, 0, 0,
    0, 0, 0, 0, 0, 0, 0, 0,
    0, 0, 0, 0, 0, 0, 0, 0,
    0, 0, 0, 0, 0, 0, 0, 0,
    0, 0, 0, 0, 0, 0, 0, 0,
    0, 0, 0, 0, 0, 0, 0, 0,
    0, 0, 0, 0, 0, 0, 0, 0,
    0, 0, 0, 0, 0, 0, 0, 0,
    0, 0, 0, 0, 0, 0, 0, 0,
    0, 0, 0, 0, 0, 0, 0, 0,
    0, 0, 0, 0, 0, 0, 0, 0,
    0, 0, 0, 0, 0, 0, 0, 0,
    0, 0, 0, 0, 0, 0, 0, 0,
    0, 0, 0, 0, 0, 0, 0, 0,
    0, 0, 0, 0, 0, 0, 0, 0,
    0, 0, 0, 0, 0, 0, 0, 0,
    0, 0, 0, 0, 0, 0, 0, 0,
    0, 0, 0, 0, 0, 0, 0
};

/*Map glyph_ids to kern right classes*/
static const uint8_t kern_right_class_mapping[] =
{
    0, 0, 1, 2, 0, 3, 4, 5,
    2, 6, 7, 8, 9, 10, 9, 10,
    11, 12, 13, 14, 15, 16, 17, 12,
    18, 19, 20, 21, 21, 0, 0, 0,
    22, 23, 24, 25, 23, 25, 25, 25,
    23, 25, 25, 26, 25, 25, 25, 25,
    23, 25, 23, 25, 3, 27, 28, 29,
    29, 30, 31, 32, 33, 34, 35, 0,
    36, 0, 37, 38, 39, 39, 39, 40,
    39, 38, 41, 42, 38, 38, 43, 43,
    39, 43, 39, 43, 44, 45, 46, 47,
    47, 48, 49, 50, 0, 0, 35, 9,
    0, 0, 0, 0, 0, 0, 0, 0,
    0, 0, 0, 0, 0, 0, 0, 0,
    0, 0, 0, 0, 0, 0, 0, 0,
    0, 0, 0, 0, 0, 0, 0, 0,
    0, 0, 0, 0, 0, 0, 0, 0,
    0, 0, 0, 0, 0, 0, 0, 0,
    0, 0, 0, 0, 0, 0, 0, 0,
    0, 0, 0, 0, 0, 0, 0, 0,
    0, 0, 0, 0, 0, 0, 0, 0,
    0, 0, 0, 0, 0, 0, 0, 0,
    0, 0, 0, 0, 0, 0, 0, 0,
    0, 0, 0, 0, 0, 0, 0, 0,
    0, 0, 0, 0, 0, 0, 0, 0,
    0, 0, 0, 0, 0, 0, 0, 0,
    0, 0, 0, 0, 0, 0, 0, 0,
    0, 0, 0, 0, 0, 0, 0, 0,
    0, 0, 0, 0, 0, 0, 0, 0,
    0, 0, 0, 0, 0, 0, 0, 0,
    0, 0, 0, 0, 0, 0, 0, 0,
    0, 0, 0, 0, 0, 0, 0, 0,
    0, 0, 0, 0, 0, 0, 0, 0,
    0, 0, 0, 0, 0, 0, 0, 0,
    0, 0, 0, 0, 0, 0, 0, 0,
    0, 0, 0, 0, 0, 0, 0, 0,
    0, 0, 0, 0, 0, 0, 0, 0,
    0, 0, 0, 0, 0, 0, 0, 0,
    0, 0, 0, 0, 0, 0, 0, 0,
    0, 0, 0, 0, 0, 0, 0, 0,
    0, 0, 0, 0, 0, 0, 0, 0,
    0, 0, 0, 0, 0, 0, 0, 0,
    0, 0, 0, 0, 0, 0, 0, 0,
    0, 0, 0, 0, 0, 0, 0, 0,
    0, 0, 0, 0, 0, 0, 0, 0,
    0, 0, 0, 0, 0, 0, 0, 0,
    0, 0, 0, 0, 0, 0, 0, 0,
    0, 0, 0, 0, 0, 0, 0, 0,
    0, 0, 0, 0, 0, 0, 0, 0,
    0, 0, 0, 0, 0, 0, 0, 0,
    0, 0, 0, 0, 0, 0, 0, 0,
    0, 0, 0, 0, 0, 0, 0, 0,
    0, 0, 0, 0, 0, 0, 0, 0,
    0, 0, 0, 0, 0, 0, 0, 0,
    0, 0, 0, 0, 0, 0, 0, 0,
    0, 0, 0, 0, 0, 0, 0, 0,
    0, 0, 0, 0, 0, 0, 0, 0,
    0, 0, 0, 0, 0, 0, 0
};

/*Kern values between classes*/
static const int8_t kern_class_values[] =
{
    0, 0, 0, 0, 0, 0, 0, 2,
    0, 0, 0, 0, 3, 0, 0, 0,
    0, 1, 0, 0, 0, 0, 0, 0,
    0, 7, 6, 0, 3, 0, 6, 0,
    0, 0, 0, 0, 0, 0, 0, 0,
    0, 0, 0, 0, 0, 0, 0, 0,
    0, 0, 0, 13, 0, 7, -6, 0,
    0, 6, 0, -16, -17, 1, 13, 6,
    4, -12, 1, 13, 0, 12, 3, 9,
    0, -12, 0, 0, 3, 0, 0, 0,
    0, 0, 0, 17, 3, -1, 0, 0,
    0, 0, 0, 0, 0, 0, 0, 0,
    0, 0, 0, 0, 0, -9, 0, 0,
    0, 0, 0, -6, 4, 6, 0, 0,
    -3, 0, -1, 3, 0, -3, 0, -3,
    -1, -6, 0, 0, 0, 0, -3, 0,
    0, -4, -4, 0, 0, -3, 0, -6,
    0, 0, 0, 0, 0, 0, 0, 0,
    0, 0, -3, -3, -3, 0, 0, -7,
    0, -35, 0, 0, -6, -14, 6, 9,
    0, 0, -6, 3, 3, 10, 6, -4,
    6, 0, 0, -16, 0, 0, 0, 0,
    0, 0, 0, 0, 0, 0, 0, -10,
    0, 0, 3, 0, 7, 0, 0, 0,
    0, 0, 0, 0, 0, 0, 0, 0,
    -3, -13, 0, -12, -1, 0, 0, -9,
    0, 0, 10, 0, -9, -3, 0, 0,
    0, -4, 0, 0, -2, -20, 0, 3,
    0, 9, -7, 0, -6, 0, -12, 3,
    0, -23, -3, 9, 3, 0, 0, 0,
    0, 0, 0, 0, 3, 0, -4, 0,
    -4, 0, 0, 0, 0, 0, 0, 0,
    0, 0, 0, 0, 10, 0, 3, 0,
    0, -6, 0, 0, 0, 0, 0, 0,
    0, 0, 0, 0, -3, 0, 0, 0,
    0, 0, 0, 12, 3, 0, 0, 0,
    0, 0, 0, 28, 0, 0, 0, 0,
    0, 0, 0, 0, 0, 0, 0, 0,
    0, 0, 0, 0, 0, 0, 0, 0,
    0, 0, 0, 0, 0, 0, 0, 0,
    0, 0, 0, 0, 0, 0, -10, 0,
    0, 0, 0, 0, 0, 0, 0, 0,
    0, 0, 0, 0, 0, 0, 0, 0,
    0, 0, 0, 0, 0, 0, 2, 6,
    3, 9, -3, 0, 0, 6, -3, -10,
    -39, 1, 7, 6, 0, -4, 0, 9,
    0, 9, 0, 9, 0, -27, 0, -3,
    9, 0, 10, -3, 6, 3, 0, 0,
    0, -3, 0, 0, -4, 0, 0, 0,
    23, 0, 9, 0, 12, 4, 12, 4,
    0, 0, -4, -10, 0, 0, 0, -3,
    0, -2, 0, 1, -6, -4, -6, 1,
    0, -3, 0, 0, 0, -12, 1, -6,
    0, -6, -10, 0, -7, -6, -9, 0,
    0, -19, 0, 0, 0, 0, 3, 0,
    0, 0, 0, 0, 3, 0, -4, -7,
    -4, -4, 0, -16, 3, -19, 0, 0,
    0, -10, -2, 0, 27, -3, -4, 3,
    3, -1, 0, -4, 3, 0, 0, -16,
    -6, 10, 0, 16, -9, -2, -11, 0,
    -11, 4, 0, -27, 0, 3, 3, 0,
    -3, 0, 0, 3, 0, 0, -1, -3,
    -10, 0, -10, 0, 0, 17, -6, 0,
    -10, 0, 10, 0, -20, -27, -20, -6,
    9, 0, 0, -19, 0, 3, -7, 0,
    -4, 0, -6, -12, 0, -3, 9, 0,
    9, 0, 9, 0, 0, 6, 9, -35,
    -19, 0, -19, 0, 3, 0, -19, -19,
    -7, -19, -9, -16, -9, -19, 0, 1,
    0, 0, 0, 0, 0, 1, 1, -3,
    -6, 0, 0, 0, -3, 0, 0, -1,
    0, 0, 0, -6, 0, -3, 0, -7,
    -6, 0, -7, -10, -10, -5, 0, -6,
    0, -6, 0, 0, 0, 0, 0, -2,
    0, 0, 3, 0, 1, -3, 1, 0,
    0, 0, 0, 3, -1, 0, 0, 0,
    -1, 3, 3, 0, 0, 0, 0, -4,
    0, 0, 0, 0, 0, 0, 0, 0,
    0, 4, -1, 0, -3, 0, -5, 0,
    0, -1, 0, 9, 0, 0, -3, 0,
    0, 0, 0, 0, 0, 0, 0, -1,
    0, -1, 0, -3, 0, -3, 0, 0,
    0, 0, 0, 0, 0, 0, 0, -1,
    -1, 0, -3, -3, 0, 0, 0, 0,
    0, 0, 0, 0, -2, 0, -3, -3,
    -3, 0, 0, 0, 0, 0, 0, 0,
    0, 0, 0, -2, 0, 0, 0, 0,
    -2, -4, -2, 0, 0, -9, -1, -9,
    6, 0, 0, -6, 3, 6, 7, 0,
    -7, 0, -3, 0, 0, -13, 3, -1,
    2, -16, 3, 0, 0, 0, -15, 0,
    -16, -3, -25, -1, 0, -14, 0, 6,
    8, 0, 4, 0, 0, 0, 0, 0,
    0, 0, -6, -4, -6, 0, 0, 0,
    0, -3, 0, 0, 0, -3, 0, 0,
    0, 0, 0, -1, -1, 0, -1, -4,
    0, 0, 0, 0, 0, 0, 0, -3,
    -3, 0, -2, -3, -2, 0, 0, -3,
    0, 0, 0, 0, 0, 0, 0, 0,
    0, 0, 0, 0, -3, -3, -3, 0,
    0, -1, 0, -6, 3, 0, 0, -3,
    1, 3, 3, 0, 0, 0, 0, 0,
    0, -1, 0, 0, 0, 0, 0, 1,
    0, 0, -3, 0, -3, -1, -3, 0,
    0, 0, 0, 0, 0, 0, 2, 0,
    0, -2, 0, 0, 0, 0, -4, -4,
    -4, 0, 0, 9, -1, 0, -9, 0,
    0, 7, -14, -14, -12, -6, 3, 0,
    -2, -19, -5, 0, -5, 0, -6, 4,
    -5, -18, 0, -7, 0, 0, 1, 0,
    3, -1, 0, 3, 1, -9, -11, 0,
    -14, 0, 0, -6, -6, -9, -3, -7,
    0, -4, 0, -7, 0, 0, 0, -3,
    0, 0, 0, 1, 0, 3, 0, 0,
    0, 0, 0, 0, 0, 0, 0, 0,
    0, -3, 0, -1, 0, 0, -3, 0,
    -5, -6, -6, 0, 0, -9, 0, 0,
    0, 0, 0, 0, 0, -2, 0, 0,
    0, 0, 0, -2, 0, 0, 0, 3,
    0, 0, 0, 0, 0, 0, 0, 0,
    14, 0, 0, 0, 0, 0, 0, 1,
    0, 0, 0, -3, 0, 3, 0, 10,
    -3, 0, -7, -2, -11, 0, 0, -6,
    0, 3, 0, 0, 0, 0, 0, 0,
    0, 0, 3, 0, 1, -3, 1, 0,
    -1, 0, 0, 0, -4, 0, 0, 3,
    0, -14, -9, 0, 0, 0, -4, -14,
    0, 0, -3, 3, 0, -6, 0, -13,
    0, -9, 0, 0, -4, -6, -4, -3,
    -3, 0, 0, -5, 0, 0, -3, 0,
    0, 0, 0, 0, 0, 0, 3, 0,
    3, 0, 0, -5, 0, 0, 0, 0,
    3, 0, 1, -6, -6, 0, -3, -3,
    -3, 0, 0, 0, 0, 0, 0, -9,
    0, -3, 0, -4, -3, 0, -6, -7,
    -9, -2, 0, -6, 1, -9, 0, 0,
    0, 0, 0, 23, 0, 0, 1, 0,
    0, -4, 0, 0, 0, -12, 0, 0,
    0, 0, 0, -27, -6, 10, 9, -3,
    -12, 0, 3, -4, 0, -14, -1, -4,
    3, -20, -3, 5, 0, 4, -10, -4,
    -11, -10, -12, 0, 0, -17, 0, 16,
    0, 0, -1, 0, 0, 0, 0, -1,
    -1, -3, -8, -10, -8, 0, 0, 0,
    0, 0, 0, 0, 0, 0, 0, 0,
    0, 0, 0, 0, 0, 0, 0, 0,
    0, 0, 0, 0, 0, 0, 0, 0,
    -3, 0, -1, -3, -4, 0, 0, -6,
    0, -3, 0, 0, 0, 0, 0, 0,
    0, 0, 0, 0, 0, 0, 0, 0,
    0, 0, 0, 0, -6, 0, 0, 6,
    0, 4, 0, -6, 3, -1, 0, -6,
    -3, 0, -4, -3, -2, 0, -4, -4,
    0, 0, -2, 0, -1, -4, -3, 0,
    0, -3, 0, 3, -1, 0, -6, 0,
    0, 0, 0, -6, 0, -4, 0, -4,
    0, -4, 0, 0, 0, 0, 0, 0,
    0, 0, -6, 3, 0, -3, 0, -1,
    -3, -7, -1, -1, -1, 0, -1, -3,
    0, 0, 0, 0, 0, 0, -3, -2,
    -2, 0, 0, 0, 0, 3, -1, 0,
    -1, 0, 0, 0, 0, -1, -3, -1,
    -2, -3, -2, -2, 3, 12, 0, 0,
    -7, 0, -1, 6, 0, -3, -12, -4,
    4, 0, 0, -13, -4, 3, -4, 2,
    0, -1, -2, -9, 0, -4, 1, 0,
    0, -4, 0, 0, 0, 3, 3, -6,
    -5, 0, -4, 0, 0, -4, -3, -3,
    0, -4, 1, -5, 1, -4, 0, 0,
    0, 0, 0, 0, 0, 0, 0, 3,
    0, 0, 0, 0, 0, 0, 0, 0,
    0, 0, 0, 0, 0, 0, 0, 0,
    0, 0, 0, 0, 0, 0, 0, -4,
    0, 0, 0, 0, 0, 0, 0, 0,
    0, 0, 0, 0, 0, 0, 0, 0,
    0, 0, 0, 0, 0, 0, 0, 0,
    0, 0, 0, 0, 0, 0, 0, 0,
    0, 0, 0, 0, 0, 0, 0, 0,
    0, 0, 0, 0, -1, 0, 0, 0,
    0, 0, 0, 0, 0, 0, 0, 0,
    0, 0, 0, 0, 0, 0, 0, 0,
    0, 0, 0, 0, 0, 0, 0, 0,
    0, 0, 0, -2, -3, 0, 0, 0,
    0, 0, 0, 0, 0, 0, 0, 0,
    0, -4, 0, 0, -4, 0, 0, -3,
    -3, 0, 0, 0, 0, -3, 0, 0,
    0, 0, 0, -1, 0, 0, 0, 0,
    0, -1, 0, 0, 0, 0, -4, 0,
    -6, 0, 0, 0, -10, 0, 1, -6,
    6, 0, -1, -13, 0, 0, -6, -3,
    0, -12, -7, -9, 0, 0, -13, -3,
    -12, -12, -14, 0, -6, 0, 3, 19,
    -4, 0, -7, 0, 0, 0, -3, -4,
    -7, -5, -11, -12, -11, -7, 0, 0,
    -1, 0, 0, 0, 0, -20, -1, 9,
    6, -6, -10, 0, 0, -7, 0, -14,
    -1, -3, 6, -26, -4, 0, 0, 0,
    -19, -3, -14, -3, -21, 0, 0, -20,
    0, 16, 0, 0, -1, 0, 0, 0,
    0, 0, -1, -1, -11, -1, -11, 0,
    0, 0, 0, 0, -9, 0, -2, 0,
    0, -8, -13, 0, 0, -1, -4, -9,
    -3, 0, -2, 0, 0, 0, 0, -13,
    -3, -10, -9, -3, -5, -7, -3, -4,
    0, -6, -2, -10, -4, 0, -3, 0,
    0, -3, -4, 0, 1, 0, -1, -10,
    -1, 0, 0, -5, 0, 0, 0, 0,
    3, 0, 1, -6, 13, 0, -3, -3,
    -3, 0, 0, 0, 0, 0, 0, -9,
    0, -3, 0, -4, -3, 0, -6, -7,
    -9, -2, 0, -6, 3, 12, 0, 0,
    0, 0, 0, 23, 0, 0, 1, 0,
    0, -4, 0, 0, 0, 0, 0, 0,
    0, 0, 0, 0, 0, 0, 0, 0,
    0, 0, -1, -6, 0, 0, 0, 0,
    0, -1, 0, 0, 0, -3, -3, 0,
    0, -6, -3, 0, 0, -6, 0, 4,
    -1, 0, 0, 0, 0, 0, 0, 0,
    1, 0, 0, 0, 0, 0, 6, 3,
    -2, 0, -9, -3, 0, 9, -10, -9,
    -6, -6, 12, 6, 3, -24, -2, 6,
    -3, 0, -3, 4, -3, -10, 0, -3,
    3, -4, -3, -9, -3, 0, 0, 9,
    6, 0, -8, 0, -16, 0, 0, 10,
    -4, -11, 0, -4, -10, -10, -10, -3,
    3, 0, -4, 0, -7, 0, 3, 10,
    -7, -11, -12, -7, 9, 0, 0, -22,
    -3, 3, -5, -2, -7, 0, -6, -11,
    -4, -4, -3, 0, 0, -7, -7, -3,
    0, 9, 7, -3, -16, 0, -16, 0,
    -3, -6, -10, -17, 0, -9, -5, -10,
    -5, -9, 0, 0, -4, 0, -6, -2,
    0, -3, -6, 0, 4, -10, 3, 0,
    0, -16, 0, -3, -6, -5, -2, -9,
    -7, -10, -7, 0, -9, -3, -7, -4,
    -9, -3, 0, 0, 0, 13, -5, 0,
    -9, 0, 0, 0, -3, -6, -7, -8,
    -9, -12, -9, -4, 6, 0, -4, 0,
    -14, -3, 2, 6, -9, -11, -6, -10,
    10, -3, 1, -27, -6, 6, -6, -5,
    -11, 0, -9, -12, -3, -3, -3, -3,
    -7, -9, 0, 0, 0, 9, 9, -1,
    -19, 0, -17, 0, -5, 9, -11, -20,
    -6, -10, -12, -14, -12, -10, 0, 0,
    0, 0, -3, 0, 0, 3, -3, 6,
    1, -5, 6, 0, 0, -7, 0, 0,
    0, 0, 0, 0, -2, 0, 0, 0,
    0, 0, 0, -3, 0, 0, 0, 0,
    3, 9, 0, 0, -3, 0, 0, 0,
    0, 0, -1, -1, -3, 0, -3, 0,
    0, 3, 0, 0, 0, 0, 3, 0,
    -2, 0, 12, 0, 6, 0, 0, -4,
    0, 6, 0, 0, 0, 3, 0, 0,
    0, 0, 6, 0, 7, 0, 9, 0,
    0, 9, 0, 9, -2, 0, 0, 0,
    0, 29, 0, 0, 0, 0, 0, 0,
    0, 0, 0, -17, 0, -3, 4, 0,
    9, -39, 0, 27, 3, -6, -6, 3,
    3, -1, 0, -14, 0, 0, 14, -17,
    -6, 9, 0, 9, -6, -3, -12, 6,
    -6, 0, 0, -20, 12, 40, 0, 0,
    0, 0, 0, 35, 0, 0, 0, 0,
    6, 0, 6, 0, 0, 0, 0, 0,
    0, 0, 0, 0, 0, 0, 0, 0,
    0, 0, 0, 0, 0, 0, 0, 0,
    0, 0, 0, 0, 0, 0, -3, 0,
    0, -4, -2, 0, 0, 0, 0, 0,
    0, 0, 0, 0, 0, 0, 0, 0,
    0, 0, 0, 0, 0, 0, 0, -1,
    6, -7, 0, 0, 0, -3, 0, 3,
    36, -6, -2, 9, 7, -7, 3, 0,
    0, 3, 3, -4, -9, 16, 9, 23,
    0, -3, -3, 13, -1, 6, 0, -37,
    9, 0, -3, 0, -7, 0, 0, 32,
    0, 3, -6, -7, -4, 10, 6, 6,
    0, 0, 0, -8, 0, 0, 0, -7,
    0, 0, 0, 0, -6, -1, 0, 0,
    0, -6, 0, -3, 0, -13, 0, 0,
    0, 0, 0, 0, 0, 0, 0, 0,
    0, -19, 0, 0, 0, 0, 0, 0,
    0, 0, 0, 0, 0, 0, -3, 0,
    -3, 0, 0, -4, 0, -7, 0, 0,
    0, -4, 3, -3, 0, 0, -7, -3,
    -7, 0, 0, -7, 0, -3, 0, -13,
    0, -4, 0, 0, -22, -4, -12, -4,
    -11, 0, 0, -19, 0, -7, -2, 0,
    0, 0, 0, 0, 0, 0, 0, 0,
    -4, -5, -4, -2, 0, 0, 0, 0,
    -6, 0, -6, 4, -4, 6, 0, -1,
    -7, -1, -4, -4, 0, -3, -1, -1,
    2, -7, 0, 0, 0, 0, -23, -3,
    -6, 0, -9, 0, -1, -13, -2, 0,
    0, -1, -2, 0, -1, 0, 0, 0,
    2, 0, -2, -4, -2, -1, 0, 0,
    0, 0, 0, 0, 0, 0, 0, 0,
    0, 0, 0, 0, 0, 0, 0, 0,
    0, 0, 0, 0, 0, 0, 0, 0,
    0, 0, 0, 0, 0, 0, 0, 0,
    0, 0, 0, 0, 0, 0, 0, 0,
    0, 0, 7, 0, 0, 0, 0, 0,
    0, -6, 0, -1, 0, 0, 0, -6,
    3, 0, 0, 0, -7, -3, -6, 0,
    0, -8, 0, -3, 0, -13, 0, 0,
    0, 0, -27, 0, -6, -11, -14, 0,
    0, -19, 0, -2, -4, 0, 0, 0,
    0, 0, 0, 0, 0, 0, -3, -4,
    -3, -1, 0, 0, 0, 4, -4, 0,
    10, 13, -3, -3, -9, 3, 13, 4,
    6, -7, 3, 12, 3, 8, 6, 7,
    0, 0, 0, 0, 0, 0, 0, 0,
    0, 0, 0, 18, 13, -6, -3, 1,
    -2, 1, 1, 13, 0, 0, 0, 0,
    3, 0, 3, 0, 0, 0, -3, 0,
    0, 0, 0, 0, 0, 0, 0, 0,
    -1, 0, 0, 0, 0, 0, 0, 0,
    0, 6, 0, 0, 0, 0, -21, -3,
    -3, -11, -13, 0, 0, -19, 0, 0,
    0, 0, 0, 0, 0, 0, 0, 0,
    0, 0, 0, 0, 0, 0, 0, 0,
    -3, 0, 0, 0, 0, 0, 0, 0,
    0, 0, -1, 0, 0, 0, 0, 0,
    0, 0, 0, 6, 0, 0, 0, 0,
    -21, -3, -3, -11, -13, 0, 0, -8,
    0, 0, 0, 0, 0, 0, 0, 0,
    0, 0, 0, 0, 0, 0, 0, 0,
    0, 0, 0, 0, -3, 0, 0, 0,
    -7, 3, 0, -3, 3, 6, 3, -9,
    0, 0, -3, 3, 0, 3, 0, 0,
    0, 0, -5, 0, -2, -1, -6, 0,
    -2, -12, 0, 17, -3, 0, -6, 0,
    0, 0, -1, -5, 0, -3, -9, -6,
    -9, -3, 0, 0, -3, 0, 0, 0,
    0, 0, 0, 0, 0, 0, -1, 0,
    0, 0, 0, 0, 0, 0, 0, 6,
    0, 0, 0, 0, -21, -3, -3, -11,
    -13, 0, 0, -19, 0, 0, 0, 0,
    0, 0, 0, 14, 0, 0, 0, 0,
    0, 0, 0, 0, 0, 0, -3, 0,
    -9, -3, -2, 9, -2, -3, -12, 0,
    1, 0, -1, -7, 0, 6, 0, 3,
    0, 3, -6, -12, -3, 0, -9, -4,
    -7, -12, -11, 0, -3, -6, -3, -4,
    -12, -1, -3, 0, -1, 0, -1, 0,
    4, 0, 4, -1, 4, 0, 0, 0,
    0, 0, 0, 0, 0, 0, 0, 0,
    0, 0, -1, -3, -3, 0, 0, -7,
    0, -1, 0, -4, 0, 0, 0, 0,
    0, 0, 0, 0, 0, 0, 0, -17,
    0, 0, 0, 0, 0, 0, 0, 0,
    0, 0, 0, 0, -3, -3, -3, 0,
    0, 0, 0, 0, -2, 0, 0, -4,
    -3, 3, 0, -4, -5, -1, 0, -7,
    -1, -6, -2, -3, 0, -4, 0, 0,
    0, 0, 0, 0, 0, 0, 0, 0,
    0, -19, 0, 9, 0, 0, -5, 0,
    0, 0, 0, 0, -4, 0, -3, 0,
    -3, 0, 0, 0, -1, 0, -7, 0,
    0, 12, -4, -10, -10, 1, 4, 4,
    0, -9, 1, 4, 1, 9, 1, 10,
    -1, -8, 0, 0, -8, 0, 0, -9,
    -7, 0, 0, -6, 0, -4, -5, 0,
    -4, 0, 0, -4, 0, -2, 4, 0,
    -3, -9, -3, -3, 0, 0, -2, 0,
    -6, 0, 0, 4, -7, 0, 3, -3,
    3, 1, 0, -10, 0, -1, 0, 0,
    -3, 4, -3, 0, 0, 0, -9, -3,
    -6, 0, -9, 0, 0, -13, 0, 10,
    -3, 0, -5, 0, 0, 5, 0, -3,
    0, -3, -9, 0, -9, -3, 0, 0,
    0, 0, -1, 0, 0, 3, -4, 0,
    0, 0, -3, -1, 0, -3, 0, 0,
    0, 0, 0, 0, 0, 0, 0, 0,
    0, 0, 0, 0, 0, 0, 0, -17,
    0, 6, 0, 0, -2, 0, 0, 0,
    0, 0, 0, 0, -3, -3, -3, 0
};


/*Collect the kern class' data in one place*/
static const lv_font_fmt_txt_kern_classes_t kern_classes =
{
    .class_pair_values   = kern_class_values,
    .left_class_mapping  = kern_left_class_mapping,
    .right_class_mapping = kern_right_class_mapping,
    .left_class_cnt      = 60,
    .right_class_cnt     = 50,
};

/*--------------------
 *  ALL CUSTOM DATA
 *--------------------*/

#if LVGL_VERSION_MAJOR == 8
/*Store all the custom data of the font*/
static  lv_font_fmt_txt_glyph_cache_t cache;
#endif

#if LVGL_VERSION_MAJOR >= 8
static const lv_font_fmt_txt_dsc_t font_dsc = {
#else
static lv_font_fmt_txt_dsc_t font_dsc = {
#endif
    .glyph_bitmap = glyph_bitmap,
    .glyph_dsc = glyph_dsc,
    .cmaps = cmaps,
    .kern_dsc = &kern_classes,
    .kern_scale = 16,
    .cmap_num = 2,
    .bpp = 4,
    .kern_classes = 1,
    .bitmap_format = 0,
#if LVGL_VERSION_MAJOR == 8
    .cache = &cache
#endif
};



/*-----------------
 *  PUBLIC FONT
 *----------------*/

/*Initialize a public general font descriptor*/
#if LVGL_VERSION_MAJOR >= 8
const lv_font_t am_font_18 = {
#else
lv_font_t am_font_18 = {
#endif
    .get_glyph_dsc = lv_font_get_glyph_dsc_fmt_txt,    /*Function pointer to get glyph's data*/
    .get_glyph_bitmap = lv_font_get_bitmap_fmt_txt,    /*Function pointer to get glyph's bitmap*/
    .line_height = 20,          /*The maximum line height required by the font*/
    .base_line = 4,             /*Baseline measured from the bottom of the line*/
#if !(LVGL_VERSION_MAJOR == 6 && LVGL_VERSION_MINOR == 0)
    .subpx = LV_FONT_SUBPX_NONE,
#endif
#if LV_VERSION_CHECK(7, 4, 0) || LVGL_VERSION_MAJOR >= 8
    .underline_position = -2,
    .underline_thickness = 1,
#endif
    .dsc = &font_dsc,          /*The custom font data. Will be accessed by `get_glyph_bitmap/dsc` */
#if LV_VERSION_CHECK(8, 2, 0) || LVGL_VERSION_MAJOR >= 9
    .fallback = NULL,
#endif
    .user_data = NULL,
};



#endif /*#if AM_FONT_18*/

