/*******************************************************************************
 * Size: 24 px
 * Bpp: 4
 * Opts: --no-compress --format lvgl --bpp 4 --size 24 --font lvgl/demos/multilang/assets/fonts/Montserrat-SemiBold.ttf -r 0x20-0x7F --font lvgl/demos/multilang/assets/fonts/NotoSansSC-Medium.otf --symbols ·—、。一上下不与专东个中为主争二于享京亮人今从以优会但位低作你侧保信候假偏做停先光克入全公共关内再决冷分切列到制刷刻前功动区单占卡压及发变口只可台右合同后含听和器回围固图圆在地场型域境声备复外多夜天失奏女好始安完定实容密察导封小尽局层展工左已布常广序库底度开式张强当录心快态性总息想感慢成打扫把拟持按挑换据排探接控推描搜播收改放数整料新方日早时明昨是晚晨景智暖曲更替最本机杂条构架柔查标栏样案模次歌正步段毁每气氛流浅淡深混清渐渡点片版状独率环现玻班球璃用电界留略白的目看真确示离移稍稳稿立竞策管精系索级线经结统继续维编缩置耗联背能自航色节荐藏行表要观视觉角认让设访证识译说调谈质贴资跑跟路轮轻载辑辨边达迁过运近还这进连迷适选透速逻道部里重量金钟钮铜销长间队阶降随集雾青静面页项顺预频题颜风首驻验高黄默鼓，：； --font /home/share/samba/lvgl/lv_port_pc_vscode_v3-music/main/src/v9_apple_music/fonts/src/DejaVuSansMono.ttf --symbols ⌂◉♫≣⚙♪⌕◌▶↺ --font /home/share/samba/lvgl/lv_port_pc_vscode_v3-music/main/src/v9_apple_music/fonts/src/NotoSansSymbols2-Regular.ttf --symbols ⏮⏭ --lv-font-name am_font_24 -o /home/share/samba/lvgl/lv_port_pc_vscode_v3-music/main/src/v9_apple_music/fonts/am_font_24.c --force-fast-kern-format
 ******************************************************************************/

#ifdef LV_LVGL_H_INCLUDE_SIMPLE
#include "lvgl.h"
#else
#include "lvgl/lvgl.h"
#endif

#ifndef AM_FONT_24
#define AM_FONT_24 1
#endif

#if AM_FONT_24

/*-----------------
 *    BITMAPS
 *----------------*/

/*Store the image of the glyphs*/
static LV_ATTRIBUTE_LARGE_CONST const uint8_t glyph_bitmap[] = {
    /* U+0020 " " */

    /* U+0021 "!" */
    0x6f, 0xff, 0x15, 0xff, 0xf0, 0x4f, 0xff, 0x3,
    0xff, 0xf0, 0x3f, 0xfe, 0x2, 0xff, 0xd0, 0x1f,
    0xfc, 0x0, 0xff, 0xb0, 0xf, 0xfa, 0x0, 0xef,
    0xa0, 0xe, 0xf9, 0x0, 0x34, 0x20, 0x0, 0x0,
    0x0, 0x7a, 0x50, 0x6f, 0xff, 0x17, 0xff, 0xf2,
    0x1c, 0xf9, 0x0,

    /* U+0022 "\"" */
    0xaf, 0xe0, 0xf, 0xf8, 0x9f, 0xe0, 0xf, 0xf8,
    0x9f, 0xd0, 0xf, 0xf7, 0x8f, 0xd0, 0xe, 0xf7,
    0x8f, 0xc0, 0xe, 0xf6, 0x8f, 0xc0, 0xd, 0xf6,
    0x5a, 0x70, 0x9, 0xa3,

    /* U+0023 "#" */
    0x0, 0x0, 0xb, 0xf7, 0x0, 0x7, 0xfb, 0x0,
    0x0, 0x0, 0x0, 0xdf, 0x60, 0x0, 0x9f, 0x90,
    0x0, 0x0, 0x0, 0xe, 0xf4, 0x0, 0xb, 0xf7,
    0x0, 0x0, 0x0, 0x0, 0xff, 0x20, 0x0, 0xdf,
    0x50, 0x0, 0xa, 0xff, 0xff, 0xff, 0xff, 0xff,
    0xff, 0xff, 0x70, 0xaf, 0xff, 0xff, 0xff, 0xff,
    0xff, 0xff, 0xf8, 0x1, 0x33, 0x9f, 0xf3, 0x33,
    0x6f, 0xf3, 0x33, 0x10, 0x0, 0x8, 0xfa, 0x0,
    0x5, 0xfd, 0x0, 0x0, 0x0, 0x0, 0xaf, 0x80,
    0x0, 0x7f, 0xb0, 0x0, 0x0, 0x0, 0xc, 0xf6,
    0x0, 0x8, 0xfa, 0x0, 0x0, 0x13, 0x33, 0xff,
    0x73, 0x33, 0xdf, 0xb3, 0x32, 0x7, 0xff, 0xff,
    0xff, 0xff, 0xff, 0xff, 0xff, 0xb0, 0x7f, 0xff,
    0xff, 0xff, 0xff, 0xff, 0xff, 0xfb, 0x0, 0x0,
    0x4f, 0xe0, 0x0, 0xf, 0xf2, 0x0, 0x0, 0x0,
    0x6, 0xfc, 0x0, 0x2, 0xff, 0x0, 0x0, 0x0,
    0x0, 0x8f, 0xa0, 0x0, 0x4f, 0xe0, 0x0, 0x0,
    0x0, 0xa, 0xf8, 0x0, 0x6, 0xfc, 0x0, 0x0,
    0x0,

    /* U+0024 "$" */
    0x0, 0x0, 0x0, 0x4f, 0xb0, 0x0, 0x0, 0x0,
    0x0, 0x0, 0x4, 0xfb, 0x0, 0x0, 0x0, 0x0,
    0x0, 0x0, 0x4f, 0xb0, 0x0, 0x0, 0x0, 0x0,
    0x6, 0xbf, 0xff, 0xeb, 0x61, 0x0, 0x0, 0x3e,
    0xff, 0xff, 0xff, 0xff, 0xf5, 0x0, 0x1e, 0xff,
    0xff, 0xff, 0xcf, 0xff, 0x20, 0x8, 0xff, 0xd1,
    0x4f, 0xb0, 0x6, 0x90, 0x0, 0xbf, 0xf5, 0x4,
    0xfb, 0x0, 0x0, 0x0, 0xb, 0xff, 0x70, 0x4f,
    0xb0, 0x0, 0x0, 0x0, 0x7f, 0xff, 0x87, 0xfb,
    0x0, 0x0, 0x0, 0x1, 0xdf, 0xff, 0xff, 0xf6,
    0x10, 0x0, 0x0, 0x1, 0x9f, 0xff, 0xff, 0xff,
    0xb3, 0x0, 0x0, 0x0, 0x5, 0xef, 0xff, 0xff,
    0xf5, 0x0, 0x0, 0x0, 0x4, 0xfd, 0x7e, 0xff,
    0xe0, 0x0, 0x0, 0x0, 0x4f, 0xb0, 0x1f, 0xff,
    0x20, 0x11, 0x0, 0x4, 0xfb, 0x0, 0xdf, 0xf3,
    0x7, 0xe7, 0x10, 0x4f, 0xb0, 0x6f, 0xff, 0x0,
    0xef, 0xff, 0xdf, 0xff, 0xdf, 0xff, 0x70, 0x6,
    0xef, 0xff, 0xff, 0xff, 0xff, 0x90, 0x0, 0x0,
    0x5a, 0xdf, 0xff, 0xd9, 0x30, 0x0, 0x0, 0x0,
    0x0, 0x4f, 0xb0, 0x0, 0x0, 0x0, 0x0, 0x0,
    0x4, 0xfb, 0x0, 0x0, 0x0, 0x0, 0x0, 0x0,
    0x28, 0x50, 0x0, 0x0, 0x0,

    /* U+0025 "%" */
    0x0, 0x4c, 0xfe, 0x91, 0x0, 0x0, 0x0, 0x7f,
    0xd0, 0x0, 0x4, 0xff, 0x9b, 0xfd, 0x0, 0x0,
    0x2, 0xff, 0x30, 0x0, 0xd, 0xf3, 0x0, 0x9f,
    0x70, 0x0, 0xc, 0xf8, 0x0, 0x0, 0x1f, 0xd0,
    0x0, 0x3f, 0xb0, 0x0, 0x7f, 0xd0, 0x0, 0x0,
    0x2f, 0xc0, 0x0, 0x2f, 0xc0, 0x2, 0xff, 0x30,
    0x0, 0x0, 0x1f, 0xe0, 0x0, 0x4f, 0xb0, 0xd,
    0xf8, 0x0, 0x0, 0x0, 0xd, 0xf5, 0x0, 0xbf,
    0x70, 0x8f, 0xd0, 0x0, 0x0, 0x0, 0x4, 0xff,
    0xcd, 0xfd, 0x3, 0xff, 0x30, 0x0, 0x0, 0x0,
    0x0, 0x4c, 0xfe, 0x91, 0xd, 0xf7, 0x4, 0xcf,
    0xe9, 0x10, 0x0, 0x0, 0x0, 0x0, 0x8f, 0xc0,
    0x4f, 0xfc, 0xdf, 0xd0, 0x0, 0x0, 0x0, 0x3,
    0xff, 0x20, 0xdf, 0x50, 0xb, 0xf7, 0x0, 0x0,
    0x0, 0xd, 0xf7, 0x1, 0xfe, 0x0, 0x4, 0xfb,
    0x0, 0x0, 0x0, 0x8f, 0xc0, 0x2, 0xfc, 0x0,
    0x2, 0xfd, 0x0, 0x0, 0x3, 0xff, 0x20, 0x1,
    0xfd, 0x0, 0x3, 0xfb, 0x0, 0x0, 0xd, 0xf7,
    0x0, 0x0, 0xdf, 0x30, 0x9, 0xf7, 0x0, 0x0,
    0x9f, 0xc0, 0x0, 0x0, 0x4f, 0xf9, 0xbf, 0xd0,
    0x0, 0x4, 0xff, 0x20, 0x0, 0x0, 0x4, 0xcf,
    0xea, 0x10,

    /* U+0026 "&" */
    0x0, 0x0, 0x19, 0xdf, 0xfc, 0x60, 0x0, 0x0,
    0x0, 0x0, 0x2e, 0xff, 0xff, 0xff, 0x90, 0x0,
    0x0, 0x0, 0xb, 0xff, 0x83, 0x3c, 0xff, 0x20,
    0x0, 0x0, 0x0, 0xff, 0xd0, 0x0, 0x3f, 0xf5,
    0x0, 0x0, 0x0, 0xe, 0xfd, 0x0, 0x6, 0xff,
    0x30, 0x0, 0x0, 0x0, 0xaf, 0xf7, 0x6, 0xff,
    0xc0, 0x0, 0x0, 0x0, 0x1, 0xef, 0xff, 0xff,
    0xd1, 0x0, 0x0, 0x0, 0x0, 0x6, 0xff, 0xff,
    0x80, 0x0, 0x0, 0x0, 0x0, 0x8, 0xff, 0xff,
    0xf8, 0x0, 0x3, 0x20, 0x0, 0xb, 0xff, 0xb5,
    0xef, 0xf9, 0x0, 0xcf, 0xa0, 0x7, 0xff, 0xa0,
    0x2, 0xef, 0xfa, 0x1f, 0xf8, 0x0, 0xdf, 0xf0,
    0x0, 0x2, 0xdf, 0xff, 0xff, 0x30, 0xf, 0xff,
    0x0, 0x0, 0x1, 0xdf, 0xff, 0xb0, 0x0, 0xdf,
    0xf7, 0x0, 0x0, 0x7, 0xff, 0xfe, 0x10, 0x7,
    0xff, 0xfc, 0x87, 0x9e, 0xff, 0xff, 0xfc, 0x10,
    0x8, 0xff, 0xff, 0xff, 0xff, 0xd3, 0xbf, 0xf3,
    0x0, 0x3, 0x9d, 0xff, 0xda, 0x50, 0x0, 0xa5,
    0x0, 0x0, 0x0, 0x0, 0x0, 0x0, 0x0, 0x0,
    0x0,

    /* U+0027 "'" */
    0xaf, 0xe9, 0xfe, 0x9f, 0xd8, 0xfd, 0x8f, 0xc8,
    0xfc, 0x5a, 0x70,

    /* U+0028 "(" */
    0x0, 0x5f, 0xf9, 0x0, 0xdf, 0xf1, 0x5, 0xff,
    0xa0, 0xa, 0xff, 0x40, 0xf, 0xff, 0x0, 0x4f,
    0xfa, 0x0, 0x7f, 0xf7, 0x0, 0xaf, 0xf4, 0x0,
    0xcf, 0xf2, 0x0, 0xdf, 0xf1, 0x0, 0xef, 0xf0,
    0x0, 0xff, 0xf0, 0x0, 0xef, 0xf0, 0x0, 0xdf,
    0xf1, 0x0, 0xcf, 0xf2, 0x0, 0xaf, 0xf4, 0x0,
    0x7f, 0xf7, 0x0, 0x4f, 0xfa, 0x0, 0xf, 0xff,
    0x0, 0xa, 0xff, 0x40, 0x5, 0xff, 0xa0, 0x0,
    0xdf, 0xf1, 0x0, 0x5f, 0xf9,

    /* U+0029 ")" */
    0x3f, 0xfa, 0x0, 0x0, 0xcf, 0xf3, 0x0, 0x4,
    0xff, 0xa0, 0x0, 0xe, 0xff, 0x0, 0x0, 0xaf,
    0xf5, 0x0, 0x5, 0xff, 0x90, 0x0, 0x2f, 0xfc,
    0x0, 0x0, 0xff, 0xf0, 0x0, 0xc, 0xff, 0x20,
    0x0, 0xbf, 0xf3, 0x0, 0xa, 0xff, 0x40, 0x0,
    0x9f, 0xf4, 0x0, 0xa, 0xff, 0x40, 0x0, 0xbf,
    0xf3, 0x0, 0xc, 0xff, 0x20, 0x0, 0xff, 0xf0,
    0x0, 0x2f, 0xfc, 0x0, 0x5, 0xff, 0x90, 0x0,
    0x9f, 0xf5, 0x0, 0xe, 0xff, 0x0, 0x4, 0xff,
    0xa0, 0x0, 0xcf, 0xf2, 0x0, 0x3f, 0xfa, 0x0,
    0x0,

    /* U+002A "*" */
    0x0, 0x0, 0xee, 0x0, 0x0, 0x5, 0x0, 0xee,
    0x0, 0x50, 0x4f, 0xd4, 0xee, 0x4d, 0xf4, 0x2b,
    0xff, 0xff, 0xff, 0xb2, 0x0, 0x5f, 0xff, 0xf5,
    0x0, 0x7, 0xff, 0xff, 0xff, 0x70, 0x6f, 0xf8,
    0xfe, 0x8f, 0xf5, 0x8, 0x20, 0xee, 0x2, 0x80,
    0x0, 0x0, 0xee, 0x0, 0x0, 0x0, 0x0, 0x33,
    0x0, 0x0,

    /* U+002B "+" */
    0x0, 0x0, 0x18, 0x83, 0x0, 0x0, 0x0, 0x0,
    0x3f, 0xf6, 0x0, 0x0, 0x0, 0x0, 0x3f, 0xf6,
    0x0, 0x0, 0x0, 0x0, 0x3f, 0xf6, 0x0, 0x0,
    0x26, 0x66, 0x9f, 0xfc, 0x66, 0x64, 0x7f, 0xff,
    0xff, 0xff, 0xff, 0xfa, 0x7f, 0xff, 0xff, 0xff,
    0xff, 0xfa, 0x0, 0x0, 0x3f, 0xf6, 0x0, 0x0,
    0x0, 0x0, 0x3f, 0xf6, 0x0, 0x0, 0x0, 0x0,
    0x3f, 0xf6, 0x0, 0x0, 0x0, 0x0, 0x3f, 0xf6,
    0x0, 0x0,

    /* U+002C "," */
    0x4d, 0xc3, 0xdf, 0xfc, 0xef, 0xfd, 0x5f, 0xf9,
    0xf, 0xf3, 0x4f, 0xd0, 0x9f, 0x70, 0x68, 0x10,

    /* U+002D "-" */
    0x58, 0x88, 0x88, 0x7b, 0xff, 0xff, 0xfe, 0xbf,
    0xff, 0xff, 0xe0,

    /* U+002E "." */
    0x5, 0xed, 0x30, 0xff, 0xfc, 0xf, 0xff, 0xc0,
    0x5e, 0xd3,

    /* U+002F "/" */
    0x0, 0x0, 0x0, 0x0, 0x78, 0x60, 0x0, 0x0,
    0x0, 0x2f, 0xf8, 0x0, 0x0, 0x0, 0x8, 0xff,
    0x20, 0x0, 0x0, 0x0, 0xdf, 0xd0, 0x0, 0x0,
    0x0, 0x3f, 0xf7, 0x0, 0x0, 0x0, 0x8, 0xff,
    0x20, 0x0, 0x0, 0x0, 0xef, 0xc0, 0x0, 0x0,
    0x0, 0x4f, 0xf6, 0x0, 0x0, 0x0, 0x9, 0xff,
    0x10, 0x0, 0x0, 0x0, 0xff, 0xb0, 0x0, 0x0,
    0x0, 0x5f, 0xf5, 0x0, 0x0, 0x0, 0xa, 0xff,
    0x0, 0x0, 0x0, 0x0, 0xff, 0xa0, 0x0, 0x0,
    0x0, 0x6f, 0xf5, 0x0, 0x0, 0x0, 0xb, 0xfe,
    0x0, 0x0, 0x0, 0x1, 0xff, 0x90, 0x0, 0x0,
    0x0, 0x6f, 0xf4, 0x0, 0x0, 0x0, 0xc, 0xfe,
    0x0, 0x0, 0x0, 0x2, 0xff, 0x80, 0x0, 0x0,
    0x0, 0x7f, 0xf3, 0x0, 0x0, 0x0, 0xd, 0xfd,
    0x0, 0x0, 0x0, 0x3, 0xff, 0x70, 0x0, 0x0,
    0x0, 0x8f, 0xf2, 0x0, 0x0, 0x0, 0x0,

    /* U+0030 "0" */
    0x0, 0x0, 0x7c, 0xef, 0xc8, 0x10, 0x0, 0x0,
    0x3, 0xef, 0xff, 0xff, 0xff, 0x40, 0x0, 0x2,
    0xff, 0xff, 0xdc, 0xff, 0xff, 0x40, 0x0, 0xcf,
    0xfd, 0x20, 0x1, 0xbf, 0xfd, 0x0, 0x3f, 0xff,
    0x10, 0x0, 0x0, 0xef, 0xf5, 0x8, 0xff, 0xa0,
    0x0, 0x0, 0x7, 0xff, 0xb0, 0xcf, 0xf6, 0x0,
    0x0, 0x0, 0x3f, 0xfe, 0xd, 0xff, 0x40, 0x0,
    0x0, 0x1, 0xff, 0xf0, 0xef, 0xf3, 0x0, 0x0,
    0x0, 0x1f, 0xff, 0x1d, 0xff, 0x40, 0x0, 0x0,
    0x1, 0xff, 0xf0, 0xcf, 0xf6, 0x0, 0x0, 0x0,
    0x3f, 0xfe, 0x8, 0xff, 0xa0, 0x0, 0x0, 0x7,
    0xff, 0xb0, 0x3f, 0xff, 0x10, 0x0, 0x0, 0xef,
    0xf6, 0x0, 0xcf, 0xfd, 0x20, 0x1, 0xbf, 0xfe,
    0x0, 0x2, 0xff, 0xff, 0xcc, 0xff, 0xff, 0x40,
    0x0, 0x3, 0xef, 0xff, 0xff, 0xff, 0x40, 0x0,
    0x0, 0x1, 0x7c, 0xef, 0xd8, 0x10, 0x0, 0x0,

    /* U+0031 "1" */
    0xdf, 0xff, 0xff, 0xdd, 0xff, 0xff, 0xfd, 0x8a,
    0xae, 0xff, 0xd0, 0x0, 0x4f, 0xfd, 0x0, 0x4,
    0xff, 0xd0, 0x0, 0x4f, 0xfd, 0x0, 0x4, 0xff,
    0xd0, 0x0, 0x4f, 0xfd, 0x0, 0x4, 0xff, 0xd0,
    0x0, 0x4f, 0xfd, 0x0, 0x4, 0xff, 0xd0, 0x0,
    0x4f, 0xfd, 0x0, 0x4, 0xff, 0xd0, 0x0, 0x4f,
    0xfd, 0x0, 0x4, 0xff, 0xd0, 0x0, 0x4f, 0xfd,
    0x0, 0x4, 0xff, 0xd0,

    /* U+0032 "2" */
    0x0, 0x17, 0xce, 0xfe, 0xc7, 0x0, 0x0, 0x6,
    0xff, 0xff, 0xff, 0xff, 0xe3, 0x0, 0x7f, 0xff,
    0xfd, 0xce, 0xff, 0xfe, 0x0, 0x1c, 0xf8, 0x10,
    0x0, 0x5f, 0xff, 0x50, 0x0, 0x30, 0x0, 0x0,
    0xb, 0xff, 0x80, 0x0, 0x0, 0x0, 0x0, 0x9,
    0xff, 0x70, 0x0, 0x0, 0x0, 0x0, 0xd, 0xff,
    0x40, 0x0, 0x0, 0x0, 0x0, 0x7f, 0xfd, 0x0,
    0x0, 0x0, 0x0, 0x6, 0xff, 0xf4, 0x0, 0x0,
    0x0, 0x0, 0x6f, 0xff, 0x60, 0x0, 0x0, 0x0,
    0x7, 0xff, 0xf6, 0x0, 0x0, 0x0, 0x0, 0x8f,
    0xff, 0x50, 0x0, 0x0, 0x0, 0x9, 0xff, 0xf4,
    0x0, 0x0, 0x0, 0x0, 0xaf, 0xff, 0x40, 0x0,
    0x0, 0x0, 0xb, 0xff, 0xfd, 0xaa, 0xaa, 0xaa,
    0xa2, 0x2f, 0xff, 0xff, 0xff, 0xff, 0xff, 0xf3,
    0x2f, 0xff, 0xff, 0xff, 0xff, 0xff, 0xf3,

    /* U+0033 "3" */
    0x2f, 0xff, 0xff, 0xff, 0xff, 0xff, 0x42, 0xff,
    0xff, 0xff, 0xff, 0xff, 0xf4, 0x1a, 0xaa, 0xaa,
    0xaa, 0xff, 0xfd, 0x10, 0x0, 0x0, 0x0, 0x5f,
    0xfe, 0x20, 0x0, 0x0, 0x0, 0x4f, 0xff, 0x30,
    0x0, 0x0, 0x0, 0x3f, 0xff, 0x40, 0x0, 0x0,
    0x0, 0x1e, 0xff, 0xb1, 0x0, 0x0, 0x0, 0x5,
    0xff, 0xff, 0xfa, 0x10, 0x0, 0x0, 0x5f, 0xff,
    0xff, 0xfd, 0x0, 0x0, 0x0, 0x0, 0x17, 0xff,
    0xf8, 0x0, 0x0, 0x0, 0x0, 0x7, 0xff, 0xd0,
    0x0, 0x0, 0x0, 0x0, 0x3f, 0xff, 0x3, 0x0,
    0x0, 0x0, 0x5, 0xff, 0xd2, 0xfb, 0x30, 0x0,
    0x3, 0xef, 0xf9, 0xaf, 0xff, 0xec, 0xcd, 0xff,
    0xfe, 0x25, 0xef, 0xff, 0xff, 0xff, 0xfe, 0x30,
    0x0, 0x5a, 0xdf, 0xfe, 0xc7, 0x10, 0x0,

    /* U+0034 "4" */
    0x0, 0x0, 0x0, 0x0, 0x4f, 0xfe, 0x20, 0x0,
    0x0, 0x0, 0x0, 0x0, 0x1e, 0xff, 0x40, 0x0,
    0x0, 0x0, 0x0, 0x0, 0xc, 0xff, 0x80, 0x0,
    0x0, 0x0, 0x0, 0x0, 0x9, 0xff, 0xc0, 0x0,
    0x0, 0x0, 0x0, 0x0, 0x5, 0xff, 0xe1, 0x0,
    0x0, 0x0, 0x0, 0x0, 0x2, 0xff, 0xf4, 0x0,
    0x0, 0x0, 0x0, 0x0, 0x0, 0xdf, 0xf8, 0x0,
    0x0, 0x0, 0x0, 0x0, 0x0, 0xaf, 0xfc, 0x0,
    0xe, 0xff, 0x10, 0x0, 0x0, 0x6f, 0xfe, 0x10,
    0x0, 0xef, 0xf1, 0x0, 0x0, 0x3f, 0xff, 0x40,
    0x0, 0xe, 0xff, 0x10, 0x0, 0xd, 0xff, 0xfa,
    0xaa, 0xaa, 0xff, 0xfb, 0xaa, 0x3, 0xff, 0xff,
    0xff, 0xff, 0xff, 0xff, 0xff, 0xf0, 0x3f, 0xff,
    0xff, 0xff, 0xff, 0xff, 0xff, 0xff, 0x0, 0x0,
    0x0, 0x0, 0x0, 0xf, 0xff, 0x10, 0x0, 0x0,
    0x0, 0x0, 0x0, 0x0, 0xff, 0xf1, 0x0, 0x0,
    0x0, 0x0, 0x0, 0x0, 0xf, 0xff, 0x10, 0x0,
    0x0, 0x0, 0x0, 0x0, 0x0, 0xff, 0xf1, 0x0,
    0x0,

    /* U+0035 "5" */
    0x0, 0xaf, 0xff, 0xff, 0xff, 0xff, 0x40, 0x0,
    0xbf, 0xff, 0xff, 0xff, 0xff, 0x40, 0x0, 0xdf,
    0xfb, 0xaa, 0xaa, 0xaa, 0x20, 0x0, 0xef, 0xf0,
    0x0, 0x0, 0x0, 0x0, 0x0, 0xff, 0xe0, 0x0,
    0x0, 0x0, 0x0, 0x1, 0xff, 0xc0, 0x0, 0x0,
    0x0, 0x0, 0x3, 0xff, 0xfa, 0x98, 0x73, 0x0,
    0x0, 0x4, 0xff, 0xff, 0xff, 0xff, 0xd4, 0x0,
    0x6, 0xff, 0xff, 0xff, 0xff, 0xff, 0x40, 0x0,
    0x0, 0x0, 0x2, 0x6e, 0xff, 0xd0, 0x0, 0x0,
    0x0, 0x0, 0x2, 0xff, 0xf2, 0x0, 0x0, 0x0,
    0x0, 0x0, 0xef, 0xf3, 0x2, 0x0, 0x0, 0x0,
    0x1, 0xff, 0xf2, 0xd, 0xc5, 0x0, 0x0, 0x1c,
    0xff, 0xd0, 0x6f, 0xff, 0xfc, 0xbd, 0xff, 0xff,
    0x50, 0x2c, 0xff, 0xff, 0xff, 0xff, 0xf6, 0x0,
    0x0, 0x38, 0xce, 0xfe, 0xd8, 0x20, 0x0,

    /* U+0036 "6" */
    0x0, 0x0, 0x39, 0xdf, 0xfe, 0xc7, 0x10, 0x0,
    0x9, 0xff, 0xff, 0xff, 0xff, 0x70, 0x0, 0xcf,
    0xff, 0xeb, 0xac, 0xef, 0x10, 0x8, 0xff, 0xf6,
    0x0, 0x0, 0x3, 0x0, 0x2f, 0xff, 0x40, 0x0,
    0x0, 0x0, 0x0, 0x7f, 0xfb, 0x0, 0x0, 0x0,
    0x0, 0x0, 0xbf, 0xf6, 0x1, 0x56, 0x53, 0x0,
    0x0, 0xdf, 0xf5, 0xbf, 0xff, 0xff, 0xd4, 0x0,
    0xef, 0xff, 0xff, 0xff, 0xff, 0xff, 0x40, 0xef,
    0xff, 0xd5, 0x0, 0x3c, 0xff, 0xe0, 0xcf, 0xff,
    0x10, 0x0, 0x0, 0xdf, 0xf4, 0xaf, 0xfb, 0x0,
    0x0, 0x0, 0x9f, 0xf6, 0x5f, 0xfd, 0x0, 0x0,
    0x0, 0xaf, 0xf5, 0xe, 0xff, 0x60, 0x0, 0x4,
    0xff, 0xf1, 0x4, 0xff, 0xfc, 0x87, 0xaf, 0xff,
    0x90, 0x0, 0x5f, 0xff, 0xff, 0xff, 0xfa, 0x0,
    0x0, 0x1, 0x7c, 0xef, 0xea, 0x40, 0x0,

    /* U+0037 "7" */
    0x5f, 0xff, 0xff, 0xff, 0xff, 0xff, 0xfb, 0x5f,
    0xff, 0xff, 0xff, 0xff, 0xff, 0xfb, 0x5f, 0xff,
    0xaa, 0xaa, 0xaa, 0xff, 0xf8, 0x5f, 0xf9, 0x0,
    0x0, 0x3, 0xff, 0xf2, 0x5f, 0xf9, 0x0, 0x0,
    0xa, 0xff, 0xa0, 0x28, 0x85, 0x0, 0x0, 0x1f,
    0xff, 0x30, 0x0, 0x0, 0x0, 0x0, 0x8f, 0xfc,
    0x0, 0x0, 0x0, 0x0, 0x0, 0xef, 0xf5, 0x0,
    0x0, 0x0, 0x0, 0x6, 0xff, 0xe0, 0x0, 0x0,
    0x0, 0x0, 0xd, 0xff, 0x70, 0x0, 0x0, 0x0,
    0x0, 0x4f, 0xff, 0x10, 0x0, 0x0, 0x0, 0x0,
    0xbf, 0xf9, 0x0, 0x0, 0x0, 0x0, 0x2, 0xff,
    0xf2, 0x0, 0x0, 0x0, 0x0, 0x9, 0xff, 0xb0,
    0x0, 0x0, 0x0, 0x0, 0x1f, 0xff, 0x40, 0x0,
    0x0, 0x0, 0x0, 0x7f, 0xfd, 0x0, 0x0, 0x0,
    0x0, 0x0, 0xef, 0xf6, 0x0, 0x0, 0x0,

    /* U+0038 "8" */
    0x0, 0x0, 0x6b, 0xef, 0xfd, 0x93, 0x0, 0x0,
    0x2, 0xdf, 0xff, 0xff, 0xff, 0xf9, 0x0, 0x0,
    0xdf, 0xff, 0xa8, 0x8c, 0xff, 0xf8, 0x0, 0x4f,
    0xfe, 0x20, 0x0, 0x7, 0xff, 0xe0, 0x6, 0xff,
    0xa0, 0x0, 0x0, 0xf, 0xff, 0x0, 0x4f, 0xfe,
    0x0, 0x0, 0x4, 0xff, 0xe0, 0x0, 0xcf, 0xfd,
    0x74, 0x59, 0xff, 0xf6, 0x0, 0x1, 0xcf, 0xff,
    0xff, 0xff, 0xf7, 0x0, 0x0, 0x7f, 0xff, 0xff,
    0xff, 0xff, 0xe3, 0x0, 0x6f, 0xff, 0x82, 0x0,
    0x4b, 0xff, 0xe1, 0xd, 0xff, 0x70, 0x0, 0x0,
    0xc, 0xff, 0x70, 0xff, 0xf2, 0x0, 0x0, 0x0,
    0x7f, 0xfa, 0xf, 0xff, 0x40, 0x0, 0x0, 0x9,
    0xff, 0x90, 0xbf, 0xfc, 0x0, 0x0, 0x3, 0xff,
    0xf5, 0x3, 0xff, 0xff, 0x97, 0x8b, 0xff, 0xfc,
    0x0, 0x4, 0xef, 0xff, 0xff, 0xff, 0xfc, 0x10,
    0x0, 0x1, 0x7b, 0xef, 0xfd, 0xa5, 0x0, 0x0,

    /* U+0039 "9" */
    0x0, 0x3, 0xad, 0xfe, 0xc7, 0x10, 0x0, 0x0,
    0x9f, 0xff, 0xff, 0xff, 0xf5, 0x0, 0x8, 0xff,
    0xfb, 0x88, 0xcf, 0xff, 0x40, 0x1f, 0xff, 0x40,
    0x0, 0x5, 0xff, 0xe0, 0x4f, 0xfb, 0x0, 0x0,
    0x0, 0xcf, 0xf5, 0x6f, 0xfa, 0x0, 0x0, 0x0,
    0xaf, 0xfa, 0x4f, 0xfe, 0x0, 0x0, 0x1, 0xff,
    0xfd, 0xe, 0xff, 0xc4, 0x0, 0x4d, 0xff, 0xfe,
    0x4, 0xff, 0xff, 0xff, 0xff, 0xff, 0xff, 0x0,
    0x3d, 0xff, 0xff, 0xfb, 0x5f, 0xfe, 0x0, 0x0,
    0x35, 0x65, 0x20, 0x5f, 0xfc, 0x0, 0x0, 0x0,
    0x0, 0x0, 0xaf, 0xf8, 0x0, 0x0, 0x0, 0x0,
    0x3, 0xff, 0xf2, 0x0, 0x20, 0x0, 0x0, 0x5e,
    0xff, 0x90, 0x0, 0xee, 0xba, 0xbe, 0xff, 0xfd,
    0x0, 0x7, 0xff, 0xff, 0xff, 0xff, 0xa0, 0x0,
    0x1, 0x7c, 0xdf, 0xed, 0x93, 0x0, 0x0,

    /* U+003A ":" */
    0x5, 0xed, 0x30, 0xff, 0xfc, 0xf, 0xff, 0xc0,
    0x5e, 0xd3, 0x0, 0x0, 0x0, 0x0, 0x0, 0x0,
    0x0, 0x0, 0x0, 0x0, 0x0, 0x0, 0x0, 0x5e,
    0xd3, 0xf, 0xff, 0xc0, 0xff, 0xfc, 0x5, 0xed,
    0x30,

    /* U+003B ";" */
    0x5, 0xed, 0x30, 0xff, 0xfc, 0xf, 0xff, 0xc0,
    0x5e, 0xd3, 0x0, 0x0, 0x0, 0x0, 0x0, 0x0,
    0x0, 0x0, 0x0, 0x0, 0x0, 0x0, 0x0, 0x4d,
    0xc3, 0xd, 0xff, 0xc0, 0xef, 0xfd, 0x5, 0xff,
    0x90, 0xf, 0xf3, 0x4, 0xfd, 0x0, 0x9f, 0x70,
    0x6, 0x81, 0x0,

    /* U+003C "<" */
    0x0, 0x0, 0x0, 0x0, 0x0, 0x0, 0x0, 0x0,
    0x0, 0x0, 0x3, 0x99, 0x0, 0x0, 0x0, 0x17,
    0xdf, 0xfa, 0x0, 0x0, 0x4a, 0xff, 0xff, 0xe5,
    0x1, 0x7d, 0xff, 0xff, 0xa4, 0x0, 0x5f, 0xff,
    0xfc, 0x60, 0x0, 0x0, 0x7f, 0xfe, 0x30, 0x0,
    0x0, 0x0, 0x6f, 0xff, 0xf9, 0x30, 0x0, 0x0,
    0x3, 0xaf, 0xff, 0xfd, 0x72, 0x0, 0x0, 0x0,
    0x6c, 0xff, 0xff, 0xb4, 0x0, 0x0, 0x0, 0x39,
    0xef, 0xfa, 0x0, 0x0, 0x0, 0x0, 0x5, 0xc9,
    0x0, 0x0, 0x0, 0x0, 0x0, 0x0,

    /* U+003D "=" */
    0x7f, 0xff, 0xff, 0xff, 0xff, 0xfa, 0x7f, 0xff,
    0xff, 0xff, 0xff, 0xfa, 0x26, 0x66, 0x66, 0x66,
    0x66, 0x64, 0x0, 0x0, 0x0, 0x0, 0x0, 0x0,
    0x0, 0x0, 0x0, 0x0, 0x0, 0x0, 0x0, 0x0,
    0x0, 0x0, 0x0, 0x0, 0x7f, 0xff, 0xff, 0xff,
    0xff, 0xfa, 0x7f, 0xff, 0xff, 0xff, 0xff, 0xfa,
    0x26, 0x66, 0x66, 0x66, 0x66, 0x64,

    /* U+003E ">" */
    0x0, 0x0, 0x0, 0x0, 0x0, 0x0, 0x6a, 0x40,
    0x0, 0x0, 0x0, 0x0, 0x7f, 0xfe, 0x82, 0x0,
    0x0, 0x0, 0x3d, 0xff, 0xff, 0xb5, 0x0, 0x0,
    0x0, 0x39, 0xef, 0xff, 0xe8, 0x20, 0x0, 0x0,
    0x5, 0xbf, 0xff, 0xf8, 0x0, 0x0, 0x0, 0x1,
    0xcf, 0xfa, 0x0, 0x0, 0x2, 0x8e, 0xff, 0xf9,
    0x0, 0x16, 0xcf, 0xff, 0xfb, 0x50, 0x2a, 0xff,
    0xff, 0xd7, 0x10, 0x0, 0x7f, 0xff, 0xa4, 0x0,
    0x0, 0x0, 0x7d, 0x61, 0x0, 0x0, 0x0, 0x0,
    0x0, 0x0, 0x0, 0x0, 0x0, 0x0,

    /* U+003F "?" */
    0x0, 0x17, 0xce, 0xfe, 0xc8, 0x10, 0x0, 0x6f,
    0xff, 0xff, 0xff, 0xff, 0x40, 0x7f, 0xff, 0xeb,
    0xac, 0xff, 0xff, 0x13, 0xcf, 0x60, 0x0, 0x4,
    0xff, 0xf5, 0x0, 0x30, 0x0, 0x0, 0xb, 0xff,
    0x70, 0x0, 0x0, 0x0, 0x0, 0xcf, 0xf4, 0x0,
    0x0, 0x0, 0x0, 0x7f, 0xfd, 0x0, 0x0, 0x0,
    0x0, 0x8f, 0xfe, 0x20, 0x0, 0x0, 0x0, 0x8f,
    0xfe, 0x20, 0x0, 0x0, 0x0, 0x3f, 0xff, 0x20,
    0x0, 0x0, 0x0, 0x9, 0xff, 0x80, 0x0, 0x0,
    0x0, 0x0, 0x24, 0x41, 0x0, 0x0, 0x0, 0x0,
    0x0, 0x0, 0x0, 0x0, 0x0, 0x0, 0x0, 0x3a,
    0x91, 0x0, 0x0, 0x0, 0x0, 0xe, 0xff, 0x90,
    0x0, 0x0, 0x0, 0x0, 0xff, 0xfa, 0x0, 0x0,
    0x0, 0x0, 0x6, 0xed, 0x30, 0x0, 0x0,

    /* U+0040 "@" */
    0x0, 0x0, 0x0, 0x5, 0xad, 0xef, 0xed, 0xa5,
    0x10, 0x0, 0x0, 0x0, 0x0, 0x0, 0x8f, 0xff,
    0xff, 0xff, 0xff, 0xff, 0x80, 0x0, 0x0, 0x0,
    0x2, 0xdf, 0xfc, 0x62, 0x0, 0x2, 0x6b, 0xff,
    0xd2, 0x0, 0x0, 0x2, 0xff, 0xd4, 0x0, 0x0,
    0x0, 0x0, 0x2, 0xcf, 0xf2, 0x0, 0x1, 0xdf,
    0xc1, 0x0, 0x0, 0x0, 0x0, 0x0, 0x0, 0xaf,
    0xe0, 0x0, 0x8f, 0xe1, 0x0, 0x18, 0xdf, 0xeb,
    0x43, 0xff, 0x70, 0xcf, 0x80, 0x1f, 0xf5, 0x0,
    0x3e, 0xff, 0xff, 0xff, 0xbf, 0xf7, 0x3, 0xff,
    0x6, 0xfe, 0x0, 0x1e, 0xff, 0xa4, 0x36, 0xef,
    0xff, 0x70, 0xc, 0xf5, 0xaf, 0x90, 0x7, 0xff,
    0x80, 0x0, 0x1, 0xff, 0xf7, 0x0, 0x7f, 0x9c,
    0xf6, 0x0, 0xcf, 0xf0, 0x0, 0x0, 0x7, 0xff,
    0x70, 0x5, 0xfb, 0xef, 0x40, 0xe, 0xfc, 0x0,
    0x0, 0x0, 0x3f, 0xf7, 0x0, 0x4f, 0xce, 0xf4,
    0x0, 0xef, 0xd0, 0x0, 0x0, 0x3, 0xff, 0x70,
    0x4, 0xfb, 0xcf, 0x60, 0xc, 0xff, 0x0, 0x0,
    0x0, 0x7f, 0xf7, 0x0, 0x7f, 0x9a, 0xf9, 0x0,
    0x7f, 0xf9, 0x0, 0x0, 0x1e, 0xff, 0x80, 0xb,
    0xf5, 0x6f, 0xe0, 0x0, 0xdf, 0xfb, 0x54, 0x7e,
    0xff, 0xfe, 0x48, 0xfe, 0x1, 0xff, 0x50, 0x2,
    0xef, 0xff, 0xff, 0xf9, 0x9f, 0xff, 0xff, 0x50,
    0x8, 0xfe, 0x10, 0x1, 0x8d, 0xfe, 0xc5, 0x0,
    0x8e, 0xfc, 0x40, 0x0, 0xd, 0xfc, 0x0, 0x0,
    0x0, 0x0, 0x0, 0x0, 0x0, 0x0, 0x0, 0x0,
    0x2f, 0xfd, 0x30, 0x0, 0x0, 0x0, 0x0, 0x0,
    0x0, 0x0, 0x0, 0x0, 0x2d, 0xff, 0xb6, 0x20,
    0x0, 0x37, 0xd4, 0x0, 0x0, 0x0, 0x0, 0x0,
    0x8, 0xff, 0xff, 0xff, 0xff, 0xff, 0x90, 0x0,
    0x0, 0x0, 0x0, 0x0, 0x1, 0x6a, 0xde, 0xff,
    0xda, 0x50, 0x0, 0x0, 0x0,

    /* U+0041 "A" */
    0x0, 0x0, 0x0, 0x0, 0xcf, 0xfb, 0x0, 0x0,
    0x0, 0x0, 0x0, 0x0, 0x0, 0x3, 0xff, 0xff,
    0x20, 0x0, 0x0, 0x0, 0x0, 0x0, 0x0, 0xa,
    0xff, 0xff, 0xa0, 0x0, 0x0, 0x0, 0x0, 0x0,
    0x0, 0x2f, 0xfc, 0xef, 0xf1, 0x0, 0x0, 0x0,
    0x0, 0x0, 0x0, 0x9f, 0xf6, 0x7f, 0xf8, 0x0,
    0x0, 0x0, 0x0, 0x0, 0x0, 0xff, 0xe0, 0x1f,
    0xfe, 0x0, 0x0, 0x0, 0x0, 0x0, 0x7, 0xff,
    0x80, 0x9, 0xff, 0x60, 0x0, 0x0, 0x0, 0x0,
    0xe, 0xff, 0x10, 0x3, 0xff, 0xd0, 0x0, 0x0,
    0x0, 0x0, 0x5f, 0xfa, 0x0, 0x0, 0xcf, 0xf4,
    0x0, 0x0, 0x0, 0x0, 0xcf, 0xf4, 0x0, 0x0,
    0x5f, 0xfc, 0x0, 0x0, 0x0, 0x3, 0xff, 0xf7,
    0x77, 0x77, 0x7f, 0xff, 0x30, 0x0, 0x0, 0xa,
    0xff, 0xff, 0xff, 0xff, 0xff, 0xff, 0xa0, 0x0,
    0x0, 0x2f, 0xff, 0xff, 0xff, 0xff, 0xff, 0xff,
    0xf1, 0x0, 0x0, 0x9f, 0xf9, 0x0, 0x0, 0x0,
    0x0, 0xaf, 0xf8, 0x0, 0x1, 0xff, 0xf2, 0x0,
    0x0, 0x0, 0x0, 0x3f, 0xfe, 0x0, 0x7, 0xff,
    0xb0, 0x0, 0x0, 0x0, 0x0, 0xc, 0xff, 0x60,
    0xe, 0xff, 0x40, 0x0, 0x0, 0x0, 0x0, 0x6,
    0xff, 0xd0,

    /* U+0042 "B" */
    0xcf, 0xff, 0xff, 0xff, 0xfe, 0xb6, 0x0, 0x0,
    0xcf, 0xff, 0xff, 0xff, 0xff, 0xff, 0xd2, 0x0,
    0xcf, 0xfa, 0x77, 0x77, 0x8b, 0xff, 0xfc, 0x0,
    0xcf, 0xf6, 0x0, 0x0, 0x0, 0x4f, 0xff, 0x20,
    0xcf, 0xf6, 0x0, 0x0, 0x0, 0xe, 0xff, 0x40,
    0xcf, 0xf6, 0x0, 0x0, 0x0, 0xf, 0xff, 0x20,
    0xcf, 0xf6, 0x0, 0x0, 0x14, 0xcf, 0xfd, 0x0,
    0xcf, 0xff, 0xff, 0xff, 0xff, 0xff, 0xf3, 0x0,
    0xcf, 0xff, 0xff, 0xff, 0xff, 0xff, 0x90, 0x0,
    0xcf, 0xfb, 0x66, 0x66, 0x78, 0xcf, 0xfd, 0x10,
    0xcf, 0xf6, 0x0, 0x0, 0x0, 0x8, 0xff, 0xb0,
    0xcf, 0xf6, 0x0, 0x0, 0x0, 0x0, 0xff, 0xf0,
    0xcf, 0xf6, 0x0, 0x0, 0x0, 0x1, 0xff, 0xf2,
    0xcf, 0xf6, 0x0, 0x0, 0x0, 0x8, 0xff, 0xf1,
    0xcf, 0xfa, 0x77, 0x77, 0x78, 0xdf, 0xff, 0xa0,
    0xcf, 0xff, 0xff, 0xff, 0xff, 0xff, 0xfc, 0x10,
    0xcf, 0xff, 0xff, 0xff, 0xff, 0xda, 0x50, 0x0,

    /* U+0043 "C" */
    0x0, 0x0, 0x5, 0xad, 0xff, 0xda, 0x60, 0x0,
    0x0, 0x4, 0xdf, 0xff, 0xff, 0xff, 0xfe, 0x40,
    0x0, 0x6f, 0xff, 0xff, 0xcc, 0xef, 0xff, 0xf5,
    0x4, 0xff, 0xfd, 0x50, 0x0, 0x3, 0xbf, 0xd1,
    0xe, 0xff, 0xc0, 0x0, 0x0, 0x0, 0x6, 0x10,
    0x6f, 0xff, 0x10, 0x0, 0x0, 0x0, 0x0, 0x0,
    0xbf, 0xf8, 0x0, 0x0, 0x0, 0x0, 0x0, 0x0,
    0xdf, 0xf4, 0x0, 0x0, 0x0, 0x0, 0x0, 0x0,
    0xef, 0xf3, 0x0, 0x0, 0x0, 0x0, 0x0, 0x0,
    0xdf, 0xf4, 0x0, 0x0, 0x0, 0x0, 0x0, 0x0,
    0xbf, 0xf8, 0x0, 0x0, 0x0, 0x0, 0x0, 0x0,
    0x6f, 0xfe, 0x10, 0x0, 0x0, 0x0, 0x0, 0x0,
    0xe, 0xff, 0xb0, 0x0, 0x0, 0x0, 0x6, 0x10,
    0x5, 0xff, 0xfd, 0x40, 0x0, 0x3, 0xbf, 0xd1,
    0x0, 0x7f, 0xff, 0xff, 0xcc, 0xef, 0xff, 0xf5,
    0x0, 0x4, 0xef, 0xff, 0xff, 0xff, 0xfe, 0x40,
    0x0, 0x0, 0x6, 0xad, 0xff, 0xda, 0x60, 0x0,

    /* U+0044 "D" */
    0xcf, 0xff, 0xff, 0xff, 0xfd, 0xa4, 0x0, 0x0,
    0xc, 0xff, 0xff, 0xff, 0xff, 0xff, 0xfd, 0x20,
    0x0, 0xcf, 0xfc, 0xaa, 0xaa, 0xce, 0xff, 0xff,
    0x50, 0xc, 0xff, 0x60, 0x0, 0x0, 0x4, 0xdf,
    0xff, 0x30, 0xcf, 0xf6, 0x0, 0x0, 0x0, 0x0,
    0xdf, 0xfd, 0xc, 0xff, 0x60, 0x0, 0x0, 0x0,
    0x2, 0xff, 0xf4, 0xcf, 0xf6, 0x0, 0x0, 0x0,
    0x0, 0xb, 0xff, 0x8c, 0xff, 0x60, 0x0, 0x0,
    0x0, 0x0, 0x7f, 0xfb, 0xcf, 0xf6, 0x0, 0x0,
    0x0, 0x0, 0x6, 0xff, 0xcc, 0xff, 0x60, 0x0,
    0x0, 0x0, 0x0, 0x7f, 0xfb, 0xcf, 0xf6, 0x0,
    0x0, 0x0, 0x0, 0xb, 0xff, 0x8c, 0xff, 0x60,
    0x0, 0x0, 0x0, 0x2, 0xff, 0xf4, 0xcf, 0xf6,
    0x0, 0x0, 0x0, 0x0, 0xdf, 0xfd, 0xc, 0xff,
    0x60, 0x0, 0x0, 0x4, 0xdf, 0xff, 0x30, 0xcf,
    0xfc, 0xaa, 0xaa, 0xce, 0xff, 0xff, 0x50, 0xc,
    0xff, 0xff, 0xff, 0xff, 0xff, 0xfd, 0x30, 0x0,
    0xcf, 0xff, 0xff, 0xff, 0xfd, 0xa5, 0x0, 0x0,
    0x0,

    /* U+0045 "E" */
    0xcf, 0xff, 0xff, 0xff, 0xff, 0xff, 0x8c, 0xff,
    0xff, 0xff, 0xff, 0xff, 0xf8, 0xcf, 0xfc, 0xaa,
    0xaa, 0xaa, 0xaa, 0x5c, 0xff, 0x60, 0x0, 0x0,
    0x0, 0x0, 0xcf, 0xf6, 0x0, 0x0, 0x0, 0x0,
    0xc, 0xff, 0x60, 0x0, 0x0, 0x0, 0x0, 0xcf,
    0xf6, 0x0, 0x0, 0x0, 0x0, 0xc, 0xff, 0xff,
    0xff, 0xff, 0xff, 0x70, 0xcf, 0xff, 0xff, 0xff,
    0xff, 0xf7, 0xc, 0xff, 0xd9, 0x99, 0x99, 0x99,
    0x40, 0xcf, 0xf6, 0x0, 0x0, 0x0, 0x0, 0xc,
    0xff, 0x60, 0x0, 0x0, 0x0, 0x0, 0xcf, 0xf6,
    0x0, 0x0, 0x0, 0x0, 0xc, 0xff, 0x60, 0x0,
    0x0, 0x0, 0x0, 0xcf, 0xfc, 0xaa, 0xaa, 0xaa,
    0xaa, 0x8c, 0xff, 0xff, 0xff, 0xff, 0xff, 0xfd,
    0xcf, 0xff, 0xff, 0xff, 0xff, 0xff, 0xd0,

    /* U+0046 "F" */
    0xcf, 0xff, 0xff, 0xff, 0xff, 0xff, 0x8c, 0xff,
    0xff, 0xff, 0xff, 0xff, 0xf8, 0xcf, 0xfc, 0xaa,
    0xaa, 0xaa, 0xaa, 0x5c, 0xff, 0x60, 0x0, 0x0,
    0x0, 0x0, 0xcf, 0xf6, 0x0, 0x0, 0x0, 0x0,
    0xc, 0xff, 0x60, 0x0, 0x0, 0x0, 0x0, 0xcf,
    0xf6, 0x0, 0x0, 0x0, 0x0, 0xc, 0xff, 0x60,
    0x0, 0x0, 0x0, 0x0, 0xcf, 0xff, 0xff, 0xff,
    0xff, 0xf7, 0xc, 0xff, 0xff, 0xff, 0xff, 0xff,
    0x70, 0xcf, 0xff, 0xaa, 0xaa, 0xaa, 0xa5, 0xc,
    0xff, 0x60, 0x0, 0x0, 0x0, 0x0, 0xcf, 0xf6,
    0x0, 0x0, 0x0, 0x0, 0xc, 0xff, 0x60, 0x0,
    0x0, 0x0, 0x0, 0xcf, 0xf6, 0x0, 0x0, 0x0,
    0x0, 0xc, 0xff, 0x60, 0x0, 0x0, 0x0, 0x0,
    0xcf, 0xf6, 0x0, 0x0, 0x0, 0x0, 0x0,

    /* U+0047 "G" */
    0x0, 0x0, 0x5, 0xad, 0xff, 0xeb, 0x71, 0x0,
    0x0, 0x4, 0xdf, 0xff, 0xff, 0xff, 0xff, 0x70,
    0x0, 0x6f, 0xff, 0xff, 0xdc, 0xdf, 0xff, 0xf8,
    0x4, 0xff, 0xfd, 0x50, 0x0, 0x1, 0x9f, 0xe3,
    0xe, 0xff, 0xc0, 0x0, 0x0, 0x0, 0x4, 0x20,
    0x6f, 0xff, 0x10, 0x0, 0x0, 0x0, 0x0, 0x0,
    0xbf, 0xf8, 0x0, 0x0, 0x0, 0x0, 0x0, 0x0,
    0xdf, 0xf4, 0x0, 0x0, 0x0, 0x0, 0x0, 0x0,
    0xef, 0xf3, 0x0, 0x0, 0x0, 0x0, 0x2b, 0xb7,
    0xdf, 0xf4, 0x0, 0x0, 0x0, 0x0, 0x4f, 0xfb,
    0xbf, 0xf8, 0x0, 0x0, 0x0, 0x0, 0x4f, 0xfb,
    0x6f, 0xff, 0x10, 0x0, 0x0, 0x0, 0x4f, 0xfb,
    0xe, 0xff, 0xc0, 0x0, 0x0, 0x0, 0x4f, 0xfb,
    0x5, 0xff, 0xfd, 0x50, 0x0, 0x1, 0xcf, 0xfb,
    0x0, 0x7f, 0xff, 0xff, 0xcc, 0xdf, 0xff, 0xff,
    0x0, 0x4, 0xef, 0xff, 0xff, 0xff, 0xff, 0xa1,
    0x0, 0x0, 0x5, 0xad, 0xff, 0xeb, 0x71, 0x0,

    /* U+0048 "H" */
    0xcf, 0xf6, 0x0, 0x0, 0x0, 0x0, 0xff, 0xf3,
    0xcf, 0xf6, 0x0, 0x0, 0x0, 0x0, 0xff, 0xf3,
    0xcf, 0xf6, 0x0, 0x0, 0x0, 0x0, 0xff, 0xf3,
    0xcf, 0xf6, 0x0, 0x0, 0x0, 0x0, 0xff, 0xf3,
    0xcf, 0xf6, 0x0, 0x0, 0x0, 0x0, 0xff, 0xf3,
    0xcf, 0xf6, 0x0, 0x0, 0x0, 0x0, 0xff, 0xf3,
    0xcf, 0xf6, 0x0, 0x0, 0x0, 0x0, 0xff, 0xf3,
    0xcf, 0xff, 0xff, 0xff, 0xff, 0xff, 0xff, 0xf3,
    0xcf, 0xff, 0xff, 0xff, 0xff, 0xff, 0xff, 0xf3,
    0xcf, 0xff, 0xbb, 0xbb, 0xbb, 0xbb, 0xff, 0xf3,
    0xcf, 0xf6, 0x0, 0x0, 0x0, 0x0, 0xff, 0xf3,
    0xcf, 0xf6, 0x0, 0x0, 0x0, 0x0, 0xff, 0xf3,
    0xcf, 0xf6, 0x0, 0x0, 0x0, 0x0, 0xff, 0xf3,
    0xcf, 0xf6, 0x0, 0x0, 0x0, 0x0, 0xff, 0xf3,
    0xcf, 0xf6, 0x0, 0x0, 0x0, 0x0, 0xff, 0xf3,
    0xcf, 0xf6, 0x0, 0x0, 0x0, 0x0, 0xff, 0xf3,
    0xcf, 0xf6, 0x0, 0x0, 0x0, 0x0, 0xff, 0xf3,

    /* U+0049 "I" */
    0xcf, 0xf6, 0xcf, 0xf6, 0xcf, 0xf6, 0xcf, 0xf6,
    0xcf, 0xf6, 0xcf, 0xf6, 0xcf, 0xf6, 0xcf, 0xf6,
    0xcf, 0xf6, 0xcf, 0xf6, 0xcf, 0xf6, 0xcf, 0xf6,
    0xcf, 0xf6, 0xcf, 0xf6, 0xcf, 0xf6, 0xcf, 0xf6,
    0xcf, 0xf6,

    /* U+004A "J" */
    0x0, 0x9f, 0xff, 0xff, 0xff, 0xf8, 0x0, 0x9f,
    0xff, 0xff, 0xff, 0xf8, 0x0, 0x5a, 0xaa, 0xaa,
    0xdf, 0xf8, 0x0, 0x0, 0x0, 0x0, 0x9f, 0xf8,
    0x0, 0x0, 0x0, 0x0, 0x9f, 0xf8, 0x0, 0x0,
    0x0, 0x0, 0x9f, 0xf8, 0x0, 0x0, 0x0, 0x0,
    0x9f, 0xf8, 0x0, 0x0, 0x0, 0x0, 0x9f, 0xf8,
    0x0, 0x0, 0x0, 0x0, 0x9f, 0xf8, 0x0, 0x0,
    0x0, 0x0, 0x9f, 0xf8, 0x0, 0x0, 0x0, 0x0,
    0x9f, 0xf8, 0x0, 0x0, 0x0, 0x0, 0x9f, 0xf8,
    0x0, 0x40, 0x0, 0x0, 0xcf, 0xf6, 0x6, 0xf7,
    0x0, 0x4, 0xff, 0xf3, 0x1f, 0xff, 0xea, 0xcf,
    0xff, 0xc0, 0x6, 0xff, 0xff, 0xff, 0xfe, 0x20,
    0x0, 0x29, 0xdf, 0xfd, 0x81, 0x0,

    /* U+004B "K" */
    0xcf, 0xf6, 0x0, 0x0, 0x0, 0xc, 0xff, 0xb0,
    0xcf, 0xf6, 0x0, 0x0, 0x0, 0xbf, 0xfc, 0x0,
    0xcf, 0xf6, 0x0, 0x0, 0xa, 0xff, 0xc0, 0x0,
    0xcf, 0xf6, 0x0, 0x0, 0xaf, 0xfd, 0x10, 0x0,
    0xcf, 0xf6, 0x0, 0x9, 0xff, 0xe1, 0x0, 0x0,
    0xcf, 0xf6, 0x0, 0x8f, 0xfe, 0x20, 0x0, 0x0,
    0xcf, 0xf6, 0x8, 0xff, 0xf3, 0x0, 0x0, 0x0,
    0xcf, 0xf6, 0x7f, 0xff, 0x50, 0x0, 0x0, 0x0,
    0xcf, 0xfc, 0xff, 0xff, 0xc0, 0x0, 0x0, 0x0,
    0xcf, 0xff, 0xff, 0xff, 0xf9, 0x0, 0x0, 0x0,
    0xcf, 0xff, 0xf7, 0x6f, 0xff, 0x60, 0x0, 0x0,
    0xcf, 0xff, 0x70, 0x9, 0xff, 0xf3, 0x0, 0x0,
    0xcf, 0xfe, 0x0, 0x0, 0xbf, 0xfe, 0x10, 0x0,
    0xcf, 0xf6, 0x0, 0x0, 0x1d, 0xff, 0xc0, 0x0,
    0xcf, 0xf6, 0x0, 0x0, 0x2, 0xff, 0xf9, 0x0,
    0xcf, 0xf6, 0x0, 0x0, 0x0, 0x4f, 0xff, 0x60,
    0xcf, 0xf6, 0x0, 0x0, 0x0, 0x7, 0xff, 0xf3,

    /* U+004C "L" */
    0xcf, 0xf6, 0x0, 0x0, 0x0, 0x0, 0xc, 0xff,
    0x60, 0x0, 0x0, 0x0, 0x0, 0xcf, 0xf6, 0x0,
    0x0, 0x0, 0x0, 0xc, 0xff, 0x60, 0x0, 0x0,
    0x0, 0x0, 0xcf, 0xf6, 0x0, 0x0, 0x0, 0x0,
    0xc, 0xff, 0x60, 0x0, 0x0, 0x0, 0x0, 0xcf,
    0xf6, 0x0, 0x0, 0x0, 0x0, 0xc, 0xff, 0x60,
    0x0, 0x0, 0x0, 0x0, 0xcf, 0xf6, 0x0, 0x0,
    0x0, 0x0, 0xc, 0xff, 0x60, 0x0, 0x0, 0x0,
    0x0, 0xcf, 0xf6, 0x0, 0x0, 0x0, 0x0, 0xc,
    0xff, 0x60, 0x0, 0x0, 0x0, 0x0, 0xcf, 0xf6,
    0x0, 0x0, 0x0, 0x0, 0xc, 0xff, 0x60, 0x0,
    0x0, 0x0, 0x0, 0xcf, 0xfc, 0xaa, 0xaa, 0xaa,
    0xaa, 0x1c, 0xff, 0xff, 0xff, 0xff, 0xff, 0xf2,
    0xcf, 0xff, 0xff, 0xff, 0xff, 0xff, 0x20,

    /* U+004D "M" */
    0xcf, 0xf2, 0x0, 0x0, 0x0, 0x0, 0x0, 0x3,
    0xff, 0x9c, 0xff, 0xb0, 0x0, 0x0, 0x0, 0x0,
    0x0, 0xcf, 0xf9, 0xcf, 0xff, 0x40, 0x0, 0x0,
    0x0, 0x0, 0x6f, 0xff, 0x9c, 0xff, 0xfd, 0x0,
    0x0, 0x0, 0x0, 0x1e, 0xff, 0xf9, 0xcf, 0xff,
    0xf7, 0x0, 0x0, 0x0, 0x9, 0xff, 0xff, 0x9c,
    0xff, 0xff, 0xf1, 0x0, 0x0, 0x2, 0xff, 0xff,
    0xf9, 0xcf, 0xfa, 0xff, 0xa0, 0x0, 0x0, 0xbf,
    0xf9, 0xff, 0x9c, 0xff, 0x4d, 0xff, 0x40, 0x0,
    0x4f, 0xfa, 0x5f, 0xf9, 0xcf, 0xf3, 0x3f, 0xfd,
    0x0, 0xd, 0xff, 0x15, 0xff, 0x9c, 0xff, 0x30,
    0xaf, 0xf6, 0x7, 0xff, 0x70, 0x5f, 0xfa, 0xcf,
    0xf3, 0x1, 0xef, 0xe2, 0xff, 0xd0, 0x5, 0xff,
    0xac, 0xff, 0x30, 0x6, 0xff, 0xff, 0xf4, 0x0,
    0x5f, 0xfa, 0xcf, 0xf3, 0x0, 0xc, 0xff, 0xfa,
    0x0, 0x5, 0xff, 0xac, 0xff, 0x30, 0x0, 0x3f,
    0xff, 0x10, 0x0, 0x5f, 0xfa, 0xcf, 0xf3, 0x0,
    0x0, 0x9f, 0x70, 0x0, 0x5, 0xff, 0xac, 0xff,
    0x30, 0x0, 0x0, 0x10, 0x0, 0x0, 0x5f, 0xfa,
    0xcf, 0xf3, 0x0, 0x0, 0x0, 0x0, 0x0, 0x5,
    0xff, 0xa0,

    /* U+004E "N" */
    0xcf, 0xf3, 0x0, 0x0, 0x0, 0x0, 0xef, 0xf3,
    0xcf, 0xfe, 0x10, 0x0, 0x0, 0x0, 0xef, 0xf3,
    0xcf, 0xff, 0xd0, 0x0, 0x0, 0x0, 0xef, 0xf3,
    0xcf, 0xff, 0xfa, 0x0, 0x0, 0x0, 0xef, 0xf3,
    0xcf, 0xff, 0xff, 0x70, 0x0, 0x0, 0xef, 0xf3,
    0xcf, 0xff, 0xff, 0xf4, 0x0, 0x0, 0xef, 0xf3,
    0xcf, 0xf6, 0xdf, 0xff, 0x20, 0x0, 0xef, 0xf3,
    0xcf, 0xf5, 0x2f, 0xff, 0xd0, 0x0, 0xef, 0xf3,
    0xcf, 0xf5, 0x4, 0xff, 0xfb, 0x0, 0xef, 0xf3,
    0xcf, 0xf5, 0x0, 0x7f, 0xff, 0x80, 0xef, 0xf3,
    0xcf, 0xf5, 0x0, 0xa, 0xff, 0xf5, 0xef, 0xf3,
    0xcf, 0xf5, 0x0, 0x0, 0xcf, 0xff, 0xff, 0xf3,
    0xcf, 0xf5, 0x0, 0x0, 0x1e, 0xff, 0xff, 0xf3,
    0xcf, 0xf5, 0x0, 0x0, 0x3, 0xff, 0xff, 0xf3,
    0xcf, 0xf5, 0x0, 0x0, 0x0, 0x6f, 0xff, 0xf3,
    0xcf, 0xf5, 0x0, 0x0, 0x0, 0x9, 0xff, 0xf3,
    0xcf, 0xf5, 0x0, 0x0, 0x0, 0x0, 0xcf, 0xf3,

    /* U+004F "O" */
    0x0, 0x0, 0x5, 0xad, 0xff, 0xeb, 0x60, 0x0,
    0x0, 0x0, 0x0, 0x4d, 0xff, 0xff, 0xff, 0xff,
    0xe6, 0x0, 0x0, 0x0, 0x6f, 0xff, 0xff, 0xcc,
    0xef, 0xff, 0xf9, 0x0, 0x0, 0x4f, 0xff, 0xd5,
    0x0, 0x0, 0x3b, 0xff, 0xf8, 0x0, 0xe, 0xff,
    0xc0, 0x0, 0x0, 0x0, 0x9, 0xff, 0xf2, 0x6,
    0xff, 0xf1, 0x0, 0x0, 0x0, 0x0, 0xc, 0xff,
    0x90, 0xbf, 0xf8, 0x0, 0x0, 0x0, 0x0, 0x0,
    0x5f, 0xfe, 0xd, 0xff, 0x40, 0x0, 0x0, 0x0,
    0x0, 0x1, 0xff, 0xf0, 0xef, 0xf3, 0x0, 0x0,
    0x0, 0x0, 0x0, 0xf, 0xff, 0x2d, 0xff, 0x40,
    0x0, 0x0, 0x0, 0x0, 0x1, 0xff, 0xf0, 0xbf,
    0xf8, 0x0, 0x0, 0x0, 0x0, 0x0, 0x5f, 0xfe,
    0x6, 0xff, 0xf1, 0x0, 0x0, 0x0, 0x0, 0xc,
    0xff, 0x90, 0xe, 0xff, 0xb0, 0x0, 0x0, 0x0,
    0x9, 0xff, 0xf2, 0x0, 0x5f, 0xff, 0xd4, 0x0,
    0x0, 0x3b, 0xff, 0xf8, 0x0, 0x0, 0x6f, 0xff,
    0xfe, 0xcc, 0xef, 0xff, 0xfa, 0x0, 0x0, 0x0,
    0x4d, 0xff, 0xff, 0xff, 0xff, 0xe6, 0x0, 0x0,
    0x0, 0x0, 0x5, 0xad, 0xff, 0xeb, 0x60, 0x0,
    0x0, 0x0,

    /* U+0050 "P" */
    0xcf, 0xff, 0xff, 0xff, 0xeb, 0x61, 0x0, 0xc,
    0xff, 0xff, 0xff, 0xff, 0xff, 0xe4, 0x0, 0xcf,
    0xff, 0xaa, 0xaa, 0xcf, 0xff, 0xf3, 0xc, 0xff,
    0x60, 0x0, 0x0, 0x2d, 0xff, 0xc0, 0xcf, 0xf6,
    0x0, 0x0, 0x0, 0x2f, 0xff, 0x1c, 0xff, 0x60,
    0x0, 0x0, 0x0, 0xef, 0xf4, 0xcf, 0xf6, 0x0,
    0x0, 0x0, 0xe, 0xff, 0x3c, 0xff, 0x60, 0x0,
    0x0, 0x2, 0xff, 0xf1, 0xcf, 0xf6, 0x0, 0x0,
    0x2, 0xdf, 0xfc, 0xc, 0xff, 0xfa, 0xaa, 0xac,
    0xff, 0xff, 0x30, 0xcf, 0xff, 0xff, 0xff, 0xff,
    0xfe, 0x40, 0xc, 0xff, 0xff, 0xff, 0xfe, 0xb7,
    0x10, 0x0, 0xcf, 0xf6, 0x0, 0x0, 0x0, 0x0,
    0x0, 0xc, 0xff, 0x60, 0x0, 0x0, 0x0, 0x0,
    0x0, 0xcf, 0xf6, 0x0, 0x0, 0x0, 0x0, 0x0,
    0xc, 0xff, 0x60, 0x0, 0x0, 0x0, 0x0, 0x0,
    0xcf, 0xf6, 0x0, 0x0, 0x0, 0x0, 0x0, 0x0,

    /* U+0051 "Q" */
    0x0, 0x0, 0x5, 0xad, 0xff, 0xeb, 0x60, 0x0,
    0x0, 0x0, 0x0, 0x4d, 0xff, 0xff, 0xff, 0xff,
    0xe6, 0x0, 0x0, 0x0, 0x6f, 0xff, 0xff, 0xcc,
    0xef, 0xff, 0xf9, 0x0, 0x0, 0x4f, 0xff, 0xd4,
    0x0, 0x0, 0x3b, 0xff, 0xf8, 0x0, 0xe, 0xff,
    0xc0, 0x0, 0x0, 0x0, 0x9, 0xff, 0xf2, 0x6,
    0xff, 0xf1, 0x0, 0x0, 0x0, 0x0, 0xc, 0xff,
    0x90, 0xbf, 0xf8, 0x0, 0x0, 0x0, 0x0, 0x0,
    0x5f, 0xfe, 0xd, 0xff, 0x40, 0x0, 0x0, 0x0,
    0x0, 0x1, 0xff, 0xf0, 0xef, 0xf3, 0x0, 0x0,
    0x0, 0x0, 0x0, 0xf, 0xff, 0x2d, 0xff, 0x40,
    0x0, 0x0, 0x0, 0x0, 0x1, 0xff, 0xf0, 0xbf,
    0xf8, 0x0, 0x0, 0x0, 0x0, 0x0, 0x5f, 0xfe,
    0x6, 0xff, 0xf1, 0x0, 0x0, 0x0, 0x0, 0xc,
    0xff, 0x90, 0xe, 0xff, 0xb0, 0x0, 0x0, 0x0,
    0x9, 0xff, 0xf2, 0x0, 0x5f, 0xff, 0xd4, 0x0,
    0x0, 0x3b, 0xff, 0xf8, 0x0, 0x0, 0x6f, 0xff,
    0xfe, 0xcc, 0xef, 0xff, 0xfa, 0x0, 0x0, 0x0,
    0x4d, 0xff, 0xff, 0xff, 0xff, 0xe6, 0x0, 0x0,
    0x0, 0x0, 0x5, 0xae, 0xff, 0xff, 0x70, 0x0,
    0x1, 0x0, 0x0, 0x0, 0x0, 0x4, 0xff, 0xfc,
    0x40, 0x17, 0xf3, 0x0, 0x0, 0x0, 0x0, 0x4,
    0xef, 0xff, 0xff, 0xff, 0xb0, 0x0, 0x0, 0x0,
    0x0, 0x1, 0x9f, 0xff, 0xff, 0x90, 0x0, 0x0,
    0x0, 0x0, 0x0, 0x0, 0x14, 0x54, 0x10, 0x0,

    /* U+0052 "R" */
    0xcf, 0xff, 0xff, 0xff, 0xeb, 0x61, 0x0, 0xc,
    0xff, 0xff, 0xff, 0xff, 0xff, 0xe4, 0x0, 0xcf,
    0xff, 0xaa, 0xaa, 0xcf, 0xff, 0xf3, 0xc, 0xff,
    0x60, 0x0, 0x0, 0x2d, 0xff, 0xc0, 0xcf, 0xf6,
    0x0, 0x0, 0x0, 0x2f, 0xff, 0x1c, 0xff, 0x60,
    0x0, 0x0, 0x0, 0xef, 0xf3, 0xcf, 0xf6, 0x0,
    0x0, 0x0, 0xe, 0xff, 0x4c, 0xff, 0x60, 0x0,
    0x0, 0x2, 0xff, 0xf1, 0xcf, 0xf6, 0x0, 0x0,
    0x1, 0xcf, 0xfc, 0xc, 0xff, 0xf9, 0x99, 0x9b,
    0xff, 0xff, 0x30, 0xcf, 0xff, 0xff, 0xff, 0xff,
    0xfe, 0x40, 0xc, 0xff, 0xff, 0xff, 0xff, 0xff,
    0x10, 0x0, 0xcf, 0xf6, 0x0, 0x0, 0xcf, 0xf8,
    0x0, 0xc, 0xff, 0x60, 0x0, 0x2, 0xff, 0xf3,
    0x0, 0xcf, 0xf6, 0x0, 0x0, 0x7, 0xff, 0xd0,
    0xc, 0xff, 0x60, 0x0, 0x0, 0xc, 0xff, 0x90,
    0xcf, 0xf6, 0x0, 0x0, 0x0, 0x2f, 0xff, 0x40,

    /* U+0053 "S" */
    0x0, 0x0, 0x6b, 0xef, 0xfe, 0xb6, 0x10, 0x0,
    0x3, 0xef, 0xff, 0xff, 0xff, 0xff, 0x50, 0x1,
    0xef, 0xff, 0xca, 0xac, 0xff, 0xf2, 0x0, 0x8f,
    0xfd, 0x10, 0x0, 0x0, 0x69, 0x0, 0xb, 0xff,
    0x50, 0x0, 0x0, 0x0, 0x0, 0x0, 0xbf, 0xf7,
    0x0, 0x0, 0x0, 0x0, 0x0, 0x7, 0xff, 0xf8,
    0x20, 0x0, 0x0, 0x0, 0x0, 0x1d, 0xff, 0xff,
    0xea, 0x61, 0x0, 0x0, 0x0, 0x19, 0xff, 0xff,
    0xff, 0xfb, 0x30, 0x0, 0x0, 0x0, 0x5a, 0xef,
    0xff, 0xff, 0x50, 0x0, 0x0, 0x0, 0x0, 0x27,
    0xef, 0xfe, 0x0, 0x0, 0x0, 0x0, 0x0, 0x1,
    0xff, 0xf2, 0x1, 0x10, 0x0, 0x0, 0x0, 0xd,
    0xff, 0x30, 0x7e, 0x71, 0x0, 0x0, 0x6, 0xff,
    0xf0, 0xe, 0xff, 0xfd, 0xa9, 0xad, 0xff, 0xf7,
    0x0, 0x6e, 0xff, 0xff, 0xff, 0xff, 0xf9, 0x0,
    0x0, 0x5, 0xad, 0xef, 0xed, 0x93, 0x0, 0x0,

    /* U+0054 "T" */
    0xef, 0xff, 0xff, 0xff, 0xff, 0xff, 0xff, 0x5e,
    0xff, 0xff, 0xff, 0xff, 0xff, 0xff, 0xf5, 0x9a,
    0xaa, 0xac, 0xff, 0xea, 0xaa, 0xaa, 0x30, 0x0,
    0x0, 0x5f, 0xfc, 0x0, 0x0, 0x0, 0x0, 0x0,
    0x5, 0xff, 0xc0, 0x0, 0x0, 0x0, 0x0, 0x0,
    0x5f, 0xfc, 0x0, 0x0, 0x0, 0x0, 0x0, 0x5,
    0xff, 0xc0, 0x0, 0x0, 0x0, 0x0, 0x0, 0x5f,
    0xfc, 0x0, 0x0, 0x0, 0x0, 0x0, 0x5, 0xff,
    0xc0, 0x0, 0x0, 0x0, 0x0, 0x0, 0x5f, 0xfc,
    0x0, 0x0, 0x0, 0x0, 0x0, 0x5, 0xff, 0xc0,
    0x0, 0x0, 0x0, 0x0, 0x0, 0x5f, 0xfc, 0x0,
    0x0, 0x0, 0x0, 0x0, 0x5, 0xff, 0xc0, 0x0,
    0x0, 0x0, 0x0, 0x0, 0x5f, 0xfc, 0x0, 0x0,
    0x0, 0x0, 0x0, 0x5, 0xff, 0xc0, 0x0, 0x0,
    0x0, 0x0, 0x0, 0x5f, 0xfc, 0x0, 0x0, 0x0,
    0x0, 0x0, 0x5, 0xff, 0xc0, 0x0, 0x0, 0x0,

    /* U+0055 "U" */
    0xef, 0xf3, 0x0, 0x0, 0x0, 0x4, 0xff, 0xde,
    0xff, 0x30, 0x0, 0x0, 0x0, 0x4f, 0xfd, 0xef,
    0xf3, 0x0, 0x0, 0x0, 0x4, 0xff, 0xde, 0xff,
    0x30, 0x0, 0x0, 0x0, 0x4f, 0xfd, 0xef, 0xf3,
    0x0, 0x0, 0x0, 0x4, 0xff, 0xde, 0xff, 0x30,
    0x0, 0x0, 0x0, 0x4f, 0xfd, 0xef, 0xf3, 0x0,
    0x0, 0x0, 0x4, 0xff, 0xde, 0xff, 0x30, 0x0,
    0x0, 0x0, 0x4f, 0xfd, 0xef, 0xf3, 0x0, 0x0,
    0x0, 0x4, 0xff, 0xde, 0xff, 0x30, 0x0, 0x0,
    0x0, 0x4f, 0xfd, 0xdf, 0xf5, 0x0, 0x0, 0x0,
    0x5, 0xff, 0xcb, 0xff, 0x80, 0x0, 0x0, 0x0,
    0x8f, 0xf9, 0x7f, 0xfe, 0x0, 0x0, 0x0, 0xe,
    0xff, 0x51, 0xff, 0xfc, 0x20, 0x0, 0x2c, 0xff,
    0xe0, 0x6, 0xff, 0xff, 0xdc, 0xdf, 0xff, 0xf5,
    0x0, 0x6, 0xff, 0xff, 0xff, 0xff, 0xf5, 0x0,
    0x0, 0x1, 0x8c, 0xef, 0xec, 0x81, 0x0, 0x0,

    /* U+0056 "V" */
    0xe, 0xff, 0x70, 0x0, 0x0, 0x0, 0x0, 0xb,
    0xff, 0x60, 0x7f, 0xfe, 0x0, 0x0, 0x0, 0x0,
    0x2, 0xff, 0xe0, 0x1, 0xff, 0xf5, 0x0, 0x0,
    0x0, 0x0, 0x9f, 0xf8, 0x0, 0x9, 0xff, 0xc0,
    0x0, 0x0, 0x0, 0xf, 0xff, 0x10, 0x0, 0x2f,
    0xff, 0x20, 0x0, 0x0, 0x7, 0xff, 0xa0, 0x0,
    0x0, 0xcf, 0xf9, 0x0, 0x0, 0x0, 0xdf, 0xf3,
    0x0, 0x0, 0x5, 0xff, 0xf1, 0x0, 0x0, 0x4f,
    0xfc, 0x0, 0x0, 0x0, 0xd, 0xff, 0x70, 0x0,
    0xb, 0xff, 0x60, 0x0, 0x0, 0x0, 0x7f, 0xfd,
    0x0, 0x2, 0xff, 0xe0, 0x0, 0x0, 0x0, 0x1,
    0xff, 0xf4, 0x0, 0x9f, 0xf8, 0x0, 0x0, 0x0,
    0x0, 0x9, 0xff, 0xb0, 0x1f, 0xff, 0x10, 0x0,
    0x0, 0x0, 0x0, 0x2f, 0xff, 0x27, 0xff, 0xa0,
    0x0, 0x0, 0x0, 0x0, 0x0, 0xbf, 0xf9, 0xdf,
    0xf3, 0x0, 0x0, 0x0, 0x0, 0x0, 0x4, 0xff,
    0xff, 0xfc, 0x0, 0x0, 0x0, 0x0, 0x0, 0x0,
    0xd, 0xff, 0xff, 0x50, 0x0, 0x0, 0x0, 0x0,
    0x0, 0x0, 0x6f, 0xff, 0xe0, 0x0, 0x0, 0x0,
    0x0, 0x0, 0x0, 0x0, 0xff, 0xf8, 0x0, 0x0,
    0x0, 0x0,

    /* U+0057 "W" */
    0x3f, 0xff, 0x10, 0x0, 0x0, 0x0, 0xcf, 0xf7,
    0x0, 0x0, 0x0, 0x5, 0xff, 0xa0, 0xdf, 0xf5,
    0x0, 0x0, 0x0, 0x1f, 0xff, 0xc0, 0x0, 0x0,
    0x0, 0xaf, 0xf5, 0x8, 0xff, 0xb0, 0x0, 0x0,
    0x6, 0xff, 0xff, 0x10, 0x0, 0x0, 0xf, 0xff,
    0x0, 0x3f, 0xff, 0x0, 0x0, 0x0, 0xcf, 0xff,
    0xf6, 0x0, 0x0, 0x5, 0xff, 0xa0, 0x0, 0xef,
    0xf5, 0x0, 0x0, 0x1f, 0xff, 0xff, 0xb0, 0x0,
    0x0, 0xaf, 0xf5, 0x0, 0x8, 0xff, 0xa0, 0x0,
    0x7, 0xff, 0x6e, 0xff, 0x10, 0x0, 0xf, 0xff,
    0x0, 0x0, 0x3f, 0xff, 0x0, 0x0, 0xcf, 0xf1,
    0x8f, 0xf6, 0x0, 0x5, 0xff, 0xa0, 0x0, 0x0,
    0xef, 0xf5, 0x0, 0x1f, 0xfb, 0x3, 0xff, 0xb0,
    0x0, 0xaf, 0xf5, 0x0, 0x0, 0x9, 0xff, 0xa0,
    0x7, 0xff, 0x60, 0xe, 0xff, 0x10, 0xf, 0xff,
    0x0, 0x0, 0x0, 0x3f, 0xfe, 0x0, 0xcf, 0xf1,
    0x0, 0x8f, 0xf6, 0x4, 0xff, 0xb0, 0x0, 0x0,
    0x0, 0xef, 0xf4, 0x1f, 0xfb, 0x0, 0x3, 0xff,
    0xb0, 0xaf, 0xf5, 0x0, 0x0, 0x0, 0x9, 0xff,
    0x97, 0xff, 0x60, 0x0, 0xe, 0xff, 0x1f, 0xff,
    0x0, 0x0, 0x0, 0x0, 0x4f, 0xfe, 0xcf, 0xf1,
    0x0, 0x0, 0x9f, 0xfa, 0xff, 0xb0, 0x0, 0x0,
    0x0, 0x0, 0xef, 0xff, 0xfb, 0x0, 0x0, 0x3,
    0xff, 0xff, 0xf6, 0x0, 0x0, 0x0, 0x0, 0x9,
    0xff, 0xff, 0x60, 0x0, 0x0, 0xe, 0xff, 0xff,
    0x10, 0x0, 0x0, 0x0, 0x0, 0x4f, 0xff, 0xf1,
    0x0, 0x0, 0x0, 0x9f, 0xff, 0xb0, 0x0, 0x0,
    0x0, 0x0, 0x0, 0xef, 0xfb, 0x0, 0x0, 0x0,
    0x3, 0xff, 0xf6, 0x0, 0x0, 0x0,

    /* U+0058 "X" */
    0x2f, 0xff, 0x60, 0x0, 0x0, 0x0, 0xbf, 0xfa,
    0x0, 0x6f, 0xff, 0x20, 0x0, 0x0, 0x6f, 0xfe,
    0x0, 0x0, 0xaf, 0xfd, 0x0, 0x0, 0x2f, 0xff,
    0x30, 0x0, 0x1, 0xef, 0xf8, 0x0, 0xc, 0xff,
    0x80, 0x0, 0x0, 0x4, 0xff, 0xf4, 0x8, 0xff,
    0xc0, 0x0, 0x0, 0x0, 0x8, 0xff, 0xe5, 0xff,
    0xf2, 0x0, 0x0, 0x0, 0x0, 0xd, 0xff, 0xff,
    0xf5, 0x0, 0x0, 0x0, 0x0, 0x0, 0x2f, 0xff,
    0xfa, 0x0, 0x0, 0x0, 0x0, 0x0, 0x0, 0xff,
    0xff, 0x60, 0x0, 0x0, 0x0, 0x0, 0x0, 0x6f,
    0xff, 0xfe, 0x10, 0x0, 0x0, 0x0, 0x0, 0x2f,
    0xff, 0xff, 0xfc, 0x0, 0x0, 0x0, 0x0, 0xc,
    0xff, 0x91, 0xef, 0xf7, 0x0, 0x0, 0x0, 0x8,
    0xff, 0xd0, 0x5, 0xff, 0xf3, 0x0, 0x0, 0x4,
    0xff, 0xf3, 0x0, 0xa, 0xff, 0xd0, 0x0, 0x1,
    0xef, 0xf8, 0x0, 0x0, 0xd, 0xff, 0xa0, 0x0,
    0xbf, 0xfc, 0x0, 0x0, 0x0, 0x3f, 0xff, 0x50,
    0x6f, 0xff, 0x20, 0x0, 0x0, 0x0, 0x8f, 0xff,
    0x20,

    /* U+0059 "Y" */
    0xe, 0xff, 0x60, 0x0, 0x0, 0x0, 0x4, 0xff,
    0xc0, 0x5, 0xff, 0xe1, 0x0, 0x0, 0x0, 0xd,
    0xff, 0x30, 0x0, 0xbf, 0xf9, 0x0, 0x0, 0x0,
    0x7f, 0xf9, 0x0, 0x0, 0x2f, 0xff, 0x30, 0x0,
    0x2, 0xff, 0xe1, 0x0, 0x0, 0x8, 0xff, 0xc0,
    0x0, 0xb, 0xff, 0x60, 0x0, 0x0, 0x0, 0xef,
    0xf6, 0x0, 0x4f, 0xfc, 0x0, 0x0, 0x0, 0x0,
    0x5f, 0xfe, 0x10, 0xdf, 0xf3, 0x0, 0x0, 0x0,
    0x0, 0xb, 0xff, 0x97, 0xff, 0x90, 0x0, 0x0,
    0x0, 0x0, 0x2, 0xff, 0xff, 0xfe, 0x10, 0x0,
    0x0, 0x0, 0x0, 0x0, 0x8f, 0xff, 0xf6, 0x0,
    0x0, 0x0, 0x0, 0x0, 0x0, 0xf, 0xff, 0xe0,
    0x0, 0x0, 0x0, 0x0, 0x0, 0x0, 0xc, 0xff,
    0xa0, 0x0, 0x0, 0x0, 0x0, 0x0, 0x0, 0x9,
    0xff, 0x80, 0x0, 0x0, 0x0, 0x0, 0x0, 0x0,
    0x9, 0xff, 0x80, 0x0, 0x0, 0x0, 0x0, 0x0,
    0x0, 0x9, 0xff, 0x80, 0x0, 0x0, 0x0, 0x0,
    0x0, 0x0, 0x9, 0xff, 0x80, 0x0, 0x0, 0x0,
    0x0, 0x0, 0x0, 0x9, 0xff, 0x80, 0x0, 0x0,
    0x0,

    /* U+005A "Z" */
    0xd, 0xff, 0xff, 0xff, 0xff, 0xff, 0xff, 0xf0,
    0xd, 0xff, 0xff, 0xff, 0xff, 0xff, 0xff, 0xf0,
    0x8, 0xaa, 0xaa, 0xaa, 0xaa, 0xbf, 0xff, 0xa0,
    0x0, 0x0, 0x0, 0x0, 0x0, 0xcf, 0xfd, 0x0,
    0x0, 0x0, 0x0, 0x0, 0x9, 0xff, 0xe2, 0x0,
    0x0, 0x0, 0x0, 0x0, 0x6f, 0xff, 0x40, 0x0,
    0x0, 0x0, 0x0, 0x3, 0xff, 0xf7, 0x0, 0x0,
    0x0, 0x0, 0x0, 0x1e, 0xff, 0xa0, 0x0, 0x0,
    0x0, 0x0, 0x0, 0xcf, 0xfc, 0x0, 0x0, 0x0,
    0x0, 0x0, 0xa, 0xff, 0xe1, 0x0, 0x0, 0x0,
    0x0, 0x0, 0x7f, 0xff, 0x30, 0x0, 0x0, 0x0,
    0x0, 0x4, 0xff, 0xf6, 0x0, 0x0, 0x0, 0x0,
    0x0, 0x2e, 0xff, 0x90, 0x0, 0x0, 0x0, 0x0,
    0x0, 0xdf, 0xfc, 0x0, 0x0, 0x0, 0x0, 0x0,
    0xa, 0xff, 0xfc, 0xaa, 0xaa, 0xaa, 0xaa, 0xa3,
    0xf, 0xff, 0xff, 0xff, 0xff, 0xff, 0xff, 0xf5,
    0xf, 0xff, 0xff, 0xff, 0xff, 0xff, 0xff, 0xf5,

    /* U+005B "[" */
    0xcf, 0xff, 0xff, 0xcf, 0xff, 0xff, 0xcf, 0xf8,
    0x66, 0xcf, 0xf4, 0x0, 0xcf, 0xf4, 0x0, 0xcf,
    0xf4, 0x0, 0xcf, 0xf4, 0x0, 0xcf, 0xf4, 0x0,
    0xcf, 0xf4, 0x0, 0xcf, 0xf4, 0x0, 0xcf, 0xf4,
    0x0, 0xcf, 0xf4, 0x0, 0xcf, 0xf4, 0x0, 0xcf,
    0xf4, 0x0, 0xcf, 0xf4, 0x0, 0xcf, 0xf4, 0x0,
    0xcf, 0xf4, 0x0, 0xcf, 0xf4, 0x0, 0xcf, 0xf4,
    0x0, 0xcf, 0xf4, 0x0, 0xcf, 0xf8, 0x66, 0xcf,
    0xff, 0xff, 0xcf, 0xff, 0xff,

    /* U+005C "\\" */
    0x68, 0x60, 0x0, 0x0, 0x0, 0x9, 0xff, 0x10,
    0x0, 0x0, 0x0, 0x4f, 0xf6, 0x0, 0x0, 0x0,
    0x0, 0xef, 0xc0, 0x0, 0x0, 0x0, 0x8, 0xff,
    0x20, 0x0, 0x0, 0x0, 0x3f, 0xf7, 0x0, 0x0,
    0x0, 0x0, 0xdf, 0xd0, 0x0, 0x0, 0x0, 0x7,
    0xff, 0x30, 0x0, 0x0, 0x0, 0x2f, 0xf8, 0x0,
    0x0, 0x0, 0x0, 0xcf, 0xe0, 0x0, 0x0, 0x0,
    0x7, 0xff, 0x30, 0x0, 0x0, 0x0, 0x1f, 0xf9,
    0x0, 0x0, 0x0, 0x0, 0xbf, 0xe0, 0x0, 0x0,
    0x0, 0x6, 0xff, 0x40, 0x0, 0x0, 0x0, 0x1f,
    0xfa, 0x0, 0x0, 0x0, 0x0, 0xaf, 0xf0, 0x0,
    0x0, 0x0, 0x5, 0xff, 0x50, 0x0, 0x0, 0x0,
    0xf, 0xfb, 0x0, 0x0, 0x0, 0x0, 0xaf, 0xf1,
    0x0, 0x0, 0x0, 0x4, 0xff, 0x60, 0x0, 0x0,
    0x0, 0xe, 0xfc, 0x0, 0x0, 0x0, 0x0, 0x9f,
    0xf1, 0x0, 0x0, 0x0, 0x3, 0xff, 0x70,

    /* U+005D "]" */
    0x9f, 0xff, 0xff, 0x29, 0xff, 0xff, 0xf2, 0x36,
    0x6e, 0xff, 0x20, 0x0, 0xef, 0xf2, 0x0, 0xe,
    0xff, 0x20, 0x0, 0xef, 0xf2, 0x0, 0xe, 0xff,
    0x20, 0x0, 0xef, 0xf2, 0x0, 0xe, 0xff, 0x20,
    0x0, 0xef, 0xf2, 0x0, 0xe, 0xff, 0x20, 0x0,
    0xef, 0xf2, 0x0, 0xe, 0xff, 0x20, 0x0, 0xef,
    0xf2, 0x0, 0xe, 0xff, 0x20, 0x0, 0xef, 0xf2,
    0x0, 0xe, 0xff, 0x20, 0x0, 0xef, 0xf2, 0x0,
    0xe, 0xff, 0x20, 0x0, 0xef, 0xf2, 0x36, 0x6e,
    0xff, 0x29, 0xff, 0xff, 0xf2, 0x9f, 0xff, 0xff,
    0x20,

    /* U+005E "^" */
    0x0, 0x0, 0x5f, 0xf8, 0x0, 0x0, 0x0, 0x0,
    0xcf, 0xfe, 0x0, 0x0, 0x0, 0x3, 0xff, 0xff,
    0x60, 0x0, 0x0, 0xa, 0xfa, 0x7f, 0xd0, 0x0,
    0x0, 0x1f, 0xf4, 0x1f, 0xf3, 0x0, 0x0, 0x7f,
    0xd0, 0xa, 0xfa, 0x0, 0x0, 0xef, 0x60, 0x3,
    0xff, 0x10, 0x5, 0xff, 0x0, 0x0, 0xcf, 0x80,
    0xc, 0xf9, 0x0, 0x0, 0x6f, 0xe0, 0x3f, 0xf2,
    0x0, 0x0, 0xe, 0xf6,

    /* U+005F "_" */
    0xdd, 0xdd, 0xdd, 0xdd, 0xdd, 0xdd, 0xff, 0xff,
    0xff, 0xff, 0xff, 0xff,

    /* U+0060 "`" */
    0x27, 0x87, 0x10, 0x0, 0x6, 0xff, 0xd1, 0x0,
    0x0, 0x3e, 0xfc, 0x0, 0x0, 0x2, 0xdf, 0xb0,

    /* U+0061 "a" */
    0x1, 0x7b, 0xef, 0xfd, 0x92, 0x0, 0x4f, 0xff,
    0xff, 0xff, 0xff, 0x50, 0x1e, 0xfc, 0x98, 0xae,
    0xff, 0xf1, 0x4, 0x10, 0x0, 0x1, 0xdf, 0xf6,
    0x0, 0x0, 0x0, 0x0, 0x6f, 0xfa, 0x1, 0x8d,
    0xef, 0xff, 0xff, 0xfb, 0x1e, 0xff, 0xff, 0xff,
    0xff, 0xfb, 0xaf, 0xfa, 0x20, 0x0, 0x4f, 0xfb,
    0xef, 0xf1, 0x0, 0x0, 0x5f, 0xfb, 0xdf, 0xf2,
    0x0, 0x0, 0xef, 0xfb, 0x9f, 0xfb, 0x20, 0x3b,
    0xff, 0xfb, 0x1d, 0xff, 0xff, 0xff, 0xdf, 0xfb,
    0x1, 0x8d, 0xff, 0xc7, 0x2f, 0xfb,

    /* U+0062 "b" */
    0xf, 0xff, 0x0, 0x0, 0x0, 0x0, 0x0, 0x0,
    0xff, 0xf0, 0x0, 0x0, 0x0, 0x0, 0x0, 0xf,
    0xff, 0x0, 0x0, 0x0, 0x0, 0x0, 0x0, 0xff,
    0xf0, 0x0, 0x0, 0x0, 0x0, 0x0, 0xf, 0xff,
    0x0, 0x0, 0x0, 0x0, 0x0, 0x0, 0xff, 0xf0,
    0x6c, 0xef, 0xd8, 0x20, 0x0, 0xf, 0xff, 0xbf,
    0xff, 0xff, 0xff, 0x60, 0x0, 0xff, 0xff, 0xfc,
    0x9a, 0xef, 0xff, 0x40, 0xf, 0xff, 0xf4, 0x0,
    0x0, 0xbf, 0xfe, 0x0, 0xff, 0xf6, 0x0, 0x0,
    0x0, 0xef, 0xf4, 0xf, 0xff, 0x0, 0x0, 0x0,
    0x9, 0xff, 0x70, 0xff, 0xf0, 0x0, 0x0, 0x0,
    0x7f, 0xf8, 0xf, 0xff, 0x0, 0x0, 0x0, 0x9,
    0xff, 0x70, 0xff, 0xf6, 0x0, 0x0, 0x0, 0xef,
    0xf4, 0xf, 0xff, 0xf4, 0x0, 0x1, 0xbf, 0xfd,
    0x0, 0xff, 0xff, 0xfc, 0x9a, 0xff, 0xff, 0x40,
    0xf, 0xfd, 0xbf, 0xff, 0xff, 0xff, 0x50, 0x0,
    0xff, 0xd0, 0x6c, 0xef, 0xd8, 0x20, 0x0,

    /* U+0063 "c" */
    0x0, 0x0, 0x4a, 0xdf, 0xec, 0x71, 0x0, 0x0,
    0xa, 0xff, 0xff, 0xff, 0xfe, 0x30, 0x0, 0xbf,
    0xff, 0xc9, 0xae, 0xff, 0xe1, 0x5, 0xff, 0xf4,
    0x0, 0x0, 0xae, 0x70, 0xc, 0xff, 0x60, 0x0,
    0x0, 0x1, 0x0, 0xf, 0xff, 0x0, 0x0, 0x0,
    0x0, 0x0, 0x1f, 0xff, 0x0, 0x0, 0x0, 0x0,
    0x0, 0xf, 0xff, 0x10, 0x0, 0x0, 0x0, 0x0,
    0xc, 0xff, 0x60, 0x0, 0x0, 0x1, 0x0, 0x5,
    0xff, 0xf4, 0x0, 0x0, 0xbf, 0x70, 0x0, 0xaf,
    0xff, 0xc9, 0xae, 0xff, 0xe1, 0x0, 0x9, 0xff,
    0xff, 0xff, 0xfe, 0x30, 0x0, 0x0, 0x3a, 0xdf,
    0xec, 0x71, 0x0,

    /* U+0064 "d" */
    0x0, 0x0, 0x0, 0x0, 0x0, 0x7, 0xff, 0x80,
    0x0, 0x0, 0x0, 0x0, 0x0, 0x7f, 0xf8, 0x0,
    0x0, 0x0, 0x0, 0x0, 0x7, 0xff, 0x80, 0x0,
    0x0, 0x0, 0x0, 0x0, 0x7f, 0xf8, 0x0, 0x0,
    0x0, 0x0, 0x0, 0x7, 0xff, 0x80, 0x0, 0x5,
    0xbe, 0xfd, 0x92, 0x7f, 0xf8, 0x0, 0x1c, 0xff,
    0xff, 0xff, 0xfc, 0xff, 0x80, 0xc, 0xff, 0xfc,
    0x9a, 0xef, 0xff, 0xf8, 0x6, 0xff, 0xf4, 0x0,
    0x0, 0xbf, 0xff, 0x80, 0xcf, 0xf6, 0x0, 0x0,
    0x0, 0xff, 0xf8, 0xf, 0xff, 0x10, 0x0, 0x0,
    0xd, 0xff, 0x81, 0xff, 0xf0, 0x0, 0x0, 0x0,
    0xbf, 0xf8, 0xf, 0xff, 0x10, 0x0, 0x0, 0xd,
    0xff, 0x80, 0xcf, 0xf7, 0x0, 0x0, 0x0, 0xff,
    0xf8, 0x6, 0xff, 0xf4, 0x0, 0x0, 0xbf, 0xff,
    0x80, 0xc, 0xff, 0xfc, 0x9a, 0xff, 0xff, 0xf8,
    0x0, 0x1b, 0xff, 0xff, 0xff, 0xfa, 0xff, 0x80,
    0x0, 0x5, 0xbe, 0xfd, 0x92, 0x5f, 0xf8,

    /* U+0065 "e" */
    0x0, 0x0, 0x5b, 0xef, 0xeb, 0x50, 0x0, 0x0,
    0x1, 0xbf, 0xff, 0xff, 0xff, 0xc1, 0x0, 0x0,
    0xbf, 0xfe, 0x86, 0x8d, 0xff, 0xc0, 0x0, 0x6f,
    0xfc, 0x10, 0x0, 0xa, 0xff, 0x60, 0xc, 0xff,
    0x30, 0x0, 0x0, 0xf, 0xfc, 0x0, 0xff, 0xff,
    0xff, 0xff, 0xff, 0xff, 0xe0, 0x1f, 0xff, 0xff,
    0xff, 0xff, 0xff, 0xff, 0x0, 0xff, 0xf0, 0x0,
    0x0, 0x0, 0x0, 0x0, 0xc, 0xff, 0x50, 0x0,
    0x0, 0x0, 0x0, 0x0, 0x5f, 0xfe, 0x40, 0x0,
    0x3, 0xd1, 0x0, 0x0, 0xaf, 0xff, 0xc9, 0x9c,
    0xff, 0xc0, 0x0, 0x0, 0x9f, 0xff, 0xff, 0xff,
    0xf7, 0x0, 0x0, 0x0, 0x39, 0xdf, 0xfd, 0x92,
    0x0, 0x0,

    /* U+0066 "f" */
    0x0, 0x0, 0x7d, 0xfe, 0xc4, 0x0, 0xa, 0xff,
    0xff, 0xf5, 0x0, 0x3f, 0xff, 0x97, 0xb0, 0x0,
    0x8f, 0xf7, 0x0, 0x0, 0x0, 0x9f, 0xf4, 0x0,
    0x0, 0xbf, 0xff, 0xff, 0xff, 0xd0, 0xbf, 0xff,
    0xff, 0xff, 0xd0, 0x46, 0xff, 0xfc, 0x66, 0x50,
    0x0, 0xaf, 0xf6, 0x0, 0x0, 0x0, 0xaf, 0xf6,
    0x0, 0x0, 0x0, 0xaf, 0xf6, 0x0, 0x0, 0x0,
    0xaf, 0xf6, 0x0, 0x0, 0x0, 0xaf, 0xf6, 0x0,
    0x0, 0x0, 0xaf, 0xf6, 0x0, 0x0, 0x0, 0xaf,
    0xf6, 0x0, 0x0, 0x0, 0xaf, 0xf6, 0x0, 0x0,
    0x0, 0xaf, 0xf6, 0x0, 0x0, 0x0, 0xaf, 0xf6,
    0x0, 0x0,

    /* U+0067 "g" */
    0x0, 0x0, 0x5b, 0xef, 0xea, 0x32, 0xff, 0xb0,
    0x1, 0xcf, 0xff, 0xff, 0xff, 0x9f, 0xfb, 0x0,
    0xdf, 0xff, 0xa7, 0x7b, 0xff, 0xff, 0xb0, 0x7f,
    0xfe, 0x20, 0x0, 0x5, 0xff, 0xfb, 0xd, 0xff,
    0x40, 0x0, 0x0, 0xc, 0xff, 0xb0, 0xff, 0xf0,
    0x0, 0x0, 0x0, 0x7f, 0xfb, 0xf, 0xff, 0x0,
    0x0, 0x0, 0x6, 0xff, 0xb0, 0xff, 0xf2, 0x0,
    0x0, 0x0, 0xbf, 0xfb, 0xb, 0xff, 0xb0, 0x0,
    0x0, 0x1f, 0xff, 0xb0, 0x3f, 0xff, 0xb3, 0x1,
    0x5e, 0xff, 0xfb, 0x0, 0x7f, 0xff, 0xff, 0xff,
    0xff, 0xff, 0xb0, 0x0, 0x5e, 0xff, 0xff, 0xfb,
    0x6f, 0xfa, 0x0, 0x0, 0x4, 0x78, 0x62, 0x7,
    0xff, 0x90, 0x0, 0x0, 0x0, 0x0, 0x0, 0xbf,
    0xf6, 0x0, 0x7b, 0x30, 0x0, 0x0, 0x6f, 0xff,
    0x10, 0x1f, 0xff, 0xda, 0x9a, 0xdf, 0xff, 0x80,
    0x2, 0xcf, 0xff, 0xff, 0xff, 0xff, 0xa0, 0x0,
    0x0, 0x39, 0xce, 0xff, 0xda, 0x30, 0x0,

    /* U+0068 "h" */
    0xf, 0xff, 0x0, 0x0, 0x0, 0x0, 0x0, 0xf,
    0xff, 0x0, 0x0, 0x0, 0x0, 0x0, 0xf, 0xff,
    0x0, 0x0, 0x0, 0x0, 0x0, 0xf, 0xff, 0x0,
    0x0, 0x0, 0x0, 0x0, 0xf, 0xff, 0x0, 0x0,
    0x0, 0x0, 0x0, 0xf, 0xff, 0x6, 0xce, 0xfd,
    0x81, 0x0, 0xf, 0xff, 0xcf, 0xff, 0xff, 0xfe,
    0x30, 0xf, 0xff, 0xff, 0xca, 0xcf, 0xff, 0xd0,
    0xf, 0xff, 0xe3, 0x0, 0x4, 0xff, 0xf4, 0xf,
    0xff, 0x60, 0x0, 0x0, 0xaf, 0xf7, 0xf, 0xff,
    0x10, 0x0, 0x0, 0x7f, 0xf9, 0xf, 0xff, 0x0,
    0x0, 0x0, 0x6f, 0xf9, 0xf, 0xff, 0x0, 0x0,
    0x0, 0x6f, 0xf9, 0xf, 0xff, 0x0, 0x0, 0x0,
    0x6f, 0xf9, 0xf, 0xff, 0x0, 0x0, 0x0, 0x6f,
    0xf9, 0xf, 0xff, 0x0, 0x0, 0x0, 0x6f, 0xf9,
    0xf, 0xff, 0x0, 0x0, 0x0, 0x6f, 0xf9, 0xf,
    0xff, 0x0, 0x0, 0x0, 0x6f, 0xf9,

    /* U+0069 "i" */
    0x3, 0x73, 0x3, 0xff, 0xf3, 0x6f, 0xff, 0x51,
    0xdf, 0xc0, 0x0, 0x10, 0x0, 0x0, 0x0, 0xf,
    0xff, 0x0, 0xff, 0xf0, 0xf, 0xff, 0x0, 0xff,
    0xf0, 0xf, 0xff, 0x0, 0xff, 0xf0, 0xf, 0xff,
    0x0, 0xff, 0xf0, 0xf, 0xff, 0x0, 0xff, 0xf0,
    0xf, 0xff, 0x0, 0xff, 0xf0, 0xf, 0xff, 0x0,

    /* U+006A "j" */
    0x0, 0x0, 0x2, 0x74, 0x0, 0x0, 0x1, 0xff,
    0xf4, 0x0, 0x0, 0x4f, 0xff, 0x70, 0x0, 0x0,
    0xbf, 0xd1, 0x0, 0x0, 0x0, 0x10, 0x0, 0x0,
    0x0, 0x0, 0x0, 0x0, 0x0, 0xe, 0xff, 0x10,
    0x0, 0x0, 0xef, 0xf1, 0x0, 0x0, 0xe, 0xff,
    0x10, 0x0, 0x0, 0xef, 0xf1, 0x0, 0x0, 0xe,
    0xff, 0x10, 0x0, 0x0, 0xef, 0xf1, 0x0, 0x0,
    0xe, 0xff, 0x10, 0x0, 0x0, 0xef, 0xf1, 0x0,
    0x0, 0xe, 0xff, 0x10, 0x0, 0x0, 0xef, 0xf1,
    0x0, 0x0, 0xe, 0xff, 0x10, 0x0, 0x0, 0xef,
    0xf1, 0x0, 0x0, 0xe, 0xff, 0x10, 0x0, 0x0,
    0xef, 0xf1, 0x0, 0x0, 0x1f, 0xff, 0x0, 0x8a,
    0x8d, 0xff, 0xb0, 0xe, 0xff, 0xff, 0xf2, 0x0,
    0x9e, 0xfe, 0xa2, 0x0,

    /* U+006B "k" */
    0xf, 0xff, 0x0, 0x0, 0x0, 0x0, 0x0, 0x0,
    0xff, 0xf0, 0x0, 0x0, 0x0, 0x0, 0x0, 0xf,
    0xff, 0x0, 0x0, 0x0, 0x0, 0x0, 0x0, 0xff,
    0xf0, 0x0, 0x0, 0x0, 0x0, 0x0, 0xf, 0xff,
    0x0, 0x0, 0x0, 0x0, 0x0, 0x0, 0xff, 0xf0,
    0x0, 0x0, 0x5f, 0xff, 0x40, 0xf, 0xff, 0x0,
    0x0, 0x6f, 0xff, 0x50, 0x0, 0xff, 0xf0, 0x0,
    0x7f, 0xff, 0x50, 0x0, 0xf, 0xff, 0x0, 0x8f,
    0xff, 0x50, 0x0, 0x0, 0xff, 0xf0, 0x9f, 0xff,
    0x50, 0x0, 0x0, 0xf, 0xff, 0xaf, 0xff, 0xd0,
    0x0, 0x0, 0x0, 0xff, 0xff, 0xff, 0xff, 0x40,
    0x0, 0x0, 0xf, 0xff, 0xfe, 0xff, 0xfe, 0x10,
    0x0, 0x0, 0xff, 0xfe, 0x21, 0xef, 0xfc, 0x0,
    0x0, 0xf, 0xff, 0x20, 0x3, 0xff, 0xf9, 0x0,
    0x0, 0xff, 0xf0, 0x0, 0x5, 0xff, 0xf5, 0x0,
    0xf, 0xff, 0x0, 0x0, 0x8, 0xff, 0xf2, 0x0,
    0xff, 0xf0, 0x0, 0x0, 0xb, 0xff, 0xd0,

    /* U+006C "l" */
    0xf, 0xff, 0xf, 0xff, 0xf, 0xff, 0xf, 0xff,
    0xf, 0xff, 0xf, 0xff, 0xf, 0xff, 0xf, 0xff,
    0xf, 0xff, 0xf, 0xff, 0xf, 0xff, 0xf, 0xff,
    0xf, 0xff, 0xf, 0xff, 0xf, 0xff, 0xf, 0xff,
    0xf, 0xff, 0xf, 0xff,

    /* U+006D "m" */
    0xf, 0xfd, 0x7, 0xcf, 0xec, 0x60, 0x0, 0x6c,
    0xef, 0xd8, 0x10, 0x0, 0xff, 0xec, 0xff, 0xff,
    0xff, 0xb2, 0xdf, 0xff, 0xff, 0xfe, 0x10, 0xf,
    0xff, 0xff, 0xba, 0xdf, 0xff, 0xff, 0xfc, 0xac,
    0xff, 0xfb, 0x0, 0xff, 0xfe, 0x20, 0x0, 0xaf,
    0xff, 0xf4, 0x0, 0x6, 0xff, 0xf1, 0xf, 0xff,
    0x50, 0x0, 0x1, 0xff, 0xf9, 0x0, 0x0, 0xd,
    0xff, 0x40, 0xff, 0xf1, 0x0, 0x0, 0xe, 0xff,
    0x40, 0x0, 0x0, 0xaf, 0xf6, 0xf, 0xff, 0x0,
    0x0, 0x0, 0xdf, 0xf3, 0x0, 0x0, 0x9, 0xff,
    0x60, 0xff, 0xf0, 0x0, 0x0, 0xd, 0xff, 0x30,
    0x0, 0x0, 0x9f, 0xf6, 0xf, 0xff, 0x0, 0x0,
    0x0, 0xdf, 0xf3, 0x0, 0x0, 0x9, 0xff, 0x60,
    0xff, 0xf0, 0x0, 0x0, 0xd, 0xff, 0x30, 0x0,
    0x0, 0x9f, 0xf6, 0xf, 0xff, 0x0, 0x0, 0x0,
    0xdf, 0xf3, 0x0, 0x0, 0x9, 0xff, 0x60, 0xff,
    0xf0, 0x0, 0x0, 0xd, 0xff, 0x30, 0x0, 0x0,
    0x9f, 0xf6, 0xf, 0xff, 0x0, 0x0, 0x0, 0xdf,
    0xf3, 0x0, 0x0, 0x9, 0xff, 0x60,

    /* U+006E "n" */
    0xf, 0xfd, 0x6, 0xce, 0xfd, 0x81, 0x0, 0xf,
    0xfe, 0xcf, 0xff, 0xff, 0xfe, 0x30, 0xf, 0xff,
    0xff, 0xca, 0xcf, 0xff, 0xd0, 0xf, 0xff, 0xe3,
    0x0, 0x4, 0xff, 0xf4, 0xf, 0xff, 0x60, 0x0,
    0x0, 0xaf, 0xf7, 0xf, 0xff, 0x10, 0x0, 0x0,
    0x7f, 0xf9, 0xf, 0xff, 0x0, 0x0, 0x0, 0x6f,
    0xf9, 0xf, 0xff, 0x0, 0x0, 0x0, 0x6f, 0xf9,
    0xf, 0xff, 0x0, 0x0, 0x0, 0x6f, 0xf9, 0xf,
    0xff, 0x0, 0x0, 0x0, 0x6f, 0xf9, 0xf, 0xff,
    0x0, 0x0, 0x0, 0x6f, 0xf9, 0xf, 0xff, 0x0,
    0x0, 0x0, 0x6f, 0xf9, 0xf, 0xff, 0x0, 0x0,
    0x0, 0x6f, 0xf9,

    /* U+006F "o" */
    0x0, 0x0, 0x4a, 0xdf, 0xec, 0x71, 0x0, 0x0,
    0x0, 0xaf, 0xff, 0xff, 0xff, 0xe4, 0x0, 0x0,
    0xbf, 0xff, 0xc9, 0xae, 0xff, 0xf3, 0x0, 0x5f,
    0xff, 0x40, 0x0, 0xa, 0xff, 0xd0, 0xc, 0xff,
    0x60, 0x0, 0x0, 0xe, 0xff, 0x40, 0xff, 0xf0,
    0x0, 0x0, 0x0, 0x9f, 0xf7, 0x1f, 0xff, 0x0,
    0x0, 0x0, 0x7, 0xff, 0x80, 0xff, 0xf1, 0x0,
    0x0, 0x0, 0x9f, 0xf6, 0xc, 0xff, 0x70, 0x0,
    0x0, 0xe, 0xff, 0x30, 0x5f, 0xff, 0x40, 0x0,
    0xb, 0xff, 0xd0, 0x0, 0xaf, 0xff, 0xc9, 0xaf,
    0xff, 0xf3, 0x0, 0x0, 0xaf, 0xff, 0xff, 0xff,
    0xe4, 0x0, 0x0, 0x0, 0x4a, 0xdf, 0xec, 0x71,
    0x0, 0x0,

    /* U+0070 "p" */
    0xf, 0xfd, 0x6, 0xce, 0xfd, 0x82, 0x0, 0x0,
    0xff, 0xec, 0xff, 0xff, 0xff, 0xf6, 0x0, 0xf,
    0xff, 0xff, 0xc9, 0xae, 0xff, 0xf4, 0x0, 0xff,
    0xff, 0x40, 0x0, 0xb, 0xff, 0xe0, 0xf, 0xff,
    0x60, 0x0, 0x0, 0xe, 0xff, 0x40, 0xff, 0xf0,
    0x0, 0x0, 0x0, 0x9f, 0xf7, 0xf, 0xff, 0x0,
    0x0, 0x0, 0x7, 0xff, 0x80, 0xff, 0xf0, 0x0,
    0x0, 0x0, 0x9f, 0xf7, 0xf, 0xff, 0x60, 0x0,
    0x0, 0xe, 0xff, 0x40, 0xff, 0xff, 0x40, 0x0,
    0x1b, 0xff, 0xe0, 0xf, 0xff, 0xff, 0xc9, 0xaf,
    0xff, 0xf4, 0x0, 0xff, 0xfb, 0xff, 0xff, 0xff,
    0xf5, 0x0, 0xf, 0xff, 0x6, 0xce, 0xfd, 0x82,
    0x0, 0x0, 0xff, 0xf0, 0x0, 0x0, 0x0, 0x0,
    0x0, 0xf, 0xff, 0x0, 0x0, 0x0, 0x0, 0x0,
    0x0, 0xff, 0xf0, 0x0, 0x0, 0x0, 0x0, 0x0,
    0xf, 0xff, 0x0, 0x0, 0x0, 0x0, 0x0, 0x0,
    0xff, 0xf0, 0x0, 0x0, 0x0, 0x0, 0x0,

    /* U+0071 "q" */
    0x0, 0x0, 0x5b, 0xef, 0xd9, 0x25, 0xff, 0x80,
    0x1, 0xcf, 0xff, 0xff, 0xff, 0xaf, 0xf8, 0x0,
    0xcf, 0xff, 0xc9, 0xae, 0xff, 0xff, 0x80, 0x6f,
    0xff, 0x40, 0x0, 0xb, 0xff, 0xf8, 0xc, 0xff,
    0x60, 0x0, 0x0, 0xf, 0xff, 0x80, 0xff, 0xf0,
    0x0, 0x0, 0x0, 0xef, 0xf8, 0x1f, 0xff, 0x0,
    0x0, 0x0, 0xc, 0xff, 0x80, 0xff, 0xf1, 0x0,
    0x0, 0x0, 0xef, 0xf8, 0xc, 0xff, 0x70, 0x0,
    0x0, 0xf, 0xff, 0x80, 0x6f, 0xff, 0x40, 0x0,
    0xb, 0xff, 0xf8, 0x0, 0xcf, 0xff, 0xc9, 0xaf,
    0xff, 0xff, 0x80, 0x1, 0xcf, 0xff, 0xff, 0xfe,
    0xcf, 0xf8, 0x0, 0x0, 0x5b, 0xef, 0xd9, 0x28,
    0xff, 0x80, 0x0, 0x0, 0x0, 0x0, 0x0, 0x8f,
    0xf8, 0x0, 0x0, 0x0, 0x0, 0x0, 0x8, 0xff,
    0x80, 0x0, 0x0, 0x0, 0x0, 0x0, 0x8f, 0xf8,
    0x0, 0x0, 0x0, 0x0, 0x0, 0x8, 0xff, 0x80,
    0x0, 0x0, 0x0, 0x0, 0x0, 0x8f, 0xf8,

    /* U+0072 "r" */
    0xf, 0xfd, 0x6, 0xce, 0x60, 0xff, 0xdb, 0xff,
    0xf6, 0xf, 0xff, 0xff, 0xca, 0x40, 0xff, 0xff,
    0x40, 0x0, 0xf, 0xff, 0x70, 0x0, 0x0, 0xff,
    0xf2, 0x0, 0x0, 0xf, 0xff, 0x0, 0x0, 0x0,
    0xff, 0xf0, 0x0, 0x0, 0xf, 0xff, 0x0, 0x0,
    0x0, 0xff, 0xf0, 0x0, 0x0, 0xf, 0xff, 0x0,
    0x0, 0x0, 0xff, 0xf0, 0x0, 0x0, 0xf, 0xff,
    0x0, 0x0, 0x0,

    /* U+0073 "s" */
    0x0, 0x7, 0xce, 0xff, 0xc9, 0x40, 0x2, 0xef,
    0xff, 0xff, 0xff, 0xf2, 0xc, 0xff, 0xd8, 0x78,
    0xaf, 0x90, 0xf, 0xfe, 0x0, 0x0, 0x1, 0x10,
    0xf, 0xff, 0x30, 0x0, 0x0, 0x0, 0xb, 0xff,
    0xfd, 0xa7, 0x40, 0x0, 0x1, 0xbf, 0xff, 0xff,
    0xfe, 0x60, 0x0, 0x2, 0x7a, 0xdf, 0xff, 0xf5,
    0x0, 0x0, 0x0, 0x0, 0x8f, 0xfa, 0x5, 0x40,
    0x0, 0x0, 0x5f, 0xfa, 0xe, 0xfe, 0xa7, 0x79,
    0xff, 0xf6, 0x4f, 0xff, 0xff, 0xff, 0xff, 0x90,
    0x1, 0x7b, 0xef, 0xfd, 0xa4, 0x0,

    /* U+0074 "t" */
    0x0, 0xaf, 0xf6, 0x0, 0x0, 0x0, 0xaf, 0xf6,
    0x0, 0x0, 0x0, 0xaf, 0xf6, 0x0, 0x0, 0xbf,
    0xff, 0xff, 0xff, 0xd0, 0xbf, 0xff, 0xff, 0xff,
    0xd0, 0x46, 0xff, 0xfc, 0x66, 0x50, 0x0, 0xaf,
    0xf6, 0x0, 0x0, 0x0, 0xaf, 0xf6, 0x0, 0x0,
    0x0, 0xaf, 0xf6, 0x0, 0x0, 0x0, 0xaf, 0xf6,
    0x0, 0x0, 0x0, 0xaf, 0xf6, 0x0, 0x0, 0x0,
    0x9f, 0xf6, 0x0, 0x0, 0x0, 0x8f, 0xf9, 0x0,
    0x0, 0x0, 0x5f, 0xff, 0xa8, 0xc1, 0x0, 0xc,
    0xff, 0xff, 0xf6, 0x0, 0x0, 0x8d, 0xfe, 0xb3,

    /* U+0075 "u" */
    0x2f, 0xfe, 0x0, 0x0, 0x0, 0xaf, 0xf6, 0x2f,
    0xfe, 0x0, 0x0, 0x0, 0xaf, 0xf6, 0x2f, 0xfe,
    0x0, 0x0, 0x0, 0xaf, 0xf6, 0x2f, 0xfe, 0x0,
    0x0, 0x0, 0xaf, 0xf6, 0x2f, 0xfe, 0x0, 0x0,
    0x0, 0xaf, 0xf6, 0x2f, 0xfe, 0x0, 0x0, 0x0,
    0xaf, 0xf6, 0x2f, 0xfe, 0x0, 0x0, 0x0, 0xaf,
    0xf6, 0x1f, 0xff, 0x0, 0x0, 0x0, 0xbf, 0xf6,
    0xf, 0xff, 0x20, 0x0, 0x1, 0xff, 0xf6, 0xc,
    0xff, 0xb0, 0x0, 0x1b, 0xff, 0xf6, 0x6, 0xff,
    0xfe, 0xbb, 0xff, 0xff, 0xf6, 0x0, 0xaf, 0xff,
    0xff, 0xfe, 0xbf, 0xf6, 0x0, 0x5, 0xbe, 0xfd,
    0x92, 0x7f, 0xf6,

    /* U+0076 "v" */
    0xe, 0xff, 0x30, 0x0, 0x0, 0x2, 0xff, 0xc0,
    0x7f, 0xf9, 0x0, 0x0, 0x0, 0x8f, 0xf5, 0x1,
    0xff, 0xf1, 0x0, 0x0, 0xe, 0xfe, 0x0, 0xa,
    0xff, 0x70, 0x0, 0x6, 0xff, 0x70, 0x0, 0x3f,
    0xfd, 0x0, 0x0, 0xdf, 0xf1, 0x0, 0x0, 0xcf,
    0xf4, 0x0, 0x4f, 0xfa, 0x0, 0x0, 0x6, 0xff,
    0xa0, 0xb, 0xff, 0x30, 0x0, 0x0, 0xe, 0xff,
    0x12, 0xff, 0xc0, 0x0, 0x0, 0x0, 0x8f, 0xf8,
    0x8f, 0xf5, 0x0, 0x0, 0x0, 0x1, 0xff, 0xff,
    0xfe, 0x0, 0x0, 0x0, 0x0, 0xa, 0xff, 0xff,
    0x80, 0x0, 0x0, 0x0, 0x0, 0x4f, 0xff, 0xf1,
    0x0, 0x0, 0x0, 0x0, 0x0, 0xdf, 0xfa, 0x0,
    0x0, 0x0,

    /* U+0077 "w" */
    0xbf, 0xf1, 0x0, 0x0, 0x5, 0xff, 0x80, 0x0,
    0x0, 0xe, 0xfc, 0x5f, 0xf7, 0x0, 0x0, 0xb,
    0xff, 0xe0, 0x0, 0x0, 0x3f, 0xf6, 0xf, 0xfc,
    0x0, 0x0, 0x1f, 0xff, 0xf4, 0x0, 0x0, 0x9f,
    0xf1, 0xa, 0xff, 0x20, 0x0, 0x7f, 0xff, 0xf9,
    0x0, 0x0, 0xff, 0xa0, 0x4, 0xff, 0x80, 0x0,
    0xdf, 0xdc, 0xff, 0x0, 0x5, 0xff, 0x50, 0x0,
    0xef, 0xd0, 0x3, 0xff, 0x86, 0xff, 0x50, 0xb,
    0xfe, 0x0, 0x0, 0x8f, 0xf3, 0x8, 0xff, 0x21,
    0xff, 0xb0, 0x1f, 0xf9, 0x0, 0x0, 0x3f, 0xf8,
    0xe, 0xfc, 0x0, 0xaf, 0xf1, 0x6f, 0xf3, 0x0,
    0x0, 0xd, 0xfe, 0x4f, 0xf6, 0x0, 0x4f, 0xf6,
    0xcf, 0xd0, 0x0, 0x0, 0x7, 0xff, 0xef, 0xf0,
    0x0, 0xe, 0xfe, 0xff, 0x80, 0x0, 0x0, 0x1,
    0xff, 0xff, 0xa0, 0x0, 0x9, 0xff, 0xff, 0x20,
    0x0, 0x0, 0x0, 0xbf, 0xff, 0x40, 0x0, 0x3,
    0xff, 0xfc, 0x0, 0x0, 0x0, 0x0, 0x6f, 0xfd,
    0x0, 0x0, 0x0, 0xdf, 0xf6, 0x0, 0x0,

    /* U+0078 "x" */
    0x3f, 0xff, 0x20, 0x0, 0x4, 0xff, 0xd0, 0x7,
    0xff, 0xd0, 0x0, 0x1e, 0xff, 0x30, 0x0, 0xbf,
    0xf9, 0x0, 0xcf, 0xf6, 0x0, 0x0, 0x1e, 0xff,
    0x58, 0xff, 0xa0, 0x0, 0x0, 0x3, 0xff, 0xff,
    0xfd, 0x0, 0x0, 0x0, 0x0, 0x7f, 0xff, 0xf2,
    0x0, 0x0, 0x0, 0x0, 0xf, 0xff, 0xf0, 0x0,
    0x0, 0x0, 0x0, 0x9f, 0xff, 0xf5, 0x0, 0x0,
    0x0, 0x5, 0xff, 0xff, 0xff, 0x20, 0x0, 0x0,
    0x2f, 0xff, 0x26, 0xff, 0xd0, 0x0, 0x0, 0xdf,
    0xf6, 0x0, 0xbf, 0xf9, 0x0, 0xa, 0xff, 0xa0,
    0x0, 0x1e, 0xff, 0x60, 0x6f, 0xfd, 0x0, 0x0,
    0x4, 0xff, 0xf2,

    /* U+0079 "y" */
    0xe, 0xff, 0x30, 0x0, 0x0, 0x2, 0xff, 0xc0,
    0x7f, 0xf9, 0x0, 0x0, 0x0, 0x8f, 0xf5, 0x1,
    0xff, 0xf1, 0x0, 0x0, 0xe, 0xfe, 0x0, 0xa,
    0xff, 0x70, 0x0, 0x6, 0xff, 0x70, 0x0, 0x3f,
    0xfd, 0x0, 0x0, 0xcf, 0xf1, 0x0, 0x0, 0xcf,
    0xf4, 0x0, 0x3f, 0xfa, 0x0, 0x0, 0x5, 0xff,
    0xb0, 0xa, 0xff, 0x30, 0x0, 0x0, 0xe, 0xff,
    0x11, 0xff, 0xc0, 0x0, 0x0, 0x0, 0x7f, 0xf8,
    0x7f, 0xf5, 0x0, 0x0, 0x0, 0x1, 0xff, 0xee,
    0xfe, 0x0, 0x0, 0x0, 0x0, 0xa, 0xff, 0xff,
    0x80, 0x0, 0x0, 0x0, 0x0, 0x3f, 0xff, 0xf1,
    0x0, 0x0, 0x0, 0x0, 0x0, 0xff, 0xfa, 0x0,
    0x0, 0x0, 0x0, 0x0, 0xd, 0xff, 0x30, 0x0,
    0x0, 0x1, 0x0, 0x3, 0xff, 0xc0, 0x0, 0x0,
    0x0, 0xbe, 0x99, 0xff, 0xf4, 0x0, 0x0, 0x0,
    0x3f, 0xff, 0xff, 0xf8, 0x0, 0x0, 0x0, 0x0,
    0x6c, 0xff, 0xc6, 0x0, 0x0, 0x0, 0x0,

    /* U+007A "z" */
    0xf, 0xff, 0xff, 0xff, 0xff, 0xfc, 0xf, 0xff,
    0xff, 0xff, 0xff, 0xfc, 0x6, 0x66, 0x66, 0x69,
    0xff, 0xf4, 0x0, 0x0, 0x0, 0x1d, 0xff, 0x70,
    0x0, 0x0, 0x0, 0xbf, 0xfa, 0x0, 0x0, 0x0,
    0x8, 0xff, 0xc0, 0x0, 0x0, 0x0, 0x5f, 0xfe,
    0x10, 0x0, 0x0, 0x3, 0xff, 0xf3, 0x0, 0x0,
    0x0, 0x1e, 0xff, 0x60, 0x0, 0x0, 0x0, 0xcf,
    0xf9, 0x0, 0x0, 0x0, 0x9, 0xff, 0xf6, 0x66,
    0x66, 0x66, 0x1f, 0xff, 0xff, 0xff, 0xff, 0xff,
    0x1f, 0xff, 0xff, 0xff, 0xff, 0xff,

    /* U+007B "{" */
    0x0, 0x3, 0xbe, 0xf7, 0x0, 0x2f, 0xff, 0xf7,
    0x0, 0x9f, 0xfe, 0x73, 0x0, 0xcf, 0xf5, 0x0,
    0x0, 0xcf, 0xf3, 0x0, 0x0, 0xdf, 0xf3, 0x0,
    0x0, 0xdf, 0xf3, 0x0, 0x0, 0xdf, 0xf3, 0x0,
    0x0, 0xdf, 0xf3, 0x0, 0x0, 0xdf, 0xf2, 0x0,
    0x49, 0xff, 0xf0, 0x0, 0xbf, 0xff, 0x50, 0x0,
    0xbf, 0xff, 0xc0, 0x0, 0x1, 0xff, 0xf1, 0x0,
    0x0, 0xdf, 0xf2, 0x0, 0x0, 0xdf, 0xf3, 0x0,
    0x0, 0xdf, 0xf3, 0x0, 0x0, 0xdf, 0xf3, 0x0,
    0x0, 0xdf, 0xf3, 0x0, 0x0, 0xcf, 0xf5, 0x0,
    0x0, 0x9f, 0xfe, 0x73, 0x0, 0x2f, 0xff, 0xf7,
    0x0, 0x2, 0xbe, 0xf7,

    /* U+007C "|" */
    0xcf, 0xf0, 0xcf, 0xf0, 0xcf, 0xf0, 0xcf, 0xf0,
    0xcf, 0xf0, 0xcf, 0xf0, 0xcf, 0xf0, 0xcf, 0xf0,
    0xcf, 0xf0, 0xcf, 0xf0, 0xcf, 0xf0, 0xcf, 0xf0,
    0xcf, 0xf0, 0xcf, 0xf0, 0xcf, 0xf0, 0xcf, 0xf0,
    0xcf, 0xf0, 0xcf, 0xf0, 0xcf, 0xf0, 0xcf, 0xf0,
    0xcf, 0xf0, 0xcf, 0xf0, 0xcf, 0xf0,

    /* U+007D "}" */
    0x9f, 0xea, 0x20, 0x0, 0x9f, 0xff, 0xe1, 0x0,
    0x38, 0xff, 0xf7, 0x0, 0x0, 0x7f, 0xfa, 0x0,
    0x0, 0x4f, 0xfb, 0x0, 0x0, 0x4f, 0xfb, 0x0,
    0x0, 0x4f, 0xfb, 0x0, 0x0, 0x4f, 0xfb, 0x0,
    0x0, 0x4f, 0xfb, 0x0, 0x0, 0x4f, 0xfc, 0x0,
    0x0, 0x1f, 0xff, 0x84, 0x0, 0x6, 0xff, 0xf9,
    0x0, 0xd, 0xff, 0xf9, 0x0, 0x3f, 0xfe, 0x10,
    0x0, 0x4f, 0xfb, 0x0, 0x0, 0x4f, 0xfb, 0x0,
    0x0, 0x4f, 0xfb, 0x0, 0x0, 0x4f, 0xfb, 0x0,
    0x0, 0x4f, 0xfb, 0x0, 0x0, 0x7f, 0xfb, 0x0,
    0x38, 0xff, 0xf8, 0x0, 0x9f, 0xff, 0xe1, 0x0,
    0x9f, 0xea, 0x20, 0x0,

    /* U+007E "~" */
    0x0, 0x3, 0x20, 0x0, 0x0, 0x43, 0x6, 0xff,
    0xfb, 0x20, 0x2, 0xfc, 0x2f, 0xff, 0xff, 0xf7,
    0x4c, 0xfa, 0x8f, 0xc1, 0x3c, 0xff, 0xff, 0xf3,
    0xaf, 0x40, 0x0, 0x6d, 0xfd, 0x40,

    /* U+00B7 "·" */
    0x3, 0xaa, 0x30, 0x3f, 0xff, 0xf3, 0xaf, 0xff,
    0xfa, 0xbf, 0xff, 0xfb, 0x6f, 0xff, 0xf6, 0x7,
    0xee, 0x70,

    /* U+2014 "—" */
    0xce, 0xee, 0xee, 0xee, 0xee, 0xee, 0xee, 0xee,
    0xee, 0xe6, 0xdf, 0xff, 0xff, 0xff, 0xff, 0xff,
    0xff, 0xff, 0xff, 0xf7,

    /* U+21BA "↺" */
    0x0, 0x0, 0x0, 0xc, 0xff, 0xff, 0x60, 0x0,
    0x0, 0x1, 0xff, 0xf8, 0x83, 0xb, 0x60, 0x0,
    0x1f, 0xff, 0x90, 0x5, 0xfd, 0x0, 0x1, 0xf7,
    0xef, 0x30, 0xbf, 0x50, 0x0, 0x1f, 0x66, 0xf9,
    0xe, 0xf0, 0x0, 0x0, 0x93, 0x1f, 0xc0, 0xef,
    0x0, 0x0, 0x0, 0x1, 0xfc, 0xc, 0xf4, 0x0,
    0x0, 0x0, 0x5f, 0xa0, 0x6f, 0xc0, 0x0, 0x0,
    0xd, 0xf4, 0x0, 0xdf, 0xd3, 0x0, 0x4d, 0xfb,
    0x0, 0x1, 0xdf, 0xff, 0xff, 0xfb, 0x0, 0x0,
    0x0, 0x7c, 0xff, 0xc6, 0x0, 0x0,

    /* U+2263 "≣" */
    0xef, 0xff, 0xff, 0xff, 0xff, 0xff, 0x6f, 0xff,
    0xff, 0xff, 0xff, 0xff, 0xf6, 0x0, 0x0, 0x0,
    0x0, 0x0, 0x0, 0x0, 0x0, 0x0, 0x0, 0x0,
    0x0, 0x0, 0xbc, 0xcc, 0xcc, 0xcc, 0xcc, 0xcc,
    0x5f, 0xff, 0xff, 0xff, 0xff, 0xff, 0xf6, 0x34,
    0x44, 0x44, 0x44, 0x44, 0x44, 0x10, 0x0, 0x0,
    0x0, 0x0, 0x0, 0x0, 0x1, 0x11, 0x11, 0x11,
    0x11, 0x11, 0xf, 0xff, 0xff, 0xff, 0xff, 0xff,
    0xf6, 0xef, 0xff, 0xff, 0xff, 0xff, 0xff, 0x60,
    0x0, 0x0, 0x0, 0x0, 0x0, 0x0, 0x0, 0x0,
    0x0, 0x0, 0x0, 0x0, 0xf, 0xff, 0xff, 0xff,
    0xff, 0xff, 0xf6, 0xff, 0xff, 0xff, 0xff, 0xff,
    0xff, 0x60,

    /* U+2302 "⌂" */
    0x0, 0x0, 0x0, 0x10, 0x0, 0x0, 0x0, 0x0,
    0x5, 0xe1, 0x0, 0x0, 0x0, 0x0, 0x3f, 0xfc,
    0x0, 0x0, 0x0, 0x1, 0xed, 0x6f, 0xa0, 0x0,
    0x0, 0xc, 0xf2, 0x7, 0xf7, 0x0, 0x0, 0xaf,
    0x40, 0x0, 0xaf, 0x50, 0x8, 0xf7, 0x0, 0x0,
    0xc, 0xf3, 0x3f, 0x90, 0x0, 0x0, 0x1, 0xed,
    0x4f, 0x20, 0x0, 0x0, 0x0, 0x8e, 0x4f, 0x20,
    0x0, 0x0, 0x0, 0x8e, 0x4f, 0x20, 0x0, 0x0,
    0x0, 0x8e, 0x4f, 0x20, 0x0, 0x0, 0x0, 0x8e,
    0x4f, 0x20, 0x0, 0x0, 0x0, 0x8e, 0x4f, 0x87,
    0x77, 0x77, 0x77, 0xbe, 0x4f, 0xff, 0xff, 0xff,
    0xff, 0xfe,

    /* U+2315 "⌕" */
    0x0, 0x0, 0x3b, 0xee, 0x91, 0x0, 0x0, 0x5,
    0xff, 0xbc, 0xfe, 0x20, 0x0, 0xe, 0xd1, 0x0,
    0x3f, 0xc0, 0x0, 0x5f, 0x50, 0x0, 0x8, 0xf1,
    0x0, 0x6f, 0x20, 0x0, 0x5, 0xf3, 0x0, 0x4f,
    0x60, 0x0, 0x9, 0xf1, 0x0, 0xd, 0xe4, 0x0,
    0x6f, 0xa0, 0x0, 0x3f, 0xff, 0xef, 0xfc, 0x10,
    0x3, 0xfa, 0x17, 0xaa, 0x60, 0x0, 0xc, 0xa0,
    0x0, 0x0, 0x0, 0x0, 0x1, 0x0, 0x0, 0x0,
    0x0, 0x0,

    /* U+23ED "⏭" */
    0x40, 0x0, 0x0, 0x0, 0x31, 0x0, 0x0, 0x0,
    0x3c, 0xc9, 0x8c, 0x10, 0x0, 0x0, 0x7d, 0x10,
    0x0, 0x0, 0x4f, 0xfd, 0x8f, 0xd2, 0x0, 0x0,
    0x7f, 0xe2, 0x0, 0x0, 0x4f, 0xfd, 0x8f, 0xfe,
    0x30, 0x0, 0x7f, 0xfe, 0x30, 0x0, 0x4f, 0xfd,
    0x8f, 0xff, 0xf4, 0x0, 0x7f, 0xff, 0xf4, 0x0,
    0x4f, 0xfd, 0x8f, 0xff, 0xff, 0x50, 0x7f, 0xff,
    0xff, 0x60, 0x4f, 0xfd, 0x8f, 0xff, 0xff, 0xf5,
    0x7f, 0xff, 0xff, 0xf5, 0x4f, 0xfd, 0x8f, 0xff,
    0xff, 0xa0, 0x7f, 0xff, 0xff, 0xa0, 0x4f, 0xfd,
    0x8f, 0xff, 0xf8, 0x0, 0x7f, 0xff, 0xf9, 0x0,
    0x4f, 0xfd, 0x8f, 0xff, 0x70, 0x0, 0x7f, 0xff,
    0x80, 0x0, 0x4f, 0xfd, 0x8f, 0xf5, 0x0, 0x0,
    0x7f, 0xf6, 0x0, 0x0, 0x4f, 0xfd, 0x8f, 0x40,
    0x0, 0x0, 0x7f, 0x50, 0x0, 0x0, 0x4f, 0xfd,
    0x73, 0x0, 0x0, 0x0, 0x64, 0x0, 0x0, 0x0,
    0x4f, 0xfd, 0x0, 0x0, 0x0, 0x0, 0x0, 0x0,
    0x0, 0x0, 0x1, 0x11,

    /* U+23EE "⏮" */
    0xbc, 0xc2, 0x0, 0x0, 0x0, 0x13, 0x0, 0x0,
    0x0, 0x13, 0xef, 0xf2, 0x0, 0x0, 0x2, 0xe5,
    0x0, 0x0, 0x2, 0xd6, 0xef, 0xf2, 0x0, 0x0,
    0x3e, 0xf5, 0x0, 0x0, 0x3e, 0xf6, 0xef, 0xf2,
    0x0, 0x5, 0xff, 0xf5, 0x0, 0x4, 0xff, 0xf6,
    0xef, 0xf2, 0x0, 0x6f, 0xff, 0xf5, 0x0, 0x5f,
    0xff, 0xf6, 0xef, 0xf2, 0x7, 0xff, 0xff, 0xf5,
    0x7, 0xff, 0xff, 0xf6, 0xef, 0xf2, 0x7f, 0xff,
    0xff, 0xf5, 0x6f, 0xff, 0xff, 0xf6, 0xef, 0xf2,
    0xc, 0xff, 0xff, 0xf5, 0xb, 0xff, 0xff, 0xf6,
    0xef, 0xf2, 0x0, 0xaf, 0xff, 0xf5, 0x0, 0xaf,
    0xff, 0xf6, 0xef, 0xf2, 0x0, 0x9, 0xff, 0xf5,
    0x0, 0x8, 0xff, 0xf6, 0xef, 0xf2, 0x0, 0x0,
    0x8f, 0xf5, 0x0, 0x0, 0x7f, 0xf6, 0xef, 0xf2,
    0x0, 0x0, 0x6, 0xf5, 0x0, 0x0, 0x5, 0xf6,
    0xef, 0xf2, 0x0, 0x0, 0x0, 0x54, 0x0, 0x0,
    0x0, 0x46, 0x11, 0x10, 0x0, 0x0, 0x0, 0x0,
    0x0, 0x0, 0x0, 0x0,

    /* U+25B6 "▶" */
    0x20, 0x0, 0x0, 0x0, 0x0, 0x0, 0x0, 0xe,
    0xa2, 0x0, 0x0, 0x0, 0x0, 0x0, 0x0, 0xef,
    0xfa, 0x20, 0x0, 0x0, 0x0, 0x0, 0xe, 0xff,
    0xff, 0xa2, 0x0, 0x0, 0x0, 0x0, 0xef, 0xff,
    0xff, 0xfa, 0x20, 0x0, 0x0, 0xe, 0xff, 0xff,
    0xff, 0xff, 0xa2, 0x0, 0x0, 0xef, 0xff, 0xff,
    0xff, 0xff, 0xfa, 0x20, 0xe, 0xff, 0xff, 0xff,
    0xff, 0xff, 0xff, 0xa1, 0xef, 0xff, 0xff, 0xff,
    0xff, 0xff, 0xb3, 0xe, 0xff, 0xff, 0xff, 0xff,
    0xfb, 0x30, 0x0, 0xef, 0xff, 0xff, 0xff, 0xb3,
    0x0, 0x0, 0xe, 0xff, 0xff, 0xfb, 0x30, 0x0,
    0x0, 0x0, 0xef, 0xff, 0xb3, 0x0, 0x0, 0x0,
    0x0, 0xe, 0xfb, 0x30, 0x0, 0x0, 0x0, 0x0,
    0x0, 0xa3, 0x0, 0x0, 0x0, 0x0, 0x0, 0x0,
    0x0,

    /* U+25C9 "◉" */
    0x0, 0x0, 0x3, 0x66, 0x40, 0x0, 0x0, 0x0,
    0x0, 0x4d, 0xff, 0xff, 0xf9, 0x0, 0x0, 0x0,
    0x9f, 0xc5, 0x10, 0x29, 0xfd, 0x20, 0x0, 0x8f,
    0x71, 0x8d, 0xda, 0x32, 0xde, 0x10, 0x2f, 0x82,
    0xef, 0xff, 0xff, 0x72, 0xe9, 0x9, 0xe0, 0xdf,
    0xff, 0xff, 0xff, 0x48, 0xf0, 0xca, 0x3f, 0xff,
    0xff, 0xff, 0xfb, 0x3f, 0x3e, 0x86, 0xff, 0xff,
    0xff, 0xff, 0xd1, 0xf5, 0xd9, 0x5f, 0xff, 0xff,
    0xff, 0xfc, 0x2f, 0x4b, 0xc1, 0xff, 0xff, 0xff,
    0xff, 0x85, 0xf2, 0x6f, 0x28, 0xff, 0xff, 0xff,
    0xe1, 0xbd, 0x0, 0xdd, 0x17, 0xff, 0xff, 0xc2,
    0x7f, 0x50, 0x3, 0xfd, 0x41, 0x56, 0x31, 0x9f,
    0x90, 0x0, 0x2, 0xdf, 0xc8, 0x8a, 0xff, 0x60,
    0x0, 0x0, 0x0, 0x5b, 0xef, 0xd8, 0x10, 0x0,
    0x0,

    /* U+25CC "◌" */
    0x0, 0x0, 0x1, 0x56, 0x40, 0x0, 0x0, 0x0,
    0x0, 0x20, 0x5f, 0xfc, 0x1, 0x0, 0x0, 0x0,
    0x9f, 0x20, 0x10, 0x10, 0xbe, 0x20, 0x0, 0x6f,
    0x70, 0x0, 0x0, 0x2, 0xdd, 0x0, 0x0, 0x30,
    0x0, 0x0, 0x0, 0x1, 0x20, 0x0, 0x0, 0x0,
    0x0, 0x0, 0x0, 0x0, 0x0, 0xb7, 0x0, 0x0,
    0x0, 0x0, 0x0, 0x1d, 0x3e, 0x80, 0x0, 0x0,
    0x0, 0x0, 0x1, 0xf5, 0xd9, 0x0, 0x0, 0x0,
    0x0, 0x0, 0x2f, 0x45, 0x20, 0x0, 0x0, 0x0,
    0x0, 0x0, 0x51, 0x0, 0x0, 0x0, 0x0, 0x0,
    0x0, 0x0, 0x0, 0x3b, 0x10, 0x0, 0x0, 0x0,
    0x78, 0x0, 0x3, 0xfd, 0x10, 0x0, 0x0, 0x8f,
    0x90, 0x0, 0x2, 0xb0, 0x28, 0x76, 0x7, 0x70,
    0x0, 0x0, 0x0, 0x5, 0xef, 0xb0, 0x0, 0x0,
    0x0,

    /* U+266A "♪" */
    0x0, 0x0, 0x3f, 0x10, 0x0, 0x0, 0x0, 0x3,
    0xfe, 0x71, 0x0, 0x0, 0x0, 0x3f, 0xff, 0xf9,
    0x0, 0x0, 0x3, 0xe1, 0x7d, 0xf9, 0x0, 0x0,
    0x3e, 0x0, 0x9, 0xb0, 0x0, 0x3, 0xe0, 0x0,
    0x66, 0x0, 0x0, 0x3e, 0x0, 0x7, 0x0, 0x0,
    0x3, 0xe0, 0x0, 0x0, 0x0, 0x0, 0x3e, 0x0,
    0x0, 0x0, 0x0, 0x3, 0xe0, 0x0, 0x0, 0x0,
    0x0, 0x3e, 0x0, 0x0, 0x0, 0x0, 0x3, 0xe0,
    0x0, 0x0, 0x0, 0x0, 0x3e, 0x0, 0x0, 0x3,
    0xbe, 0xc9, 0xe0, 0x0, 0x0, 0xcf, 0xff, 0xfd,
    0x0, 0x0, 0xa, 0xff, 0xff, 0x80, 0x0, 0x0,
    0x6, 0x99, 0x40, 0x0, 0x0, 0x0,

    /* U+266B "♫" */
    0x0, 0x0, 0xa9, 0x40, 0x0, 0x0, 0x0, 0x0,
    0xcf, 0xff, 0xb6, 0x20, 0x0, 0x0, 0xcd, 0xff,
    0xff, 0xfd, 0x0, 0x0, 0xc1, 0x16, 0xbf, 0xff,
    0x0, 0x0, 0xc1, 0x0, 0x0, 0x5e, 0x0, 0x0,
    0xc1, 0x0, 0x0, 0xd, 0x0, 0x0, 0xc1, 0x0,
    0x0, 0xd, 0x0, 0x0, 0xc1, 0x0, 0x0, 0xd,
    0x0, 0x0, 0xc1, 0x0, 0x0, 0xd, 0x0, 0x0,
    0xc1, 0x0, 0x0, 0xd, 0x0, 0x0, 0xc1, 0x0,
    0x0, 0xd, 0x0, 0x0, 0xc1, 0x0, 0x0, 0xd,
    0x0, 0x0, 0xc1, 0x0, 0x0, 0xd, 0x3b, 0xe9,
    0xd1, 0x0, 0x0, 0xd, 0xef, 0xff, 0xf1, 0x0,
    0x0, 0xd, 0xdf, 0xff, 0xc0, 0x2, 0x89, 0x5d,
    0x28, 0xa7, 0x0, 0xe, 0xff, 0xff, 0x0, 0x0,
    0x0, 0xf, 0xff, 0xfc, 0x0, 0x0, 0x0, 0x5,
    0xce, 0xa2,

    /* U+2699 "⚙" */
    0x0, 0x0, 0x0, 0x23, 0x0, 0x0, 0x0, 0x0,
    0x0, 0x10, 0xb, 0xf3, 0x1, 0x0, 0x0, 0x0,
    0x4f, 0x98, 0xff, 0xb6, 0xea, 0x0, 0x0, 0x4,
    0xff, 0xfe, 0xdf, 0xff, 0xb0, 0x0, 0x1, 0x6f,
    0xc2, 0x0, 0x7, 0xfd, 0x11, 0x5, 0xff, 0xd0,
    0x0, 0x0, 0x6, 0xff, 0xc0, 0x5f, 0xf4, 0x0,
    0x9c, 0x30, 0xd, 0xfb, 0x0, 0x8f, 0x10, 0x4f,
    0xfb, 0x0, 0xaf, 0x0, 0x1c, 0xf1, 0x1, 0xef,
    0x70, 0xa, 0xf5, 0x7, 0xff, 0x60, 0x1, 0x20,
    0x0, 0xef, 0xe0, 0x2a, 0xde, 0x20, 0x0, 0x0,
    0xaf, 0xa7, 0x0, 0x3, 0xfe, 0x72, 0x14, 0xcf,
    0xa0, 0x0, 0x0, 0x6f, 0xff, 0xff, 0xff, 0xfd,
    0x0, 0x0, 0x2, 0xc5, 0x4e, 0xf8, 0x2b, 0x60,
    0x0, 0x0, 0x0, 0x0, 0xaf, 0x20, 0x0, 0x0,
    0x0,

    /* U+3001 "、" */
    0x2, 0x30, 0x0, 0x0, 0x3e, 0xf4, 0x0, 0x0,
    0x7f, 0xff, 0x50, 0x0, 0x6, 0xff, 0xf5, 0x0,
    0x0, 0x5f, 0xff, 0x40, 0x0, 0x6, 0xff, 0xf2,
    0x0, 0x0, 0x8f, 0x80, 0x0, 0x0, 0x3, 0x0,

    /* U+3002 "。" */
    0x0, 0x2a, 0xdb, 0x50, 0x0, 0x2f, 0xe9, 0xcf,
    0x60, 0xb, 0xd1, 0x0, 0x9f, 0x10, 0xf7, 0x0,
    0x2, 0xf4, 0xf, 0x70, 0x0, 0x2f, 0x50, 0xcd,
    0x0, 0x8, 0xf1, 0x3, 0xfd, 0x7a, 0xf8, 0x0,
    0x3, 0xbf, 0xd6, 0x0,

    /* U+4E00 "一" */
    0x67, 0x77, 0x77, 0x77, 0x77, 0x77, 0x77, 0x77,
    0x77, 0x77, 0x77, 0xdf, 0xff, 0xff, 0xff, 0xff,
    0xff, 0xff, 0xff, 0xff, 0xff, 0xff, 0xdf, 0xff,
    0xff, 0xff, 0xff, 0xff, 0xff, 0xff, 0xff, 0xff,
    0xfe,

    /* U+4E0A "上" */
    0x0, 0x0, 0x0, 0x0, 0x8, 0x94, 0x0, 0x0,
    0x0, 0x0, 0x0, 0x0, 0x0, 0x0, 0x0, 0xd,
    0xf7, 0x0, 0x0, 0x0, 0x0, 0x0, 0x0, 0x0,
    0x0, 0x0, 0xd, 0xf7, 0x0, 0x0, 0x0, 0x0,
    0x0, 0x0, 0x0, 0x0, 0x0, 0xd, 0xf7, 0x0,
    0x0, 0x0, 0x0, 0x0, 0x0, 0x0, 0x0, 0x0,
    0xd, 0xf7, 0x0, 0x0, 0x0, 0x0, 0x0, 0x0,
    0x0, 0x0, 0x0, 0xd, 0xf7, 0x0, 0x0, 0x0,
    0x0, 0x0, 0x0, 0x0, 0x0, 0x0, 0xd, 0xf7,
    0x0, 0x0, 0x0, 0x0, 0x0, 0x0, 0x0, 0x0,
    0x0, 0xd, 0xff, 0xee, 0xee, 0xee, 0xee, 0x10,
    0x0, 0x0, 0x0, 0x0, 0xd, 0xff, 0xff, 0xff,
    0xff, 0xff, 0x10, 0x0, 0x0, 0x0, 0x0, 0xd,
    0xfa, 0x55, 0x55, 0x55, 0x55, 0x0, 0x0, 0x0,
    0x0, 0x0, 0xd, 0xf7, 0x0, 0x0, 0x0, 0x0,
    0x0, 0x0, 0x0, 0x0, 0x0, 0xd, 0xf7, 0x0,
    0x0, 0x0, 0x0, 0x0, 0x0, 0x0, 0x0, 0x0,
    0xd, 0xf7, 0x0, 0x0, 0x0, 0x0, 0x0, 0x0,
    0x0, 0x0, 0x0, 0xd, 0xf7, 0x0, 0x0, 0x0,
    0x0, 0x0, 0x0, 0x0, 0x0, 0x0, 0xd, 0xf7,
    0x0, 0x0, 0x0, 0x0, 0x0, 0x0, 0x0, 0x0,
    0x0, 0xd, 0xf7, 0x0, 0x0, 0x0, 0x0, 0x0,
    0x0, 0x0, 0x0, 0x0, 0xd, 0xf7, 0x0, 0x0,
    0x0, 0x0, 0x0, 0x0, 0x0, 0x0, 0x0, 0xd,
    0xf7, 0x0, 0x0, 0x0, 0x0, 0x0, 0x24, 0x44,
    0x44, 0x44, 0x4e, 0xfa, 0x44, 0x44, 0x44, 0x44,
    0x44, 0x8f, 0xff, 0xff, 0xff, 0xff, 0xff, 0xff,
    0xff, 0xff, 0xff, 0xfe, 0x8f, 0xff, 0xff, 0xff,
    0xff, 0xff, 0xff, 0xff, 0xff, 0xff, 0xfe,

    /* U+4E0B "下" */
    0x15, 0x55, 0x55, 0x55, 0x55, 0x55, 0x55, 0x55,
    0x55, 0x55, 0x54, 0x5f, 0xff, 0xff, 0xff, 0xff,
    0xff, 0xff, 0xff, 0xff, 0xff, 0xfd, 0x5f, 0xff,
    0xff, 0xff, 0xff, 0xff, 0xff, 0xff, 0xff, 0xff,
    0xfc, 0x0, 0x0, 0x0, 0x0, 0x7, 0xfe, 0x0,
    0x0, 0x0, 0x0, 0x0, 0x0, 0x0, 0x0, 0x0,
    0x7, 0xfe, 0x0, 0x0, 0x0, 0x0, 0x0, 0x0,
    0x0, 0x0, 0x0, 0x7, 0xfe, 0x0, 0x0, 0x0,
    0x0, 0x0, 0x0, 0x0, 0x0, 0x0, 0x7, 0xfe,
    0x40, 0x0, 0x0, 0x0, 0x0, 0x0, 0x0, 0x0,
    0x0, 0x7, 0xff, 0xfc, 0x40, 0x0, 0x0, 0x0,
    0x0, 0x0, 0x0, 0x0, 0x7, 0xff, 0xff, 0xfb,
    0x30, 0x0, 0x0, 0x0, 0x0, 0x0, 0x0, 0x7,
    0xfe, 0x3c, 0xff, 0xfa, 0x10, 0x0, 0x0, 0x0,
    0x0, 0x0, 0x7, 0xfe, 0x0, 0x6e, 0xff, 0xe5,
    0x0, 0x0, 0x0, 0x0, 0x0, 0x7, 0xfe, 0x0,
    0x1, 0xaf, 0xff, 0x60, 0x0, 0x0, 0x0, 0x0,
    0x7, 0xfe, 0x0, 0x0, 0x5, 0xfc, 0x0, 0x0,
    0x0, 0x0, 0x0, 0x7, 0xfe, 0x0, 0x0, 0x0,
    0x21, 0x0, 0x0, 0x0, 0x0, 0x0, 0x7, 0xfe,
    0x0, 0x0, 0x0, 0x0, 0x0, 0x0, 0x0, 0x0,
    0x0, 0x7, 0xfe, 0x0, 0x0, 0x0, 0x0, 0x0,
    0x0, 0x0, 0x0, 0x0, 0x7, 0xfe, 0x0, 0x0,
    0x0, 0x0, 0x0, 0x0, 0x0, 0x0, 0x0, 0x7,
    0xfe, 0x0, 0x0, 0x0, 0x0, 0x0, 0x0, 0x0,
    0x0, 0x0, 0x7, 0xfe, 0x0, 0x0, 0x0, 0x0,
    0x0, 0x0, 0x0, 0x0, 0x0, 0x7, 0xfe, 0x0,
    0x0, 0x0, 0x0, 0x0, 0x0, 0x0, 0x0, 0x0,
    0x7, 0xfe, 0x0, 0x0, 0x0, 0x0, 0x0,

    /* U+4E0D "不" */
    0x5, 0x55, 0x55, 0x55, 0x55, 0x55, 0x55, 0x55,
    0x55, 0x55, 0x52, 0x1, 0xff, 0xff, 0xff, 0xff,
    0xff, 0xff, 0xff, 0xff, 0xff, 0xff, 0x70, 0x1f,
    0xff, 0xff, 0xff, 0xff, 0xff, 0xff, 0xff, 0xff,
    0xff, 0xf6, 0x0, 0x0, 0x0, 0x0, 0x0, 0x5,
    0xff, 0x90, 0x0, 0x0, 0x0, 0x0, 0x0, 0x0,
    0x0, 0x0, 0x1, 0xef, 0xe1, 0x0, 0x0, 0x0,
    0x0, 0x0, 0x0, 0x0, 0x0, 0x0, 0xbf, 0xf7,
    0x0, 0x0, 0x0, 0x0, 0x0, 0x0, 0x0, 0x0,
    0x0, 0x9f, 0xff, 0x60, 0x20, 0x0, 0x0, 0x0,
    0x0, 0x0, 0x0, 0x0, 0x8f, 0xff, 0xf7, 0xcf,
    0x70, 0x0, 0x0, 0x0, 0x0, 0x0, 0x0, 0x7f,
    0xfd, 0xff, 0x8c, 0xff, 0xb1, 0x0, 0x0, 0x0,
    0x0, 0x0, 0xaf, 0xfc, 0x1f, 0xf6, 0x9, 0xff,
    0xe4, 0x0, 0x0, 0x0, 0x1, 0xcf, 0xfb, 0x0,
    0xff, 0x60, 0x5, 0xff, 0xf7, 0x0, 0x0, 0x6,
    0xff, 0xfb, 0x0, 0xf, 0xf6, 0x0, 0x2, 0xdf,
    0xfa, 0x0, 0x3d, 0xff, 0xf7, 0x0, 0x0, 0xff,
    0x60, 0x0, 0x1, 0xcf, 0xfb, 0x4, 0xff, 0xc2,
    0x0, 0x0, 0xf, 0xf6, 0x0, 0x0, 0x0, 0xbf,
    0x90, 0x7, 0x60, 0x0, 0x0, 0x0, 0xff, 0x60,
    0x0, 0x0, 0x0, 0x60, 0x0, 0x0, 0x0, 0x0,
    0x0, 0xf, 0xf6, 0x0, 0x0, 0x0, 0x0, 0x0,
    0x0, 0x0, 0x0, 0x0, 0x0, 0xff, 0x60, 0x0,
    0x0, 0x0, 0x0, 0x0, 0x0, 0x0, 0x0, 0x0,
    0xf, 0xf6, 0x0, 0x0, 0x0, 0x0, 0x0, 0x0,
    0x0, 0x0, 0x0, 0x0, 0xff, 0x60, 0x0, 0x0,
    0x0, 0x0, 0x0, 0x0, 0x0, 0x0, 0x0, 0xf,
    0xf6, 0x0, 0x0, 0x0, 0x0, 0x0, 0x0, 0x0,
    0x0, 0x0, 0x0, 0xff, 0x60, 0x0, 0x0, 0x0,
    0x0, 0x0,

    /* U+4E0E "与" */
    0x0, 0x0, 0x9, 0x82, 0x0, 0x0, 0x0, 0x0,
    0x0, 0x0, 0x0, 0x0, 0x2, 0xff, 0x20, 0x0,
    0x0, 0x0, 0x0, 0x0, 0x0, 0x0, 0x0, 0x5f,
    0xf0, 0x0, 0x0, 0x0, 0x0, 0x0, 0x0, 0x0,
    0x0, 0x8, 0xff, 0xff, 0xff, 0xff, 0xff, 0xff,
    0xff, 0xe0, 0x0, 0x0, 0xbf, 0xff, 0xff, 0xff,
    0xff, 0xff, 0xff, 0xfe, 0x0, 0x0, 0xe, 0xf7,
    0x11, 0x11, 0x11, 0x11, 0x11, 0x11, 0x10, 0x0,
    0x2, 0xff, 0x20, 0x0, 0x0, 0x0, 0x0, 0x0,
    0x0, 0x0, 0x0, 0x5f, 0xf0, 0x0, 0x0, 0x0,
    0x0, 0x0, 0x0, 0x0, 0x0, 0x9, 0xfc, 0x0,
    0x0, 0x0, 0x0, 0x0, 0x0, 0x0, 0x0, 0x0,
    0xdf, 0xff, 0xff, 0xff, 0xff, 0xff, 0xff, 0xff,
    0xf5, 0x0, 0x1f, 0xff, 0xff, 0xff, 0xff, 0xff,
    0xff, 0xff, 0xff, 0x30, 0x0, 0x0, 0x0, 0x0,
    0x0, 0x0, 0x0, 0x0, 0x3f, 0xf1, 0x0, 0x0,
    0x0, 0x0, 0x0, 0x0, 0x0, 0x0, 0x4, 0xff,
    0x0, 0x0, 0x0, 0x0, 0x0, 0x0, 0x0, 0x0,
    0x0, 0x6f, 0xe0, 0xbf, 0xff, 0xff, 0xff, 0xff,
    0xff, 0xff, 0xf1, 0x8, 0xfc, 0xb, 0xff, 0xff,
    0xff, 0xff, 0xff, 0xff, 0xff, 0x10, 0xaf, 0xa0,
    0x12, 0x22, 0x22, 0x22, 0x22, 0x22, 0x22, 0x20,
    0xd, 0xf7, 0x0, 0x0, 0x0, 0x0, 0x0, 0x0,
    0x0, 0x0, 0x1, 0xff, 0x40, 0x0, 0x0, 0x0,
    0x0, 0x0, 0x0, 0x0, 0x0, 0x6f, 0xf0, 0x0,
    0x0, 0x0, 0x0, 0x0, 0x3, 0x32, 0x21, 0x3e,
    0xfb, 0x0, 0x0, 0x0, 0x0, 0x0, 0x0, 0x6f,
    0xff, 0xff, 0xff, 0x30, 0x0, 0x0, 0x0, 0x0,
    0x0, 0x1, 0xef, 0xff, 0xfc, 0x40, 0x0, 0x0,
    0x0, 0x0, 0x0, 0x0, 0x0, 0x0, 0x0, 0x0,
    0x0, 0x0,

    /* U+4E13 "专" */
    0x0, 0x0, 0x0, 0x0, 0x25, 0x30, 0x0, 0x0,
    0x0, 0x0, 0x0, 0x0, 0x0, 0x0, 0x0, 0x8f,
    0xd0, 0x0, 0x0, 0x0, 0x0, 0x0, 0x0, 0x0,
    0x0, 0x0, 0xcf, 0x80, 0x0, 0x0, 0x0, 0x0,
    0x0, 0x0, 0xce, 0xee, 0xee, 0xff, 0xfe, 0xee,
    0xee, 0xee, 0xe5, 0x0, 0x0, 0xdf, 0xff, 0xff,
    0xff, 0xff, 0xff, 0xff, 0xff, 0xf6, 0x0, 0x0,
    0x33, 0x33, 0x3b, 0xfc, 0x33, 0x33, 0x33, 0x33,
    0x31, 0x0, 0x0, 0x0, 0x0, 0xe, 0xf6, 0x0,
    0x0, 0x0, 0x0, 0x0, 0x0, 0x1, 0x11, 0x11,
    0x3f, 0xf3, 0x11, 0x11, 0x11, 0x11, 0x11, 0x10,
    0xcf, 0xff, 0xff, 0xff, 0xff, 0xff, 0xff, 0xff,
    0xff, 0xff, 0xf1, 0xcf, 0xff, 0xff, 0xff, 0xff,
    0xff, 0xff, 0xff, 0xff, 0xff, 0xf1, 0x1, 0x11,
    0x12, 0xff, 0x41, 0x11, 0x11, 0x11, 0x11, 0x11,
    0x10, 0x0, 0x0, 0x6, 0xff, 0x0, 0x0, 0x0,
    0x0, 0x0, 0x0, 0x0, 0x0, 0x0, 0xb, 0xfc,
    0x55, 0x55, 0x55, 0x55, 0x55, 0x20, 0x0, 0x0,
    0x0, 0x1f, 0xff, 0xff, 0xff, 0xff, 0xff, 0xff,
    0xf4, 0x0, 0x0, 0x0, 0x4c, 0xcc, 0xcc, 0xcc,
    0xcc, 0xce, 0xff, 0xa0, 0x0, 0x0, 0x0, 0x0,
    0x0, 0x0, 0x0, 0x0, 0x6f, 0xfb, 0x0, 0x0,
    0x0, 0x0, 0x0, 0x0, 0x0, 0x0, 0x6, 0xff,
    0xb0, 0x0, 0x0, 0x0, 0x0, 0x2, 0xb6, 0x20,
    0x0, 0x6f, 0xfb, 0x0, 0x0, 0x0, 0x0, 0x0,
    0xc, 0xff, 0xfd, 0x88, 0xff, 0xb0, 0x0, 0x0,
    0x0, 0x0, 0x0, 0x0, 0x49, 0xef, 0xff, 0xfe,
    0x10, 0x0, 0x0, 0x0, 0x0, 0x0, 0x0, 0x0,
    0x5, 0xbf, 0xff, 0xf9, 0x10, 0x0, 0x0, 0x0,
    0x0, 0x0, 0x0, 0x0, 0x1, 0x8e, 0xff, 0xe0,
    0x0, 0x0, 0x0, 0x0, 0x0, 0x0, 0x0, 0x0,
    0x0, 0x7e, 0x60, 0x0, 0x0, 0x0, 0x0, 0x0,
    0x0, 0x0, 0x0, 0x0, 0x0, 0x0, 0x0, 0x0,

    /* U+4E1C "东" */
    0x0, 0x0, 0x0, 0x0, 0x1, 0x0, 0x0, 0x0,
    0x0, 0x0, 0x0, 0x0, 0x0, 0x0, 0x0, 0x6f,
    0xb2, 0x0, 0x0, 0x0, 0x0, 0x0, 0x0, 0x0,
    0x0, 0x0, 0xdf, 0xe0, 0x0, 0x0, 0x0, 0x0,
    0x0, 0x0, 0x0, 0x0, 0x5, 0xff, 0x70, 0x0,
    0x0, 0x0, 0x0, 0x0, 0x1f, 0xff, 0xff, 0xff,
    0xff, 0xff, 0xff, 0xff, 0xff, 0xff, 0xf0, 0x1f,
    0xff, 0xff, 0xff, 0xff, 0xff, 0xff, 0xff, 0xff,
    0xff, 0xf0, 0x1, 0x11, 0x12, 0xef, 0xc2, 0x11,
    0x11, 0x11, 0x11, 0x11, 0x10, 0x0, 0x0, 0x8,
    0xff, 0x20, 0x1, 0x10, 0x0, 0x0, 0x0, 0x0,
    0x0, 0x0, 0x3f, 0xf7, 0x0, 0xf, 0xf3, 0x0,
    0x0, 0x0, 0x0, 0x0, 0x1, 0xdf, 0xc0, 0x0,
    0xf, 0xf3, 0x0, 0x0, 0x0, 0x0, 0x0, 0x1b,
    0xff, 0x52, 0x22, 0x2f, 0xf5, 0x22, 0x22, 0x22,
    0x0, 0x0, 0x6f, 0xff, 0xff, 0xff, 0xff, 0xff,
    0xff, 0xff, 0xff, 0x0, 0x0, 0x1f, 0xff, 0xff,
    0xff, 0xff, 0xff, 0xff, 0xff, 0xff, 0x0, 0x0,
    0x3, 0x10, 0x0, 0x0, 0xf, 0xf4, 0x0, 0x0,
    0x0, 0x0, 0x0, 0x0, 0x0, 0x0, 0x0, 0xf,
    0xf3, 0x0, 0x0, 0x0, 0x0, 0x0, 0x0, 0x6f,
    0xc0, 0x0, 0xf, 0xf3, 0x8, 0xf6, 0x0, 0x0,
    0x0, 0x0, 0xef, 0x90, 0x0, 0xf, 0xf3, 0x7,
    0xff, 0x40, 0x0, 0x0, 0x8, 0xff, 0x10, 0x0,
    0xf, 0xf3, 0x0, 0x9f, 0xf3, 0x0, 0x0, 0x3f,
    0xf8, 0x0, 0x0, 0xf, 0xf3, 0x0, 0xc, 0xfe,
    0x10, 0x2, 0xef, 0xd0, 0x0, 0x0, 0xf, 0xf3,
    0x0, 0x1, 0xef, 0xb0, 0x1d, 0xff, 0x30, 0x1,
    0x33, 0x4f, 0xf3, 0x0, 0x0, 0x4f, 0xf5, 0x7,
    0xf5, 0x0, 0x3, 0xff, 0xff, 0xf0, 0x0, 0x0,
    0xa, 0x81, 0x0, 0x10, 0x0, 0x0, 0xdf, 0xeb,
    0x40, 0x0, 0x0, 0x0, 0x0, 0x0, 0x0, 0x0,
    0x0, 0x0, 0x0, 0x0, 0x0, 0x0, 0x0, 0x0,

    /* U+4E2A "个" */
    0x0, 0x0, 0x0, 0x0, 0x0, 0x0, 0x0, 0x0,
    0x0, 0x0, 0x0, 0x0, 0x0, 0x0, 0x0, 0x0,
    0x0, 0x5, 0xd5, 0x0, 0x0, 0x0, 0x0, 0x0,
    0x0, 0x0, 0x0, 0x0, 0x0, 0x2e, 0xfb, 0x0,
    0x0, 0x0, 0x0, 0x0, 0x0, 0x0, 0x0, 0x0,
    0x0, 0xcf, 0xfc, 0x10, 0x0, 0x0, 0x0, 0x0,
    0x0, 0x0, 0x0, 0x0, 0xb, 0xff, 0xff, 0xc1,
    0x0, 0x0, 0x0, 0x0, 0x0, 0x0, 0x0, 0x1,
    0xcf, 0xf6, 0x4f, 0xfd, 0x20, 0x0, 0x0, 0x0,
    0x0, 0x0, 0x0, 0x2d, 0xff, 0x70, 0x4, 0xff,
    0xe4, 0x0, 0x0, 0x0, 0x0, 0x0, 0x7, 0xff,
    0xf7, 0x0, 0x0, 0x4f, 0xff, 0x80, 0x0, 0x0,
    0x0, 0x3, 0xcf, 0xff, 0x40, 0x1a, 0xa1, 0x2,
    0xdf, 0xfd, 0x40, 0x0, 0x4, 0xcf, 0xff, 0xc2,
    0x0, 0x2f, 0xf1, 0x0, 0x1a, 0xff, 0xfc, 0x40,
    0xc, 0xff, 0xf7, 0x0, 0x0, 0x2f, 0xf1, 0x0,
    0x0, 0x5e, 0xff, 0xd0, 0x1, 0xe9, 0x10, 0x0,
    0x0, 0x2f, 0xf1, 0x0, 0x0, 0x1, 0x9e, 0x10,
    0x0, 0x0, 0x0, 0x0, 0x0, 0x2f, 0xf1, 0x0,
    0x0, 0x0, 0x0, 0x0, 0x0, 0x0, 0x0, 0x0,
    0x0, 0x2f, 0xf1, 0x0, 0x0, 0x0, 0x0, 0x0,
    0x0, 0x0, 0x0, 0x0, 0x0, 0x2f, 0xf1, 0x0,
    0x0, 0x0, 0x0, 0x0, 0x0, 0x0, 0x0, 0x0,
    0x0, 0x2f, 0xf1, 0x0, 0x0, 0x0, 0x0, 0x0,
    0x0, 0x0, 0x0, 0x0, 0x0, 0x2f, 0xf1, 0x0,
    0x0, 0x0, 0x0, 0x0, 0x0, 0x0, 0x0, 0x0,
    0x0, 0x2f, 0xf1, 0x0, 0x0, 0x0, 0x0, 0x0,
    0x0, 0x0, 0x0, 0x0, 0x0, 0x2f, 0xf1, 0x0,
    0x0, 0x0, 0x0, 0x0, 0x0, 0x0, 0x0, 0x0,
    0x0, 0x2f, 0xf1, 0x0, 0x0, 0x0, 0x0, 0x0,
    0x0, 0x0, 0x0, 0x0, 0x0, 0x2f, 0xf1, 0x0,
    0x0, 0x0, 0x0, 0x0, 0x0, 0x0, 0x0, 0x0,
    0x0, 0x2f, 0xf1, 0x0, 0x0, 0x0, 0x0, 0x0,
    0x0, 0x0, 0x0, 0x0, 0x0, 0x2f, 0xf1, 0x0,
    0x0, 0x0, 0x0, 0x0,

    /* U+4E2D "中" */
    0x0, 0x0, 0x0, 0x0, 0x6f, 0xe0, 0x0, 0x0,
    0x0, 0x0, 0x0, 0x0, 0x0, 0x0, 0x6f, 0xe0,
    0x0, 0x0, 0x0, 0x0, 0x0, 0x0, 0x0, 0x0,
    0x6f, 0xe0, 0x0, 0x0, 0x0, 0x0, 0x0, 0x0,
    0x0, 0x0, 0x6f, 0xe0, 0x0, 0x0, 0x0, 0x0,
    0xdf, 0xff, 0xff, 0xff, 0xff, 0xff, 0xff, 0xff,
    0xff, 0xf6, 0xef, 0xff, 0xff, 0xff, 0xff, 0xff,
    0xff, 0xff, 0xff, 0xf6, 0xef, 0x73, 0x33, 0x33,
    0x8f, 0xf3, 0x33, 0x33, 0x3f, 0xf6, 0xef, 0x50,
    0x0, 0x0, 0x6f, 0xe0, 0x0, 0x0, 0xe, 0xf6,
    0xef, 0x50, 0x0, 0x0, 0x6f, 0xe0, 0x0, 0x0,
    0xe, 0xf6, 0xef, 0x50, 0x0, 0x0, 0x6f, 0xe0,
    0x0, 0x0, 0xe, 0xf6, 0xef, 0x50, 0x0, 0x0,
    0x6f, 0xe0, 0x0, 0x0, 0xe, 0xf6, 0xef, 0x50,
    0x0, 0x0, 0x6f, 0xe0, 0x0, 0x0, 0xe, 0xf6,
    0xef, 0xff, 0xff, 0xff, 0xff, 0xff, 0xff, 0xff,
    0xff, 0xf6, 0xef, 0xff, 0xff, 0xff, 0xff, 0xff,
    0xff, 0xff, 0xff, 0xf6, 0xef, 0x73, 0x33, 0x33,
    0x8f, 0xf3, 0x33, 0x33, 0x3f, 0xf6, 0x9a, 0x30,
    0x0, 0x0, 0x6f, 0xe0, 0x0, 0x0, 0x7, 0x83,
    0x0, 0x0, 0x0, 0x0, 0x6f, 0xe0, 0x0, 0x0,
    0x0, 0x0, 0x0, 0x0, 0x0, 0x0, 0x6f, 0xe0,
    0x0, 0x0, 0x0, 0x0, 0x0, 0x0, 0x0, 0x0,
    0x6f, 0xe0, 0x0, 0x0, 0x0, 0x0, 0x0, 0x0,
    0x0, 0x0, 0x6f, 0xe0, 0x0, 0x0, 0x0, 0x0,
    0x0, 0x0, 0x0, 0x0, 0x6f, 0xe0, 0x0, 0x0,
    0x0, 0x0, 0x0, 0x0, 0x0, 0x0, 0x6f, 0xe0,
    0x0, 0x0, 0x0, 0x0,

    /* U+4E3A "为" */
    0x0, 0x0, 0x20, 0x0, 0x3d, 0xd0, 0x0, 0x0,
    0x0, 0x0, 0x0, 0x0, 0xcf, 0x50, 0x4, 0xff,
    0x0, 0x0, 0x0, 0x0, 0x0, 0x0, 0x7, 0xff,
    0x20, 0x4f, 0xf0, 0x0, 0x0, 0x0, 0x0, 0x0,
    0x0, 0xc, 0xfc, 0x4, 0xff, 0x0, 0x0, 0x0,
    0x0, 0x0, 0x0, 0x0, 0x3e, 0x80, 0x5f, 0xe0,
    0x0, 0x0, 0x0, 0x0, 0x0, 0x44, 0x44, 0x44,
    0x48, 0xff, 0x44, 0x44, 0x44, 0x44, 0x43, 0xe,
    0xff, 0xff, 0xff, 0xff, 0xff, 0xff, 0xff, 0xff,
    0xff, 0xb0, 0xef, 0xff, 0xff, 0xff, 0xff, 0xff,
    0xff, 0xff, 0xff, 0xfb, 0x0, 0x0, 0x0, 0x0,
    0xbf, 0x90, 0x0, 0x0, 0x0, 0xaf, 0xa0, 0x0,
    0x0, 0x0, 0xf, 0xf5, 0x0, 0x0, 0x0, 0xb,
    0xf9, 0x0, 0x0, 0x0, 0x3, 0xff, 0x20, 0x30,
    0x0, 0x0, 0xcf, 0x80, 0x0, 0x0, 0x0, 0x8f,
    0xe0, 0xbf, 0x70, 0x0, 0xd, 0xf8, 0x0, 0x0,
    0x0, 0xe, 0xf8, 0x6, 0xff, 0x30, 0x0, 0xdf,
    0x70, 0x0, 0x0, 0x6, 0xff, 0x20, 0xa, 0xfd,
    0x0, 0xe, 0xf6, 0x0, 0x0, 0x0, 0xdf, 0xb0,
    0x0, 0x1f, 0xf8, 0x0, 0xff, 0x50, 0x0, 0x0,
    0x9f, 0xf3, 0x0, 0x0, 0x7d, 0x50, 0x1f, 0xf4,
    0x0, 0x0, 0x5f, 0xf9, 0x0, 0x0, 0x0, 0x0,
    0x3, 0xff, 0x20, 0x0, 0x4f, 0xfd, 0x0, 0x0,
    0x0, 0x0, 0x0, 0x5f, 0xf0, 0x0, 0x5f, 0xfe,
    0x20, 0x0, 0x0, 0x0, 0x0, 0x9, 0xfe, 0x0,
    0x8f, 0xfe, 0x20, 0x0, 0x0, 0x2, 0x54, 0x45,
    0xff, 0xa0, 0x3e, 0xfd, 0x20, 0x0, 0x0, 0x0,
    0x3f, 0xff, 0xff, 0xf4, 0x0, 0x29, 0x0, 0x0,
    0x0, 0x0, 0x0, 0xdf, 0xff, 0xc5, 0x0, 0x0,
    0x0, 0x0, 0x0, 0x0, 0x0, 0x0, 0x0, 0x0,
    0x0, 0x0,

    /* U+4E3B "主" */
    0x0, 0x0, 0x0, 0x0, 0x1a, 0x50, 0x0, 0x0,
    0x0, 0x0, 0x0, 0x0, 0x0, 0x0, 0x0, 0xbf,
    0xf9, 0x0, 0x0, 0x0, 0x0, 0x0, 0x0, 0x0,
    0x0, 0x0, 0x9, 0xff, 0xc1, 0x0, 0x0, 0x0,
    0x0, 0x0, 0x0, 0x0, 0x0, 0x0, 0x7f, 0xfc,
    0x0, 0x0, 0x0, 0x0, 0x1, 0x44, 0x44, 0x44,
    0x44, 0x4b, 0xfb, 0x44, 0x44, 0x44, 0x30, 0x4,
    0xff, 0xff, 0xff, 0xff, 0xff, 0xff, 0xff, 0xff,
    0xff, 0xb0, 0x4, 0xee, 0xee, 0xee, 0xee, 0xff,
    0xfe, 0xee, 0xee, 0xee, 0xa0, 0x0, 0x0, 0x0,
    0x0, 0x0, 0xff, 0x70, 0x0, 0x0, 0x0, 0x0,
    0x0, 0x0, 0x0, 0x0, 0x0, 0xff, 0x70, 0x0,
    0x0, 0x0, 0x0, 0x0, 0x0, 0x0, 0x0, 0x0,
    0xff, 0x70, 0x0, 0x0, 0x0, 0x0, 0x0, 0x0,
    0x0, 0x0, 0x0, 0xff, 0x70, 0x0, 0x0, 0x0,
    0x0, 0x0, 0x5, 0x55, 0x55, 0x55, 0xff, 0xa5,
    0x55, 0x55, 0x53, 0x0, 0x0, 0x1f, 0xff, 0xff,
    0xff, 0xff, 0xff, 0xff, 0xff, 0xfa, 0x0, 0x0,
    0x1d, 0xdd, 0xdd, 0xdd, 0xff, 0xed, 0xdd, 0xdd,
    0xd8, 0x0, 0x0, 0x0, 0x0, 0x0, 0x0, 0xff,
    0x70, 0x0, 0x0, 0x0, 0x0, 0x0, 0x0, 0x0,
    0x0, 0x0, 0xff, 0x70, 0x0, 0x0, 0x0, 0x0,
    0x0, 0x0, 0x0, 0x0, 0x0, 0xff, 0x70, 0x0,
    0x0, 0x0, 0x0, 0x0, 0x0, 0x0, 0x0, 0x0,
    0xff, 0x70, 0x0, 0x0, 0x0, 0x0, 0x1, 0x11,
    0x11, 0x11, 0x11, 0xff, 0x71, 0x11, 0x11, 0x11,
    0x11, 0x5f, 0xff, 0xff, 0xff, 0xff, 0xff, 0xff,
    0xff, 0xff, 0xff, 0xfe, 0x5f, 0xff, 0xff, 0xff,
    0xff, 0xff, 0xff, 0xff, 0xff, 0xff, 0xfe, 0x1,
    0x11, 0x11, 0x11, 0x11, 0x11, 0x11, 0x11, 0x11,
    0x11, 0x11,

    /* U+4E89 "争" */
    0x0, 0x0, 0x0, 0x0, 0x0, 0x0, 0x0, 0x0,
    0x0, 0x0, 0x0, 0x0, 0x0, 0x0, 0x3, 0xec,
    0x40, 0x0, 0x0, 0x0, 0x0, 0x0, 0x0, 0x0,
    0x0, 0x0, 0xcf, 0xd1, 0x0, 0x0, 0x0, 0x0,
    0x0, 0x0, 0x0, 0x0, 0x0, 0xaf, 0xff, 0xff,
    0xff, 0xff, 0xe5, 0x0, 0x0, 0x0, 0x0, 0x0,
    0x9f, 0xfe, 0xee, 0xee, 0xef, 0xff, 0x70, 0x0,
    0x0, 0x0, 0x0, 0xaf, 0xf6, 0x0, 0x0, 0x2,
    0xef, 0xa0, 0x0, 0x0, 0x0, 0x3, 0xdf, 0xf5,
    0x0, 0x0, 0x2, 0xef, 0xb0, 0x0, 0x0, 0x0,
    0x1, 0xff, 0xff, 0xff, 0xff, 0xff, 0xff, 0xff,
    0xff, 0xfd, 0x0, 0x0, 0x3, 0xba, 0xff, 0xff,
    0xff, 0xff, 0xff, 0xff, 0xff, 0xd0, 0x0, 0x0,
    0x0, 0x0, 0x0, 0x0, 0x4f, 0xf0, 0x0, 0x5,
    0xfd, 0x0, 0x0, 0x0, 0x0, 0x0, 0x0, 0x4,
    0xff, 0x0, 0x0, 0x5f, 0xd0, 0x0, 0xe, 0xff,
    0xff, 0xff, 0xff, 0xff, 0xff, 0xff, 0xff, 0xff,
    0xff, 0xf0, 0xef, 0xff, 0xff, 0xff, 0xff, 0xff,
    0xff, 0xff, 0xff, 0xff, 0xff, 0x1, 0x11, 0x11,
    0x11, 0x11, 0x5f, 0xf1, 0x11, 0x16, 0xfd, 0x11,
    0x10, 0x0, 0x0, 0x0, 0x0, 0x4, 0xff, 0x0,
    0x0, 0x5f, 0xd0, 0x0, 0x0, 0x1, 0x22, 0x22,
    0x22, 0x6f, 0xf2, 0x22, 0x27, 0xfd, 0x0, 0x0,
    0x0, 0x7f, 0xff, 0xff, 0xff, 0xff, 0xff, 0xff,
    0xff, 0xd0, 0x0, 0x0, 0x6, 0xdd, 0xdd, 0xdd,
    0xef, 0xfd, 0xdd, 0xdd, 0xdb, 0x0, 0x0, 0x0,
    0x0, 0x0, 0x0, 0x4, 0xff, 0x0, 0x0, 0x0,
    0x0, 0x0, 0x0, 0x0, 0x0, 0x0, 0x0, 0x4f,
    0xf0, 0x0, 0x0, 0x0, 0x0, 0x0, 0x0, 0x0,
    0x0, 0x11, 0x16, 0xff, 0x0, 0x0, 0x0, 0x0,
    0x0, 0x0, 0x0, 0x0, 0x3f, 0xff, 0xff, 0xc0,
    0x0, 0x0, 0x0, 0x0, 0x0, 0x0, 0x0, 0x0,
    0xcf, 0xfd, 0xa2, 0x0, 0x0, 0x0, 0x0, 0x0,
    0x0,

    /* U+4E8C "二" */
    0x0, 0x5f, 0xff, 0xff, 0xff, 0xff, 0xff, 0xff,
    0xff, 0xfc, 0x0, 0x0, 0x5f, 0xff, 0xff, 0xff,
    0xff, 0xff, 0xff, 0xff, 0xfc, 0x0, 0x0, 0x27,
    0x77, 0x77, 0x77, 0x77, 0x77, 0x77, 0x77, 0x76,
    0x0, 0x0, 0x0, 0x0, 0x0, 0x0, 0x0, 0x0,
    0x0, 0x0, 0x0, 0x0, 0x0, 0x0, 0x0, 0x0,
    0x0, 0x0, 0x0, 0x0, 0x0, 0x0, 0x0, 0x0,
    0x0, 0x0, 0x0, 0x0, 0x0, 0x0, 0x0, 0x0,
    0x0, 0x0, 0x0, 0x0, 0x0, 0x0, 0x0, 0x0,
    0x0, 0x0, 0x0, 0x0, 0x0, 0x0, 0x0, 0x0,
    0x0, 0x0, 0x0, 0x0, 0x0, 0x0, 0x0, 0x0,
    0x0, 0x0, 0x0, 0x0, 0x0, 0x0, 0x0, 0x0,
    0x0, 0x0, 0x0, 0x0, 0x0, 0x0, 0x0, 0x0,
    0x0, 0x0, 0x0, 0x0, 0x0, 0x0, 0x0, 0x0,
    0x0, 0x0, 0x0, 0x0, 0x0, 0x0, 0x0, 0x0,
    0x0, 0x0, 0x0, 0x0, 0x0, 0x0, 0x0, 0x0,
    0x0, 0x0, 0x0, 0x0, 0x0, 0x0, 0x0, 0x0,
    0x0, 0x0, 0x0, 0x0, 0x0, 0x0, 0x0, 0x0,
    0x0, 0x0, 0x0, 0x0, 0x0, 0x0, 0x0, 0x0,
    0x0, 0x0, 0x4f, 0xff, 0xff, 0xff, 0xff, 0xff,
    0xff, 0xff, 0xff, 0xff, 0xfc, 0x4f, 0xff, 0xff,
    0xff, 0xff, 0xff, 0xff, 0xff, 0xff, 0xff, 0xfc,
    0x29, 0x99, 0x99, 0x99, 0x99, 0x99, 0x99, 0x99,
    0x99, 0x99, 0x97,

    /* U+4E8E "于" */
    0x0, 0x34, 0x44, 0x44, 0x44, 0x44, 0x44, 0x44,
    0x44, 0x44, 0x0, 0x0, 0xcf, 0xff, 0xff, 0xff,
    0xff, 0xff, 0xff, 0xff, 0xff, 0x30, 0x0, 0xbe,
    0xee, 0xee, 0xee, 0xff, 0xfe, 0xee, 0xee, 0xee,
    0x30, 0x0, 0x0, 0x0, 0x0, 0x0, 0xbf, 0x90,
    0x0, 0x0, 0x0, 0x0, 0x0, 0x0, 0x0, 0x0,
    0x0, 0xbf, 0x90, 0x0, 0x0, 0x0, 0x0, 0x0,
    0x0, 0x0, 0x0, 0x0, 0xbf, 0x90, 0x0, 0x0,
    0x0, 0x0, 0x0, 0x0, 0x0, 0x0, 0x0, 0xbf,
    0x90, 0x0, 0x0, 0x0, 0x0, 0x0, 0x0, 0x0,
    0x0, 0x0, 0xbf, 0x90, 0x0, 0x0, 0x0, 0x0,
    0x5f, 0xff, 0xff, 0xff, 0xff, 0xff, 0xff, 0xff,
    0xff, 0xff, 0xfc, 0x6f, 0xff, 0xff, 0xff, 0xff,
    0xff, 0xff, 0xff, 0xff, 0xff, 0xfd, 0x14, 0x44,
    0x44, 0x44, 0x44, 0xcf, 0xb4, 0x44, 0x44, 0x44,
    0x43, 0x0, 0x0, 0x0, 0x0, 0x0, 0xbf, 0x90,
    0x0, 0x0, 0x0, 0x0, 0x0, 0x0, 0x0, 0x0,
    0x0, 0xbf, 0x90, 0x0, 0x0, 0x0, 0x0, 0x0,
    0x0, 0x0, 0x0, 0x0, 0xbf, 0x90, 0x0, 0x0,
    0x0, 0x0, 0x0, 0x0, 0x0, 0x0, 0x0, 0xbf,
    0x90, 0x0, 0x0, 0x0, 0x0, 0x0, 0x0, 0x0,
    0x0, 0x0, 0xbf, 0x90, 0x0, 0x0, 0x0, 0x0,
    0x0, 0x0, 0x0, 0x0, 0x0, 0xbf, 0x90, 0x0,
    0x0, 0x0, 0x0, 0x0, 0x0, 0x0, 0x0, 0x0,
    0xbf, 0x90, 0x0, 0x0, 0x0, 0x0, 0x0, 0x0,
    0x3, 0x44, 0x45, 0xef, 0x90, 0x0, 0x0, 0x0,
    0x0, 0x0, 0x0, 0x5, 0xff, 0xff, 0xff, 0x50,
    0x0, 0x0, 0x0, 0x0, 0x0, 0x0, 0x0, 0xef,
    0xfe, 0xc5, 0x0, 0x0, 0x0, 0x0, 0x0, 0x0,
    0x0, 0x0, 0x0, 0x0, 0x0, 0x0, 0x0, 0x0,
    0x0, 0x0,

    /* U+4EAB "享" */
    0x0, 0x0, 0x0, 0x0, 0x0, 0x1, 0x0, 0x0,
    0x0, 0x0, 0x0, 0x0, 0x0, 0x0, 0x0, 0x6,
    0xfe, 0x0, 0x0, 0x0, 0x0, 0x0, 0x0, 0x0,
    0x0, 0x0, 0x2, 0xff, 0x60, 0x0, 0x0, 0x0,
    0x0, 0x2f, 0xff, 0xff, 0xff, 0xff, 0xff, 0xff,
    0xff, 0xff, 0xff, 0xf8, 0x2d, 0xdd, 0xdd, 0xdd,
    0xdd, 0xdd, 0xdd, 0xdd, 0xdd, 0xdd, 0xd7, 0x0,
    0x0, 0x0, 0x0, 0x0, 0x0, 0x0, 0x0, 0x0,
    0x0, 0x0, 0x0, 0x3, 0xff, 0xff, 0xff, 0xff,
    0xff, 0xff, 0xff, 0xd0, 0x0, 0x0, 0x3, 0xff,
    0xaa, 0xaa, 0xaa, 0xaa, 0xaa, 0xdf, 0xd0, 0x0,
    0x0, 0x3, 0xff, 0x0, 0x0, 0x0, 0x0, 0x0,
    0x7f, 0xd0, 0x0, 0x0, 0x3, 0xff, 0x88, 0x88,
    0x88, 0x88, 0x88, 0xcf, 0xd0, 0x0, 0x0, 0x3,
    0xff, 0xff, 0xff, 0xff, 0xff, 0xff, 0xff, 0xd0,
    0x0, 0x0, 0x0, 0x0, 0x0, 0x0, 0x0, 0x0,
    0x0, 0x0, 0x0, 0x0, 0x0, 0x1b, 0xbb, 0xbb,
    0xbb, 0xbb, 0xbb, 0xbb, 0xbb, 0x80, 0x0, 0x0,
    0x2f, 0xff, 0xff, 0xff, 0xff, 0xff, 0xff, 0xff,
    0xe3, 0x0, 0x0, 0x0, 0x0, 0x0, 0x0, 0x14,
    0x9d, 0xff, 0xb4, 0x0, 0x0, 0x0, 0x0, 0x0,
    0x0, 0x0, 0xff, 0xfa, 0x51, 0x0, 0x0, 0x0,
    0x4b, 0xbb, 0xbb, 0xbb, 0xbb, 0xff, 0xcb, 0xbb,
    0xbb, 0xbb, 0xba, 0x6f, 0xff, 0xff, 0xff, 0xff,
    0xff, 0xff, 0xff, 0xff, 0xff, 0xfe, 0x12, 0x22,
    0x22, 0x22, 0x22, 0xff, 0x72, 0x22, 0x22, 0x22,
    0x22, 0x0, 0x0, 0x0, 0x0, 0x0, 0xff, 0x50,
    0x0, 0x0, 0x0, 0x0, 0x0, 0x0, 0x0, 0x0,
    0x0, 0xff, 0x50, 0x0, 0x0, 0x0, 0x0, 0x0,
    0x0, 0x1, 0xcc, 0xcd, 0xff, 0x20, 0x0, 0x0,
    0x0, 0x0, 0x0, 0x0, 0x0, 0xaf, 0xfe, 0xc6,
    0x0, 0x0, 0x0, 0x0, 0x0,

    /* U+4EAC "京" */
    0x0, 0x0, 0x0, 0x0, 0x0, 0x11, 0x0, 0x0,
    0x0, 0x0, 0x0, 0x0, 0x0, 0x0, 0x0, 0x9,
    0xfb, 0x0, 0x0, 0x0, 0x0, 0x0, 0x0, 0x0,
    0x0, 0x0, 0x5, 0xff, 0x50, 0x0, 0x0, 0x0,
    0x0, 0x3, 0x33, 0x33, 0x33, 0x33, 0xef, 0xd3,
    0x33, 0x33, 0x33, 0x32, 0x3f, 0xff, 0xff, 0xff,
    0xff, 0xff, 0xff, 0xff, 0xff, 0xff, 0xfa, 0x3f,
    0xff, 0xff, 0xff, 0xff, 0xff, 0xff, 0xff, 0xff,
    0xff, 0xf9, 0x0, 0x0, 0x0, 0x0, 0x0, 0x0,
    0x0, 0x0, 0x0, 0x0, 0x0, 0x0, 0x3, 0xbb,
    0xbb, 0xbb, 0xbb, 0xbb, 0xbb, 0xbb, 0xb0, 0x0,
    0x0, 0x5, 0xff, 0xff, 0xff, 0xff, 0xff, 0xff,
    0xff, 0xf0, 0x0, 0x0, 0x5, 0xfe, 0x33, 0x33,
    0x33, 0x33, 0x33, 0x8f, 0xf0, 0x0, 0x0, 0x5,
    0xfd, 0x0, 0x0, 0x0, 0x0, 0x0, 0x5f, 0xf0,
    0x0, 0x0, 0x5, 0xfd, 0x0, 0x0, 0x0, 0x0,
    0x0, 0x5f, 0xf0, 0x0, 0x0, 0x5, 0xfd, 0x0,
    0x0, 0x0, 0x0, 0x0, 0x6f, 0xf0, 0x0, 0x0,
    0x5, 0xff, 0xff, 0xff, 0xff, 0xff, 0xff, 0xff,
    0xf0, 0x0, 0x0, 0x4, 0xdd, 0xdd, 0xdd, 0xff,
    0xed, 0xdd, 0xdd, 0xd0, 0x0, 0x0, 0x0, 0x0,
    0x0, 0x0, 0xdf, 0x70, 0x0, 0x0, 0x0, 0x0,
    0x0, 0x0, 0x78, 0x20, 0x0, 0xdf, 0x70, 0x0,
    0x68, 0x0, 0x0, 0x0, 0x3, 0xff, 0x60, 0x0,
    0xdf, 0x70, 0x4, 0xff, 0x80, 0x0, 0x0, 0x2e,
    0xfa, 0x0, 0x0, 0xdf, 0x70, 0x0, 0x8f, 0xf7,
    0x0, 0x2, 0xef, 0xd0, 0x0, 0x0, 0xdf, 0x70,
    0x0, 0x9, 0xff, 0x50, 0x2e, 0xfd, 0x10, 0x12,
    0x12, 0xef, 0x70, 0x0, 0x0, 0xbf, 0xf3, 0x1c,
    0xd1, 0x0, 0x8f, 0xff, 0xff, 0x50, 0x0, 0x0,
    0x1e, 0xc2, 0x0, 0x10, 0x0, 0x2f, 0xff, 0xc7,
    0x0, 0x0, 0x0, 0x2, 0x0,

    /* U+4EAE "亮" */
    0x0, 0x0, 0x0, 0x0, 0x0, 0x12, 0x0, 0x0,
    0x0, 0x0, 0x0, 0x0, 0x0, 0x0, 0x0, 0x9,
    0xfc, 0x0, 0x0, 0x0, 0x0, 0x0, 0x0, 0x0,
    0x0, 0x0, 0x3, 0xff, 0x50, 0x0, 0x0, 0x0,
    0x0, 0xcf, 0xff, 0xff, 0xff, 0xff, 0xff, 0xff,
    0xff, 0xff, 0xff, 0xf4, 0x9c, 0xcc, 0xcc, 0xcc,
    0xcc, 0xcc, 0xcc, 0xcc, 0xcc, 0xcc, 0xc3, 0x0,
    0x0, 0x0, 0x0, 0x0, 0x0, 0x0, 0x0, 0x0,
    0x0, 0x0, 0x0, 0x4, 0xff, 0xff, 0xff, 0xff,
    0xff, 0xff, 0xff, 0x20, 0x0, 0x0, 0x4, 0xff,
    0x88, 0x88, 0x88, 0x88, 0x89, 0xff, 0x20, 0x0,
    0x0, 0x4, 0xff, 0x0, 0x0, 0x0, 0x0, 0x2,
    0xff, 0x20, 0x0, 0x0, 0x4, 0xff, 0x99, 0x99,
    0x99, 0x99, 0x9a, 0xff, 0x20, 0x0, 0x0, 0x4,
    0xff, 0xff, 0xff, 0xff, 0xff, 0xff, 0xff, 0x20,
    0x0, 0x0, 0x0, 0x0, 0x0, 0x0, 0x0, 0x0,
    0x0, 0x0, 0x0, 0x0, 0x6f, 0xff, 0xff, 0xff,
    0xff, 0xff, 0xff, 0xff, 0xff, 0xff, 0xe0, 0x6f,
    0xfc, 0xcc, 0xcc, 0xcc, 0xcc, 0xcc, 0xcc, 0xcc,
    0xdf, 0xf0, 0x6f, 0xc0, 0x0, 0x0, 0x0, 0x0,
    0x0, 0x0, 0x0, 0x3f, 0xf0, 0x6f, 0xc0, 0x0,
    0xcc, 0xcc, 0xcc, 0xcc, 0xc9, 0x0, 0x3f, 0xf0,
    0x14, 0x30, 0x0, 0xff, 0xff, 0xff, 0xff, 0xfb,
    0x0, 0x3, 0x30, 0x0, 0x0, 0x3, 0xff, 0x20,
    0x0, 0xa, 0xfb, 0x0, 0x0, 0x0, 0x0, 0x0,
    0x9, 0xfd, 0x0, 0x0, 0x9, 0xfb, 0x0, 0x6,
    0x20, 0x0, 0x0, 0x2f, 0xf8, 0x0, 0x0, 0x9,
    0xfb, 0x0, 0xb, 0xf4, 0x0, 0x17, 0xff, 0xd0,
    0x0, 0x0, 0x9, 0xfc, 0x0, 0xd, 0xf2, 0x5c,
    0xff, 0xfc, 0x20, 0x0, 0x0, 0x7, 0xff, 0xfe,
    0xff, 0xe0, 0x1f, 0xfd, 0x60, 0x0, 0x0, 0x0,
    0x1, 0xbe, 0xff, 0xfe, 0x50, 0x3, 0x20, 0x0,
    0x0, 0x0, 0x0, 0x0, 0x0, 0x0, 0x0, 0x0,

    /* U+4EBA "人" */
    0x0, 0x0, 0x0, 0x0, 0x0, 0x0, 0x0, 0x0,
    0x0, 0x0, 0x0, 0x0, 0x0, 0x0, 0x0, 0x0,
    0x0, 0x6f, 0xf2, 0x0, 0x0, 0x0, 0x0, 0x0,
    0x0, 0x0, 0x0, 0x0, 0x0, 0x6f, 0xf1, 0x0,
    0x0, 0x0, 0x0, 0x0, 0x0, 0x0, 0x0, 0x0,
    0x0, 0x7f, 0xf0, 0x0, 0x0, 0x0, 0x0, 0x0,
    0x0, 0x0, 0x0, 0x0, 0x0, 0x8f, 0xf0, 0x0,
    0x0, 0x0, 0x0, 0x0, 0x0, 0x0, 0x0, 0x0,
    0x0, 0x9f, 0xf1, 0x0, 0x0, 0x0, 0x0, 0x0,
    0x0, 0x0, 0x0, 0x0, 0x0, 0xbf, 0xf4, 0x0,
    0x0, 0x0, 0x0, 0x0, 0x0, 0x0, 0x0, 0x0,
    0x0, 0xef, 0xf7, 0x0, 0x0, 0x0, 0x0, 0x0,
    0x0, 0x0, 0x0, 0x0, 0x1, 0xff, 0xfb, 0x0,
    0x0, 0x0, 0x0, 0x0, 0x0, 0x0, 0x0, 0x0,
    0x5, 0xff, 0xff, 0x0, 0x0, 0x0, 0x0, 0x0,
    0x0, 0x0, 0x0, 0x0, 0x9, 0xff, 0xff, 0x50,
    0x0, 0x0, 0x0, 0x0, 0x0, 0x0, 0x0, 0x0,
    0xe, 0xfa, 0x9f, 0xb0, 0x0, 0x0, 0x0, 0x0,
    0x0, 0x0, 0x0, 0x0, 0x5f, 0xf4, 0x4f, 0xf2,
    0x0, 0x0, 0x0, 0x0, 0x0, 0x0, 0x0, 0x0,
    0xbf, 0xe0, 0xe, 0xfa, 0x0, 0x0, 0x0, 0x0,
    0x0, 0x0, 0x0, 0x4, 0xff, 0x70, 0x6, 0xff,
    0x20, 0x0, 0x0, 0x0, 0x0, 0x0, 0x0, 0xd,
    0xfe, 0x0, 0x0, 0xdf, 0xd0, 0x0, 0x0, 0x0,
    0x0, 0x0, 0x0, 0x9f, 0xf6, 0x0, 0x0, 0x4f,
    0xf9, 0x0, 0x0, 0x0, 0x0, 0x0, 0x8, 0xff,
    0xb0, 0x0, 0x0, 0x9, 0xff, 0x70, 0x0, 0x0,
    0x0, 0x0, 0x7f, 0xfd, 0x0, 0x0, 0x0, 0x0,
    0xbf, 0xf9, 0x0, 0x0, 0x0, 0x1a, 0xff, 0xe2,
    0x0, 0x0, 0x0, 0x0, 0xc, 0xff, 0xb2, 0x0,
    0x4, 0xef, 0xfe, 0x30, 0x0, 0x0, 0x0, 0x0,
    0x1, 0xcf, 0xff, 0x90, 0x7, 0xff, 0xc1, 0x0,
    0x0, 0x0, 0x0, 0x0, 0x0, 0x8, 0xff, 0x70,
    0x0, 0x66, 0x0, 0x0, 0x0, 0x0, 0x0, 0x0,
    0x0, 0x0, 0x27, 0x0,

    /* U+4ECA "今" */
    0x0, 0x0, 0x0, 0x0, 0x0, 0x0, 0x0, 0x0,
    0x0, 0x0, 0x0, 0x0, 0x0, 0x0, 0x0, 0x0,
    0x0, 0xc, 0xc4, 0x0, 0x0, 0x0, 0x0, 0x0,
    0x0, 0x0, 0x0, 0x0, 0x0, 0x9f, 0xfa, 0x0,
    0x0, 0x0, 0x0, 0x0, 0x0, 0x0, 0x0, 0x0,
    0x6, 0xff, 0xff, 0x60, 0x0, 0x0, 0x0, 0x0,
    0x0, 0x0, 0x0, 0x0, 0x7f, 0xfc, 0x9f, 0xf7,
    0x0, 0x0, 0x0, 0x0, 0x0, 0x0, 0x0, 0x8,
    0xff, 0xd1, 0x9, 0xff, 0xa0, 0x0, 0x0, 0x0,
    0x0, 0x0, 0x2, 0xcf, 0xfd, 0x10, 0x0, 0x8f,
    0xfd, 0x30, 0x0, 0x0, 0x0, 0x0, 0x6f, 0xff,
    0xb0, 0x52, 0x0, 0x5, 0xff, 0xf9, 0x10, 0x0,
    0x0, 0x4c, 0xff, 0xf8, 0x5, 0xff, 0x60, 0x0,
    0x3d, 0xff, 0xe7, 0x0, 0xb, 0xff, 0xfd, 0x30,
    0x0, 0xaf, 0xf9, 0x0, 0x0, 0xaf, 0xff, 0xc0,
    0x4, 0xff, 0x80, 0x0, 0x0, 0x7, 0xff, 0xc0,
    0x0, 0x4, 0xdf, 0x20, 0x0, 0x52, 0x0, 0x0,
    0x0, 0x0, 0x5f, 0xd1, 0x0, 0x0, 0x2, 0x0,
    0x0, 0x0, 0x55, 0x55, 0x55, 0x55, 0x59, 0x75,
    0x55, 0x53, 0x0, 0x0, 0x0, 0x1, 0xff, 0xff,
    0xff, 0xff, 0xff, 0xff, 0xff, 0xff, 0x80, 0x0,
    0x0, 0x1, 0xff, 0xff, 0xff, 0xff, 0xff, 0xff,
    0xff, 0xfe, 0x10, 0x0, 0x0, 0x0, 0x0, 0x0,
    0x0, 0x0, 0x0, 0x0, 0xbf, 0xf4, 0x0, 0x0,
    0x0, 0x0, 0x0, 0x0, 0x0, 0x0, 0x0, 0x8,
    0xff, 0x70, 0x0, 0x0, 0x0, 0x0, 0x0, 0x0,
    0x0, 0x0, 0x0, 0x4f, 0xfb, 0x0, 0x0, 0x0,
    0x0, 0x0, 0x0, 0x0, 0x0, 0x0, 0x2, 0xff,
    0xd1, 0x0, 0x0, 0x0, 0x0, 0x0, 0x0, 0x0,
    0x0, 0x0, 0x1d, 0xff, 0x20, 0x0, 0x0, 0x0,
    0x0, 0x0, 0x0, 0x0, 0x0, 0x0, 0xbf, 0xf5,
    0x0, 0x0, 0x0, 0x0, 0x0, 0x0, 0x0, 0x0,
    0x0, 0x9, 0xff, 0x80, 0x0, 0x0, 0x0, 0x0,
    0x0, 0x0, 0x0, 0x0, 0x0, 0x6, 0xdb, 0x0,
    0x0, 0x0, 0x0, 0x0, 0x0, 0x0, 0x0, 0x0,
    0x0, 0x0, 0x0, 0x0, 0x0, 0x0, 0x0, 0x0,

    /* U+4ECE "从" */
    0x0, 0x0, 0x0, 0xa9, 0x40, 0x0, 0x0, 0x8,
    0xa6, 0x0, 0x0, 0x0, 0x0, 0x0, 0x0, 0xff,
    0x60, 0x0, 0x0, 0xe, 0xf9, 0x0, 0x0, 0x0,
    0x0, 0x0, 0x1, 0xff, 0x50, 0x0, 0x0, 0xf,
    0xf7, 0x0, 0x0, 0x0, 0x0, 0x0, 0x2, 0xff,
    0x40, 0x0, 0x0, 0xf, 0xf6, 0x0, 0x0, 0x0,
    0x0, 0x0, 0x3, 0xff, 0x30, 0x0, 0x0, 0x2f,
    0xf5, 0x0, 0x0, 0x0, 0x0, 0x0, 0x4, 0xff,
    0x20, 0x0, 0x0, 0x3f, 0xf3, 0x0, 0x0, 0x0,
    0x0, 0x0, 0x5, 0xff, 0x0, 0x0, 0x0, 0x4f,
    0xf1, 0x0, 0x0, 0x0, 0x0, 0x0, 0x7, 0xff,
    0x0, 0x0, 0x0, 0x7f, 0xf0, 0x0, 0x0, 0x0,
    0x0, 0x0, 0xa, 0xff, 0x40, 0x0, 0x0, 0xaf,
    0xf0, 0x0, 0x0, 0x0, 0x0, 0x0, 0xc, 0xff,
    0xe1, 0x0, 0x0, 0xdf, 0xf4, 0x0, 0x0, 0x0,
    0x0, 0x0, 0xf, 0xff, 0xfc, 0x0, 0x0, 0xff,
    0xf8, 0x0, 0x0, 0x0, 0x0, 0x0, 0x1f, 0xf8,
    0xff, 0x90, 0x3, 0xff, 0xfd, 0x0, 0x0, 0x0,
    0x0, 0x0, 0x5f, 0xf2, 0x6f, 0xf4, 0x7, 0xff,
    0xff, 0x30, 0x0, 0x0, 0x0, 0x0, 0xaf, 0xe0,
    0xb, 0xfd, 0xc, 0xfb, 0xbf, 0xa0, 0x0, 0x0,
    0x0, 0x0, 0xff, 0xa0, 0x2, 0xff, 0x5f, 0xf6,
    0x5f, 0xf1, 0x0, 0x0, 0x0, 0x5, 0xff, 0x50,
    0x0, 0x94, 0x9f, 0xf1, 0xe, 0xfa, 0x0, 0x0,
    0x0, 0xa, 0xff, 0x0, 0x0, 0x1, 0xff, 0xa0,
    0x6, 0xff, 0x40, 0x0, 0x0, 0x2f, 0xfa, 0x0,
    0x0, 0xb, 0xff, 0x30, 0x0, 0xef, 0xd1, 0x0,
    0x0, 0xbf, 0xf2, 0x0, 0x0, 0x7f, 0xf9, 0x0,
    0x0, 0x4f, 0xfd, 0x20, 0x7, 0xff, 0xa0, 0x0,
    0x6, 0xff, 0xe1, 0x0, 0x0, 0x9, 0xff, 0xc0,
    0xa, 0xfe, 0x10, 0x0, 0x8, 0xff, 0x40, 0x0,
    0x0, 0x0, 0xaf, 0x30, 0x0, 0x54, 0x0, 0x0,
    0x0, 0x45, 0x0, 0x0, 0x0, 0x0, 0x3, 0x0,

    /* U+4EE5 "以" */
    0x0, 0x0, 0x0, 0x0, 0x0, 0x0, 0x0, 0x0,
    0x21, 0x0, 0x0, 0x1, 0x66, 0x10, 0x0, 0x0,
    0x0, 0x0, 0x0, 0xff, 0x50, 0x0, 0x3, 0xff,
    0x20, 0x2, 0x91, 0x0, 0x0, 0x1, 0xff, 0x40,
    0x0, 0x3, 0xff, 0x20, 0xd, 0xfb, 0x0, 0x0,
    0x2, 0xff, 0x20, 0x0, 0x3, 0xff, 0x20, 0x4,
    0xff, 0x70, 0x0, 0x3, 0xff, 0x10, 0x0, 0x3,
    0xff, 0x20, 0x0, 0x9f, 0xf2, 0x0, 0x5, 0xff,
    0x0, 0x0, 0x3, 0xff, 0x20, 0x0, 0xe, 0xfb,
    0x0, 0x7, 0xfd, 0x0, 0x0, 0x3, 0xff, 0x20,
    0x0, 0x5, 0xff, 0x20, 0x9, 0xfb, 0x0, 0x0,
    0x3, 0xff, 0x20, 0x0, 0x0, 0xa3, 0x0, 0xc,
    0xf9, 0x0, 0x0, 0x3, 0xff, 0x20, 0x0, 0x0,
    0x0, 0x0, 0xf, 0xf5, 0x0, 0x0, 0x3, 0xff,
    0x20, 0x0, 0x0, 0x0, 0x0, 0x3f, 0xf1, 0x0,
    0x0, 0x3, 0xff, 0x20, 0x0, 0x0, 0x0, 0x0,
    0x8f, 0xe0, 0x0, 0x0, 0x3, 0xff, 0x20, 0x0,
    0x0, 0x0, 0x0, 0xef, 0x80, 0x0, 0x0, 0x3,
    0xff, 0x20, 0x2, 0xa6, 0x0, 0x5, 0xff, 0x20,
    0x0, 0x0, 0x3, 0xff, 0x23, 0xaf, 0xfa, 0x0,
    0xd, 0xff, 0x10, 0x0, 0x0, 0x4, 0xff, 0xcf,
    0xff, 0xc4, 0x0, 0x8f, 0xff, 0xd1, 0x0, 0x0,
    0x8, 0xff, 0xff, 0xc4, 0x0, 0x5, 0xff, 0xcf,
    0xfd, 0x10, 0x0, 0x5f, 0xff, 0xc4, 0x0, 0x0,
    0x5f, 0xfe, 0x14, 0xff, 0xd1, 0x0, 0x5f, 0xe5,
    0x0, 0x0, 0x9, 0xff, 0xe3, 0x0, 0x5f, 0xfb,
    0x0, 0x6, 0x0, 0x0, 0x7, 0xef, 0xfe, 0x20,
    0x0, 0x7, 0xff, 0x90, 0x0, 0x0, 0x0, 0x3f,
    0xff, 0xb1, 0x0, 0x0, 0x0, 0xaf, 0xd0, 0x0,
    0x0, 0x0, 0x4, 0xd4, 0x0, 0x0, 0x0, 0x0,
    0x19, 0x0, 0x0, 0x0, 0x0, 0x0, 0x0, 0x0,
    0x0, 0x0, 0x0, 0x0, 0x0,

    /* U+4F18 "优" */
    0x0, 0x0, 0x0, 0x20, 0x0, 0x0, 0x0, 0x0,
    0x0, 0x0, 0x0, 0x0, 0x0, 0x0, 0x1f, 0xe2,
    0x0, 0xb, 0xf7, 0x0, 0x47, 0x0, 0x0, 0x0,
    0x0, 0x6, 0xfd, 0x0, 0x0, 0xbf, 0x70, 0x1e,
    0xf8, 0x0, 0x0, 0x0, 0x0, 0xdf, 0x60, 0x0,
    0xc, 0xf7, 0x0, 0x3f, 0xf7, 0x0, 0x0, 0x0,
    0x5f, 0xe0, 0x0, 0x0, 0xcf, 0x60, 0x0, 0x4f,
    0xf3, 0x0, 0x0, 0xd, 0xf8, 0x0, 0x0, 0xc,
    0xf6, 0x0, 0x0, 0x87, 0x0, 0x0, 0x7, 0xff,
    0x1b, 0xcc, 0xcc, 0xff, 0xdc, 0xcc, 0xcc, 0xcc,
    0x90, 0x2, 0xff, 0xf0, 0xef, 0xff, 0xff, 0xff,
    0xff, 0xff, 0xff, 0xfb, 0x0, 0xdf, 0xff, 0x4,
    0x55, 0x55, 0xff, 0x75, 0x55, 0x55, 0x55, 0x30,
    0xbf, 0xff, 0xf0, 0x0, 0x0, 0xf, 0xf2, 0x0,
    0x0, 0x0, 0x0, 0xd, 0xfb, 0xff, 0x0, 0x0,
    0x2, 0xff, 0xd, 0xe4, 0x0, 0x0, 0x0, 0x4b,
    0x3f, 0xf0, 0x0, 0x0, 0x4f, 0xe0, 0xdf, 0x40,
    0x0, 0x0, 0x0, 0x2, 0xff, 0x0, 0x0, 0x7,
    0xfc, 0xd, 0xf4, 0x0, 0x0, 0x0, 0x0, 0x2f,
    0xf0, 0x0, 0x0, 0xcf, 0x80, 0xdf, 0x40, 0x0,
    0x0, 0x0, 0x2, 0xff, 0x0, 0x0, 0xf, 0xf4,
    0xd, 0xf4, 0x0, 0x0, 0x0, 0x0, 0x2f, 0xf0,
    0x0, 0x5, 0xff, 0x0, 0xdf, 0x40, 0x0, 0x0,
    0x0, 0x2, 0xff, 0x0, 0x0, 0xdf, 0xb0, 0xd,
    0xf4, 0x0, 0x5, 0x0, 0x0, 0x2f, 0xf0, 0x0,
    0x6f, 0xf4, 0x0, 0xdf, 0x40, 0x1, 0xfc, 0x0,
    0x2, 0xff, 0x0, 0x1e, 0xfb, 0x0, 0xd, 0xf4,
    0x0, 0x2f, 0xd0, 0x0, 0x2f, 0xf0, 0x1d, 0xff,
    0x30, 0x0, 0xdf, 0x60, 0x5, 0xfb, 0x0, 0x2,
    0xff, 0x2e, 0xff, 0x90, 0x0, 0xb, 0xff, 0xff,
    0xff, 0x60, 0x0, 0x2f, 0xf1, 0xdf, 0xb0, 0x0,
    0x0, 0x3e, 0xff, 0xff, 0xb0, 0x0, 0x2, 0xff,
    0x3, 0x90, 0x0, 0x0, 0x0, 0x0, 0x11, 0x0,
    0x0,

    /* U+4F1A "会" */
    0x0, 0x0, 0x0, 0x0, 0x0, 0x1, 0x0, 0x0,
    0x0, 0x0, 0x0, 0x0, 0x0, 0x0, 0x0, 0x0,
    0xa, 0xf9, 0x0, 0x0, 0x0, 0x0, 0x0, 0x0,
    0x0, 0x0, 0x0, 0x8, 0xff, 0x90, 0x0, 0x0,
    0x0, 0x0, 0x0, 0x0, 0x0, 0x0, 0x8, 0xff,
    0xff, 0x50, 0x0, 0x0, 0x0, 0x0, 0x0, 0x0,
    0x0, 0xb, 0xff, 0xa7, 0xff, 0x90, 0x0, 0x0,
    0x0, 0x0, 0x0, 0x0, 0x3d, 0xff, 0x80, 0x5,
    0xff, 0xd4, 0x0, 0x0, 0x0, 0x0, 0x1, 0x9f,
    0xff, 0x60, 0x0, 0x3, 0xdf, 0xfa, 0x20, 0x0,
    0x0, 0x17, 0xef, 0xfd, 0x30, 0x0, 0x0, 0x0,
    0xaf, 0xff, 0xa3, 0x0, 0x7f, 0xff, 0xfe, 0xff,
    0xff, 0xff, 0xff, 0xff, 0xdd, 0xff, 0xfb, 0x4,
    0xff, 0xa2, 0x8f, 0xff, 0xff, 0xff, 0xff, 0xfa,
    0x5, 0xdf, 0x30, 0x6, 0x30, 0x0, 0x11, 0x11,
    0x11, 0x11, 0x11, 0x10, 0x0, 0x30, 0x0, 0x0,
    0x0, 0x0, 0x0, 0x0, 0x0, 0x0, 0x0, 0x0,
    0x0, 0x0, 0x2, 0x33, 0x33, 0x33, 0x33, 0x33,
    0x33, 0x33, 0x33, 0x33, 0x30, 0x0, 0xbf, 0xff,
    0xff, 0xff, 0xff, 0xff, 0xff, 0xff, 0xff, 0xfe,
    0x0, 0xb, 0xff, 0xff, 0xff, 0xff, 0xff, 0xff,
    0xff, 0xff, 0xff, 0xe0, 0x0, 0x0, 0x0, 0x0,
    0xdf, 0xf3, 0x0, 0x0, 0x40, 0x0, 0x0, 0x0,
    0x0, 0x0, 0x0, 0xbf, 0xf5, 0x0, 0x2, 0xef,
    0x60, 0x0, 0x0, 0x0, 0x0, 0x0, 0x9f, 0xf8,
    0x0, 0x0, 0x7, 0xff, 0x60, 0x0, 0x0, 0x0,
    0x0, 0x9f, 0xf8, 0x0, 0x0, 0x0, 0x7, 0xff,
    0x60, 0x0, 0x0, 0x0, 0xaf, 0xfc, 0x56, 0x78,
    0x9b, 0xcd, 0xef, 0xff, 0x40, 0x0, 0x0, 0xbf,
    0xff, 0xff, 0xff, 0xff, 0xff, 0xff, 0xff, 0xfe,
    0x10, 0x0, 0x6, 0xff, 0xfe, 0xdb, 0xa9, 0x76,
    0x54, 0x21, 0x2f, 0xfa, 0x0, 0x0, 0x14, 0x20,
    0x0, 0x0, 0x0, 0x0, 0x0, 0x0, 0x68, 0x0,
    0x0,

    /* U+4F46 "但" */
    0x0, 0x0, 0x0, 0x87, 0x20, 0x0, 0x0, 0x0,
    0x0, 0x0, 0x0, 0x0, 0x0, 0x0, 0x2, 0xff,
    0x42, 0x44, 0x44, 0x44, 0x44, 0x44, 0x40, 0x0,
    0x0, 0x0, 0x9, 0xfd, 0x9, 0xff, 0xff, 0xff,
    0xff, 0xff, 0xf3, 0x0, 0x0, 0x0, 0x2f, 0xf5,
    0x9, 0xfe, 0xcc, 0xcc, 0xcc, 0xdf, 0xf3, 0x0,
    0x0, 0x0, 0xaf, 0xd0, 0x9, 0xfa, 0x0, 0x0,
    0x0, 0x2f, 0xf3, 0x0, 0x0, 0x4, 0xff, 0x60,
    0x9, 0xfa, 0x0, 0x0, 0x0, 0x2f, 0xf3, 0x0,
    0x0, 0x1e, 0xff, 0x30, 0x9, 0xfa, 0x0, 0x0,
    0x0, 0x2f, 0xf3, 0x0, 0x0, 0xbf, 0xff, 0x30,
    0x9, 0xfb, 0x11, 0x11, 0x11, 0x4f, 0xf3, 0x0,
    0x9, 0xff, 0xff, 0x30, 0x9, 0xff, 0xff, 0xff,
    0xff, 0xff, 0xf3, 0x0, 0x2f, 0xfb, 0xff, 0x30,
    0x9, 0xff, 0xff, 0xff, 0xff, 0xff, 0xf3, 0x0,
    0xa, 0xd0, 0xff, 0x30, 0x9, 0xfa, 0x0, 0x0,
    0x0, 0x2f, 0xf3, 0x0, 0x2, 0x10, 0xff, 0x30,
    0x9, 0xfa, 0x0, 0x0, 0x0, 0x2f, 0xf3, 0x0,
    0x0, 0x0, 0xff, 0x30, 0x9, 0xfa, 0x0, 0x0,
    0x0, 0x2f, 0xf3, 0x0, 0x0, 0x0, 0xff, 0x30,
    0x9, 0xfa, 0x0, 0x0, 0x0, 0x2f, 0xf3, 0x0,
    0x0, 0x0, 0xff, 0x30, 0x9, 0xff, 0xff, 0xff,
    0xff, 0xff, 0xf3, 0x0, 0x0, 0x0, 0xff, 0x30,
    0x9, 0xff, 0xff, 0xff, 0xff, 0xff, 0xf3, 0x0,
    0x0, 0x0, 0xff, 0x30, 0x1, 0x11, 0x11, 0x11,
    0x11, 0x11, 0x10, 0x0, 0x0, 0x0, 0xff, 0x30,
    0x0, 0x0, 0x0, 0x0, 0x0, 0x0, 0x0, 0x0,
    0x0, 0x0, 0xff, 0x30, 0x11, 0x11, 0x11, 0x11,
    0x11, 0x11, 0x11, 0x10, 0x0, 0x0, 0xff, 0x37,
    0xff, 0xff, 0xff, 0xff, 0xff, 0xff, 0xff, 0xf1,
    0x0, 0x0, 0xff, 0x37, 0xff, 0xff, 0xff, 0xff,
    0xff, 0xff, 0xff, 0xf1, 0x0, 0x0, 0xff, 0x30,
    0x0, 0x0, 0x0, 0x0, 0x0, 0x0, 0x0, 0x0,

    /* U+4F4D "位" */
    0x0, 0x0, 0x0, 0x0, 0x0, 0x0, 0x0, 0x13,
    0x0, 0x0, 0x0, 0x0, 0x0, 0x0, 0x9, 0xc6,
    0x0, 0x0, 0x4f, 0xe0, 0x0, 0x0, 0x0, 0x0,
    0x0, 0x1, 0xff, 0x50, 0x0, 0x0, 0xff, 0x50,
    0x0, 0x0, 0x0, 0x0, 0x0, 0x7f, 0xd0, 0x0,
    0x0, 0xb, 0xf9, 0x0, 0x0, 0x0, 0x0, 0x0,
    0x1e, 0xf5, 0x0, 0x0, 0x0, 0x6a, 0x50, 0x0,
    0x0, 0x0, 0x0, 0x8, 0xfd, 0x1, 0xff, 0xff,
    0xff, 0xff, 0xff, 0xff, 0xe0, 0x0, 0x3, 0xff,
    0x60, 0x1f, 0xff, 0xff, 0xff, 0xff, 0xff, 0xff,
    0x0, 0x0, 0xdf, 0xf5, 0x0, 0x33, 0x33, 0x33,
    0x33, 0x33, 0x33, 0x30, 0x0, 0x9f, 0xff, 0x50,
    0x0, 0x26, 0x40, 0x0, 0x0, 0x79, 0x50, 0x0,
    0x8f, 0xff, 0xf5, 0x0, 0x7, 0xf9, 0x0, 0x0,
    0xc, 0xf8, 0x0, 0xe, 0xfb, 0xef, 0x50, 0x0,
    0x5f, 0xc0, 0x0, 0x0, 0xef, 0x50, 0x0, 0x6d,
    0xe, 0xf5, 0x0, 0x2, 0xff, 0x0, 0x0, 0xf,
    0xf2, 0x0, 0x0, 0x20, 0xef, 0x50, 0x0, 0xf,
    0xf3, 0x0, 0x3, 0xff, 0x0, 0x0, 0x0, 0xe,
    0xf5, 0x0, 0x0, 0xcf, 0x60, 0x0, 0x6f, 0xc0,
    0x0, 0x0, 0x0, 0xef, 0x50, 0x0, 0xa, 0xf8,
    0x0, 0x9, 0xf9, 0x0, 0x0, 0x0, 0xe, 0xf5,
    0x0, 0x0, 0x7f, 0xb0, 0x0, 0xcf, 0x50, 0x0,
    0x0, 0x0, 0xef, 0x50, 0x0, 0x5, 0xfd, 0x0,
    0xf, 0xf2, 0x0, 0x0, 0x0, 0xe, 0xf5, 0x0,
    0x0, 0x3f, 0xf0, 0x3, 0xfe, 0x0, 0x0, 0x0,
    0x0, 0xef, 0x50, 0x0, 0x2, 0xb7, 0x0, 0x7f,
    0xa0, 0x0, 0x0, 0x0, 0xe, 0xf5, 0x2, 0x22,
    0x22, 0x22, 0x2b, 0xf8, 0x22, 0x22, 0x0, 0x0,
    0xef, 0x51, 0xff, 0xff, 0xff, 0xff, 0xff, 0xff,
    0xff, 0xd0, 0x0, 0xe, 0xf5, 0x1f, 0xff, 0xff,
    0xff, 0xff, 0xff, 0xff, 0xfc, 0x0, 0x0, 0xef,
    0x50, 0x0, 0x0, 0x0, 0x0, 0x0, 0x0, 0x0,
    0x0,

    /* U+4F4E "低" */
    0x0, 0x0, 0x0, 0x0, 0x0, 0x0, 0x0, 0x0,
    0x0, 0x0, 0x0, 0x0, 0x0, 0x0, 0x1, 0xea,
    0x10, 0x0, 0x0, 0x0, 0x4, 0x8e, 0xc0, 0x0,
    0x0, 0x0, 0x6, 0xfd, 0x0, 0x0, 0x36, 0x8c,
    0xff, 0xff, 0xf9, 0x0, 0x0, 0x0, 0xd, 0xf6,
    0xa, 0xdf, 0xff, 0xff, 0xff, 0xa6, 0x10, 0x0,
    0x0, 0x0, 0x5f, 0xf0, 0xf, 0xff, 0xdb, 0x89,
    0xfc, 0x0, 0x0, 0x0, 0x0, 0x0, 0xdf, 0x80,
    0xf, 0xf2, 0x0, 0x4, 0xfd, 0x0, 0x0, 0x0,
    0x0, 0x6, 0xff, 0x20, 0xf, 0xf1, 0x0, 0x3,
    0xfe, 0x0, 0x0, 0x0, 0x0, 0x1e, 0xff, 0x10,
    0xf, 0xf1, 0x0, 0x3, 0xff, 0x0, 0x0, 0x0,
    0x0, 0xaf, 0xff, 0x10, 0xf, 0xf1, 0x0, 0x2,
    0xff, 0x0, 0x0, 0x0, 0x7, 0xff, 0xff, 0x10,
    0xf, 0xf3, 0x22, 0x23, 0xff, 0x22, 0x22, 0x10,
    0x2f, 0xfb, 0xff, 0x10, 0xf, 0xff, 0xff, 0xff,
    0xff, 0xff, 0xff, 0xb0, 0xd, 0xd1, 0xff, 0x10,
    0xf, 0xff, 0xff, 0xff, 0xff, 0xff, 0xff, 0xb0,
    0x4, 0x30, 0xff, 0x10, 0xf, 0xf1, 0x0, 0x0,
    0xcf, 0x50, 0x0, 0x0, 0x0, 0x0, 0xff, 0x10,
    0xf, 0xf1, 0x0, 0x0, 0x9f, 0x80, 0x0, 0x0,
    0x0, 0x0, 0xff, 0x10, 0xf, 0xf1, 0x0, 0x0,
    0x7f, 0xa0, 0x0, 0x0, 0x0, 0x0, 0xff, 0x10,
    0xf, 0xf1, 0x0, 0x0, 0x5f, 0xd0, 0x0, 0x0,
    0x0, 0x0, 0xff, 0x10, 0xf, 0xf1, 0x0, 0x0,
    0x2f, 0xf1, 0x0, 0x0, 0x0, 0x0, 0xff, 0x10,
    0xf, 0xf1, 0x0, 0x65, 0xe, 0xf4, 0x6, 0x50,
    0x0, 0x0, 0xff, 0x10, 0xf, 0xf1, 0x0, 0xee,
    0xa, 0xfa, 0x8, 0xf1, 0x0, 0x0, 0xff, 0x10,
    0xf, 0xf1, 0x25, 0x8f, 0x65, 0xff, 0x1c, 0xe0,
    0x0, 0x0, 0xff, 0x10, 0x3f, 0xfe, 0xff, 0x2f,
    0xd0, 0xef, 0xff, 0xb0, 0x0, 0x0, 0xff, 0x10,
    0xcf, 0xff, 0xd8, 0xa, 0xf3, 0x4f, 0xff, 0x50,
    0x0, 0x0, 0xff, 0x10, 0x6c, 0x72, 0x0, 0x3,
    0x61, 0x5, 0xb8, 0x0, 0x0, 0x0, 0x0, 0x0,
    0x0, 0x0, 0x0, 0x0, 0x0, 0x0, 0x0, 0x0,

    /* U+4F5C "作" */
    0x0, 0x0, 0x0, 0x0, 0x0, 0x0, 0x0, 0x0,
    0x0, 0x0, 0x0, 0x0, 0x0, 0x0, 0x0, 0xab,
    0x40, 0x0, 0x89, 0x30, 0x0, 0x0, 0x0, 0x0,
    0x0, 0x0, 0x1, 0xff, 0x40, 0x1, 0xff, 0x50,
    0x0, 0x0, 0x0, 0x0, 0x0, 0x0, 0x8, 0xfd,
    0x0, 0x8, 0xfe, 0x0, 0x0, 0x0, 0x0, 0x0,
    0x0, 0x0, 0x1f, 0xf5, 0x0, 0xe, 0xfa, 0x22,
    0x22, 0x22, 0x22, 0x20, 0x0, 0x0, 0x9f, 0xe0,
    0x0, 0x6f, 0xff, 0xff, 0xff, 0xff, 0xff, 0xf0,
    0x0, 0x3, 0xff, 0x70, 0x0, 0xdf, 0xff, 0xff,
    0xff, 0xff, 0xff, 0xf0, 0x0, 0xd, 0xff, 0x50,
    0x8, 0xfe, 0x14, 0xff, 0x0, 0x0, 0x0, 0x0,
    0x0, 0xaf, 0xff, 0x50, 0x3f, 0xf6, 0x4, 0xff,
    0x0, 0x0, 0x0, 0x0, 0x8, 0xff, 0xff, 0x51,
    0xef, 0xc0, 0x4, 0xff, 0x0, 0x0, 0x0, 0x0,
    0xe, 0xfc, 0xff, 0x54, 0xfe, 0x10, 0x4, 0xff,
    0xff, 0xff, 0xff, 0x70, 0x6, 0xd1, 0xef, 0x50,
    0x34, 0x0, 0x4, 0xff, 0xff, 0xff, 0xff, 0x70,
    0x0, 0x20, 0xef, 0x50, 0x0, 0x0, 0x4, 0xff,
    0x0, 0x0, 0x0, 0x0, 0x0, 0x0, 0xef, 0x50,
    0x0, 0x0, 0x4, 0xff, 0x0, 0x0, 0x0, 0x0,
    0x0, 0x0, 0xef, 0x50, 0x0, 0x0, 0x4, 0xff,
    0x0, 0x0, 0x0, 0x0, 0x0, 0x0, 0xef, 0x50,
    0x0, 0x0, 0x4, 0xff, 0xff, 0xff, 0xff, 0xc0,
    0x0, 0x0, 0xef, 0x50, 0x0, 0x0, 0x4, 0xff,
    0xff, 0xff, 0xff, 0xd0, 0x0, 0x0, 0xef, 0x50,
    0x0, 0x0, 0x4, 0xff, 0x11, 0x11, 0x11, 0x10,
    0x0, 0x0, 0xef, 0x50, 0x0, 0x0, 0x4, 0xff,
    0x0, 0x0, 0x0, 0x0, 0x0, 0x0, 0xef, 0x50,
    0x0, 0x0, 0x4, 0xff, 0x0, 0x0, 0x0, 0x0,
    0x0, 0x0, 0xef, 0x50, 0x0, 0x0, 0x4, 0xff,
    0x0, 0x0, 0x0, 0x0, 0x0, 0x0, 0xef, 0x50,
    0x0, 0x0, 0x4, 0xff, 0x0, 0x0, 0x0, 0x0,
    0x0, 0x0, 0xef, 0x50, 0x0, 0x0, 0x4, 0xff,
    0x0, 0x0, 0x0, 0x0, 0x0, 0x0, 0x0, 0x0,
    0x0, 0x0, 0x0, 0x0, 0x0, 0x0, 0x0, 0x0,

    /* U+4F60 "你" */
    0x0, 0x0, 0x0, 0x10, 0x0, 0x2, 0x0, 0x0,
    0x0, 0x0, 0x0, 0x0, 0x0, 0x0, 0x1, 0xfd,
    0x20, 0xf, 0xf4, 0x0, 0x0, 0x0, 0x0, 0x0,
    0x0, 0x0, 0x7, 0xfd, 0x0, 0x5f, 0xf1, 0x0,
    0x0, 0x0, 0x0, 0x0, 0x0, 0x0, 0xe, 0xf5,
    0x0, 0xaf, 0xc0, 0x0, 0x0, 0x0, 0x0, 0x0,
    0x0, 0x0, 0x7f, 0xd0, 0x0, 0xff, 0x70, 0x0,
    0x0, 0x0, 0x0, 0x0, 0x0, 0x1, 0xff, 0x50,
    0x5, 0xff, 0xee, 0xee, 0xee, 0xee, 0xee, 0xd2,
    0x0, 0xa, 0xff, 0x0, 0xd, 0xff, 0xff, 0xff,
    0xff, 0xff, 0xff, 0xf1, 0x0, 0x5f, 0xfe, 0x0,
    0x5f, 0xf4, 0x22, 0x6f, 0xe2, 0x22, 0x5f, 0xe0,
    0x2, 0xff, 0xfe, 0x1, 0xef, 0xa0, 0x0, 0x4f,
    0xe0, 0x0, 0x5f, 0xb0, 0x1e, 0xff, 0xfe, 0x9,
    0xff, 0x20, 0x0, 0x4f, 0xe0, 0x0, 0x8f, 0x70,
    0x3f, 0xf7, 0xfe, 0x1, 0xb7, 0x0, 0x0, 0x4f,
    0xe0, 0x0, 0x49, 0x30, 0xa, 0x72, 0xfe, 0x0,
    0x0, 0x5b, 0x70, 0x4f, 0xe0, 0x5d, 0x70, 0x0,
    0x1, 0x2, 0xfe, 0x0, 0x0, 0xbf, 0xa0, 0x4f,
    0xe0, 0x6f, 0xe0, 0x0, 0x0, 0x2, 0xfe, 0x0,
    0x1, 0xff, 0x40, 0x4f, 0xe0, 0xf, 0xf5, 0x0,
    0x0, 0x2, 0xfe, 0x0, 0x5, 0xff, 0x0, 0x4f,
    0xe0, 0x9, 0xfc, 0x0, 0x0, 0x2, 0xfe, 0x0,
    0xb, 0xfa, 0x0, 0x4f, 0xe0, 0x3, 0xff, 0x20,
    0x0, 0x2, 0xfe, 0x0, 0x3f, 0xf4, 0x0, 0x4f,
    0xe0, 0x0, 0xdf, 0x70, 0x0, 0x2, 0xfe, 0x0,
    0xbf, 0xd0, 0x0, 0x4f, 0xe0, 0x0, 0x9f, 0xb0,
    0x0, 0x2, 0xfe, 0x3, 0xff, 0x40, 0x0, 0x4f,
    0xe0, 0x0, 0x5f, 0xf0, 0x0, 0x2, 0xfe, 0x0,
    0x38, 0x0, 0x0, 0x4f, 0xe0, 0x0, 0x19, 0x30,
    0x0, 0x2, 0xfe, 0x0, 0x0, 0x0, 0x22, 0x7f,
    0xd0, 0x0, 0x0, 0x0, 0x0, 0x2, 0xfe, 0x0,
    0x0, 0x0, 0xef, 0xff, 0xb0, 0x0, 0x0, 0x0,
    0x0, 0x2, 0xfe, 0x0, 0x0, 0x0, 0x8f, 0xfb,
    0x20, 0x0, 0x0, 0x0, 0x0, 0x0, 0x0, 0x0,
    0x0, 0x0, 0x0, 0x0, 0x0, 0x0, 0x0, 0x0,

    /* U+4FA7 "侧" */
    0x0, 0x0, 0x10, 0x0, 0x0, 0x0, 0x0, 0x0,
    0x0, 0x0, 0x0, 0x0, 0x0, 0xb, 0xf3, 0x0,
    0x0, 0x0, 0x0, 0x0, 0x0, 0xc, 0xf1, 0x0,
    0x0, 0xff, 0x1c, 0xcc, 0xcc, 0xcc, 0xc0, 0x0,
    0x0, 0xcf, 0x10, 0x0, 0x4f, 0xb1, 0xff, 0xee,
    0xee, 0xff, 0x11, 0xfa, 0xc, 0xf1, 0x0, 0x9,
    0xf6, 0x1f, 0xa0, 0x0, 0xb, 0xf1, 0x1f, 0xa0,
    0xcf, 0x10, 0x0, 0xef, 0x11, 0xfa, 0x8, 0xa0,
    0xbf, 0x11, 0xfa, 0xc, 0xf1, 0x0, 0x4f, 0xf0,
    0x1f, 0xa0, 0xbe, 0xb, 0xf1, 0x1f, 0xa0, 0xcf,
    0x10, 0xc, 0xff, 0x1, 0xfa, 0xb, 0xe0, 0xbf,
    0x11, 0xfa, 0xc, 0xf1, 0x4, 0xff, 0xf0, 0x1f,
    0xa0, 0xbe, 0xb, 0xf1, 0x1f, 0xa0, 0xcf, 0x10,
    0xdf, 0xff, 0x1, 0xfa, 0xb, 0xe0, 0xbf, 0x11,
    0xfa, 0xc, 0xf1, 0x2f, 0xec, 0xf0, 0x1f, 0xa0,
    0xbe, 0xb, 0xf1, 0x1f, 0xa0, 0xcf, 0x10, 0x95,
    0xcf, 0x1, 0xfa, 0xb, 0xe0, 0xbf, 0x11, 0xfa,
    0xc, 0xf1, 0x1, 0xc, 0xf0, 0x1f, 0xa0, 0xbe,
    0xb, 0xf1, 0x1f, 0xa0, 0xcf, 0x10, 0x0, 0xcf,
    0x1, 0xfa, 0xb, 0xe0, 0xbf, 0x11, 0xfa, 0xc,
    0xf1, 0x0, 0xc, 0xf0, 0x1f, 0xa0, 0xce, 0xb,
    0xf1, 0x1f, 0xa0, 0xcf, 0x10, 0x0, 0xcf, 0x1,
    0xfa, 0xd, 0xc0, 0xbf, 0x11, 0xfa, 0xc, 0xf1,
    0x0, 0xc, 0xf0, 0x1f, 0xa0, 0xfb, 0xb, 0xf1,
    0x1f, 0xa0, 0xcf, 0x10, 0x0, 0xcf, 0x0, 0x53,
    0x3f, 0x70, 0x23, 0x0, 0x64, 0xc, 0xf1, 0x0,
    0xc, 0xf0, 0x0, 0xa, 0xf8, 0xf4, 0x0, 0x0,
    0x0, 0xcf, 0x10, 0x0, 0xcf, 0x0, 0x4, 0xfb,
    0x1e, 0xe2, 0x0, 0x0, 0xc, 0xf1, 0x0, 0xc,
    0xf0, 0x2, 0xef, 0x20, 0x4f, 0xc0, 0x0, 0x0,
    0xcf, 0x10, 0x0, 0xcf, 0x5, 0xff, 0x60, 0x0,
    0x9f, 0x70, 0x3e, 0xef, 0xf0, 0x0, 0xc, 0xf0,
    0x2e, 0x50, 0x0, 0x1, 0xa1, 0x0, 0xff, 0xd5,
    0x0, 0x0, 0x0, 0x0, 0x0, 0x0, 0x0, 0x0,
    0x0, 0x0, 0x0, 0x0,

    /* U+4FDD "保" */
    0x0, 0x0, 0x0, 0x0, 0x0, 0x0, 0x0, 0x0,
    0x0, 0x0, 0x0, 0x0, 0x0, 0x0, 0x0, 0xbb,
    0x40, 0x0, 0x0, 0x0, 0x0, 0x0, 0x0, 0x0,
    0x0, 0x0, 0x2, 0xff, 0x2b, 0xff, 0xff, 0xff,
    0xff, 0xff, 0xfa, 0x0, 0x0, 0x0, 0x9, 0xfa,
    0xb, 0xff, 0xee, 0xee, 0xee, 0xef, 0xfa, 0x0,
    0x0, 0x0, 0x2f, 0xf3, 0xb, 0xf5, 0x0, 0x0,
    0x0, 0x8, 0xfa, 0x0, 0x0, 0x0, 0xbf, 0xb0,
    0xb, 0xf5, 0x0, 0x0, 0x0, 0x8, 0xfa, 0x0,
    0x0, 0x5, 0xff, 0x40, 0xb, 0xf5, 0x0, 0x0,
    0x0, 0x8, 0xfa, 0x0, 0x0, 0x2f, 0xff, 0x20,
    0xb, 0xf5, 0x0, 0x0, 0x0, 0x9, 0xfa, 0x0,
    0x0, 0xcf, 0xff, 0x20, 0xb, 0xff, 0xff, 0xff,
    0xff, 0xff, 0xfa, 0x0, 0xb, 0xff, 0xff, 0x20,
    0xb, 0xff, 0xff, 0xff, 0xff, 0xff, 0xfa, 0x0,
    0x2f, 0xf7, 0xef, 0x20, 0x0, 0x0, 0x0, 0xcf,
    0x60, 0x0, 0x0, 0x0, 0x8, 0x70, 0xef, 0x20,
    0x0, 0x0, 0x0, 0xcf, 0x60, 0x0, 0x0, 0x0,
    0x0, 0x0, 0xef, 0x25, 0xcc, 0xcc, 0xcc, 0xff,
    0xec, 0xcc, 0xcc, 0xb0, 0x0, 0x0, 0xef, 0x26,
    0xff, 0xff, 0xff, 0xff, 0xff, 0xff, 0xff, 0xe0,
    0x0, 0x0, 0xef, 0x21, 0x33, 0x33, 0x7f, 0xff,
    0xfe, 0x33, 0x33, 0x20, 0x0, 0x0, 0xef, 0x20,
    0x0, 0x1, 0xef, 0xff, 0xff, 0xa0, 0x0, 0x0,
    0x0, 0x0, 0xef, 0x20, 0x0, 0xd, 0xfc, 0xdf,
    0x9f, 0xf6, 0x0, 0x0, 0x0, 0x0, 0xef, 0x20,
    0x0, 0xbf, 0xe1, 0xcf, 0x65, 0xff, 0x40, 0x0,
    0x0, 0x0, 0xef, 0x20, 0x1c, 0xff, 0x30, 0xcf,
    0x60, 0x9f, 0xf4, 0x0, 0x0, 0x0, 0xef, 0x24,
    0xef, 0xf6, 0x0, 0xcf, 0x60, 0xc, 0xff, 0x80,
    0x0, 0x0, 0xef, 0x3d, 0xff, 0x50, 0x0, 0xcf,
    0x60, 0x0, 0xcf, 0xf4, 0x0, 0x0, 0xef, 0x21,
    0xc3, 0x0, 0x0, 0xcf, 0x60, 0x0, 0xa, 0x70,
    0x0, 0x0, 0xef, 0x20, 0x0, 0x0, 0x0, 0xcf,
    0x60, 0x0, 0x0, 0x0, 0x0, 0x0, 0x0, 0x0,
    0x0, 0x0, 0x0, 0x1, 0x0, 0x0, 0x0, 0x0,

    /* U+4FE1 "信" */
    0x0, 0x0, 0x1, 0xb6, 0x0, 0x0, 0x4, 0xb5,
    0x0, 0x0, 0x0, 0x0, 0x0, 0x0, 0x7f, 0xd0,
    0x0, 0x0, 0x7f, 0xe0, 0x0, 0x0, 0x0, 0x0,
    0x0, 0xe, 0xf6, 0x0, 0x0, 0x0, 0xef, 0x70,
    0x0, 0x0, 0x0, 0x0, 0x6, 0xfe, 0x1, 0x11,
    0x11, 0x18, 0xc5, 0x11, 0x11, 0x11, 0x0, 0x0,
    0xef, 0x74, 0xff, 0xff, 0xff, 0xff, 0xff, 0xff,
    0xff, 0xe0, 0x0, 0x7f, 0xf1, 0x3b, 0xbb, 0xbb,
    0xbb, 0xbb, 0xbb, 0xbb, 0xbb, 0x0, 0x2f, 0xff,
    0x10, 0x0, 0x0, 0x0, 0x0, 0x0, 0x0, 0x0,
    0x0, 0xc, 0xff, 0xf1, 0x0, 0x7c, 0xcc, 0xcc,
    0xcc, 0xcc, 0xcc, 0x10, 0xa, 0xff, 0xff, 0x10,
    0x9, 0xff, 0xff, 0xff, 0xff, 0xff, 0xf1, 0x0,
    0xef, 0x5f, 0xf1, 0x0, 0x0, 0x0, 0x0, 0x0,
    0x0, 0x0, 0x0, 0x5, 0x80, 0xff, 0x10, 0x6,
    0xaa, 0xaa, 0xaa, 0xaa, 0xaa, 0xa0, 0x0, 0x0,
    0xf, 0xf1, 0x0, 0x9f, 0xff, 0xff, 0xff, 0xff,
    0xff, 0x10, 0x0, 0x0, 0xff, 0x10, 0x1, 0x11,
    0x11, 0x11, 0x11, 0x11, 0x10, 0x0, 0x0, 0xf,
    0xf1, 0x0, 0x0, 0x0, 0x0, 0x0, 0x0, 0x0,
    0x0, 0x0, 0x0, 0xff, 0x10, 0xe, 0xff, 0xff,
    0xff, 0xff, 0xff, 0xf5, 0x0, 0x0, 0xf, 0xf1,
    0x0, 0xef, 0xdd, 0xdd, 0xdd, 0xdd, 0xff, 0x50,
    0x0, 0x0, 0xff, 0x10, 0xe, 0xf0, 0x0, 0x0,
    0x0, 0x9, 0xf5, 0x0, 0x0, 0xf, 0xf1, 0x0,
    0xef, 0x0, 0x0, 0x0, 0x0, 0x9f, 0x50, 0x0,
    0x0, 0xff, 0x10, 0xe, 0xf0, 0x0, 0x0, 0x0,
    0x9, 0xf5, 0x0, 0x0, 0xf, 0xf1, 0x0, 0xef,
    0xcc, 0xcc, 0xcc, 0xcc, 0xef, 0x50, 0x0, 0x0,
    0xff, 0x10, 0xe, 0xff, 0xff, 0xff, 0xff, 0xff,
    0xf5, 0x0, 0x0, 0xf, 0xf1, 0x0, 0xde, 0x0,
    0x0, 0x0, 0x0, 0x8d, 0x40,

    /* U+5019 "候" */
    0x0, 0x0, 0x1d, 0x91, 0x0, 0x0, 0x0, 0x0,
    0x0, 0x1, 0x0, 0x0, 0x0, 0x0, 0x6f, 0xd0,
    0x0, 0xe, 0xff, 0xff, 0xff, 0xff, 0xa0, 0x0,
    0x0, 0x0, 0xcf, 0x70, 0x0, 0xb, 0xcc, 0xcc,
    0xcc, 0xef, 0x80, 0x0, 0x0, 0x2, 0xff, 0x10,
    0x0, 0x0, 0x0, 0x0, 0x0, 0xbf, 0x60, 0x0,
    0x0, 0x8, 0xfb, 0x2, 0x20, 0x0, 0x0, 0x0,
    0x0, 0xdf, 0x30, 0x0, 0x0, 0xe, 0xf6, 0xf,
    0xd1, 0xbb, 0xbb, 0xbb, 0xbb, 0xff, 0xcb, 0x90,
    0x0, 0x8f, 0xf4, 0xf, 0xd1, 0xff, 0xff, 0xff,
    0xff, 0xff, 0xff, 0xc0, 0x1, 0xff, 0xf4, 0xf,
    0xd0, 0x11, 0xbb, 0x41, 0x11, 0x11, 0x11, 0x10,
    0xb, 0xff, 0xf4, 0xf, 0xd0, 0x1, 0xff, 0x20,
    0x0, 0x0, 0x0, 0x0, 0x4f, 0xff, 0xf4, 0xf,
    0xd0, 0x8, 0xff, 0xbb, 0xbb, 0xbb, 0xba, 0x0,
    0xd, 0xad, 0xf4, 0xf, 0xd0, 0x1e, 0xff, 0xff,
    0xff, 0xff, 0xfe, 0x0, 0x5, 0xd, 0xf4, 0xf,
    0xd0, 0xcf, 0xb2, 0x2c, 0xf7, 0x22, 0x22, 0x0,
    0x0, 0xd, 0xf4, 0xf, 0xd2, 0xef, 0x10, 0xb,
    0xf6, 0x0, 0x0, 0x0, 0x0, 0xd, 0xf4, 0xf,
    0xd0, 0x25, 0x11, 0x1c, 0xf7, 0x11, 0x11, 0x10,
    0x0, 0xd, 0xf4, 0xf, 0xd0, 0xff, 0xff, 0xff,
    0xff, 0xff, 0xff, 0xd0, 0x0, 0xd, 0xf4, 0xf,
    0xd0, 0xcc, 0xcc, 0xdf, 0xfe, 0xcc, 0xcc, 0xa0,
    0x0, 0xd, 0xf4, 0xf, 0xd0, 0x0, 0x0, 0x6f,
    0xfe, 0x10, 0x0, 0x0, 0x0, 0xd, 0xf4, 0x3,
    0x30, 0x0, 0x3, 0xff, 0xef, 0xb0, 0x0, 0x0,
    0x0, 0xd, 0xf4, 0x0, 0x0, 0x0, 0x5e, 0xfb,
    0x1e, 0xfc, 0x20, 0x0, 0x0, 0xd, 0xf4, 0x0,
    0x0, 0x4b, 0xff, 0xb0, 0x3, 0xff, 0xfa, 0x40,
    0x0, 0xd, 0xf4, 0x0, 0xc, 0xff, 0xf7, 0x0,
    0x0, 0x2c, 0xff, 0xb0, 0x0, 0xd, 0xf4, 0x0,
    0x1, 0xd8, 0x10, 0x0, 0x0, 0x0, 0x5b, 0x10,
    0x0, 0x0, 0x0, 0x0, 0x0, 0x0, 0x0, 0x0,
    0x0, 0x0, 0x0, 0x0,

    /* U+5047 "假" */
    0x0, 0x0, 0x8b, 0x40, 0x0, 0x0, 0x0, 0x0,
    0x0, 0x0, 0x0, 0x0, 0x0, 0x0, 0xef, 0x5e,
    0xff, 0xff, 0xff, 0xf, 0xff, 0xff, 0xfd, 0x0,
    0x0, 0x3, 0xff, 0xe, 0xfd, 0xcc, 0xff, 0xc,
    0xdd, 0xde, 0xfd, 0x0, 0x0, 0x8, 0xfc, 0xe,
    0xf2, 0x0, 0xff, 0x0, 0x0, 0x3, 0xfd, 0x0,
    0x0, 0xd, 0xf7, 0xe, 0xf2, 0x0, 0xff, 0x0,
    0x0, 0x3, 0xfd, 0x0, 0x0, 0x2f, 0xf4, 0xe,
    0xf2, 0x0, 0xff, 0x0, 0x0, 0x3, 0xfd, 0x0,
    0x0, 0x9f, 0xf3, 0xe, 0xf2, 0x0, 0xff, 0x1,
    0x11, 0x14, 0xfd, 0x0, 0x1, 0xff, 0xf3, 0xe,
    0xff, 0xff, 0xff, 0xf, 0xff, 0xff, 0xfd, 0x0,
    0xb, 0xff, 0xf3, 0xe, 0xfd, 0xdd, 0xdd, 0xc,
    0xcc, 0xcc, 0xca, 0x0, 0x3f, 0xff, 0xf3, 0xe,
    0xf2, 0x0, 0x0, 0x0, 0x0, 0x0, 0x0, 0x0,
    0xe, 0xbe, 0xf3, 0xe, 0xf3, 0x0, 0x0, 0x7b,
    0xbb, 0xbb, 0xb9, 0x10, 0x5, 0x1e, 0xf3, 0xe,
    0xff, 0xff, 0xf4, 0xbf, 0xff, 0xff, 0xfe, 0x0,
    0x0, 0xe, 0xf3, 0xe, 0xfd, 0xcc, 0xc3, 0x2e,
    0xa1, 0x15, 0xfa, 0x0, 0x0, 0xe, 0xf3, 0xe,
    0xf2, 0x0, 0x0, 0xe, 0xf1, 0xa, 0xf5, 0x0,
    0x0, 0xe, 0xf3, 0xe, 0xf2, 0x0, 0x0, 0x8,
    0xf9, 0x2f, 0xf1, 0x0, 0x0, 0xe, 0xf3, 0xe,
    0xfd, 0xdd, 0xda, 0x1, 0xff, 0xcf, 0x70, 0x0,
    0x0, 0xe, 0xf3, 0xe, 0xff, 0xff, 0xfc, 0x0,
    0x8f, 0xfd, 0x0, 0x0, 0x0, 0xe, 0xf3, 0xe,
    0xf3, 0x0, 0x0, 0x0, 0x6f, 0xf9, 0x0, 0x0,
    0x0, 0xe, 0xf3, 0xe, 0xf2, 0x0, 0x0, 0x8,
    0xff, 0xff, 0x80, 0x0, 0x0, 0xe, 0xf3, 0xe,
    0xf2, 0x0, 0x5, 0xcf, 0xf6, 0x5f, 0xfb, 0x30,
    0x0, 0xe, 0xf3, 0xe, 0xf2, 0x0, 0xaf, 0xfd,
    0x30, 0x5, 0xff, 0xd0, 0x0, 0xe, 0xf3, 0xd,
    0xf2, 0x0, 0x3d, 0x50, 0x0, 0x0, 0x2b, 0x30,
    0x0, 0x0, 0x0, 0x0, 0x0, 0x0, 0x0, 0x0,
    0x0, 0x0, 0x0, 0x0,

    /* U+504F "偏" */
    0x0, 0x0, 0x0, 0x10, 0x0, 0x0, 0x0, 0x12,
    0x0, 0x0, 0x0, 0x0, 0x0, 0x0, 0xa, 0xe6,
    0x0, 0x0, 0x5f, 0xd0, 0x0, 0x0, 0x0, 0x0,
    0x0, 0x1, 0xff, 0x30, 0x0, 0x0, 0xff, 0x30,
    0x0, 0x0, 0x0, 0x0, 0x0, 0x8f, 0xb3, 0xcc,
    0xcc, 0xcf, 0xfe, 0xcc, 0xcc, 0xb0, 0x0, 0x0,
    0x2f, 0xf3, 0x4f, 0xff, 0xff, 0xff, 0xff, 0xff,
    0xfe, 0x0, 0x0, 0xa, 0xfb, 0x4, 0xfc, 0x0,
    0x0, 0x0, 0x0, 0x4f, 0xe0, 0x0, 0x4, 0xff,
    0x40, 0x4f, 0xc0, 0x0, 0x0, 0x0, 0x3, 0xfe,
    0x0, 0x1, 0xef, 0xf1, 0x4, 0xfc, 0x0, 0x0,
    0x0, 0x0, 0x4f, 0xe0, 0x0, 0xaf, 0xff, 0x10,
    0x4f, 0xff, 0xff, 0xff, 0xff, 0xff, 0xfe, 0x0,
    0x8f, 0xff, 0xf1, 0x4, 0xff, 0xcc, 0xcc, 0xcc,
    0xcc, 0xcc, 0xb0, 0x1f, 0xfa, 0xff, 0x10, 0x4f,
    0xc0, 0x0, 0x0, 0x0, 0x0, 0x0, 0x0, 0x9c,
    0xf, 0xf1, 0x5, 0xfc, 0xff, 0xff, 0xff, 0xff,
    0xff, 0xf3, 0x1, 0x10, 0xff, 0x10, 0x6f, 0xcf,
    0xdb, 0xfd, 0xbf, 0xdb, 0xdf, 0x30, 0x0, 0xf,
    0xf1, 0x7, 0xfa, 0xf8, 0xe, 0x80, 0xe8, 0x7,
    0xf3, 0x0, 0x0, 0xff, 0x10, 0x8f, 0x9f, 0x80,
    0xe8, 0xe, 0x80, 0x7f, 0x30, 0x0, 0xf, 0xf1,
    0xb, 0xf7, 0xf8, 0xe, 0x80, 0xe9, 0x8, 0xf3,
    0x0, 0x0, 0xff, 0x10, 0xef, 0x5f, 0xff, 0xff,
    0xff, 0xff, 0xff, 0x30, 0x0, 0xf, 0xf1, 0xf,
    0xf2, 0xfd, 0xaf, 0xda, 0xfd, 0xad, 0xf3, 0x0,
    0x0, 0xff, 0x14, 0xfd, 0x1f, 0x80, 0xe8, 0xe,
    0x80, 0x7f, 0x30, 0x0, 0xf, 0xf1, 0x9f, 0xa1,
    0xf8, 0xe, 0x80, 0xe8, 0x7, 0xf3, 0x0, 0x0,
    0xff, 0x2e, 0xf5, 0x1f, 0x80, 0xe8, 0xe, 0x80,
    0x7f, 0x30, 0x0, 0xf, 0xf4, 0xef, 0x1, 0xf8,
    0xe, 0x80, 0xea, 0xdf, 0xf2, 0x0, 0x0, 0xff,
    0x11, 0x60, 0x1f, 0x80, 0x21, 0x2, 0x1a, 0xd8,
    0x0,

    /* U+505A "做" */
    0x0, 0x0, 0x8, 0x82, 0x1, 0x99, 0x20, 0x0,
    0x2c, 0x70, 0x0, 0x0, 0x0, 0x0, 0x1f, 0xf3,
    0x2, 0xff, 0x30, 0x0, 0x5f, 0x90, 0x0, 0x0,
    0x0, 0x0, 0x7f, 0xd0, 0x2, 0xff, 0x30, 0x0,
    0x8f, 0x60, 0x0, 0x0, 0x0, 0x0, 0xdf, 0x60,
    0x2, 0xff, 0x30, 0x0, 0xbf, 0x20, 0x0, 0x0,
    0x0, 0x4, 0xff, 0x4d, 0xdd, 0xff, 0xed, 0xd1,
    0xef, 0xdc, 0xcc, 0xc0, 0x0, 0xb, 0xfc, 0x3f,
    0xff, 0xff, 0xff, 0xf4, 0xff, 0xff, 0xff, 0xf0,
    0x0, 0x4f, 0xfc, 0x2, 0x25, 0xff, 0x52, 0x27,
    0xf7, 0x11, 0xfe, 0x10, 0x0, 0xdf, 0xfc, 0x0,
    0x2, 0xff, 0x30, 0xc, 0xf7, 0x0, 0xfb, 0x0,
    0x8, 0xff, 0xfc, 0x0, 0x2, 0xff, 0x30, 0x3f,
    0xf9, 0x3, 0xf9, 0x0, 0x2f, 0xfc, 0xfc, 0x0,
    0x2, 0xff, 0x30, 0xbf, 0xfc, 0x5, 0xf6, 0x0,
    0xc, 0xd4, 0xfc, 0x1, 0x24, 0xff, 0x52, 0xce,
    0xce, 0x7, 0xf4, 0x0, 0x5, 0x23, 0xfc, 0xc,
    0xff, 0xff, 0xff, 0xd6, 0x8f, 0x2c, 0xf1, 0x0,
    0x0, 0x3, 0xfc, 0xc, 0xfc, 0xcc, 0xdf, 0xc0,
    0x4f, 0x7f, 0xc0, 0x0, 0x0, 0x3, 0xfc, 0xc,
    0xf2, 0x0, 0x2f, 0xc0, 0x1f, 0xef, 0x70, 0x0,
    0x0, 0x3, 0xfc, 0xc, 0xf2, 0x0, 0x2f, 0xc0,
    0xb, 0xff, 0x20, 0x0, 0x0, 0x3, 0xfc, 0xc,
    0xf2, 0x0, 0x2f, 0xc0, 0x6, 0xfd, 0x0, 0x0,
    0x0, 0x3, 0xfc, 0xc, 0xf2, 0x0, 0x2f, 0xc0,
    0xc, 0xff, 0x20, 0x0, 0x0, 0x3, 0xfc, 0xc,
    0xfe, 0xdd, 0xef, 0xc0, 0x7f, 0xff, 0xb0, 0x0,
    0x0, 0x3, 0xfc, 0xc, 0xff, 0xff, 0xff, 0xc4,
    0xff, 0x2d, 0xf7, 0x0, 0x0, 0x3, 0xfc, 0xc,
    0xf3, 0x0, 0x0, 0x7f, 0xf6, 0x4, 0xff, 0x80,
    0x0, 0x3, 0xfc, 0xc, 0xf2, 0x0, 0x4, 0xff,
    0x70, 0x0, 0x7f, 0xd0, 0x0, 0x3, 0xfc, 0x1,
    0x10, 0x0, 0x0, 0x86, 0x0, 0x0, 0x8, 0x30,

    /* U+505C "停" */
    0x0, 0x0, 0x0, 0x0, 0x0, 0x0, 0x0, 0x1,
    0x0, 0x0, 0x0, 0x0, 0x0, 0x0, 0x0, 0xba,
    0x30, 0x0, 0x4, 0xed, 0x0, 0x0, 0x0, 0x0,
    0x0, 0x0, 0x2, 0xff, 0x20, 0x0, 0x1, 0xff,
    0x60, 0x0, 0x0, 0x0, 0x0, 0x0, 0x9, 0xfa,
    0xaf, 0xff, 0xff, 0xff, 0xff, 0xff, 0xff, 0xf0,
    0x0, 0x0, 0x2f, 0xf2, 0x8c, 0xcc, 0xcc, 0xcc,
    0xcc, 0xcc, 0xcc, 0xc0, 0x0, 0x0, 0xaf, 0xa0,
    0x0, 0x0, 0x0, 0x0, 0x0, 0x0, 0x0, 0x0,
    0x0, 0x3, 0xff, 0x30, 0x1, 0xff, 0xff, 0xff,
    0xff, 0xff, 0xf1, 0x0, 0x0, 0xd, 0xfe, 0x0,
    0x1, 0xfd, 0x77, 0x77, 0x77, 0x8f, 0xf1, 0x0,
    0x0, 0xaf, 0xfe, 0x0, 0x1, 0xfb, 0x0, 0x0,
    0x0, 0xf, 0xf1, 0x0, 0x7, 0xff, 0xfe, 0x0,
    0x1, 0xff, 0xff, 0xff, 0xff, 0xff, 0xf1, 0x0,
    0xc, 0xfc, 0xfe, 0x0, 0x1, 0x99, 0x99, 0x99,
    0x99, 0x99, 0x91, 0x0, 0x4, 0xd2, 0xfe, 0x0,
    0x0, 0x0, 0x0, 0x0, 0x0, 0x0, 0x0, 0x0,
    0x0, 0x21, 0xfe, 0x2, 0xff, 0xff, 0xff, 0xff,
    0xff, 0xff, 0xff, 0xf0, 0x0, 0x1, 0xfe, 0x2,
    0xff, 0xcc, 0xcc, 0xcc, 0xcc, 0xcc, 0xcf, 0xf0,
    0x0, 0x1, 0xfe, 0x2, 0xfc, 0x0, 0x0, 0x0,
    0x0, 0x0, 0xf, 0xf0, 0x0, 0x1, 0xfe, 0x2,
    0xfc, 0xbc, 0xcc, 0xcc, 0xcc, 0xcc, 0x8f, 0xf0,
    0x0, 0x1, 0xfe, 0x0, 0x0, 0xef, 0xff, 0xff,
    0xff, 0xff, 0xb0, 0x0, 0x0, 0x1, 0xfe, 0x0,
    0x0, 0x0, 0x0, 0xef, 0x50, 0x0, 0x0, 0x0,
    0x0, 0x1, 0xfe, 0x0, 0x0, 0x0, 0x0, 0xef,
    0x50, 0x0, 0x0, 0x0, 0x0, 0x1, 0xfe, 0x0,
    0x0, 0x0, 0x0, 0xef, 0x50, 0x0, 0x0, 0x0,
    0x0, 0x1, 0xfe, 0x0, 0x0, 0x0, 0x0, 0xff,
    0x50, 0x0, 0x0, 0x0, 0x0, 0x1, 0xfe, 0x0,
    0x0, 0xe, 0xff, 0xff, 0x20, 0x0, 0x0, 0x0,
    0x0, 0x1, 0xfe, 0x0, 0x0, 0x9, 0xee, 0xc6,
    0x0, 0x0, 0x0, 0x0,

    /* U+5148 "先" */
    0x0, 0x0, 0x0, 0x0, 0x0, 0x22, 0x0, 0x0,
    0x0, 0x0, 0x0, 0x0, 0x0, 0x2, 0x96, 0x0,
    0xe, 0xf5, 0x0, 0x0, 0x0, 0x0, 0x0, 0x0,
    0x0, 0x7f, 0xe0, 0x0, 0xef, 0x50, 0x0, 0x0,
    0x0, 0x0, 0x0, 0x0, 0xc, 0xf9, 0x0, 0xe,
    0xf5, 0x0, 0x0, 0x0, 0x0, 0x0, 0x0, 0x1,
    0xff, 0xed, 0xdd, 0xff, 0xed, 0xdd, 0xdd, 0xdd,
    0x0, 0x0, 0x0, 0x7f, 0xff, 0xff, 0xff, 0xff,
    0xff, 0xff, 0xff, 0xf0, 0x0, 0x0, 0xe, 0xf8,
    0x44, 0x44, 0xef, 0x84, 0x44, 0x44, 0x44, 0x0,
    0x0, 0x7, 0xfe, 0x0, 0x0, 0xe, 0xf5, 0x0,
    0x0, 0x0, 0x0, 0x0, 0x2, 0xff, 0x70, 0x0,
    0x0, 0xef, 0x50, 0x0, 0x0, 0x0, 0x0, 0x0,
    0x5, 0xb0, 0x0, 0x0, 0xe, 0xf5, 0x0, 0x0,
    0x0, 0x0, 0x0, 0x1, 0x11, 0x11, 0x11, 0x11,
    0xef, 0x61, 0x11, 0x11, 0x11, 0x10, 0x3, 0xff,
    0xff, 0xff, 0xff, 0xff, 0xff, 0xff, 0xff, 0xff,
    0xff, 0xb0, 0x3f, 0xff, 0xff, 0xff, 0xff, 0xff,
    0xff, 0xff, 0xff, 0xff, 0xfb, 0x0, 0x11, 0x11,
    0x16, 0xff, 0x11, 0x11, 0xef, 0x61, 0x11, 0x11,
    0x0, 0x0, 0x0, 0x0, 0x8f, 0xc0, 0x0, 0xe,
    0xf5, 0x0, 0x0, 0x0, 0x0, 0x0, 0x0, 0xb,
    0xf9, 0x0, 0x0, 0xef, 0x50, 0x0, 0x0, 0x0,
    0x0, 0x0, 0x1, 0xff, 0x60, 0x0, 0xe, 0xf5,
    0x0, 0x0, 0x0, 0x0, 0x0, 0x0, 0x7f, 0xf0,
    0x0, 0x0, 0xef, 0x50, 0x0, 0x7, 0x0, 0x0,
    0x0, 0x2e, 0xf9, 0x0, 0x0, 0xe, 0xf5, 0x0,
    0x0, 0xfe, 0x0, 0x0, 0x1d, 0xff, 0x10, 0x0,
    0x0, 0xef, 0x50, 0x0, 0x2f, 0xd0, 0x0, 0x6e,
    0xff, 0x50, 0x0, 0x0, 0xd, 0xf9, 0x11, 0x17,
    0xfb, 0x4, 0xef, 0xff, 0x50, 0x0, 0x0, 0x0,
    0xbf, 0xff, 0xff, 0xff, 0x70, 0xc, 0xfb, 0x20,
    0x0, 0x0, 0x0, 0x2, 0xcf, 0xff, 0xff, 0xa0,
    0x0, 0x22, 0x0, 0x0, 0x0, 0x0, 0x0, 0x0,
    0x0, 0x0, 0x0, 0x0,

    /* U+5149 "光" */
    0x0, 0x0, 0x0, 0x0, 0x0, 0x11, 0x0, 0x0,
    0x0, 0x0, 0x0, 0x0, 0x0, 0x0, 0x0, 0x0,
    0xf, 0xf4, 0x0, 0x0, 0x0, 0x0, 0x0, 0x0,
    0x29, 0xb0, 0x0, 0x0, 0xff, 0x40, 0x0, 0x5,
    0xfa, 0x10, 0x0, 0x2, 0xff, 0x50, 0x0, 0xf,
    0xf4, 0x0, 0x0, 0xbf, 0xd0, 0x0, 0x0, 0x9,
    0xfd, 0x0, 0x0, 0xff, 0x40, 0x0, 0x2f, 0xf5,
    0x0, 0x0, 0x0, 0x1f, 0xf6, 0x0, 0xf, 0xf4,
    0x0, 0xa, 0xfc, 0x0, 0x0, 0x0, 0x0, 0xaf,
    0xd0, 0x0, 0xff, 0x40, 0x3, 0xff, 0x40, 0x0,
    0x0, 0x0, 0x4, 0xff, 0x20, 0xf, 0xf4, 0x0,
    0xaf, 0xa0, 0x0, 0x0, 0x0, 0x0, 0x7, 0x20,
    0x0, 0xff, 0x40, 0x0, 0x51, 0x0, 0x0, 0x1,
    0x22, 0x22, 0x22, 0x22, 0x2f, 0xf6, 0x22, 0x22,
    0x22, 0x22, 0x20, 0x6f, 0xff, 0xff, 0xff, 0xff,
    0xff, 0xff, 0xff, 0xff, 0xff, 0xfe, 0x6, 0xff,
    0xff, 0xff, 0xff, 0xff, 0xff, 0xff, 0xff, 0xff,
    0xff, 0xd0, 0x0, 0x0, 0x0, 0x5f, 0xf0, 0x0,
    0xe, 0xf5, 0x0, 0x0, 0x0, 0x0, 0x0, 0x0,
    0x7, 0xfe, 0x0, 0x0, 0xef, 0x50, 0x0, 0x0,
    0x0, 0x0, 0x0, 0x0, 0xaf, 0xb0, 0x0, 0xe,
    0xf5, 0x0, 0x0, 0x0, 0x0, 0x0, 0x0, 0xe,
    0xf9, 0x0, 0x0, 0xef, 0x50, 0x0, 0x0, 0x0,
    0x0, 0x0, 0x4, 0xff, 0x30, 0x0, 0xe, 0xf5,
    0x0, 0x0, 0x0, 0x0, 0x0, 0x0, 0xbf, 0xd0,
    0x0, 0x0, 0xef, 0x50, 0x0, 0xb, 0x50, 0x0,
    0x0, 0x7f, 0xf7, 0x0, 0x0, 0xe, 0xf5, 0x0,
    0x0, 0xef, 0x20, 0x0, 0x8f, 0xfc, 0x0, 0x0,
    0x0, 0xef, 0x50, 0x0, 0xf, 0xf1, 0x16, 0xdf,
    0xfc, 0x10, 0x0, 0x0, 0xd, 0xf8, 0x11, 0x15,
    0xfe, 0x9, 0xff, 0xf9, 0x0, 0x0, 0x0, 0x0,
    0xbf, 0xff, 0xff, 0xff, 0x90, 0xd, 0xa3, 0x0,
    0x0, 0x0, 0x0, 0x2, 0xcf, 0xff, 0xff, 0xb1,
    0x0, 0x0, 0x0, 0x0, 0x0, 0x0, 0x0, 0x0,
    0x0, 0x0, 0x0, 0x0,

    /* U+514B "克" */
    0x0, 0x0, 0x0, 0x0, 0x0, 0x55, 0x10, 0x0,
    0x0, 0x0, 0x0, 0x0, 0x0, 0x0, 0x0, 0x0,
    0xf, 0xf3, 0x0, 0x0, 0x0, 0x0, 0x0, 0x0,
    0x0, 0x0, 0x0, 0x0, 0xff, 0x30, 0x0, 0x0,
    0x0, 0x0, 0x1, 0xff, 0xff, 0xff, 0xff, 0xff,
    0xff, 0xff, 0xff, 0xff, 0xff, 0x70, 0x1f, 0xff,
    0xff, 0xff, 0xff, 0xff, 0xff, 0xff, 0xff, 0xff,
    0xf8, 0x0, 0x0, 0x0, 0x0, 0x0, 0x1f, 0xf4,
    0x0, 0x0, 0x0, 0x0, 0x0, 0x0, 0x0, 0x0,
    0x0, 0x0, 0xff, 0x30, 0x0, 0x0, 0x0, 0x0,
    0x0, 0x0, 0x6b, 0xbb, 0xbb, 0xbf, 0xfc, 0xbb,
    0xbb, 0xbb, 0x0, 0x0, 0x0, 0x8, 0xff, 0xff,
    0xff, 0xff, 0xff, 0xff, 0xff, 0xf0, 0x0, 0x0,
    0x0, 0x8f, 0xb3, 0x33, 0x33, 0x33, 0x33, 0x37,
    0xff, 0x0, 0x0, 0x0, 0x8, 0xfa, 0x0, 0x0,
    0x0, 0x0, 0x0, 0x4f, 0xf0, 0x0, 0x0, 0x0,
    0x8f, 0xa0, 0x0, 0x0, 0x0, 0x0, 0x4, 0xff,
    0x0, 0x0, 0x0, 0x8, 0xfa, 0x0, 0x0, 0x0,
    0x0, 0x0, 0x5f, 0xf0, 0x0, 0x0, 0x0, 0x8f,
    0xff, 0xff, 0xff, 0xff, 0xff, 0xff, 0xff, 0x0,
    0x0, 0x0, 0x7, 0xee, 0xff, 0xff, 0xee, 0xff,
    0xfe, 0xee, 0xe0, 0x0, 0x0, 0x0, 0x0, 0x2,
    0xff, 0x30, 0x6, 0xfd, 0x0, 0x0, 0x0, 0x0,
    0x0, 0x0, 0x0, 0x6f, 0xf0, 0x0, 0x6f, 0xd0,
    0x0, 0x0, 0x0, 0x0, 0x0, 0x0, 0xc, 0xfc,
    0x0, 0x6, 0xfd, 0x0, 0x0, 0x5, 0x0, 0x0,
    0x0, 0x6, 0xff, 0x50, 0x0, 0x6f, 0xd0, 0x0,
    0x0, 0xfe, 0x10, 0x0, 0x6, 0xff, 0xc0, 0x0,
    0x6, 0xfd, 0x0, 0x0, 0x1f, 0xf0, 0x1, 0x6c,
    0xff, 0xe2, 0x0, 0x0, 0x5f, 0xf3, 0x11, 0x16,
    0xfe, 0x7, 0xff, 0xff, 0xb1, 0x0, 0x0, 0x3,
    0xff, 0xff, 0xff, 0xff, 0x90, 0xe, 0xfa, 0x30,
    0x0, 0x0, 0x0, 0x8, 0xef, 0xff, 0xff, 0xb1,
    0x0, 0x20, 0x0, 0x0, 0x0, 0x0, 0x0, 0x0,
    0x0, 0x0, 0x0, 0x0,

    /* U+5165 "入" */
    0x0, 0x0, 0x0, 0x7, 0x0, 0x0, 0x0, 0x0,
    0x0, 0x0, 0x0, 0x0, 0x0, 0x0, 0xa, 0xfb,
    0x0, 0x0, 0x0, 0x0, 0x0, 0x0, 0x0, 0x0,
    0x0, 0x0, 0xaf, 0xfc, 0x0, 0x0, 0x0, 0x0,
    0x0, 0x0, 0x0, 0x0, 0x0, 0x0, 0x7f, 0xfa,
    0x0, 0x0, 0x0, 0x0, 0x0, 0x0, 0x0, 0x0,
    0x0, 0x0, 0x8f, 0xf6, 0x0, 0x0, 0x0, 0x0,
    0x0, 0x0, 0x0, 0x0, 0x0, 0x0, 0xaf, 0xf1,
    0x0, 0x0, 0x0, 0x0, 0x0, 0x0, 0x0, 0x0,
    0x0, 0x7, 0xff, 0xa0, 0x0, 0x0, 0x0, 0x0,
    0x0, 0x0, 0x0, 0x0, 0x0, 0xcf, 0xff, 0x30,
    0x0, 0x0, 0x0, 0x0, 0x0, 0x0, 0x0, 0x0,
    0x1f, 0xff, 0xfc, 0x0, 0x0, 0x0, 0x0, 0x0,
    0x0, 0x0, 0x0, 0x6, 0xff, 0x7f, 0xf5, 0x0,
    0x0, 0x0, 0x0, 0x0, 0x0, 0x0, 0x0, 0xbf,
    0xd0, 0xbf, 0xe0, 0x0, 0x0, 0x0, 0x0, 0x0,
    0x0, 0x0, 0x3f, 0xf7, 0x3, 0xff, 0x70, 0x0,
    0x0, 0x0, 0x0, 0x0, 0x0, 0xc, 0xff, 0x10,
    0xa, 0xfe, 0x10, 0x0, 0x0, 0x0, 0x0, 0x0,
    0x4, 0xff, 0x90, 0x0, 0x2f, 0xfa, 0x0, 0x0,
    0x0, 0x0, 0x0, 0x0, 0xdf, 0xe1, 0x0, 0x0,
    0x8f, 0xf4, 0x0, 0x0, 0x0, 0x0, 0x0, 0xbf,
    0xf6, 0x0, 0x0, 0x1, 0xef, 0xe2, 0x0, 0x0,
    0x0, 0x0, 0x9f, 0xfc, 0x0, 0x0, 0x0, 0x4,
    0xff, 0xd1, 0x0, 0x0, 0x0, 0x8f, 0xfd, 0x10,
    0x0, 0x0, 0x0, 0x8, 0xff, 0xd2, 0x0, 0x2,
    0xcf, 0xfe, 0x10, 0x0, 0x0, 0x0, 0x0, 0xb,
    0xff, 0xf5, 0x7, 0xff, 0xfd, 0x20, 0x0, 0x0,
    0x0, 0x0, 0x0, 0x1c, 0xff, 0xe0, 0x4f, 0xfa,
    0x0, 0x0, 0x0, 0x0, 0x0, 0x0, 0x0, 0xa,
    0xf7, 0x0, 0x35, 0x0, 0x0, 0x0, 0x0, 0x0,
    0x0, 0x0, 0x0, 0x5, 0x10,

    /* U+5168 "全" */
    0x0, 0x0, 0x0, 0x0, 0x0, 0x0, 0x0, 0x0,
    0x0, 0x0, 0x0, 0x0, 0x0, 0x0, 0x0, 0x0,
    0x0, 0xc, 0xc3, 0x0, 0x0, 0x0, 0x0, 0x0,
    0x0, 0x0, 0x0, 0x0, 0x0, 0x9f, 0xf7, 0x0,
    0x0, 0x0, 0x0, 0x0, 0x0, 0x0, 0x0, 0x0,
    0x6, 0xff, 0xff, 0x50, 0x0, 0x0, 0x0, 0x0,
    0x0, 0x0, 0x0, 0x0, 0x7f, 0xf8, 0x8f, 0xf5,
    0x0, 0x0, 0x0, 0x0, 0x0, 0x0, 0x0, 0x8,
    0xff, 0x80, 0x8, 0xff, 0x80, 0x0, 0x0, 0x0,
    0x0, 0x0, 0x1, 0xbf, 0xf8, 0x0, 0x0, 0x7f,
    0xfb, 0x10, 0x0, 0x0, 0x0, 0x0, 0x5e, 0xff,
    0x60, 0x0, 0x0, 0x6, 0xff, 0xf7, 0x0, 0x0,
    0x0, 0x2a, 0xff, 0xe3, 0x0, 0x0, 0x0, 0x0,
    0x2d, 0xff, 0xd4, 0x0, 0x1a, 0xff, 0xfd, 0x43,
    0x33, 0x33, 0x33, 0x33, 0x34, 0xdf, 0xff, 0xb1,
    0xa, 0xfe, 0x8f, 0xff, 0xff, 0xff, 0xff, 0xff,
    0xff, 0xf9, 0xdf, 0xc0, 0x0, 0x60, 0x2b, 0xbb,
    0xbb, 0xcf, 0xfc, 0xbb, 0xbb, 0xb4, 0x7, 0x10,
    0x0, 0x0, 0x0, 0x0, 0x0, 0x2f, 0xf2, 0x0,
    0x0, 0x0, 0x0, 0x0, 0x0, 0x0, 0x0, 0x0,
    0x0, 0x2f, 0xf2, 0x0, 0x0, 0x0, 0x0, 0x0,
    0x0, 0x0, 0x0, 0x0, 0x0, 0x3f, 0xf3, 0x0,
    0x0, 0x0, 0x0, 0x0, 0x0, 0x0, 0xf, 0xff,
    0xff, 0xff, 0xff, 0xff, 0xff, 0xf3, 0x0, 0x0,
    0x0, 0x0, 0xe, 0xee, 0xee, 0xef, 0xfe, 0xee,
    0xee, 0xe3, 0x0, 0x0, 0x0, 0x0, 0x0, 0x0,
    0x0, 0x2f, 0xf2, 0x0, 0x0, 0x0, 0x0, 0x0,
    0x0, 0x0, 0x0, 0x0, 0x0, 0x2f, 0xf2, 0x0,
    0x0, 0x0, 0x0, 0x0, 0x0, 0x0, 0x0, 0x0,
    0x0, 0x2f, 0xf2, 0x0, 0x0, 0x0, 0x0, 0x0,
    0x1, 0xee, 0xee, 0xee, 0xee, 0xff, 0xff, 0xee,
    0xee, 0xee, 0xee, 0x30, 0x1, 0xff, 0xff, 0xff,
    0xff, 0xff, 0xff, 0xff, 0xff, 0xff, 0xff, 0x30,
    0x0, 0x0, 0x0, 0x0, 0x0, 0x0, 0x0, 0x0,
    0x0, 0x0, 0x0, 0x0,

    /* U+516C "公" */
    0x0, 0x0, 0x0, 0x43, 0x0, 0x0, 0x0, 0x63,
    0x0, 0x0, 0x0, 0x0, 0x0, 0x0, 0xe, 0xfb,
    0x0, 0x0, 0xcf, 0xd0, 0x0, 0x0, 0x0, 0x0,
    0x0, 0x6, 0xff, 0x50, 0x0, 0x4, 0xff, 0x60,
    0x0, 0x0, 0x0, 0x0, 0x0, 0xdf, 0xd0, 0x0,
    0x0, 0xb, 0xff, 0x20, 0x0, 0x0, 0x0, 0x0,
    0x8f, 0xf5, 0x0, 0x0, 0x0, 0x1f, 0xfc, 0x0,
    0x0, 0x0, 0x0, 0x2f, 0xfb, 0x0, 0x0, 0x0,
    0x0, 0x5f, 0xf9, 0x0, 0x0, 0x0, 0x1d, 0xff,
    0x20, 0x0, 0x0, 0x0, 0x0, 0xaf, 0xf7, 0x0,
    0x0, 0xb, 0xff, 0x60, 0x0, 0x5b, 0x40, 0x0,
    0x0, 0xdf, 0xf5, 0x0, 0xb, 0xff, 0x90, 0x0,
    0xd, 0xff, 0x10, 0x0, 0x2, 0xff, 0xf6, 0x7,
    0xff, 0xb0, 0x0, 0x6, 0xff, 0x70, 0x0, 0x0,
    0x4, 0xff, 0xa0, 0x6, 0xb0, 0x0, 0x0, 0xef,
    0xd0, 0x0, 0x0, 0x0, 0x5, 0xa0, 0x0, 0x0,
    0x0, 0x0, 0x8f, 0xf4, 0x0, 0x0, 0x0, 0x0,
    0x0, 0x0, 0x0, 0x0, 0x0, 0x2f, 0xfa, 0x0,
    0x0, 0x15, 0x0, 0x0, 0x0, 0x0, 0x0, 0x0,
    0xc, 0xfe, 0x10, 0x0, 0x4f, 0xf5, 0x0, 0x0,
    0x0, 0x0, 0x0, 0x8, 0xff, 0x40, 0x0, 0x0,
    0xcf, 0xf2, 0x0, 0x0, 0x0, 0x0, 0x4, 0xff,
    0x80, 0x0, 0x0, 0x2, 0xff, 0xc0, 0x0, 0x0,
    0x0, 0x2, 0xef, 0xc0, 0x0, 0x0, 0x0, 0x6,
    0xff, 0x80, 0x0, 0x0, 0x3, 0xef, 0xf7, 0x78,
    0x9a, 0xab, 0xcd, 0xef, 0xff, 0x30, 0x0, 0x0,
    0xdf, 0xff, 0xff, 0xff, 0xff, 0xff, 0xff, 0xff,
    0xfd, 0x0, 0x0, 0x7, 0xff, 0xff, 0xdc, 0xba,
    0x87, 0x65, 0x42, 0x6f, 0xf8, 0x0, 0x0, 0x15,
    0x20, 0x0, 0x0, 0x0, 0x0, 0x0, 0x0, 0xcf,
    0xe0, 0x0, 0x0, 0x0, 0x0, 0x0, 0x0, 0x0,
    0x0, 0x0, 0x3, 0x80, 0x0,

    /* U+5171 "共" */
    0x0, 0x0, 0x4, 0xee, 0x0, 0x0, 0x0, 0xce,
    0x70, 0x0, 0x0, 0x0, 0x0, 0x4, 0xff, 0x0,
    0x0, 0x0, 0xcf, 0x80, 0x0, 0x0, 0x0, 0x0,
    0x4, 0xff, 0x0, 0x0, 0x0, 0xcf, 0x80, 0x0,
    0x0, 0x0, 0x0, 0x4, 0xff, 0x0, 0x0, 0x0,
    0xcf, 0x80, 0x0, 0x0, 0x2, 0x33, 0x37, 0xff,
    0x33, 0x33, 0x33, 0xdf, 0x93, 0x33, 0x30, 0xb,
    0xff, 0xff, 0xff, 0xff, 0xff, 0xff, 0xff, 0xff,
    0xff, 0xf1, 0xb, 0xff, 0xff, 0xff, 0xff, 0xff,
    0xff, 0xff, 0xff, 0xff, 0xf1, 0x0, 0x0, 0x4,
    0xff, 0x0, 0x0, 0x0, 0xcf, 0x80, 0x0, 0x0,
    0x0, 0x0, 0x4, 0xff, 0x0, 0x0, 0x0, 0xcf,
    0x80, 0x0, 0x0, 0x0, 0x0, 0x4, 0xff, 0x0,
    0x0, 0x0, 0xcf, 0x80, 0x0, 0x0, 0x0, 0x0,
    0x4, 0xff, 0x0, 0x0, 0x0, 0xcf, 0x80, 0x0,
    0x0, 0x0, 0x0, 0x4, 0xff, 0x0, 0x0, 0x0,
    0xcf, 0x80, 0x0, 0x0, 0xaf, 0xff, 0xff, 0xff,
    0xff, 0xff, 0xff, 0xff, 0xff, 0xff, 0xfe, 0xaf,
    0xff, 0xff, 0xff, 0xff, 0xff, 0xff, 0xff, 0xff,
    0xff, 0xfe, 0x23, 0x33, 0x33, 0x33, 0x33, 0x33,
    0x33, 0x33, 0x33, 0x33, 0x33, 0x0, 0x0, 0x0,
    0x45, 0x0, 0x0, 0x0, 0x64, 0x0, 0x0, 0x0,
    0x0, 0x0, 0x4, 0xff, 0xc0, 0x0, 0xa, 0xff,
    0x80, 0x0, 0x0, 0x0, 0x0, 0x5f, 0xfe, 0x10,
    0x0, 0x0, 0xaf, 0xfc, 0x10, 0x0, 0x0, 0x9,
    0xff, 0xd1, 0x0, 0x0, 0x0, 0x7, 0xff, 0xe3,
    0x0, 0x4, 0xef, 0xfb, 0x10, 0x0, 0x0, 0x0,
    0x0, 0x4f, 0xff, 0x60, 0x2f, 0xff, 0x70, 0x0,
    0x0, 0x0, 0x0, 0x0, 0x2, 0xef, 0xf3, 0x3,
    0xb3, 0x0, 0x0, 0x0, 0x0, 0x0, 0x0, 0x0,
    0x2b, 0x30,

    /* U+5173 "关" */
    0x0, 0x0, 0x0, 0x0, 0x0, 0x0, 0x0, 0x0,
    0x0, 0x0, 0x0, 0x0, 0x0, 0x1, 0x8a, 0x0,
    0x0, 0x0, 0x0, 0x3e, 0x92, 0x0, 0x0, 0x0,
    0x0, 0x2f, 0xf6, 0x0, 0x0, 0x0, 0xb, 0xfe,
    0x10, 0x0, 0x0, 0x0, 0x0, 0x7f, 0xf1, 0x0,
    0x0, 0x2, 0xff, 0x50, 0x0, 0x0, 0x0, 0x0,
    0x0, 0xef, 0x90, 0x0, 0x0, 0xbf, 0xc0, 0x0,
    0x0, 0x0, 0x1, 0x22, 0x28, 0xd5, 0x22, 0x22,
    0x6f, 0xf5, 0x22, 0x21, 0x0, 0x0, 0x9f, 0xff,
    0xff, 0xff, 0xff, 0xff, 0xff, 0xff, 0xff, 0x50,
    0x0, 0x9, 0xff, 0xff, 0xff, 0xff, 0xff, 0xff,
    0xff, 0xff, 0xf5, 0x0, 0x0, 0x0, 0x0, 0x0,
    0x0, 0xef, 0xa0, 0x0, 0x0, 0x0, 0x0, 0x0,
    0x0, 0x0, 0x0, 0x0, 0xe, 0xfa, 0x0, 0x0,
    0x0, 0x0, 0x0, 0x0, 0x0, 0x0, 0x0, 0x0,
    0xef, 0xa0, 0x0, 0x0, 0x0, 0x0, 0x0, 0x22,
    0x22, 0x22, 0x22, 0x2f, 0xfa, 0x22, 0x22, 0x22,
    0x22, 0x10, 0x1f, 0xff, 0xff, 0xff, 0xff, 0xff,
    0xff, 0xff, 0xff, 0xff, 0xfa, 0x1, 0xff, 0xff,
    0xff, 0xff, 0xff, 0xff, 0xff, 0xff, 0xff, 0xff,
    0xa0, 0x0, 0x0, 0x0, 0x0, 0xa, 0xff, 0xf8,
    0x0, 0x0, 0x0, 0x0, 0x0, 0x0, 0x0, 0x0,
    0x2, 0xff, 0xff, 0xf3, 0x0, 0x0, 0x0, 0x0,
    0x0, 0x0, 0x0, 0x1, 0xdf, 0xf4, 0xcf, 0xd2,
    0x0, 0x0, 0x0, 0x0, 0x0, 0x0, 0x1, 0xdf,
    0xf9, 0x2, 0xff, 0xe3, 0x0, 0x0, 0x0, 0x0,
    0x0, 0x6, 0xef, 0xfa, 0x0, 0x4, 0xff, 0xf7,
    0x0, 0x0, 0x0, 0x0, 0x5d, 0xff, 0xf9, 0x0,
    0x0, 0x4, 0xff, 0xfe, 0x61, 0x0, 0x28, 0xef,
    0xff, 0xd3, 0x0, 0x0, 0x0, 0x2, 0xcf, 0xff,
    0xfb, 0x12, 0xef, 0xfd, 0x60, 0x0, 0x0, 0x0,
    0x0, 0x0, 0x6e, 0xff, 0x80, 0x4, 0xa4, 0x0,
    0x0, 0x0, 0x0, 0x0, 0x0, 0x0, 0x4, 0x90,
    0x0,

    /* U+5185 "内" */
    0x0, 0x0, 0x0, 0x0, 0x2, 0x20, 0x0, 0x0,
    0x0, 0x0, 0x0, 0x0, 0x0, 0x0, 0x5f, 0xf0,
    0x0, 0x0, 0x0, 0x0, 0x0, 0x0, 0x0, 0x0,
    0x5f, 0xf0, 0x0, 0x0, 0x0, 0x0, 0x0, 0x0,
    0x0, 0x0, 0x5f, 0xf0, 0x0, 0x0, 0x0, 0x0,
    0x11, 0x11, 0x11, 0x11, 0x6f, 0xf1, 0x11, 0x11,
    0x11, 0x10, 0xdf, 0xff, 0xff, 0xff, 0xff, 0xff,
    0xff, 0xff, 0xff, 0xf5, 0xdf, 0xff, 0xff, 0xff,
    0xff, 0xff, 0xff, 0xff, 0xff, 0xf5, 0xdf, 0x60,
    0x0, 0x0, 0x7f, 0xe0, 0x0, 0x0, 0xd, 0xf5,
    0xdf, 0x60, 0x0, 0x0, 0x8f, 0xb0, 0x0, 0x0,
    0xd, 0xf5, 0xdf, 0x60, 0x0, 0x0, 0xaf, 0x90,
    0x0, 0x0, 0xd, 0xf5, 0xdf, 0x60, 0x0, 0x0,
    0xff, 0xe2, 0x0, 0x0, 0xd, 0xf5, 0xdf, 0x60,
    0x0, 0x5, 0xff, 0xfe, 0x20, 0x0, 0xd, 0xf5,
    0xdf, 0x60, 0x0, 0xd, 0xfb, 0xcf, 0xe3, 0x0,
    0xd, 0xf5, 0xdf, 0x60, 0x0, 0x8f, 0xf2, 0x1d,
    0xff, 0x30, 0xd, 0xf5, 0xdf, 0x60, 0x7, 0xff,
    0x80, 0x1, 0xdf, 0xe2, 0xd, 0xf5, 0xdf, 0x60,
    0x9f, 0xfa, 0x0, 0x0, 0x1e, 0xfe, 0x1d, 0xf5,
    0xdf, 0x7d, 0xff, 0xa0, 0x0, 0x0, 0x2, 0xef,
    0x8d, 0xf5, 0xdf, 0x65, 0xf6, 0x0, 0x0, 0x0,
    0x0, 0x47, 0xd, 0xf5, 0xdf, 0x60, 0x10, 0x0,
    0x0, 0x0, 0x0, 0x0, 0xd, 0xf5, 0xdf, 0x60,
    0x0, 0x0, 0x0, 0x0, 0x0, 0x0, 0xd, 0xf5,
    0xdf, 0x60, 0x0, 0x0, 0x0, 0x0, 0x4, 0x33,
    0x3e, 0xf5, 0xdf, 0x60, 0x0, 0x0, 0x0, 0x0,
    0xc, 0xff, 0xff, 0xf2, 0xdf, 0x60, 0x0, 0x0,
    0x0, 0x0, 0x6, 0xff, 0xeb, 0x40,

    /* U+518D "再" */
    0x1, 0xff, 0xff, 0xff, 0xff, 0xff, 0xff, 0xff,
    0xff, 0xff, 0xff, 0x10, 0x1, 0xff, 0xff, 0xff,
    0xff, 0xff, 0xff, 0xff, 0xff, 0xff, 0xff, 0x10,
    0x0, 0x11, 0x11, 0x11, 0x11, 0x4f, 0xf1, 0x11,
    0x11, 0x11, 0x11, 0x0, 0x0, 0x0, 0x0, 0x0,
    0x0, 0x3f, 0xf0, 0x0, 0x0, 0x0, 0x0, 0x0,
    0x0, 0x3, 0xee, 0xee, 0xee, 0xef, 0xfe, 0xee,
    0xee, 0xee, 0x30, 0x0, 0x0, 0x3, 0xff, 0xff,
    0xff, 0xff, 0xff, 0xff, 0xff, 0xff, 0x30, 0x0,
    0x0, 0x3, 0xff, 0x11, 0x11, 0x4f, 0xf1, 0x11,
    0x11, 0xff, 0x30, 0x0, 0x0, 0x3, 0xff, 0x0,
    0x0, 0x3f, 0xf0, 0x0, 0x0, 0xff, 0x30, 0x0,
    0x0, 0x3, 0xff, 0x0, 0x0, 0x3f, 0xf0, 0x0,
    0x0, 0xff, 0x30, 0x0, 0x0, 0x3, 0xff, 0xff,
    0xff, 0xff, 0xff, 0xff, 0xff, 0xff, 0x30, 0x0,
    0x0, 0x3, 0xff, 0xdd, 0xdd, 0xef, 0xfd, 0xdd,
    0xdd, 0xff, 0x30, 0x0, 0x0, 0x3, 0xff, 0x0,
    0x0, 0x3f, 0xf0, 0x0, 0x0, 0xff, 0x30, 0x0,
    0x0, 0x3, 0xff, 0x0, 0x0, 0x3f, 0xf0, 0x0,
    0x0, 0xff, 0x30, 0x0, 0xf, 0xff, 0xff, 0xff,
    0xff, 0xff, 0xff, 0xff, 0xff, 0xff, 0xff, 0xf0,
    0xf, 0xff, 0xff, 0xff, 0xff, 0xff, 0xff, 0xff,
    0xff, 0xff, 0xff, 0xf0, 0x1, 0x15, 0xff, 0x11,
    0x11, 0x11, 0x11, 0x11, 0x11, 0xff, 0x51, 0x10,
    0x0, 0x3, 0xff, 0x0, 0x0, 0x0, 0x0, 0x0,
    0x0, 0xff, 0x30, 0x0, 0x0, 0x3, 0xff, 0x0,
    0x0, 0x0, 0x0, 0x0, 0x0, 0xff, 0x30, 0x0,
    0x0, 0x3, 0xff, 0x0, 0x0, 0x0, 0x0, 0x11,
    0x12, 0xff, 0x30, 0x0, 0x0, 0x3, 0xff, 0x0,
    0x0, 0x0, 0x0, 0xcf, 0xff, 0xff, 0x0, 0x0,
    0x0, 0x3, 0xff, 0x0, 0x0, 0x0, 0x0, 0x5f,
    0xfe, 0xb3, 0x0, 0x0,

    /* U+51B3 "决" */
    0x0, 0x0, 0x0, 0x0, 0x0, 0x0, 0xb, 0xe7,
    0x0, 0x0, 0x0, 0x0, 0x2, 0xb6, 0x0, 0x0,
    0x0, 0x0, 0xc, 0xf8, 0x0, 0x0, 0x0, 0x0,
    0x7, 0xff, 0x40, 0x0, 0x0, 0x0, 0xc, 0xf8,
    0x0, 0x0, 0x0, 0x0, 0x0, 0xaf, 0xf2, 0x0,
    0x14, 0x44, 0x4d, 0xfa, 0x44, 0x44, 0x30, 0x0,
    0x0, 0xd, 0xfd, 0x0, 0x5f, 0xff, 0xff, 0xff,
    0xff, 0xff, 0xc0, 0x0, 0x0, 0x2, 0xff, 0x80,
    0x4d, 0xdd, 0xdf, 0xfe, 0xdd, 0xef, 0xc0, 0x0,
    0x0, 0x0, 0x7b, 0x10, 0x0, 0x0, 0xc, 0xf8,
    0x0, 0x5f, 0xc0, 0x0, 0x0, 0x0, 0x0, 0x0,
    0x0, 0x0, 0xc, 0xf8, 0x0, 0x5f, 0xc0, 0x0,
    0x0, 0x0, 0x0, 0x0, 0x0, 0x0, 0xd, 0xf8,
    0x0, 0x5f, 0xc0, 0x0, 0x0, 0x0, 0x0, 0x0,
    0x0, 0x0, 0xd, 0xf7, 0x0, 0x5f, 0xc0, 0x0,
    0x0, 0x0, 0x0, 0x1, 0x22, 0x22, 0x2e, 0xf8,
    0x22, 0x7f, 0xd2, 0x20, 0x0, 0x0, 0x0, 0x8,
    0xff, 0xff, 0xff, 0xff, 0xff, 0xff, 0xff, 0xf0,
    0x0, 0x0, 0x5d, 0x28, 0xff, 0xff, 0xff, 0xff,
    0xff, 0xff, 0xff, 0xf0, 0x0, 0x0, 0xdf, 0x70,
    0x0, 0x0, 0x7f, 0xff, 0xd0, 0x0, 0x0, 0x0,
    0x0, 0x5, 0xff, 0x10, 0x0, 0x0, 0xdf, 0x9e,
    0xf5, 0x0, 0x0, 0x0, 0x0, 0xd, 0xf9, 0x0,
    0x0, 0x5, 0xff, 0x28, 0xfc, 0x0, 0x0, 0x0,
    0x0, 0x5f, 0xf1, 0x0, 0x0, 0x1e, 0xfa, 0x1,
    0xff, 0x80, 0x0, 0x0, 0x0, 0xdf, 0x90, 0x0,
    0x1, 0xdf, 0xe1, 0x0, 0x7f, 0xf5, 0x0, 0x0,
    0x7, 0xff, 0x10, 0x0, 0x2d, 0xff, 0x40, 0x0,
    0xc, 0xff, 0x80, 0x0, 0xd, 0xf9, 0x0, 0x19,
    0xff, 0xf4, 0x0, 0x0, 0x1, 0xcf, 0xfd, 0x50,
    0x1, 0xa1, 0x0, 0x9f, 0xfd, 0x30, 0x0, 0x0,
    0x0, 0xa, 0xff, 0xc0, 0x0, 0x0, 0x0, 0xb,
    0x80, 0x0, 0x0, 0x0, 0x0, 0x0, 0x4c, 0x10,
    0x0, 0x0, 0x0, 0x0, 0x0, 0x0, 0x0, 0x0,
    0x0, 0x0, 0x0, 0x0,

    /* U+51B7 "冷" */
    0x0, 0x0, 0x0, 0x0, 0x0, 0x0, 0x0, 0x0,
    0x0, 0x0, 0x0, 0x0, 0x0, 0x0, 0x0, 0x0,
    0x0, 0x0, 0x5, 0xfb, 0x10, 0x0, 0x0, 0x0,
    0x5, 0xc8, 0x0, 0x0, 0x0, 0x0, 0xd, 0xff,
    0x0, 0x0, 0x0, 0x0, 0x6, 0xff, 0x20, 0x0,
    0x0, 0x0, 0x9f, 0xff, 0xa0, 0x0, 0x0, 0x0,
    0x0, 0xcf, 0xc0, 0x0, 0x0, 0x6, 0xff, 0x9f,
    0xf6, 0x0, 0x0, 0x0, 0x0, 0x3f, 0xf6, 0x0,
    0x0, 0x3f, 0xfa, 0x4, 0xff, 0x60, 0x0, 0x0,
    0x0, 0xb, 0xfe, 0x0, 0x4, 0xff, 0xc0, 0x0,
    0x7f, 0xf6, 0x0, 0x0, 0x0, 0x3, 0xfa, 0x10,
    0x5f, 0xfe, 0x10, 0x20, 0xa, 0xff, 0x80, 0x0,
    0x0, 0x0, 0x10, 0x1a, 0xff, 0xd2, 0x2e, 0xe3,
    0x0, 0xbf, 0xfc, 0x20, 0x0, 0x0, 0x0, 0xcf,
    0xfa, 0x0, 0xa, 0xfe, 0x10, 0xb, 0xff, 0xa0,
    0x0, 0x0, 0x0, 0x2e, 0x70, 0x0, 0x0, 0xdf,
    0x50, 0x0, 0x8c, 0x0, 0x0, 0x0, 0x0, 0x0,
    0x0, 0x0, 0x0, 0x22, 0x0, 0x1, 0x0, 0x0,
    0x0, 0x0, 0x41, 0x0, 0x6f, 0xff, 0xff, 0xff,
    0xff, 0xff, 0xa1, 0x0, 0x0, 0x0, 0xff, 0x30,
    0x6f, 0xff, 0xff, 0xff, 0xff, 0xff, 0xd0, 0x0,
    0x0, 0x6, 0xff, 0x0, 0x0, 0x0, 0x0, 0x0,
    0x8, 0xff, 0x30, 0x0, 0x0, 0xc, 0xfa, 0x0,
    0x0, 0x0, 0x0, 0x0, 0x5f, 0xf7, 0x0, 0x0,
    0x0, 0x3f, 0xf4, 0x0, 0x0, 0x3, 0x0, 0x3,
    0xff, 0xa0, 0x0, 0x0, 0x0, 0x9f, 0xd0, 0x0,
    0x0, 0x7f, 0xc2, 0x3f, 0xfb, 0x0, 0x0, 0x0,
    0x1, 0xff, 0x70, 0x0, 0x0, 0x4e, 0xff, 0xff,
    0xc0, 0x0, 0x0, 0x0, 0x8, 0xff, 0x10, 0x0,
    0x0, 0x1, 0xbf, 0xff, 0x20, 0x0, 0x0, 0x0,
    0xe, 0xfa, 0x0, 0x0, 0x0, 0x0, 0x6, 0xff,
    0xe4, 0x0, 0x0, 0x0, 0x0, 0x63, 0x0, 0x0,
    0x0, 0x0, 0x0, 0x2d, 0xff, 0x10, 0x0, 0x0,
    0x0, 0x0, 0x0, 0x0, 0x0, 0x0, 0x0, 0x1,
    0xa3, 0x0, 0x0, 0x0,

    /* U+5206 "分" */
    0x0, 0x0, 0x0, 0x57, 0x20, 0x0, 0x1, 0x75,
    0x0, 0x0, 0x0, 0x0, 0x0, 0x0, 0xe, 0xfc,
    0x0, 0x0, 0x8f, 0xe0, 0x0, 0x0, 0x0, 0x0,
    0x0, 0x6, 0xff, 0x40, 0x0, 0x0, 0xef, 0x80,
    0x0, 0x0, 0x0, 0x0, 0x0, 0xef, 0xb0, 0x0,
    0x0, 0x6, 0xff, 0x30, 0x0, 0x0, 0x0, 0x0,
    0x9f, 0xf3, 0x0, 0x0, 0x0, 0xc, 0xfd, 0x0,
    0x0, 0x0, 0x0, 0x4f, 0xfa, 0x0, 0x0, 0x0,
    0x0, 0x2f, 0xfb, 0x0, 0x0, 0x0, 0x2e, 0xfd,
    0x0, 0x0, 0x0, 0x0, 0x0, 0x6f, 0xf9, 0x0,
    0x0, 0x1d, 0xff, 0x30, 0x0, 0x0, 0x0, 0x0,
    0x0, 0xaf, 0xf8, 0x0, 0x3e, 0xff, 0xa3, 0x33,
    0x33, 0x33, 0x33, 0x33, 0x34, 0xef, 0xf9, 0x9,
    0xff, 0xcf, 0xff, 0xff, 0xff, 0xff, 0xff, 0xff,
    0xf9, 0xdf, 0x60, 0x8, 0x75, 0xff, 0xff, 0xff,
    0xff, 0xff, 0xff, 0xff, 0x71, 0x60, 0x0, 0x0,
    0x0, 0x0, 0x3f, 0xf1, 0x0, 0x0, 0xe, 0xf6,
    0x0, 0x0, 0x0, 0x0, 0x0, 0x7, 0xfe, 0x0,
    0x0, 0x0, 0xff, 0x50, 0x0, 0x0, 0x0, 0x0,
    0x0, 0xaf, 0xb0, 0x0, 0x0, 0xf, 0xf4, 0x0,
    0x0, 0x0, 0x0, 0x0, 0x1f, 0xf7, 0x0, 0x0,
    0x1, 0xff, 0x30, 0x0, 0x0, 0x0, 0x0, 0x7,
    0xff, 0x10, 0x0, 0x0, 0x2f, 0xf2, 0x0, 0x0,
    0x0, 0x0, 0x1, 0xef, 0x90, 0x0, 0x0, 0x4,
    0xff, 0x10, 0x0, 0x0, 0x0, 0x0, 0xbf, 0xf2,
    0x0, 0x0, 0x0, 0x6f, 0xf0, 0x0, 0x0, 0x0,
    0x1, 0xcf, 0xf7, 0x0, 0x0, 0x0, 0x9, 0xfd,
    0x0, 0x0, 0x0, 0x7, 0xff, 0xf8, 0x0, 0x1,
    0x32, 0x24, 0xef, 0xa0, 0x0, 0x0, 0x2f, 0xff,
    0xf6, 0x0, 0x0, 0x1f, 0xff, 0xff, 0xf4, 0x0,
    0x0, 0x0, 0x8f, 0x91, 0x0, 0x0, 0x0, 0xbf,
    0xff, 0xd6, 0x0, 0x0, 0x0, 0x0, 0x10, 0x0,
    0x0, 0x0, 0x0, 0x0, 0x0, 0x0, 0x0, 0x0,
    0x0,

    /* U+5207 "切" */
    0x0, 0x0, 0x22, 0x0, 0x0, 0x0, 0x0, 0x0,
    0x0, 0x0, 0x0, 0x0, 0x0, 0x3f, 0xe0, 0x0,
    0x2, 0x22, 0x22, 0x22, 0x22, 0x22, 0x21, 0x0,
    0x3, 0xfe, 0x0, 0x0, 0xef, 0xff, 0xff, 0xff,
    0xff, 0xff, 0x90, 0x0, 0x3f, 0xe0, 0x0, 0xd,
    0xff, 0xff, 0xff, 0xff, 0xff, 0xf9, 0x0, 0x3,
    0xfe, 0x0, 0x0, 0x0, 0x5, 0xfe, 0x0, 0x0,
    0xcf, 0x80, 0x0, 0x3f, 0xe0, 0x3, 0x72, 0x0,
    0x6f, 0xd0, 0x0, 0xc, 0xf8, 0x0, 0x6, 0xff,
    0xdf, 0xff, 0x50, 0x6, 0xfc, 0x0, 0x0, 0xcf,
    0x71, 0xcf, 0xff, 0xff, 0xfe, 0xa4, 0x0, 0x7f,
    0xb0, 0x0, 0xd, 0xf7, 0xf, 0xff, 0xff, 0x41,
    0x0, 0x0, 0x8, 0xfb, 0x0, 0x0, 0xdf, 0x60,
    0x52, 0x3f, 0xe0, 0x0, 0x0, 0x0, 0x9f, 0xa0,
    0x0, 0xe, 0xf6, 0x0, 0x3, 0xfe, 0x0, 0x0,
    0x0, 0xc, 0xf7, 0x0, 0x0, 0xef, 0x50, 0x0,
    0x3f, 0xe0, 0x0, 0x0, 0x0, 0xff, 0x40, 0x0,
    0xf, 0xf4, 0x0, 0x3, 0xfe, 0x0, 0x0, 0x0,
    0x1f, 0xf1, 0x0, 0x0, 0xff, 0x40, 0x0, 0x3f,
    0xe0, 0x0, 0x53, 0x4, 0xff, 0x0, 0x0, 0x1f,
    0xf3, 0x0, 0x3, 0xfe, 0x7, 0xdf, 0x70, 0x9f,
    0xc0, 0x0, 0x2, 0xff, 0x20, 0x0, 0x6f, 0xff,
    0xff, 0xe5, 0xf, 0xf6, 0x0, 0x0, 0x3f, 0xf1,
    0x0, 0x1d, 0xff, 0xfd, 0x60, 0x8, 0xff, 0x10,
    0x0, 0x5, 0xff, 0x0, 0x1, 0xef, 0xd5, 0x0,
    0x2, 0xff, 0x80, 0x0, 0x0, 0x7f, 0xe0, 0x0,
    0x7, 0x50, 0x0, 0x1, 0xef, 0xe1, 0x0, 0x0,
    0xa, 0xfb, 0x0, 0x0, 0x0, 0x0, 0x3, 0xdf,
    0xf4, 0x0, 0x43, 0x25, 0xff, 0x80, 0x0, 0x0,
    0x0, 0x2, 0xff, 0xf6, 0x0, 0xa, 0xff, 0xff,
    0xf2, 0x0, 0x0, 0x0, 0x0, 0x7, 0xe4, 0x0,
    0x0, 0x6f, 0xff, 0xc4, 0x0, 0x0, 0x0, 0x0,
    0x0, 0x1, 0x0, 0x0, 0x0, 0x0, 0x0, 0x0,
    0x0,

    /* U+5217 "列" */
    0x0, 0x0, 0x0, 0x0, 0x0, 0x0, 0x0, 0x0,
    0x0, 0xb, 0xc3, 0x4c, 0xcc, 0xcc, 0xcc, 0xcc,
    0xcc, 0xb0, 0x0, 0x0, 0xe, 0xf4, 0x4f, 0xff,
    0xff, 0xff, 0xff, 0xff, 0xe0, 0x67, 0x20, 0xe,
    0xf4, 0x13, 0x33, 0xef, 0x83, 0x33, 0x33, 0x20,
    0xef, 0x40, 0xe, 0xf4, 0x0, 0x2, 0xff, 0x20,
    0x0, 0x0, 0x0, 0xef, 0x40, 0xe, 0xf4, 0x0,
    0x7, 0xfd, 0x0, 0x0, 0x0, 0x0, 0xef, 0x40,
    0xe, 0xf4, 0x0, 0xd, 0xfe, 0xaa, 0xaa, 0xa8,
    0x10, 0xef, 0x40, 0xe, 0xf4, 0x0, 0x2f, 0xff,
    0xff, 0xff, 0xff, 0x20, 0xef, 0x40, 0xe, 0xf4,
    0x0, 0x8f, 0xd6, 0x66, 0x68, 0xff, 0x0, 0xef,
    0x40, 0xe, 0xf4, 0x1, 0xff, 0x60, 0x0, 0x6,
    0xfc, 0x0, 0xef, 0x40, 0xe, 0xf4, 0x9, 0xfe,
    0x0, 0x0, 0xb, 0xf8, 0x0, 0xef, 0x40, 0xe,
    0xf4, 0x5f, 0xf6, 0x54, 0x0, 0x1f, 0xf3, 0x0,
    0xef, 0x40, 0xe, 0xf4, 0x2d, 0xb2, 0xff, 0x80,
    0x7f, 0xe0, 0x0, 0xef, 0x40, 0xe, 0xf4, 0x1,
    0x10, 0xaf, 0xfb, 0xdf, 0x80, 0x0, 0xef, 0x40,
    0xe, 0xf4, 0x0, 0x0, 0x7, 0xff, 0xff, 0x10,
    0x0, 0xef, 0x40, 0xe, 0xf4, 0x0, 0x0, 0x0,
    0x7f, 0xf8, 0x0, 0x0, 0xef, 0x40, 0xe, 0xf4,
    0x0, 0x0, 0x0, 0xdf, 0xe1, 0x0, 0x0, 0x0,
    0x0, 0xe, 0xf4, 0x0, 0x0, 0xb, 0xff, 0x40,
    0x0, 0x0, 0x0, 0x0, 0xe, 0xf4, 0x0, 0x1,
    0xbf, 0xf7, 0x0, 0x0, 0x0, 0x0, 0x0, 0xe,
    0xf4, 0x0, 0x7f, 0xff, 0x70, 0x0, 0x0, 0x0,
    0x0, 0x11, 0x2f, 0xf4, 0xa, 0xff, 0xe4, 0x0,
    0x0, 0x0, 0x0, 0x3, 0xff, 0xff, 0xf1, 0x2,
    0xf8, 0x0, 0x0, 0x0, 0x0, 0x0, 0x0, 0xef,
    0xfc, 0x50, 0x0, 0x10, 0x0, 0x0, 0x0, 0x0,
    0x0, 0x0, 0x0, 0x0, 0x0,

    /* U+5230 "到" */
    0x0, 0x0, 0x0, 0x0, 0x0, 0x0, 0x0, 0x0,
    0x0, 0x3, 0x30, 0x17, 0x77, 0x77, 0x77, 0x77,
    0x77, 0x71, 0x0, 0x0, 0x1f, 0xf1, 0x2f, 0xff,
    0xff, 0xff, 0xff, 0xff, 0xf2, 0xef, 0x20, 0x1f,
    0xf1, 0x4, 0x44, 0xef, 0xa4, 0x45, 0x44, 0x40,
    0xef, 0x20, 0x1f, 0xf1, 0x0, 0x5, 0xfe, 0x10,
    0x9f, 0x30, 0x0, 0xef, 0x20, 0x1f, 0xf1, 0x0,
    0xd, 0xf5, 0x0, 0x6f, 0xd0, 0x0, 0xef, 0x20,
    0x1f, 0xf1, 0x0, 0x8f, 0xc0, 0x0, 0xb, 0xfa,
    0x0, 0xef, 0x20, 0x1f, 0xf1, 0x6, 0xff, 0xdc,
    0xef, 0xff, 0xff, 0x40, 0xef, 0x20, 0x1f, 0xf1,
    0x5, 0xff, 0xff, 0xfe, 0xdb, 0xbf, 0xd0, 0xef,
    0x20, 0x1f, 0xf1, 0x0, 0x85, 0x31, 0x22, 0x0,
    0xb, 0x40, 0xef, 0x20, 0x1f, 0xf1, 0x0, 0x0,
    0x0, 0xff, 0x10, 0x0, 0x0, 0xef, 0x20, 0x1f,
    0xf1, 0x0, 0x0, 0x0, 0xff, 0x10, 0x0, 0x0,
    0xef, 0x20, 0x1f, 0xf1, 0x7, 0xcc, 0xcc, 0xff,
    0xcc, 0xcc, 0x70, 0xef, 0x20, 0x1f, 0xf1, 0x9,
    0xff, 0xff, 0xff, 0xff, 0xff, 0x90, 0xef, 0x20,
    0x1f, 0xf1, 0x1, 0x22, 0x23, 0xff, 0x32, 0x22,
    0x10, 0xef, 0x20, 0x1f, 0xf1, 0x0, 0x0, 0x0,
    0xff, 0x10, 0x0, 0x0, 0xef, 0x20, 0x1f, 0xf1,
    0x0, 0x0, 0x0, 0xff, 0x10, 0x0, 0x30, 0x55,
    0x10, 0x1f, 0xf1, 0x0, 0x0, 0x0, 0xff, 0x79,
    0xdf, 0xe0, 0x0, 0x0, 0x1f, 0xf1, 0x0, 0x25,
    0x8c, 0xff, 0xff, 0xff, 0xf0, 0x0, 0x0, 0x1f,
    0xf1, 0x4f, 0xff, 0xff, 0xff, 0xeb, 0x85, 0x10,
    0x1, 0x11, 0x4f, 0xf0, 0x1f, 0xfe, 0xb8, 0x52,
    0x0, 0x0, 0x0, 0x9, 0xff, 0xff, 0xd0, 0x5,
    0x20, 0x0, 0x0, 0x0, 0x0, 0x0, 0x3, 0xff,
    0xeb, 0x30, 0x0, 0x0, 0x0, 0x0, 0x0, 0x0,
    0x0, 0x0, 0x0, 0x0, 0x0,

    /* U+5236 "制" */
    0x0, 0x6, 0x40, 0x3d, 0xb0, 0x0, 0x0, 0x0,
    0x0, 0x0, 0xaa, 0x20, 0x1, 0xff, 0x14, 0xfd,
    0x0, 0x0, 0x0, 0x0, 0x0, 0xf, 0xf3, 0x0,
    0x6f, 0xd0, 0x4f, 0xd0, 0x0, 0x0, 0x2, 0xfe,
    0x0, 0xff, 0x30, 0xa, 0xfe, 0xcd, 0xff, 0xcc,
    0xcc, 0x50, 0x2f, 0xe0, 0xf, 0xf3, 0x1, 0xff,
    0xff, 0xff, 0xff, 0xff, 0xf6, 0x2, 0xfe, 0x0,
    0xff, 0x30, 0x9f, 0xc3, 0x37, 0xfd, 0x33, 0x33,
    0x10, 0x2f, 0xe0, 0xf, 0xf3, 0xd, 0xf4, 0x0,
    0x4f, 0xd0, 0x0, 0x0, 0x2, 0xfe, 0x0, 0xff,
    0x30, 0x9d, 0x99, 0x9b, 0xfe, 0x99, 0x99, 0x93,
    0x2f, 0xe0, 0xf, 0xf3, 0xe, 0xff, 0xff, 0xff,
    0xff, 0xff, 0xff, 0x52, 0xfe, 0x0, 0xff, 0x30,
    0x66, 0x66, 0x69, 0xfe, 0x66, 0x66, 0x62, 0x2f,
    0xe0, 0xf, 0xf3, 0x0, 0x0, 0x0, 0x4f, 0xd0,
    0x0, 0x0, 0x2, 0xfe, 0x0, 0xff, 0x30, 0x6,
    0x66, 0x69, 0xfe, 0x66, 0x66, 0x40, 0x2f, 0xe0,
    0xf, 0xf3, 0x0, 0xef, 0xff, 0xff, 0xff, 0xff,
    0xfa, 0x2, 0xfe, 0x0, 0xff, 0x30, 0xe, 0xf9,
    0x8a, 0xfe, 0x88, 0xbf, 0xa0, 0x2f, 0xe0, 0xf,
    0xf3, 0x0, 0xef, 0x10, 0x4f, 0xd0, 0x5, 0xfa,
    0x2, 0xfe, 0x0, 0xff, 0x30, 0xe, 0xf1, 0x4,
    0xfd, 0x0, 0x5f, 0xa0, 0x3, 0x30, 0xf, 0xf3,
    0x0, 0xef, 0x10, 0x4f, 0xd0, 0x5, 0xfa, 0x0,
    0x0, 0x0, 0xff, 0x30, 0xe, 0xf1, 0x4, 0xfd,
    0x0, 0x6f, 0xa0, 0x0, 0x0, 0xf, 0xf3, 0x0,
    0xef, 0x10, 0x4f, 0xd5, 0xde, 0xf8, 0x0, 0x0,
    0x0, 0xff, 0x30, 0xd, 0xf1, 0x4, 0xfd, 0x1f,
    0xfc, 0x20, 0x1, 0x33, 0x4f, 0xf2, 0x0, 0x0,
    0x0, 0x4f, 0xd0, 0x0, 0x0, 0x0, 0x3f, 0xff,
    0xff, 0x0, 0x0, 0x0, 0x4, 0xfd, 0x0, 0x0,
    0x0, 0x0, 0xef, 0xfb, 0x40, 0x0, 0x0, 0x0,
    0x0, 0x0, 0x0, 0x0, 0x0, 0x0, 0x0, 0x0,
    0x0,

    /* U+5237 "刷" */
    0x0, 0x0, 0x0, 0x0, 0x0, 0x0, 0x0, 0x0,
    0x0, 0x1, 0x87, 0x0, 0x8b, 0xbb, 0xbb, 0xbb,
    0xbb, 0xb3, 0x0, 0x0, 0x3, 0xfe, 0x0, 0xbf,
    0xff, 0xff, 0xff, 0xff, 0xf4, 0x9, 0x91, 0x3,
    0xfe, 0x0, 0xbf, 0x74, 0x44, 0x44, 0x4d, 0xf4,
    0xe, 0xf2, 0x3, 0xfe, 0x0, 0xbf, 0x30, 0x0,
    0x0, 0xc, 0xf4, 0xe, 0xf2, 0x3, 0xfe, 0x0,
    0xbf, 0x52, 0x22, 0x22, 0x2d, 0xf4, 0xe, 0xf2,
    0x3, 0xfe, 0x0, 0xbf, 0xff, 0xff, 0xff, 0xff,
    0xf4, 0xe, 0xf2, 0x3, 0xfe, 0x0, 0xbf, 0xed,
    0xdd, 0xff, 0xdd, 0xd4, 0xe, 0xf2, 0x3, 0xfe,
    0x0, 0xbf, 0x30, 0x0, 0xfd, 0x0, 0x0, 0xe,
    0xf2, 0x3, 0xfe, 0x0, 0xcf, 0x30, 0x0, 0xfd,
    0x0, 0x0, 0xe, 0xf2, 0x3, 0xfe, 0x0, 0xcf,
    0xbe, 0xee, 0xff, 0xee, 0xe6, 0xe, 0xf2, 0x3,
    0xfe, 0x0, 0xcf, 0xcf, 0xff, 0xff, 0xff, 0xf7,
    0xe, 0xf2, 0x3, 0xfe, 0x0, 0xdf, 0xbf, 0x10,
    0xfd, 0x5, 0xf7, 0xe, 0xf2, 0x3, 0xfe, 0x0,
    0xef, 0xaf, 0x10, 0xfd, 0x5, 0xf7, 0xe, 0xf2,
    0x3, 0xfe, 0x0, 0xff, 0x9f, 0x10, 0xfd, 0x5,
    0xf7, 0xe, 0xf2, 0x3, 0xfe, 0x1, 0xfd, 0x8f,
    0x10, 0xfd, 0x5, 0xf7, 0xe, 0xf2, 0x3, 0xfe,
    0x4, 0xfb, 0x8f, 0x10, 0xfd, 0x5, 0xf7, 0x0,
    0x0, 0x3, 0xfe, 0x7, 0xf7, 0x8f, 0x10, 0xfd,
    0xae, 0xf6, 0x0, 0x0, 0x3, 0xfe, 0xc, 0xf4,
    0x8f, 0x10, 0xfd, 0x8f, 0xb1, 0x0, 0x0, 0x3,
    0xfe, 0x2f, 0xf0, 0x1, 0x0, 0xfd, 0x0, 0x0,
    0x0, 0x34, 0x37, 0xfe, 0x3e, 0x90, 0x0, 0x0,
    0xfd, 0x0, 0x0, 0x0, 0x8f, 0xff, 0xfb, 0x1,
    0x20, 0x0, 0x0, 0xfd, 0x0, 0x0, 0x0, 0x3f,
    0xfd, 0xa1,

    /* U+523B "刻" */
    0x0, 0x0, 0x0, 0x0, 0x0, 0x0, 0x0, 0x0,
    0x0, 0x0, 0x0, 0x0, 0x0, 0xb, 0xf4, 0x0,
    0x0, 0x0, 0x0, 0x0, 0x1a, 0xa0, 0x0, 0x0,
    0xa, 0xfd, 0x0, 0x0, 0x0, 0x0, 0x0, 0x2f,
    0xf0, 0x22, 0x22, 0x25, 0xff, 0x52, 0x22, 0x20,
    0x15, 0x50, 0x2f, 0xf0, 0xef, 0xff, 0xff, 0xff,
    0xff, 0xff, 0xf3, 0x2f, 0xe0, 0x2f, 0xf0, 0xde,
    0xee, 0xff, 0xfe, 0xee, 0xee, 0xe2, 0x2f, 0xe0,
    0x2f, 0xf0, 0x0, 0x1, 0xef, 0x80, 0x0, 0x0,
    0x0, 0x2f, 0xe0, 0x2f, 0xf0, 0x0, 0xc, 0xfa,
    0x0, 0x8, 0x82, 0x0, 0x2f, 0xe0, 0x2f, 0xf0,
    0x0, 0x9f, 0xc0, 0x0, 0x3f, 0xf3, 0x0, 0x2f,
    0xe0, 0x2f, 0xf0, 0x1a, 0xff, 0x77, 0x78, 0xdf,
    0x90, 0x0, 0x2f, 0xe0, 0x2f, 0xf0, 0x2f, 0xff,
    0xff, 0xff, 0xfe, 0x0, 0x0, 0x2f, 0xe0, 0x2f,
    0xf0, 0xb, 0xa9, 0x76, 0xdf, 0xf3, 0x3, 0x0,
    0x2f, 0xe0, 0x2f, 0xf0, 0x0, 0x0, 0x9, 0xff,
    0x50, 0x6f, 0xd0, 0x2f, 0xe0, 0x2f, 0xf0, 0x0,
    0x0, 0xbf, 0xf6, 0x2, 0xff, 0x70, 0x2f, 0xe0,
    0x2f, 0xf0, 0x0, 0x5e, 0xff, 0x50, 0xc, 0xfc,
    0x0, 0x2f, 0xe0, 0x2f, 0xf0, 0x2b, 0xff, 0xe3,
    0x0, 0xbf, 0xe2, 0x0, 0x2f, 0xe0, 0x2f, 0xf0,
    0x4f, 0xfa, 0x10, 0xb, 0xff, 0x30, 0x0, 0x2f,
    0xe0, 0x2f, 0xf0, 0x7, 0x40, 0x1, 0xcf, 0xff,
    0x40, 0x0, 0x0, 0x0, 0x2f, 0xf0, 0x0, 0x0,
    0x5e, 0xff, 0xbf, 0xf6, 0x0, 0x0, 0x0, 0x2f,
    0xf0, 0x0, 0x19, 0xff, 0xd2, 0x9, 0xff, 0x70,
    0x0, 0x0, 0x2f, 0xf0, 0x18, 0xff, 0xfa, 0x0,
    0x0, 0x9f, 0xf5, 0x1, 0x11, 0x5f, 0xf0, 0x9f,
    0xfd, 0x50, 0x0, 0x0, 0xa, 0x90, 0x8, 0xff,
    0xff, 0xd0, 0xc, 0x70, 0x0, 0x0, 0x0, 0x0,
    0x0, 0x2, 0xff, 0xeb, 0x20, 0x0, 0x0, 0x0,
    0x0, 0x0, 0x0, 0x0, 0x0, 0x0, 0x0, 0x0,

    /* U+524D "前" */
    0x0, 0x0, 0x0, 0x0, 0x0, 0x0, 0x0, 0x0,
    0x0, 0x0, 0x0, 0x0, 0x0, 0x5b, 0x70, 0x0,
    0x0, 0x0, 0x1, 0xd9, 0x30, 0x0, 0x0, 0x0,
    0x6f, 0xf4, 0x0, 0x0, 0x0, 0x8, 0xff, 0x20,
    0x0, 0x0, 0x0, 0xb, 0xfe, 0x0, 0x0, 0x0,
    0x2f, 0xf7, 0x0, 0x0, 0x14, 0x44, 0x46, 0xfe,
    0x64, 0x44, 0x44, 0xcf, 0xe4, 0x44, 0x43, 0x7f,
    0xff, 0xff, 0xff, 0xff, 0xff, 0xff, 0xff, 0xff,
    0xff, 0xfe, 0x5c, 0xcc, 0xcc, 0xcc, 0xcc, 0xcc,
    0xcc, 0xcc, 0xcc, 0xcc, 0xcb, 0x0, 0x0, 0x0,
    0x0, 0x0, 0x0, 0x0, 0x0, 0x0, 0x0, 0x0,
    0x0, 0x44, 0x44, 0x44, 0x44, 0x40, 0x0, 0x10,
    0x0, 0x9c, 0x50, 0x0, 0xff, 0xff, 0xff, 0xff,
    0xe0, 0x8, 0xf8, 0x0, 0xbf, 0x70, 0x0, 0xff,
    0x99, 0x99, 0xaf, 0xe0, 0x8, 0xf8, 0x0, 0xbf,
    0x70, 0x0, 0xff, 0x0, 0x0, 0x3f, 0xe0, 0x8,
    0xf8, 0x0, 0xbf, 0x70, 0x0, 0xff, 0x77, 0x77,
    0x9f, 0xe0, 0x8, 0xf8, 0x0, 0xbf, 0x70, 0x0,
    0xff, 0xff, 0xff, 0xff, 0xe0, 0x8, 0xf8, 0x0,
    0xbf, 0x70, 0x0, 0xff, 0x43, 0x33, 0x6f, 0xe0,
    0x8, 0xf8, 0x0, 0xbf, 0x70, 0x0, 0xff, 0x0,
    0x0, 0x3f, 0xe0, 0x8, 0xf8, 0x0, 0xbf, 0x70,
    0x0, 0xff, 0xbb, 0xbb, 0xcf, 0xe0, 0x8, 0xf8,
    0x0, 0xbf, 0x70, 0x0, 0xff, 0xff, 0xff, 0xff,
    0xe0, 0x8, 0xf8, 0x0, 0xbf, 0x70, 0x0, 0xff,
    0x0, 0x0, 0x3f, 0xe0, 0x5, 0xa5, 0x0, 0xbf,
    0x70, 0x0, 0xff, 0x0, 0x0, 0x3f, 0xe0, 0x0,
    0x0, 0x0, 0xbf, 0x70, 0x0, 0xff, 0x0, 0x0,
    0x3f, 0xe0, 0x0, 0x0, 0x0, 0xcf, 0x60, 0x0,
    0xff, 0x0, 0xbd, 0xef, 0xc0, 0x0, 0xf, 0xff,
    0xff, 0x40, 0x0, 0xff, 0x0, 0x8f, 0xfc, 0x30,
    0x0, 0xa, 0xff, 0xd7, 0x0, 0x0, 0x0, 0x0,
    0x0, 0x0, 0x0, 0x0, 0x0, 0x0, 0x0, 0x0,

    /* U+529F "功" */
    0x0, 0x0, 0x0, 0x0, 0x0, 0x0, 0xa, 0xd6,
    0x0, 0x0, 0x0, 0x0, 0x0, 0x0, 0x0, 0x0,
    0x0, 0xd, 0xf6, 0x0, 0x0, 0x0, 0x58, 0x88,
    0x88, 0x88, 0x81, 0x0, 0xd, 0xf6, 0x0, 0x0,
    0x0, 0x9f, 0xff, 0xff, 0xff, 0xf2, 0x0, 0xd,
    0xf6, 0x0, 0x0, 0x0, 0x59, 0x9b, 0xff, 0x99,
    0x91, 0x0, 0xd, 0xf6, 0x0, 0x0, 0x0, 0x0,
    0x4, 0xfe, 0x0, 0x8, 0xff, 0xff, 0xff, 0xff,
    0xff, 0xf9, 0x0, 0x4, 0xfe, 0x0, 0x8, 0xff,
    0xff, 0xff, 0xff, 0xff, 0xf9, 0x0, 0x4, 0xfe,
    0x0, 0x1, 0x22, 0x3f, 0xf6, 0x22, 0x2b, 0xf8,
    0x0, 0x4, 0xfe, 0x0, 0x0, 0x0, 0x1f, 0xf2,
    0x0, 0xa, 0xf8, 0x0, 0x4, 0xfe, 0x0, 0x0,
    0x0, 0x3f, 0xf0, 0x0, 0xb, 0xf7, 0x0, 0x4,
    0xfe, 0x0, 0x0, 0x0, 0x5f, 0xe0, 0x0, 0xc,
    0xf6, 0x0, 0x4, 0xfe, 0x0, 0x0, 0x0, 0x7f,
    0xc0, 0x0, 0xc, 0xf6, 0x0, 0x4, 0xfe, 0x0,
    0x0, 0x0, 0xcf, 0x90, 0x0, 0xd, 0xf5, 0x0,
    0x4, 0xfe, 0x16, 0xa7, 0x0, 0xff, 0x40, 0x0,
    0xe, 0xf4, 0x0, 0x7, 0xff, 0xff, 0xfb, 0x5,
    0xff, 0x0, 0x0, 0xf, 0xf3, 0x8c, 0xff, 0xff,
    0xfe, 0xa4, 0xb, 0xfb, 0x0, 0x0, 0x1f, 0xf2,
    0xbf, 0xff, 0xd8, 0x30, 0x0, 0x4f, 0xf5, 0x0,
    0x0, 0x2f, 0xf1, 0x7b, 0x61, 0x0, 0x0, 0x1,
    0xef, 0xd0, 0x0, 0x0, 0x4f, 0xf0, 0x0, 0x0,
    0x0, 0x0, 0x1c, 0xff, 0x30, 0x0, 0x0, 0x8f,
    0xd0, 0x0, 0x0, 0x0, 0x2, 0xdf, 0xf7, 0x0,
    0x32, 0x13, 0xef, 0x90, 0x0, 0x0, 0x0, 0x2f,
    0xff, 0x70, 0x0, 0xbf, 0xff, 0xff, 0x30, 0x0,
    0x0, 0x0, 0x6, 0xe5, 0x0, 0x0, 0x6f, 0xff,
    0xd5, 0x0, 0x0, 0x0, 0x0, 0x0, 0x10, 0x0,
    0x0, 0x0, 0x0, 0x0, 0x0,

    /* U+52A8 "动" */
    0x0, 0x0, 0x0, 0x0, 0x0, 0x0, 0x0, 0x7b,
    0x60, 0x0, 0x0, 0x0, 0x0, 0x0, 0x0, 0x0,
    0x0, 0x0, 0xaf, 0x80, 0x0, 0x0, 0xb, 0xff,
    0xff, 0xff, 0xff, 0x70, 0x0, 0xaf, 0x80, 0x0,
    0x0, 0xb, 0xee, 0xee, 0xee, 0xee, 0x70, 0x0,
    0xaf, 0x80, 0x0, 0x0, 0x0, 0x0, 0x0, 0x0,
    0x0, 0x0, 0x0, 0xaf, 0x80, 0x0, 0x0, 0x0,
    0x0, 0x0, 0x0, 0x0, 0xb, 0xcc, 0xef, 0xec,
    0xcc, 0xc7, 0x0, 0x0, 0x0, 0x0, 0x0, 0xe,
    0xff, 0xff, 0xff, 0xff, 0xf8, 0x7d, 0xdd, 0xdd,
    0xdd, 0xdd, 0xc2, 0x22, 0xdf, 0x72, 0x2b, 0xf8,
    0x8f, 0xff, 0xff, 0xff, 0xff, 0xe0, 0x0, 0xef,
    0x40, 0xa, 0xf7, 0x12, 0x29, 0xfc, 0x22, 0x22,
    0x20, 0x0, 0xff, 0x20, 0xb, 0xf7, 0x0, 0xb,
    0xf8, 0x0, 0x0, 0x0, 0x0, 0xff, 0x10, 0xc,
    0xf6, 0x0, 0xf, 0xf3, 0x4, 0xa4, 0x0, 0x2,
    0xff, 0x0, 0xc, 0xf6, 0x0, 0x3f, 0xf0, 0x5,
    0xfa, 0x0, 0x6, 0xfd, 0x0, 0xd, 0xf5, 0x0,
    0x8f, 0xa0, 0x0, 0xff, 0x10, 0x9, 0xf9, 0x0,
    0xe, 0xf4, 0x0, 0xdf, 0x40, 0x0, 0xaf, 0x60,
    0xc, 0xf6, 0x0, 0xf, 0xf3, 0x2, 0xfe, 0x1,
    0x48, 0xdf, 0xc0, 0x1f, 0xf3, 0x0, 0xf, 0xf2,
    0xa, 0xfe, 0xdf, 0xff, 0xff, 0xf1, 0x7f, 0xd0,
    0x0, 0x1f, 0xf1, 0x3f, 0xff, 0xff, 0xea, 0x5c,
    0xf5, 0xef, 0x70, 0x0, 0x3f, 0xf0, 0xf, 0xfb,
    0x62, 0x0, 0x5, 0x58, 0xff, 0x10, 0x0, 0x6f,
    0xe0, 0x4, 0x10, 0x0, 0x0, 0x0, 0x3f, 0xf9,
    0x12, 0x12, 0xcf, 0xb0, 0x0, 0x0, 0x0, 0x0,
    0x0, 0xdf, 0xd0, 0x2f, 0xff, 0xff, 0x60, 0x0,
    0x0, 0x0, 0x0, 0x0, 0x3e, 0x20, 0xd, 0xff,
    0xe8, 0x0, 0x0, 0x0, 0x0, 0x0, 0x0, 0x1,
    0x0, 0x0, 0x0, 0x0, 0x0,

    /* U+533A "区" */
    0xef, 0xff, 0xff, 0xff, 0xff, 0xff, 0xff, 0xff,
    0xff, 0xfe, 0xe, 0xff, 0xff, 0xff, 0xff, 0xff,
    0xff, 0xff, 0xff, 0xff, 0xf0, 0xef, 0x62, 0x22,
    0x22, 0x22, 0x22, 0x22, 0x22, 0x22, 0x22, 0xe,
    0xf4, 0x0, 0x0, 0x0, 0x0, 0x0, 0x2, 0xa4,
    0x0, 0x0, 0xef, 0x40, 0x2c, 0x50, 0x0, 0x0,
    0x0, 0xbf, 0xd0, 0x0, 0xe, 0xf4, 0x8, 0xff,
    0x80, 0x0, 0x0, 0x6f, 0xf3, 0x0, 0x0, 0xef,
    0x40, 0x7, 0xff, 0xb0, 0x0, 0x2f, 0xf9, 0x0,
    0x0, 0xe, 0xf4, 0x0, 0x4, 0xff, 0xd2, 0x1e,
    0xfc, 0x0, 0x0, 0x0, 0xef, 0x40, 0x0, 0x3,
    0xef, 0xec, 0xfe, 0x10, 0x0, 0x0, 0xe, 0xf4,
    0x0, 0x0, 0x1, 0xdf, 0xff, 0x30, 0x0, 0x0,
    0x0, 0xef, 0x40, 0x0, 0x0, 0xb, 0xff, 0xf7,
    0x0, 0x0, 0x0, 0xe, 0xf4, 0x0, 0x0, 0x2d,
    0xff, 0xcf, 0xf8, 0x0, 0x0, 0x0, 0xef, 0x40,
    0x0, 0x3e, 0xff, 0x40, 0xbf, 0xf9, 0x0, 0x0,
    0xe, 0xf4, 0x0, 0x8f, 0xfe, 0x30, 0x0, 0xaf,
    0xf8, 0x0, 0x0, 0xef, 0x43, 0xdf, 0xfc, 0x20,
    0x0, 0x0, 0xbf, 0xf8, 0x0, 0xe, 0xf4, 0x3e,
    0xf8, 0x0, 0x0, 0x0, 0x0, 0xcf, 0x70, 0x0,
    0xef, 0x40, 0x34, 0x0, 0x0, 0x0, 0x0, 0x1,
    0x50, 0x0, 0xe, 0xf4, 0x0, 0x0, 0x0, 0x0,
    0x0, 0x0, 0x0, 0x0, 0x0, 0xef, 0xff, 0xff,
    0xff, 0xff, 0xff, 0xff, 0xff, 0xff, 0xff, 0x8e,
    0xff, 0xff, 0xff, 0xff, 0xff, 0xff, 0xff, 0xff,
    0xff, 0xf9, 0x22, 0x22, 0x22, 0x22, 0x22, 0x22,
    0x22, 0x22, 0x22, 0x22, 0x10,

    /* U+5355 "单" */
    0x0, 0x0, 0x0, 0x0, 0x0, 0x0, 0x0, 0x0,
    0x0, 0x0, 0x0, 0x0, 0x0, 0x7, 0xd2, 0x0,
    0x0, 0x0, 0x5, 0xc7, 0x10, 0x0, 0x0, 0x0,
    0xc, 0xfd, 0x0, 0x0, 0x0, 0xd, 0xfd, 0x0,
    0x0, 0x0, 0x0, 0x1, 0xef, 0x90, 0x0, 0x0,
    0x6f, 0xf3, 0x0, 0x0, 0x0, 0x0, 0x0, 0x6f,
    0xc0, 0x0, 0x1, 0xff, 0x80, 0x0, 0x0, 0x0,
    0x3f, 0xff, 0xff, 0xff, 0xff, 0xff, 0xff, 0xff,
    0xfe, 0x0, 0x0, 0x3f, 0xfc, 0xcc, 0xcc, 0xff,
    0xdc, 0xcc, 0xcd, 0xfe, 0x0, 0x0, 0x3f, 0xe0,
    0x0, 0x0, 0xff, 0x50, 0x0, 0x5, 0xfe, 0x0,
    0x0, 0x3f, 0xf0, 0x0, 0x0, 0xff, 0x50, 0x0,
    0x5, 0xfe, 0x0, 0x0, 0x3f, 0xff, 0xff, 0xff,
    0xff, 0xff, 0xff, 0xff, 0xfe, 0x0, 0x0, 0x3f,
    0xfb, 0xbb, 0xbb, 0xff, 0xcb, 0xbb, 0xbd, 0xfe,
    0x0, 0x0, 0x3f, 0xe0, 0x0, 0x0, 0xff, 0x50,
    0x0, 0x5, 0xfe, 0x0, 0x0, 0x3f, 0xf0, 0x0,
    0x0, 0xff, 0x50, 0x0, 0x5, 0xfe, 0x0, 0x0,
    0x3f, 0xff, 0xff, 0xff, 0xff, 0xff, 0xff, 0xff,
    0xfe, 0x0, 0x0, 0x3c, 0xcc, 0xcc, 0xcc, 0xff,
    0xdc, 0xcc, 0xcc, 0xcb, 0x0, 0x0, 0x0, 0x0,
    0x0, 0x0, 0xff, 0x50, 0x0, 0x0, 0x0, 0x0,
    0x1, 0x11, 0x11, 0x11, 0x11, 0xff, 0x61, 0x11,
    0x11, 0x11, 0x11, 0x6f, 0xff, 0xff, 0xff, 0xff,
    0xff, 0xff, 0xff, 0xff, 0xff, 0xfe, 0x6f, 0xff,
    0xff, 0xff, 0xff, 0xff, 0xff, 0xff, 0xff, 0xff,
    0xfe, 0x0, 0x0, 0x0, 0x0, 0x0, 0xff, 0x50,
    0x0, 0x0, 0x0, 0x0, 0x0, 0x0, 0x0, 0x0,
    0x0, 0xff, 0x50, 0x0, 0x0, 0x0, 0x0, 0x0,
    0x0, 0x0, 0x0, 0x0, 0xff, 0x50, 0x0, 0x0,
    0x0, 0x0, 0x0, 0x0, 0x0, 0x0, 0x0, 0xff,
    0x50, 0x0, 0x0, 0x0, 0x0,

    /* U+5360 "占" */
    0x0, 0x0, 0x0, 0x5, 0xee, 0x0, 0x0, 0x0,
    0x0, 0x0, 0x0, 0x0, 0x0, 0x5, 0xfe, 0x0,
    0x0, 0x0, 0x0, 0x0, 0x0, 0x0, 0x0, 0x5,
    0xfe, 0x0, 0x0, 0x0, 0x0, 0x0, 0x0, 0x0,
    0x0, 0x5, 0xfe, 0x0, 0x0, 0x0, 0x0, 0x0,
    0x0, 0x0, 0x0, 0x5, 0xff, 0xff, 0xff, 0xff,
    0xff, 0xf5, 0x0, 0x0, 0x0, 0x5, 0xff, 0xff,
    0xff, 0xff, 0xff, 0xf5, 0x0, 0x0, 0x0, 0x5,
    0xff, 0x11, 0x11, 0x11, 0x11, 0x10, 0x0, 0x0,
    0x0, 0x5, 0xfe, 0x0, 0x0, 0x0, 0x0, 0x0,
    0x0, 0x0, 0x0, 0x5, 0xfe, 0x0, 0x0, 0x0,
    0x0, 0x0, 0x0, 0x0, 0x0, 0x5, 0xfe, 0x0,
    0x0, 0x0, 0x0, 0x0, 0x2, 0x22, 0x22, 0x26,
    0xff, 0x22, 0x22, 0x22, 0x20, 0x0, 0x4f, 0xff,
    0xff, 0xff, 0xff, 0xff, 0xff, 0xff, 0xf5, 0x0,
    0x4f, 0xff, 0xff, 0xff, 0xff, 0xff, 0xff, 0xff,
    0xf5, 0x0, 0x4f, 0xe0, 0x0, 0x0, 0x0, 0x0,
    0x0, 0xe, 0xf5, 0x0, 0x4f, 0xe0, 0x0, 0x0,
    0x0, 0x0, 0x0, 0xe, 0xf5, 0x0, 0x4f, 0xe0,
    0x0, 0x0, 0x0, 0x0, 0x0, 0xe, 0xf5, 0x0,
    0x4f, 0xe0, 0x0, 0x0, 0x0, 0x0, 0x0, 0xe,
    0xf5, 0x0, 0x4f, 0xe0, 0x0, 0x0, 0x0, 0x0,
    0x0, 0xe, 0xf5, 0x0, 0x4f, 0xfd, 0xdd, 0xdd,
    0xdd, 0xdd, 0xdd, 0xdf, 0xf5, 0x0, 0x4f, 0xff,
    0xff, 0xff, 0xff, 0xff, 0xff, 0xff, 0xf5, 0x0,
    0x4f, 0xf4, 0x44, 0x44, 0x44, 0x44, 0x44, 0x4f,
    0xf5, 0x0, 0x4f, 0xe0, 0x0, 0x0, 0x0, 0x0,
    0x0, 0xc, 0xd5, 0x0,

    /* U+5361 "卡" */
    0x0, 0x0, 0x0, 0x0, 0x9, 0xe9, 0x0, 0x0,
    0x0, 0x0, 0x0, 0x0, 0x0, 0x0, 0x0, 0xa,
    0xfa, 0x0, 0x0, 0x0, 0x0, 0x0, 0x0, 0x0,
    0x0, 0x0, 0xa, 0xfa, 0x0, 0x0, 0x0, 0x0,
    0x0, 0x0, 0x0, 0x0, 0x0, 0xa, 0xff, 0xff,
    0xff, 0xff, 0xf6, 0x0, 0x0, 0x0, 0x0, 0x0,
    0xa, 0xff, 0xff, 0xff, 0xff, 0xf6, 0x0, 0x0,
    0x0, 0x0, 0x0, 0xa, 0xfb, 0x22, 0x22, 0x22,
    0x20, 0x0, 0x0, 0x0, 0x0, 0x0, 0xa, 0xfa,
    0x0, 0x0, 0x0, 0x0, 0x0, 0x0, 0x0, 0x0,
    0x0, 0xa, 0xfa, 0x0, 0x0, 0x0, 0x0, 0x0,
    0x25, 0x55, 0x55, 0x55, 0x5c, 0xfc, 0x55, 0x55,
    0x55, 0x55, 0x54, 0x7f, 0xff, 0xff, 0xff, 0xff,
    0xff, 0xff, 0xff, 0xff, 0xff, 0xfe, 0x6d, 0xdd,
    0xdd, 0xdd, 0xdf, 0xff, 0xdd, 0xdd, 0xdd, 0xdd,
    0xdc, 0x0, 0x0, 0x0, 0x0, 0x9, 0xfc, 0x0,
    0x0, 0x0, 0x0, 0x0, 0x0, 0x0, 0x0, 0x0,
    0x9, 0xfc, 0x0, 0x0, 0x0, 0x0, 0x0, 0x0,
    0x0, 0x0, 0x0, 0x9, 0xfc, 0x5a, 0x30, 0x0,
    0x0, 0x0, 0x0, 0x0, 0x0, 0x0, 0x9, 0xfd,
    0xef, 0xfd, 0x71, 0x0, 0x0, 0x0, 0x0, 0x0,
    0x0, 0x9, 0xfc, 0x29, 0xff, 0xff, 0x92, 0x0,
    0x0, 0x0, 0x0, 0x0, 0x9, 0xfc, 0x0, 0x17,
    0xef, 0xff, 0x70, 0x0, 0x0, 0x0, 0x0, 0x9,
    0xfc, 0x0, 0x0, 0x6, 0xde, 0x10, 0x0, 0x0,
    0x0, 0x0, 0x9, 0xfc, 0x0, 0x0, 0x0, 0x2,
    0x0, 0x0, 0x0, 0x0, 0x0, 0x9, 0xfc, 0x0,
    0x0, 0x0, 0x0, 0x0, 0x0, 0x0, 0x0, 0x0,
    0x9, 0xfc, 0x0, 0x0, 0x0, 0x0, 0x0, 0x0,
    0x0, 0x0, 0x0, 0x9, 0xfc, 0x0, 0x0, 0x0,
    0x0, 0x0,

    /* U+538B "压" */
    0x0, 0x0, 0x0, 0x0, 0x0, 0x0, 0x0, 0x0,
    0x0, 0x0, 0x0, 0x0, 0xf, 0xff, 0xff, 0xff,
    0xff, 0xff, 0xff, 0xff, 0xff, 0xff, 0xf2, 0x0,
    0xff, 0xff, 0xff, 0xff, 0xff, 0xff, 0xff, 0xff,
    0xff, 0xff, 0x20, 0xf, 0xf3, 0x22, 0x22, 0x22,
    0x22, 0x22, 0x22, 0x22, 0x22, 0x20, 0x0, 0xff,
    0x10, 0x0, 0x0, 0x2, 0xbb, 0x0, 0x0, 0x0,
    0x0, 0x0, 0xf, 0xf1, 0x0, 0x0, 0x0, 0x3f,
    0xf0, 0x0, 0x0, 0x0, 0x0, 0x0, 0xff, 0x10,
    0x0, 0x0, 0x3, 0xff, 0x0, 0x0, 0x0, 0x0,
    0x0, 0xf, 0xf1, 0x0, 0x0, 0x0, 0x3f, 0xf0,
    0x0, 0x0, 0x0, 0x0, 0x0, 0xff, 0x10, 0x0,
    0x0, 0x3, 0xff, 0x0, 0x0, 0x0, 0x0, 0x0,
    0xf, 0xf1, 0x7f, 0xff, 0xff, 0xff, 0xff, 0xff,
    0xff, 0xfe, 0x0, 0x0, 0xff, 0x7, 0xff, 0xff,
    0xff, 0xff, 0xff, 0xff, 0xff, 0xe0, 0x0, 0x1f,
    0xf0, 0x1, 0x11, 0x11, 0x5f, 0xf2, 0x11, 0x11,
    0x11, 0x0, 0x2, 0xff, 0x0, 0x0, 0x0, 0x3,
    0xff, 0x0, 0x23, 0x0, 0x0, 0x0, 0x3f, 0xd0,
    0x0, 0x0, 0x0, 0x3f, 0xf0, 0x2f, 0xf4, 0x0,
    0x0, 0x4, 0xfc, 0x0, 0x0, 0x0, 0x3, 0xff,
    0x0, 0x8f, 0xf4, 0x0, 0x0, 0x7f, 0xa0, 0x0,
    0x0, 0x0, 0x3f, 0xf0, 0x0, 0x8f, 0xf2, 0x0,
    0xa, 0xf7, 0x0, 0x0, 0x0, 0x3, 0xff, 0x0,
    0x0, 0xbc, 0x20, 0x0, 0xdf, 0x40, 0x0, 0x0,
    0x0, 0x3f, 0xf0, 0x0, 0x1, 0x0, 0x0, 0x2f,
    0xf1, 0x22, 0x22, 0x22, 0x25, 0xff, 0x32, 0x22,
    0x22, 0x22, 0x8, 0xfc, 0xf, 0xff, 0xff, 0xff,
    0xff, 0xff, 0xff, 0xff, 0xff, 0xf0, 0xdf, 0x50,
    0xff, 0xff, 0xff, 0xff, 0xff, 0xff, 0xff, 0xff,
    0xfe, 0x1, 0xa0, 0x0, 0x0, 0x0, 0x0, 0x0,
    0x0, 0x0, 0x0, 0x0, 0x0,

    /* U+53CA "及" */
    0x0, 0xef, 0xff, 0xff, 0xff, 0xff, 0xff, 0xff,
    0xc0, 0x0, 0x0, 0x0, 0xf, 0xff, 0xff, 0xff,
    0xff, 0xff, 0xff, 0xfa, 0x0, 0x0, 0x0, 0x0,
    0x55, 0x55, 0xff, 0x95, 0x55, 0x55, 0xff, 0x60,
    0x0, 0x0, 0x0, 0x0, 0x0, 0xe, 0xf7, 0x0,
    0x0, 0x1f, 0xf3, 0x0, 0x0, 0x0, 0x0, 0x0,
    0x0, 0xff, 0xb0, 0x0, 0x5, 0xff, 0x0, 0x0,
    0x0, 0x0, 0x0, 0x0, 0xf, 0xff, 0x0, 0x0,
    0x9f, 0xd2, 0x22, 0x21, 0x0, 0x0, 0x0, 0x0,
    0xff, 0xf5, 0x0, 0xd, 0xff, 0xff, 0xff, 0xf6,
    0x0, 0x0, 0x0, 0x1f, 0xff, 0xc0, 0x2, 0xff,
    0xff, 0xff, 0xff, 0x40, 0x0, 0x0, 0x3, 0xff,
    0xff, 0x30, 0x0, 0x0, 0x0, 0x7f, 0xf0, 0x0,
    0x0, 0x0, 0x6f, 0xfa, 0xfa, 0x0, 0x0, 0x0,
    0xe, 0xfa, 0x0, 0x0, 0x0, 0x9, 0xfd, 0x1f,
    0xf4, 0x0, 0x0, 0x6, 0xff, 0x30, 0x0, 0x0,
    0x0, 0xdf, 0xa0, 0x8f, 0xe0, 0x0, 0x0, 0xdf,
    0xc0, 0x0, 0x0, 0x0, 0x2f, 0xf5, 0x1, 0xff,
    0xa0, 0x0, 0x9f, 0xf3, 0x0, 0x0, 0x0, 0x8,
    0xff, 0x0, 0x5, 0xff, 0x90, 0x6f, 0xf8, 0x0,
    0x0, 0x0, 0x1, 0xff, 0xa0, 0x0, 0x8, 0xff,
    0xbf, 0xfc, 0x0, 0x0, 0x0, 0x0, 0x9f, 0xf2,
    0x0, 0x0, 0xa, 0xff, 0xfd, 0x10, 0x0, 0x0,
    0x0, 0x4f, 0xf9, 0x0, 0x0, 0x2, 0xbf, 0xff,
    0xf7, 0x0, 0x0, 0x0, 0x2e, 0xfe, 0x10, 0x0,
    0x18, 0xff, 0xfc, 0xff, 0xfe, 0x72, 0x0, 0x1e,
    0xff, 0x40, 0x5, 0xbf, 0xff, 0xd4, 0x2, 0xbf,
    0xff, 0xfc, 0x70, 0x8f, 0x50, 0x1, 0xef, 0xfe,
    0x70, 0x0, 0x0, 0x4a, 0xff, 0xf4, 0x0, 0x50,
    0x0, 0x5, 0xa4, 0x0, 0x0, 0x0, 0x0, 0x0,
    0x67, 0x0,

    /* U+53D1 "发" */
    0x0, 0x0, 0x0, 0x0, 0x0, 0x13, 0x0, 0x0,
    0x0, 0x0, 0x0, 0x0, 0x0, 0x0, 0x7, 0x62,
    0x0, 0x5f, 0xf2, 0x0, 0x3c, 0x40, 0x0, 0x0,
    0x0, 0x0, 0x1f, 0xf5, 0x0, 0x8f, 0xf0, 0x0,
    0x8f, 0xf3, 0x0, 0x0, 0x0, 0x0, 0x6f, 0xe0,
    0x0, 0xbf, 0xd0, 0x0, 0xa, 0xfe, 0x20, 0x0,
    0x0, 0x0, 0xcf, 0x80, 0x0, 0xef, 0xa0, 0x0,
    0x0, 0xcf, 0x60, 0x0, 0x0, 0x4, 0xff, 0x20,
    0x1, 0xff, 0x70, 0x0, 0x0, 0x13, 0x0, 0x0,
    0x0, 0x1e, 0xff, 0xff, 0xff, 0xff, 0xff, 0xff,
    0xff, 0xff, 0xff, 0x50, 0x0, 0xe, 0xff, 0xff,
    0xff, 0xff, 0xff, 0xff, 0xff, 0xff, 0xff, 0x60,
    0x0, 0x5, 0x43, 0x22, 0x2f, 0xfc, 0x22, 0x22,
    0x22, 0x22, 0x22, 0x10, 0x0, 0x0, 0x0, 0x0,
    0x4f, 0xf6, 0x0, 0x0, 0x0, 0x0, 0x0, 0x0,
    0x0, 0x0, 0x0, 0x0, 0xbf, 0xf5, 0x33, 0x33,
    0x33, 0x42, 0x0, 0x0, 0x0, 0x0, 0x0, 0x1,
    0xff, 0xff, 0xff, 0xff, 0xff, 0xff, 0x50, 0x0,
    0x0, 0x0, 0x0, 0xa, 0xff, 0xfe, 0xee, 0xee,
    0xef, 0xff, 0x10, 0x0, 0x0, 0x0, 0x0, 0x4f,
    0xff, 0xe1, 0x0, 0x0, 0xd, 0xf8, 0x0, 0x0,
    0x0, 0x0, 0x0, 0xdf, 0xfc, 0xfb, 0x0, 0x0,
    0x8f, 0xf1, 0x0, 0x0, 0x0, 0x0, 0xa, 0xff,
    0x71, 0xff, 0x70, 0x4, 0xff, 0x80, 0x0, 0x0,
    0x0, 0x0, 0x9f, 0xfa, 0x0, 0x5f, 0xf7, 0x3f,
    0xfb, 0x0, 0x0, 0x0, 0x0, 0x8, 0xff, 0xd0,
    0x0, 0x8, 0xff, 0xff, 0xd0, 0x0, 0x0, 0x0,
    0x2, 0xcf, 0xfd, 0x20, 0x0, 0x1, 0xef, 0xff,
    0x50, 0x0, 0x0, 0x0, 0xe, 0xff, 0xc1, 0x0,
    0x1, 0x8f, 0xff, 0xff, 0xfc, 0x40, 0x0, 0x0,
    0x3, 0xf8, 0x0, 0x5, 0xaf, 0xff, 0xe5, 0x2b,
    0xff, 0xfd, 0x94, 0x0, 0x0, 0x10, 0x0, 0xef,
    0xff, 0xe7, 0x0, 0x0, 0x3c, 0xff, 0xff, 0xd0,
    0x0, 0x0, 0x0, 0x6f, 0xa4, 0x0, 0x0, 0x0,
    0x0, 0x27, 0xcf, 0x20, 0x0, 0x0, 0x0, 0x0,
    0x0, 0x0, 0x0, 0x0, 0x0, 0x0, 0x0, 0x0,

    /* U+53D8 "变" */
    0x0, 0x0, 0x0, 0x0, 0x0, 0x45, 0x0, 0x0,
    0x0, 0x0, 0x0, 0x0, 0x0, 0x0, 0x0, 0x0,
    0x5f, 0xf2, 0x0, 0x0, 0x0, 0x0, 0x0, 0x0,
    0x0, 0x0, 0x0, 0x0, 0xdf, 0xa0, 0x0, 0x0,
    0x0, 0x0, 0x1, 0xee, 0xee, 0xee, 0xee, 0xef,
    0xff, 0xee, 0xee, 0xee, 0xee, 0x60, 0x1f, 0xff,
    0xff, 0xff, 0xff, 0xff, 0xff, 0xff, 0xff, 0xff,
    0xf7, 0x0, 0x0, 0x1, 0x0, 0xcf, 0x80, 0x3,
    0xff, 0x10, 0x0, 0x0, 0x0, 0x0, 0x1, 0xfc,
    0x1b, 0xf8, 0x0, 0x2f, 0xf2, 0x9b, 0x0, 0x0,
    0x0, 0x0, 0xaf, 0xa0, 0xbf, 0x80, 0x2, 0xff,
    0x2c, 0xfc, 0x10, 0x0, 0x0, 0x5f, 0xf1, 0xb,
    0xf8, 0x0, 0x2f, 0xf1, 0x1c, 0xfd, 0x0, 0x0,
    0x4f, 0xf6, 0x0, 0xbf, 0x80, 0x2, 0xff, 0x10,
    0x1d, 0xfb, 0x0, 0x6, 0xf9, 0x0, 0xb, 0xf8,
    0x0, 0x2f, 0xf1, 0x0, 0x2f, 0xb1, 0x0, 0x2,
    0x0, 0x0, 0xbf, 0x80, 0x2, 0xff, 0x10, 0x0,
    0x20, 0x0, 0x0, 0x0, 0x0, 0x0, 0x0, 0x0,
    0x0, 0x0, 0x1, 0x0, 0x0, 0x0, 0xa, 0xff,
    0xff, 0xff, 0xff, 0xff, 0xff, 0xff, 0xf9, 0x0,
    0x0, 0x0, 0x9e, 0xff, 0xfe, 0xee, 0xee, 0xee,
    0xee, 0xff, 0x90, 0x0, 0x0, 0x0, 0x4, 0xff,
    0x50, 0x0, 0x0, 0x1, 0xcf, 0xc0, 0x0, 0x0,
    0x0, 0x0, 0x5, 0xff, 0x60, 0x0, 0x1, 0xdf,
    0xe1, 0x0, 0x0, 0x0, 0x0, 0x0, 0x6, 0xff,
    0xb2, 0x7, 0xff, 0xc2, 0x0, 0x0, 0x0, 0x0,
    0x0, 0x0, 0x3, 0xef, 0xfd, 0xff, 0x80, 0x0,
    0x0, 0x0, 0x0, 0x0, 0x0, 0x1, 0x5b, 0xff,
    0xff, 0xd6, 0x10, 0x0, 0x0, 0x0, 0x0, 0x35,
    0x8c, 0xff, 0xff, 0xba, 0xff, 0xff, 0xd9, 0x63,
    0x10, 0x4, 0xff, 0xff, 0xff, 0xc6, 0x10, 0x0,
    0x5b, 0xff, 0xff, 0xff, 0xc0, 0xc, 0xeb, 0x84,
    0x10, 0x0, 0x0, 0x0, 0x1, 0x47, 0xad, 0xf3,
    0x0, 0x0, 0x0, 0x0, 0x0, 0x0, 0x0, 0x0,
    0x0, 0x0, 0x0, 0x0,

    /* U+53E3 "口" */
    0xf, 0xff, 0xff, 0xff, 0xff, 0xff, 0xff, 0xff,
    0xff, 0xf1, 0xf, 0xff, 0xff, 0xff, 0xff, 0xff,
    0xff, 0xff, 0xff, 0xf1, 0xf, 0xf7, 0x44, 0x44,
    0x44, 0x44, 0x44, 0x44, 0x8f, 0xf1, 0xf, 0xf3,
    0x0, 0x0, 0x0, 0x0, 0x0, 0x0, 0x4f, 0xf1,
    0xf, 0xf3, 0x0, 0x0, 0x0, 0x0, 0x0, 0x0,
    0x4f, 0xf1, 0xf, 0xf3, 0x0, 0x0, 0x0, 0x0,
    0x0, 0x0, 0x4f, 0xf1, 0xf, 0xf3, 0x0, 0x0,
    0x0, 0x0, 0x0, 0x0, 0x4f, 0xf1, 0xf, 0xf3,
    0x0, 0x0, 0x0, 0x0, 0x0, 0x0, 0x4f, 0xf1,
    0xf, 0xf3, 0x0, 0x0, 0x0, 0x0, 0x0, 0x0,
    0x4f, 0xf1, 0xf, 0xf3, 0x0, 0x0, 0x0, 0x0,
    0x0, 0x0, 0x4f, 0xf1, 0xf, 0xf3, 0x0, 0x0,
    0x0, 0x0, 0x0, 0x0, 0x4f, 0xf1, 0xf, 0xf3,
    0x0, 0x0, 0x0, 0x0, 0x0, 0x0, 0x4f, 0xf1,
    0xf, 0xf3, 0x0, 0x0, 0x0, 0x0, 0x0, 0x0,
    0x4f, 0xf1, 0xf, 0xf3, 0x0, 0x0, 0x0, 0x0,
    0x0, 0x0, 0x4f, 0xf1, 0xf, 0xf3, 0x0, 0x0,
    0x0, 0x0, 0x0, 0x0, 0x4f, 0xf1, 0xf, 0xff,
    0xff, 0xff, 0xff, 0xff, 0xff, 0xff, 0xff, 0xf1,
    0xf, 0xff, 0xff, 0xff, 0xff, 0xff, 0xff, 0xff,
    0xff, 0xf1, 0xf, 0xf7, 0x55, 0x55, 0x55, 0x55,
    0x55, 0x55, 0x8f, 0xf1, 0xf, 0xf3, 0x0, 0x0,
    0x0, 0x0, 0x0, 0x0, 0x4f, 0xf1, 0xf, 0xf3,
    0x0, 0x0, 0x0, 0x0, 0x0, 0x0, 0x4e, 0xe1,

    /* U+53EA "只" */
    0x0, 0x2, 0x22, 0x22, 0x22, 0x22, 0x22, 0x22,
    0x22, 0x20, 0x0, 0x0, 0x3f, 0xff, 0xff, 0xff,
    0xff, 0xff, 0xff, 0xff, 0xf4, 0x0, 0x0, 0x3f,
    0xff, 0xff, 0xff, 0xff, 0xff, 0xff, 0xff, 0xf4,
    0x0, 0x0, 0x3f, 0xf1, 0x0, 0x0, 0x0, 0x0,
    0x0, 0x1f, 0xf4, 0x0, 0x0, 0x3f, 0xf1, 0x0,
    0x0, 0x0, 0x0, 0x0, 0x1f, 0xf4, 0x0, 0x0,
    0x3f, 0xf1, 0x0, 0x0, 0x0, 0x0, 0x0, 0x1f,
    0xf4, 0x0, 0x0, 0x3f, 0xf1, 0x0, 0x0, 0x0,
    0x0, 0x0, 0x1f, 0xf4, 0x0, 0x0, 0x3f, 0xf1,
    0x0, 0x0, 0x0, 0x0, 0x0, 0x1f, 0xf4, 0x0,
    0x0, 0x3f, 0xf1, 0x0, 0x0, 0x0, 0x0, 0x0,
    0x1f, 0xf4, 0x0, 0x0, 0x3f, 0xf4, 0x33, 0x33,
    0x33, 0x33, 0x33, 0x4f, 0xf4, 0x0, 0x0, 0x3f,
    0xff, 0xff, 0xff, 0xff, 0xff, 0xff, 0xff, 0xf4,
    0x0, 0x0, 0x2d, 0xdd, 0xdd, 0xdd, 0xdd, 0xdd,
    0xdd, 0xdd, 0xd4, 0x0, 0x0, 0x0, 0x0, 0x0,
    0x0, 0x0, 0x0, 0x0, 0x0, 0x0, 0x0, 0x0,
    0x0, 0x0, 0x0, 0x0, 0x0, 0x0, 0x0, 0x0,
    0x0, 0x0, 0x0, 0x0, 0x0, 0x9e, 0x80, 0x0,
    0x5, 0xeb, 0x10, 0x0, 0x0, 0x0, 0x0, 0x7,
    0xff, 0xa0, 0x0, 0x5, 0xff, 0xd2, 0x0, 0x0,
    0x0, 0x0, 0x7f, 0xfb, 0x0, 0x0, 0x0, 0x3e,
    0xff, 0x40, 0x0, 0x0, 0xa, 0xff, 0xb0, 0x0,
    0x0, 0x0, 0x2, 0xdf, 0xf6, 0x0, 0x3, 0xdf,
    0xfa, 0x0, 0x0, 0x0, 0x0, 0x0, 0x1d, 0xff,
    0x60, 0x5f, 0xff, 0x70, 0x0, 0x0, 0x0, 0x0,
    0x0, 0x1, 0xcf, 0xf4, 0xa, 0xd3, 0x0, 0x0,
    0x0, 0x0, 0x0, 0x0, 0x0, 0x1d, 0x70, 0x0,
    0x0, 0x0, 0x0, 0x0, 0x0, 0x0, 0x0, 0x0,
    0x0, 0x0,

    /* U+53EF "可" */
    0x14, 0x44, 0x44, 0x44, 0x44, 0x44, 0x44, 0x44,
    0x44, 0x44, 0x44, 0x6f, 0xff, 0xff, 0xff, 0xff,
    0xff, 0xff, 0xff, 0xff, 0xff, 0xfe, 0x6f, 0xff,
    0xff, 0xff, 0xff, 0xff, 0xff, 0xff, 0xff, 0xff,
    0xfd, 0x0, 0x0, 0x0, 0x0, 0x0, 0x0, 0x0,
    0x0, 0x4f, 0xf0, 0x0, 0x0, 0x0, 0x0, 0x0,
    0x0, 0x0, 0x0, 0x0, 0x4f, 0xf0, 0x0, 0x0,
    0x1, 0x11, 0x11, 0x11, 0x11, 0x10, 0x0, 0x4f,
    0xf0, 0x0, 0x0, 0xf, 0xff, 0xff, 0xff, 0xff,
    0xd0, 0x0, 0x4f, 0xf0, 0x0, 0x0, 0xf, 0xff,
    0xff, 0xff, 0xff, 0xd0, 0x0, 0x4f, 0xf0, 0x0,
    0x0, 0xf, 0xf1, 0x0, 0x0, 0x6f, 0xd0, 0x0,
    0x4f, 0xf0, 0x0, 0x0, 0xf, 0xf1, 0x0, 0x0,
    0x5f, 0xd0, 0x0, 0x4f, 0xf0, 0x0, 0x0, 0xf,
    0xf1, 0x0, 0x0, 0x5f, 0xd0, 0x0, 0x4f, 0xf0,
    0x0, 0x0, 0xf, 0xf1, 0x0, 0x0, 0x5f, 0xd0,
    0x0, 0x4f, 0xf0, 0x0, 0x0, 0xf, 0xf3, 0x22,
    0x22, 0x7f, 0xd0, 0x0, 0x4f, 0xf0, 0x0, 0x0,
    0xf, 0xff, 0xff, 0xff, 0xff, 0xd0, 0x0, 0x4f,
    0xf0, 0x0, 0x0, 0xf, 0xff, 0xff, 0xff, 0xff,
    0xc0, 0x0, 0x4f, 0xf0, 0x0, 0x0, 0xf, 0xf1,
    0x0, 0x0, 0x0, 0x0, 0x0, 0x4f, 0xf0, 0x0,
    0x0, 0xc, 0xc1, 0x0, 0x0, 0x0, 0x0, 0x0,
    0x4f, 0xf0, 0x0, 0x0, 0x0, 0x0, 0x0, 0x0,
    0x0, 0x0, 0x0, 0x4f, 0xf0, 0x0, 0x0, 0x0,
    0x0, 0x0, 0x0, 0x1, 0x65, 0x55, 0xaf, 0xf0,
    0x0, 0x0, 0x0, 0x0, 0x0, 0x0, 0x0, 0xef,
    0xff, 0xff, 0xb0, 0x0, 0x0, 0x0, 0x0, 0x0,
    0x0, 0x0, 0x9f, 0xfe, 0xd9, 0x0, 0x0,

    /* U+53F0 "台" */
    0x0, 0x0, 0x0, 0x2, 0x0, 0x0, 0x0, 0x0,
    0x0, 0x0, 0x0, 0x0, 0x0, 0x1f, 0xe5, 0x0,
    0x0, 0x0, 0x0, 0x0, 0x0, 0x0, 0x0, 0xbf,
    0xe1, 0x0, 0x0, 0x0, 0x0, 0x0, 0x0, 0x0,
    0x7, 0xff, 0x30, 0x0, 0x7, 0x0, 0x0, 0x0,
    0x0, 0x0, 0x4f, 0xf7, 0x0, 0x0, 0xcf, 0xb0,
    0x0, 0x0, 0x0, 0x2, 0xef, 0x90, 0x0, 0x0,
    0x3f, 0xfb, 0x0, 0x0, 0x0, 0x1d, 0xfa, 0x0,
    0x0, 0x0, 0x3, 0xff, 0xb0, 0x0, 0x1, 0xdf,
    0xb0, 0x0, 0x0, 0x1, 0x12, 0x7f, 0xfa, 0x0,
    0x5e, 0xff, 0xdd, 0xde, 0xff, 0xff, 0xff, 0xff,
    0xff, 0x80, 0x6f, 0xff, 0xff, 0xff, 0xff, 0xff,
    0xfe, 0xdc, 0xcf, 0xf4, 0x1c, 0x97, 0x65, 0x43,
    0x21, 0x0, 0x0, 0x0, 0xc, 0xf8, 0x0, 0x0,
    0x0, 0x0, 0x0, 0x0, 0x0, 0x0, 0x2, 0x60,
    0x0, 0x22, 0x22, 0x22, 0x22, 0x22, 0x22, 0x22,
    0x21, 0x0, 0x0, 0xef, 0xff, 0xff, 0xff, 0xff,
    0xff, 0xff, 0xf7, 0x0, 0x0, 0xef, 0xff, 0xff,
    0xff, 0xff, 0xff, 0xff, 0xf7, 0x0, 0x0, 0xef,
    0x50, 0x0, 0x0, 0x0, 0x0, 0xe, 0xf7, 0x0,
    0x0, 0xef, 0x50, 0x0, 0x0, 0x0, 0x0, 0xe,
    0xf7, 0x0, 0x0, 0xef, 0x50, 0x0, 0x0, 0x0,
    0x0, 0xe, 0xf7, 0x0, 0x0, 0xef, 0x50, 0x0,
    0x0, 0x0, 0x0, 0xe, 0xf7, 0x0, 0x0, 0xef,
    0x84, 0x44, 0x44, 0x44, 0x44, 0x4f, 0xf7, 0x0,
    0x0, 0xef, 0xff, 0xff, 0xff, 0xff, 0xff, 0xff,
    0xf7, 0x0, 0x0, 0xef, 0xed, 0xdd, 0xdd, 0xdd,
    0xdd, 0xdf, 0xf7, 0x0, 0x0, 0xef, 0x50, 0x0,
    0x0, 0x0, 0x0, 0xe, 0xf6, 0x0,

    /* U+53F3 "右" */
    0x0, 0x0, 0x0, 0x0, 0x1, 0x0, 0x0, 0x0,
    0x0, 0x0, 0x0, 0x0, 0x0, 0x0, 0x0, 0x5f,
    0xe0, 0x0, 0x0, 0x0, 0x0, 0x0, 0x0, 0x0,
    0x0, 0x0, 0x9f, 0xc0, 0x0, 0x0, 0x0, 0x0,
    0x0, 0x0, 0x0, 0x0, 0x0, 0xdf, 0x80, 0x0,
    0x0, 0x0, 0x0, 0x0, 0x0, 0x0, 0x0, 0x1,
    0xff, 0x40, 0x0, 0x0, 0x0, 0x0, 0x0, 0x3f,
    0xff, 0xff, 0xff, 0xff, 0xff, 0xff, 0xff, 0xff,
    0xff, 0xfa, 0x3f, 0xff, 0xff, 0xff, 0xff, 0xff,
    0xff, 0xff, 0xff, 0xff, 0xfb, 0x3, 0x33, 0x33,
    0x6f, 0xf5, 0x33, 0x33, 0x33, 0x33, 0x33, 0x32,
    0x0, 0x0, 0x0, 0xaf, 0xc0, 0x0, 0x0, 0x0,
    0x0, 0x0, 0x0, 0x0, 0x0, 0x1, 0xff, 0x50,
    0x0, 0x0, 0x0, 0x0, 0x0, 0x0, 0x0, 0x0,
    0xa, 0xfe, 0x0, 0x0, 0x0, 0x0, 0x0, 0x0,
    0x0, 0x0, 0x0, 0x4f, 0xf9, 0x33, 0x33, 0x33,
    0x33, 0x33, 0x33, 0x0, 0x0, 0x0, 0xdf, 0xff,
    0xff, 0xff, 0xff, 0xff, 0xff, 0xff, 0x0, 0x0,
    0xa, 0xff, 0xff, 0xff, 0xff, 0xff, 0xff, 0xff,
    0xff, 0x0, 0x0, 0x8f, 0xfd, 0xfd, 0x0, 0x0,
    0x0, 0x0, 0x5, 0xff, 0x0, 0x8, 0xff, 0xa6,
    0xfd, 0x0, 0x0, 0x0, 0x0, 0x5, 0xff, 0x0,
    0xaf, 0xfc, 0x6, 0xfd, 0x0, 0x0, 0x0, 0x0,
    0x5, 0xff, 0x0, 0x4f, 0xa0, 0x6, 0xfd, 0x0,
    0x0, 0x0, 0x0, 0x5, 0xff, 0x0, 0x3, 0x0,
    0x6, 0xfd, 0x0, 0x0, 0x0, 0x0, 0x5, 0xff,
    0x0, 0x0, 0x0, 0x6, 0xfe, 0x55, 0x55, 0x55,
    0x55, 0x58, 0xff, 0x0, 0x0, 0x0, 0x6, 0xff,
    0xff, 0xff, 0xff, 0xff, 0xff, 0xff, 0x0, 0x0,
    0x0, 0x6, 0xff, 0xcc, 0xcc, 0xcc, 0xcc, 0xcd,
    0xff, 0x0, 0x0, 0x0, 0x6, 0xfd, 0x0, 0x0,
    0x0, 0x0, 0x4, 0xee, 0x0,

    /* U+5408 "合" */
    0x0, 0x0, 0x0, 0x0, 0x0, 0x1, 0xc7, 0x0,
    0x0, 0x0, 0x0, 0x0, 0x0, 0x0, 0x0, 0x0,
    0x0, 0xc, 0xff, 0x20, 0x0, 0x0, 0x0, 0x0,
    0x0, 0x0, 0x0, 0x0, 0x0, 0xaf, 0xfe, 0x30,
    0x0, 0x0, 0x0, 0x0, 0x0, 0x0, 0x0, 0x0,
    0xb, 0xff, 0xef, 0xf4, 0x0, 0x0, 0x0, 0x0,
    0x0, 0x0, 0x0, 0x2, 0xdf, 0xf6, 0x1c, 0xff,
    0x80, 0x0, 0x0, 0x0, 0x0, 0x0, 0x0, 0x6f,
    0xff, 0x50, 0x0, 0xaf, 0xfd, 0x30, 0x0, 0x0,
    0x0, 0x0, 0x2c, 0xff, 0xe3, 0x0, 0x0, 0x6,
    0xff, 0xfb, 0x30, 0x0, 0x0, 0x3a, 0xff, 0xfd,
    0x42, 0x22, 0x22, 0x22, 0x5e, 0xff, 0xfb, 0x40,
    0xa, 0xff, 0xfe, 0xff, 0xff, 0xff, 0xff, 0xff,
    0xff, 0x9e, 0xff, 0xf2, 0x3, 0xfe, 0x70, 0xdd,
    0xdd, 0xdd, 0xdd, 0xdd, 0xdd, 0x30, 0x7e, 0x60,
    0x0, 0x30, 0x0, 0x0, 0x0, 0x0, 0x0, 0x0,
    0x0, 0x0, 0x0, 0x0, 0x0, 0x0, 0x0, 0x0,
    0x0, 0x0, 0x0, 0x0, 0x0, 0x0, 0x0, 0x0,
    0x0, 0x0, 0x4e, 0xee, 0xee, 0xee, 0xee, 0xee,
    0xee, 0xed, 0x0, 0x0, 0x0, 0x0, 0x4f, 0xff,
    0xff, 0xff, 0xff, 0xff, 0xff, 0xfe, 0x0, 0x0,
    0x0, 0x0, 0x4f, 0xf0, 0x0, 0x0, 0x0, 0x0,
    0x7, 0xfe, 0x0, 0x0, 0x0, 0x0, 0x4f, 0xe0,
    0x0, 0x0, 0x0, 0x0, 0x7, 0xfe, 0x0, 0x0,
    0x0, 0x0, 0x4f, 0xe0, 0x0, 0x0, 0x0, 0x0,
    0x7, 0xfe, 0x0, 0x0, 0x0, 0x0, 0x4f, 0xe0,
    0x0, 0x0, 0x0, 0x0, 0x7, 0xfe, 0x0, 0x0,
    0x0, 0x0, 0x4f, 0xf3, 0x33, 0x33, 0x33, 0x33,
    0x39, 0xfe, 0x0, 0x0, 0x0, 0x0, 0x4f, 0xff,
    0xff, 0xff, 0xff, 0xff, 0xff, 0xfe, 0x0, 0x0,
    0x0, 0x0, 0x4f, 0xfd, 0xdd, 0xdd, 0xdd, 0xdd,
    0xde, 0xfe, 0x0, 0x0, 0x0, 0x0, 0x4f, 0xe0,
    0x0, 0x0, 0x0, 0x0, 0x6, 0xed, 0x0, 0x0,

    /* U+540C "同" */
    0xef, 0xff, 0xff, 0xff, 0xff, 0xff, 0xff, 0xff,
    0xff, 0xfe, 0xef, 0xff, 0xff, 0xff, 0xff, 0xff,
    0xff, 0xff, 0xff, 0xfe, 0xef, 0x52, 0x22, 0x22,
    0x22, 0x22, 0x22, 0x22, 0x26, 0xfe, 0xef, 0x30,
    0x0, 0x0, 0x0, 0x0, 0x0, 0x0, 0x4, 0xfe,
    0xef, 0x30, 0xdd, 0xdd, 0xdd, 0xdd, 0xdd, 0xdd,
    0x4, 0xfe, 0xef, 0x30, 0xff, 0xff, 0xff, 0xff,
    0xff, 0xff, 0x4, 0xfe, 0xef, 0x30, 0x0, 0x0,
    0x0, 0x0, 0x0, 0x0, 0x4, 0xfe, 0xef, 0x30,
    0x0, 0x0, 0x0, 0x0, 0x0, 0x0, 0x4, 0xfe,
    0xef, 0x30, 0xa, 0xcc, 0xcc, 0xcc, 0xcc, 0xa0,
    0x4, 0xfe, 0xef, 0x30, 0xd, 0xff, 0xff, 0xff,
    0xff, 0xc0, 0x4, 0xfe, 0xef, 0x30, 0xd, 0xf4,
    0x0, 0x0, 0x4f, 0xc0, 0x4, 0xfe, 0xef, 0x30,
    0xd, 0xf3, 0x0, 0x0, 0x4f, 0xc0, 0x4, 0xfe,
    0xef, 0x30, 0xd, 0xf3, 0x0, 0x0, 0x4f, 0xc0,
    0x4, 0xfe, 0xef, 0x30, 0xd, 0xf3, 0x0, 0x0,
    0x4f, 0xc0, 0x4, 0xfe, 0xef, 0x30, 0xd, 0xfd,
    0xdd, 0xdd, 0xdf, 0xc0, 0x4, 0xfe, 0xef, 0x30,
    0xd, 0xff, 0xff, 0xff, 0xff, 0xc0, 0x4, 0xfe,
    0xef, 0x30, 0xd, 0xf4, 0x0, 0x0, 0x0, 0x0,
    0x4, 0xfe, 0xef, 0x30, 0x8, 0x92, 0x0, 0x0,
    0x0, 0x0, 0x4, 0xfe, 0xef, 0x30, 0x0, 0x0,
    0x0, 0x0, 0x0, 0x22, 0x27, 0xfd, 0xef, 0x30,
    0x0, 0x0, 0x0, 0x0, 0x0, 0xcf, 0xff, 0xfb,
    0xef, 0x30, 0x0, 0x0, 0x0, 0x0, 0x0, 0x6f,
    0xfd, 0xa1,

    /* U+540E "后" */
    0x0, 0x0, 0x0, 0x0, 0x0, 0x0, 0x0, 0x2,
    0x58, 0xbc, 0x10, 0x0, 0x0, 0x0, 0x23, 0x46,
    0x79, 0xac, 0xef, 0xff, 0xff, 0xfd, 0x10, 0x0,
    0x5, 0xff, 0xff, 0xff, 0xff, 0xff, 0xfe, 0xca,
    0x74, 0x10, 0x0, 0x0, 0x5f, 0xfd, 0xba, 0x87,
    0x54, 0x21, 0x0, 0x0, 0x0, 0x0, 0x0, 0x5,
    0xfe, 0x0, 0x0, 0x0, 0x0, 0x0, 0x0, 0x0,
    0x0, 0x0, 0x0, 0x5f, 0xe0, 0x0, 0x0, 0x0,
    0x0, 0x0, 0x0, 0x0, 0x0, 0x0, 0x5, 0xff,
    0x55, 0x55, 0x55, 0x55, 0x55, 0x55, 0x55, 0x55,
    0x50, 0x0, 0x5f, 0xff, 0xff, 0xff, 0xff, 0xff,
    0xff, 0xff, 0xff, 0xff, 0x0, 0x6, 0xff, 0xcc,
    0xcc, 0xcc, 0xcc, 0xcc, 0xcc, 0xcc, 0xcc, 0xc0,
    0x0, 0x6f, 0xe0, 0x0, 0x0, 0x0, 0x0, 0x0,
    0x0, 0x0, 0x0, 0x0, 0x6, 0xfd, 0x0, 0x0,
    0x0, 0x0, 0x0, 0x0, 0x0, 0x0, 0x0, 0x0,
    0x7f, 0xc0, 0x2, 0x22, 0x22, 0x22, 0x22, 0x22,
    0x22, 0x0, 0x0, 0x9, 0xfb, 0x4, 0xff, 0xff,
    0xff, 0xff, 0xff, 0xff, 0xf4, 0x0, 0x0, 0xbf,
    0x90, 0x4f, 0xfe, 0xee, 0xee, 0xee, 0xee, 0xff,
    0x40, 0x0, 0xd, 0xf7, 0x4, 0xfe, 0x0, 0x0,
    0x0, 0x0, 0xf, 0xf4, 0x0, 0x1, 0xff, 0x40,
    0x4f, 0xe0, 0x0, 0x0, 0x0, 0x0, 0xff, 0x40,
    0x0, 0x5f, 0xf0, 0x4, 0xfe, 0x0, 0x0, 0x0,
    0x0, 0xf, 0xf4, 0x0, 0x9, 0xfb, 0x0, 0x4f,
    0xe0, 0x0, 0x0, 0x0, 0x0, 0xff, 0x40, 0x1,
    0xff, 0x70, 0x4, 0xfe, 0x11, 0x11, 0x11, 0x11,
    0x2f, 0xf4, 0x0, 0x9f, 0xf1, 0x0, 0x4f, 0xff,
    0xff, 0xff, 0xff, 0xff, 0xff, 0x40, 0xe, 0xf8,
    0x0, 0x4, 0xff, 0xee, 0xee, 0xee, 0xee, 0xff,
    0xf4, 0x0, 0x1b, 0x0, 0x0, 0x4f, 0xe0, 0x0,
    0x0, 0x0, 0x0, 0xee, 0x40, 0x0, 0x0, 0x0,
    0x0, 0x0, 0x0, 0x0, 0x0, 0x0, 0x0, 0x0,
    0x0,

    /* U+542B "含" */
    0x0, 0x0, 0x0, 0x0, 0x0, 0x0, 0x0, 0x0,
    0x0, 0x0, 0x0, 0x0, 0x0, 0x0, 0x0, 0x0,
    0x1, 0xdc, 0x30, 0x0, 0x0, 0x0, 0x0, 0x0,
    0x0, 0x0, 0x0, 0x0, 0xcf, 0xf5, 0x0, 0x0,
    0x0, 0x0, 0x0, 0x0, 0x0, 0x0, 0x1, 0xbf,
    0xff, 0xe3, 0x0, 0x0, 0x0, 0x0, 0x0, 0x0,
    0x0, 0x3, 0xdf, 0xf6, 0x9f, 0xf6, 0x0, 0x0,
    0x0, 0x0, 0x0, 0x0, 0x7, 0xff, 0xf4, 0x0,
    0x8f, 0xfc, 0x20, 0x0, 0x0, 0x0, 0x0, 0x6e,
    0xff, 0xd3, 0x88, 0x0, 0x5e, 0xff, 0xa2, 0x0,
    0x0, 0x17, 0xef, 0xff, 0x80, 0x3e, 0xfd, 0x20,
    0x1b, 0xff, 0xfc, 0x61, 0xe, 0xff, 0xfb, 0x20,
    0x0, 0x1c, 0xfe, 0x10, 0x4, 0xdf, 0xff, 0x80,
    0x4f, 0xa3, 0x0, 0x0, 0x0, 0x1b, 0x50, 0x0,
    0x0, 0x4a, 0xb0, 0x0, 0x0, 0x8f, 0xff, 0xff,
    0xff, 0xff, 0xff, 0xff, 0x70, 0x0, 0x0, 0x0,
    0x7, 0xee, 0xee, 0xee, 0xee, 0xee, 0xff, 0xf3,
    0x0, 0x0, 0x0, 0x0, 0x0, 0x0, 0x0, 0x0,
    0x0, 0x5f, 0xf6, 0x0, 0x0, 0x0, 0x0, 0x0,
    0x0, 0x0, 0x0, 0x0, 0x3f, 0xf9, 0x0, 0x0,
    0x0, 0x0, 0x0, 0x11, 0x11, 0x11, 0x11, 0x2e,
    0xfd, 0x11, 0x10, 0x0, 0x0, 0x0, 0xe, 0xff,
    0xff, 0xff, 0xff, 0xff, 0xff, 0xff, 0x60, 0x0,
    0x0, 0x0, 0xef, 0xed, 0xdd, 0xdd, 0xdd, 0xdd,
    0xdf, 0xf6, 0x0, 0x0, 0x0, 0xe, 0xf4, 0x0,
    0x0, 0x0, 0x0, 0x0, 0xef, 0x60, 0x0, 0x0,
    0x0, 0xef, 0x40, 0x0, 0x0, 0x0, 0x0, 0xe,
    0xf6, 0x0, 0x0, 0x0, 0xe, 0xf5, 0x0, 0x0,
    0x0, 0x0, 0x0, 0xef, 0x60, 0x0, 0x0, 0x0,
    0xef, 0xff, 0xff, 0xff, 0xff, 0xff, 0xff, 0xf6,
    0x0, 0x0, 0x0, 0xe, 0xfe, 0xee, 0xee, 0xee,
    0xee, 0xee, 0xff, 0x60, 0x0, 0x0, 0x0, 0xef,
    0x40, 0x0, 0x0, 0x0, 0x0, 0xd, 0xf6, 0x0,
    0x0,

    /* U+542C "听" */
    0x0, 0x0, 0x0, 0x0, 0x0, 0x0, 0x0, 0x0,
    0x16, 0xc7, 0x0, 0x0, 0x0, 0x0, 0x0, 0x0,
    0x0, 0x15, 0x8c, 0xff, 0xff, 0x50, 0x2f, 0xff,
    0xff, 0xfe, 0x0, 0x8e, 0xff, 0xff, 0xfd, 0x72,
    0x0, 0x2f, 0xff, 0xff, 0xfe, 0x0, 0xcf, 0xfc,
    0x85, 0x10, 0x0, 0x0, 0x2f, 0xf2, 0x26, 0xfe,
    0x0, 0xcf, 0x80, 0x0, 0x0, 0x0, 0x0, 0x2f,
    0xf0, 0x4, 0xfe, 0x0, 0xcf, 0x80, 0x0, 0x0,
    0x0, 0x0, 0x2f, 0xf0, 0x4, 0xfe, 0x0, 0xcf,
    0x80, 0x0, 0x0, 0x0, 0x0, 0x2f, 0xf0, 0x4,
    0xfe, 0x0, 0xcf, 0xa4, 0x44, 0x44, 0x44, 0x42,
    0x2f, 0xf0, 0x4, 0xfe, 0x0, 0xcf, 0xff, 0xff,
    0xff, 0xff, 0xf9, 0x2f, 0xf0, 0x4, 0xfe, 0x0,
    0xdf, 0xfe, 0xee, 0xff, 0xfe, 0xe8, 0x2f, 0xf0,
    0x4, 0xfe, 0x0, 0xdf, 0x70, 0x0, 0x5f, 0xe0,
    0x0, 0x2f, 0xf0, 0x4, 0xfe, 0x0, 0xdf, 0x70,
    0x0, 0x5f, 0xe0, 0x0, 0x2f, 0xf0, 0x4, 0xfe,
    0x0, 0xff, 0x60, 0x0, 0x5f, 0xe0, 0x0, 0x2f,
    0xf2, 0x25, 0xfe, 0x1, 0xff, 0x40, 0x0, 0x5f,
    0xe0, 0x0, 0x2f, 0xff, 0xff, 0xfe, 0x2, 0xff,
    0x10, 0x0, 0x5f, 0xe0, 0x0, 0x2f, 0xff, 0xff,
    0xfe, 0x6, 0xff, 0x0, 0x0, 0x5f, 0xe0, 0x0,
    0x2f, 0xf0, 0x0, 0x0, 0xa, 0xfc, 0x0, 0x0,
    0x5f, 0xe0, 0x0, 0x2e, 0xe0, 0x0, 0x0, 0xe,
    0xf7, 0x0, 0x0, 0x5f, 0xe0, 0x0, 0x0, 0x0,
    0x0, 0x0, 0x4f, 0xf2, 0x0, 0x0, 0x5f, 0xe0,
    0x0, 0x0, 0x0, 0x0, 0x0, 0xcf, 0xd0, 0x0,
    0x0, 0x5f, 0xe0, 0x0, 0x0, 0x0, 0x0, 0x1,
    0xff, 0x40, 0x0, 0x0, 0x5f, 0xe0, 0x0, 0x0,
    0x0, 0x0, 0x0, 0x3a, 0x0, 0x0, 0x0, 0x5f,
    0xe0, 0x0, 0x0, 0x0, 0x0, 0x0, 0x0, 0x0,
    0x0, 0x0, 0x0, 0x0, 0x0,

    /* U+548C "和" */
    0x0, 0x0, 0x0, 0x1, 0x5a, 0xb0, 0x0, 0x0,
    0x0, 0x0, 0x0, 0x0, 0x14, 0x7a, 0xdf, 0xff,
    0xf8, 0x0, 0x0, 0x0, 0x0, 0x0, 0x5, 0xff,
    0xff, 0xff, 0xb7, 0x20, 0x4f, 0xff, 0xff, 0xff,
    0xfe, 0x0, 0xb9, 0x77, 0xff, 0x0, 0x0, 0x4f,
    0xff, 0xff, 0xff, 0xfe, 0x0, 0x0, 0x2, 0xff,
    0x0, 0x0, 0x4f, 0xe2, 0x22, 0x27, 0xfe, 0x0,
    0x0, 0x2, 0xff, 0x0, 0x0, 0x4f, 0xe0, 0x0,
    0x5, 0xfe, 0x0, 0x11, 0x13, 0xff, 0x21, 0x11,
    0x4f, 0xe0, 0x0, 0x5, 0xfe, 0xa, 0xff, 0xff,
    0xff, 0xff, 0xfe, 0x4f, 0xe0, 0x0, 0x5, 0xfe,
    0xa, 0xff, 0xff, 0xff, 0xff, 0xfe, 0x4f, 0xe0,
    0x0, 0x5, 0xfe, 0x0, 0x0, 0xe, 0xff, 0x20,
    0x0, 0x4f, 0xe0, 0x0, 0x5, 0xfe, 0x0, 0x0,
    0x6f, 0xff, 0xd1, 0x0, 0x4f, 0xe0, 0x0, 0x5,
    0xfe, 0x0, 0x0, 0xdf, 0xff, 0xfc, 0x0, 0x4f,
    0xe0, 0x0, 0x5, 0xfe, 0x0, 0x5, 0xfd, 0xff,
    0xbf, 0xa0, 0x4f, 0xe0, 0x0, 0x5, 0xfe, 0x0,
    0xd, 0xf6, 0xff, 0x2e, 0xf8, 0x4f, 0xe0, 0x0,
    0x5, 0xfe, 0x0, 0x7f, 0xb2, 0xff, 0x4, 0xf8,
    0x4f, 0xe0, 0x0, 0x5, 0xfe, 0x3, 0xff, 0x32,
    0xff, 0x0, 0x70, 0x4f, 0xe0, 0x0, 0x5, 0xfe,
    0xe, 0xfa, 0x2, 0xff, 0x0, 0x0, 0x4f, 0xe2,
    0x22, 0x27, 0xfe, 0xc, 0xe1, 0x2, 0xff, 0x0,
    0x0, 0x4f, 0xff, 0xff, 0xff, 0xfe, 0x3, 0x30,
    0x2, 0xff, 0x0, 0x0, 0x4f, 0xff, 0xff, 0xff,
    0xfe, 0x0, 0x0, 0x2, 0xff, 0x0, 0x0, 0x4f,
    0xe0, 0x0, 0x5, 0xfe, 0x0, 0x0, 0x2, 0xff,
    0x0, 0x0, 0x3b, 0xa0, 0x0, 0x3, 0x98, 0x0,
    0x0, 0x2, 0xff, 0x0, 0x0, 0x0, 0x0, 0x0,
    0x0, 0x0,

    /* U+5668 "器" */
    0x0, 0x0, 0x0, 0x0, 0x0, 0x0, 0x0, 0x0,
    0x0, 0x0, 0x0, 0x0, 0x0, 0xa, 0xff, 0xff,
    0xff, 0xd0, 0xa, 0xff, 0xff, 0xff, 0xf2, 0x0,
    0x0, 0xa, 0xfe, 0xdd, 0xef, 0xd0, 0xa, 0xfe,
    0xdd, 0xdf, 0xf2, 0x0, 0x0, 0xa, 0xf4, 0x0,
    0x4f, 0xd0, 0xa, 0xf5, 0x0, 0xf, 0xf2, 0x0,
    0x0, 0xa, 0xf4, 0x0, 0x4f, 0xd0, 0xa, 0xf5,
    0x0, 0xf, 0xf2, 0x0, 0x0, 0xa, 0xf6, 0x22,
    0x6f, 0xd0, 0xa, 0xf6, 0x22, 0x2f, 0xf2, 0x0,
    0x0, 0xa, 0xff, 0xff, 0xff, 0xd0, 0xa, 0xff,
    0xff, 0xff, 0xf2, 0x0, 0x0, 0x8, 0xbb, 0xbb,
    0xbb, 0xd5, 0x18, 0xbd, 0xfb, 0xbb, 0xb2, 0x0,
    0x0, 0x0, 0x0, 0x0, 0x3, 0xff, 0x40, 0xd,
    0xfd, 0x50, 0x0, 0x0, 0x0, 0x0, 0x0, 0x0,
    0x1d, 0xfa, 0x0, 0x1, 0x7e, 0xf3, 0x0, 0x0,
    0x8, 0xff, 0xff, 0xff, 0xff, 0xff, 0xff, 0xff,
    0xff, 0xff, 0xff, 0xe0, 0x7, 0xee, 0xee, 0xff,
    0xff, 0xee, 0xee, 0xff, 0xfe, 0xee, 0xee, 0xd0,
    0x0, 0x0, 0x4, 0xdf, 0xe3, 0x0, 0x0, 0x4e,
    0xfb, 0x20, 0x0, 0x0, 0x0, 0x2, 0xaf, 0xfb,
    0x10, 0x0, 0x0, 0x1, 0xbf, 0xf9, 0x30, 0x0,
    0x5, 0xbf, 0xff, 0xfb, 0xbb, 0x90, 0x7, 0xbb,
    0xbf, 0xff, 0xfe, 0x82, 0x9, 0xff, 0xff, 0xff,
    0xff, 0xd0, 0xa, 0xff, 0xff, 0xff, 0xff, 0xd0,
    0x0, 0x7b, 0xf7, 0x33, 0x7f, 0xd0, 0xa, 0xf8,
    0x33, 0x3f, 0xf8, 0x20, 0x0, 0xa, 0xf5, 0x0,
    0x4f, 0xd0, 0xa, 0xf6, 0x0, 0xf, 0xf3, 0x0,
    0x0, 0xa, 0xf5, 0x0, 0x4f, 0xd0, 0xa, 0xf6,
    0x0, 0xf, 0xf3, 0x0, 0x0, 0xa, 0xff, 0xee,
    0xef, 0xd0, 0xa, 0xff, 0xee, 0xef, 0xf3, 0x0,
    0x0, 0xa, 0xff, 0xff, 0xff, 0xd0, 0xa, 0xff,
    0xff, 0xff, 0xf3, 0x0, 0x0, 0xa, 0xf5, 0x0,
    0x4d, 0xb0, 0xa, 0xf6, 0x0, 0xd, 0xd2, 0x0,

    /* U+56DE "回" */
    0x3, 0x33, 0x33, 0x33, 0x33, 0x33, 0x33, 0x33,
    0x33, 0x33, 0x30, 0xf, 0xff, 0xff, 0xff, 0xff,
    0xff, 0xff, 0xff, 0xff, 0xff, 0xf0, 0xf, 0xff,
    0xff, 0xff, 0xff, 0xff, 0xff, 0xff, 0xff, 0xff,
    0xf0, 0xf, 0xf5, 0x0, 0x0, 0x0, 0x0, 0x0,
    0x0, 0x0, 0x6f, 0xf0, 0xf, 0xf4, 0x0, 0x0,
    0x0, 0x0, 0x0, 0x0, 0x0, 0x5f, 0xf0, 0xf,
    0xf4, 0x0, 0x0, 0x0, 0x0, 0x0, 0x0, 0x0,
    0x5f, 0xf0, 0xf, 0xf4, 0x0, 0xcd, 0xdd, 0xdd,
    0xdd, 0xdc, 0x0, 0x5f, 0xf0, 0xf, 0xf4, 0x0,
    0xef, 0xff, 0xff, 0xff, 0xfd, 0x0, 0x5f, 0xf0,
    0xf, 0xf4, 0x0, 0xef, 0x41, 0x11, 0x16, 0xfd,
    0x0, 0x5f, 0xf0, 0xf, 0xf4, 0x0, 0xef, 0x20,
    0x0, 0x5, 0xfd, 0x0, 0x5f, 0xf0, 0xf, 0xf4,
    0x0, 0xef, 0x20, 0x0, 0x5, 0xfd, 0x0, 0x5f,
    0xf0, 0xf, 0xf4, 0x0, 0xef, 0x20, 0x0, 0x5,
    0xfd, 0x0, 0x5f, 0xf0, 0xf, 0xf4, 0x0, 0xef,
    0x20, 0x0, 0x5, 0xfd, 0x0, 0x5f, 0xf0, 0xf,
    0xf4, 0x0, 0xef, 0xee, 0xee, 0xef, 0xfd, 0x0,
    0x5f, 0xf0, 0xf, 0xf4, 0x0, 0xef, 0xff, 0xff,
    0xff, 0xfd, 0x0, 0x5f, 0xf0, 0xf, 0xf4, 0x0,
    0x0, 0x0, 0x0, 0x0, 0x0, 0x0, 0x5f, 0xf0,
    0xf, 0xf4, 0x0, 0x0, 0x0, 0x0, 0x0, 0x0,
    0x0, 0x5f, 0xf0, 0xf, 0xf4, 0x0, 0x0, 0x0,
    0x0, 0x0, 0x0, 0x0, 0x5f, 0xf0, 0xf, 0xf7,
    0x44, 0x44, 0x44, 0x44, 0x44, 0x44, 0x44, 0x8f,
    0xf0, 0xf, 0xff, 0xff, 0xff, 0xff, 0xff, 0xff,
    0xff, 0xff, 0xff, 0xf0, 0xf, 0xfd, 0xcc, 0xcc,
    0xcc, 0xcc, 0xcc, 0xcc, 0xcc, 0xef, 0xf0, 0xf,
    0xf4, 0x0, 0x0, 0x0, 0x0, 0x0, 0x0, 0x0,
    0x5f, 0xf0,

    /* U+56F4 "围" */
    0x0, 0x0, 0x0, 0x0, 0x0, 0x0, 0x0, 0x0,
    0x0, 0x0, 0x0, 0xf, 0xff, 0xff, 0xff, 0xff,
    0xff, 0xff, 0xff, 0xff, 0xff, 0xf0, 0xf, 0xfe,
    0xee, 0xee, 0xee, 0xee, 0xee, 0xee, 0xee, 0xef,
    0xf0, 0xf, 0xf0, 0x0, 0x0, 0x2, 0x86, 0x0,
    0x0, 0x0, 0x1f, 0xf0, 0xf, 0xf0, 0x0, 0x0,
    0x5, 0xfb, 0x0, 0x0, 0x0, 0x1f, 0xf0, 0xf,
    0xf0, 0x9f, 0xff, 0xff, 0xff, 0xff, 0xff, 0xf4,
    0x1f, 0xf0, 0xf, 0xf0, 0x7c, 0xcc, 0xcd, 0xff,
    0xcc, 0xcc, 0xc3, 0x1f, 0xf0, 0xf, 0xf0, 0x0,
    0x0, 0x5, 0xfb, 0x0, 0x0, 0x0, 0x1f, 0xf0,
    0xf, 0xf0, 0x7, 0xbb, 0xbc, 0xfe, 0xbb, 0xbb,
    0x40, 0x1f, 0xf0, 0xf, 0xf0, 0x9, 0xff, 0xff,
    0xff, 0xff, 0xff, 0x60, 0x1f, 0xf0, 0xf, 0xf0,
    0x0, 0x0, 0x5, 0xfb, 0x0, 0x0, 0x0, 0x1f,
    0xf0, 0xf, 0xf0, 0x0, 0x0, 0x5, 0xfb, 0x0,
    0x0, 0x0, 0x1f, 0xf0, 0xf, 0xf0, 0xef, 0xff,
    0xff, 0xff, 0xff, 0xff, 0xf9, 0x1f, 0xf0, 0xf,
    0xf0, 0xbc, 0xcc, 0xcd, 0xff, 0xcc, 0xce, 0xf7,
    0x1f, 0xf0, 0xf, 0xf0, 0x0, 0x0, 0x5, 0xfb,
    0x0, 0xa, 0xf5, 0x1f, 0xf0, 0xf, 0xf0, 0x0,
    0x0, 0x5, 0xfb, 0x18, 0x9f, 0xf2, 0x1f, 0xf0,
    0xf, 0xf0, 0x0, 0x0, 0x5, 0xfb, 0xe, 0xff,
    0x90, 0x1f, 0xf0, 0xf, 0xf0, 0x0, 0x0, 0x5,
    0xfb, 0x1, 0x21, 0x0, 0x1f, 0xf0, 0xf, 0xf1,
    0x0, 0x0, 0x1, 0x43, 0x0, 0x0, 0x0, 0x2f,
    0xf0, 0xf, 0xff, 0xff, 0xff, 0xff, 0xff, 0xff,
    0xff, 0xff, 0xff, 0xf0, 0xf, 0xfd, 0xcc, 0xcc,
    0xcc, 0xcc, 0xcc, 0xcc, 0xcc, 0xdf, 0xf0, 0xf,
    0xf0, 0x0, 0x0, 0x0, 0x0, 0x0, 0x0, 0x0,
    0x1f, 0xf0,

    /* U+56FA "固" */
    0x0, 0x0, 0x0, 0x0, 0x0, 0x0, 0x0, 0x0,
    0x0, 0x0, 0xe, 0xff, 0xff, 0xff, 0xff, 0xff,
    0xff, 0xff, 0xff, 0xff, 0xf2, 0xef, 0xff, 0xff,
    0xff, 0xff, 0xff, 0xff, 0xff, 0xff, 0xff, 0x2e,
    0xf5, 0x0, 0x0, 0x0, 0x55, 0x10, 0x0, 0x0,
    0x2f, 0xf2, 0xef, 0x40, 0x0, 0x0, 0xd, 0xf3,
    0x0, 0x0, 0x2, 0xff, 0x2e, 0xf4, 0x0, 0x0,
    0x0, 0xdf, 0x30, 0x0, 0x0, 0x2f, 0xf2, 0xef,
    0x41, 0xbb, 0xbb, 0xbf, 0xfc, 0xbb, 0xbb, 0x82,
    0xff, 0x2e, 0xf4, 0x2f, 0xff, 0xff, 0xff, 0xff,
    0xff, 0xfb, 0x2f, 0xf2, 0xef, 0x40, 0x0, 0x0,
    0xd, 0xf4, 0x0, 0x0, 0x2, 0xff, 0x2e, 0xf4,
    0x0, 0x0, 0x0, 0xdf, 0x30, 0x0, 0x0, 0x2f,
    0xf2, 0xef, 0x40, 0x7, 0x99, 0x9f, 0xfa, 0x99,
    0x93, 0x2, 0xff, 0x2e, 0xf4, 0x0, 0xcf, 0xff,
    0xff, 0xff, 0xff, 0x60, 0x2f, 0xf2, 0xef, 0x40,
    0xc, 0xf4, 0x11, 0x11, 0x1b, 0xf6, 0x2, 0xff,
    0x2e, 0xf4, 0x0, 0xcf, 0x20, 0x0, 0x0, 0xaf,
    0x60, 0x2f, 0xf2, 0xef, 0x40, 0xc, 0xf2, 0x0,
    0x0, 0xa, 0xf6, 0x2, 0xff, 0x2e, 0xf4, 0x0,
    0xcf, 0xdc, 0xcc, 0xcc, 0xef, 0x60, 0x2f, 0xf2,
    0xef, 0x40, 0xc, 0xff, 0xff, 0xff, 0xff, 0xf5,
    0x2, 0xff, 0x2e, 0xf4, 0x0, 0x0, 0x0, 0x0,
    0x0, 0x0, 0x0, 0x2f, 0xf2, 0xef, 0x61, 0x11,
    0x11, 0x11, 0x11, 0x11, 0x11, 0x13, 0xff, 0x2e,
    0xff, 0xff, 0xff, 0xff, 0xff, 0xff, 0xff, 0xff,
    0xff, 0xf2, 0xef, 0xff, 0xff, 0xff, 0xff, 0xff,
    0xff, 0xff, 0xff, 0xff, 0x2e, 0xf4, 0x0, 0x0,
    0x0, 0x0, 0x0, 0x0, 0x0, 0x2f, 0xf2,

    /* U+56FE "图" */
    0x0, 0x0, 0x0, 0x0, 0x0, 0x0, 0x0, 0x0,
    0x0, 0x0, 0xf, 0xff, 0xff, 0xff, 0xff, 0xff,
    0xff, 0xff, 0xff, 0xff, 0xf0, 0xff, 0xff, 0xff,
    0xff, 0xff, 0xff, 0xff, 0xff, 0xff, 0xff, 0xf,
    0xf2, 0x0, 0x0, 0x59, 0x30, 0x0, 0x0, 0x0,
    0x3f, 0xf0, 0xff, 0x20, 0x0, 0x2f, 0xf3, 0x0,
    0x0, 0x0, 0x3, 0xff, 0xf, 0xf2, 0x0, 0x2e,
    0xff, 0xff, 0xff, 0xff, 0xb0, 0x3f, 0xf0, 0xff,
    0x20, 0x5f, 0xfd, 0xbb, 0xbb, 0xcf, 0xf7, 0x3,
    0xff, 0xf, 0xf3, 0xaf, 0xff, 0xf4, 0x0, 0x3d,
    0xfa, 0x0, 0x3f, 0xf0, 0xff, 0x29, 0xe4, 0x3e,
    0xf9, 0x8f, 0xf8, 0x0, 0x3, 0xff, 0xf, 0xf2,
    0x1, 0x0, 0x2f, 0xff, 0xf7, 0x0, 0x0, 0x3f,
    0xf0, 0xff, 0x20, 0x5, 0xaf, 0xff, 0xef, 0xfc,
    0x62, 0x3, 0xff, 0xf, 0xf7, 0xcf, 0xff, 0xe8,
    0x10, 0x5c, 0xff, 0xfe, 0x8f, 0xf0, 0xff, 0x4f,
    0xfa, 0x68, 0xb7, 0x30, 0x3, 0x7c, 0xc3, 0xff,
    0xf, 0xf2, 0x20, 0x0, 0x8d, 0xff, 0xe8, 0x20,
    0x0, 0x3f, 0xf0, 0xff, 0x20, 0x0, 0x0, 0x2,
    0x7d, 0xf2, 0x0, 0x3, 0xff, 0xf, 0xf2, 0x0,
    0xce, 0xb9, 0x63, 0x2, 0x0, 0x0, 0x3f, 0xf0,
    0xff, 0x20, 0x29, 0xcf, 0xff, 0xff, 0xc8, 0x30,
    0x3, 0xff, 0xf, 0xf2, 0x0, 0x0, 0x1, 0x48,
    0xcf, 0xfd, 0x0, 0x3f, 0xf0, 0xff, 0x20, 0x0,
    0x0, 0x0, 0x0, 0x15, 0x40, 0x3, 0xff, 0xf,
    0xff, 0xff, 0xff, 0xff, 0xff, 0xff, 0xff, 0xff,
    0xff, 0xf0, 0xff, 0xff, 0xff, 0xff, 0xff, 0xff,
    0xff, 0xff, 0xff, 0xff, 0xf, 0xf2, 0x0, 0x0,
    0x0, 0x0, 0x0, 0x0, 0x0, 0x3f, 0xf0,

    /* U+5706 "圆" */
    0x0, 0x0, 0x0, 0x0, 0x0, 0x0, 0x0, 0x0,
    0x0, 0x0, 0x0, 0xf, 0xff, 0xff, 0xff, 0xff,
    0xff, 0xff, 0xff, 0xff, 0xff, 0xf1, 0xf, 0xfd,
    0xcc, 0xcc, 0xcc, 0xcc, 0xcc, 0xcc, 0xcc, 0xdf,
    0xf1, 0xf, 0xf1, 0x2, 0x44, 0x44, 0x44, 0x44,
    0x44, 0x10, 0x2f, 0xf1, 0xf, 0xf1, 0x7, 0xff,
    0xff, 0xff, 0xff, 0xff, 0x30, 0x2f, 0xf1, 0xf,
    0xf1, 0x7, 0xf9, 0x22, 0x22, 0x22, 0xdf, 0x30,
    0x2f, 0xf1, 0xf, 0xf1, 0x7, 0xfa, 0x44, 0x44,
    0x44, 0xef, 0x30, 0x2f, 0xf1, 0xf, 0xf1, 0x7,
    0xff, 0xff, 0xff, 0xff, 0xff, 0x30, 0x2f, 0xf1,
    0xf, 0xf1, 0x1, 0x22, 0x22, 0x22, 0x22, 0x22,
    0x0, 0x2f, 0xf1, 0xf, 0xf1, 0xa, 0xaa, 0xaa,
    0xaa, 0xaa, 0xaa, 0x80, 0x2f, 0xf1, 0xf, 0xf1,
    0xf, 0xff, 0xff, 0xff, 0xff, 0xff, 0xc0, 0x2f,
    0xf1, 0xf, 0xf1, 0xf, 0xf0, 0x0, 0x34, 0x0,
    0x5f, 0xc0, 0x2f, 0xf1, 0xf, 0xf1, 0xf, 0xf0,
    0x0, 0xef, 0x0, 0x4f, 0xc0, 0x2f, 0xf1, 0xf,
    0xf1, 0xf, 0xf0, 0x0, 0xff, 0x0, 0x4f, 0xc0,
    0x2f, 0xf1, 0xf, 0xf1, 0xf, 0xf0, 0x6, 0xfd,
    0x10, 0x4f, 0xc0, 0x2f, 0xf1, 0xf, 0xf1, 0x5,
    0x50, 0x7f, 0xf6, 0xec, 0x63, 0x20, 0x2f, 0xf1,
    0xf, 0xf2, 0x15, 0x9e, 0xff, 0x62, 0xbf, 0xfe,
    0x70, 0x2f, 0xf1, 0xf, 0xf4, 0xff, 0xff, 0x91,
    0x0, 0x2, 0x9f, 0xf9, 0x2f, 0xf1, 0xf, 0xf1,
    0x59, 0x50, 0x0, 0x0, 0x0, 0x2, 0x91, 0x2f,
    0xf1, 0xf, 0xfc, 0xcc, 0xcc, 0xcc, 0xcc, 0xcc,
    0xcc, 0xcc, 0xdf, 0xf1, 0xf, 0xff, 0xff, 0xff,
    0xff, 0xff, 0xff, 0xff, 0xff, 0xff, 0xf1, 0xf,
    0xf2, 0x0, 0x0, 0x0, 0x0, 0x0, 0x0, 0x0,
    0x2f, 0xf1,

    /* U+5728 "在" */
    0x0, 0x0, 0x0, 0x0, 0x31, 0x0, 0x0, 0x0,
    0x0, 0x0, 0x0, 0x0, 0x0, 0x0, 0x0, 0xef,
    0x80, 0x0, 0x0, 0x0, 0x0, 0x0, 0x0, 0x0,
    0x0, 0x3, 0xff, 0x40, 0x0, 0x0, 0x0, 0x0,
    0x0, 0x0, 0x0, 0x0, 0x8, 0xfe, 0x0, 0x0,
    0x0, 0x0, 0x0, 0x0, 0x3d, 0xdd, 0xdd, 0xdf,
    0xff, 0xdd, 0xdd, 0xdd, 0xdd, 0xdd, 0xd9, 0x3f,
    0xff, 0xff, 0xff, 0xff, 0xff, 0xff, 0xff, 0xff,
    0xff, 0xfb, 0x14, 0x44, 0x44, 0xff, 0xb4, 0x44,
    0x44, 0x44, 0x44, 0x44, 0x43, 0x0, 0x0, 0x7,
    0xff, 0x20, 0x0, 0x0, 0x0, 0x0, 0x0, 0x0,
    0x0, 0x0, 0x2f, 0xf8, 0x0, 0x0, 0x6, 0xa6,
    0x0, 0x0, 0x0, 0x0, 0x0, 0xbf, 0xe1, 0x0,
    0x0, 0x9, 0xfa, 0x0, 0x0, 0x0, 0x0, 0x6,
    0xff, 0x70, 0x0, 0x0, 0x9, 0xfa, 0x0, 0x0,
    0x0, 0x0, 0x4f, 0xff, 0x0, 0x0, 0x0, 0x9,
    0xfa, 0x0, 0x0, 0x0, 0x4, 0xff, 0xfe, 0x0,
    0xbf, 0xff, 0xff, 0xff, 0xff, 0xff, 0xc0, 0x6f,
    0xff, 0xfe, 0x0, 0xbf, 0xff, 0xff, 0xff, 0xff,
    0xff, 0xc0, 0x9f, 0xe7, 0xfe, 0x0, 0x0, 0x0,
    0x9, 0xfa, 0x0, 0x0, 0x0, 0x1d, 0x24, 0xfe,
    0x0, 0x0, 0x0, 0x9, 0xfa, 0x0, 0x0, 0x0,
    0x0, 0x4, 0xfe, 0x0, 0x0, 0x0, 0x9, 0xfa,
    0x0, 0x0, 0x0, 0x0, 0x4, 0xfe, 0x0, 0x0,
    0x0, 0x9, 0xfa, 0x0, 0x0, 0x0, 0x0, 0x4,
    0xfe, 0x0, 0x0, 0x0, 0x9, 0xfa, 0x0, 0x0,
    0x0, 0x0, 0x4, 0xfe, 0x0, 0x0, 0x0, 0x9,
    0xfa, 0x0, 0x0, 0x0, 0x0, 0x4, 0xfe, 0x0,
    0x11, 0x11, 0x1a, 0xfa, 0x11, 0x11, 0x10, 0x0,
    0x4, 0xfe, 0xa, 0xff, 0xff, 0xff, 0xff, 0xff,
    0xff, 0xfa, 0x0, 0x4, 0xfe, 0xa, 0xff, 0xff,
    0xff, 0xff, 0xff, 0xff, 0xfa,

    /* U+5730 "地" */
    0x0, 0x0, 0x0, 0x0, 0x0, 0x0, 0x0, 0x0,
    0x0, 0x0, 0x0, 0x0, 0x0, 0x0, 0xaa, 0x0,
    0x0, 0x0, 0x0, 0xf, 0xf2, 0x0, 0x0, 0x0,
    0x0, 0x0, 0xff, 0x10, 0x0, 0x0, 0x0, 0xf,
    0xf2, 0x0, 0x0, 0x0, 0x0, 0x0, 0xff, 0x10,
    0x0, 0x33, 0x0, 0xf, 0xf2, 0x0, 0x0, 0x0,
    0x0, 0x0, 0xff, 0x10, 0x0, 0xef, 0x20, 0xf,
    0xf2, 0x0, 0x0, 0x0, 0x0, 0x0, 0xff, 0x10,
    0x0, 0xef, 0x20, 0xf, 0xf2, 0x0, 0x74, 0x0,
    0x0, 0x0, 0xff, 0x10, 0x0, 0xef, 0x20, 0xf,
    0xf3, 0x7d, 0xff, 0x0, 0xf, 0xff, 0xff, 0xff,
    0xb0, 0xef, 0x20, 0xf, 0xff, 0xff, 0xff, 0x0,
    0xf, 0xff, 0xff, 0xff, 0xb0, 0xef, 0x47, 0xdf,
    0xff, 0xb5, 0xff, 0x0, 0x0, 0x0, 0xff, 0x10,
    0x0, 0xef, 0xff, 0xff, 0xf3, 0x1, 0xff, 0x0,
    0x0, 0x0, 0xff, 0x10, 0x6d, 0xff, 0xfb, 0x5f,
    0xf2, 0x1, 0xff, 0x0, 0x0, 0x0, 0xff, 0x10,
    0xef, 0xff, 0x40, 0xf, 0xf2, 0x1, 0xff, 0x0,
    0x0, 0x0, 0xff, 0x10, 0x65, 0xef, 0x20, 0xf,
    0xf2, 0x1, 0xff, 0x0, 0x0, 0x0, 0xff, 0x10,
    0x0, 0xef, 0x20, 0xf, 0xf2, 0x2, 0xfe, 0x0,
    0x0, 0x0, 0xff, 0x27, 0x80, 0xef, 0x20, 0xf,
    0xf2, 0x37, 0xfd, 0x0, 0x0, 0x0, 0xff, 0xff,
    0xe0, 0xef, 0x20, 0xf, 0xf3, 0xff, 0xf8, 0x0,
    0x1, 0x7d, 0xff, 0xfc, 0x40, 0xef, 0x20, 0xf,
    0xf2, 0x77, 0x40, 0x0, 0xf, 0xff, 0xfc, 0x40,
    0x0, 0xef, 0x20, 0x8, 0x81, 0x0, 0x7, 0x20,
    0xb, 0xfc, 0x40, 0x0, 0x0, 0xef, 0x20, 0x0,
    0x0, 0x0, 0xf, 0xf1, 0x4, 0x40, 0x0, 0x0,
    0x0, 0xef, 0x30, 0x0, 0x0, 0x0, 0x1f, 0xf0,
    0x0, 0x0, 0x0, 0x0, 0x0, 0xcf, 0x70, 0x0,
    0x0, 0x0, 0x8f, 0xc0, 0x0, 0x0, 0x0, 0x0,
    0x0, 0x8f, 0xff, 0xff, 0xff, 0xff, 0xff, 0x60,
    0x0, 0x0, 0x0, 0x0, 0x0, 0x8, 0xef, 0xff,
    0xff, 0xff, 0xd7, 0x0,

    /* U+573A "场" */
    0x0, 0x0, 0xdd, 0x10, 0x0, 0x0, 0x0, 0x0,
    0x0, 0x10, 0x0, 0x0, 0x0, 0xf, 0xf1, 0x0,
    0xff, 0xff, 0xff, 0xff, 0xff, 0xc1, 0x0, 0x0,
    0x0, 0xff, 0x10, 0xf, 0xff, 0xff, 0xff, 0xff,
    0xfd, 0x20, 0x0, 0x0, 0xf, 0xf1, 0x0, 0x11,
    0x11, 0x11, 0x8f, 0xfb, 0x10, 0x0, 0x0, 0x0,
    0xff, 0x10, 0x0, 0x0, 0x0, 0xaf, 0xf8, 0x0,
    0x0, 0x0, 0x67, 0x7f, 0xf8, 0x74, 0x0, 0x3,
    0xdf, 0xe4, 0x0, 0x0, 0x0, 0xc, 0xff, 0xff,
    0xff, 0x90, 0x19, 0xff, 0xa1, 0x0, 0x0, 0x0,
    0x0, 0x68, 0x8f, 0xf8, 0x84, 0x8f, 0xff, 0xfc,
    0xcc, 0xcc, 0xcc, 0xc7, 0x0, 0x0, 0xff, 0x10,
    0x7, 0xff, 0xff, 0xff, 0xff, 0xff, 0xff, 0x80,
    0x0, 0xf, 0xf1, 0x0, 0x18, 0x55, 0xff, 0x66,
    0xfe, 0x5c, 0xf7, 0x0, 0x0, 0xff, 0x10, 0x0,
    0x0, 0x7f, 0xc0, 0x7f, 0x90, 0xcf, 0x60, 0x0,
    0xf, 0xf1, 0x0, 0x0, 0xe, 0xf5, 0xc, 0xf4,
    0xd, 0xf5, 0x0, 0x0, 0xff, 0x10, 0x0, 0x8,
    0xfc, 0x2, 0xfe, 0x0, 0xef, 0x40, 0x0, 0xf,
    0xf1, 0x0, 0x4, 0xff, 0x30, 0x9f, 0x80, 0xf,
    0xf3, 0x0, 0x0, 0xff, 0x6a, 0x94, 0xff, 0x60,
    0x2f, 0xf1, 0x1, 0xff, 0x20, 0x0, 0x2f, 0xff,
    0xfe, 0xff, 0x90, 0xa, 0xf7, 0x0, 0x3f, 0xf0,
    0x7, 0xdf, 0xff, 0xfa, 0x34, 0x70, 0x5, 0xfe,
    0x0, 0x5, 0xfe, 0x0, 0xdf, 0xfe, 0x81, 0x0,
    0x0, 0x2, 0xff, 0x40, 0x0, 0x7f, 0xc0, 0x9,
    0xc5, 0x0, 0x0, 0x0, 0x1, 0xdf, 0x80, 0x0,
    0xb, 0xf9, 0x0, 0x0, 0x0, 0x0, 0x0, 0x3,
    0xef, 0xb0, 0x0, 0x3, 0xff, 0x60, 0x0, 0x0,
    0x0, 0x0, 0x5, 0xff, 0xa0, 0x1, 0xff, 0xff,
    0xf0, 0x0, 0x0, 0x0, 0x0, 0x0, 0x1a, 0x90,
    0x0, 0xc, 0xff, 0xc3, 0x0, 0x0, 0x0, 0x0,
    0x0, 0x0, 0x0, 0x0, 0x0, 0x0, 0x0, 0x0,
    0x0,

    /* U+578B "型" */
    0x3, 0x44, 0x44, 0x44, 0x44, 0x44, 0x0, 0x0,
    0x0, 0xbe, 0x40, 0xc, 0xff, 0xff, 0xff, 0xff,
    0xff, 0x3, 0xfc, 0x0, 0xcf, 0x40, 0x7, 0x9d,
    0xfb, 0x99, 0xff, 0x99, 0x3, 0xfd, 0x0, 0xcf,
    0x40, 0x0, 0xa, 0xf6, 0x0, 0xff, 0x0, 0x3,
    0xfd, 0x0, 0xcf, 0x40, 0x0, 0xa, 0xf6, 0x0,
    0xff, 0x0, 0x3, 0xfd, 0x0, 0xcf, 0x40, 0x47,
    0x7d, 0xfa, 0x78, 0xff, 0x77, 0x33, 0xfd, 0x0,
    0xcf, 0x40, 0x9f, 0xff, 0xff, 0xff, 0xff, 0xff,
    0x83, 0xfd, 0x0, 0xcf, 0x40, 0x47, 0x8f, 0xf9,
    0x78, 0xff, 0x87, 0x43, 0xfd, 0x0, 0xcf, 0x40,
    0x0, 0x3f, 0xf0, 0x0, 0xff, 0x0, 0x3, 0xfd,
    0x0, 0xcf, 0x40, 0x0, 0xbf, 0xa0, 0x0, 0xff,
    0x0, 0x0, 0x0, 0x0, 0xcf, 0x40, 0x8, 0xff,
    0x30, 0x0, 0xff, 0x0, 0x0, 0x1, 0x11, 0xdf,
    0x40, 0x8f, 0xf6, 0x0, 0x0, 0xff, 0x0, 0x0,
    0xd, 0xff, 0xff, 0x10, 0x1d, 0x60, 0x0, 0x0,
    0x8a, 0xed, 0x0, 0x7, 0xdd, 0xa4, 0x0, 0x0,
    0x0, 0x0, 0x0, 0x4, 0xff, 0x0, 0x0, 0x0,
    0x0, 0x0, 0x0, 0x5c, 0xcc, 0xcc, 0xcd, 0xff,
    0xcc, 0xcc, 0xcc, 0xc1, 0x0, 0x0, 0x7f, 0xff,
    0xff, 0xff, 0xff, 0xff, 0xff, 0xff, 0xf1, 0x0,
    0x0, 0x13, 0x33, 0x33, 0x37, 0xff, 0x43, 0x33,
    0x33, 0x30, 0x0, 0x0, 0x0, 0x0, 0x0, 0x4,
    0xff, 0x0, 0x0, 0x0, 0x0, 0x0, 0x0, 0x0,
    0x0, 0x0, 0x4, 0xff, 0x0, 0x0, 0x0, 0x0,
    0x0, 0xef, 0xff, 0xff, 0xff, 0xff, 0xff, 0xff,
    0xff, 0xff, 0xff, 0xf8, 0xef, 0xff, 0xff, 0xff,
    0xff, 0xff, 0xff, 0xff, 0xff, 0xff, 0xf8, 0x11,
    0x11, 0x11, 0x11, 0x11, 0x11, 0x11, 0x11, 0x11,
    0x11, 0x10,

    /* U+57DF "域" */
    0x0, 0x0, 0x0, 0x0, 0x0, 0x0, 0x0, 0x1,
    0x44, 0x1, 0x0, 0x0, 0x0, 0xc, 0xf4, 0x0,
    0x0, 0x0, 0x0, 0x4, 0xfd, 0x2e, 0xc1, 0x0,
    0x0, 0xc, 0xf4, 0x0, 0x0, 0x0, 0x0, 0x4,
    0xfd, 0x9, 0xfe, 0x20, 0x0, 0xc, 0xf4, 0x0,
    0x0, 0x0, 0x0, 0x4, 0xfd, 0x0, 0x7f, 0x30,
    0x0, 0xc, 0xf4, 0x1, 0xee, 0xee, 0xee, 0xef,
    0xff, 0xee, 0xef, 0xb0, 0x0, 0xc, 0xf4, 0x1,
    0xff, 0xff, 0xff, 0xff, 0xff, 0xff, 0xff, 0xb0,
    0x18, 0x8e, 0xfa, 0x82, 0x11, 0x11, 0x11, 0x13,
    0xff, 0x11, 0x11, 0x10, 0x2f, 0xff, 0xff, 0xf4,
    0x0, 0x0, 0x0, 0x1, 0xff, 0x0, 0x0, 0x0,
    0x1b, 0xbf, 0xfc, 0xb3, 0x4b, 0xbb, 0xbb, 0x70,
    0xff, 0x0, 0x88, 0x10, 0x0, 0xc, 0xf4, 0x0,
    0x6f, 0xff, 0xff, 0x90, 0xff, 0x11, 0xff, 0x10,
    0x0, 0xc, 0xf4, 0x0, 0x6f, 0x50, 0x2f, 0x90,
    0xef, 0x26, 0xfb, 0x0, 0x0, 0xc, 0xf4, 0x0,
    0x6f, 0x40, 0x2f, 0x90, 0xdf, 0x4c, 0xf6, 0x0,
    0x0, 0xc, 0xf4, 0x0, 0x6f, 0x40, 0x2f, 0x90,
    0xcf, 0x8f, 0xf1, 0x0, 0x0, 0xc, 0xf4, 0x0,
    0x6f, 0xca, 0xbf, 0x90, 0xaf, 0xef, 0xa0, 0x0,
    0x0, 0xc, 0xf4, 0x45, 0x6f, 0xff, 0xff, 0x90,
    0x8f, 0xff, 0x30, 0x0, 0x0, 0xc, 0xfe, 0xfd,
    0x1, 0x11, 0x11, 0x10, 0x5f, 0xfa, 0x0, 0x0,
    0x0, 0x5e, 0xff, 0xf9, 0x0, 0x0, 0x26, 0xa6,
    0x3f, 0xf3, 0x0, 0x0, 0x2d, 0xff, 0xfb, 0x30,
    0x36, 0xae, 0xff, 0xfa, 0xcf, 0xf2, 0x2, 0x0,
    0xf, 0xfd, 0x40, 0xe, 0xff, 0xff, 0xea, 0x5b,
    0xff, 0xf6, 0x7, 0xb0, 0x8, 0x50, 0x0, 0xa,
    0xfd, 0x83, 0x0, 0x9f, 0xfa, 0xfb, 0x9, 0xf0,
    0x0, 0x0, 0x0, 0x2, 0x10, 0x0, 0x1b, 0xff,
    0x41, 0xff, 0x6c, 0xe0, 0x0, 0x0, 0x0, 0x0,
    0x0, 0x0, 0x9f, 0xf4, 0x0, 0x8f, 0xff, 0x90,
    0x0, 0x0, 0x0, 0x0, 0x0, 0x0, 0x8, 0x30,
    0x0, 0x9, 0xfc, 0x10,

    /* U+5883 "境" */
    0x0, 0x0, 0x0, 0x0, 0x0, 0x0, 0x0, 0x36,
    0x10, 0x0, 0x0, 0x0, 0x0, 0x3f, 0xe0, 0x0,
    0x0, 0x0, 0xb, 0xf8, 0x0, 0x0, 0x0, 0x0,
    0x3, 0xfe, 0x0, 0x4, 0xbb, 0xbb, 0xef, 0xfb,
    0xbb, 0xb7, 0x0, 0x0, 0x3f, 0xe0, 0x0, 0x6f,
    0xff, 0xff, 0xff, 0xff, 0xff, 0xa0, 0x0, 0x3,
    0xfe, 0x0, 0x0, 0x14, 0xa5, 0x11, 0x14, 0xa6,
    0x10, 0x0, 0x0, 0x3f, 0xe0, 0x0, 0x0, 0x5f,
    0x90, 0x0, 0x9f, 0x80, 0x0, 0x3, 0x47, 0xff,
    0x44, 0x0, 0x1, 0xfe, 0x0, 0xe, 0xf2, 0x0,
    0x0, 0xbf, 0xff, 0xff, 0xf3, 0xff, 0xff, 0xff,
    0xff, 0xff, 0xff, 0xf4, 0xa, 0xde, 0xff, 0xdd,
    0x2d, 0xdd, 0xdd, 0xdd, 0xdd, 0xdd, 0xdd, 0x30,
    0x0, 0x3f, 0xe0, 0x0, 0x3, 0x33, 0x33, 0x33,
    0x33, 0x33, 0x0, 0x0, 0x3, 0xfe, 0x0, 0x0,
    0xff, 0xff, 0xff, 0xff, 0xff, 0xf0, 0x0, 0x0,
    0x3f, 0xe0, 0x0, 0xf, 0xf3, 0x33, 0x33, 0x34,
    0xff, 0x0, 0x0, 0x3, 0xfe, 0x0, 0x0, 0xff,
    0x66, 0x66, 0x66, 0x7f, 0xf0, 0x0, 0x0, 0x3f,
    0xe0, 0x0, 0xf, 0xff, 0xff, 0xff, 0xff, 0xff,
    0x0, 0x0, 0x3, 0xfe, 0x0, 0x0, 0xff, 0x0,
    0x0, 0x0, 0x1f, 0xf0, 0x0, 0x0, 0x3f, 0xf8,
    0xe6, 0xf, 0xff, 0xff, 0xff, 0xff, 0xff, 0x0,
    0x0, 0x18, 0xff, 0xff, 0xa0, 0x88, 0xef, 0xa8,
    0xdf, 0xb8, 0x80, 0x0, 0xaf, 0xff, 0xfe, 0x71,
    0x0, 0xf, 0xf2, 0xb, 0xf5, 0x0, 0x0, 0xd,
    0xff, 0xd6, 0x0, 0x0, 0x4, 0xff, 0x0, 0xbf,
    0x50, 0x4, 0x0, 0x9c, 0x50, 0x0, 0x0, 0x0,
    0xdf, 0x90, 0xb, 0xf5, 0x0, 0xea, 0x0, 0x0,
    0x0, 0x0, 0x2, 0xcf, 0xf1, 0x0, 0xbf, 0x60,
    0xf, 0xc0, 0x0, 0x0, 0x0, 0x5b, 0xff, 0xe3,
    0x0, 0x9, 0xfe, 0xbd, 0xfa, 0x0, 0x0, 0x0,
    0x3, 0xff, 0x91, 0x0, 0x0, 0x1c, 0xff, 0xfc,
    0x10, 0x0, 0x0, 0x0, 0x4, 0x0, 0x0, 0x0,
    0x0, 0x0, 0x0, 0x0,

    /* U+58F0 "声" */
    0x0, 0x0, 0x0, 0x0, 0x0, 0x5e, 0xd0, 0x0,
    0x0, 0x0, 0x0, 0x0, 0x0, 0x0, 0x0, 0x0,
    0x6, 0xfe, 0x0, 0x0, 0x0, 0x0, 0x0, 0x7,
    0xff, 0xff, 0xff, 0xff, 0xff, 0xff, 0xff, 0xff,
    0xff, 0xff, 0x10, 0x6d, 0xdd, 0xdd, 0xdd, 0xde,
    0xff, 0xdd, 0xdd, 0xdd, 0xdd, 0xd1, 0x0, 0x0,
    0x0, 0x0, 0x0, 0x5f, 0xd0, 0x0, 0x0, 0x0,
    0x0, 0x0, 0x0, 0x22, 0x22, 0x22, 0x27, 0xfe,
    0x22, 0x22, 0x22, 0x22, 0x0, 0x0, 0xf, 0xff,
    0xff, 0xff, 0xff, 0xff, 0xff, 0xff, 0xff, 0xf0,
    0x0, 0x0, 0xcc, 0xcc, 0xcc, 0xcc, 0xcc, 0xcc,
    0xcc, 0xcc, 0xcc, 0x0, 0x0, 0x0, 0x0, 0x0,
    0x0, 0x0, 0x0, 0x0, 0x0, 0x0, 0x0, 0x0,
    0x0, 0x6c, 0xcc, 0xcc, 0xcc, 0xcc, 0xcc, 0xcc,
    0xcc, 0xc7, 0x0, 0x0, 0x8, 0xff, 0xff, 0xff,
    0xff, 0xff, 0xff, 0xff, 0xff, 0x90, 0x0, 0x0,
    0x8f, 0xa0, 0x0, 0x5, 0xfd, 0x0, 0x0, 0xa,
    0xf9, 0x0, 0x0, 0x8, 0xfa, 0x0, 0x0, 0x4f,
    0xd0, 0x0, 0x0, 0xaf, 0x90, 0x0, 0x0, 0x9f,
    0x90, 0x0, 0x4, 0xfd, 0x0, 0x0, 0xa, 0xf9,
    0x0, 0x0, 0xb, 0xfe, 0xdd, 0xdd, 0xef, 0xfd,
    0xdd, 0xdd, 0xff, 0x90, 0x0, 0x0, 0xef, 0xff,
    0xff, 0xff, 0xff, 0xff, 0xff, 0xff, 0xf9, 0x0,
    0x0, 0x1f, 0xf2, 0x0, 0x0, 0x0, 0x0, 0x0,
    0x0, 0xaf, 0x90, 0x0, 0x8, 0xfc, 0x0, 0x0,
    0x0, 0x0, 0x0, 0x0, 0x3, 0x42, 0x0, 0x1,
    0xef, 0x70, 0x0, 0x0, 0x0, 0x0, 0x0, 0x0,
    0x0, 0x0, 0x0, 0xbf, 0xf1, 0x0, 0x0, 0x0,
    0x0, 0x0, 0x0, 0x0, 0x0, 0x0, 0x3f, 0xf7,
    0x0, 0x0, 0x0, 0x0, 0x0, 0x0, 0x0, 0x0,
    0x0, 0x0, 0x4a, 0x0, 0x0, 0x0, 0x0, 0x0,
    0x0, 0x0, 0x0, 0x0, 0x0,

    /* U+5907 "备" */
    0x0, 0x0, 0x0, 0x0, 0x0, 0x0, 0x0, 0x0,
    0x0, 0x0, 0x0, 0x0, 0x0, 0x0, 0x0, 0x0,
    0x9f, 0xb0, 0x0, 0x0, 0x0, 0x0, 0x0, 0x0,
    0x0, 0x0, 0x0, 0x6, 0xff, 0x70, 0x0, 0x0,
    0x0, 0x0, 0x0, 0x0, 0x0, 0x0, 0x0, 0x6f,
    0xff, 0xff, 0xff, 0xff, 0xff, 0xe4, 0x0, 0x0,
    0x0, 0x0, 0x9, 0xff, 0xee, 0xee, 0xee, 0xee,
    0xff, 0xd1, 0x0, 0x0, 0x0, 0x3, 0xcf, 0xff,
    0x90, 0x0, 0x0, 0x1c, 0xfe, 0x20, 0x0, 0x0,
    0x0, 0xbf, 0xfe, 0x8f, 0xfd, 0x30, 0x5, 0xef,
    0xe3, 0x0, 0x0, 0x0, 0x0, 0x5f, 0x80, 0x2,
    0xcf, 0xfb, 0xcf, 0xfa, 0x10, 0x0, 0x0, 0x0,
    0x0, 0x1, 0x0, 0x0, 0x2d, 0xff, 0xff, 0xd3,
    0x0, 0x0, 0x0, 0x0, 0x0, 0x0, 0x14, 0x8d,
    0xff, 0xfe, 0xef, 0xff, 0xfb, 0x64, 0x10, 0x0,
    0x19, 0xbe, 0xff, 0xff, 0xe9, 0x30, 0x3, 0x9e,
    0xff, 0xff, 0xff, 0xc1, 0xc, 0xff, 0xfc, 0x94,
    0x0, 0x0, 0x0, 0x0, 0x37, 0xad, 0xff, 0x70,
    0x3, 0x64, 0xcc, 0xcc, 0xcc, 0xcc, 0xcc, 0xcc,
    0xcc, 0xcb, 0x3, 0x0, 0x0, 0x0, 0xff, 0xff,
    0xff, 0xff, 0xff, 0xff, 0xff, 0xfe, 0x0, 0x0,
    0x0, 0x0, 0xff, 0x62, 0x22, 0x5f, 0xf3, 0x22,
    0x29, 0xfe, 0x0, 0x0, 0x0, 0x0, 0xff, 0x40,
    0x0, 0x3f, 0xf1, 0x0, 0x7, 0xfe, 0x0, 0x0,
    0x0, 0x0, 0xff, 0xcb, 0xbb, 0xcf, 0xfb, 0xbb,
    0xbd, 0xfe, 0x0, 0x0, 0x0, 0x0, 0xff, 0xff,
    0xff, 0xff, 0xff, 0xff, 0xff, 0xfe, 0x0, 0x0,
    0x0, 0x0, 0xff, 0x40, 0x0, 0x4f, 0xf1, 0x0,
    0x8, 0xfe, 0x0, 0x0, 0x0, 0x0, 0xff, 0x40,
    0x0, 0x3f, 0xf1, 0x0, 0x7, 0xfe, 0x0, 0x0,
    0x0, 0x0, 0xff, 0xee, 0xee, 0xef, 0xfe, 0xee,
    0xef, 0xfe, 0x0, 0x0, 0x0, 0x0, 0xff, 0xff,
    0xff, 0xff, 0xff, 0xff, 0xff, 0xfe, 0x0, 0x0,
    0x0, 0x0, 0xff, 0x40, 0x0, 0x0, 0x0, 0x0,
    0x7, 0xfe, 0x0, 0x0,

    /* U+590D "复" */
    0x0, 0x0, 0x0, 0x0, 0x0, 0x0, 0x0, 0x0,
    0x0, 0x0, 0x0, 0x0, 0x0, 0x0, 0x1, 0xfc,
    0x10, 0x0, 0x0, 0x0, 0x0, 0x0, 0x0, 0x0,
    0x0, 0x0, 0xa, 0xfb, 0x0, 0x0, 0x0, 0x0,
    0x0, 0x0, 0x0, 0x0, 0x0, 0x0, 0x6f, 0xff,
    0xff, 0xff, 0xff, 0xff, 0xff, 0xff, 0xfb, 0x0,
    0x0, 0x3, 0xff, 0xdd, 0xdd, 0xdd, 0xdd, 0xdd,
    0xdd, 0xdd, 0xda, 0x0, 0x0, 0x3f, 0xf9, 0x0,
    0x0, 0x0, 0x0, 0x0, 0x0, 0x0, 0x0, 0x0,
    0x6, 0xff, 0xb9, 0x99, 0x99, 0x99, 0x99, 0x99,
    0x99, 0x99, 0x0, 0x0, 0x3, 0xfa, 0xf, 0xff,
    0xff, 0xff, 0xff, 0xff, 0xff, 0xff, 0x10, 0x0,
    0x0, 0x30, 0xf, 0xf4, 0x0, 0x0, 0x0, 0x0,
    0x3, 0xff, 0x10, 0x0, 0x0, 0x0, 0xf, 0xff,
    0xff, 0xff, 0xff, 0xff, 0xff, 0xff, 0x10, 0x0,
    0x0, 0x0, 0xf, 0xf9, 0x77, 0x77, 0x77, 0x77,
    0x79, 0xff, 0x10, 0x0, 0x0, 0x0, 0xf, 0xf4,
    0x0, 0x0, 0x0, 0x0, 0x4, 0xff, 0x10, 0x0,
    0x0, 0x0, 0xf, 0xff, 0xff, 0xff, 0xff, 0xff,
    0xff, 0xff, 0x10, 0x0, 0x0, 0x0, 0x7, 0x7c,
    0xff, 0x77, 0x77, 0x77, 0x77, 0x77, 0x0, 0x0,
    0x0, 0x0, 0x0, 0x5f, 0xf7, 0x0, 0x0, 0x0,
    0x0, 0x10, 0x0, 0x0, 0x0, 0x0, 0x6, 0xff,
    0xff, 0xff, 0xff, 0xff, 0xff, 0xf6, 0x0, 0x0,
    0x0, 0x1, 0x9f, 0xff, 0xb9, 0x99, 0x99, 0x9a,
    0xff, 0xf3, 0x0, 0x0, 0x0, 0x4e, 0xff, 0x8f,
    0xe5, 0x0, 0x0, 0x2c, 0xff, 0x30, 0x0, 0x0,
    0x0, 0x2e, 0xc2, 0x2, 0xdf, 0xc4, 0x3a, 0xff,
    0xc2, 0x0, 0x0, 0x0, 0x0, 0x1, 0x0, 0x0,
    0x1c, 0xff, 0xff, 0xf7, 0x0, 0x0, 0x0, 0x0,
    0x0, 0x2, 0x35, 0x9c, 0xff, 0xff, 0xff, 0xff,
    0xda, 0x75, 0x42, 0x10, 0xd, 0xff, 0xff, 0xff,
    0xfb, 0x72, 0x15, 0x9e, 0xff, 0xff, 0xff, 0xb0,
    0x8, 0xfe, 0xb9, 0x74, 0x0, 0x0, 0x0, 0x0,
    0x25, 0x79, 0xbd, 0x10, 0x0, 0x0, 0x0, 0x0,
    0x0, 0x0, 0x0, 0x0, 0x0, 0x0, 0x0, 0x0,

    /* U+5916 "外" */
    0x0, 0x0, 0x0, 0x0, 0x0, 0x0, 0x0, 0x0,
    0x0, 0x0, 0x0, 0x0, 0x0, 0xa, 0xd7, 0x0,
    0x0, 0x0, 0x6f, 0xe0, 0x0, 0x0, 0x0, 0x0,
    0x0, 0xff, 0x60, 0x0, 0x0, 0x6, 0xfe, 0x0,
    0x0, 0x0, 0x0, 0x0, 0x4f, 0xf1, 0x0, 0x0,
    0x0, 0x6f, 0xe0, 0x0, 0x0, 0x0, 0x0, 0x8,
    0xff, 0xcc, 0xcc, 0xc8, 0x6, 0xfe, 0x0, 0x0,
    0x0, 0x0, 0x0, 0xdf, 0xff, 0xff, 0xff, 0xd0,
    0x6f, 0xe0, 0x0, 0x0, 0x0, 0x0, 0x2f, 0xf5,
    0x44, 0x4d, 0xfb, 0x6, 0xfe, 0x0, 0x0, 0x0,
    0x0, 0x9, 0xfb, 0x0, 0x0, 0xef, 0x80, 0x6f,
    0xe0, 0x0, 0x0, 0x0, 0x2, 0xff, 0x40, 0x0,
    0x2f, 0xf5, 0x6, 0xff, 0xe6, 0x0, 0x0, 0x0,
    0xaf, 0xd0, 0x0, 0x5, 0xff, 0x10, 0x6f, 0xff,
    0xf8, 0x0, 0x0, 0x6f, 0xf5, 0x92, 0x0, 0xaf,
    0xc0, 0x6, 0xfe, 0xaf, 0xf9, 0x0, 0x8, 0xfa,
    0x9f, 0xf5, 0xf, 0xf8, 0x0, 0x6f, 0xe0, 0xaf,
    0xfa, 0x0, 0x5, 0x11, 0xbf, 0xfc, 0xff, 0x20,
    0x6, 0xfe, 0x0, 0xaf, 0xf9, 0x0, 0x0, 0x0,
    0x8f, 0xff, 0xc0, 0x0, 0x6f, 0xe0, 0x0, 0xbf,
    0xf2, 0x0, 0x0, 0x0, 0x8f, 0xf5, 0x0, 0x6,
    0xfe, 0x0, 0x0, 0xa2, 0x0, 0x0, 0x0, 0xe,
    0xfd, 0x0, 0x0, 0x6f, 0xe0, 0x0, 0x0, 0x0,
    0x0, 0x0, 0x9, 0xff, 0x40, 0x0, 0x6, 0xfe,
    0x0, 0x0, 0x0, 0x0, 0x0, 0x7, 0xff, 0xa0,
    0x0, 0x0, 0x6f, 0xe0, 0x0, 0x0, 0x0, 0x0,
    0x7, 0xff, 0xd1, 0x0, 0x0, 0x6, 0xfe, 0x0,
    0x0, 0x0, 0x0, 0xa, 0xff, 0xe2, 0x0, 0x0,
    0x0, 0x6f, 0xe0, 0x0, 0x0, 0x0, 0x5e, 0xff,
    0xe3, 0x0, 0x0, 0x0, 0x6, 0xfe, 0x0, 0x0,
    0x0, 0x4, 0xff, 0xc1, 0x0, 0x0, 0x0, 0x0,
    0x6f, 0xe0, 0x0, 0x0, 0x0, 0x4, 0x60, 0x0,
    0x0, 0x0, 0x0, 0x6, 0xfe, 0x0, 0x0, 0x0,
    0x0,

    /* U+591A "多" */
    0x0, 0x0, 0x0, 0x0, 0x0, 0x0, 0x0, 0x0,
    0x0, 0x0, 0x0, 0x0, 0x0, 0x0, 0x0, 0xc,
    0xfa, 0x0, 0x0, 0x0, 0x0, 0x0, 0x0, 0x0,
    0x0, 0x1, 0xcf, 0xf4, 0x0, 0x0, 0x10, 0x0,
    0x0, 0x0, 0x0, 0x0, 0x3e, 0xff, 0xff, 0xff,
    0xff, 0xfc, 0x10, 0x0, 0x0, 0x0, 0x9, 0xff,
    0xfe, 0xee, 0xee, 0xff, 0xfb, 0x0, 0x0, 0x0,
    0x7, 0xef, 0xf8, 0x0, 0x0, 0x1, 0xbf, 0xe1,
    0x0, 0x0, 0x2, 0xef, 0xfb, 0x38, 0x20, 0x0,
    0x2d, 0xfe, 0x20, 0x0, 0x0, 0x0, 0x5c, 0x40,
    0x9f, 0xf7, 0x7, 0xff, 0xd2, 0x0, 0x0, 0x0,
    0x0, 0x0, 0x0, 0x6, 0xff, 0xff, 0xf8, 0x0,
    0x0, 0x0, 0x0, 0x0, 0x0, 0x0, 0x38, 0xef,
    0xfd, 0x3b, 0xc8, 0x0, 0x0, 0x0, 0x0, 0x14,
    0x8d, 0xff, 0xfc, 0x50, 0xaf, 0xf4, 0x0, 0x0,
    0x0, 0xd, 0xff, 0xff, 0xfa, 0x30, 0x1c, 0xff,
    0xec, 0xcc, 0xcc, 0xa1, 0x7, 0xfc, 0x84, 0x0,
    0x4, 0xef, 0xff, 0xff, 0xff, 0xff, 0xf5, 0x0,
    0x10, 0x0, 0x2, 0xbf, 0xfb, 0x33, 0x33, 0x34,
    0xff, 0xc0, 0x0, 0x0, 0x4, 0xaf, 0xff, 0x60,
    0x0, 0x0, 0xc, 0xff, 0x20, 0x0, 0x1, 0xdf,
    0xff, 0x93, 0xa9, 0x0, 0x1, 0xbf, 0xf4, 0x0,
    0x0, 0x0, 0x6f, 0x81, 0x5, 0xff, 0xc1, 0x4e,
    0xff, 0x60, 0x0, 0x0, 0x0, 0x0, 0x0, 0x0,
    0x3e, 0xff, 0xff, 0xe3, 0x0, 0x0, 0x0, 0x0,
    0x0, 0x0, 0x2, 0x7d, 0xff, 0xfa, 0x10, 0x0,
    0x0, 0x0, 0x0, 0x1, 0x48, 0xdf, 0xff, 0xfc,
    0x30, 0x0, 0x0, 0x0, 0x18, 0xac, 0xff, 0xff,
    0xff, 0xe9, 0x20, 0x0, 0x0, 0x0, 0x0, 0xd,
    0xff, 0xff, 0xec, 0x83, 0x0, 0x0, 0x0, 0x0,
    0x0, 0x0, 0x6, 0x96, 0x41, 0x0, 0x0, 0x0,
    0x0, 0x0, 0x0, 0x0, 0x0,

    /* U+591C "夜" */
    0x0, 0x0, 0x0, 0x0, 0x0, 0x3, 0x40, 0x0,
    0x0, 0x0, 0x0, 0x0, 0x0, 0x0, 0x0, 0x0,
    0x0, 0x6f, 0xf1, 0x0, 0x0, 0x0, 0x0, 0x0,
    0x0, 0x0, 0x0, 0x0, 0x0, 0xe, 0xf9, 0x0,
    0x0, 0x0, 0x0, 0x0, 0x3, 0xdd, 0xdd, 0xdd,
    0xdd, 0xde, 0xff, 0xdd, 0xdd, 0xdd, 0xdd, 0x90,
    0x4, 0xff, 0xff, 0xff, 0xff, 0xff, 0xff, 0xff,
    0xff, 0xff, 0xff, 0xb0, 0x1, 0x33, 0x33, 0x7e,
    0x94, 0x33, 0x3c, 0xd7, 0x33, 0x33, 0x33, 0x20,
    0x0, 0x0, 0x0, 0xbf, 0xc0, 0x0, 0x1f, 0xf7,
    0x0, 0x0, 0x0, 0x0, 0x0, 0x0, 0x2, 0xff,
    0x40, 0x0, 0x8f, 0xf1, 0x0, 0x0, 0x10, 0x0,
    0x0, 0x0, 0xc, 0xfc, 0x0, 0x1, 0xff, 0xff,
    0xff, 0xff, 0xfd, 0x10, 0x0, 0x0, 0x5f, 0xf4,
    0x0, 0xa, 0xff, 0xee, 0xee, 0xef, 0xfe, 0x0,
    0x0, 0x2, 0xef, 0xf0, 0x0, 0x6f, 0xf4, 0x21,
    0x0, 0xb, 0xf9, 0x0, 0x0, 0xd, 0xff, 0xe0,
    0x3, 0xff, 0xa2, 0xfe, 0x30, 0x2f, 0xf4, 0x0,
    0x0, 0xbf, 0xff, 0xe0, 0x2e, 0xff, 0xb0, 0x6f,
    0xe2, 0x9f, 0xc0, 0x0, 0xb, 0xff, 0xbf, 0xe2,
    0xef, 0xee, 0xf5, 0x7, 0xd4, 0xff, 0x50, 0x0,
    0x8, 0xf8, 0x4f, 0xe0, 0xad, 0x24, 0xfe, 0x10,
    0x1c, 0xfb, 0x0, 0x0, 0x0, 0x50, 0x4f, 0xe0,
    0x1, 0x0, 0x9f, 0xc0, 0x9f, 0xf2, 0x0, 0x0,
    0x0, 0x0, 0x4f, 0xe0, 0x0, 0x0, 0xd, 0xfd,
    0xff, 0x60, 0x0, 0x0, 0x0, 0x0, 0x4f, 0xe0,
    0x0, 0x0, 0x3, 0xff, 0xf8, 0x0, 0x0, 0x0,
    0x0, 0x0, 0x4f, 0xe0, 0x0, 0x0, 0x2c, 0xff,
    0xfd, 0x40, 0x0, 0x0, 0x0, 0x0, 0x4f, 0xe0,
    0x0, 0x8, 0xff, 0xf9, 0xef, 0xfa, 0x10, 0x0,
    0x0, 0x0, 0x4f, 0xe0, 0x29, 0xff, 0xfd, 0x30,
    0x1c, 0xff, 0xfb, 0x40, 0x0, 0x0, 0x4f, 0xe0,
    0xdf, 0xfe, 0x80, 0x0, 0x0, 0x7e, 0xff, 0xe1,
    0x0, 0x0, 0x4f, 0xe0, 0x3d, 0x60, 0x0, 0x0,
    0x0, 0x0, 0x6d, 0x40, 0x0, 0x0, 0x0, 0x0,
    0x0, 0x0, 0x0, 0x0, 0x0, 0x0, 0x0, 0x0,

    /* U+5929 "天" */
    0x1, 0x55, 0x55, 0x55, 0x55, 0x55, 0x55, 0x55,
    0x55, 0x55, 0x30, 0x0, 0x3f, 0xff, 0xff, 0xff,
    0xff, 0xff, 0xff, 0xff, 0xff, 0xf9, 0x0, 0x3,
    0xff, 0xff, 0xff, 0xff, 0xff, 0xff, 0xff, 0xff,
    0xff, 0x90, 0x0, 0x0, 0x0, 0x0, 0x0, 0x1f,
    0xf3, 0x0, 0x0, 0x0, 0x0, 0x0, 0x0, 0x0,
    0x0, 0x0, 0x1, 0xff, 0x30, 0x0, 0x0, 0x0,
    0x0, 0x0, 0x0, 0x0, 0x0, 0x0, 0x1f, 0xf3,
    0x0, 0x0, 0x0, 0x0, 0x0, 0x0, 0x0, 0x0,
    0x0, 0x2, 0xff, 0x20, 0x0, 0x0, 0x0, 0x0,
    0x0, 0x22, 0x22, 0x22, 0x22, 0x5f, 0xf4, 0x22,
    0x22, 0x22, 0x22, 0x10, 0x1f, 0xff, 0xff, 0xff,
    0xff, 0xff, 0xff, 0xff, 0xff, 0xff, 0xf9, 0x1,
    0xff, 0xff, 0xff, 0xff, 0xff, 0xff, 0xff, 0xff,
    0xff, 0xff, 0x90, 0x1, 0x11, 0x11, 0x11, 0x2d,
    0xff, 0xf3, 0x11, 0x11, 0x11, 0x11, 0x0, 0x0,
    0x0, 0x0, 0x3, 0xff, 0xff, 0x80, 0x0, 0x0,
    0x0, 0x0, 0x0, 0x0, 0x0, 0x0, 0xaf, 0xf7,
    0xff, 0x10, 0x0, 0x0, 0x0, 0x0, 0x0, 0x0,
    0x0, 0x5f, 0xf8, 0xd, 0xfb, 0x0, 0x0, 0x0,
    0x0, 0x0, 0x0, 0x0, 0x2f, 0xfe, 0x10, 0x4f,
    0xf9, 0x0, 0x0, 0x0, 0x0, 0x0, 0x0, 0x2e,
    0xff, 0x30, 0x0, 0x8f, 0xf8, 0x0, 0x0, 0x0,
    0x0, 0x0, 0x5e, 0xff, 0x60, 0x0, 0x0, 0xaf,
    0xfb, 0x10, 0x0, 0x0, 0x2, 0xaf, 0xff, 0x50,
    0x0, 0x0, 0x0, 0xbf, 0xfe, 0x61, 0x0, 0x3a,
    0xff, 0xfd, 0x20, 0x0, 0x0, 0x0, 0x0, 0x7f,
    0xff, 0xf9, 0x14, 0xff, 0xf7, 0x0, 0x0, 0x0,
    0x0, 0x0, 0x0, 0x3b, 0xff, 0xb0, 0x7, 0x71,
    0x0, 0x0, 0x0, 0x0, 0x0, 0x0, 0x0, 0x2,
    0x91, 0x0,

    /* U+5931 "失" */
    0x0, 0x0, 0x0, 0x0, 0x0, 0x12, 0x10, 0x0,
    0x0, 0x0, 0x0, 0x0, 0x0, 0x0, 0xb, 0x83,
    0x0, 0x7f, 0xd0, 0x0, 0x0, 0x0, 0x0, 0x0,
    0x0, 0x0, 0x4f, 0xf4, 0x0, 0x7f, 0xd0, 0x0,
    0x0, 0x0, 0x0, 0x0, 0x0, 0x0, 0xaf, 0xe0,
    0x0, 0x7f, 0xd0, 0x0, 0x0, 0x0, 0x0, 0x0,
    0x0, 0x0, 0xff, 0xa1, 0x11, 0x8f, 0xd1, 0x11,
    0x11, 0x11, 0x0, 0x0, 0x0, 0x5, 0xff, 0xff,
    0xff, 0xff, 0xff, 0xff, 0xff, 0xff, 0x70, 0x0,
    0x0, 0xd, 0xff, 0xff, 0xff, 0xff, 0xff, 0xff,
    0xff, 0xff, 0x70, 0x0, 0x0, 0x6f, 0xf5, 0x11,
    0x11, 0x8f, 0xd1, 0x11, 0x11, 0x11, 0x0, 0x0,
    0x2, 0xff, 0xb0, 0x0, 0x0, 0x7f, 0xd0, 0x0,
    0x0, 0x0, 0x0, 0x0, 0x8, 0xff, 0x20, 0x0,
    0x0, 0x8f, 0xc0, 0x0, 0x0, 0x0, 0x0, 0x0,
    0x0, 0x46, 0x0, 0x0, 0x0, 0xaf, 0xb0, 0x0,
    0x0, 0x0, 0x0, 0x0, 0x5, 0x55, 0x55, 0x55,
    0x55, 0xcf, 0xc5, 0x55, 0x55, 0x55, 0x55, 0x20,
    0xd, 0xff, 0xff, 0xff, 0xff, 0xff, 0xff, 0xff,
    0xff, 0xff, 0xff, 0x60, 0xc, 0xee, 0xee, 0xee,
    0xee, 0xff, 0xff, 0xee, 0xee, 0xee, 0xee, 0x60,
    0x0, 0x0, 0x0, 0x0, 0x9, 0xff, 0xff, 0x10,
    0x0, 0x0, 0x0, 0x0, 0x0, 0x0, 0x0, 0x0,
    0x2f, 0xfa, 0xdf, 0xa0, 0x0, 0x0, 0x0, 0x0,
    0x0, 0x0, 0x0, 0x0, 0xcf, 0xf2, 0x4f, 0xf5,
    0x0, 0x0, 0x0, 0x0, 0x0, 0x0, 0x0, 0xb,
    0xff, 0x80, 0xb, 0xff, 0x50, 0x0, 0x0, 0x0,
    0x0, 0x0, 0x2, 0xcf, 0xfa, 0x0, 0x1, 0xdf,
    0xf6, 0x0, 0x0, 0x0, 0x0, 0x0, 0x7f, 0xff,
    0xb0, 0x0, 0x0, 0x1e, 0xff, 0xc3, 0x0, 0x0,
    0x2, 0x7e, 0xff, 0xf6, 0x0, 0x0, 0x0, 0x1,
    0xbf, 0xff, 0xc7, 0x20, 0xd, 0xff, 0xfb, 0x20,
    0x0, 0x0, 0x0, 0x0, 0x6, 0xef, 0xff, 0xa0,
    0x3, 0xe9, 0x30, 0x0, 0x0, 0x0, 0x0, 0x0,
    0x0, 0x5, 0xbe, 0x0, 0x0, 0x0, 0x0, 0x0,
    0x0, 0x0, 0x0, 0x0, 0x0, 0x0, 0x0, 0x0,

    /* U+594F "奏" */
    0x0, 0x0, 0x0, 0x0, 0x0, 0xcd, 0x40, 0x0,
    0x0, 0x0, 0x0, 0x0, 0x1, 0x22, 0x22, 0x22,
    0x2f, 0xf6, 0x22, 0x22, 0x22, 0x20, 0x0, 0x0,
    0xbf, 0xff, 0xff, 0xff, 0xff, 0xff, 0xff, 0xff,
    0xff, 0x40, 0x0, 0x7, 0xaa, 0xaa, 0xaa, 0xcf,
    0xfa, 0xaa, 0xaa, 0xaa, 0xa3, 0x0, 0x0, 0x0,
    0x0, 0x0, 0x9, 0xfa, 0x0, 0x0, 0x0, 0x0,
    0x0, 0x0, 0x0, 0xcf, 0xff, 0xff, 0xff, 0xff,
    0xff, 0xff, 0xff, 0x50, 0x0, 0x0, 0x8, 0xbb,
    0xbb, 0xdf, 0xfb, 0xbb, 0xbb, 0xbb, 0xb4, 0x0,
    0x0, 0x0, 0x0, 0x0, 0xe, 0xf8, 0x0, 0x0,
    0x0, 0x0, 0x0, 0x0, 0x5c, 0xcc, 0xcc, 0xcd,
    0xff, 0xdc, 0xcc, 0xcc, 0xcc, 0xcc, 0xca, 0x6,
    0xff, 0xff, 0xff, 0xff, 0xff, 0xff, 0xff, 0xff,
    0xff, 0xff, 0xd0, 0x0, 0x0, 0x4, 0xff, 0xa0,
    0x0, 0x1, 0xef, 0x80, 0x0, 0x0, 0x0, 0x0,
    0x5, 0xff, 0xe2, 0x11, 0x11, 0x16, 0xff, 0xa0,
    0x0, 0x0, 0x0, 0x8, 0xff, 0xef, 0xff, 0xff,
    0xff, 0xff, 0xff, 0xd4, 0x0, 0x0, 0x7e, 0xff,
    0xb2, 0xaa, 0xae, 0xfc, 0xaa, 0x83, 0xdf, 0xfd,
    0x60, 0x9f, 0xfe, 0x60, 0x0, 0x0, 0xdf, 0x30,
    0x0, 0x0, 0x9f, 0xff, 0x30, 0xa7, 0x6d, 0xdd,
    0xdd, 0xdf, 0xfd, 0xdd, 0xdd, 0xdc, 0x18, 0x50,
    0x0, 0x6, 0xff, 0xff, 0xff, 0xff, 0xff, 0xff,
    0xff, 0xe0, 0x0, 0x0, 0x0, 0x0, 0x0, 0x7,
    0xff, 0x33, 0xd8, 0x10, 0x0, 0x0, 0x0, 0x0,
    0x0, 0x0, 0x2b, 0xff, 0x60, 0xaf, 0xff, 0xa3,
    0x0, 0x0, 0x0, 0x0, 0x4, 0xaf, 0xfe, 0x50,
    0x0, 0x2a, 0xff, 0xfb, 0x30, 0x0, 0x0, 0x6f,
    0xff, 0xf8, 0x0, 0x0, 0x0, 0x1, 0x9f, 0xff,
    0x40, 0x0, 0x0, 0xcb, 0x50, 0x0, 0x0, 0x0,
    0x0, 0x0, 0x2b, 0x80, 0x0, 0x0, 0x0, 0x0,
    0x0, 0x0, 0x0, 0x0, 0x0, 0x0, 0x0, 0x0,
    0x0,

    /* U+5973 "女" */
    0x0, 0x0, 0x0, 0x0, 0x1, 0x0, 0x0, 0x0,
    0x0, 0x0, 0x0, 0x0, 0x0, 0x0, 0x0, 0x3f,
    0xe3, 0x0, 0x0, 0x0, 0x0, 0x0, 0x0, 0x0,
    0x0, 0x0, 0x8f, 0xf0, 0x0, 0x0, 0x0, 0x0,
    0x0, 0x0, 0x0, 0x0, 0x0, 0xdf, 0xa0, 0x0,
    0x0, 0x0, 0x0, 0x0, 0x0, 0x0, 0x0, 0x3,
    0xff, 0x50, 0x0, 0x0, 0x0, 0x0, 0x0, 0x0,
    0x0, 0x0, 0x8, 0xff, 0x10, 0x0, 0x0, 0x0,
    0x0, 0x0, 0x16, 0x66, 0x66, 0x6e, 0xfe, 0x66,
    0x66, 0x66, 0x66, 0x66, 0x65, 0x4f, 0xff, 0xff,
    0xff, 0xff, 0xff, 0xff, 0xff, 0xff, 0xff, 0xfd,
    0x4f, 0xff, 0xff, 0xff, 0xff, 0xff, 0xff, 0xff,
    0xff, 0xff, 0xfc, 0x0, 0x0, 0x1, 0xff, 0x80,
    0x0, 0x0, 0x3f, 0xf5, 0x0, 0x0, 0x0, 0x0,
    0x8, 0xff, 0x20, 0x0, 0x0, 0x8f, 0xf1, 0x0,
    0x0, 0x0, 0x0, 0xf, 0xfb, 0x0, 0x0, 0x0,
    0xef, 0xc0, 0x0, 0x0, 0x0, 0x0, 0x7f, 0xf4,
    0x0, 0x0, 0x3, 0xff, 0x70, 0x0, 0x0, 0x0,
    0x1, 0xff, 0xe0, 0x0, 0x0, 0xc, 0xff, 0x10,
    0x0, 0x0, 0x0, 0x7, 0xff, 0xfe, 0x81, 0x0,
    0x6f, 0xf7, 0x0, 0x0, 0x0, 0x0, 0x0, 0x4b,
    0xff, 0xff, 0xa5, 0xff, 0xd0, 0x0, 0x0, 0x0,
    0x0, 0x0, 0x0, 0x29, 0xff, 0xff, 0xff, 0x40,
    0x0, 0x0, 0x0, 0x0, 0x0, 0x0, 0x0, 0x1b,
    0xff, 0xff, 0xc4, 0x0, 0x0, 0x0, 0x0, 0x0,
    0x0, 0x2, 0xaf, 0xff, 0xef, 0xff, 0xc4, 0x0,
    0x0, 0x0, 0x0, 0x26, 0xcf, 0xff, 0xe4, 0x7,
    0xef, 0xff, 0xb2, 0x0, 0x38, 0xbe, 0xff, 0xff,
    0xe7, 0x0, 0x0, 0x18, 0xff, 0xff, 0x81, 0x2f,
    0xff, 0xff, 0xb6, 0x0, 0x0, 0x0, 0x0, 0x2b,
    0xff, 0xe2, 0x8, 0xb8, 0x40, 0x0, 0x0, 0x0,
    0x0, 0x0, 0x0, 0x5e, 0x30, 0x0, 0x0, 0x0,
    0x0, 0x0, 0x0, 0x0, 0x0, 0x0, 0x0, 0x0,

    /* U+597D "好" */
    0x0, 0x0, 0xcc, 0x30, 0x0, 0x0, 0x0, 0x0,
    0x0, 0x0, 0x0, 0x0, 0x0, 0x0, 0xff, 0x20,
    0x0, 0x2, 0x44, 0x44, 0x44, 0x44, 0x51, 0x0,
    0x0, 0x3, 0xff, 0x0, 0x0, 0x9, 0xff, 0xff,
    0xff, 0xff, 0xfe, 0x20, 0x0, 0x5, 0xfd, 0x0,
    0x0, 0x7, 0xbb, 0xbb, 0xbb, 0xcf, 0xfc, 0x0,
    0x1, 0x18, 0xfb, 0x11, 0x21, 0x0, 0x0, 0x0,
    0x0, 0xbf, 0xe2, 0x0, 0xe, 0xff, 0xff, 0xff,
    0xff, 0x50, 0x0, 0x0, 0x7, 0xff, 0x40, 0x0,
    0xe, 0xff, 0xff, 0xff, 0xff, 0x40, 0x0, 0x0,
    0x6f, 0xf5, 0x0, 0x0, 0x0, 0x1f, 0xf0, 0x0,
    0xff, 0x20, 0x0, 0x3, 0xff, 0x50, 0x0, 0x0,
    0x0, 0x5f, 0xc0, 0x2, 0xff, 0x0, 0x0, 0x5,
    0xff, 0x0, 0x0, 0x0, 0x0, 0x9f, 0x80, 0x5,
    0xfd, 0x12, 0x22, 0x27, 0xff, 0x22, 0x22, 0x20,
    0x0, 0xdf, 0x40, 0x8, 0xfa, 0x9f, 0xff, 0xff,
    0xff, 0xff, 0xff, 0xf0, 0x2, 0xff, 0x0, 0xd,
    0xf6, 0x9f, 0xff, 0xff, 0xff, 0xff, 0xff, 0xf0,
    0x6, 0xff, 0x80, 0x3f, 0xf1, 0x0, 0x0, 0x5,
    0xff, 0x0, 0x0, 0x0, 0x0, 0xbf, 0xfc, 0xaf,
    0xc0, 0x0, 0x0, 0x5, 0xff, 0x0, 0x0, 0x0,
    0x0, 0x7, 0xff, 0xff, 0x50, 0x0, 0x0, 0x5,
    0xff, 0x0, 0x0, 0x0, 0x0, 0x0, 0x4f, 0xff,
    0x50, 0x0, 0x0, 0x5, 0xff, 0x0, 0x0, 0x0,
    0x0, 0x0, 0x4f, 0xff, 0xf5, 0x0, 0x0, 0x5,
    0xff, 0x0, 0x0, 0x0, 0x0, 0x2, 0xef, 0xcd,
    0xff, 0x30, 0x0, 0x5, 0xff, 0x0, 0x0, 0x0,
    0x0, 0x2d, 0xfe, 0x11, 0xef, 0x60, 0x0, 0x5,
    0xff, 0x0, 0x0, 0x0, 0x5, 0xff, 0xf3, 0x0,
    0x39, 0x0, 0x11, 0x16, 0xfe, 0x0, 0x0, 0x0,
    0x1e, 0xfe, 0x30, 0x0, 0x0, 0x0, 0xaf, 0xff,
    0xfc, 0x0, 0x0, 0x0, 0x4, 0xa1, 0x0, 0x0,
    0x0, 0x0, 0x4f, 0xfe, 0xb2, 0x0, 0x0, 0x0,
    0x0, 0x0, 0x0, 0x0, 0x0, 0x0, 0x0, 0x0,
    0x0, 0x0, 0x0, 0x0,

    /* U+59CB "始" */
    0x0, 0x0, 0xcb, 0x0, 0x0, 0x0, 0x0, 0x6b,
    0x70, 0x0, 0x0, 0x0, 0x0, 0x2, 0xff, 0x0,
    0x0, 0x0, 0x0, 0xdf, 0xb0, 0x0, 0x0, 0x0,
    0x0, 0x4, 0xfc, 0x0, 0x0, 0x0, 0x5, 0xff,
    0x30, 0x0, 0x0, 0x0, 0x0, 0x6, 0xfa, 0x0,
    0x0, 0x0, 0xd, 0xfa, 0x0, 0x14, 0x0, 0x0,
    0x1, 0x19, 0xf9, 0x12, 0x10, 0x0, 0x6f, 0xf2,
    0x1, 0xff, 0x30, 0x0, 0xe, 0xff, 0xff, 0xff,
    0xf5, 0x1, 0xef, 0x60, 0x0, 0x7f, 0xd0, 0x0,
    0xe, 0xff, 0xff, 0xff, 0xf4, 0x9, 0xfc, 0x0,
    0x0, 0xc, 0xfa, 0x0, 0x0, 0x2f, 0xe0, 0xd,
    0xf2, 0x6f, 0xf6, 0x56, 0x78, 0x8b, 0xff, 0x30,
    0x0, 0x5f, 0xa0, 0xf, 0xf4, 0xff, 0xff, 0xff,
    0xff, 0xff, 0xff, 0xc0, 0x0, 0x9f, 0x70, 0x2f,
    0xe0, 0xef, 0xfe, 0xcb, 0xa8, 0x76, 0x5f, 0xf4,
    0x0, 0xdf, 0x30, 0x4f, 0xc0, 0x32, 0x0, 0x0,
    0x0, 0x0, 0x8, 0x70, 0x2, 0xfe, 0x0, 0x9f,
    0x80, 0x0, 0x0, 0x0, 0x0, 0x0, 0x0, 0x0,
    0x6, 0xff, 0x60, 0xdf, 0x50, 0xe, 0xee, 0xee,
    0xee, 0xee, 0xed, 0x0, 0x0, 0xaf, 0xfa, 0xff,
    0x10, 0xf, 0xff, 0xff, 0xff, 0xff, 0xfe, 0x0,
    0x0, 0x7, 0xff, 0xfb, 0x0, 0xf, 0xf0, 0x0,
    0x0, 0x3, 0xfe, 0x0, 0x0, 0x0, 0x5f, 0xfc,
    0x0, 0xf, 0xf0, 0x0, 0x0, 0x2, 0xfe, 0x0,
    0x0, 0x0, 0x8f, 0xff, 0xc0, 0xf, 0xf0, 0x0,
    0x0, 0x2, 0xfe, 0x0, 0x0, 0x3, 0xff, 0x9f,
    0xf9, 0xf, 0xf0, 0x0, 0x0, 0x2, 0xfe, 0x0,
    0x0, 0x2d, 0xfb, 0x6, 0xf4, 0xf, 0xf0, 0x0,
    0x0, 0x3, 0xfe, 0x0, 0x4, 0xef, 0xe1, 0x0,
    0x40, 0xf, 0xff, 0xff, 0xff, 0xff, 0xfe, 0x0,
    0xb, 0xfe, 0x30, 0x0, 0x0, 0xf, 0xfe, 0xee,
    0xee, 0xee, 0xfe, 0x0, 0x1, 0xb1, 0x0, 0x0,
    0x0, 0xf, 0xf0, 0x0, 0x0, 0x2, 0xfe, 0x0,

    /* U+5B89 "安" */
    0x0, 0x0, 0x0, 0x0, 0x8, 0xc7, 0x0, 0x0,
    0x0, 0x0, 0x0, 0x0, 0x0, 0x0, 0x0, 0xa,
    0xfe, 0x0, 0x0, 0x0, 0x0, 0x0, 0x2, 0x33,
    0x33, 0x33, 0x36, 0xff, 0x93, 0x33, 0x33, 0x33,
    0x30, 0x9, 0xff, 0xff, 0xff, 0xff, 0xff, 0xff,
    0xff, 0xff, 0xff, 0xf1, 0x9, 0xff, 0xdd, 0xdd,
    0xdd, 0xdd, 0xdd, 0xdd, 0xdd, 0xef, 0xf1, 0x9,
    0xfa, 0x0, 0x0, 0x4, 0x10, 0x0, 0x0, 0x0,
    0x4f, 0xf1, 0x9, 0xfa, 0x0, 0x0, 0x5f, 0xf5,
    0x0, 0x0, 0x0, 0x4f, 0xf1, 0x7, 0xc8, 0x0,
    0x0, 0xdf, 0xd0, 0x0, 0x0, 0x0, 0x3c, 0xc0,
    0x0, 0x0, 0x0, 0x5, 0xff, 0x50, 0x0, 0x0,
    0x0, 0x0, 0x0, 0x2f, 0xff, 0xff, 0xff, 0xff,
    0xff, 0xff, 0xff, 0xff, 0xff, 0xfa, 0x2f, 0xff,
    0xff, 0xff, 0xff, 0xff, 0xff, 0xff, 0xff, 0xff,
    0xfa, 0x2, 0x22, 0x24, 0xff, 0xa2, 0x22, 0x22,
    0xaf, 0xf3, 0x22, 0x21, 0x0, 0x0, 0xc, 0xfe,
    0x10, 0x0, 0x1, 0xff, 0x80, 0x0, 0x0, 0x0,
    0x0, 0x7f, 0xf8, 0x0, 0x0, 0xa, 0xff, 0x10,
    0x0, 0x0, 0x0, 0x1, 0xef, 0xff, 0xd7, 0x10,
    0x7f, 0xf6, 0x0, 0x0, 0x0, 0x0, 0x0, 0x5,
    0xbf, 0xff, 0xfc, 0xff, 0xa0, 0x0, 0x0, 0x0,
    0x0, 0x0, 0x0, 0x1, 0x7d, 0xff, 0xff, 0x81,
    0x0, 0x0, 0x0, 0x0, 0x0, 0x0, 0x1, 0x8e,
    0xff, 0xff, 0xff, 0x92, 0x0, 0x0, 0x0, 0x0,
    0x4, 0xaf, 0xff, 0xe5, 0x29, 0xff, 0xff, 0xa2,
    0x0, 0x5, 0x9d, 0xff, 0xff, 0xe7, 0x0, 0x0,
    0x18, 0xff, 0xff, 0x90, 0x5, 0xff, 0xfe, 0xa5,
    0x0, 0x0, 0x0, 0x0, 0x19, 0xff, 0xa0, 0x0,
    0x97, 0x30, 0x0, 0x0, 0x0, 0x0, 0x0, 0x0,
    0x28, 0x0,

    /* U+5B8C "完" */
    0x0, 0x0, 0x0, 0x0, 0x0, 0x0, 0x0, 0x0,
    0x0, 0x0, 0x0, 0x0, 0x0, 0x0, 0x0, 0x0,
    0x1b, 0xf5, 0x0, 0x0, 0x0, 0x0, 0x0, 0x0,
    0x0, 0x0, 0x0, 0x0, 0xcf, 0xc0, 0x0, 0x0,
    0x0, 0x0, 0x0, 0x14, 0x44, 0x44, 0x44, 0x49,
    0xff, 0x74, 0x44, 0x44, 0x44, 0x30, 0x3, 0xff,
    0xff, 0xff, 0xff, 0xff, 0xff, 0xff, 0xff, 0xff,
    0xfb, 0x0, 0x3f, 0xfd, 0xdd, 0xdd, 0xdd, 0xdd,
    0xdd, 0xdd, 0xdd, 0xef, 0xb0, 0x3, 0xff, 0x0,
    0x0, 0x0, 0x0, 0x0, 0x0, 0x0, 0x8, 0xfb,
    0x0, 0x3f, 0xf0, 0x1, 0x11, 0x11, 0x11, 0x11,
    0x11, 0x10, 0x8f, 0xb0, 0x3, 0xff, 0x9, 0xff,
    0xff, 0xff, 0xff, 0xff, 0xff, 0x18, 0xfb, 0x0,
    0x14, 0x40, 0x9f, 0xff, 0xff, 0xff, 0xff, 0xff,
    0xf1, 0x24, 0x30, 0x0, 0x0, 0x0, 0x0, 0x0,
    0x0, 0x0, 0x0, 0x0, 0x0, 0x0, 0x0, 0x0,
    0x0, 0x0, 0x0, 0x0, 0x0, 0x0, 0x0, 0x0,
    0x0, 0x0, 0xc, 0xff, 0xff, 0xff, 0xff, 0xff,
    0xff, 0xff, 0xff, 0xff, 0xff, 0x50, 0xcf, 0xff,
    0xff, 0xff, 0xff, 0xff, 0xff, 0xff, 0xff, 0xff,
    0xf5, 0x1, 0x11, 0x11, 0x1b, 0xfa, 0x11, 0x19,
    0xfb, 0x11, 0x11, 0x11, 0x0, 0x0, 0x0, 0x0,
    0xcf, 0x70, 0x0, 0x8f, 0xb0, 0x0, 0x0, 0x0,
    0x0, 0x0, 0x0, 0xe, 0xf5, 0x0, 0x8, 0xfb,
    0x0, 0x0, 0x0, 0x0, 0x0, 0x0, 0x3, 0xff,
    0x20, 0x0, 0x8f, 0xb0, 0x0, 0x1, 0x0, 0x0,
    0x0, 0x0, 0xbf, 0xc0, 0x0, 0x8, 0xfb, 0x0,
    0x0, 0x5e, 0x60, 0x0, 0x0, 0x7f, 0xf5, 0x0,
    0x0, 0x8f, 0xb0, 0x0, 0x7, 0xf9, 0x0, 0x4,
    0xbf, 0xfb, 0x0, 0x0, 0x8, 0xfd, 0x10, 0x0,
    0xbf, 0x70, 0x9e, 0xff, 0xf9, 0x0, 0x0, 0x0,
    0x5f, 0xff, 0xff, 0xff, 0xf2, 0x6, 0xff, 0xa3,
    0x0, 0x0, 0x0, 0x0, 0x9e, 0xff, 0xff, 0xe7,
    0x0, 0x4, 0x0, 0x0, 0x0, 0x0, 0x0, 0x0,
    0x0, 0x0, 0x0, 0x0,

    /* U+5B9A "定" */
    0x0, 0x0, 0x0, 0x0, 0x0, 0x0, 0x0, 0x0,
    0x0, 0x0, 0x0, 0x0, 0x0, 0x0, 0x0, 0x0,
    0x6, 0xdb, 0x0, 0x0, 0x0, 0x0, 0x0, 0x0,
    0x0, 0x0, 0x0, 0x0, 0x5f, 0xf2, 0x0, 0x0,
    0x0, 0x0, 0x0, 0x4, 0x44, 0x44, 0x44, 0x45,
    0xff, 0xb4, 0x44, 0x44, 0x44, 0x40, 0x0, 0xff,
    0xff, 0xff, 0xff, 0xff, 0xff, 0xff, 0xff, 0xff,
    0xff, 0x0, 0xf, 0xfd, 0xcc, 0xcc, 0xcc, 0xcc,
    0xcc, 0xcc, 0xcc, 0xdf, 0xf0, 0x0, 0xff, 0x20,
    0x0, 0x0, 0x0, 0x0, 0x0, 0x0, 0x3, 0xff,
    0x0, 0xf, 0xf2, 0x0, 0x0, 0x0, 0x0, 0x0,
    0x0, 0x0, 0x3f, 0xf0, 0x0, 0xff, 0x29, 0xff,
    0xff, 0xff, 0xff, 0xff, 0xff, 0xe3, 0xff, 0x0,
    0x2, 0x20, 0x9f, 0xff, 0xff, 0xff, 0xff, 0xff,
    0xfe, 0x2, 0x20, 0x0, 0x0, 0x1, 0x22, 0x22,
    0x3f, 0xf5, 0x22, 0x22, 0x20, 0x0, 0x0, 0x0,
    0x0, 0x0, 0x0, 0x0, 0xff, 0x30, 0x0, 0x0,
    0x0, 0x0, 0x0, 0x0, 0xb, 0xf7, 0x0, 0xf,
    0xf3, 0x0, 0x0, 0x0, 0x0, 0x0, 0x0, 0x0,
    0xef, 0x50, 0x0, 0xff, 0x51, 0x11, 0x11, 0x10,
    0x0, 0x0, 0x0, 0x1f, 0xf3, 0x0, 0xf, 0xff,
    0xff, 0xff, 0xff, 0x0, 0x0, 0x0, 0x5, 0xff,
    0x20, 0x0, 0xff, 0xff, 0xff, 0xff, 0xf0, 0x0,
    0x0, 0x0, 0xaf, 0xf9, 0x0, 0xf, 0xf3, 0x0,
    0x0, 0x0, 0x0, 0x0, 0x0, 0xe, 0xff, 0xf3,
    0x0, 0xff, 0x30, 0x0, 0x0, 0x0, 0x0, 0x0,
    0x7, 0xff, 0xaf, 0xe2, 0xf, 0xf3, 0x0, 0x0,
    0x0, 0x0, 0x0, 0x1, 0xef, 0x80, 0xdf, 0xe7,
    0xff, 0x30, 0x0, 0x0, 0x0, 0x0, 0x0, 0xbf,
    0xf1, 0x2, 0xdf, 0xff, 0xf9, 0x65, 0x33, 0x33,
    0x33, 0x30, 0xaf, 0xf5, 0x0, 0x0, 0x8f, 0xff,
    0xff, 0xff, 0xff, 0xff, 0xfa, 0x6, 0xf7, 0x0,
    0x0, 0x0, 0x16, 0xad, 0xef, 0xff, 0xff, 0xff,
    0x40, 0x2, 0x0, 0x0, 0x0, 0x0, 0x0, 0x0,
    0x0, 0x0, 0x0, 0x0,

    /* U+5B9E "实" */
    0x0, 0x0, 0x0, 0x0, 0x0, 0x45, 0x0, 0x0,
    0x0, 0x0, 0x0, 0x0, 0x0, 0x0, 0x0, 0x8,
    0xff, 0x10, 0x0, 0x0, 0x0, 0x0, 0x0, 0x0,
    0x0, 0x0, 0x1, 0xff, 0x90, 0x0, 0x0, 0x0,
    0x0, 0x9, 0xdd, 0xdd, 0xdd, 0xdd, 0xff, 0xfd,
    0xdd, 0xdd, 0xdd, 0xd1, 0xb, 0xff, 0xff, 0xff,
    0xff, 0xff, 0xff, 0xff, 0xff, 0xff, 0xf1, 0xb,
    0xf9, 0x33, 0x33, 0x33, 0x33, 0x33, 0x33, 0x33,
    0x6f, 0xf1, 0xb, 0xf7, 0x0, 0x40, 0x0, 0x3,
    0x31, 0x0, 0x0, 0x3f, 0xf1, 0xb, 0xf7, 0xc,
    0xfb, 0x20, 0xf, 0xf4, 0x0, 0x0, 0x3f, 0xf1,
    0x2, 0x31, 0x3, 0xdf, 0xf4, 0x1f, 0xf3, 0x0,
    0x0, 0x3, 0x30, 0x0, 0x0, 0x0, 0xa, 0xf4,
    0x2f, 0xf3, 0x0, 0x0, 0x0, 0x0, 0x0, 0xb,
    0xb2, 0x0, 0x20, 0x3f, 0xf2, 0x0, 0x0, 0x0,
    0x0, 0x0, 0x3f, 0xff, 0x50, 0x0, 0x4f, 0xf0,
    0x0, 0x0, 0x0, 0x0, 0x0, 0x2, 0xcf, 0xf4,
    0x0, 0x7f, 0xd0, 0x0, 0x0, 0x0, 0x0, 0x0,
    0x0, 0xb, 0xb0, 0x0, 0xaf, 0xb0, 0x0, 0x0,
    0x0, 0x0, 0x2, 0x22, 0x22, 0x32, 0x22, 0xdf,
    0x92, 0x22, 0x22, 0x22, 0x21, 0x1f, 0xff, 0xff,
    0xff, 0xff, 0xff, 0xff, 0xff, 0xff, 0xff, 0xf8,
    0xb, 0xbb, 0xbb, 0xbb, 0xcf, 0xfe, 0xbb, 0xbb,
    0xbb, 0xbb, 0xb6, 0x0, 0x0, 0x0, 0x0, 0x8f,
    0xf4, 0x17, 0x10, 0x0, 0x0, 0x0, 0x0, 0x0,
    0x0, 0x8, 0xff, 0xa0, 0xbf, 0xfa, 0x40, 0x0,
    0x0, 0x0, 0x0, 0x5, 0xdf, 0xfa, 0x0, 0x3a,
    0xff, 0xfd, 0x60, 0x0, 0x0, 0x38, 0xdf, 0xff,
    0x80, 0x0, 0x0, 0x17, 0xef, 0xfe, 0x50, 0x8,
    0xff, 0xff, 0xa2, 0x0, 0x0, 0x0, 0x0, 0x6,
    0xef, 0xf3, 0x0, 0xdb, 0x61, 0x0, 0x0, 0x0,
    0x0, 0x0, 0x0, 0x19, 0x70, 0x0, 0x0, 0x0,
    0x0, 0x0, 0x0, 0x0, 0x0, 0x0, 0x0, 0x0,

    /* U+5BB9 "容" */
    0x0, 0x0, 0x0, 0x0, 0x0, 0x1, 0x20, 0x0,
    0x0, 0x0, 0x0, 0x0, 0x0, 0x0, 0x0, 0x0,
    0x0, 0xaf, 0xe0, 0x0, 0x0, 0x0, 0x0, 0x0,
    0x0, 0x0, 0x0, 0x0, 0x0, 0x4f, 0xf7, 0x0,
    0x0, 0x0, 0x0, 0x0, 0x0, 0xff, 0xff, 0xff,
    0xff, 0xff, 0xff, 0xff, 0xff, 0xff, 0xff, 0x20,
    0x0, 0xff, 0xff, 0xff, 0xff, 0xff, 0xff, 0xff,
    0xff, 0xff, 0xff, 0x20, 0x0, 0xff, 0x20, 0x0,
    0x0, 0x0, 0x0, 0x0, 0x0, 0x1, 0xff, 0x20,
    0x0, 0xff, 0x20, 0xc, 0xe7, 0x0, 0x0, 0x6e,
    0x60, 0x1, 0xff, 0x20, 0x0, 0x99, 0x10, 0xbf,
    0xe2, 0x0, 0x0, 0x9f, 0xfc, 0x21, 0x99, 0x10,
    0x0, 0x0, 0x3d, 0xff, 0x30, 0xa, 0xb3, 0x4,
    0xef, 0xf5, 0x0, 0x0, 0x0, 0x9, 0xff, 0xe3,
    0x0, 0x7f, 0xf7, 0x0, 0x1b, 0xff, 0x90, 0x0,
    0x0, 0x6f, 0xfc, 0x10, 0x4, 0xff, 0xff, 0x60,
    0x0, 0x8f, 0xf4, 0x0, 0x0, 0x7, 0x70, 0x0,
    0x6f, 0xf8, 0x6f, 0xf7, 0x0, 0x6, 0x50, 0x0,
    0x0, 0x0, 0x0, 0x8, 0xff, 0x80, 0x5, 0xff,
    0xc2, 0x0, 0x0, 0x0, 0x0, 0x0, 0x3, 0xdf,
    0xf6, 0x0, 0x0, 0x4e, 0xff, 0x81, 0x0, 0x0,
    0x0, 0x1, 0x9f, 0xfe, 0x40, 0x0, 0x0, 0x2,
    0xbf, 0xff, 0x91, 0x0, 0x3, 0xaf, 0xff, 0xff,
    0xff, 0xff, 0xff, 0xff, 0xff, 0xff, 0xff, 0x90,
    0xa, 0xff, 0xbf, 0xff, 0xee, 0xee, 0xee, 0xee,
    0xff, 0xe7, 0xef, 0x60, 0x0, 0x93, 0xe, 0xf4,
    0x0, 0x0, 0x0, 0x0, 0x5f, 0xe0, 0x5, 0x0,
    0x0, 0x0, 0xe, 0xf4, 0x0, 0x0, 0x0, 0x0,
    0x5f, 0xe0, 0x0, 0x0, 0x0, 0x0, 0xe, 0xf4,
    0x0, 0x0, 0x0, 0x0, 0x5f, 0xe0, 0x0, 0x0,
    0x0, 0x0, 0xe, 0xff, 0xee, 0xee, 0xee, 0xee,
    0xff, 0xe0, 0x0, 0x0, 0x0, 0x0, 0xe, 0xff,
    0xff, 0xff, 0xff, 0xff, 0xff, 0xe0, 0x0, 0x0,
    0x0, 0x0, 0xe, 0xf4, 0x0, 0x0, 0x0, 0x0,
    0x5e, 0xd0, 0x0, 0x0,

    /* U+5BC6 "密" */
    0x0, 0x0, 0x0, 0x0, 0x0, 0x1, 0x20, 0x0,
    0x0, 0x0, 0x0, 0x0, 0x0, 0x0, 0x0, 0x0,
    0x7, 0xfc, 0x0, 0x0, 0x0, 0x0, 0x0, 0x0,
    0x0, 0x0, 0x0, 0x0, 0x3f, 0xf2, 0x0, 0x0,
    0x0, 0x0, 0x0, 0x1f, 0xff, 0xff, 0xff, 0xff,
    0xff, 0xff, 0xff, 0xff, 0xff, 0xf2, 0x1, 0xff,
    0xfe, 0xee, 0xee, 0xee, 0xee, 0xee, 0xee, 0xef,
    0xff, 0x20, 0x1f, 0xf1, 0x0, 0x2, 0xd6, 0x0,
    0x0, 0x0, 0x0, 0x2f, 0xf2, 0x1, 0xff, 0x10,
    0x0, 0x5e, 0xfe, 0x60, 0x6, 0xf8, 0x2, 0xff,
    0x20, 0x1b, 0xb2, 0x0, 0x66, 0x17, 0xff, 0x47,
    0xff, 0x50, 0x1b, 0xb1, 0x0, 0x3, 0xf9, 0xe,
    0xf1, 0x2, 0x8a, 0xff, 0x42, 0xc8, 0x0, 0x0,
    0x0, 0xcf, 0x70, 0xef, 0x10, 0x7f, 0xfe, 0x20,
    0x2e, 0xfa, 0x0, 0x0, 0xaf, 0xd0, 0xe, 0xf6,
    0xdf, 0xf8, 0x0, 0x5a, 0x5e, 0xfa, 0x0, 0x7f,
    0xe2, 0x1, 0xff, 0xff, 0xb2, 0x0, 0x9, 0xf5,
    0x2e, 0xf8, 0x0, 0x75, 0x6b, 0xff, 0xff, 0xea,
    0xaa, 0xab, 0xff, 0x10, 0x3d, 0x30, 0x7c, 0xff,
    0xff, 0xbd, 0xff, 0xff, 0xff, 0xff, 0x70, 0x0,
    0x0, 0x8, 0xff, 0xf9, 0x20, 0x0, 0x12, 0x21,
    0x10, 0x0, 0x0, 0x0, 0x0, 0xc, 0x60, 0x0,
    0x0, 0x2, 0xff, 0x10, 0x0, 0x0, 0x0, 0x0,
    0x0, 0x1, 0x99, 0x0, 0x0, 0x2f, 0xf1, 0x0,
    0x0, 0xde, 0x40, 0x0, 0x0, 0x2f, 0xf0, 0x0,
    0x2, 0xff, 0x10, 0x0, 0xe, 0xf4, 0x0, 0x0,
    0x2, 0xff, 0x0, 0x0, 0x2f, 0xf1, 0x0, 0x0,
    0xef, 0x40, 0x0, 0x0, 0x2f, 0xf0, 0x0, 0x3,
    0xff, 0x10, 0x0, 0xe, 0xf4, 0x0, 0x0, 0x2,
    0xff, 0xff, 0xff, 0xff, 0xff, 0xff, 0xff, 0xff,
    0x40, 0x0, 0x0, 0x2f, 0xff, 0xff, 0xff, 0xff,
    0xff, 0xff, 0xff, 0xf4, 0x0, 0x0, 0x0, 0x11,
    0x11, 0x11, 0x11, 0x11, 0x11, 0x11, 0xef, 0x40,
    0x0,

    /* U+5BDF "察" */
    0x0, 0x0, 0x0, 0x0, 0x0, 0x0, 0x0, 0x0,
    0x0, 0x0, 0x0, 0x0, 0x0, 0x0, 0x0, 0x0,
    0x6d, 0xa0, 0x0, 0x0, 0x0, 0x0, 0x0, 0x0,
    0x0, 0x0, 0x0, 0x5, 0xff, 0x30, 0x0, 0x0,
    0x0, 0x0, 0x3, 0xff, 0xff, 0xff, 0xff, 0xff,
    0xff, 0xff, 0xff, 0xff, 0xff, 0x40, 0x3f, 0xfc,
    0xcc, 0xcc, 0xcc, 0xcc, 0xcc, 0xcc, 0xcc, 0xcf,
    0xf4, 0x3, 0xfe, 0x0, 0xbb, 0x10, 0x3, 0xb5,
    0x0, 0x0, 0x0, 0xef, 0x40, 0x2c, 0xb0, 0x7f,
    0xea, 0xaa, 0x5f, 0xeb, 0xbb, 0xbb, 0xbe, 0xc3,
    0x0, 0x0, 0x6f, 0xed, 0xde, 0xfc, 0x9f, 0xff,
    0xff, 0xff, 0xf2, 0x0, 0x0, 0x9f, 0xd3, 0x0,
    0xdf, 0x42, 0xff, 0x30, 0x1d, 0xf9, 0x0, 0x4,
    0xdf, 0xd3, 0xec, 0xaf, 0xc0, 0x8, 0xfe, 0x1a,
    0xfd, 0x0, 0x0, 0x4f, 0x94, 0x5, 0xff, 0xe1,
    0x0, 0xc, 0xfe, 0xff, 0x20, 0x0, 0x0, 0x24,
    0xfb, 0x5f, 0xf4, 0x0, 0x0, 0x2e, 0xff, 0x70,
    0x0, 0x0, 0x0, 0x7, 0xff, 0xff, 0xff, 0xff,
    0xff, 0xfd, 0xff, 0xb2, 0x0, 0x0, 0x5, 0xdf,
    0xd3, 0xcc, 0xcc, 0xcc, 0xcc, 0x17, 0xff, 0xfd,
    0x80, 0x7e, 0xff, 0x80, 0x0, 0x0, 0x0, 0x0,
    0x0, 0x1, 0x7d, 0xf8, 0x3, 0xe8, 0xed, 0xdd,
    0xdd, 0xdd, 0xdd, 0xdd, 0xdd, 0xdd, 0x22, 0x0,
    0x0, 0xe, 0xff, 0xff, 0xff, 0xff, 0xff, 0xff,
    0xff, 0xf2, 0x0, 0x0, 0x0, 0x0, 0x45, 0x10,
    0xe, 0xf4, 0x1, 0x71, 0x0, 0x0, 0x0, 0x0,
    0x0, 0x4f, 0xf7, 0x0, 0xef, 0x40, 0xaf, 0xe7,
    0x0, 0x0, 0x0, 0x0, 0x8f, 0xf9, 0x0, 0xe,
    0xf4, 0x2, 0xbf, 0xfd, 0x40, 0x0, 0x6, 0xef,
    0xf7, 0x0, 0x0, 0xef, 0x40, 0x0, 0x5e, 0xff,
    0x90, 0x2, 0xef, 0xc3, 0x0, 0xcd, 0xdf, 0xf2,
    0x0, 0x0, 0xa, 0xfd, 0x20, 0x2, 0x70, 0x0,
    0x9, 0xff, 0xd7, 0x0, 0x0, 0x0, 0x5, 0x10,
    0x0,

    /* U+5BFC "导" */
    0x0, 0x1, 0x11, 0x11, 0x11, 0x11, 0x11, 0x11,
    0x11, 0x10, 0x0, 0x0, 0x9f, 0xff, 0xff, 0xff,
    0xff, 0xff, 0xff, 0xff, 0xf0, 0x0, 0x0, 0x9f,
    0xfd, 0xdd, 0xdd, 0xdd, 0xdd, 0xdd, 0xef, 0xf0,
    0x0, 0x0, 0x9f, 0xb0, 0x0, 0x0, 0x0, 0x0,
    0x0, 0x3f, 0xf0, 0x0, 0x0, 0x9f, 0xc0, 0x0,
    0x0, 0x0, 0x0, 0x0, 0x4f, 0xf0, 0x0, 0x0,
    0x9f, 0xff, 0xff, 0xff, 0xff, 0xff, 0xff, 0xff,
    0xf0, 0x0, 0x0, 0x9f, 0xfd, 0xdd, 0xdd, 0xdd,
    0xdd, 0xdd, 0xdd, 0xc0, 0x0, 0x0, 0x9f, 0xb0,
    0x0, 0x0, 0x0, 0x0, 0x0, 0x0, 0xa, 0x71,
    0x0, 0x7f, 0xe4, 0x10, 0x0, 0x0, 0x0, 0x0,
    0x1, 0x6f, 0xf2, 0x0, 0x2e, 0xff, 0xff, 0xff,
    0xff, 0xff, 0xff, 0xff, 0xff, 0xb0, 0x0, 0x1,
    0x6a, 0xbb, 0xbb, 0xbb, 0xbb, 0xbb, 0xbb, 0xa6,
    0x0, 0x0, 0x0, 0x0, 0x0, 0x0, 0x0, 0x0,
    0x6b, 0x80, 0x0, 0x0, 0x1, 0x11, 0x11, 0x11,
    0x11, 0x11, 0x11, 0xaf, 0xb1, 0x11, 0x11, 0x4f,
    0xff, 0xff, 0xff, 0xff, 0xff, 0xff, 0xff, 0xff,
    0xff, 0xfc, 0x4f, 0xff, 0xff, 0xff, 0xff, 0xff,
    0xff, 0xff, 0xff, 0xff, 0xfb, 0x0, 0x0, 0x6f,
    0xb0, 0x0, 0x0, 0x0, 0x9f, 0xb0, 0x0, 0x0,
    0x0, 0x0, 0x4f, 0xfc, 0x10, 0x0, 0x0, 0x9f,
    0xb0, 0x0, 0x0, 0x0, 0x0, 0x4, 0xff, 0xb0,
    0x0, 0x0, 0x9f, 0xb0, 0x0, 0x0, 0x0, 0x0,
    0x0, 0x3f, 0xf7, 0x0, 0x0, 0x9f, 0xb0, 0x0,
    0x0, 0x0, 0x0, 0x0, 0x6, 0xb0, 0x0, 0x0,
    0xaf, 0xb0, 0x0, 0x0, 0x0, 0x0, 0x0, 0x0,
    0x0, 0xdf, 0xff, 0xff, 0x80, 0x0, 0x0, 0x0,
    0x0, 0x0, 0x0, 0x0, 0x8f, 0xff, 0xd9, 0x0,
    0x0, 0x0,

    /* U+5C01 "封" */
    0x0, 0x0, 0x5, 0xec, 0x0, 0x0, 0x0, 0x0,
    0x0, 0x3a, 0xa0, 0x0, 0x0, 0x0, 0x5, 0xfd,
    0x0, 0x0, 0x0, 0x0, 0x0, 0x4f, 0xe0, 0x0,
    0x0, 0x0, 0x6, 0xfd, 0x0, 0x0, 0x0, 0x0,
    0x0, 0x4f, 0xe0, 0x0, 0x1, 0xff, 0xff, 0xff,
    0xff, 0xf8, 0x0, 0x0, 0x0, 0x4f, 0xe0, 0x0,
    0x1, 0xff, 0xff, 0xff, 0xff, 0xf8, 0x0, 0x0,
    0x0, 0x4f, 0xe0, 0x0, 0x0, 0x0, 0x5, 0xfd,
    0x0, 0x0, 0x58, 0x88, 0x88, 0xaf, 0xf8, 0x81,
    0x0, 0x0, 0x5, 0xfd, 0x0, 0x0, 0x9f, 0xff,
    0xff, 0xff, 0xff, 0xf2, 0x1, 0x11, 0x16, 0xfd,
    0x11, 0x11, 0x6a, 0xaa, 0xaa, 0xcf, 0xfa, 0xa1,
    0xc, 0xff, 0xff, 0xff, 0xff, 0xff, 0x0, 0x0,
    0x0, 0x4f, 0xe0, 0x0, 0xc, 0xff, 0xff, 0xff,
    0xff, 0xff, 0x0, 0x30, 0x0, 0x4f, 0xe0, 0x0,
    0x0, 0x0, 0x2, 0x76, 0x0, 0x0, 0xb, 0xf6,
    0x0, 0x4f, 0xe0, 0x0, 0x0, 0x0, 0x5, 0xfd,
    0x0, 0x0, 0x6, 0xfe, 0x0, 0x4f, 0xe0, 0x0,
    0x0, 0x0, 0x6, 0xfd, 0x0, 0x0, 0x0, 0xef,
    0x50, 0x4f, 0xe0, 0x0, 0x4, 0xff, 0xff, 0xff,
    0xff, 0xfc, 0x0, 0x8f, 0xc0, 0x4f, 0xe0, 0x0,
    0x4, 0xff, 0xff, 0xff, 0xff, 0xfb, 0x0, 0x2f,
    0xf3, 0x4f, 0xe0, 0x0, 0x0, 0x0, 0x5, 0xfd,
    0x0, 0x0, 0x0, 0x8, 0x40, 0x4f, 0xe0, 0x0,
    0x0, 0x0, 0x5, 0xfd, 0x0, 0x0, 0x0, 0x0,
    0x0, 0x4f, 0xe0, 0x0, 0x0, 0x0, 0x5, 0xfd,
    0x24, 0x69, 0x40, 0x0, 0x0, 0x4f, 0xe0, 0x0,
    0x2, 0x57, 0x9c, 0xff, 0xff, 0xff, 0x60, 0x0,
    0x0, 0x4f, 0xe0, 0x0, 0xf, 0xff, 0xff, 0xff,
    0xfc, 0xa7, 0x20, 0x2, 0x22, 0x7f, 0xe0, 0x0,
    0xd, 0xeb, 0x97, 0x42, 0x0, 0x0, 0x0, 0xd,
    0xff, 0xff, 0xa0, 0x0, 0x0, 0x0, 0x0, 0x0,
    0x0, 0x0, 0x0, 0x7, 0xff, 0xd9, 0x10, 0x0,

    /* U+5C0F "小" */
    0x0, 0x0, 0x0, 0x0, 0x0, 0x1a, 0xa3, 0x0,
    0x0, 0x0, 0x0, 0x0, 0x0, 0x0, 0x0, 0x0,
    0x0, 0x1f, 0xf4, 0x0, 0x0, 0x0, 0x0, 0x0,
    0x0, 0x0, 0x0, 0x0, 0x0, 0x1f, 0xf4, 0x0,
    0x0, 0x0, 0x0, 0x0, 0x0, 0x0, 0x0, 0x0,
    0x0, 0x1f, 0xf4, 0x0, 0x0, 0x0, 0x0, 0x0,
    0x0, 0x0, 0x0, 0x0, 0x0, 0x1f, 0xf4, 0x0,
    0x0, 0x0, 0x0, 0x0, 0x0, 0x0, 0x0, 0x0,
    0x0, 0x1f, 0xf4, 0x0, 0x0, 0x30, 0x0, 0x0,
    0x0, 0x0, 0x7f, 0xd0, 0x0, 0x1f, 0xf4, 0x0,
    0x2e, 0xf3, 0x0, 0x0, 0x0, 0x0, 0xbf, 0xd0,
    0x0, 0x1f, 0xf4, 0x0, 0xd, 0xfb, 0x0, 0x0,
    0x0, 0x0, 0xef, 0x80, 0x0, 0x1f, 0xf4, 0x0,
    0x6, 0xff, 0x40, 0x0, 0x0, 0x4, 0xff, 0x30,
    0x0, 0x1f, 0xf4, 0x0, 0x0, 0xef, 0xc0, 0x0,
    0x0, 0x9, 0xfe, 0x0, 0x0, 0x1f, 0xf4, 0x0,
    0x0, 0x6f, 0xf4, 0x0, 0x0, 0xe, 0xfa, 0x0,
    0x0, 0x1f, 0xf4, 0x0, 0x0, 0xe, 0xfc, 0x0,
    0x0, 0x6f, 0xf4, 0x0, 0x0, 0x1f, 0xf4, 0x0,
    0x0, 0x8, 0xff, 0x20, 0x0, 0xdf, 0xd0, 0x0,
    0x0, 0x1f, 0xf4, 0x0, 0x0, 0x2, 0xff, 0x80,
    0x7, 0xff, 0x50, 0x0, 0x0, 0x1f, 0xf4, 0x0,
    0x0, 0x0, 0xcf, 0xe0, 0xd, 0xfc, 0x0, 0x0,
    0x0, 0x1f, 0xf4, 0x0, 0x0, 0x0, 0x7f, 0xf2,
    0x0, 0x82, 0x0, 0x0, 0x0, 0x1f, 0xf4, 0x0,
    0x0, 0x0, 0x3f, 0x91, 0x0, 0x0, 0x0, 0x0,
    0x0, 0x1f, 0xf4, 0x0, 0x0, 0x0, 0x0, 0x0,
    0x0, 0x0, 0x0, 0x0, 0x0, 0x1f, 0xf4, 0x0,
    0x0, 0x0, 0x0, 0x0, 0x0, 0x0, 0x0, 0x34,
    0x44, 0x7f, 0xf4, 0x0, 0x0, 0x0, 0x0, 0x0,
    0x0, 0x0, 0x0, 0x5f, 0xff, 0xff, 0xf1, 0x0,
    0x0, 0x0, 0x0, 0x0, 0x0, 0x0, 0x0, 0xf,
    0xff, 0xda, 0x30, 0x0, 0x0, 0x0, 0x0, 0x0,
    0x0, 0x0, 0x0, 0x0, 0x0, 0x0, 0x0, 0x0,
    0x0, 0x0, 0x0, 0x0,

    /* U+5C3D "尽" */
    0x0, 0x0, 0x11, 0x11, 0x11, 0x11, 0x11, 0x11,
    0x11, 0x11, 0x0, 0x0, 0x0, 0xe, 0xff, 0xff,
    0xff, 0xff, 0xff, 0xff, 0xff, 0xf5, 0x0, 0x0,
    0x0, 0xef, 0xff, 0xff, 0xff, 0xff, 0xff, 0xff,
    0xff, 0x50, 0x0, 0x0, 0xe, 0xf6, 0x0, 0x0,
    0x0, 0x0, 0x0, 0xe, 0xf5, 0x0, 0x0, 0x0,
    0xef, 0x60, 0x0, 0x0, 0x0, 0x0, 0x0, 0xef,
    0x50, 0x0, 0x0, 0xe, 0xf6, 0x0, 0x0, 0x0,
    0x0, 0x0, 0xe, 0xf5, 0x0, 0x0, 0x0, 0xff,
    0xff, 0xff, 0xff, 0xff, 0xff, 0xff, 0xff, 0x50,
    0x0, 0x0, 0xf, 0xff, 0xff, 0xff, 0xff, 0xff,
    0xff, 0xff, 0xf5, 0x0, 0x0, 0x2, 0xff, 0x52,
    0x22, 0x22, 0x22, 0x4f, 0xf3, 0x22, 0x0, 0x0,
    0x0, 0x4f, 0xf1, 0x0, 0x0, 0x0, 0x0, 0xcf,
    0x80, 0x0, 0x0, 0x0, 0x7, 0xfe, 0x0, 0x22,
    0x0, 0x0, 0x6, 0xfe, 0x10, 0x0, 0x0, 0x0,
    0xcf, 0xa0, 0xe, 0xfd, 0x83, 0x0, 0xe, 0xfa,
    0x0, 0x0, 0x0, 0x2f, 0xf5, 0x1, 0x9e, 0xff,
    0xfd, 0x60, 0x5f, 0xf5, 0x0, 0x0, 0x8, 0xff,
    0x10, 0x0, 0x4, 0xaf, 0xff, 0x40, 0xbf, 0xf4,
    0x0, 0x3, 0xff, 0x80, 0x0, 0x0, 0x0, 0x18,
    0xa0, 0x1, 0xdf, 0xf5, 0x1, 0xef, 0xf1, 0x0,
    0x0, 0x0, 0x0, 0x0, 0x0, 0x2, 0xef, 0xf9,
    0x1c, 0xf5, 0x0, 0x67, 0x30, 0x0, 0x0, 0x0,
    0x0, 0x2, 0xdf, 0x30, 0x17, 0x0, 0x2f, 0xff,
    0xfb, 0x61, 0x0, 0x0, 0x0, 0x0, 0x40, 0x0,
    0x0, 0x1, 0x6a, 0xff, 0xff, 0xfc, 0x71, 0x0,
    0x0, 0x0, 0x0, 0x0, 0x0, 0x0, 0x0, 0x38,
    0xdf, 0xff, 0xfb, 0x30, 0x0, 0x0, 0x0, 0x0,
    0x0, 0x0, 0x0, 0x0, 0x28, 0xef, 0xf4, 0x0,
    0x0, 0x0, 0x0, 0x0, 0x0, 0x0, 0x0, 0x0,
    0x0, 0x58, 0x0, 0x0, 0x0,

    /* U+5C40 "局" */
    0x0, 0x4, 0xff, 0xff, 0xff, 0xff, 0xff, 0xff,
    0xff, 0xff, 0x40, 0x0, 0x4, 0xff, 0xee, 0xee,
    0xee, 0xee, 0xee, 0xee, 0xff, 0x40, 0x0, 0x4,
    0xfe, 0x0, 0x0, 0x0, 0x0, 0x0, 0x0, 0xef,
    0x40, 0x0, 0x4, 0xfe, 0x0, 0x0, 0x0, 0x0,
    0x0, 0x0, 0xef, 0x40, 0x0, 0x4, 0xff, 0x33,
    0x33, 0x33, 0x33, 0x33, 0x33, 0xff, 0x40, 0x0,
    0x4, 0xff, 0xff, 0xff, 0xff, 0xff, 0xff, 0xff,
    0xff, 0x40, 0x0, 0x4, 0xff, 0xaa, 0xaa, 0xaa,
    0xaa, 0xaa, 0xaa, 0xaa, 0x30, 0x0, 0x5, 0xfe,
    0x0, 0x0, 0x0, 0x0, 0x0, 0x0, 0x0, 0x0,
    0x0, 0x5, 0xff, 0xee, 0xee, 0xee, 0xee, 0xee,
    0xee, 0xee, 0xee, 0x0, 0x6, 0xff, 0xff, 0xff,
    0xff, 0xff, 0xff, 0xff, 0xff, 0xff, 0x0, 0x8,
    0xfa, 0x0, 0x0, 0x0, 0x0, 0x0, 0x0, 0x5,
    0xfe, 0x0, 0xa, 0xf8, 0x0, 0x0, 0x0, 0x0,
    0x0, 0x0, 0x5, 0xfe, 0x0, 0xc, 0xf6, 0x4,
    0xff, 0xff, 0xff, 0xff, 0xe0, 0x6, 0xfd, 0x0,
    0xf, 0xf3, 0x4, 0xff, 0xbb, 0xbb, 0xcf, 0xe0,
    0x7, 0xfc, 0x0, 0x4f, 0xf0, 0x4, 0xfc, 0x0,
    0x0, 0x2f, 0xe0, 0x8, 0xfb, 0x0, 0x8f, 0xb0,
    0x4, 0xfc, 0x0, 0x0, 0x2f, 0xe0, 0x9, 0xfa,
    0x0, 0xef, 0x60, 0x4, 0xff, 0xbb, 0xbb, 0xcf,
    0xe0, 0xb, 0xf9, 0x6, 0xff, 0x10, 0x4, 0xff,
    0xff, 0xff, 0xff, 0xe0, 0xd, 0xf7, 0xe, 0xf9,
    0x0, 0x4, 0xfc, 0x0, 0x0, 0x1, 0x20, 0x4f,
    0xf4, 0x7, 0xf1, 0x0, 0x3, 0xa8, 0x0, 0x0,
    0x2, 0xff, 0xff, 0xf0, 0x0, 0x10, 0x0, 0x0,
    0x0, 0x0, 0x0, 0x0, 0xef, 0xfd, 0x40, 0x0,
    0x0, 0x0, 0x0, 0x0, 0x0, 0x0, 0x0, 0x0,
    0x0, 0x0,

    /* U+5C42 "层" */
    0x0, 0x0, 0x0, 0x0, 0x0, 0x0, 0x0, 0x0,
    0x0, 0x0, 0x0, 0x0, 0x0, 0xef, 0xff, 0xff,
    0xff, 0xff, 0xff, 0xff, 0xff, 0xff, 0x50, 0x0,
    0xe, 0xfe, 0xdd, 0xdd, 0xdd, 0xdd, 0xdd, 0xdd,
    0xdf, 0xf5, 0x0, 0x0, 0xef, 0x50, 0x0, 0x0,
    0x0, 0x0, 0x0, 0x0, 0xef, 0x50, 0x0, 0xe,
    0xf5, 0x0, 0x0, 0x0, 0x0, 0x0, 0x0, 0xe,
    0xf5, 0x0, 0x0, 0xef, 0xed, 0xdd, 0xdd, 0xdd,
    0xdd, 0xdd, 0xdd, 0xff, 0x50, 0x0, 0xe, 0xff,
    0xff, 0xff, 0xff, 0xff, 0xff, 0xff, 0xff, 0xf5,
    0x0, 0x0, 0xef, 0x60, 0x0, 0x0, 0x0, 0x0,
    0x0, 0x0, 0x0, 0x0, 0x0, 0xe, 0xf5, 0x0,
    0x0, 0x0, 0x0, 0x0, 0x0, 0x0, 0x0, 0x0,
    0x0, 0xff, 0x40, 0x8e, 0xee, 0xee, 0xee, 0xee,
    0xee, 0xed, 0x0, 0x0, 0xf, 0xf4, 0x8, 0xff,
    0xff, 0xff, 0xff, 0xff, 0xff, 0xe0, 0x0, 0x0,
    0xff, 0x30, 0x0, 0x0, 0x0, 0x0, 0x0, 0x0,
    0x0, 0x0, 0x0, 0x1f, 0xf2, 0x0, 0x0, 0x0,
    0x0, 0x0, 0x0, 0x0, 0x0, 0x0, 0x3, 0xff,
    0x1e, 0xee, 0xee, 0xee, 0xee, 0xee, 0xee, 0xee,
    0xe7, 0x0, 0x4f, 0xe0, 0xff, 0xff, 0xff, 0xff,
    0xff, 0xff, 0xff, 0xff, 0x80, 0x8, 0xfc, 0x0,
    0x0, 0x3f, 0xfa, 0x0, 0x0, 0x44, 0x0, 0x0,
    0x0, 0xbf, 0x80, 0x0, 0xc, 0xfe, 0x0, 0x0,
    0x6f, 0xe1, 0x0, 0x0, 0xe, 0xf5, 0x0, 0x6,
    0xff, 0x30, 0x0, 0x0, 0xdf, 0xb0, 0x0, 0x5,
    0xff, 0x10, 0x4, 0xff, 0x60, 0x0, 0x12, 0x37,
    0xff, 0x50, 0x0, 0xcf, 0xb0, 0x4, 0xff, 0xfd,
    0xef, 0xff, 0xff, 0xff, 0xfe, 0x10, 0x1f, 0xf4,
    0x0, 0x2f, 0xff, 0xff, 0xed, 0xcb, 0x98, 0x7e,
    0xf9, 0x0, 0x18, 0x0, 0x0, 0x64, 0x21, 0x0,
    0x0, 0x0, 0x0, 0x7c, 0x40, 0x0, 0x0, 0x0,
    0x0, 0x0, 0x0, 0x0, 0x0, 0x0, 0x0, 0x0,
    0x0,

    /* U+5C55 "展" */
    0x0, 0x0, 0x0, 0x0, 0x0, 0x0, 0x0, 0x0,
    0x0, 0x0, 0x0, 0x0, 0x0, 0xcf, 0xff, 0xff,
    0xff, 0xff, 0xff, 0xff, 0xff, 0xff, 0x30, 0x0,
    0xc, 0xff, 0xee, 0xee, 0xee, 0xee, 0xee, 0xee,
    0xef, 0xf3, 0x0, 0x0, 0xcf, 0x60, 0x0, 0x0,
    0x0, 0x0, 0x0, 0x0, 0xff, 0x30, 0x0, 0xc,
    0xf7, 0x0, 0x0, 0x0, 0x0, 0x0, 0x0, 0xf,
    0xf3, 0x0, 0x0, 0xcf, 0xff, 0xff, 0xff, 0xff,
    0xff, 0xff, 0xff, 0xff, 0x30, 0x0, 0xc, 0xfe,
    0xdd, 0xdf, 0xfe, 0xdd, 0xde, 0xff, 0xdd, 0xd3,
    0x0, 0x0, 0xcf, 0x60, 0x0, 0x8f, 0x70, 0x0,
    0x2f, 0xe0, 0x0, 0x0, 0x0, 0xc, 0xf6, 0x0,
    0x9, 0xf8, 0x0, 0x3, 0xfe, 0x0, 0x0, 0x0,
    0x0, 0xdf, 0x6e, 0xff, 0xff, 0xff, 0xff, 0xff,
    0xff, 0xff, 0x90, 0x0, 0xd, 0xf5, 0xcd, 0xde,
    0xfe, 0xdd, 0xdd, 0xff, 0xdd, 0xd8, 0x0, 0x0,
    0xef, 0x50, 0x0, 0x8f, 0x70, 0x0, 0x2f, 0xe0,
    0x0, 0x0, 0x0, 0xf, 0xf3, 0x0, 0x8, 0xf8,
    0x0, 0x3, 0xfe, 0x0, 0x0, 0x0, 0x1, 0xff,
    0x9f, 0xff, 0xff, 0xff, 0xff, 0xff, 0xff, 0xff,
    0xf9, 0x0, 0x3f, 0xf6, 0xdd, 0xff, 0xdd, 0xdf,
    0xfd, 0xdd, 0xde, 0xdd, 0x80, 0x7, 0xfd, 0x0,
    0x1f, 0xf0, 0x0, 0xbf, 0x80, 0x3, 0xdb, 0x10,
    0x0, 0xbf, 0x90, 0x1, 0xff, 0x0, 0x2, 0xff,
    0x58, 0xff, 0x90, 0x0, 0xe, 0xf5, 0x0, 0x1f,
    0xf0, 0x0, 0x7, 0xff, 0xfd, 0x30, 0x0, 0x5,
    0xff, 0x10, 0x3, 0xff, 0x1, 0x48, 0x68, 0xff,
    0xb2, 0x0, 0x0, 0xcf, 0xb0, 0x0, 0xaf, 0xfe,
    0xff, 0xf9, 0x7, 0xff, 0xfa, 0x51, 0x3f, 0xf4,
    0x0, 0x2f, 0xff, 0xfd, 0x95, 0x10, 0x2, 0xbf,
    0xff, 0x70, 0x3a, 0x0, 0x0, 0x89, 0x41, 0x0,
    0x0, 0x0, 0x0, 0x28, 0xa0,

    /* U+5DE5 "工" */
    0x1, 0x55, 0x55, 0x55, 0x55, 0x55, 0x55, 0x55,
    0x55, 0x55, 0x30, 0x4, 0xff, 0xff, 0xff, 0xff,
    0xff, 0xff, 0xff, 0xff, 0xff, 0xa0, 0x4, 0xff,
    0xff, 0xff, 0xff, 0xff, 0xff, 0xff, 0xff, 0xff,
    0xa0, 0x0, 0x0, 0x0, 0x0, 0x2, 0xff, 0x40,
    0x0, 0x0, 0x0, 0x0, 0x0, 0x0, 0x0, 0x0,
    0x2, 0xff, 0x40, 0x0, 0x0, 0x0, 0x0, 0x0,
    0x0, 0x0, 0x0, 0x2, 0xff, 0x40, 0x0, 0x0,
    0x0, 0x0, 0x0, 0x0, 0x0, 0x0, 0x2, 0xff,
    0x40, 0x0, 0x0, 0x0, 0x0, 0x0, 0x0, 0x0,
    0x0, 0x2, 0xff, 0x40, 0x0, 0x0, 0x0, 0x0,
    0x0, 0x0, 0x0, 0x0, 0x2, 0xff, 0x40, 0x0,
    0x0, 0x0, 0x0, 0x0, 0x0, 0x0, 0x0, 0x2,
    0xff, 0x40, 0x0, 0x0, 0x0, 0x0, 0x0, 0x0,
    0x0, 0x0, 0x2, 0xff, 0x40, 0x0, 0x0, 0x0,
    0x0, 0x0, 0x0, 0x0, 0x0, 0x2, 0xff, 0x40,
    0x0, 0x0, 0x0, 0x0, 0x0, 0x0, 0x0, 0x0,
    0x2, 0xff, 0x40, 0x0, 0x0, 0x0, 0x0, 0x0,
    0x0, 0x0, 0x0, 0x2, 0xff, 0x40, 0x0, 0x0,
    0x0, 0x0, 0x0, 0x0, 0x0, 0x0, 0x2, 0xff,
    0x40, 0x0, 0x0, 0x0, 0x0, 0x1, 0x11, 0x11,
    0x11, 0x13, 0xff, 0x61, 0x11, 0x11, 0x11, 0x11,
    0x8f, 0xff, 0xff, 0xff, 0xff, 0xff, 0xff, 0xff,
    0xff, 0xff, 0xfe, 0x8f, 0xff, 0xff, 0xff, 0xff,
    0xff, 0xff, 0xff, 0xff, 0xff, 0xfe, 0x12, 0x22,
    0x22, 0x22, 0x22, 0x22, 0x22, 0x22, 0x22, 0x22,
    0x22,

    /* U+5DE6 "左" */
    0x0, 0x0, 0x0, 0x0, 0x0, 0x0, 0x0, 0x0,
    0x0, 0x0, 0x0, 0x0, 0x0, 0x0, 0x0, 0x2,
    0xfe, 0x20, 0x0, 0x0, 0x0, 0x0, 0x0, 0x0,
    0x0, 0x0, 0x0, 0x5f, 0xf0, 0x0, 0x0, 0x0,
    0x0, 0x0, 0x0, 0x0, 0x0, 0x0, 0x8, 0xfd,
    0x0, 0x0, 0x0, 0x0, 0x0, 0x0, 0x0, 0x0,
    0x0, 0x0, 0xbf, 0xa0, 0x0, 0x0, 0x0, 0x0,
    0x0, 0x0, 0x1f, 0xff, 0xff, 0xff, 0xff, 0xff,
    0xff, 0xff, 0xff, 0xff, 0xf8, 0x1, 0xff, 0xff,
    0xff, 0xff, 0xff, 0xff, 0xff, 0xff, 0xff, 0xff,
    0x80, 0x2, 0x22, 0x22, 0x8f, 0xe2, 0x22, 0x22,
    0x22, 0x22, 0x22, 0x21, 0x0, 0x0, 0x0, 0xb,
    0xf9, 0x0, 0x0, 0x0, 0x0, 0x0, 0x0, 0x0,
    0x0, 0x0, 0x0, 0xff, 0x40, 0x0, 0x0, 0x0,
    0x0, 0x0, 0x0, 0x0, 0x0, 0x0, 0x5f, 0xe0,
    0x0, 0x0, 0x0, 0x0, 0x0, 0x0, 0x0, 0x0,
    0x0, 0xb, 0xff, 0xdd, 0xdd, 0xdd, 0xdd, 0xdd,
    0xdd, 0xd0, 0x0, 0x0, 0x2, 0xff, 0xaf, 0xff,
    0xff, 0xff, 0xff, 0xff, 0xff, 0x0, 0x0, 0x0,
    0x9f, 0xa2, 0x44, 0x44, 0x9f, 0xe4, 0x44, 0x44,
    0x40, 0x0, 0x0, 0x2f, 0xf3, 0x0, 0x0, 0x6,
    0xfd, 0x0, 0x0, 0x0, 0x0, 0x0, 0xb, 0xfb,
    0x0, 0x0, 0x0, 0x6f, 0xd0, 0x0, 0x0, 0x0,
    0x0, 0x5, 0xff, 0x30, 0x0, 0x0, 0x6, 0xfd,
    0x0, 0x0, 0x0, 0x0, 0x2, 0xef, 0xa0, 0x0,
    0x0, 0x0, 0x6f, 0xd0, 0x0, 0x0, 0x0, 0x1,
    0xdf, 0xe1, 0x0, 0x0, 0x0, 0x6, 0xfd, 0x0,
    0x0, 0x0, 0x0, 0xcf, 0xf4, 0x0, 0x0, 0x0,
    0x0, 0x6f, 0xd0, 0x0, 0x0, 0x0, 0x6, 0xf5,
    0x0, 0xff, 0xff, 0xff, 0xff, 0xff, 0xff, 0xff,
    0xff, 0xe0, 0x3, 0x0, 0xf, 0xff, 0xff, 0xff,
    0xff, 0xff, 0xff, 0xff, 0xff, 0x0, 0x0, 0x0,
    0x33, 0x33, 0x33, 0x33, 0x33, 0x33, 0x33, 0x33,
    0x30,

    /* U+5DF2 "已" */
    0x7e, 0xee, 0xee, 0xee, 0xee, 0xee, 0xee, 0xee,
    0xee, 0x0, 0x0, 0x7f, 0xff, 0xff, 0xff, 0xff,
    0xff, 0xff, 0xff, 0xff, 0x0, 0x0, 0x24, 0x44,
    0x44, 0x44, 0x44, 0x44, 0x44, 0x47, 0xff, 0x0,
    0x0, 0x0, 0x0, 0x0, 0x0, 0x0, 0x0, 0x0,
    0x4, 0xff, 0x0, 0x0, 0x2, 0x65, 0x0, 0x0,
    0x0, 0x0, 0x0, 0x4, 0xff, 0x0, 0x0, 0x5,
    0xfe, 0x0, 0x0, 0x0, 0x0, 0x0, 0x4, 0xff,
    0x0, 0x0, 0x5, 0xfe, 0x0, 0x0, 0x0, 0x0,
    0x0, 0x4, 0xff, 0x0, 0x0, 0x5, 0xfe, 0x0,
    0x0, 0x0, 0x0, 0x0, 0x4, 0xff, 0x0, 0x0,
    0x5, 0xff, 0xff, 0xff, 0xff, 0xff, 0xff, 0xff,
    0xff, 0x0, 0x0, 0x5, 0xff, 0xff, 0xff, 0xff,
    0xff, 0xff, 0xff, 0xff, 0x0, 0x0, 0x5, 0xff,
    0x33, 0x33, 0x33, 0x33, 0x33, 0x37, 0xff, 0x0,
    0x0, 0x5, 0xfe, 0x0, 0x0, 0x0, 0x0, 0x0,
    0x1, 0x55, 0x0, 0x0, 0x5, 0xfe, 0x0, 0x0,
    0x0, 0x0, 0x0, 0x0, 0x0, 0x0, 0x0, 0x5,
    0xfe, 0x0, 0x0, 0x0, 0x0, 0x0, 0x0, 0x0,
    0x23, 0x0, 0x5, 0xfe, 0x0, 0x0, 0x0, 0x0,
    0x0, 0x0, 0x0, 0x5f, 0xc0, 0x5, 0xfe, 0x0,
    0x0, 0x0, 0x0, 0x0, 0x0, 0x0, 0x7f, 0xe0,
    0x5, 0xff, 0x0, 0x0, 0x0, 0x0, 0x0, 0x0,
    0x0, 0xcf, 0xb0, 0x3, 0xff, 0x71, 0x0, 0x0,
    0x0, 0x0, 0x0, 0x17, 0xff, 0x60, 0x0, 0xdf,
    0xff, 0xff, 0xff, 0xff, 0xff, 0xff, 0xff, 0xfe,
    0x0, 0x0, 0x2a, 0xff, 0xff, 0xff, 0xff, 0xff,
    0xff, 0xff, 0xa1, 0x0, 0x0, 0x0, 0x2, 0x33,
    0x33, 0x33, 0x33, 0x33, 0x20, 0x0, 0x0,

    /* U+5E03 "布" */
    0x0, 0x0, 0x0, 0x0, 0x2, 0x20, 0x0, 0x0,
    0x0, 0x0, 0x0, 0x0, 0x0, 0x0, 0x0, 0x0,
    0xcf, 0xa0, 0x0, 0x0, 0x0, 0x0, 0x0, 0x0,
    0x0, 0x0, 0x0, 0x1f, 0xf6, 0x0, 0x0, 0x0,
    0x0, 0x0, 0x0, 0x0, 0x0, 0x0, 0x6, 0xff,
    0x10, 0x0, 0x0, 0x0, 0x0, 0x0, 0x3, 0xdd,
    0xdd, 0xdd, 0xef, 0xfd, 0xdd, 0xdd, 0xdd, 0xdd,
    0xdd, 0xa0, 0x4f, 0xff, 0xff, 0xff, 0xff, 0xff,
    0xff, 0xff, 0xff, 0xff, 0xfc, 0x1, 0x44, 0x44,
    0x5d, 0xfd, 0x44, 0x44, 0x44, 0x44, 0x44, 0x44,
    0x30, 0x0, 0x0, 0x4, 0xff, 0x40, 0x4, 0x52,
    0x0, 0x0, 0x0, 0x0, 0x0, 0x0, 0x0, 0xdf,
    0xc0, 0x0, 0xbf, 0x80, 0x0, 0x0, 0x0, 0x0,
    0x0, 0x0, 0x8f, 0xf4, 0x0, 0xb, 0xf8, 0x0,
    0x0, 0x0, 0x0, 0x0, 0x0, 0x2f, 0xfd, 0x33,
    0x33, 0xcf, 0x93, 0x33, 0x33, 0x31, 0x0, 0x0,
    0x1d, 0xff, 0xff, 0xff, 0xff, 0xff, 0xff, 0xff,
    0xff, 0x80, 0x0, 0xb, 0xff, 0xff, 0xee, 0xee,
    0xff, 0xfe, 0xee, 0xef, 0xf8, 0x0, 0x1c, 0xff,
    0xef, 0xb0, 0x0, 0xb, 0xf8, 0x0, 0x0, 0xbf,
    0x80, 0xc, 0xff, 0x67, 0xfb, 0x0, 0x0, 0xbf,
    0x80, 0x0, 0xb, 0xf8, 0x0, 0x5f, 0x50, 0x7f,
    0xb0, 0x0, 0xb, 0xf8, 0x0, 0x0, 0xbf, 0x80,
    0x0, 0x20, 0x7, 0xfb, 0x0, 0x0, 0xbf, 0x80,
    0x0, 0xb, 0xf8, 0x0, 0x0, 0x0, 0x7f, 0xb0,
    0x0, 0xb, 0xf8, 0x0, 0x0, 0xbf, 0x80, 0x0,
    0x0, 0x7, 0xfb, 0x0, 0x0, 0xbf, 0x81, 0x43,
    0x3d, 0xf7, 0x0, 0x0, 0x0, 0x7f, 0xb0, 0x0,
    0xb, 0xf8, 0xf, 0xff, 0xff, 0x40, 0x0, 0x0,
    0x7, 0xfb, 0x0, 0x0, 0xbf, 0x80, 0x8b, 0xb9,
    0x40, 0x0, 0x0, 0x0, 0x0, 0x0, 0x0, 0xb,
    0xf8, 0x0, 0x0, 0x0, 0x0, 0x0, 0x0, 0x0,
    0x0, 0x0, 0x0, 0xbf, 0x80, 0x0, 0x0, 0x0,
    0x0,

    /* U+5E38 "常" */
    0x0, 0x0, 0x0, 0x0, 0x5, 0x50, 0x0, 0x0,
    0x0, 0x0, 0x0, 0x8, 0xe8, 0x0, 0x2, 0xff,
    0x20, 0x0, 0x7f, 0xa1, 0x0, 0x0, 0x7f, 0xf4,
    0x0, 0x2f, 0xf2, 0x0, 0x2f, 0xf9, 0x0, 0x0,
    0x0, 0xcf, 0x90, 0x2, 0xff, 0x20, 0x9, 0xfb,
    0x0, 0x0, 0xcd, 0xde, 0xfd, 0xdd, 0xdf, 0xfd,
    0xdd, 0xdf, 0xdd, 0xdd, 0x1f, 0xff, 0xff, 0xff,
    0xff, 0xff, 0xff, 0xff, 0xff, 0xff, 0xf1, 0xff,
    0x31, 0x11, 0x11, 0x11, 0x11, 0x11, 0x11, 0x13,
    0xff, 0x1f, 0xf2, 0x0, 0x0, 0x0, 0x0, 0x0,
    0x0, 0x0, 0x1f, 0xf1, 0xff, 0x23, 0xff, 0xff,
    0xff, 0xff, 0xff, 0xff, 0x51, 0xff, 0x17, 0x71,
    0x3f, 0xf9, 0x99, 0x99, 0x99, 0x9f, 0xf5, 0x7,
    0x70, 0x0, 0x3, 0xfe, 0x0, 0x0, 0x0, 0x0,
    0xef, 0x50, 0x0, 0x0, 0x0, 0x3f, 0xfa, 0xaa,
    0xaa, 0xaa, 0xaf, 0xf5, 0x0, 0x0, 0x0, 0x3,
    0xff, 0xff, 0xff, 0xff, 0xff, 0xff, 0x50, 0x0,
    0x0, 0x0, 0x0, 0x0, 0x0, 0xef, 0x50, 0x0,
    0x0, 0x0, 0x0, 0x0, 0x0, 0x0, 0x0, 0xe,
    0xf6, 0x0, 0x0, 0x0, 0x0, 0x0, 0x6f, 0xff,
    0xff, 0xff, 0xff, 0xff, 0xff, 0xff, 0xfb, 0x0,
    0x6, 0xff, 0xff, 0xff, 0xff, 0xff, 0xff, 0xff,
    0xff, 0xb0, 0x0, 0x6f, 0xd0, 0x0, 0x0, 0xef,
    0x50, 0x0, 0x9, 0xfb, 0x0, 0x6, 0xfd, 0x0,
    0x0, 0xe, 0xf5, 0x0, 0x0, 0x9f, 0xb0, 0x0,
    0x6f, 0xd0, 0x0, 0x0, 0xef, 0x50, 0x0, 0xa,
    0xfb, 0x0, 0x6, 0xfd, 0x0, 0x0, 0xe, 0xf5,
    0xc, 0xff, 0xff, 0x90, 0x0, 0x5c, 0xb0, 0x0,
    0x0, 0xef, 0x50, 0x6f, 0xfe, 0xa1, 0x0, 0x0,
    0x0, 0x0, 0x0, 0xe, 0xf5, 0x0, 0x0, 0x0,
    0x0, 0x0,

    /* U+5E7F "广" */
    0x0, 0x0, 0x0, 0x0, 0x0, 0x6c, 0xb0, 0x0,
    0x0, 0x0, 0x0, 0x0, 0x0, 0x0, 0x0, 0x0,
    0x7f, 0xf2, 0x0, 0x0, 0x0, 0x0, 0x0, 0x0,
    0x0, 0x0, 0x0, 0x2f, 0xf7, 0x0, 0x0, 0x0,
    0x0, 0x0, 0x25, 0x55, 0x55, 0x55, 0x5e, 0xfc,
    0x55, 0x55, 0x55, 0x53, 0x0, 0x7f, 0xff, 0xff,
    0xff, 0xff, 0xff, 0xff, 0xff, 0xff, 0xfa, 0x0,
    0x7f, 0xfc, 0xcc, 0xcc, 0xcc, 0xcc, 0xcc, 0xcc,
    0xcc, 0xc8, 0x0, 0x7f, 0xe0, 0x0, 0x0, 0x0,
    0x0, 0x0, 0x0, 0x0, 0x0, 0x0, 0x7f, 0xe0,
    0x0, 0x0, 0x0, 0x0, 0x0, 0x0, 0x0, 0x0,
    0x0, 0x7f, 0xe0, 0x0, 0x0, 0x0, 0x0, 0x0,
    0x0, 0x0, 0x0, 0x0, 0x7f, 0xe0, 0x0, 0x0,
    0x0, 0x0, 0x0, 0x0, 0x0, 0x0, 0x0, 0x7f,
    0xe0, 0x0, 0x0, 0x0, 0x0, 0x0, 0x0, 0x0,
    0x0, 0x0, 0x7f, 0xe0, 0x0, 0x0, 0x0, 0x0,
    0x0, 0x0, 0x0, 0x0, 0x0, 0x8f, 0xd0, 0x0,
    0x0, 0x0, 0x0, 0x0, 0x0, 0x0, 0x0, 0x0,
    0x9f, 0xc0, 0x0, 0x0, 0x0, 0x0, 0x0, 0x0,
    0x0, 0x0, 0x0, 0xaf, 0xa0, 0x0, 0x0, 0x0,
    0x0, 0x0, 0x0, 0x0, 0x0, 0x0, 0xcf, 0x80,
    0x0, 0x0, 0x0, 0x0, 0x0, 0x0, 0x0, 0x0,
    0x0, 0xff, 0x60, 0x0, 0x0, 0x0, 0x0, 0x0,
    0x0, 0x0, 0x0, 0x5, 0xff, 0x20, 0x0, 0x0,
    0x0, 0x0, 0x0, 0x0, 0x0, 0x0, 0xa, 0xfd,
    0x0, 0x0, 0x0, 0x0, 0x0, 0x0, 0x0, 0x0,
    0x0, 0x3f, 0xf8, 0x0, 0x0, 0x0, 0x0, 0x0,
    0x0, 0x0, 0x0, 0x0, 0xbf, 0xe1, 0x0, 0x0,
    0x0, 0x0, 0x0, 0x0, 0x0, 0x0, 0x0, 0x2d,
    0x60, 0x0, 0x0, 0x0, 0x0, 0x0, 0x0, 0x0,
    0x0, 0x0, 0x1, 0x0, 0x0, 0x0, 0x0, 0x0,
    0x0, 0x0, 0x0, 0x0, 0x0,

    /* U+5E8F "序" */
    0x0, 0x0, 0x0, 0x0, 0x0, 0x0, 0x33, 0x0,
    0x0, 0x0, 0x0, 0x0, 0x0, 0x0, 0x0, 0x0,
    0x0, 0x9f, 0xd0, 0x0, 0x0, 0x0, 0x0, 0x0,
    0x0, 0x0, 0x0, 0x0, 0x2, 0xff, 0x50, 0x0,
    0x0, 0x0, 0x0, 0x0, 0xcc, 0xcc, 0xcc, 0xcc,
    0xcf, 0xfe, 0xcc, 0xcc, 0xcc, 0xc9, 0x0, 0x1f,
    0xff, 0xff, 0xff, 0xff, 0xff, 0xff, 0xff, 0xff,
    0xff, 0xc0, 0x1, 0xff, 0x54, 0x44, 0x44, 0x44,
    0x44, 0x44, 0x44, 0x44, 0x43, 0x0, 0x1f, 0xf1,
    0x0, 0x0, 0x0, 0x0, 0x0, 0x0, 0x0, 0x0,
    0x0, 0x1, 0xff, 0x10, 0xef, 0xff, 0xff, 0xff,
    0xff, 0xff, 0xe3, 0x0, 0x0, 0x1f, 0xf1, 0xa,
    0xcc, 0xcc, 0xcc, 0xcc, 0xdf, 0xfe, 0x30, 0x0,
    0x1, 0xff, 0x10, 0x0, 0x5, 0x0, 0x0, 0x4e,
    0xfd, 0x20, 0x0, 0x0, 0x1f, 0xf1, 0x0, 0xa,
    0xfe, 0x71, 0x9f, 0xfa, 0x10, 0x0, 0x0, 0x1,
    0xff, 0x0, 0x0, 0x19, 0xff, 0xff, 0xe4, 0x0,
    0x0, 0x0, 0x0, 0x2f, 0xf0, 0x0, 0x0, 0x2,
    0x9f, 0xff, 0x80, 0x0, 0x0, 0x0, 0x3, 0xff,
    0x2f, 0xff, 0xff, 0xff, 0xff, 0xff, 0xff, 0xff,
    0xf6, 0x0, 0x4f, 0xd1, 0xdd, 0xdd, 0xdd, 0xef,
    0xfd, 0xdd, 0xdf, 0xff, 0x20, 0x6, 0xfc, 0x0,
    0x0, 0x0, 0x2, 0xff, 0x10, 0x1, 0xef, 0x60,
    0x0, 0x8f, 0xa0, 0x0, 0x0, 0x0, 0x2f, 0xf1,
    0x0, 0xbf, 0xb0, 0x0, 0xb, 0xf7, 0x0, 0x0,
    0x0, 0x2, 0xff, 0x10, 0x3f, 0xd1, 0x0, 0x0,
    0xef, 0x30, 0x0, 0x0, 0x0, 0x2f, 0xf1, 0x0,
    0x12, 0x0, 0x0, 0x4f, 0xf0, 0x0, 0x0, 0x0,
    0x2, 0xff, 0x10, 0x0, 0x0, 0x0, 0xa, 0xfb,
    0x0, 0x0, 0x1, 0x0, 0x3f, 0xf1, 0x0, 0x0,
    0x0, 0x0, 0xff, 0x40, 0x0, 0x3, 0xff, 0xff,
    0xfe, 0x0, 0x0, 0x0, 0x0, 0x3, 0xb0, 0x0,
    0x0, 0xd, 0xff, 0xdb, 0x30, 0x0, 0x0, 0x0,
    0x0, 0x0, 0x0, 0x0, 0x0, 0x0, 0x0, 0x0,
    0x0, 0x0, 0x0, 0x0,

    /* U+5E93 "库" */
    0x0, 0x0, 0x0, 0x0, 0x0, 0x0, 0x12, 0x0,
    0x0, 0x0, 0x0, 0x0, 0x0, 0x0, 0x0, 0x0,
    0x0, 0x8f, 0xd0, 0x0, 0x0, 0x0, 0x0, 0x0,
    0x0, 0x0, 0x0, 0x0, 0x2, 0xff, 0x50, 0x0,
    0x0, 0x0, 0x0, 0x1, 0xff, 0xff, 0xff, 0xff,
    0xff, 0xff, 0xff, 0xff, 0xff, 0xfc, 0x0, 0x1f,
    0xff, 0xff, 0xff, 0xff, 0xff, 0xff, 0xff, 0xff,
    0xff, 0xd0, 0x1, 0xff, 0x32, 0x22, 0x22, 0x75,
    0x22, 0x22, 0x22, 0x22, 0x21, 0x0, 0x1f, 0xf1,
    0x0, 0x0, 0xf, 0xf8, 0x0, 0x0, 0x0, 0x0,
    0x0, 0x1, 0xff, 0x10, 0x0, 0x5, 0xff, 0x40,
    0x0, 0x0, 0x0, 0x0, 0x0, 0x1f, 0xf1, 0x9f,
    0xff, 0xff, 0xff, 0xff, 0xff, 0xff, 0xfe, 0x0,
    0x1, 0xff, 0x18, 0xff, 0xff, 0xff, 0xff, 0xff,
    0xff, 0xff, 0xe0, 0x0, 0x1f, 0xf1, 0x0, 0xb,
    0xfa, 0x0, 0x11, 0x0, 0x0, 0x0, 0x0, 0x2,
    0xff, 0x10, 0x4, 0xff, 0x10, 0xf, 0xf3, 0x0,
    0x0, 0x0, 0x0, 0x2f, 0xf0, 0x1, 0xef, 0x60,
    0x0, 0xff, 0x30, 0x0, 0x0, 0x0, 0x3, 0xff,
    0x0, 0xbf, 0xff, 0xff, 0xff, 0xff, 0xff, 0xff,
    0x30, 0x0, 0x4f, 0xe0, 0x6, 0xff, 0xff, 0xff,
    0xff, 0xff, 0xff, 0xf3, 0x0, 0x6, 0xfc, 0x0,
    0x13, 0x10, 0x0, 0xf, 0xf4, 0x0, 0x0, 0x0,
    0x0, 0x8f, 0xa0, 0x0, 0x0, 0x0, 0x0, 0xff,
    0x30, 0x0, 0x0, 0x0, 0xc, 0xf7, 0x3c, 0xcc,
    0xcc, 0xcc, 0xcf, 0xfd, 0xcc, 0xcc, 0xca, 0x0,
    0xff, 0x43, 0xff, 0xff, 0xff, 0xff, 0xff, 0xff,
    0xff, 0xff, 0xd0, 0x4f, 0xf0, 0x14, 0x44, 0x44,
    0x44, 0x4f, 0xf7, 0x44, 0x44, 0x43, 0xb, 0xfb,
    0x0, 0x0, 0x0, 0x0, 0x0, 0xff, 0x30, 0x0,
    0x0, 0x1, 0xff, 0x50, 0x0, 0x0, 0x0, 0x0,
    0xf, 0xf3, 0x0, 0x0, 0x0, 0x2, 0xc0, 0x0,
    0x0, 0x0, 0x0, 0x0, 0xff, 0x30, 0x0, 0x0,
    0x0, 0x0, 0x0, 0x0, 0x0, 0x0, 0x0, 0x0,
    0x0, 0x0, 0x0, 0x0,

    /* U+5E95 "底" */
    0x0, 0x0, 0x0, 0x0, 0x0, 0x0, 0x22, 0x0,
    0x0, 0x0, 0x0, 0x0, 0x0, 0x0, 0x0, 0x0,
    0x0, 0xaf, 0xd0, 0x0, 0x0, 0x0, 0x0, 0x0,
    0x0, 0x0, 0x0, 0x0, 0x4, 0xff, 0x60, 0x0,
    0x0, 0x0, 0x0, 0x1, 0xee, 0xee, 0xee, 0xee,
    0xef, 0xff, 0xee, 0xee, 0xee, 0xec, 0x0, 0x1f,
    0xff, 0xff, 0xff, 0xff, 0xff, 0xff, 0xff, 0xff,
    0xff, 0xd0, 0x1, 0xff, 0x20, 0x0, 0x0, 0x0,
    0x0, 0x0, 0x0, 0x0, 0x0, 0x0, 0x1f, 0xf1,
    0x0, 0x0, 0x0, 0x0, 0x24, 0x68, 0xbc, 0x10,
    0x0, 0x1, 0xff, 0x10, 0x9b, 0xcd, 0xef, 0xff,
    0xff, 0xff, 0xfc, 0x0, 0x0, 0x1f, 0xf1, 0xe,
    0xff, 0xff, 0xed, 0xff, 0xb7, 0x52, 0x0, 0x0,
    0x1, 0xff, 0x10, 0xef, 0x40, 0x0, 0xb, 0xf6,
    0x0, 0x0, 0x0, 0x0, 0x1f, 0xf1, 0xe, 0xf2,
    0x0, 0x0, 0xaf, 0x80, 0x0, 0x0, 0x0, 0x2,
    0xff, 0x0, 0xef, 0x20, 0x0, 0x8, 0xfa, 0x0,
    0x0, 0x0, 0x0, 0x2f, 0xf0, 0xe, 0xfd, 0xcc,
    0xcc, 0xef, 0xec, 0xcc, 0xcb, 0x0, 0x3, 0xff,
    0x0, 0xef, 0xff, 0xff, 0xff, 0xff, 0xff, 0xff,
    0xe0, 0x0, 0x4f, 0xd0, 0xe, 0xf5, 0x22, 0x22,
    0x3f, 0xf4, 0x22, 0x22, 0x0, 0x5, 0xfc, 0x0,
    0xef, 0x20, 0x0, 0x0, 0xcf, 0x50, 0x0, 0x0,
    0x0, 0x8f, 0xa0, 0xe, 0xf2, 0x0, 0x37, 0x8,
    0xf9, 0x0, 0x0, 0x0, 0xb, 0xf7, 0x0, 0xef,
    0x20, 0xb, 0xf4, 0x4f, 0xe0, 0x0, 0x50, 0x0,
    0xef, 0x40, 0xe, 0xf2, 0x0, 0x5f, 0xb0, 0xef,
    0x40, 0xf, 0xc0, 0x2f, 0xf1, 0x0, 0xef, 0x58,
    0xd5, 0xdf, 0x27, 0xfc, 0x1, 0xfd, 0x9, 0xfc,
    0x0, 0x2f, 0xff, 0xff, 0x67, 0xf9, 0x1e, 0xf9,
    0x6f, 0xa0, 0xff, 0x60, 0xa, 0xff, 0xe9, 0x40,
    0x1f, 0xe0, 0x5f, 0xff, 0xf5, 0x7, 0xe0, 0x0,
    0x5a, 0x40, 0x0, 0x0, 0x96, 0x0, 0x4d, 0xfa,
    0x0, 0x1, 0x0, 0x0, 0x0, 0x0, 0x0, 0x0,
    0x0, 0x0, 0x0, 0x0,

    /* U+5EA6 "度" */
    0x0, 0x0, 0x0, 0x0, 0x0, 0x0, 0x12, 0x0,
    0x0, 0x0, 0x0, 0x0, 0x0, 0x0, 0x0, 0x0,
    0x0, 0xb, 0xfd, 0x0, 0x0, 0x0, 0x0, 0x0,
    0x0, 0x0, 0x0, 0x0, 0x0, 0x5, 0xff, 0x50,
    0x0, 0x0, 0x0, 0x0, 0x0, 0xf, 0xff, 0xff,
    0xff, 0xff, 0xff, 0xff, 0xff, 0xff, 0xff, 0xa0,
    0x0, 0xf, 0xff, 0xff, 0xff, 0xff, 0xff, 0xff,
    0xff, 0xff, 0xff, 0xb0, 0x0, 0xf, 0xf4, 0x11,
    0x18, 0x83, 0x11, 0x11, 0x38, 0x81, 0x11, 0x10,
    0x0, 0xf, 0xf2, 0x0, 0xe, 0xf3, 0x0, 0x0,
    0x4f, 0xe0, 0x0, 0x0, 0x0, 0xf, 0xf3, 0x22,
    0x2e, 0xf5, 0x22, 0x22, 0x6f, 0xe2, 0x22, 0x10,
    0x0, 0xf, 0xf7, 0xff, 0xff, 0xff, 0xff, 0xff,
    0xff, 0xff, 0xff, 0x70, 0x0, 0xf, 0xf6, 0xaa,
    0xaf, 0xfb, 0xaa, 0xaa, 0xbf, 0xfa, 0xaa, 0x40,
    0x0, 0xf, 0xf2, 0x0, 0xe, 0xf3, 0x0, 0x0,
    0x4f, 0xe0, 0x0, 0x0, 0x0, 0xf, 0xf2, 0x0,
    0xe, 0xfb, 0xaa, 0xaa, 0xcf, 0xe0, 0x0, 0x0,
    0x0, 0x1f, 0xf1, 0x0, 0xe, 0xff, 0xff, 0xff,
    0xff, 0xe0, 0x0, 0x0, 0x0, 0x2f, 0xf0, 0x0,
    0x0, 0x0, 0x0, 0x0, 0x0, 0x0, 0x0, 0x0,
    0x0, 0x3f, 0xe0, 0xaa, 0xaa, 0xaa, 0xaa, 0xaa,
    0xaa, 0xab, 0x50, 0x0, 0x0, 0x5f, 0xd0, 0xff,
    0xff, 0xff, 0xff, 0xff, 0xff, 0xff, 0xa0, 0x0,
    0x0, 0x8f, 0xb0, 0x11, 0xdf, 0x91, 0x11, 0x11,
    0x2b, 0xfd, 0x0, 0x0, 0x0, 0xbf, 0x80, 0x0,
    0x3f, 0xfb, 0x10, 0x3, 0xcf, 0xe3, 0x0, 0x0,
    0x0, 0xef, 0x40, 0x0, 0x3, 0xef, 0xf8, 0xaf,
    0xfc, 0x10, 0x0, 0x0, 0x4, 0xff, 0x10, 0x0,
    0x1, 0x6f, 0xff, 0xff, 0xe3, 0x0, 0x0, 0x0,
    0xa, 0xfb, 0x6, 0x8b, 0xdf, 0xff, 0xfd, 0xff,
    0xff, 0xfb, 0x97, 0x50, 0xd, 0xf5, 0xc, 0xff,
    0xfe, 0xa6, 0x10, 0x4, 0x9e, 0xff, 0xff, 0x80,
    0x0, 0x60, 0x3, 0x63, 0x10, 0x0, 0x0, 0x0,
    0x0, 0x14, 0x79, 0x0,

    /* U+5F00 "开" */
    0x9, 0xdd, 0xdd, 0xdd, 0xdd, 0xdd, 0xdd, 0xdd,
    0xdd, 0xdd, 0xd2, 0xb, 0xff, 0xff, 0xff, 0xff,
    0xff, 0xff, 0xff, 0xff, 0xff, 0xf2, 0x2, 0x33,
    0x33, 0xff, 0x73, 0x33, 0x33, 0xaf, 0xd3, 0x33,
    0x30, 0x0, 0x0, 0x0, 0xff, 0x40, 0x0, 0x0,
    0x8f, 0xc0, 0x0, 0x0, 0x0, 0x0, 0x0, 0xff,
    0x40, 0x0, 0x0, 0x8f, 0xc0, 0x0, 0x0, 0x0,
    0x0, 0x0, 0xff, 0x40, 0x0, 0x0, 0x8f, 0xc0,
    0x0, 0x0, 0x0, 0x0, 0x0, 0xff, 0x40, 0x0,
    0x0, 0x8f, 0xc0, 0x0, 0x0, 0x0, 0x0, 0x0,
    0xff, 0x40, 0x0, 0x0, 0x8f, 0xc0, 0x0, 0x0,
    0x12, 0x22, 0x22, 0xff, 0x62, 0x22, 0x22, 0x9f,
    0xd2, 0x22, 0x22, 0x8f, 0xff, 0xff, 0xff, 0xff,
    0xff, 0xff, 0xff, 0xff, 0xff, 0xfe, 0x8f, 0xff,
    0xff, 0xff, 0xff, 0xff, 0xff, 0xff, 0xff, 0xff,
    0xfe, 0x0, 0x0, 0x3, 0xff, 0x10, 0x0, 0x0,
    0x8f, 0xc0, 0x0, 0x0, 0x0, 0x0, 0x7, 0xfe,
    0x0, 0x0, 0x0, 0x8f, 0xc0, 0x0, 0x0, 0x0,
    0x0, 0xb, 0xfb, 0x0, 0x0, 0x0, 0x8f, 0xc0,
    0x0, 0x0, 0x0, 0x0, 0x2f, 0xf6, 0x0, 0x0,
    0x0, 0x8f, 0xc0, 0x0, 0x0, 0x0, 0x0, 0xaf,
    0xf1, 0x0, 0x0, 0x0, 0x8f, 0xc0, 0x0, 0x0,
    0x0, 0x5, 0xff, 0x90, 0x0, 0x0, 0x0, 0x8f,
    0xc0, 0x0, 0x0, 0x0, 0x3f, 0xfd, 0x0, 0x0,
    0x0, 0x0, 0x8f, 0xc0, 0x0, 0x0, 0x6, 0xff,
    0xf3, 0x0, 0x0, 0x0, 0x0, 0x8f, 0xc0, 0x0,
    0x0, 0x3f, 0xff, 0x40, 0x0, 0x0, 0x0, 0x0,
    0x8f, 0xc0, 0x0, 0x0, 0x4, 0xd3, 0x0, 0x0,
    0x0, 0x0, 0x0, 0x8f, 0xc0, 0x0, 0x0, 0x0,
    0x0, 0x0, 0x0, 0x0, 0x0, 0x0, 0x0, 0x0,
    0x0, 0x0,

    /* U+5F0F "式" */
    0x0, 0x0, 0x0, 0x0, 0x0, 0x0, 0x1, 0x10,
    0x0, 0x0, 0x0, 0x0, 0x0, 0x0, 0x0, 0x0,
    0x0, 0x7, 0xff, 0x2, 0xd8, 0x0, 0x0, 0x0,
    0x0, 0x0, 0x0, 0x0, 0x0, 0x6f, 0xf0, 0x5f,
    0xfb, 0x0, 0x0, 0x0, 0x0, 0x0, 0x0, 0x0,
    0x6, 0xff, 0x0, 0x3e, 0xfb, 0x0, 0x0, 0x0,
    0x0, 0x0, 0x0, 0x0, 0x6f, 0xf0, 0x0, 0x2c,
    0x20, 0x5, 0xff, 0xff, 0xff, 0xff, 0xff, 0xff,
    0xff, 0xff, 0xff, 0xff, 0xd0, 0x6f, 0xff, 0xff,
    0xff, 0xff, 0xff, 0xff, 0xff, 0xff, 0xff, 0xfd,
    0x1, 0x33, 0x33, 0x33, 0x33, 0x33, 0x35, 0xff,
    0x53, 0x33, 0x33, 0x30, 0x0, 0x0, 0x0, 0x0,
    0x0, 0x0, 0x1f, 0xf4, 0x0, 0x0, 0x0, 0x0,
    0x0, 0x0, 0x0, 0x0, 0x0, 0x0, 0xff, 0x60,
    0x0, 0x0, 0x0, 0x2, 0x44, 0x44, 0x44, 0x44,
    0x43, 0xd, 0xf7, 0x0, 0x0, 0x0, 0x0, 0x8f,
    0xff, 0xff, 0xff, 0xff, 0xe0, 0xbf, 0x90, 0x0,
    0x0, 0x0, 0x7, 0xee, 0xef, 0xff, 0xee, 0xec,
    0x9, 0xfb, 0x0, 0x0, 0x0, 0x0, 0x0, 0x0,
    0x8f, 0xa0, 0x0, 0x0, 0x7f, 0xe0, 0x0, 0x0,
    0x0, 0x0, 0x0, 0x8, 0xfa, 0x0, 0x0, 0x4,
    0xff, 0x10, 0x0, 0x0, 0x0, 0x0, 0x0, 0x8f,
    0xa0, 0x0, 0x0, 0x1f, 0xf5, 0x0, 0x0, 0x0,
    0x0, 0x0, 0x8, 0xfa, 0x0, 0x0, 0x0, 0xdf,
    0x90, 0x0, 0x40, 0x0, 0x0, 0x0, 0x8f, 0xa0,
    0x0, 0x1, 0x8, 0xfe, 0x0, 0xa, 0xd3, 0x0,
    0x0, 0x8, 0xfc, 0x69, 0xcf, 0x90, 0x3f, 0xf5,
    0x0, 0xbf, 0x40, 0x14, 0x79, 0xef, 0xff, 0xff,
    0xf9, 0x0, 0xcf, 0xd0, 0xe, 0xf2, 0x2f, 0xff,
    0xff, 0xfe, 0xb7, 0x40, 0x0, 0x4, 0xff, 0xc8,
    0xfe, 0x0, 0xef, 0xd9, 0x62, 0x0, 0x0, 0x0,
    0x0, 0x8, 0xff, 0xff, 0x80, 0x2, 0x0, 0x0,
    0x0, 0x0, 0x0, 0x0, 0x0, 0x6, 0xdf, 0xa0,
    0x0,

    /* U+5F20 "张" */
    0x11, 0x11, 0x11, 0x10, 0x2, 0x76, 0x0, 0x0,
    0x0, 0x0, 0x0, 0xdf, 0xff, 0xff, 0xc0, 0x4,
    0xfe, 0x0, 0x0, 0x2, 0xc8, 0x10, 0xce, 0xee,
    0xff, 0xc0, 0x4, 0xfe, 0x0, 0x0, 0xb, 0xfd,
    0x0, 0x0, 0x0, 0x5f, 0xc0, 0x4, 0xfe, 0x0,
    0x0, 0x8f, 0xf3, 0x0, 0x0, 0x0, 0x5f, 0xc0,
    0x4, 0xfe, 0x0, 0x7, 0xff, 0x50, 0x0, 0x0,
    0x0, 0x5f, 0xc0, 0x4, 0xfe, 0x0, 0x9f, 0xf8,
    0x0, 0x0, 0x4f, 0xff, 0xff, 0xc0, 0x4, 0xfe,
    0x1c, 0xff, 0x80, 0x0, 0x0, 0x5f, 0xff, 0xff,
    0xc0, 0x4, 0xfe, 0x8, 0xf6, 0x0, 0x0, 0x0,
    0x6f, 0xa1, 0x11, 0x0, 0x5, 0xfe, 0x1, 0x20,
    0x0, 0x0, 0x0, 0x8f, 0x80, 0x0, 0xe, 0xff,
    0xff, 0xff, 0xff, 0xff, 0xff, 0xf0, 0x9f, 0x70,
    0x0, 0xe, 0xff, 0xff, 0xff, 0xff, 0xff, 0xff,
    0xf0, 0xbf, 0x61, 0x11, 0x12, 0x27, 0xfe, 0x23,
    0xff, 0x42, 0x22, 0x20, 0xcf, 0xff, 0xff, 0xe0,
    0x4, 0xfe, 0x0, 0xbf, 0x70, 0x0, 0x0, 0xde,
    0xee, 0xff, 0xd0, 0x4, 0xfe, 0x0, 0x6f, 0xc0,
    0x0, 0x0, 0x0, 0x0, 0x6f, 0xc0, 0x4, 0xfe,
    0x0, 0x1f, 0xf2, 0x0, 0x0, 0x0, 0x0, 0x7f,
    0xb0, 0x4, 0xfe, 0x0, 0xa, 0xfa, 0x0, 0x0,
    0x0, 0x0, 0x9f, 0xa0, 0x4, 0xfe, 0x0, 0x3,
    0xff, 0x30, 0x0, 0x0, 0x0, 0xaf, 0x80, 0x4,
    0xfe, 0x0, 0x31, 0xbf, 0xd0, 0x0, 0x0, 0x0,
    0xdf, 0x60, 0x5, 0xff, 0x7d, 0xf2, 0x2f, 0xfb,
    0x0, 0x0, 0x2, 0xff, 0x30, 0xa, 0xff, 0xff,
    0xe2, 0x6, 0xff, 0xc1, 0x9e, 0xef, 0xfe, 0x0,
    0x4f, 0xff, 0xc5, 0x0, 0x0, 0x7f, 0xe2, 0x4f,
    0xff, 0xc4, 0x0, 0xd, 0xa3, 0x0, 0x0, 0x0,
    0x6, 0x30, 0x0, 0x0, 0x0, 0x0, 0x1, 0x0,
    0x0, 0x0, 0x0, 0x0, 0x0,

    /* U+5F3A "强" */
    0x8f, 0xff, 0xff, 0xfe, 0x5, 0xff, 0xff, 0xff,
    0xff, 0xff, 0x20, 0x8, 0xff, 0xff, 0xff, 0xf0,
    0x5f, 0xfe, 0xee, 0xee, 0xef, 0xf2, 0x0, 0x0,
    0x0, 0x1, 0xff, 0x5, 0xfb, 0x0, 0x0, 0x0,
    0xff, 0x20, 0x0, 0x0, 0x0, 0xf, 0xf0, 0x5f,
    0xb0, 0x0, 0x0, 0xf, 0xf2, 0x0, 0x0, 0x0,
    0x0, 0xff, 0x5, 0xfe, 0xcc, 0xcc, 0xcc, 0xff,
    0x20, 0x0, 0xdd, 0xdd, 0xdf, 0xf0, 0x5f, 0xff,
    0xff, 0xff, 0xff, 0xf2, 0x0, 0x1f, 0xff, 0xff,
    0xff, 0x0, 0x11, 0x11, 0xff, 0x21, 0x11, 0x0,
    0x3, 0xfd, 0x44, 0x44, 0x40, 0x0, 0x0, 0xf,
    0xf0, 0x0, 0x0, 0x0, 0x4f, 0xb0, 0x0, 0x0,
    0xb, 0xcc, 0xcc, 0xff, 0xcc, 0xcc, 0xa0, 0x6,
    0xf9, 0x0, 0x0, 0x0, 0xdf, 0xff, 0xff, 0xff,
    0xff, 0xfc, 0x0, 0x8f, 0x92, 0x22, 0x22, 0xd,
    0xf1, 0x0, 0xff, 0x0, 0x3f, 0xc0, 0xa, 0xff,
    0xff, 0xff, 0xf0, 0xdf, 0x10, 0xf, 0xf0, 0x3,
    0xfc, 0x0, 0xbd, 0xdd, 0xde, 0xfd, 0xd, 0xf1,
    0x0, 0xff, 0x0, 0x3f, 0xc0, 0x0, 0x0, 0x0,
    0x5f, 0xc0, 0xdf, 0xff, 0xff, 0xff, 0xff, 0xfc,
    0x0, 0x0, 0x0, 0x6, 0xfb, 0xb, 0xcc, 0xcc,
    0xff, 0xcc, 0xcc, 0xa0, 0x0, 0x0, 0x0, 0x8f,
    0xa0, 0x0, 0x0, 0xf, 0xf0, 0x2a, 0xa0, 0x0,
    0x0, 0x0, 0xa, 0xf8, 0x0, 0x0, 0x0, 0xff,
    0x0, 0xef, 0x40, 0x0, 0x0, 0x0, 0xcf, 0x60,
    0x0, 0x0, 0x2f, 0xf5, 0x5a, 0xfd, 0x0, 0x0,
    0x0, 0x3f, 0xf3, 0xae, 0xff, 0xff, 0xff, 0xff,
    0xff, 0xf5, 0x0, 0x4f, 0xff, 0xfe, 0xa, 0xff,
    0xff, 0xff, 0xed, 0xcb, 0xbf, 0xc0, 0x0, 0xff,
    0xfc, 0x30, 0x24, 0x32, 0x10, 0x0, 0x0, 0x0,
    0xfc, 0x0, 0x0, 0x0, 0x0, 0x0, 0x0, 0x0,
    0x0, 0x0, 0x0, 0x2, 0x0,

    /* U+5F53 "当" */
    0x0, 0x0, 0x0, 0x0, 0x4, 0x40, 0x0, 0x0,
    0x0, 0x0, 0x0, 0x20, 0x0, 0x0, 0x3f, 0xf3,
    0x0, 0x0, 0x24, 0x0, 0xb, 0xf6, 0x0, 0x0,
    0x3f, 0xf3, 0x0, 0x0, 0x9f, 0xe1, 0x8, 0xff,
    0x10, 0x0, 0x3f, 0xf3, 0x0, 0x1, 0xff, 0x90,
    0x0, 0xdf, 0xb0, 0x0, 0x3f, 0xf3, 0x0, 0x7,
    0xff, 0x10, 0x0, 0x5f, 0xf2, 0x0, 0x3f, 0xf3,
    0x0, 0x1e, 0xf8, 0x0, 0x0, 0xd, 0xfa, 0x0,
    0x3f, 0xf3, 0x0, 0x8f, 0xe0, 0x0, 0x0, 0x7,
    0xb4, 0x0, 0x3f, 0xf3, 0x0, 0x9f, 0x50, 0x0,
    0x0, 0x0, 0x0, 0x0, 0x3f, 0xf3, 0x0, 0x0,
    0x0, 0x0, 0xb, 0xff, 0xff, 0xff, 0xff, 0xff,
    0xff, 0xff, 0xff, 0xe0, 0xb, 0xff, 0xff, 0xff,
    0xff, 0xff, 0xff, 0xff, 0xff, 0xe0, 0x3, 0x44,
    0x44, 0x44, 0x44, 0x44, 0x44, 0x44, 0x9f, 0xe0,
    0x0, 0x0, 0x0, 0x0, 0x0, 0x0, 0x0, 0x0,
    0x7f, 0xe0, 0x0, 0x0, 0x0, 0x0, 0x0, 0x0,
    0x0, 0x0, 0x7f, 0xe0, 0x0, 0xcd, 0xdd, 0xdd,
    0xdd, 0xdd, 0xdd, 0xdd, 0xef, 0xe0, 0x0, 0xef,
    0xff, 0xff, 0xff, 0xff, 0xff, 0xff, 0xff, 0xe0,
    0x0, 0x34, 0x44, 0x44, 0x44, 0x44, 0x44, 0x44,
    0x9f, 0xe0, 0x0, 0x0, 0x0, 0x0, 0x0, 0x0,
    0x0, 0x0, 0x7f, 0xe0, 0x0, 0x0, 0x0, 0x0,
    0x0, 0x0, 0x0, 0x0, 0x7f, 0xe0, 0x4, 0x44,
    0x44, 0x44, 0x44, 0x44, 0x44, 0x44, 0x9f, 0xe0,
    0x3f, 0xff, 0xff, 0xff, 0xff, 0xff, 0xff, 0xff,
    0xff, 0xe0, 0x3f, 0xff, 0xff, 0xff, 0xff, 0xff,
    0xff, 0xff, 0xff, 0xe0, 0x0, 0x0, 0x0, 0x0,
    0x0, 0x0, 0x0, 0x0, 0x7f, 0xe0,

    /* U+5F55 "录" */
    0x0, 0x0, 0x0, 0x0, 0x0, 0x0, 0x0, 0x0,
    0x0, 0x0, 0x0, 0x0, 0xce, 0xee, 0xee, 0xee,
    0xee, 0xee, 0xee, 0xff, 0xe0, 0x0, 0x0, 0xdf,
    0xff, 0xff, 0xff, 0xff, 0xff, 0xff, 0xff, 0xf0,
    0x0, 0x0, 0x11, 0x11, 0x11, 0x11, 0x11, 0x11,
    0x11, 0x8f, 0xe0, 0x0, 0x0, 0x0, 0x0, 0x0,
    0x0, 0x0, 0x0, 0x0, 0x8f, 0xe0, 0x0, 0x0,
    0xf, 0xff, 0xff, 0xff, 0xff, 0xff, 0xff, 0xff,
    0xd0, 0x0, 0x0, 0xf, 0xff, 0xff, 0xff, 0xff,
    0xff, 0xff, 0xff, 0xb0, 0x0, 0x0, 0x0, 0x0,
    0x0, 0x0, 0x0, 0x0, 0x0, 0xbf, 0xa0, 0x0,
    0x0, 0x0, 0x0, 0x0, 0x0, 0x0, 0x0, 0x0,
    0xcf, 0xa0, 0x0, 0x1f, 0xff, 0xff, 0xff, 0xff,
    0xff, 0xff, 0xff, 0xff, 0xff, 0xfa, 0x1e, 0xee,
    0xee, 0xee, 0xee, 0xff, 0xee, 0xee, 0xee, 0xee,
    0xea, 0x0, 0x6, 0x20, 0x0, 0x1, 0xff, 0x40,
    0x0, 0x1, 0x91, 0x0, 0x0, 0x7f, 0xf8, 0x0,
    0x1, 0xff, 0xd0, 0x0, 0x2e, 0xfe, 0x10, 0x0,
    0x9, 0xff, 0xd3, 0x1, 0xff, 0xf9, 0x6, 0xff,
    0xe3, 0x0, 0x0, 0x0, 0x3e, 0xfc, 0x1, 0xff,
    0xff, 0xbf, 0xfa, 0x10, 0x0, 0x0, 0x0, 0x1,
    0x92, 0x8e, 0xff, 0xaf, 0xff, 0x50, 0x0, 0x0,
    0x0, 0x0, 0x4, 0xbf, 0xff, 0xff, 0x39, 0xff,
    0x90, 0x0, 0x0, 0x0, 0x28, 0xef, 0xff, 0xa5,
    0xff, 0x20, 0x9f, 0xfd, 0x40, 0x0, 0xc, 0xff,
    0xfe, 0x81, 0x1, 0xff, 0x20, 0x6, 0xff, 0xfd,
    0x71, 0xa, 0xfc, 0x50, 0x0, 0x2, 0xff, 0x20,
    0x0, 0x2b, 0xff, 0xf9, 0x1, 0x30, 0x0, 0x6e,
    0xef, 0xff, 0x0, 0x0, 0x0, 0x39, 0xc0, 0x0,
    0x0, 0x0, 0x1f, 0xfe, 0xc5, 0x0, 0x0, 0x0,
    0x0, 0x0,

    /* U+5FC3 "心" */
    0x0, 0x0, 0x0, 0x1, 0xb4, 0x0, 0x0, 0x0,
    0x0, 0x0, 0x0, 0x0, 0x0, 0x0, 0x0, 0xaf,
    0xf9, 0x0, 0x0, 0x0, 0x0, 0x0, 0x0, 0x0,
    0x0, 0x0, 0x0, 0xaf, 0xfd, 0x20, 0x0, 0x0,
    0x0, 0x0, 0x0, 0x0, 0x0, 0x0, 0x0, 0x6f,
    0xff, 0x50, 0x0, 0x0, 0x0, 0x0, 0x0, 0x0,
    0x0, 0x0, 0x0, 0x2e, 0xff, 0x70, 0x0, 0x0,
    0x0, 0x0, 0x0, 0x0, 0x0, 0x0, 0x0, 0x1c,
    0xfd, 0x0, 0x0, 0x0, 0x0, 0x0, 0x0, 0x0,
    0xcd, 0x50, 0x0, 0x1a, 0x10, 0x0, 0x0, 0x0,
    0x0, 0x2, 0x0, 0xe, 0xf6, 0x0, 0x0, 0x0,
    0x0, 0x5b, 0x30, 0x0, 0x0, 0xff, 0x20, 0xef,
    0x60, 0x0, 0x0, 0x0, 0xc, 0xfa, 0x0, 0x0,
    0x3f, 0xf0, 0xe, 0xf6, 0x0, 0x0, 0x0, 0x0,
    0x5f, 0xf1, 0x0, 0x5, 0xfe, 0x0, 0xef, 0x60,
    0x0, 0x0, 0x0, 0x0, 0xef, 0x70, 0x0, 0x8f,
    0xb0, 0xe, 0xf6, 0x0, 0x0, 0x0, 0x0, 0x9,
    0xfe, 0x0, 0xb, 0xf9, 0x0, 0xef, 0x60, 0x0,
    0x0, 0x0, 0x0, 0x3f, 0xf3, 0x0, 0xef, 0x60,
    0xe, 0xf6, 0x0, 0x0, 0x0, 0x0, 0x0, 0xef,
    0x90, 0x3f, 0xf2, 0x0, 0xef, 0x60, 0x0, 0x0,
    0x2, 0x70, 0x9, 0xfd, 0x7, 0xff, 0x0, 0xe,
    0xf6, 0x0, 0x0, 0x0, 0x3f, 0xd0, 0x5f, 0xf1,
    0xcf, 0xa0, 0x0, 0xef, 0x60, 0x0, 0x0, 0x5,
    0xfc, 0x1, 0xb4, 0x1, 0x74, 0x0, 0xe, 0xf6,
    0x0, 0x0, 0x0, 0x8f, 0xa0, 0x0, 0x0, 0x0,
    0x0, 0x0, 0xdf, 0xa1, 0x11, 0x11, 0x2e, 0xf6,
    0x0, 0x0, 0x0, 0x0, 0x0, 0x9, 0xff, 0xff,
    0xff, 0xff, 0xff, 0x10, 0x0, 0x0, 0x0, 0x0,
    0x0, 0x19, 0xef, 0xff, 0xff, 0xfc, 0x30, 0x0,
    0x0, 0x0,

    /* U+5FEB "快" */
    0x0, 0x0, 0x0, 0x0, 0x0, 0x0, 0x0, 0x0,
    0x0, 0x0, 0x0, 0x0, 0x0, 0x0, 0xff, 0x20,
    0x0, 0x0, 0x4, 0xfe, 0x0, 0x0, 0x0, 0x0,
    0x0, 0x0, 0xff, 0x20, 0x0, 0x0, 0x4, 0xfe,
    0x0, 0x0, 0x0, 0x0, 0x0, 0x0, 0xff, 0x20,
    0x0, 0x0, 0x4, 0xfe, 0x0, 0x0, 0x0, 0x0,
    0x0, 0x0, 0xff, 0x20, 0x2, 0x33, 0x37, 0xff,
    0x33, 0x33, 0x30, 0x0, 0x0, 0x30, 0xff, 0xbc,
    0xb, 0xff, 0xff, 0xff, 0xff, 0xff, 0xf2, 0x0,
    0x3, 0xf7, 0xff, 0xdf, 0x49, 0xdd, 0xde, 0xff,
    0xdd, 0xdf, 0xf2, 0x0, 0x6, 0xf5, 0xff, 0x6f,
    0xb0, 0x0, 0x4, 0xfe, 0x0, 0xf, 0xf2, 0x0,
    0x8, 0xf3, 0xff, 0x2d, 0xf1, 0x0, 0x4, 0xfe,
    0x0, 0xf, 0xf2, 0x0, 0xb, 0xf1, 0xff, 0x28,
    0xc2, 0x0, 0x4, 0xfe, 0x0, 0xf, 0xf2, 0x0,
    0xe, 0xe0, 0xff, 0x20, 0x0, 0x0, 0x5, 0xfe,
    0x0, 0xf, 0xf2, 0x0, 0x3f, 0xa0, 0xff, 0x20,
    0x22, 0x22, 0x27, 0xfd, 0x22, 0x2f, 0xf5, 0x20,
    0x2, 0x20, 0xff, 0x20, 0xef, 0xff, 0xff, 0xff,
    0xff, 0xff, 0xff, 0xf0, 0x0, 0x0, 0xff, 0x20,
    0xef, 0xff, 0xff, 0xff, 0xff, 0xff, 0xff, 0xf0,
    0x0, 0x0, 0xff, 0x20, 0x0, 0x0, 0xd, 0xff,
    0xf1, 0x0, 0x0, 0x0, 0x0, 0x0, 0xff, 0x20,
    0x0, 0x0, 0x3f, 0xfe, 0xf7, 0x0, 0x0, 0x0,
    0x0, 0x0, 0xff, 0x20, 0x0, 0x0, 0xaf, 0xb6,
    0xfe, 0x10, 0x0, 0x0, 0x0, 0x0, 0xff, 0x20,
    0x0, 0x3, 0xff, 0x50, 0xef, 0xc0, 0x0, 0x0,
    0x0, 0x0, 0xff, 0x20, 0x0, 0x1d, 0xfb, 0x0,
    0x5f, 0xf9, 0x0, 0x0, 0x0, 0x0, 0xff, 0x20,
    0x1, 0xdf, 0xe1, 0x0, 0xa, 0xff, 0xa0, 0x0,
    0x0, 0x0, 0xff, 0x20, 0x6f, 0xfe, 0x30, 0x0,
    0x0, 0xbf, 0xfe, 0x60, 0x0, 0x0, 0xff, 0x28,
    0xff, 0xd3, 0x0, 0x0, 0x0, 0xb, 0xff, 0xd1,
    0x0, 0x0, 0xff, 0x20, 0xb9, 0x0, 0x0, 0x0,
    0x0, 0x0, 0x5d, 0x20, 0x0, 0x0, 0x0, 0x0,
    0x0, 0x0, 0x0, 0x0, 0x0, 0x0, 0x0, 0x0,

    /* U+6001 "态" */
    0x0, 0x0, 0x0, 0x0, 0x0, 0x9a, 0x40, 0x0,
    0x0, 0x0, 0x0, 0x0, 0x0, 0x0, 0x0, 0x0,
    0xf, 0xf4, 0x0, 0x0, 0x0, 0x0, 0x0, 0x0,
    0x0, 0x0, 0x0, 0x3, 0xff, 0x10, 0x0, 0x0,
    0x0, 0x0, 0x6, 0xff, 0xff, 0xff, 0xff, 0xff,
    0xff, 0xff, 0xff, 0xff, 0xff, 0xe0, 0x6f, 0xff,
    0xff, 0xff, 0xff, 0xff, 0xff, 0xff, 0xff, 0xff,
    0xfe, 0x0, 0x22, 0x22, 0x22, 0x24, 0xff, 0xcf,
    0xe2, 0x22, 0x22, 0x22, 0x20, 0x0, 0x0, 0x0,
    0x0, 0x9f, 0xe1, 0xef, 0x90, 0x0, 0x0, 0x0,
    0x0, 0x0, 0x0, 0x0, 0x3f, 0xf7, 0x6, 0xff,
    0x40, 0x0, 0x0, 0x0, 0x0, 0x0, 0x0, 0x2e,
    0xfd, 0x0, 0xc, 0xff, 0x40, 0x0, 0x0, 0x0,
    0x0, 0x0, 0x4e, 0xff, 0x45, 0x0, 0x1e, 0xff,
    0x60, 0x0, 0x0, 0x0, 0x1, 0x9f, 0xff, 0x9f,
    0xfb, 0x10, 0x3f, 0xff, 0xc3, 0x0, 0x0, 0x39,
    0xff, 0xfe, 0x30, 0x8f, 0xfe, 0x30, 0x2c, 0xff,
    0xfd, 0x80, 0x5f, 0xff, 0xf8, 0x0, 0x0, 0x4e,
    0xfd, 0x0, 0x8, 0xff, 0xfa, 0x0, 0xcd, 0x71,
    0x0, 0x0, 0x19, 0x59, 0x0, 0x0, 0x0, 0x6c,
    0x10, 0x0, 0x11, 0x1, 0x33, 0xa, 0xfe, 0x20,
    0x0, 0x2, 0x82, 0x0, 0x0, 0x7, 0xf8, 0x4f,
    0xe0, 0xb, 0xfe, 0x20, 0x0, 0xbf, 0xa0, 0x0,
    0x0, 0xcf, 0x64, 0xfe, 0x0, 0xc, 0xfd, 0x0,
    0x3, 0xff, 0x20, 0x0, 0x1f, 0xf2, 0x4f, 0xe0,
    0x0, 0x1e, 0xd2, 0x8, 0x2b, 0xfa, 0x0, 0x7,
    0xfd, 0x4, 0xfe, 0x0, 0x0, 0x20, 0x2, 0xfe,
    0x4f, 0xf1, 0x0, 0xef, 0x70, 0x4f, 0xf2, 0x0,
    0x0, 0x0, 0x7f, 0xc0, 0xdf, 0x80, 0x4f, 0xf1,
    0x1, 0xff, 0xff, 0xff, 0xff, 0xff, 0xf7, 0x8,
    0xfb, 0x0, 0x25, 0x0, 0x5, 0xce, 0xff, 0xff,
    0xff, 0xe9, 0x0, 0x23, 0x0,

    /* U+6027 "性" */
    0x0, 0x0, 0x0, 0x0, 0x0, 0x0, 0x0, 0x0,
    0x0, 0x0, 0x0, 0x0, 0x0, 0xf, 0xf3, 0x0,
    0x0, 0x0, 0x3, 0xee, 0x0, 0x0, 0x0, 0x0,
    0x0, 0xff, 0x30, 0x0, 0x4d, 0x90, 0x3f, 0xf0,
    0x0, 0x0, 0x0, 0x0, 0xf, 0xf3, 0x0, 0x8,
    0xfb, 0x3, 0xff, 0x0, 0x0, 0x0, 0x0, 0x0,
    0xff, 0x31, 0x0, 0xbf, 0x80, 0x3f, 0xf0, 0x0,
    0x0, 0x0, 0x17, 0x3f, 0xfd, 0xe0, 0xe, 0xf6,
    0x25, 0xff, 0x22, 0x22, 0x20, 0x4, 0xf6, 0xff,
    0xaf, 0x73, 0xff, 0xff, 0xff, 0xff, 0xff, 0xff,
    0x20, 0x6f, 0x4f, 0xf4, 0xfd, 0x8f, 0xff, 0xff,
    0xff, 0xff, 0xff, 0xf2, 0x9, 0xf2, 0xff, 0x3a,
    0xff, 0xf6, 0x0, 0x3f, 0xf0, 0x0, 0x0, 0x0,
    0xcf, 0xf, 0xf3, 0x27, 0xff, 0x0, 0x3, 0xff,
    0x0, 0x0, 0x0, 0x1f, 0xb0, 0xff, 0x30, 0x7e,
    0x80, 0x0, 0x3f, 0xf0, 0x0, 0x0, 0x2, 0xb7,
    0xf, 0xf3, 0x0, 0x10, 0x0, 0x3, 0xff, 0x0,
    0x0, 0x0, 0x0, 0x0, 0xff, 0x30, 0x1, 0xcc,
    0xcc, 0xdf, 0xfc, 0xcc, 0xc8, 0x0, 0x0, 0xf,
    0xf3, 0x0, 0x1f, 0xff, 0xff, 0xff, 0xff, 0xff,
    0xa0, 0x0, 0x0, 0xff, 0x30, 0x0, 0x44, 0x44,
    0x7f, 0xf4, 0x44, 0x43, 0x0, 0x0, 0xf, 0xf3,
    0x0, 0x0, 0x0, 0x3, 0xff, 0x0, 0x0, 0x0,
    0x0, 0x0, 0xff, 0x30, 0x0, 0x0, 0x0, 0x3f,
    0xf0, 0x0, 0x0, 0x0, 0x0, 0xf, 0xf3, 0x0,
    0x0, 0x0, 0x3, 0xff, 0x0, 0x0, 0x0, 0x0,
    0x0, 0xff, 0x30, 0x0, 0x0, 0x0, 0x3f, 0xf0,
    0x0, 0x0, 0x0, 0x0, 0xf, 0xf3, 0x0, 0x0,
    0x0, 0x4, 0xff, 0x0, 0x0, 0x0, 0x0, 0x0,
    0xff, 0x30, 0xef, 0xff, 0xff, 0xff, 0xff, 0xff,
    0xff, 0xc0, 0x0, 0xf, 0xf3, 0xe, 0xff, 0xff,
    0xff, 0xff, 0xff, 0xff, 0xfc, 0x0, 0x0, 0xff,
    0x30, 0x0, 0x0, 0x0, 0x0, 0x0, 0x0, 0x0,
    0x0,

    /* U+603B "总" */
    0x0, 0x0, 0x1, 0x85, 0x0, 0x0, 0x0, 0xb,
    0x60, 0x0, 0x0, 0x0, 0x0, 0x0, 0x7f, 0xf2,
    0x0, 0x0, 0x6, 0xff, 0x40, 0x0, 0x0, 0x0,
    0x0, 0x0, 0xcf, 0xb0, 0x0, 0x0, 0xdf, 0xb0,
    0x0, 0x0, 0x0, 0x0, 0x0, 0x3, 0xff, 0x40,
    0x0, 0x6f, 0xf2, 0x0, 0x0, 0x0, 0x0, 0x1,
    0x33, 0x3d, 0xd5, 0x33, 0x3e, 0xfa, 0x33, 0x30,
    0x0, 0x0, 0x0, 0x7f, 0xff, 0xff, 0xff, 0xff,
    0xff, 0xff, 0xff, 0x0, 0x0, 0x0, 0x7, 0xff,
    0xdd, 0xdd, 0xdd, 0xdd, 0xdd, 0xff, 0xf0, 0x0,
    0x0, 0x0, 0x7f, 0xe0, 0x0, 0x0, 0x0, 0x0,
    0x8, 0xff, 0x0, 0x0, 0x0, 0x7, 0xfe, 0x0,
    0x0, 0x0, 0x0, 0x0, 0x8f, 0xf0, 0x0, 0x0,
    0x0, 0x7f, 0xe0, 0x0, 0x0, 0x0, 0x0, 0x8,
    0xff, 0x0, 0x0, 0x0, 0x7, 0xff, 0xdd, 0xdd,
    0xdd, 0xdd, 0xdd, 0xef, 0xf0, 0x0, 0x0, 0x0,
    0x7f, 0xff, 0xff, 0xff, 0xff, 0xff, 0xff, 0xff,
    0x0, 0x0, 0x0, 0x1, 0x33, 0x33, 0x33, 0xb6,
    0x33, 0x33, 0x33, 0x30, 0x0, 0x0, 0x0, 0x0,
    0x0, 0x0, 0x7f, 0xe4, 0x0, 0x0, 0x0, 0x0,
    0x0, 0x0, 0x10, 0x1, 0x88, 0x13, 0xef, 0xf5,
    0x0, 0x1, 0xa3, 0x0, 0x0, 0xe, 0xf4, 0x2f,
    0xf3, 0x2, 0xdf, 0xf4, 0x0, 0x8f, 0xd0, 0x0,
    0x3, 0xff, 0x12, 0xff, 0x30, 0x1, 0xdf, 0x90,
    0x0, 0xdf, 0xa0, 0x0, 0x8f, 0xc0, 0x2f, 0xf3,
    0x0, 0x2, 0x90, 0x1, 0x3, 0xff, 0x40, 0xe,
    0xf7, 0x2, 0xff, 0x30, 0x0, 0x0, 0x0, 0xfb,
    0x18, 0xfd, 0x7, 0xfe, 0x0, 0x1f, 0xf6, 0x0,
    0x0, 0x0, 0x5f, 0xf0, 0x1f, 0xd1, 0x2a, 0x70,
    0x0, 0xef, 0xff, 0xff, 0xff, 0xff, 0xfb, 0x0,
    0x40, 0x0, 0x0, 0x0, 0x3, 0xbe, 0xff, 0xff,
    0xff, 0xeb, 0x10, 0x0, 0x0,

    /* U+606F "息" */
    0x0, 0x0, 0x0, 0x0, 0x0, 0x52, 0x0, 0x0,
    0x0, 0x0, 0x0, 0x0, 0x0, 0x0, 0x0, 0x4,
    0xff, 0x50, 0x0, 0x0, 0x0, 0x0, 0x0, 0x0,
    0x0, 0x0, 0x9, 0xfd, 0x0, 0x0, 0x0, 0x0,
    0x0, 0x0, 0x3, 0xff, 0xff, 0xff, 0xff, 0xff,
    0xff, 0xff, 0x40, 0x0, 0x0, 0x3, 0xff, 0xcc,
    0xcc, 0xcc, 0xcc, 0xcc, 0xff, 0x40, 0x0, 0x0,
    0x3, 0xfe, 0x0, 0x0, 0x0, 0x0, 0x0, 0xef,
    0x40, 0x0, 0x0, 0x3, 0xff, 0xaa, 0xaa, 0xaa,
    0xaa, 0xaa, 0xff, 0x40, 0x0, 0x0, 0x3, 0xff,
    0xff, 0xff, 0xff, 0xff, 0xff, 0xff, 0x40, 0x0,
    0x0, 0x3, 0xfe, 0x0, 0x0, 0x0, 0x0, 0x0,
    0xef, 0x40, 0x0, 0x0, 0x3, 0xff, 0x99, 0x99,
    0x99, 0x99, 0x99, 0xff, 0x40, 0x0, 0x0, 0x3,
    0xff, 0xff, 0xff, 0xff, 0xff, 0xff, 0xff, 0x40,
    0x0, 0x0, 0x3, 0xfe, 0x0, 0x0, 0x0, 0x0,
    0x0, 0xef, 0x40, 0x0, 0x0, 0x3, 0xfe, 0x0,
    0x0, 0x0, 0x0, 0x0, 0xef, 0x40, 0x0, 0x0,
    0x3, 0xff, 0xff, 0xff, 0xff, 0xff, 0xff, 0xff,
    0x40, 0x0, 0x0, 0x2, 0xbb, 0xbb, 0xbb, 0xfc,
    0xbb, 0xbb, 0xbb, 0x30, 0x0, 0x0, 0x0, 0x0,
    0x0, 0x9, 0xfb, 0x0, 0x0, 0x0, 0x0, 0x0,
    0x0, 0x43, 0x3, 0x64, 0x2, 0xef, 0x90, 0x0,
    0x7, 0xe5, 0x0, 0x0, 0xef, 0x58, 0xfa, 0x0,
    0x3f, 0xf4, 0x0, 0x8, 0xfe, 0x10, 0x4, 0xff,
    0x8, 0xfa, 0x0, 0x8, 0xf9, 0x5, 0x30, 0xef,
    0x90, 0xc, 0xf9, 0x8, 0xfa, 0x0, 0x0, 0x40,
    0xa, 0xf6, 0x6f, 0xf1, 0x5f, 0xf2, 0x8, 0xfc,
    0x10, 0x0, 0x0, 0x2e, 0xf4, 0xf, 0xf7, 0x5e,
    0xa0, 0x5, 0xff, 0xff, 0xff, 0xff, 0xff, 0xe0,
    0x7, 0x60, 0x0, 0x10, 0x0, 0x8d, 0xff, 0xff,
    0xff, 0xfd, 0x40, 0x0, 0x0,

    /* U+60F3 "想" */
    0x0, 0x0, 0x0, 0x0, 0x0, 0x0, 0x0, 0x0,
    0x0, 0x0, 0x0, 0x0, 0x0, 0x0, 0x9f, 0x70,
    0x0, 0x0, 0x0, 0x0, 0x0, 0x0, 0x0, 0x0,
    0x0, 0x9, 0xf7, 0x0, 0x0, 0xde, 0xee, 0xee,
    0xee, 0xe4, 0x0, 0x0, 0x0, 0x9f, 0x70, 0x0,
    0xe, 0xfe, 0xee, 0xee, 0xff, 0x50, 0x7, 0x99,
    0x9d, 0xfc, 0x99, 0x90, 0xef, 0x10, 0x0, 0xc,
    0xf5, 0x0, 0xcf, 0xff, 0xff, 0xff, 0xff, 0x1e,
    0xf5, 0x44, 0x44, 0xdf, 0x50, 0x3, 0x44, 0x6f,
    0xf9, 0x44, 0x40, 0xef, 0xff, 0xff, 0xff, 0xf5,
    0x0, 0x0, 0xb, 0xff, 0xb0, 0x0, 0xe, 0xf7,
    0x66, 0x66, 0xef, 0x50, 0x0, 0x4, 0xff, 0xff,
    0xd3, 0x0, 0xef, 0x10, 0x0, 0xc, 0xf5, 0x0,
    0x0, 0xdf, 0xdf, 0xdf, 0xf7, 0xe, 0xfb, 0xaa,
    0xaa, 0xff, 0x50, 0x0, 0xbf, 0xa9, 0xf7, 0x6f,
    0xf2, 0xef, 0xff, 0xff, 0xff, 0xf5, 0x0, 0xbf,
    0xe1, 0x9f, 0x70, 0x57, 0xe, 0xf1, 0x0, 0x0,
    0xcf, 0x50, 0x1d, 0xf3, 0x9, 0xf7, 0x0, 0x0,
    0xef, 0x31, 0x11, 0x1d, 0xf5, 0x0, 0x24, 0x0,
    0x9f, 0x70, 0x0, 0xe, 0xff, 0xff, 0xff, 0xff,
    0x50, 0x0, 0x0, 0x9, 0xe7, 0x0, 0x26, 0xaa,
    0xaa, 0xaa, 0xaa, 0xa3, 0x0, 0x0, 0x0, 0x0,
    0x0, 0x1e, 0xf5, 0x0, 0x0, 0x0, 0x30, 0x0,
    0x0, 0x1a, 0x20, 0x24, 0x20, 0x8f, 0xf3, 0x0,
    0x1, 0xdf, 0x30, 0x0, 0x6, 0xfe, 0x8, 0xfa,
    0x0, 0xaf, 0xe1, 0x0, 0xc, 0xfc, 0x0, 0x0,
    0xbf, 0x90, 0x8f, 0xa0, 0x0, 0xde, 0x30, 0x60,
    0x3f, 0xf6, 0x0, 0x2f, 0xf3, 0x8, 0xfa, 0x0,
    0x2, 0x20, 0x2f, 0xc0, 0xaf, 0xe0, 0xb, 0xfc,
    0x0, 0x8f, 0xc0, 0x0, 0x0, 0x7, 0xfa, 0x2,
    0xff, 0x50, 0x8f, 0x40, 0x5, 0xff, 0xff, 0xff,
    0xff, 0xff, 0x50, 0x7, 0x40, 0x0, 0x10, 0x0,
    0x8, 0xef, 0xff, 0xff, 0xfe, 0x80, 0x0, 0x0,
    0x0,

    /* U+611F "感" */
    0x0, 0x0, 0x0, 0x0, 0x0, 0x0, 0x1, 0x10,
    0x0, 0x0, 0x0, 0x0, 0x0, 0x0, 0x0, 0x0,
    0x0, 0x3, 0xfd, 0xa, 0xe6, 0x0, 0x0, 0x0,
    0x0, 0x0, 0x0, 0x0, 0x0, 0x2f, 0xe0, 0x3d,
    0xf9, 0x0, 0x0, 0xc, 0xcc, 0xcc, 0xcc, 0xcc,
    0xcd, 0xff, 0xcc, 0xdf, 0xdc, 0x80, 0x0, 0xff,
    0xff, 0xff, 0xff, 0xff, 0xff, 0xff, 0xff, 0xff,
    0xfa, 0x0, 0xf, 0xf1, 0x0, 0x0, 0x0, 0x0,
    0xef, 0x20, 0x0, 0x0, 0x0, 0x0, 0xff, 0x29,
    0x99, 0x99, 0x99, 0x2b, 0xf5, 0x0, 0xac, 0x40,
    0x0, 0xf, 0xf2, 0xff, 0xff, 0xff, 0xf4, 0x9f,
    0x70, 0x2f, 0xf1, 0x0, 0x1, 0xff, 0x0, 0x0,
    0x0, 0x0, 0x6, 0xfb, 0xa, 0xf9, 0x0, 0x0,
    0x3f, 0xe0, 0xef, 0xff, 0xff, 0xe0, 0x2f, 0xf6,
    0xff, 0x10, 0x0, 0x4, 0xfc, 0xf, 0xf9, 0x99,
    0xee, 0x0, 0xcf, 0xff, 0x60, 0x0, 0x0, 0x7f,
    0xa0, 0xfd, 0x0, 0xd, 0xe0, 0x7, 0xff, 0xa0,
    0xb, 0x60, 0xc, 0xf6, 0xf, 0xe2, 0x22, 0xde,
    0x3, 0xef, 0xf7, 0x0, 0xee, 0x2, 0xff, 0x20,
    0xff, 0xff, 0xff, 0xe6, 0xff, 0xff, 0xf7, 0x4f,
    0xb0, 0xbf, 0xc0, 0x6, 0x77, 0x77, 0x77, 0xbf,
    0xb1, 0x9f, 0xff, 0xf6, 0x6, 0xf4, 0x0, 0x0,
    0x0, 0x18, 0x10, 0x60, 0x0, 0x6c, 0xd9, 0x0,
    0x4, 0x0, 0x2, 0x31, 0xb, 0xfc, 0x0, 0x0,
    0x0, 0x0, 0x0, 0x0, 0x7, 0x50, 0xbf, 0x70,
    0x1d, 0xfa, 0x0, 0x0, 0x8f, 0x80, 0x0, 0x1,
    0xff, 0x3b, 0xf7, 0x0, 0x2f, 0xf6, 0x3, 0x14,
    0xff, 0x20, 0x0, 0x9f, 0xb0, 0xbf, 0x70, 0x0,
    0x6c, 0x40, 0x8f, 0x7a, 0xfb, 0x0, 0x3f, 0xf3,
    0xb, 0xf9, 0x0, 0x0, 0x0, 0xc, 0xf6, 0x2f,
    0xf4, 0x9, 0xfb, 0x0, 0x9f, 0xfc, 0xcc, 0xcc,
    0xcd, 0xff, 0x10, 0xab, 0x40, 0x2, 0x20, 0x1,
    0xae, 0xff, 0xff, 0xff, 0xfd, 0x50, 0x0, 0x0,
    0x0,

    /* U+6162 "慢" */
    0x0, 0x0, 0x0, 0x0, 0x0, 0x0, 0x0, 0x0,
    0x0, 0x0, 0x0, 0x0, 0x0, 0x2, 0xfe, 0x0,
    0x3, 0x55, 0x55, 0x55, 0x55, 0x55, 0x50, 0x0,
    0x0, 0x2, 0xfe, 0x0, 0x9, 0xff, 0xff, 0xff,
    0xff, 0xff, 0xe0, 0x0, 0x0, 0x2, 0xfe, 0x0,
    0x9, 0xf9, 0x0, 0x0, 0x0, 0x2f, 0xe0, 0x0,
    0x0, 0x2, 0xfe, 0x23, 0x9, 0xff, 0xff, 0xff,
    0xff, 0xff, 0xe0, 0x0, 0x2, 0x84, 0xfe, 0xcc,
    0x9, 0xfa, 0x22, 0x22, 0x22, 0x5f, 0xe0, 0x0,
    0x5, 0xf4, 0xfe, 0x8f, 0x19, 0xfd, 0x88, 0x88,
    0x88, 0xaf, 0xe0, 0x0, 0x7, 0xf3, 0xfe, 0x4f,
    0x58, 0xdd, 0xdd, 0xdd, 0xdd, 0xdd, 0xc0, 0x0,
    0x9, 0xf2, 0xfe, 0x1f, 0x92, 0x22, 0x22, 0x22,
    0x22, 0x22, 0x22, 0x0, 0xc, 0xd2, 0xfe, 0x2,
    0xdf, 0xff, 0xff, 0xff, 0xff, 0xff, 0xff, 0x10,
    0xf, 0xa2, 0xfe, 0x0, 0xdf, 0x54, 0xbf, 0x44,
    0xcf, 0x44, 0xff, 0x10, 0x1c, 0x62, 0xfe, 0x0,
    0xdf, 0x10, 0xaf, 0x0, 0xbf, 0x0, 0xef, 0x10,
    0x0, 0x2, 0xfe, 0x0, 0xdf, 0xff, 0xff, 0xff,
    0xff, 0xff, 0xff, 0x10, 0x0, 0x2, 0xfe, 0x0,
    0x67, 0x77, 0x77, 0x77, 0x77, 0x77, 0x77, 0x0,
    0x0, 0x2, 0xfe, 0x0, 0x0, 0x0, 0x0, 0x0,
    0x0, 0x1, 0x10, 0x0, 0x0, 0x2, 0xfe, 0x2,
    0xff, 0xff, 0xff, 0xff, 0xff, 0xff, 0xf5, 0x0,
    0x0, 0x2, 0xfe, 0x2, 0xbd, 0xff, 0xcb, 0xbb,
    0xbb, 0xef, 0xe1, 0x0, 0x0, 0x2, 0xfe, 0x0,
    0x0, 0xcf, 0xd2, 0x0, 0x7, 0xff, 0x40, 0x0,
    0x0, 0x2, 0xfe, 0x0, 0x0, 0x1b, 0xff, 0x83,
    0xcf, 0xf5, 0x0, 0x0, 0x0, 0x2, 0xfe, 0x0,
    0x0, 0x0, 0x8f, 0xff, 0xfe, 0x20, 0x0, 0x0,
    0x0, 0x2, 0xfe, 0x0, 0x14, 0x7b, 0xff, 0xff,
    0xff, 0xd9, 0x52, 0x0, 0x0, 0x2, 0xfe, 0xd,
    0xff, 0xff, 0xea, 0x43, 0x8e, 0xff, 0xff, 0xb0,
    0x0, 0x2, 0xfe, 0x6, 0xeb, 0x74, 0x0, 0x0,
    0x0, 0x48, 0xbd, 0x10, 0x0, 0x0, 0x0, 0x0,
    0x0, 0x0, 0x0, 0x0, 0x0, 0x0, 0x0, 0x0,

    /* U+6210 "成" */
    0x0, 0x0, 0x0, 0x0, 0x0, 0x0, 0x0, 0x0,
    0x0, 0x0, 0x0, 0x0, 0x0, 0x0, 0x0, 0x0,
    0x0, 0x4, 0xff, 0x14, 0xe7, 0x0, 0x0, 0x0,
    0x0, 0x0, 0x0, 0x0, 0x0, 0x3f, 0xf1, 0x8f,
    0xfd, 0x30, 0x0, 0x0, 0x0, 0x0, 0x0, 0x0,
    0x3, 0xff, 0x10, 0x2c, 0xff, 0x30, 0x0, 0x3,
    0x33, 0x33, 0x33, 0x33, 0x5f, 0xf5, 0x33, 0x4c,
    0xc3, 0x20, 0x0, 0xff, 0xff, 0xff, 0xff, 0xff,
    0xff, 0xff, 0xff, 0xff, 0xfc, 0x0, 0xf, 0xff,
    0xff, 0xff, 0xff, 0xff, 0xff, 0xff, 0xff, 0xff,
    0xc0, 0x0, 0xff, 0x40, 0x0, 0x0, 0x0, 0xff,
    0x50, 0x0, 0x0, 0x0, 0x0, 0xf, 0xf4, 0x0,
    0x0, 0x0, 0xd, 0xf7, 0x0, 0x4, 0x10, 0x0,
    0x0, 0xff, 0x51, 0x11, 0x11, 0x0, 0xbf, 0x80,
    0x2, 0xff, 0x30, 0x0, 0xf, 0xff, 0xff, 0xff,
    0xf5, 0x9, 0xfa, 0x0, 0x8f, 0xd0, 0x0, 0x0,
    0xff, 0xff, 0xff, 0xff, 0x40, 0x7f, 0xd0, 0xe,
    0xf6, 0x0, 0x0, 0xf, 0xf4, 0x0, 0xe, 0xf4,
    0x4, 0xff, 0x7, 0xff, 0x0, 0x0, 0x1, 0xff,
    0x30, 0x0, 0xef, 0x30, 0x1f, 0xf5, 0xff, 0x80,
    0x0, 0x0, 0x1f, 0xf3, 0x0, 0xf, 0xf3, 0x0,
    0xdf, 0xef, 0xd0, 0x0, 0x0, 0x3, 0xff, 0x10,
    0x0, 0xff, 0x20, 0x9, 0xff, 0xf3, 0x0, 0x0,
    0x0, 0x5f, 0xf0, 0x0, 0x3f, 0xf0, 0x0, 0x6f,
    0xf8, 0x0, 0xa, 0x10, 0x8, 0xfd, 0x3d, 0xcf,
    0xfe, 0x0, 0x3f, 0xff, 0x70, 0x0, 0xfe, 0x0,
    0xbf, 0xa0, 0xff, 0xff, 0x60, 0x2e, 0xff, 0xfd,
    0x0, 0x1f, 0xd0, 0xf, 0xf5, 0x2, 0x33, 0x0,
    0x4e, 0xfe, 0x4f, 0xf7, 0x4, 0xfb, 0x7, 0xff,
    0x10, 0x0, 0x0, 0x8f, 0xfe, 0x20, 0x8f, 0xf7,
    0xbf, 0x70, 0xef, 0xb0, 0x0, 0x0, 0x3f, 0xfd,
    0x20, 0x0, 0xcf, 0xff, 0xf1, 0x5, 0xf3, 0x0,
    0x0, 0x0, 0x6b, 0x10, 0x0, 0x0, 0x9e, 0xd5,
    0x0, 0x2, 0x0, 0x0, 0x0, 0x0, 0x0, 0x0,
    0x0, 0x0, 0x0, 0x0,

    /* U+6253 "打" */
    0x0, 0x5, 0xec, 0x0, 0x0, 0x0, 0x0, 0x0,
    0x0, 0x0, 0x0, 0x0, 0x0, 0x6f, 0xd0, 0x0,
    0x0, 0x0, 0x0, 0x0, 0x0, 0x0, 0x0, 0x0,
    0x6, 0xfd, 0x0, 0xd, 0xff, 0xff, 0xff, 0xff,
    0xff, 0xff, 0x10, 0x0, 0x6f, 0xd0, 0x0, 0xdf,
    0xff, 0xff, 0xff, 0xff, 0xff, 0xf1, 0x23, 0x38,
    0xfe, 0x33, 0x33, 0x33, 0x33, 0x38, 0xff, 0x33,
    0x33, 0xb, 0xff, 0xff, 0xff, 0xfe, 0x0, 0x0,
    0x0, 0x6f, 0xf0, 0x0, 0x0, 0xad, 0xde, 0xff,
    0xdd, 0xc0, 0x0, 0x0, 0x6, 0xff, 0x0, 0x0,
    0x0, 0x0, 0x6f, 0xd0, 0x0, 0x0, 0x0, 0x0,
    0x6f, 0xf0, 0x0, 0x0, 0x0, 0x6, 0xfd, 0x0,
    0x0, 0x0, 0x0, 0x6, 0xff, 0x0, 0x0, 0x0,
    0x0, 0x6f, 0xd0, 0x0, 0x0, 0x0, 0x0, 0x6f,
    0xf0, 0x0, 0x0, 0x0, 0x6, 0xfe, 0x26, 0xa0,
    0x0, 0x0, 0x6, 0xff, 0x0, 0x0, 0x0, 0x2,
    0x9f, 0xff, 0xff, 0x10, 0x0, 0x0, 0x6f, 0xf0,
    0x0, 0x0, 0x8d, 0xff, 0xff, 0xfc, 0x70, 0x0,
    0x0, 0x6, 0xff, 0x0, 0x0, 0xa, 0xff, 0xff,
    0xe1, 0x0, 0x0, 0x0, 0x0, 0x6f, 0xf0, 0x0,
    0x0, 0x47, 0x36, 0xfd, 0x0, 0x0, 0x0, 0x0,
    0x6, 0xff, 0x0, 0x0, 0x0, 0x0, 0x6f, 0xd0,
    0x0, 0x0, 0x0, 0x0, 0x6f, 0xf0, 0x0, 0x0,
    0x0, 0x6, 0xfd, 0x0, 0x0, 0x0, 0x0, 0x6,
    0xff, 0x0, 0x0, 0x0, 0x0, 0x6f, 0xd0, 0x0,
    0x0, 0x0, 0x0, 0x6f, 0xf0, 0x0, 0x0, 0x0,
    0x6, 0xfd, 0x0, 0x0, 0x0, 0x0, 0x6, 0xff,
    0x0, 0x0, 0x0, 0x10, 0x7f, 0xd0, 0x0, 0x0,
    0x44, 0x43, 0xaf, 0xe0, 0x0, 0x0, 0xf, 0xff,
    0xfb, 0x0, 0x0, 0x9, 0xff, 0xff, 0xfb, 0x0,
    0x0, 0x0, 0xbf, 0xeb, 0x10, 0x0, 0x0, 0x3f,
    0xff, 0xea, 0x10, 0x0, 0x0, 0x0, 0x0, 0x0,
    0x0, 0x0, 0x0, 0x11, 0x10, 0x0, 0x0, 0x0,
    0x0,

    /* U+626B "扫" */
    0x0, 0x0, 0x7c, 0x70, 0x0, 0x0, 0x0, 0x0,
    0x0, 0x0, 0x0, 0x0, 0x0, 0x8f, 0x90, 0x0,
    0x0, 0x0, 0x0, 0x0, 0x0, 0x0, 0x0, 0x0,
    0x8f, 0x90, 0x0, 0xbe, 0xee, 0xee, 0xee, 0xee,
    0xec, 0x0, 0x0, 0x8f, 0x90, 0x0, 0xcf, 0xff,
    0xff, 0xff, 0xff, 0xfd, 0xb, 0xcc, 0xef, 0xec,
    0xc7, 0x0, 0x0, 0x0, 0x0, 0x4, 0xfd, 0xe,
    0xff, 0xff, 0xff, 0xf8, 0x0, 0x0, 0x0, 0x0,
    0x4, 0xfd, 0x3, 0x44, 0xaf, 0xb4, 0x42, 0x0,
    0x0, 0x0, 0x0, 0x4, 0xfd, 0x0, 0x0, 0x8f,
    0x90, 0x0, 0x0, 0x0, 0x0, 0x0, 0x4, 0xfd,
    0x0, 0x0, 0x8f, 0x90, 0x0, 0x0, 0x0, 0x0,
    0x0, 0x4, 0xfd, 0x0, 0x0, 0x8f, 0x90, 0x0,
    0x3, 0x33, 0x33, 0x33, 0x37, 0xfd, 0x0, 0x0,
    0x8f, 0xa3, 0x77, 0x3f, 0xff, 0xff, 0xff, 0xff,
    0xfd, 0x0, 0x14, 0xcf, 0xff, 0xfd, 0x3f, 0xff,
    0xff, 0xff, 0xff, 0xfd, 0x1d, 0xff, 0xff, 0xfd,
    0xa6, 0x0, 0x0, 0x0, 0x0, 0x4, 0xfd, 0xd,
    0xfd, 0xdf, 0xa0, 0x0, 0x0, 0x0, 0x0, 0x0,
    0x4, 0xfd, 0x3, 0x10, 0x8f, 0x90, 0x0, 0x0,
    0x0, 0x0, 0x0, 0x4, 0xfd, 0x0, 0x0, 0x8f,
    0x90, 0x0, 0x0, 0x0, 0x0, 0x0, 0x4, 0xfd,
    0x0, 0x0, 0x8f, 0x90, 0x0, 0x0, 0x0, 0x0,
    0x0, 0x4, 0xfd, 0x0, 0x0, 0x8f, 0x90, 0x0,
    0x0, 0x0, 0x0, 0x0, 0x4, 0xfd, 0x0, 0x0,
    0x8f, 0x90, 0x0, 0xef, 0xff, 0xff, 0xff, 0xff,
    0xfd, 0x0, 0x0, 0x9f, 0x90, 0x0, 0xff, 0xff,
    0xff, 0xff, 0xff, 0xfd, 0x3, 0xff, 0xff, 0x70,
    0x0, 0x11, 0x11, 0x11, 0x11, 0x16, 0xfd, 0x0,
    0xef, 0xe9, 0x0, 0x0, 0x0, 0x0, 0x0, 0x0,
    0x4, 0xfd, 0x0, 0x0, 0x0, 0x0, 0x0, 0x0,
    0x0, 0x0, 0x0, 0x0, 0x0,

    /* U+628A "把" */
    0x0, 0x0, 0x22, 0x0, 0x0, 0x0, 0x0, 0x0,
    0x0, 0x0, 0x0, 0x0, 0x0, 0x2, 0xff, 0x0,
    0x0, 0x0, 0x0, 0x0, 0x0, 0x0, 0x0, 0x0,
    0x0, 0x2, 0xff, 0x0, 0x5, 0xff, 0xff, 0xff,
    0xff, 0xff, 0xfe, 0x0, 0x0, 0x2, 0xff, 0x0,
    0x5, 0xff, 0xff, 0xff, 0xff, 0xff, 0xfe, 0x0,
    0x0, 0x2, 0xff, 0x0, 0x5, 0xff, 0x33, 0x5f,
    0xf3, 0x38, 0xfe, 0x0, 0x3, 0x36, 0xff, 0x33,
    0x15, 0xfe, 0x0, 0x2f, 0xe0, 0x6, 0xfe, 0x0,
    0xe, 0xff, 0xff, 0xff, 0x55, 0xfe, 0x0, 0x2f,
    0xe0, 0x6, 0xfe, 0x0, 0xc, 0xdd, 0xff, 0xdd,
    0x45, 0xfe, 0x0, 0x2f, 0xe0, 0x6, 0xfe, 0x0,
    0x0, 0x2, 0xff, 0x0, 0x5, 0xfe, 0x0, 0x2f,
    0xe0, 0x6, 0xfe, 0x0, 0x0, 0x2, 0xff, 0x0,
    0x5, 0xfe, 0x0, 0x2f, 0xe0, 0x6, 0xfe, 0x0,
    0x0, 0x2, 0xff, 0x0, 0x5, 0xfe, 0x0, 0x2f,
    0xe0, 0x6, 0xfe, 0x0, 0x0, 0x2, 0xff, 0x7b,
    0xa5, 0xff, 0xee, 0xef, 0xfe, 0xef, 0xfe, 0x0,
    0x2, 0x6b, 0xff, 0xff, 0xc5, 0xff, 0xff, 0xff,
    0xff, 0xff, 0xfe, 0x0, 0x2f, 0xff, 0xff, 0xc7,
    0x25, 0xff, 0x33, 0x33, 0x33, 0x38, 0xfe, 0x0,
    0xe, 0xfd, 0xff, 0x0, 0x5, 0xfe, 0x0, 0x0,
    0x0, 0x6, 0xfe, 0x0, 0x4, 0x12, 0xff, 0x0,
    0x5, 0xfe, 0x0, 0x0, 0x0, 0x0, 0x0, 0x0,
    0x0, 0x2, 0xff, 0x0, 0x5, 0xfe, 0x0, 0x0,
    0x0, 0x0, 0x0, 0x0, 0x0, 0x2, 0xff, 0x0,
    0x5, 0xfe, 0x0, 0x0, 0x0, 0x0, 0xb, 0x30,
    0x0, 0x2, 0xff, 0x0, 0x5, 0xfe, 0x0, 0x0,
    0x0, 0x0, 0x2f, 0xf1, 0x0, 0x2, 0xff, 0x0,
    0x4, 0xff, 0x0, 0x0, 0x0, 0x0, 0x5f, 0xe0,
    0x0, 0x3, 0xff, 0x0, 0x3, 0xff, 0x62, 0x11,
    0x11, 0x13, 0xcf, 0xb0, 0x5, 0xff, 0xfd, 0x0,
    0x0, 0xdf, 0xff, 0xff, 0xff, 0xff, 0xff, 0x40,
    0x0, 0xfe, 0xb3, 0x0, 0x0, 0x3b, 0xef, 0xff,
    0xff, 0xff, 0xd6, 0x0,

    /* U+62DF "拟" */
    0x0, 0x1, 0xdc, 0x0, 0x0, 0x0, 0x0, 0x0,
    0x0, 0x4, 0x41, 0x0, 0x0, 0x2, 0xfd, 0x0,
    0x3, 0xed, 0x0, 0x0, 0x0, 0xf, 0xf3, 0x0,
    0x0, 0x2, 0xfd, 0x0, 0x3, 0xfe, 0x6, 0x30,
    0x0, 0xf, 0xf2, 0x0, 0x0, 0x2, 0xfd, 0x0,
    0x3, 0xfe, 0x5f, 0xc0, 0x0, 0xf, 0xf1, 0x0,
    0x3, 0x35, 0xfe, 0x33, 0x3, 0xfe, 0xe, 0xf4,
    0x0, 0x1f, 0xf0, 0x0, 0xe, 0xff, 0xff, 0xff,
    0x3, 0xfe, 0x7, 0xfc, 0x0, 0x2f, 0xf0, 0x0,
    0xc, 0xdd, 0xff, 0xdd, 0x3, 0xfe, 0x1, 0xff,
    0x30, 0x4f, 0xf0, 0x0, 0x0, 0x2, 0xfd, 0x0,
    0x3, 0xfe, 0x0, 0x9f, 0x90, 0x5f, 0xd0, 0x0,
    0x0, 0x2, 0xfd, 0x0, 0x3, 0xfe, 0x0, 0x4f,
    0xe0, 0x7f, 0xa0, 0x0, 0x0, 0x2, 0xfd, 0x0,
    0x3, 0xfe, 0x0, 0xf, 0xb1, 0x9f, 0x80, 0x0,
    0x0, 0x2, 0xfe, 0x27, 0x3, 0xfe, 0x0, 0x1,
    0x0, 0xcf, 0x60, 0x0, 0x0, 0x6, 0xff, 0xff,
    0x13, 0xfe, 0x0, 0x0, 0x0, 0xff, 0x30, 0x0,
    0x1c, 0xff, 0xff, 0xea, 0x13, 0xfe, 0x0, 0x0,
    0x3, 0xff, 0x30, 0x0, 0xf, 0xfe, 0xfe, 0x0,
    0x3, 0xfe, 0x0, 0x37, 0x7, 0xff, 0x90, 0x0,
    0x6, 0x32, 0xfd, 0x0, 0x3, 0xfe, 0x8, 0xff,
    0xd, 0xff, 0xf1, 0x0, 0x0, 0x2, 0xfd, 0x0,
    0x3, 0xff, 0xcf, 0xf6, 0x3f, 0xfd, 0xf8, 0x0,
    0x0, 0x2, 0xfd, 0x0, 0x5, 0xff, 0xfd, 0x30,
    0xbf, 0xa6, 0xff, 0x0, 0x0, 0x2, 0xfd, 0x0,
    0xb, 0xff, 0xb0, 0x5, 0xff, 0x30, 0xff, 0x60,
    0x0, 0x2, 0xfd, 0x0, 0x4f, 0xf7, 0x0, 0x2f,
    0xfa, 0x0, 0x9f, 0xc0, 0x0, 0x3, 0xfd, 0x0,
    0xa, 0x50, 0x2, 0xef, 0xe1, 0x0, 0x4f, 0xf2,
    0x8, 0xff, 0xfb, 0x0, 0x0, 0x0, 0xa, 0xff,
    0x20, 0x0, 0xf, 0xd2, 0x3, 0xfe, 0xb2, 0x0,
    0x0, 0x0, 0x0, 0x94, 0x0, 0x0, 0x2, 0x0,

    /* U+6301 "持" */
    0x0, 0x0, 0x44, 0x0, 0x0, 0x0, 0x0, 0x4,
    0x40, 0x0, 0x0, 0x0, 0x0, 0x0, 0xff, 0x0,
    0x0, 0x0, 0x0, 0x2f, 0xf0, 0x0, 0x0, 0x0,
    0x0, 0x0, 0xff, 0x0, 0x0, 0x0, 0x0, 0x2f,
    0xf0, 0x0, 0x0, 0x0, 0x0, 0x0, 0xff, 0x0,
    0x0, 0x11, 0x11, 0x3f, 0xf1, 0x11, 0x11, 0x0,
    0x0, 0x0, 0xff, 0x0, 0x2, 0xff, 0xff, 0xff,
    0xff, 0xff, 0xfe, 0x0, 0x4, 0x55, 0xff, 0x55,
    0x12, 0xff, 0xff, 0xff, 0xff, 0xff, 0xfe, 0x0,
    0xe, 0xff, 0xff, 0xff, 0x50, 0x0, 0x0, 0x2f,
    0xf0, 0x0, 0x0, 0x0, 0x7, 0x78, 0xff, 0x87,
    0x20, 0x0, 0x0, 0x2f, 0xf0, 0x0, 0x0, 0x0,
    0x0, 0x0, 0xff, 0x0, 0x3c, 0xcc, 0xcc, 0xdf,
    0xfc, 0xcc, 0xcc, 0xc0, 0x0, 0x0, 0xff, 0x0,
    0x4f, 0xff, 0xff, 0xff, 0xff, 0xff, 0xff, 0xf0,
    0x0, 0x0, 0xff, 0x0, 0x13, 0x33, 0x33, 0x33,
    0x34, 0xff, 0x43, 0x30, 0x0, 0x0, 0xff, 0x7b,
    0x30, 0x0, 0x0, 0x0, 0x0, 0xff, 0x10, 0x0,
    0x0, 0x27, 0xff, 0xff, 0x61, 0x11, 0x11, 0x11,
    0x12, 0xff, 0x21, 0x10, 0x1d, 0xff, 0xff, 0xe9,
    0x2f, 0xff, 0xff, 0xff, 0xff, 0xff, 0xff, 0xe0,
    0xf, 0xfd, 0xff, 0x0, 0xf, 0xff, 0xff, 0xff,
    0xff, 0xff, 0xff, 0xd0, 0x5, 0x20, 0xff, 0x0,
    0x0, 0x2, 0x40, 0x0, 0x0, 0xff, 0x10, 0x0,
    0x0, 0x0, 0xff, 0x0, 0x0, 0x3f, 0xf2, 0x0,
    0x0, 0xff, 0x10, 0x0, 0x0, 0x0, 0xff, 0x0,
    0x0, 0xb, 0xfc, 0x0, 0x0, 0xff, 0x10, 0x0,
    0x0, 0x0, 0xff, 0x0, 0x0, 0x1, 0xef, 0x60,
    0x0, 0xff, 0x10, 0x0, 0x0, 0x0, 0xff, 0x0,
    0x0, 0x0, 0x7f, 0xb0, 0x0, 0xff, 0x10, 0x0,
    0x0, 0x11, 0xff, 0x0, 0x0, 0x0, 0x6, 0x0,
    0x1, 0xff, 0x0, 0x0, 0x5, 0xff, 0xfe, 0x0,
    0x0, 0x0, 0x0, 0x2f, 0xff, 0xfe, 0x0, 0x0,
    0x1, 0xfe, 0xc4, 0x0, 0x0, 0x0, 0x0, 0xd,
    0xff, 0xd4, 0x0, 0x0, 0x0, 0x0, 0x0, 0x0,
    0x0, 0x0, 0x0, 0x0, 0x0, 0x0, 0x0, 0x0,

    /* U+6309 "按" */
    0x0, 0x0, 0x0, 0x0, 0x0, 0x0, 0x0, 0x0,
    0x0, 0x0, 0x0, 0x0, 0x0, 0x0, 0xdf, 0x40,
    0x0, 0x0, 0x0, 0x9f, 0xa0, 0x0, 0x0, 0x0,
    0x0, 0x0, 0xdf, 0x40, 0x0, 0x0, 0x0, 0x7f,
    0xe0, 0x0, 0x0, 0x0, 0x0, 0x0, 0xdf, 0x40,
    0x0, 0x0, 0x0, 0x3f, 0xf4, 0x0, 0x0, 0x0,
    0x0, 0x0, 0xdf, 0x40, 0xb, 0xff, 0xff, 0xff,
    0xff, 0xff, 0xff, 0xd0, 0x3, 0x33, 0xef, 0x73,
    0x2b, 0xff, 0xff, 0xff, 0xff, 0xff, 0xff, 0xd0,
    0xe, 0xff, 0xff, 0xff, 0xab, 0xf5, 0x0, 0x10,
    0x0, 0x0, 0x4f, 0xd0, 0xc, 0xdd, 0xff, 0xdd,
    0x9b, 0xf5, 0x5, 0xff, 0x10, 0x0, 0x4f, 0xd0,
    0x0, 0x0, 0xdf, 0x40, 0x7, 0x93, 0xb, 0xfb,
    0x0, 0x0, 0x29, 0x80, 0x0, 0x0, 0xdf, 0x40,
    0x0, 0x0, 0x1f, 0xf5, 0x0, 0x0, 0x0, 0x0,
    0x0, 0x0, 0xdf, 0x40, 0x7f, 0xff, 0xff, 0xff,
    0xff, 0xff, 0xff, 0xf3, 0x0, 0x0, 0xdf, 0x40,
    0x9f, 0xff, 0xff, 0xff, 0xff, 0xff, 0xff, 0xf3,
    0x0, 0x0, 0xdf, 0xbe, 0xe0, 0x5, 0xff, 0x30,
    0x0, 0xbf, 0xc0, 0x0, 0x3, 0x7b, 0xff, 0xff,
    0xe0, 0xc, 0xfb, 0x0, 0x0, 0xff, 0x70, 0x0,
    0x2f, 0xff, 0xff, 0xa4, 0x0, 0x4f, 0xf3, 0x0,
    0x4, 0xff, 0x20, 0x0, 0xe, 0xd8, 0xef, 0x40,
    0x0, 0xcf, 0xf6, 0x0, 0xc, 0xfc, 0x0, 0x0,
    0x1, 0x0, 0xdf, 0x40, 0x0, 0x5e, 0xff, 0xd5,
    0x5f, 0xf4, 0x0, 0x0, 0x0, 0x0, 0xdf, 0x40,
    0x0, 0x0, 0x7e, 0xff, 0xff, 0xb0, 0x0, 0x0,
    0x0, 0x0, 0xdf, 0x40, 0x0, 0x0, 0x1, 0xbf,
    0xff, 0xb1, 0x0, 0x0, 0x0, 0x0, 0xdf, 0x40,
    0x0, 0x0, 0x2b, 0xff, 0xff, 0xff, 0x70, 0x0,
    0x0, 0x0, 0xef, 0x30, 0x2, 0x7b, 0xff, 0xf9,
    0x4, 0xef, 0xfc, 0x20, 0x7, 0xff, 0xff, 0x10,
    0x2f, 0xff, 0xfc, 0x30, 0x0, 0x9, 0xff, 0xd0,
    0x2, 0xff, 0xd6, 0x0, 0x9, 0xc7, 0x10, 0x0,
    0x0, 0x0, 0x5d, 0x20, 0x0, 0x0, 0x0, 0x0,
    0x0, 0x0, 0x0, 0x0, 0x0, 0x0, 0x0, 0x0,

    /* U+6311 "挑" */
    0x0, 0x1, 0xbb, 0x0, 0x0, 0x0, 0x88, 0x0,
    0x88, 0x10, 0x0, 0x0, 0x0, 0x1, 0xfe, 0x0,
    0x0, 0x1, 0xff, 0x0, 0xff, 0x20, 0x0, 0x0,
    0x0, 0x1, 0xfe, 0x0, 0x0, 0x1, 0xff, 0x0,
    0xff, 0x20, 0x0, 0x0, 0x0, 0x1, 0xfe, 0x0,
    0x3a, 0x1, 0xff, 0x0, 0xff, 0x20, 0x9b, 0x30,
    0x3, 0x35, 0xff, 0x33, 0xbf, 0x81, 0xff, 0x0,
    0xff, 0x21, 0xff, 0x50, 0xf, 0xff, 0xff, 0xff,
    0x4f, 0xf3, 0xff, 0x0, 0xff, 0x27, 0xfb, 0x0,
    0xc, 0xdd, 0xff, 0xdd, 0x19, 0xfa, 0xff, 0x0,
    0xff, 0x3f, 0xf2, 0x0, 0x0, 0x1, 0xfe, 0x0,
    0x2, 0xff, 0xff, 0x0, 0xff, 0xbf, 0x80, 0x0,
    0x0, 0x1, 0xfe, 0x0, 0x0, 0xa6, 0xff, 0x0,
    0xff, 0x6b, 0x0, 0x0, 0x0, 0x1, 0xfe, 0x0,
    0x0, 0x1, 0xff, 0x0, 0xff, 0x20, 0x0, 0x0,
    0x0, 0x1, 0xff, 0x7d, 0x0, 0x1, 0xff, 0x0,
    0xff, 0x70, 0x0, 0x0, 0x0, 0x17, 0xff, 0xff,
    0x30, 0x5, 0xfe, 0x0, 0xff, 0xfd, 0x10, 0x0,
    0x1b, 0xff, 0xff, 0xb4, 0x0, 0x9f, 0xfd, 0x0,
    0xff, 0xdf, 0xe2, 0x0, 0xf, 0xfe, 0xfe, 0x0,
    0x4e, 0xff, 0xfc, 0x0, 0xff, 0x3c, 0xfe, 0x20,
    0x6, 0x32, 0xfe, 0x8, 0xff, 0xc8, 0xfb, 0x0,
    0xff, 0x20, 0xcf, 0xd0, 0x0, 0x1, 0xfe, 0x3,
    0xf8, 0xa, 0xf7, 0x0, 0xff, 0x20, 0x1e, 0x80,
    0x0, 0x1, 0xfe, 0x0, 0x20, 0x1f, 0xf3, 0x0,
    0xff, 0x20, 0x3, 0x0, 0x0, 0x1, 0xfe, 0x0,
    0x0, 0xaf, 0xd0, 0x0, 0xff, 0x20, 0xb, 0xa1,
    0x0, 0x1, 0xfe, 0x0, 0x7, 0xff, 0x50, 0x0,
    0xff, 0x20, 0xc, 0xf1, 0x0, 0x3, 0xfe, 0x1,
    0x9f, 0xf9, 0x0, 0x0, 0xef, 0x40, 0xe, 0xf0,
    0x7, 0xff, 0xfc, 0xc, 0xff, 0x90, 0x0, 0x0,
    0xcf, 0xff, 0xff, 0xb0, 0x2, 0xfe, 0xb3, 0x1,
    0xc5, 0x0, 0x0, 0x0, 0x4d, 0xff, 0xfd, 0x20,

    /* U+6362 "换" */
    0x0, 0x0, 0x11, 0x0, 0x0, 0x0, 0x0, 0x0,
    0x0, 0x0, 0x0, 0x0, 0x0, 0x3, 0xff, 0x0,
    0x0, 0x0, 0x6f, 0xd0, 0x0, 0x0, 0x0, 0x0,
    0x0, 0x3, 0xff, 0x0, 0x0, 0x0, 0xef, 0x90,
    0x0, 0x0, 0x0, 0x0, 0x0, 0x3, 0xff, 0x0,
    0x0, 0x9, 0xff, 0xff, 0xff, 0xfe, 0x50, 0x0,
    0x0, 0x3, 0xff, 0x0, 0x0, 0x5f, 0xfd, 0xdd,
    0xde, 0xff, 0x40, 0x0, 0x5, 0x68, 0xff, 0x66,
    0x3, 0xff, 0x90, 0x0, 0xc, 0xf9, 0x0, 0x0,
    0xd, 0xff, 0xff, 0xff, 0x5f, 0xfc, 0x10, 0x0,
    0x7f, 0xd1, 0x0, 0x0, 0x9, 0xab, 0xff, 0xaa,
    0x9f, 0xff, 0xff, 0xff, 0xff, 0xff, 0xf4, 0x0,
    0x0, 0x3, 0xff, 0x0, 0x8, 0xff, 0xbb, 0xcf,
    0xfb, 0xbf, 0xf4, 0x0, 0x0, 0x3, 0xff, 0x0,
    0x2, 0xfe, 0x0, 0x4f, 0xd0, 0xe, 0xf4, 0x0,
    0x0, 0x3, 0xff, 0x0, 0x2, 0xfe, 0x0, 0x4f,
    0xd0, 0xe, 0xf4, 0x0, 0x0, 0x3, 0xff, 0x49,
    0x22, 0xfe, 0x0, 0x4f, 0xd0, 0xe, 0xf4, 0x0,
    0x0, 0x28, 0xff, 0xff, 0x52, 0xfe, 0x0, 0x6f,
    0xc0, 0xe, 0xf4, 0x0, 0xe, 0xff, 0xff, 0xe9,
    0x33, 0xfe, 0x0, 0x8f, 0xa0, 0xf, 0xf5, 0x0,
    0xd, 0xfd, 0xff, 0x0, 0xef, 0xff, 0xff, 0xff,
    0xff, 0xff, 0xff, 0xd0, 0x3, 0x13, 0xff, 0x0,
    0xcd, 0xdd, 0xde, 0xff, 0xfe, 0xdd, 0xdd, 0xb0,
    0x0, 0x3, 0xff, 0x0, 0x0, 0x0, 0xa, 0xff,
    0xf5, 0x0, 0x0, 0x0, 0x0, 0x3, 0xff, 0x0,
    0x0, 0x0, 0x5f, 0xf7, 0xfe, 0x10, 0x0, 0x0,
    0x0, 0x3, 0xff, 0x0, 0x0, 0x5, 0xff, 0x80,
    0x9f, 0xd1, 0x0, 0x0, 0x0, 0x3, 0xff, 0x0,
    0x0, 0x8f, 0xfa, 0x0, 0xc, 0xfe, 0x30, 0x0,
    0x1, 0x25, 0xfe, 0x0, 0x4d, 0xff, 0x90, 0x0,
    0x1, 0xcf, 0xf9, 0x10, 0x5, 0xff, 0xfc, 0xc,
    0xff, 0xe4, 0x0, 0x0, 0x0, 0xa, 0xff, 0xe0,
    0x1, 0xfe, 0xb2, 0x4, 0xe8, 0x0, 0x0, 0x0,
    0x0, 0x0, 0x4c, 0x30, 0x0, 0x0, 0x0, 0x0,
    0x0, 0x0, 0x0, 0x0, 0x0, 0x0, 0x0, 0x0,

    /* U+636E "据" */
    0x0, 0x0, 0x0, 0x0, 0x0, 0x0, 0x0, 0x0,
    0x0, 0x0, 0x0, 0x0, 0x0, 0x2f, 0xe0, 0x0,
    0x0, 0x0, 0x0, 0x0, 0x0, 0x0, 0x0, 0x0,
    0x2, 0xfe, 0x0, 0x8, 0xff, 0xff, 0xff, 0xff,
    0xff, 0xff, 0x10, 0x0, 0x2f, 0xe0, 0x0, 0x8f,
    0xfe, 0xee, 0xee, 0xee, 0xef, 0xf1, 0x0, 0x2,
    0xfe, 0x0, 0x8, 0xfb, 0x0, 0x0, 0x0, 0x0,
    0xff, 0x10, 0x89, 0xaf, 0xf9, 0x94, 0x8f, 0xb0,
    0x0, 0x0, 0x0, 0xf, 0xf1, 0xe, 0xff, 0xff,
    0xff, 0x78, 0xff, 0xcc, 0xcc, 0xcc, 0xcc, 0xff,
    0x10, 0x56, 0x7f, 0xf6, 0x62, 0x8f, 0xff, 0xff,
    0xff, 0xff, 0xff, 0xf1, 0x0, 0x2, 0xfe, 0x0,
    0x8, 0xfc, 0x22, 0x24, 0xfe, 0x22, 0x22, 0x0,
    0x0, 0x2f, 0xe0, 0x0, 0x9f, 0xb0, 0x0, 0x2f,
    0xe0, 0x0, 0x0, 0x0, 0x2, 0xfe, 0x0, 0x9,
    0xfb, 0x0, 0x3, 0xfe, 0x0, 0x0, 0x0, 0x0,
    0x2f, 0xe2, 0x72, 0x9f, 0xff, 0xff, 0xff, 0xff,
    0xff, 0xfd, 0x0, 0x16, 0xff, 0xff, 0x6a, 0xfe,
    0xdd, 0xdd, 0xff, 0xdd, 0xdd, 0xb1, 0xcf, 0xff,
    0xfd, 0x82, 0xcf, 0x80, 0x0, 0x2f, 0xe0, 0x0,
    0x0, 0xe, 0xfb, 0xfe, 0x0, 0xe, 0xf6, 0x0,
    0x2, 0xfe, 0x0, 0x0, 0x0, 0x20, 0x2f, 0xe0,
    0x0, 0xff, 0x6d, 0xdd, 0xdf, 0xfd, 0xdd, 0xd2,
    0x0, 0x2, 0xfe, 0x0, 0x3f, 0xf4, 0xff, 0xff,
    0xff, 0xff, 0xff, 0x30, 0x0, 0x2f, 0xe0, 0x7,
    0xfe, 0x2f, 0xc0, 0x0, 0x0, 0xc, 0xf3, 0x0,
    0x2, 0xfe, 0x0, 0xbf, 0xa2, 0xfc, 0x0, 0x0,
    0x0, 0xcf, 0x30, 0x0, 0x2f, 0xe0, 0x2f, 0xf5,
    0x2f, 0xc0, 0x0, 0x0, 0xc, 0xf3, 0x0, 0x3,
    0xfe, 0xa, 0xff, 0x2, 0xff, 0xcc, 0xcc, 0xcc,
    0xff, 0x30, 0x8f, 0xff, 0xb1, 0xff, 0x80, 0x2f,
    0xff, 0xff, 0xff, 0xff, 0xf3, 0x3, 0xfe, 0xb2,
    0x4, 0xd0, 0x2, 0xfc, 0x0, 0x0, 0x0, 0xcf,
    0x30, 0x0, 0x0, 0x0, 0x0, 0x0, 0x3, 0x20,
    0x0, 0x0, 0x1, 0x20,

    /* U+6392 "排" */
    0x0, 0x9, 0xf8, 0x0, 0x0, 0x0, 0xbc, 0x20,
    0xbc, 0x20, 0x0, 0x0, 0x0, 0x9f, 0x80, 0x0,
    0x0, 0xe, 0xf3, 0xe, 0xf3, 0x0, 0x0, 0x0,
    0x9, 0xf8, 0x0, 0x0, 0x0, 0xef, 0x30, 0xef,
    0x30, 0x0, 0x0, 0x0, 0x9f, 0x80, 0x0, 0x0,
    0xe, 0xf3, 0xe, 0xf3, 0x0, 0x0, 0x13, 0x3a,
    0xfa, 0x33, 0x4f, 0xff, 0xff, 0x30, 0xef, 0xff,
    0xfc, 0x7, 0xff, 0xff, 0xff, 0xe4, 0xff, 0xff,
    0xf3, 0xe, 0xff, 0xff, 0xc0, 0x6d, 0xde, 0xfe,
    0xdc, 0x0, 0x0, 0xef, 0x30, 0xef, 0x30, 0x0,
    0x0, 0x0, 0x9f, 0x80, 0x0, 0x0, 0xe, 0xf3,
    0xe, 0xf3, 0x0, 0x0, 0x0, 0x9, 0xf8, 0x0,
    0x0, 0x0, 0xef, 0x30, 0xef, 0x40, 0x0, 0x0,
    0x0, 0x9f, 0x80, 0x2, 0xff, 0xff, 0xf3, 0xe,
    0xff, 0xff, 0x90, 0x0, 0x9, 0xf9, 0x37, 0x2e,
    0xee, 0xff, 0x30, 0xef, 0xfe, 0xe9, 0x0, 0x2,
    0xbf, 0xff, 0xf1, 0x0, 0xe, 0xf3, 0xe, 0xf3,
    0x0, 0x0, 0x8e, 0xff, 0xff, 0xea, 0x10, 0x0,
    0xef, 0x30, 0xef, 0x30, 0x0, 0x9, 0xff, 0xff,
    0x90, 0x0, 0x0, 0xe, 0xf3, 0xe, 0xf3, 0x0,
    0x0, 0x35, 0x9, 0xf8, 0x0, 0xbf, 0xff, 0xff,
    0x30, 0xef, 0xff, 0xff, 0x10, 0x0, 0x9f, 0x80,
    0xb, 0xff, 0xff, 0xf3, 0xe, 0xff, 0xff, 0xf1,
    0x0, 0x9, 0xf8, 0x0, 0x0, 0x0, 0xef, 0x30,
    0xef, 0x30, 0x0, 0x0, 0x0, 0x9f, 0x80, 0x0,
    0x0, 0xe, 0xf3, 0xe, 0xf3, 0x0, 0x0, 0x0,
    0x9, 0xf8, 0x0, 0x0, 0x0, 0xef, 0x30, 0xef,
    0x30, 0x0, 0x0, 0x0, 0x9f, 0x80, 0x0, 0x0,
    0xe, 0xf3, 0xe, 0xf3, 0x0, 0x0, 0xe, 0xff,
    0xf6, 0x0, 0x0, 0x0, 0xef, 0x30, 0xef, 0x30,
    0x0, 0x0, 0xaf, 0xe9, 0x0, 0x0, 0x0, 0xe,
    0xf3, 0xe, 0xf3, 0x0, 0x0, 0x0, 0x0, 0x0,
    0x0, 0x0, 0x0, 0x0, 0x0, 0x0, 0x0, 0x0,
    0x0,

    /* U+63A2 "探" */
    0x0, 0x0, 0x11, 0x0, 0x0, 0x0, 0x0, 0x0,
    0x0, 0x0, 0x0, 0x0, 0x0, 0x2f, 0xe0, 0x0,
    0x0, 0x0, 0x0, 0x0, 0x0, 0x0, 0x0, 0x0,
    0x2, 0xfe, 0x0, 0x4e, 0xee, 0xee, 0xee, 0xee,
    0xee, 0xee, 0x10, 0x0, 0x2f, 0xe0, 0x4, 0xff,
    0xff, 0xff, 0xff, 0xff, 0xff, 0xf1, 0x0, 0x2,
    0xfe, 0x0, 0x4f, 0x80, 0x0, 0x0, 0x0, 0x0,
    0xdf, 0x10, 0x23, 0x5f, 0xf3, 0x34, 0xf7, 0x4,
    0x30, 0x1, 0x70, 0xd, 0xf1, 0xc, 0xff, 0xff,
    0xff, 0x49, 0x43, 0xff, 0x30, 0xdf, 0xa0, 0x78,
    0x0, 0xad, 0xdf, 0xfd, 0xd1, 0x0, 0xdf, 0x80,
    0x2, 0xef, 0xb0, 0x0, 0x0, 0x2, 0xfe, 0x0,
    0x1, 0xbf, 0xc0, 0x0, 0x1, 0xdf, 0xa0, 0x0,
    0x0, 0x2f, 0xe0, 0x2, 0xdf, 0xc1, 0x0, 0x0,
    0x2, 0xef, 0x80, 0x0, 0x2, 0xfe, 0x0, 0x2e,
    0xc0, 0x0, 0xab, 0x20, 0x3, 0xf9, 0x0, 0x0,
    0x2f, 0xf8, 0xc0, 0x10, 0x0, 0xd, 0xf3, 0x0,
    0x1, 0x0, 0x1, 0x6b, 0xff, 0xff, 0x8c, 0xcc,
    0xcc, 0xff, 0xdc, 0xcc, 0xcc, 0x30, 0xef, 0xff,
    0xf7, 0x26, 0xff, 0xff, 0xff, 0xff, 0xff, 0xff,
    0xf4, 0xa, 0xea, 0xfe, 0x0, 0x13, 0x33, 0x7f,
    0xff, 0xfd, 0x43, 0x33, 0x10, 0x10, 0x2f, 0xe0,
    0x0, 0x0, 0xc, 0xff, 0xff, 0xf7, 0x0, 0x0,
    0x0, 0x2, 0xfe, 0x0, 0x0, 0x8, 0xfa, 0xdf,
    0x7f, 0xf3, 0x0, 0x0, 0x0, 0x2f, 0xe0, 0x0,
    0x6, 0xfe, 0x1d, 0xf3, 0x7f, 0xe2, 0x0, 0x0,
    0x2, 0xfe, 0x0, 0x8, 0xff, 0x30, 0xdf, 0x30,
    0xcf, 0xe3, 0x0, 0x0, 0x2f, 0xe0, 0x2c, 0xff,
    0x70, 0xd, 0xf3, 0x1, 0xdf, 0xf7, 0x0, 0x2,
    0xfe, 0x4, 0xff, 0x60, 0x0, 0xdf, 0x30, 0x1,
    0xdf, 0x60, 0x7f, 0xff, 0xc0, 0x6, 0x30, 0x0,
    0xd, 0xf3, 0x0, 0x0, 0x60, 0x2, 0xfe, 0xb2,
    0x0, 0x0, 0x0, 0x0, 0xdf, 0x30, 0x0, 0x0,
    0x0,

    /* U+63A5 "接" */
    0x0, 0x3, 0xda, 0x0, 0x0, 0x0, 0x3, 0x87,
    0x0, 0x0, 0x0, 0x0, 0x0, 0x4f, 0xc0, 0x0,
    0x0, 0x0, 0x2f, 0xf2, 0x0, 0x0, 0x0, 0x0,
    0x4, 0xfc, 0x0, 0x8, 0x88, 0x88, 0xef, 0xc8,
    0x88, 0x88, 0x0, 0x0, 0x4f, 0xc0, 0x0, 0xef,
    0xff, 0xff, 0xff, 0xff, 0xff, 0xf1, 0x3, 0x37,
    0xfd, 0x33, 0x4, 0x58, 0xa5, 0x55, 0x56, 0xb7,
    0x55, 0x0, 0xef, 0xff, 0xff, 0xf0, 0x1, 0xef,
    0x20, 0x0, 0x7f, 0xc0, 0x0, 0xc, 0xde, 0xff,
    0xdc, 0x0, 0x6, 0xfb, 0x0, 0xe, 0xf3, 0x0,
    0x0, 0x0, 0x4f, 0xc0, 0x0, 0x0, 0x1e, 0x90,
    0x8, 0xfa, 0x0, 0x0, 0x0, 0x4, 0xfc, 0x0,
    0x9f, 0xff, 0xff, 0xff, 0xff, 0xff, 0xff, 0xa0,
    0x0, 0x4f, 0xc0, 0x8, 0xdd, 0xdd, 0xed, 0xdd,
    0xdd, 0xdd, 0xd8, 0x0, 0x4, 0xfc, 0x46, 0x0,
    0x0, 0xc, 0xf5, 0x0, 0x0, 0x0, 0x0, 0x3,
    0x9f, 0xff, 0xe0, 0x0, 0x5, 0xfe, 0x0, 0x0,
    0x0, 0x0, 0x2e, 0xff, 0xff, 0xc7, 0xef, 0xff,
    0xff, 0xff, 0xff, 0xff, 0xff, 0xe0, 0xff, 0xdf,
    0xc0, 0xd, 0xee, 0xff, 0xfe, 0xee, 0xef, 0xfe,
    0xed, 0x3, 0x4, 0xfc, 0x0, 0x0, 0x2f, 0xf3,
    0x0, 0x5, 0xfe, 0x0, 0x0, 0x0, 0x4f, 0xc0,
    0x0, 0xb, 0xfa, 0x0, 0x0, 0xcf, 0x80, 0x0,
    0x0, 0x4, 0xfc, 0x0, 0x6, 0xff, 0xfb, 0x50,
    0x8f, 0xf1, 0x0, 0x0, 0x0, 0x4f, 0xc0, 0x0,
    0x4, 0xaf, 0xff, 0xef, 0xf6, 0x0, 0x0, 0x0,
    0x4, 0xfc, 0x0, 0x0, 0x0, 0x19, 0xff, 0xff,
    0xa2, 0x0, 0x0, 0x1, 0x5f, 0xb0, 0x0, 0x14,
    0x8d, 0xff, 0xfc, 0xff, 0xfa, 0x10, 0x7, 0xff,
    0xf9, 0x1, 0xef, 0xff, 0xfe, 0x81, 0x3, 0xbf,
    0xfe, 0x10, 0x3f, 0xea, 0x10, 0xa, 0xeb, 0x73,
    0x0, 0x0, 0x0, 0x4d, 0x60, 0x0, 0x0, 0x0,
    0x0, 0x0, 0x0, 0x0, 0x0, 0x0, 0x0, 0x0,
    0x0,

    /* U+63A7 "控" */
    0x0, 0x1, 0x54, 0x0, 0x0, 0x0, 0x0, 0x4,
    0x0, 0x0, 0x0, 0x0, 0x0, 0x3, 0xfc, 0x0,
    0x0, 0x0, 0x0, 0xdf, 0x70, 0x0, 0x0, 0x0,
    0x0, 0x3, 0xfc, 0x0, 0x0, 0x0, 0x0, 0x7f,
    0xd0, 0x0, 0x0, 0x0, 0x0, 0x3, 0xfc, 0x0,
    0x28, 0x88, 0x88, 0xaf, 0xfa, 0x88, 0x88, 0x70,
    0x0, 0x3, 0xfc, 0x0, 0x3f, 0xff, 0xff, 0xff,
    0xff, 0xff, 0xff, 0xd0, 0xd, 0xee, 0xff, 0xee,
    0x4f, 0xe5, 0x55, 0x55, 0x55, 0x55, 0x8f, 0xd0,
    0xe, 0xff, 0xff, 0xff, 0x4f, 0xd0, 0x1, 0x0,
    0x2, 0x0, 0x3f, 0xd0, 0x2, 0x25, 0xfd, 0x22,
    0x3e, 0xc0, 0x6f, 0xc0, 0x2e, 0xc0, 0x2b, 0xa0,
    0x0, 0x3, 0xfc, 0x0, 0x0, 0x5, 0xff, 0x50,
    0x1d, 0xfd, 0x10, 0x0, 0x0, 0x3, 0xfc, 0x0,
    0x0, 0x6f, 0xf8, 0x0, 0x1, 0xcf, 0xd1, 0x0,
    0x0, 0x3, 0xfc, 0x0, 0xa, 0xff, 0xa0, 0x0,
    0x0, 0xc, 0xfd, 0x10, 0x0, 0x3, 0xfc, 0x5,
    0xb, 0xf8, 0x0, 0x0, 0x0, 0x0, 0xcd, 0x10,
    0x0, 0x3, 0xff, 0xff, 0x21, 0x70, 0x0, 0x0,
    0x0, 0x0, 0x21, 0x0, 0x5, 0xae, 0xff, 0xfd,
    0x21, 0xff, 0xff, 0xff, 0xff, 0xff, 0xf7, 0x0,
    0x1f, 0xff, 0xfe, 0x20, 0x1, 0xee, 0xee, 0xff,
    0xfe, 0xee, 0xe6, 0x0, 0xc, 0x97, 0xfc, 0x0,
    0x0, 0x0, 0x0, 0x7f, 0xc0, 0x0, 0x0, 0x0,
    0x0, 0x3, 0xfc, 0x0, 0x0, 0x0, 0x0, 0x7f,
    0xc0, 0x0, 0x0, 0x0, 0x0, 0x3, 0xfc, 0x0,
    0x0, 0x0, 0x0, 0x7f, 0xc0, 0x0, 0x0, 0x0,
    0x0, 0x3, 0xfc, 0x0, 0x0, 0x0, 0x0, 0x7f,
    0xc0, 0x0, 0x0, 0x0, 0x0, 0x3, 0xfc, 0x0,
    0x0, 0x0, 0x0, 0x7f, 0xc0, 0x0, 0x0, 0x0,
    0x0, 0x4, 0xfc, 0x1, 0xee, 0xee, 0xee, 0xff,
    0xfe, 0xee, 0xee, 0xe2, 0x8, 0xff, 0xfa, 0x1,
    0xff, 0xff, 0xff, 0xff, 0xff, 0xff, 0xff, 0xf2,
    0x4, 0xfe, 0xb1, 0x0, 0x0, 0x0, 0x0, 0x0,
    0x0, 0x0, 0x0, 0x0,

    /* U+63A8 "推" */
    0x0, 0x1, 0xdd, 0x0, 0x0, 0x4, 0x95, 0x1,
    0x65, 0x0, 0x0, 0x0, 0x0, 0x1f, 0xf0, 0x0,
    0x0, 0xbf, 0xb0, 0x7f, 0xe0, 0x0, 0x0, 0x0,
    0x1, 0xff, 0x0, 0x0, 0x2f, 0xf5, 0x0, 0xef,
    0x60, 0x0, 0x0, 0x0, 0x1f, 0xf0, 0x0, 0x8,
    0xfe, 0x0, 0x7, 0xfb, 0x0, 0x0, 0x4, 0x46,
    0xff, 0x54, 0x30, 0xef, 0xeb, 0xbb, 0xcf, 0xbb,
    0xbb, 0x20, 0xff, 0xff, 0xff, 0xf9, 0x6f, 0xff,
    0xff, 0xff, 0xff, 0xff, 0xf3, 0xb, 0xbc, 0xff,
    0xcb, 0x8e, 0xff, 0x84, 0x44, 0xff, 0x64, 0x44,
    0x10, 0x0, 0x1f, 0xf0, 0x9, 0xff, 0xf4, 0x0,
    0xe, 0xf2, 0x0, 0x0, 0x0, 0x1, 0xff, 0x5,
    0xff, 0xff, 0x50, 0x0, 0xef, 0x20, 0x0, 0x0,
    0x0, 0x1f, 0xf0, 0xbf, 0x9d, 0xff, 0xff, 0xff,
    0xff, 0xff, 0xd0, 0x0, 0x1, 0xff, 0x38, 0xd0,
    0xdf, 0xfe, 0xee, 0xff, 0xee, 0xec, 0x0, 0x2,
    0x7f, 0xff, 0xf7, 0xd, 0xf4, 0x0, 0xe, 0xf2,
    0x0, 0x0, 0x1e, 0xff, 0xff, 0xb7, 0x20, 0xdf,
    0x40, 0x0, 0xef, 0x20, 0x0, 0x0, 0xdd, 0x9f,
    0xf0, 0x0, 0xd, 0xfc, 0xbb, 0xbf, 0xfc, 0xbb,
    0x90, 0x1, 0x1, 0xff, 0x0, 0x0, 0xdf, 0xff,
    0xff, 0xff, 0xff, 0xfd, 0x0, 0x0, 0x1f, 0xf0,
    0x0, 0xd, 0xf7, 0x33, 0x3f, 0xf5, 0x33, 0x30,
    0x0, 0x1, 0xff, 0x0, 0x0, 0xdf, 0x40, 0x0,
    0xef, 0x20, 0x0, 0x0, 0x0, 0x1f, 0xf0, 0x0,
    0xd, 0xf4, 0x0, 0xe, 0xf2, 0x0, 0x0, 0x0,
    0x1, 0xff, 0x0, 0x0, 0xdf, 0xfe, 0xee, 0xff,
    0xee, 0xee, 0x90, 0x12, 0x4f, 0xf0, 0x0, 0xd,
    0xff, 0xff, 0xff, 0xff, 0xff, 0xfa, 0x6, 0xff,
    0xfd, 0x0, 0x0, 0xdf, 0x51, 0x11, 0x11, 0x11,
    0x11, 0x10, 0x2f, 0xeb, 0x30, 0x0, 0xd, 0xf4,
    0x0, 0x0, 0x0, 0x0, 0x0, 0x0, 0x0, 0x0,
    0x0, 0x0, 0x11, 0x0, 0x0, 0x0, 0x0, 0x0,
    0x0,

    /* U+63CF "描" */
    0x0, 0x0, 0x32, 0x0, 0x0, 0x0, 0x33, 0x0,
    0x0, 0x32, 0x0, 0x0, 0x0, 0x3f, 0xd0, 0x0,
    0x0, 0x1f, 0xf0, 0x0, 0x3f, 0xd0, 0x0, 0x0,
    0x3, 0xfd, 0x0, 0x0, 0x1, 0xff, 0x0, 0x3,
    0xfd, 0x0, 0x0, 0x0, 0x3f, 0xd0, 0x0, 0x0,
    0x1f, 0xf0, 0x0, 0x3f, 0xd0, 0x0, 0x0, 0x3,
    0xfd, 0x0, 0x4f, 0xff, 0xff, 0xff, 0xff, 0xff,
    0xff, 0xb0, 0x88, 0xaf, 0xe8, 0x86, 0xff, 0xff,
    0xff, 0xff, 0xff, 0xff, 0xfc, 0xe, 0xff, 0xff,
    0xff, 0x30, 0x2, 0xff, 0x10, 0x4, 0xfd, 0x0,
    0x0, 0x88, 0xaf, 0xe8, 0x81, 0x0, 0x1f, 0xf0,
    0x0, 0x3f, 0xd0, 0x0, 0x0, 0x3, 0xfd, 0x0,
    0x0, 0x1, 0xff, 0x0, 0x3, 0xfd, 0x0, 0x0,
    0x0, 0x3f, 0xd0, 0x0, 0x0, 0x0, 0x0, 0x0,
    0x0, 0x0, 0x0, 0x0, 0x3, 0xfd, 0x0, 0x3,
    0xff, 0xff, 0xff, 0xff, 0xff, 0xff, 0x0, 0x0,
    0x3f, 0xd5, 0xa1, 0x3f, 0xff, 0xff, 0xff, 0xff,
    0xff, 0xf0, 0x0, 0x39, 0xff, 0xff, 0x43, 0xfd,
    0x0, 0x1f, 0xe0, 0x1, 0xff, 0x2, 0xef, 0xff,
    0xfd, 0x81, 0x3f, 0xd0, 0x1, 0xfe, 0x0, 0x1f,
    0xf0, 0xf, 0xfe, 0xfd, 0x0, 0x3, 0xfd, 0x0,
    0x1f, 0xe0, 0x2, 0xff, 0x0, 0x51, 0x3f, 0xd0,
    0x0, 0x3f, 0xff, 0xff, 0xff, 0xff, 0xff, 0xf0,
    0x0, 0x3, 0xfd, 0x0, 0x3, 0xff, 0xdd, 0xdf,
    0xfd, 0xdd, 0xff, 0x0, 0x0, 0x3f, 0xd0, 0x0,
    0x3f, 0xd0, 0x1, 0xfe, 0x0, 0x1f, 0xf0, 0x0,
    0x3, 0xfd, 0x0, 0x3, 0xfd, 0x0, 0x1f, 0xe0,
    0x1, 0xff, 0x0, 0x0, 0x3f, 0xd0, 0x0, 0x3f,
    0xd1, 0x12, 0xfe, 0x11, 0x3f, 0xf0, 0x0, 0x4,
    0xfc, 0x0, 0x3, 0xff, 0xff, 0xff, 0xff, 0xff,
    0xff, 0x0, 0x9f, 0xff, 0xa0, 0x0, 0x3f, 0xfd,
    0xdd, 0xdd, 0xdd, 0xef, 0xf0, 0x4, 0xfe, 0xa1,
    0x0, 0x3, 0xfd, 0x0, 0x0, 0x0, 0x1, 0xff,
    0x0, 0x0, 0x0, 0x0, 0x0, 0x2, 0x10, 0x0,
    0x0, 0x0, 0x0, 0x0,

    /* U+641C "搜" */
    0x0, 0x0, 0x0, 0x0, 0x0, 0x0, 0x0, 0x0,
    0x0, 0x0, 0x0, 0x0, 0x0, 0x2, 0xfe, 0x0,
    0x0, 0x0, 0x0, 0xbf, 0x40, 0x0, 0x0, 0x0,
    0x0, 0x2, 0xfe, 0x0, 0x0, 0x6, 0xe9, 0xbf,
    0x40, 0x0, 0x0, 0x0, 0x0, 0x2, 0xfe, 0x0,
    0x7, 0xef, 0xfb, 0xdf, 0x4a, 0xff, 0xfe, 0x0,
    0x0, 0x2, 0xfe, 0x0, 0xd, 0xf8, 0x20, 0xbf,
    0x47, 0xbc, 0xfe, 0x0, 0x5, 0x57, 0xff, 0x55,
    0x1d, 0xf1, 0x0, 0xbf, 0x40, 0x0, 0xfe, 0x0,
    0xe, 0xff, 0xff, 0xff, 0x2d, 0xfa, 0x93, 0xbf,
    0x45, 0x9a, 0xfe, 0x0, 0x8, 0x8a, 0xff, 0x88,
    0x1d, 0xff, 0xf6, 0xbf, 0x49, 0xff, 0xfe, 0x0,
    0x0, 0x2, 0xfe, 0x0, 0xd, 0xf1, 0x0, 0xbf,
    0x40, 0x1, 0xfe, 0x0, 0x0, 0x2, 0xfe, 0x0,
    0xd, 0xf1, 0x0, 0xbf, 0x40, 0x0, 0xfe, 0x0,
    0x0, 0x2, 0xfe, 0x0, 0xd, 0xff, 0xff, 0xff,
    0xff, 0xff, 0xfe, 0x0, 0x0, 0x2, 0xff, 0xaf,
    0x2a, 0xcc, 0xcc, 0xff, 0xdc, 0xcc, 0xcc, 0x0,
    0x0, 0x39, 0xff, 0xff, 0x50, 0x0, 0x0, 0xbf,
    0x40, 0x0, 0x0, 0x0, 0xd, 0xff, 0xff, 0x93,
    0x0, 0x0, 0x0, 0xbf, 0x40, 0x0, 0x0, 0x0,
    0xd, 0xfc, 0xfe, 0x0, 0xf, 0xff, 0xff, 0xff,
    0xff, 0xff, 0xf8, 0x0, 0x3, 0x12, 0xfe, 0x0,
    0xd, 0xff, 0xdd, 0xdd, 0xdd, 0xdf, 0xf4, 0x0,
    0x0, 0x2, 0xfe, 0x0, 0x0, 0xcf, 0x90, 0x0,
    0x0, 0xcf, 0xa0, 0x0, 0x0, 0x2, 0xfe, 0x0,
    0x0, 0x1e, 0xf9, 0x0, 0x1b, 0xfe, 0x10, 0x0,
    0x0, 0x2, 0xfe, 0x0, 0x0, 0x2, 0xdf, 0xd7,
    0xef, 0xd1, 0x0, 0x0, 0x0, 0x2, 0xfe, 0x0,
    0x0, 0x0, 0x1e, 0xff, 0xfe, 0x10, 0x0, 0x0,
    0x1, 0x15, 0xfe, 0x0, 0x1, 0x49, 0xef, 0xff,
    0xff, 0xfa, 0x51, 0x0, 0x6, 0xff, 0xfc, 0x5,
    0xef, 0xff, 0xfa, 0x41, 0x6d, 0xff, 0xff, 0xb0,
    0x1, 0xfe, 0xb2, 0x1, 0xfd, 0x96, 0x10, 0x0,
    0x0, 0x37, 0xbe, 0x10, 0x0, 0x0, 0x0, 0x0,
    0x0, 0x0, 0x0, 0x0, 0x0, 0x0, 0x0, 0x0,

    /* U+64AD "播" */
    0x0, 0x0, 0x11, 0x0, 0x0, 0x0, 0x0, 0x0,
    0x0, 0x0, 0x0, 0x0, 0x0, 0x1, 0xfe, 0x0,
    0x0, 0x0, 0x0, 0x23, 0x57, 0x9c, 0xe2, 0x0,
    0x0, 0x1, 0xfe, 0x0, 0xb, 0xde, 0xff, 0xff,
    0xff, 0xff, 0xe8, 0x0, 0x0, 0x1, 0xfe, 0x0,
    0xb, 0xdd, 0xcb, 0xcf, 0xc5, 0x36, 0x30, 0x0,
    0x0, 0x1, 0xfe, 0x0, 0x0, 0x6e, 0x60, 0x6f,
    0x90, 0x1f, 0xf1, 0x0, 0x6, 0x78, 0xff, 0x77,
    0x20, 0x3f, 0xe0, 0x6f, 0x90, 0x7f, 0x80, 0x0,
    0xe, 0xff, 0xff, 0xff, 0x50, 0xc, 0xc2, 0x6f,
    0xa1, 0xef, 0x10, 0x0, 0x8, 0x9a, 0xff, 0x99,
    0x8f, 0xff, 0xff, 0xff, 0xff, 0xff, 0xff, 0xe0,
    0x0, 0x1, 0xfe, 0x0, 0x4c, 0xcc, 0xcf, 0xff,
    0xff, 0xec, 0xcc, 0xa0, 0x0, 0x1, 0xfe, 0x0,
    0x0, 0x1, 0xcf, 0xef, 0xdf, 0xf5, 0x0, 0x0,
    0x0, 0x1, 0xfe, 0x1, 0x0, 0x2d, 0xfb, 0x6f,
    0x94, 0xff, 0x70, 0x0, 0x0, 0x1, 0xff, 0xbf,
    0x29, 0xff, 0xc0, 0x6f, 0x90, 0x5f, 0xfc, 0x30,
    0x1, 0x6b, 0xff, 0xff, 0xff, 0xf8, 0x0, 0x5e,
    0x90, 0x2, 0xdf, 0xf4, 0x2f, 0xff, 0xff, 0x51,
    0xbe, 0xda, 0xaa, 0xaa, 0xaa, 0xaa, 0xae, 0x80,
    0xf, 0xd8, 0xfe, 0x0, 0x2, 0xff, 0xff, 0xff,
    0xff, 0xff, 0xfa, 0x0, 0x2, 0x1, 0xfe, 0x0,
    0x2, 0xfd, 0x0, 0x6f, 0x80, 0x6, 0xfa, 0x0,
    0x0, 0x1, 0xfe, 0x0, 0x2, 0xfd, 0x0, 0x6f,
    0x80, 0x6, 0xfa, 0x0, 0x0, 0x1, 0xfe, 0x0,
    0x2, 0xff, 0xff, 0xff, 0xff, 0xff, 0xfa, 0x0,
    0x0, 0x1, 0xfe, 0x0, 0x2, 0xfe, 0x88, 0xbf,
    0xc8, 0x8b, 0xfa, 0x0, 0x0, 0x1, 0xfe, 0x0,
    0x2, 0xfd, 0x0, 0x5f, 0x70, 0x5, 0xfa, 0x0,
    0x0, 0x3, 0xfe, 0x0, 0x2, 0xff, 0xaa, 0xcf,
    0xda, 0xac, 0xfa, 0x0, 0x7, 0xff, 0xfc, 0x0,
    0x2, 0xff, 0xff, 0xff, 0xff, 0xff, 0xfa, 0x0,
    0x2, 0xfe, 0xb2, 0x0, 0x2, 0xfd, 0x0, 0x0,
    0x0, 0x5, 0xd9, 0x0,

    /* U+6536 "收" */
    0x0, 0x0, 0x0, 0x0, 0x0, 0x0, 0x0, 0x0,
    0x0, 0x0, 0x0, 0x0, 0x0, 0x0, 0x3, 0xa9,
    0x0, 0x5, 0xfc, 0x0, 0x0, 0x0, 0x0, 0x0,
    0x0, 0x0, 0x4f, 0xe0, 0x0, 0x9f, 0xd0, 0x0,
    0x0, 0x0, 0x0, 0x89, 0x20, 0x4, 0xfe, 0x0,
    0xd, 0xf9, 0x0, 0x0, 0x0, 0x0, 0xe, 0xf4,
    0x0, 0x4f, 0xe0, 0x1, 0xff, 0x50, 0x0, 0x0,
    0x0, 0x0, 0xef, 0x40, 0x4, 0xfe, 0x0, 0x5f,
    0xfd, 0xcc, 0xcc, 0xcc, 0xc0, 0xe, 0xf4, 0x0,
    0x4f, 0xe0, 0x9, 0xff, 0xff, 0xff, 0xff, 0xfe,
    0x0, 0xef, 0x40, 0x4, 0xfe, 0x1, 0xff, 0x94,
    0x44, 0x4f, 0xf7, 0x40, 0xe, 0xf4, 0x0, 0x4f,
    0xe0, 0x7f, 0xf8, 0x0, 0x2, 0xff, 0x0, 0x0,
    0xef, 0x40, 0x4, 0xfe, 0x1e, 0xff, 0xd0, 0x0,
    0x6f, 0xc0, 0x0, 0xe, 0xf4, 0x0, 0x4f, 0xeb,
    0xff, 0xef, 0x20, 0x9, 0xf9, 0x0, 0x0, 0xef,
    0x40, 0x4, 0xfe, 0xaf, 0x68, 0xf7, 0x0, 0xdf,
    0x50, 0x0, 0xe, 0xf4, 0x0, 0x4f, 0xe0, 0x90,
    0x2f, 0xe0, 0x4f, 0xf1, 0x0, 0x0, 0xef, 0x40,
    0x4, 0xfe, 0x0, 0x0, 0xcf, 0x6a, 0xfa, 0x0,
    0x0, 0xe, 0xf4, 0x15, 0xbf, 0xe0, 0x0, 0x5,
    0xfd, 0xff, 0x30, 0x0, 0x0, 0xff, 0xdf, 0xff,
    0xfe, 0x0, 0x0, 0xd, 0xff, 0xc0, 0x0, 0x0,
    0x7f, 0xff, 0xfe, 0xbf, 0xe0, 0x0, 0x0, 0x7f,
    0xf6, 0x0, 0x0, 0x5, 0xff, 0xa4, 0x4, 0xfe,
    0x0, 0x0, 0x2e, 0xff, 0xd1, 0x0, 0x0, 0x8,
    0x10, 0x0, 0x4f, 0xe0, 0x0, 0x1d, 0xfe, 0xff,
    0xc0, 0x0, 0x0, 0x0, 0x0, 0x4, 0xfe, 0x0,
    0x3d, 0xff, 0x34, 0xff, 0xc2, 0x0, 0x0, 0x0,
    0x0, 0x4f, 0xe0, 0x8f, 0xff, 0x30, 0x6, 0xff,
    0xf6, 0x0, 0x0, 0x0, 0x4, 0xfe, 0x4f, 0xfd,
    0x30, 0x0, 0x5, 0xff, 0xa0, 0x0, 0x0, 0x0,
    0x4f, 0xe0, 0x89, 0x0, 0x0, 0x0, 0x2, 0xa0,
    0x0, 0x0, 0x0, 0x0, 0x0, 0x0, 0x0, 0x0,
    0x0, 0x0, 0x0, 0x0,

    /* U+6539 "改" */
    0x0, 0x0, 0x0, 0x0, 0x0, 0x0, 0x3, 0x0,
    0x0, 0x0, 0x0, 0x0, 0x0, 0x0, 0x0, 0x0,
    0x0, 0x2, 0xff, 0x20, 0x0, 0x0, 0x0, 0x3b,
    0xbb, 0xbb, 0xbb, 0xb3, 0x0, 0x6f, 0xe0, 0x0,
    0x0, 0x0, 0x4, 0xff, 0xff, 0xff, 0xff, 0x40,
    0xb, 0xfa, 0x0, 0x0, 0x0, 0x0, 0x27, 0x77,
    0x77, 0x7f, 0xf4, 0x0, 0xff, 0x60, 0x0, 0x0,
    0x0, 0x0, 0x0, 0x0, 0x0, 0xef, 0x40, 0x3f,
    0xff, 0xff, 0xff, 0xff, 0xa0, 0x0, 0x0, 0x0,
    0xe, 0xf4, 0x8, 0xff, 0xff, 0xff, 0xff, 0xfa,
    0x0, 0x0, 0x0, 0x0, 0xef, 0x40, 0xff, 0x91,
    0x11, 0x2f, 0xf5, 0x10, 0x0, 0x0, 0x0, 0xe,
    0xf4, 0x6f, 0xfc, 0x0, 0x4, 0xff, 0x0, 0x0,
    0xef, 0xff, 0xff, 0xff, 0x6e, 0xff, 0xf1, 0x0,
    0x8f, 0xc0, 0x0, 0xe, 0xff, 0xff, 0xff, 0xfe,
    0xff, 0xdf, 0x50, 0xb, 0xf8, 0x0, 0x0, 0xef,
    0x74, 0x44, 0x44, 0x8f, 0x67, 0xfa, 0x1, 0xff,
    0x40, 0x0, 0xe, 0xf4, 0x0, 0x0, 0x0, 0x50,
    0x2f, 0xf1, 0x6f, 0xf0, 0x0, 0x0, 0xef, 0x40,
    0x0, 0x0, 0x0, 0x0, 0xcf, 0x7d, 0xf9, 0x0,
    0x0, 0xe, 0xf4, 0x0, 0x0, 0x0, 0x0, 0x5,
    0xff, 0xff, 0x20, 0x0, 0x0, 0xef, 0x40, 0x0,
    0x0, 0x0, 0x0, 0xe, 0xff, 0xa0, 0x0, 0x0,
    0xe, 0xf4, 0x0, 0x4, 0xa4, 0x0, 0x0, 0xaf,
    0xf5, 0x0, 0x0, 0x0, 0xef, 0x53, 0x9e, 0xff,
    0x60, 0x0, 0x7f, 0xff, 0xe2, 0x0, 0x0, 0x1f,
    0xff, 0xff, 0xfe, 0x92, 0x0, 0x7f, 0xfc, 0xff,
    0xd1, 0x0, 0x9, 0xff, 0xff, 0xb5, 0x0, 0x2,
    0xbf, 0xfc, 0x4, 0xff, 0xe5, 0x0, 0x4f, 0xe8,
    0x20, 0x0, 0x8, 0xff, 0xfb, 0x0, 0x5, 0xff,
    0xfa, 0x0, 0x70, 0x0, 0x0, 0x0, 0x7f, 0xf6,
    0x0, 0x0, 0x2, 0xcf, 0x50, 0x0, 0x0, 0x0,
    0x0, 0x0, 0x81, 0x0, 0x0, 0x0, 0x0, 0x50,
    0x0,

    /* U+653E "放" */
    0x0, 0x0, 0x1, 0x40, 0x0, 0x0, 0x0, 0x32,
    0x0, 0x0, 0x0, 0x0, 0x0, 0x0, 0xf, 0xf2,
    0x0, 0x0, 0x0, 0xcf, 0x90, 0x0, 0x0, 0x0,
    0x0, 0x0, 0xa, 0xf9, 0x0, 0x0, 0x0, 0xff,
    0x50, 0x0, 0x0, 0x0, 0x0, 0x0, 0x4, 0xfd,
    0x0, 0x0, 0x4, 0xff, 0x10, 0x0, 0x0, 0x0,
    0x8, 0x99, 0x9a, 0xd9, 0x99, 0x95, 0x8, 0xfe,
    0x0, 0x0, 0x0, 0x0, 0xe, 0xff, 0xff, 0xff,
    0xff, 0xf9, 0xc, 0xff, 0xff, 0xff, 0xff, 0xf0,
    0x7, 0x7a, 0xfe, 0x77, 0x77, 0x74, 0xf, 0xff,
    0xff, 0xff, 0xff, 0xf0, 0x0, 0x4, 0xfc, 0x0,
    0x0, 0x0, 0x6f, 0xf3, 0x11, 0x2f, 0xf4, 0x10,
    0x0, 0x4, 0xfc, 0x0, 0x0, 0x0, 0xcf, 0xf5,
    0x0, 0x3f, 0xf0, 0x0, 0x0, 0x4, 0xfd, 0x44,
    0x44, 0x33, 0xff, 0xf8, 0x0, 0x6f, 0xd0, 0x0,
    0x0, 0x4, 0xff, 0xff, 0xff, 0xac, 0xff, 0xfc,
    0x0, 0x9f, 0x90, 0x0, 0x0, 0x5, 0xff, 0xcc,
    0xef, 0xef, 0xf6, 0xff, 0x10, 0xdf, 0x50, 0x0,
    0x0, 0x5, 0xfb, 0x0, 0x8f, 0xaa, 0xb0, 0xdf,
    0x63, 0xff, 0x10, 0x0, 0x0, 0x6, 0xfb, 0x0,
    0x8f, 0x90, 0x10, 0x8f, 0xb8, 0xfa, 0x0, 0x0,
    0x0, 0x7, 0xfa, 0x0, 0x8f, 0x90, 0x0, 0x2f,
    0xfe, 0xf4, 0x0, 0x0, 0x0, 0xa, 0xf8, 0x0,
    0x9f, 0x80, 0x0, 0xb, 0xff, 0xe0, 0x0, 0x0,
    0x0, 0xd, 0xf5, 0x0, 0x9f, 0x80, 0x0, 0x5,
    0xff, 0x80, 0x0, 0x0, 0x0, 0x2f, 0xf2, 0x0,
    0xaf, 0x70, 0x0, 0xc, 0xff, 0xd1, 0x0, 0x0,
    0x0, 0x8f, 0xd0, 0x0, 0xbf, 0x60, 0x0, 0xbf,
    0xff, 0xfb, 0x0, 0x0, 0x1, 0xef, 0x70, 0x0,
    0xdf, 0x50, 0x1b, 0xff, 0x66, 0xff, 0xa1, 0x0,
    0xa, 0xff, 0x10, 0x2, 0xff, 0x36, 0xef, 0xf7,
    0x0, 0x8f, 0xfe, 0x40, 0x3f, 0xf6, 0xb, 0xff,
    0xfe, 0x6f, 0xff, 0x50, 0x0, 0x8, 0xff, 0xd0,
    0x7, 0xa0, 0x7, 0xff, 0xd4, 0xc, 0xb1, 0x0,
    0x0, 0x0, 0x4d, 0x20, 0x0, 0x0, 0x0, 0x0,
    0x0, 0x1, 0x0, 0x0, 0x0, 0x0, 0x0, 0x0,

    /* U+6570 "数" */
    0x0, 0x0, 0x0, 0x0, 0x0, 0x0, 0x0, 0x0,
    0x0, 0x0, 0x0, 0x0, 0x5, 0x0, 0xdf, 0x30,
    0x54, 0x0, 0xc, 0xa0, 0x0, 0x0, 0x0, 0xa,
    0xf5, 0xd, 0xf3, 0x1f, 0xf3, 0x4, 0xfd, 0x0,
    0x0, 0x0, 0x0, 0x2f, 0xd0, 0xdf, 0x39, 0xf8,
    0x0, 0x7f, 0xa0, 0x0, 0x0, 0x0, 0x0, 0xbd,
    0x1d, 0xf3, 0xbc, 0x0, 0xa, 0xf7, 0x0, 0x0,
    0x0, 0x6, 0xbc, 0xbb, 0xff, 0xcb, 0xbb, 0xa0,
    0xef, 0xb8, 0x88, 0x88, 0x70, 0x9f, 0xff, 0xff,
    0xff, 0xff, 0xfe, 0x1f, 0xff, 0xff, 0xff, 0xfe,
    0x0, 0x11, 0x3e, 0xff, 0xf9, 0x11, 0x16, 0xff,
    0x98, 0x8e, 0xfa, 0x80, 0x0, 0x2e, 0xff, 0xfd,
    0xfd, 0x40, 0xcf, 0xf2, 0x0, 0xef, 0x20, 0x0,
    0x7f, 0xf8, 0xdf, 0x37, 0xfe, 0x3f, 0xff, 0x50,
    0x1f, 0xe0, 0x0, 0xbf, 0xf7, 0xd, 0xf3, 0x5,
    0x4b, 0xfe, 0xf9, 0x4, 0xfb, 0x0, 0x3, 0xc3,
    0x1, 0x77, 0x10, 0x3, 0xff, 0x3f, 0xe0, 0x8f,
    0x80, 0x0, 0x0, 0x0, 0xcf, 0x50, 0x0, 0x8,
    0x80, 0xcf, 0x3d, 0xf4, 0x0, 0x1, 0xdd, 0xef,
    0xfe, 0xdd, 0xec, 0x0, 0x8, 0xfb, 0xfe, 0x0,
    0x0, 0x2f, 0xff, 0xff, 0xff, 0xff, 0xc0, 0x0,
    0x2f, 0xff, 0x80, 0x0, 0x0, 0x4, 0xfe, 0x0,
    0xb, 0xf5, 0x0, 0x0, 0xbf, 0xf2, 0x0, 0x0,
    0x0, 0xdf, 0x90, 0x6, 0xfd, 0x0, 0x0, 0xa,
    0xff, 0x10, 0x0, 0x0, 0x2b, 0xff, 0xd7, 0xff,
    0x30, 0x0, 0x7, 0xff, 0xfc, 0x0, 0x0, 0x0,
    0x3, 0xaf, 0xff, 0xa0, 0x0, 0x4, 0xff, 0x9f,
    0xf8, 0x0, 0x0, 0x0, 0x3b, 0xff, 0xff, 0xa0,
    0x7, 0xff, 0x80, 0x6f, 0xf8, 0x0, 0x16, 0xbf,
    0xfd, 0x35, 0xe9, 0x2c, 0xff, 0x90, 0x0, 0x9f,
    0xfc, 0x19, 0xff, 0xe7, 0x0, 0x1, 0xb, 0xff,
    0x60, 0x0, 0x0, 0x7f, 0xd1, 0x19, 0x30, 0x0,
    0x0, 0x0, 0x2b, 0x20, 0x0, 0x0, 0x0, 0x42,
    0x0,

    /* U+6574 "整" */
    0x0, 0x0, 0x0, 0x0, 0x0, 0x0, 0x0, 0x0,
    0x0, 0x0, 0x0, 0x0, 0x0, 0x0, 0x1f, 0xd0,
    0x0, 0x0, 0x2, 0xea, 0x0, 0x0, 0x0, 0x7,
    0xaa, 0xab, 0xff, 0xaa, 0xaa, 0x20, 0x8f, 0xb0,
    0x0, 0x0, 0x0, 0xaf, 0xff, 0xff, 0xff, 0xff,
    0xf4, 0xe, 0xfb, 0x77, 0x77, 0x74, 0x0, 0x11,
    0x13, 0xfe, 0x11, 0x11, 0x7, 0xff, 0xff, 0xff,
    0xff, 0x90, 0xf, 0xff, 0xff, 0xff, 0xff, 0xb4,
    0xff, 0xc3, 0x34, 0xff, 0x42, 0x0, 0xfc, 0x45,
    0xfe, 0x45, 0xfd, 0xff, 0xff, 0x30, 0x7f, 0xa0,
    0x0, 0xf, 0xc3, 0x4f, 0xe3, 0x4f, 0xc8, 0xd3,
    0xfd, 0x2e, 0xf3, 0x0, 0x0, 0xff, 0xff, 0xff,
    0xff, 0xfb, 0x1, 0x8, 0xff, 0xfa, 0x0, 0x0,
    0x2, 0x27, 0xff, 0xec, 0x93, 0x20, 0x0, 0x1f,
    0xff, 0x20, 0x0, 0x0, 0x6, 0xff, 0xfe, 0xcf,
    0xc2, 0x0, 0x3d, 0xff, 0xfd, 0x30, 0x0, 0x3c,
    0xfe, 0x4f, 0xd0, 0x6f, 0x65, 0xbf, 0xfc, 0x3c,
    0xff, 0xb4, 0xb, 0xfb, 0x11, 0xfd, 0x0, 0x20,
    0xbf, 0xf7, 0x0, 0x8, 0xff, 0x70, 0x16, 0x11,
    0x15, 0x51, 0x11, 0x12, 0x82, 0x11, 0x11, 0x13,
    0x80, 0x0, 0x5f, 0xff, 0xff, 0xff, 0xff, 0xff,
    0xff, 0xff, 0xff, 0xf3, 0x0, 0x4, 0xbb, 0xbb,
    0xbb, 0xbc, 0xff, 0xcb, 0xbb, 0xbb, 0xbb, 0x20,
    0x0, 0x0, 0x19, 0x90, 0x0, 0x3f, 0xf0, 0x0,
    0x0, 0x0, 0x0, 0x0, 0x0, 0x1, 0xff, 0x0,
    0x3, 0xff, 0xff, 0xff, 0xff, 0x80, 0x0, 0x0,
    0x0, 0x1f, 0xf0, 0x0, 0x3f, 0xfc, 0xbb, 0xbb,
    0xb6, 0x0, 0x0, 0x0, 0x1, 0xff, 0x0, 0x3,
    0xff, 0x0, 0x0, 0x0, 0x0, 0x0, 0xb, 0xcc,
    0xdf, 0xfc, 0xcc, 0xdf, 0xfd, 0xcc, 0xcc, 0xcc,
    0xcc, 0x90, 0xef, 0xff, 0xff, 0xff, 0xff, 0xff,
    0xff, 0xff, 0xff, 0xff, 0xfb, 0x0, 0x0, 0x0,
    0x0, 0x0, 0x0, 0x0, 0x0, 0x0, 0x0, 0x0,
    0x0,

    /* U+6599 "料" */
    0x0, 0x0, 0x2e, 0xd0, 0x0, 0x0, 0x0, 0x0,
    0x0, 0xff, 0x10, 0x0, 0x3, 0x60, 0x2f, 0xe0,
    0x17, 0x30, 0x4, 0x0, 0x0, 0xff, 0x10, 0x0,
    0xa, 0xf2, 0x2f, 0xe0, 0x6f, 0x80, 0x7f, 0xb1,
    0x0, 0xff, 0x10, 0x0, 0x5, 0xf7, 0x2f, 0xe0,
    0x9f, 0x30, 0x4e, 0xfe, 0x30, 0xff, 0x10, 0x0,
    0x1, 0xfb, 0x2f, 0xe0, 0xde, 0x0, 0x1, 0xbf,
    0xd0, 0xff, 0x10, 0x0, 0x0, 0xde, 0x2f, 0xe2,
    0xf8, 0x0, 0x0, 0xa, 0x40, 0xff, 0x10, 0x0,
    0x0, 0xbe, 0x3f, 0xe6, 0xf2, 0x0, 0x0, 0x0,
    0x0, 0xff, 0x10, 0x0, 0x2, 0x32, 0x4f, 0xe2,
    0x32, 0x11, 0x60, 0x0, 0x0, 0xff, 0x10, 0x0,
    0xe, 0xff, 0xff, 0xff, 0xff, 0xab, 0xfc, 0x20,
    0x0, 0xff, 0x10, 0x0, 0xe, 0xff, 0xff, 0xff,
    0xff, 0x94, 0xef, 0xf6, 0x0, 0xff, 0x10, 0x0,
    0x0, 0x1, 0xff, 0xf3, 0x0, 0x0, 0xa, 0xfc,
    0x0, 0xff, 0x10, 0x0, 0x0, 0x7, 0xff, 0xfe,
    0x10, 0x0, 0x0, 0x72, 0x0, 0xff, 0x10, 0x0,
    0x0, 0xd, 0xff, 0xff, 0xc0, 0x0, 0x0, 0x0,
    0x0, 0xff, 0x10, 0x20, 0x0, 0x4f, 0xbf, 0xea,
    0xf8, 0x0, 0x0, 0x0, 0x14, 0xff, 0xdf, 0xd0,
    0x0, 0xcf, 0x4f, 0xe1, 0xff, 0x33, 0x69, 0xce,
    0xff, 0xff, 0xff, 0xe0, 0x6, 0xfb, 0x2f, 0xe0,
    0x7b, 0x6f, 0xff, 0xff, 0xfd, 0xff, 0x51, 0x0,
    0x1f, 0xf4, 0x2f, 0xe0, 0x1, 0x3e, 0xc9, 0x63,
    0x0, 0xff, 0x10, 0x0, 0x1f, 0xc0, 0x2f, 0xe0,
    0x0, 0x0, 0x0, 0x0, 0x0, 0xff, 0x10, 0x0,
    0x8, 0x30, 0x2f, 0xe0, 0x0, 0x0, 0x0, 0x0,
    0x0, 0xff, 0x10, 0x0, 0x0, 0x0, 0x2f, 0xe0,
    0x0, 0x0, 0x0, 0x0, 0x0, 0xff, 0x10, 0x0,
    0x0, 0x0, 0x2f, 0xe0, 0x0, 0x0, 0x0, 0x0,
    0x0, 0xff, 0x10, 0x0, 0x0, 0x0, 0x2f, 0xe0,
    0x0, 0x0, 0x0, 0x0, 0x0, 0xff, 0x10, 0x0,
    0x0, 0x0, 0x0, 0x0, 0x0, 0x0, 0x0, 0x0,
    0x0, 0x0, 0x0, 0x0,

    /* U+65B0 "新" */
    0x0, 0x0, 0x0, 0x30, 0x0, 0x0, 0x0, 0x0,
    0x0, 0x0, 0x0, 0x0, 0x0, 0x0, 0xcf, 0x50,
    0x0, 0x0, 0x0, 0x0, 0x3, 0x9a, 0x0, 0x0,
    0x0, 0x6, 0xfd, 0x0, 0x0, 0x0, 0x37, 0xae,
    0xff, 0xfc, 0x0, 0x6c, 0xcc, 0xdf, 0xfd, 0xcc,
    0xc0, 0xdf, 0xff, 0xfd, 0x94, 0x0, 0x8, 0xff,
    0xff, 0xff, 0xff, 0xff, 0xd, 0xf8, 0x30, 0x0,
    0x0, 0x0, 0x1, 0xab, 0x0, 0x6, 0xc7, 0x0,
    0xdf, 0x20, 0x0, 0x0, 0x0, 0x0, 0xd, 0xf2,
    0x0, 0xbf, 0x70, 0xd, 0xf2, 0x0, 0x0, 0x0,
    0x0, 0x0, 0x8f, 0x60, 0xf, 0xf1, 0x0, 0xdf,
    0x20, 0x0, 0x0, 0x0, 0x4, 0x48, 0xe8, 0x47,
    0xfc, 0x44, 0x1d, 0xf3, 0x11, 0x11, 0x11, 0x10,
    0xef, 0xff, 0xff, 0xff, 0xff, 0xf6, 0xdf, 0xff,
    0xff, 0xff, 0xff, 0x8, 0x99, 0x9a, 0xfe, 0x99,
    0x99, 0x3d, 0xff, 0xff, 0xff, 0xff, 0xe0, 0x0,
    0x0, 0x2f, 0xd0, 0x0, 0x0, 0xef, 0x20, 0xe,
    0xf4, 0x0, 0x0, 0x0, 0x3, 0xfd, 0x0, 0x0,
    0xe, 0xf1, 0x0, 0xef, 0x40, 0x0, 0xcf, 0xff,
    0xff, 0xff, 0xff, 0xf0, 0xef, 0x10, 0xe, 0xf4,
    0x0, 0xa, 0xdd, 0xdd, 0xff, 0xdd, 0xdd, 0xf,
    0xf0, 0x0, 0xef, 0x40, 0x0, 0x0, 0x30, 0x2f,
    0xd0, 0x31, 0x1, 0xfe, 0x0, 0xe, 0xf4, 0x0,
    0x0, 0x4f, 0xa2, 0xfd, 0x3f, 0x90, 0x2f, 0xd0,
    0x0, 0xef, 0x40, 0x0, 0xb, 0xf4, 0x2f, 0xd0,
    0xdf, 0x25, 0xfb, 0x0, 0xe, 0xf4, 0x0, 0x4,
    0xfd, 0x2, 0xfd, 0x5, 0xfa, 0x9f, 0x70, 0x0,
    0xef, 0x40, 0x0, 0xdf, 0x40, 0x2f, 0xd0, 0xe,
    0xad, 0xf3, 0x0, 0xe, 0xf4, 0x0, 0x3, 0x80,
    0x3, 0xfd, 0x0, 0x14, 0xfe, 0x0, 0x0, 0xef,
    0x40, 0x0, 0x0, 0x1d, 0xef, 0xb0, 0x0, 0xbf,
    0x70, 0x0, 0xe, 0xf4, 0x0, 0x0, 0x0, 0xdf,
    0xc3, 0x0, 0x2, 0xb1, 0x0, 0x0, 0xef, 0x40,
    0x0, 0x0, 0x0, 0x0, 0x0, 0x0, 0x0, 0x0,
    0x0, 0x0, 0x0, 0x0,

    /* U+65B9 "方" */
    0x0, 0x0, 0x0, 0x0, 0x0, 0x2, 0x0, 0x0,
    0x0, 0x0, 0x0, 0x0, 0x0, 0x0, 0x0, 0x4,
    0xef, 0x10, 0x0, 0x0, 0x0, 0x0, 0x0, 0x0,
    0x0, 0x0, 0x1, 0xff, 0x90, 0x0, 0x0, 0x0,
    0x0, 0x0, 0x0, 0x0, 0x0, 0x0, 0x9f, 0xf0,
    0x0, 0x0, 0x0, 0x0, 0x2, 0x22, 0x22, 0x22,
    0x22, 0x5f, 0xa3, 0x22, 0x22, 0x22, 0x21, 0x3f,
    0xff, 0xff, 0xff, 0xff, 0xff, 0xff, 0xff, 0xff,
    0xff, 0xfb, 0x3f, 0xff, 0xff, 0xff, 0xff, 0xff,
    0xff, 0xff, 0xff, 0xff, 0xfb, 0x0, 0x0, 0x0,
    0xf, 0xf7, 0x0, 0x0, 0x0, 0x0, 0x0, 0x0,
    0x0, 0x0, 0x0, 0x1f, 0xf5, 0x0, 0x0, 0x0,
    0x0, 0x0, 0x0, 0x0, 0x0, 0x0, 0x2f, 0xf4,
    0x0, 0x0, 0x0, 0x0, 0x0, 0x0, 0x0, 0x0,
    0x0, 0x4f, 0xf7, 0x55, 0x55, 0x55, 0x55, 0x51,
    0x0, 0x0, 0x0, 0x0, 0x6f, 0xff, 0xff, 0xff,
    0xff, 0xff, 0xf2, 0x0, 0x0, 0x0, 0x0, 0x9f,
    0xfc, 0xcc, 0xcc, 0xcc, 0xdf, 0xf1, 0x0, 0x0,
    0x0, 0x0, 0xdf, 0xa0, 0x0, 0x0, 0x0, 0x3f,
    0xf0, 0x0, 0x0, 0x0, 0x1, 0xff, 0x60, 0x0,
    0x0, 0x0, 0x5f, 0xe0, 0x0, 0x0, 0x0, 0x6,
    0xff, 0x20, 0x0, 0x0, 0x0, 0x6f, 0xd0, 0x0,
    0x0, 0x0, 0xd, 0xfc, 0x0, 0x0, 0x0, 0x0,
    0x8f, 0xb0, 0x0, 0x0, 0x0, 0x6f, 0xf5, 0x0,
    0x0, 0x0, 0x0, 0xaf, 0xa0, 0x0, 0x0, 0x1,
    0xef, 0xd0, 0x0, 0x0, 0x0, 0x0, 0xdf, 0x70,
    0x0, 0x0, 0x1d, 0xff, 0x30, 0x0, 0x0, 0x0,
    0x1, 0xff, 0x40, 0x0, 0x4, 0xef, 0xf5, 0x0,
    0x0, 0x22, 0x21, 0x2a, 0xff, 0x0, 0x0, 0x5f,
    0xff, 0x70, 0x0, 0x0, 0x5f, 0xff, 0xff, 0xf9,
    0x0, 0x0, 0xa, 0xd3, 0x0, 0x0, 0x0, 0xe,
    0xff, 0xfe, 0x80, 0x0, 0x0, 0x0, 0x0, 0x0,
    0x0, 0x0, 0x0, 0x0, 0x0, 0x0, 0x0, 0x0,

    /* U+65E5 "日" */
    0x55, 0x55, 0x55, 0x55, 0x55, 0x55, 0x55, 0x55,
    0xe, 0xff, 0xff, 0xff, 0xff, 0xff, 0xff, 0xff,
    0xf0, 0xef, 0xed, 0xdd, 0xdd, 0xdd, 0xdd, 0xde,
    0xff, 0xe, 0xf5, 0x0, 0x0, 0x0, 0x0, 0x0,
    0x5f, 0xf0, 0xef, 0x50, 0x0, 0x0, 0x0, 0x0,
    0x5, 0xff, 0xe, 0xf5, 0x0, 0x0, 0x0, 0x0,
    0x0, 0x5f, 0xf0, 0xef, 0x50, 0x0, 0x0, 0x0,
    0x0, 0x5, 0xff, 0xe, 0xf5, 0x0, 0x0, 0x0,
    0x0, 0x0, 0x5f, 0xf0, 0xef, 0x84, 0x44, 0x44,
    0x44, 0x44, 0x48, 0xff, 0xe, 0xff, 0xff, 0xff,
    0xff, 0xff, 0xff, 0xff, 0xf0, 0xef, 0xfe, 0xee,
    0xee, 0xee, 0xee, 0xef, 0xff, 0xe, 0xf5, 0x0,
    0x0, 0x0, 0x0, 0x0, 0x5f, 0xf0, 0xef, 0x50,
    0x0, 0x0, 0x0, 0x0, 0x5, 0xff, 0xe, 0xf5,
    0x0, 0x0, 0x0, 0x0, 0x0, 0x5f, 0xf0, 0xef,
    0x50, 0x0, 0x0, 0x0, 0x0, 0x5, 0xff, 0xe,
    0xf5, 0x0, 0x0, 0x0, 0x0, 0x0, 0x5f, 0xf0,
    0xef, 0x72, 0x22, 0x22, 0x22, 0x22, 0x27, 0xff,
    0xe, 0xff, 0xff, 0xff, 0xff, 0xff, 0xff, 0xff,
    0xf0, 0xef, 0xff, 0xff, 0xff, 0xff, 0xff, 0xff,
    0xff, 0xe, 0xf6, 0x11, 0x11, 0x11, 0x11, 0x11,
    0x6f, 0xf0, 0xef, 0x50, 0x0, 0x0, 0x0, 0x0,
    0x4, 0xee, 0x0,

    /* U+65E9 "早" */
    0x0, 0x0, 0x0, 0x0, 0x0, 0x0, 0x0, 0x0,
    0x0, 0x0, 0x0, 0x0, 0x4f, 0xff, 0xff, 0xff,
    0xff, 0xff, 0xff, 0xff, 0xf5, 0x0, 0x0, 0x4f,
    0xfe, 0xee, 0xee, 0xee, 0xee, 0xee, 0xef, 0xf5,
    0x0, 0x0, 0x4f, 0xd0, 0x0, 0x0, 0x0, 0x0,
    0x0, 0xf, 0xf5, 0x0, 0x0, 0x4f, 0xd0, 0x0,
    0x0, 0x0, 0x0, 0x0, 0xf, 0xf5, 0x0, 0x0,
    0x4f, 0xfe, 0xee, 0xee, 0xee, 0xee, 0xee, 0xef,
    0xf5, 0x0, 0x0, 0x4f, 0xff, 0xff, 0xff, 0xff,
    0xff, 0xff, 0xff, 0xf5, 0x0, 0x0, 0x4f, 0xd0,
    0x0, 0x0, 0x0, 0x0, 0x0, 0xf, 0xf5, 0x0,
    0x0, 0x4f, 0xd0, 0x0, 0x0, 0x0, 0x0, 0x0,
    0xf, 0xf5, 0x0, 0x0, 0x4f, 0xfe, 0xee, 0xee,
    0xee, 0xee, 0xee, 0xef, 0xf5, 0x0, 0x0, 0x4f,
    0xff, 0xff, 0xff, 0xff, 0xff, 0xff, 0xff, 0xf5,
    0x0, 0x0, 0x0, 0x0, 0x0, 0x3, 0xff, 0x10,
    0x0, 0x0, 0x0, 0x0, 0x0, 0x0, 0x0, 0x0,
    0x2, 0xff, 0x10, 0x0, 0x0, 0x0, 0x0, 0x0,
    0x0, 0x0, 0x0, 0x2, 0xff, 0x10, 0x0, 0x0,
    0x0, 0x0, 0xad, 0xdd, 0xdd, 0xdd, 0xde, 0xff,
    0xdd, 0xdd, 0xdd, 0xdd, 0xdc, 0xcf, 0xff, 0xff,
    0xff, 0xff, 0xff, 0xff, 0xff, 0xff, 0xff, 0xfe,
    0x33, 0x33, 0x33, 0x33, 0x36, 0xff, 0x43, 0x33,
    0x33, 0x33, 0x33, 0x0, 0x0, 0x0, 0x0, 0x2,
    0xff, 0x10, 0x0, 0x0, 0x0, 0x0, 0x0, 0x0,
    0x0, 0x0, 0x2, 0xff, 0x10, 0x0, 0x0, 0x0,
    0x0, 0x0, 0x0, 0x0, 0x0, 0x2, 0xff, 0x10,
    0x0, 0x0, 0x0, 0x0, 0x0, 0x0, 0x0, 0x0,
    0x2, 0xff, 0x10, 0x0, 0x0, 0x0, 0x0, 0x0,
    0x0, 0x0, 0x0, 0x2, 0xff, 0x10, 0x0, 0x0,
    0x0, 0x0,

    /* U+65F6 "时" */
    0x0, 0x0, 0x0, 0x0, 0x0, 0x0, 0x0, 0x0,
    0xb, 0xb4, 0x0, 0x0, 0x0, 0x0, 0x0, 0x0,
    0x0, 0x0, 0x0, 0x0, 0xef, 0x50, 0x0, 0x1f,
    0xff, 0xff, 0xff, 0xd0, 0x0, 0x0, 0x0, 0xe,
    0xf5, 0x0, 0x1, 0xff, 0xff, 0xff, 0xfe, 0x0,
    0x0, 0x0, 0x0, 0xef, 0x50, 0x0, 0x1f, 0xf0,
    0x0, 0x3f, 0xe0, 0x44, 0x44, 0x44, 0x4f, 0xf8,
    0x44, 0x1, 0xff, 0x0, 0x3, 0xfe, 0x2f, 0xff,
    0xff, 0xff, 0xff, 0xff, 0xf0, 0x1f, 0xf0, 0x0,
    0x3f, 0xe2, 0xee, 0xee, 0xee, 0xef, 0xff, 0xee,
    0x1, 0xff, 0x0, 0x3, 0xfe, 0x0, 0x0, 0x0,
    0x0, 0xef, 0x50, 0x0, 0x1f, 0xf3, 0x33, 0x6f,
    0xe0, 0x1, 0x10, 0x0, 0xe, 0xf5, 0x0, 0x1,
    0xff, 0xff, 0xff, 0xfe, 0x4, 0xec, 0x0, 0x0,
    0xef, 0x50, 0x0, 0x1f, 0xfb, 0xbb, 0xcf, 0xe0,
    0x1e, 0xf8, 0x0, 0xe, 0xf5, 0x0, 0x1, 0xff,
    0x0, 0x3, 0xfe, 0x0, 0x5f, 0xf4, 0x0, 0xef,
    0x50, 0x0, 0x1f, 0xf0, 0x0, 0x3f, 0xe0, 0x0,
    0xaf, 0xd0, 0xe, 0xf5, 0x0, 0x1, 0xff, 0x0,
    0x3, 0xfe, 0x0, 0x1, 0xef, 0x80, 0xef, 0x50,
    0x0, 0x1f, 0xf0, 0x0, 0x3f, 0xe0, 0x0, 0x5,
    0x80, 0xe, 0xf5, 0x0, 0x1, 0xff, 0xbb, 0xbc,
    0xfe, 0x0, 0x0, 0x0, 0x0, 0xef, 0x50, 0x0,
    0x1f, 0xff, 0xff, 0xff, 0xe0, 0x0, 0x0, 0x0,
    0xe, 0xf5, 0x0, 0x1, 0xff, 0x44, 0x44, 0x43,
    0x0, 0x0, 0x0, 0x0, 0xef, 0x50, 0x0, 0x1f,
    0xf0, 0x0, 0x0, 0x0, 0x0, 0x0, 0x0, 0xe,
    0xf5, 0x0, 0x0, 0x66, 0x0, 0x0, 0x0, 0x0,
    0x1, 0x33, 0x34, 0xff, 0x50, 0x0, 0x0, 0x0,
    0x0, 0x0, 0x0, 0x0, 0x4f, 0xff, 0xff, 0xf2,
    0x0, 0x0, 0x0, 0x0, 0x0, 0x0, 0x0, 0x0,
    0xef, 0xfe, 0xb4, 0x0, 0x0, 0x0, 0x0, 0x0,
    0x0, 0x0, 0x0, 0x0, 0x0, 0x0, 0x0, 0x0,
    0x0,

    /* U+660E "明" */
    0x0, 0x0, 0x0, 0x0, 0x0, 0x5, 0x55, 0x55,
    0x55, 0x55, 0x51, 0xf, 0xff, 0xff, 0xff, 0xe0,
    0x1f, 0xff, 0xff, 0xff, 0xff, 0xf4, 0xf, 0xff,
    0xff, 0xff, 0xe0, 0x1f, 0xfb, 0xbb, 0xbb, 0xbf,
    0xf4, 0xf, 0xf1, 0x11, 0x3f, 0xe0, 0x1f, 0xf1,
    0x0, 0x0, 0xe, 0xf4, 0xf, 0xf0, 0x0, 0x1f,
    0xe0, 0x1f, 0xf1, 0x0, 0x0, 0xe, 0xf4, 0xf,
    0xf0, 0x0, 0x1f, 0xe0, 0x1f, 0xf1, 0x0, 0x0,
    0xe, 0xf4, 0xf, 0xf0, 0x0, 0x1f, 0xe0, 0x1f,
    0xfb, 0xaa, 0xaa, 0xaf, 0xf4, 0xf, 0xfe, 0xee,
    0xef, 0xe0, 0x1f, 0xff, 0xff, 0xff, 0xff, 0xf4,
    0xf, 0xff, 0xff, 0xff, 0xe0, 0x1f, 0xf6, 0x55,
    0x55, 0x5f, 0xf4, 0xf, 0xf1, 0x11, 0x3f, 0xe0,
    0x1f, 0xf1, 0x0, 0x0, 0xe, 0xf4, 0xf, 0xf0,
    0x0, 0x1f, 0xe0, 0x2f, 0xf0, 0x0, 0x0, 0xe,
    0xf4, 0xf, 0xf0, 0x0, 0x1f, 0xe0, 0x3f, 0xf0,
    0x0, 0x0, 0xe, 0xf4, 0xf, 0xf0, 0x0, 0x1f,
    0xe0, 0x4f, 0xf9, 0x99, 0x99, 0x9f, 0xf4, 0xf,
    0xf4, 0x44, 0x5f, 0xe0, 0x7f, 0xff, 0xff, 0xff,
    0xff, 0xf4, 0xf, 0xff, 0xff, 0xff, 0xe0, 0xaf,
    0xd8, 0x88, 0x88, 0x8f, 0xf4, 0xf, 0xfc, 0xcc,
    0xcc, 0xb0, 0xef, 0x60, 0x0, 0x0, 0xe, 0xf4,
    0xf, 0xf0, 0x0, 0x0, 0x5, 0xff, 0x20, 0x0,
    0x0, 0xe, 0xf4, 0x8, 0x80, 0x0, 0x0, 0xd,
    0xfb, 0x0, 0x0, 0x0, 0xe, 0xf4, 0x0, 0x0,
    0x0, 0x0, 0x6f, 0xf4, 0x0, 0x0, 0x0, 0xe,
    0xf4, 0x0, 0x0, 0x0, 0x4, 0xff, 0xa0, 0x0,
    0x1, 0x11, 0x2f, 0xf3, 0x0, 0x0, 0x0, 0x3f,
    0xfd, 0x10, 0x0, 0x9, 0xff, 0xff, 0xf1, 0x0,
    0x0, 0x0, 0x9, 0xd1, 0x0, 0x0, 0x3, 0xff,
    0xeb, 0x40, 0x0, 0x0, 0x0, 0x0, 0x0, 0x0,
    0x0, 0x0, 0x0, 0x0, 0x0,

    /* U+6628 "昨" */
    0x0, 0x0, 0x0, 0x0, 0x0, 0x6, 0xc7, 0x0,
    0x0, 0x0, 0x0, 0x0, 0x0, 0x0, 0x0, 0x0,
    0x0, 0xcf, 0x90, 0x0, 0x0, 0x0, 0x0, 0x2f,
    0xff, 0xff, 0xff, 0x10, 0x1f, 0xf4, 0x0, 0x0,
    0x0, 0x0, 0x2, 0xff, 0xff, 0xff, 0xf1, 0x6,
    0xff, 0x21, 0x11, 0x11, 0x11, 0x10, 0x2f, 0xf0,
    0x0, 0xff, 0x10, 0xbf, 0xff, 0xff, 0xff, 0xff,
    0xff, 0x2, 0xff, 0x0, 0xf, 0xf1, 0x3f, 0xff,
    0xff, 0xff, 0xff, 0xff, 0xf0, 0x2f, 0xf0, 0x0,
    0xff, 0x1a, 0xfc, 0xe, 0xf4, 0x0, 0x0, 0x0,
    0x2, 0xff, 0x0, 0xf, 0xf6, 0xff, 0x40, 0xef,
    0x40, 0x0, 0x0, 0x0, 0x2f, 0xf3, 0x34, 0xff,
    0xef, 0xc0, 0xe, 0xf4, 0x0, 0x0, 0x0, 0x2,
    0xff, 0xff, 0xff, 0xf4, 0xe2, 0x0, 0xef, 0xff,
    0xff, 0xff, 0x80, 0x2f, 0xfb, 0xbb, 0xff, 0x10,
    0x0, 0xe, 0xff, 0xff, 0xff, 0xf8, 0x2, 0xff,
    0x0, 0xf, 0xf1, 0x0, 0x0, 0xef, 0x40, 0x0,
    0x0, 0x0, 0x2f, 0xf0, 0x0, 0xff, 0x10, 0x0,
    0xe, 0xf4, 0x0, 0x0, 0x0, 0x2, 0xff, 0x0,
    0xf, 0xf1, 0x0, 0x0, 0xef, 0x51, 0x11, 0x11,
    0x10, 0x2f, 0xf0, 0x0, 0xff, 0x10, 0x0, 0xe,
    0xff, 0xff, 0xff, 0xfb, 0x2, 0xff, 0xbb, 0xbf,
    0xf1, 0x0, 0x0, 0xef, 0xdc, 0xcc, 0xcc, 0x90,
    0x2f, 0xff, 0xff, 0xff, 0x10, 0x0, 0xe, 0xf4,
    0x0, 0x0, 0x0, 0x2, 0xff, 0x44, 0x44, 0x40,
    0x0, 0x0, 0xef, 0x40, 0x0, 0x0, 0x0, 0x2f,
    0xf0, 0x0, 0x0, 0x0, 0x0, 0xe, 0xf4, 0x0,
    0x0, 0x0, 0x0, 0x44, 0x0, 0x0, 0x0, 0x0,
    0x0, 0xef, 0x40, 0x0, 0x0, 0x0, 0x0, 0x0,
    0x0, 0x0, 0x0, 0x0, 0xe, 0xf4, 0x0, 0x0,
    0x0, 0x0, 0x0, 0x0, 0x0, 0x0, 0x0, 0x0,
    0xef, 0x40, 0x0, 0x0, 0x0,

    /* U+662F "是" */
    0x0, 0x0, 0x0, 0x0, 0x0, 0x0, 0x0, 0x0,
    0x0, 0x0, 0x0, 0x0, 0x0, 0xef, 0xff, 0xff,
    0xff, 0xff, 0xff, 0xff, 0xff, 0x0, 0x0, 0x0,
    0xe, 0xfb, 0x99, 0x99, 0x99, 0x99, 0x99, 0xaf,
    0xf0, 0x0, 0x0, 0x0, 0xef, 0x30, 0x0, 0x0,
    0x0, 0x0, 0x2, 0xff, 0x0, 0x0, 0x0, 0xe,
    0xff, 0xff, 0xff, 0xff, 0xff, 0xff, 0xff, 0xf0,
    0x0, 0x0, 0x0, 0xef, 0xa9, 0x99, 0x99, 0x99,
    0x99, 0x9a, 0xff, 0x0, 0x0, 0x0, 0xe, 0xf3,
    0x0, 0x0, 0x0, 0x0, 0x0, 0x2f, 0xf0, 0x0,
    0x0, 0x0, 0xef, 0xff, 0xff, 0xff, 0xff, 0xff,
    0xff, 0xff, 0x0, 0x0, 0x0, 0xa, 0xbb, 0xbb,
    0xbb, 0xbb, 0xbb, 0xbb, 0xbb, 0xb0, 0x0, 0x0,
    0x0, 0x0, 0x0, 0x0, 0x0, 0x0, 0x0, 0x0,
    0x0, 0x0, 0x0, 0x3e, 0xee, 0xee, 0xee, 0xee,
    0xee, 0xee, 0xee, 0xee, 0xee, 0xeb, 0x4, 0xff,
    0xff, 0xff, 0xff, 0xff, 0xff, 0xff, 0xff, 0xff,
    0xff, 0xb0, 0x0, 0x0, 0x23, 0x10, 0x0, 0xcf,
    0x70, 0x0, 0x0, 0x0, 0x0, 0x0, 0x0, 0x9,
    0xfa, 0x0, 0xc, 0xf6, 0x0, 0x0, 0x0, 0x0,
    0x0, 0x0, 0x0, 0xdf, 0x50, 0x0, 0xcf, 0xdc,
    0xcc, 0xcc, 0xcb, 0x0, 0x0, 0x0, 0x2f, 0xf5,
    0x0, 0xc, 0xff, 0xff, 0xff, 0xff, 0xf0, 0x0,
    0x0, 0x9, 0xff, 0xc0, 0x0, 0xcf, 0x82, 0x22,
    0x22, 0x22, 0x0, 0x0, 0x1, 0xff, 0xff, 0x80,
    0xc, 0xf6, 0x0, 0x0, 0x0, 0x0, 0x0, 0x0,
    0xaf, 0xd4, 0xff, 0x90, 0xcf, 0x60, 0x0, 0x0,
    0x0, 0x0, 0x0, 0x6f, 0xf4, 0x6, 0xff, 0xff,
    0xf8, 0x21, 0x11, 0x11, 0x11, 0x10, 0x7f, 0xf9,
    0x0, 0x4, 0xdf, 0xff, 0xff, 0xff, 0xff, 0xff,
    0xfe, 0x4, 0xfa, 0x0, 0x0, 0x0, 0x48, 0xce,
    0xef, 0xff, 0xff, 0xff, 0x90, 0x3, 0x0, 0x0,
    0x0, 0x0, 0x0, 0x0, 0x0, 0x0, 0x0, 0x0,
    0x0,

    /* U+665A "晚" */
    0x0, 0x0, 0x0, 0x0, 0x0, 0x0, 0x0, 0x0,
    0x0, 0x0, 0x0, 0x0, 0x0, 0x0, 0x0, 0x0,
    0x0, 0x4f, 0xd0, 0x0, 0x0, 0x0, 0x0, 0x5,
    0x55, 0x55, 0x54, 0x0, 0xc, 0xfa, 0x0, 0x0,
    0x0, 0x0, 0x1, 0xff, 0xff, 0xff, 0xe0, 0x4,
    0xff, 0xff, 0xff, 0xf5, 0x0, 0x0, 0x1f, 0xfa,
    0xaa, 0xfe, 0x0, 0xcf, 0xed, 0xdd, 0xff, 0x40,
    0x0, 0x1, 0xfe, 0x0, 0x1f, 0xe0, 0x8f, 0xd0,
    0x0, 0x7f, 0xa0, 0x0, 0x0, 0x1f, 0xe0, 0x1,
    0xfe, 0x7f, 0xf5, 0x22, 0x4f, 0xf4, 0x22, 0x20,
    0x1, 0xfe, 0x0, 0x1f, 0xff, 0xff, 0xff, 0xff,
    0xff, 0xff, 0xff, 0x20, 0x1f, 0xe0, 0x1, 0xfe,
    0x8f, 0xfa, 0x99, 0xff, 0xa9, 0x9f, 0xf2, 0x1,
    0xff, 0xcc, 0xdf, 0xe0, 0xef, 0x10, 0x1f, 0xf0,
    0x0, 0xef, 0x20, 0x1f, 0xff, 0xff, 0xfe, 0xe,
    0xf1, 0x2, 0xfe, 0x0, 0xe, 0xf2, 0x1, 0xfe,
    0x22, 0x3f, 0xe0, 0xef, 0x10, 0x4f, 0xd0, 0x0,
    0xef, 0x20, 0x1f, 0xe0, 0x1, 0xfe, 0xe, 0xfa,
    0xac, 0xfe, 0xaa, 0xaf, 0xf2, 0x1, 0xfe, 0x0,
    0x1f, 0xe0, 0xef, 0xff, 0xff, 0xff, 0xff, 0xff,
    0x20, 0x1f, 0xe0, 0x1, 0xfe, 0x2, 0x33, 0x3f,
    0xff, 0xf5, 0x33, 0x30, 0x1, 0xfe, 0x0, 0x1f,
    0xe0, 0x0, 0x4, 0xfe, 0xef, 0x30, 0x0, 0x0,
    0x1f, 0xfd, 0xde, 0xfe, 0x0, 0x0, 0xbf, 0x9d,
    0xf3, 0x0, 0x0, 0x1, 0xff, 0xff, 0xff, 0xe0,
    0x0, 0x5f, 0xf2, 0xdf, 0x30, 0x6, 0x20, 0x1f,
    0xe1, 0x11, 0x11, 0x0, 0x2e, 0xf9, 0xd, 0xf3,
    0x0, 0xcf, 0x11, 0xfe, 0x0, 0x0, 0x0, 0x4e,
    0xfd, 0x0, 0xdf, 0x30, 0xd, 0xf0, 0x2, 0x20,
    0x0, 0x2, 0x9f, 0xfd, 0x20, 0xd, 0xf4, 0x0,
    0xfe, 0x0, 0x0, 0x0, 0xa, 0xff, 0xfb, 0x0,
    0x0, 0xbf, 0xff, 0xff, 0xa0, 0x0, 0x0, 0x0,
    0x6f, 0xc4, 0x0, 0x0, 0x3, 0xdf, 0xff, 0xd2,
    0x0, 0x0, 0x0, 0x0, 0x40, 0x0, 0x0, 0x0,
    0x0, 0x0, 0x0, 0x0,

    /* U+6668 "晨" */
    0x0, 0x0, 0x0, 0x0, 0x0, 0x0, 0x0, 0x0,
    0x0, 0x0, 0x0, 0x0, 0x0, 0x0, 0xff, 0xff,
    0xff, 0xff, 0xff, 0xff, 0xff, 0xff, 0x20, 0x0,
    0x0, 0x0, 0xff, 0x77, 0x77, 0x77, 0x77, 0x77,
    0x78, 0xff, 0x20, 0x0, 0x0, 0x0, 0xff, 0x77,
    0x77, 0x77, 0x77, 0x77, 0x78, 0xff, 0x20, 0x0,
    0x0, 0x0, 0xff, 0xff, 0xff, 0xff, 0xff, 0xff,
    0xff, 0xff, 0x20, 0x0, 0x0, 0x0, 0xff, 0x0,
    0x0, 0x0, 0x0, 0x0, 0x1, 0xff, 0x20, 0x0,
    0x0, 0x0, 0xff, 0xff, 0xff, 0xff, 0xff, 0xff,
    0xff, 0xff, 0x20, 0x0, 0x0, 0x0, 0x99, 0x99,
    0x99, 0x99, 0x99, 0x99, 0x99, 0x99, 0x10, 0x0,
    0x0, 0x0, 0x0, 0x0, 0x0, 0x0, 0x0, 0x0,
    0x0, 0x0, 0x0, 0x0, 0x0, 0xf, 0xff, 0xff,
    0xff, 0xff, 0xff, 0xff, 0xff, 0xff, 0xff, 0x30,
    0x0, 0xf, 0xfb, 0xaa, 0xaa, 0xaa, 0xaa, 0xaa,
    0xaa, 0xaa, 0xaa, 0x20, 0x0, 0xf, 0xf3, 0x47,
    0x77, 0x77, 0x77, 0x77, 0x77, 0x77, 0x0, 0x0,
    0x0, 0xf, 0xf3, 0xaf, 0xff, 0xff, 0xff, 0xff,
    0xff, 0xff, 0x10, 0x0, 0x0, 0xf, 0xf3, 0x0,
    0x0, 0x0, 0x0, 0x0, 0x0, 0x0, 0x0, 0x0,
    0x0, 0x1f, 0xff, 0xff, 0xff, 0xff, 0xff, 0xff,
    0xff, 0xff, 0xff, 0x80, 0x0, 0x3f, 0xfb, 0xbe,
    0xfd, 0xbb, 0xef, 0xdb, 0xbb, 0xbd, 0xbb, 0x60,
    0x0, 0x5f, 0xe0, 0xb, 0xf7, 0x0, 0x4f, 0xe4,
    0x0, 0x7f, 0xd2, 0x0, 0x0, 0x9f, 0xa0, 0xb,
    0xf7, 0x0, 0x7, 0xff, 0x9e, 0xfd, 0x40, 0x0,
    0x0, 0xef, 0x70, 0xd, 0xf7, 0x0, 0x35, 0x5f,
    0xff, 0xc1, 0x0, 0x0, 0x5, 0xff, 0x20, 0x5f,
    0xfd, 0xdf, 0xfd, 0x2, 0xbf, 0xff, 0xc9, 0x60,
    0xd, 0xfa, 0x0, 0xcf, 0xff, 0xfb, 0x83, 0x0,
    0x3, 0xae, 0xff, 0x80, 0x1, 0xa2, 0x0, 0x4b,
    0x63, 0x0, 0x0, 0x0, 0x0, 0x0, 0x36, 0x0,

    /* U+666F "景" */
    0x0, 0x0, 0x44, 0x44, 0x44, 0x44, 0x44, 0x44,
    0x44, 0x43, 0x0, 0x0, 0x0, 0x2f, 0xff, 0xff,
    0xff, 0xff, 0xff, 0xff, 0xff, 0xb0, 0x0, 0x0,
    0x2, 0xff, 0x22, 0x22, 0x22, 0x22, 0x22, 0x29,
    0xfb, 0x0, 0x0, 0x0, 0x2f, 0xf6, 0x66, 0x66,
    0x66, 0x66, 0x66, 0xbf, 0xb0, 0x0, 0x0, 0x2,
    0xff, 0xff, 0xff, 0xff, 0xff, 0xff, 0xff, 0xfb,
    0x0, 0x0, 0x0, 0x2f, 0xf0, 0x0, 0x0, 0x0,
    0x0, 0x0, 0x8f, 0xb0, 0x0, 0x0, 0x2, 0xff,
    0xff, 0xff, 0xff, 0xff, 0xff, 0xff, 0xfb, 0x0,
    0x0, 0x0, 0x18, 0x88, 0x88, 0x8b, 0xfa, 0x88,
    0x88, 0x88, 0x50, 0x0, 0x3, 0x44, 0x44, 0x44,
    0x44, 0xbf, 0xd4, 0x44, 0x44, 0x44, 0x44, 0x0,
    0xcf, 0xff, 0xff, 0xff, 0xff, 0xff, 0xff, 0xff,
    0xff, 0xff, 0xf3, 0x5, 0x77, 0x77, 0x77, 0x77,
    0x77, 0x77, 0x77, 0x77, 0x77, 0x77, 0x10, 0x0,
    0x5, 0x88, 0x88, 0x88, 0x88, 0x88, 0x88, 0x88,
    0x20, 0x0, 0x0, 0x0, 0xaf, 0xff, 0xff, 0xff,
    0xff, 0xff, 0xff, 0xf4, 0x0, 0x0, 0x0, 0xa,
    0xf8, 0x11, 0x11, 0x11, 0x11, 0x11, 0xff, 0x40,
    0x0, 0x0, 0x0, 0xaf, 0x70, 0x0, 0x0, 0x0,
    0x0, 0xe, 0xf4, 0x0, 0x0, 0x0, 0xa, 0xff,
    0xff, 0xff, 0xff, 0xff, 0xff, 0xff, 0x40, 0x0,
    0x0, 0x0, 0x6a, 0xaa, 0xaa, 0xcf, 0xfa, 0xaa,
    0xaa, 0xa3, 0x0, 0x0, 0x0, 0x0, 0x2a, 0x71,
    0x5, 0xfe, 0x0, 0x58, 0x20, 0x0, 0x0, 0x0,
    0x1, 0x8f, 0xfd, 0x20, 0x5f, 0xe0, 0x2e, 0xff,
    0xb3, 0x0, 0x0, 0x3a, 0xff, 0xf8, 0x0, 0x5,
    0xfe, 0x0, 0x6, 0xdf, 0xfb, 0x30, 0xa, 0xff,
    0x92, 0x3, 0xbb, 0xdf, 0xc0, 0x0, 0x0, 0x6e,
    0xfd, 0x0, 0x7, 0x20, 0x0, 0xe, 0xfe, 0xc4,
    0x0, 0x0, 0x0, 0x7, 0x10,

    /* U+667A "智" */
    0x0, 0x0, 0x0, 0x0, 0x0, 0x0, 0x0, 0x0,
    0x0, 0x0, 0x0, 0x0, 0x6, 0xe7, 0x0, 0x0,
    0x0, 0x0, 0x0, 0x0, 0x0, 0x0, 0x0, 0xd,
    0xf6, 0x0, 0x0, 0x0, 0x1, 0x11, 0x11, 0x11,
    0x10, 0x0, 0x4f, 0xff, 0xff, 0xff, 0xf7, 0x1f,
    0xff, 0xff, 0xff, 0xf6, 0x1, 0xef, 0xcb, 0xff,
    0xcb, 0xb5, 0x1f, 0xfe, 0xee, 0xef, 0xf6, 0x9,
    0xfb, 0x0, 0xff, 0x20, 0x0, 0x1f, 0xe0, 0x0,
    0xc, 0xf6, 0x5, 0xc8, 0x77, 0xff, 0x87, 0x77,
    0x1f, 0xe0, 0x0, 0xc, 0xf6, 0xc, 0xff, 0xff,
    0xff, 0xff, 0xff, 0x1f, 0xe0, 0x0, 0xc, 0xf6,
    0x1, 0x22, 0x2b, 0xfe, 0x52, 0x22, 0x1f, 0xe0,
    0x0, 0xc, 0xf6, 0x0, 0x0, 0x4f, 0xff, 0xf9,
    0x10, 0x1f, 0xfd, 0xdd, 0xdf, 0xf6, 0x0, 0x6,
    0xff, 0x72, 0xdf, 0xe6, 0x1f, 0xff, 0xff, 0xff,
    0xf6, 0x4, 0xbf, 0xf8, 0x0, 0xa, 0xf5, 0x1,
    0x11, 0x11, 0x11, 0x10, 0x8, 0xfe, 0x50, 0x0,
    0x0, 0x30, 0x0, 0x0, 0x0, 0x0, 0x0, 0x0,
    0x60, 0x6f, 0xff, 0xff, 0xff, 0xff, 0xff, 0xff,
    0xf6, 0x0, 0x0, 0x0, 0x6f, 0xfc, 0xcc, 0xcc,
    0xcc, 0xcc, 0xcf, 0xf6, 0x0, 0x0, 0x0, 0x6f,
    0xc0, 0x0, 0x0, 0x0, 0x0, 0xe, 0xf6, 0x0,
    0x0, 0x0, 0x6f, 0xe9, 0x99, 0x99, 0x99, 0x99,
    0x9f, 0xf6, 0x0, 0x0, 0x0, 0x6f, 0xff, 0xff,
    0xff, 0xff, 0xff, 0xff, 0xf6, 0x0, 0x0, 0x0,
    0x6f, 0xc1, 0x11, 0x11, 0x11, 0x11, 0x1e, 0xf6,
    0x0, 0x0, 0x0, 0x6f, 0xc0, 0x0, 0x0, 0x0,
    0x0, 0xe, 0xf6, 0x0, 0x0, 0x0, 0x6f, 0xfc,
    0xcc, 0xcc, 0xcc, 0xcc, 0xcf, 0xf6, 0x0, 0x0,
    0x0, 0x6f, 0xff, 0xff, 0xff, 0xff, 0xff, 0xff,
    0xf6, 0x0, 0x0, 0x0, 0x6f, 0xc0, 0x0, 0x0,
    0x0, 0x0, 0xd, 0xf6, 0x0,

    /* U+6696 "暖" */
    0x0, 0x0, 0x0, 0x0, 0x0, 0x0, 0x0, 0x2,
    0x46, 0x9a, 0x0, 0x0, 0x0, 0x0, 0x0, 0x2a,
    0xbc, 0xde, 0xff, 0xff, 0xff, 0xf9, 0x0, 0x1f,
    0xff, 0xff, 0xf1, 0xff, 0xfe, 0xdc, 0xca, 0x87,
    0x73, 0x0, 0x1, 0xff, 0xee, 0xff, 0x11, 0x86,
    0x0, 0xcd, 0x0, 0xd, 0xf5, 0x0, 0x1f, 0xd0,
    0xe, 0xf1, 0xe, 0xf1, 0xc, 0xf1, 0x6, 0xfc,
    0x0, 0x1, 0xfd, 0x0, 0xef, 0x10, 0x8f, 0x60,
    0x9f, 0x41, 0xef, 0x20, 0x0, 0x1f, 0xd0, 0xe,
    0xf1, 0xac, 0xeb, 0xbc, 0xbb, 0xdf, 0xeb, 0xb1,
    0x1, 0xfd, 0x0, 0xef, 0x1e, 0xff, 0xff, 0xff,
    0xff, 0xff, 0xff, 0x20, 0x1f, 0xe8, 0x8f, 0xf1,
    0x0, 0x3f, 0xf0, 0x0, 0x0, 0x0, 0x0, 0x1,
    0xff, 0xff, 0xff, 0x21, 0x15, 0xfe, 0x11, 0x11,
    0x11, 0x11, 0x10, 0x1f, 0xf9, 0x9f, 0xfb, 0xff,
    0xff, 0xff, 0xff, 0xff, 0xff, 0xfa, 0x1, 0xfd,
    0x0, 0xef, 0x8b, 0xbd, 0xfe, 0xbb, 0xbb, 0xbb,
    0xbb, 0x70, 0x1f, 0xd0, 0xe, 0xf1, 0x0, 0xbf,
    0x81, 0x11, 0x11, 0x10, 0x0, 0x1, 0xfd, 0x0,
    0xef, 0x10, 0xe, 0xff, 0xff, 0xff, 0xff, 0xe0,
    0x0, 0x1f, 0xd0, 0xe, 0xf1, 0x3, 0xff, 0xe6,
    0x66, 0x6b, 0xfb, 0x0, 0x1, 0xff, 0xdd, 0xff,
    0x10, 0x9f, 0xff, 0x70, 0x1, 0xef, 0x40, 0x0,
    0x1f, 0xff, 0xff, 0xf1, 0x1f, 0xf4, 0xff, 0x70,
    0xcf, 0xb0, 0x0, 0x1, 0xfe, 0x22, 0x22, 0xb,
    0xf8, 0x4, 0xff, 0xef, 0xe1, 0x0, 0x0, 0x1f,
    0xd0, 0x0, 0x6, 0xff, 0x10, 0x8, 0xff, 0xf7,
    0x0, 0x0, 0x0, 0x65, 0x0, 0x7, 0xff, 0x60,
    0x29, 0xff, 0xff, 0xfd, 0x62, 0x0, 0x0, 0x0,
    0x6, 0xff, 0x94, 0xdf, 0xff, 0x93, 0x9f, 0xff,
    0xfc, 0x0, 0x0, 0x0, 0xa, 0x70, 0xd, 0xe8,
    0x20, 0x0, 0x28, 0xcf, 0x30, 0x0, 0x0, 0x0,
    0x0, 0x0, 0x0, 0x0, 0x0, 0x0, 0x0, 0x10,
    0x0,

    /* U+66F2 "曲" */
    0x0, 0x0, 0x0, 0x11, 0x0, 0x0, 0x11, 0x0,
    0x0, 0x0, 0x0, 0x0, 0x3, 0xfe, 0x0, 0x4,
    0xfe, 0x0, 0x0, 0x0, 0x0, 0x0, 0x3, 0xfe,
    0x0, 0x4, 0xfe, 0x0, 0x0, 0x0, 0x0, 0x0,
    0x3, 0xfe, 0x0, 0x4, 0xfe, 0x0, 0x0, 0x0,
    0x0, 0x0, 0x3, 0xfe, 0x0, 0x4, 0xfe, 0x0,
    0x0, 0x0, 0x33, 0x33, 0x36, 0xff, 0x33, 0x37,
    0xfe, 0x33, 0x33, 0x31, 0xef, 0xff, 0xff, 0xff,
    0xff, 0xff, 0xff, 0xff, 0xff, 0xf5, 0xef, 0xff,
    0xff, 0xff, 0xff, 0xff, 0xff, 0xff, 0xff, 0xf5,
    0xef, 0x30, 0x3, 0xfe, 0x0, 0x4, 0xfe, 0x0,
    0xd, 0xf5, 0xef, 0x30, 0x3, 0xfe, 0x0, 0x4,
    0xfe, 0x0, 0xd, 0xf5, 0xef, 0x30, 0x3, 0xfe,
    0x0, 0x4, 0xfe, 0x0, 0xd, 0xf5, 0xef, 0x30,
    0x3, 0xfe, 0x0, 0x4, 0xfe, 0x0, 0xd, 0xf5,
    0xef, 0x75, 0x58, 0xff, 0x55, 0x58, 0xfe, 0x55,
    0x5e, 0xf5, 0xef, 0xff, 0xff, 0xff, 0xff, 0xff,
    0xff, 0xff, 0xff, 0xf5, 0xef, 0xdc, 0xcd, 0xff,
    0xcc, 0xcd, 0xff, 0xcc, 0xcf, 0xf5, 0xef, 0x30,
    0x3, 0xfe, 0x0, 0x4, 0xfe, 0x0, 0xd, 0xf5,
    0xef, 0x30, 0x3, 0xfe, 0x0, 0x4, 0xfe, 0x0,
    0xd, 0xf5, 0xef, 0x30, 0x3, 0xfe, 0x0, 0x4,
    0xfe, 0x0, 0xd, 0xf5, 0xef, 0x30, 0x3, 0xfe,
    0x0, 0x4, 0xfe, 0x0, 0xd, 0xf5, 0xef, 0xff,
    0xff, 0xff, 0xff, 0xff, 0xff, 0xff, 0xff, 0xf5,
    0xef, 0xff, 0xff, 0xff, 0xff, 0xff, 0xff, 0xff,
    0xff, 0xf5, 0xef, 0x63, 0x33, 0x33, 0x33, 0x33,
    0x33, 0x33, 0x3e, 0xf5, 0xef, 0x30, 0x0, 0x0,
    0x0, 0x0, 0x0, 0x0, 0xc, 0xe5,

    /* U+66F4 "更" */
    0x2f, 0xff, 0xff, 0xff, 0xff, 0xff, 0xff, 0xff,
    0xff, 0xff, 0xf9, 0x2, 0xff, 0xff, 0xff, 0xff,
    0xff, 0xff, 0xff, 0xff, 0xff, 0xff, 0x90, 0x0,
    0x0, 0x0, 0x0, 0x0, 0xcf, 0x90, 0x0, 0x0,
    0x0, 0x0, 0x0, 0x0, 0x0, 0x0, 0x0, 0xc,
    0xf9, 0x0, 0x0, 0x0, 0x0, 0x0, 0x0, 0xf,
    0xff, 0xff, 0xff, 0xff, 0xff, 0xff, 0xff, 0xff,
    0x10, 0x0, 0x0, 0xff, 0xcc, 0xcc, 0xcf, 0xfe,
    0xcc, 0xcc, 0xcf, 0xf1, 0x0, 0x0, 0xf, 0xf0,
    0x0, 0x0, 0xcf, 0x80, 0x0, 0x1, 0xff, 0x10,
    0x0, 0x0, 0xff, 0x21, 0x11, 0x1c, 0xf9, 0x11,
    0x11, 0x3f, 0xf1, 0x0, 0x0, 0xf, 0xff, 0xff,
    0xff, 0xff, 0xff, 0xff, 0xff, 0xff, 0x10, 0x0,
    0x0, 0xff, 0xa9, 0x99, 0x9e, 0xfd, 0x99, 0x99,
    0xaf, 0xf1, 0x0, 0x0, 0xf, 0xf0, 0x0, 0x0,
    0xcf, 0x80, 0x0, 0x1, 0xff, 0x10, 0x0, 0x0,
    0xff, 0xcc, 0xcc, 0xcf, 0xfe, 0xcc, 0xcc, 0xcf,
    0xf1, 0x0, 0x0, 0xf, 0xff, 0xff, 0xff, 0xff,
    0xff, 0xff, 0xff, 0xff, 0x10, 0x0, 0x0, 0x17,
    0xa0, 0x0, 0x5f, 0xf2, 0x0, 0x0, 0x0, 0x0,
    0x0, 0x0, 0x2, 0xff, 0x80, 0xb, 0xfc, 0x0,
    0x0, 0x0, 0x0, 0x0, 0x0, 0x0, 0x7, 0xff,
    0x86, 0xff, 0x60, 0x0, 0x0, 0x0, 0x0, 0x0,
    0x0, 0x0, 0x9, 0xff, 0xff, 0xb0, 0x0, 0x0,
    0x0, 0x0, 0x0, 0x0, 0x0, 0x0, 0x4e, 0xff,
    0xfc, 0x50, 0x0, 0x0, 0x0, 0x0, 0x0, 0x0,
    0x27, 0xdf, 0xff, 0xff, 0xff, 0xfc, 0xa7, 0x54,
    0x32, 0x22, 0x4, 0xff, 0xff, 0xfc, 0x40, 0x4a,
    0xff, 0xff, 0xff, 0xff, 0xff, 0xf2, 0xb, 0xfd,
    0x83, 0x0, 0x0, 0x0, 0x25, 0x8a, 0xce, 0xff,
    0xfb, 0x0, 0x11, 0x0, 0x0, 0x0, 0x0, 0x0,
    0x0, 0x0, 0x0, 0x0, 0x0,

    /* U+66FF "替" */
    0x0, 0x0, 0x2, 0x43, 0x0, 0x0, 0x0, 0x0,
    0x44, 0x0, 0x0, 0x0, 0x0, 0x0, 0x7f, 0xa0,
    0x0, 0x0, 0x0, 0x3f, 0xe0, 0x0, 0x0, 0x0,
    0x0, 0x7, 0xfa, 0x0, 0x0, 0x0, 0x4, 0xfe,
    0x0, 0x0, 0x0, 0xf, 0xff, 0xff, 0xff, 0xfa,
    0xa, 0xff, 0xff, 0xff, 0xff, 0xa0, 0x0, 0xbb,
    0xbd, 0xfe, 0xbb, 0x70, 0x7b, 0xbc, 0xff, 0xbb,
    0xb7, 0x0, 0x0, 0x0, 0x8f, 0x90, 0x0, 0x0,
    0x0, 0x4f, 0xd0, 0x0, 0x0, 0x8, 0xbb, 0xbe,
    0xfe, 0xbb, 0xb1, 0xbb, 0xbd, 0xff, 0xbb, 0xbb,
    0x40, 0xbf, 0xff, 0xff, 0xff, 0xff, 0x2f, 0xff,
    0xff, 0xff, 0xff, 0xf6, 0x0, 0x0, 0x6f, 0xfd,
    0x20, 0x0, 0x0, 0x5f, 0xff, 0xf2, 0x0, 0x0,
    0x0, 0x1d, 0xff, 0xfe, 0x40, 0x0, 0x2e, 0xf8,
    0x9f, 0xd0, 0x0, 0x0, 0xb, 0xfd, 0x1c, 0xff,
    0x60, 0x4e, 0xfd, 0x0, 0xdf, 0xb1, 0x0, 0x2c,
    0xff, 0x20, 0xa, 0xf4, 0x8f, 0xfd, 0x10, 0x3,
    0xff, 0xf6, 0xc, 0xfe, 0x41, 0x11, 0x14, 0x12,
    0xea, 0x21, 0x11, 0x14, 0xef, 0x60, 0x1a, 0x1d,
    0xff, 0xff, 0xff, 0xff, 0xff, 0xff, 0xff, 0x71,
    0x60, 0x0, 0x0, 0xdf, 0xdc, 0xcc, 0xcc, 0xcc,
    0xcc, 0xcf, 0xf7, 0x0, 0x0, 0x0, 0xd, 0xf5,
    0x0, 0x0, 0x0, 0x0, 0x0, 0xcf, 0x70, 0x0,
    0x0, 0x0, 0xdf, 0xca, 0xaa, 0xaa, 0xaa, 0xaa,
    0xae, 0xf7, 0x0, 0x0, 0x0, 0xd, 0xff, 0xff,
    0xff, 0xff, 0xff, 0xff, 0xff, 0x70, 0x0, 0x0,
    0x0, 0xdf, 0x50, 0x0, 0x0, 0x0, 0x0, 0xc,
    0xf7, 0x0, 0x0, 0x0, 0xd, 0xf5, 0x0, 0x0,
    0x0, 0x0, 0x0, 0xcf, 0x70, 0x0, 0x0, 0x0,
    0xdf, 0xed, 0xdd, 0xdd, 0xdd, 0xdd, 0xdf, 0xf7,
    0x0, 0x0, 0x0, 0xd, 0xff, 0xff, 0xff, 0xff,
    0xff, 0xff, 0xff, 0x70, 0x0, 0x0, 0x0, 0xdf,
    0x50, 0x0, 0x0, 0x0, 0x0, 0xb, 0xe7, 0x0,
    0x0,

    /* U+6700 "最" */
    0x0, 0x7, 0x77, 0x77, 0x77, 0x77, 0x77, 0x77,
    0x77, 0x40, 0x0, 0x0, 0xe, 0xff, 0xff, 0xff,
    0xff, 0xff, 0xff, 0xff, 0xa0, 0x0, 0x0, 0xe,
    0xf3, 0x0, 0x0, 0x0, 0x0, 0x0, 0x9f, 0xa0,
    0x0, 0x0, 0xe, 0xf9, 0x77, 0x77, 0x77, 0x77,
    0x77, 0xcf, 0xa0, 0x0, 0x0, 0xe, 0xff, 0xff,
    0xff, 0xff, 0xff, 0xff, 0xff, 0xa0, 0x0, 0x0,
    0xe, 0xf2, 0x0, 0x0, 0x0, 0x0, 0x0, 0x9f,
    0xa0, 0x0, 0x0, 0xe, 0xfa, 0x88, 0x88, 0x88,
    0x88, 0x88, 0xdf, 0xa0, 0x0, 0x0, 0xe, 0xff,
    0xff, 0xff, 0xff, 0xff, 0xff, 0xff, 0xa0, 0x0,
    0x0, 0x0, 0x0, 0x0, 0x0, 0x0, 0x0, 0x0,
    0x0, 0x0, 0x0, 0xef, 0xff, 0xff, 0xff, 0xff,
    0xff, 0xff, 0xff, 0xff, 0xff, 0xf8, 0xbb, 0xef,
    0xdb, 0xbb, 0xff, 0xcb, 0xbb, 0xbb, 0xbb, 0xbb,
    0xb6, 0x0, 0xbf, 0x40, 0x0, 0xef, 0x30, 0x0,
    0x0, 0x0, 0x1, 0x0, 0x0, 0xbf, 0xff, 0xff,
    0xff, 0x3e, 0xff, 0xff, 0xff, 0xff, 0xb0, 0x0,
    0xbf, 0xca, 0xaa, 0xff, 0x3a, 0xef, 0xbb, 0xbb,
    0xef, 0x80, 0x0, 0xbf, 0x40, 0x0, 0xef, 0x30,
    0xcf, 0x40, 0x1, 0xff, 0x10, 0x0, 0xbf, 0xff,
    0xff, 0xff, 0x30, 0x4f, 0xd0, 0xa, 0xf9, 0x0,
    0x0, 0xbf, 0xca, 0xaa, 0xff, 0x30, 0xb, 0xfb,
    0x7f, 0xd0, 0x0, 0x0, 0xbf, 0x40, 0x0, 0xef,
    0x72, 0x1, 0xef, 0xff, 0x30, 0x0, 0x46, 0xdf,
    0xcc, 0xef, 0xff, 0xf7, 0x1, 0xbf, 0xfe, 0x40,
    0x0, 0xef, 0xff, 0xff, 0xfe, 0xff, 0x94, 0x7e,
    0xfe, 0xdf, 0xfc, 0x51, 0x89, 0x75, 0x31, 0x0,
    0xef, 0x4e, 0xff, 0xa1, 0x7, 0xff, 0xfa, 0x0,
    0x0, 0x0, 0x0, 0xef, 0x35, 0xa2, 0x0, 0x0,
    0x17, 0xb0,

    /* U+672C "本" */
    0x0, 0x0, 0x0, 0x0, 0x0, 0x0, 0x0, 0x0,
    0x0, 0x0, 0x0, 0x0, 0x0, 0x0, 0x0, 0x0,
    0xf, 0xf5, 0x0, 0x0, 0x0, 0x0, 0x0, 0x0,
    0x0, 0x0, 0x0, 0x0, 0xff, 0x50, 0x0, 0x0,
    0x0, 0x0, 0x0, 0x0, 0x0, 0x0, 0x0, 0xf,
    0xf5, 0x0, 0x0, 0x0, 0x0, 0x0, 0x0, 0x0,
    0x0, 0x0, 0x0, 0xff, 0x50, 0x0, 0x0, 0x0,
    0x0, 0x0, 0x44, 0x44, 0x44, 0x44, 0x4f, 0xf8,
    0x44, 0x44, 0x44, 0x44, 0x30, 0x2f, 0xff, 0xff,
    0xff, 0xff, 0xff, 0xff, 0xff, 0xff, 0xff, 0xfa,
    0x2, 0xff, 0xff, 0xff, 0xff, 0xff, 0xff, 0xff,
    0xff, 0xff, 0xff, 0xa0, 0x0, 0x0, 0x0, 0xc,
    0xf7, 0xff, 0x8f, 0xf2, 0x0, 0x0, 0x0, 0x0,
    0x0, 0x0, 0x4, 0xff, 0xf, 0xf5, 0xaf, 0xa0,
    0x0, 0x0, 0x0, 0x0, 0x0, 0x0, 0xcf, 0x80,
    0xff, 0x53, 0xff, 0x20, 0x0, 0x0, 0x0, 0x0,
    0x0, 0x6f, 0xf1, 0xf, 0xf5, 0xb, 0xfc, 0x0,
    0x0, 0x0, 0x0, 0x0, 0x1e, 0xf9, 0x0, 0xff,
    0x50, 0x4f, 0xf7, 0x0, 0x0, 0x0, 0x0, 0xb,
    0xfe, 0x10, 0xf, 0xf5, 0x0, 0x9f, 0xf3, 0x0,
    0x0, 0x0, 0x8, 0xff, 0x40, 0x0, 0xff, 0x50,
    0x0, 0xef, 0xe2, 0x0, 0x0, 0x6, 0xff, 0x80,
    0x0, 0xf, 0xf5, 0x0, 0x4, 0xff, 0xd1, 0x0,
    0x8, 0xff, 0xe7, 0x66, 0x66, 0xff, 0xa6, 0x66,
    0x6c, 0xff, 0xe4, 0x9, 0xff, 0xc5, 0xff, 0xff,
    0xff, 0xff, 0xff, 0xff, 0xa8, 0xff, 0xf1, 0x2e,
    0xb0, 0x3d, 0xdd, 0xdd, 0xff, 0xed, 0xdd, 0xd9,
    0x6, 0xf4, 0x0, 0x20, 0x0, 0x0, 0x0, 0xf,
    0xf5, 0x0, 0x0, 0x0, 0x1, 0x0, 0x0, 0x0,
    0x0, 0x0, 0x0, 0xff, 0x50, 0x0, 0x0, 0x0,
    0x0, 0x0, 0x0, 0x0, 0x0, 0x0, 0xf, 0xf5,
    0x0, 0x0, 0x0, 0x0, 0x0, 0x0, 0x0, 0x0,
    0x0, 0x0, 0xff, 0x50, 0x0, 0x0, 0x0, 0x0,
    0x0,

    /* U+673A "机" */
    0x0, 0x0, 0x0, 0x0, 0x0, 0x0, 0x0, 0x0,
    0x0, 0x0, 0x0, 0x0, 0x0, 0x0, 0x2f, 0xf0,
    0x0, 0x0, 0x0, 0x0, 0x0, 0x0, 0x0, 0x0,
    0x0, 0x0, 0x2f, 0xf0, 0x0, 0x4, 0xff, 0xff,
    0xff, 0xfe, 0x0, 0x0, 0x0, 0x0, 0x2f, 0xf0,
    0x0, 0x4, 0xff, 0xff, 0xff, 0xfe, 0x0, 0x0,
    0x0, 0x0, 0x2f, 0xf0, 0x0, 0x4, 0xfe, 0x22,
    0x26, 0xfe, 0x0, 0x0, 0x1, 0x11, 0x4f, 0xf1,
    0x11, 0x4, 0xfe, 0x0, 0x4, 0xfe, 0x0, 0x0,
    0xe, 0xff, 0xff, 0xff, 0xff, 0x44, 0xfe, 0x0,
    0x4, 0xfe, 0x0, 0x0, 0xe, 0xff, 0xff, 0xff,
    0xff, 0x44, 0xfe, 0x0, 0x4, 0xfe, 0x0, 0x0,
    0x0, 0x0, 0x9f, 0xf0, 0x0, 0x4, 0xfe, 0x0,
    0x4, 0xfe, 0x0, 0x0, 0x0, 0x0, 0xef, 0xf0,
    0x0, 0x4, 0xfe, 0x0, 0x4, 0xfe, 0x0, 0x0,
    0x0, 0x3, 0xff, 0xf8, 0x0, 0x4, 0xfe, 0x0,
    0x4, 0xfe, 0x0, 0x0, 0x0, 0x9, 0xff, 0xff,
    0x60, 0x5, 0xfd, 0x0, 0x4, 0xfe, 0x0, 0x0,
    0x0, 0xf, 0xef, 0xfe, 0xf4, 0x5, 0xfc, 0x0,
    0x4, 0xfe, 0x0, 0x0, 0x0, 0x7f, 0x8f, 0xf4,
    0xff, 0x27, 0xfb, 0x0, 0x4, 0xfe, 0x0, 0x0,
    0x1, 0xfe, 0x3f, 0xf0, 0xaf, 0x29, 0xf8, 0x0,
    0x4, 0xfe, 0x0, 0x0, 0x9, 0xf8, 0x2f, 0xf0,
    0x16, 0xb, 0xf6, 0x0, 0x4, 0xfe, 0x0, 0x0,
    0x4f, 0xf1, 0x2f, 0xf0, 0x0, 0xf, 0xf3, 0x0,
    0x4, 0xfe, 0x2, 0x0, 0x1f, 0x80, 0x2f, 0xf0,
    0x0, 0x5f, 0xe0, 0x0, 0x4, 0xfe, 0x6, 0xe2,
    0x7, 0x0, 0x2f, 0xf0, 0x0, 0xbf, 0x80, 0x0,
    0x4, 0xfe, 0x7, 0xf3, 0x0, 0x0, 0x2f, 0xf0,
    0x2, 0xff, 0x20, 0x0, 0x4, 0xfe, 0x7, 0xf2,
    0x0, 0x0, 0x2f, 0xf0, 0xc, 0xfb, 0x0, 0x0,
    0x3, 0xff, 0x1a, 0xf1, 0x0, 0x0, 0x2f, 0xf0,
    0x8f, 0xf2, 0x0, 0x0, 0x2, 0xff, 0xff, 0xe0,
    0x0, 0x0, 0x2f, 0xf0, 0x1b, 0x40, 0x0, 0x0,
    0x0, 0x8f, 0xfd, 0x60,

    /* U+6742 "杂" */
    0x0, 0x0, 0x0, 0x1, 0xee, 0x20, 0x0, 0x0,
    0x0, 0x0, 0x0, 0x0, 0x0, 0x0, 0x4, 0xff,
    0x0, 0x0, 0x0, 0x0, 0x0, 0x0, 0x1, 0x22,
    0x22, 0x28, 0xfe, 0x22, 0x22, 0x22, 0x10, 0x0,
    0x0, 0x8, 0xff, 0xff, 0xff, 0xff, 0xff, 0xff,
    0xff, 0x60, 0x0, 0x0, 0x7, 0xee, 0xee, 0xff,
    0xff, 0xee, 0xee, 0xff, 0x60, 0x0, 0x0, 0x0,
    0x0, 0x0, 0x8f, 0xe0, 0x0, 0x0, 0xcf, 0x60,
    0x0, 0x0, 0x0, 0x0, 0x5, 0xff, 0x70, 0x0,
    0x0, 0xcf, 0x60, 0x4, 0xe7, 0x0, 0x0, 0x8f,
    0xfa, 0x0, 0x0, 0x0, 0xcf, 0x70, 0x6, 0xfa,
    0x2, 0x8e, 0xff, 0xa0, 0x0, 0x0, 0x0, 0xaf,
    0xff, 0xff, 0xf7, 0x7f, 0xff, 0xd4, 0x0, 0x0,
    0x22, 0x0, 0x4e, 0xff, 0xff, 0xd1, 0xc, 0x94,
    0x0, 0x0, 0x5, 0xff, 0x10, 0x0, 0x11, 0x11,
    0x0, 0x1, 0x11, 0x11, 0x11, 0x16, 0xff, 0x31,
    0x11, 0x11, 0x11, 0x10, 0x4f, 0xff, 0xff, 0xff,
    0xff, 0xff, 0xff, 0xff, 0xff, 0xff, 0xf3, 0x4f,
    0xff, 0xff, 0xff, 0xff, 0xff, 0xff, 0xff, 0xff,
    0xff, 0xf3, 0x0, 0x0, 0x0, 0x0, 0x5, 0xff,
    0x10, 0x0, 0x0, 0x0, 0x0, 0x0, 0x0, 0x4e,
    0x91, 0x5, 0xff, 0x10, 0x4c, 0xa0, 0x0, 0x0,
    0x0, 0x2, 0xef, 0xa0, 0x5, 0xff, 0x10, 0x4f,
    0xfb, 0x0, 0x0, 0x0, 0x3e, 0xfd, 0x0, 0x5,
    0xff, 0x10, 0x3, 0xef, 0xc1, 0x0, 0x8, 0xff,
    0xe2, 0x0, 0x5, 0xff, 0x10, 0x0, 0x3e, 0xfc,
    0x0, 0x3f, 0xfc, 0x10, 0x11, 0x17, 0xff, 0x0,
    0x0, 0x3, 0xff, 0x50, 0x2, 0x90, 0x0, 0x8f,
    0xff, 0xfe, 0x0, 0x0, 0x0, 0x42, 0x0, 0x0,
    0x0, 0x0, 0x2f, 0xfe, 0xb3, 0x0, 0x0, 0x0,
    0x0, 0x0,

    /* U+6761 "条" */
    0x0, 0x0, 0x0, 0x0, 0x10, 0x0, 0x0, 0x0,
    0x0, 0x0, 0x0, 0x0, 0x0, 0x0, 0x0, 0x5f,
    0xe4, 0x0, 0x0, 0x0, 0x0, 0x0, 0x0, 0x0,
    0x0, 0x0, 0x2e, 0xfc, 0x0, 0x0, 0x0, 0x10,
    0x0, 0x0, 0x0, 0x0, 0x0, 0x1e, 0xff, 0xff,
    0xff, 0xff, 0xff, 0xb1, 0x0, 0x0, 0x0, 0x0,
    0x3d, 0xff, 0xdd, 0xdd, 0xdd, 0xef, 0xfb, 0x0,
    0x0, 0x0, 0x0, 0x6f, 0xff, 0xf5, 0x0, 0x0,
    0xc, 0xfe, 0x10, 0x0, 0x0, 0x3, 0xcf, 0xfc,
    0x8f, 0xf7, 0x0, 0x1c, 0xff, 0x40, 0x0, 0x0,
    0x0, 0x8f, 0xf8, 0x0, 0x6f, 0xfb, 0x6f, 0xfe,
    0x30, 0x0, 0x0, 0x0, 0x0, 0x83, 0x0, 0x0,
    0x4f, 0xff, 0xfd, 0x20, 0x0, 0x0, 0x0, 0x0,
    0x0, 0x0, 0x2, 0x8d, 0xff, 0xff, 0xfc, 0x61,
    0x0, 0x0, 0x0, 0x0, 0x15, 0x8d, 0xff, 0xfe,
    0x84, 0xaf, 0xff, 0xfc, 0x96, 0x30, 0x8, 0xef,
    0xff, 0xff, 0xa4, 0x1, 0x10, 0x17, 0xdf, 0xff,
    0xff, 0xe1, 0x4f, 0xeb, 0x74, 0x0, 0x0, 0xef,
    0x50, 0x0, 0x14, 0x8b, 0xe4, 0x0, 0x20, 0x0,
    0x0, 0x0, 0xf, 0xf5, 0x0, 0x0, 0x0, 0x0,
    0x0, 0x0, 0x3f, 0xff, 0xff, 0xff, 0xff, 0xff,
    0xff, 0xff, 0xfc, 0x0, 0x0, 0x2, 0xee, 0xee,
    0xee, 0xef, 0xfe, 0xee, 0xee, 0xee, 0xb0, 0x0,
    0x0, 0x0, 0x0, 0x20, 0x0, 0xef, 0x50, 0x2,
    0x0, 0x0, 0x0, 0x0, 0x0, 0x0, 0xaf, 0x90,
    0xe, 0xf5, 0x5, 0xfc, 0x0, 0x0, 0x0, 0x0,
    0x0, 0xaf, 0xe2, 0x0, 0xef, 0x50, 0x1d, 0xfd,
    0x10, 0x0, 0x0, 0x3, 0xdf, 0xe3, 0x0, 0xe,
    0xf5, 0x0, 0x1d, 0xfd, 0x10, 0x0, 0x5, 0xff,
    0xe2, 0x0, 0x0, 0xff, 0x50, 0x0, 0x1d, 0xfc,
    0x0, 0x0, 0xc, 0xc1, 0x0, 0x4e, 0xff, 0xf3,
    0x0, 0x0, 0x2f, 0xb1, 0x0, 0x0, 0x0, 0x0,
    0x0, 0xef, 0xd7, 0x0, 0x0, 0x0, 0x20, 0x0,
    0x0,

    /* U+6784 "构" */
    0x0, 0x0, 0x0, 0x0, 0x0, 0x0, 0x0, 0x0,
    0x0, 0x0, 0x0, 0x0, 0x0, 0x3, 0xfe, 0x0,
    0x0, 0xb, 0xc4, 0x0, 0x0, 0x0, 0x0, 0x0,
    0x0, 0x3f, 0xe0, 0x0, 0x1, 0xff, 0x30, 0x0,
    0x0, 0x0, 0x0, 0x0, 0x3, 0xfe, 0x0, 0x0,
    0x7f, 0xe0, 0x0, 0x0, 0x0, 0x0, 0x0, 0x0,
    0x3f, 0xe0, 0x0, 0xc, 0xfc, 0x77, 0x77, 0x77,
    0x77, 0x40, 0x7c, 0xcd, 0xff, 0xcc, 0x62, 0xff,
    0xff, 0xff, 0xff, 0xff, 0xf9, 0x9, 0xff, 0xff,
    0xff, 0xf7, 0xbf, 0xc8, 0x88, 0x88, 0x88, 0xdf,
    0x90, 0x23, 0x3a, 0xff, 0x33, 0x6f, 0xf2, 0x0,
    0x0, 0x0, 0xa, 0xf8, 0x0, 0x0, 0xcf, 0xf2,
    0x1e, 0xfa, 0xd, 0xa1, 0x0, 0x0, 0xbf, 0x80,
    0x0, 0x1f, 0xff, 0xc0, 0xae, 0x13, 0xff, 0x0,
    0x0, 0xb, 0xf7, 0x0, 0x6, 0xff, 0xff, 0x70,
    0x20, 0x8f, 0xa0, 0x0, 0x0, 0xcf, 0x70, 0x0,
    0xbf, 0xfe, 0xdf, 0x20, 0xd, 0xf4, 0x14, 0x0,
    0xd, 0xf6, 0x0, 0x1f, 0xef, 0xe5, 0xfa, 0x3,
    0xfd, 0xc, 0xf1, 0x0, 0xdf, 0x50, 0x8, 0xf8,
    0xfe, 0xd, 0x30, 0xaf, 0x60, 0x6f, 0x80, 0xe,
    0xf4, 0x1, 0xfe, 0x4f, 0xe0, 0x10, 0x2f, 0xe0,
    0x4, 0xfe, 0x0, 0xff, 0x30, 0xaf, 0x83, 0xfe,
    0x0, 0xb, 0xfe, 0xdf, 0xff, 0xf5, 0xf, 0xf3,
    0xd, 0xf1, 0x3f, 0xe0, 0x1, 0xff, 0xff, 0xda,
    0x9f, 0xa1, 0xff, 0x10, 0x59, 0x3, 0xfe, 0x0,
    0x9, 0x94, 0x10, 0x0, 0xd6, 0x3f, 0xf0, 0x0,
    0x0, 0x3f, 0xe0, 0x0, 0x0, 0x0, 0x0, 0x0,
    0x5, 0xfe, 0x0, 0x0, 0x3, 0xfe, 0x0, 0x0,
    0x0, 0x0, 0x0, 0x0, 0x8f, 0xc0, 0x0, 0x0,
    0x3f, 0xe0, 0x0, 0x0, 0x0, 0x2, 0x22, 0x3e,
    0xf9, 0x0, 0x0, 0x3, 0xfe, 0x0, 0x0, 0x0,
    0x0, 0x5f, 0xff, 0xff, 0x30, 0x0, 0x0, 0x3f,
    0xe0, 0x0, 0x0, 0x0, 0x1, 0xff, 0xfc, 0x50,
    0x0, 0x0, 0x0, 0x0, 0x0, 0x0, 0x0, 0x0,
    0x0, 0x0, 0x0, 0x0,

    /* U+67B6 "架" */
    0x0, 0x0, 0x14, 0x40, 0x0, 0x0, 0x0, 0x0,
    0x0, 0x0, 0x0, 0x0, 0x0, 0x4, 0xfd, 0x0,
    0x0, 0x0, 0x0, 0x0, 0x0, 0x0, 0x0, 0x0,
    0x0, 0x5f, 0xc0, 0x0, 0x0, 0x6, 0x77, 0x77,
    0x77, 0x75, 0x0, 0xbe, 0xee, 0xff, 0xee, 0xee,
    0x90, 0xef, 0xff, 0xff, 0xff, 0xa0, 0xd, 0xff,
    0xff, 0xff, 0xff, 0xf9, 0xe, 0xf9, 0x77, 0x7c,
    0xfa, 0x0, 0x0, 0xc, 0xf6, 0x0, 0xaf, 0x80,
    0xef, 0x20, 0x0, 0x8f, 0xa0, 0x0, 0x0, 0xff,
    0x20, 0xa, 0xf7, 0xe, 0xf2, 0x0, 0x8, 0xfa,
    0x0, 0x0, 0x5f, 0xe0, 0x0, 0xcf, 0x50, 0xef,
    0x20, 0x0, 0x8f, 0xa0, 0x0, 0xd, 0xf8, 0x0,
    0xe, 0xf4, 0xe, 0xf2, 0x0, 0x8, 0xfa, 0x0,
    0xa, 0xff, 0x12, 0x25, 0xff, 0x10, 0xef, 0xcb,
    0xbb, 0xef, 0xa0, 0x1b, 0xff, 0x50, 0xbf, 0xff,
    0xc0, 0xe, 0xff, 0xff, 0xff, 0xfa, 0x0, 0xbf,
    0x60, 0x5, 0xcb, 0x93, 0x44, 0x33, 0x33, 0x33,
    0x33, 0x20, 0x1, 0x30, 0x0, 0x0, 0x0, 0x6f,
    0xe0, 0x0, 0x0, 0x0, 0x0, 0x0, 0x0, 0x0,
    0x0, 0x0, 0x7, 0xfe, 0x0, 0x0, 0x0, 0x0,
    0x0, 0xb, 0xff, 0xff, 0xff, 0xff, 0xff, 0xff,
    0xff, 0xff, 0xff, 0xff, 0x10, 0xbe, 0xee, 0xee,
    0xee, 0xff, 0xff, 0xff, 0xee, 0xee, 0xee, 0xe1,
    0x0, 0x0, 0x0, 0x0, 0x8f, 0xff, 0xff, 0xd2,
    0x0, 0x0, 0x0, 0x0, 0x0, 0x0, 0x1, 0xaf,
    0xea, 0xfe, 0xbf, 0xe5, 0x0, 0x0, 0x0, 0x0,
    0x0, 0x4, 0xef, 0xe3, 0x6f, 0xe0, 0x9f, 0xfb,
    0x20, 0x0, 0x0, 0x0, 0x4c, 0xff, 0xb1, 0x6,
    0xfe, 0x0, 0x5f, 0xff, 0xa3, 0x0, 0x7, 0xdf,
    0xff, 0x70, 0x0, 0x6f, 0xe0, 0x0, 0x1a, 0xff,
    0xfd, 0x50, 0xbf, 0xf9, 0x10, 0x0, 0x6, 0xfe,
    0x0, 0x0, 0x3, 0xaf, 0xe1, 0x0, 0x61, 0x0,
    0x0, 0x0, 0x6f, 0xe0, 0x0, 0x0, 0x0, 0x12,
    0x0,

    /* U+67D4 "柔" */
    0x0, 0x0, 0x0, 0x0, 0x0, 0x0, 0x0, 0x0,
    0x1, 0x0, 0x0, 0x0, 0x0, 0xdf, 0xff, 0xff,
    0xff, 0xff, 0xff, 0xff, 0xf6, 0x0, 0x0, 0x0,
    0x9, 0xbb, 0xbb, 0xbb, 0xbb, 0xbb, 0xef, 0xfe,
    0x40, 0x0, 0x0, 0x0, 0x0, 0x0, 0x86, 0x20,
    0x4, 0xcf, 0xfa, 0x10, 0x0, 0x0, 0x0, 0x0,
    0x0, 0x6f, 0xff, 0xfd, 0xff, 0xa2, 0x0, 0x0,
    0x0, 0x0, 0x11, 0x11, 0x11, 0x15, 0x9d, 0xff,
    0xfa, 0x31, 0x11, 0x21, 0x0, 0xe, 0xff, 0xff,
    0xff, 0xff, 0xff, 0xff, 0xff, 0xff, 0xff, 0xf5,
    0x0, 0x9a, 0xaa, 0xaa, 0xdf, 0xfd, 0xff, 0xaa,
    0xaa, 0xaf, 0xfc, 0x0, 0x0, 0x0, 0x1, 0xaf,
    0xf7, 0x6f, 0xd0, 0x0, 0x7, 0xff, 0x20, 0x0,
    0x0, 0x17, 0xff, 0xe5, 0x5, 0xfd, 0x0, 0x5,
    0xff, 0x50, 0x0, 0x4, 0xaf, 0xff, 0xb2, 0x11,
    0x7f, 0xd0, 0x0, 0xaf, 0x60, 0x0, 0x1, 0xdf,
    0xfc, 0x30, 0x5f, 0xff, 0xf9, 0x0, 0x0, 0x0,
    0x0, 0x0, 0x3, 0x93, 0x0, 0x0, 0x99, 0xff,
    0x30, 0x0, 0x0, 0x0, 0x0, 0x0, 0x22, 0x22,
    0x22, 0x22, 0x2f, 0xf7, 0x22, 0x22, 0x22, 0x22,
    0x20, 0x4f, 0xff, 0xff, 0xff, 0xff, 0xff, 0xff,
    0xff, 0xff, 0xff, 0xfc, 0x3, 0xcc, 0xcc, 0xcc,
    0xcf, 0xff, 0xff, 0xfd, 0xcc, 0xcc, 0xcc, 0x90,
    0x0, 0x0, 0x0, 0x1b, 0xfe, 0xff, 0xef, 0xe4,
    0x0, 0x0, 0x0, 0x0, 0x0, 0x0, 0x6e, 0xfd,
    0x2e, 0xf5, 0x9f, 0xfa, 0x20, 0x0, 0x0, 0x0,
    0x17, 0xdf, 0xfa, 0x10, 0xef, 0x50, 0x6e, 0xff,
    0xa4, 0x0, 0x4, 0xbf, 0xff, 0xe5, 0x0, 0xe,
    0xf5, 0x0, 0x1a, 0xff, 0xfe, 0x91, 0x4f, 0xfe,
    0x70, 0x0, 0x0, 0xef, 0x50, 0x0, 0x2, 0xaf,
    0xfa, 0x0, 0x65, 0x0, 0x0, 0x0, 0xe, 0xf5,
    0x0, 0x0, 0x0, 0x16, 0x0,

    /* U+67E5 "查" */
    0x0, 0x0, 0x0, 0x0, 0x0, 0xee, 0x30, 0x0,
    0x0, 0x0, 0x0, 0x0, 0x0, 0x0, 0x0, 0x0,
    0xf, 0xf3, 0x0, 0x0, 0x0, 0x0, 0x0, 0x0,
    0x0, 0x0, 0x0, 0x0, 0xff, 0x40, 0x0, 0x0,
    0x0, 0x0, 0x5, 0xff, 0xff, 0xff, 0xff, 0xff,
    0xff, 0xff, 0xff, 0xff, 0xff, 0xc0, 0x4e, 0xee,
    0xee, 0xee, 0xff, 0xff, 0xff, 0xfe, 0xee, 0xee,
    0xeb, 0x0, 0x0, 0x0, 0x1, 0xdf, 0xbf, 0xfb,
    0xfe, 0x40, 0x0, 0x0, 0x0, 0x0, 0x0, 0x4,
    0xef, 0xc0, 0xff, 0x37, 0xff, 0x70, 0x0, 0x0,
    0x0, 0x0, 0x19, 0xff, 0xb0, 0xf, 0xf3, 0x6,
    0xff, 0xd4, 0x0, 0x0, 0x1, 0x7e, 0xff, 0x80,
    0x0, 0xff, 0x30, 0x2, 0xdf, 0xfc, 0x50, 0x7,
    0xff, 0xfc, 0x30, 0x0, 0x5, 0x51, 0x0, 0x0,
    0x7f, 0xff, 0xe1, 0x2f, 0xd5, 0x8f, 0xff, 0xff,
    0xff, 0xff, 0xff, 0xfd, 0x17, 0xe4, 0x0, 0x10,
    0x8, 0xfd, 0x99, 0x99, 0x99, 0x99, 0xcf, 0xe0,
    0x0, 0x0, 0x0, 0x0, 0x8f, 0xa0, 0x0, 0x0,
    0x0, 0x6, 0xfe, 0x0, 0x0, 0x0, 0x0, 0x8,
    0xff, 0xff, 0xff, 0xff, 0xff, 0xff, 0xe0, 0x0,
    0x0, 0x0, 0x0, 0x8f, 0xd8, 0x88, 0x88, 0x88,
    0x8b, 0xfe, 0x0, 0x0, 0x0, 0x0, 0x8, 0xfa,
    0x0, 0x0, 0x0, 0x0, 0x6f, 0xe0, 0x0, 0x0,
    0x0, 0x0, 0x8f, 0xd9, 0x99, 0x99, 0x99, 0x9c,
    0xfe, 0x0, 0x0, 0x0, 0x0, 0x8, 0xff, 0xff,
    0xff, 0xff, 0xff, 0xff, 0xd0, 0x0, 0x0, 0x0,
    0x0, 0x0, 0x0, 0x0, 0x0, 0x0, 0x0, 0x0,
    0x0, 0x0, 0x0, 0xee, 0xee, 0xee, 0xee, 0xee,
    0xee, 0xee, 0xee, 0xee, 0xee, 0x70, 0xf, 0xff,
    0xff, 0xff, 0xff, 0xff, 0xff, 0xff, 0xff, 0xff,
    0xf8, 0x0, 0x0, 0x0, 0x0, 0x0, 0x0, 0x0,
    0x0, 0x0, 0x0, 0x0, 0x0,

    /* U+6807 "标" */
    0x0, 0x0, 0x0, 0x0, 0x0, 0x0, 0x0, 0x0,
    0x0, 0x0, 0x0, 0x0, 0x0, 0x0, 0x4f, 0xe0,
    0x0, 0x0, 0x0, 0x0, 0x0, 0x0, 0x0, 0x0,
    0x0, 0x0, 0x4f, 0xe0, 0x0, 0x2, 0x33, 0x33,
    0x33, 0x33, 0x32, 0x0, 0x0, 0x0, 0x4f, 0xe0,
    0x0, 0xb, 0xff, 0xff, 0xff, 0xff, 0xfa, 0x0,
    0x0, 0x0, 0x4f, 0xe0, 0x0, 0x9, 0xdd, 0xdd,
    0xdd, 0xdd, 0xd8, 0x0, 0x1, 0x22, 0x6f, 0xe2,
    0x21, 0x0, 0x0, 0x0, 0x0, 0x0, 0x0, 0x0,
    0xc, 0xff, 0xff, 0xff, 0xfd, 0x0, 0x0, 0x0,
    0x0, 0x0, 0x0, 0x0, 0x8, 0xbb, 0xff, 0xfb,
    0xb9, 0x0, 0x0, 0x0, 0x0, 0x0, 0x0, 0x0,
    0x0, 0x0, 0xff, 0xf2, 0x0, 0xcf, 0xff, 0xff,
    0xff, 0xff, 0xff, 0xe0, 0x0, 0x5, 0xff, 0xfe,
    0x10, 0xcf, 0xff, 0xff, 0xff, 0xff, 0xff, 0xf0,
    0x0, 0xb, 0xff, 0xff, 0xb0, 0x12, 0x22, 0x2e,
    0xf7, 0x22, 0x22, 0x20, 0x0, 0x1f, 0xff, 0xea,
    0xf8, 0x0, 0x0, 0xe, 0xf5, 0x0, 0x0, 0x0,
    0x0, 0x7f, 0xbf, 0xe1, 0xfd, 0x1, 0x10, 0xe,
    0xf5, 0x1, 0x20, 0x0, 0x0, 0xef, 0x5f, 0xe0,
    0x74, 0xa, 0xf6, 0xe, 0xf5, 0x3f, 0xd0, 0x0,
    0x8, 0xfa, 0x4f, 0xe0, 0x0, 0xf, 0xf2, 0xe,
    0xf5, 0xe, 0xf3, 0x0, 0x2f, 0xf3, 0x4f, 0xe0,
    0x0, 0x4f, 0xd0, 0xe, 0xf5, 0x8, 0xfa, 0x0,
    0xd, 0xc0, 0x4f, 0xe0, 0x0, 0xaf, 0x80, 0xe,
    0xf5, 0x2, 0xff, 0x10, 0x5, 0x20, 0x4f, 0xe0,
    0x1, 0xff, 0x20, 0xe, 0xf5, 0x0, 0xdf, 0x50,
    0x0, 0x0, 0x4f, 0xe0, 0x9, 0xfb, 0x0, 0xe,
    0xf5, 0x0, 0x8f, 0xa0, 0x0, 0x0, 0x4f, 0xe0,
    0x1f, 0xf3, 0x0, 0xe, 0xf5, 0x0, 0x4f, 0xe0,
    0x0, 0x0, 0x4f, 0xe0, 0x3, 0x80, 0x33, 0x4f,
    0xf5, 0x0, 0xc, 0x60, 0x0, 0x0, 0x4f, 0xe0,
    0x0, 0x0, 0x9f, 0xff, 0xf3, 0x0, 0x0, 0x0,
    0x0, 0x0, 0x4f, 0xe0, 0x0, 0x0, 0x4f, 0xfc,
    0x60, 0x0, 0x0, 0x0, 0x0, 0x0, 0x0, 0x0,
    0x0, 0x0, 0x0, 0x0, 0x0, 0x0, 0x0, 0x0,

    /* U+680F "栏" */
    0x0, 0x4, 0xfc, 0x0, 0x0, 0x7, 0x40, 0x0,
    0x0, 0xc8, 0x20, 0x0, 0x4, 0xfc, 0x0, 0x0,
    0x5f, 0xe1, 0x0, 0x5, 0xff, 0x10, 0x0, 0x4,
    0xfc, 0x0, 0x0, 0xb, 0xf9, 0x0, 0xc, 0xf8,
    0x0, 0x0, 0x4, 0xfc, 0x0, 0x0, 0x2, 0xff,
    0x20, 0x5f, 0xe0, 0x0, 0x29, 0x9b, 0xfe, 0x99,
    0x40, 0x0, 0xa8, 0x10, 0xdf, 0x60, 0x0, 0x4f,
    0xff, 0xff, 0xff, 0x6c, 0xff, 0xff, 0xff, 0xff,
    0xff, 0xf4, 0x16, 0x6a, 0xfe, 0x66, 0x2c, 0xff,
    0xff, 0xff, 0xff, 0xff, 0xf4, 0x0, 0xb, 0xff,
    0x20, 0x2, 0x22, 0x22, 0x22, 0x22, 0x22, 0x20,
    0x0, 0xf, 0xff, 0xc0, 0x0, 0x0, 0x0, 0x0,
    0x0, 0x0, 0x0, 0x0, 0x5f, 0xff, 0xf7, 0x0,
    0x0, 0x0, 0x0, 0x0, 0x0, 0x0, 0x0, 0xaf,
    0xfe, 0xff, 0x20, 0x0, 0x0, 0x0, 0x0, 0x0,
    0x0, 0x0, 0xef, 0xfc, 0x8f, 0xa0, 0x22, 0x22,
    0x22, 0x22, 0x22, 0x0, 0x6, 0xfb, 0xfc, 0x1e,
    0x30, 0xdf, 0xff, 0xff, 0xff, 0xff, 0x30, 0xe,
    0xf6, 0xfc, 0x2, 0x0, 0xcf, 0xff, 0xff, 0xff,
    0xff, 0x30, 0x8f, 0xa4, 0xfc, 0x0, 0x0, 0x0,
    0x0, 0x0, 0x0, 0x0, 0x0, 0xdf, 0x34, 0xfc,
    0x0, 0x0, 0x0, 0x0, 0x0, 0x0, 0x0, 0x0,
    0x5a, 0x4, 0xfc, 0x0, 0x0, 0x0, 0x0, 0x0,
    0x0, 0x0, 0x0, 0x1, 0x4, 0xfc, 0x0, 0x0,
    0x0, 0x0, 0x0, 0x0, 0x0, 0x0, 0x0, 0x4,
    0xfc, 0x0, 0x23, 0x33, 0x33, 0x33, 0x33, 0x33,
    0x33, 0x0, 0x4, 0xfc, 0x0, 0xcf, 0xff, 0xff,
    0xff, 0xff, 0xff, 0xff, 0x0, 0x4, 0xfc, 0x0,
    0xce, 0xee, 0xee, 0xee, 0xee, 0xee, 0xee, 0x0,
    0x4, 0xfc, 0x0, 0x0, 0x0, 0x0, 0x0, 0x0,
    0x0, 0x0,

    /* U+6837 "样" */
    0x0, 0x0, 0x0, 0x0, 0x0, 0x0, 0x0, 0x0,
    0x0, 0x0, 0x0, 0x0, 0x0, 0xe, 0xf3, 0x0,
    0x1, 0x8b, 0x0, 0x0, 0x0, 0xcc, 0x50, 0x0,
    0x0, 0xef, 0x30, 0x0, 0xe, 0xf8, 0x0, 0x0,
    0x3f, 0xf3, 0x0, 0x0, 0xe, 0xf3, 0x0, 0x0,
    0x5f, 0xf1, 0x0, 0xb, 0xfa, 0x0, 0x0, 0x0,
    0xef, 0x30, 0x0, 0x0, 0xde, 0x40, 0x3, 0xff,
    0x20, 0x0, 0xac, 0xcf, 0xfd, 0xc8, 0x4d, 0xde,
    0xdd, 0xdd, 0xef, 0xfd, 0xd5, 0xd, 0xff, 0xff,
    0xff, 0x95, 0xff, 0xff, 0xff, 0xff, 0xff, 0xff,
    0x60, 0x33, 0x4f, 0xf6, 0x32, 0x13, 0x33, 0x34,
    0xff, 0x53, 0x33, 0x31, 0x0, 0x3, 0xff, 0x70,
    0x0, 0x0, 0x0, 0x1f, 0xf2, 0x0, 0x0, 0x0,
    0x0, 0x8f, 0xff, 0x20, 0x0, 0x0, 0x1, 0xff,
    0x20, 0x0, 0x0, 0x0, 0xd, 0xff, 0xfc, 0x0,
    0x8e, 0xee, 0xef, 0xfe, 0xee, 0xe9, 0x0, 0x2,
    0xff, 0xfb, 0xf7, 0x8, 0xff, 0xff, 0xff, 0xff,
    0xff, 0xa0, 0x0, 0x8f, 0xff, 0x4f, 0xe0, 0x1,
    0x11, 0x2f, 0xf3, 0x11, 0x11, 0x0, 0xf, 0xde,
    0xf3, 0x84, 0x0, 0x0, 0x1, 0xff, 0x20, 0x0,
    0x0, 0x8, 0xf7, 0xef, 0x30, 0x0, 0x0, 0x0,
    0x1f, 0xf2, 0x0, 0x0, 0x2, 0xff, 0x1e, 0xf3,
    0x1, 0xff, 0xff, 0xff, 0xff, 0xff, 0xff, 0xfc,
    0x1f, 0xa0, 0xef, 0x30, 0x1f, 0xff, 0xff, 0xff,
    0xff, 0xff, 0xff, 0xd0, 0x81, 0xe, 0xf3, 0x0,
    0x11, 0x11, 0x13, 0xff, 0x31, 0x11, 0x11, 0x0,
    0x0, 0xef, 0x30, 0x0, 0x0, 0x0, 0x1f, 0xf2,
    0x0, 0x0, 0x0, 0x0, 0xe, 0xf3, 0x0, 0x0,
    0x0, 0x1, 0xff, 0x20, 0x0, 0x0, 0x0, 0x0,
    0xef, 0x30, 0x0, 0x0, 0x0, 0x1f, 0xf2, 0x0,
    0x0, 0x0, 0x0, 0xe, 0xf3, 0x0, 0x0, 0x0,
    0x1, 0xff, 0x20, 0x0, 0x0, 0x0, 0x0, 0xef,
    0x30, 0x0, 0x0, 0x0, 0x1f, 0xf2, 0x0, 0x0,
    0x0,

    /* U+6848 "案" */
    0x0, 0x0, 0x0, 0x0, 0x0, 0x4, 0x20, 0x0,
    0x0, 0x0, 0x0, 0x0, 0x0, 0x0, 0x0, 0x0,
    0x0, 0x7f, 0xc0, 0x0, 0x0, 0x0, 0x0, 0x0,
    0x0, 0x9a, 0xaa, 0xaa, 0xaa, 0xbf, 0xfb, 0xaa,
    0xaa, 0xaa, 0xaa, 0x30, 0x0, 0xdf, 0xff, 0xff,
    0xff, 0xff, 0xff, 0xff, 0xff, 0xff, 0xff, 0x40,
    0x0, 0xdf, 0x63, 0x33, 0x34, 0xd8, 0x33, 0x33,
    0x33, 0x33, 0xef, 0x40, 0x0, 0xcd, 0x20, 0x0,
    0x9, 0xfc, 0x0, 0x0, 0x0, 0x0, 0xbd, 0x40,
    0x0, 0x22, 0x22, 0x22, 0x4f, 0xf6, 0x22, 0x22,
    0x22, 0x22, 0x22, 0x10, 0x4, 0xff, 0xff, 0xff,
    0xff, 0xff, 0xff, 0xff, 0xff, 0xff, 0xff, 0xa0,
    0x2, 0x99, 0x99, 0xaf, 0xfb, 0x99, 0x99, 0x9d,
    0xff, 0xa9, 0x99, 0x60, 0x0, 0x0, 0x1, 0xdf,
    0x80, 0x0, 0x0, 0x6f, 0xf5, 0x0, 0x0, 0x0,
    0x0, 0x0, 0x1d, 0xff, 0xff, 0xc9, 0x7c, 0xfe,
    0x40, 0x0, 0x0, 0x0, 0x0, 0x0, 0x0, 0x15,
    0xae, 0xff, 0xff, 0xfe, 0x95, 0x10, 0x0, 0x0,
    0x1, 0x89, 0xbc, 0xef, 0xff, 0xfd, 0x75, 0xae,
    0xff, 0xfd, 0x83, 0x0, 0x0, 0xdf, 0xff, 0xfd,
    0xa6, 0x24, 0x41, 0x0, 0x38, 0xdf, 0xf8, 0x0,
    0x0, 0x35, 0x32, 0x0, 0x0, 0xf, 0xf3, 0x0,
    0x0, 0x3, 0x40, 0x0, 0x6, 0xcc, 0xcc, 0xcc,
    0xcc, 0xcf, 0xfd, 0xcc, 0xcc, 0xcc, 0xcc, 0xb0,
    0x8, 0xff, 0xff, 0xff, 0xff, 0xff, 0xff, 0xff,
    0xff, 0xff, 0xff, 0xe0, 0x0, 0x0, 0x0, 0x0,
    0x6f, 0xff, 0xff, 0xfa, 0x10, 0x0, 0x0, 0x0,
    0x0, 0x0, 0x0, 0x2b, 0xff, 0x6f, 0xf5, 0xdf,
    0xe6, 0x0, 0x0, 0x0, 0x0, 0x0, 0x4a, 0xff,
    0xd3, 0xf, 0xf3, 0x1a, 0xff, 0xd7, 0x10, 0x0,
    0x5, 0x9e, 0xff, 0xf8, 0x0, 0xf, 0xf3, 0x0,
    0x4d, 0xff, 0xfc, 0x81, 0x8, 0xff, 0xf8, 0x10,
    0x0, 0xf, 0xf3, 0x0, 0x0, 0x5d, 0xff, 0xd0,
    0x0, 0x84, 0x0, 0x0, 0x0, 0xf, 0xf3, 0x0,
    0x0, 0x0, 0x38, 0x30,

    /* U+6A21 "模" */
    0x0, 0x0, 0x0, 0x0, 0x0, 0x0, 0x0, 0x0,
    0x0, 0x0, 0x0, 0x0, 0x0, 0xe, 0xf2, 0x0,
    0x0, 0xf, 0xf0, 0x0, 0xcf, 0x50, 0x0, 0x0,
    0x0, 0xef, 0x20, 0x4, 0x45, 0xff, 0x54, 0x4d,
    0xf8, 0x44, 0x10, 0x0, 0xe, 0xf2, 0x2, 0xff,
    0xff, 0xff, 0xff, 0xff, 0xff, 0xf5, 0x0, 0x0,
    0xef, 0x20, 0x17, 0x77, 0xff, 0x77, 0x7d, 0xfa,
    0x77, 0x20, 0x8b, 0xbf, 0xfc, 0xb5, 0x0, 0xf,
    0xf0, 0x0, 0xcf, 0x50, 0x0, 0xb, 0xff, 0xff,
    0xff, 0x73, 0x99, 0x99, 0x99, 0x99, 0x99, 0x92,
    0x0, 0x34, 0x4f, 0xf6, 0x42, 0x5f, 0xff, 0xff,
    0xff, 0xff, 0xff, 0x30, 0x0, 0x3, 0xff, 0x50,
    0x5, 0xfb, 0x0, 0x0, 0x0, 0xe, 0xf3, 0x0,
    0x0, 0x8f, 0xfe, 0x0, 0x5f, 0xd7, 0x77, 0x77,
    0x77, 0xff, 0x30, 0x0, 0xc, 0xff, 0xf8, 0x5,
    0xff, 0xff, 0xff, 0xff, 0xff, 0xf3, 0x0, 0x1,
    0xff, 0xfd, 0xf2, 0x5f, 0xb0, 0x0, 0x0, 0x0,
    0xef, 0x30, 0x0, 0x6f, 0xff, 0x6f, 0xb5, 0xfd,
    0x88, 0x88, 0x88, 0x8f, 0xf3, 0x0, 0xd, 0xef,
    0xf2, 0xd4, 0x5f, 0xff, 0xff, 0xff, 0xff, 0xff,
    0x30, 0x4, 0xf9, 0xef, 0x21, 0x0, 0x0, 0x0,
    0xcf, 0x60, 0x0, 0x0, 0x0, 0xdf, 0x3e, 0xf2,
    0x0, 0x0, 0x0, 0xe, 0xf4, 0x0, 0x0, 0x0,
    0x1f, 0xc0, 0xef, 0x20, 0xdf, 0xff, 0xff, 0xff,
    0xff, 0xff, 0xff, 0x60, 0x85, 0xe, 0xf2, 0xb,
    0xdd, 0xdd, 0xff, 0xff, 0xfd, 0xdd, 0xd5, 0x0,
    0x0, 0xef, 0x20, 0x0, 0x0, 0x3f, 0xf8, 0xff,
    0x30, 0x0, 0x0, 0x0, 0xe, 0xf2, 0x0, 0x0,
    0x4e, 0xfb, 0x8, 0xff, 0x50, 0x0, 0x0, 0x0,
    0xef, 0x20, 0x15, 0xcf, 0xfc, 0x0, 0xa, 0xff,
    0xd7, 0x10, 0x0, 0xe, 0xf2, 0x3f, 0xff, 0xf7,
    0x0, 0x0, 0x7, 0xff, 0xfa, 0x0, 0x0, 0xef,
    0x20, 0x9c, 0x61, 0x0, 0x0, 0x0, 0x2, 0x8c,
    0x0, 0x0, 0x0, 0x0, 0x0, 0x0, 0x0, 0x0,
    0x0, 0x0, 0x0, 0x0,

    /* U+6B21 "次" */
    0x0, 0x0, 0x0, 0x0, 0x0, 0x0, 0x0, 0x0,
    0x0, 0x0, 0x0, 0x0, 0x0, 0x0, 0x0, 0x0,
    0x5f, 0xd1, 0x0, 0x0, 0x0, 0x0, 0x0, 0x3,
    0x10, 0x0, 0x0, 0x9, 0xfe, 0x0, 0x0, 0x0,
    0x0, 0x0, 0x2, 0xef, 0x70, 0x0, 0x0, 0xef,
    0xa0, 0x0, 0x0, 0x0, 0x0, 0x0, 0x2c, 0xff,
    0xd3, 0x0, 0x2f, 0xf9, 0x33, 0x33, 0x33, 0x34,
    0x10, 0x0, 0x7, 0xff, 0xf3, 0x7, 0xff, 0xff,
    0xff, 0xff, 0xff, 0xff, 0x40, 0x0, 0x2, 0xdd,
    0x0, 0xcf, 0xff, 0xff, 0xff, 0xff, 0xff, 0xf4,
    0x0, 0x0, 0x1, 0x20, 0x3f, 0xf6, 0x0, 0x0,
    0x0, 0x6, 0xfe, 0x0, 0x0, 0x0, 0x0, 0xb,
    0xfe, 0x0, 0x6f, 0xe0, 0x0, 0xbf, 0xa0, 0x0,
    0x0, 0x0, 0x4, 0xff, 0x80, 0x7, 0xfe, 0x0,
    0x1f, 0xf4, 0x0, 0x0, 0x0, 0x0, 0xdf, 0xe0,
    0x0, 0x8f, 0xe0, 0x7, 0xfd, 0x0, 0x0, 0x0,
    0x0, 0x1, 0xa5, 0x0, 0x9, 0xff, 0x0, 0x5e,
    0x60, 0x0, 0x0, 0x0, 0x8c, 0x10, 0x0, 0x0,
    0xbf, 0xf5, 0x0, 0x0, 0x0, 0x0, 0x0, 0x2f,
    0xf8, 0x0, 0x0, 0xe, 0xff, 0xa0, 0x0, 0x0,
    0x0, 0x0, 0xb, 0xfe, 0x10, 0x0, 0x4, 0xff,
    0xff, 0x10, 0x0, 0x0, 0x0, 0x5, 0xff, 0x60,
    0x0, 0x0, 0xbf, 0xec, 0xf8, 0x0, 0x0, 0x0,
    0x1, 0xef, 0xc0, 0x0, 0x0, 0x5f, 0xf7, 0x5f,
    0xf1, 0x0, 0x0, 0x0, 0xbf, 0xf3, 0x0, 0x0,
    0x2e, 0xfe, 0x10, 0xdf, 0xc0, 0x0, 0x0, 0x7f,
    0xf8, 0x0, 0x0, 0x2d, 0xff, 0x40, 0x3, 0xff,
    0xb0, 0x0, 0x5, 0xfd, 0x0, 0x0, 0x4e, 0xff,
    0x70, 0x0, 0x8, 0xff, 0xc3, 0x0, 0x2, 0x30,
    0x1, 0x9f, 0xff, 0x60, 0x0, 0x0, 0x8, 0xff,
    0xfa, 0x0, 0x0, 0x0, 0xaf, 0xfe, 0x40, 0x0,
    0x0, 0x0, 0x6, 0xff, 0x90, 0x0, 0x0, 0x0,
    0xb8, 0x0, 0x0, 0x0, 0x0, 0x0, 0x1, 0x80,
    0x0, 0x0, 0x0, 0x0, 0x0, 0x0, 0x0, 0x0,
    0x0, 0x0, 0x0, 0x0,

    /* U+6B4C "歌" */
    0x0, 0x0, 0x0, 0x0, 0x0, 0x0, 0x0, 0x0,
    0x0, 0x0, 0x0, 0x0, 0x0, 0x0, 0x0, 0x0,
    0x0, 0x0, 0x0, 0x5f, 0x90, 0x0, 0x0, 0x0,
    0xc, 0xff, 0xff, 0xff, 0xff, 0xff, 0xf3, 0x8f,
    0x80, 0x0, 0x0, 0x0, 0xa, 0xdd, 0xdd, 0xdd,
    0xde, 0xff, 0xd2, 0xcf, 0x40, 0x0, 0x0, 0x0,
    0x0, 0x0, 0x0, 0x0, 0x6, 0xf9, 0x0, 0xff,
    0x87, 0x77, 0x77, 0x30, 0x0, 0xbf, 0xff, 0xff,
    0x6, 0xf9, 0x3, 0xff, 0xff, 0xff, 0xff, 0xb0,
    0x0, 0xbf, 0x88, 0xdf, 0x6, 0xf9, 0x8, 0xfc,
    0x77, 0x77, 0xcf, 0x80, 0x0, 0xbf, 0x0, 0xaf,
    0x6, 0xf9, 0xe, 0xf3, 0x23, 0x0, 0xbf, 0x50,
    0x0, 0xbf, 0x77, 0xdf, 0x6, 0xf9, 0x5f, 0xe0,
    0xcf, 0x30, 0xef, 0x10, 0x0, 0xbf, 0xff, 0xff,
    0x6, 0xf9, 0xdf, 0x60, 0xcf, 0x32, 0xfd, 0x0,
    0x0, 0x0, 0x0, 0x0, 0x6, 0xf9, 0x3a, 0x0,
    0xdf, 0x33, 0xe8, 0x0, 0xd, 0xdd, 0xdd, 0xdd,
    0xde, 0xfe, 0xdc, 0x0, 0xef, 0x40, 0x0, 0x0,
    0xf, 0xff, 0xff, 0xff, 0xff, 0xff, 0xfe, 0x0,
    0xff, 0x70, 0x0, 0x0, 0x1, 0x11, 0x11, 0x11,
    0x14, 0xfb, 0x11, 0x2, 0xff, 0xb0, 0x0, 0x0,
    0x0, 0x78, 0x88, 0x88, 0x23, 0xfb, 0x0, 0x6,
    0xff, 0xf0, 0x0, 0x0, 0x0, 0xdf, 0xff, 0xff,
    0x33, 0xfb, 0x0, 0xa, 0xff, 0xf5, 0x0, 0x0,
    0x0, 0xdf, 0x0, 0x8f, 0x33, 0xfb, 0x0, 0xf,
    0xf7, 0xfb, 0x0, 0x0, 0x0, 0xdf, 0x0, 0x8f,
    0x33, 0xfb, 0x0, 0x7f, 0xd0, 0xdf, 0x30, 0x0,
    0x0, 0xdf, 0xaa, 0xdf, 0x33, 0xfb, 0x1, 0xff,
    0x60, 0x6f, 0xc0, 0x0, 0x0, 0xdf, 0xff, 0xff,
    0x33, 0xfb, 0xc, 0xfe, 0x0, 0xe, 0xf7, 0x0,
    0x0, 0x8a, 0x0, 0x0, 0x3, 0xfb, 0xaf, 0xf5,
    0x0, 0x5, 0xff, 0x60, 0x0, 0x0, 0x0, 0x7,
    0x9c, 0xfe, 0xff, 0xa0, 0x0, 0x0, 0x9f, 0xf2,
    0x0, 0x0, 0x0, 0x8, 0xff, 0xc3, 0x8c, 0x0,
    0x0, 0x0, 0xb, 0x60, 0x0, 0x0, 0x0, 0x0,
    0x0, 0x0, 0x0, 0x0, 0x0, 0x0, 0x0, 0x0,

    /* U+6B63 "正" */
    0x2, 0x44, 0x44, 0x44, 0x44, 0x44, 0x44, 0x44,
    0x44, 0x44, 0x40, 0xb, 0xff, 0xff, 0xff, 0xff,
    0xff, 0xff, 0xff, 0xff, 0xff, 0xf1, 0xa, 0xee,
    0xee, 0xee, 0xee, 0xff, 0xfe, 0xee, 0xee, 0xee,
    0xe1, 0x0, 0x0, 0x0, 0x0, 0x0, 0x7f, 0xd0,
    0x0, 0x0, 0x0, 0x0, 0x0, 0x0, 0x0, 0x0,
    0x0, 0x7f, 0xd0, 0x0, 0x0, 0x0, 0x0, 0x0,
    0x0, 0x0, 0x0, 0x0, 0x7f, 0xd0, 0x0, 0x0,
    0x0, 0x0, 0x0, 0x1, 0x22, 0x0, 0x0, 0x7f,
    0xd0, 0x0, 0x0, 0x0, 0x0, 0x0, 0x7, 0xfc,
    0x0, 0x0, 0x7f, 0xd0, 0x0, 0x0, 0x0, 0x0,
    0x0, 0x7, 0xfc, 0x0, 0x0, 0x7f, 0xe3, 0x33,
    0x33, 0x33, 0x0, 0x0, 0x7, 0xfc, 0x0, 0x0,
    0x7f, 0xff, 0xff, 0xff, 0xff, 0x0, 0x0, 0x7,
    0xfc, 0x0, 0x0, 0x7f, 0xff, 0xff, 0xff, 0xfe,
    0x0, 0x0, 0x7, 0xfc, 0x0, 0x0, 0x7f, 0xd0,
    0x0, 0x0, 0x0, 0x0, 0x0, 0x7, 0xfc, 0x0,
    0x0, 0x7f, 0xd0, 0x0, 0x0, 0x0, 0x0, 0x0,
    0x7, 0xfc, 0x0, 0x0, 0x7f, 0xd0, 0x0, 0x0,
    0x0, 0x0, 0x0, 0x7, 0xfc, 0x0, 0x0, 0x7f,
    0xd0, 0x0, 0x0, 0x0, 0x0, 0x0, 0x7, 0xfc,
    0x0, 0x0, 0x7f, 0xd0, 0x0, 0x0, 0x0, 0x0,
    0x0, 0x7, 0xfc, 0x0, 0x0, 0x7f, 0xd0, 0x0,
    0x0, 0x0, 0x0, 0x13, 0x39, 0xfd, 0x33, 0x33,
    0x9f, 0xe3, 0x33, 0x33, 0x33, 0x32, 0x8f, 0xff,
    0xff, 0xff, 0xff, 0xff, 0xff, 0xff, 0xff, 0xff,
    0xfe, 0x8f, 0xff, 0xff, 0xff, 0xff, 0xff, 0xff,
    0xff, 0xff, 0xff, 0xfe,

    /* U+6B65 "步" */
    0x0, 0x0, 0x0, 0x0, 0x0, 0x11, 0x0, 0x0,
    0x0, 0x0, 0x0, 0x0, 0x0, 0x0, 0x0, 0x0,
    0xef, 0x70, 0x0, 0x0, 0x0, 0x0, 0x0, 0x1,
    0x66, 0x0, 0x0, 0xef, 0x70, 0x0, 0x0, 0x0,
    0x0, 0x0, 0x4, 0xff, 0x0, 0x0, 0xef, 0xff,
    0xff, 0xff, 0xf7, 0x0, 0x0, 0x4, 0xff, 0x0,
    0x0, 0xef, 0xff, 0xff, 0xff, 0xf8, 0x0, 0x0,
    0x4, 0xff, 0x0, 0x0, 0xef, 0x92, 0x22, 0x22,
    0x21, 0x0, 0x0, 0x4, 0xff, 0x0, 0x0, 0xef,
    0x70, 0x0, 0x0, 0x0, 0x0, 0x0, 0x5, 0xff,
    0x0, 0x0, 0xef, 0x80, 0x0, 0x0, 0x0, 0x0,
    0xbf, 0xff, 0xff, 0xff, 0xff, 0xff, 0xff, 0xff,
    0xff, 0xff, 0xf4, 0xbf, 0xff, 0xff, 0xff, 0xff,
    0xff, 0xff, 0xff, 0xff, 0xff, 0xf4, 0x0, 0x0,
    0x1, 0x0, 0x3, 0xff, 0x40, 0x0, 0x0, 0x0,
    0x0, 0x0, 0x0, 0xc, 0xc5, 0x2, 0xff, 0x40,
    0x0, 0x7, 0x71, 0x0, 0x0, 0x0, 0x9f, 0xf3,
    0x2, 0xff, 0x40, 0x0, 0x3f, 0xfa, 0x0, 0x0,
    0x6, 0xff, 0x60, 0x2, 0xff, 0x40, 0x0, 0xef,
    0xe1, 0x0, 0x0, 0x8f, 0xfa, 0x0, 0x2, 0xff,
    0x40, 0xa, 0xff, 0x50, 0x0, 0xb, 0xff, 0xa0,
    0x0, 0x2, 0xff, 0x41, 0xcf, 0xf8, 0x0, 0x0,
    0x7, 0xf9, 0x0, 0x0, 0x2, 0xff, 0x7e, 0xff,
    0x90, 0x0, 0x0, 0x0, 0x40, 0x0, 0x0, 0x0,
    0x7e, 0xff, 0xf7, 0x0, 0x0, 0x0, 0x0, 0x0,
    0x0, 0x0, 0x39, 0xff, 0xfd, 0x30, 0x0, 0x0,
    0x0, 0x0, 0x0, 0x14, 0x8e, 0xff, 0xfe, 0x70,
    0x0, 0x0, 0x0, 0x0, 0x48, 0xad, 0xff, 0xff,
    0xfc, 0x60, 0x0, 0x0, 0x0, 0x0, 0x0, 0x8f,
    0xff, 0xff, 0xb7, 0x20, 0x0, 0x0, 0x0, 0x0,
    0x0, 0x0, 0xb, 0x96, 0x30, 0x0, 0x0, 0x0,
    0x0, 0x0, 0x0, 0x0, 0x0,

    /* U+6BB5 "段" */
    0x0, 0x0, 0x0, 0x0, 0x0, 0x0, 0x0, 0x0,
    0x0, 0x0, 0x0, 0x0, 0x0, 0x0, 0x0, 0x5,
    0xcd, 0x10, 0x0, 0x0, 0x0, 0x0, 0x0, 0x0,
    0x0, 0x0, 0x49, 0xef, 0xff, 0x90, 0x2f, 0xff,
    0xff, 0xfe, 0x0, 0x0, 0x0, 0x2e, 0xff, 0xfc,
    0x71, 0x0, 0x2f, 0xfd, 0xde, 0xfe, 0x0, 0x0,
    0x0, 0x3f, 0xf6, 0x10, 0x0, 0x0, 0x2f, 0xe0,
    0x1, 0xfe, 0x0, 0x0, 0x0, 0x3f, 0xe0, 0x0,
    0x0, 0x0, 0x3f, 0xd0, 0x1, 0xfe, 0x0, 0x0,
    0x0, 0x3f, 0xf6, 0x66, 0x66, 0x0, 0x5f, 0xc0,
    0x1, 0xfe, 0x0, 0x0, 0x0, 0x3f, 0xff, 0xff,
    0xff, 0x20, 0xaf, 0x80, 0x1, 0xfe, 0x0, 0x0,
    0x0, 0x3f, 0xf7, 0x77, 0x77, 0x14, 0xff, 0x20,
    0x0, 0xff, 0x99, 0x90, 0x0, 0x3f, 0xe0, 0x0,
    0x0, 0x5f, 0xf8, 0x0, 0x0, 0x9f, 0xff, 0xf0,
    0x0, 0x3f, 0xe0, 0x0, 0x0, 0x2d, 0x80, 0x0,
    0x0, 0x1, 0x22, 0x10, 0x0, 0x3f, 0xfc, 0xcc,
    0xcc, 0x18, 0x99, 0x99, 0x99, 0x9a, 0x93, 0x0,
    0x0, 0x3f, 0xff, 0xff, 0xff, 0x1b, 0xff, 0xff,
    0xff, 0xff, 0xf6, 0x0, 0x0, 0x3f, 0xf2, 0x22,
    0x22, 0x3, 0xbf, 0x54, 0x44, 0x6f, 0xf1, 0x0,
    0x0, 0x3f, 0xe0, 0x0, 0x0, 0x0, 0x8f, 0x80,
    0x0, 0x9f, 0xb0, 0x0, 0x0, 0x3f, 0xe0, 0x0,
    0x14, 0x30, 0x1f, 0xf1, 0x1, 0xff, 0x60, 0x0,
    0x1, 0x6f, 0xfa, 0xcf, 0xff, 0x80, 0x9, 0xfc,
    0xb, 0xfd, 0x0, 0x0, 0x1f, 0xff, 0xff, 0xff,
    0xfd, 0x60, 0x1, 0xef, 0xcf, 0xf3, 0x0, 0x0,
    0xf, 0xff, 0xf8, 0x63, 0x0, 0x0, 0x0, 0x4f,
    0xff, 0x80, 0x0, 0x0, 0x3, 0x4f, 0xe0, 0x0,
    0x0, 0x0, 0x2, 0xcf, 0xff, 0xc3, 0x0, 0x0,
    0x0, 0x3f, 0xe0, 0x0, 0x0, 0x3, 0x9f, 0xff,
    0xbf, 0xff, 0x93, 0x0, 0x0, 0x3f, 0xe0, 0x0,
    0x2, 0xdf, 0xff, 0xd3, 0x3, 0xdf, 0xff, 0xd0,
    0x0, 0x3f, 0xe0, 0x0, 0x0, 0xcf, 0xc6, 0x0,
    0x0, 0x6, 0xdf, 0x50, 0x0, 0x0, 0x0, 0x0,
    0x0, 0x33, 0x0, 0x0, 0x0, 0x0, 0x3, 0x0,

    /* U+6BC1 "毁" */
    0x0, 0x4, 0xb1, 0x0, 0x0, 0x0, 0x3, 0x33,
    0x33, 0x33, 0x0, 0x0, 0x4b, 0xff, 0x89, 0xbb,
    0xb9, 0x1, 0xff, 0xff, 0xff, 0xe0, 0x0, 0xe,
    0xfa, 0x20, 0xcf, 0xff, 0xc0, 0x1f, 0xfb, 0xbc,
    0xfe, 0x0, 0x0, 0xed, 0x0, 0x0, 0x2, 0xfc,
    0x1, 0xfe, 0x0, 0x1f, 0xe0, 0x0, 0xe, 0xd0,
    0x0, 0x0, 0x2f, 0xc0, 0x1f, 0xe0, 0x1, 0xfe,
    0x0, 0x0, 0xef, 0xff, 0x1b, 0xff, 0xfc, 0x3,
    0xfd, 0x0, 0x1f, 0xe0, 0x0, 0xe, 0xfc, 0xc0,
    0x9c, 0xcf, 0xc0, 0x7f, 0x90, 0x1, 0xfe, 0x0,
    0x0, 0xed, 0x0, 0x0, 0x2, 0xfc, 0x1e, 0xf5,
    0x0, 0xf, 0xfd, 0xd1, 0xe, 0xe0, 0x0, 0x0,
    0x2f, 0xdd, 0xfc, 0x0, 0x0, 0x7e, 0xfe, 0x20,
    0xef, 0xff, 0xff, 0xff, 0xfc, 0x7d, 0x10, 0x0,
    0x0, 0x0, 0x0, 0xb, 0xcc, 0xcc, 0xcc, 0xcc,
    0x96, 0xba, 0xaa, 0xaa, 0xab, 0x92, 0x0, 0x0,
    0x0, 0x0, 0x0, 0x0, 0x9f, 0xff, 0xff, 0xff,
    0xff, 0x30, 0x2, 0x22, 0x22, 0x22, 0x22, 0x14,
    0xcf, 0xb6, 0x66, 0x9f, 0xd0, 0x1, 0xff, 0xff,
    0xff, 0xff, 0xfb, 0x7, 0xfc, 0x0, 0xb, 0xf7,
    0x0, 0xb, 0xbb, 0xdf, 0xeb, 0xbb, 0x80, 0x1f,
    0xf4, 0x3, 0xff, 0x10, 0x0, 0x0, 0x6, 0xf9,
    0x0, 0x0, 0x0, 0x8f, 0xe2, 0xef, 0x70, 0x0,
    0x0, 0x0, 0x6f, 0x90, 0x0, 0x0, 0x0, 0xdf,
    0xff, 0xc0, 0x0, 0x0, 0x0, 0x6, 0xfa, 0x13,
    0x57, 0x0, 0x5, 0xff, 0xf3, 0x0, 0x0, 0x25,
    0x79, 0xcf, 0xff, 0xff, 0xf2, 0x6, 0xff, 0xff,
    0xd2, 0x0, 0xa, 0xff, 0xff, 0xff, 0xec, 0xa8,
    0x7c, 0xff, 0xd7, 0xff, 0xf9, 0x20, 0x6b, 0x97,
    0x53, 0x10, 0x0, 0xdf, 0xff, 0x70, 0x3, 0xdf,
    0xff, 0x10, 0x0, 0x0, 0x0, 0x0, 0x5, 0xe7,
    0x10, 0x0, 0x0, 0x6d, 0x50, 0x0, 0x0, 0x0,
    0x0, 0x0, 0x0, 0x0, 0x0, 0x0, 0x0, 0x0,
    0x0,

    /* U+6BCF "每" */
    0x0, 0x0, 0x0, 0x31, 0x0, 0x0, 0x0, 0x0,
    0x0, 0x0, 0x0, 0x0, 0x0, 0x0, 0x1f, 0xf6,
    0x0, 0x0, 0x0, 0x0, 0x0, 0x0, 0x0, 0x0,
    0x0, 0x8, 0xff, 0x10, 0x0, 0x0, 0x0, 0x0,
    0x0, 0x0, 0x0, 0x0, 0x1, 0xff, 0xff, 0xff,
    0xff, 0xff, 0xff, 0xff, 0xff, 0xf1, 0x0, 0x0,
    0xbf, 0xff, 0xff, 0xff, 0xff, 0xff, 0xff, 0xff,
    0xff, 0x10, 0x0, 0x6f, 0xf5, 0x0, 0x0, 0x0,
    0x0, 0x0, 0x0, 0x0, 0x0, 0x0, 0x3f, 0xf9,
    0x0, 0x0, 0x0, 0x0, 0x0, 0x0, 0x0, 0x0,
    0x0, 0x3e, 0xfd, 0xbd, 0xdd, 0xdd, 0xdd, 0xdd,
    0xdd, 0xdd, 0xa0, 0x0, 0xb, 0xfe, 0x2d, 0xff,
    0xff, 0xff, 0xff, 0xff, 0xff, 0xfb, 0x0, 0x0,
    0x7, 0x30, 0xff, 0x50, 0x2d, 0xb2, 0x0, 0x0,
    0x8f, 0xa0, 0x0, 0x0, 0x0, 0xf, 0xf2, 0x3,
    0xdf, 0xf5, 0x0, 0x8, 0xfa, 0x0, 0x0, 0x0,
    0x2, 0xff, 0x0, 0x0, 0x8f, 0xf6, 0x0, 0x9f,
    0x90, 0x0, 0x4, 0x44, 0x7f, 0xf3, 0x33, 0x33,
    0x8f, 0x53, 0x3a, 0xfb, 0x44, 0x40, 0xff, 0xff,
    0xff, 0xff, 0xff, 0xff, 0xff, 0xff, 0xff, 0xff,
    0xff, 0xb, 0xbb, 0xef, 0xda, 0xac, 0xfb, 0xaa,
    0xaa, 0xae, 0xfd, 0xbb, 0xb0, 0x0, 0xb, 0xf8,
    0x0, 0xbf, 0xd4, 0x0, 0x0, 0xbf, 0x70, 0x0,
    0x0, 0x0, 0xef, 0x50, 0x0, 0x7f, 0xf9, 0x0,
    0xc, 0xf6, 0x0, 0x0, 0x0, 0xf, 0xf4, 0x0,
    0x0, 0x3d, 0xe2, 0x0, 0xef, 0x50, 0x0, 0x0,
    0x3, 0xff, 0xff, 0xff, 0xff, 0xff, 0xff, 0xff,
    0xff, 0xff, 0x0, 0x0, 0x5e, 0xee, 0xee, 0xee,
    0xee, 0xee, 0xee, 0xff, 0xee, 0xe0, 0x0, 0x0,
    0x0, 0x0, 0x0, 0x0, 0x0, 0x0, 0x6f, 0xd0,
    0x0, 0x0, 0x0, 0x0, 0x0, 0x0, 0x0, 0x0,
    0xbb, 0xbf, 0xf9, 0x0, 0x0, 0x0, 0x0, 0x0,
    0x0, 0x0, 0x0, 0xb, 0xff, 0xea, 0x0, 0x0,
    0x0, 0x0, 0x0, 0x0, 0x0, 0x0, 0x0, 0x0,
    0x0, 0x0, 0x0, 0x0,

    /* U+6C14 "气" */
    0x0, 0x0, 0x1, 0x30, 0x0, 0x0, 0x0, 0x0,
    0x0, 0x0, 0x0, 0x0, 0x0, 0x0, 0x7f, 0xe0,
    0x0, 0x0, 0x0, 0x0, 0x0, 0x0, 0x0, 0x0,
    0x0, 0xd, 0xf9, 0x0, 0x0, 0x0, 0x0, 0x0,
    0x0, 0x0, 0x0, 0x0, 0x4, 0xff, 0xed, 0xdd,
    0xdd, 0xdd, 0xdd, 0xdd, 0xdd, 0xd0, 0x0, 0x0,
    0xcf, 0xff, 0xff, 0xff, 0xff, 0xff, 0xff, 0xff,
    0xff, 0x0, 0x0, 0x4f, 0xf3, 0x0, 0x0, 0x0,
    0x0, 0x0, 0x0, 0x0, 0x0, 0x0, 0xe, 0xf8,
    0x0, 0x0, 0x0, 0x0, 0x0, 0x0, 0x0, 0x0,
    0x0, 0xa, 0xfe, 0x1e, 0xff, 0xff, 0xff, 0xff,
    0xff, 0xff, 0xf2, 0x0, 0x8, 0xff, 0x50, 0xbc,
    0xcc, 0xcc, 0xcc, 0xcc, 0xcc, 0xcc, 0x20, 0x2,
    0xef, 0x80, 0x0, 0x0, 0x0, 0x0, 0x0, 0x0,
    0x0, 0x0, 0x0, 0x1, 0x73, 0xdd, 0xdd, 0xdd,
    0xdd, 0xdd, 0xdd, 0xdd, 0x50, 0x0, 0x0, 0x0,
    0x3f, 0xff, 0xff, 0xff, 0xff, 0xff, 0xff, 0xf7,
    0x0, 0x0, 0x0, 0x0, 0x0, 0x0, 0x0, 0x0,
    0x0, 0x0, 0xcf, 0x70, 0x0, 0x0, 0x0, 0x0,
    0x0, 0x0, 0x0, 0x0, 0x0, 0xa, 0xf8, 0x0,
    0x0, 0x0, 0x0, 0x0, 0x0, 0x0, 0x0, 0x0,
    0x0, 0x9f, 0x90, 0x0, 0x0, 0x0, 0x0, 0x0,
    0x0, 0x0, 0x0, 0x0, 0x8, 0xfb, 0x0, 0x0,
    0x0, 0x0, 0x0, 0x0, 0x0, 0x0, 0x0, 0x0,
    0x6f, 0xd0, 0x0, 0x0, 0x0, 0x0, 0x0, 0x0,
    0x0, 0x0, 0x0, 0x4, 0xff, 0x0, 0x20, 0x0,
    0x0, 0x0, 0x0, 0x0, 0x0, 0x0, 0x0, 0x1f,
    0xf3, 0xa, 0x70, 0x0, 0x0, 0x0, 0x0, 0x0,
    0x0, 0x0, 0x0, 0xcf, 0x90, 0xbd, 0x0, 0x0,
    0x0, 0x0, 0x0, 0x0, 0x0, 0x0, 0x6, 0xff,
    0x6e, 0xc0, 0x0, 0x0, 0x0, 0x0, 0x0, 0x0,
    0x0, 0x0, 0xd, 0xff, 0xf8, 0x0, 0x0, 0x0,
    0x0, 0x0, 0x0, 0x0, 0x0, 0x0, 0x1b, 0xfc,
    0x10,

    /* U+6C1B "氛" */
    0x0, 0x0, 0x1, 0xc8, 0x20, 0x0, 0x0, 0x0,
    0x0, 0x0, 0x0, 0x0, 0x0, 0x0, 0x8, 0xff,
    0x21, 0x11, 0x11, 0x11, 0x11, 0x11, 0x11, 0x0,
    0x0, 0x0, 0x3f, 0xff, 0xff, 0xff, 0xff, 0xff,
    0xff, 0xff, 0xff, 0x40, 0x0, 0x1, 0xdf, 0xda,
    0xaa, 0xaa, 0xaa, 0xaa, 0xaa, 0xaa, 0xaa, 0x30,
    0x0, 0x1c, 0xfe, 0x20, 0x0, 0x0, 0x0, 0x0,
    0x0, 0x0, 0x0, 0x0, 0x2, 0xcf, 0xf3, 0xff,
    0xff, 0xff, 0xff, 0xff, 0xff, 0xff, 0x80, 0x0,
    0xa, 0xff, 0x40, 0x99, 0x99, 0x99, 0x99, 0x99,
    0x99, 0x99, 0x50, 0x0, 0x0, 0x74, 0x0, 0x0,
    0x0, 0x0, 0x0, 0x0, 0x0, 0x0, 0x0, 0x0,
    0x0, 0x7, 0xff, 0xff, 0xff, 0xff, 0xff, 0xff,
    0xff, 0xf1, 0x0, 0x0, 0x0, 0x5, 0xaa, 0xaa,
    0xaa, 0xaa, 0xaa, 0xaa, 0xbf, 0xf1, 0x0, 0x0,
    0x0, 0x0, 0x0, 0xab, 0x30, 0x1a, 0xa0, 0x0,
    0x1f, 0xf2, 0x0, 0x0, 0x0, 0x0, 0x8, 0xfd,
    0x0, 0xb, 0xf8, 0x0, 0xf, 0xf2, 0x0, 0x0,
    0x0, 0x1, 0xaf, 0xe2, 0x0, 0x1, 0xdf, 0xa1,
    0xf, 0xf3, 0x0, 0x0, 0x0, 0x6e, 0xfd, 0x10,
    0x0, 0x0, 0x1d, 0xff, 0x6f, 0xf4, 0x0, 0x0,
    0x5, 0xff, 0xdd, 0xcc, 0xcc, 0xcc, 0xcd, 0xcf,
    0xfe, 0xf5, 0x0, 0x0, 0x0, 0x44, 0x6f, 0xff,
    0xff, 0xff, 0xff, 0x14, 0x4b, 0xf7, 0x0, 0x0,
    0x0, 0x0, 0x0, 0x5f, 0xb0, 0x0, 0xff, 0x10,
    0x9, 0xf9, 0x3, 0x10, 0x0, 0x0, 0x0, 0xbf,
    0x60, 0x0, 0xff, 0x0, 0x7, 0xfb, 0x6, 0xd0,
    0x0, 0x0, 0x7, 0xfe, 0x0, 0x1, 0xfe, 0x0,
    0x2, 0xff, 0x7, 0xf0, 0x0, 0x2, 0xaf, 0xf5,
    0x3, 0x27, 0xfd, 0x0, 0x0, 0xdf, 0x9b, 0xe0,
    0x0, 0x7f, 0xff, 0x40, 0xe, 0xff, 0xfa, 0x0,
    0x0, 0x5f, 0xff, 0xa0, 0x0, 0x1d, 0x71, 0x0,
    0xb, 0xff, 0xc2, 0x0, 0x0, 0x7, 0xed, 0x20,
    0x0, 0x0, 0x0, 0x0, 0x0, 0x0, 0x0, 0x0,
    0x0, 0x0, 0x0, 0x0,

    /* U+6D41 "流" */
    0x0, 0x0, 0x0, 0x0, 0x0, 0x0, 0x0, 0x0,
    0x0, 0x0, 0x0, 0x0, 0x8, 0x20, 0x0, 0x0,
    0x0, 0x4, 0xdb, 0x0, 0x0, 0x0, 0x0, 0x8,
    0xff, 0x90, 0x0, 0x0, 0x0, 0x1f, 0xf2, 0x0,
    0x0, 0x0, 0x0, 0x1a, 0xff, 0xd2, 0x0, 0x0,
    0x0, 0xcf, 0x90, 0x0, 0x0, 0x0, 0x0, 0x5,
    0xef, 0x5f, 0xff, 0xff, 0xff, 0xff, 0xff, 0xff,
    0xfb, 0x0, 0x0, 0x2, 0x61, 0xff, 0xff, 0xff,
    0xff, 0xff, 0xff, 0xff, 0xb0, 0x0, 0x0, 0x0,
    0x0, 0x0, 0x2f, 0xf6, 0x0, 0x3c, 0x40, 0x0,
    0x0, 0x20, 0x0, 0x0, 0x0, 0x1d, 0xf9, 0x0,
    0x6, 0xff, 0x30, 0x0, 0x4f, 0xc4, 0x0, 0x0,
    0xc, 0xfc, 0x0, 0x0, 0x1a, 0xfe, 0x10, 0x6,
    0xff, 0xfb, 0x20, 0x8f, 0xff, 0xee, 0xff, 0xff,
    0xff, 0xfc, 0x0, 0x1, 0x9f, 0xf8, 0x9, 0xff,
    0xff, 0xff, 0xed, 0xca, 0x9e, 0xf8, 0x0, 0x0,
    0x3b, 0x0, 0x37, 0x43, 0x20, 0x0, 0x0, 0x0,
    0x5f, 0x60, 0x0, 0x0, 0x0, 0x0, 0x28, 0x60,
    0x8, 0x70, 0x8, 0x80, 0x10, 0x0, 0x0, 0x0,
    0x0, 0x3, 0xfc, 0x1, 0xfd, 0x0, 0xff, 0x0,
    0x0, 0x0, 0x0, 0x3e, 0x20, 0x4f, 0xc0, 0x1f,
    0xd0, 0xf, 0xf0, 0x0, 0x0, 0x0, 0xc, 0xfa,
    0x4, 0xfb, 0x1, 0xfd, 0x0, 0xff, 0x0, 0x0,
    0x0, 0x5, 0xff, 0x30, 0x5f, 0xa0, 0x1f, 0xd0,
    0xf, 0xf0, 0x0, 0x0, 0x0, 0xdf, 0xa0, 0x9,
    0xf8, 0x1, 0xfd, 0x0, 0xff, 0x0, 0x0, 0x0,
    0x7f, 0xf2, 0x0, 0xdf, 0x50, 0x1f, 0xd0, 0xf,
    0xf0, 0x39, 0x10, 0x1f, 0xfa, 0x0, 0x6f, 0xf1,
    0x1, 0xfd, 0x0, 0xff, 0x4, 0xf4, 0xa, 0xff,
    0x10, 0x4f, 0xf8, 0x0, 0x1f, 0xd0, 0xf, 0xf0,
    0x5f, 0x31, 0xff, 0x70, 0x2f, 0xfd, 0x10, 0x1,
    0xfc, 0x0, 0xef, 0xde, 0xf1, 0x3, 0xc0, 0x0,
    0x7d, 0x10, 0x0, 0x0, 0x0, 0x5, 0xdf, 0xe7,
    0x0, 0x0, 0x0, 0x0, 0x10, 0x0, 0x0, 0x0,
    0x0, 0x0, 0x0, 0x0,

    /* U+6D45 "浅" */
    0x0, 0x9, 0x40, 0x0, 0x0, 0x2, 0xff, 0x20,
    0x83, 0x0, 0x0, 0x0, 0x7, 0xff, 0xb1, 0x0,
    0x0, 0x1f, 0xf3, 0x6f, 0xf8, 0x0, 0x0, 0x0,
    0x6, 0xff, 0xe3, 0x0, 0x1, 0xff, 0x30, 0x5f,
    0xfb, 0x0, 0x0, 0x0, 0x2, 0xce, 0x20, 0x0,
    0xf, 0xf4, 0x0, 0x2e, 0x70, 0x0, 0x0, 0x0,
    0x0, 0x30, 0x0, 0x0, 0xff, 0x52, 0x46, 0x9a,
    0xc7, 0x0, 0x0, 0x0, 0x0, 0x15, 0x68, 0xaf,
    0xff, 0xff, 0xff, 0xff, 0xa0, 0x0, 0x30, 0x0,
    0x3, 0xff, 0xff, 0xff, 0xfe, 0xca, 0x86, 0x52,
    0x0, 0x9f, 0xb2, 0x0, 0x1c, 0xa8, 0x6c, 0xf9,
    0x0, 0x0, 0x0, 0x0, 0x7, 0xff, 0xf7, 0x0,
    0x0, 0x0, 0x9f, 0xa0, 0x0, 0x0, 0x0, 0x0,
    0x1, 0xaf, 0xe1, 0x0, 0x0, 0x7, 0xfd, 0x35,
    0x79, 0xbe, 0xf7, 0x0, 0x0, 0x64, 0x2, 0x47,
    0x9b, 0xef, 0xff, 0xff, 0xff, 0xff, 0x90, 0x0,
    0x0, 0x0, 0xaf, 0xff, 0xff, 0xff, 0xeb, 0x97,
    0x56, 0x20, 0x0, 0x0, 0x2, 0x7, 0xca, 0x86,
    0x4e, 0xf6, 0x0, 0x3, 0xff, 0x40, 0x0, 0x2,
    0xf8, 0x0, 0x0, 0x0, 0xbf, 0xb0, 0x2, 0xef,
    0xb0, 0x0, 0x0, 0x9f, 0xb0, 0x0, 0x0, 0x7,
    0xff, 0x4, 0xef, 0xc0, 0x0, 0x0, 0x1f, 0xf5,
    0x0, 0x0, 0x0, 0x2f, 0xfa, 0xff, 0xc1, 0x10,
    0x0, 0x8, 0xfd, 0x0, 0x0, 0x0, 0x0, 0xdf,
    0xff, 0x80, 0xd, 0x60, 0x0, 0xef, 0x70, 0x0,
    0x0, 0x5, 0xcf, 0xff, 0x70, 0x0, 0xfe, 0x0,
    0x8f, 0xe0, 0x0, 0x2, 0x7e, 0xff, 0xfe, 0xfd,
    0x0, 0x3f, 0xc0, 0x1f, 0xf7, 0x0, 0x6d, 0xff,
    0xff, 0x91, 0x3f, 0xfc, 0x5b, 0xf8, 0x3, 0xef,
    0x10, 0x3, 0xff, 0xc7, 0x10, 0x0, 0x6f, 0xff,
    0xff, 0x20, 0x1, 0x50, 0x0, 0x4, 0x20, 0x0,
    0x0, 0x0, 0x4b, 0xfd, 0x60,

    /* U+6DE1 "淡" */
    0x0, 0x0, 0x0, 0x0, 0x0, 0x0, 0x0, 0x22,
    0x0, 0x0, 0x0, 0x0, 0x0, 0x8, 0x20, 0x0,
    0x0, 0x0, 0x0, 0xef, 0x40, 0x0, 0x0, 0x0,
    0x0, 0x9f, 0xf9, 0x10, 0x1, 0x95, 0x0, 0xff,
    0x30, 0x4, 0x72, 0x0, 0x0, 0x1a, 0xff, 0xe4,
    0x6, 0xfb, 0x0, 0xff, 0x20, 0xd, 0xfa, 0x0,
    0x0, 0x0, 0x4e, 0xf4, 0xc, 0xf5, 0x2, 0xff,
    0x0, 0x6f, 0xe1, 0x0, 0x0, 0x0, 0x1, 0x50,
    0x6f, 0xd0, 0x7, 0xfd, 0x1, 0xff, 0x50, 0x0,
    0x0, 0x0, 0x0, 0x0, 0xaf, 0x40, 0xc, 0xfe,
    0x34, 0xe8, 0x0, 0x0, 0x0, 0x10, 0x0, 0x0,
    0x1, 0x0, 0x3f, 0xff, 0xfb, 0x20, 0x0, 0x0,
    0x7, 0xfa, 0x20, 0x0, 0x0, 0x3, 0xef, 0xc7,
    0xff, 0xf9, 0x0, 0x0, 0x9, 0xff, 0xf7, 0x0,
    0x2, 0x9f, 0xfe, 0x20, 0x1a, 0xff, 0xe4, 0x0,
    0x0, 0x2c, 0xff, 0x41, 0xdf, 0xff, 0xc1, 0x33,
    0x0, 0x4e, 0xff, 0x20, 0x0, 0x0, 0x77, 0x0,
    0x8f, 0xb4, 0x0, 0xff, 0x20, 0x1, 0xb8, 0x0,
    0x0, 0x0, 0x0, 0x0, 0x1, 0x10, 0x1, 0xff,
    0x10, 0x0, 0x30, 0x0, 0x0, 0x0, 0x3, 0x0,
    0x8, 0xf9, 0x2, 0xff, 0x0, 0x7, 0xfe, 0x10,
    0x0, 0x0, 0x1f, 0xa0, 0xd, 0xf4, 0x4, 0xff,
    0x10, 0x1e, 0xf8, 0x0, 0x0, 0x0, 0x9f, 0xe0,
    0x5f, 0xf0, 0x7, 0xff, 0x70, 0x9f, 0xd0, 0x0,
    0x0, 0x1, 0xff, 0x70, 0xef, 0x70, 0xc, 0xff,
    0xd3, 0xff, 0x30, 0x0, 0x0, 0x9, 0xff, 0x1,
    0x9d, 0x0, 0x3f, 0xff, 0xfa, 0x76, 0x0, 0x0,
    0x0, 0x2f, 0xf8, 0x0, 0x0, 0x1, 0xef, 0xc5,
    0xff, 0x50, 0x0, 0x0, 0x0, 0xaf, 0xf1, 0x0,
    0x0, 0x5e, 0xff, 0x20, 0xaf, 0xf9, 0x0, 0x0,
    0x4, 0xff, 0x70, 0x4, 0x8e, 0xff, 0xe3, 0x0,
    0xa, 0xff, 0xea, 0x50, 0x1, 0xbe, 0x0, 0x1d,
    0xff, 0xf8, 0x10, 0x0, 0x0, 0x6e, 0xff, 0xb0,
    0x0, 0x2, 0x0, 0x4, 0xb6, 0x10, 0x0, 0x0,
    0x0, 0x0, 0x5b, 0x20,

    /* U+6DF1 "深" */
    0x0, 0x2a, 0x20, 0x0, 0x0, 0x0, 0x0, 0x0,
    0x0, 0x0, 0x0, 0x0, 0xc, 0xff, 0x90, 0x1e,
    0xee, 0xee, 0xee, 0xee, 0xee, 0xee, 0xe1, 0x0,
    0x2b, 0xff, 0xd2, 0xff, 0xff, 0xff, 0xff, 0xff,
    0xff, 0xff, 0x10, 0x0, 0x4, 0xe6, 0x1f, 0xd0,
    0x0, 0x0, 0x0, 0x0, 0xf, 0xf1, 0x0, 0x0,
    0x1, 0x1, 0xfd, 0x2, 0x72, 0x0, 0x49, 0x0,
    0xff, 0x10, 0x0, 0x0, 0x0, 0x19, 0x80, 0xdf,
    0xa0, 0x1e, 0xfa, 0x8, 0x80, 0x0, 0x10, 0x0,
    0x0, 0x0, 0x9f, 0xd0, 0x0, 0x2e, 0xf9, 0x0,
    0x0, 0x7f, 0x91, 0x0, 0x0, 0x9f, 0xf2, 0x0,
    0x0, 0x2e, 0xf8, 0x0, 0xb, 0xff, 0xf8, 0x0,
    0xbf, 0xe3, 0x0, 0x0, 0x0, 0x3f, 0xf5, 0x0,
    0x3, 0xbf, 0xe0, 0x1b, 0xe2, 0x0, 0x2d, 0xd0,
    0x0, 0x5f, 0x70, 0x0, 0x0, 0x54, 0x0, 0x1,
    0x0, 0x2, 0xff, 0x0, 0x0, 0x10, 0x0, 0x0,
    0x0, 0x0, 0x3d, 0xdd, 0xdd, 0xef, 0xfd, 0xdd,
    0xdd, 0xd2, 0x0, 0x0, 0x5, 0x3, 0xff, 0xff,
    0xff, 0xff, 0xff, 0xff, 0xff, 0x20, 0x0, 0x4,
    0xf6, 0x2, 0x22, 0x2c, 0xff, 0xff, 0xb2, 0x22,
    0x20, 0x0, 0x0, 0xbf, 0x70, 0x0, 0x5, 0xff,
    0xff, 0xff, 0x50, 0x0, 0x0, 0x0, 0x3f, 0xf0,
    0x0, 0x2, 0xff, 0x7f, 0xf7, 0xff, 0x20, 0x0,
    0x0, 0xa, 0xf9, 0x0, 0x2, 0xef, 0x82, 0xff,
    0xb, 0xfc, 0x0, 0x0, 0x2, 0xff, 0x20, 0x3,
    0xef, 0xc0, 0x2f, 0xf0, 0x1e, 0xfc, 0x10, 0x0,
    0xbf, 0xa0, 0x8, 0xff, 0xd1, 0x2, 0xff, 0x0,
    0x4f, 0xfe, 0x40, 0x3f, 0xf3, 0x3, 0xff, 0xc1,
    0x0, 0x2f, 0xf0, 0x0, 0x4f, 0xf6, 0x3, 0xfb,
    0x0, 0x6, 0x80, 0x0, 0x2, 0xff, 0x0, 0x0,
    0x37, 0x0, 0x3, 0x30, 0x0, 0x0, 0x0, 0x0,
    0x2f, 0xf0, 0x0, 0x0, 0x0,

    /* U+6DF7 "混" */
    0x0, 0x53, 0x0, 0x0, 0x0, 0x0, 0x0, 0x0,
    0x0, 0x0, 0x0, 0x0, 0x4f, 0xfb, 0x20, 0x4f,
    0xff, 0xff, 0xff, 0xff, 0xff, 0xf6, 0x0, 0x0,
    0x8f, 0xff, 0x84, 0xff, 0xbb, 0xbb, 0xbb, 0xbb,
    0xff, 0x60, 0x0, 0x0, 0x1a, 0xf5, 0x4f, 0xc0,
    0x0, 0x0, 0x0, 0xc, 0xf6, 0x0, 0x0, 0x0,
    0x2, 0x4, 0xfe, 0xaa, 0xaa, 0xaa, 0xaa, 0xef,
    0x60, 0x0, 0x0, 0x0, 0x0, 0x4f, 0xff, 0xff,
    0xff, 0xff, 0xff, 0xf6, 0x0, 0x1, 0x0, 0x0,
    0x4, 0xfc, 0x0, 0x0, 0x0, 0x0, 0xcf, 0x60,
    0x1, 0xec, 0x20, 0x0, 0x4f, 0xc0, 0x0, 0x0,
    0x0, 0xc, 0xf6, 0x0, 0x5f, 0xff, 0x70, 0x4,
    0xff, 0xff, 0xff, 0xff, 0xff, 0xff, 0x60, 0x0,
    0x3d, 0xff, 0x80, 0x3d, 0xdd, 0xdd, 0xdd, 0xdd,
    0xdd, 0xd5, 0x0, 0x0, 0x9, 0xf1, 0x0, 0x0,
    0x0, 0x0, 0x0, 0x0, 0x0, 0x0, 0x0, 0x0,
    0x2, 0x0, 0x1d, 0xd0, 0x0, 0x2, 0xbb, 0x0,
    0x0, 0x0, 0x0, 0x0, 0x6, 0x2, 0xff, 0x0,
    0x0, 0x3f, 0xe0, 0x2, 0xa3, 0x0, 0x0, 0x4,
    0xfa, 0x2f, 0xfe, 0xee, 0xb3, 0xfe, 0x3a, 0xff,
    0xd0, 0x0, 0x0, 0xcf, 0x92, 0xff, 0xff, 0xfd,
    0x3f, 0xff, 0xff, 0x70, 0x0, 0x0, 0x5f, 0xf2,
    0x2f, 0xf1, 0x11, 0x13, 0xff, 0xe7, 0x10, 0x0,
    0x0, 0xd, 0xfa, 0x2, 0xff, 0x0, 0x0, 0x3f,
    0xe0, 0x0, 0x0, 0x0, 0x6, 0xff, 0x20, 0x2f,
    0xf0, 0x0, 0x3, 0xfe, 0x0, 0x6, 0xa2, 0x0,
    0xef, 0xa0, 0x2, 0xff, 0x0, 0x13, 0x3f, 0xe0,
    0x0, 0x7f, 0x60, 0x8f, 0xf2, 0x0, 0x6f, 0xf9,
    0xdf, 0xd3, 0xff, 0x0, 0xa, 0xf4, 0xf, 0xf8,
    0x0, 0xe, 0xff, 0xff, 0xfd, 0x1f, 0xff, 0xff,
    0xff, 0x10, 0x2c, 0x10, 0x0, 0x9f, 0xd9, 0x51,
    0x0, 0x7e, 0xff, 0xfe, 0x60, 0x0, 0x0, 0x0,
    0x2, 0x10, 0x0, 0x0, 0x0, 0x0, 0x0, 0x0,
    0x0,

    /* U+6E05 "清" */
    0x0, 0x0, 0x0, 0x0, 0x0, 0x0, 0x1, 0x33,
    0x0, 0x0, 0x0, 0x0, 0x1, 0xa3, 0x0, 0x0,
    0x0, 0x0, 0x5f, 0xd0, 0x0, 0x0, 0x0, 0x0,
    0xaf, 0xf9, 0x2, 0x99, 0x99, 0x9b, 0xff, 0x99,
    0x99, 0x98, 0x0, 0x0, 0x9f, 0xfd, 0x4f, 0xff,
    0xff, 0xff, 0xff, 0xff, 0xff, 0xe0, 0x0, 0x0,
    0x4f, 0x70, 0x11, 0x11, 0x16, 0xfe, 0x11, 0x11,
    0x11, 0x0, 0x0, 0x0, 0x20, 0x5, 0x88, 0x88,
    0xaf, 0xf8, 0x88, 0x88, 0x20, 0x0, 0x0, 0x0,
    0x0, 0x9f, 0xff, 0xff, 0xff, 0xff, 0xff, 0xf4,
    0x0, 0x5, 0x0, 0x0, 0x0, 0x0, 0x0, 0x5f,
    0xe0, 0x0, 0x0, 0x0, 0xa, 0xfd, 0x40, 0x9,
    0x99, 0x99, 0x9b, 0xff, 0x99, 0x99, 0x99, 0x80,
    0x5e, 0xff, 0x91, 0xff, 0xff, 0xff, 0xff, 0xff,
    0xff, 0xff, 0xfd, 0x0, 0xa, 0xfd, 0x0, 0x0,
    0x0, 0x0, 0x0, 0x0, 0x0, 0x0, 0x0, 0x0,
    0x6, 0x20, 0x3, 0xaa, 0xaa, 0xaa, 0xaa, 0xaa,
    0xa9, 0x0, 0x0, 0x0, 0x0, 0x0, 0x4f, 0xff,
    0xff, 0xff, 0xff, 0xff, 0xd0, 0x0, 0x0, 0x0,
    0x30, 0x4, 0xfd, 0x0, 0x0, 0x0, 0x4, 0xfd,
    0x0, 0x0, 0x0, 0x2f, 0x90, 0x4f, 0xe8, 0x88,
    0x88, 0x88, 0xaf, 0xd0, 0x0, 0x0, 0x8, 0xfd,
    0x4, 0xff, 0xff, 0xff, 0xff, 0xff, 0xfd, 0x0,
    0x0, 0x0, 0xff, 0x60, 0x4f, 0xd0, 0x0, 0x0,
    0x0, 0x4f, 0xd0, 0x0, 0x0, 0x6f, 0xf0, 0x4,
    0xfe, 0x99, 0x99, 0x99, 0x9b, 0xfd, 0x0, 0x0,
    0xd, 0xf9, 0x0, 0x4f, 0xff, 0xff, 0xff, 0xff,
    0xff, 0xd0, 0x0, 0x6, 0xff, 0x20, 0x4, 0xfd,
    0x0, 0x0, 0x0, 0x4, 0xfd, 0x0, 0x0, 0xdf,
    0xa0, 0x0, 0x4f, 0xc0, 0x0, 0x0, 0x0, 0x5f,
    0xd0, 0x0, 0x1c, 0xf3, 0x0, 0x4, 0xfc, 0x0,
    0x0, 0x1e, 0xef, 0xfb, 0x0, 0x0, 0x5, 0x0,
    0x0, 0x4f, 0xc0, 0x0, 0x0, 0xbe, 0xeb, 0x20,
    0x0,

    /* U+6E10 "渐" */
    0x0, 0x7, 0x0, 0x0, 0xc, 0xb0, 0x0, 0x0,
    0x0, 0x0, 0x53, 0x0, 0xb, 0xfe, 0x60, 0x0,
    0xff, 0x0, 0x0, 0x0, 0x49, 0xef, 0xe1, 0x0,
    0x4d, 0xff, 0xb2, 0x4f, 0xd2, 0x22, 0x18, 0xff,
    0xff, 0xe9, 0x20, 0x0, 0x8, 0xfa, 0xff, 0xff,
    0xff, 0xf9, 0x9f, 0xc7, 0x40, 0x0, 0x0, 0x0,
    0x4, 0x1d, 0xef, 0xed, 0xdd, 0x79, 0xf3, 0x0,
    0x0, 0x0, 0x0, 0x0, 0x0, 0xa, 0xf3, 0x0,
    0x0, 0x9f, 0x30, 0x0, 0x0, 0x0, 0x20, 0x0,
    0x0, 0xdf, 0x25, 0x20, 0x9, 0xf3, 0x0, 0x0,
    0x0, 0x8f, 0xb3, 0x0, 0x1f, 0xb7, 0xf8, 0x0,
    0x9f, 0xa8, 0x88, 0x88, 0x7, 0xff, 0xfa, 0x5,
    0xf6, 0x7f, 0x80, 0x9, 0xff, 0xff, 0xff, 0xf0,
    0x1, 0x9f, 0xb0, 0xbf, 0x27, 0xf8, 0x0, 0x9f,
    0x64, 0xef, 0x54, 0x0, 0x0, 0x31, 0x3f, 0xff,
    0xff, 0xff, 0x8a, 0xf3, 0xd, 0xf1, 0x0, 0x0,
    0x0, 0x1, 0xff, 0xff, 0xff, 0xf7, 0xaf, 0x20,
    0xdf, 0x10, 0x0, 0x0, 0x0, 0x2, 0x0, 0x7f,
    0x80, 0xb, 0xf2, 0xd, 0xf1, 0x0, 0x0, 0xa,
    0x90, 0x0, 0x7, 0xf8, 0x0, 0xcf, 0x10, 0xdf,
    0x10, 0x0, 0x1, 0xff, 0x30, 0x0, 0x7f, 0xdc,
    0xbd, 0xf0, 0xd, 0xf1, 0x0, 0x0, 0x6f, 0xd2,
    0x6a, 0xdf, 0xff, 0xfb, 0xee, 0x0, 0xdf, 0x10,
    0x0, 0xc, 0xf7, 0x5f, 0xff, 0xff, 0xb2, 0x1f,
    0xc0, 0xd, 0xf1, 0x0, 0x3, 0xff, 0x21, 0xc8,
    0x47, 0xf8, 0x5, 0xf9, 0x0, 0xdf, 0x10, 0x0,
    0xaf, 0xb0, 0x0, 0x0, 0x7f, 0x80, 0x9f, 0x50,
    0xd, 0xf1, 0x0, 0x1f, 0xf5, 0x0, 0x0, 0x7,
    0xf8, 0xf, 0xf1, 0x0, 0xdf, 0x10, 0x6, 0xfe,
    0x0, 0x0, 0x0, 0x7f, 0x85, 0xfa, 0x0, 0xd,
    0xf1, 0x0, 0x3, 0x50, 0x0, 0x0, 0x7, 0xf8,
    0xa, 0x40, 0x0, 0xdf, 0x10, 0x0, 0x0, 0x0,
    0x0, 0x0, 0x0, 0x0, 0x0, 0x0, 0x0, 0x0,
    0x0,

    /* U+6E21 "渡" */
    0x0, 0x0, 0x0, 0x0, 0x0, 0x0, 0x0, 0x2,
    0x0, 0x0, 0x0, 0x0, 0x0, 0xa, 0x40, 0x0,
    0x0, 0x0, 0x0, 0xef, 0x20, 0x0, 0x0, 0x0,
    0x0, 0x9f, 0xfc, 0x20, 0x0, 0x0, 0x0, 0xbf,
    0x90, 0x0, 0x0, 0x0, 0x0, 0x18, 0xff, 0xf2,
    0xdd, 0xdd, 0xdd, 0xef, 0xfd, 0xdd, 0xdd, 0xa0,
    0x0, 0x0, 0x2d, 0xb0, 0xff, 0xff, 0xff, 0xff,
    0xff, 0xff, 0xff, 0xc0, 0x0, 0x0, 0x0, 0x10,
    0xff, 0x10, 0x57, 0x10, 0x0, 0x67, 0x10, 0x0,
    0x0, 0x0, 0x0, 0x0, 0xff, 0x10, 0xbf, 0x30,
    0x0, 0xef, 0x20, 0x0, 0x1, 0x71, 0x0, 0x0,
    0xff, 0xcb, 0xef, 0xcb, 0xbb, 0xff, 0xcb, 0x70,
    0xb, 0xff, 0x80, 0x0, 0xff, 0xff, 0xff, 0xff,
    0xff, 0xff, 0xff, 0x90, 0x5, 0xdf, 0xfe, 0x20,
    0xff, 0x20, 0xbf, 0x40, 0x0, 0xef, 0x20, 0x0,
    0x0, 0x6, 0xfd, 0x0, 0xff, 0x10, 0xbf, 0x40,
    0x0, 0xef, 0x20, 0x0, 0x0, 0x0, 0x22, 0x0,
    0xff, 0x0, 0xbf, 0xff, 0xff, 0xff, 0x20, 0x0,
    0x0, 0x0, 0x0, 0x1, 0xff, 0x0, 0x8b, 0xbb,
    0xbb, 0xbb, 0x10, 0x0, 0x0, 0x0, 0x0, 0x2,
    0xff, 0x0, 0x0, 0x0, 0x0, 0x0, 0x0, 0x0,
    0x0, 0x0, 0x7d, 0x24, 0xfd, 0x6f, 0xff, 0xff,
    0xff, 0xff, 0xf8, 0x0, 0x0, 0x0, 0xef, 0x75,
    0xfb, 0x4c, 0xff, 0xbb, 0xbb, 0xdf, 0xf4, 0x0,
    0x0, 0x5, 0xff, 0x19, 0xf9, 0x0, 0xdf, 0x60,
    0x0, 0xcf, 0xa0, 0x0, 0x0, 0xc, 0xf9, 0xc,
    0xf5, 0x0, 0x4f, 0xf5, 0xb, 0xfd, 0x10, 0x0,
    0x0, 0x4f, 0xf3, 0xf, 0xf1, 0x0, 0x6, 0xff,
    0xef, 0xd1, 0x0, 0x0, 0x0, 0xcf, 0xb0, 0x6f,
    0xd0, 0x0, 0x3, 0xdf, 0xff, 0x70, 0x0, 0x0,
    0x4, 0xff, 0x40, 0xef, 0x70, 0x26, 0xcf, 0xff,
    0xef, 0xfe, 0x95, 0x20, 0x7, 0xfc, 0x5, 0xff,
    0x16, 0xff, 0xfe, 0x71, 0x6, 0xdf, 0xff, 0xb0,
    0x0, 0x34, 0x0, 0x57, 0x0, 0xb9, 0x40, 0x0,
    0x0, 0x3, 0x8b, 0x10,

    /* U+70B9 "点" */
    0x0, 0x0, 0x0, 0x0, 0x0, 0x2, 0x20, 0x0,
    0x0, 0x0, 0x0, 0x0, 0x0, 0x0, 0x0, 0x0,
    0x4, 0xff, 0x0, 0x0, 0x0, 0x0, 0x0, 0x0,
    0x0, 0x0, 0x0, 0x0, 0x4f, 0xf0, 0x0, 0x0,
    0x0, 0x0, 0x0, 0x0, 0x0, 0x0, 0x0, 0x4,
    0xff, 0xff, 0xff, 0xff, 0xff, 0xc0, 0x0, 0x0,
    0x0, 0x0, 0x0, 0x4f, 0xff, 0xff, 0xff, 0xff,
    0xfc, 0x0, 0x0, 0x0, 0x0, 0x0, 0x4, 0xff,
    0x11, 0x11, 0x11, 0x11, 0x10, 0x0, 0x0, 0x0,
    0x0, 0x0, 0x4f, 0xf0, 0x0, 0x0, 0x0, 0x0,
    0x0, 0x0, 0x0, 0x0, 0x0, 0x4, 0xff, 0x0,
    0x0, 0x0, 0x0, 0x0, 0x0, 0x0, 0xff, 0xff,
    0xff, 0xff, 0xff, 0xff, 0xff, 0xff, 0x10, 0x0,
    0x0, 0xf, 0xff, 0xff, 0xff, 0xff, 0xff, 0xff,
    0xff, 0xf1, 0x0, 0x0, 0x0, 0xff, 0x20, 0x0,
    0x0, 0x0, 0x0, 0x3, 0xff, 0x10, 0x0, 0x0,
    0xf, 0xf1, 0x0, 0x0, 0x0, 0x0, 0x0, 0x2f,
    0xf1, 0x0, 0x0, 0x0, 0xff, 0x10, 0x0, 0x0,
    0x0, 0x0, 0x2, 0xff, 0x10, 0x0, 0x0, 0xf,
    0xf2, 0x11, 0x11, 0x11, 0x11, 0x11, 0x4f, 0xf1,
    0x0, 0x0, 0x0, 0xff, 0xff, 0xff, 0xff, 0xff,
    0xff, 0xff, 0xff, 0x10, 0x0, 0x0, 0xf, 0xff,
    0xff, 0xff, 0xff, 0xff, 0xff, 0xff, 0xf1, 0x0,
    0x0, 0x0, 0x0, 0x0, 0x0, 0x0, 0x0, 0x0,
    0x0, 0x0, 0x0, 0x0, 0x0, 0x1b, 0x70, 0x1,
    0x30, 0x0, 0x36, 0x0, 0x18, 0xd2, 0x0, 0x0,
    0x9, 0xfd, 0x0, 0xef, 0x40, 0xd, 0xf5, 0x0,
    0xcf, 0xc0, 0x0, 0x2, 0xff, 0x60, 0xc, 0xf7,
    0x0, 0x7f, 0xc0, 0x2, 0xff, 0x70, 0x0, 0xcf,
    0xd0, 0x0, 0xaf, 0x90, 0x1, 0xff, 0x30, 0x7,
    0xff, 0x10, 0x9f, 0xf2, 0x0, 0x8, 0xfb, 0x0,
    0xc, 0xf8, 0x0, 0xe, 0xfa, 0x2, 0xa5, 0x0,
    0x0, 0x59, 0x60, 0x0, 0x56, 0x20, 0x0, 0x57,
    0x10,

    /* U+7247 "片" */
    0x0, 0x0, 0x0, 0x0, 0x0, 0x0, 0x1, 0x10,
    0x0, 0x0, 0x0, 0x0, 0x0, 0x88, 0x30, 0x0,
    0x0, 0x3f, 0xf2, 0x0, 0x0, 0x0, 0x0, 0x0,
    0xef, 0x60, 0x0, 0x0, 0x3f, 0xf2, 0x0, 0x0,
    0x0, 0x0, 0x0, 0xef, 0x60, 0x0, 0x0, 0x3f,
    0xf2, 0x0, 0x0, 0x0, 0x0, 0x0, 0xef, 0x60,
    0x0, 0x0, 0x3f, 0xf2, 0x0, 0x0, 0x0, 0x0,
    0x0, 0xef, 0x60, 0x0, 0x0, 0x3f, 0xf2, 0x0,
    0x0, 0x0, 0x0, 0x0, 0xef, 0x71, 0x11, 0x11,
    0x4f, 0xf3, 0x11, 0x11, 0x10, 0x0, 0x0, 0xef,
    0xff, 0xff, 0xff, 0xff, 0xff, 0xff, 0xff, 0xf6,
    0x0, 0x0, 0xef, 0xff, 0xff, 0xff, 0xff, 0xff,
    0xff, 0xff, 0xf6, 0x0, 0x0, 0xef, 0x83, 0x33,
    0x33, 0x33, 0x33, 0x33, 0x33, 0x31, 0x0, 0x0,
    0xff, 0x50, 0x0, 0x0, 0x0, 0x0, 0x0, 0x0,
    0x0, 0x0, 0x0, 0xff, 0x50, 0x0, 0x0, 0x0,
    0x0, 0x0, 0x0, 0x0, 0x0, 0x0, 0xff, 0x85,
    0x55, 0x55, 0x55, 0x55, 0x55, 0x0, 0x0, 0x0,
    0x2, 0xff, 0xff, 0xff, 0xff, 0xff, 0xff, 0xff,
    0x10, 0x0, 0x0, 0x4, 0xff, 0xff, 0xff, 0xff,
    0xff, 0xff, 0xff, 0x10, 0x0, 0x0, 0x7, 0xff,
    0x0, 0x0, 0x0, 0x0, 0x5, 0xff, 0x10, 0x0,
    0x0, 0xb, 0xfb, 0x0, 0x0, 0x0, 0x0, 0x5,
    0xff, 0x10, 0x0, 0x0, 0x1f, 0xf8, 0x0, 0x0,
    0x0, 0x0, 0x5, 0xff, 0x10, 0x0, 0x0, 0x7f,
    0xf2, 0x0, 0x0, 0x0, 0x0, 0x5, 0xff, 0x10,
    0x0, 0x1, 0xff, 0xc0, 0x0, 0x0, 0x0, 0x0,
    0x5, 0xff, 0x10, 0x0, 0xb, 0xff, 0x40, 0x0,
    0x0, 0x0, 0x0, 0x5, 0xff, 0x10, 0x0, 0x1d,
    0xfb, 0x0, 0x0, 0x0, 0x0, 0x0, 0x5, 0xff,
    0x10, 0x0, 0x1, 0xc1, 0x0, 0x0, 0x0, 0x0,
    0x0, 0x5, 0xff, 0x10, 0x0, 0x0, 0x0, 0x0,
    0x0, 0x0, 0x0, 0x0, 0x0, 0x0, 0x0, 0x0,

    /* U+7248 "版" */
    0x0, 0x0, 0x0, 0x12, 0x0, 0x0, 0x0, 0x0,
    0x0, 0x0, 0x0, 0x0, 0x9, 0xc3, 0xb, 0xf4,
    0x0, 0x0, 0x1, 0x24, 0x68, 0xbe, 0x70, 0x0,
    0xbf, 0x40, 0xbf, 0x40, 0xa, 0xef, 0xff, 0xff,
    0xff, 0xff, 0x20, 0xb, 0xf4, 0xb, 0xf4, 0x0,
    0xcf, 0xff, 0xed, 0xb9, 0x63, 0x0, 0x0, 0xbf,
    0x40, 0xbf, 0x40, 0xc, 0xf6, 0x0, 0x0, 0x0,
    0x0, 0x0, 0xb, 0xf4, 0xb, 0xf4, 0x0, 0xcf,
    0x50, 0x0, 0x0, 0x0, 0x0, 0x0, 0xbf, 0x40,
    0xbf, 0x40, 0xc, 0xf5, 0x0, 0x0, 0x0, 0x0,
    0x0, 0xb, 0xfa, 0x7d, 0xfa, 0x73, 0xcf, 0x61,
    0x11, 0x11, 0x12, 0x0, 0x0, 0xbf, 0xff, 0xff,
    0xff, 0x6c, 0xff, 0xff, 0xff, 0xff, 0xff, 0x0,
    0xb, 0xfa, 0x77, 0x77, 0x73, 0xcf, 0xff, 0xee,
    0xee, 0xef, 0xd0, 0x0, 0xcf, 0x40, 0x0, 0x0,
    0xd, 0xfb, 0xf6, 0x0, 0x7, 0xfa, 0x0, 0xc,
    0xf4, 0x0, 0x0, 0x0, 0xdf, 0x6f, 0xb0, 0x0,
    0xbf, 0x60, 0x0, 0xdf, 0xdc, 0xcc, 0xb0, 0xd,
    0xf4, 0xcf, 0x0, 0xf, 0xf2, 0x0, 0xe, 0xff,
    0xff, 0xfe, 0x0, 0xef, 0x48, 0xf6, 0x6, 0xfd,
    0x0, 0x0, 0xff, 0x42, 0x5f, 0xe0, 0xf, 0xf3,
    0x2f, 0xe0, 0xdf, 0x70, 0x0, 0xf, 0xf0, 0x2,
    0xfe, 0x1, 0xff, 0x10, 0xbf, 0xbf, 0xf1, 0x0,
    0x1, 0xfe, 0x0, 0x2f, 0xe0, 0x3f, 0xf0, 0x3,
    0xff, 0xf9, 0x0, 0x0, 0x3f, 0xc0, 0x2, 0xfe,
    0x6, 0xfd, 0x0, 0xd, 0xff, 0x10, 0x0, 0x6,
    0xfa, 0x0, 0x2f, 0xe0, 0x9f, 0xa0, 0x8, 0xff,
    0xf7, 0x0, 0x0, 0xaf, 0x70, 0x2, 0xfe, 0xd,
    0xf6, 0x7, 0xff, 0xef, 0xf5, 0x0, 0xf, 0xf3,
    0x0, 0x2f, 0xe3, 0xff, 0x4b, 0xff, 0xb0, 0xbf,
    0xf9, 0x4, 0xfd, 0x0, 0x2, 0xfe, 0xaf, 0xb9,
    0xff, 0xa0, 0x0, 0xcf, 0xf6, 0x7, 0x60, 0x0,
    0x2f, 0xe2, 0xc4, 0xd, 0x60, 0x0, 0x0, 0x9a,
    0x0, 0x0, 0x0, 0x0, 0x0, 0x0, 0x0, 0x0,
    0x0, 0x0, 0x0, 0x0,

    /* U+72B6 "状" */
    0x0, 0x0, 0x3, 0xfe, 0x0, 0x0, 0x0, 0xee,
    0x20, 0x1, 0x0, 0x0, 0x0, 0x0, 0x3, 0xfe,
    0x0, 0x0, 0x0, 0xff, 0x21, 0xde, 0x10, 0x0,
    0x0, 0x0, 0x3, 0xfe, 0x0, 0x0, 0x0, 0xff,
    0x20, 0xbf, 0xb0, 0x0, 0x2, 0xb3, 0x3, 0xfe,
    0x0, 0x0, 0x0, 0xff, 0x20, 0x1e, 0xf6, 0x0,
    0x9, 0xfe, 0x13, 0xfe, 0x0, 0x0, 0x0, 0xff,
    0x20, 0x6, 0xfe, 0x0, 0x0, 0xdf, 0xa3, 0xfe,
    0x0, 0x0, 0x1, 0xff, 0x20, 0x0, 0x92, 0x0,
    0x0, 0x3f, 0xf8, 0xfe, 0x13, 0x33, 0x34, 0xff,
    0x53, 0x33, 0x33, 0x20, 0x0, 0xa, 0xfb, 0xfe,
    0x5f, 0xff, 0xff, 0xff, 0xff, 0xff, 0xff, 0xb0,
    0x0, 0x1, 0x33, 0xfe, 0x5f, 0xff, 0xff, 0xff,
    0xff, 0xff, 0xff, 0xb0, 0x0, 0x0, 0x3, 0xfe,
    0x0, 0x0, 0x4, 0xff, 0x90, 0x0, 0x0, 0x0,
    0x0, 0x0, 0x3, 0xfe, 0x0, 0x0, 0x7, 0xff,
    0xe0, 0x0, 0x0, 0x0, 0x0, 0x0, 0x1d, 0xfe,
    0x0, 0x0, 0xa, 0xff, 0xf3, 0x0, 0x0, 0x0,
    0x0, 0x2, 0xef, 0xfe, 0x0, 0x0, 0xe, 0xff,
    0xf8, 0x0, 0x0, 0x0, 0x0, 0x4e, 0xfe, 0xfe,
    0x0, 0x0, 0x4f, 0xf5, 0xfe, 0x0, 0x0, 0x0,
    0x6, 0xff, 0xc4, 0xfe, 0x0, 0x0, 0x9f, 0xd0,
    0xdf, 0x70, 0x0, 0x0, 0xd, 0xfb, 0x3, 0xfe,
    0x0, 0x2, 0xff, 0x70, 0x6f, 0xe0, 0x0, 0x0,
    0x4, 0x90, 0x3, 0xfe, 0x0, 0xb, 0xfe, 0x0,
    0xe, 0xfa, 0x0, 0x0, 0x0, 0x0, 0x3, 0xfe,
    0x0, 0x5f, 0xf7, 0x0, 0x5, 0xff, 0x60, 0x0,
    0x0, 0x0, 0x3, 0xfe, 0x2, 0xef, 0xc0, 0x0,
    0x0, 0xbf, 0xf5, 0x0, 0x0, 0x0, 0x3, 0xfe,
    0x2d, 0xff, 0x20, 0x0, 0x0, 0x1d, 0xff, 0x80,
    0x0, 0x0, 0x3, 0xff, 0xdf, 0xf3, 0x0, 0x0,
    0x0, 0x2, 0xef, 0xd1, 0x0, 0x0, 0x3, 0xfe,
    0x2c, 0x40, 0x0, 0x0, 0x0, 0x0, 0x1b, 0x20,
    0x0, 0x0, 0x0, 0x0, 0x0, 0x0, 0x0, 0x0,
    0x0, 0x0, 0x0, 0x0,

    /* U+72EC "独" */
    0x0, 0x0, 0x0, 0x0, 0x0, 0x0, 0x0, 0x14,
    0x30, 0x0, 0x0, 0x0, 0x1, 0xb4, 0x0, 0x59,
    0x10, 0x0, 0x0, 0x5f, 0xd0, 0x0, 0x0, 0x0,
    0x7, 0xff, 0x41, 0xef, 0x70, 0x0, 0x0, 0x5f,
    0xd0, 0x0, 0x0, 0x0, 0x0, 0x8f, 0xeb, 0xfd,
    0x0, 0x0, 0x0, 0x5f, 0xd0, 0x0, 0x0, 0x0,
    0x0, 0xb, 0xff, 0xf3, 0x0, 0x0, 0x0, 0x5f,
    0xd0, 0x0, 0x0, 0x0, 0x0, 0x5, 0xff, 0x90,
    0xa, 0xcc, 0xcc, 0xdf, 0xfc, 0xcc, 0xcb, 0x0,
    0x0, 0x3f, 0xff, 0xb0, 0xd, 0xff, 0xff, 0xff,
    0xff, 0xff, 0xfe, 0x0, 0x5, 0xff, 0xcf, 0xf1,
    0xd, 0xf6, 0x22, 0x7f, 0xe2, 0x27, 0xfe, 0x0,
    0xc, 0xfa, 0xe, 0xf5, 0xd, 0xf4, 0x0, 0x5f,
    0xd0, 0x6, 0xfe, 0x0, 0x0, 0x70, 0xa, 0xf8,
    0xd, 0xf4, 0x0, 0x5f, 0xd0, 0x6, 0xfe, 0x0,
    0x0, 0x0, 0x9, 0xf9, 0xd, 0xf4, 0x0, 0x5f,
    0xd0, 0x6, 0xfe, 0x0, 0x0, 0x0, 0x3f, 0xfa,
    0xd, 0xf4, 0x0, 0x5f, 0xd0, 0x6, 0xfe, 0x0,
    0x0, 0x0, 0xdf, 0xfb, 0xd, 0xf6, 0x22, 0x7f,
    0xe2, 0x27, 0xfe, 0x0, 0x0, 0xa, 0xff, 0xfc,
    0xd, 0xff, 0xff, 0xff, 0xff, 0xff, 0xfe, 0x0,
    0x0, 0x9f, 0xf9, 0xfc, 0xa, 0xcc, 0xcc, 0xdf,
    0xfc, 0xcc, 0xcb, 0x0, 0xa, 0xff, 0x65, 0xfc,
    0x0, 0x0, 0x0, 0x5f, 0xd0, 0x4, 0x40, 0x0,
    0xa, 0xf6, 0x5, 0xfc, 0x0, 0x0, 0x0, 0x5f,
    0xd0, 0x6f, 0xe0, 0x0, 0x0, 0x40, 0x6, 0xfa,
    0x0, 0x0, 0x0, 0x5f, 0xd0, 0xf, 0xf5, 0x0,
    0x0, 0x0, 0x8, 0xf9, 0x0, 0x0, 0x0, 0x5f,
    0xd0, 0x9, 0xfc, 0x0, 0x0, 0x0, 0xb, 0xf6,
    0x0, 0x13, 0x45, 0xaf, 0xfc, 0xdf, 0xff, 0x30,
    0x0, 0x11, 0x5f, 0xf2, 0xcf, 0xff, 0xff, 0xff,
    0xff, 0xff, 0xff, 0xa0, 0x1, 0xff, 0xff, 0xc0,
    0xbf, 0xff, 0xfd, 0xca, 0x86, 0x42, 0x7f, 0xf0,
    0x0, 0xde, 0xd9, 0x10, 0x45, 0x31, 0x0, 0x0,
    0x0, 0x0, 0x2d, 0x71, 0x0, 0x0, 0x0, 0x0,
    0x0, 0x0, 0x0, 0x0, 0x0, 0x0, 0x0, 0x0,

    /* U+7387 "率" */
    0x0, 0x0, 0x0, 0x0, 0x0, 0x11, 0x0, 0x0,
    0x0, 0x0, 0x0, 0x0, 0x0, 0x0, 0x0, 0xa,
    0xfb, 0x0, 0x0, 0x0, 0x0, 0x0, 0x1, 0x11,
    0x11, 0x11, 0x15, 0xff, 0x61, 0x11, 0x11, 0x11,
    0x10, 0x6f, 0xff, 0xff, 0xff, 0xff, 0xff, 0xff,
    0xff, 0xff, 0xff, 0xf4, 0x5f, 0xff, 0xff, 0xff,
    0xff, 0xff, 0xff, 0xff, 0xff, 0xff, 0xf4, 0x0,
    0x10, 0x0, 0x0, 0x4f, 0xd1, 0x5, 0x10, 0x0,
    0x30, 0x0, 0xa, 0xf8, 0x0, 0x2, 0xef, 0x20,
    0x4f, 0xe1, 0x5, 0xfc, 0x10, 0x6, 0xff, 0xc1,
    0x2d, 0xfc, 0x9a, 0xff, 0x50, 0x6f, 0xf8, 0x0,
    0x0, 0x2d, 0xfa, 0x5f, 0xff, 0xff, 0xf7, 0x6,
    0xff, 0x70, 0x0, 0x0, 0x1, 0x70, 0x8, 0x66,
    0xff, 0x80, 0x0, 0x74, 0x0, 0x0, 0x0, 0x0,
    0x18, 0x10, 0x2e, 0xf6, 0x9f, 0x21, 0x92, 0x0,
    0x0, 0x0, 0x3a, 0xff, 0x54, 0xef, 0x50, 0x5f,
    0xdc, 0xff, 0x80, 0x0, 0x5c, 0xff, 0xe6, 0x9f,
    0xff, 0xef, 0xff, 0xf8, 0x7f, 0xfd, 0x30, 0x7f,
    0xe7, 0x0, 0xbf, 0xff, 0xec, 0xa9, 0xff, 0x12,
    0xdf, 0xe0, 0x6, 0x0, 0x0, 0x34, 0x13, 0x99,
    0x0, 0x66, 0x0, 0x9, 0x20, 0x0, 0x0, 0x0,
    0x0, 0x5, 0xff, 0x0, 0x0, 0x0, 0x0, 0x0,
    0xef, 0xff, 0xff, 0xff, 0xff, 0xff, 0xff, 0xff,
    0xff, 0xff, 0xf8, 0xef, 0xff, 0xff, 0xff, 0xff,
    0xff, 0xff, 0xff, 0xff, 0xff, 0xf9, 0x11, 0x11,
    0x11, 0x11, 0x16, 0xff, 0x11, 0x11, 0x11, 0x11,
    0x11, 0x0, 0x0, 0x0, 0x0, 0x5, 0xff, 0x0,
    0x0, 0x0, 0x0, 0x0, 0x0, 0x0, 0x0, 0x0,
    0x5, 0xff, 0x0, 0x0, 0x0, 0x0, 0x0, 0x0,
    0x0, 0x0, 0x0, 0x5, 0xff, 0x0, 0x0, 0x0,
    0x0, 0x0, 0x0, 0x0, 0x0, 0x0, 0x5, 0xff,
    0x0, 0x0, 0x0, 0x0, 0x0,

    /* U+73AF "环" */
    0xc, 0xcc, 0xcc, 0xcc, 0x35, 0xee, 0xee, 0xee,
    0xee, 0xee, 0xee, 0xd0, 0xff, 0xff, 0xff, 0xf4,
    0x6f, 0xff, 0xff, 0xff, 0xff, 0xff, 0xfe, 0x3,
    0x37, 0xfd, 0x33, 0x11, 0x33, 0x33, 0x3c, 0xfc,
    0x33, 0x33, 0x20, 0x0, 0x4f, 0xc0, 0x0, 0x0,
    0x0, 0x2, 0xff, 0x50, 0x0, 0x0, 0x0, 0x4,
    0xfc, 0x0, 0x0, 0x0, 0x0, 0x9f, 0xe0, 0x0,
    0x0, 0x0, 0x0, 0x4f, 0xc0, 0x0, 0x0, 0x0,
    0x2f, 0xfb, 0x0, 0x0, 0x0, 0x0, 0x4, 0xfc,
    0x0, 0x0, 0x0, 0xa, 0xff, 0xb8, 0x70, 0x0,
    0x0, 0x9f, 0xff, 0xff, 0xb0, 0x0, 0x4, 0xff,
    0xfe, 0xff, 0x40, 0x0, 0xa, 0xff, 0xff, 0xfc,
    0x0, 0x1, 0xef, 0xff, 0xa9, 0xff, 0x20, 0x0,
    0x11, 0x5f, 0xc1, 0x10, 0x0, 0xbf, 0xfb, 0xfa,
    0xc, 0xfd, 0x0, 0x0, 0x4, 0xfc, 0x0, 0x0,
    0x9f, 0xf8, 0x8f, 0xa0, 0x2e, 0xfa, 0x0, 0x0,
    0x4f, 0xc0, 0x0, 0x9f, 0xfc, 0x8, 0xfa, 0x0,
    0x5f, 0xf6, 0x0, 0x4, 0xfc, 0x0, 0x3f, 0xfd,
    0x10, 0x8f, 0xa0, 0x0, 0xaf, 0xb0, 0x0, 0x4f,
    0xc0, 0x0, 0x4d, 0x20, 0x8, 0xfa, 0x0, 0x1,
    0x80, 0x0, 0x4, 0xfd, 0x9f, 0x20, 0x0, 0x0,
    0x8f, 0xa0, 0x0, 0x0, 0x0, 0x4, 0xaf, 0xff,
    0xf5, 0x0, 0x0, 0x8, 0xfa, 0x0, 0x0, 0x0,
    0xe, 0xff, 0xff, 0x93, 0x0, 0x0, 0x0, 0x8f,
    0xa0, 0x0, 0x0, 0x0, 0xdf, 0xa5, 0x0, 0x0,
    0x0, 0x0, 0x8, 0xfa, 0x0, 0x0, 0x0, 0x3,
    0x0, 0x0, 0x0, 0x0, 0x0, 0x0, 0x8f, 0xa0,
    0x0, 0x0, 0x0, 0x0, 0x0, 0x0, 0x0, 0x0,
    0x0, 0x8, 0xfa, 0x0, 0x0, 0x0, 0x0, 0x0,
    0x0, 0x0, 0x0, 0x0, 0x0, 0x8f, 0xa0, 0x0,
    0x0, 0x0,

    /* U+73B0 "现" */
    0x0, 0x0, 0x0, 0x0, 0x0, 0x33, 0x33, 0x33,
    0x33, 0x33, 0x30, 0x0, 0xcd, 0xdd, 0xdd, 0xdd,
    0x2e, 0xff, 0xff, 0xff, 0xff, 0xff, 0x20, 0xe,
    0xff, 0xff, 0xff, 0xf2, 0xef, 0xcb, 0xbb, 0xbb,
    0xbf, 0xf2, 0x0, 0x33, 0x3d, 0xf7, 0x33, 0xe,
    0xf2, 0x0, 0x0, 0x0, 0xff, 0x20, 0x0, 0x0,
    0xdf, 0x40, 0x0, 0xef, 0x20, 0x0, 0x0, 0xf,
    0xf2, 0x0, 0x0, 0xd, 0xf4, 0x0, 0xe, 0xf2,
    0x2, 0x97, 0x0, 0xff, 0x20, 0x0, 0x0, 0xdf,
    0x40, 0x0, 0xef, 0x20, 0x4f, 0xc0, 0xf, 0xf2,
    0x0, 0x0, 0xd, 0xf4, 0x0, 0xe, 0xf2, 0x4,
    0xfc, 0x0, 0xff, 0x20, 0x8, 0xff, 0xff, 0xff,
    0xa0, 0xef, 0x20, 0x4f, 0xc0, 0xf, 0xf2, 0x0,
    0x8f, 0xff, 0xff, 0xfa, 0xe, 0xf2, 0x4, 0xfc,
    0x0, 0xff, 0x20, 0x0, 0x11, 0xdf, 0x61, 0x10,
    0xef, 0x20, 0x5f, 0xc0, 0xf, 0xf2, 0x0, 0x0,
    0xd, 0xf4, 0x0, 0xe, 0xf2, 0x6, 0xfb, 0x0,
    0xff, 0x20, 0x0, 0x0, 0xdf, 0x40, 0x0, 0xef,
    0x20, 0x8f, 0x80, 0xf, 0xf2, 0x0, 0x0, 0xd,
    0xf4, 0x0, 0x8, 0x91, 0xb, 0xf6, 0x0, 0x99,
    0x10, 0x0, 0x0, 0xdf, 0x40, 0x0, 0x0, 0x0,
    0xff, 0xfa, 0x0, 0x0, 0x0, 0x0, 0xd, 0xf5,
    0x49, 0x30, 0x0, 0x6f, 0xef, 0xa0, 0x0, 0x0,
    0x0, 0x1, 0xdf, 0xff, 0xf5, 0x0, 0x1e, 0xf7,
    0xfa, 0x0, 0xa, 0x21, 0x8d, 0xff, 0xff, 0xfb,
    0x30, 0xb, 0xfa, 0x4f, 0xa0, 0x1, 0xfa, 0x1f,
    0xff, 0xfa, 0x50, 0x0, 0x9, 0xfd, 0x4, 0xfa,
    0x0, 0x2f, 0x90, 0xc9, 0x40, 0x0, 0x0, 0x1b,
    0xfe, 0x30, 0x4f, 0xb0, 0x5, 0xf7, 0x0, 0x0,
    0x0, 0x0, 0x6e, 0xfe, 0x20, 0x2, 0xff, 0xba,
    0xef, 0x30, 0x0, 0x0, 0x0, 0xb, 0xfb, 0x10,
    0x0, 0x8, 0xef, 0xfe, 0x80, 0x0, 0x0, 0x0,
    0x0, 0x5, 0x0, 0x0, 0x0, 0x0, 0x0, 0x0,
    0x0,

    /* U+73BB "玻" */
    0x0, 0x0, 0x0, 0x0, 0x0, 0x0, 0x0, 0x2,
    0x20, 0x0, 0x0, 0x0, 0x0, 0x0, 0x0, 0x0,
    0x0, 0x0, 0x0, 0x3f, 0xe0, 0x0, 0x0, 0x0,
    0xa, 0xbb, 0xbb, 0xbb, 0x50, 0x0, 0x0, 0x3f,
    0xe0, 0x0, 0x0, 0x0, 0xe, 0xff, 0xff, 0xff,
    0x70, 0x0, 0x0, 0x3f, 0xe0, 0x0, 0x0, 0x0,
    0x3, 0x35, 0xff, 0x33, 0x1a, 0xff, 0xff, 0xff,
    0xff, 0xff, 0xff, 0x90, 0x0, 0x2, 0xfe, 0x0,
    0xa, 0xff, 0xff, 0xff, 0xff, 0xff, 0xff, 0x80,
    0x0, 0x2, 0xfe, 0x0, 0xa, 0xf9, 0x22, 0x5f,
    0xe2, 0x22, 0xff, 0x30, 0x0, 0x2, 0xfe, 0x0,
    0xa, 0xf7, 0x0, 0x3f, 0xe0, 0x3, 0xfe, 0x0,
    0x0, 0x2, 0xfe, 0x0, 0xa, 0xf7, 0x0, 0x3f,
    0xe0, 0x8, 0xf9, 0x0, 0x9, 0xde, 0xff, 0xdd,
    0xa, 0xf7, 0x0, 0x3f, 0xe0, 0x0, 0x32, 0x0,
    0xa, 0xff, 0xff, 0xff, 0xa, 0xff, 0xee, 0xff,
    0xfe, 0xee, 0xe8, 0x0, 0x2, 0x35, 0xff, 0x33,
    0xb, 0xff, 0xff, 0xff, 0xff, 0xff, 0xf8, 0x0,
    0x0, 0x2, 0xfe, 0x0, 0xb, 0xfd, 0xfc, 0x0,
    0x0, 0x1e, 0xf2, 0x0, 0x0, 0x2, 0xfe, 0x0,
    0xc, 0xf6, 0xef, 0x40, 0x0, 0x6f, 0xc0, 0x0,
    0x0, 0x2, 0xfe, 0x0, 0xe, 0xf4, 0x8f, 0xc0,
    0x0, 0xdf, 0x70, 0x0, 0x0, 0x2, 0xfe, 0x2,
    0x1f, 0xf1, 0x1e, 0xf7, 0x8, 0xfd, 0x0, 0x0,
    0x0, 0x2, 0xff, 0xcf, 0x9f, 0xe0, 0x5, 0xff,
    0x8f, 0xf3, 0x0, 0x0, 0x0, 0x5b, 0xff, 0xff,
    0xdf, 0xb0, 0x0, 0x9f, 0xff, 0x90, 0x0, 0x0,
    0xf, 0xff, 0xfc, 0x50, 0xdf, 0x60, 0x0, 0x5f,
    0xff, 0x70, 0x0, 0x0, 0xd, 0xe8, 0x20, 0x5,
    0xff, 0x10, 0x1a, 0xff, 0xff, 0xfd, 0x40, 0x0,
    0x2, 0x0, 0x0, 0xd, 0xfa, 0x28, 0xff, 0xf8,
    0x8, 0xff, 0xfd, 0x70, 0x0, 0x0, 0x0, 0x1d,
    0xf2, 0xaf, 0xfc, 0x30, 0x0, 0x3c, 0xff, 0xa0,
    0x0, 0x0, 0x0, 0x0, 0x50, 0xb, 0x40, 0x0,
    0x0, 0x0, 0x39, 0x0,

    /* U+73ED "班" */
    0x0, 0x0, 0x0, 0x0, 0x0, 0x0, 0x12, 0x0,
    0x0, 0x0, 0x0, 0x0, 0x0, 0x0, 0x0, 0x0,
    0x0, 0x0, 0xdf, 0x10, 0x0, 0x0, 0x0, 0x0,
    0x3, 0x44, 0x44, 0x44, 0x0, 0x0, 0xdf, 0x15,
    0x55, 0x55, 0x55, 0x40, 0xe, 0xff, 0xff, 0xff,
    0x0, 0x0, 0xdf, 0x1e, 0xff, 0xff, 0xff, 0xd0,
    0xb, 0xbd, 0xfe, 0xbb, 0x0, 0x0, 0xdf, 0x1a,
    0xac, 0xff, 0xaa, 0x90, 0x0, 0x7, 0xf8, 0x0,
    0x0, 0x0, 0xdf, 0x10, 0x3, 0xfe, 0x0, 0x0,
    0x0, 0x7, 0xf8, 0x0, 0x2f, 0x70, 0xdf, 0x10,
    0x3, 0xfe, 0x0, 0x0, 0x0, 0x7, 0xf8, 0x0,
    0x3f, 0x70, 0xdf, 0x10, 0x3, 0xfe, 0x0, 0x0,
    0x0, 0x7, 0xf8, 0x0, 0x4f, 0x60, 0xdf, 0x10,
    0x3, 0xfe, 0x0, 0x0, 0x0, 0x7, 0xf8, 0x0,
    0x4f, 0x60, 0xdf, 0x10, 0x3, 0xfe, 0x0, 0x0,
    0x8, 0xce, 0xfe, 0xc8, 0x6f, 0x50, 0xdf, 0x10,
    0x3, 0xfe, 0x0, 0x0, 0xa, 0xff, 0xff, 0xfa,
    0x8f, 0x30, 0xef, 0x19, 0xff, 0xff, 0xff, 0x70,
    0x1, 0x29, 0xfa, 0x22, 0xcf, 0x0, 0xef, 0x9,
    0xff, 0xff, 0xff, 0x70, 0x0, 0x7, 0xf8, 0x1,
    0xfc, 0x0, 0xff, 0x0, 0x3, 0xfe, 0x0, 0x0,
    0x0, 0x7, 0xf8, 0x0, 0x35, 0x1, 0xfe, 0x0,
    0x3, 0xfe, 0x0, 0x0, 0x0, 0x7, 0xf8, 0x0,
    0x0, 0x4, 0xfc, 0x0, 0x3, 0xfe, 0x0, 0x0,
    0x0, 0x7, 0xf8, 0x0, 0x0, 0x8, 0xf8, 0x0,
    0x3, 0xfe, 0x0, 0x0, 0x0, 0x7, 0xfa, 0x6a,
    0x0, 0xe, 0xf5, 0x0, 0x3, 0xfe, 0x0, 0x0,
    0x4, 0x7d, 0xff, 0xff, 0x20, 0x7f, 0xe0, 0x0,
    0x3, 0xfe, 0x0, 0x0, 0x2f, 0xff, 0xfe, 0xa6,
    0x2, 0xff, 0x70, 0x0, 0x3, 0xfe, 0x0, 0x0,
    0xd, 0xa6, 0x20, 0x0, 0x3e, 0xfc, 0xd, 0xff,
    0xff, 0xff, 0xff, 0xf3, 0x0, 0x0, 0x0, 0x0,
    0xdf, 0xc0, 0xd, 0xff, 0xff, 0xff, 0xff, 0xf3,
    0x0, 0x0, 0x0, 0x0, 0x29, 0x0, 0x1, 0x11,
    0x11, 0x11, 0x11, 0x10,

    /* U+7403 "球" */
    0x0, 0x0, 0x0, 0x0, 0x0, 0x0, 0x0, 0x3f,
    0xe0, 0x48, 0x0, 0x0, 0x8, 0x88, 0x88, 0x88,
    0x40, 0x0, 0x0, 0x3f, 0xe0, 0xcf, 0xc1, 0x0,
    0xe, 0xff, 0xff, 0xff, 0x70, 0x0, 0x0, 0x3f,
    0xe0, 0xa, 0xfb, 0x0, 0x6, 0x79, 0xfe, 0x77,
    0x31, 0x11, 0x11, 0x5f, 0xe1, 0x11, 0xa4, 0x10,
    0x0, 0x2, 0xfd, 0x0, 0xf, 0xff, 0xff, 0xff,
    0xff, 0xff, 0xff, 0xf0, 0x0, 0x2, 0xfd, 0x0,
    0xf, 0xff, 0xff, 0xff, 0xff, 0xff, 0xff, 0xf0,
    0x0, 0x2, 0xfd, 0x0, 0x0, 0x0, 0x0, 0x3f,
    0xe0, 0x0, 0x0, 0x0, 0x0, 0x2, 0xfd, 0x0,
    0x2, 0x94, 0x0, 0x3f, 0xf0, 0x0, 0x8b, 0x20,
    0xb, 0xff, 0xff, 0xff, 0x15, 0xfe, 0x0, 0x3f,
    0xf4, 0x3, 0xff, 0x50, 0xb, 0xff, 0xff, 0xff,
    0x10, 0xbf, 0x90, 0x3f, 0xf7, 0xd, 0xf9, 0x0,
    0x1, 0x14, 0xfe, 0x11, 0x0, 0x2f, 0xf1, 0x3f,
    0xfc, 0xaf, 0xc0, 0x0, 0x0, 0x2, 0xfd, 0x0,
    0x0, 0xa, 0xe3, 0x3f, 0xff, 0xfd, 0x10, 0x0,
    0x0, 0x2, 0xfd, 0x0, 0x0, 0x1, 0x2, 0xdf,
    0xff, 0xf2, 0x0, 0x0, 0x0, 0x2, 0xfd, 0x0,
    0x0, 0x0, 0x3e, 0xff, 0xff, 0xf1, 0x0, 0x0,
    0x0, 0x2, 0xfd, 0x0, 0x0, 0x5, 0xff, 0xcf,
    0xeb, 0xfa, 0x0, 0x0, 0x0, 0x2, 0xfe, 0x49,
    0x90, 0x7f, 0xf9, 0x3f, 0xe2, 0xff, 0x40, 0x0,
    0x0, 0x17, 0xff, 0xff, 0xda, 0xff, 0x90, 0x3f,
    0xe0, 0x8f, 0xe3, 0x0, 0x1c, 0xff, 0xff, 0xe9,
    0xef, 0xf8, 0x0, 0x3f, 0xe0, 0xc, 0xff, 0x40,
    0xf, 0xfe, 0x94, 0x0, 0x5f, 0x80, 0x0, 0x3f,
    0xe0, 0x1, 0xdf, 0xf2, 0x6, 0x30, 0x0, 0x0,
    0x4, 0x0, 0x11, 0x5f, 0xe0, 0x0, 0x1c, 0x80,
    0x0, 0x0, 0x0, 0x0, 0x0, 0x6, 0xff, 0xff,
    0xb0, 0x0, 0x0, 0x0, 0x0, 0x0, 0x0, 0x0,
    0x0, 0x0, 0xff, 0xea, 0x10, 0x0, 0x0, 0x0,
    0x0, 0x0, 0x0, 0x0, 0x0, 0x0, 0x0, 0x0,
    0x0, 0x0, 0x0, 0x0,

    /* U+7483 "璃" */
    0x0, 0x0, 0x0, 0x0, 0x0, 0x0, 0x0, 0x0,
    0x0, 0x0, 0x0, 0x0, 0x0, 0x0, 0x0, 0x0,
    0x0, 0x0, 0xb, 0xf2, 0x0, 0x0, 0x0, 0x0,
    0x0, 0x0, 0x0, 0x0, 0x0, 0x0, 0xbf, 0xa0,
    0x0, 0x0, 0x0, 0xef, 0xff, 0xff, 0xf6, 0xdd,
    0xdd, 0xde, 0xff, 0xdd, 0xdd, 0xdd, 0xd, 0xef,
    0xff, 0xee, 0x7f, 0xff, 0xff, 0xff, 0xff, 0xff,
    0xff, 0xf0, 0x0, 0x3f, 0xc0, 0x0, 0x1a, 0x91,
    0x94, 0x1, 0xa9, 0x3a, 0x80, 0x0, 0x3, 0xfc,
    0x0, 0x0, 0xfe, 0x1a, 0xf9, 0xde, 0x23, 0xfb,
    0x0, 0x0, 0x3f, 0xc0, 0x0, 0xf, 0xe0, 0xa,
    0xff, 0x70, 0x3f, 0xb0, 0x0, 0x3, 0xfc, 0x0,
    0x0, 0xfe, 0x2c, 0xfa, 0xaf, 0x94, 0xfb, 0x0,
    0x68, 0xaf, 0xe8, 0x70, 0xf, 0xe8, 0xe5, 0x0,
    0x69, 0x4f, 0xb0, 0xa, 0xff, 0xff, 0xfd, 0x0,
    0xff, 0xbb, 0xaa, 0xaa, 0xac, 0xfb, 0x0, 0x46,
    0x9f, 0xe6, 0x50, 0xf, 0xff, 0xff, 0xff, 0xff,
    0xff, 0xb0, 0x0, 0x3, 0xfc, 0x0, 0x0, 0x0,
    0x0, 0x4f, 0xd0, 0x0, 0x0, 0x0, 0x0, 0x3f,
    0xc0, 0x0, 0x0, 0x0, 0x8, 0xf9, 0x0, 0x0,
    0x0, 0x0, 0x3, 0xfc, 0x0, 0xe, 0xff, 0xff,
    0xff, 0xff, 0xff, 0xff, 0xa0, 0x0, 0x3f, 0xc0,
    0x0, 0xef, 0xdd, 0xef, 0xed, 0xdd, 0xde, 0xfa,
    0x0, 0x3, 0xfd, 0x59, 0x4e, 0xf2, 0xb, 0xf3,
    0x8, 0x40, 0x7f, 0xa0, 0x36, 0xbf, 0xff, 0xf7,
    0xef, 0x24, 0xfa, 0x0, 0xcd, 0x7, 0xfa, 0x1f,
    0xff, 0xff, 0xb7, 0x2e, 0xf4, 0xef, 0xcc, 0xef,
    0xf6, 0x7f, 0xa0, 0xdb, 0x73, 0x0, 0x0, 0xef,
    0x3e, 0xfe, 0xc9, 0x7d, 0xd7, 0xfa, 0x0, 0x0,
    0x0, 0x0, 0xe, 0xf2, 0x31, 0x0, 0x0, 0x32,
    0x7f, 0xa0, 0x0, 0x0, 0x0, 0x0, 0xef, 0x20,
    0x0, 0x0, 0x4c, 0xbe, 0xf8, 0x0, 0x0, 0x0,
    0x0, 0xe, 0xf2, 0x0, 0x0, 0x0, 0xde, 0xd9,
    0x10,

    /* U+7528 "用" */
    0x0, 0x1, 0x44, 0x44, 0x44, 0x44, 0x44, 0x44,
    0x44, 0x44, 0x41, 0x0, 0x4, 0xff, 0xff, 0xff,
    0xff, 0xff, 0xff, 0xff, 0xff, 0xf4, 0x0, 0x4,
    0xff, 0xdd, 0xdd, 0xdf, 0xfe, 0xdd, 0xdd, 0xdf,
    0xf4, 0x0, 0x4, 0xff, 0x0, 0x0, 0xe, 0xf4,
    0x0, 0x0, 0xe, 0xf4, 0x0, 0x4, 0xff, 0x0,
    0x0, 0xe, 0xf4, 0x0, 0x0, 0xe, 0xf4, 0x0,
    0x4, 0xff, 0x0, 0x0, 0xe, 0xf4, 0x0, 0x0,
    0xe, 0xf4, 0x0, 0x4, 0xff, 0xff, 0xff, 0xff,
    0xff, 0xff, 0xff, 0xff, 0xf4, 0x0, 0x4, 0xff,
    0xff, 0xff, 0xff, 0xff, 0xff, 0xff, 0xff, 0xf4,
    0x0, 0x4, 0xff, 0x11, 0x11, 0x1e, 0xf6, 0x11,
    0x11, 0x1e, 0xf4, 0x0, 0x4, 0xfe, 0x0, 0x0,
    0xe, 0xf4, 0x0, 0x0, 0xe, 0xf4, 0x0, 0x4,
    0xfe, 0x0, 0x0, 0xe, 0xf4, 0x0, 0x0, 0xe,
    0xf4, 0x0, 0x5, 0xfe, 0x22, 0x22, 0x2e, 0xf6,
    0x22, 0x22, 0x2e, 0xf4, 0x0, 0x6, 0xff, 0xff,
    0xff, 0xff, 0xff, 0xff, 0xff, 0xff, 0xf4, 0x0,
    0x8, 0xff, 0xff, 0xff, 0xff, 0xff, 0xff, 0xff,
    0xff, 0xf4, 0x0, 0xa, 0xf8, 0x0, 0x0, 0xe,
    0xf4, 0x0, 0x0, 0xe, 0xf4, 0x0, 0xe, 0xf4,
    0x0, 0x0, 0xe, 0xf4, 0x0, 0x0, 0xe, 0xf4,
    0x0, 0x3f, 0xf0, 0x0, 0x0, 0xe, 0xf4, 0x0,
    0x0, 0xe, 0xf4, 0x0, 0x9f, 0xc0, 0x0, 0x0,
    0xe, 0xf4, 0x0, 0x0, 0xe, 0xf4, 0x3, 0xff,
    0x60, 0x0, 0x0, 0xe, 0xf4, 0x0, 0x0, 0xf,
    0xf4, 0xc, 0xfe, 0x0, 0x0, 0x0, 0xe, 0xf4,
    0xe, 0xff, 0xff, 0xf1, 0x6, 0xf4, 0x0, 0x0,
    0x0, 0xe, 0xf4, 0x8, 0xff, 0xfe, 0x60, 0x0,
    0x20, 0x0, 0x0, 0x0, 0x0, 0x0, 0x0, 0x22,
    0x10, 0x0,

    /* U+7535 "电" */
    0x0, 0x0, 0x0, 0x0, 0x39, 0x90, 0x0, 0x0,
    0x0, 0x0, 0x0, 0x0, 0x0, 0x0, 0x0, 0x5f,
    0xf0, 0x0, 0x0, 0x0, 0x0, 0x0, 0x0, 0x0,
    0x0, 0x0, 0x5f, 0xf0, 0x0, 0x0, 0x0, 0x0,
    0x0, 0xe, 0xee, 0xee, 0xee, 0xff, 0xfe, 0xee,
    0xee, 0xee, 0xd0, 0x0, 0xf, 0xff, 0xff, 0xff,
    0xff, 0xff, 0xff, 0xff, 0xff, 0xe0, 0x0, 0xf,
    0xf7, 0x44, 0x44, 0x8f, 0xf4, 0x44, 0x44, 0x8f,
    0xe0, 0x0, 0xf, 0xf4, 0x0, 0x0, 0x5f, 0xf0,
    0x0, 0x0, 0x5f, 0xe0, 0x0, 0xf, 0xf4, 0x0,
    0x0, 0x5f, 0xf0, 0x0, 0x0, 0x5f, 0xe0, 0x0,
    0xf, 0xfd, 0xcc, 0xcc, 0xdf, 0xfc, 0xcc, 0xcc,
    0xdf, 0xe0, 0x0, 0xf, 0xff, 0xff, 0xff, 0xff,
    0xff, 0xff, 0xff, 0xff, 0xe0, 0x0, 0xf, 0xf7,
    0x33, 0x33, 0x8f, 0xf4, 0x33, 0x33, 0x8f, 0xe0,
    0x0, 0xf, 0xf4, 0x0, 0x0, 0x5f, 0xf0, 0x0,
    0x0, 0x5f, 0xe0, 0x0, 0xf, 0xf4, 0x0, 0x0,
    0x5f, 0xf0, 0x0, 0x0, 0x5f, 0xe0, 0x0, 0xf,
    0xfd, 0xcc, 0xcc, 0xef, 0xfd, 0xcc, 0xcc, 0xef,
    0xe0, 0x0, 0xf, 0xff, 0xff, 0xff, 0xff, 0xff,
    0xff, 0xff, 0xff, 0xe0, 0x0, 0xf, 0xf8, 0x55,
    0x55, 0x9f, 0xf5, 0x55, 0x55, 0x55, 0x55, 0x0,
    0xc, 0xc3, 0x0, 0x0, 0x5f, 0xf0, 0x0, 0x0,
    0x0, 0x1f, 0xe2, 0x0, 0x0, 0x0, 0x0, 0x5f,
    0xf0, 0x0, 0x0, 0x0, 0x2f, 0xf1, 0x0, 0x0,
    0x0, 0x0, 0x4f, 0xf0, 0x0, 0x0, 0x0, 0x5f,
    0xf0, 0x0, 0x0, 0x0, 0x0, 0x3f, 0xf8, 0x43,
    0x33, 0x34, 0xdf, 0xb0, 0x0, 0x0, 0x0, 0x0,
    0xd, 0xff, 0xff, 0xff, 0xff, 0xff, 0x40, 0x0,
    0x0, 0x0, 0x0, 0x2, 0xbe, 0xff, 0xff, 0xff,
    0xd6, 0x0,

    /* U+754C "界" */
    0x0, 0x1, 0x11, 0x11, 0x11, 0x11, 0x11, 0x11,
    0x11, 0x10, 0x0, 0x0, 0x3, 0xff, 0xff, 0xff,
    0xff, 0xff, 0xff, 0xff, 0xff, 0x50, 0x0, 0x0,
    0x3f, 0xfb, 0xbb, 0xbb, 0xff, 0xbb, 0xbb, 0xbf,
    0xf5, 0x0, 0x0, 0x3, 0xff, 0x0, 0x0, 0x2f,
    0xf1, 0x0, 0x0, 0xff, 0x50, 0x0, 0x0, 0x3f,
    0xf1, 0x11, 0x14, 0xff, 0x31, 0x11, 0x1f, 0xf5,
    0x0, 0x0, 0x3, 0xff, 0xff, 0xff, 0xff, 0xff,
    0xff, 0xff, 0xff, 0x50, 0x0, 0x0, 0x3f, 0xf9,
    0x99, 0x9a, 0xff, 0xa9, 0x99, 0x9f, 0xf5, 0x0,
    0x0, 0x3, 0xff, 0x0, 0x0, 0x2f, 0xf1, 0x0,
    0x0, 0xff, 0x50, 0x0, 0x0, 0x3f, 0xf2, 0x22,
    0x24, 0xff, 0x32, 0x22, 0x2f, 0xf5, 0x0, 0x0,
    0x3, 0xff, 0xff, 0xff, 0xff, 0xff, 0xff, 0xff,
    0xff, 0x50, 0x0, 0x0, 0x2a, 0xaa, 0xbf, 0xfe,
    0xaa, 0xdf, 0xfb, 0xaa, 0xa3, 0x0, 0x0, 0x0,
    0x0, 0x2d, 0xfe, 0x20, 0x0, 0xcf, 0xd2, 0x0,
    0x0, 0x0, 0x0, 0x0, 0x7f, 0xfd, 0x20, 0x0,
    0x1, 0xcf, 0xf8, 0x0, 0x0, 0x0, 0x18, 0xef,
    0xfe, 0x62, 0x0, 0x0, 0x15, 0xef, 0xff, 0xa4,
    0x0, 0x8f, 0xff, 0xe5, 0xcf, 0x80, 0x0, 0x3,
    0xff, 0x5d, 0xff, 0xfb, 0x2, 0xfe, 0x70, 0xc,
    0xf7, 0x0, 0x0, 0x3f, 0xf0, 0x6, 0xdf, 0x20,
    0x2, 0x0, 0x0, 0xef, 0x60, 0x0, 0x3, 0xff,
    0x0, 0x0, 0x10, 0x0, 0x0, 0x0, 0x5f, 0xf2,
    0x0, 0x0, 0x3f, 0xf0, 0x0, 0x0, 0x0, 0x0,
    0x0, 0x3e, 0xfc, 0x0, 0x0, 0x3, 0xff, 0x0,
    0x0, 0x0, 0x0, 0x0, 0x6e, 0xff, 0x30, 0x0,
    0x0, 0x3f, 0xf0, 0x0, 0x0, 0x0, 0x0, 0xcf,
    0xff, 0x40, 0x0, 0x0, 0x3, 0xff, 0x0, 0x0,
    0x0, 0x0, 0x3, 0xfa, 0x10, 0x0, 0x0, 0x0,
    0x3f, 0xf0, 0x0, 0x0, 0x0, 0x0, 0x1, 0x0,
    0x0, 0x0, 0x0, 0x0, 0x0, 0x0, 0x0, 0x0,
    0x0,

    /* U+7559 "留" */
    0x0, 0x0, 0x0, 0x0, 0x0, 0x0, 0x0, 0x0,
    0x0, 0x0, 0x0, 0x0, 0x0, 0x1, 0x7c, 0xe2,
    0x0, 0x0, 0x0, 0x0, 0x0, 0x0, 0x0, 0x59,
    0xdf, 0xff, 0xe8, 0xe, 0xee, 0xee, 0xee, 0xee,
    0xe0, 0x3, 0xff, 0xfc, 0x84, 0x0, 0xf, 0xff,
    0xff, 0xff, 0xff, 0xf0, 0x3, 0xff, 0x0, 0x0,
    0x0, 0x0, 0x8, 0xf9, 0x0, 0x3f, 0xf0, 0x3,
    0xff, 0x0, 0x5c, 0x40, 0x0, 0xa, 0xf6, 0x0,
    0x3f, 0xe0, 0x3, 0xff, 0x0, 0x7f, 0xd0, 0x0,
    0xe, 0xf3, 0x0, 0x4f, 0xd0, 0x3, 0xff, 0x0,
    0xe, 0xf6, 0x0, 0x4f, 0xe0, 0x0, 0x6f, 0xb0,
    0x5, 0xff, 0x37, 0xbf, 0xfd, 0x0, 0xdf, 0x80,
    0x0, 0x8f, 0xa0, 0xb, 0xff, 0xff, 0xff, 0xff,
    0x5b, 0xfd, 0x2, 0x23, 0xdf, 0x70, 0xd, 0xff,
    0xea, 0x51, 0x9e, 0xff, 0xf3, 0x9, 0xff, 0xff,
    0x20, 0x3, 0x93, 0x0, 0x0, 0x0, 0xdc, 0x20,
    0x3, 0xbb, 0xa4, 0x0, 0x0, 0x0, 0x0, 0x0,
    0x0, 0x21, 0x0, 0x0, 0x0, 0x0, 0x0, 0x0,
    0xf, 0xff, 0xff, 0xff, 0xff, 0xff, 0xff, 0xff,
    0xf3, 0x0, 0x0, 0xf, 0xfd, 0xbb, 0xbb, 0xff,
    0xcb, 0xbb, 0xcf, 0xf3, 0x0, 0x0, 0xf, 0xf4,
    0x0, 0x0, 0xff, 0x10, 0x0, 0x1f, 0xf3, 0x0,
    0x0, 0xf, 0xfb, 0x99, 0x99, 0xff, 0xa9, 0x99,
    0xaf, 0xf3, 0x0, 0x0, 0xf, 0xff, 0xff, 0xff,
    0xff, 0xff, 0xff, 0xff, 0xf3, 0x0, 0x0, 0xf,
    0xf5, 0x0, 0x0, 0xff, 0x20, 0x0, 0x2f, 0xf3,
    0x0, 0x0, 0xf, 0xf4, 0x0, 0x0, 0xff, 0x10,
    0x0, 0x1f, 0xf3, 0x0, 0x0, 0xf, 0xfd, 0xcc,
    0xcc, 0xff, 0xcc, 0xcc, 0xcf, 0xf3, 0x0, 0x0,
    0xf, 0xff, 0xff, 0xff, 0xff, 0xff, 0xff, 0xff,
    0xf3, 0x0, 0x0, 0xf, 0xf5, 0x0, 0x0, 0x0,
    0x0, 0x0, 0x2e, 0xe3, 0x0,

    /* U+7565 "略" */
    0x0, 0x0, 0x0, 0x0, 0x0, 0x0, 0x2, 0x10,
    0x0, 0x0, 0x0, 0x0, 0x0, 0x0, 0x0, 0x0,
    0x0, 0x0, 0xcf, 0x80, 0x0, 0x0, 0x0, 0x1e,
    0xee, 0xee, 0xee, 0xd0, 0x0, 0x6f, 0xf2, 0x0,
    0x0, 0x0, 0x1, 0xff, 0xff, 0xff, 0xff, 0x0,
    0xe, 0xff, 0xdd, 0xdd, 0xd9, 0x10, 0x1f, 0x90,
    0xe8, 0xc, 0xf0, 0xa, 0xff, 0xff, 0xff, 0xff,
    0xe0, 0x1, 0xf9, 0xe, 0x80, 0xcf, 0x9, 0xff,
    0xa0, 0x0, 0x1d, 0xf7, 0x0, 0x1f, 0x90, 0xe8,
    0xc, 0xf8, 0xff, 0xff, 0x30, 0x7, 0xfe, 0x0,
    0x1, 0xf9, 0xe, 0x80, 0xcf, 0xff, 0xb7, 0xfd,
    0x13, 0xff, 0x60, 0x0, 0x1f, 0x90, 0xe8, 0xc,
    0xfa, 0xc0, 0xa, 0xfc, 0xef, 0x90, 0x0, 0x1,
    0xff, 0xff, 0xff, 0xff, 0x0, 0x0, 0x1d, 0xff,
    0xc0, 0x0, 0x0, 0x1f, 0xed, 0xfe, 0xdf, 0xf0,
    0x0, 0x4, 0xef, 0xfd, 0x30, 0x0, 0x1, 0xf9,
    0xe, 0x80, 0xcf, 0x0, 0x9, 0xff, 0xcd, 0xff,
    0x70, 0x0, 0x1f, 0x90, 0xe8, 0xc, 0xf0, 0x7e,
    0xff, 0x70, 0xa, 0xff, 0xe7, 0x11, 0xf9, 0xe,
    0x80, 0xcf, 0xef, 0xfd, 0x30, 0x0, 0x5, 0xff,
    0xf8, 0x1f, 0x90, 0xe8, 0xc, 0xfc, 0xff, 0xed,
    0xdd, 0xdd, 0xde, 0xfb, 0x1, 0xf9, 0xe, 0x80,
    0xcf, 0x14, 0xff, 0xff, 0xff, 0xff, 0xfe, 0x0,
    0x1f, 0xfd, 0xff, 0xdf, 0xf0, 0x3f, 0xe1, 0x11,
    0x11, 0x5f, 0xe0, 0x1, 0xff, 0xff, 0xff, 0xff,
    0x3, 0xfd, 0x0, 0x0, 0x3, 0xfe, 0x0, 0x1f,
    0x90, 0x0, 0x0, 0x0, 0x3f, 0xd0, 0x0, 0x0,
    0x3f, 0xe0, 0x1, 0xf9, 0x0, 0x0, 0x0, 0x3,
    0xfd, 0x0, 0x0, 0x3, 0xfe, 0x0, 0x1, 0x10,
    0x0, 0x0, 0x0, 0x3f, 0xfe, 0xee, 0xee, 0xff,
    0xe0, 0x0, 0x0, 0x0, 0x0, 0x0, 0x3, 0xff,
    0xff, 0xff, 0xff, 0xfe, 0x0, 0x0, 0x0, 0x0,
    0x0, 0x0, 0x3f, 0xe0, 0x0, 0x0, 0x4f, 0xe0,
    0x0,

    /* U+767D "白" */
    0x0, 0x0, 0x0, 0x0, 0x0, 0x0, 0x0, 0x0,
    0x0, 0x0, 0x0, 0x0, 0xe, 0xd9, 0x0, 0x0,
    0x0, 0x0, 0x0, 0x0, 0x0, 0x4f, 0xf8, 0x0,
    0x0, 0x0, 0x0, 0x0, 0x0, 0x0, 0x9f, 0xf1,
    0x0, 0x0, 0x0, 0x0, 0x34, 0x44, 0x44, 0xef,
    0xc4, 0x44, 0x44, 0x44, 0x41, 0xdf, 0xff, 0xff,
    0xff, 0xff, 0xff, 0xff, 0xff, 0xf6, 0xdf, 0xff,
    0xff, 0xff, 0xff, 0xff, 0xff, 0xff, 0xf6, 0xdf,
    0x50, 0x0, 0x0, 0x0, 0x0, 0x0, 0xe, 0xf6,
    0xdf, 0x50, 0x0, 0x0, 0x0, 0x0, 0x0, 0xe,
    0xf6, 0xdf, 0x50, 0x0, 0x0, 0x0, 0x0, 0x0,
    0xe, 0xf6, 0xdf, 0x50, 0x0, 0x0, 0x0, 0x0,
    0x0, 0xe, 0xf6, 0xdf, 0x83, 0x33, 0x33, 0x33,
    0x33, 0x33, 0x3f, 0xf6, 0xdf, 0xff, 0xff, 0xff,
    0xff, 0xff, 0xff, 0xff, 0xf6, 0xdf, 0xff, 0xff,
    0xff, 0xff, 0xff, 0xff, 0xff, 0xf6, 0xdf, 0x50,
    0x0, 0x0, 0x0, 0x0, 0x0, 0xe, 0xf6, 0xdf,
    0x50, 0x0, 0x0, 0x0, 0x0, 0x0, 0xe, 0xf6,
    0xdf, 0x50, 0x0, 0x0, 0x0, 0x0, 0x0, 0xe,
    0xf6, 0xdf, 0x50, 0x0, 0x0, 0x0, 0x0, 0x0,
    0xe, 0xf6, 0xdf, 0x50, 0x0, 0x0, 0x0, 0x0,
    0x0, 0xe, 0xf6, 0xdf, 0xff, 0xff, 0xff, 0xff,
    0xff, 0xff, 0xff, 0xf6, 0xdf, 0xff, 0xff, 0xff,
    0xff, 0xff, 0xff, 0xff, 0xf6, 0xdf, 0x73, 0x33,
    0x33, 0x33, 0x33, 0x33, 0x3f, 0xf6, 0xdf, 0x50,
    0x0, 0x0, 0x0, 0x0, 0x0, 0xd, 0xe6,

    /* U+7684 "的" */
    0x0, 0x6, 0xda, 0x0, 0x0, 0x0, 0xbb, 0x30,
    0x0, 0x0, 0x0, 0x0, 0xaf, 0xc0, 0x0, 0x0,
    0x2f, 0xf2, 0x0, 0x0, 0x0, 0x0, 0xe, 0xf6,
    0x0, 0x0, 0x7, 0xfd, 0x0, 0x0, 0x0, 0x1,
    0x12, 0xff, 0x21, 0x11, 0x0, 0xcf, 0xa3, 0x33,
    0x33, 0x31, 0xef, 0xff, 0xff, 0xff, 0xd0, 0x1f,
    0xff, 0xff, 0xff, 0xff, 0x4e, 0xfd, 0xdd, 0xde,
    0xfd, 0x8, 0xff, 0xdd, 0xdd, 0xdf, 0xf4, 0xef,
    0x10, 0x0, 0x3f, 0xd1, 0xff, 0x50, 0x0, 0x0,
    0xdf, 0x3e, 0xf1, 0x0, 0x3, 0xfd, 0xaf, 0xd0,
    0x0, 0x0, 0xd, 0xf3, 0xef, 0x10, 0x0, 0x3f,
    0xed, 0xf3, 0x0, 0x0, 0x0, 0xef, 0x2e, 0xf1,
    0x0, 0x3, 0xfd, 0x4, 0x3b, 0x40, 0x0, 0xf,
    0xf2, 0xef, 0xee, 0xee, 0xef, 0xd0, 0x6, 0xfe,
    0x10, 0x0, 0xff, 0x1e, 0xff, 0xff, 0xff, 0xfd,
    0x0, 0xb, 0xfb, 0x0, 0xf, 0xf0, 0xef, 0x20,
    0x0, 0x4f, 0xd0, 0x0, 0x1e, 0xf6, 0x1, 0xff,
    0xe, 0xf1, 0x0, 0x3, 0xfd, 0x0, 0x0, 0x6f,
    0xf1, 0x2f, 0xf0, 0xef, 0x10, 0x0, 0x3f, 0xd0,
    0x0, 0x0, 0xdd, 0x33, 0xfe, 0xe, 0xf1, 0x0,
    0x3, 0xfd, 0x0, 0x0, 0x2, 0x0, 0x4f, 0xc0,
    0xef, 0x10, 0x0, 0x3f, 0xd0, 0x0, 0x0, 0x0,
    0x6, 0xfb, 0xe, 0xfc, 0xcc, 0xcd, 0xfd, 0x0,
    0x0, 0x0, 0x0, 0x8f, 0x90, 0xef, 0xff, 0xff,
    0xff, 0xd0, 0x0, 0x0, 0x0, 0xb, 0xf7, 0xe,
    0xf4, 0x33, 0x33, 0x32, 0x0, 0x5, 0x83, 0x14,
    0xff, 0x40, 0xef, 0x10, 0x0, 0x0, 0x0, 0x0,
    0x2f, 0xff, 0xff, 0xd0, 0xa, 0xa1, 0x0, 0x0,
    0x0, 0x0, 0x0, 0xef, 0xff, 0xb1, 0x0, 0x0,
    0x0, 0x0, 0x0, 0x0, 0x0, 0x0, 0x0, 0x0,
    0x0, 0x0,

    /* U+76EE "目" */
    0x4f, 0xff, 0xff, 0xff, 0xff, 0xff, 0xff, 0xff,
    0xf2, 0x4f, 0xff, 0xff, 0xff, 0xff, 0xff, 0xff,
    0xff, 0xf2, 0x4f, 0xf3, 0x33, 0x33, 0x33, 0x33,
    0x33, 0x6f, 0xf2, 0x4f, 0xf0, 0x0, 0x0, 0x0,
    0x0, 0x0, 0x2f, 0xf2, 0x4f, 0xf0, 0x0, 0x0,
    0x0, 0x0, 0x0, 0x2f, 0xf2, 0x4f, 0xf2, 0x22,
    0x22, 0x22, 0x22, 0x22, 0x5f, 0xf2, 0x4f, 0xff,
    0xff, 0xff, 0xff, 0xff, 0xff, 0xff, 0xf2, 0x4f,
    0xff, 0xff, 0xff, 0xff, 0xff, 0xff, 0xff, 0xf2,
    0x4f, 0xf0, 0x0, 0x0, 0x0, 0x0, 0x0, 0x2f,
    0xf2, 0x4f, 0xf0, 0x0, 0x0, 0x0, 0x0, 0x0,
    0x2f, 0xf2, 0x4f, 0xf0, 0x0, 0x0, 0x0, 0x0,
    0x0, 0x2f, 0xf2, 0x4f, 0xfc, 0xcc, 0xcc, 0xcc,
    0xcc, 0xcc, 0xdf, 0xf2, 0x4f, 0xff, 0xff, 0xff,
    0xff, 0xff, 0xff, 0xff, 0xf2, 0x4f, 0xf4, 0x44,
    0x44, 0x44, 0x44, 0x44, 0x7f, 0xf2, 0x4f, 0xf0,
    0x0, 0x0, 0x0, 0x0, 0x0, 0x2f, 0xf2, 0x4f,
    0xf0, 0x0, 0x0, 0x0, 0x0, 0x0, 0x2f, 0xf2,
    0x4f, 0xf0, 0x0, 0x0, 0x0, 0x0, 0x0, 0x3f,
    0xf2, 0x4f, 0xff, 0xff, 0xff, 0xff, 0xff, 0xff,
    0xff, 0xf2, 0x4f, 0xff, 0xff, 0xff, 0xff, 0xff,
    0xff, 0xff, 0xf2, 0x4f, 0xf2, 0x22, 0x22, 0x22,
    0x22, 0x22, 0x4f, 0xf2, 0x4f, 0xf0, 0x0, 0x0,
    0x0, 0x0, 0x0, 0x2f, 0xf2,

    /* U+770B "看" */
    0x0, 0x0, 0x0, 0x0, 0x11, 0x22, 0x35, 0x67,
    0x9b, 0xdc, 0x0, 0x0, 0x3, 0xef, 0xff, 0xff,
    0xff, 0xff, 0xff, 0xff, 0xfe, 0xc5, 0x0, 0x0,
    0xc, 0xcc, 0xbb, 0xbe, 0xfd, 0x76, 0x54, 0x20,
    0x0, 0x0, 0x0, 0x0, 0x0, 0x0, 0x0, 0xef,
    0x70, 0x0, 0x0, 0x0, 0x0, 0x0, 0x0, 0xf,
    0xff, 0xff, 0xff, 0xff, 0xff, 0xff, 0xff, 0xff,
    0xe0, 0x0, 0x0, 0xcc, 0xcc, 0xcf, 0xfe, 0xcc,
    0xcc, 0xcc, 0xcc, 0xcc, 0x0, 0x0, 0x0, 0x0,
    0x1, 0xff, 0x60, 0x0, 0x0, 0x0, 0x0, 0x0,
    0x0, 0x8c, 0xcc, 0xcc, 0xdf, 0xfc, 0xcc, 0xcc,
    0xcc, 0xcc, 0xcc, 0xc3, 0xb, 0xff, 0xff, 0xff,
    0xff, 0xff, 0xff, 0xff, 0xff, 0xff, 0xff, 0x40,
    0x0, 0x0, 0xb, 0xfe, 0x0, 0x0, 0x0, 0x0,
    0x0, 0x0, 0x0, 0x0, 0x0, 0x7, 0xff, 0xda,
    0xaa, 0xaa, 0xaa, 0xaa, 0xaa, 0x0, 0x0, 0x0,
    0x4, 0xff, 0xff, 0xff, 0xff, 0xff, 0xff, 0xff,
    0xf0, 0x0, 0x0, 0x3, 0xef, 0xff, 0x30, 0x0,
    0x0, 0x0, 0x4, 0xff, 0x0, 0x0, 0x6, 0xff,
    0xef, 0xf9, 0x77, 0x77, 0x77, 0x77, 0x9f, 0xf0,
    0x0, 0xa, 0xff, 0xe2, 0xff, 0xff, 0xff, 0xff,
    0xff, 0xff, 0xff, 0x0, 0x1, 0xef, 0xc1, 0xf,
    0xf2, 0x0, 0x0, 0x0, 0x0, 0x3f, 0xf0, 0x0,
    0x4, 0x80, 0x0, 0xff, 0x98, 0x88, 0x88, 0x88,
    0x8a, 0xff, 0x0, 0x0, 0x0, 0x0, 0xf, 0xff,
    0xff, 0xff, 0xff, 0xff, 0xff, 0xf0, 0x0, 0x0,
    0x0, 0x0, 0xff, 0x20, 0x0, 0x0, 0x0, 0x3,
    0xff, 0x0, 0x0, 0x0, 0x0, 0xf, 0xfc, 0xbb,
    0xbb, 0xbb, 0xbb, 0xcf, 0xf0, 0x0, 0x0, 0x0,
    0x0, 0xff, 0xff, 0xff, 0xff, 0xff, 0xff, 0xff,
    0x0, 0x0, 0x0, 0x0, 0xf, 0xf3, 0x0, 0x0,
    0x0, 0x0, 0x4f, 0xf0, 0x0,

    /* U+771F "真" */
    0x0, 0x0, 0x0, 0x0, 0x0, 0x9d, 0x80, 0x0,
    0x0, 0x0, 0x0, 0x0, 0x0, 0x0, 0x0, 0x0,
    0xcf, 0x80, 0x0, 0x0, 0x0, 0x0, 0xa, 0xff,
    0xff, 0xff, 0xff, 0xff, 0xff, 0xff, 0xff, 0xff,
    0xf3, 0x9, 0xdd, 0xdd, 0xdd, 0xdd, 0xff, 0xdd,
    0xdd, 0xdd, 0xdd, 0xd2, 0x0, 0x0, 0x11, 0x11,
    0x14, 0xff, 0x11, 0x11, 0x11, 0x0, 0x0, 0x0,
    0x0, 0xff, 0xff, 0xff, 0xff, 0xff, 0xff, 0xff,
    0x80, 0x0, 0x0, 0x0, 0xff, 0x76, 0x66, 0x66,
    0x66, 0x66, 0xcf, 0x80, 0x0, 0x0, 0x0, 0xff,
    0x65, 0x55, 0x55, 0x55, 0x55, 0xcf, 0x80, 0x0,
    0x0, 0x0, 0xff, 0xff, 0xff, 0xff, 0xff, 0xff,
    0xff, 0x80, 0x0, 0x0, 0x0, 0xff, 0x10, 0x0,
    0x0, 0x0, 0x0, 0xaf, 0x80, 0x0, 0x0, 0x0,
    0xff, 0xff, 0xff, 0xff, 0xff, 0xff, 0xff, 0x80,
    0x0, 0x0, 0x0, 0xff, 0x76, 0x66, 0x66, 0x66,
    0x66, 0xcf, 0x80, 0x0, 0x0, 0x0, 0xff, 0x43,
    0x33, 0x33, 0x33, 0x33, 0xbf, 0x80, 0x0, 0x0,
    0x0, 0xff, 0xff, 0xff, 0xff, 0xff, 0xff, 0xff,
    0x80, 0x0, 0x0, 0x0, 0xff, 0x31, 0x11, 0x11,
    0x11, 0x11, 0xbf, 0x80, 0x0, 0x3a, 0xaa, 0xff,
    0xba, 0xaa, 0xaa, 0xaa, 0xaa, 0xef, 0xda, 0xa8,
    0x4f, 0xff, 0xff, 0xff, 0xff, 0xff, 0xff, 0xff,
    0xff, 0xff, 0xfc, 0x2, 0x22, 0x22, 0x49, 0x32,
    0x22, 0x23, 0xa8, 0x32, 0x22, 0x22, 0x0, 0x0,
    0x29, 0xff, 0xd1, 0x0, 0x7, 0xff, 0xfb, 0x50,
    0x0, 0x2, 0x7c, 0xff, 0xfa, 0x20, 0x0, 0x0,
    0x39, 0xff, 0xfe, 0x81, 0x1e, 0xff, 0xe8, 0x20,
    0x0, 0x0, 0x0, 0x0, 0x6, 0xdf, 0xf7, 0x2,
    0x83, 0x0, 0x0, 0x0, 0x0, 0x0, 0x0, 0x0,
    0x4, 0x50,

    /* U+786E "确" */
    0x0, 0x0, 0x0, 0x0, 0x0, 0x0, 0x0, 0x0,
    0x0, 0x0, 0x0, 0x0, 0x0, 0x0, 0x0, 0x0,
    0x0, 0xad, 0x50, 0x0, 0x0, 0x0, 0xb, 0xdd,
    0xdd, 0xdd, 0xd3, 0x1, 0xff, 0x30, 0x0, 0x10,
    0x0, 0xd, 0xff, 0xff, 0xff, 0xf4, 0x8, 0xff,
    0xff, 0xff, 0xfa, 0x0, 0x2, 0x26, 0xfe, 0x22,
    0x20, 0x2f, 0xfc, 0xcc, 0xcf, 0xfa, 0x0, 0x0,
    0x7, 0xfa, 0x0, 0x0, 0xcf, 0x80, 0x0, 0x5f,
    0xe1, 0x0, 0x0, 0xb, 0xf5, 0x0, 0x8, 0xfd,
    0x10, 0x2, 0xff, 0x40, 0x0, 0x0, 0xf, 0xf1,
    0x0, 0x7f, 0xff, 0xff, 0xff, 0xff, 0xff, 0xff,
    0x0, 0x4f, 0xd0, 0x0, 0x7f, 0xff, 0xed, 0xdf,
    0xfd, 0xdd, 0xff, 0x0, 0x9f, 0xd9, 0x99, 0x65,
    0xcf, 0x30, 0xe, 0xf0, 0x1, 0xff, 0x1, 0xff,
    0xff, 0xff, 0x90, 0xcf, 0x30, 0xe, 0xf0, 0x1,
    0xff, 0x8, 0xff, 0xb4, 0x7f, 0x90, 0xcf, 0xff,
    0xff, 0xff, 0xff, 0xff, 0x2f, 0xff, 0x80, 0x3f,
    0x90, 0xcf, 0xdc, 0xcf, 0xfc, 0xcd, 0xff, 0x1f,
    0xff, 0x80, 0x3f, 0x90, 0xdf, 0x30, 0xe, 0xf0,
    0x1, 0xff, 0xa, 0x7f, 0x80, 0x3f, 0x90, 0xdf,
    0x30, 0xe, 0xf0, 0x1, 0xff, 0x0, 0x5f, 0x80,
    0x3f, 0x90, 0xef, 0xcc, 0xcf, 0xfc, 0xcc, 0xff,
    0x0, 0x5f, 0x80, 0x3f, 0x90, 0xff, 0xff, 0xff,
    0xff, 0xff, 0xff, 0x0, 0x5f, 0x80, 0x4f, 0x93,
    0xfd, 0x22, 0x2f, 0xf2, 0x23, 0xff, 0x0, 0x5f,
    0xff, 0xff, 0x97, 0xf9, 0x0, 0xe, 0xf0, 0x1,
    0xff, 0x0, 0x5f, 0xfe, 0xee, 0x9c, 0xf5, 0x0,
    0xe, 0xf0, 0x1, 0xff, 0x0, 0x5f, 0x80, 0x0,
    0x5f, 0xf1, 0x0, 0xe, 0xf0, 0x1, 0xff, 0x0,
    0x4c, 0x60, 0x0, 0xdf, 0x80, 0x0, 0xe, 0xf4,
    0xee, 0xfe, 0x0, 0x0, 0x0, 0x0, 0x3d, 0x0,
    0x0, 0x0, 0x0, 0xff, 0xc5, 0x0, 0x0, 0x0,
    0x0, 0x0, 0x0, 0x0, 0x0, 0x0, 0x0, 0x0,

    /* U+793A "示" */
    0x0, 0x3, 0x33, 0x33, 0x33, 0x33, 0x33, 0x33,
    0x33, 0x32, 0x0, 0x0, 0x2f, 0xff, 0xff, 0xff,
    0xff, 0xff, 0xff, 0xff, 0xf9, 0x0, 0x0, 0x2f,
    0xff, 0xff, 0xff, 0xff, 0xff, 0xff, 0xff, 0xf9,
    0x0, 0x0, 0x0, 0x0, 0x0, 0x0, 0x0, 0x0,
    0x0, 0x0, 0x0, 0x0, 0x0, 0x0, 0x0, 0x0,
    0x0, 0x0, 0x0, 0x0, 0x0, 0x0, 0x0, 0x0,
    0x0, 0x0, 0x0, 0x0, 0x0, 0x0, 0x0, 0x0,
    0x0, 0x0, 0x4e, 0xee, 0xee, 0xee, 0xee, 0xee,
    0xee, 0xee, 0xee, 0xee, 0xeb, 0x4f, 0xff, 0xff,
    0xff, 0xff, 0xff, 0xff, 0xff, 0xff, 0xff, 0xfb,
    0x14, 0x44, 0x44, 0x44, 0x44, 0xff, 0x94, 0x44,
    0x44, 0x44, 0x43, 0x0, 0x0, 0x0, 0x0, 0x0,
    0xef, 0x70, 0x0, 0x0, 0x0, 0x0, 0x0, 0x0,
    0x55, 0x10, 0x0, 0xef, 0x70, 0x0, 0x26, 0x0,
    0x0, 0x0, 0x0, 0xef, 0xa0, 0x0, 0xef, 0x70,
    0x5, 0xff, 0x30, 0x0, 0x0, 0x7, 0xff, 0x20,
    0x0, 0xef, 0x70, 0x0, 0xdf, 0xd0, 0x0, 0x0,
    0xe, 0xfa, 0x0, 0x0, 0xef, 0x70, 0x0, 0x3f,
    0xf8, 0x0, 0x0, 0x7f, 0xf2, 0x0, 0x0, 0xef,
    0x70, 0x0, 0x9, 0xff, 0x20, 0x3, 0xff, 0xa0,
    0x0, 0x0, 0xef, 0x70, 0x0, 0x1, 0xff, 0xa0,
    0x1e, 0xfe, 0x10, 0x0, 0x0, 0xef, 0x70, 0x0,
    0x0, 0x8f, 0xf2, 0x9f, 0xf4, 0x0, 0x0, 0x0,
    0xef, 0x70, 0x0, 0x0, 0x1f, 0xf7, 0x6, 0x60,
    0x0, 0x44, 0x45, 0xff, 0x60, 0x0, 0x0, 0x9,
    0x60, 0x0, 0x0, 0x0, 0xdf, 0xff, 0xff, 0x30,
    0x0, 0x0, 0x0, 0x0, 0x0, 0x0, 0x0, 0x7f,
    0xfe, 0xb5, 0x0, 0x0, 0x0, 0x0, 0x0, 0x0,
    0x0, 0x0, 0x0, 0x0, 0x0, 0x0, 0x0, 0x0,
    0x0, 0x0,

    /* U+79BB "离" */
    0x0, 0x0, 0x0, 0x0, 0x0, 0x11, 0x0, 0x0,
    0x0, 0x0, 0x0, 0x0, 0x0, 0x0, 0x0, 0x6,
    0xfb, 0x0, 0x0, 0x0, 0x0, 0x0, 0x0, 0x0,
    0x0, 0x0, 0x2, 0xff, 0x30, 0x0, 0x0, 0x0,
    0x0, 0x2f, 0xff, 0xff, 0xff, 0xff, 0xff, 0xff,
    0xff, 0xff, 0xff, 0xfb, 0x2d, 0xdd, 0xdd, 0xdd,
    0xdd, 0xdd, 0xdd, 0xdd, 0xdd, 0xdd, 0xd9, 0x0,
    0x6, 0x94, 0x8, 0xa3, 0x0, 0x8, 0xd3, 0x9,
    0x92, 0x0, 0x0, 0xa, 0xf7, 0x4, 0xbf, 0xc7,
    0xee, 0x50, 0xf, 0xf3, 0x0, 0x0, 0xa, 0xf7,
    0x0, 0x9, 0xff, 0xf8, 0x0, 0xf, 0xf3, 0x0,
    0x0, 0xa, 0xf7, 0x28, 0xef, 0xa4, 0xaf, 0xe6,
    0xf, 0xf3, 0x0, 0x0, 0xa, 0xf7, 0x3e, 0x92,
    0x0, 0x3, 0xb7, 0xf, 0xf3, 0x0, 0x0, 0xa,
    0xfd, 0xab, 0xaa, 0xaa, 0xaa, 0xbb, 0xaf, 0xf3,
    0x0, 0x0, 0xa, 0xff, 0xff, 0xff, 0xff, 0xff,
    0xff, 0xff, 0xf3, 0x0, 0x0, 0x0, 0x0, 0x0,
    0x2, 0xff, 0x60, 0x0, 0x0, 0x0, 0x0, 0x0,
    0x0, 0x0, 0x0, 0x8, 0xff, 0x10, 0x0, 0x0,
    0x0, 0x0, 0x3, 0xff, 0xff, 0xff, 0xff, 0xff,
    0xff, 0xff, 0xff, 0xff, 0xc0, 0x3, 0xff, 0xdd,
    0xdd, 0xff, 0xed, 0xdd, 0xed, 0xdd, 0xef, 0xc0,
    0x3, 0xff, 0x0, 0x4, 0xff, 0x20, 0xc, 0xc0,
    0x0, 0x6f, 0xc0, 0x3, 0xff, 0x0, 0x1e, 0xf5,
    0x0, 0x9, 0xfa, 0x0, 0x6f, 0xc0, 0x3, 0xff,
    0x2, 0xdf, 0xe9, 0xbc, 0xef, 0xff, 0x50, 0x6f,
    0xc0, 0x3, 0xff, 0x0, 0xff, 0xff, 0xfe, 0xca,
    0x9f, 0xe0, 0x6f, 0xc0, 0x3, 0xff, 0x0, 0x76,
    0x42, 0x0, 0x0, 0x5, 0x20, 0x6f, 0xc0, 0x3,
    0xff, 0x0, 0x0, 0x0, 0x0, 0x0, 0x9, 0xbb,
    0xef, 0xa0, 0x3, 0xff, 0x0, 0x0, 0x0, 0x0,
    0x0, 0x7, 0xff, 0xdb, 0x20,

    /* U+79FB "移" */
    0x0, 0x0, 0x0, 0x0, 0x0, 0x0, 0x0, 0x0,
    0x0, 0x0, 0x0, 0x0, 0x0, 0x0, 0x4, 0xa6,
    0x0, 0x0, 0x5, 0xfd, 0x10, 0x0, 0x0, 0x1,
    0x48, 0xbf, 0xff, 0xf2, 0x0, 0x3, 0xff, 0x70,
    0x0, 0x0, 0x0, 0x7f, 0xff, 0xfe, 0x72, 0x0,
    0x4, 0xff, 0xfe, 0xee, 0xed, 0x50, 0x1, 0x96,
    0x9f, 0xa0, 0x0, 0x7, 0xff, 0xff, 0xff, 0xff,
    0xf4, 0x0, 0x0, 0x6, 0xfa, 0x0, 0x4d, 0xff,
    0x70, 0x0, 0xc, 0xfa, 0x0, 0x0, 0x0, 0x6f,
    0xa0, 0x8, 0xfd, 0x4a, 0x50, 0x9, 0xfe, 0x10,
    0x0, 0x11, 0x17, 0xfb, 0x11, 0x7, 0x7, 0xff,
    0x9a, 0xfe, 0x40, 0x0, 0xe, 0xff, 0xff, 0xff,
    0xf7, 0x0, 0x4, 0xff, 0xfd, 0x20, 0x0, 0x0,
    0xde, 0xef, 0xff, 0xee, 0x70, 0x6, 0xdf, 0xfd,
    0x20, 0x0, 0x0, 0x0, 0x2, 0xff, 0xc0, 0x5,
    0xbf, 0xff, 0xc6, 0xef, 0x60, 0x0, 0x0, 0x0,
    0x8f, 0xff, 0x90, 0x4f, 0xfa, 0x40, 0xcf, 0xd2,
    0x11, 0x20, 0x0, 0xe, 0xff, 0xff, 0x60, 0x30,
    0x0, 0xbf, 0xff, 0xff, 0xff, 0xa0, 0x5, 0xfe,
    0xfb, 0xdf, 0x30, 0x1, 0xcf, 0xfc, 0xcc, 0xcf,
    0xf8, 0x0, 0xcf, 0x8f, 0xa4, 0xf2, 0x5, 0xef,
    0xd2, 0x0, 0x6, 0xff, 0x10, 0x5f, 0xa6, 0xfa,
    0x3, 0x3c, 0xff, 0xb3, 0x20, 0x1, 0xef, 0x70,
    0x1e, 0xf3, 0x6f, 0xa0, 0x1, 0xde, 0x55, 0xff,
    0x61, 0xdf, 0xc0, 0x0, 0xeb, 0x6, 0xfa, 0x0,
    0x2, 0x0, 0x9, 0xff, 0xef, 0xc1, 0x0, 0x6,
    0x20, 0x6f, 0xa0, 0x0, 0x0, 0x0, 0xa, 0xff,
    0xc1, 0x0, 0x0, 0x0, 0x6, 0xfa, 0x0, 0x0,
    0x0, 0x5d, 0xff, 0xb1, 0x0, 0x0, 0x0, 0x0,
    0x6f, 0xa0, 0x0, 0x38, 0xdf, 0xfd, 0x50, 0x0,
    0x0, 0x0, 0x0, 0x6, 0xfa, 0x1, 0xef, 0xff,
    0xe7, 0x0, 0x0, 0x0, 0x0, 0x0, 0x0, 0x6f,
    0xa0, 0x8, 0xd8, 0x30, 0x0, 0x0, 0x0, 0x0,
    0x0, 0x0, 0x0, 0x0, 0x0, 0x0, 0x0, 0x0,
    0x0, 0x0, 0x0, 0x0,

    /* U+7A0D "稍" */
    0x0, 0x0, 0x0, 0x38, 0x0, 0x0, 0x0, 0xc,
    0xe2, 0x0, 0x10, 0x0, 0x1, 0x59, 0xef, 0xf8,
    0x7, 0xe5, 0x0, 0xef, 0x20, 0x8, 0xf8, 0x8,
    0xff, 0xff, 0xe9, 0x30, 0x7f, 0xe0, 0xe, 0xf2,
    0x0, 0xff, 0x60, 0x3b, 0x9b, 0xf8, 0x0, 0x0,
    0xdf, 0x70, 0xef, 0x20, 0x8f, 0xd0, 0x0, 0x0,
    0x7f, 0x80, 0x0, 0x5, 0xfe, 0xe, 0xf2, 0x2f,
    0xf4, 0x0, 0x0, 0x7, 0xf8, 0x0, 0x0, 0xd,
    0x80, 0xef, 0x22, 0xaa, 0x0, 0x1, 0x11, 0x8f,
    0x91, 0x10, 0x3, 0x33, 0x3e, 0xf5, 0x33, 0x33,
    0x0, 0xef, 0xff, 0xff, 0xff, 0x34, 0xff, 0xff,
    0xff, 0xff, 0xff, 0xf0, 0xd, 0xef, 0xff, 0xfe,
    0xe3, 0x4f, 0xfe, 0xee, 0xee, 0xee, 0xff, 0x0,
    0x0, 0x4f, 0xf9, 0x0, 0x4, 0xfc, 0x0, 0x0,
    0x0, 0xf, 0xf0, 0x0, 0xa, 0xff, 0xf6, 0x0,
    0x4f, 0xc0, 0x0, 0x0, 0x0, 0xff, 0x0, 0x1,
    0xff, 0xff, 0xf4, 0x4, 0xff, 0xff, 0xff, 0xff,
    0xff, 0xf0, 0x0, 0x6f, 0xef, 0x8d, 0xf0, 0x4f,
    0xfd, 0xdd, 0xdd, 0xdd, 0xff, 0x0, 0xe, 0xf8,
    0xf8, 0x49, 0x4, 0xfc, 0x0, 0x0, 0x0, 0xf,
    0xf0, 0x8, 0xf9, 0x7f, 0x80, 0x0, 0x4f, 0xc0,
    0x0, 0x0, 0x0, 0xff, 0x0, 0xff, 0x37, 0xf8,
    0x0, 0x4, 0xff, 0xff, 0xff, 0xff, 0xff, 0xf0,
    0xa, 0xa0, 0x7f, 0x80, 0x0, 0x4f, 0xfe, 0xee,
    0xee, 0xee, 0xff, 0x0, 0x21, 0x7, 0xf8, 0x0,
    0x4, 0xfc, 0x0, 0x0, 0x0, 0xf, 0xf0, 0x0,
    0x0, 0x7f, 0x80, 0x0, 0x4f, 0xc0, 0x0, 0x0,
    0x0, 0xff, 0x0, 0x0, 0x7, 0xf8, 0x0, 0x4,
    0xfc, 0x0, 0x1, 0x33, 0x4f, 0xf0, 0x0, 0x0,
    0x7f, 0x80, 0x0, 0x4f, 0xc0, 0x0, 0x2f, 0xff,
    0xfd, 0x0, 0x0, 0x7, 0xf8, 0x0, 0x4, 0xfb,
    0x0, 0x0, 0xcd, 0xc9, 0x20,

    /* U+7A33 "稳" */
    0x0, 0x0, 0x0, 0x0, 0x0, 0x1, 0x52, 0x0,
    0x0, 0x0, 0x0, 0x0, 0x0, 0x2, 0x8e, 0x90,
    0x0, 0x8f, 0xa0, 0x0, 0x0, 0x0, 0x0, 0x6,
    0xae, 0xff, 0xff, 0x20, 0x3f, 0xfc, 0xbb, 0xbb,
    0x50, 0x0, 0x0, 0xff, 0xff, 0xe4, 0x0, 0xd,
    0xff, 0xff, 0xff, 0xfe, 0x0, 0x0, 0x5, 0x44,
    0xfd, 0x0, 0xb, 0xfb, 0x0, 0x0, 0xcf, 0x60,
    0x0, 0x0, 0x0, 0x3f, 0xd0, 0x1c, 0xfc, 0x0,
    0x0, 0x5f, 0xc0, 0x0, 0x0, 0x0, 0x3, 0xfd,
    0x3, 0xff, 0xdc, 0xcc, 0xcf, 0xfe, 0xcc, 0x30,
    0x2, 0x55, 0x7f, 0xe5, 0x56, 0xef, 0xff, 0xff,
    0xff, 0xff, 0xf4, 0x0, 0x6f, 0xff, 0xff, 0xff,
    0x70, 0x0, 0x0, 0x0, 0x0, 0xbf, 0x40, 0x5,
    0xff, 0xff, 0xff, 0xf6, 0x1, 0x11, 0x11, 0x11,
    0x1c, 0xf4, 0x0, 0x0, 0xb, 0xfe, 0x10, 0x9,
    0xff, 0xff, 0xff, 0xff, 0xff, 0x40, 0x0, 0x2,
    0xff, 0xfb, 0x0, 0x6a, 0xaa, 0xaa, 0xaa, 0xae,
    0xf4, 0x0, 0x0, 0x8f, 0xff, 0xf8, 0x0, 0x0,
    0x0, 0x0, 0x0, 0xbf, 0x40, 0x0, 0xe, 0xff,
    0xdd, 0xf7, 0xdd, 0xdd, 0xdd, 0xdd, 0xdf, 0xf4,
    0x0, 0x5, 0xfa, 0xfd, 0x5f, 0x7f, 0xff, 0xff,
    0xff, 0xff, 0xff, 0x40, 0x0, 0xdf, 0x4f, 0xd0,
    0x60, 0x0, 0x0, 0x9, 0x20, 0x0, 0x0, 0x0,
    0x8f, 0xa3, 0xfd, 0x0, 0x0, 0x0, 0x6, 0xfd,
    0x0, 0x2, 0x0, 0xd, 0xf3, 0x3f, 0xd0, 0xa,
    0xb3, 0xfe, 0xa, 0xfa, 0x8, 0xf6, 0x0, 0x5a,
    0x3, 0xfd, 0x0, 0xff, 0x2f, 0xe0, 0x1e, 0xb0,
    0x2f, 0xe0, 0x0, 0x10, 0x3f, 0xd0, 0x7f, 0x91,
    0xfe, 0x0, 0x20, 0x98, 0xbf, 0x50, 0x0, 0x3,
    0xfd, 0xe, 0xf2, 0x1f, 0xf0, 0x0, 0xd, 0xf4,
    0xfc, 0x0, 0x0, 0x3f, 0xd2, 0xdb, 0x0, 0xff,
    0xdb, 0xbc, 0xfc, 0xd, 0x80, 0x0, 0x3, 0xfd,
    0x0, 0x10, 0x6, 0xef, 0xff, 0xfd, 0x30, 0x0,
    0x0,

    /* U+7A3F "稿" */
    0x0, 0x0, 0x0, 0x0, 0x0, 0x0, 0x0, 0x3,
    0x0, 0x0, 0x0, 0x0, 0x0, 0x0, 0x38, 0xc2,
    0x0, 0x0, 0xc, 0xf6, 0x0, 0x0, 0x0, 0x5,
    0x9c, 0xff, 0xff, 0xc0, 0x0, 0x0, 0x7f, 0xd0,
    0x0, 0x0, 0x0, 0xcf, 0xff, 0xfb, 0x50, 0xdd,
    0xdd, 0xde, 0xff, 0xdd, 0xdd, 0xd6, 0x3, 0x53,
    0xbf, 0x60, 0xf, 0xff, 0xff, 0xff, 0xff, 0xff,
    0xff, 0x70, 0x0, 0xa, 0xf6, 0x0, 0x0, 0x0,
    0x0, 0x0, 0x0, 0x0, 0x0, 0x0, 0x0, 0xaf,
    0x60, 0x0, 0x1b, 0xbb, 0xbb, 0xbb, 0xbb, 0x80,
    0x0, 0x22, 0x2b, 0xf7, 0x22, 0x2, 0xff, 0xff,
    0xff, 0xff, 0xfb, 0x0, 0xe, 0xff, 0xff, 0xff,
    0xf5, 0x2f, 0xd1, 0x11, 0x11, 0x3f, 0xb0, 0x0,
    0xef, 0xff, 0xff, 0xff, 0x52, 0xfd, 0x11, 0x11,
    0x13, 0xfb, 0x0, 0x0, 0x4, 0xff, 0xa0, 0x0,
    0x2f, 0xff, 0xff, 0xff, 0xff, 0xb0, 0x0, 0x0,
    0xaf, 0xff, 0xa0, 0x0, 0x33, 0x33, 0x33, 0x33,
    0x32, 0x0, 0x0, 0x1f, 0xff, 0xef, 0xaa, 0xcc,
    0xcc, 0xcc, 0xcc, 0xcc, 0xcc, 0x20, 0x8, 0xfe,
    0xf7, 0xed, 0xdf, 0xff, 0xff, 0xff, 0xff, 0xff,
    0xf2, 0x1, 0xfd, 0xaf, 0x66, 0x4d, 0xf6, 0x0,
    0x0, 0x0, 0x0, 0xdf, 0x20, 0xbf, 0x6a, 0xf6,
    0x0, 0xdf, 0x62, 0x99, 0x99, 0x99, 0xd, 0xf2,
    0x5f, 0xe0, 0xaf, 0x60, 0xd, 0xf6, 0x3f, 0xff,
    0xff, 0xf0, 0xdf, 0x21, 0xf6, 0xa, 0xf6, 0x0,
    0xdf, 0x63, 0xf5, 0x0, 0xaf, 0xd, 0xf2, 0x6,
    0x0, 0xaf, 0x60, 0xd, 0xf6, 0x3f, 0x50, 0xa,
    0xf0, 0xdf, 0x20, 0x0, 0xa, 0xf6, 0x0, 0xdf,
    0x63, 0xff, 0xff, 0xff, 0xd, 0xf2, 0x0, 0x0,
    0xaf, 0x60, 0xd, 0xf6, 0x18, 0x88, 0x88, 0x80,
    0xdf, 0x20, 0x0, 0xa, 0xf6, 0x0, 0xdf, 0x60,
    0x0, 0x0, 0x5, 0xcf, 0xf1, 0x0, 0x0, 0xaf,
    0x60, 0xc, 0xf5, 0x0, 0x0, 0x0, 0x2f, 0xe9,
    0x0,

    /* U+7ACB "立" */
    0x0, 0x0, 0x0, 0x0, 0x0, 0x34, 0x0, 0x0,
    0x0, 0x0, 0x0, 0x0, 0x0, 0x0, 0x0, 0x8,
    0xfd, 0x0, 0x0, 0x0, 0x0, 0x0, 0x0, 0x0,
    0x0, 0x0, 0x3, 0xff, 0x30, 0x0, 0x0, 0x0,
    0x0, 0x0, 0x0, 0x0, 0x0, 0x0, 0xef, 0x80,
    0x0, 0x0, 0x0, 0x0, 0x0, 0x0, 0x0, 0x0,
    0x0, 0x9a, 0x40, 0x0, 0x0, 0x0, 0x0, 0x6,
    0xff, 0xff, 0xff, 0xff, 0xff, 0xff, 0xff, 0xff,
    0xff, 0xe0, 0x6, 0xff, 0xff, 0xff, 0xff, 0xff,
    0xff, 0xff, 0xff, 0xff, 0xe0, 0x2, 0x44, 0x44,
    0x44, 0x44, 0x44, 0x44, 0x44, 0x44, 0x44, 0x40,
    0x0, 0x0, 0x4, 0x80, 0x0, 0x0, 0x0, 0x5,
    0x63, 0x0, 0x0, 0x0, 0x0, 0x2f, 0xf4, 0x0,
    0x0, 0x0, 0xc, 0xfd, 0x0, 0x0, 0x0, 0x0,
    0xe, 0xf8, 0x0, 0x0, 0x0, 0xf, 0xf8, 0x0,
    0x0, 0x0, 0x0, 0xa, 0xfc, 0x0, 0x0, 0x0,
    0x3f, 0xf3, 0x0, 0x0, 0x0, 0x0, 0x6, 0xff,
    0x10, 0x0, 0x0, 0x8f, 0xe0, 0x0, 0x0, 0x0,
    0x0, 0x2, 0xff, 0x40, 0x0, 0x0, 0xcf, 0xa0,
    0x0, 0x0, 0x0, 0x0, 0x0, 0xef, 0x80, 0x0,
    0x1, 0xff, 0x50, 0x0, 0x0, 0x0, 0x0, 0x0,
    0xbf, 0xb0, 0x0, 0x6, 0xff, 0x0, 0x0, 0x0,
    0x0, 0x0, 0x0, 0x8f, 0xf0, 0x0, 0xb, 0xfb,
    0x0, 0x0, 0x0, 0x0, 0x0, 0x0, 0x5f, 0xf1,
    0x0, 0xf, 0xf5, 0x0, 0x0, 0x0, 0x0, 0x0,
    0x0, 0x2a, 0x60, 0x0, 0x6f, 0xf0, 0x0, 0x0,
    0x0, 0x24, 0x44, 0x44, 0x44, 0x44, 0x44, 0xcf,
    0xc4, 0x44, 0x44, 0x44, 0x7f, 0xff, 0xff, 0xff,
    0xff, 0xff, 0xff, 0xff, 0xff, 0xff, 0xfe, 0x7f,
    0xff, 0xff, 0xff, 0xff, 0xff, 0xff, 0xff, 0xff,
    0xff, 0xfe,

    /* U+7ADE "竞" */
    0x0, 0x0, 0x0, 0x0, 0x0, 0x0, 0x0, 0x0,
    0x0, 0x0, 0x0, 0x0, 0x0, 0x0, 0x0, 0x2,
    0xbe, 0x10, 0x0, 0x0, 0x0, 0x0, 0x0, 0x22,
    0x22, 0x22, 0x23, 0xff, 0x82, 0x22, 0x22, 0x22,
    0x10, 0x2, 0xff, 0xff, 0xff, 0xff, 0xff, 0xff,
    0xff, 0xff, 0xff, 0xb0, 0x2, 0xcc, 0xcc, 0xcc,
    0xcc, 0xcc, 0xcc, 0xcc, 0xcc, 0xcc, 0x80, 0x0,
    0x0, 0x7, 0xe8, 0x0, 0x0, 0x0, 0x2f, 0xd2,
    0x0, 0x0, 0x0, 0x0, 0x4, 0xff, 0x10, 0x0,
    0x0, 0x9f, 0xc0, 0x0, 0x0, 0x4d, 0xdd, 0xdd,
    0xff, 0xed, 0xdd, 0xdd, 0xff, 0xed, 0xdd, 0xdb,
    0x5f, 0xff, 0xff, 0xff, 0xff, 0xff, 0xff, 0xff,
    0xff, 0xff, 0xfc, 0x0, 0x0, 0x0, 0x0, 0x0,
    0x0, 0x0, 0x0, 0x0, 0x0, 0x0, 0x0, 0x3,
    0xdd, 0xdd, 0xdd, 0xdd, 0xdd, 0xdd, 0xdd, 0xa0,
    0x0, 0x0, 0x4, 0xff, 0xff, 0xff, 0xff, 0xff,
    0xff, 0xff, 0xd0, 0x0, 0x0, 0x4, 0xfd, 0x0,
    0x0, 0x0, 0x0, 0x0, 0x7f, 0xd0, 0x0, 0x0,
    0x4, 0xfd, 0x0, 0x0, 0x0, 0x0, 0x0, 0x7f,
    0xd0, 0x0, 0x0, 0x4, 0xff, 0xaa, 0xaa, 0xaa,
    0xaa, 0xaa, 0xdf, 0xd0, 0x0, 0x0, 0x4, 0xff,
    0xff, 0xff, 0xff, 0xff, 0xff, 0xff, 0xd0, 0x0,
    0x0, 0x0, 0x22, 0x2b, 0xfa, 0x22, 0x8f, 0xd2,
    0x22, 0x20, 0x0, 0x0, 0x0, 0x0, 0xe, 0xf5,
    0x0, 0x7f, 0xc0, 0x0, 0x0, 0x10, 0x0, 0x0,
    0x0, 0x8f, 0xf1, 0x0, 0x7f, 0xc0, 0x0, 0x1,
    0xe8, 0x0, 0x0, 0x6, 0xff, 0x70, 0x0, 0x7f,
    0xc0, 0x0, 0x2, 0xfd, 0x0, 0x5, 0xcf, 0xfb,
    0x0, 0x0, 0x6f, 0xe0, 0x0, 0x6, 0xfb, 0x6c,
    0xff, 0xff, 0x80, 0x0, 0x0, 0x4f, 0xff, 0xff,
    0xff, 0xf7, 0x1f, 0xfd, 0x71, 0x0, 0x0, 0x0,
    0x8, 0xef, 0xff, 0xff, 0xa0, 0x3, 0x10, 0x0,
    0x0, 0x0, 0x0, 0x0, 0x0, 0x0, 0x0, 0x0,

    /* U+7B56 "策" */
    0x0, 0x0, 0x0, 0x0, 0x0, 0x0, 0x0, 0x0,
    0x0, 0x0, 0x0, 0x0, 0x0, 0x1e, 0xd3, 0x0,
    0x0, 0x0, 0x9f, 0x80, 0x0, 0x0, 0x0, 0x0,
    0x8, 0xfe, 0x10, 0x0, 0x0, 0x1f, 0xf6, 0x0,
    0x0, 0x0, 0x0, 0x1, 0xff, 0xff, 0xff, 0xff,
    0x7a, 0xff, 0xff, 0xff, 0xff, 0xf6, 0x0, 0xcf,
    0xee, 0xff, 0xdd, 0xdc, 0xff, 0xde, 0xff, 0xdd,
    0xdd, 0x50, 0xbf, 0xf2, 0x3f, 0xf1, 0x4, 0xff,
    0x90, 0x1e, 0xf4, 0x0, 0x0, 0x1c, 0xf6, 0x0,
    0xcf, 0x70, 0x8f, 0xf2, 0x0, 0x7f, 0xb0, 0x0,
    0x0, 0x6, 0x11, 0x15, 0x61, 0x14, 0xff, 0x31,
    0x12, 0x72, 0x11, 0x10, 0x7, 0xff, 0xff, 0xff,
    0xff, 0xff, 0xff, 0xff, 0xff, 0xff, 0xff, 0x10,
    0x6d, 0xdd, 0xdd, 0xdd, 0xde, 0xff, 0xed, 0xdd,
    0xdd, 0xdd, 0xd1, 0x0, 0x0, 0x0, 0x0, 0x0,
    0x3f, 0xf2, 0x0, 0x0, 0x0, 0x0, 0x0, 0x0,
    0xcd, 0xdd, 0xdd, 0xde, 0xff, 0xed, 0xdd, 0xdd,
    0xda, 0x0, 0x0, 0xd, 0xff, 0xff, 0xff, 0xff,
    0xff, 0xff, 0xff, 0xff, 0xc0, 0x0, 0x0, 0xdf,
    0x70, 0x0, 0x3, 0xff, 0x30, 0x0, 0x8, 0xfc,
    0x0, 0x0, 0xd, 0xf7, 0x0, 0x0, 0x3f, 0xf2,
    0x0, 0x0, 0x7f, 0xc0, 0x0, 0x0, 0xdf, 0x70,
    0x0, 0xa, 0xff, 0x60, 0x2, 0x2a, 0xfc, 0x0,
    0x0, 0xd, 0xf7, 0x0, 0xb, 0xff, 0xff, 0x80,
    0xaf, 0xff, 0x80, 0x0, 0x0, 0x89, 0x40, 0x4d,
    0xff, 0xff, 0xff, 0xc6, 0x98, 0x50, 0x0, 0x0,
    0x0, 0x2, 0xaf, 0xfb, 0x4f, 0xf4, 0xcf, 0xfa,
    0x30, 0x0, 0x0, 0x0, 0x5b, 0xff, 0xf7, 0x3,
    0xff, 0x20, 0x7f, 0xff, 0xd7, 0x30, 0xa, 0xff,
    0xff, 0xa2, 0x0, 0x3f, 0xf2, 0x0, 0x29, 0xff,
    0xff, 0xa0, 0x4f, 0xe8, 0x20, 0x0, 0x3, 0xff,
    0x20, 0x0, 0x1, 0x8d, 0xe1, 0x0, 0x20, 0x0,
    0x0, 0x0, 0x3f, 0xf2, 0x0, 0x0, 0x0, 0x1,
    0x0,

    /* U+7BA1 "管" */
    0x0, 0x0, 0x0, 0x0, 0x0, 0x0, 0x0, 0x0,
    0x0, 0x0, 0x0, 0x0, 0x0, 0x6e, 0xa0, 0x0,
    0x0, 0x0, 0x3e, 0xb0, 0x0, 0x0, 0x0, 0x0,
    0xd, 0xfa, 0x0, 0x0, 0x0, 0x9, 0xfc, 0x0,
    0x0, 0x0, 0x0, 0x4, 0xff, 0xff, 0xff, 0xff,
    0x81, 0xff, 0xff, 0xff, 0xff, 0xf6, 0x0, 0xdf,
    0xc8, 0xef, 0xb8, 0x84, 0xbf, 0xd8, 0xcf, 0xd8,
    0x88, 0x30, 0xaf, 0xd1, 0x5, 0xfc, 0x0, 0x4d,
    0xe2, 0x1, 0xef, 0x50, 0x0, 0x6, 0xd2, 0x0,
    0x9, 0x70, 0x8f, 0xa1, 0x0, 0x4, 0x93, 0x0,
    0x0, 0xa, 0xbb, 0xbb, 0xbb, 0xbc, 0xff, 0xbb,
    0xbb, 0xbb, 0xbb, 0x90, 0x0, 0xef, 0xff, 0xff,
    0xff, 0xff, 0xff, 0xff, 0xff, 0xff, 0xfd, 0x0,
    0xe, 0xf4, 0x0, 0x0, 0x0, 0x0, 0x0, 0x0,
    0x0, 0x6f, 0xd0, 0x0, 0xef, 0x5a, 0xaa, 0xaa,
    0xaa, 0xaa, 0xaa, 0xaa, 0x96, 0xfd, 0x0, 0x5,
    0x54, 0xff, 0xff, 0xff, 0xff, 0xff, 0xff, 0xfe,
    0x25, 0x40, 0x0, 0x0, 0x3f, 0xf1, 0x0, 0x0,
    0x0, 0x0, 0x4f, 0xe0, 0x0, 0x0, 0x0, 0x3,
    0xff, 0x10, 0x0, 0x0, 0x0, 0x4, 0xfe, 0x0,
    0x0, 0x0, 0x0, 0x3f, 0xff, 0xff, 0xff, 0xff,
    0xff, 0xff, 0xe0, 0x0, 0x0, 0x0, 0x3, 0xff,
    0xa9, 0x99, 0x99, 0x99, 0x99, 0x98, 0x0, 0x0,
    0x0, 0x0, 0x3f, 0xf1, 0x0, 0x0, 0x0, 0x0,
    0x0, 0x0, 0x0, 0x0, 0x0, 0x3, 0xff, 0xff,
    0xff, 0xff, 0xff, 0xff, 0xff, 0xf3, 0x0, 0x0,
    0x0, 0x3f, 0xfa, 0x99, 0x99, 0x99, 0x99, 0x9a,
    0xff, 0x30, 0x0, 0x0, 0x3, 0xff, 0x0, 0x0,
    0x0, 0x0, 0x0, 0xf, 0xf3, 0x0, 0x0, 0x0,
    0x3f, 0xfa, 0xaa, 0xaa, 0xaa, 0xaa, 0xaa, 0xff,
    0x30, 0x0, 0x0, 0x3, 0xff, 0xff, 0xff, 0xff,
    0xff, 0xff, 0xff, 0xf3, 0x0, 0x0, 0x0, 0x3f,
    0xf1, 0x0, 0x0, 0x0, 0x0, 0x0, 0xff, 0x30,
    0x0,

    /* U+7CBE "精" */
    0x0, 0x0, 0xde, 0x10, 0x0, 0x0, 0x0, 0xe,
    0xe0, 0x0, 0x0, 0x0, 0x22, 0xe, 0xf1, 0x35,
    0x10, 0x0, 0x1, 0xff, 0x10, 0x0, 0x0, 0xd,
    0xc0, 0xef, 0x19, 0xf4, 0xdf, 0xff, 0xff, 0xff,
    0xff, 0xff, 0x50, 0x8f, 0x1e, 0xf1, 0xde, 0x8,
    0x99, 0x99, 0xff, 0x99, 0x99, 0x93, 0x3, 0xf6,
    0xef, 0x3f, 0x80, 0x28, 0x88, 0x8f, 0xf8, 0x88,
    0x86, 0x0, 0xf, 0x9e, 0xf9, 0xf2, 0x4, 0xff,
    0xff, 0xff, 0xff, 0xff, 0xc0, 0x0, 0xb7, 0xef,
    0x9a, 0x0, 0x0, 0x0, 0x1f, 0xf1, 0x0, 0x0,
    0x0, 0x55, 0x5f, 0xf6, 0x53, 0x59, 0x99, 0x9a,
    0xff, 0xa9, 0x99, 0x98, 0x1f, 0xff, 0xff, 0xff,
    0x98, 0xff, 0xff, 0xff, 0xff, 0xff, 0xff, 0xe1,
    0xdd, 0xef, 0xfd, 0xd7, 0x0, 0x0, 0x0, 0x0,
    0x0, 0x0, 0x0, 0x0, 0x8, 0xff, 0x50, 0x0,
    0x19, 0x99, 0x99, 0x99, 0x99, 0x94, 0x0, 0x0,
    0xef, 0xff, 0x20, 0x2, 0xff, 0xff, 0xff, 0xff,
    0xff, 0x60, 0x0, 0x4f, 0xff, 0xfd, 0x0, 0x2f,
    0xe0, 0x0, 0x0, 0xa, 0xf6, 0x0, 0xa, 0xff,
    0xfb, 0xf9, 0x2, 0xff, 0x77, 0x77, 0x77, 0xdf,
    0x60, 0x2, 0xfc, 0xef, 0x3f, 0xf2, 0x2f, 0xff,
    0xff, 0xff, 0xff, 0xf6, 0x0, 0xaf, 0x6e, 0xf1,
    0x97, 0x2, 0xfe, 0x0, 0x0, 0x0, 0xaf, 0x60,
    0x4f, 0xf0, 0xef, 0x10, 0x0, 0x2f, 0xf7, 0x77,
    0x77, 0x7d, 0xf6, 0x1, 0xf7, 0xe, 0xf1, 0x0,
    0x2, 0xff, 0xff, 0xff, 0xff, 0xff, 0x60, 0x8,
    0x0, 0xef, 0x10, 0x0, 0x2f, 0xe0, 0x0, 0x0,
    0xa, 0xf6, 0x0, 0x0, 0xe, 0xf1, 0x0, 0x2,
    0xfe, 0x0, 0x0, 0x0, 0xaf, 0x60, 0x0, 0x0,
    0xef, 0x10, 0x0, 0x2f, 0xe0, 0x0, 0x2c, 0xcf,
    0xf5, 0x0, 0x0, 0xe, 0xf1, 0x0, 0x2, 0xfe,
    0x0, 0x0, 0xdf, 0xe9, 0x0, 0x0, 0x0, 0x0,
    0x0, 0x0, 0x0, 0x0, 0x0, 0x0, 0x0, 0x0,
    0x0,

    /* U+7CFB "系" */
    0x0, 0x0, 0x0, 0x0, 0x0, 0x0, 0x0, 0x35,
    0x8b, 0x50, 0x0, 0x0, 0x12, 0x34, 0x67, 0x89,
    0xac, 0xef, 0xff, 0xff, 0xf3, 0x0, 0x5, 0xff,
    0xff, 0xff, 0xff, 0xff, 0xff, 0xdb, 0x96, 0x30,
    0x0, 0x1, 0xed, 0xcb, 0xaa, 0xff, 0xd4, 0x10,
    0x0, 0x0, 0x0, 0x0, 0x0, 0x0, 0x0, 0x1d,
    0xfb, 0x0, 0x0, 0x19, 0x10, 0x0, 0x0, 0x0,
    0x0, 0x3, 0xef, 0x80, 0x0, 0x4, 0xef, 0xe0,
    0x0, 0x0, 0x0, 0x0, 0x7f, 0xf6, 0x0, 0x12,
    0x8f, 0xfd, 0x30, 0x0, 0x0, 0x0, 0xe, 0xff,
    0xfe, 0xff, 0xff, 0xff, 0x90, 0x0, 0x0, 0x0,
    0x0, 0xc, 0xff, 0xed, 0xcf, 0xff, 0xe4, 0x0,
    0x30, 0x0, 0x0, 0x0, 0x2, 0x10, 0x4, 0xef,
    0xf9, 0x10, 0x1e, 0xf4, 0x0, 0x0, 0x0, 0x0,
    0x2, 0xbf, 0xfb, 0x20, 0x0, 0x7, 0xff, 0x30,
    0x0, 0x0, 0x2, 0x9f, 0xfd, 0x62, 0x34, 0x56,
    0x78, 0xef, 0xf2, 0x0, 0x2, 0xbf, 0xff, 0xff,
    0xff, 0xff, 0xff, 0xff, 0xff, 0xfd, 0x10, 0x1,
    0xff, 0xff, 0xfe, 0xcb, 0xff, 0xa6, 0x54, 0x32,
    0xdf, 0xa0, 0x0, 0x64, 0x21, 0x0, 0x0, 0xff,
    0x40, 0x0, 0x0, 0x3f, 0x80, 0x0, 0x0, 0x2d,
    0xa3, 0x0, 0xff, 0x40, 0x4d, 0xa0, 0x1, 0x0,
    0x0, 0x1, 0xdf, 0xe2, 0x0, 0xff, 0x40, 0x6f,
    0xfd, 0x20, 0x0, 0x0, 0x2d, 0xff, 0x30, 0x0,
    0xff, 0x40, 0x3, 0xef, 0xf4, 0x0, 0x6, 0xff,
    0xf4, 0x0, 0x0, 0xff, 0x40, 0x0, 0x1d, 0xff,
    0x50, 0x3f, 0xfe, 0x20, 0x12, 0x12, 0xff, 0x40,
    0x0, 0x1, 0xcf, 0xf2, 0x2, 0xa1, 0x0, 0x4f,
    0xff, 0xff, 0x20, 0x0, 0x0, 0xa, 0x30, 0x0,
    0x0, 0x0, 0xe, 0xfe, 0xc5, 0x0, 0x0, 0x0,
    0x0, 0x0,

    /* U+7D22 "索" */
    0x0, 0x0, 0x0, 0x0, 0x0, 0xde, 0x50, 0x0,
    0x0, 0x0, 0x0, 0x0, 0x0, 0x0, 0x0, 0x0,
    0xff, 0x60, 0x0, 0x0, 0x0, 0x0, 0xd, 0xff,
    0xff, 0xff, 0xff, 0xff, 0xff, 0xff, 0xff, 0xff,
    0xf7, 0xc, 0xee, 0xee, 0xee, 0xee, 0xff, 0xee,
    0xee, 0xee, 0xee, 0xe6, 0x0, 0x0, 0x0, 0x0,
    0x0, 0xef, 0x60, 0x0, 0x0, 0x0, 0x0, 0x1,
    0x11, 0x11, 0x11, 0x11, 0xff, 0x71, 0x11, 0x11,
    0x11, 0x11, 0x3f, 0xff, 0xff, 0xff, 0xff, 0xff,
    0xff, 0xff, 0xff, 0xff, 0xfe, 0x3f, 0xfc, 0xcc,
    0xcc, 0xcf, 0xfd, 0xcc, 0xcc, 0xcc, 0xcd, 0xfe,
    0x3f, 0xe0, 0x0, 0x3, 0xcf, 0xd4, 0x0, 0x2,
    0x0, 0x4, 0xfe, 0x3f, 0xe0, 0x2, 0xaf, 0xd6,
    0x0, 0x7, 0xef, 0x50, 0x4, 0xfe, 0x29, 0x84,
    0xcf, 0xfd, 0x88, 0x9a, 0xef, 0xfc, 0x40, 0x2,
    0x98, 0x0, 0x4, 0xff, 0xff, 0xff, 0xff, 0xfc,
    0x42, 0xa3, 0x0, 0x0, 0x0, 0x0, 0x52, 0x28,
    0xff, 0xfb, 0x40, 0x7, 0xff, 0x40, 0x0, 0x0,
    0x0, 0x3a, 0xff, 0xe8, 0x10, 0x0, 0x12, 0xaf,
    0xf5, 0x0, 0x1, 0x8d, 0xff, 0xff, 0xcd, 0xee,
    0xff, 0xff, 0xff, 0xff, 0x50, 0x0, 0xff, 0xff,
    0xff, 0xed, 0xdf, 0xe8, 0x77, 0x65, 0x8f, 0xf3,
    0x0, 0x65, 0x32, 0x10, 0x0, 0x7f, 0xb0, 0x2,
    0x20, 0xa, 0xb1, 0x0, 0x0, 0x2d, 0xf8, 0x0,
    0x7f, 0xb0, 0x4f, 0xf9, 0x10, 0x0, 0x0, 0x5,
    0xff, 0xd1, 0x0, 0x7f, 0xb0, 0x6, 0xff, 0xe5,
    0x0, 0x3, 0xcf, 0xfa, 0x0, 0x0, 0x7f, 0xb0,
    0x0, 0x1b, 0xff, 0xb1, 0x1d, 0xfe, 0x50, 0xd,
    0xff, 0xff, 0x80, 0x0, 0x0, 0x6f, 0xf9, 0x1,
    0x81, 0x0, 0x6, 0xff, 0xda, 0x10, 0x0, 0x0,
    0x2, 0x60,

    /* U+7EA7 "级" */
    0x0, 0x0, 0x3, 0x0, 0x0, 0x0, 0x0, 0x0,
    0x0, 0x0, 0x0, 0x0, 0x0, 0x0, 0xe, 0xe3,
    0x0, 0x0, 0x0, 0x0, 0x0, 0x0, 0x0, 0x0,
    0x0, 0x0, 0x6f, 0xf1, 0x4, 0xdd, 0xdd, 0xdd,
    0xdd, 0xdd, 0x20, 0x0, 0x0, 0x0, 0xcf, 0x80,
    0x5, 0xff, 0xff, 0xff, 0xff, 0xff, 0x0, 0x0,
    0x0, 0x3, 0xff, 0x10, 0x1, 0x33, 0xef, 0x83,
    0x3a, 0xfb, 0x0, 0x0, 0x0, 0xb, 0xf9, 0x1,
    0x0, 0x0, 0xef, 0x40, 0xc, 0xf6, 0x0, 0x0,
    0x0, 0x3f, 0xe1, 0xa, 0xd2, 0x0, 0xff, 0x30,
    0xf, 0xf2, 0x0, 0x0, 0x0, 0xcf, 0x60, 0x2f,
    0xf4, 0x0, 0xff, 0x10, 0x4f, 0xe0, 0x0, 0x0,
    0x9, 0xfe, 0x46, 0xbf, 0xa0, 0x1, 0xff, 0x0,
    0x8f, 0xa0, 0x10, 0x0, 0x1f, 0xff, 0xff, 0xff,
    0x10, 0x3, 0xff, 0x10, 0xcf, 0xff, 0xfe, 0x20,
    0xb, 0xeb, 0xaf, 0xf6, 0x0, 0x5, 0xff, 0x61,
    0xdd, 0xde, 0xff, 0x0, 0x0, 0x0, 0xaf, 0xb0,
    0x0, 0x7, 0xff, 0xd0, 0x0, 0x6, 0xfa, 0x0,
    0x0, 0x6, 0xfe, 0x10, 0x31, 0xa, 0xff, 0xf3,
    0x0, 0xc, 0xf6, 0x0, 0x0, 0x3f, 0xf9, 0xae,
    0xf3, 0xc, 0xff, 0xfb, 0x0, 0x2f, 0xf1, 0x0,
    0x4, 0xef, 0xff, 0xff, 0xb2, 0xf, 0xf5, 0xff,
    0x40, 0x9f, 0xb0, 0x0, 0xe, 0xff, 0xea, 0x50,
    0x0, 0x4f, 0xf0, 0x7f, 0xd3, 0xff, 0x20, 0x0,
    0x9, 0xa4, 0x0, 0x0, 0x11, 0x9f, 0xb0, 0xd,
    0xff, 0xf9, 0x0, 0x0, 0x0, 0x0, 0x0, 0x5b,
    0xf6, 0xef, 0x60, 0x4, 0xff, 0xf1, 0x0, 0x0,
    0x0, 0x3, 0x9e, 0xff, 0xfa, 0xff, 0x20, 0x7,
    0xff, 0xf5, 0x0, 0x0, 0x7, 0xdf, 0xff, 0xd7,
    0x1c, 0xfc, 0x0, 0x8f, 0xfe, 0xff, 0x70, 0x0,
    0xa, 0xff, 0xa4, 0x0, 0x6f, 0xf5, 0x2c, 0xff,
    0x90, 0xbf, 0xfb, 0x20, 0x5, 0x71, 0x0, 0x0,
    0xef, 0xc3, 0xff, 0xf7, 0x0, 0x9, 0xff, 0xd0,
    0x0, 0x0, 0x0, 0x0, 0x4e, 0x20, 0x8d, 0x30,
    0x0, 0x0, 0x4d, 0x20, 0x0, 0x0, 0x0, 0x0,
    0x0, 0x0, 0x0, 0x0, 0x0, 0x0, 0x0, 0x0,

    /* U+7EBF "线" */
    0x0, 0x0, 0x0, 0x0, 0x0, 0x0, 0x0, 0x0,
    0x0, 0x0, 0x0, 0x0, 0x0, 0x7, 0x81, 0x0,
    0x0, 0x2, 0xff, 0x12, 0x60, 0x0, 0x0, 0x0,
    0x0, 0xef, 0x80, 0x0, 0x0, 0x1f, 0xf1, 0xcf,
    0xd4, 0x0, 0x0, 0x0, 0x6f, 0xf1, 0x0, 0x0,
    0x1, 0xff, 0x20, 0x9f, 0xf2, 0x0, 0x0, 0xd,
    0xf8, 0x0, 0x0, 0x0, 0xf, 0xf2, 0x0, 0x45,
    0x0, 0x0, 0x4, 0xff, 0x10, 0x0, 0x0, 0x0,
    0xff, 0x67, 0x9c, 0xeb, 0x0, 0x0, 0xdf, 0x60,
    0x4c, 0x34, 0x8b, 0xdf, 0xff, 0xff, 0xff, 0xd0,
    0x0, 0x7f, 0xc0, 0xd, 0xf9, 0x7f, 0xff, 0xff,
    0xc9, 0x64, 0x10, 0x0, 0x4f, 0xf7, 0x69, 0xfe,
    0x12, 0x85, 0x3d, 0xf5, 0x0, 0x0, 0x0, 0xb,
    0xff, 0xff, 0xff, 0x50, 0x0, 0x0, 0xbf, 0x70,
    0x0, 0x36, 0x20, 0x5e, 0xb9, 0xef, 0xb0, 0x0,
    0x0, 0xa, 0xfc, 0xad, 0xff, 0xf7, 0x0, 0x0,
    0x6f, 0xe1, 0x0, 0x58, 0xbe, 0xff, 0xff, 0xff,
    0xc9, 0x40, 0x0, 0x3f, 0xf3, 0x0, 0xf, 0xff,
    0xff, 0xfe, 0x52, 0x0, 0x0, 0x0, 0x2e, 0xf8,
    0x46, 0x93, 0x88, 0x52, 0x3f, 0xf0, 0x0, 0xae,
    0x60, 0x3d, 0xff, 0xff, 0xff, 0x40, 0x0, 0x0,
    0xff, 0x30, 0x6f, 0xf2, 0x7, 0xff, 0xfe, 0xb7,
    0x40, 0x0, 0x0, 0xd, 0xf6, 0x6f, 0xf5, 0x0,
    0x1a, 0x52, 0x0, 0x0, 0x0, 0x0, 0x0, 0x9f,
    0xef, 0xf7, 0x0, 0x0, 0x0, 0x0, 0x2, 0x64,
    0x0, 0x0, 0x5, 0xff, 0xf6, 0x0, 0x0, 0x0,
    0x4, 0x8d, 0xff, 0x80, 0x0, 0x8, 0xff, 0xf8,
    0x0, 0x40, 0x4, 0xbf, 0xff, 0xfe, 0x93, 0x1,
    0x7e, 0xff, 0xef, 0xd0, 0xa, 0xd0, 0x7f, 0xfd,
    0x83, 0x0, 0x4b, 0xff, 0xfd, 0x41, 0xff, 0xb3,
    0xee, 0x3, 0x72, 0x0, 0x0, 0x5, 0xff, 0xd6,
    0x0, 0x5, 0xff, 0xff, 0x90, 0x0, 0x0, 0x0,
    0x0, 0x6, 0x30, 0x0, 0x0, 0x5, 0xdf, 0xb1,
    0x0,

    /* U+7ECF "经" */
    0x0, 0x0, 0x1, 0x0, 0x0, 0x0, 0x0, 0x0,
    0x0, 0x0, 0x0, 0x0, 0x0, 0x0, 0xe, 0xb2,
    0x0, 0x0, 0x0, 0x0, 0x0, 0x0, 0x0, 0x0,
    0x0, 0x0, 0x5f, 0xf2, 0x0, 0xcf, 0xff, 0xff,
    0xff, 0xff, 0xd3, 0x0, 0x0, 0x0, 0xcf, 0xa0,
    0x0, 0xcf, 0xff, 0xff, 0xff, 0xff, 0xf3, 0x0,
    0x0, 0x3, 0xff, 0x20, 0x0, 0x0, 0x0, 0x0,
    0x4, 0xff, 0x90, 0x0, 0x0, 0xb, 0xf9, 0x0,
    0x10, 0x0, 0x0, 0x0, 0x2e, 0xfd, 0x0, 0x0,
    0x0, 0x4f, 0xe1, 0x6, 0xe5, 0x0, 0x0, 0x4,
    0xef, 0xe1, 0x0, 0x0, 0x0, 0xdf, 0x60, 0x1e,
    0xfa, 0x0, 0x0, 0x7f, 0xff, 0x20, 0x0, 0x0,
    0xb, 0xff, 0x8a, 0xdf, 0xe1, 0x0, 0x4c, 0xff,
    0xff, 0xd5, 0x0, 0x0, 0xf, 0xff, 0xff, 0xff,
    0x40, 0x4b, 0xff, 0xf8, 0x6e, 0xff, 0xe6, 0x0,
    0x9, 0xa7, 0x7f, 0xf9, 0x2e, 0xff, 0xfb, 0x20,
    0x0, 0x6e, 0xff, 0xd0, 0x0, 0x0, 0xcf, 0xc0,
    0xa, 0xfb, 0x40, 0x0, 0x0, 0x0, 0x7f, 0x80,
    0x0, 0xa, 0xfd, 0x10, 0x0, 0x20, 0x0, 0x0,
    0x0, 0x0, 0x2, 0x0, 0x0, 0x8f, 0xf9, 0x8b,
    0xe2, 0x9f, 0xff, 0xff, 0xff, 0xff, 0xfd, 0x0,
    0xb, 0xff, 0xff, 0xff, 0xf2, 0x9f, 0xff, 0xff,
    0xff, 0xff, 0xfd, 0x0, 0xb, 0xff, 0xda, 0x73,
    0x0, 0x0, 0x0, 0xf, 0xf2, 0x0, 0x0, 0x0,
    0x4, 0x51, 0x0, 0x0, 0x0, 0x0, 0x0, 0xf,
    0xf2, 0x0, 0x0, 0x0, 0x0, 0x0, 0x0, 0x4,
    0x80, 0x0, 0x0, 0xf, 0xf2, 0x0, 0x0, 0x0,
    0x0, 0x15, 0x8c, 0xff, 0xf2, 0x0, 0x0, 0xf,
    0xf2, 0x0, 0x0, 0x0, 0xc, 0xff, 0xff, 0xfc,
    0x81, 0x0, 0x0, 0xf, 0xf2, 0x0, 0x0, 0x0,
    0xc, 0xfd, 0x95, 0x10, 0xf, 0xff, 0xff, 0xff,
    0xff, 0xff, 0xff, 0xf0, 0x3, 0x20, 0x0, 0x0,
    0xf, 0xff, 0xff, 0xff, 0xff, 0xff, 0xff, 0xf0,
    0x0, 0x0, 0x0, 0x0, 0x2, 0x22, 0x22, 0x22,
    0x22, 0x22, 0x22, 0x20,

    /* U+7ED3 "结" */
    0x0, 0x0, 0x1, 0x0, 0x0, 0x0, 0x0, 0x4,
    0x52, 0x0, 0x0, 0x0, 0x0, 0x1, 0xfb, 0x30,
    0x0, 0x0, 0x0, 0xdf, 0x70, 0x0, 0x0, 0x0,
    0x0, 0x7f, 0xf3, 0x0, 0x0, 0x0, 0xd, 0xf7,
    0x0, 0x0, 0x0, 0x0, 0xe, 0xfb, 0x0, 0x0,
    0x0, 0x0, 0xdf, 0x80, 0x0, 0x0, 0x0, 0x5,
    0xff, 0x30, 0x1, 0xff, 0xff, 0xff, 0xff, 0xff,
    0xff, 0xa0, 0x0, 0xdf, 0xb0, 0x1, 0x1f, 0xff,
    0xff, 0xff, 0xff, 0xff, 0xfa, 0x0, 0x7f, 0xf1,
    0x7, 0xe6, 0x11, 0x11, 0x1d, 0xf8, 0x11, 0x11,
    0x10, 0x3f, 0xf7, 0x1, 0xff, 0xa0, 0x0, 0x0,
    0xdf, 0x70, 0x0, 0x0, 0x1e, 0xff, 0xab, 0xdf,
    0xe1, 0x0, 0x0, 0xd, 0xf7, 0x0, 0x0, 0x0,
    0xdf, 0xff, 0xff, 0xf5, 0x7, 0xee, 0xee, 0xff,
    0xfe, 0xee, 0xe3, 0x4, 0x63, 0x4f, 0xfa, 0x0,
    0x7f, 0xff, 0xff, 0xff, 0xff, 0xff, 0x30, 0x0,
    0xd, 0xfd, 0x0, 0x1, 0x33, 0x33, 0x33, 0x33,
    0x33, 0x30, 0x0, 0xa, 0xff, 0x20, 0x0, 0x0,
    0x0, 0x0, 0x0, 0x0, 0x0, 0x0, 0x8, 0xff,
    0x75, 0x8b, 0x90, 0x23, 0x33, 0x33, 0x33, 0x33,
    0x20, 0x8, 0xff, 0xff, 0xff, 0xfc, 0xd, 0xff,
    0xff, 0xff, 0xff, 0xfb, 0x0, 0xbf, 0xff, 0xeb,
    0x85, 0x20, 0xdf, 0xdc, 0xcc, 0xcc, 0xef, 0xb0,
    0x5, 0x95, 0x10, 0x0, 0x0, 0xd, 0xf4, 0x0,
    0x0, 0x8, 0xfb, 0x0, 0x0, 0x0, 0x0, 0x0,
    0x0, 0xdf, 0x40, 0x0, 0x0, 0x8f, 0xb0, 0x0,
    0x0, 0x13, 0x69, 0xcd, 0xd, 0xf4, 0x0, 0x0,
    0x8, 0xfb, 0x0, 0x8b, 0xdf, 0xff, 0xff, 0xf0,
    0xdf, 0x50, 0x0, 0x0, 0x9f, 0xb0, 0xe, 0xff,
    0xff, 0xb8, 0x41, 0xd, 0xff, 0xff, 0xff, 0xff,
    0xfb, 0x0, 0x99, 0x62, 0x0, 0x0, 0x0, 0xdf,
    0xff, 0xff, 0xff, 0xff, 0xb0, 0x0, 0x0, 0x0,
    0x0, 0x0, 0xd, 0xf4, 0x0, 0x0, 0x7, 0xea,
    0x0,

    /* U+7EDF "统" */
    0x0, 0x0, 0x2, 0x0, 0x0, 0x0, 0x0, 0x1,
    0x20, 0x0, 0x0, 0x0, 0x0, 0x0, 0xc, 0xe6,
    0x0, 0x0, 0x0, 0x7f, 0xc0, 0x0, 0x0, 0x0,
    0x0, 0x0, 0x3f, 0xf6, 0x0, 0x0, 0x0, 0x2f,
    0xf4, 0x0, 0x0, 0x0, 0x0, 0x0, 0x9f, 0xe0,
    0x0, 0x0, 0x0, 0xb, 0xf7, 0x0, 0x0, 0x0,
    0x0, 0x1, 0xff, 0x70, 0x1, 0xff, 0xff, 0xff,
    0xff, 0xff, 0xff, 0xd0, 0x0, 0x8, 0xfe, 0x1,
    0x11, 0xff, 0xff, 0xff, 0xff, 0xff, 0xff, 0xe0,
    0x0, 0x1f, 0xf5, 0x9, 0xe5, 0x0, 0x6, 0xff,
    0x50, 0x1, 0x0, 0x0, 0x0, 0xaf, 0xb0, 0x2f,
    0xf7, 0x0, 0x1e, 0xfa, 0x0, 0x7d, 0x10, 0x0,
    0x6, 0xff, 0x88, 0xcf, 0xd0, 0x0, 0xbf, 0xe1,
    0x0, 0xcf, 0x90, 0x0, 0xd, 0xff, 0xff, 0xff,
    0x40, 0x7, 0xff, 0x40, 0x0, 0x2f, 0xf4, 0x0,
    0x7, 0xfe, 0xbf, 0xfb, 0x0, 0x7f, 0xfd, 0x78,
    0xac, 0xdf, 0xfd, 0x0, 0x1, 0x10, 0x7f, 0xe1,
    0x7, 0xff, 0xff, 0xff, 0xff, 0xff, 0xff, 0x60,
    0x0, 0x3, 0xff, 0x50, 0x2, 0xff, 0xec, 0xa8,
    0x65, 0x31, 0x7f, 0xd0, 0x0, 0x1d, 0xfa, 0x15,
    0x81, 0x30, 0x9c, 0x50, 0x3d, 0xc0, 0x9, 0x10,
    0x1, 0xcf, 0xff, 0xff, 0xf2, 0x0, 0xcf, 0x60,
    0x3f, 0xf0, 0x0, 0x0, 0xa, 0xff, 0xff, 0xfb,
    0x71, 0x0, 0xdf, 0x40, 0x3f, 0xf0, 0x0, 0x0,
    0x4, 0xfa, 0x62, 0x0, 0x0, 0x0, 0xff, 0x30,
    0x3f, 0xf0, 0x0, 0x0, 0x0, 0x0, 0x0, 0x0,
    0x31, 0x4, 0xff, 0x0, 0x3f, 0xf0, 0x1, 0x0,
    0x0, 0x0, 0x4, 0x9e, 0xf4, 0x9, 0xfb, 0x0,
    0x3f, 0xf0, 0xa, 0xb1, 0x1, 0x5a, 0xef, 0xff,
    0xd4, 0x4f, 0xf6, 0x0, 0x3f, 0xf0, 0xb, 0xf2,
    0xa, 0xff, 0xfe, 0x93, 0x3, 0xef, 0xc0, 0x0,
    0x3f, 0xf0, 0xd, 0xf0, 0x6, 0xfa, 0x40, 0x0,
    0xaf, 0xff, 0x20, 0x0, 0x1f, 0xfe, 0xef, 0xc0,
    0x0, 0x0, 0x0, 0x0, 0x5f, 0xc2, 0x0, 0x0,
    0x8, 0xef, 0xfe, 0x40, 0x0, 0x0, 0x0, 0x0,
    0x4, 0x0, 0x0, 0x0, 0x0, 0x0, 0x0, 0x0,

    /* U+7EE7 "继" */
    0x0, 0x0, 0x0, 0x0, 0x0, 0x0, 0x0, 0x0,
    0x0, 0x0, 0x0, 0x0, 0x0, 0x1, 0xe7, 0x0,
    0x1, 0x10, 0x0, 0x2, 0xc8, 0x0, 0x0, 0x0,
    0x0, 0x7f, 0xe0, 0x1, 0xfe, 0x1, 0x10, 0x2f,
    0xa0, 0x12, 0x0, 0x0, 0xd, 0xf7, 0x0, 0x1f,
    0xe0, 0xfa, 0x2, 0xfa, 0x7, 0xf4, 0x0, 0x4,
    0xff, 0x0, 0x1, 0xfe, 0xa, 0xf1, 0x2f, 0xa0,
    0xce, 0x0, 0x0, 0xbf, 0x80, 0x0, 0x1f, 0xe0,
    0x4f, 0x62, 0xfa, 0x2f, 0x70, 0x0, 0x3f, 0xe0,
    0xa, 0xb3, 0xfe, 0x0, 0xfa, 0x2f, 0xa8, 0xe0,
    0x0, 0xc, 0xf5, 0x3, 0xff, 0x3f, 0xe0, 0x2,
    0x2, 0xfa, 0x2, 0x0, 0xa, 0xfe, 0x68, 0xdf,
    0x71, 0xfe, 0x6d, 0xdd, 0xdf, 0xfd, 0xdd, 0xa0,
    0xdf, 0xff, 0xff, 0xd0, 0x1f, 0xe7, 0xff, 0xff,
    0xff, 0xff, 0xfb, 0x6, 0x96, 0x7f, 0xf3, 0x1,
    0xfe, 0x0, 0x2, 0xff, 0xf4, 0x0, 0x0, 0x0,
    0xd, 0xf7, 0x0, 0x1f, 0xe0, 0x0, 0x9f, 0xff,
    0xe1, 0x0, 0x0, 0x9, 0xfb, 0x0, 0x1, 0xfe,
    0x0, 0x2f, 0xdf, 0xcf, 0xc0, 0x0, 0x6, 0xff,
    0x57, 0xac, 0x1f, 0xe0, 0xc, 0xf5, 0xfa, 0x7f,
    0x80, 0x7, 0xff, 0xff, 0xff, 0xe1, 0xfe, 0x8,
    0xfa, 0x2f, 0xa0, 0xcf, 0x30, 0x9f, 0xfe, 0xb8,
    0x41, 0x1f, 0xe4, 0xfe, 0x12, 0xfa, 0x3, 0xf7,
    0x3, 0x72, 0x0, 0x0, 0x1, 0xfe, 0x1e, 0x40,
    0x2f, 0xa0, 0x6, 0x0, 0x0, 0x0, 0x0, 0x2,
    0x2f, 0xe0, 0x20, 0x2, 0xfa, 0x0, 0x0, 0x0,
    0x0, 0x47, 0xbe, 0xf3, 0xfe, 0x0, 0x0, 0x2f,
    0xa0, 0x0, 0x0, 0x8d, 0xff, 0xff, 0xfc, 0x4f,
    0xe0, 0x0, 0x1, 0x32, 0x0, 0x0, 0xa, 0xff,
    0xc8, 0x40, 0x1, 0xff, 0xff, 0xff, 0xff, 0xff,
    0xff, 0xf0, 0x34, 0x0, 0x0, 0x0, 0x1e, 0xee,
    0xee, 0xee, 0xee, 0xee, 0xee,

    /* U+7EED "续" */
    0x0, 0x0, 0xa, 0x50, 0x0, 0x0, 0x0, 0x5e,
    0xb0, 0x0, 0x0, 0x0, 0x0, 0x4, 0xfe, 0x0,
    0x0, 0x0, 0x6, 0xfd, 0x0, 0x0, 0x0, 0x0,
    0x0, 0xbf, 0x80, 0x0, 0x8f, 0xff, 0xff, 0xff,
    0xff, 0xf2, 0x0, 0x0, 0x1f, 0xf1, 0x0, 0x7,
    0xdd, 0xde, 0xff, 0xdd, 0xdd, 0x20, 0x0, 0x8,
    0xf9, 0x0, 0x0, 0x0, 0x0, 0x5f, 0xc0, 0x0,
    0x0, 0x0, 0x1, 0xfe, 0x10, 0xb4, 0x1, 0x11,
    0x17, 0xfd, 0x11, 0x11, 0x10, 0x0, 0xaf, 0x60,
    0x6f, 0xc6, 0xff, 0xff, 0xff, 0xff, 0xff, 0xff,
    0x40, 0x5f, 0xd2, 0x4d, 0xf3, 0x5c, 0xcc, 0xcc,
    0xcc, 0xcc, 0xcf, 0xf1, 0xf, 0xff, 0xff, 0xfa,
    0x0, 0x1, 0x50, 0x5, 0x62, 0x3, 0xfb, 0x0,
    0xbe, 0xbb, 0xff, 0x10, 0x0, 0x7f, 0xc2, 0xbf,
    0x40, 0x8f, 0x50, 0x0, 0x0, 0xcf, 0x50, 0x0,
    0x40, 0x5f, 0xdc, 0xf4, 0x7, 0xb0, 0x0, 0x0,
    0x7f, 0xa0, 0x0, 0x4f, 0xd3, 0x23, 0xcf, 0x40,
    0x0, 0x0, 0x0, 0x3f, 0xf7, 0xae, 0x60, 0x4e,
    0xf4, 0xe, 0xf3, 0x0, 0x0, 0x0, 0x3e, 0xff,
    0xff, 0xf6, 0x0, 0x2a, 0x10, 0xff, 0x20, 0x0,
    0x0, 0xc, 0xff, 0xd9, 0x40, 0xe, 0xff, 0xff,
    0xff, 0xff, 0xff, 0xff, 0x50, 0x68, 0x20, 0x0,
    0x0, 0xcd, 0xdd, 0xdf, 0xff, 0xdd, 0xdd, 0xd5,
    0x0, 0x0, 0x1, 0x6b, 0x70, 0x0, 0x2, 0xff,
    0x43, 0x0, 0x0, 0x0, 0x0, 0x5a, 0xff, 0xf9,
    0x0, 0x1, 0xdf, 0xb4, 0xfd, 0x30, 0x0, 0xa,
    0xff, 0xff, 0xa3, 0x0, 0x2, 0xdf, 0xe1, 0x9,
    0xff, 0x60, 0x0, 0xcf, 0xc6, 0x10, 0x0, 0x7,
    0xff, 0xd2, 0x0, 0x6, 0xff, 0x90, 0x4, 0x30,
    0x0, 0x0, 0x2e, 0xff, 0xb1, 0x0, 0x0, 0x3,
    0xff, 0x90, 0x0, 0x0, 0x0, 0x0, 0x8c, 0x40,
    0x0, 0x0, 0x0, 0x3, 0xd2, 0x0, 0x0, 0x0,
    0x0, 0x0, 0x0, 0x0, 0x0, 0x0, 0x0, 0x0,
    0x0,

    /* U+7EF4 "维" */
    0x0, 0x0, 0x1, 0x0, 0x0, 0x0, 0x0, 0x0,
    0x0, 0x0, 0x0, 0x0, 0x0, 0x1, 0xfa, 0x10,
    0x0, 0x3, 0xfb, 0x18, 0xe4, 0x0, 0x0, 0x0,
    0x0, 0x7f, 0xd0, 0x0, 0x0, 0x8f, 0xd0, 0x8f,
    0xd0, 0x0, 0x0, 0x0, 0xd, 0xf6, 0x0, 0x0,
    0xe, 0xf6, 0x1, 0xff, 0x40, 0x0, 0x0, 0x3,
    0xfe, 0x0, 0x0, 0x5, 0xff, 0x0, 0x9, 0xa2,
    0x0, 0x0, 0x0, 0xaf, 0x70, 0x21, 0x0, 0xcf,
    0xff, 0xff, 0xff, 0xff, 0xf9, 0x0, 0x2f, 0xd0,
    0xb, 0xe3, 0x5f, 0xff, 0xff, 0xff, 0xff, 0xff,
    0x90, 0xb, 0xf5, 0x4, 0xfe, 0x1d, 0xff, 0x30,
    0x3, 0xfe, 0x0, 0x0, 0x7, 0xfd, 0x56, 0xdf,
    0x58, 0xff, 0xf2, 0x0, 0x2f, 0xe0, 0x0, 0x0,
    0xff, 0xff, 0xff, 0xb2, 0xff, 0xff, 0x30, 0x3,
    0xfe, 0x0, 0x0, 0xa, 0xdb, 0xaf, 0xf2, 0xc,
    0x9e, 0xff, 0xff, 0xff, 0xff, 0xff, 0x0, 0x0,
    0xb, 0xf6, 0x0, 0x30, 0xef, 0xff, 0xff, 0xff,
    0xff, 0xf0, 0x0, 0x8, 0xfa, 0x0, 0x0, 0xe,
    0xf2, 0x0, 0x2f, 0xe0, 0x0, 0x0, 0x7, 0xfe,
    0x57, 0x9c, 0x0, 0xef, 0x20, 0x2, 0xfe, 0x0,
    0x0, 0x9, 0xff, 0xff, 0xff, 0xf0, 0xe, 0xfd,
    0xcc, 0xdf, 0xfc, 0xcc, 0x0, 0x9f, 0xeb, 0x85,
    0x20, 0x0, 0xef, 0xff, 0xff, 0xff, 0xff, 0xf0,
    0x2, 0x30, 0x0, 0x0, 0x0, 0xe, 0xf5, 0x22,
    0x5f, 0xe2, 0x22, 0x0, 0x0, 0x0, 0x0, 0x15,
    0x30, 0xef, 0x20, 0x2, 0xfe, 0x0, 0x0, 0x0,
    0x2, 0x6a, 0xef, 0xf8, 0xe, 0xf2, 0x0, 0x2f,
    0xe0, 0x0, 0x0, 0xaf, 0xff, 0xff, 0xea, 0x40,
    0xef, 0xff, 0xff, 0xff, 0xff, 0xfd, 0xb, 0xfe,
    0xa6, 0x20, 0x0, 0xe, 0xff, 0xff, 0xff, 0xff,
    0xff, 0xe0, 0x33, 0x0, 0x0, 0x0, 0x0, 0xef,
    0x41, 0x11, 0x11, 0x11, 0x11, 0x0, 0x0, 0x0,
    0x0, 0x0, 0xe, 0xf2, 0x0, 0x0, 0x0, 0x0,
    0x0,

    /* U+7F16 "编" */
    0x0, 0x0, 0x2, 0x0, 0x0, 0x0, 0x0, 0x2,
    0x30, 0x0, 0x0, 0x0, 0x0, 0x5, 0xfc, 0x0,
    0x0, 0x0, 0x6, 0xfe, 0x0, 0x0, 0x0, 0x0,
    0x0, 0xaf, 0x90, 0x0, 0x0, 0x0, 0x1f, 0xf6,
    0x0, 0x0, 0x0, 0x0, 0xf, 0xf2, 0x0, 0x1c,
    0xcc, 0xcc, 0xff, 0xec, 0xcc, 0xc3, 0x0, 0x6,
    0xfb, 0x0, 0x1, 0xff, 0xff, 0xff, 0xff, 0xff,
    0xff, 0x40, 0x0, 0xcf, 0x40, 0x30, 0x1f, 0xe0,
    0x0, 0x0, 0x0, 0xe, 0xf4, 0x0, 0x4f, 0xb0,
    0x4f, 0x91, 0xfe, 0x0, 0x0, 0x0, 0x0, 0xdf,
    0x40, 0xc, 0xf2, 0xc, 0xf6, 0x1f, 0xfc, 0xcc,
    0xcc, 0xcc, 0xcf, 0xf4, 0x8, 0xfe, 0xab, 0xfd,
    0x1, 0xff, 0xff, 0xff, 0xff, 0xff, 0xff, 0x40,
    0xef, 0xff, 0xff, 0x50, 0x2f, 0xe0, 0x0, 0x0,
    0x0, 0x0, 0x0, 0x7, 0xa7, 0xaf, 0xc0, 0x2,
    0xfe, 0x0, 0x0, 0x0, 0x0, 0x0, 0x0, 0x0,
    0x1e, 0xf2, 0x0, 0x2f, 0xff, 0xff, 0xff, 0xff,
    0xff, 0xf9, 0x0, 0xa, 0xf7, 0x0, 0x4, 0xff,
    0xfe, 0xcf, 0xed, 0xfd, 0xdf, 0x90, 0x6, 0xfe,
    0x58, 0xc2, 0x5f, 0xff, 0x60, 0xf6, 0x2f, 0x31,
    0xf9, 0x6, 0xff, 0xff, 0xff, 0x37, 0xfd, 0xf6,
    0xf, 0x62, 0xf3, 0x1f, 0x90, 0xaf, 0xfd, 0x96,
    0x20, 0x9f, 0xbf, 0x60, 0xf7, 0x3f, 0x42, 0xf9,
    0x4, 0x72, 0x0, 0x0, 0xd, 0xf8, 0xff, 0xff,
    0xff, 0xff, 0xff, 0x90, 0x0, 0x0, 0x17, 0xe2,
    0xff, 0x5f, 0xdb, 0xfd, 0xcf, 0xcb, 0xf9, 0x0,
    0x4, 0xbf, 0xff, 0x8f, 0xd5, 0xf6, 0xf, 0x62,
    0xf3, 0x1f, 0x90, 0x8e, 0xff, 0xe8, 0x1a, 0xf8,
    0x5f, 0x60, 0xf6, 0x2f, 0x31, 0xf9, 0xc, 0xfd,
    0x60, 0x1, 0xff, 0x35, 0xf6, 0xf, 0x62, 0xf3,
    0x1f, 0x90, 0x54, 0x0, 0x0, 0x5f, 0xc0, 0x5f,
    0x60, 0xf6, 0x2f, 0x7a, 0xf9, 0x0, 0x0, 0x0,
    0x0, 0x34, 0x5, 0xf6, 0x2, 0x10, 0x12, 0xfd,
    0x30, 0x0, 0x0, 0x0, 0x0, 0x0, 0x0, 0x0,
    0x0, 0x0, 0x0, 0x0,

    /* U+7F29 "缩" */
    0x0, 0x0, 0x0, 0x0, 0x0, 0x0, 0x0, 0x1,
    0x0, 0x0, 0x0, 0x0, 0x0, 0x1, 0xe7, 0x0,
    0x0, 0x0, 0xc, 0xf2, 0x0, 0x0, 0x0, 0x0,
    0x0, 0x7f, 0xd0, 0x0, 0x0, 0x0, 0x9f, 0xa0,
    0x0, 0x0, 0x0, 0x0, 0xd, 0xf5, 0x1, 0xdd,
    0xdd, 0xde, 0xff, 0xdd, 0xdd, 0xd8, 0x0, 0x3,
    0xfd, 0x0, 0x1f, 0xff, 0xff, 0xff, 0xff, 0xff,
    0xff, 0x90, 0x0, 0xbf, 0x60, 0x1, 0xfe, 0x0,
    0x0, 0x0, 0x0, 0x8, 0xf9, 0x0, 0x3f, 0xc0,
    0x3b, 0x3f, 0xe7, 0x40, 0x0, 0x0, 0x0, 0x7d,
    0x80, 0xc, 0xf3, 0xb, 0xf8, 0x26, 0xfc, 0xbb,
    0xbb, 0xbb, 0xbb, 0xb3, 0x8, 0xfe, 0x9a, 0xfe,
    0x0, 0x9f, 0x6e, 0xff, 0xff, 0xff, 0xff, 0x40,
    0xdf, 0xff, 0xff, 0x50, 0xe, 0xf1, 0x0, 0xc,
    0xf6, 0x0, 0x0, 0x6, 0x96, 0xaf, 0xc0, 0x5,
    0xfd, 0x0, 0x0, 0xff, 0x20, 0x0, 0x0, 0x0,
    0x1f, 0xf2, 0x0, 0xdf, 0xd0, 0x7b, 0xbf, 0xfb,
    0xbb, 0xa0, 0x0, 0xb, 0xf6, 0x0, 0x7f, 0xfd,
    0x9, 0xff, 0xff, 0xff, 0xff, 0x0, 0x8, 0xfe,
    0x7b, 0xcf, 0xff, 0xd0, 0x9f, 0x50, 0x0, 0x1f,
    0xf0, 0x8, 0xff, 0xff, 0xfa, 0xc5, 0xed, 0x9,
    0xf4, 0x0, 0x0, 0xff, 0x0, 0x9f, 0xd9, 0x51,
    0x0, 0xe, 0xd0, 0x9f, 0xb9, 0x99, 0x9f, 0xf0,
    0x2, 0x20, 0x0, 0x0, 0x10, 0xed, 0x9, 0xff,
    0xff, 0xff, 0xff, 0x0, 0x0, 0x0, 0x39, 0xe7,
    0xe, 0xd0, 0x9f, 0x62, 0x22, 0x2f, 0xf0, 0x0,
    0x16, 0xcf, 0xff, 0x80, 0xed, 0x9, 0xf4, 0x0,
    0x0, 0xff, 0x0, 0x9f, 0xff, 0xf9, 0x20, 0xe,
    0xd0, 0x9f, 0x40, 0x0, 0xf, 0xf0, 0xa, 0xfc,
    0x60, 0x0, 0x0, 0xed, 0x9, 0xff, 0xff, 0xff,
    0xff, 0x0, 0x32, 0x0, 0x0, 0x0, 0xe, 0xd0,
    0x9f, 0xdc, 0xcc, 0xdf, 0xf0, 0x0, 0x0, 0x0,
    0x0, 0x0, 0xed, 0x9, 0xf4, 0x0, 0x0, 0xdd,
    0x0,

    /* U+7F6E "置" */
    0x0, 0x0, 0x0, 0x0, 0x0, 0x0, 0x0, 0x0,
    0x0, 0x0, 0x0, 0x0, 0xff, 0xff, 0xff, 0xff,
    0xff, 0xff, 0xff, 0xff, 0xff, 0xa0, 0x0, 0xff,
    0x97, 0x7c, 0xfb, 0x77, 0x8f, 0xf7, 0x77, 0xcf,
    0xa0, 0x0, 0xff, 0x20, 0x8, 0xf7, 0x0, 0x1f,
    0xe0, 0x0, 0x9f, 0xa0, 0x0, 0xff, 0xff, 0xff,
    0xff, 0xff, 0xff, 0xff, 0xff, 0xff, 0xa0, 0x0,
    0x99, 0x99, 0x99, 0x9a, 0xff, 0xa9, 0x99, 0x99,
    0x99, 0x60, 0x0, 0x0, 0x0, 0x0, 0x3, 0xff,
    0x10, 0x0, 0x0, 0x0, 0x0, 0xf, 0xff, 0xff,
    0xff, 0xff, 0xff, 0xff, 0xff, 0xff, 0xff, 0xf4,
    0x9, 0x99, 0x99, 0x99, 0x9c, 0xfd, 0x99, 0x99,
    0x99, 0x99, 0x92, 0x0, 0x1, 0x44, 0x44, 0x4b,
    0xfa, 0x44, 0x44, 0x44, 0x30, 0x0, 0x0, 0x5,
    0xff, 0xff, 0xff, 0xff, 0xff, 0xff, 0xff, 0xb0,
    0x0, 0x0, 0x5, 0xfc, 0x0, 0x0, 0x0, 0x0,
    0x0, 0x7f, 0xb0, 0x0, 0x0, 0x5, 0xff, 0xdd,
    0xdd, 0xdd, 0xdd, 0xdd, 0xef, 0xb0, 0x0, 0x0,
    0x5, 0xfd, 0x55, 0x55, 0x55, 0x55, 0x55, 0xaf,
    0xb0, 0x0, 0x0, 0x5, 0xfd, 0x44, 0x44, 0x44,
    0x44, 0x44, 0x9f, 0xb0, 0x0, 0x0, 0x5, 0xff,
    0xff, 0xff, 0xff, 0xff, 0xff, 0xff, 0xb0, 0x0,
    0x0, 0x5, 0xfc, 0x0, 0x0, 0x0, 0x0, 0x0,
    0x7f, 0xb0, 0x0, 0x0, 0x5, 0xff, 0xff, 0xff,
    0xff, 0xff, 0xff, 0xff, 0xb0, 0x0, 0x0, 0x5,
    0xfd, 0x44, 0x44, 0x44, 0x44, 0x44, 0x9f, 0xb0,
    0x0, 0x29, 0x9b, 0xfe, 0x99, 0x99, 0x99, 0x99,
    0x99, 0xcf, 0xe9, 0x98, 0x4f, 0xff, 0xff, 0xff,
    0xff, 0xff, 0xff, 0xff, 0xff, 0xff, 0xfd, 0x0,
    0x0, 0x0, 0x0, 0x0, 0x0, 0x0, 0x0, 0x0,
    0x0, 0x0,

    /* U+8017 "耗" */
    0x0, 0x0, 0x0, 0x0, 0x0, 0x0, 0x0, 0x0,
    0x0, 0x0, 0x0, 0x0, 0x0, 0x0, 0xe, 0xf2,
    0x0, 0x0, 0x0, 0x0, 0x0, 0x4c, 0x60, 0x0,
    0x0, 0x0, 0xe, 0xf2, 0x0, 0x0, 0x0, 0x0,
    0x6d, 0xff, 0xd3, 0x0, 0x7, 0xdd, 0xdf, 0xfd,
    0xdd, 0x20, 0x26, 0xbf, 0xff, 0xc5, 0x0, 0x0,
    0x8, 0xff, 0xff, 0xff, 0xff, 0x5d, 0xff, 0xff,
    0xf2, 0x0, 0x0, 0x0, 0x0, 0x0, 0xe, 0xf3,
    0x0, 0xd, 0xc7, 0x5f, 0xf0, 0x0, 0x0, 0x0,
    0x0, 0x0, 0xe, 0xf2, 0x0, 0x0, 0x0, 0x2f,
    0xf0, 0x0, 0x0, 0x0, 0x0, 0xdd, 0xdf, 0xfd,
    0xda, 0x0, 0x0, 0x2f, 0xf1, 0x36, 0x89, 0x0,
    0x0, 0xff, 0xff, 0xff, 0xfc, 0x2, 0x57, 0xaf,
    0xff, 0xff, 0xff, 0x0, 0x0, 0x0, 0xe, 0xf3,
    0x0, 0xd, 0xff, 0xff, 0xff, 0xca, 0x75, 0x0,
    0x0, 0x0, 0xe, 0xf2, 0x0, 0xa, 0xc9, 0x8f,
    0xf0, 0x0, 0x0, 0x0, 0xc, 0xdd, 0xdf, 0xfe,
    0xdd, 0x90, 0x0, 0x2f, 0xf0, 0x0, 0x0, 0x0,
    0xe, 0xff, 0xff, 0xff, 0xff, 0xa0, 0x0, 0x2f,
    0xf0, 0x1, 0x35, 0x50, 0x0, 0x0, 0xcf, 0xfd,
    0x10, 0x0, 0x2, 0x6f, 0xfc, 0xef, 0xff, 0xd0,
    0x0, 0x5, 0xff, 0xff, 0xa0, 0x4d, 0xff, 0xff,
    0xff, 0xff, 0xec, 0x90, 0x0, 0xe, 0xff, 0xff,
    0xf7, 0x4f, 0xff, 0xff, 0xf6, 0x41, 0x0, 0x0,
    0x0, 0x9f, 0xae, 0xf6, 0xff, 0x56, 0x41, 0x2f,
    0xf0, 0x0, 0x0, 0x0, 0x6, 0xff, 0x1e, 0xf2,
    0x9f, 0x40, 0x0, 0x2f, 0xf0, 0x0, 0x4, 0x0,
    0x1f, 0xf7, 0xe, 0xf2, 0x7, 0x0, 0x0, 0x2f,
    0xf0, 0x0, 0xd, 0xe0, 0xa, 0xa0, 0xe, 0xf2,
    0x0, 0x0, 0x0, 0x2f, 0xf0, 0x0, 0xe, 0xf0,
    0x2, 0x0, 0xe, 0xf2, 0x0, 0x0, 0x0, 0x1f,
    0xf1, 0x0, 0x1f, 0xd0, 0x0, 0x0, 0xe, 0xf2,
    0x0, 0x0, 0x0, 0xe, 0xff, 0xee, 0xff, 0x90,
    0x0, 0x0, 0xe, 0xf2, 0x0, 0x0, 0x0, 0x5,
    0xef, 0xff, 0xfb, 0x10,

    /* U+8054 "联" */
    0x0, 0x0, 0x0, 0x0, 0x0, 0x0, 0x44, 0x0,
    0x0, 0x18, 0x30, 0x0, 0xe, 0xff, 0xff, 0xff,
    0xff, 0x14, 0xff, 0x20, 0x0, 0x7f, 0xe1, 0x0,
    0xe, 0xff, 0xff, 0xff, 0xff, 0x10, 0xaf, 0xc0,
    0x0, 0xef, 0x70, 0x0, 0x0, 0xbf, 0x30, 0xb,
    0xf2, 0x0, 0x1e, 0xf6, 0x7, 0xfd, 0x0, 0x0,
    0x0, 0xbf, 0x30, 0xb, 0xf2, 0x1, 0x18, 0x92,
    0x2f, 0xf5, 0x11, 0x0, 0x0, 0xbf, 0x40, 0xb,
    0xf2, 0x2f, 0xff, 0xff, 0xff, 0xff, 0xff, 0x0,
    0x0, 0xbf, 0xff, 0xff, 0xf2, 0x2e, 0xee, 0xef,
    0xff, 0xee, 0xee, 0x0, 0x0, 0xbf, 0xdc, 0xcf,
    0xf2, 0x0, 0x0, 0xf, 0xf4, 0x0, 0x0, 0x0,
    0x0, 0xbf, 0x30, 0xb, 0xf2, 0x0, 0x0, 0xf,
    0xf4, 0x0, 0x0, 0x0, 0x0, 0xbf, 0x30, 0xb,
    0xf2, 0x0, 0x0, 0xf, 0xf4, 0x0, 0x0, 0x0,
    0x0, 0xbf, 0x40, 0xc, 0xf2, 0x0, 0x0, 0x1f,
    0xf4, 0x0, 0x0, 0x0, 0x0, 0xbf, 0xff, 0xff,
    0xf2, 0xbf, 0xff, 0xff, 0xff, 0xff, 0xff, 0xc0,
    0x0, 0xbf, 0xdc, 0xcf, 0xf2, 0xaf, 0xff, 0xff,
    0xff, 0xff, 0xff, 0xc0, 0x0, 0xbf, 0x30, 0xb,
    0xf2, 0x0, 0x0, 0x5f, 0xf5, 0x0, 0x0, 0x0,
    0x0, 0xbf, 0x30, 0xb, 0xf2, 0x0, 0x0, 0x9f,
    0xfb, 0x0, 0x0, 0x0, 0x0, 0xbf, 0x30, 0x2c,
    0xfb, 0xb0, 0x0, 0xef, 0xff, 0x30, 0x0, 0x0,
    0x6, 0xdf, 0xef, 0xff, 0xff, 0xf0, 0x7, 0xff,
    0x9f, 0xd0, 0x0, 0x0, 0xf, 0xff, 0xff, 0xde,
    0xf6, 0x20, 0x3f, 0xf8, 0xe, 0xf9, 0x0, 0x0,
    0x8, 0x85, 0x30, 0xb, 0xf2, 0x1, 0xef, 0xd0,
    0x5, 0xff, 0x90, 0x0, 0x0, 0x0, 0x0, 0xb,
    0xf2, 0x3e, 0xff, 0x30, 0x0, 0x8f, 0xfc, 0x30,
    0x0, 0x0, 0x0, 0xb, 0xf7, 0xff, 0xf3, 0x0,
    0x0, 0x8, 0xff, 0xb0, 0x0, 0x0, 0x0, 0xb,
    0xf3, 0xad, 0x20, 0x0, 0x0, 0x0, 0x4b, 0x0,
    0x0, 0x0, 0x0, 0x0, 0x0, 0x0, 0x0, 0x0,
    0x0, 0x0, 0x0, 0x0,

    /* U+80CC "背" */
    0x0, 0x0, 0x0, 0x0, 0x0, 0x0, 0x0, 0x0,
    0x0, 0x0, 0x0, 0x0, 0x0, 0x0, 0x2f, 0xf0,
    0x0, 0xef, 0x40, 0x0, 0x0, 0x0, 0x0, 0x0,
    0x0, 0x3f, 0xf0, 0x0, 0xef, 0x40, 0x4, 0xb9,
    0x0, 0xf, 0xff, 0xff, 0xff, 0xf0, 0x0, 0xef,
    0x89, 0xef, 0xff, 0x40, 0xb, 0xbb, 0xbb, 0xcf,
    0xf0, 0x0, 0xef, 0xff, 0xea, 0x50, 0x0, 0x0,
    0x0, 0x0, 0x2f, 0xf0, 0x0, 0xef, 0x92, 0x0,
    0x0, 0x0, 0x0, 0x0, 0x24, 0x8f, 0xf0, 0x0,
    0xef, 0x50, 0x0, 0x7, 0xa3, 0x5b, 0xdf, 0xff,
    0xff, 0xf0, 0x0, 0xef, 0x94, 0x33, 0x4d, 0xf5,
    0x6f, 0xdb, 0x85, 0x5f, 0xf0, 0x0, 0x9f, 0xff,
    0xff, 0xff, 0xf1, 0x0, 0x0, 0x0, 0x2b, 0xb0,
    0x0, 0x5, 0x78, 0x88, 0x87, 0x20, 0x0, 0x3,
    0xaa, 0xaa, 0xaa, 0xaa, 0xaa, 0xaa, 0xaa, 0x40,
    0x0, 0x0, 0x5, 0xff, 0xff, 0xff, 0xff, 0xff,
    0xff, 0xff, 0x60, 0x0, 0x0, 0x5, 0xfe, 0x0,
    0x0, 0x0, 0x0, 0x0, 0xdf, 0x60, 0x0, 0x0,
    0x5, 0xfe, 0x0, 0x0, 0x0, 0x0, 0x0, 0xdf,
    0x60, 0x0, 0x0, 0x5, 0xff, 0xff, 0xff, 0xff,
    0xff, 0xff, 0xff, 0x60, 0x0, 0x0, 0x5, 0xff,
    0x88, 0x88, 0x88, 0x88, 0x88, 0xff, 0x60, 0x0,
    0x0, 0x5, 0xfe, 0x0, 0x0, 0x0, 0x0, 0x0,
    0xdf, 0x60, 0x0, 0x0, 0x5, 0xff, 0xaa, 0xaa,
    0xaa, 0xaa, 0xaa, 0xff, 0x60, 0x0, 0x0, 0x5,
    0xff, 0xff, 0xff, 0xff, 0xff, 0xff, 0xff, 0x60,
    0x0, 0x0, 0x5, 0xfe, 0x0, 0x0, 0x0, 0x0,
    0x0, 0xdf, 0x60, 0x0, 0x0, 0x5, 0xfe, 0x0,
    0x0, 0x0, 0x0, 0x0, 0xef, 0x60, 0x0, 0x0,
    0x5, 0xfe, 0x0, 0x0, 0x0, 0x2e, 0xee, 0xff,
    0x40, 0x0, 0x0, 0x5, 0xfe, 0x0, 0x0, 0x0,
    0xc, 0xff, 0xd7, 0x0, 0x0,

    /* U+80FD "能" */
    0x0, 0x2, 0x20, 0x0, 0x0, 0x0, 0x44, 0x0,
    0x0, 0x0, 0x0, 0x0, 0xc, 0xfb, 0x0, 0x0,
    0x0, 0xff, 0x20, 0x0, 0x0, 0x0, 0x0, 0x5f,
    0xf4, 0x3a, 0x60, 0x0, 0xff, 0x20, 0x0, 0x55,
    0x0, 0x0, 0xdf, 0xa0, 0x4f, 0xf1, 0x0, 0xff,
    0x21, 0x7e, 0xff, 0x40, 0x9, 0xfe, 0x0, 0xa,
    0xfb, 0x0, 0xff, 0xcf, 0xff, 0xc6, 0x0, 0x7f,
    0xfb, 0x9a, 0xbd, 0xff, 0x30, 0xff, 0xfd, 0x82,
    0x0, 0x0, 0x7f, 0xff, 0xff, 0xff, 0xff, 0xa0,
    0xff, 0x30, 0x0, 0x1, 0x10, 0x29, 0x64, 0x32,
    0x0, 0x3e, 0x80, 0xff, 0x20, 0x0, 0x5, 0xf7,
    0x0, 0x0, 0x0, 0x0, 0x0, 0x0, 0xff, 0x30,
    0x0, 0x8, 0xf8, 0xb, 0xdd, 0xdd, 0xdd, 0xdc,
    0x0, 0xef, 0xed, 0xcc, 0xdf, 0xf4, 0xc, 0xff,
    0xff, 0xff, 0xfe, 0x0, 0x5f, 0xff, 0xff, 0xff,
    0xa0, 0xc, 0xf4, 0x0, 0x4, 0xfe, 0x0, 0x0,
    0x12, 0x22, 0x21, 0x0, 0xc, 0xf4, 0x0, 0x5,
    0xfe, 0x0, 0xdd, 0x20, 0x0, 0x0, 0x0, 0xc,
    0xff, 0xff, 0xff, 0xfe, 0x0, 0xff, 0x20, 0x0,
    0x59, 0x0, 0xc, 0xfc, 0xaa, 0xac, 0xfe, 0x0,
    0xff, 0x20, 0x6d, 0xff, 0x80, 0xc, 0xf4, 0x0,
    0x4, 0xfe, 0x0, 0xff, 0xbf, 0xff, 0xd6, 0x0,
    0xc, 0xfc, 0xaa, 0xac, 0xfe, 0x0, 0xff, 0xfd,
    0x83, 0x0, 0x0, 0xc, 0xff, 0xff, 0xff, 0xfe,
    0x0, 0xff, 0x40, 0x0, 0x0, 0x10, 0xc, 0xf4,
    0x0, 0x5, 0xfe, 0x0, 0xff, 0x20, 0x0, 0x2,
    0xf9, 0xc, 0xf4, 0x0, 0x4, 0xfe, 0x0, 0xff,
    0x20, 0x0, 0x3, 0xfc, 0xc, 0xf4, 0x0, 0x5,
    0xfe, 0x0, 0xff, 0x71, 0x11, 0x19, 0xf9, 0xc,
    0xf4, 0xd, 0xff, 0xfc, 0x0, 0xcf, 0xff, 0xff,
    0xff, 0xf4, 0xc, 0xf4, 0x6, 0xfe, 0xb2, 0x0,
    0x2a, 0xcd, 0xdd, 0xdb, 0x60,

    /* U+81EA "自" */
    0x0, 0x0, 0x0, 0x0, 0x10, 0x0, 0x0, 0x0,
    0x0, 0x0, 0x0, 0x0, 0x8, 0xfe, 0x10, 0x0,
    0x0, 0x0, 0x0, 0x0, 0x0, 0xc, 0xfb, 0x0,
    0x0, 0x0, 0x0, 0x0, 0x0, 0x0, 0xf, 0xf4,
    0x0, 0x0, 0x0, 0x0, 0x2f, 0xff, 0xff, 0xff,
    0xff, 0xff, 0xff, 0xff, 0xf6, 0x2f, 0xff, 0xff,
    0xff, 0xff, 0xff, 0xff, 0xff, 0xf6, 0x2f, 0xf3,
    0x22, 0x22, 0x22, 0x22, 0x22, 0x2e, 0xf6, 0x2f,
    0xf0, 0x0, 0x0, 0x0, 0x0, 0x0, 0xe, 0xf6,
    0x2f, 0xf0, 0x0, 0x0, 0x0, 0x0, 0x0, 0xe,
    0xf6, 0x2f, 0xff, 0xff, 0xff, 0xff, 0xff, 0xff,
    0xff, 0xf6, 0x2f, 0xff, 0xff, 0xff, 0xff, 0xff,
    0xff, 0xff, 0xf6, 0x2f, 0xf2, 0x11, 0x11, 0x11,
    0x11, 0x11, 0x1e, 0xf6, 0x2f, 0xf0, 0x0, 0x0,
    0x0, 0x0, 0x0, 0xe, 0xf6, 0x2f, 0xf0, 0x0,
    0x0, 0x0, 0x0, 0x0, 0xe, 0xf6, 0x2f, 0xfd,
    0xcc, 0xcc, 0xcc, 0xcc, 0xcc, 0xcf, 0xf6, 0x2f,
    0xff, 0xff, 0xff, 0xff, 0xff, 0xff, 0xff, 0xf6,
    0x2f, 0xf4, 0x33, 0x33, 0x33, 0x33, 0x33, 0x3f,
    0xf6, 0x2f, 0xf0, 0x0, 0x0, 0x0, 0x0, 0x0,
    0xe, 0xf6, 0x2f, 0xf0, 0x0, 0x0, 0x0, 0x0,
    0x0, 0xe, 0xf6, 0x2f, 0xf4, 0x33, 0x33, 0x33,
    0x33, 0x33, 0x3f, 0xf6, 0x2f, 0xff, 0xff, 0xff,
    0xff, 0xff, 0xff, 0xff, 0xf6, 0x2f, 0xfd, 0xdd,
    0xdd, 0xdd, 0xdd, 0xdd, 0xdf, 0xf6, 0x2f, 0xf0,
    0x0, 0x0, 0x0, 0x0, 0x0, 0xd, 0xe6,

    /* U+822A "航" */
    0x0, 0x0, 0x0, 0x0, 0x0, 0x0, 0x0, 0x0,
    0x0, 0x0, 0x0, 0x0, 0x0, 0x0, 0x9, 0xd6,
    0x0, 0x0, 0x0, 0x3d, 0xc0, 0x0, 0x0, 0x0,
    0x0, 0x0, 0xc, 0xf3, 0x0, 0x0, 0x0, 0xf,
    0xf3, 0x0, 0x0, 0x0, 0x0, 0x1, 0x1f, 0xe1,
    0x11, 0x0, 0x0, 0x9, 0xf9, 0x0, 0x0, 0x0,
    0x0, 0x3f, 0xff, 0xff, 0xff, 0x10, 0x0, 0x4,
    0xe8, 0x0, 0x0, 0x0, 0x0, 0x3f, 0xeb, 0xbb,
    0xff, 0x5f, 0xff, 0xff, 0xff, 0xff, 0xff, 0xf0,
    0x0, 0x3f, 0xb1, 0x20, 0xdf, 0x5e, 0xee, 0xee,
    0xee, 0xee, 0xee, 0xe0, 0x0, 0x3f, 0xbe, 0xa0,
    0xdf, 0x10, 0x0, 0x0, 0x0, 0x0, 0x0, 0x0,
    0x0, 0x3f, 0xb7, 0xf1, 0xdf, 0x10, 0x0, 0x0,
    0x0, 0x0, 0x0, 0x0, 0x0, 0x3f, 0xb1, 0xf6,
    0xdf, 0x10, 0x1f, 0xff, 0xff, 0xff, 0x30, 0x0,
    0x0, 0x3f, 0xb0, 0x20, 0xdf, 0x10, 0x1f, 0xfd,
    0xdd, 0xff, 0x30, 0x0, 0x1d, 0xef, 0xfd, 0xdd,
    0xff, 0x10, 0x1f, 0xe0, 0x0, 0xdf, 0x30, 0x0,
    0x1f, 0xff, 0xff, 0xff, 0xff, 0x10, 0x1f, 0xe0,
    0x0, 0xdf, 0x30, 0x0, 0x0, 0x4f, 0xa0, 0x10,
    0xdf, 0x10, 0x1f, 0xe0, 0x0, 0xdf, 0x30, 0x0,
    0x0, 0x5f, 0x9e, 0x90, 0xdf, 0x10, 0x2f, 0xe0,
    0x0, 0xdf, 0x30, 0x0, 0x0, 0x6f, 0x88, 0xf1,
    0xdf, 0x10, 0x2f, 0xd0, 0x0, 0xdf, 0x30, 0x0,
    0x0, 0x7f, 0x72, 0xf7, 0xdf, 0x10, 0x4f, 0xc0,
    0x0, 0xdf, 0x30, 0x0, 0x0, 0x8f, 0x60, 0xb6,
    0xdf, 0x10, 0x7f, 0x90, 0x0, 0xdf, 0x30, 0x10,
    0x0, 0xbf, 0x40, 0x0, 0xdf, 0x10, 0xbf, 0x70,
    0x0, 0xdf, 0x30, 0xf4, 0x0, 0xff, 0x10, 0x0,
    0xdf, 0x12, 0xff, 0x20, 0x0, 0xdf, 0x31, 0xf5,
    0x5, 0xfd, 0x0, 0x0, 0xef, 0x1a, 0xfc, 0x0,
    0x0, 0xdf, 0x43, 0xf5, 0xd, 0xf8, 0x0, 0xde,
    0xff, 0x8f, 0xf4, 0x0, 0x0, 0xbf, 0xff, 0xf2,
    0xa, 0xf1, 0x0, 0xcf, 0xd6, 0x4d, 0x90, 0x0,
    0x0, 0x3b, 0xed, 0x70, 0x0, 0x20, 0x0, 0x0,
    0x0, 0x0, 0x0, 0x0, 0x0, 0x0, 0x0, 0x0,

    /* U+8272 "色" */
    0x0, 0x0, 0x0, 0x0, 0x0, 0x0, 0x0, 0x0,
    0x0, 0x0, 0x0, 0x0, 0x0, 0x0, 0x0, 0x2f,
    0xa1, 0x0, 0x0, 0x0, 0x0, 0x0, 0x0, 0x0,
    0x0, 0x0, 0xc, 0xfc, 0x0, 0x0, 0x1, 0x0,
    0x0, 0x0, 0x0, 0x0, 0x0, 0x7, 0xff, 0xff,
    0xff, 0xff, 0xfa, 0x0, 0x0, 0x0, 0x0, 0x0,
    0x4, 0xff, 0xfe, 0xee, 0xef, 0xff, 0xb0, 0x0,
    0x0, 0x0, 0x0, 0x3, 0xff, 0xa0, 0x0, 0x0,
    0x9f, 0xe1, 0x0, 0x0, 0x0, 0x0, 0x4, 0xff,
    0xc0, 0x0, 0x0, 0x6f, 0xf3, 0x0, 0x0, 0x0,
    0x0, 0x7, 0xff, 0xf6, 0x44, 0x44, 0x6f, 0xfb,
    0x44, 0x44, 0x42, 0x0, 0xb, 0xff, 0xff, 0xff,
    0xff, 0xff, 0xff, 0xff, 0xff, 0xff, 0x60, 0x0,
    0x8f, 0xbf, 0xfc, 0xbb, 0xbb, 0xff, 0xdb, 0xbb,
    0xbf, 0xf6, 0x0, 0x0, 0x60, 0xff, 0x10, 0x0,
    0xe, 0xf4, 0x0, 0x0, 0xcf, 0x60, 0x0, 0x0,
    0xf, 0xf1, 0x0, 0x0, 0xef, 0x40, 0x0, 0xc,
    0xf6, 0x0, 0x0, 0x0, 0xff, 0x10, 0x0, 0xe,
    0xf4, 0x0, 0x0, 0xcf, 0x60, 0x0, 0x0, 0xf,
    0xff, 0xff, 0xff, 0xff, 0xff, 0xff, 0xff, 0xf6,
    0x0, 0x0, 0x0, 0xff, 0xff, 0xff, 0xff, 0xff,
    0xff, 0xff, 0xff, 0x60, 0x0, 0x0, 0xf, 0xf4,
    0x22, 0x22, 0x22, 0x22, 0x22, 0x2d, 0xf6, 0x0,
    0x0, 0x0, 0xff, 0x10, 0x0, 0x0, 0x0, 0x0,
    0x0, 0x46, 0x20, 0x0, 0x0, 0xf, 0xf1, 0x0,
    0x0, 0x0, 0x0, 0x0, 0x0, 0x5, 0xa3, 0x0,
    0x0, 0xff, 0x10, 0x0, 0x0, 0x0, 0x0, 0x0,
    0x0, 0x8f, 0xb0, 0x0, 0xf, 0xf2, 0x0, 0x0,
    0x0, 0x0, 0x0, 0x0, 0xc, 0xf8, 0x0, 0x0,
    0xdf, 0xa2, 0x0, 0x0, 0x0, 0x0, 0x0, 0x17,
    0xff, 0x30, 0x0, 0x7, 0xff, 0xff, 0xff, 0xff,
    0xff, 0xff, 0xff, 0xff, 0xb0, 0x0, 0x0, 0x6,
    0xce, 0xff, 0xff, 0xff, 0xff, 0xff, 0xfd, 0x80,
    0x0,

    /* U+8282 "节" */
    0x0, 0x0, 0x1, 0x55, 0x0, 0x0, 0x0, 0x55,
    0x20, 0x0, 0x0, 0x0, 0x0, 0x3, 0xff, 0x10,
    0x0, 0x0, 0xdf, 0x80, 0x0, 0x0, 0x0, 0x0,
    0x3, 0xff, 0x10, 0x0, 0x0, 0xdf, 0x80, 0x0,
    0x0, 0x5c, 0xcc, 0xcd, 0xff, 0xdc, 0xcc, 0xcc,
    0xff, 0xec, 0xcc, 0xca, 0x6f, 0xff, 0xff, 0xff,
    0xff, 0xff, 0xff, 0xff, 0xff, 0xff, 0xfd, 0x25,
    0x55, 0x57, 0xff, 0x65, 0x55, 0x55, 0xef, 0xa5,
    0x55, 0x54, 0x0, 0x0, 0x3, 0xff, 0x10, 0x0,
    0x0, 0xdf, 0x80, 0x0, 0x0, 0x0, 0x0, 0x3,
    0xdd, 0x10, 0x0, 0x0, 0xcd, 0x70, 0x0, 0x0,
    0x0, 0x0, 0x0, 0x0, 0x0, 0x0, 0x0, 0x0,
    0x0, 0x0, 0x0, 0x8, 0xee, 0xee, 0xee, 0xee,
    0xee, 0xee, 0xee, 0xee, 0xea, 0x0, 0x9, 0xff,
    0xff, 0xff, 0xff, 0xff, 0xff, 0xff, 0xff, 0xfb,
    0x0, 0x2, 0x33, 0x33, 0x3a, 0xfe, 0x33, 0x33,
    0x33, 0x3b, 0xfb, 0x0, 0x0, 0x0, 0x0, 0x8,
    0xfd, 0x0, 0x0, 0x0, 0xa, 0xfb, 0x0, 0x0,
    0x0, 0x0, 0x8, 0xfd, 0x0, 0x0, 0x0, 0xa,
    0xfb, 0x0, 0x0, 0x0, 0x0, 0x8, 0xfd, 0x0,
    0x0, 0x0, 0xa, 0xfb, 0x0, 0x0, 0x0, 0x0,
    0x8, 0xfd, 0x0, 0x0, 0x0, 0xa, 0xfb, 0x0,
    0x0, 0x0, 0x0, 0x8, 0xfd, 0x0, 0x0, 0x0,
    0xa, 0xfb, 0x0, 0x0, 0x0, 0x0, 0x8, 0xfd,
    0x0, 0x5, 0x55, 0x5d, 0xfa, 0x0, 0x0, 0x0,
    0x0, 0x8, 0xfd, 0x0, 0xb, 0xff, 0xff, 0xf7,
    0x0, 0x0, 0x0, 0x0, 0x8, 0xfd, 0x0, 0x7,
    0xff, 0xeb, 0x70, 0x0, 0x0, 0x0, 0x0, 0x8,
    0xfd, 0x0, 0x0, 0x0, 0x0, 0x0, 0x0, 0x0,
    0x0, 0x0, 0x8, 0xfd, 0x0, 0x0, 0x0, 0x0,
    0x0, 0x0, 0x0, 0x0, 0x0, 0x8, 0xfd, 0x0,
    0x0, 0x0, 0x0, 0x0, 0x0,

    /* U+8350 "荐" */
    0x0, 0x0, 0x0, 0x35, 0x20, 0x0, 0x0, 0x5,
    0x51, 0x0, 0x0, 0x0, 0x0, 0x0, 0xa, 0xf8,
    0x0, 0x0, 0x0, 0xef, 0x30, 0x0, 0x0, 0x9,
    0xbb, 0xbb, 0xef, 0xdb, 0xbb, 0xbb, 0xbf, 0xfc,
    0xbb, 0xbb, 0x40, 0xdf, 0xff, 0xff, 0xff, 0xff,
    0xff, 0xff, 0xff, 0xff, 0xff, 0xf6, 0x3, 0x44,
    0x44, 0xbf, 0xa4, 0x44, 0x44, 0x4e, 0xf7, 0x44,
    0x44, 0x10, 0x0, 0x0, 0xa, 0xff, 0xd7, 0x0,
    0x0, 0xef, 0x30, 0x0, 0x0, 0x0, 0x0, 0x0,
    0x1, 0xef, 0x60, 0x0, 0x0, 0x0, 0x0, 0x0,
    0x0, 0x8c, 0xcc, 0xcc, 0xdf, 0xfd, 0xcc, 0xcc,
    0xcc, 0xcc, 0xcc, 0xc2, 0xb, 0xff, 0xff, 0xff,
    0xff, 0xff, 0xff, 0xff, 0xff, 0xff, 0xff, 0x20,
    0x22, 0x22, 0x3c, 0xfd, 0x32, 0x22, 0x22, 0x22,
    0x22, 0x22, 0x20, 0x0, 0x0, 0x6, 0xff, 0x30,
    0x0, 0x0, 0x0, 0x0, 0x0, 0x0, 0x0, 0x0,
    0x3, 0xff, 0x80, 0x1f, 0xff, 0xff, 0xff, 0xff,
    0xf5, 0x0, 0x0, 0x1, 0xef, 0xd0, 0x1, 0xcc,
    0xcc, 0xcc, 0xdf, 0xff, 0x50, 0x0, 0x3, 0xef,
    0xfa, 0x0, 0x0, 0x0, 0x0, 0x3d, 0xfe, 0x30,
    0x0, 0x6, 0xff, 0xff, 0xa0, 0x0, 0x0, 0x0,
    0x6f, 0xf9, 0x0, 0x0, 0x4, 0xff, 0xea, 0xfa,
    0x0, 0x0, 0x0, 0x8, 0xfa, 0x0, 0x0, 0x0,
    0x9, 0xc1, 0x7f, 0xa0, 0xef, 0xff, 0xff, 0xff,
    0xff, 0xff, 0xff, 0x80, 0x0, 0x7, 0xfa, 0xc,
    0xdd, 0xdd, 0xde, 0xff, 0xdd, 0xdd, 0xd7, 0x0,
    0x0, 0x7f, 0xa0, 0x0, 0x0, 0x0, 0x8f, 0x90,
    0x0, 0x0, 0x0, 0x0, 0x7, 0xfa, 0x0, 0x0,
    0x0, 0x8, 0xf9, 0x0, 0x0, 0x0, 0x0, 0x0,
    0x7f, 0xa0, 0x0, 0x0, 0x0, 0x8f, 0x90, 0x0,
    0x0, 0x0, 0x0, 0x7, 0xfa, 0x0, 0x0, 0x8e,
    0xef, 0xf7, 0x0, 0x0, 0x0, 0x0, 0x0, 0x7f,
    0xa0, 0x0, 0x3, 0xfe, 0xd9, 0x10, 0x0, 0x0,
    0x0,

    /* U+85CF "藏" */
    0x0, 0x0, 0x0, 0x0, 0x0, 0x0, 0x0, 0x0,
    0x0, 0x0, 0x0, 0x0, 0x0, 0x0, 0x0, 0xc,
    0xf6, 0x0, 0x0, 0xf, 0xf3, 0x0, 0x0, 0x0,
    0x2, 0x77, 0x77, 0x7e, 0xfa, 0x77, 0x77, 0x7f,
    0xf9, 0x77, 0x77, 0x50, 0x4, 0xff, 0xff, 0xff,
    0xff, 0xff, 0xff, 0xff, 0xff, 0xff, 0xff, 0xb0,
    0x1, 0x66, 0x66, 0x6e, 0xfa, 0x66, 0x66, 0x6f,
    0xf8, 0x68, 0xa6, 0x40, 0x0, 0x0, 0x0, 0xb,
    0xd5, 0x0, 0x0, 0xe, 0xf9, 0xe, 0xf7, 0x0,
    0x0, 0x0, 0x1, 0x22, 0x22, 0x22, 0x22, 0x25,
    0xfc, 0x24, 0xef, 0x30, 0x0, 0xbe, 0x6, 0xff,
    0xff, 0xff, 0xff, 0xff, 0xff, 0xff, 0xff, 0xc0,
    0x0, 0xce, 0x6, 0xfd, 0xbb, 0xbb, 0xbb, 0xbc,
    0xff, 0xbb, 0xbb, 0x90, 0x0, 0xce, 0x6, 0xf7,
    0x13, 0x33, 0x33, 0x32, 0xfe, 0x0, 0x20, 0x0,
    0x0, 0xcf, 0x49, 0xf7, 0x7f, 0xff, 0xff, 0xf7,
    0xef, 0x3, 0xfd, 0x0, 0x0, 0xcf, 0xff, 0xf7,
    0x7f, 0x56, 0xf7, 0x31, 0xdf, 0x8, 0xf9, 0x0,
    0x0, 0xcf, 0x7b, 0xf7, 0x7f, 0x67, 0xf8, 0x52,
    0xbf, 0x2d, 0xf5, 0x0, 0x0, 0x11, 0x6, 0xf7,
    0x7f, 0xff, 0xff, 0xf8, 0xaf, 0x6f, 0xf0, 0x0,
    0xc, 0xcc, 0xcd, 0xf6, 0x7f, 0x20, 0x1, 0xf8,
    0x8f, 0xdf, 0xb0, 0x0, 0xf, 0xff, 0xff, 0xf5,
    0x7f, 0x42, 0x23, 0xf8, 0x5f, 0xff, 0x40, 0x0,
    0x0, 0x9f, 0x29, 0xf4, 0x7f, 0xff, 0xff, 0xf8,
    0x2f, 0xfc, 0x0, 0x0, 0x0, 0x9f, 0xa, 0xf3,
    0x7f, 0x56, 0xf7, 0x31, 0xf, 0xf5, 0x0, 0x0,
    0x0, 0xbe, 0xc, 0xf2, 0x7f, 0x56, 0xf7, 0x32,
    0x9f, 0xf5, 0x1, 0x90, 0x0, 0xec, 0xf, 0xf0,
    0x7f, 0xff, 0xff, 0xfe, 0xff, 0xfb, 0x3, 0xf2,
    0x3, 0xf9, 0x5f, 0xb0, 0x7f, 0x53, 0x33, 0xaf,
    0xf5, 0xdf, 0x57, 0xf0, 0xd, 0xf3, 0xaf, 0x60,
    0x49, 0x10, 0x6, 0xff, 0x50, 0x5f, 0xff, 0xb0,
    0x6, 0x90, 0x3b, 0x0, 0x0, 0x0, 0x0, 0xa6,
    0x0, 0x7, 0xed, 0x30, 0x0, 0x0, 0x0, 0x0,
    0x0, 0x0, 0x0, 0x0, 0x0, 0x0, 0x0, 0x0,

    /* U+884C "行" */
    0x0, 0x0, 0x0, 0x20, 0x0, 0x0, 0x0, 0x0,
    0x0, 0x0, 0x0, 0x0, 0x0, 0x0, 0x3, 0xfe,
    0x40, 0x0, 0x0, 0x0, 0x0, 0x0, 0x0, 0x0,
    0x0, 0x0, 0x2e, 0xfc, 0x0, 0x4f, 0xff, 0xff,
    0xff, 0xff, 0xff, 0x50, 0x0, 0x2, 0xef, 0xd1,
    0x0, 0x4f, 0xff, 0xff, 0xff, 0xff, 0xff, 0x50,
    0x0, 0x5f, 0xfe, 0x20, 0x0, 0x2, 0x22, 0x22,
    0x22, 0x22, 0x22, 0x10, 0x8, 0xff, 0xd1, 0x0,
    0x0, 0x0, 0x0, 0x0, 0x0, 0x0, 0x0, 0x0,
    0x8, 0xfb, 0x0, 0x1e, 0xb2, 0x0, 0x0, 0x0,
    0x0, 0x0, 0x0, 0x0, 0x0, 0x70, 0x0, 0xaf,
    0xe1, 0x0, 0x0, 0x0, 0x0, 0x0, 0x0, 0x0,
    0x0, 0x0, 0x6, 0xff, 0x40, 0x22, 0x22, 0x22,
    0x22, 0x22, 0x22, 0x20, 0x0, 0x0, 0x4f, 0xf9,
    0x4, 0xff, 0xff, 0xff, 0xff, 0xff, 0xff, 0xf0,
    0x0, 0x3, 0xff, 0xf0, 0x4, 0xff, 0xff, 0xff,
    0xff, 0xff, 0xff, 0xf0, 0x0, 0x3f, 0xff, 0xe0,
    0x0, 0x0, 0x0, 0x0, 0xb, 0xf9, 0x0, 0x0,
    0x6, 0xff, 0xff, 0xe0, 0x0, 0x0, 0x0, 0x0,
    0xb, 0xf9, 0x0, 0x0, 0xd, 0xfe, 0x7f, 0xe0,
    0x0, 0x0, 0x0, 0x0, 0xb, 0xf9, 0x0, 0x0,
    0x2, 0xc1, 0x4f, 0xe0, 0x0, 0x0, 0x0, 0x0,
    0xb, 0xf9, 0x0, 0x0, 0x0, 0x0, 0x4f, 0xe0,
    0x0, 0x0, 0x0, 0x0, 0xb, 0xf9, 0x0, 0x0,
    0x0, 0x0, 0x4f, 0xe0, 0x0, 0x0, 0x0, 0x0,
    0xb, 0xf9, 0x0, 0x0, 0x0, 0x0, 0x4f, 0xe0,
    0x0, 0x0, 0x0, 0x0, 0xb, 0xf9, 0x0, 0x0,
    0x0, 0x0, 0x4f, 0xe0, 0x0, 0x0, 0x0, 0x0,
    0xb, 0xf9, 0x0, 0x0, 0x0, 0x0, 0x4f, 0xe0,
    0x0, 0x0, 0x0, 0x0, 0xb, 0xf9, 0x0, 0x0,
    0x0, 0x0, 0x4f, 0xe0, 0x0, 0x0, 0x4, 0x54,
    0x5d, 0xf8, 0x0, 0x0, 0x0, 0x0, 0x4f, 0xe0,
    0x0, 0x0, 0x9, 0xff, 0xff, 0xf5, 0x0, 0x0,
    0x0, 0x0, 0x4f, 0xe0, 0x0, 0x0, 0x4, 0xee,
    0xda, 0x60, 0x0, 0x0,

    /* U+8868 "表" */
    0x0, 0x0, 0x0, 0x0, 0x0, 0x6f, 0xd0, 0x0,
    0x0, 0x0, 0x0, 0x0, 0x0, 0x0, 0x0, 0x0,
    0x6, 0xfd, 0x0, 0x0, 0x0, 0x0, 0x0, 0x0,
    0xaf, 0xff, 0xff, 0xff, 0xff, 0xff, 0xff, 0xff,
    0xff, 0xf6, 0x0, 0x9, 0xdd, 0xdd, 0xdd, 0xde,
    0xff, 0xdd, 0xdd, 0xdd, 0xdd, 0x50, 0x0, 0x0,
    0x0, 0x0, 0x0, 0x6f, 0xd0, 0x0, 0x0, 0x0,
    0x0, 0x0, 0x0, 0x5b, 0xbb, 0xbb, 0xbd, 0xff,
    0xbb, 0xbb, 0xbb, 0xb4, 0x0, 0x0, 0x7, 0xff,
    0xff, 0xff, 0xff, 0xff, 0xff, 0xff, 0xff, 0x60,
    0x0, 0x0, 0x0, 0x0, 0x0, 0x6, 0xfd, 0x0,
    0x0, 0x0, 0x0, 0x0, 0x0, 0x0, 0x0, 0x0,
    0x0, 0x6f, 0xd0, 0x0, 0x0, 0x0, 0x0, 0x0,
    0xaf, 0xff, 0xff, 0xff, 0xff, 0xff, 0xff, 0xff,
    0xff, 0xff, 0xf2, 0x9, 0xee, 0xee, 0xee, 0xff,
    0xff, 0xff, 0xee, 0xee, 0xee, 0xee, 0x20, 0x0,
    0x0, 0x0, 0x2d, 0xfe, 0x6f, 0xf1, 0x0, 0x0,
    0x20, 0x0, 0x0, 0x0, 0x0, 0x7f, 0xfd, 0x20,
    0xbf, 0x80, 0x0, 0x3e, 0xd2, 0x0, 0x0, 0x4,
    0xdf, 0xfa, 0x0, 0x4, 0xff, 0x20, 0x6f, 0xfc,
    0x20, 0x0, 0x5c, 0xff, 0xff, 0x10, 0x0, 0xb,
    0xfc, 0xaf, 0xf8, 0x0, 0x2, 0xff, 0xff, 0xaf,
    0xf1, 0x0, 0x0, 0x1e, 0xff, 0xd3, 0x0, 0x0,
    0x7, 0xe7, 0x13, 0xff, 0x10, 0x0, 0x0, 0x4f,
    0xfb, 0x10, 0x0, 0x0, 0x0, 0x0, 0x3f, 0xf1,
    0x0, 0x48, 0x80, 0x6f, 0xfe, 0x40, 0x0, 0x0,
    0x0, 0x4, 0xff, 0x7b, 0xff, 0xfe, 0x0, 0x4f,
    0xff, 0xc5, 0x0, 0x0, 0x0, 0xcf, 0xff, 0xff,
    0xd8, 0x40, 0x0, 0x2c, 0xff, 0xfa, 0x0, 0x0,
    0xd, 0xff, 0xc7, 0x20, 0x0, 0x0, 0x0, 0x4,
    0xbe, 0x10, 0x0, 0x0, 0x68, 0x20, 0x0, 0x0,
    0x0, 0x0, 0x0, 0x0, 0x0,

    /* U+8981 "要" */
    0x0, 0x0, 0x0, 0x0, 0x0, 0x0, 0x0, 0x0,
    0x0, 0x0, 0x0, 0x1f, 0xff, 0xff, 0xff, 0xff,
    0xff, 0xff, 0xff, 0xff, 0xff, 0xf7, 0x1e, 0xee,
    0xee, 0xef, 0xfe, 0xee, 0xef, 0xfe, 0xee, 0xee,
    0xe6, 0x0, 0x0, 0x0, 0xb, 0xf6, 0x0, 0x3f,
    0xd0, 0x0, 0x0, 0x0, 0x0, 0xab, 0xbb, 0xbe,
    0xfd, 0xbb, 0xcf, 0xfb, 0xbb, 0xbb, 0x60, 0x0,
    0xff, 0xff, 0xff, 0xff, 0xff, 0xff, 0xff, 0xff,
    0xff, 0x90, 0x0, 0xff, 0x31, 0x1b, 0xf7, 0x11,
    0x4f, 0xd1, 0x11, 0xaf, 0x90, 0x0, 0xff, 0x10,
    0xb, 0xf6, 0x0, 0x3f, 0xd0, 0x0, 0x9f, 0x90,
    0x0, 0xff, 0x10, 0xb, 0xf6, 0x0, 0x3f, 0xd0,
    0x0, 0x9f, 0x90, 0x0, 0xff, 0xff, 0xff, 0xff,
    0xff, 0xff, 0xff, 0xff, 0xff, 0x90, 0x0, 0xcc,
    0xcc, 0xcc, 0xff, 0xdc, 0xcc, 0xcc, 0xcc, 0xcc,
    0x70, 0x0, 0x0, 0x0, 0x1, 0xff, 0x70, 0x0,
    0x0, 0x0, 0x0, 0x0, 0x1, 0x11, 0x11, 0x19,
    0xff, 0x21, 0x11, 0x11, 0x11, 0x11, 0x11, 0x7f,
    0xff, 0xff, 0xff, 0xff, 0xff, 0xff, 0xff, 0xff,
    0xff, 0xfe, 0x6c, 0xcc, 0xcd, 0xff, 0xec, 0xcc,
    0xcc, 0xdf, 0xfe, 0xcc, 0xcb, 0x0, 0x0, 0x9,
    0xfe, 0x20, 0x0, 0x0, 0xaf, 0xe1, 0x0, 0x0,
    0x0, 0x0, 0x6f, 0xfa, 0x20, 0x0, 0x8, 0xff,
    0x50, 0x0, 0x0, 0x0, 0x1, 0xdf, 0xff, 0xff,
    0xb8, 0xbf, 0xf7, 0x0, 0x0, 0x0, 0x0, 0x0,
    0x1, 0x58, 0xcf, 0xff, 0xff, 0xe7, 0x20, 0x0,
    0x0, 0x0, 0x1, 0x24, 0x7b, 0xef, 0xff, 0xdf,
    0xff, 0xfe, 0x94, 0x0, 0x1d, 0xff, 0xff, 0xff,
    0xfc, 0x71, 0x1, 0x5a, 0xff, 0xff, 0xd1, 0xa,
    0xfe, 0xca, 0x74, 0x10, 0x0, 0x0, 0x0, 0x5,
    0xbe, 0x30, 0x0, 0x0, 0x0, 0x0, 0x0, 0x0,
    0x0, 0x0, 0x0, 0x0, 0x0,

    /* U+89C2 "观" */
    0x2, 0x22, 0x22, 0x22, 0x30, 0xd, 0xdd, 0xdd,
    0xdd, 0xdd, 0xdc, 0x0, 0xa, 0xff, 0xff, 0xff,
    0xfd, 0xf, 0xff, 0xff, 0xff, 0xff, 0xfe, 0x0,
    0xa, 0xff, 0xff, 0xff, 0xfc, 0xf, 0xf2, 0x11,
    0x11, 0x15, 0xfe, 0x0, 0x0, 0x0, 0x0, 0x8,
    0xf9, 0xf, 0xf1, 0x0, 0x0, 0x4, 0xfe, 0x0,
    0x0, 0x0, 0x0, 0xb, 0xf7, 0xf, 0xf1, 0xb,
    0xb1, 0x4, 0xfe, 0x0, 0x0, 0x42, 0x0, 0xe,
    0xf4, 0xf, 0xf1, 0xe, 0xf2, 0x4, 0xfe, 0x0,
    0x6, 0xfd, 0x0, 0x1f, 0xf2, 0xf, 0xf1, 0xe,
    0xf2, 0x4, 0xfe, 0x0, 0x1, 0xef, 0x90, 0x5f,
    0xe0, 0xf, 0xf1, 0xe, 0xf2, 0x4, 0xfe, 0x0,
    0x0, 0x4f, 0xf4, 0x9f, 0xa0, 0xf, 0xf1, 0xe,
    0xf2, 0x4, 0xfe, 0x0, 0x0, 0x9, 0xfe, 0xef,
    0x50, 0xf, 0xf1, 0xf, 0xf1, 0x4, 0xfe, 0x0,
    0x0, 0x0, 0xdf, 0xff, 0x10, 0xf, 0xf1, 0x1f,
    0xf0, 0x4, 0xfe, 0x0, 0x0, 0x0, 0x4f, 0xfc,
    0x0, 0xf, 0xf1, 0x2f, 0xe0, 0x4, 0xfe, 0x0,
    0x0, 0x0, 0xf, 0xfd, 0x0, 0x9, 0x90, 0x7f,
    0xb0, 0x2, 0x98, 0x0, 0x0, 0x0, 0x8f, 0xff,
    0x70, 0x0, 0x0, 0xcf, 0xff, 0x40, 0x0, 0x0,
    0x0, 0x1, 0xff, 0xaf, 0xf1, 0x0, 0x2, 0xfe,
    0xef, 0x40, 0x0, 0x0, 0x0, 0x8, 0xfd, 0xc,
    0xf8, 0x0, 0xa, 0xf7, 0xdf, 0x40, 0x6, 0x60,
    0x0, 0x3f, 0xf5, 0x6, 0xfb, 0x0, 0x6f, 0xe1,
    0xdf, 0x40, 0x9, 0xf3, 0x1, 0xef, 0xc0, 0x0,
    0x80, 0x5, 0xff, 0x40, 0xdf, 0x40, 0xa, 0xf1,
    0xd, 0xfe, 0x20, 0x0, 0x0, 0x7f, 0xf7, 0x0,
    0xdf, 0x40, 0xc, 0xf0, 0x7, 0xf4, 0x0, 0x0,
    0x2c, 0xff, 0x80, 0x0, 0xcf, 0xda, 0xbf, 0xb0,
    0x0, 0x30, 0x0, 0x0, 0xc, 0xe5, 0x0, 0x0,
    0x4d, 0xff, 0xfc, 0x20, 0x0, 0x0, 0x0, 0x0,
    0x1, 0x10, 0x0, 0x0, 0x0, 0x0, 0x0, 0x0,

    /* U+89C6 "视" */
    0x0, 0x0, 0x0, 0x0, 0x0, 0x0, 0x0, 0x0,
    0x0, 0x0, 0x0, 0x0, 0x0, 0x3, 0xb8, 0x0,
    0x0, 0x0, 0x0, 0x0, 0x0, 0x0, 0x0, 0x0,
    0x0, 0x4, 0xff, 0x50, 0x0, 0xcf, 0xff, 0xff,
    0xff, 0xff, 0xfe, 0x0, 0x0, 0x0, 0x7f, 0xe0,
    0x0, 0xcf, 0xfe, 0xee, 0xee, 0xef, 0xfe, 0x0,
    0x0, 0x0, 0x1d, 0x71, 0x0, 0xcf, 0x50, 0x0,
    0x0, 0x5, 0xfe, 0x0, 0xe, 0xff, 0xff, 0xff,
    0xb0, 0xcf, 0x50, 0x0, 0x0, 0x5, 0xfe, 0x0,
    0xd, 0xff, 0xff, 0xff, 0xf1, 0xcf, 0x50, 0x2f,
    0xf0, 0x5, 0xfe, 0x0, 0x0, 0x0, 0x0, 0x9f,
    0xa0, 0xcf, 0x50, 0x2f, 0xf0, 0x5, 0xfe, 0x0,
    0x0, 0x0, 0x2, 0xff, 0x30, 0xcf, 0x50, 0x2f,
    0xf0, 0x5, 0xfe, 0x0, 0x0, 0x0, 0xb, 0xfa,
    0x0, 0xcf, 0x50, 0x2f, 0xf0, 0x5, 0xfe, 0x0,
    0x0, 0x0, 0x6f, 0xf2, 0x0, 0xcf, 0x50, 0x2f,
    0xf0, 0x5, 0xfe, 0x0, 0x0, 0x3, 0xff, 0xf2,
    0x0, 0xcf, 0x50, 0x3f, 0xe0, 0x5, 0xfe, 0x0,
    0x0, 0x2f, 0xff, 0xfe, 0x10, 0xcf, 0x50, 0x4f,
    0xd0, 0x5, 0xfe, 0x0, 0x3, 0xef, 0xff, 0xdf,
    0xc0, 0xcf, 0x50, 0x7f, 0xb0, 0x5, 0xfe, 0x0,
    0x3f, 0xff, 0xff, 0x5d, 0xf5, 0x79, 0x30, 0xbf,
    0x92, 0x3, 0x98, 0x0, 0xe, 0xc2, 0xdf, 0x43,
    0x90, 0x0, 0x0, 0xff, 0xfe, 0x0, 0x0, 0x0,
    0x3, 0x0, 0xdf, 0x40, 0x0, 0x0, 0x6, 0xff,
    0xfe, 0x0, 0x0, 0x0, 0x0, 0x0, 0xdf, 0x40,
    0x0, 0x0, 0x1e, 0xf8, 0xfe, 0x0, 0x7, 0x40,
    0x0, 0x0, 0xdf, 0x40, 0x0, 0x0, 0xcf, 0xa3,
    0xfe, 0x0, 0xb, 0xf1, 0x0, 0x0, 0xdf, 0x40,
    0x0, 0xb, 0xfd, 0x3, 0xfe, 0x0, 0xc, 0xf0,
    0x0, 0x0, 0xdf, 0x40, 0x2, 0xdf, 0xd1, 0x3,
    0xfe, 0x0, 0xe, 0xd0, 0x0, 0x0, 0xdf, 0x40,
    0x8f, 0xfb, 0x10, 0x1, 0xff, 0xba, 0xbf, 0x90,
    0x0, 0x0, 0xdf, 0x40, 0x2d, 0x50, 0x0, 0x0,
    0x8e, 0xff, 0xfc, 0x10, 0x0, 0x0, 0x0, 0x0,
    0x0, 0x0, 0x0, 0x0, 0x0, 0x0, 0x0, 0x0,

    /* U+89C9 "觉" */
    0x0, 0x0, 0x0, 0x0, 0x0, 0x0, 0x0, 0x0,
    0x0, 0x0, 0x0, 0x0, 0x2, 0x70, 0x0, 0xa,
    0xe1, 0x0, 0x0, 0x2c, 0x71, 0x0, 0x0, 0x1e,
    0xf9, 0x0, 0xb, 0xfb, 0x0, 0x0, 0xaf, 0xe1,
    0x0, 0x0, 0x4, 0xff, 0x50, 0x2, 0xff, 0x40,
    0x3, 0xff, 0x40, 0x0, 0x0, 0x0, 0x9f, 0xa0,
    0x0, 0xad, 0x50, 0xd, 0xf8, 0x0, 0x0, 0xf,
    0xff, 0xff, 0xff, 0xff, 0xff, 0xff, 0xff, 0xff,
    0xff, 0xf1, 0xf, 0xff, 0xff, 0xff, 0xff, 0xff,
    0xff, 0xff, 0xff, 0xff, 0xf1, 0xf, 0xf3, 0x0,
    0x0, 0x0, 0x0, 0x0, 0x0, 0x0, 0x3f, 0xf1,
    0xf, 0xf3, 0x0, 0x0, 0x0, 0x0, 0x0, 0x0,
    0x0, 0x3f, 0xf1, 0xf, 0xf5, 0xff, 0xff, 0xff,
    0xff, 0xff, 0xff, 0xff, 0x5f, 0xf1, 0x0, 0x2,
    0xff, 0xff, 0xff, 0xff, 0xff, 0xff, 0xff, 0x20,
    0x0, 0x0, 0x2, 0xff, 0x10, 0x0, 0x0, 0x0,
    0x3, 0xff, 0x10, 0x0, 0x0, 0x2, 0xff, 0x10,
    0x3, 0xff, 0x10, 0x3, 0xff, 0x10, 0x0, 0x0,
    0x2, 0xff, 0x10, 0x3, 0xff, 0x10, 0x3, 0xff,
    0x10, 0x0, 0x0, 0x2, 0xff, 0x10, 0x3, 0xff,
    0x10, 0x3, 0xff, 0x10, 0x0, 0x0, 0x2, 0xff,
    0x10, 0x5, 0xff, 0x0, 0x3, 0xff, 0x10, 0x0,
    0x0, 0x2, 0xff, 0x10, 0x8, 0xfd, 0x11, 0x3,
    0xff, 0x10, 0x0, 0x0, 0x1, 0x88, 0x10, 0x1e,
    0xf8, 0xff, 0x32, 0xaa, 0x10, 0x0, 0x0, 0x0,
    0x0, 0x1, 0xdf, 0xe1, 0xff, 0x30, 0x0, 0x2,
    0x20, 0x0, 0x0, 0x0, 0x6e, 0xfe, 0x30, 0xff,
    0x30, 0x0, 0x5, 0xf9, 0x0, 0x1, 0x6d, 0xff,
    0xc2, 0x0, 0xff, 0x40, 0x0, 0x8, 0xf8, 0x7,
    0xbf, 0xff, 0xe6, 0x0, 0x0, 0xdf, 0xfe, 0xee,
    0xef, 0xf4, 0x9, 0xff, 0xb5, 0x0, 0x0, 0x0,
    0x4c, 0xff, 0xff, 0xfe, 0x90, 0x0, 0x61, 0x0,
    0x0, 0x0, 0x0, 0x0, 0x0, 0x0, 0x0, 0x0,

    /* U+89D2 "角" */
    0x0, 0x0, 0x0, 0x4, 0x10, 0x0, 0x0, 0x0,
    0x0, 0x0, 0x0, 0x0, 0x0, 0x8, 0xff, 0x30,
    0x0, 0x0, 0x0, 0x0, 0x0, 0x0, 0x0, 0x2,
    0xff, 0xfc, 0xcc, 0xcc, 0xcd, 0x50, 0x0, 0x0,
    0x0, 0x0, 0xdf, 0xff, 0xff, 0xff, 0xff, 0xfd,
    0x0, 0x0, 0x0, 0x0, 0xaf, 0xf4, 0x0, 0x0,
    0x7, 0xff, 0x20, 0x0, 0x0, 0x0, 0xaf, 0xf6,
    0x0, 0x0, 0x4, 0xff, 0x50, 0x0, 0x0, 0x0,
    0xbf, 0xff, 0xdd, 0xdd, 0xdd, 0xff, 0xfd, 0xdd,
    0xdd, 0x32, 0xdf, 0xff, 0xff, 0xff, 0xff, 0xff,
    0xff, 0xff, 0xff, 0xf3, 0xb, 0xfb, 0xff, 0x22,
    0x22, 0x6f, 0xf2, 0x22, 0x22, 0xff, 0x30, 0x14,
    0x4f, 0xf0, 0x0, 0x4, 0xff, 0x0, 0x0, 0xf,
    0xf3, 0x0, 0x4, 0xff, 0x0, 0x0, 0x5f, 0xf0,
    0x0, 0x0, 0xff, 0x30, 0x0, 0x4f, 0xff, 0xff,
    0xff, 0xff, 0xff, 0xff, 0xff, 0xf3, 0x0, 0x4,
    0xff, 0xee, 0xee, 0xef, 0xfe, 0xee, 0xee, 0xff,
    0x30, 0x0, 0x5f, 0xe0, 0x0, 0x4, 0xff, 0x0,
    0x0, 0xf, 0xf3, 0x0, 0x6, 0xfd, 0x0, 0x0,
    0x4f, 0xf0, 0x0, 0x0, 0xff, 0x30, 0x0, 0x7f,
    0xd3, 0x33, 0x37, 0xff, 0x33, 0x33, 0x3f, 0xf3,
    0x0, 0xa, 0xff, 0xff, 0xff, 0xff, 0xff, 0xff,
    0xff, 0xff, 0x30, 0x0, 0xdf, 0xdc, 0xcc, 0xcd,
    0xff, 0xcc, 0xcc, 0xcf, 0xf3, 0x0, 0x3f, 0xf2,
    0x0, 0x0, 0x4f, 0xf0, 0x0, 0x0, 0xff, 0x30,
    0x9, 0xfd, 0x0, 0x0, 0x4, 0xff, 0x0, 0x0,
    0xf, 0xf3, 0x4, 0xff, 0x70, 0x0, 0x0, 0x4f,
    0xf0, 0x12, 0x13, 0xff, 0x30, 0xef, 0xc0, 0x0,
    0x0, 0x4, 0xff, 0x7, 0xff, 0xff, 0xf0, 0x6,
    0xe2, 0x0, 0x0, 0x0, 0x4f, 0xf0, 0x1f, 0xfe,
    0xb4, 0x0, 0x1, 0x0, 0x0, 0x0, 0x0, 0x0,
    0x0, 0x0, 0x0, 0x0,

    /* U+8BA4 "认" */
    0x0, 0x0, 0x0, 0x0, 0x0, 0x0, 0x1, 0x44,
    0x0, 0x0, 0x0, 0x0, 0x0, 0xa4, 0x0, 0x0,
    0x0, 0x0, 0x4f, 0xf0, 0x0, 0x0, 0x0, 0x0,
    0x7f, 0xf6, 0x0, 0x0, 0x0, 0x5, 0xfe, 0x0,
    0x0, 0x0, 0x0, 0x0, 0xaf, 0xf7, 0x0, 0x0,
    0x0, 0x5f, 0xe0, 0x0, 0x0, 0x0, 0x0, 0x0,
    0x9f, 0xf3, 0x0, 0x0, 0x5, 0xfd, 0x0, 0x0,
    0x0, 0x0, 0x0, 0x0, 0x97, 0x0, 0x0, 0x0,
    0x5f, 0xd0, 0x0, 0x0, 0x0, 0x0, 0x0, 0x0,
    0x0, 0x0, 0x0, 0x6, 0xfc, 0x0, 0x0, 0x0,
    0x0, 0x0, 0x0, 0x0, 0x0, 0x0, 0x0, 0x7f,
    0xc0, 0x0, 0x0, 0x0, 0xcf, 0xff, 0xff, 0x10,
    0x0, 0x0, 0x9, 0xfd, 0x0, 0x0, 0x0, 0xd,
    0xff, 0xff, 0xf1, 0x0, 0x0, 0x0, 0xbf, 0xf0,
    0x0, 0x0, 0x0, 0x22, 0x23, 0xff, 0x10, 0x0,
    0x0, 0xd, 0xff, 0x30, 0x0, 0x0, 0x0, 0x0,
    0xf, 0xf1, 0x0, 0x0, 0x0, 0xef, 0xf7, 0x0,
    0x0, 0x0, 0x0, 0x0, 0xff, 0x10, 0x0, 0x0,
    0x1f, 0xff, 0xb0, 0x0, 0x0, 0x0, 0x0, 0xf,
    0xf1, 0x0, 0x0, 0x5, 0xff, 0xff, 0x0, 0x0,
    0x0, 0x0, 0x0, 0xff, 0x10, 0x0, 0x0, 0x9f,
    0xac, 0xf5, 0x0, 0x0, 0x0, 0x0, 0xf, 0xf1,
    0x0, 0x0, 0xf, 0xf6, 0x7f, 0xc0, 0x0, 0x0,
    0x0, 0x0, 0xff, 0x25, 0xd0, 0x7, 0xff, 0x11,
    0xff, 0x40, 0x0, 0x0, 0x0, 0xf, 0xfc, 0xff,
    0x31, 0xef, 0x90, 0x8, 0xfd, 0x0, 0x0, 0x0,
    0x3, 0xff, 0xfe, 0x50, 0xaf, 0xf1, 0x0, 0x1f,
    0xf9, 0x0, 0x0, 0x0, 0x9f, 0xfc, 0x10, 0x7f,
    0xf6, 0x0, 0x0, 0x5f, 0xf7, 0x0, 0x0, 0x2f,
    0xf8, 0x0, 0x8f, 0xfb, 0x0, 0x0, 0x0, 0xaf,
    0xf9, 0x0, 0x0, 0x74, 0x0, 0x9, 0xfb, 0x0,
    0x0, 0x0, 0x0, 0xaf, 0xa0, 0x0, 0x0, 0x0,
    0x0, 0x6, 0x0, 0x0, 0x0, 0x0, 0x0, 0x60,
    0x0,

    /* U+8BA9 "让" */
    0x0, 0x8, 0x10, 0x0, 0x0, 0x0, 0x1f, 0xf2,
    0x0, 0x0, 0x0, 0x0, 0x8, 0xfd, 0x10, 0x0,
    0x0, 0x1, 0xff, 0x20, 0x0, 0x0, 0x0, 0x0,
    0x1d, 0xfd, 0x10, 0x0, 0x0, 0x1f, 0xf2, 0x0,
    0x0, 0x0, 0x0, 0x0, 0x1d, 0xfd, 0x10, 0x0,
    0x1, 0xff, 0x20, 0x0, 0x0, 0x0, 0x0, 0x0,
    0x2e, 0xb0, 0x0, 0x0, 0x1f, 0xf2, 0x0, 0x0,
    0x0, 0x0, 0x0, 0x0, 0x20, 0x0, 0x0, 0x1,
    0xff, 0x20, 0x0, 0x0, 0x0, 0x0, 0x0, 0x0,
    0x0, 0x0, 0x0, 0x1f, 0xf2, 0x0, 0x0, 0x0,
    0x5, 0x77, 0x77, 0x70, 0x0, 0x0, 0x1, 0xff,
    0x63, 0x33, 0x31, 0x0, 0xbf, 0xff, 0xfe, 0x0,
    0x0, 0x0, 0x1f, 0xff, 0xff, 0xff, 0x50, 0x7,
    0xaa, 0xbf, 0xe0, 0x0, 0x0, 0x1, 0xff, 0xee,
    0xee, 0xe4, 0x0, 0x0, 0x2, 0xfe, 0x0, 0x0,
    0x0, 0x1f, 0xf2, 0x0, 0x0, 0x0, 0x0, 0x0,
    0x2f, 0xe0, 0x0, 0x0, 0x1, 0xff, 0x20, 0x0,
    0x0, 0x0, 0x0, 0x2, 0xfe, 0x0, 0x0, 0x0,
    0x1f, 0xf2, 0x0, 0x0, 0x0, 0x0, 0x0, 0x2f,
    0xe0, 0x0, 0x0, 0x1, 0xff, 0x20, 0x0, 0x0,
    0x0, 0x0, 0x2, 0xfe, 0x0, 0x0, 0x0, 0x1f,
    0xf2, 0x0, 0x0, 0x0, 0x0, 0x0, 0x2f, 0xe0,
    0x49, 0x0, 0x1, 0xff, 0x20, 0x0, 0x0, 0x0,
    0x0, 0x2, 0xfe, 0x8f, 0xf0, 0x0, 0x1f, 0xf2,
    0x0, 0x0, 0x0, 0x0, 0x0, 0x3f, 0xff, 0xf5,
    0x0, 0x1, 0xff, 0x20, 0x0, 0x0, 0x0, 0x0,
    0x8, 0xff, 0xd3, 0x0, 0x0, 0x2f, 0xf3, 0x0,
    0x0, 0x0, 0x0, 0x4, 0xff, 0xb1, 0xaf, 0xff,
    0xff, 0xff, 0xff, 0xff, 0xff, 0xf1, 0x0, 0x5f,
    0x90, 0xa, 0xff, 0xff, 0xff, 0xff, 0xff, 0xff,
    0xff, 0x10, 0x0, 0x20, 0x0, 0x12, 0x22, 0x22,
    0x22, 0x22, 0x22, 0x22, 0x20,

    /* U+8BBE "设" */
    0x0, 0x1, 0x30, 0x0, 0x0, 0x1, 0x11, 0x11,
    0x11, 0x10, 0x0, 0x0, 0x1, 0xef, 0x50, 0x0,
    0x0, 0xcf, 0xff, 0xff, 0xff, 0x20, 0x0, 0x0,
    0x8, 0xff, 0x70, 0x0, 0xc, 0xff, 0xff, 0xff,
    0xf2, 0x0, 0x0, 0x0, 0x7, 0xff, 0x70, 0x0,
    0xdf, 0x40, 0x0, 0xef, 0x20, 0x0, 0x0, 0x0,
    0x8, 0xf4, 0x0, 0xe, 0xf2, 0x0, 0xe, 0xf2,
    0x0, 0x0, 0x0, 0x0, 0x2, 0x0, 0x3, 0xff,
    0x0, 0x0, 0xef, 0x20, 0x0, 0x0, 0x0, 0x0,
    0x0, 0x0, 0xdf, 0xa0, 0x0, 0xe, 0xf4, 0x0,
    0x0, 0xbb, 0xbb, 0xb2, 0x3, 0xcf, 0xe1, 0x0,
    0x0, 0xcf, 0xff, 0xf4, 0xf, 0xff, 0xff, 0x30,
    0xcf, 0xd3, 0x0, 0x0, 0x3, 0xce, 0xed, 0x40,
    0x44, 0x4f, 0xf3, 0x1, 0x70, 0x0, 0x0, 0x0,
    0x0, 0x0, 0x0, 0x0, 0x0, 0xef, 0x30, 0xe,
    0xee, 0xee, 0xee, 0xee, 0xef, 0xc1, 0x0, 0x0,
    0xe, 0xf3, 0x0, 0xff, 0xff, 0xff, 0xff, 0xff,
    0xfd, 0x0, 0x0, 0x0, 0xef, 0x30, 0x3, 0xff,
    0x32, 0x22, 0x22, 0xdf, 0x60, 0x0, 0x0, 0xe,
    0xf3, 0x0, 0x9, 0xf9, 0x0, 0x0, 0x6f, 0xe0,
    0x0, 0x0, 0x0, 0xef, 0x30, 0x0, 0x1f, 0xf5,
    0x0, 0x2e, 0xf7, 0x0, 0x0, 0x0, 0xe, 0xf3,
    0x3a, 0x0, 0x6f, 0xf5, 0x2e, 0xfa, 0x0, 0x0,
    0x0, 0x0, 0xef, 0x9f, 0xf2, 0x0, 0x8f, 0xfe,
    0xfc, 0x0, 0x0, 0x0, 0x0, 0xf, 0xff, 0xf7,
    0x0, 0x1, 0xef, 0xff, 0x40, 0x0, 0x0, 0x0,
    0x6, 0xff, 0xe4, 0x0, 0x18, 0xff, 0xff, 0xff,
    0xa3, 0x0, 0x0, 0x0, 0xef, 0xd2, 0x17, 0xcf,
    0xff, 0xc3, 0x3c, 0xff, 0xfe, 0x93, 0x0, 0x5,
    0xb0, 0x0, 0xcf, 0xfb, 0x50, 0x0, 0x5, 0xcf,
    0xff, 0x20, 0x0, 0x0, 0x0, 0x4, 0x61, 0x0,
    0x0, 0x0, 0x0, 0x17, 0x60,

    /* U+8BBF "访" */
    0x0, 0x0, 0x0, 0x0, 0x0, 0x0, 0x0, 0x0,
    0x0, 0x0, 0x0, 0x0, 0x29, 0x0, 0x0, 0x0,
    0x0, 0x9, 0xf7, 0x0, 0x0, 0x0, 0x0, 0xdf,
    0xb0, 0x0, 0x0, 0x0, 0x8, 0xfd, 0x0, 0x0,
    0x0, 0x0, 0x4f, 0xfb, 0x0, 0x0, 0x0, 0x3,
    0xff, 0x20, 0x0, 0x0, 0x0, 0x4, 0xff, 0x90,
    0x0, 0x0, 0x0, 0xeb, 0x30, 0x0, 0x0, 0x0,
    0x0, 0x6e, 0x20, 0xff, 0xff, 0xff, 0xff, 0xff,
    0xff, 0xff, 0x0, 0x0, 0x1, 0x0, 0xff, 0xff,
    0xff, 0xff, 0xff, 0xff, 0xff, 0x0, 0x0, 0x0,
    0x0, 0x22, 0x2b, 0xfa, 0x22, 0x22, 0x22, 0x22,
    0xad, 0xdd, 0xdc, 0x0, 0x0, 0xb, 0xf8, 0x0,
    0x0, 0x0, 0x0, 0xcf, 0xff, 0xfe, 0x0, 0x0,
    0xc, 0xf7, 0x0, 0x0, 0x0, 0x0, 0x12, 0x26,
    0xfe, 0x0, 0x0, 0xc, 0xff, 0xff, 0xff, 0xff,
    0x40, 0x0, 0x4, 0xfe, 0x0, 0x0, 0xd, 0xff,
    0xff, 0xff, 0xff, 0x40, 0x0, 0x4, 0xfe, 0x0,
    0x0, 0xf, 0xf5, 0x22, 0x22, 0xff, 0x30, 0x0,
    0x4, 0xfe, 0x0, 0x0, 0x1f, 0xf1, 0x0, 0x0,
    0xff, 0x30, 0x0, 0x4, 0xfe, 0x0, 0x0, 0x4f,
    0xf0, 0x0, 0x0, 0xff, 0x20, 0x0, 0x4, 0xfe,
    0x0, 0x20, 0x6f, 0xc0, 0x0, 0x1, 0xff, 0x10,
    0x0, 0x4, 0xfe, 0x1b, 0xc0, 0xbf, 0x80, 0x0,
    0x2, 0xff, 0x0, 0x0, 0x5, 0xff, 0xef, 0xd2,
    0xff, 0x30, 0x0, 0x4, 0xfe, 0x0, 0x0, 0x6,
    0xff, 0xfb, 0x17, 0xfe, 0x0, 0x0, 0x6, 0xfd,
    0x0, 0x0, 0x1d, 0xff, 0x90, 0x1e, 0xf7, 0x0,
    0x0, 0x8, 0xfb, 0x0, 0x0, 0x8f, 0xf6, 0x0,
    0xaf, 0xe0, 0x1, 0x10, 0x1e, 0xf8, 0x0, 0x0,
    0xd, 0x50, 0x7, 0xff, 0x50, 0x4, 0xff, 0xff,
    0xf2, 0x0, 0x0, 0x0, 0x0, 0x0, 0xc7, 0x0,
    0x0, 0xff, 0xfd, 0x60, 0x0, 0x0, 0x0, 0x0,
    0x0, 0x0, 0x0, 0x0, 0x0, 0x0, 0x0, 0x0,

    /* U+8BC1 "证" */
    0x0, 0x20, 0x0, 0x0, 0x0, 0x0, 0x0, 0x0,
    0x0, 0x0, 0x0, 0x6, 0xf9, 0x0, 0x0, 0x33,
    0x33, 0x33, 0x33, 0x33, 0x33, 0x31, 0x4, 0xff,
    0xb0, 0x0, 0xdf, 0xff, 0xff, 0xff, 0xff, 0xff,
    0xf8, 0x0, 0x3e, 0xfc, 0x0, 0xbd, 0xdd, 0xdd,
    0xef, 0xfd, 0xdd, 0xd6, 0x0, 0x3, 0xfd, 0x10,
    0x0, 0x0, 0x0, 0x9f, 0xb0, 0x0, 0x0, 0x0,
    0x0, 0x31, 0x0, 0x0, 0x0, 0x0, 0x9f, 0xb0,
    0x0, 0x0, 0x0, 0x0, 0x0, 0x0, 0x0, 0x0,
    0x0, 0x9f, 0xb0, 0x0, 0x0, 0xbb, 0xbb, 0xb3,
    0x0, 0x2, 0x42, 0x0, 0x9f, 0xb0, 0x0, 0x0,
    0xff, 0xff, 0xf4, 0x0, 0xa, 0xf9, 0x0, 0x9f,
    0xb0, 0x0, 0x0, 0x99, 0x9f, 0xf4, 0x0, 0xa,
    0xf9, 0x0, 0x9f, 0xc4, 0x44, 0x40, 0x0, 0xd,
    0xf4, 0x0, 0xa, 0xf9, 0x0, 0x9f, 0xff, 0xff,
    0xf1, 0x0, 0xd, 0xf4, 0x0, 0xa, 0xf9, 0x0,
    0x9f, 0xec, 0xcc, 0xc1, 0x0, 0xd, 0xf4, 0x0,
    0xa, 0xf9, 0x0, 0x9f, 0xb0, 0x0, 0x0, 0x0,
    0xd, 0xf4, 0x0, 0xa, 0xf9, 0x0, 0x9f, 0xb0,
    0x0, 0x0, 0x0, 0xd, 0xf4, 0x0, 0xa, 0xf9,
    0x0, 0x9f, 0xb0, 0x0, 0x0, 0x0, 0xd, 0xf4,
    0x3b, 0xa, 0xf9, 0x0, 0x9f, 0xb0, 0x0, 0x0,
    0x0, 0xd, 0xfb, 0xff, 0x3a, 0xf9, 0x0, 0x9f,
    0xb0, 0x0, 0x0, 0x0, 0xf, 0xff, 0xfa, 0xa,
    0xf9, 0x0, 0x9f, 0xb0, 0x0, 0x0, 0x0, 0x4f,
    0xff, 0x61, 0x1a, 0xfa, 0x11, 0xaf, 0xb1, 0x11,
    0x11, 0x1, 0xef, 0xe3, 0x9, 0xff, 0xff, 0xff,
    0xff, 0xff, 0xff, 0xfe, 0x0, 0x9d, 0x10, 0x8,
    0xff, 0xff, 0xff, 0xff, 0xff, 0xff, 0xfe, 0x0,
    0x1, 0x0, 0x0, 0x0, 0x0, 0x0, 0x0, 0x0,
    0x0, 0x0,

    /* U+8BC6 "识" */
    0x0, 0x20, 0x0, 0x0, 0x0, 0x0, 0x0, 0x0,
    0x0, 0x0, 0x0, 0x6, 0xf9, 0x0, 0x0, 0x4,
    0x44, 0x44, 0x44, 0x44, 0x44, 0x10, 0x4, 0xff,
    0xc0, 0x0, 0xe, 0xff, 0xff, 0xff, 0xff, 0xff,
    0x40, 0x0, 0x3e, 0xfc, 0x0, 0xe, 0xfe, 0xdd,
    0xdd, 0xdd, 0xff, 0x40, 0x0, 0x3, 0xed, 0x10,
    0xe, 0xf4, 0x0, 0x0, 0x0, 0xff, 0x40, 0x0,
    0x0, 0x31, 0x0, 0xe, 0xf4, 0x0, 0x0, 0x0,
    0xff, 0x40, 0x0, 0x0, 0x0, 0x0, 0xe, 0xf4,
    0x0, 0x0, 0x0, 0xff, 0x40, 0xbb, 0xbb, 0xb3,
    0x0, 0xe, 0xf4, 0x0, 0x0, 0x0, 0xff, 0x40,
    0xff, 0xff, 0xf4, 0x0, 0xe, 0xf4, 0x0, 0x0,
    0x0, 0xff, 0x40, 0x44, 0x4e, 0xf4, 0x0, 0xe,
    0xf4, 0x0, 0x0, 0x0, 0xff, 0x40, 0x0, 0xd,
    0xf4, 0x0, 0xe, 0xff, 0xff, 0xff, 0xff, 0xff,
    0x40, 0x0, 0xd, 0xf4, 0x0, 0xe, 0xff, 0xff,
    0xff, 0xff, 0xff, 0x40, 0x0, 0xd, 0xf4, 0x0,
    0x2, 0x22, 0x22, 0x22, 0x22, 0x22, 0x0, 0x0,
    0xd, 0xf4, 0x0, 0x0, 0x0, 0x0, 0x0, 0x0,
    0x0, 0x0, 0x0, 0xd, 0xf4, 0x1, 0x0, 0x48,
    0x40, 0x0, 0x27, 0x60, 0x0, 0x0, 0xd, 0xf4,
    0x8d, 0x0, 0xcf, 0xb0, 0x0, 0x8f, 0xf1, 0x0,
    0x0, 0xe, 0xfe, 0xff, 0x22, 0xff, 0x40, 0x0,
    0xe, 0xf9, 0x0, 0x0, 0x1f, 0xff, 0xe4, 0x9,
    0xfd, 0x0, 0x0, 0x7, 0xff, 0x20, 0x0, 0x6f,
    0xfd, 0x20, 0x3f, 0xf6, 0x0, 0x0, 0x0, 0xef,
    0xa0, 0x1, 0xff, 0xc1, 0x1, 0xdf, 0xc0, 0x0,
    0x0, 0x0, 0x7f, 0xf1, 0x0, 0x7a, 0x0, 0x6,
    0xff, 0x20, 0x0, 0x0, 0x0, 0x1f, 0xf5, 0x0,
    0x0, 0x0, 0x0, 0x34, 0x0, 0x0, 0x0, 0x0,
    0x5, 0x10,

    /* U+8BD1 "译" */
    0x0, 0x60, 0x0, 0x0, 0x0, 0x0, 0x0, 0x0,
    0x0, 0x0, 0x0, 0xa, 0xfb, 0x0, 0xa, 0xff,
    0xff, 0xff, 0xff, 0xff, 0xfd, 0x20, 0x2, 0xff,
    0x70, 0xa, 0xff, 0xff, 0xff, 0xff, 0xff, 0xfe,
    0x10, 0x0, 0x6f, 0xf2, 0x0, 0x9, 0xfb, 0x0,
    0x0, 0x4f, 0xf4, 0x0, 0x0, 0xc, 0xf4, 0x0,
    0x0, 0xcf, 0xa0, 0x4, 0xff, 0x80, 0x0, 0x0,
    0x2, 0x10, 0x0, 0x0, 0x1d, 0xfc, 0x8f, 0xf8,
    0x0, 0x0, 0x0, 0x0, 0x0, 0x0, 0x0, 0x1,
    0xdf, 0xff, 0x70, 0x0, 0x0, 0xff, 0xff, 0xf3,
    0x0, 0x0, 0x4c, 0xff, 0xff, 0xe8, 0x10, 0x0,
    0xff, 0xff, 0xf3, 0x3, 0x8d, 0xff, 0xf8, 0x4d,
    0xff, 0xfb, 0x73, 0x22, 0x2e, 0xf3, 0x8f, 0xff,
    0xf9, 0x10, 0x0, 0x6e, 0xff, 0xf7, 0x0, 0xe,
    0xf3, 0x2f, 0xd7, 0x10, 0xd, 0xd1, 0x0, 0x4a,
    0xc0, 0x0, 0xe, 0xf3, 0x2, 0x0, 0x0, 0xf,
    0xf1, 0x0, 0x0, 0x0, 0x0, 0xe, 0xf3, 0x0,
    0x8e, 0xee, 0xef, 0xfe, 0xee, 0xeb, 0x0, 0x0,
    0xe, 0xf3, 0x0, 0x9f, 0xff, 0xff, 0xff, 0xff,
    0xfc, 0x0, 0x0, 0xe, 0xf3, 0x0, 0x0, 0x0,
    0x1f, 0xf2, 0x0, 0x0, 0x0, 0x0, 0xe, 0xf3,
    0x40, 0x0, 0x0, 0xf, 0xf1, 0x0, 0x0, 0x0,
    0x0, 0xe, 0xfb, 0xfe, 0xee, 0xee, 0xef, 0xfe,
    0xee, 0xee, 0xe5, 0x0, 0xf, 0xff, 0xef, 0xff,
    0xff, 0xff, 0xff, 0xff, 0xff, 0xf5, 0x0, 0x4f,
    0xfe, 0x20, 0x0, 0x0, 0x1f, 0xf2, 0x0, 0x0,
    0x0, 0x0, 0xdf, 0xd1, 0x0, 0x0, 0x0, 0xf,
    0xf1, 0x0, 0x0, 0x0, 0x0, 0x8d, 0x10, 0x0,
    0x0, 0x0, 0xf, 0xf1, 0x0, 0x0, 0x0, 0x0,
    0x1, 0x0, 0x0, 0x0, 0x0, 0xf, 0xf1, 0x0,
    0x0, 0x0,

    /* U+8BF4 "说" */
    0x0, 0x3, 0x0, 0x0, 0x0, 0x5b, 0x10, 0x0,
    0x1, 0xc7, 0x10, 0x0, 0x4, 0xfc, 0x10, 0x0,
    0xc, 0xfa, 0x0, 0x0, 0x7f, 0xf1, 0x0, 0x0,
    0x2e, 0xfd, 0x10, 0x0, 0x3f, 0xf3, 0x0, 0xd,
    0xf9, 0x0, 0x0, 0x0, 0x2e, 0xfd, 0x0, 0x0,
    0xbf, 0xb0, 0x4, 0xff, 0x10, 0x0, 0x0, 0x0,
    0x3f, 0xf4, 0x2, 0x26, 0xe8, 0x22, 0xcf, 0xb2,
    0x20, 0x0, 0x0, 0x0, 0x44, 0x0, 0xff, 0xff,
    0xff, 0xff, 0xff, 0xfd, 0x0, 0x0, 0x0, 0x0,
    0x0, 0xf, 0xfd, 0xcc, 0xcc, 0xcc, 0xef, 0xd0,
    0x0, 0x99, 0x99, 0x93, 0x0, 0xff, 0x10, 0x0,
    0x0, 0x6, 0xfd, 0x0, 0x1f, 0xff, 0xff, 0x60,
    0xf, 0xf1, 0x0, 0x0, 0x0, 0x6f, 0xd0, 0x0,
    0x55, 0x5e, 0xf6, 0x0, 0xff, 0x10, 0x0, 0x0,
    0x6, 0xfd, 0x0, 0x0, 0x0, 0xdf, 0x60, 0xf,
    0xfc, 0xcc, 0xcc, 0xcc, 0xdf, 0xd0, 0x0, 0x0,
    0xd, 0xf6, 0x0, 0xff, 0xff, 0xff, 0xff, 0xff,
    0xfd, 0x0, 0x0, 0x0, 0xdf, 0x60, 0x3, 0x36,
    0xff, 0x34, 0xff, 0x43, 0x20, 0x0, 0x0, 0xd,
    0xf6, 0x0, 0x0, 0x6f, 0xd0, 0xf, 0xf1, 0x0,
    0x0, 0x0, 0x0, 0xdf, 0x60, 0x20, 0x8, 0xfb,
    0x0, 0xff, 0x10, 0x0, 0x0, 0x0, 0xd, 0xf6,
    0x5f, 0x30, 0xbf, 0x80, 0xf, 0xf1, 0x0, 0x0,
    0x0, 0x0, 0xdf, 0xdf, 0xf8, 0x1f, 0xf3, 0x0,
    0xff, 0x10, 0x0, 0x0, 0x0, 0xe, 0xff, 0xfa,
    0x7, 0xfe, 0x0, 0xf, 0xf1, 0x3, 0xc4, 0x0,
    0x5, 0xff, 0xf7, 0x3, 0xff, 0x70, 0x0, 0xff,
    0x10, 0x4f, 0xa0, 0x2, 0xff, 0xf4, 0x4, 0xef,
    0xc0, 0x0, 0xf, 0xf4, 0x7, 0xf9, 0x0, 0xa,
    0xe2, 0xa, 0xff, 0xd1, 0x0, 0x0, 0xef, 0xff,
    0xff, 0x50, 0x0, 0x22, 0x0, 0x5f, 0xa1, 0x0,
    0x0, 0x5, 0xef, 0xff, 0xa0, 0x0, 0x0, 0x0,
    0x0, 0x20, 0x0, 0x0, 0x0, 0x0, 0x0, 0x0,
    0x0,

    /* U+8C03 "调" */
    0x0, 0x5, 0x10, 0x0, 0x0, 0x0, 0x0, 0x0,
    0x0, 0x0, 0x0, 0x0, 0x6, 0xfd, 0x10, 0x0,
    0xff, 0xff, 0xff, 0xff, 0xff, 0xff, 0xf2, 0x0,
    0x1d, 0xfe, 0x20, 0xf, 0xfe, 0xee, 0xee, 0xee,
    0xee, 0xff, 0x20, 0x0, 0x1d, 0xfe, 0x10, 0xff,
    0x0, 0x2, 0x84, 0x0, 0xd, 0xf2, 0x0, 0x0,
    0x1d, 0xd1, 0xf, 0xf0, 0x0, 0x4f, 0x70, 0x0,
    0xdf, 0x20, 0x0, 0x0, 0x21, 0x0, 0xff, 0x6,
    0xac, 0xfd, 0xa9, 0xd, 0xf2, 0x0, 0x0, 0x0,
    0x0, 0xf, 0xf0, 0x8f, 0xff, 0xff, 0xd0, 0xdf,
    0x20, 0xaa, 0xaa, 0xa2, 0x0, 0xff, 0x0, 0x4,
    0xf7, 0x0, 0xd, 0xf2, 0xf, 0xff, 0xff, 0x30,
    0xf, 0xf0, 0x0, 0x5f, 0x70, 0x0, 0xdf, 0x20,
    0x66, 0x6f, 0xf3, 0x0, 0xff, 0x1f, 0xff, 0xff,
    0xff, 0x6d, 0xf2, 0x0, 0x0, 0xef, 0x30, 0xf,
    0xf0, 0x99, 0x99, 0x99, 0x94, 0xdf, 0x20, 0x0,
    0xe, 0xf3, 0x0, 0xfe, 0x0, 0x0, 0x0, 0x0,
    0xd, 0xf2, 0x0, 0x0, 0xef, 0x30, 0x1f, 0xe0,
    0x7a, 0xaa, 0xaa, 0x80, 0xdf, 0x20, 0x0, 0xe,
    0xf3, 0x2, 0xfd, 0xa, 0xff, 0xff, 0xfb, 0xd,
    0xf2, 0x0, 0x0, 0xef, 0x30, 0x4f, 0xb0, 0xaf,
    0x0, 0xf, 0xb0, 0xdf, 0x20, 0x0, 0xe, 0xf3,
    0x36, 0xf9, 0xa, 0xf0, 0x0, 0xfb, 0xd, 0xf2,
    0x0, 0x0, 0xef, 0xaf, 0xcf, 0x60, 0xaf, 0x99,
    0x9f, 0xb0, 0xdf, 0x20, 0x0, 0xf, 0xff, 0xff,
    0xf2, 0xa, 0xff, 0xff, 0xfb, 0xd, 0xf2, 0x0,
    0x4, 0xff, 0xf8, 0xfe, 0x0, 0xaf, 0x0, 0x0,
    0x0, 0xdf, 0x20, 0x0, 0xdf, 0xe3, 0xaf, 0x90,
    0x1, 0x10, 0x0, 0x0, 0xd, 0xf1, 0x0, 0xc,
    0xd2, 0x1f, 0xf2, 0x0, 0x0, 0x0, 0xa, 0xff,
    0xff, 0x0, 0x0, 0x12, 0x0, 0x69, 0x0, 0x0,
    0x0, 0x0, 0x4f, 0xfd, 0x50, 0x0, 0x0, 0x0,
    0x0, 0x0, 0x0, 0x0, 0x0, 0x0, 0x0, 0x0,
    0x0,

    /* U+8C08 "谈" */
    0x0, 0x0, 0x0, 0x0, 0x0, 0x0, 0x2, 0x54,
    0x0, 0x0, 0x0, 0x0, 0x0, 0x60, 0x0, 0x0,
    0x0, 0x0, 0x7f, 0xc0, 0x0, 0x0, 0x0, 0x0,
    0xaf, 0xd1, 0x0, 0x4, 0x94, 0x8, 0xfb, 0x0,
    0x1c, 0x71, 0x0, 0x2, 0xef, 0xd1, 0x0, 0xbf,
    0x50, 0x9f, 0xa0, 0x9, 0xfd, 0x0, 0x0, 0x1,
    0xef, 0xb0, 0x2f, 0xf0, 0xb, 0xf7, 0x2, 0xff,
    0x40, 0x0, 0x0, 0x2, 0xb1, 0xc, 0xf8, 0x0,
    0xff, 0x50, 0xcf, 0x80, 0x0, 0x0, 0x0, 0x0,
    0x1, 0xbe, 0x0, 0x5f, 0xfb, 0x36, 0x90, 0x0,
    0x0, 0x0, 0x0, 0x0, 0x0, 0x0, 0xd, 0xff,
    0xff, 0x91, 0x0, 0x0, 0x9f, 0xff, 0xfd, 0x0,
    0x0, 0x1b, 0xff, 0x38, 0xff, 0xf6, 0x0, 0x9,
    0xff, 0xff, 0xd0, 0x1, 0x7e, 0xff, 0x50, 0x2,
    0xcf, 0xfc, 0x10, 0x12, 0x26, 0xfd, 0x3, 0xff,
    0xfd, 0x32, 0x54, 0x0, 0x7f, 0xf9, 0x0, 0x0,
    0x3f, 0xd0, 0x9, 0xb5, 0x0, 0x6f, 0xc0, 0x0,
    0x3a, 0x0, 0x0, 0x3, 0xfd, 0x0, 0x3, 0x51,
    0x7, 0xfb, 0x0, 0x6, 0x40, 0x0, 0x0, 0x3f,
    0xd0, 0x0, 0xbf, 0x60, 0x9f, 0xa0, 0x2, 0xff,
    0x70, 0x0, 0x3, 0xfd, 0x0, 0x1f, 0xf1, 0xb,
    0xfb, 0x0, 0xaf, 0xd0, 0x0, 0x0, 0x3f, 0xd0,
    0x9, 0xfc, 0x0, 0xff, 0xf1, 0x4f, 0xf3, 0x0,
    0x0, 0x3, 0xfd, 0x2, 0xff, 0x30, 0x5f, 0xff,
    0x8d, 0xf7, 0x0, 0x0, 0x0, 0x3f, 0xe9, 0x63,
    0x70, 0xc, 0xfd, 0xff, 0x56, 0x0, 0x0, 0x0,
    0x4, 0xff, 0xfc, 0x0, 0xa, 0xff, 0x3a, 0xfd,
    0x20, 0x0, 0x0, 0x0, 0x9f, 0xfd, 0x20, 0x4d,
    0xff, 0x80, 0x1d, 0xff, 0x60, 0x0, 0x0, 0x2f,
    0xfb, 0x39, 0xdf, 0xff, 0x70, 0x0, 0x2d, 0xff,
    0xe9, 0x20, 0x0, 0xc9, 0x0, 0xdf, 0xfa, 0x20,
    0x0, 0x0, 0x8, 0xff, 0xd0, 0x0, 0x1, 0x0,
    0x3, 0x61, 0x0, 0x0, 0x0, 0x0, 0x0, 0x63,
    0x0,

    /* U+8D28 "质" */
    0x0, 0x0, 0x0, 0x0, 0x0, 0x0, 0x0, 0x0,
    0x0, 0x1, 0x0, 0x0, 0x0, 0x0, 0x0, 0x0,
    0x0, 0x12, 0x46, 0x8a, 0xdf, 0xf4, 0x0, 0x0,
    0x7, 0x9a, 0xcd, 0xef, 0xff, 0xff, 0xff, 0xff,
    0xfe, 0xa0, 0x0, 0x0, 0xcf, 0xff, 0xff, 0xff,
    0xee, 0xff, 0x86, 0x41, 0x0, 0x0, 0x0, 0xc,
    0xf8, 0x32, 0x10, 0x0, 0x6f, 0xf0, 0x0, 0x0,
    0x0, 0x0, 0x0, 0xcf, 0x60, 0x0, 0x0, 0x7,
    0xfd, 0x0, 0x0, 0x0, 0x0, 0x0, 0xc, 0xff,
    0xff, 0xff, 0xff, 0xff, 0xff, 0xff, 0xff, 0xff,
    0xa0, 0x0, 0xcf, 0xfe, 0xee, 0xee, 0xef, 0xff,
    0xee, 0xee, 0xee, 0xe9, 0x0, 0xc, 0xf6, 0x0,
    0x0, 0x0, 0xbf, 0x80, 0x0, 0x0, 0x0, 0x0,
    0x0, 0xcf, 0x60, 0x0, 0x0, 0xc, 0xf6, 0x0,
    0x0, 0x0, 0x0, 0x0, 0xd, 0xf5, 0xf, 0xff,
    0xff, 0xff, 0xff, 0xff, 0xff, 0xf0, 0x0, 0x0,
    0xdf, 0x50, 0xff, 0xff, 0xff, 0xff, 0xff, 0xff,
    0xff, 0x0, 0x0, 0xe, 0xf4, 0xf, 0xf3, 0x0,
    0x1, 0x10, 0x0, 0x5f, 0xf0, 0x0, 0x0, 0xff,
    0x20, 0xff, 0x20, 0x3, 0xff, 0x10, 0x5, 0xff,
    0x0, 0x0, 0x1f, 0xf1, 0xf, 0xf2, 0x0, 0x3f,
    0xf1, 0x0, 0x5f, 0xf0, 0x0, 0x3, 0xff, 0x0,
    0xff, 0x20, 0x4, 0xff, 0x0, 0x5, 0xff, 0x0,
    0x0, 0x7f, 0xc0, 0xf, 0xf2, 0x0, 0x7f, 0xe0,
    0x0, 0x5f, 0xf0, 0x0, 0xa, 0xf8, 0x0, 0xff,
    0x20, 0x1e, 0xf9, 0x0, 0x5, 0xff, 0x0, 0x0,
    0xef, 0x50, 0x3, 0x30, 0x1c, 0xff, 0x28, 0x71,
    0x15, 0x50, 0x0, 0x5f, 0xf1, 0x0, 0x0, 0x7f,
    0xff, 0x46, 0xff, 0xfa, 0x30, 0x0, 0xc, 0xfa,
    0x0, 0x49, 0xff, 0xfc, 0x20, 0x1, 0x8e, 0xff,
    0xb4, 0x1, 0xdf, 0x20, 0x9f, 0xff, 0xd5, 0x0,
    0x0, 0x0, 0x7, 0xef, 0xf4, 0x0, 0x50, 0x0,
    0xa8, 0x30, 0x0, 0x0, 0x0, 0x0, 0x0, 0x75,
    0x0,

    /* U+8D34 "贴" */
    0x0, 0x0, 0x0, 0x0, 0x0, 0x0, 0x0, 0x3,
    0x40, 0x0, 0x0, 0x0, 0x0, 0x0, 0x0, 0x0,
    0x0, 0x0, 0x0, 0xef, 0x20, 0x0, 0x0, 0x0,
    0xff, 0xff, 0xff, 0xff, 0xb0, 0x0, 0xe, 0xf2,
    0x0, 0x0, 0x0, 0xf, 0xff, 0xff, 0xff, 0xfb,
    0x0, 0x0, 0xef, 0x20, 0x0, 0x0, 0x0, 0xfc,
    0x0, 0x0, 0x3f, 0xb0, 0x0, 0xe, 0xf2, 0x0,
    0x0, 0x0, 0xf, 0xc0, 0x23, 0x2, 0xfb, 0x0,
    0x0, 0xef, 0x64, 0x44, 0x44, 0x0, 0xfc, 0xd,
    0xf1, 0x2f, 0xb0, 0x0, 0xe, 0xff, 0xff, 0xff,
    0xc0, 0xf, 0xc0, 0xdf, 0x12, 0xfb, 0x0, 0x0,
    0xef, 0xdc, 0xcc, 0xca, 0x0, 0xfc, 0xd, 0xf1,
    0x2f, 0xb0, 0x0, 0xe, 0xf2, 0x0, 0x0, 0x0,
    0xf, 0xc0, 0xdf, 0x12, 0xfb, 0x0, 0x0, 0xef,
    0x20, 0x0, 0x0, 0x0, 0xfc, 0xd, 0xf1, 0x2f,
    0xb0, 0x0, 0xe, 0xf2, 0x0, 0x0, 0x0, 0xf,
    0xc0, 0xdf, 0x12, 0xfb, 0x0, 0x0, 0xef, 0x20,
    0x0, 0x0, 0x0, 0xfc, 0xd, 0xf1, 0x2f, 0xb4,
    0xff, 0xff, 0xff, 0xff, 0xff, 0x10, 0xf, 0xc0,
    0xef, 0x2, 0xfb, 0x4f, 0xff, 0xff, 0xff, 0xff,
    0xf1, 0x0, 0xfc, 0xf, 0xf0, 0x2f, 0xb4, 0xf8,
    0x11, 0x11, 0x11, 0xef, 0x10, 0xf, 0xc1, 0xfd,
    0x2, 0xfb, 0x4f, 0x70, 0x0, 0x0, 0xe, 0xf1,
    0x0, 0x97, 0x5f, 0x90, 0x18, 0x64, 0xf7, 0x0,
    0x0, 0x0, 0xef, 0x10, 0x0, 0xa, 0xf7, 0x97,
    0x0, 0x4f, 0x70, 0x0, 0x0, 0xe, 0xf1, 0x0,
    0x2, 0xfe, 0x3f, 0xf2, 0x4, 0xf7, 0x0, 0x0,
    0x0, 0xef, 0x10, 0x0, 0xbf, 0x70, 0x7f, 0xc0,
    0x4f, 0x81, 0x11, 0x11, 0x1e, 0xf1, 0x0, 0x8f,
    0xd0, 0x0, 0xdf, 0x54, 0xff, 0xff, 0xff, 0xff,
    0xff, 0x10, 0xbf, 0xe2, 0x0, 0x4, 0xf8, 0x4f,
    0xff, 0xff, 0xff, 0xff, 0xf1, 0x3, 0xc2, 0x0,
    0x0, 0x2, 0x4, 0xf7, 0x0, 0x0, 0x0, 0xde,
    0x10, 0x0, 0x0, 0x0, 0x0, 0x0, 0x0, 0x0,
    0x0, 0x0, 0x0, 0x0,

    /* U+8D44 "资" */
    0x0, 0x0, 0x0, 0x0, 0x0, 0x0, 0x0, 0x0,
    0x0, 0x0, 0x0, 0x0, 0x1, 0x20, 0x0, 0x0,
    0x0, 0xed, 0x30, 0x0, 0x0, 0x0, 0x0, 0x0,
    0xbf, 0xb5, 0x0, 0x0, 0x8f, 0xe0, 0x0, 0x0,
    0x0, 0x0, 0x0, 0x7, 0xef, 0xfd, 0x30, 0x1f,
    0xff, 0xff, 0xff, 0xff, 0xff, 0xd0, 0x0, 0x0,
    0x6e, 0xf9, 0xc, 0xfd, 0xab, 0xff, 0xca, 0xae,
    0xfb, 0x0, 0x0, 0x0, 0x8, 0x1b, 0xfe, 0x10,
    0x3f, 0xf2, 0x1, 0xff, 0x40, 0x0, 0x0, 0x0,
    0x2, 0xce, 0x30, 0xb, 0xff, 0xa0, 0x4e, 0xb0,
    0x0, 0x0, 0x1, 0x6b, 0xf2, 0x20, 0x7, 0xff,
    0xcf, 0xa0, 0x0, 0x0, 0x2, 0x7c, 0xff, 0xff,
    0x30, 0x9, 0xff, 0x60, 0xaf, 0xd5, 0x0, 0x0,
    0xbf, 0xff, 0xb5, 0x1, 0x7e, 0xff, 0x50, 0x0,
    0x9f, 0xfd, 0x82, 0x6, 0xb5, 0x0, 0x0, 0xdf,
    0xfb, 0x20, 0x0, 0x0, 0x3b, 0xff, 0x20, 0x0,
    0x0, 0x0, 0x3, 0x92, 0x0, 0x0, 0x0, 0x0,
    0x2, 0x40, 0x0, 0x0, 0xef, 0xff, 0xff, 0xff,
    0xff, 0xff, 0xff, 0xfe, 0x0, 0x0, 0x0, 0xe,
    0xff, 0xff, 0xff, 0xff, 0xff, 0xff, 0xff, 0xe0,
    0x0, 0x0, 0x0, 0xef, 0x50, 0x0, 0x15, 0x51,
    0x0, 0x6, 0xfe, 0x0, 0x0, 0x0, 0xe, 0xf4,
    0x0, 0x5, 0xfe, 0x0, 0x0, 0x5f, 0xe0, 0x0,
    0x0, 0x0, 0xef, 0x40, 0x0, 0xaf, 0x90, 0x0,
    0x5, 0xfe, 0x0, 0x0, 0x0, 0xe, 0xf4, 0x0,
    0x2f, 0xf4, 0x10, 0x0, 0x5f, 0xe0, 0x0, 0x0,
    0x0, 0x89, 0x20, 0x2e, 0xfb, 0x3f, 0xd8, 0x32,
    0x65, 0x0, 0x0, 0x0, 0x0, 0x2, 0x8f, 0xfd,
    0x15, 0xdf, 0xff, 0xe9, 0x30, 0x0, 0x0, 0x25,
    0x8c, 0xff, 0xf9, 0x0, 0x0, 0x28, 0xef, 0xff,
    0xd6, 0x0, 0xcf, 0xff, 0xfe, 0x92, 0x0, 0x0,
    0x0, 0x0, 0x4a, 0xff, 0xe1, 0x3, 0xca, 0x73,
    0x0, 0x0, 0x0, 0x0, 0x0, 0x0, 0x1, 0x93,
    0x0,

    /* U+8DD1 "跑" */
    0x0, 0x0, 0x0, 0x0, 0x0, 0x0, 0x12, 0x0,
    0x0, 0x0, 0x0, 0x0, 0x0, 0x55, 0x55, 0x55,
    0x53, 0x0, 0x8f, 0x90, 0x0, 0x0, 0x0, 0x0,
    0x0, 0xff, 0xff, 0xff, 0xf9, 0x0, 0xef, 0x50,
    0x0, 0x0, 0x0, 0x0, 0x0, 0xff, 0x88, 0x8c,
    0xf9, 0x4, 0xff, 0xba, 0xaa, 0xaa, 0xa8, 0x0,
    0x0, 0xfe, 0x0, 0x7, 0xf9, 0xb, 0xff, 0xff,
    0xff, 0xff, 0xfc, 0x0, 0x0, 0xfe, 0x0, 0x7,
    0xf9, 0x5f, 0xe4, 0x33, 0x33, 0x37, 0xfc, 0x0,
    0x0, 0xfe, 0x0, 0x7, 0xfa, 0xef, 0x70, 0x0,
    0x0, 0x4, 0xfc, 0x0, 0x0, 0xff, 0x66, 0x6a,
    0xff, 0xff, 0x10, 0x0, 0x0, 0x4, 0xfc, 0x0,
    0x0, 0xff, 0xff, 0xff, 0xfa, 0xdf, 0xff, 0xff,
    0xfd, 0x4, 0xfc, 0x0, 0x0, 0x88, 0x8f, 0xf8,
    0x84, 0xf, 0xfc, 0xcc, 0xfd, 0x5, 0xfc, 0x0,
    0x0, 0x0, 0xe, 0xf0, 0x0, 0xf, 0xf0, 0x1,
    0xfd, 0x5, 0xfc, 0x0, 0x0, 0x76, 0xe, 0xf0,
    0x0, 0xf, 0xf0, 0x1, 0xfd, 0x5, 0xfb, 0x0,
    0x0, 0xfc, 0xe, 0xf9, 0x84, 0xf, 0xf0, 0x1,
    0xfd, 0x6, 0xfb, 0x0, 0x0, 0xfc, 0xe, 0xff,
    0xf7, 0xf, 0xf9, 0x99, 0xfd, 0x7, 0xfa, 0x0,
    0x0, 0xfc, 0xe, 0xf5, 0x52, 0xf, 0xff, 0xff,
    0xfd, 0xa, 0xf9, 0x0, 0x0, 0xfc, 0xe, 0xf0,
    0x0, 0xf, 0xf2, 0x22, 0x9f, 0xdf, 0xf6, 0x0,
    0x0, 0xfc, 0xe, 0xf0, 0x0, 0xf, 0xf0, 0x0,
    0x3f, 0xff, 0xa0, 0x0, 0x0, 0xfc, 0xe, 0xf0,
    0x14, 0xf, 0xf0, 0x0, 0x1, 0x10, 0x0, 0x0,
    0x0, 0xfc, 0xe, 0xfc, 0xfe, 0xf, 0xf0, 0x0,
    0x0, 0x0, 0x8, 0x60, 0x1, 0xfe, 0xdf, 0xff,
    0xfe, 0xf, 0xf0, 0x0, 0x0, 0x0, 0xc, 0xf1,
    0xf, 0xff, 0xff, 0xc7, 0x30, 0xe, 0xf2, 0x0,
    0x0, 0x0, 0x1f, 0xe0, 0xd, 0xfb, 0x61, 0x0,
    0x0, 0xb, 0xff, 0xdd, 0xdd, 0xdd, 0xff, 0x90,
    0x2, 0x0, 0x0, 0x0, 0x0, 0x2, 0xae, 0xff,
    0xff, 0xff, 0xea, 0x10,

    /* U+8DDF "跟" */
    0x0, 0x0, 0x0, 0x0, 0x0, 0x0, 0x0, 0x0,
    0x0, 0x0, 0x0, 0x0, 0x0, 0xff, 0xff, 0xff,
    0xff, 0xe, 0xff, 0xff, 0xff, 0xff, 0xfd, 0x0,
    0x0, 0xff, 0xdd, 0xde, 0xff, 0xe, 0xff, 0xff,
    0xff, 0xff, 0xfd, 0x0, 0x0, 0xfe, 0x0, 0x2,
    0xff, 0xe, 0xf2, 0x0, 0x0, 0x3, 0xfd, 0x0,
    0x0, 0xfe, 0x0, 0x2, 0xff, 0xe, 0xf2, 0x0,
    0x0, 0x3, 0xfd, 0x0, 0x0, 0xfe, 0x0, 0x2,
    0xff, 0xe, 0xfd, 0xdd, 0xdd, 0xde, 0xfd, 0x0,
    0x0, 0xff, 0xbb, 0xbc, 0xff, 0xe, 0xfe, 0xdd,
    0xdd, 0xde, 0xfd, 0x0, 0x0, 0xff, 0xff, 0xff,
    0xff, 0xe, 0xf2, 0x0, 0x0, 0x3, 0xfd, 0x0,
    0x0, 0x22, 0x2d, 0xf4, 0x22, 0xe, 0xf2, 0x0,
    0x0, 0x3, 0xfd, 0x0, 0x0, 0x0, 0xc, 0xf2,
    0x0, 0xe, 0xfa, 0x99, 0x99, 0x9b, 0xfd, 0x0,
    0x0, 0xda, 0xc, 0xf2, 0x0, 0xe, 0xff, 0xff,
    0xff, 0xff, 0xfd, 0x0, 0x0, 0xfc, 0xc, 0xfe,
    0xdd, 0xe, 0xf7, 0x4c, 0xf6, 0x44, 0x44, 0x0,
    0x0, 0xfc, 0xc, 0xff, 0xff, 0xe, 0xf2, 0x7,
    0xf7, 0x0, 0x3d, 0x40, 0x0, 0xfc, 0xc, 0xf3,
    0x11, 0xe, 0xf2, 0x2, 0xfe, 0x6, 0xff, 0xc0,
    0x0, 0xfc, 0xc, 0xf2, 0x0, 0xe, 0xf2, 0x0,
    0xcf, 0xcf, 0xf9, 0x0, 0x0, 0xfc, 0xc, 0xf2,
    0x0, 0xe, 0xf2, 0x0, 0x5f, 0xfd, 0x40, 0x0,
    0x0, 0xfc, 0xc, 0xf3, 0x48, 0x1e, 0xf2, 0x0,
    0xd, 0xfa, 0x0, 0x0, 0x0, 0xfd, 0x4e, 0xff,
    0xff, 0x3e, 0xf2, 0x0, 0x14, 0xff, 0x80, 0x0,
    0x8, 0xff, 0xff, 0xff, 0xc7, 0x2f, 0xf8, 0xad,
    0xf1, 0x8f, 0xf9, 0x0, 0xe, 0xff, 0xd9, 0x50,
    0x0, 0x8f, 0xff, 0xff, 0xf2, 0xa, 0xff, 0xe2,
    0x7, 0x62, 0x0, 0x0, 0x0, 0x9f, 0xfc, 0x84,
    0x0, 0x0, 0x7f, 0xa0, 0x0, 0x0, 0x0, 0x0,
    0x0, 0x17, 0x10, 0x0, 0x0, 0x0, 0x3, 0x10,

    /* U+8DEF "路" */
    0x0, 0x0, 0x0, 0x0, 0x0, 0x0, 0x0, 0x10,
    0x0, 0x0, 0x0, 0x0, 0x0, 0x34, 0x44, 0x44,
    0x44, 0x0, 0x2, 0xfe, 0x10, 0x0, 0x0, 0x0,
    0x0, 0xdf, 0xff, 0xff, 0xff, 0x0, 0x9, 0xfd,
    0x0, 0x0, 0x0, 0x0, 0x0, 0xdf, 0xaa, 0xab,
    0xff, 0x0, 0x1f, 0xff, 0xdd, 0xde, 0xb1, 0x0,
    0x0, 0xdf, 0x10, 0x3, 0xff, 0x0, 0x8f, 0xff,
    0xff, 0xff, 0xe0, 0x0, 0x0, 0xdf, 0x10, 0x3,
    0xff, 0x3, 0xff, 0xa0, 0x0, 0xbf, 0x80, 0x0,
    0x0, 0xdf, 0x10, 0x3, 0xff, 0x1d, 0xff, 0xf3,
    0x4, 0xff, 0x20, 0x0, 0x0, 0xdf, 0xcc, 0xcd,
    0xff, 0xcf, 0xf7, 0xfd, 0x1e, 0xf9, 0x0, 0x0,
    0x0, 0xdf, 0xff, 0xff, 0xff, 0x7f, 0x40, 0xaf,
    0xef, 0xd0, 0x0, 0x0, 0x0, 0x12, 0x2c, 0xf5,
    0x22, 0x2, 0x0, 0x1e, 0xff, 0x30, 0x0, 0x0,
    0x0, 0x0, 0xb, 0xf3, 0x0, 0x0, 0x0, 0x6f,
    0xff, 0x90, 0x0, 0x0, 0x0, 0xba, 0xb, 0xf3,
    0x0, 0x0, 0x9, 0xff, 0xbf, 0xfc, 0x10, 0x0,
    0x0, 0xed, 0xb, 0xfa, 0x88, 0x14, 0xdf, 0xf6,
    0x4, 0xef, 0xf9, 0x10, 0x0, 0xed, 0xb, 0xff,
    0xff, 0xdf, 0xfe, 0x40, 0x0, 0x2d, 0xff, 0xc0,
    0x0, 0xed, 0xb, 0xf9, 0x77, 0xcf, 0xfe, 0xdd,
    0xdd, 0xde, 0xff, 0x20, 0x0, 0xed, 0xb, 0xf3,
    0x0, 0x23, 0xff, 0xff, 0xff, 0xff, 0xf4, 0x0,
    0x0, 0xed, 0xb, 0xf3, 0x0, 0x0, 0xff, 0x0,
    0x0, 0xe, 0xf3, 0x0, 0x0, 0xed, 0xb, 0xf3,
    0x3, 0x20, 0xff, 0x0, 0x0, 0xd, 0xf3, 0x0,
    0x0, 0xed, 0x1d, 0xfd, 0xff, 0x70, 0xff, 0x0,
    0x0, 0xd, 0xf3, 0x0, 0x7, 0xff, 0xff, 0xff,
    0xfd, 0x50, 0xff, 0x0, 0x0, 0xd, 0xf3, 0x0,
    0xf, 0xff, 0xfd, 0x95, 0x10, 0x0, 0xff, 0xff,
    0xff, 0xff, 0xf3, 0x0, 0x9, 0x84, 0x10, 0x0,
    0x0, 0x0, 0xff, 0xff, 0xff, 0xff, 0xf3, 0x0,
    0x0, 0x0, 0x0, 0x0, 0x0, 0x0, 0xff, 0x0,
    0x0, 0xc, 0xe3, 0x0,

    /* U+8F6E "轮" */
    0x0, 0x0, 0x9b, 0x30, 0x0, 0x0, 0x0, 0x2e,
    0xb3, 0x0, 0x0, 0x0, 0x0, 0xd, 0xf3, 0x0,
    0x0, 0x0, 0x9, 0xff, 0x50, 0x0, 0x0, 0x2,
    0x33, 0xff, 0x33, 0x32, 0x0, 0x1, 0xff, 0xfd,
    0x0, 0x0, 0x0, 0xef, 0xff, 0xff, 0xff, 0xa0,
    0x0, 0xbf, 0xee, 0xf8, 0x0, 0x0, 0xd, 0xef,
    0xff, 0xee, 0xe9, 0x0, 0x5f, 0xf5, 0x4f, 0xf4,
    0x0, 0x0, 0x0, 0xbf, 0x30, 0x0, 0x0, 0x3f,
    0xfa, 0x0, 0x9f, 0xe2, 0x0, 0x0, 0xf, 0xe4,
    0x72, 0x0, 0x2e, 0xfe, 0x10, 0x0, 0xdf, 0xe2,
    0x0, 0x4, 0xf9, 0x9f, 0x50, 0x3e, 0xff, 0x30,
    0x0, 0x3, 0xff, 0xe3, 0x0, 0x9f, 0x39, 0xf5,
    0xe, 0xff, 0xb7, 0x20, 0x0, 0x4, 0xff, 0xa0,
    0x1f, 0xd1, 0x9f, 0x60, 0x4e, 0x3f, 0xf4, 0x0,
    0x0, 0x14, 0xb0, 0xa, 0xff, 0xff, 0xff, 0xf9,
    0x10, 0xff, 0x40, 0x2, 0xcd, 0x0, 0x0, 0x6f,
    0xff, 0xff, 0xff, 0x90, 0xf, 0xf4, 0x6, 0xff,
    0xf6, 0x0, 0x0, 0x10, 0x9, 0xf5, 0x0, 0x0,
    0xff, 0x7c, 0xff, 0xe4, 0x0, 0x0, 0x0, 0x0,
    0x9f, 0x50, 0x0, 0xf, 0xff, 0xff, 0x80, 0x0,
    0x0, 0x0, 0x0, 0x9, 0xf9, 0x7a, 0x10, 0xff,
    0xf9, 0x10, 0x0, 0x0, 0x0, 0x69, 0xbd, 0xff,
    0xff, 0xf2, 0xf, 0xf4, 0x0, 0x0, 0x0, 0x0,
    0xf, 0xff, 0xff, 0xfb, 0x74, 0x0, 0xff, 0x40,
    0x0, 0x0, 0xd8, 0x0, 0x88, 0x52, 0x9f, 0x50,
    0x0, 0xf, 0xf4, 0x0, 0x0, 0xf, 0xf0, 0x0,
    0x0, 0x9, 0xf5, 0x0, 0x0, 0xef, 0x60, 0x0,
    0x4, 0xfd, 0x0, 0x0, 0x0, 0x9f, 0x50, 0x0,
    0xc, 0xff, 0xff, 0xff, 0xff, 0x80, 0x0, 0x0,
    0x9, 0xf5, 0x0, 0x0, 0x3d, 0xff, 0xff, 0xff,
    0xb1, 0x0, 0x0, 0x0, 0x9f, 0x50, 0x0, 0x0,
    0x0, 0x0, 0x0, 0x0, 0x0,

    /* U+8F7B "轻" */
    0x0, 0x0, 0x8b, 0x40, 0x0, 0x0, 0x0, 0x0,
    0x0, 0x0, 0x0, 0x0, 0x0, 0xc, 0xf6, 0x0,
    0x0, 0xaa, 0xaa, 0xaa, 0xaa, 0xb9, 0x10, 0x2,
    0x33, 0xff, 0x53, 0x33, 0xe, 0xff, 0xff, 0xff,
    0xff, 0xf5, 0x0, 0xef, 0xff, 0xff, 0xff, 0xf1,
    0x45, 0x55, 0x55, 0x5f, 0xfc, 0x0, 0xc, 0xdf,
    0xff, 0xdd, 0xdd, 0x10, 0x0, 0x0, 0xa, 0xff,
    0x30, 0x0, 0x0, 0xaf, 0x50, 0x0, 0x0, 0x0,
    0x0, 0x9, 0xff, 0x60, 0x0, 0x0, 0xf, 0xf3,
    0x75, 0x0, 0x0, 0x0, 0x1b, 0xff, 0x80, 0x0,
    0x0, 0x4, 0xfb, 0x5f, 0xb0, 0x0, 0x0, 0x4e,
    0xff, 0xfa, 0x20, 0x0, 0x0, 0xaf, 0x55, 0xfb,
    0x0, 0x3, 0xbf, 0xff, 0xaf, 0xff, 0xa2, 0x0,
    0x2f, 0xe0, 0x5f, 0xb0, 0x1c, 0xff, 0xfa, 0x10,
    0x19, 0xff, 0xf5, 0xa, 0xff, 0xff, 0xff, 0xfe,
    0x7f, 0xb3, 0x0, 0x0, 0x2, 0xbe, 0x10, 0x6f,
    0xfe, 0xff, 0xfe, 0xd0, 0x20, 0x0, 0x0, 0x0,
    0x0, 0x10, 0x0, 0x0, 0x5, 0xfb, 0x0, 0xd,
    0xff, 0xff, 0xff, 0xff, 0xfa, 0x0, 0x0, 0x0,
    0x5f, 0xb0, 0x0, 0xdf, 0xff, 0xff, 0xff, 0xff,
    0xa0, 0x0, 0x0, 0x5, 0xfd, 0x7a, 0x0, 0x0,
    0xa, 0xf8, 0x0, 0x0, 0x0, 0x68, 0xbd, 0xff,
    0xff, 0xf1, 0x0, 0x0, 0xaf, 0x80, 0x0, 0x0,
    0xf, 0xff, 0xff, 0xfe, 0x74, 0x0, 0x0, 0xa,
    0xf8, 0x0, 0x0, 0x0, 0x99, 0x63, 0x6f, 0xb0,
    0x0, 0x0, 0x0, 0xaf, 0x80, 0x0, 0x0, 0x0,
    0x0, 0x5, 0xfb, 0x0, 0x0, 0x0, 0xa, 0xf8,
    0x0, 0x0, 0x0, 0x0, 0x0, 0x5f, 0xb0, 0x1f,
    0xff, 0xff, 0xff, 0xff, 0xff, 0xfa, 0x0, 0x0,
    0x5, 0xfb, 0x1, 0xff, 0xff, 0xff, 0xff, 0xff,
    0xff, 0xa0, 0x0, 0x0, 0x5f, 0xb0, 0x2, 0x22,
    0x22, 0x22, 0x22, 0x22, 0x21,

    /* U+8F7D "载" */
    0x0, 0x0, 0x0, 0x11, 0x0, 0x0, 0x0, 0x10,
    0x0, 0x0, 0x0, 0x0, 0x0, 0x0, 0xf, 0xf1,
    0x0, 0x0, 0x6f, 0xc0, 0x17, 0x0, 0x0, 0x0,
    0x11, 0x12, 0xff, 0x31, 0x11, 0x6, 0xfd, 0xe,
    0xf9, 0x0, 0x0, 0x4f, 0xff, 0xff, 0xff, 0xff,
    0xf3, 0x5f, 0xd0, 0x4f, 0xf7, 0x0, 0x3, 0xaa,
    0xaa, 0xff, 0xaa, 0xaa, 0x25, 0xfd, 0x0, 0x5f,
    0xe1, 0x0, 0x0, 0x0, 0xf, 0xf1, 0x0, 0x0,
    0x5f, 0xd0, 0x0, 0x51, 0x0, 0x6d, 0xdd, 0xdd,
    0xff, 0xdd, 0xdd, 0xde, 0xff, 0xdd, 0xdd, 0xdc,
    0x7, 0xff, 0xff, 0xff, 0xff, 0xff, 0xff, 0xff,
    0xff, 0xff, 0xff, 0xe0, 0x0, 0x0, 0x4f, 0xb0,
    0x0, 0x0, 0x2, 0xff, 0x0, 0x0, 0x0, 0x0,
    0x0, 0xa, 0xfa, 0x0, 0x0, 0x0, 0x1f, 0xf0,
    0x2, 0xc7, 0x0, 0x2f, 0xff, 0xff, 0xff, 0xff,
    0xff, 0xf0, 0xff, 0x20, 0x7f, 0xb0, 0x2, 0xcc,
    0xff, 0xec, 0xcc, 0xcc, 0xcc, 0xe, 0xf3, 0xc,
    0xf5, 0x0, 0x0, 0x2f, 0xf2, 0x4, 0x40, 0x0,
    0x0, 0xdf, 0x52, 0xff, 0x0, 0x0, 0xb, 0xf7,
    0x0, 0xff, 0x0, 0x0, 0xb, 0xf8, 0x9f, 0xa0,
    0x0, 0x7, 0xff, 0xdc, 0xdf, 0xfd, 0xcc, 0x70,
    0x8f, 0xcf, 0xf3, 0x0, 0x0, 0x4f, 0xff, 0xff,
    0xff, 0xff, 0xf9, 0x5, 0xff, 0xfa, 0x0, 0x0,
    0x0, 0x31, 0x0, 0x1f, 0xf0, 0x0, 0x0, 0x2f,
    0xff, 0x20, 0x0, 0x0, 0x0, 0x0, 0x0, 0xff,
    0x1, 0x24, 0x0, 0xff, 0xa0, 0x7, 0x40, 0x15,
    0x67, 0x9a, 0xcf, 0xff, 0xff, 0xf1, 0x8f, 0xfa,
    0x0, 0x9f, 0x32, 0xff, 0xff, 0xff, 0xff, 0xfe,
    0xca, 0x6f, 0xff, 0xf2, 0xb, 0xf1, 0x1c, 0xb9,
    0x86, 0x5f, 0xf0, 0x0, 0x5f, 0xf9, 0xcf, 0xc3,
    0xfe, 0x0, 0x0, 0x0, 0x0, 0xff, 0x0, 0x6f,
    0xf8, 0x3, 0xff, 0xff, 0x90, 0x0, 0x0, 0x0,
    0xf, 0xf0, 0x2, 0xd8, 0x0, 0x3, 0xcf, 0xb1,
    0x0, 0x0, 0x0, 0x0, 0x0, 0x0, 0x0, 0x0,
    0x0, 0x0, 0x0, 0x0,

    /* U+8F91 "辑" */
    0x0, 0x0, 0x22, 0x0, 0x0, 0x0, 0x0, 0x0,
    0x0, 0x0, 0x0, 0x0, 0x0, 0xa, 0xf9, 0x0,
    0x0, 0x89, 0x99, 0x99, 0x99, 0x99, 0x20, 0x0,
    0x0, 0xcf, 0x60, 0x0, 0xe, 0xff, 0xff, 0xff,
    0xff, 0xf3, 0x0, 0x88, 0x8f, 0xfa, 0x88, 0x70,
    0xef, 0x20, 0x0, 0x0, 0xef, 0x30, 0xe, 0xff,
    0xff, 0xff, 0xfd, 0xe, 0xf2, 0x0, 0x0, 0xe,
    0xf3, 0x0, 0xbc, 0xef, 0xec, 0xcc, 0xa0, 0xef,
    0xba, 0xaa, 0xaa, 0xff, 0x30, 0x0, 0xa, 0xf6,
    0x0, 0x0, 0xd, 0xff, 0xff, 0xff, 0xff, 0xf3,
    0x0, 0x0, 0xff, 0x37, 0x50, 0x0, 0x0, 0x0,
    0x0, 0x0, 0x0, 0x0, 0x0, 0x4f, 0xb4, 0xfb,
    0x0, 0xef, 0xff, 0xff, 0xff, 0xff, 0xff, 0x90,
    0xb, 0xf4, 0x4f, 0xb0, 0xc, 0xff, 0xed, 0xdd,
    0xde, 0xff, 0xe8, 0x3, 0xff, 0x47, 0xfc, 0x32,
    0xb, 0xf4, 0x0, 0x0, 0xf, 0xf0, 0x0, 0xaf,
    0xff, 0xff, 0xff, 0x90, 0xbf, 0xb9, 0x99, 0x99,
    0xff, 0x0, 0x4, 0xdb, 0xac, 0xfe, 0xa6, 0xb,
    0xff, 0xff, 0xff, 0xff, 0xf0, 0x0, 0x0, 0x0,
    0x4f, 0xb0, 0x0, 0xbf, 0x50, 0x0, 0x0, 0xff,
    0x0, 0x0, 0x0, 0x4, 0xfb, 0x0, 0xb, 0xf4,
    0x0, 0x0, 0xf, 0xf0, 0x0, 0x0, 0x0, 0x4f,
    0xd7, 0x91, 0xbf, 0xff, 0xff, 0xff, 0xff, 0x0,
    0x5, 0x7a, 0xcf, 0xff, 0xff, 0x2b, 0xfb, 0x99,
    0x99, 0x9f, 0xf0, 0x0, 0xff, 0xff, 0xff, 0xe9,
    0x50, 0xbf, 0x40, 0x0, 0x0, 0xff, 0x0, 0xb,
    0xc9, 0x66, 0xfb, 0x0, 0x1c, 0xf8, 0x67, 0x89,
    0xaf, 0xfe, 0xd0, 0x0, 0x0, 0x4f, 0xb0, 0x6f,
    0xff, 0xff, 0xff, 0xff, 0xff, 0xfc, 0x0, 0x0,
    0x4, 0xfb, 0x3, 0xed, 0xca, 0x98, 0x65, 0x4f,
    0xf0, 0x0, 0x0, 0x0, 0x4f, 0xb0, 0x0, 0x0,
    0x0, 0x0, 0x0, 0xff, 0x0, 0x0, 0x0, 0x4,
    0xfb, 0x0, 0x0, 0x0, 0x0, 0x0, 0xf, 0xf0,
    0x0, 0x0, 0x0, 0x0, 0x0, 0x0, 0x0, 0x0,
    0x0, 0x0, 0x0, 0x0,

    /* U+8FA8 "辨" */
    0x0, 0x0, 0x0, 0x0, 0x0, 0x0, 0x0, 0x0,
    0x0, 0x0, 0x0, 0x0, 0x3a, 0x50, 0x0, 0x0,
    0x2, 0xd9, 0x0, 0x6d, 0x30, 0x0, 0x0, 0x4f,
    0xd0, 0x0, 0x0, 0x3, 0xfa, 0x0, 0x6f, 0xa0,
    0x0, 0x0, 0xd, 0xf5, 0x0, 0x0, 0x3, 0xfa,
    0x0, 0x1e, 0xf2, 0x0, 0x7f, 0xff, 0xff, 0xfe,
    0x0, 0x3, 0xfa, 0xff, 0xff, 0xff, 0xfa, 0x6d,
    0xdd, 0xdd, 0xdc, 0x4, 0x23, 0xfa, 0xcc, 0xcc,
    0xcd, 0xc8, 0x6, 0xc0, 0x5, 0xc4, 0xf, 0xa3,
    0xfa, 0x1b, 0x70, 0x9, 0xd1, 0x7, 0xf4, 0x9,
    0xf3, 0x1f, 0x93, 0xfa, 0xe, 0xd0, 0xd, 0xe0,
    0x3, 0xf8, 0xd, 0xe0, 0x2f, 0x93, 0xfa, 0xa,
    0xf1, 0x1f, 0x90, 0x1, 0xf9, 0x1f, 0x90, 0x3f,
    0x83, 0xfa, 0x8, 0xf2, 0x5f, 0x40, 0x8d, 0xec,
    0xdf, 0xec, 0x7f, 0x63, 0xfd, 0xbd, 0xcb, 0xdf,
    0xcb, 0xaf, 0xff, 0xff, 0xff, 0xaf, 0x44, 0xfd,
    0xff, 0xff, 0xff, 0xff, 0x0, 0xd, 0xf4, 0x0,
    0xcf, 0x14, 0xf9, 0x11, 0x1f, 0xf1, 0x11, 0x0,
    0xc, 0xf3, 0x0, 0x14, 0x6, 0xf8, 0x0, 0xf,
    0xf0, 0x0, 0x25, 0x5e, 0xf8, 0x55, 0x0, 0x9,
    0xf5, 0x0, 0xf, 0xf0, 0x0, 0x6f, 0xff, 0xff,
    0xfe, 0x0, 0xc, 0xf2, 0xcc, 0xcf, 0xfd, 0xc9,
    0x37, 0x7f, 0xf8, 0x77, 0x0, 0x1f, 0xf0, 0xff,
    0xff, 0xff, 0xfb, 0x0, 0xf, 0xf0, 0x0, 0x0,
    0x8f, 0xb0, 0x0, 0xf, 0xf1, 0x0, 0x0, 0x4f,
    0xc0, 0x0, 0x1, 0xff, 0x40, 0x0, 0xf, 0xf0,
    0x0, 0x0, 0xbf, 0x70, 0x0, 0xb, 0xfc, 0x0,
    0x0, 0xf, 0xf0, 0x0, 0x6, 0xfe, 0x0, 0x0,
    0x9f, 0xf2, 0x0, 0x0, 0xf, 0xf0, 0x0, 0x4f,
    0xf5, 0x0, 0x7, 0xff, 0x40, 0x0, 0x0, 0xf,
    0xf0, 0x0, 0x9, 0x60, 0x0, 0x0, 0xb4, 0x0,
    0x0, 0x0, 0xf, 0xf0, 0x0, 0x0, 0x0, 0x0,
    0x0, 0x0, 0x0, 0x0, 0x0, 0x0, 0x0, 0x0,

    /* U+8FB9 "边" */
    0x0, 0x1a, 0x20, 0x0, 0x0, 0x0, 0xc, 0xd5,
    0x0, 0x0, 0x0, 0x0, 0x0, 0xbf, 0xe2, 0x0,
    0x0, 0x0, 0xf, 0xf6, 0x0, 0x0, 0x0, 0x0,
    0x0, 0x1d, 0xfe, 0x20, 0x0, 0x0, 0xf, 0xf5,
    0x0, 0x0, 0x0, 0x0, 0x0, 0x1, 0xef, 0xd0,
    0x0, 0x0, 0xf, 0xf4, 0x0, 0x0, 0x0, 0x0,
    0x0, 0x0, 0x4f, 0xb1, 0xcf, 0xff, 0xff, 0xff,
    0xff, 0xff, 0xff, 0x10, 0x0, 0x0, 0x3, 0x0,
    0xcf, 0xff, 0xff, 0xff, 0xff, 0xff, 0xff, 0x10,
    0x0, 0x0, 0x0, 0x0, 0x12, 0x22, 0x6f, 0xf2,
    0x22, 0x25, 0xff, 0x0, 0x2, 0x22, 0x22, 0x0,
    0x0, 0x0, 0x7f, 0xe0, 0x0, 0x4, 0xff, 0x0,
    0xf, 0xff, 0xff, 0x30, 0x0, 0x0, 0x9f, 0xb0,
    0x0, 0x4, 0xff, 0x0, 0xf, 0xff, 0xff, 0x30,
    0x0, 0x0, 0xcf, 0x80, 0x0, 0x5, 0xfe, 0x0,
    0x0, 0x0, 0xff, 0x30, 0x0, 0x2, 0xff, 0x40,
    0x0, 0x6, 0xfd, 0x0, 0x0, 0x0, 0xff, 0x30,
    0x0, 0x7, 0xfe, 0x0, 0x0, 0x7, 0xfc, 0x0,
    0x0, 0x0, 0xff, 0x30, 0x0, 0x1e, 0xf9, 0x0,
    0x0, 0x9, 0xfb, 0x0, 0x0, 0x0, 0xff, 0x30,
    0x0, 0x9f, 0xf1, 0x0, 0x0, 0xb, 0xf9, 0x0,
    0x0, 0x0, 0xff, 0x30, 0x6, 0xff, 0x70, 0x0,
    0x0, 0xe, 0xf7, 0x0, 0x0, 0x0, 0xff, 0x30,
    0x8f, 0xfc, 0x0, 0x26, 0x55, 0x9f, 0xf4, 0x0,
    0x0, 0x0, 0xff, 0x33, 0xff, 0xb0, 0x0, 0x1f,
    0xff, 0xff, 0xd0, 0x0, 0x0, 0xa, 0xff, 0x90,
    0x49, 0x0, 0x0, 0xa, 0xdd, 0xd9, 0x10, 0x0,
    0x0, 0xcf, 0xff, 0xfc, 0x20, 0x0, 0x0, 0x0,
    0x0, 0x0, 0x0, 0x0, 0xb, 0xff, 0x31, 0xcf,
    0xfa, 0x64, 0x32, 0x12, 0x23, 0x45, 0x7a, 0xe2,
    0x3f, 0xf6, 0x0, 0x9, 0xff, 0xff, 0xff, 0xff,
    0xff, 0xff, 0xff, 0xe0, 0x8, 0xc0, 0x0, 0x0,
    0x38, 0xdf, 0xff, 0xff, 0xff, 0xff, 0xfe, 0xa0,
    0x0, 0x20, 0x0, 0x0, 0x0, 0x0, 0x11, 0x11,
    0x11, 0x0, 0x0, 0x0,

    /* U+8FBE "达" */
    0x0, 0x4, 0x0, 0x0, 0x0, 0x0, 0x2, 0xdd,
    0x10, 0x0, 0x0, 0x0, 0x2, 0xef, 0x40, 0x0,
    0x0, 0x0, 0x3, 0xff, 0x10, 0x0, 0x0, 0x0,
    0x0, 0xbf, 0xe1, 0x0, 0x0, 0x0, 0x4, 0xff,
    0x0, 0x0, 0x0, 0x0, 0x0, 0x1e, 0xf9, 0x0,
    0x0, 0x0, 0x5, 0xff, 0x0, 0x0, 0x0, 0x0,
    0x0, 0x6, 0xff, 0x20, 0x55, 0x55, 0x58, 0xff,
    0x55, 0x55, 0x55, 0x20, 0x0, 0x0, 0xda, 0x11,
    0xff, 0xff, 0xff, 0xff, 0xff, 0xff, 0xff, 0x80,
    0x0, 0x0, 0x0, 0x1, 0xdd, 0xdd, 0xde, 0xff,
    0xdd, 0xdd, 0xdd, 0x70, 0x0, 0x0, 0x0, 0x0,
    0x0, 0x0, 0xb, 0xfa, 0x0, 0x0, 0x0, 0x0,
    0x3, 0x33, 0x33, 0x10, 0x0, 0x0, 0xe, 0xfa,
    0x0, 0x0, 0x0, 0x0, 0xf, 0xff, 0xff, 0x40,
    0x0, 0x0, 0x1f, 0xff, 0x80, 0x0, 0x0, 0x0,
    0xf, 0xff, 0xff, 0x40, 0x0, 0x0, 0x8f, 0xff,
    0xf8, 0x0, 0x0, 0x0, 0x0, 0x0, 0xef, 0x40,
    0x0, 0x0, 0xef, 0x96, 0xff, 0x80, 0x0, 0x0,
    0x0, 0x0, 0xef, 0x40, 0x0, 0x8, 0xff, 0x20,
    0x7f, 0xf8, 0x0, 0x0, 0x0, 0x0, 0xef, 0x40,
    0x0, 0x5f, 0xf9, 0x0, 0x9, 0xff, 0x60, 0x0,
    0x0, 0x0, 0xef, 0x40, 0x5, 0xff, 0xe1, 0x0,
    0x0, 0xaf, 0xf4, 0x0, 0x0, 0x0, 0xef, 0x41,
    0xaf, 0xfe, 0x20, 0x0, 0x0, 0xd, 0xfe, 0x20,
    0x0, 0x0, 0xef, 0x41, 0xdf, 0xc2, 0x0, 0x0,
    0x0, 0x2, 0xfe, 0x30, 0x0, 0x2b, 0xff, 0xc2,
    0x27, 0x0, 0x0, 0x0, 0x0, 0x0, 0x41, 0x0,
    0x4, 0xff, 0xfe, 0xff, 0xb6, 0x20, 0x0, 0x0,
    0x0, 0x0, 0x1, 0x20, 0x2f, 0xfd, 0x10, 0x6e,
    0xff, 0xff, 0xfe, 0xde, 0xef, 0xff, 0xff, 0xd0,
    0x9, 0xf2, 0x0, 0x0, 0x5b, 0xff, 0xff, 0xff,
    0xff, 0xff, 0xff, 0x90, 0x0, 0x30, 0x0, 0x0,
    0x0, 0x1, 0x33, 0x33, 0x33, 0x22, 0x11, 0x0,

    /* U+8FC1 "迁" */
    0x0, 0x32, 0x0, 0x0, 0x0, 0x0, 0x0, 0x0,
    0x15, 0xac, 0x10, 0x0, 0x5f, 0xe2, 0x0, 0x0,
    0x2, 0x46, 0x9b, 0xef, 0xff, 0xfa, 0x0, 0x0,
    0xcf, 0xe2, 0x2, 0xef, 0xff, 0xff, 0xff, 0xda,
    0x73, 0x0, 0x0, 0x0, 0xcf, 0xe1, 0xc, 0xdb,
    0x98, 0xbf, 0xa0, 0x0, 0x0, 0x0, 0x0, 0x1,
    0xdf, 0x60, 0x0, 0x0, 0x8, 0xfa, 0x0, 0x0,
    0x0, 0x0, 0x0, 0x3, 0x40, 0x0, 0x0, 0x0,
    0x8f, 0xa0, 0x0, 0x0, 0x0, 0x0, 0x0, 0x0,
    0x0, 0x0, 0x0, 0x8, 0xfa, 0x0, 0x0, 0x0,
    0x0, 0x0, 0x0, 0x0, 0x0, 0x0, 0x0, 0x8f,
    0xa0, 0x0, 0x0, 0x0, 0x0, 0x0, 0x0, 0xd,
    0xff, 0xff, 0xff, 0xff, 0xff, 0xff, 0xff, 0x40,
    0xef, 0xff, 0xf4, 0xdf, 0xff, 0xff, 0xff, 0xff,
    0xff, 0xff, 0xf4, 0xf, 0xff, 0xff, 0x40, 0x0,
    0x0, 0x8, 0xfa, 0x0, 0x0, 0x0, 0x0, 0x11,
    0x1e, 0xf4, 0x0, 0x0, 0x0, 0x8f, 0xa0, 0x0,
    0x0, 0x0, 0x0, 0x0, 0xef, 0x40, 0x0, 0x0,
    0x8, 0xfa, 0x0, 0x0, 0x0, 0x0, 0x0, 0xe,
    0xf4, 0x0, 0x0, 0x0, 0x8f, 0xa0, 0x0, 0x0,
    0x0, 0x0, 0x0, 0xef, 0x40, 0x0, 0x0, 0x8,
    0xfa, 0x0, 0x0, 0x0, 0x0, 0x0, 0xe, 0xf4,
    0x0, 0x0, 0x0, 0x8f, 0xa0, 0x0, 0x0, 0x0,
    0x0, 0x0, 0xef, 0x40, 0x0, 0x0, 0x8, 0xfa,
    0x0, 0x0, 0x0, 0x0, 0x1, 0xaf, 0xfb, 0x10,
    0x0, 0x0, 0x8f, 0xa0, 0x0, 0x0, 0x0, 0x3,
    0xef, 0xdd, 0xff, 0xa5, 0x0, 0x3, 0x64, 0x0,
    0x0, 0x12, 0x21, 0xff, 0xb0, 0x5, 0xef, 0xff,
    0xfe, 0xdd, 0xde, 0xef, 0xff, 0xf7, 0x8, 0xe1,
    0x0, 0x0, 0x5a, 0xff, 0xff, 0xff, 0xff, 0xff,
    0xff, 0x20, 0x2, 0x0, 0x0, 0x0, 0x0, 0x1,
    0x22, 0x21, 0x11, 0x0, 0x0,

    /* U+8FC7 "过" */
    0x0, 0x1, 0x0, 0x0, 0x0, 0x0, 0x0, 0x0,
    0x1c, 0xc1, 0x0, 0x0, 0x1b, 0xe2, 0x0, 0x0,
    0x0, 0x0, 0x0, 0x2, 0xff, 0x20, 0x0, 0x0,
    0xbf, 0xe3, 0x0, 0x0, 0x0, 0x0, 0x0, 0x2f,
    0xf2, 0x0, 0x0, 0x0, 0xcf, 0xe1, 0x0, 0x0,
    0x0, 0x0, 0x2, 0xff, 0x20, 0x0, 0x0, 0x1,
    0xdf, 0xa2, 0xff, 0xff, 0xff, 0xff, 0xff, 0xff,
    0xff, 0x40, 0x0, 0x3, 0x80, 0x2f, 0xff, 0xff,
    0xff, 0xff, 0xff, 0xff, 0xf4, 0x0, 0x0, 0x0,
    0x0, 0x22, 0x22, 0x22, 0x22, 0x4f, 0xf4, 0x22,
    0x0, 0x0, 0x0, 0x0, 0x0, 0x1, 0x0, 0x0,
    0x2, 0xff, 0x20, 0x0, 0x2, 0x22, 0x22, 0x0,
    0xa, 0xf2, 0x0, 0x0, 0x2f, 0xf2, 0x0, 0x0,
    0xff, 0xff, 0xf4, 0x0, 0xbf, 0xd0, 0x0, 0x2,
    0xff, 0x20, 0x0, 0xe, 0xff, 0xff, 0x40, 0x1,
    0xef, 0xa0, 0x0, 0x2f, 0xf2, 0x0, 0x0, 0x0,
    0xe, 0xf4, 0x0, 0x4, 0xff, 0x40, 0x2, 0xff,
    0x20, 0x0, 0x0, 0x0, 0xef, 0x40, 0x0, 0xa,
    0xfa, 0x0, 0x2f, 0xf2, 0x0, 0x0, 0x0, 0xe,
    0xf4, 0x0, 0x0, 0x16, 0x0, 0x2, 0xff, 0x20,
    0x0, 0x0, 0x0, 0xef, 0x40, 0x0, 0x0, 0x0,
    0x0, 0x2f, 0xf2, 0x0, 0x0, 0x0, 0xe, 0xf4,
    0x0, 0x0, 0x2, 0x54, 0x47, 0xff, 0x10, 0x0,
    0x0, 0x0, 0xef, 0x40, 0x0, 0x0, 0x4f, 0xff,
    0xff, 0xd0, 0x0, 0x0, 0x3, 0xcf, 0xfd, 0x40,
    0x0, 0x0, 0xde, 0xdb, 0x81, 0x0, 0x0, 0x6,
    0xff, 0xdc, 0xff, 0xd8, 0x42, 0x11, 0x1, 0x11,
    0x23, 0x34, 0x42, 0xff, 0xc0, 0x5, 0xef, 0xff,
    0xff, 0xff, 0xff, 0xff, 0xff, 0xf9, 0x8, 0xe1,
    0x0, 0x0, 0x4a, 0xef, 0xff, 0xff, 0xff, 0xff,
    0xff, 0x40, 0x2, 0x0, 0x0, 0x0, 0x0, 0x1,
    0x22, 0x21, 0x11, 0x0, 0x0,

    /* U+8FD0 "运" */
    0x0, 0x0, 0x0, 0x0, 0x0, 0x0, 0x0, 0x0,
    0x0, 0x0, 0x0, 0x0, 0x0, 0xbd, 0x20, 0x0,
    0xb, 0xff, 0xff, 0xff, 0xff, 0xff, 0xf4, 0x0,
    0x2, 0xef, 0xf6, 0x0, 0xc, 0xff, 0xff, 0xff,
    0xff, 0xff, 0xf4, 0x0, 0x0, 0x1b, 0xff, 0xa0,
    0x1, 0x11, 0x11, 0x11, 0x11, 0x11, 0x10, 0x0,
    0x0, 0x0, 0x8f, 0xa0, 0x0, 0x0, 0x0, 0x0,
    0x0, 0x0, 0x0, 0x0, 0x0, 0x0, 0x4, 0x0,
    0x0, 0x0, 0x0, 0x0, 0x0, 0x0, 0x0, 0x0,
    0x0, 0x0, 0x0, 0x2, 0x77, 0x77, 0x77, 0x77,
    0x77, 0x77, 0x77, 0x70, 0x0, 0x0, 0x0, 0x5,
    0xff, 0xff, 0xff, 0xff, 0xff, 0xff, 0xff, 0xe0,
    0xf, 0xff, 0xff, 0x43, 0x99, 0x99, 0xff, 0xe9,
    0x99, 0x99, 0x99, 0x90, 0xf, 0xff, 0xff, 0x40,
    0x0, 0x3, 0xff, 0x70, 0x2, 0x30, 0x0, 0x0,
    0x2, 0x22, 0xef, 0x40, 0x0, 0xa, 0xfe, 0x0,
    0x4f, 0xe0, 0x0, 0x0, 0x0, 0x0, 0xef, 0x40,
    0x0, 0x2f, 0xf6, 0x0, 0xd, 0xf8, 0x0, 0x0,
    0x0, 0x0, 0xef, 0x40, 0x0, 0xaf, 0xd0, 0x0,
    0x4, 0xff, 0x20, 0x0, 0x0, 0x0, 0xef, 0x40,
    0x4, 0xff, 0x30, 0x0, 0x0, 0xbf, 0xc0, 0x0,
    0x0, 0x0, 0xef, 0x40, 0x3e, 0xfe, 0x9a, 0xbd,
    0xef, 0xff, 0xf5, 0x0, 0x0, 0x0, 0xef, 0x40,
    0x6f, 0xff, 0xff, 0xff, 0xff, 0xfe, 0xfe, 0x0,
    0x0, 0x0, 0xef, 0x40, 0xf, 0xca, 0x97, 0x54,
    0x21, 0x1, 0xff, 0x40, 0x0, 0x4, 0xff, 0xa0,
    0x0, 0x0, 0x0, 0x0, 0x0, 0x0, 0x52, 0x0,
    0x0, 0x7f, 0xff, 0xfc, 0x20, 0x0, 0x0, 0x0,
    0x0, 0x0, 0x0, 0x0, 0x7, 0xff, 0x92, 0xaf,
    0xfb, 0x64, 0x32, 0x12, 0x23, 0x46, 0x7a, 0xd1,
    0xe, 0xfb, 0x0, 0x6, 0xef, 0xff, 0xff, 0xff,
    0xff, 0xff, 0xff, 0xd0, 0x5, 0xe1, 0x0, 0x0,
    0x16, 0xbd, 0xff, 0xff, 0xff, 0xff, 0xed, 0x80,
    0x0, 0x10, 0x0, 0x0, 0x0, 0x0, 0x0, 0x0,
    0x0, 0x0, 0x0, 0x0,

    /* U+8FD1 "近" */
    0x0, 0x0, 0x0, 0x0, 0x0, 0x0, 0x0, 0x0,
    0x0, 0x0, 0x0, 0x0, 0x2, 0x60, 0x0, 0x0,
    0x0, 0x0, 0x1, 0x35, 0x7a, 0xed, 0x20, 0x1,
    0xff, 0x70, 0x0, 0x3, 0xcd, 0xff, 0xff, 0xff,
    0xff, 0xfa, 0x0, 0x6, 0xff, 0x60, 0x0, 0x5f,
    0xff, 0xed, 0xba, 0x85, 0x30, 0x0, 0x0, 0x8,
    0xff, 0x30, 0x5, 0xfe, 0x0, 0x0, 0x0, 0x0,
    0x0, 0x0, 0x0, 0xb, 0xfb, 0x0, 0x5f, 0xe0,
    0x0, 0x0, 0x0, 0x0, 0x0, 0x0, 0x0, 0x18,
    0x0, 0x5, 0xfe, 0x0, 0x0, 0x0, 0x0, 0x0,
    0x0, 0x0, 0x0, 0x0, 0x0, 0x5f, 0xe1, 0x11,
    0x11, 0x11, 0x11, 0x11, 0x0, 0x0, 0x0, 0x0,
    0x5, 0xff, 0xff, 0xff, 0xff, 0xff, 0xff, 0x90,
    0x55, 0x55, 0x51, 0x0, 0x6f, 0xff, 0xff, 0xff,
    0xff, 0xff, 0xf9, 0xd, 0xff, 0xff, 0x40, 0x7,
    0xfc, 0x0, 0x0, 0xef, 0x40, 0x0, 0x0, 0xbd,
    0xdf, 0xf4, 0x0, 0x8f, 0xa0, 0x0, 0xe, 0xf3,
    0x0, 0x0, 0x0, 0x0, 0xef, 0x40, 0xa, 0xf8,
    0x0, 0x0, 0xef, 0x30, 0x0, 0x0, 0x0, 0xe,
    0xf4, 0x0, 0xef, 0x60, 0x0, 0xe, 0xf3, 0x0,
    0x0, 0x0, 0x0, 0xef, 0x40, 0x2f, 0xf3, 0x0,
    0x0, 0xef, 0x30, 0x0, 0x0, 0x0, 0xe, 0xf4,
    0x7, 0xff, 0x0, 0x0, 0xe, 0xf3, 0x0, 0x0,
    0x0, 0x0, 0xef, 0x40, 0xef, 0xa0, 0x0, 0x0,
    0xef, 0x30, 0x0, 0x0, 0x0, 0xe, 0xf4, 0x6f,
    0xf3, 0x0, 0x0, 0xe, 0xf3, 0x0, 0x0, 0x0,
    0x2b, 0xff, 0xc2, 0x6a, 0x0, 0x0, 0x0, 0xde,
    0x30, 0x0, 0x0, 0x3f, 0xff, 0xff, 0xf9, 0x40,
    0x0, 0x0, 0x0, 0x0, 0x0, 0x1, 0x1f, 0xfe,
    0x21, 0x8f, 0xff, 0xff, 0xed, 0xdd, 0xde, 0xef,
    0xff, 0xb0, 0x9f, 0x20, 0x0, 0x27, 0xcf, 0xff,
    0xff, 0xff, 0xff, 0xff, 0xf6, 0x0, 0x40, 0x0,
    0x0, 0x0, 0x12, 0x44, 0x44, 0x43, 0x32, 0x21,
    0x0,

    /* U+8FD8 "还" */
    0x0, 0x7, 0x10, 0x0, 0x0, 0x0, 0x0, 0x0,
    0x0, 0x0, 0x0, 0x0, 0x0, 0xbf, 0xd1, 0x0,
    0x55, 0x55, 0x55, 0x55, 0x55, 0x55, 0x55, 0x10,
    0x0, 0x3f, 0xfd, 0x1, 0xff, 0xff, 0xff, 0xff,
    0xff, 0xff, 0xff, 0x40, 0x0, 0x3, 0xff, 0xb1,
    0xdd, 0xdd, 0xdd, 0xef, 0xfd, 0xdd, 0xdd, 0x30,
    0x0, 0x0, 0x5f, 0xd1, 0x0, 0x0, 0x0, 0xbf,
    0xc0, 0x0, 0x0, 0x0, 0x0, 0x0, 0x5, 0x0,
    0x0, 0x0, 0x5, 0xff, 0x30, 0x0, 0x0, 0x0,
    0x0, 0x0, 0x0, 0x0, 0x0, 0x0, 0x1e, 0xfe,
    0x0, 0x0, 0x0, 0x0, 0x2, 0x22, 0x22, 0x0,
    0x0, 0x0, 0xcf, 0xfe, 0x5, 0x10, 0x0, 0x0,
    0xf, 0xff, 0xff, 0x30, 0x0, 0xa, 0xff, 0xfe,
    0x8f, 0xc1, 0x0, 0x0, 0xf, 0xff, 0xff, 0x30,
    0x0, 0xaf, 0xfb, 0xfe, 0x3f, 0xfc, 0x10, 0x0,
    0x0, 0x0, 0xff, 0x30, 0xb, 0xff, 0x76, 0xfe,
    0x3, 0xff, 0xc1, 0x0, 0x0, 0x0, 0xff, 0x33,
    0xdf, 0xf8, 0x6, 0xfe, 0x0, 0x4f, 0xfc, 0x0,
    0x0, 0x0, 0xff, 0x4f, 0xff, 0x70, 0x6, 0xfe,
    0x0, 0x5, 0xff, 0x80, 0x0, 0x0, 0xff, 0x34,
    0xf4, 0x0, 0x6, 0xfe, 0x0, 0x0, 0x7c, 0x0,
    0x0, 0x0, 0xff, 0x30, 0x10, 0x0, 0x6, 0xfe,
    0x0, 0x0, 0x0, 0x0, 0x0, 0x0, 0xff, 0x30,
    0x0, 0x0, 0x6, 0xfe, 0x0, 0x0, 0x0, 0x0,
    0x0, 0x0, 0xff, 0x30, 0x0, 0x0, 0x6, 0xfe,
    0x0, 0x0, 0x0, 0x0, 0x0, 0x7, 0xff, 0x70,
    0x0, 0x0, 0x6, 0xfe, 0x0, 0x0, 0x0, 0x0,
    0x0, 0xbf, 0xff, 0xfa, 0x10, 0x0, 0x2, 0x66,
    0x0, 0x0, 0x0, 0x0, 0xb, 0xff, 0x31, 0xcf,
    0xfa, 0x64, 0x32, 0x22, 0x34, 0x46, 0x8a, 0xe2,
    0x3f, 0xf6, 0x0, 0x9, 0xff, 0xff, 0xff, 0xff,
    0xff, 0xff, 0xff, 0xe0, 0x7, 0xc0, 0x0, 0x0,
    0x28, 0xce, 0xff, 0xff, 0xff, 0xff, 0xed, 0x90,
    0x0, 0x10, 0x0, 0x0, 0x0, 0x0, 0x0, 0x11,
    0x0, 0x0, 0x0, 0x0,

    /* U+8FD9 "这" */
    0x0, 0x0, 0x0, 0x0, 0x0, 0x0, 0x3, 0x40,
    0x0, 0x0, 0x0, 0x0, 0x1, 0x10, 0x0, 0x0,
    0x0, 0x8, 0xfe, 0x10, 0x0, 0x0, 0x0, 0x4,
    0xed, 0x10, 0x0, 0x0, 0x0, 0x1f, 0xf8, 0x0,
    0x0, 0x0, 0x0, 0x2e, 0xfe, 0x10, 0x0, 0x0,
    0x0, 0x9f, 0xe0, 0x0, 0x0, 0x0, 0x0, 0x2e,
    0xfc, 0xc, 0xcc, 0xcc, 0xcd, 0xfe, 0xcc, 0xcc,
    0xcc, 0x60, 0x0, 0x4f, 0xe3, 0xff, 0xff, 0xff,
    0xff, 0xff, 0xff, 0xff, 0xf7, 0x0, 0x0, 0x61,
    0x4, 0x44, 0x44, 0x44, 0x44, 0x5e, 0xf9, 0x44,
    0x20, 0x0, 0x0, 0x0, 0x0, 0x50, 0x0, 0x0,
    0x3, 0xff, 0x10, 0x0, 0x0, 0x0, 0x0, 0x0,
    0xcf, 0xa0, 0x0, 0x0, 0x9f, 0xb0, 0x0, 0x0,
    0x11, 0x11, 0x10, 0x7, 0xff, 0xd2, 0x0, 0x1f,
    0xf5, 0x0, 0x0, 0xd, 0xff, 0xff, 0x30, 0x3,
    0xef, 0xf6, 0xa, 0xfd, 0x0, 0x0, 0x0, 0xcf,
    0xff, 0xf3, 0x0, 0x1, 0xbf, 0xfb, 0xff, 0x40,
    0x0, 0x0, 0x0, 0x0, 0xef, 0x30, 0x0, 0x0,
    0x7f, 0xff, 0xb0, 0x0, 0x0, 0x0, 0x0, 0xe,
    0xf3, 0x0, 0x0, 0x3, 0xef, 0xff, 0x50, 0x0,
    0x0, 0x0, 0x0, 0xef, 0x30, 0x0, 0x6, 0xff,
    0xec, 0xff, 0x80, 0x0, 0x0, 0x0, 0xe, 0xf3,
    0x0, 0x3a, 0xff, 0xc1, 0xa, 0xff, 0xb0, 0x0,
    0x0, 0x0, 0xef, 0x34, 0xbf, 0xff, 0x90, 0x0,
    0x8, 0xff, 0xd1, 0x0, 0x0, 0xe, 0xf3, 0xaf,
    0xfc, 0x40, 0x0, 0x0, 0x6, 0xff, 0x60, 0x0,
    0x5, 0xff, 0x92, 0xb4, 0x0, 0x0, 0x0, 0x0,
    0x5, 0x60, 0x0, 0x1c, 0xff, 0xff, 0xf9, 0x51,
    0x0, 0x0, 0x0, 0x0, 0x0, 0x12, 0xe, 0xff,
    0x95, 0xbf, 0xff, 0xff, 0xee, 0xdd, 0xee, 0xff,
    0xff, 0xb0, 0x8f, 0x70, 0x0, 0x39, 0xdf, 0xff,
    0xff, 0xff, 0xff, 0xff, 0xf6, 0x0, 0x60, 0x0,
    0x0, 0x0, 0x24, 0x55, 0x55, 0x55, 0x44, 0x32,
    0x0,

    /* U+8FDB "进" */
    0x0, 0x25, 0x0, 0x0, 0x0, 0x6, 0x84, 0x0,
    0x8, 0x80, 0x0, 0x0, 0x2, 0xff, 0x70, 0x0,
    0x0, 0xb, 0xf7, 0x0, 0x1f, 0xf1, 0x0, 0x0,
    0x0, 0x7f, 0xf7, 0x0, 0x0, 0xb, 0xf7, 0x0,
    0x1f, 0xf1, 0x0, 0x0, 0x0, 0x7, 0xff, 0x50,
    0x0, 0xb, 0xf7, 0x0, 0x1f, 0xf1, 0x0, 0x0,
    0x0, 0x0, 0x9f, 0x80, 0xde, 0xef, 0xff, 0xee,
    0xef, 0xfe, 0xee, 0x0, 0x0, 0x0, 0x5, 0x0,
    0xef, 0xff, 0xff, 0xff, 0xff, 0xff, 0xff, 0x0,
    0x0, 0x0, 0x0, 0x0, 0x33, 0x3c, 0xf9, 0x33,
    0x4f, 0xf4, 0x33, 0x0, 0x0, 0x0, 0x0, 0x0,
    0x0, 0xb, 0xf7, 0x0, 0x1f, 0xf1, 0x0, 0x0,
    0x7, 0x88, 0x88, 0x20, 0x0, 0xb, 0xf7, 0x0,
    0x1f, 0xf1, 0x0, 0x0, 0xf, 0xff, 0xff, 0x40,
    0x0, 0xb, 0xf7, 0x0, 0x1f, 0xf1, 0x0, 0x0,
    0x8, 0x88, 0xff, 0x41, 0xee, 0xef, 0xff, 0xee,
    0xef, 0xfe, 0xee, 0x70, 0x0, 0x0, 0xef, 0x41,
    0xff, 0xff, 0xff, 0xff, 0xff, 0xff, 0xff, 0x70,
    0x0, 0x0, 0xef, 0x40, 0x33, 0x5f, 0xf4, 0x33,
    0x4f, 0xf4, 0x33, 0x10, 0x0, 0x0, 0xef, 0x40,
    0x0, 0x8f, 0xd0, 0x0, 0x1f, 0xf1, 0x0, 0x0,
    0x0, 0x0, 0xef, 0x40, 0x0, 0xef, 0x80, 0x0,
    0x1f, 0xf1, 0x0, 0x0, 0x0, 0x0, 0xef, 0x40,
    0xa, 0xff, 0x10, 0x0, 0x1f, 0xf1, 0x0, 0x0,
    0x0, 0x0, 0xef, 0x40, 0x7f, 0xf7, 0x0, 0x0,
    0x1f, 0xf1, 0x0, 0x0, 0x0, 0x1b, 0xff, 0xb1,
    0xb, 0x90, 0x0, 0x0, 0x1f, 0xf1, 0x0, 0x0,
    0x3, 0xef, 0xed, 0xff, 0x94, 0x0, 0x0, 0x0,
    0x0, 0x0, 0x1, 0x20, 0x1f, 0xfd, 0x10, 0x6f,
    0xff, 0xfe, 0xdc, 0xcc, 0xdd, 0xef, 0xff, 0xb0,
    0xa, 0xe2, 0x0, 0x1, 0x6c, 0xff, 0xff, 0xff,
    0xff, 0xff, 0xff, 0x70, 0x1, 0x40, 0x0, 0x0,
    0x0, 0x13, 0x44, 0x55, 0x44, 0x33, 0x21, 0x0,

    /* U+8FDE "连" */
    0x0, 0x0, 0x0, 0x0, 0x0, 0x0, 0x20, 0x0,
    0x0, 0x0, 0x0, 0x0, 0x0, 0x4d, 0x30, 0x0,
    0x0, 0x0, 0xcf, 0x80, 0x0, 0x0, 0x0, 0x0,
    0x0, 0xaf, 0xe1, 0x0, 0x0, 0x1, 0xff, 0x60,
    0x0, 0x0, 0x0, 0x0, 0x0, 0xd, 0xfc, 0x0,
    0xdd, 0xde, 0xff, 0xed, 0xdd, 0xdd, 0xdd, 0x40,
    0x0, 0x2, 0xff, 0x70, 0xef, 0xff, 0xff, 0xff,
    0xff, 0xff, 0xff, 0x50, 0x0, 0x0, 0x8f, 0xb0,
    0x0, 0x3f, 0xf3, 0x0, 0x0, 0x0, 0x0, 0x0,
    0x0, 0x0, 0x6, 0x0, 0x0, 0x9f, 0xb0, 0x19,
    0x91, 0x0, 0x0, 0x0, 0x0, 0x0, 0x0, 0x0,
    0x1, 0xff, 0x30, 0x1f, 0xf2, 0x0, 0x0, 0x0,
    0x0, 0x0, 0x0, 0x0, 0x9, 0xfc, 0x0, 0x1f,
    0xf2, 0x0, 0x0, 0x0, 0xd, 0xff, 0xff, 0x30,
    0x4f, 0xff, 0xee, 0xef, 0xfe, 0xee, 0xe6, 0x0,
    0xd, 0xff, 0xff, 0x30, 0x1f, 0xff, 0xff, 0xff,
    0xff, 0xff, 0xf7, 0x0, 0x0, 0x0, 0xef, 0x30,
    0x5, 0x32, 0x22, 0x4f, 0xf4, 0x22, 0x21, 0x0,
    0x0, 0x0, 0xef, 0x30, 0x0, 0x0, 0x0, 0x1f,
    0xf2, 0x0, 0x0, 0x0, 0x0, 0x0, 0xef, 0x30,
    0x11, 0x11, 0x11, 0x3f, 0xf3, 0x11, 0x11, 0x10,
    0x0, 0x0, 0xef, 0x32, 0xff, 0xff, 0xff, 0xff,
    0xff, 0xff, 0xff, 0xb0, 0x0, 0x0, 0xef, 0x32,
    0xff, 0xff, 0xff, 0xff, 0xff, 0xff, 0xff, 0xb0,
    0x0, 0x0, 0xef, 0x30, 0x0, 0x0, 0x0, 0x1f,
    0xf2, 0x0, 0x0, 0x0, 0x0, 0x0, 0xef, 0x30,
    0x0, 0x0, 0x0, 0x1f, 0xf2, 0x0, 0x0, 0x0,
    0x0, 0x8, 0xff, 0x80, 0x0, 0x0, 0x0, 0x1f,
    0xf2, 0x0, 0x0, 0x0, 0x0, 0xbf, 0xff, 0xfb,
    0x20, 0x0, 0x0, 0x1f, 0xf2, 0x0, 0x0, 0x0,
    0xa, 0xff, 0x52, 0xdf, 0xfb, 0x65, 0x42, 0x22,
    0x33, 0x45, 0x79, 0xc6, 0x2f, 0xf8, 0x0, 0x9,
    0xff, 0xff, 0xff, 0xff, 0xff, 0xff, 0xff, 0xf2,
    0x6, 0xd0, 0x0, 0x0, 0x28, 0xce, 0xff, 0xff,
    0xff, 0xff, 0xee, 0xc0, 0x0, 0x20, 0x0, 0x0,
    0x0, 0x0, 0x0, 0x11, 0x0, 0x0, 0x0, 0x0,

    /* U+8FF7 "迷" */
    0x0, 0x4a, 0x0, 0x0, 0x0, 0x0, 0x6, 0xfb,
    0x0, 0x0, 0x0, 0x0, 0x0, 0xef, 0xb0, 0x0,
    0x9e, 0x20, 0x6, 0xfb, 0x0, 0xa, 0xd6, 0x0,
    0x0, 0x3f, 0xfa, 0x0, 0xaf, 0xa0, 0x6, 0xfb,
    0x0, 0x1f, 0xf5, 0x0, 0x0, 0x4, 0xff, 0x60,
    0x2f, 0xf2, 0x6, 0xfb, 0x0, 0x8f, 0xc0, 0x0,
    0x0, 0x0, 0x7f, 0x70, 0xb, 0xf9, 0x6, 0xfb,
    0x1, 0xff, 0x30, 0x0, 0x0, 0x0, 0x3, 0x0,
    0x5, 0xfa, 0x6, 0xfb, 0x6, 0xf9, 0x0, 0x0,
    0x0, 0x0, 0x0, 0x0, 0x0, 0x10, 0x6, 0xfb,
    0x0, 0x20, 0x0, 0x0, 0x2, 0x22, 0x22, 0x8,
    0xcc, 0xcc, 0xcd, 0xff, 0xcc, 0xcc, 0xcc, 0x10,
    0xd, 0xff, 0xff, 0x3b, 0xff, 0xff, 0xff, 0xff,
    0xff, 0xff, 0xff, 0x10, 0xc, 0xee, 0xff, 0x33,
    0x44, 0x44, 0xef, 0xff, 0xf7, 0x44, 0x44, 0x0,
    0x0, 0x0, 0xef, 0x30, 0x0, 0x7, 0xff, 0xff,
    0xfe, 0x20, 0x0, 0x0, 0x0, 0x0, 0xef, 0x30,
    0x0, 0x3f, 0xfa, 0xfc, 0xbf, 0xe2, 0x0, 0x0,
    0x0, 0x0, 0xef, 0x30, 0x1, 0xef, 0x86, 0xfb,
    0xc, 0xfe, 0x20, 0x0, 0x0, 0x0, 0xef, 0x30,
    0x1c, 0xfc, 0x6, 0xfb, 0x1, 0xdf, 0xd1, 0x0,
    0x0, 0x0, 0xef, 0x32, 0xdf, 0xe2, 0x6, 0xfb,
    0x0, 0x1d, 0xfd, 0x10, 0x0, 0x0, 0xef, 0x3c,
    0xff, 0x30, 0x6, 0xfb, 0x0, 0x2, 0xef, 0x30,
    0x0, 0x0, 0xef, 0x32, 0xd3, 0x0, 0x6, 0xfb,
    0x0, 0x0, 0x33, 0x0, 0x0, 0xa, 0xff, 0xa0,
    0x0, 0x0, 0x6, 0xfb, 0x0, 0x0, 0x0, 0x0,
    0x0, 0xcf, 0xff, 0xfc, 0x20, 0x0, 0x2, 0x43,
    0x0, 0x0, 0x0, 0x0, 0xb, 0xff, 0x32, 0xcf,
    0xfb, 0x64, 0x32, 0x22, 0x34, 0x46, 0x8b, 0xd0,
    0x3f, 0xf6, 0x0, 0x9, 0xff, 0xff, 0xff, 0xff,
    0xff, 0xff, 0xff, 0xa0, 0x7, 0xc0, 0x0, 0x0,
    0x28, 0xce, 0xff, 0xff, 0xff, 0xff, 0xed, 0x60,
    0x0, 0x10, 0x0, 0x0, 0x0, 0x0, 0x0, 0x11,
    0x0, 0x0, 0x0, 0x0,

    /* U+9002 "适" */
    0x0, 0x0, 0x0, 0x0, 0x0, 0x0, 0x0, 0x0,
    0x2, 0x59, 0x80, 0x0, 0x0, 0xaa, 0x0, 0x0,
    0x3, 0x56, 0x89, 0xbd, 0xff, 0xff, 0xf3, 0x0,
    0x3, 0xff, 0xb0, 0x0, 0x3f, 0xff, 0xff, 0xff,
    0xfd, 0xb8, 0x41, 0x0, 0x0, 0x3f, 0xfb, 0x0,
    0x9, 0x87, 0x64, 0xdf, 0x70, 0x0, 0x0, 0x0,
    0x0, 0x4, 0xff, 0x60, 0x0, 0x0, 0x0, 0xcf,
    0x60, 0x0, 0x0, 0x0, 0x0, 0x0, 0x79, 0x1,
    0x33, 0x33, 0x33, 0xdf, 0x93, 0x33, 0x33, 0x30,
    0x0, 0x0, 0x0, 0x6, 0xff, 0xff, 0xff, 0xff,
    0xff, 0xff, 0xff, 0xe0, 0x0, 0x0, 0x0, 0x4,
    0xbb, 0xbb, 0xbb, 0xff, 0xdb, 0xbb, 0xbb, 0xa0,
    0x7, 0x77, 0x77, 0x10, 0x0, 0x0, 0x0, 0xcf,
    0x60, 0x0, 0x0, 0x0, 0xf, 0xff, 0xff, 0x20,
    0x0, 0x0, 0x0, 0xcf, 0x60, 0x0, 0x0, 0x0,
    0x6, 0x66, 0xff, 0x20, 0x7, 0xcc, 0xcc, 0xff,
    0xec, 0xcc, 0xc4, 0x0, 0x0, 0x0, 0xef, 0x20,
    0x9, 0xff, 0xff, 0xff, 0xff, 0xff, 0xf5, 0x0,
    0x0, 0x0, 0xef, 0x20, 0x9, 0xf8, 0x0, 0x0,
    0x0, 0xe, 0xf5, 0x0, 0x0, 0x0, 0xef, 0x20,
    0x9, 0xf7, 0x0, 0x0, 0x0, 0xe, 0xf5, 0x0,
    0x0, 0x0, 0xef, 0x20, 0x9, 0xf7, 0x0, 0x0,
    0x0, 0xe, 0xf5, 0x0, 0x0, 0x0, 0xef, 0x20,
    0x9, 0xfd, 0xbb, 0xbb, 0xbb, 0xbf, 0xf5, 0x0,
    0x0, 0x0, 0xef, 0x30, 0x9, 0xff, 0xff, 0xff,
    0xff, 0xff, 0xf5, 0x0, 0x0, 0x7, 0xff, 0xd4,
    0x0, 0x0, 0x0, 0x0, 0x0, 0x0, 0x0, 0x0,
    0x1, 0xcf, 0xff, 0xff, 0xc7, 0x20, 0x0, 0x0,
    0x0, 0x0, 0x0, 0x10, 0xc, 0xff, 0x50, 0x4d,
    0xff, 0xff, 0xed, 0xcc, 0xdd, 0xee, 0xff, 0xe0,
    0x7, 0xf4, 0x0, 0x0, 0x49, 0xef, 0xff, 0xff,
    0xff, 0xff, 0xff, 0x90, 0x0, 0x30, 0x0, 0x0,
    0x0, 0x1, 0x23, 0x33, 0x32, 0x21, 0x10, 0x0,

    /* U+9009 "选" */
    0x0, 0x0, 0x0, 0x0, 0x0, 0x0, 0x0, 0x0,
    0x0, 0x0, 0x0, 0x0, 0x11, 0x0, 0x0, 0x0,
    0x23, 0x0, 0x8f, 0xa0, 0x0, 0x0, 0x0, 0x4e,
    0xd2, 0x0, 0x0, 0xb, 0xf9, 0x8, 0xfa, 0x0,
    0x0, 0x0, 0x2, 0xef, 0xe2, 0x0, 0x1, 0xff,
    0x30, 0x8f, 0xa0, 0x0, 0x0, 0x0, 0x1, 0xdf,
    0xe1, 0x0, 0x7f, 0xff, 0xff, 0xff, 0xff, 0xff,
    0xe0, 0x0, 0x1, 0xef, 0x80, 0x2f, 0xfe, 0xee,
    0xff, 0xfe, 0xee, 0xed, 0x0, 0x0, 0x4, 0x60,
    0xc, 0xfc, 0x0, 0x8, 0xfa, 0x0, 0x0, 0x0,
    0x0, 0x0, 0x0, 0x0, 0x9f, 0x20, 0x0, 0x8f,
    0xa0, 0x0, 0x0, 0x0, 0x0, 0x0, 0x0, 0x0,
    0x10, 0x0, 0x8, 0xfa, 0x0, 0x0, 0x0, 0x0,
    0x0, 0x0, 0x2, 0xdd, 0xdd, 0xdd, 0xff, 0xfd,
    0xdd, 0xdd, 0xc0, 0xbf, 0xff, 0xf3, 0x2f, 0xff,
    0xff, 0xff, 0xff, 0xff, 0xff, 0xfe, 0xb, 0xff,
    0xff, 0x30, 0x11, 0x13, 0xff, 0x31, 0xbf, 0x81,
    0x11, 0x10, 0x1, 0x1e, 0xf3, 0x0, 0x0, 0x5f,
    0xf0, 0xb, 0xf7, 0x0, 0x0, 0x0, 0x0, 0xef,
    0x30, 0x0, 0xa, 0xfb, 0x0, 0xbf, 0x70, 0x0,
    0x0, 0x0, 0xe, 0xf3, 0x0, 0x2, 0xff, 0x50,
    0xb, 0xf7, 0x0, 0x83, 0x0, 0x0, 0xef, 0x30,
    0x1, 0xdf, 0xe0, 0x0, 0xbf, 0x70, 0xd, 0xf1,
    0x0, 0xe, 0xf3, 0x5, 0xdf, 0xf3, 0x0, 0xa,
    0xf9, 0x12, 0xff, 0x0, 0x0, 0xef, 0x38, 0xff,
    0xf4, 0x0, 0x0, 0x9f, 0xff, 0xff, 0xb0, 0x0,
    0xe, 0xf7, 0xc, 0xb2, 0x0, 0x0, 0x2, 0xce,
    0xff, 0xd3, 0x0, 0x9, 0xff, 0xfd, 0x30, 0x0,
    0x0, 0x0, 0x0, 0x0, 0x0, 0x0, 0x1c, 0xff,
    0x67, 0xff, 0xa5, 0x21, 0x0, 0x0, 0x1, 0x35,
    0x7b, 0x1b, 0xff, 0x30, 0x2, 0xdf, 0xff, 0xff,
    0xff, 0xff, 0xff, 0xff, 0xe0, 0x3f, 0x40, 0x0,
    0x0, 0x3a, 0xef, 0xff, 0xff, 0xff, 0xff, 0xea,
    0x0, 0x20, 0x0, 0x0, 0x0, 0x0, 0x1, 0x11,
    0x11, 0x0, 0x0, 0x0,

    /* U+900F "透" */
    0x0, 0x0, 0x0, 0x0, 0x0, 0x0, 0x0, 0x0,
    0x24, 0x77, 0x0, 0x2, 0xcc, 0x10, 0x0, 0x48,
    0x9a, 0xbc, 0xdf, 0xff, 0xff, 0xf7, 0x0, 0x3e,
    0xfd, 0x20, 0x4, 0xff, 0xfe, 0xdf, 0xfb, 0x86,
    0x41, 0x0, 0x0, 0x2e, 0xfd, 0x10, 0x0, 0x0,
    0x0, 0xcf, 0x50, 0x0, 0x0, 0x0, 0x0, 0x2e,
    0xf8, 0x3b, 0xbb, 0xbb, 0xbf, 0xfd, 0xbb, 0xbb,
    0xba, 0x0, 0x0, 0x47, 0x4, 0xff, 0xff, 0xff,
    0xff, 0xff, 0xff, 0xff, 0xd0, 0x0, 0x0, 0x0,
    0x0, 0x0, 0x1b, 0xff, 0xff, 0xe5, 0x0, 0x0,
    0x0, 0x0, 0x0, 0x0, 0x0, 0x5e, 0xfa, 0xdf,
    0x8e, 0xf9, 0x10, 0x0, 0x0, 0x0, 0x0, 0x5,
    0xcf, 0xf8, 0xc, 0xf5, 0x1c, 0xff, 0x93, 0xb,
    0xff, 0xff, 0x3c, 0xff, 0xd3, 0x0, 0x9b, 0x40,
    0x7, 0xef, 0xe1, 0xbf, 0xff, 0xf3, 0x2c, 0xbc,
    0xcc, 0xcc, 0xcc, 0xc8, 0x0, 0x84, 0x0, 0x0,
    0xef, 0x30, 0x7, 0xff, 0xff, 0xff, 0xff, 0x80,
    0x0, 0x0, 0x0, 0xe, 0xf3, 0x0, 0x0, 0xf,
    0xf0, 0x9, 0xfc, 0xaa, 0xa2, 0x0, 0x0, 0xef,
    0x30, 0x0, 0x5, 0xfc, 0x0, 0xdf, 0xff, 0xff,
    0x20, 0x0, 0xe, 0xf3, 0x0, 0x0, 0xdf, 0x70,
    0x0, 0x0, 0xf, 0xf0, 0x0, 0x0, 0xef, 0x30,
    0x1, 0xcf, 0xe0, 0x0, 0x0, 0x3, 0xfd, 0x0,
    0x0, 0xe, 0xf3, 0x19, 0xff, 0xe2, 0x0, 0x7,
    0x88, 0xdf, 0xa0, 0x0, 0x0, 0xef, 0xa2, 0xcf,
    0xa1, 0x0, 0x0, 0x8f, 0xff, 0xd2, 0x0, 0x1,
    0xbf, 0xff, 0xe6, 0x10, 0x0, 0x0, 0x0, 0x12,
    0x10, 0x0, 0x1, 0xdf, 0xf6, 0x7f, 0xfb, 0x52,
    0x10, 0x0, 0x0, 0x13, 0x57, 0xb1, 0xcf, 0xf3,
    0x0, 0x2d, 0xff, 0xff, 0xff, 0xff, 0xff, 0xff,
    0xfe, 0x3, 0xf4, 0x0, 0x0, 0x3, 0xae, 0xff,
    0xff, 0xff, 0xff, 0xfe, 0xa0, 0x2, 0x0, 0x0,
    0x0, 0x0, 0x0, 0x11, 0x11, 0x10, 0x0, 0x0,
    0x0,

    /* U+901F "速" */
    0x0, 0x0, 0x0, 0x0, 0x0, 0x0, 0x0, 0x0,
    0x0, 0x0, 0x0, 0x0, 0x0, 0x0, 0x0, 0x0,
    0x0, 0x0, 0xef, 0x30, 0x0, 0x0, 0x0, 0x8,
    0xe3, 0x0, 0x0, 0x0, 0x0, 0xe, 0xf3, 0x0,
    0x0, 0x0, 0x0, 0xbf, 0xf4, 0x0, 0xcc, 0xcc,
    0xcc, 0xff, 0xdc, 0xcc, 0xcc, 0xa0, 0x0, 0xbf,
    0xf3, 0xf, 0xff, 0xff, 0xff, 0xff, 0xff, 0xff,
    0xfd, 0x0, 0x0, 0xcf, 0xe0, 0x11, 0x11, 0x11,
    0xef, 0x51, 0x11, 0x11, 0x10, 0x0, 0x1, 0xc4,
    0x0, 0x33, 0x33, 0x3f, 0xf6, 0x33, 0x33, 0x30,
    0x0, 0x0, 0x0, 0x0, 0x1f, 0xff, 0xff, 0xff,
    0xff, 0xff, 0xfe, 0x0, 0x0, 0x0, 0x0, 0x1,
    0xff, 0x88, 0x8f, 0xfa, 0x88, 0xaf, 0xe0, 0x5,
    0x99, 0x99, 0x70, 0x1f, 0xe0, 0x0, 0xef, 0x30,
    0x3, 0xfe, 0x0, 0x9f, 0xff, 0xfc, 0x1, 0xfe,
    0x0, 0xe, 0xf3, 0x0, 0x3f, 0xe0, 0x4, 0x77,
    0xaf, 0xc0, 0x1f, 0xfd, 0xdd, 0xff, 0xed, 0xde,
    0xfe, 0x0, 0x0, 0x5, 0xfc, 0x1, 0xdd, 0xdd,
    0xff, 0xff, 0xed, 0xdd, 0xc0, 0x0, 0x0, 0x5f,
    0xc0, 0x0, 0x0, 0x5f, 0xff, 0xfc, 0x20, 0x0,
    0x0, 0x0, 0x5, 0xfc, 0x0, 0x0, 0x5f, 0xef,
    0xfe, 0xff, 0x60, 0x0, 0x0, 0x0, 0x5f, 0xc0,
    0x0, 0x7f, 0xf3, 0xef, 0x48, 0xff, 0xa0, 0x0,
    0x0, 0x5, 0xfc, 0x3, 0xcf, 0xf4, 0xe, 0xf3,
    0x4, 0xef, 0xd1, 0x0, 0x0, 0x5f, 0xc2, 0xff,
    0xe4, 0x0, 0xef, 0x30, 0x1, 0xdf, 0x40, 0x0,
    0x9, 0xfe, 0x15, 0xb1, 0x0, 0xe, 0xf3, 0x0,
    0x1, 0x40, 0x0, 0x1c, 0xff, 0xfe, 0x40, 0x0,
    0x0, 0x89, 0x20, 0x0, 0x0, 0x0, 0x1d, 0xfd,
    0x35, 0xef, 0xb6, 0x21, 0x0, 0x0, 0x1, 0x24,
    0x7b, 0x39, 0xfe, 0x10, 0x1, 0xbf, 0xff, 0xff,
    0xff, 0xff, 0xff, 0xff, 0xf0, 0x2e, 0x40, 0x0,
    0x0, 0x39, 0xce, 0xff, 0xff, 0xff, 0xfe, 0xda,
    0x0, 0x10, 0x0, 0x0, 0x0, 0x0, 0x0, 0x0,
    0x0, 0x0, 0x0, 0x0,

    /* U+903B "逻" */
    0x0, 0x48, 0x0, 0x0, 0x8a, 0xaa, 0xaa, 0xaa,
    0xaa, 0xaa, 0xaa, 0x0, 0x1, 0xff, 0x90, 0x0,
    0xcf, 0xff, 0xff, 0xff, 0xff, 0xff, 0xff, 0x0,
    0x0, 0x4f, 0xf8, 0x0, 0xcf, 0x21, 0xae, 0x11,
    0xea, 0x11, 0xff, 0x0, 0x0, 0x6, 0xff, 0x50,
    0xcf, 0x10, 0x9e, 0x0, 0xe9, 0x0, 0xff, 0x0,
    0x0, 0x0, 0x9f, 0x90, 0xcf, 0x10, 0x9e, 0x0,
    0xe9, 0x0, 0xff, 0x0, 0x0, 0x0, 0x6, 0x0,
    0xcf, 0xcb, 0xef, 0xbb, 0xfe, 0xbb, 0xff, 0x0,
    0x0, 0x0, 0x0, 0x0, 0xcf, 0xff, 0xff, 0xff,
    0xff, 0xff, 0xff, 0x0, 0x1, 0x11, 0x11, 0x0,
    0x0, 0x0, 0xbf, 0x80, 0x0, 0x0, 0x0, 0x0,
    0xf, 0xff, 0xff, 0x30, 0x0, 0x5, 0xff, 0x20,
    0x0, 0x1, 0x0, 0x0, 0xf, 0xff, 0xff, 0x30,
    0x0, 0x3f, 0xff, 0xff, 0xff, 0xff, 0xc0, 0x0,
    0x0, 0x0, 0xef, 0x30, 0x6, 0xff, 0xcb, 0xbb,
    0xbb, 0xff, 0xa0, 0x0, 0x0, 0x0, 0xef, 0x31,
    0xbf, 0xf9, 0x20, 0x0, 0x4, 0xff, 0x10, 0x0,
    0x0, 0x0, 0xef, 0x34, 0xff, 0x76, 0xfa, 0x0,
    0x2e, 0xf8, 0x0, 0x0, 0x0, 0x0, 0xef, 0x30,
    0x43, 0x4, 0xef, 0xc4, 0xef, 0xb0, 0x0, 0x0,
    0x0, 0x0, 0xef, 0x30, 0x0, 0x0, 0x2d, 0xff,
    0xfa, 0x0, 0x0, 0x0, 0x0, 0x0, 0xef, 0x30,
    0x0, 0x0, 0x5c, 0xff, 0x90, 0x0, 0x0, 0x0,
    0x0, 0x0, 0xef, 0x30, 0x4, 0x8e, 0xff, 0xb3,
    0x0, 0x0, 0x0, 0x0, 0x0, 0x1b, 0xff, 0x80,
    0xbf, 0xff, 0xc4, 0x0, 0x0, 0x0, 0x0, 0x0,
    0x1, 0xdf, 0xff, 0xfa, 0x3c, 0x61, 0x0, 0x0,
    0x0, 0x0, 0x0, 0x0, 0xc, 0xfe, 0x12, 0xdf,
    0xe8, 0x43, 0x20, 0x1, 0x12, 0x34, 0x69, 0xb0,
    0x5f, 0xf3, 0x0, 0xa, 0xff, 0xff, 0xff, 0xff,
    0xff, 0xff, 0xff, 0x90, 0xb, 0x90, 0x0, 0x0,
    0x39, 0xdf, 0xff, 0xff, 0xff, 0xff, 0xfe, 0x50,
    0x1, 0x0, 0x0, 0x0, 0x0, 0x0, 0x1, 0x11,
    0x10, 0x0, 0x0, 0x0,

    /* U+9053 "道" */
    0x0, 0x0, 0x0, 0x0, 0x0, 0x0, 0x0, 0x0,
    0x0, 0x0, 0x0, 0x0, 0x0, 0x0, 0x0, 0x0,
    0x4e, 0xb0, 0x0, 0x0, 0xcc, 0x40, 0x0, 0x3,
    0xd9, 0x0, 0x0, 0x2, 0xff, 0x60, 0x0, 0x4f,
    0xe1, 0x0, 0x0, 0x4f, 0xf9, 0x0, 0x0, 0x8,
    0xf8, 0x0, 0x1d, 0xf5, 0x0, 0x0, 0x0, 0x4f,
    0xf7, 0xe, 0xff, 0xff, 0xff, 0xff, 0xff, 0xff,
    0xff, 0x30, 0x0, 0x7f, 0xf2, 0xbc, 0xcc, 0xcc,
    0xff, 0xec, 0xcc, 0xcc, 0xc2, 0x0, 0x0, 0x94,
    0x0, 0x0, 0x0, 0x1f, 0xf3, 0x0, 0x0, 0x0,
    0x0, 0x0, 0x0, 0x0, 0x2, 0x99, 0x9a, 0xff,
    0x99, 0x99, 0x93, 0x0, 0x0, 0x0, 0x0, 0x0,
    0x3f, 0xff, 0xff, 0xff, 0xff, 0xff, 0x50, 0x0,
    0xaa, 0xaa, 0xa3, 0x3, 0xfd, 0x0, 0x0, 0x0,
    0xd, 0xf5, 0x0, 0xe, 0xff, 0xff, 0x40, 0x3f,
    0xe3, 0x33, 0x33, 0x33, 0xef, 0x50, 0x0, 0x66,
    0x6e, 0xf4, 0x3, 0xff, 0xff, 0xff, 0xff, 0xff,
    0xf5, 0x0, 0x0, 0x0, 0xdf, 0x40, 0x3f, 0xe4,
    0x44, 0x44, 0x44, 0xef, 0x50, 0x0, 0x0, 0xd,
    0xf4, 0x3, 0xfd, 0x0, 0x0, 0x0, 0xd, 0xf5,
    0x0, 0x0, 0x0, 0xdf, 0x40, 0x3f, 0xff, 0xff,
    0xff, 0xff, 0xff, 0x50, 0x0, 0x0, 0xd, 0xf4,
    0x3, 0xfe, 0x77, 0x77, 0x77, 0x7e, 0xf5, 0x0,
    0x0, 0x0, 0xdf, 0x40, 0x3f, 0xd0, 0x0, 0x0,
    0x0, 0xdf, 0x50, 0x0, 0x0, 0xd, 0xf4, 0x3,
    0xff, 0xff, 0xff, 0xff, 0xff, 0xf5, 0x0, 0x0,
    0x3, 0xef, 0x90, 0x2a, 0xaa, 0xaa, 0xaa, 0xaa,
    0xaa, 0x30, 0x0, 0x5, 0xff, 0xff, 0xa1, 0x0,
    0x0, 0x0, 0x0, 0x0, 0x0, 0x0, 0x5, 0xff,
    0x72, 0xbf, 0xe8, 0x31, 0x0, 0x0, 0x0, 0x13,
    0x69, 0x61, 0xff, 0x80, 0x0, 0x7f, 0xff, 0xff,
    0xfe, 0xff, 0xff, 0xff, 0xf4, 0x8, 0xc0, 0x0,
    0x0, 0x17, 0xbe, 0xff, 0xff, 0xff, 0xfe, 0xed,
    0x10, 0x1, 0x0, 0x0, 0x0, 0x0, 0x0, 0x1,
    0x10, 0x0, 0x0, 0x0,

    /* U+90E8 "部" */
    0x0, 0x0, 0x0, 0x0, 0x0, 0x0, 0x0, 0x0,
    0x0, 0x0, 0x0, 0x0, 0x0, 0x0, 0xae, 0x20,
    0x0, 0x0, 0x0, 0x0, 0x0, 0x0, 0x0, 0x0,
    0x0, 0xb, 0xf9, 0x0, 0x0, 0x0, 0xbb, 0xbb,
    0xbb, 0xb3, 0x0, 0x22, 0x22, 0x7f, 0xf3, 0x22,
    0x21, 0xf, 0xff, 0xff, 0xff, 0xf0, 0xf, 0xff,
    0xff, 0xff, 0xff, 0xff, 0x50, 0xff, 0x54, 0x4c,
    0xf9, 0x0, 0xcc, 0xdd, 0xcc, 0xcc, 0xed, 0xc4,
    0xf, 0xf0, 0x0, 0xff, 0x30, 0x0, 0x5e, 0xa0,
    0x0, 0xf, 0xe3, 0x0, 0xff, 0x0, 0x5f, 0xc0,
    0x0, 0x1, 0xff, 0x10, 0x5, 0xfd, 0x0, 0xf,
    0xf0, 0xb, 0xf6, 0x0, 0x0, 0xb, 0xf7, 0x0,
    0xbf, 0x60, 0x0, 0xff, 0x2, 0xfe, 0x0, 0x0,
    0x0, 0x6e, 0x70, 0x2f, 0xf0, 0x0, 0xf, 0xf0,
    0x8f, 0x80, 0x0, 0x9f, 0xff, 0xff, 0xff, 0xff,
    0xff, 0xe0, 0xff, 0xa, 0xf9, 0x0, 0x9, 0xff,
    0xff, 0xff, 0xff, 0xff, 0xfe, 0xf, 0xf0, 0x1d,
    0xf5, 0x0, 0x0, 0x0, 0x0, 0x0, 0x0, 0x0,
    0x0, 0xff, 0x0, 0x3f, 0xe0, 0x0, 0x0, 0x0,
    0x0, 0x0, 0x0, 0x0, 0xf, 0xf0, 0x0, 0xbf,
    0x50, 0x5, 0xff, 0xff, 0xff, 0xff, 0xfe, 0x0,
    0xff, 0x0, 0x6, 0xf9, 0x0, 0x5f, 0xff, 0xff,
    0xff, 0xff, 0xe0, 0xf, 0xf0, 0x0, 0x4f, 0xb0,
    0x5, 0xfc, 0x0, 0x0, 0x5, 0xfe, 0x0, 0xff,
    0x0, 0x6, 0xfa, 0x0, 0x5f, 0xb0, 0x0, 0x0,
    0x4f, 0xe0, 0xf, 0xf3, 0x67, 0xef, 0x80, 0x5,
    0xfb, 0x0, 0x0, 0x4, 0xfe, 0x0, 0xff, 0x4f,
    0xff, 0xf2, 0x0, 0x5f, 0xc0, 0x0, 0x0, 0x5f,
    0xe0, 0xf, 0xf0, 0xcb, 0x93, 0x0, 0x5, 0xff,
    0xff, 0xff, 0xff, 0xfe, 0x0, 0xff, 0x0, 0x0,
    0x0, 0x0, 0x5f, 0xfe, 0xee, 0xee, 0xef, 0xe0,
    0xf, 0xf0, 0x0, 0x0, 0x0, 0x5, 0xfb, 0x0,
    0x0, 0x4, 0xdb, 0x0, 0xff, 0x0, 0x0, 0x0,
    0x0, 0x0, 0x0, 0x0, 0x0, 0x0, 0x0, 0x0,
    0x0, 0x0, 0x0, 0x0,

    /* U+91CC "里" */
    0x0, 0x0, 0x0, 0x0, 0x0, 0x0, 0x0, 0x0,
    0x0, 0x0, 0x0, 0x0, 0xf, 0xff, 0xff, 0xff,
    0xff, 0xff, 0xff, 0xff, 0xfe, 0x0, 0x0, 0xf,
    0xff, 0xee, 0xee, 0xff, 0xfe, 0xee, 0xef, 0xfe,
    0x0, 0x0, 0xf, 0xf2, 0x0, 0x0, 0xbf, 0x60,
    0x0, 0x6, 0xfe, 0x0, 0x0, 0xf, 0xf2, 0x0,
    0x0, 0xbf, 0x60, 0x0, 0x6, 0xfe, 0x0, 0x0,
    0xf, 0xfd, 0xcc, 0xcc, 0xff, 0xec, 0xcc, 0xce,
    0xfe, 0x0, 0x0, 0xf, 0xff, 0xff, 0xff, 0xff,
    0xff, 0xff, 0xff, 0xfe, 0x0, 0x0, 0xf, 0xf3,
    0x0, 0x0, 0xbf, 0x60, 0x0, 0x6, 0xfe, 0x0,
    0x0, 0xf, 0xf2, 0x0, 0x0, 0xbf, 0x60, 0x0,
    0x6, 0xfe, 0x0, 0x0, 0xf, 0xf3, 0x11, 0x11,
    0xbf, 0x71, 0x11, 0x17, 0xfe, 0x0, 0x0, 0xf,
    0xff, 0xff, 0xff, 0xff, 0xff, 0xff, 0xff, 0xfe,
    0x0, 0x0, 0xe, 0xee, 0xee, 0xee, 0xff, 0xfe,
    0xee, 0xee, 0xed, 0x0, 0x0, 0x0, 0x0, 0x0,
    0x0, 0xdf, 0x80, 0x0, 0x0, 0x0, 0x0, 0x0,
    0x0, 0x0, 0x0, 0x0, 0xdf, 0x80, 0x0, 0x0,
    0x0, 0x0, 0x0, 0xcf, 0xff, 0xff, 0xff, 0xff,
    0xff, 0xff, 0xff, 0xff, 0xa0, 0x0, 0xcf, 0xff,
    0xff, 0xff, 0xff, 0xff, 0xff, 0xff, 0xff, 0xa0,
    0x0, 0x11, 0x11, 0x11, 0x11, 0xdf, 0x91, 0x11,
    0x11, 0x11, 0x10, 0x0, 0x0, 0x0, 0x0, 0x0,
    0xdf, 0x80, 0x0, 0x0, 0x0, 0x0, 0x0, 0x0,
    0x0, 0x0, 0x0, 0xdf, 0x80, 0x0, 0x0, 0x0,
    0x0, 0x6f, 0xff, 0xff, 0xff, 0xff, 0xff, 0xff,
    0xff, 0xff, 0xff, 0xfd, 0x6f, 0xff, 0xff, 0xff,
    0xff, 0xff, 0xff, 0xff, 0xff, 0xff, 0xfe, 0x1,
    0x11, 0x11, 0x11, 0x11, 0x11, 0x11, 0x11, 0x11,
    0x11, 0x11,

    /* U+91CD "重" */
    0x0, 0x0, 0x0, 0x0, 0x0, 0x0, 0x0, 0x0,
    0x0, 0x0, 0x0, 0x0, 0x0, 0x0, 0x0, 0x12,
    0x34, 0x57, 0x8a, 0xce, 0xc0, 0x0, 0x0, 0x5d,
    0xef, 0xff, 0xff, 0xff, 0xff, 0xff, 0xff, 0xd4,
    0x0, 0x0, 0x3e, 0xed, 0xcc, 0xbb, 0xff, 0x96,
    0x43, 0x10, 0x0, 0x0, 0x0, 0x0, 0x0, 0x0,
    0x0, 0xff, 0x30, 0x0, 0x0, 0x0, 0x0, 0x5f,
    0xff, 0xff, 0xff, 0xff, 0xff, 0xff, 0xff, 0xff,
    0xff, 0xfc, 0x4c, 0xcc, 0xcc, 0xcc, 0xcd, 0xff,
    0xdc, 0xcc, 0xcc, 0xcc, 0xca, 0x0, 0x0, 0x0,
    0x0, 0x0, 0xff, 0x30, 0x0, 0x0, 0x0, 0x0,
    0x0, 0xe, 0xff, 0xff, 0xff, 0xff, 0xff, 0xff,
    0xff, 0xf8, 0x0, 0x0, 0xe, 0xfa, 0x99, 0x99,
    0xff, 0xa9, 0x99, 0x9e, 0xf8, 0x0, 0x0, 0xe,
    0xf3, 0x0, 0x0, 0xff, 0x30, 0x0, 0xb, 0xf8,
    0x0, 0x0, 0xe, 0xff, 0xff, 0xff, 0xff, 0xff,
    0xff, 0xff, 0xf8, 0x0, 0x0, 0xe, 0xf9, 0x77,
    0x77, 0xff, 0x97, 0x77, 0x7d, 0xf8, 0x0, 0x0,
    0xe, 0xf3, 0x0, 0x0, 0xff, 0x30, 0x0, 0xb,
    0xf8, 0x0, 0x0, 0xe, 0xff, 0xff, 0xff, 0xff,
    0xff, 0xff, 0xff, 0xf8, 0x0, 0x0, 0x8, 0x88,
    0x88, 0x88, 0xff, 0xa8, 0x88, 0x88, 0x84, 0x0,
    0x0, 0x0, 0x0, 0x0, 0x0, 0xff, 0x40, 0x0,
    0x0, 0x0, 0x0, 0x0, 0xaf, 0xff, 0xff, 0xff,
    0xff, 0xff, 0xff, 0xff, 0xff, 0x60, 0x0, 0x7b,
    0xbb, 0xbb, 0xbb, 0xff, 0xcb, 0xbb, 0xbb, 0xbb,
    0x40, 0x0, 0x0, 0x0, 0x0, 0x0, 0xff, 0x30,
    0x0, 0x0, 0x0, 0x0, 0x5b, 0xbb, 0xbb, 0xbb,
    0xbc, 0xff, 0xcb, 0xbb, 0xbb, 0xbb, 0xbb, 0x7f,
    0xff, 0xff, 0xff, 0xff, 0xff, 0xff, 0xff, 0xff,
    0xff, 0xff, 0x0, 0x0, 0x0, 0x0, 0x0, 0x0,
    0x0, 0x0, 0x0, 0x0, 0x0,

    /* U+91CF "量" */
    0x0, 0x2, 0x44, 0x44, 0x44, 0x44, 0x44, 0x44,
    0x44, 0x30, 0x0, 0x0, 0x0, 0x8f, 0xff, 0xff,
    0xff, 0xff, 0xff, 0xff, 0xfd, 0x0, 0x0, 0x0,
    0x8, 0xfa, 0x11, 0x11, 0x11, 0x11, 0x11, 0x7f,
    0xd0, 0x0, 0x0, 0x0, 0x8f, 0xff, 0xff, 0xff,
    0xff, 0xff, 0xff, 0xfd, 0x0, 0x0, 0x0, 0x8,
    0xfa, 0x11, 0x11, 0x11, 0x11, 0x11, 0x7f, 0xd0,
    0x0, 0x0, 0x0, 0x8f, 0xec, 0xcc, 0xcc, 0xcc,
    0xcc, 0xce, 0xfd, 0x0, 0x0, 0x0, 0x3, 0x66,
    0x66, 0x66, 0x66, 0x66, 0x66, 0x66, 0x50, 0x0,
    0x5, 0xaa, 0xaa, 0xaa, 0xaa, 0xaa, 0xaa, 0xaa,
    0xaa, 0xaa, 0xaa, 0x90, 0x7f, 0xff, 0xff, 0xff,
    0xff, 0xff, 0xff, 0xff, 0xff, 0xff, 0xfe, 0x0,
    0x0, 0x22, 0x22, 0x22, 0x22, 0x22, 0x22, 0x22,
    0x22, 0x10, 0x0, 0x0, 0xf, 0xff, 0xff, 0xff,
    0xff, 0xff, 0xff, 0xff, 0xf7, 0x0, 0x0, 0x0,
    0xff, 0x20, 0x0, 0xf, 0xf3, 0x0, 0x0, 0xbf,
    0x70, 0x0, 0x0, 0xf, 0xff, 0xff, 0xff, 0xff,
    0xff, 0xff, 0xff, 0xf7, 0x0, 0x0, 0x0, 0xff,
    0x54, 0x44, 0x4f, 0xf6, 0x44, 0x44, 0xcf, 0x70,
    0x0, 0x0, 0xf, 0xf6, 0x55, 0x55, 0xff, 0x75,
    0x55, 0x5c, 0xf7, 0x0, 0x0, 0x0, 0xef, 0xff,
    0xff, 0xff, 0xff, 0xff, 0xff, 0xff, 0x70, 0x0,
    0x0, 0x0, 0x0, 0x0, 0x0, 0xff, 0x40, 0x0,
    0x0, 0x0, 0x0, 0x0, 0x9, 0xff, 0xff, 0xff,
    0xff, 0xff, 0xff, 0xff, 0xff, 0xf0, 0x0, 0x0,
    0x47, 0x77, 0x77, 0x77, 0xff, 0x97, 0x77, 0x77,
    0x77, 0x0, 0x0, 0x0, 0x0, 0x0, 0x0, 0xe,
    0xf3, 0x0, 0x0, 0x0, 0x0, 0x0, 0x6b, 0xbb,
    0xbb, 0xbb, 0xbb, 0xff, 0xcb, 0xbb, 0xbb, 0xbb,
    0xbb, 0x9, 0xff, 0xff, 0xff, 0xff, 0xff, 0xff,
    0xff, 0xff, 0xff, 0xff, 0xf0,

    /* U+91D1 "金" */
    0x0, 0x0, 0x0, 0x0, 0x0, 0x0, 0x20, 0x0,
    0x0, 0x0, 0x0, 0x0, 0x0, 0x0, 0x0, 0x0,
    0x0, 0xa, 0xfa, 0x0, 0x0, 0x0, 0x0, 0x0,
    0x0, 0x0, 0x0, 0x0, 0x0, 0x8f, 0xfb, 0x0,
    0x0, 0x0, 0x0, 0x0, 0x0, 0x0, 0x0, 0x0,
    0x8, 0xff, 0xff, 0xa0, 0x0, 0x0, 0x0, 0x0,
    0x0, 0x0, 0x0, 0x1, 0xbf, 0xfa, 0x4f, 0xfc,
    0x20, 0x0, 0x0, 0x0, 0x0, 0x0, 0x0, 0x5d,
    0xff, 0x90, 0x2, 0xef, 0xf8, 0x0, 0x0, 0x0,
    0x0, 0x0, 0x3c, 0xff, 0xf6, 0x0, 0x0, 0x1a,
    0xff, 0xe7, 0x0, 0x0, 0x1, 0x6c, 0xff, 0xfd,
    0x41, 0x11, 0x11, 0x11, 0x7f, 0xff, 0xe8, 0x20,
    0xb, 0xff, 0xfe, 0xff, 0xff, 0xff, 0xff, 0xff,
    0xff, 0xcf, 0xff, 0xf2, 0x1, 0xec, 0x51, 0xff,
    0xff, 0xff, 0xff, 0xff, 0xff, 0x50, 0x7e, 0x60,
    0x0, 0x10, 0x0, 0x0, 0x0, 0xf, 0xf4, 0x0,
    0x0, 0x0, 0x0, 0x0, 0x0, 0x0, 0x0, 0x0,
    0x0, 0xf, 0xf4, 0x0, 0x0, 0x0, 0x0, 0x0,
    0x0, 0x0, 0x0, 0x0, 0x0, 0x1f, 0xf5, 0x0,
    0x0, 0x0, 0x0, 0x0, 0x0, 0xf, 0xff, 0xff,
    0xff, 0xff, 0xff, 0xff, 0xff, 0xff, 0xf5, 0x0,
    0x0, 0xe, 0xff, 0xff, 0xff, 0xff, 0xff, 0xff,
    0xff, 0xff, 0xf5, 0x0, 0x0, 0x0, 0x5, 0xa0,
    0x0, 0xf, 0xf4, 0x0, 0x8, 0x71, 0x0, 0x0,
    0x0, 0x0, 0xc, 0xf8, 0x0, 0xf, 0xf4, 0x0,
    0x3f, 0xf4, 0x0, 0x0, 0x0, 0x0, 0x3, 0xff,
    0x20, 0xf, 0xf4, 0x0, 0xbf, 0x90, 0x0, 0x0,
    0x0, 0x0, 0x0, 0xaf, 0x90, 0xf, 0xf4, 0x5,
    0xfd, 0x0, 0x0, 0x0, 0x0, 0x0, 0x0, 0x3b,
    0x40, 0xf, 0xf4, 0x5, 0xd3, 0x0, 0x0, 0x0,
    0x1, 0xff, 0xff, 0xff, 0xff, 0xff, 0xff, 0xff,
    0xff, 0xff, 0xff, 0x70, 0x1, 0xff, 0xff, 0xff,
    0xff, 0xff, 0xff, 0xff, 0xff, 0xff, 0xff, 0x70,
    0x0, 0x11, 0x11, 0x11, 0x11, 0x11, 0x11, 0x11,
    0x11, 0x11, 0x11, 0x0,

    /* U+949F "钟" */
    0x0, 0x0, 0x0, 0x0, 0x0, 0x0, 0x0, 0x0,
    0x0, 0x0, 0x0, 0x0, 0x0, 0xd, 0xa1, 0x0,
    0x0, 0x0, 0x0, 0x5f, 0xd0, 0x0, 0x0, 0x0,
    0x7, 0xfc, 0x0, 0x0, 0x0, 0x0, 0x5, 0xfd,
    0x0, 0x0, 0x0, 0x0, 0xef, 0xec, 0xcc, 0xc0,
    0x0, 0x0, 0x5f, 0xd0, 0x0, 0x0, 0x0, 0x8f,
    0xff, 0xff, 0xff, 0x0, 0x0, 0x5, 0xfd, 0x0,
    0x0, 0x0, 0x5f, 0xf6, 0x44, 0x44, 0x42, 0x66,
    0x66, 0x9f, 0xe6, 0x66, 0x62, 0xf, 0xfa, 0x0,
    0x0, 0x0, 0x4f, 0xff, 0xff, 0xff, 0xff, 0xff,
    0x40, 0xaf, 0x20, 0x0, 0x0, 0x4, 0xff, 0xff,
    0xff, 0xff, 0xff, 0xf4, 0x3, 0x7f, 0xff, 0xff,
    0xf8, 0x4f, 0xd1, 0x16, 0xfe, 0x11, 0xdf, 0x40,
    0x2, 0xff, 0xff, 0xff, 0x84, 0xfc, 0x0, 0x5f,
    0xd0, 0xc, 0xf4, 0x0, 0x0, 0x3f, 0xe0, 0x0,
    0x4f, 0xc0, 0x5, 0xfd, 0x0, 0xcf, 0x40, 0x0,
    0x3, 0xfe, 0x0, 0x4, 0xfc, 0x0, 0x5f, 0xd0,
    0xc, 0xf4, 0x3, 0x55, 0x8f, 0xe5, 0x55, 0x4f,
    0xc0, 0x5, 0xfd, 0x0, 0xcf, 0x40, 0x8f, 0xff,
    0xff, 0xff, 0xf5, 0xff, 0xff, 0xff, 0xff, 0xff,
    0xf4, 0x4, 0x99, 0xaf, 0xf9, 0x99, 0x5f, 0xff,
    0xff, 0xff, 0xff, 0xff, 0x40, 0x0, 0x3, 0xfe,
    0x0, 0x4, 0xfd, 0x33, 0x7f, 0xe3, 0x3d, 0xf4,
    0x0, 0x0, 0x3f, 0xe0, 0x0, 0x3a, 0x80, 0x5,
    0xfd, 0x0, 0x68, 0x20, 0x0, 0x3, 0xfe, 0x0,
    0x10, 0x0, 0x0, 0x5f, 0xd0, 0x0, 0x0, 0x0,
    0x0, 0x3f, 0xe1, 0x9f, 0x10, 0x0, 0x5, 0xfd,
    0x0, 0x0, 0x0, 0x0, 0x6, 0xff, 0xff, 0xf3,
    0x0, 0x0, 0x5f, 0xd0, 0x0, 0x0, 0x0, 0x0,
    0xdf, 0xff, 0x91, 0x0, 0x0, 0x5, 0xfd, 0x0,
    0x0, 0x0, 0x0, 0x4f, 0xfa, 0x20, 0x0, 0x0,
    0x0, 0x5f, 0xd0, 0x0, 0x0, 0x0, 0x0, 0x83,
    0x0, 0x0, 0x0, 0x0, 0x5, 0xfd, 0x0, 0x0,
    0x0,

    /* U+94AE "钮" */
    0x0, 0x1, 0x20, 0x0, 0x0, 0x0, 0x0, 0x0,
    0x0, 0x0, 0x0, 0x0, 0x0, 0x8, 0xf9, 0x0,
    0x0, 0x13, 0x33, 0x33, 0x33, 0x33, 0x33, 0x0,
    0x0, 0xe, 0xf5, 0x0, 0x0, 0x7f, 0xff, 0xff,
    0xff, 0xff, 0xff, 0x10, 0x0, 0x4f, 0xfc, 0xcc,
    0xcb, 0x6c, 0xcc, 0xef, 0xec, 0xcd, 0xff, 0x0,
    0x0, 0xbf, 0xff, 0xff, 0xfe, 0x0, 0x0, 0xbf,
    0x70, 0x2, 0xff, 0x0, 0x4, 0xff, 0x55, 0x55,
    0x54, 0x0, 0x0, 0xdf, 0x60, 0x3, 0xfe, 0x0,
    0xe, 0xf9, 0x0, 0x0, 0x0, 0x0, 0x0, 0xef,
    0x40, 0x5, 0xfd, 0x0, 0xe, 0xf2, 0x0, 0x0,
    0x0, 0x0, 0x0, 0xff, 0x20, 0x6, 0xfc, 0x0,
    0x7, 0xcf, 0xff, 0xff, 0xf5, 0x0, 0x1, 0xff,
    0x10, 0x7, 0xfb, 0x0, 0x0, 0x5e, 0xff, 0xfe,
    0xe4, 0x0, 0x2, 0xff, 0x0, 0x8, 0xfa, 0x0,
    0x0, 0x0, 0x4f, 0xb0, 0x0, 0x39, 0x9a, 0xff,
    0x99, 0x9c, 0xf8, 0x0, 0x0, 0x0, 0x4f, 0xb0,
    0x0, 0x5f, 0xff, 0xff, 0xff, 0xff, 0xf7, 0x0,
    0x2, 0x22, 0x7f, 0xc2, 0x22, 0x38, 0x8c, 0xfd,
    0x88, 0x8e, 0xf6, 0x0, 0xa, 0xff, 0xff, 0xff,
    0xfe, 0x0, 0xa, 0xf8, 0x0, 0xd, 0xf4, 0x0,
    0x8, 0xcc, 0xdf, 0xfc, 0xcb, 0x0, 0xc, 0xf6,
    0x0, 0xe, 0xf3, 0x0, 0x0, 0x0, 0x4f, 0xb0,
    0x0, 0x0, 0xe, 0xf4, 0x0, 0xf, 0xf2, 0x0,
    0x0, 0x0, 0x4f, 0xb0, 0x0, 0x0, 0xf, 0xf2,
    0x0, 0x1f, 0xf0, 0x0, 0x0, 0x0, 0x4f, 0xb0,
    0x13, 0x0, 0x3f, 0xf0, 0x0, 0x3f, 0xf0, 0x0,
    0x0, 0x0, 0x5f, 0xc8, 0xfa, 0x0, 0x5f, 0xd0,
    0x0, 0x5f, 0xd0, 0x0, 0x0, 0x0, 0x7f, 0xff,
    0xf7, 0x0, 0x7f, 0xa0, 0x0, 0x7f, 0xc0, 0x0,
    0x0, 0x0, 0xdf, 0xfb, 0x4f, 0xff, 0xff, 0xff,
    0xff, 0xff, 0xff, 0xf1, 0x0, 0x6, 0xfe, 0x50,
    0x2f, 0xff, 0xff, 0xff, 0xff, 0xff, 0xff, 0xf1,
    0x0, 0x0, 0x81, 0x0, 0x3, 0x33, 0x33, 0x33,
    0x33, 0x33, 0x33, 0x30,

    /* U+94DC "铜" */
    0x0, 0x0, 0x0, 0x0, 0x0, 0x0, 0x0, 0x0,
    0x0, 0x0, 0x0, 0x0, 0x0, 0x4d, 0x80, 0x0,
    0x0, 0x0, 0x0, 0x0, 0x0, 0x0, 0x0, 0x0,
    0xb, 0xf9, 0x0, 0x0, 0xcf, 0xff, 0xff, 0xff,
    0xff, 0xff, 0x10, 0x2, 0xff, 0xca, 0xaa, 0x6c,
    0xff, 0xff, 0xff, 0xff, 0xff, 0xf1, 0x0, 0xcf,
    0xff, 0xff, 0xf9, 0xcf, 0x10, 0x0, 0x0, 0x0,
    0xcf, 0x10, 0x9f, 0xf6, 0x55, 0x55, 0x3c, 0xf1,
    0x0, 0x0, 0x0, 0xc, 0xf1, 0x3f, 0xf6, 0x0,
    0x0, 0x0, 0xcf, 0x19, 0xff, 0xff, 0xf1, 0xcf,
    0x10, 0xdd, 0x44, 0x44, 0x44, 0x1c, 0xf1, 0x8d,
    0xdd, 0xdd, 0x1c, 0xf1, 0x4, 0x9f, 0xff, 0xff,
    0xf5, 0xcf, 0x10, 0x0, 0x0, 0x0, 0xcf, 0x10,
    0x6, 0xbe, 0xfc, 0xbb, 0x3c, 0xf1, 0x0, 0x0,
    0x0, 0xc, 0xf1, 0x0, 0x0, 0xbf, 0x50, 0x0,
    0xcf, 0x14, 0xff, 0xff, 0xb0, 0xcf, 0x10, 0x0,
    0xb, 0xf5, 0x0, 0xc, 0xf1, 0x4f, 0xcb, 0xeb,
    0xc, 0xf1, 0x6, 0x77, 0xdf, 0xa7, 0x72, 0xcf,
    0x14, 0xf1, 0xb, 0xb0, 0xcf, 0x10, 0xdf, 0xff,
    0xff, 0xff, 0x5c, 0xf1, 0x4f, 0x10, 0xbb, 0xc,
    0xf1, 0x5, 0x66, 0xdf, 0x96, 0x62, 0xcf, 0x14,
    0xf1, 0xb, 0xb0, 0xcf, 0x10, 0x0, 0xb, 0xf5,
    0x0, 0xc, 0xf1, 0x4f, 0xbb, 0xeb, 0xc, 0xf1,
    0x0, 0x0, 0xbf, 0x50, 0x0, 0xcf, 0x14, 0xff,
    0xff, 0xb0, 0xcf, 0x10, 0x0, 0xb, 0xf5, 0x6,
    0x1c, 0xf1, 0x4f, 0x20, 0x0, 0xc, 0xf1, 0x0,
    0x0, 0xbf, 0x8c, 0xf4, 0xcf, 0x12, 0x90, 0x0,
    0x0, 0xcf, 0x10, 0x0, 0xe, 0xff, 0xfe, 0x3c,
    0xf1, 0x0, 0x0, 0x0, 0xc, 0xf1, 0x0, 0x4,
    0xff, 0xf9, 0x0, 0xcf, 0x10, 0x0, 0x0, 0x0,
    0xdf, 0x0, 0x0, 0xbf, 0xd3, 0x0, 0xc, 0xf1,
    0x0, 0x0, 0x9f, 0xff, 0xe0, 0x0, 0x2, 0x80,
    0x0, 0x0, 0xcf, 0x10, 0x0, 0x5, 0xfe, 0xc4,
    0x0,

    /* U+9500 "销" */
    0x0, 0x0, 0xb7, 0x0, 0x0, 0x0, 0x0, 0x3,
    0xfc, 0x0, 0x1, 0x0, 0x0, 0x5f, 0xd0, 0x0,
    0x3, 0xca, 0x0, 0x3f, 0xd0, 0x6, 0xf7, 0x0,
    0xd, 0xf9, 0x22, 0x22, 0x1f, 0xf4, 0x3, 0xfd,
    0x0, 0xdf, 0x40, 0x5, 0xff, 0xff, 0xff, 0xe0,
    0x7f, 0xd0, 0x3f, 0xd0, 0x4f, 0xc0, 0x2, 0xff,
    0xfe, 0xee, 0xed, 0x0, 0xff, 0x43, 0xfd, 0xd,
    0xf3, 0x0, 0xdf, 0xc0, 0x0, 0x0, 0x0, 0x9,
    0xb2, 0x3f, 0xd0, 0x99, 0x0, 0xa, 0xf2, 0x0,
    0x0, 0x0, 0x2, 0x32, 0x25, 0xfd, 0x33, 0x33,
    0x0, 0x28, 0xff, 0xff, 0xff, 0x81, 0xff, 0xff,
    0xff, 0xff, 0xff, 0xf1, 0x0, 0x4f, 0xff, 0xff,
    0xf8, 0x1f, 0xfe, 0xee, 0xee, 0xee, 0xff, 0x10,
    0x0, 0x2, 0xfd, 0x0, 0x1, 0xfe, 0x0, 0x0,
    0x0, 0xe, 0xf1, 0x0, 0x0, 0x2f, 0xd0, 0x0,
    0x1f, 0xe0, 0x0, 0x0, 0x0, 0xef, 0x10, 0x12,
    0x25, 0xfd, 0x22, 0x22, 0xff, 0xee, 0xee, 0xee,
    0xef, 0xf1, 0x6, 0xff, 0xff, 0xff, 0xff, 0x2f,
    0xff, 0xff, 0xff, 0xff, 0xff, 0x10, 0x5c, 0xcd,
    0xff, 0xcc, 0xc2, 0xfe, 0x0, 0x0, 0x0, 0xe,
    0xf1, 0x0, 0x0, 0x2f, 0xd0, 0x0, 0x1f, 0xe0,
    0x0, 0x0, 0x0, 0xef, 0x10, 0x0, 0x2, 0xfd,
    0x0, 0x1, 0xff, 0xff, 0xff, 0xff, 0xff, 0xf1,
    0x0, 0x0, 0x2f, 0xd0, 0x1, 0x1f, 0xfe, 0xee,
    0xee, 0xee, 0xff, 0x10, 0x0, 0x2, 0xfd, 0x4c,
    0x91, 0xfe, 0x0, 0x0, 0x0, 0xe, 0xf1, 0x0,
    0x0, 0x5f, 0xff, 0xfb, 0x1f, 0xe0, 0x0, 0x0,
    0x0, 0xef, 0x10, 0x0, 0x1c, 0xff, 0xe7, 0x1,
    0xfe, 0x0, 0x0, 0x22, 0x2f, 0xf0, 0x0, 0x1,
    0xef, 0x91, 0x0, 0x1f, 0xe0, 0x0, 0x9, 0xff,
    0xfe, 0x0, 0x0, 0x5, 0x20, 0x0, 0x1, 0xfe,
    0x0, 0x0, 0x3d, 0xca, 0x30,

    /* U+957F "长" */
    0x0, 0x0, 0x0, 0x0, 0x0, 0x0, 0x0, 0x0,
    0x0, 0x0, 0x0, 0x0, 0x0, 0x1, 0xff, 0x20,
    0x0, 0x0, 0x0, 0x0, 0x82, 0x0, 0x0, 0x0,
    0x0, 0x1f, 0xf2, 0x0, 0x0, 0x0, 0x1, 0xcf,
    0xf4, 0x0, 0x0, 0x0, 0x1, 0xff, 0x20, 0x0,
    0x0, 0x3, 0xdf, 0xf6, 0x0, 0x0, 0x0, 0x0,
    0x1f, 0xf2, 0x0, 0x0, 0x7, 0xff, 0xf5, 0x0,
    0x0, 0x0, 0x0, 0x1, 0xff, 0x20, 0x0, 0x4d,
    0xff, 0xd2, 0x0, 0x0, 0x0, 0x0, 0x0, 0x1f,
    0xf2, 0x4, 0xcf, 0xff, 0x80, 0x0, 0x0, 0x0,
    0x0, 0x0, 0x1, 0xff, 0x21, 0xdf, 0xfc, 0x30,
    0x0, 0x0, 0x0, 0x0, 0x0, 0x0, 0x1f, 0xf2,
    0x1, 0xb4, 0x0, 0x0, 0x0, 0x0, 0x0, 0x0,
    0x0, 0x1, 0xff, 0x20, 0x0, 0x0, 0x0, 0x0,
    0x0, 0x0, 0x0, 0x5f, 0xff, 0xff, 0xff, 0xff,
    0xff, 0xff, 0xff, 0xff, 0xff, 0xfc, 0x5, 0xff,
    0xff, 0xff, 0xff, 0xff, 0xff, 0xff, 0xff, 0xff,
    0xff, 0xd0, 0x13, 0x33, 0x4f, 0xf6, 0x33, 0x6f,
    0xf4, 0x33, 0x33, 0x33, 0x33, 0x0, 0x0, 0x1,
    0xff, 0x20, 0x0, 0xdf, 0x80, 0x0, 0x0, 0x0,
    0x0, 0x0, 0x0, 0x1f, 0xf2, 0x0, 0x5, 0xff,
    0x20, 0x0, 0x0, 0x0, 0x0, 0x0, 0x1, 0xff,
    0x20, 0x0, 0xc, 0xfd, 0x10, 0x0, 0x0, 0x0,
    0x0, 0x0, 0x1f, 0xf2, 0x0, 0x0, 0x2e, 0xfd,
    0x10, 0x0, 0x0, 0x0, 0x0, 0x1, 0xff, 0x20,
    0x0, 0x0, 0x4f, 0xfd, 0x30, 0x0, 0x0, 0x0,
    0x0, 0x1f, 0xf2, 0x1, 0x48, 0x60, 0x6f, 0xff,
    0x90, 0x0, 0x0, 0x0, 0x3, 0xff, 0xad, 0xff,
    0xf9, 0x0, 0x3e, 0xff, 0xfa, 0x40, 0x0, 0x0,
    0xbf, 0xff, 0xff, 0xea, 0x50, 0x0, 0x1a, 0xff,
    0xfe, 0x10, 0x0, 0xb, 0xff, 0xb7, 0x30, 0x0,
    0x0, 0x0, 0x2, 0x9f, 0x30, 0x0, 0x0, 0x46,
    0x0, 0x0, 0x0, 0x0, 0x0, 0x0, 0x0, 0x0,
    0x0,

    /* U+95F4 "间" */
    0x8, 0x90, 0x0, 0x0, 0x0, 0x0, 0x0, 0x0,
    0x0, 0x0, 0x4, 0xff, 0x70, 0xa, 0xff, 0xff,
    0xff, 0xff, 0xff, 0xff, 0xf0, 0x6, 0xff, 0x30,
    0xaf, 0xff, 0xff, 0xff, 0xff, 0xff, 0xff, 0x0,
    0xa, 0xfb, 0x1, 0x11, 0x11, 0x11, 0x11, 0x11,
    0x5f, 0xf0, 0x0, 0x19, 0x0, 0x0, 0x0, 0x0,
    0x0, 0x0, 0x4, 0xff, 0x7, 0x72, 0x0, 0x0,
    0x0, 0x0, 0x0, 0x0, 0x0, 0x4f, 0xf0, 0xef,
    0x50, 0x2, 0x22, 0x22, 0x22, 0x22, 0x20, 0x4,
    0xff, 0xe, 0xf5, 0x0, 0xdf, 0xff, 0xff, 0xff,
    0xfe, 0x0, 0x4f, 0xf0, 0xef, 0x50, 0xd, 0xfb,
    0xaa, 0xaa, 0xbf, 0xe0, 0x4, 0xff, 0xe, 0xf5,
    0x0, 0xdf, 0x20, 0x0, 0x2, 0xfe, 0x0, 0x4f,
    0xf0, 0xef, 0x50, 0xd, 0xf2, 0x0, 0x0, 0x2f,
    0xe0, 0x4, 0xff, 0xe, 0xf5, 0x0, 0xdf, 0xdc,
    0xcc, 0xcd, 0xfe, 0x0, 0x4f, 0xf0, 0xef, 0x50,
    0xd, 0xff, 0xff, 0xff, 0xff, 0xe0, 0x4, 0xff,
    0xe, 0xf5, 0x0, 0xdf, 0x20, 0x0, 0x3, 0xfe,
    0x0, 0x4f, 0xf0, 0xef, 0x50, 0xd, 0xf2, 0x0,
    0x0, 0x2f, 0xe0, 0x4, 0xff, 0xe, 0xf5, 0x0,
    0xdf, 0x30, 0x0, 0x3, 0xfe, 0x0, 0x4f, 0xf0,
    0xef, 0x50, 0xd, 0xff, 0xff, 0xff, 0xff, 0xe0,
    0x4, 0xff, 0xe, 0xf5, 0x0, 0xab, 0xbb, 0xbb,
    0xbb, 0xba, 0x0, 0x4f, 0xf0, 0xef, 0x50, 0x0,
    0x0, 0x0, 0x0, 0x0, 0x0, 0x4, 0xff, 0xe,
    0xf5, 0x0, 0x0, 0x0, 0x0, 0x0, 0x0, 0x0,
    0x5f, 0xf0, 0xef, 0x50, 0x0, 0x0, 0x0, 0x0,
    0x0, 0x7, 0xff, 0xfd, 0xe, 0xf5, 0x0, 0x0,
    0x0, 0x0, 0x0, 0x0, 0x2f, 0xfc, 0x40,

    /* U+961F "队" */
    0x0, 0x0, 0x0, 0x10, 0x0, 0x0, 0x7f, 0xb0,
    0x0, 0x0, 0x0, 0xef, 0xff, 0xff, 0xfa, 0x10,
    0x0, 0x8f, 0xb0, 0x0, 0x0, 0x0, 0xef, 0xff,
    0xff, 0xff, 0x0, 0x0, 0x8f, 0xb0, 0x0, 0x0,
    0x0, 0xef, 0x30, 0xb, 0xf9, 0x0, 0x0, 0x8f,
    0xa0, 0x0, 0x0, 0x0, 0xef, 0x30, 0x1f, 0xf3,
    0x0, 0x0, 0x9f, 0xa0, 0x0, 0x0, 0x0, 0xef,
    0x30, 0x6f, 0xc0, 0x0, 0x0, 0x9f, 0xa0, 0x0,
    0x0, 0x0, 0xef, 0x30, 0xcf, 0x50, 0x0, 0x0,
    0xaf, 0x90, 0x0, 0x0, 0x0, 0xef, 0x32, 0xff,
    0x0, 0x0, 0x0, 0xbf, 0xa0, 0x0, 0x0, 0x0,
    0xef, 0x31, 0xdf, 0x60, 0x0, 0x0, 0xcf, 0xc0,
    0x0, 0x0, 0x0, 0xef, 0x30, 0x2f, 0xf1, 0x0,
    0x0, 0xef, 0xf0, 0x0, 0x0, 0x0, 0xef, 0x30,
    0x9, 0xf9, 0x0, 0x1, 0xff, 0xf3, 0x0, 0x0,
    0x0, 0xef, 0x30, 0x4, 0xfd, 0x0, 0x4, 0xff,
    0xf8, 0x0, 0x0, 0x0, 0xef, 0x30, 0x2, 0xff,
    0x0, 0x8, 0xff, 0xfc, 0x0, 0x0, 0x0, 0xef,
    0x30, 0x6, 0xfe, 0x0, 0xd, 0xf8, 0xff, 0x10,
    0x0, 0x0, 0xef, 0x38, 0xef, 0xfa, 0x0, 0x3f,
    0xf2, 0xaf, 0x80, 0x0, 0x0, 0xef, 0x34, 0xff,
    0xd1, 0x0, 0xbf, 0xc0, 0x4f, 0xe1, 0x0, 0x0,
    0xef, 0x30, 0x21, 0x0, 0x3, 0xff, 0x50, 0xc,
    0xf9, 0x0, 0x0, 0xef, 0x30, 0x0, 0x0, 0x1e,
    0xfc, 0x0, 0x5, 0xff, 0x40, 0x0, 0xef, 0x30,
    0x0, 0x0, 0xcf, 0xf3, 0x0, 0x0, 0xbf, 0xf2,
    0x0, 0xef, 0x30, 0x0, 0x2d, 0xff, 0x60, 0x0,
    0x0, 0x1e, 0xfe, 0x40, 0xef, 0x30, 0x0, 0xbf,
    0xf7, 0x0, 0x0, 0x0, 0x3, 0xef, 0xc0, 0xef,
    0x30, 0x0, 0xc, 0x50, 0x0, 0x0, 0x0, 0x0,
    0x2c, 0x10, 0x0, 0x0, 0x0, 0x0, 0x0, 0x0,
    0x0, 0x0, 0x0, 0x0, 0x0,

    /* U+9636 "阶" */
    0x0, 0x0, 0x0, 0x0, 0x0, 0x0, 0x0, 0x20,
    0x0, 0x0, 0x0, 0x0, 0x11, 0x11, 0x11, 0x0,
    0x0, 0x0, 0x5f, 0xf2, 0x0, 0x0, 0x0, 0xf,
    0xff, 0xff, 0xfe, 0x40, 0x0, 0xc, 0xff, 0x10,
    0x0, 0x0, 0x0, 0xff, 0xff, 0xff, 0xf5, 0x0,
    0x4, 0xff, 0xfb, 0x0, 0x0, 0x0, 0xf, 0xf1,
    0x6, 0xfe, 0x0, 0x0, 0xdf, 0xde, 0xf7, 0x0,
    0x0, 0x0, 0xff, 0x10, 0xcf, 0x70, 0x0, 0x8f,
    0xf2, 0x4f, 0xf5, 0x0, 0x0, 0xf, 0xf1, 0x2f,
    0xf0, 0x0, 0x6f, 0xf6, 0x0, 0x7f, 0xf6, 0x0,
    0x0, 0xff, 0x18, 0xf8, 0x0, 0x6f, 0xfb, 0x0,
    0x0, 0xaf, 0xf8, 0x0, 0xf, 0xf2, 0xef, 0x10,
    0xaf, 0xfb, 0x0, 0x0, 0x0, 0x9f, 0xfd, 0x20,
    0xff, 0x2b, 0xf7, 0x2e, 0xfa, 0x0, 0x0, 0x0,
    0x0, 0x7f, 0xb0, 0xf, 0xf1, 0xd, 0xf4, 0x46,
    0x1b, 0xb0, 0x0, 0x3b, 0xa0, 0x20, 0x0, 0xff,
    0x10, 0x4f, 0xd0, 0x1, 0xff, 0x0, 0x4, 0xfe,
    0x0, 0x0, 0xf, 0xf1, 0x0, 0xef, 0x30, 0x1f,
    0xf0, 0x0, 0x4f, 0xe0, 0x0, 0x0, 0xff, 0x10,
    0xc, 0xf5, 0x1, 0xff, 0x0, 0x4, 0xfe, 0x0,
    0x0, 0xf, 0xf1, 0x1, 0xef, 0x30, 0x2f, 0xf0,
    0x0, 0x4f, 0xe0, 0x0, 0x0, 0xff, 0x6d, 0xff,
    0xf0, 0x2, 0xff, 0x0, 0x4, 0xfe, 0x0, 0x0,
    0xf, 0xf2, 0xff, 0xd4, 0x0, 0x5f, 0xe0, 0x0,
    0x4f, 0xe0, 0x0, 0x0, 0xff, 0x11, 0x10, 0x0,
    0x8, 0xfb, 0x0, 0x4, 0xfe, 0x0, 0x0, 0xf,
    0xf1, 0x0, 0x0, 0x0, 0xef, 0x80, 0x0, 0x4f,
    0xe0, 0x0, 0x0, 0xff, 0x10, 0x0, 0x0, 0x7f,
    0xf2, 0x0, 0x4, 0xfe, 0x0, 0x0, 0xf, 0xf1,
    0x0, 0x0, 0x4f, 0xfb, 0x0, 0x0, 0x4f, 0xe0,
    0x0, 0x0, 0xff, 0x10, 0x0, 0x2f, 0xfe, 0x20,
    0x0, 0x4, 0xfe, 0x0, 0x0, 0xf, 0xf1, 0x0,
    0x0, 0x3d, 0x30, 0x0, 0x0, 0x4e, 0xd0, 0x0,
    0x0, 0x0, 0x0, 0x0, 0x0, 0x0, 0x0, 0x0,
    0x0, 0x0, 0x0, 0x0,

    /* U+964D "降" */
    0x0, 0x0, 0x0, 0x0, 0x0, 0x0, 0x0, 0x0,
    0x0, 0x0, 0x0, 0x0, 0x11, 0x11, 0x12, 0x0,
    0x0, 0x8, 0xea, 0x0, 0x0, 0x0, 0x0, 0x1f,
    0xff, 0xff, 0xfb, 0x0, 0x3, 0xff, 0x50, 0x0,
    0x0, 0x0, 0x1, 0xff, 0xdd, 0xff, 0xd0, 0x1,
    0xef, 0xff, 0xff, 0xff, 0xe3, 0x0, 0x1f, 0xd0,
    0xb, 0xf7, 0x1, 0xdf, 0xeb, 0xbb, 0xbe, 0xfd,
    0x0, 0x1, 0xfd, 0x1, 0xff, 0x13, 0xdf, 0xfe,
    0x20, 0x3, 0xff, 0x40, 0x0, 0x1f, 0xd0, 0x7f,
    0xa1, 0xef, 0xc9, 0xfd, 0x23, 0xef, 0x90, 0x0,
    0x1, 0xfd, 0xc, 0xf3, 0x4, 0xa0, 0x9, 0xfe,
    0xff, 0x90, 0x0, 0x0, 0x1f, 0xd2, 0xfd, 0x0,
    0x0, 0x0, 0x4f, 0xff, 0xf4, 0x0, 0x0, 0x1,
    0xfd, 0x2e, 0xf3, 0x0, 0x15, 0xdf, 0xfe, 0xef,
    0xfc, 0x62, 0x0, 0x1f, 0xd0, 0x4f, 0xd4, 0xcf,
    0xff, 0xe7, 0x0, 0x7f, 0xff, 0xfd, 0x1, 0xfd,
    0x0, 0xaf, 0x8f, 0xfb, 0x60, 0x8, 0xc5, 0x16,
    0xaf, 0x50, 0x1f, 0xd0, 0x4, 0xfb, 0x32, 0x11,
    0x11, 0xbf, 0x71, 0x11, 0x10, 0x1, 0xfd, 0x0,
    0x2f, 0xd0, 0xff, 0xff, 0xff, 0xff, 0xff, 0xfe,
    0x0, 0x1f, 0xd0, 0x3, 0xfc, 0xc, 0xdd, 0xdd,
    0xff, 0xed, 0xdd, 0xc0, 0x1, 0xfd, 0x58, 0xdf,
    0x80, 0x68, 0x20, 0xb, 0xf7, 0x0, 0x0, 0x0,
    0x1f, 0xd7, 0xff, 0xb0, 0xe, 0xf2, 0x0, 0xbf,
    0x70, 0x0, 0x0, 0x1, 0xfd, 0x1, 0x0, 0x3,
    0xff, 0xbb, 0xbe, 0xfd, 0xbb, 0xbb, 0x70, 0x1f,
    0xd0, 0x0, 0x0, 0x9f, 0xff, 0xff, 0xff, 0xff,
    0xff, 0xf9, 0x1, 0xfd, 0x0, 0x0, 0x2, 0x33,
    0x33, 0x3c, 0xf9, 0x33, 0x33, 0x20, 0x1f, 0xd0,
    0x0, 0x0, 0x0, 0x0, 0x0, 0xbf, 0x70, 0x0,
    0x0, 0x1, 0xfd, 0x0, 0x0, 0x0, 0x0, 0x0,
    0xb, 0xf7, 0x0, 0x0, 0x0, 0x1f, 0xd0, 0x0,
    0x0, 0x0, 0x0, 0x0, 0xbf, 0x70, 0x0, 0x0,
    0x0, 0x0, 0x0, 0x0, 0x0, 0x0, 0x0, 0x0,
    0x0, 0x0, 0x0, 0x0,

    /* U+968F "随" */
    0x0, 0x0, 0x0, 0x0, 0x0, 0x0, 0x0, 0x4,
    0x10, 0x0, 0x0, 0x0, 0x55, 0x55, 0x52, 0x0,
    0x0, 0x0, 0x3, 0xfd, 0x0, 0x0, 0x0, 0x1f,
    0xff, 0xff, 0xf3, 0x10, 0x0, 0x0, 0x8f, 0x90,
    0x0, 0x0, 0x1, 0xff, 0xaa, 0xff, 0xde, 0x10,
    0xcc, 0xce, 0xfe, 0xcc, 0xcc, 0xa0, 0x1f, 0xd0,
    0x2f, 0xc6, 0xfb, 0xf, 0xff, 0xff, 0xff, 0xff,
    0xfd, 0x1, 0xfd, 0x6, 0xf7, 0xb, 0xf5, 0x11,
    0xbf, 0x91, 0x11, 0x11, 0x10, 0x1f, 0xd0, 0xaf,
    0x30, 0x2f, 0x90, 0x3f, 0xf1, 0x0, 0x0, 0x0,
    0x1, 0xfd, 0xe, 0xe0, 0x0, 0x30, 0xc, 0xff,
    0xff, 0xff, 0xfe, 0x0, 0x1f, 0xd2, 0xfa, 0x0,
    0x0, 0xa, 0xff, 0xfc, 0xbb, 0xbf, 0xe0, 0x1,
    0xfd, 0x3f, 0xa0, 0x22, 0x28, 0xff, 0xff, 0x10,
    0x0, 0xfe, 0x0, 0x1f, 0xd0, 0xbf, 0x3f, 0xff,
    0xdc, 0x6d, 0xf9, 0x88, 0x8f, 0xe0, 0x1, 0xfd,
    0x4, 0xf9, 0xbc, 0xfd, 0x0, 0xdf, 0xff, 0xff,
    0xfe, 0x0, 0x1f, 0xd0, 0xf, 0xd0, 0x1f, 0xd0,
    0xd, 0xf1, 0x0, 0x1f, 0xe0, 0x1, 0xfd, 0x0,
    0xef, 0x1, 0xfd, 0x0, 0xdf, 0x10, 0x1, 0xfe,
    0x0, 0x1f, 0xd0, 0xd, 0xf0, 0x1f, 0xd0, 0xd,
    0xff, 0xff, 0xff, 0xe0, 0x1, 0xfd, 0x1, 0xfe,
    0x1, 0xfd, 0x0, 0xdf, 0x98, 0x89, 0xfe, 0x0,
    0x1f, 0xd9, 0xff, 0x90, 0x1f, 0xd0, 0xd, 0xf1,
    0x0, 0xf, 0xe0, 0x1, 0xfd, 0x4a, 0x70, 0x1,
    0xfd, 0x0, 0xdf, 0x10, 0x7a, 0xfe, 0x0, 0x1f,
    0xd0, 0x0, 0x0, 0xaf, 0xf2, 0xd, 0xf1, 0x8,
    0xfe, 0x70, 0x1, 0xfd, 0x0, 0x0, 0x9f, 0xef,
    0xe2, 0x0, 0x0, 0x0, 0x0, 0x0, 0x1f, 0xd0,
    0x0, 0x5f, 0xc0, 0x4f, 0xf7, 0x20, 0x0, 0x0,
    0x36, 0x1, 0xfd, 0x0, 0xc, 0xf3, 0x0, 0x3d,
    0xff, 0xfe, 0xff, 0xff, 0xd0, 0x1f, 0xd0, 0x0,
    0x29, 0x0, 0x0, 0x6, 0xbd, 0xff, 0xff, 0xe9,
    0x0, 0x0, 0x0, 0x0, 0x0, 0x0, 0x0, 0x0,
    0x0, 0x0, 0x0, 0x0,

    /* U+96C6 "集" */
    0x0, 0x0, 0x0, 0x10, 0x0, 0x0, 0x0, 0x0,
    0x0, 0x0, 0x0, 0x0, 0x0, 0x0, 0x3f, 0xe3,
    0x0, 0x9f, 0x70, 0x0, 0x0, 0x0, 0x0, 0x0,
    0x0, 0xc, 0xfb, 0x0, 0x6, 0xfe, 0x0, 0x0,
    0x0, 0x0, 0x0, 0x0, 0x8, 0xff, 0xcb, 0xbb,
    0xbf, 0xfc, 0xbb, 0xbb, 0xbb, 0x30, 0x0, 0x5,
    0xff, 0xff, 0xff, 0xff, 0xff, 0xff, 0xff, 0xff,
    0xf5, 0x0, 0x4, 0xff, 0xf3, 0x0, 0x0, 0x7f,
    0xb0, 0x0, 0x0, 0x0, 0x0, 0x5, 0xff, 0xff,
    0xa8, 0x88, 0x8c, 0xfe, 0x88, 0x88, 0x88, 0x20,
    0x2, 0xff, 0xbf, 0xff, 0xff, 0xff, 0xff, 0xff,
    0xff, 0xff, 0xf4, 0x0, 0x4, 0x71, 0xff, 0x20,
    0x0, 0x6, 0xfb, 0x0, 0x0, 0x0, 0x0, 0x0,
    0x0, 0x1f, 0xff, 0xff, 0xff, 0xff, 0xff, 0xff,
    0xff, 0xf5, 0x0, 0x0, 0x1, 0xff, 0xa9, 0x99,
    0x9c, 0xfe, 0x99, 0x99, 0x99, 0x30, 0x0, 0x0,
    0x1f, 0xf2, 0x0, 0x0, 0x6f, 0xb0, 0x0, 0x0,
    0x0, 0x0, 0x0, 0x1, 0xff, 0xdc, 0xcc, 0xce,
    0xff, 0xcc, 0xcc, 0xcc, 0xcc, 0x0, 0x0, 0x1f,
    0xff, 0xff, 0xff, 0xff, 0xff, 0xff, 0xff, 0xff,
    0xf0, 0x0, 0x0, 0x99, 0x10, 0x0, 0x2b, 0xb0,
    0x0, 0x0, 0x0, 0x0, 0x0, 0x9a, 0xaa, 0xaa,
    0xaa, 0xac, 0xff, 0xaa, 0xaa, 0xaa, 0xaa, 0xa4,
    0xd, 0xff, 0xff, 0xff, 0xff, 0xff, 0xff, 0xff,
    0xff, 0xff, 0xff, 0x60, 0x12, 0x22, 0x22, 0x3c,
    0xff, 0xff, 0xff, 0xa2, 0x22, 0x22, 0x20, 0x0,
    0x0, 0x0, 0x7f, 0xfe, 0x7f, 0xf6, 0xff, 0xd5,
    0x0, 0x0, 0x0, 0x0, 0x38, 0xef, 0xfa, 0x13,
    0xff, 0x2, 0xcf, 0xfd, 0x72, 0x0, 0x18, 0xdf,
    0xff, 0xd4, 0x0, 0x3f, 0xf0, 0x0, 0x5e, 0xff,
    0xfc, 0x61, 0xef, 0xfd, 0x50, 0x0, 0x3, 0xff,
    0x0, 0x0, 0x5, 0xdf, 0xf7, 0x4, 0x93, 0x0,
    0x0, 0x0, 0x3f, 0xf0, 0x0, 0x0, 0x0, 0x38,
    0x0,

    /* U+96FE "雾" */
    0x0, 0x56, 0x66, 0x66, 0x66, 0x66, 0x66, 0x66,
    0x66, 0x66, 0x0, 0x0, 0xc, 0xff, 0xff, 0xff,
    0xff, 0xff, 0xff, 0xff, 0xff, 0xe0, 0x0, 0x0,
    0x11, 0x11, 0x11, 0x11, 0xff, 0x41, 0x11, 0x11,
    0x11, 0x0, 0x1, 0xff, 0xff, 0xff, 0xff, 0xff,
    0xff, 0xff, 0xff, 0xff, 0xff, 0x20, 0x1f, 0xf4,
    0x44, 0x44, 0x44, 0xff, 0x64, 0x44, 0x44, 0x4f,
    0xf2, 0x1, 0xfe, 0x1f, 0xff, 0xfc, 0xf, 0xf2,
    0xbe, 0xee, 0xe2, 0xef, 0x20, 0x1f, 0xe0, 0x22,
    0x22, 0x20, 0xff, 0x22, 0x33, 0x33, 0xe, 0xf2,
    0x0, 0x88, 0x1f, 0xff, 0xfd, 0xf, 0xf2, 0xcf,
    0xff, 0xf2, 0x88, 0x10, 0x0, 0x0, 0x22, 0x45,
    0x20, 0xff, 0x24, 0x55, 0x55, 0x0, 0x0, 0x0,
    0x0, 0x0, 0x4e, 0xf9, 0x34, 0x44, 0x33, 0x33,
    0x33, 0x0, 0x0, 0x0, 0x2, 0xaf, 0xff, 0xff,
    0xff, 0xff, 0xff, 0xff, 0xf3, 0x0, 0x0, 0x5b,
    0xff, 0xfd, 0x73, 0x33, 0x33, 0x35, 0xcf, 0xd3,
    0x0, 0x0, 0x4, 0xf9, 0x35, 0xcf, 0xd9, 0x54,
    0x8c, 0xfd, 0x60, 0x0, 0x0, 0x0, 0x1, 0x24,
    0x57, 0xcf, 0xff, 0xff, 0xff, 0xa9, 0x98, 0x76,
    0x60, 0xbf, 0xff, 0xff, 0xfe, 0xb8, 0x55, 0x7a,
    0xcf, 0xff, 0xff, 0xfa, 0x4, 0xa9, 0x75, 0x41,
    0x0, 0x6e, 0xb0, 0x0, 0x0, 0x12, 0x34, 0x10,
    0x0, 0x58, 0x88, 0x88, 0x8d, 0xfd, 0x88, 0x88,
    0x88, 0x80, 0x0, 0x0, 0x9, 0xff, 0xff, 0xff,
    0xff, 0xff, 0xff, 0xff, 0xfe, 0x0, 0x0, 0x0,
    0x1, 0x11, 0x17, 0xff, 0x51, 0x11, 0x11, 0x4f,
    0xc0, 0x0, 0x0, 0x0, 0x0, 0x4b, 0xff, 0x60,
    0x0, 0x0, 0x7, 0xf9, 0x0, 0x0, 0x3, 0x8a,
    0xef, 0xfc, 0x30, 0x0, 0xb, 0xab, 0xff, 0x50,
    0x0, 0x0, 0x1d, 0xfd, 0x93, 0x0, 0x0, 0x0,
    0xbf, 0xff, 0x90, 0x0, 0x0, 0x0, 0x11, 0x0,
    0x0, 0x0, 0x0, 0x0, 0x0, 0x0, 0x0, 0x0,
    0x0,

    /* U+9752 "青" */
    0x0, 0x0, 0x0, 0x0, 0x0, 0x44, 0x10, 0x0,
    0x0, 0x0, 0x0, 0x0, 0x0, 0x0, 0x0, 0x0,
    0xff, 0x40, 0x0, 0x0, 0x0, 0x0, 0x0, 0x8b,
    0xbb, 0xbb, 0xbb, 0xff, 0xcb, 0xbb, 0xbb, 0xbb,
    0x50, 0x0, 0xcf, 0xff, 0xff, 0xff, 0xff, 0xff,
    0xff, 0xff, 0xff, 0x70, 0x0, 0x0, 0x0, 0x0,
    0x0, 0xff, 0x40, 0x0, 0x0, 0x0, 0x0, 0x0,
    0x9, 0x99, 0x99, 0x99, 0xff, 0xb9, 0x99, 0x99,
    0x94, 0x0, 0x0, 0xe, 0xff, 0xff, 0xff, 0xff,
    0xff, 0xff, 0xff, 0xf7, 0x0, 0x0, 0x0, 0x0,
    0x0, 0x0, 0xff, 0x40, 0x0, 0x0, 0x0, 0x0,
    0x2a, 0xaa, 0xaa, 0xaa, 0xaa, 0xff, 0xca, 0xaa,
    0xaa, 0xaa, 0xa7, 0x4f, 0xff, 0xff, 0xff, 0xff,
    0xff, 0xff, 0xff, 0xff, 0xff, 0xfb, 0x0, 0x0,
    0x0, 0x0, 0x0, 0x0, 0x0, 0x0, 0x0, 0x0,
    0x0, 0x0, 0x0, 0x99, 0x99, 0x99, 0x99, 0x99,
    0x99, 0x99, 0x60, 0x0, 0x0, 0x0, 0xff, 0xff,
    0xff, 0xff, 0xff, 0xff, 0xff, 0xa0, 0x0, 0x0,
    0x0, 0xff, 0x30, 0x0, 0x0, 0x0, 0x0, 0x9f,
    0xa0, 0x0, 0x0, 0x0, 0xff, 0x97, 0x77, 0x77,
    0x77, 0x77, 0xcf, 0xa0, 0x0, 0x0, 0x0, 0xff,
    0xff, 0xff, 0xff, 0xff, 0xff, 0xff, 0xa0, 0x0,
    0x0, 0x0, 0xff, 0x30, 0x0, 0x0, 0x0, 0x0,
    0x9f, 0xa0, 0x0, 0x0, 0x0, 0xff, 0x87, 0x77,
    0x77, 0x77, 0x77, 0xcf, 0xa0, 0x0, 0x0, 0x0,
    0xff, 0xff, 0xff, 0xff, 0xff, 0xff, 0xff, 0xa0,
    0x0, 0x0, 0x0, 0xff, 0x30, 0x0, 0x0, 0x0,
    0x0, 0x9f, 0xa0, 0x0, 0x0, 0x0, 0xff, 0x20,
    0x0, 0x0, 0x0, 0x0, 0x9f, 0xa0, 0x0, 0x0,
    0x0, 0xff, 0x20, 0x0, 0x0, 0x1d, 0xdd, 0xff,
    0x80, 0x0, 0x0, 0x0, 0xff, 0x20, 0x0, 0x0,
    0xb, 0xee, 0xc8, 0x0, 0x0,

    /* U+9759 "静" */
    0x0, 0x0, 0x3, 0x42, 0x0, 0x0, 0x0, 0x21,
    0x0, 0x0, 0x0, 0x0, 0x0, 0x0, 0xa, 0xf6,
    0x0, 0x0, 0x0, 0xef, 0x20, 0x0, 0x0, 0x0,
    0x2, 0x44, 0x4b, 0xf9, 0x44, 0x41, 0x6, 0xfd,
    0x11, 0x11, 0x0, 0x0, 0x9, 0xff, 0xff, 0xff,
    0xff, 0xf5, 0xd, 0xff, 0xff, 0xff, 0x50, 0x0,
    0x2, 0x44, 0x4c, 0xf9, 0x44, 0x41, 0x8f, 0xd9,
    0x9d, 0xff, 0x20, 0x0, 0x0, 0x77, 0x7d, 0xfb,
    0x77, 0x75, 0xff, 0x30, 0x1e, 0xf7, 0x0, 0x0,
    0x0, 0xff, 0xff, 0xff, 0xff, 0xee, 0xf9, 0x0,
    0xaf, 0xb0, 0x0, 0x0, 0x0, 0x0, 0xa, 0xf7,
    0x0, 0x2, 0xdf, 0xff, 0xff, 0xff, 0xfe, 0x0,
    0xa, 0xaa, 0xad, 0xfc, 0xaa, 0xa6, 0x6d, 0xdf,
    0xfe, 0xdd, 0xfe, 0x0, 0xf, 0xff, 0xff, 0xff,
    0xff, 0xfa, 0x0, 0xe, 0xf2, 0x1, 0xfe, 0x0,
    0x0, 0x0, 0x0, 0x0, 0x0, 0x0, 0x0, 0xe,
    0xf2, 0x1, 0xfe, 0x0, 0x0, 0x6a, 0xaa, 0xaa,
    0xaa, 0x58, 0xbb, 0xbf, 0xfc, 0xbc, 0xff, 0xb3,
    0x0, 0xaf, 0xff, 0xff, 0xff, 0x8b, 0xff, 0xff,
    0xff, 0xff, 0xff, 0xf4, 0x0, 0xaf, 0x50, 0x0,
    0x7f, 0x81, 0x11, 0x1e, 0xf3, 0x13, 0xfe, 0x10,
    0x0, 0xaf, 0xb9, 0x99, 0xcf, 0x80, 0x0, 0xe,
    0xf2, 0x1, 0xfe, 0x0, 0x0, 0xaf, 0xff, 0xff,
    0xff, 0x80, 0x58, 0x8f, 0xf9, 0x89, 0xfe, 0x0,
    0x0, 0xaf, 0x50, 0x0, 0x7f, 0x80, 0x9f, 0xff,
    0xff, 0xff, 0xfe, 0x0, 0x0, 0xaf, 0xb9, 0x99,
    0xcf, 0x80, 0x35, 0x5f, 0xf6, 0x56, 0xfe, 0x0,
    0x0, 0xaf, 0xff, 0xff, 0xff, 0x80, 0x0, 0xe,
    0xf2, 0x0, 0x22, 0x0, 0x0, 0xaf, 0x50, 0x0,
    0x7f, 0x80, 0x0, 0xe, 0xf2, 0x0, 0x0, 0x0,
    0x0, 0xaf, 0x50, 0x0, 0x7f, 0x80, 0x0, 0xf,
    0xf2, 0x0, 0x0, 0x0, 0x0, 0xaf, 0x50, 0x8c,
    0xff, 0x60, 0x4f, 0xff, 0xf0, 0x0, 0x0, 0x0,
    0x0, 0xaf, 0x50, 0x5f, 0xea, 0x0, 0xf, 0xfd,
    0x60, 0x0, 0x0, 0x0, 0x0, 0x0, 0x0, 0x0,
    0x0, 0x0, 0x0, 0x0, 0x0, 0x0, 0x0, 0x0,

    /* U+9762 "面" */
    0x4d, 0xdd, 0xdd, 0xdd, 0xdd, 0xdd, 0xdd, 0xdd,
    0xdd, 0xdd, 0xdc, 0x5f, 0xff, 0xff, 0xff, 0xff,
    0xff, 0xff, 0xff, 0xff, 0xff, 0xfd, 0x13, 0x33,
    0x33, 0x33, 0x39, 0xff, 0x53, 0x33, 0x33, 0x33,
    0x33, 0x0, 0x0, 0x0, 0x0, 0xa, 0xfd, 0x0,
    0x0, 0x0, 0x0, 0x0, 0x0, 0x0, 0x0, 0x0,
    0xd, 0xf8, 0x0, 0x0, 0x0, 0x0, 0x0, 0x4,
    0xff, 0xff, 0xff, 0xff, 0xff, 0xff, 0xff, 0xff,
    0xff, 0xb0, 0x4, 0xff, 0xff, 0xff, 0xff, 0xff,
    0xff, 0xff, 0xff, 0xff, 0xb0, 0x4, 0xfd, 0x11,
    0x3f, 0xd1, 0x11, 0x1b, 0xf6, 0x11, 0x9f, 0xb0,
    0x4, 0xfd, 0x0, 0x2f, 0xd0, 0x0, 0xa, 0xf5,
    0x0, 0x8f, 0xb0, 0x4, 0xfd, 0x0, 0x2f, 0xfb,
    0xbb, 0xbe, 0xf5, 0x0, 0x8f, 0xb0, 0x4, 0xfd,
    0x0, 0x2f, 0xff, 0xff, 0xff, 0xf5, 0x0, 0x8f,
    0xb0, 0x4, 0xfd, 0x0, 0x2f, 0xd0, 0x0, 0xb,
    0xf5, 0x0, 0x8f, 0xb0, 0x4, 0xfd, 0x0, 0x2f,
    0xd0, 0x0, 0xa, 0xf5, 0x0, 0x8f, 0xb0, 0x4,
    0xfd, 0x0, 0x2f, 0xfb, 0xbb, 0xbe, 0xf5, 0x0,
    0x8f, 0xb0, 0x4, 0xfd, 0x0, 0x2f, 0xff, 0xff,
    0xff, 0xf5, 0x0, 0x8f, 0xb0, 0x4, 0xfd, 0x0,
    0x2f, 0xd0, 0x0, 0xb, 0xf5, 0x0, 0x8f, 0xb0,
    0x4, 0xfd, 0x0, 0x2f, 0xd0, 0x0, 0xa, 0xf5,
    0x0, 0x8f, 0xb0, 0x4, 0xfd, 0x22, 0x4f, 0xd2,
    0x22, 0x2b, 0xf7, 0x22, 0x9f, 0xb0, 0x4, 0xff,
    0xff, 0xff, 0xff, 0xff, 0xff, 0xff, 0xff, 0xff,
    0xb0, 0x4, 0xff, 0xee, 0xee, 0xee, 0xee, 0xee,
    0xee, 0xee, 0xff, 0xb0, 0x4, 0xfd, 0x0, 0x0,
    0x0, 0x0, 0x0, 0x0, 0x0, 0x8f, 0xb0,

    /* U+9875 "页" */
    0x1f, 0xff, 0xff, 0xff, 0xff, 0xff, 0xff, 0xff,
    0xff, 0xff, 0xf7, 0x1f, 0xff, 0xff, 0xff, 0xff,
    0xff, 0xff, 0xff, 0xff, 0xff, 0xf7, 0x1, 0x11,
    0x11, 0x11, 0x1b, 0xfd, 0x11, 0x11, 0x11, 0x11,
    0x10, 0x0, 0x0, 0x0, 0x0, 0xf, 0xf6, 0x0,
    0x0, 0x0, 0x0, 0x0, 0x0, 0x1, 0x11, 0x11,
    0x5f, 0xf2, 0x11, 0x11, 0x11, 0x10, 0x0, 0x0,
    0xe, 0xff, 0xff, 0xff, 0xff, 0xff, 0xff, 0xff,
    0xf6, 0x0, 0x0, 0xe, 0xff, 0xff, 0xff, 0xff,
    0xff, 0xff, 0xff, 0xf6, 0x0, 0x0, 0xe, 0xf5,
    0x0, 0x0, 0x0, 0x0, 0x0, 0xf, 0xf6, 0x0,
    0x0, 0xe, 0xf5, 0x0, 0x0, 0xcc, 0x30, 0x0,
    0xf, 0xf6, 0x0, 0x0, 0xe, 0xf5, 0x0, 0x0,
    0xff, 0x40, 0x0, 0xf, 0xf6, 0x0, 0x0, 0xe,
    0xf5, 0x0, 0x0, 0xff, 0x40, 0x0, 0xf, 0xf6,
    0x0, 0x0, 0xe, 0xf5, 0x0, 0x0, 0xff, 0x40,
    0x0, 0xf, 0xf6, 0x0, 0x0, 0xe, 0xf5, 0x0,
    0x0, 0xff, 0x40, 0x0, 0xf, 0xf6, 0x0, 0x0,
    0xe, 0xf5, 0x0, 0x2, 0xff, 0x20, 0x0, 0xf,
    0xf6, 0x0, 0x0, 0xe, 0xf5, 0x0, 0x6, 0xff,
    0x0, 0x0, 0xf, 0xf6, 0x0, 0x0, 0xe, 0xf5,
    0x0, 0x2e, 0xfa, 0x1b, 0x50, 0xd, 0xd5, 0x0,
    0x0, 0x0, 0x0, 0x3, 0xef, 0xe2, 0xaf, 0xfe,
    0x60, 0x0, 0x0, 0x0, 0x0, 0x3, 0xaf, 0xfe,
    0x30, 0x5, 0xdf, 0xfe, 0x70, 0x0, 0x0, 0x38,
    0xdf, 0xff, 0xa1, 0x0, 0x0, 0x5, 0xdf, 0xfe,
    0x50, 0x5f, 0xff, 0xff, 0xa3, 0x0, 0x0, 0x0,
    0x0, 0x6, 0xef, 0xf4, 0xa, 0xd9, 0x50, 0x0,
    0x0, 0x0, 0x0, 0x0, 0x0, 0x1a, 0xa0, 0x0,
    0x0, 0x0, 0x0, 0x0, 0x0, 0x0, 0x0, 0x0,
    0x0, 0x0,

    /* U+9879 "项" */
    0x0, 0x0, 0x0, 0x0, 0x0, 0x0, 0x0, 0x0,
    0x0, 0x0, 0x0, 0x0, 0x0, 0x0, 0x0, 0x0,
    0xc, 0xff, 0xff, 0xff, 0xff, 0xff, 0xff, 0xe0,
    0x5, 0x55, 0x55, 0x55, 0x4b, 0xff, 0xff, 0xff,
    0xff, 0xff, 0xff, 0xe0, 0xd, 0xff, 0xff, 0xff,
    0xd0, 0x0, 0x0, 0xdf, 0xb0, 0x0, 0x0, 0x0,
    0x9, 0xaa, 0xff, 0xca, 0x90, 0x0, 0x2, 0xff,
    0x30, 0x0, 0x0, 0x0, 0x0, 0x0, 0xff, 0x30,
    0x0, 0xee, 0xef, 0xff, 0xee, 0xee, 0xe7, 0x0,
    0x0, 0x0, 0xff, 0x30, 0x0, 0xff, 0xff, 0xff,
    0xff, 0xff, 0xf7, 0x0, 0x0, 0x0, 0xff, 0x30,
    0x0, 0xff, 0x20, 0x0, 0x0, 0xc, 0xf7, 0x0,
    0x0, 0x0, 0xff, 0x30, 0x0, 0xff, 0x20, 0x4d,
    0xb0, 0xb, 0xf7, 0x0, 0x0, 0x0, 0xff, 0x30,
    0x0, 0xff, 0x20, 0x5f, 0xd0, 0xb, 0xf7, 0x0,
    0x0, 0x0, 0xff, 0x30, 0x0, 0xff, 0x20, 0x5f,
    0xd0, 0xb, 0xf7, 0x0, 0x0, 0x0, 0xff, 0x30,
    0x0, 0xff, 0x20, 0x5f, 0xd0, 0xb, 0xf7, 0x0,
    0x0, 0x0, 0xff, 0x30, 0x0, 0xff, 0x20, 0x5f,
    0xd0, 0xb, 0xf7, 0x0, 0x0, 0x0, 0xff, 0x89,
    0xe1, 0xff, 0x20, 0x6f, 0xd0, 0xb, 0xf7, 0x0,
    0x0, 0x37, 0xff, 0xff, 0xf2, 0xff, 0x20, 0x8f,
    0xb0, 0xb, 0xf7, 0x0, 0x2e, 0xff, 0xff, 0xd7,
    0x10, 0xff, 0x20, 0xcf, 0x80, 0xb, 0xf7, 0x0,
    0xf, 0xfd, 0x82, 0x0, 0x0, 0x33, 0x4, 0xff,
    0x32, 0x12, 0x21, 0x0, 0x6, 0x30, 0x0, 0x0,
    0x0, 0x0, 0x2e, 0xfa, 0x3e, 0xe5, 0x0, 0x0,
    0x0, 0x0, 0x0, 0x0, 0x0, 0x7, 0xff, 0xc0,
    0x1a, 0xff, 0xb1, 0x0, 0x0, 0x0, 0x0, 0x0,
    0x27, 0xef, 0xfa, 0x10, 0x0, 0x5e, 0xfe, 0x40,
    0x0, 0x0, 0x0, 0x2, 0xff, 0xfd, 0x50, 0x0,
    0x0, 0x1, 0xcf, 0xc0, 0x0, 0x0, 0x0, 0x0,
    0x5a, 0x40, 0x0, 0x0, 0x0, 0x0, 0x9, 0x10,

    /* U+987A "顺" */
    0x0, 0x33, 0x0, 0x0, 0x5, 0x40, 0x11, 0x11,
    0x11, 0x11, 0x11, 0x10, 0xe, 0xf0, 0x0, 0x2,
    0xfc, 0x5f, 0xff, 0xff, 0xff, 0xff, 0xfd, 0x0,
    0xef, 0x5, 0x80, 0x2f, 0xc4, 0xcc, 0xcd, 0xff,
    0xdc, 0xcc, 0xb0, 0xe, 0xf0, 0x9f, 0x12, 0xfc,
    0x0, 0x0, 0x5f, 0xe0, 0x0, 0x0, 0x0, 0xef,
    0x9, 0xf1, 0x2f, 0xc0, 0x0, 0x9, 0xf9, 0x0,
    0x0, 0x0, 0xe, 0xf0, 0x9f, 0x12, 0xfc, 0xe,
    0xff, 0xff, 0xff, 0xff, 0xf1, 0x0, 0xef, 0x9,
    0xf1, 0x2f, 0xc0, 0xef, 0xff, 0xff, 0xff, 0xff,
    0x10, 0xe, 0xf0, 0x9f, 0x12, 0xfc, 0xe, 0xf1,
    0x0, 0x0, 0xf, 0xf1, 0x0, 0xef, 0x9, 0xf1,
    0x2f, 0xc0, 0xef, 0x10, 0x77, 0x0, 0xff, 0x10,
    0xe, 0xf0, 0x9f, 0x12, 0xfc, 0xe, 0xf1, 0xe,
    0xf1, 0xf, 0xf1, 0x0, 0xef, 0x9, 0xf1, 0x2f,
    0xc0, 0xef, 0x10, 0xef, 0x10, 0xff, 0x10, 0xf,
    0xe0, 0x9f, 0x12, 0xfc, 0xe, 0xf1, 0xe, 0xf1,
    0xf, 0xf1, 0x0, 0xfd, 0x9, 0xf1, 0x2f, 0xc0,
    0xef, 0x10, 0xef, 0x10, 0xff, 0x10, 0xf, 0xd0,
    0x9f, 0x12, 0xfc, 0xe, 0xf1, 0xf, 0xf1, 0xf,
    0xf1, 0x1, 0xfc, 0x9, 0xf1, 0x2f, 0xc0, 0xef,
    0x10, 0xff, 0x0, 0xff, 0x10, 0x1f, 0xb0, 0x9f,
    0x12, 0xfc, 0xe, 0xf1, 0x4f, 0xd0, 0xf, 0xf1,
    0x3, 0xfa, 0x9, 0xf1, 0x2f, 0xc0, 0x55, 0x9,
    0xff, 0x90, 0x44, 0x0, 0x6f, 0x80, 0x9f, 0x12,
    0xfc, 0x0, 0x2, 0xff, 0xef, 0xb0, 0x0, 0xa,
    0xf5, 0x5, 0x80, 0x2f, 0xc0, 0x1, 0xdf, 0xa2,
    0xdf, 0xc1, 0x0, 0xef, 0x20, 0x0, 0x2, 0xfc,
    0x5, 0xef, 0xc0, 0x1, 0xdf, 0xd1, 0x2f, 0xc0,
    0x0, 0x0, 0x2f, 0xcb, 0xff, 0xa0, 0x0, 0x1,
    0xdf, 0x90, 0x35, 0x0, 0x0, 0x0, 0x32, 0x4c,
    0x40, 0x0, 0x0, 0x1, 0x90,

    /* U+9884 "预" */
    0x0, 0x0, 0x0, 0x0, 0x0, 0x0, 0x0, 0x0,
    0x0, 0x0, 0x0, 0x0, 0x7, 0xff, 0xff, 0xff,
    0xfe, 0x4d, 0xff, 0xff, 0xff, 0xff, 0xff, 0xf1,
    0x7, 0xff, 0xff, 0xff, 0xff, 0x4c, 0xee, 0xee,
    0xff, 0xfe, 0xee, 0xe1, 0x0, 0x0, 0x0, 0xd,
    0xf8, 0x0, 0x0, 0x1, 0xff, 0x30, 0x0, 0x0,
    0x0, 0x7, 0x0, 0xbf, 0xc0, 0x0, 0x0, 0x5,
    0xfe, 0x0, 0x0, 0x0, 0x0, 0xaf, 0xdb, 0xfd,
    0x0, 0x0, 0xff, 0xff, 0xff, 0xff, 0xff, 0x20,
    0x0, 0x1b, 0xff, 0xf2, 0x0, 0x0, 0xff, 0xfe,
    0xee, 0xef, 0xff, 0x20, 0x0, 0x0, 0x7f, 0xfe,
    0x30, 0x0, 0xff, 0x0, 0x0, 0x0, 0xff, 0x20,
    0x1, 0x11, 0x15, 0xff, 0xa1, 0x10, 0xff, 0x0,
    0x77, 0x0, 0xff, 0x20, 0x1f, 0xff, 0xff, 0xff,
    0xff, 0xf4, 0xff, 0x0, 0xff, 0x0, 0xff, 0x20,
    0x1d, 0xdd, 0xef, 0xfd, 0xdf, 0xe0, 0xff, 0x0,
    0xff, 0x0, 0xff, 0x20, 0x0, 0x0, 0x3f, 0xe0,
    0x4f, 0xa0, 0xff, 0x0, 0xff, 0x0, 0xff, 0x20,
    0x0, 0x0, 0x3f, 0xe0, 0x9f, 0x40, 0xff, 0x0,
    0xff, 0x0, 0xff, 0x20, 0x0, 0x0, 0x3f, 0xe0,
    0xee, 0x0, 0xff, 0x1, 0xff, 0x0, 0xff, 0x20,
    0x0, 0x0, 0x3f, 0xe0, 0x23, 0x0, 0xff, 0x3,
    0xfe, 0x0, 0xff, 0x20, 0x0, 0x0, 0x3f, 0xe0,
    0x0, 0x0, 0xff, 0x7, 0xfc, 0x0, 0xff, 0x20,
    0x0, 0x0, 0x3f, 0xe0, 0x0, 0x0, 0x55, 0xd,
    0xf6, 0x10, 0x33, 0x0, 0x0, 0x0, 0x3f, 0xe0,
    0x0, 0x0, 0x0, 0x8f, 0xf2, 0xdb, 0x10, 0x0,
    0x0, 0x0, 0x3f, 0xe0, 0x0, 0x0, 0x8, 0xff,
    0x52, 0xef, 0xd2, 0x0, 0x0, 0x11, 0x5f, 0xe0,
    0x0, 0x4, 0xdf, 0xf6, 0x0, 0x2d, 0xfe, 0x20,
    0x0, 0xff, 0xff, 0xc0, 0x0, 0xcf, 0xfd, 0x30,
    0x0, 0x1, 0xdf, 0xe0, 0x0, 0xbf, 0xeb, 0x20,
    0x0, 0x2c, 0x50, 0x0, 0x0, 0x0, 0x1c, 0x30,
    0x0, 0x0, 0x0, 0x0, 0x0, 0x0, 0x0, 0x0,
    0x0, 0x0, 0x0, 0x0,

    /* U+9891 "频" */
    0x0, 0x0, 0x0, 0x22, 0x0, 0x0, 0x0, 0x0,
    0x0, 0x0, 0x0, 0x0, 0x0, 0x0, 0x0, 0xbf,
    0x30, 0x0, 0x0, 0x0, 0x0, 0x0, 0x0, 0x0,
    0x0, 0x1, 0x0, 0xbf, 0x30, 0x0, 0x7c, 0xcc,
    0xcc, 0xcc, 0xcc, 0x80, 0x0, 0x6f, 0x60, 0xbf,
    0x52, 0x21, 0x9f, 0xff, 0xff, 0xff, 0xff, 0xa0,
    0x0, 0x6f, 0x60, 0xbf, 0xff, 0xf8, 0x36, 0x66,
    0x7f, 0xe6, 0x66, 0x40, 0x0, 0x6f, 0x60, 0xbf,
    0xca, 0xa5, 0x0, 0x0, 0x7f, 0x90, 0x0, 0x0,
    0x0, 0x6f, 0x60, 0xbf, 0x30, 0x0, 0x5, 0x55,
    0xdf, 0x85, 0x55, 0x0, 0x0, 0x6f, 0x60, 0xbf,
    0x30, 0x0, 0xf, 0xff, 0xff, 0xff, 0xff, 0x10,
    0xe, 0xff, 0xfe, 0xff, 0xfe, 0xee, 0x1f, 0xe2,
    0x22, 0x22, 0xef, 0x10, 0xf, 0xff, 0xff, 0xff,
    0xff, 0xff, 0x1f, 0xe0, 0x2c, 0x80, 0xef, 0x10,
    0x0, 0x0, 0x4, 0xfc, 0x0, 0x0, 0xf, 0xe0,
    0x3f, 0x90, 0xef, 0x10, 0x0, 0x7, 0x33, 0xfc,
    0x0, 0x30, 0xf, 0xe0, 0x3f, 0x90, 0xef, 0x10,
    0x0, 0x5f, 0xa3, 0xfc, 0x3, 0xfd, 0xf, 0xe0,
    0x4f, 0x90, 0xef, 0x10, 0x0, 0xbf, 0x43, 0xfc,
    0x8, 0xf8, 0xf, 0xe0, 0x4f, 0x80, 0xef, 0x10,
    0x3, 0xfe, 0x3, 0xfc, 0xd, 0xf2, 0xf, 0xe0,
    0x5f, 0x70, 0xef, 0x10, 0xc, 0xf6, 0x3, 0xfc,
    0x6f, 0xd0, 0xf, 0xe0, 0x7f, 0x50, 0xef, 0x10,
    0x7, 0xc0, 0x3, 0xfd, 0xef, 0x50, 0xf, 0xe0,
    0xaf, 0x30, 0xef, 0x10, 0x0, 0x0, 0x1, 0x5e,
    0xfa, 0x0, 0xb, 0xa0, 0xff, 0x0, 0x9a, 0x0,
    0x0, 0x0, 0x1, 0xcf, 0xe1, 0x0, 0x0, 0x7,
    0xfb, 0xd8, 0x0, 0x0, 0x0, 0x0, 0x2d, 0xfe,
    0x20, 0x0, 0x0, 0x4f, 0xf4, 0xdf, 0xb1, 0x0,
    0x0, 0x3a, 0xff, 0xc1, 0x0, 0x0, 0x29, 0xff,
    0x60, 0x1b, 0xfd, 0x20, 0x9, 0xff, 0xe7, 0x0,
    0x0, 0xc, 0xff, 0xe5, 0x0, 0x0, 0xaf, 0xd0,
    0x1, 0xc6, 0x0, 0x0, 0x0, 0x7, 0xc6, 0x0,
    0x0, 0x0, 0x9, 0x40, 0x0, 0x0, 0x0, 0x0,
    0x0, 0x0, 0x0, 0x0, 0x0, 0x0, 0x0, 0x0,

    /* U+9898 "题" */
    0x0, 0x12, 0x22, 0x22, 0x22, 0x10, 0x0, 0x0,
    0x0, 0x0, 0x0, 0x0, 0x0, 0x7f, 0xff, 0xff,
    0xff, 0xd0, 0xff, 0xff, 0xff, 0xff, 0xff, 0xd0,
    0x0, 0x7f, 0xb6, 0x66, 0x8f, 0xd0, 0xbb, 0xbb,
    0xff, 0xcb, 0xbb, 0xa0, 0x0, 0x7f, 0x80, 0x0,
    0x4f, 0xd0, 0x0, 0x1, 0xff, 0x0, 0x0, 0x0,
    0x0, 0x7f, 0xff, 0xff, 0xff, 0xd0, 0x3, 0x38,
    0xfb, 0x33, 0x32, 0x0, 0x0, 0x7f, 0xb7, 0x77,
    0x9f, 0xd0, 0x2f, 0xff, 0xff, 0xff, 0xfd, 0x0,
    0x0, 0x7f, 0x80, 0x0, 0x4f, 0xd0, 0x2f, 0xc7,
    0x77, 0x77, 0xfd, 0x0, 0x0, 0x7f, 0xff, 0xff,
    0xff, 0xd0, 0x2f, 0xa0, 0x0, 0x1, 0xfd, 0x0,
    0x0, 0x38, 0x88, 0x88, 0x88, 0x70, 0x2f, 0xa0,
    0x8e, 0x41, 0xfd, 0x0, 0x0, 0x0, 0x0, 0x0,
    0x0, 0x0, 0x2f, 0xa0, 0x9f, 0x31, 0xfd, 0x0,
    0xb, 0xff, 0xff, 0xff, 0xff, 0xff, 0x2f, 0xa0,
    0xaf, 0x31, 0xfd, 0x0, 0x8, 0xbb, 0xbc, 0xff,
    0xbb, 0xbb, 0x2f, 0xa0, 0xbf, 0x11, 0xfd, 0x0,
    0x0, 0x2, 0x1, 0xfc, 0x0, 0x0, 0x2f, 0xa0,
    0xef, 0x1, 0xfd, 0x0, 0x0, 0x4f, 0x91, 0xfc,
    0x0, 0x0, 0x2f, 0xa2, 0xfb, 0x1, 0xfd, 0x0,
    0x0, 0x5f, 0x71, 0xff, 0xff, 0xf8, 0x2b, 0x77,
    0xf7, 0x41, 0x98, 0x0, 0x0, 0x6f, 0x61, 0xfe,
    0xaa, 0xa5, 0x0, 0x1e, 0xf7, 0xfd, 0x10, 0x0,
    0x0, 0x8f, 0xb1, 0xfc, 0x0, 0x0, 0x1, 0xcf,
    0xb0, 0x9f, 0xe3, 0x0, 0x0, 0xaf, 0xf7, 0xfc,
    0x0, 0x1, 0x7f, 0xfd, 0x10, 0x8, 0xff, 0x30,
    0x0, 0xef, 0xcf, 0xfc, 0x0, 0xb, 0xff, 0xa1,
    0x0, 0x0, 0x8f, 0x90, 0x3, 0xfa, 0x1d, 0xfe,
    0x73, 0x2, 0x93, 0x0, 0x0, 0x0, 0x7, 0x0,
    0xb, 0xf5, 0x1, 0x9f, 0xff, 0xfe, 0xdd, 0xcc,
    0xcc, 0xcc, 0xcd, 0xc0, 0xd, 0xd0, 0x0, 0x1,
    0x7a, 0xde, 0xff, 0xff, 0xff, 0xff, 0xff, 0x80,
    0x0, 0x20, 0x0, 0x0, 0x0, 0x0, 0x0, 0x0,
    0x0, 0x0, 0x0, 0x0,

    /* U+989C "颜" */
    0x0, 0x0, 0x0, 0x0, 0x0, 0x0, 0x0, 0x0,
    0x0, 0x0, 0x0, 0x0, 0x0, 0x0, 0x4, 0xf9,
    0x0, 0x0, 0x0, 0x0, 0x0, 0x0, 0x0, 0x0,
    0x0, 0x0, 0x1, 0xfe, 0x0, 0x0, 0x7a, 0xaa,
    0xaa, 0xaa, 0xaa, 0x60, 0x3, 0xcc, 0xcc, 0xff,
    0xdc, 0xcb, 0xaf, 0xff, 0xff, 0xff, 0xff, 0x90,
    0x4, 0xff, 0xff, 0xff, 0xff, 0xfe, 0x1, 0x11,
    0x8f, 0x61, 0x11, 0x0, 0x0, 0x6, 0xd3, 0x0,
    0x1b, 0x80, 0x0, 0x0, 0xde, 0x0, 0x0, 0x0,
    0x0, 0x5, 0xfb, 0x0, 0x5f, 0x90, 0x17, 0x78,
    0xfd, 0x77, 0x76, 0x0, 0x0, 0x0, 0xef, 0x0,
    0xdf, 0x10, 0x3f, 0xff, 0xff, 0xff, 0xfd, 0x0,
    0x0, 0xac, 0xed, 0xcd, 0xff, 0xcb, 0x3f, 0x92,
    0x22, 0x22, 0xed, 0x0, 0x0, 0xdf, 0xff, 0xff,
    0xff, 0xfe, 0x3f, 0x80, 0x6e, 0x30, 0xed, 0x0,
    0x0, 0xdf, 0x20, 0x0, 0x2a, 0x60, 0x3f, 0x80,
    0x7f, 0x30, 0xed, 0x0, 0x0, 0xdf, 0x10, 0x18,
    0xff, 0x80, 0x3f, 0x80, 0x8f, 0x30, 0xed, 0x0,
    0x0, 0xdf, 0x7b, 0xff, 0xd3, 0x0, 0x3f, 0x80,
    0x8f, 0x20, 0xed, 0x0, 0x0, 0xdf, 0x7f, 0xc5,
    0x5, 0x60, 0x3f, 0x80, 0x9f, 0x10, 0xed, 0x0,
    0x0, 0xdf, 0x11, 0x0, 0x8f, 0xf3, 0x3f, 0x80,
    0xaf, 0x0, 0xed, 0x0, 0x0, 0xef, 0x1, 0x7e,
    0xfd, 0x30, 0x3f, 0x80, 0xce, 0x0, 0xed, 0x0,
    0x0, 0xff, 0x9f, 0xff, 0x80, 0x20, 0x3f, 0x80,
    0xfc, 0x0, 0xed, 0x0, 0x0, 0xfe, 0xaf, 0x81,
    0x9, 0xfa, 0x2a, 0x54, 0xf8, 0x0, 0x88, 0x0,
    0x3, 0xfb, 0x1, 0x2, 0xcf, 0xf3, 0x0, 0xc,
    0xf3, 0x86, 0x0, 0x0, 0x6, 0xf9, 0x3, 0x9f,
    0xfd, 0x20, 0x0, 0x9f, 0xb1, 0xdf, 0xb1, 0x0,
    0xb, 0xf9, 0xcf, 0xfe, 0x70, 0x0, 0x4c, 0xfd,
    0x10, 0x1b, 0xfd, 0x10, 0xf, 0xf2, 0xde, 0x60,
    0x0, 0x5f, 0xff, 0x91, 0x0, 0x0, 0x9f, 0xc0,
    0x3, 0x80, 0x10, 0x0, 0x0, 0xc, 0x82, 0x0,
    0x0, 0x0, 0x9, 0x30,

    /* U+98CE "风" */
    0x0, 0x0, 0x11, 0x11, 0x11, 0x11, 0x11, 0x11,
    0x11, 0x11, 0x0, 0x0, 0x0, 0x3, 0xff, 0xff,
    0xff, 0xff, 0xff, 0xff, 0xff, 0xff, 0x0, 0x0,
    0x0, 0x3, 0xff, 0xff, 0xff, 0xff, 0xff, 0xff,
    0xff, 0xff, 0x0, 0x0, 0x0, 0x3, 0xff, 0x10,
    0x0, 0x0, 0x0, 0x0, 0x3, 0xff, 0x0, 0x0,
    0x0, 0x3, 0xff, 0x10, 0x0, 0x0, 0x0, 0x31,
    0x2, 0xff, 0x0, 0x0, 0x0, 0x3, 0xff, 0x10,
    0x40, 0x0, 0x0, 0xff, 0x22, 0xff, 0x0, 0x0,
    0x0, 0x3, 0xff, 0x1d, 0xf6, 0x0, 0x6, 0xfc,
    0x2, 0xff, 0x0, 0x0, 0x0, 0x3, 0xff, 0x16,
    0xff, 0x30, 0xd, 0xf7, 0x2, 0xff, 0x0, 0x0,
    0x0, 0x4, 0xff, 0x0, 0xaf, 0xe1, 0x4f, 0xf1,
    0x2, 0xff, 0x0, 0x0, 0x0, 0x4, 0xff, 0x0,
    0xd, 0xfc, 0xbf, 0x90, 0x2, 0xff, 0x0, 0x0,
    0x0, 0x4, 0xff, 0x0, 0x2, 0xff, 0xff, 0x20,
    0x2, 0xff, 0x0, 0x0, 0x0, 0x5, 0xfe, 0x0,
    0x0, 0x6f, 0xfb, 0x0, 0x1, 0xff, 0x0, 0x0,
    0x0, 0x7, 0xfd, 0x0, 0x0, 0x6f, 0xfe, 0x10,
    0x1, 0xff, 0x0, 0x0, 0x0, 0x9, 0xfb, 0x0,
    0x3, 0xff, 0xff, 0xb0, 0x0, 0xff, 0x10, 0x0,
    0x0, 0xb, 0xf9, 0x0, 0xd, 0xfd, 0x5f, 0xf6,
    0x0, 0xff, 0x10, 0x0, 0x0, 0xe, 0xf6, 0x0,
    0xbf, 0xf2, 0xa, 0xff, 0x10, 0xef, 0x30, 0x0,
    0x0, 0x3f, 0xf2, 0xb, 0xff, 0x60, 0x1, 0xef,
    0xa0, 0xcf, 0x41, 0x40, 0x0, 0x7f, 0xe0, 0xcf,
    0xf8, 0x0, 0x0, 0x7f, 0xf4, 0xaf, 0x62, 0xe2,
    0x0, 0xdf, 0xa0, 0x6f, 0x80, 0x0, 0x0, 0xc,
    0x70, 0x7f, 0x94, 0xf3, 0x6, 0xff, 0x30, 0x3,
    0x0, 0x0, 0x0, 0x0, 0x0, 0x3f, 0xfa, 0xf1,
    0xd, 0xfb, 0x0, 0x0, 0x0, 0x0, 0x0, 0x0,
    0x0, 0xd, 0xff, 0xd0, 0x3, 0xe3, 0x0, 0x0,
    0x0, 0x0, 0x0, 0x0, 0x0, 0x2, 0xce, 0x50,
    0x0, 0x10, 0x0, 0x0, 0x0, 0x0, 0x0, 0x0,
    0x0, 0x0, 0x0, 0x0,

    /* U+9996 "首" */
    0x0, 0x0, 0x0, 0x20, 0x0, 0x0, 0x0, 0x1,
    0x0, 0x0, 0x0, 0x0, 0x0, 0x2d, 0xf4, 0x0,
    0x0, 0x0, 0xb, 0xfc, 0x0, 0x0, 0x0, 0x0,
    0xb, 0xff, 0x20, 0x0, 0x0, 0x4f, 0xf5, 0x0,
    0x0, 0x0, 0x0, 0x1, 0xef, 0x70, 0x0, 0x0,
    0xef, 0x90, 0x0, 0x0, 0x6f, 0xff, 0xff, 0xff,
    0xff, 0xff, 0xff, 0xff, 0xff, 0xff, 0xfe, 0x6f,
    0xff, 0xff, 0xff, 0xff, 0xff, 0xff, 0xff, 0xff,
    0xff, 0xfe, 0x1, 0x11, 0x11, 0x11, 0x14, 0xff,
    0x71, 0x11, 0x11, 0x11, 0x11, 0x0, 0x0, 0x0,
    0x0, 0x7, 0xff, 0x10, 0x0, 0x0, 0x0, 0x0,
    0x0, 0xd, 0xee, 0xee, 0xef, 0xff, 0xee, 0xee,
    0xee, 0xe4, 0x0, 0x0, 0xd, 0xff, 0xff, 0xff,
    0xff, 0xff, 0xff, 0xff, 0xf4, 0x0, 0x0, 0xd,
    0xf5, 0x0, 0x0, 0x0, 0x0, 0x0, 0xf, 0xf4,
    0x0, 0x0, 0xd, 0xf5, 0x0, 0x0, 0x0, 0x0,
    0x0, 0xf, 0xf4, 0x0, 0x0, 0xd, 0xff, 0xff,
    0xff, 0xff, 0xff, 0xff, 0xff, 0xf4, 0x0, 0x0,
    0xd, 0xfd, 0xbb, 0xbb, 0xbb, 0xbb, 0xbb, 0xcf,
    0xf4, 0x0, 0x0, 0xd, 0xf5, 0x0, 0x0, 0x0,
    0x0, 0x0, 0xf, 0xf4, 0x0, 0x0, 0xd, 0xf6,
    0x0, 0x0, 0x0, 0x0, 0x0, 0x1f, 0xf4, 0x0,
    0x0, 0xd, 0xff, 0xff, 0xff, 0xff, 0xff, 0xff,
    0xff, 0xf4, 0x0, 0x0, 0xd, 0xfc, 0xbb, 0xbb,
    0xbb, 0xbb, 0xbb, 0xbf, 0xf4, 0x0, 0x0, 0xd,
    0xf5, 0x0, 0x0, 0x0, 0x0, 0x0, 0xf, 0xf4,
    0x0, 0x0, 0xd, 0xf6, 0x11, 0x11, 0x11, 0x11,
    0x11, 0x1f, 0xf4, 0x0, 0x0, 0xd, 0xff, 0xff,
    0xff, 0xff, 0xff, 0xff, 0xff, 0xf4, 0x0, 0x0,
    0xd, 0xfe, 0xdd, 0xdd, 0xdd, 0xdd, 0xdd, 0xdf,
    0xf4, 0x0, 0x0, 0xd, 0xf5, 0x0, 0x0, 0x0,
    0x0, 0x0, 0xf, 0xf4, 0x0,

    /* U+9A7B "驻" */
    0x0, 0x0, 0x0, 0x0, 0x0, 0x0, 0x0, 0x6c,
    0x30, 0x0, 0x0, 0x0, 0x7f, 0xff, 0xff, 0xff,
    0x10, 0x0, 0x9, 0xfc, 0x0, 0x0, 0x0, 0x6,
    0xdd, 0xdd, 0xdf, 0xf0, 0x0, 0x0, 0x1f, 0xf4,
    0x0, 0x0, 0x0, 0x0, 0x0, 0x0, 0xfe, 0x0,
    0x0, 0x0, 0xae, 0x60, 0x0, 0x0, 0x0, 0x6a,
    0x20, 0xf, 0xd0, 0xcd, 0xdd, 0xde, 0xdd, 0xdd,
    0xdd, 0x40, 0xb, 0xf3, 0x1, 0xfc, 0xd, 0xff,
    0xff, 0xff, 0xff, 0xff, 0xf5, 0x0, 0xcf, 0x20,
    0x2f, 0xb0, 0x11, 0x11, 0x1e, 0xf7, 0x11, 0x11,
    0x0, 0xd, 0xf1, 0x4, 0xf9, 0x0, 0x0, 0x0,
    0xdf, 0x60, 0x0, 0x0, 0x0, 0xef, 0x0, 0x5f,
    0x80, 0x0, 0x0, 0xd, 0xf6, 0x0, 0x0, 0x0,
    0xf, 0xe0, 0x7, 0xf6, 0x0, 0x0, 0x0, 0xdf,
    0x60, 0x0, 0x0, 0x1, 0xfe, 0x33, 0xaf, 0x73,
    0x0, 0x0, 0xd, 0xf6, 0x0, 0x0, 0x0, 0x3f,
    0xff, 0xff, 0xff, 0xd5, 0xdd, 0xdd, 0xff, 0xed,
    0xdd, 0x80, 0x2, 0x88, 0x88, 0x88, 0xfc, 0x6f,
    0xff, 0xff, 0xff, 0xff, 0xf9, 0x0, 0x0, 0x0,
    0x0, 0x1f, 0xb0, 0x11, 0x11, 0xdf, 0x71, 0x11,
    0x10, 0x0, 0x0, 0x0, 0x32, 0xfa, 0x0, 0x0,
    0xd, 0xf6, 0x0, 0x0, 0x0, 0x14, 0x8c, 0xff,
    0x5f, 0x90, 0x0, 0x0, 0xdf, 0x60, 0x0, 0x0,
    0x1f, 0xff, 0xfe, 0x96, 0xf8, 0x0, 0x0, 0xd,
    0xf6, 0x0, 0x0, 0x0, 0xda, 0x62, 0x0, 0x7f,
    0x60, 0x0, 0x0, 0xdf, 0x60, 0x0, 0x0, 0x0,
    0x0, 0x0, 0xa, 0xf4, 0x0, 0x0, 0xd, 0xf6,
    0x0, 0x0, 0x0, 0x0, 0x0, 0x0, 0xef, 0x6e,
    0xee, 0xee, 0xff, 0xfe, 0xee, 0xea, 0x0, 0x6,
    0xdc, 0xef, 0xc5, 0xff, 0xff, 0xff, 0xff, 0xff,
    0xff, 0xb0, 0x0, 0x2f, 0xff, 0xc2, 0x0, 0x0,
    0x0, 0x0, 0x0, 0x0, 0x0, 0x0, 0x0, 0x0,
    0x0, 0x0, 0x0, 0x0, 0x0, 0x0, 0x0, 0x0,
    0x0,

    /* U+9A8C "验" */
    0x0, 0x0, 0x0, 0x0, 0x0, 0x0, 0x0, 0x0,
    0x10, 0x0, 0x0, 0x0, 0x0, 0x0, 0x0, 0x0,
    0x0, 0x0, 0x0, 0x7, 0xf9, 0x0, 0x0, 0x0,
    0x8, 0xff, 0xff, 0xff, 0xe0, 0x0, 0x0, 0x1f,
    0xf8, 0x0, 0x0, 0x0, 0x7, 0xdd, 0xdd, 0xdf,
    0xd0, 0x0, 0x0, 0xbf, 0xff, 0x30, 0x0, 0x0,
    0x0, 0x0, 0x0, 0xf, 0xc0, 0x0, 0x8, 0xff,
    0x9f, 0xe3, 0x0, 0x0, 0x0, 0x57, 0x20, 0x2f,
    0xb0, 0x0, 0x7f, 0xf4, 0xa, 0xff, 0x30, 0x0,
    0x0, 0xaf, 0x30, 0x3f, 0xa0, 0x8, 0xff, 0x60,
    0x0, 0xaf, 0xf6, 0x0, 0x0, 0xbf, 0x20, 0x4f,
    0x91, 0xbf, 0xf8, 0x0, 0x0, 0xa, 0xff, 0xa1,
    0x0, 0xcf, 0x10, 0x5f, 0x8d, 0xff, 0x7d, 0xdd,
    0xdd, 0xdd, 0xaf, 0xf4, 0x0, 0xdf, 0x0, 0x7f,
    0x63, 0xe4, 0xf, 0xff, 0xff, 0xff, 0x25, 0xc0,
    0x0, 0xfe, 0x0, 0x8f, 0x40, 0x0, 0x0, 0x0,
    0x0, 0x0, 0x0, 0x0, 0x0, 0xfd, 0x0, 0xaf,
    0x41, 0x0, 0x0, 0x1, 0x51, 0x0, 0x0, 0x0,
    0x2, 0xff, 0xff, 0xff, 0xff, 0x25, 0xd3, 0x5,
    0xf6, 0x0, 0x7f, 0x80, 0x2, 0xbb, 0xbb, 0xbb,
    0xff, 0x15, 0xf8, 0x2, 0xfa, 0x0, 0xcf, 0x50,
    0x0, 0x0, 0x0, 0x0, 0xff, 0x0, 0xfd, 0x0,
    0xfd, 0x1, 0xfe, 0x0, 0x0, 0x0, 0x0, 0x11,
    0xff, 0x0, 0xcf, 0x10, 0xdf, 0x6, 0xf8, 0x0,
    0x0, 0x26, 0x9d, 0xf3, 0xfe, 0x0, 0x9f, 0x50,
    0xbf, 0x2c, 0xf2, 0x0, 0x2e, 0xff, 0xfe, 0xa5,
    0xfc, 0x0, 0x5f, 0x60, 0x45, 0x4f, 0xb0, 0x0,
    0xe, 0xb7, 0x30, 0x6, 0xfb, 0x0, 0x0, 0x0,
    0x0, 0x9f, 0x30, 0x0, 0x0, 0x0, 0x0, 0x9,
    0xf8, 0x0, 0x0, 0x0, 0x2, 0xfd, 0x0, 0x0,
    0x0, 0x0, 0x0, 0xd, 0xf5, 0x5f, 0xff, 0xff,
    0xff, 0xff, 0xff, 0xd0, 0x0, 0x5, 0xdc, 0xdf,
    0xf1, 0x4d, 0xdd, 0xdd, 0xdd, 0xdd, 0xdd, 0xc0,
    0x0, 0x1, 0xff, 0xfd, 0x40, 0x0, 0x0, 0x0,
    0x0, 0x0, 0x0, 0x0, 0x0, 0x0, 0x0, 0x0,
    0x0, 0x0, 0x0, 0x0, 0x0, 0x0, 0x0, 0x0,

    /* U+9AD8 "高" */
    0x0, 0x0, 0x0, 0x0, 0x0, 0x22, 0x0, 0x0,
    0x0, 0x0, 0x0, 0x0, 0x0, 0x0, 0x0, 0xb,
    0xfb, 0x0, 0x0, 0x0, 0x0, 0x0, 0x0, 0x0,
    0x0, 0x0, 0x6, 0xff, 0x10, 0x0, 0x0, 0x0,
    0x0, 0x9d, 0xdd, 0xdd, 0xdd, 0xde, 0xff, 0xed,
    0xdd, 0xdd, 0xdd, 0xd2, 0xbf, 0xff, 0xff, 0xff,
    0xff, 0xff, 0xff, 0xff, 0xff, 0xff, 0xf3, 0x0,
    0x0, 0x0, 0x0, 0x0, 0x0, 0x0, 0x0, 0x0,
    0x0, 0x0, 0x0, 0x2, 0x99, 0x99, 0x99, 0x99,
    0x99, 0x99, 0x99, 0x10, 0x0, 0x0, 0x4, 0xff,
    0xff, 0xff, 0xff, 0xff, 0xff, 0xff, 0x10, 0x0,
    0x0, 0x4, 0xfe, 0x0, 0x0, 0x0, 0x0, 0x3,
    0xff, 0x10, 0x0, 0x0, 0x4, 0xff, 0x55, 0x55,
    0x55, 0x55, 0x58, 0xff, 0x10, 0x0, 0x0, 0x4,
    0xff, 0xff, 0xff, 0xff, 0xff, 0xff, 0xff, 0x10,
    0x0, 0x0, 0x0, 0x11, 0x11, 0x11, 0x11, 0x11,
    0x11, 0x11, 0x0, 0x0, 0xc, 0xcc, 0xcc, 0xcc,
    0xcc, 0xcc, 0xcc, 0xcc, 0xcc, 0xcc, 0x70, 0xf,
    0xff, 0xff, 0xff, 0xff, 0xff, 0xff, 0xff, 0xff,
    0xff, 0x80, 0xf, 0xf4, 0x0, 0x0, 0x0, 0x0,
    0x0, 0x0, 0x0, 0xbf, 0x80, 0xf, 0xf3, 0x4,
    0x99, 0x99, 0x99, 0x99, 0x96, 0x0, 0xbf, 0x80,
    0xf, 0xf3, 0x7, 0xff, 0xff, 0xff, 0xff, 0xfb,
    0x0, 0xbf, 0x80, 0xf, 0xf3, 0x7, 0xf9, 0x0,
    0x0, 0x3, 0xfb, 0x0, 0xbf, 0x80, 0xf, 0xf3,
    0x7, 0xfa, 0x0, 0x0, 0x4, 0xfb, 0x0, 0xbf,
    0x80, 0xf, 0xf3, 0x7, 0xff, 0xff, 0xff, 0xff,
    0xfb, 0x0, 0xbf, 0x80, 0xf, 0xf3, 0x7, 0xfd,
    0x88, 0x88, 0x88, 0x86, 0x0, 0xbf, 0x80, 0xf,
    0xf3, 0x4, 0x95, 0x0, 0x0, 0x0, 0x5, 0xdc,
    0xff, 0x60, 0xf, 0xf3, 0x0, 0x0, 0x0, 0x0,
    0x0, 0x1, 0xcc, 0xb8, 0x0,

    /* U+9EC4 "黄" */
    0x0, 0x0, 0x0, 0x9e, 0x90, 0x0, 0x2, 0xee,
    0x20, 0x0, 0x0, 0x0, 0x0, 0x0, 0xaf, 0xa0,
    0x0, 0x2, 0xff, 0x30, 0x0, 0x0, 0x0, 0xaf,
    0xff, 0xff, 0xff, 0xff, 0xff, 0xff, 0xff, 0xff,
    0x40, 0x0, 0xae, 0xee, 0xff, 0xfe, 0xee, 0xee,
    0xff, 0xee, 0xee, 0x40, 0x0, 0x0, 0x0, 0x9f,
    0xa0, 0x0, 0x2, 0xff, 0x20, 0x0, 0x0, 0x0,
    0x0, 0x0, 0xaf, 0xa0, 0x0, 0x3, 0xff, 0x30,
    0x0, 0x0, 0x6f, 0xff, 0xff, 0xff, 0xff, 0xff,
    0xff, 0xff, 0xff, 0xff, 0xfe, 0x5f, 0xff, 0xff,
    0xff, 0xff, 0xff, 0xff, 0xff, 0xff, 0xff, 0xfe,
    0x0, 0x0, 0x0, 0x0, 0x0, 0xef, 0x50, 0x0,
    0x0, 0x0, 0x0, 0x0, 0x9, 0xaa, 0xaa, 0xaa,
    0xff, 0xca, 0xaa, 0xaa, 0xa5, 0x0, 0x0, 0xe,
    0xff, 0xff, 0xff, 0xff, 0xff, 0xff, 0xff, 0xf8,
    0x0, 0x0, 0xe, 0xf3, 0x0, 0x0, 0xef, 0x50,
    0x0, 0xa, 0xf8, 0x0, 0x0, 0xe, 0xf9, 0x77,
    0x77, 0xff, 0xa7, 0x77, 0x7d, 0xf8, 0x0, 0x0,
    0xe, 0xff, 0xff, 0xff, 0xff, 0xff, 0xff, 0xff,
    0xf8, 0x0, 0x0, 0xe, 0xf4, 0x0, 0x0, 0xff,
    0x60, 0x0, 0xa, 0xf8, 0x0, 0x0, 0xe, 0xf4,
    0x0, 0x0, 0xff, 0x60, 0x0, 0xa, 0xf8, 0x0,
    0x0, 0xe, 0xff, 0xff, 0xff, 0xff, 0xff, 0xff,
    0xff, 0xf8, 0x0, 0x0, 0x8, 0x88, 0x8b, 0x98,
    0x88, 0x88, 0xb9, 0x88, 0x85, 0x0, 0x0, 0x0,
    0x3, 0xbf, 0xb1, 0x0, 0x4, 0xfe, 0x93, 0x0,
    0x0, 0x0, 0x27, 0xcf, 0xff, 0x91, 0x0, 0x3,
    0x9e, 0xff, 0xe7, 0x10, 0x1d, 0xff, 0xfe, 0x81,
    0x0, 0x0, 0x0, 0x0, 0x5b, 0xff, 0xf5, 0x5,
    0xd9, 0x30, 0x0, 0x0, 0x0, 0x0, 0x0, 0x0,
    0x2a, 0x90,

    /* U+9ED8 "默" */
    0x0, 0x0, 0x0, 0x0, 0x0, 0x0, 0x0, 0x0,
    0x34, 0x0, 0x0, 0x0, 0x0, 0x78, 0x88, 0x88,
    0x88, 0x86, 0x0, 0x0, 0xdf, 0x10, 0x0, 0x0,
    0x0, 0xdf, 0xff, 0xff, 0xff, 0xfc, 0x0, 0x0,
    0xdf, 0xae, 0x10, 0x0, 0x0, 0xdd, 0x0, 0xba,
    0x0, 0xfc, 0x0, 0x0, 0xdf, 0x6f, 0xb0, 0x0,
    0x0, 0xdd, 0xc3, 0xaa, 0x4c, 0xfc, 0x0, 0x0,
    0xdf, 0x1a, 0xf6, 0x0, 0x0, 0xdd, 0x97, 0xaa,
    0x8a, 0xfc, 0x0, 0x0, 0xdf, 0x11, 0xfe, 0x0,
    0x0, 0xdd, 0x6a, 0xaa, 0xc5, 0xfc, 0x0, 0x0,
    0xdf, 0x10, 0x63, 0x0, 0x0, 0xdd, 0x4a, 0xab,
    0xe0, 0xfc, 0x24, 0x44, 0xef, 0x54, 0x44, 0x30,
    0x0, 0xdd, 0x0, 0xba, 0x10, 0xfc, 0x9f, 0xff,
    0xff, 0xff, 0xff, 0xa0, 0x0, 0xdf, 0xff, 0xff,
    0xff, 0xfc, 0x8e, 0xee, 0xff, 0xee, 0xee, 0x90,
    0x0, 0x68, 0x88, 0xff, 0x88, 0x86, 0x0, 0x0,
    0xff, 0x30, 0x0, 0x0, 0x0, 0x0, 0x0, 0xff,
    0x0, 0x0, 0x0, 0x2, 0xff, 0x70, 0x0, 0x0,
    0x0, 0xef, 0xff, 0xff, 0xff, 0xfa, 0x0, 0x5,
    0xff, 0xa0, 0x0, 0x0, 0x0, 0xab, 0xbb, 0xff,
    0xbb, 0xb7, 0x0, 0x8, 0xff, 0xe0, 0x0, 0x0,
    0x0, 0x0, 0x0, 0xfe, 0x0, 0x11, 0x0, 0xd,
    0xfd, 0xf4, 0x0, 0x0, 0x4, 0xbb, 0xcd, 0xff,
    0xff, 0xff, 0x0, 0x1f, 0xf4, 0xfa, 0x0, 0x0,
    0x6, 0xff, 0xff, 0xfe, 0xdc, 0xbb, 0x0, 0x7f,
    0xb0, 0xef, 0x10, 0x0, 0x1, 0x43, 0x10, 0x0,
    0x0, 0x40, 0x0, 0xef, 0x40, 0x8f, 0x90, 0x0,
    0x0, 0x8f, 0x2e, 0x5a, 0xa4, 0xf4, 0x7, 0xfe,
    0x0, 0x2f, 0xf2, 0x0, 0x0, 0xec, 0xf, 0x77,
    0xe0, 0xea, 0x2f, 0xf5, 0x0, 0xa, 0xfd, 0x10,
    0x6, 0xf6, 0xe, 0x84, 0xf2, 0x89, 0xdf, 0xc0,
    0x0, 0x1, 0xef, 0xc1, 0xd, 0xe0, 0xd, 0x91,
    0xb2, 0x5, 0xff, 0x20, 0x0, 0x0, 0x4f, 0xd1,
    0x2, 0x40, 0x3, 0x10, 0x0, 0x0, 0x54, 0x0,
    0x0, 0x0, 0x5, 0x20,

    /* U+9F13 "鼓" */
    0x0, 0x0, 0x3, 0x52, 0x0, 0x0, 0x0, 0x0,
    0x55, 0x10, 0x0, 0x0, 0x0, 0x0, 0x9, 0xf8,
    0x0, 0x0, 0x0, 0x0, 0xff, 0x40, 0x0, 0x0,
    0x0, 0x0, 0xa, 0xf9, 0x0, 0x0, 0x0, 0x0,
    0xff, 0x40, 0x0, 0x0, 0xe, 0xff, 0xff, 0xff,
    0xff, 0xfa, 0x0, 0x0, 0xff, 0x40, 0x0, 0x0,
    0xb, 0xcc, 0xce, 0xfe, 0xcc, 0xc9, 0x66, 0x66,
    0xff, 0x96, 0x66, 0x40, 0x0, 0x0, 0x9, 0xf8,
    0x0, 0x3, 0xff, 0xff, 0xff, 0xff, 0xff, 0xa0,
    0x3, 0xbb, 0xbe, 0xfe, 0xbb, 0xb3, 0x44, 0x44,
    0xff, 0x74, 0x44, 0x30, 0x5, 0xff, 0xff, 0xff,
    0xff, 0xf3, 0x0, 0x0, 0xff, 0x40, 0x0, 0x0,
    0x0, 0x11, 0x11, 0x11, 0x11, 0x10, 0x0, 0x0,
    0xff, 0x40, 0x0, 0x0, 0x0, 0x11, 0x11, 0x11,
    0x11, 0x10, 0x11, 0x11, 0xff, 0x51, 0x10, 0x0,
    0x0, 0xef, 0xff, 0xff, 0xff, 0xe1, 0xff, 0xff,
    0xff, 0xff, 0xff, 0x30, 0x0, 0xef, 0xba, 0xaa,
    0xbf, 0xe1, 0xef, 0xfe, 0xee, 0xee, 0xff, 0x10,
    0x0, 0xef, 0x10, 0x0, 0x3f, 0xe0, 0x6f, 0xa0,
    0x0, 0x7, 0xfb, 0x0, 0x0, 0xef, 0x31, 0x11,
    0x5f, 0xe0, 0x2f, 0xf1, 0x0, 0xe, 0xf5, 0x0,
    0x0, 0xef, 0xff, 0xff, 0xff, 0xe0, 0xb, 0xf8,
    0x0, 0x5f, 0xf0, 0x0, 0x0, 0x99, 0xa9, 0x99,
    0xb9, 0x80, 0x4, 0xff, 0x21, 0xef, 0x70, 0x0,
    0x0, 0x2d, 0xd0, 0x1, 0xfd, 0x0, 0x0, 0xaf,
    0xca, 0xfd, 0x0, 0x0, 0x0, 0xe, 0xf3, 0x5,
    0xfb, 0x0, 0x0, 0x1f, 0xff, 0xf3, 0x0, 0x0,
    0x0, 0xa, 0xf7, 0xa, 0xf6, 0x0, 0x0, 0xb,
    0xff, 0xc0, 0x0, 0x0, 0x0, 0x5, 0x85, 0x5e,
    0xfc, 0xeb, 0x2, 0xcf, 0xff, 0xfc, 0x10, 0x0,
    0x1b, 0xdf, 0xff, 0xff, 0xff, 0xfc, 0x8f, 0xff,
    0x77, 0xff, 0xf8, 0x10, 0xf, 0xff, 0xec, 0x97,
    0x52, 0x2e, 0xff, 0xe4, 0x0, 0x4e, 0xff, 0xc0,
    0x4, 0x30, 0x0, 0x0, 0x0, 0x5, 0xe7, 0x0,
    0x0, 0x1, 0x8e, 0x10, 0x0, 0x0, 0x0, 0x0,
    0x0, 0x0, 0x0, 0x0, 0x0, 0x0, 0x0, 0x0,

    /* U+FF0C "，" */
    0x0, 0x7a, 0x60, 0x6, 0xff, 0xf5, 0x8, 0xff,
    0xfa, 0x2, 0xcf, 0xfb, 0x0, 0x6, 0xf9, 0x0,
    0xc, 0xf4, 0x1, 0xaf, 0xb0, 0x1f, 0xfb, 0x0,
    0x9, 0x50, 0x0,

    /* U+FF1A "：" */
    0x0, 0x22, 0x0, 0x8, 0xff, 0x80, 0xf, 0xff,
    0xf0, 0xd, 0xff, 0xd0, 0x2, 0xaa, 0x20, 0x0,
    0x0, 0x0, 0x0, 0x0, 0x0, 0x0, 0x0, 0x0,
    0x0, 0x0, 0x0, 0x0, 0x0, 0x0, 0x0, 0x0,
    0x0, 0x0, 0x0, 0x0, 0x3, 0xcc, 0x30, 0xd,
    0xff, 0xd0, 0xf, 0xff, 0xf0, 0x6, 0xff, 0x60,
    0x0, 0x0, 0x0,

    /* U+FF1B "；" */
    0x0, 0x22, 0x0, 0x8, 0xff, 0x80, 0xf, 0xff,
    0xf0, 0xd, 0xff, 0xd0, 0x2, 0xaa, 0x20, 0x0,
    0x0, 0x0, 0x0, 0x0, 0x0, 0x0, 0x0, 0x0,
    0x0, 0x0, 0x0, 0x0, 0x0, 0x0, 0x0, 0x0,
    0x0, 0x5, 0xef, 0x80, 0xd, 0xff, 0xf2, 0xb,
    0xff, 0xf5, 0x1, 0x7d, 0xf5, 0x0, 0xb, 0xf3,
    0x0, 0x2f, 0xe0, 0x2, 0xdf, 0x60, 0x5f, 0xf8,
    0x0, 0x3c, 0x40, 0x0, 0x0, 0x0, 0x0
};


/*---------------------
 *  GLYPH DESCRIPTION
 *--------------------*/

static const lv_font_fmt_txt_glyph_dsc_t glyph_dsc[] = {
    {.bitmap_index = 0, .adv_w = 0, .box_w = 0, .box_h = 0, .ofs_x = 0, .ofs_y = 0} /* id = 0 reserved */,
    {.bitmap_index = 0, .adv_w = 106, .box_w = 0, .box_h = 0, .ofs_x = 0, .ofs_y = 0},
    {.bitmap_index = 0, .adv_w = 107, .box_w = 5, .box_h = 17, .ofs_x = 1, .ofs_y = 0},
    {.bitmap_index = 43, .adv_w = 159, .box_w = 8, .box_h = 7, .ofs_x = 1, .ofs_y = 10},
    {.bitmap_index = 71, .adv_w = 273, .box_w = 17, .box_h = 17, .ofs_x = 0, .ofs_y = 0},
    {.bitmap_index = 216, .adv_w = 242, .box_w = 15, .box_h = 23, .ofs_x = 0, .ofs_y = -3},
    {.bitmap_index = 389, .adv_w = 330, .box_w = 20, .box_h = 17, .ofs_x = 0, .ofs_y = 0},
    {.bitmap_index = 559, .adv_w = 271, .box_w = 17, .box_h = 18, .ofs_x = 0, .ofs_y = -1},
    {.bitmap_index = 712, .adv_w = 84, .box_w = 3, .box_h = 7, .ofs_x = 1, .ofs_y = 10},
    {.bitmap_index = 723, .adv_w = 133, .box_w = 6, .box_h = 23, .ofs_x = 2, .ofs_y = -5},
    {.bitmap_index = 792, .adv_w = 134, .box_w = 7, .box_h = 23, .ofs_x = 0, .ofs_y = -5},
    {.bitmap_index = 873, .adv_w = 160, .box_w = 10, .box_h = 10, .ofs_x = 0, .ofs_y = 8},
    {.bitmap_index = 923, .adv_w = 227, .box_w = 12, .box_h = 11, .ofs_x = 1, .ofs_y = 3},
    {.bitmap_index = 989, .adv_w = 94, .box_w = 4, .box_h = 8, .ofs_x = 1, .ofs_y = -4},
    {.bitmap_index = 1005, .adv_w = 148, .box_w = 7, .box_h = 3, .ofs_x = 1, .ofs_y = 5},
    {.bitmap_index = 1016, .adv_w = 94, .box_w = 5, .box_h = 4, .ofs_x = 0, .ofs_y = 0},
    {.bitmap_index = 1026, .adv_w = 142, .box_w = 11, .box_h = 23, .ofs_x = -1, .ofs_y = -2},
    {.bitmap_index = 1153, .adv_w = 258, .box_w = 15, .box_h = 17, .ofs_x = 1, .ofs_y = 0},
    {.bitmap_index = 1281, .adv_w = 146, .box_w = 7, .box_h = 17, .ofs_x = 0, .ofs_y = 0},
    {.bitmap_index = 1341, .adv_w = 223, .box_w = 14, .box_h = 17, .ofs_x = 0, .ofs_y = 0},
    {.bitmap_index = 1460, .adv_w = 223, .box_w = 13, .box_h = 17, .ofs_x = 0, .ofs_y = 0},
    {.bitmap_index = 1571, .adv_w = 261, .box_w = 17, .box_h = 17, .ofs_x = 0, .ofs_y = 0},
    {.bitmap_index = 1716, .adv_w = 224, .box_w = 14, .box_h = 17, .ofs_x = 0, .ofs_y = 0},
    {.bitmap_index = 1835, .adv_w = 241, .box_w = 14, .box_h = 17, .ofs_x = 1, .ofs_y = 0},
    {.bitmap_index = 1954, .adv_w = 233, .box_w = 14, .box_h = 17, .ofs_x = 0, .ofs_y = 0},
    {.bitmap_index = 2073, .adv_w = 250, .box_w = 15, .box_h = 17, .ofs_x = 0, .ofs_y = 0},
    {.bitmap_index = 2201, .adv_w = 241, .box_w = 14, .box_h = 17, .ofs_x = 0, .ofs_y = 0},
    {.bitmap_index = 2320, .adv_w = 94, .box_w = 5, .box_h = 13, .ofs_x = 0, .ofs_y = 0},
    {.bitmap_index = 2353, .adv_w = 94, .box_w = 5, .box_h = 17, .ofs_x = 0, .ofs_y = -4},
    {.bitmap_index = 2396, .adv_w = 227, .box_w = 12, .box_h = 13, .ofs_x = 1, .ofs_y = 2},
    {.bitmap_index = 2474, .adv_w = 227, .box_w = 12, .box_h = 9, .ofs_x = 1, .ofs_y = 4},
    {.bitmap_index = 2528, .adv_w = 227, .box_w = 12, .box_h = 13, .ofs_x = 1, .ofs_y = 2},
    {.bitmap_index = 2606, .adv_w = 223, .box_w = 13, .box_h = 17, .ofs_x = 0, .ofs_y = 0},
    {.bitmap_index = 2717, .adv_w = 397, .box_w = 23, .box_h = 22, .ofs_x = 1, .ofs_y = -5},
    {.bitmap_index = 2970, .adv_w = 288, .box_w = 20, .box_h = 17, .ofs_x = -1, .ofs_y = 0},
    {.bitmap_index = 3140, .adv_w = 292, .box_w = 16, .box_h = 17, .ofs_x = 2, .ofs_y = 0},
    {.bitmap_index = 3276, .adv_w = 279, .box_w = 16, .box_h = 17, .ofs_x = 1, .ofs_y = 0},
    {.bitmap_index = 3412, .adv_w = 317, .box_w = 17, .box_h = 17, .ofs_x = 2, .ofs_y = 0},
    {.bitmap_index = 3557, .adv_w = 257, .box_w = 13, .box_h = 17, .ofs_x = 2, .ofs_y = 0},
    {.bitmap_index = 3668, .adv_w = 245, .box_w = 13, .box_h = 17, .ofs_x = 2, .ofs_y = 0},
    {.bitmap_index = 3779, .adv_w = 296, .box_w = 16, .box_h = 17, .ofs_x = 1, .ofs_y = 0},
    {.bitmap_index = 3915, .adv_w = 311, .box_w = 16, .box_h = 17, .ofs_x = 2, .ofs_y = 0},
    {.bitmap_index = 4051, .adv_w = 122, .box_w = 4, .box_h = 17, .ofs_x = 2, .ofs_y = 0},
    {.bitmap_index = 4085, .adv_w = 202, .box_w = 12, .box_h = 17, .ofs_x = -1, .ofs_y = 0},
    {.bitmap_index = 4187, .adv_w = 280, .box_w = 16, .box_h = 17, .ofs_x = 2, .ofs_y = 0},
    {.bitmap_index = 4323, .adv_w = 230, .box_w = 13, .box_h = 17, .ofs_x = 2, .ofs_y = 0},
    {.bitmap_index = 4434, .adv_w = 367, .box_w = 19, .box_h = 17, .ofs_x = 2, .ofs_y = 0},
    {.bitmap_index = 4596, .adv_w = 311, .box_w = 16, .box_h = 17, .ofs_x = 2, .ofs_y = 0},
    {.bitmap_index = 4732, .adv_w = 323, .box_w = 19, .box_h = 17, .ofs_x = 1, .ofs_y = 0},
    {.bitmap_index = 4894, .adv_w = 279, .box_w = 15, .box_h = 17, .ofs_x = 2, .ofs_y = 0},
    {.bitmap_index = 5022, .adv_w = 323, .box_w = 19, .box_h = 21, .ofs_x = 1, .ofs_y = -4},
    {.bitmap_index = 5222, .adv_w = 281, .box_w = 15, .box_h = 17, .ofs_x = 2, .ofs_y = 0},
    {.bitmap_index = 5350, .adv_w = 242, .box_w = 15, .box_h = 17, .ofs_x = 0, .ofs_y = 0},
    {.bitmap_index = 5478, .adv_w = 231, .box_w = 15, .box_h = 17, .ofs_x = 0, .ofs_y = 0},
    {.bitmap_index = 5606, .adv_w = 303, .box_w = 15, .box_h = 17, .ofs_x = 2, .ofs_y = 0},
    {.bitmap_index = 5734, .adv_w = 280, .box_w = 19, .box_h = 17, .ofs_x = -1, .ofs_y = 0},
    {.bitmap_index = 5896, .adv_w = 439, .box_w = 27, .box_h = 17, .ofs_x = 0, .ofs_y = 0},
    {.bitmap_index = 6126, .adv_w = 266, .box_w = 17, .box_h = 17, .ofs_x = 0, .ofs_y = 0},
    {.bitmap_index = 6271, .adv_w = 254, .box_w = 18, .box_h = 17, .ofs_x = -1, .ofs_y = 0},
    {.bitmap_index = 6424, .adv_w = 255, .box_w = 16, .box_h = 17, .ofs_x = 0, .ofs_y = 0},
    {.bitmap_index = 6560, .adv_w = 134, .box_w = 6, .box_h = 23, .ofs_x = 2, .ofs_y = -5},
    {.bitmap_index = 6629, .adv_w = 142, .box_w = 11, .box_h = 23, .ofs_x = -1, .ofs_y = -2},
    {.bitmap_index = 6756, .adv_w = 134, .box_w = 7, .box_h = 23, .ofs_x = 0, .ofs_y = -5},
    {.bitmap_index = 6837, .adv_w = 227, .box_w = 12, .box_h = 10, .ofs_x = 1, .ofs_y = 3},
    {.bitmap_index = 6897, .adv_w = 192, .box_w = 12, .box_h = 2, .ofs_x = 0, .ofs_y = -2},
    {.bitmap_index = 6909, .adv_w = 230, .box_w = 8, .box_h = 4, .ofs_x = 2, .ofs_y = 15},
    {.bitmap_index = 6925, .adv_w = 233, .box_w = 12, .box_h = 13, .ofs_x = 1, .ofs_y = 0},
    {.bitmap_index = 7003, .adv_w = 263, .box_w = 15, .box_h = 18, .ofs_x = 1, .ofs_y = 0},
    {.bitmap_index = 7138, .adv_w = 223, .box_w = 14, .box_h = 13, .ofs_x = 0, .ofs_y = 0},
    {.bitmap_index = 7229, .adv_w = 264, .box_w = 15, .box_h = 18, .ofs_x = 0, .ofs_y = 0},
    {.bitmap_index = 7364, .adv_w = 239, .box_w = 15, .box_h = 13, .ofs_x = 0, .ofs_y = 0},
    {.bitmap_index = 7462, .adv_w = 142, .box_w = 10, .box_h = 18, .ofs_x = 0, .ofs_y = 0},
    {.bitmap_index = 7552, .adv_w = 266, .box_w = 15, .box_h = 18, .ofs_x = 0, .ofs_y = -5},
    {.bitmap_index = 7687, .adv_w = 263, .box_w = 14, .box_h = 18, .ofs_x = 1, .ofs_y = 0},
    {.bitmap_index = 7813, .adv_w = 111, .box_w = 5, .box_h = 19, .ofs_x = 1, .ofs_y = 0},
    {.bitmap_index = 7861, .adv_w = 113, .box_w = 9, .box_h = 24, .ofs_x = -3, .ofs_y = -5},
    {.bitmap_index = 7969, .adv_w = 244, .box_w = 15, .box_h = 18, .ofs_x = 1, .ofs_y = 0},
    {.bitmap_index = 8104, .adv_w = 111, .box_w = 4, .box_h = 18, .ofs_x = 1, .ofs_y = 0},
    {.bitmap_index = 8140, .adv_w = 404, .box_w = 23, .box_h = 13, .ofs_x = 1, .ofs_y = 0},
    {.bitmap_index = 8290, .adv_w = 263, .box_w = 14, .box_h = 13, .ofs_x = 1, .ofs_y = 0},
    {.bitmap_index = 8381, .adv_w = 248, .box_w = 15, .box_h = 13, .ofs_x = 0, .ofs_y = 0},
    {.bitmap_index = 8479, .adv_w = 263, .box_w = 15, .box_h = 18, .ofs_x = 1, .ofs_y = -5},
    {.bitmap_index = 8614, .adv_w = 263, .box_w = 15, .box_h = 18, .ofs_x = 0, .ofs_y = -5},
    {.bitmap_index = 8749, .adv_w = 161, .box_w = 9, .box_h = 13, .ofs_x = 1, .ofs_y = 0},
    {.bitmap_index = 8808, .adv_w = 198, .box_w = 12, .box_h = 13, .ofs_x = 0, .ofs_y = 0},
    {.bitmap_index = 8886, .adv_w = 163, .box_w = 10, .box_h = 16, .ofs_x = 0, .ofs_y = 0},
    {.bitmap_index = 8966, .adv_w = 262, .box_w = 14, .box_h = 13, .ofs_x = 1, .ofs_y = 0},
    {.bitmap_index = 9057, .adv_w = 222, .box_w = 15, .box_h = 13, .ofs_x = -1, .ofs_y = 0},
    {.bitmap_index = 9155, .adv_w = 353, .box_w = 22, .box_h = 13, .ofs_x = 0, .ofs_y = 0},
    {.bitmap_index = 9298, .adv_w = 220, .box_w = 14, .box_h = 13, .ofs_x = 0, .ofs_y = 0},
    {.bitmap_index = 9389, .adv_w = 222, .box_w = 15, .box_h = 18, .ofs_x = -1, .ofs_y = -5},
    {.bitmap_index = 9524, .adv_w = 204, .box_w = 12, .box_h = 13, .ofs_x = 0, .ofs_y = 0},
    {.bitmap_index = 9602, .adv_w = 142, .box_w = 8, .box_h = 23, .ofs_x = 1, .ofs_y = -5},
    {.bitmap_index = 9694, .adv_w = 116, .box_w = 4, .box_h = 23, .ofs_x = 2, .ofs_y = -5},
    {.bitmap_index = 9740, .adv_w = 142, .box_w = 8, .box_h = 23, .ofs_x = 0, .ofs_y = -5},
    {.bitmap_index = 9832, .adv_w = 227, .box_w = 12, .box_h = 5, .ofs_x = 1, .ofs_y = 6},
    {.bitmap_index = 9862, .adv_w = 384, .box_w = 6, .box_h = 6, .ofs_x = 9, .ofs_y = 7},
    {.bitmap_index = 9880, .adv_w = 346, .box_w = 20, .box_h = 2, .ofs_x = 1, .ofs_y = 6},
    {.bitmap_index = 9900, .adv_w = 231, .box_w = 13, .box_h = 12, .ofs_x = 1, .ofs_y = 0},
    {.bitmap_index = 9978, .adv_w = 231, .box_w = 13, .box_h = 15, .ofs_x = 1, .ofs_y = 0},
    {.bitmap_index = 10076, .adv_w = 231, .box_w = 12, .box_h = 15, .ofs_x = 1, .ofs_y = 0},
    {.bitmap_index = 10166, .adv_w = 231, .box_w = 12, .box_h = 11, .ofs_x = 1, .ofs_y = 2},
    {.bitmap_index = 10232, .adv_w = 349, .box_w = 20, .box_h = 14, .ofs_x = 1, .ofs_y = 1},
    {.bitmap_index = 10372, .adv_w = 349, .box_w = 20, .box_h = 14, .ofs_x = 1, .ofs_y = 1},
    {.bitmap_index = 10512, .adv_w = 231, .box_w = 15, .box_h = 15, .ofs_x = 0, .ofs_y = -1},
    {.bitmap_index = 10625, .adv_w = 231, .box_w = 15, .box_h = 15, .ofs_x = 0, .ofs_y = -1},
    {.bitmap_index = 10738, .adv_w = 231, .box_w = 15, .box_h = 15, .ofs_x = 0, .ofs_y = -1},
    {.bitmap_index = 10851, .adv_w = 231, .box_w = 11, .box_h = 17, .ofs_x = 2, .ofs_y = 0},
    {.bitmap_index = 10945, .adv_w = 231, .box_w = 12, .box_h = 19, .ofs_x = 1, .ofs_y = -2},
    {.bitmap_index = 11059, .adv_w = 231, .box_w = 15, .box_h = 15, .ofs_x = 0, .ofs_y = 0},
    {.bitmap_index = 11172, .adv_w = 384, .box_w = 8, .box_h = 8, .ofs_x = 1, .ofs_y = -2},
    {.bitmap_index = 11204, .adv_w = 384, .box_w = 9, .box_h = 8, .ofs_x = 0, .ofs_y = -2},
    {.bitmap_index = 11240, .adv_w = 384, .box_w = 22, .box_h = 3, .ofs_x = 1, .ofs_y = 8},
    {.bitmap_index = 11273, .adv_w = 384, .box_w = 22, .box_h = 21, .ofs_x = 1, .ofs_y = -1},
    {.bitmap_index = 11504, .adv_w = 384, .box_w = 22, .box_h = 21, .ofs_x = 1, .ofs_y = -2},
    {.bitmap_index = 11735, .adv_w = 384, .box_w = 23, .box_h = 21, .ofs_x = 1, .ofs_y = -2},
    {.bitmap_index = 11977, .adv_w = 384, .box_w = 21, .box_h = 23, .ofs_x = 1, .ofs_y = -3},
    {.bitmap_index = 12219, .adv_w = 384, .box_w = 22, .box_h = 24, .ofs_x = 1, .ofs_y = -3},
    {.bitmap_index = 12483, .adv_w = 384, .box_w = 22, .box_h = 24, .ofs_x = 1, .ofs_y = -3},
    {.bitmap_index = 12747, .adv_w = 384, .box_w = 24, .box_h = 23, .ofs_x = 0, .ofs_y = -2},
    {.bitmap_index = 13023, .adv_w = 384, .box_w = 20, .box_h = 22, .ofs_x = 2, .ofs_y = -2},
    {.bitmap_index = 13243, .adv_w = 384, .box_w = 21, .box_h = 23, .ofs_x = 1, .ofs_y = -3},
    {.bitmap_index = 13485, .adv_w = 384, .box_w = 22, .box_h = 22, .ofs_x = 1, .ofs_y = -2},
    {.bitmap_index = 13727, .adv_w = 384, .box_w = 23, .box_h = 23, .ofs_x = 1, .ofs_y = -2},
    {.bitmap_index = 13992, .adv_w = 384, .box_w = 22, .box_h = 17, .ofs_x = 1, .ofs_y = 0},
    {.bitmap_index = 14179, .adv_w = 384, .box_w = 22, .box_h = 22, .ofs_x = 1, .ofs_y = -3},
    {.bitmap_index = 14421, .adv_w = 384, .box_w = 22, .box_h = 23, .ofs_x = 1, .ofs_y = -2},
    {.bitmap_index = 14674, .adv_w = 384, .box_w = 22, .box_h = 23, .ofs_x = 1, .ofs_y = -2},
    {.bitmap_index = 14927, .adv_w = 384, .box_w = 22, .box_h = 24, .ofs_x = 1, .ofs_y = -3},
    {.bitmap_index = 15191, .adv_w = 384, .box_w = 24, .box_h = 23, .ofs_x = 0, .ofs_y = -2},
    {.bitmap_index = 15467, .adv_w = 384, .box_w = 24, .box_h = 24, .ofs_x = 0, .ofs_y = -3},
    {.bitmap_index = 15755, .adv_w = 384, .box_w = 24, .box_h = 22, .ofs_x = 0, .ofs_y = -2},
    {.bitmap_index = 16019, .adv_w = 384, .box_w = 22, .box_h = 23, .ofs_x = 2, .ofs_y = -3},
    {.bitmap_index = 16272, .adv_w = 384, .box_w = 23, .box_h = 23, .ofs_x = 0, .ofs_y = -2},
    {.bitmap_index = 16537, .adv_w = 384, .box_w = 23, .box_h = 23, .ofs_x = 1, .ofs_y = -2},
    {.bitmap_index = 16802, .adv_w = 384, .box_w = 24, .box_h = 22, .ofs_x = 0, .ofs_y = -2},
    {.bitmap_index = 17066, .adv_w = 384, .box_w = 23, .box_h = 23, .ofs_x = 0, .ofs_y = -2},
    {.bitmap_index = 17331, .adv_w = 384, .box_w = 24, .box_h = 24, .ofs_x = 0, .ofs_y = -3},
    {.bitmap_index = 17619, .adv_w = 384, .box_w = 24, .box_h = 24, .ofs_x = 0, .ofs_y = -3},
    {.bitmap_index = 17907, .adv_w = 384, .box_w = 24, .box_h = 24, .ofs_x = 0, .ofs_y = -3},
    {.bitmap_index = 18195, .adv_w = 384, .box_w = 23, .box_h = 24, .ofs_x = 0, .ofs_y = -3},
    {.bitmap_index = 18471, .adv_w = 384, .box_w = 24, .box_h = 24, .ofs_x = 0, .ofs_y = -3},
    {.bitmap_index = 18759, .adv_w = 384, .box_w = 23, .box_h = 22, .ofs_x = 0, .ofs_y = -2},
    {.bitmap_index = 19012, .adv_w = 384, .box_w = 24, .box_h = 23, .ofs_x = 0, .ofs_y = -3},
    {.bitmap_index = 19288, .adv_w = 384, .box_w = 24, .box_h = 23, .ofs_x = 0, .ofs_y = -3},
    {.bitmap_index = 19564, .adv_w = 384, .box_w = 23, .box_h = 23, .ofs_x = 0, .ofs_y = -2},
    {.bitmap_index = 19829, .adv_w = 384, .box_w = 24, .box_h = 22, .ofs_x = 0, .ofs_y = -2},
    {.bitmap_index = 20093, .adv_w = 384, .box_w = 24, .box_h = 23, .ofs_x = 0, .ofs_y = -2},
    {.bitmap_index = 20369, .adv_w = 384, .box_w = 23, .box_h = 24, .ofs_x = 1, .ofs_y = -3},
    {.bitmap_index = 20645, .adv_w = 384, .box_w = 23, .box_h = 24, .ofs_x = 1, .ofs_y = -3},
    {.bitmap_index = 20921, .adv_w = 384, .box_w = 23, .box_h = 24, .ofs_x = 1, .ofs_y = -3},
    {.bitmap_index = 21197, .adv_w = 384, .box_w = 23, .box_h = 22, .ofs_x = 1, .ofs_y = -2},
    {.bitmap_index = 21450, .adv_w = 384, .box_w = 24, .box_h = 23, .ofs_x = 0, .ofs_y = -2},
    {.bitmap_index = 21726, .adv_w = 384, .box_w = 23, .box_h = 22, .ofs_x = 1, .ofs_y = -2},
    {.bitmap_index = 21979, .adv_w = 384, .box_w = 22, .box_h = 22, .ofs_x = 1, .ofs_y = -2},
    {.bitmap_index = 22221, .adv_w = 384, .box_w = 23, .box_h = 23, .ofs_x = 1, .ofs_y = -2},
    {.bitmap_index = 22486, .adv_w = 384, .box_w = 20, .box_h = 23, .ofs_x = 2, .ofs_y = -2},
    {.bitmap_index = 22716, .adv_w = 384, .box_w = 24, .box_h = 21, .ofs_x = 0, .ofs_y = -2},
    {.bitmap_index = 22968, .adv_w = 384, .box_w = 24, .box_h = 23, .ofs_x = 0, .ofs_y = -3},
    {.bitmap_index = 23244, .adv_w = 384, .box_w = 24, .box_h = 23, .ofs_x = 0, .ofs_y = -2},
    {.bitmap_index = 23520, .adv_w = 384, .box_w = 23, .box_h = 23, .ofs_x = 1, .ofs_y = -3},
    {.bitmap_index = 23785, .adv_w = 384, .box_w = 23, .box_h = 23, .ofs_x = 0, .ofs_y = -3},
    {.bitmap_index = 24050, .adv_w = 384, .box_w = 22, .box_h = 23, .ofs_x = 1, .ofs_y = -3},
    {.bitmap_index = 24303, .adv_w = 384, .box_w = 22, .box_h = 23, .ofs_x = 1, .ofs_y = -3},
    {.bitmap_index = 24556, .adv_w = 384, .box_w = 23, .box_h = 23, .ofs_x = 0, .ofs_y = -3},
    {.bitmap_index = 24821, .adv_w = 384, .box_w = 22, .box_h = 22, .ofs_x = 0, .ofs_y = -2},
    {.bitmap_index = 25063, .adv_w = 384, .box_w = 22, .box_h = 24, .ofs_x = 1, .ofs_y = -3},
    {.bitmap_index = 25327, .adv_w = 384, .box_w = 22, .box_h = 24, .ofs_x = 1, .ofs_y = -3},
    {.bitmap_index = 25591, .adv_w = 384, .box_w = 22, .box_h = 23, .ofs_x = 1, .ofs_y = -3},
    {.bitmap_index = 25844, .adv_w = 384, .box_w = 22, .box_h = 23, .ofs_x = 1, .ofs_y = -3},
    {.bitmap_index = 26097, .adv_w = 384, .box_w = 21, .box_h = 21, .ofs_x = 2, .ofs_y = -2},
    {.bitmap_index = 26318, .adv_w = 384, .box_w = 22, .box_h = 23, .ofs_x = 1, .ofs_y = -2},
    {.bitmap_index = 26571, .adv_w = 384, .box_w = 20, .box_h = 22, .ofs_x = 3, .ofs_y = -2},
    {.bitmap_index = 26791, .adv_w = 384, .box_w = 22, .box_h = 22, .ofs_x = 1, .ofs_y = -2},
    {.bitmap_index = 27033, .adv_w = 384, .box_w = 23, .box_h = 22, .ofs_x = 1, .ofs_y = -2},
    {.bitmap_index = 27286, .adv_w = 384, .box_w = 23, .box_h = 21, .ofs_x = 0, .ofs_y = -2},
    {.bitmap_index = 27528, .adv_w = 384, .box_w = 24, .box_h = 24, .ofs_x = 0, .ofs_y = -3},
    {.bitmap_index = 27816, .adv_w = 384, .box_w = 23, .box_h = 24, .ofs_x = 1, .ofs_y = -3},
    {.bitmap_index = 28092, .adv_w = 384, .box_w = 20, .box_h = 20, .ofs_x = 2, .ofs_y = -2},
    {.bitmap_index = 28292, .adv_w = 384, .box_w = 22, .box_h = 22, .ofs_x = 1, .ofs_y = -3},
    {.bitmap_index = 28534, .adv_w = 384, .box_w = 22, .box_h = 21, .ofs_x = 1, .ofs_y = -2},
    {.bitmap_index = 28765, .adv_w = 384, .box_w = 20, .box_h = 23, .ofs_x = 2, .ofs_y = -2},
    {.bitmap_index = 28995, .adv_w = 384, .box_w = 22, .box_h = 23, .ofs_x = 1, .ofs_y = -2},
    {.bitmap_index = 29248, .adv_w = 384, .box_w = 24, .box_h = 22, .ofs_x = 0, .ofs_y = -2},
    {.bitmap_index = 29512, .adv_w = 384, .box_w = 20, .box_h = 21, .ofs_x = 2, .ofs_y = -2},
    {.bitmap_index = 29722, .adv_w = 384, .box_w = 23, .box_h = 23, .ofs_x = 0, .ofs_y = -3},
    {.bitmap_index = 29987, .adv_w = 384, .box_w = 23, .box_h = 23, .ofs_x = 0, .ofs_y = -2},
    {.bitmap_index = 30252, .adv_w = 384, .box_w = 22, .box_h = 23, .ofs_x = 1, .ofs_y = -3},
    {.bitmap_index = 30505, .adv_w = 384, .box_w = 22, .box_h = 22, .ofs_x = 0, .ofs_y = -2},
    {.bitmap_index = 30747, .adv_w = 384, .box_w = 24, .box_h = 22, .ofs_x = 0, .ofs_y = -2},
    {.bitmap_index = 31011, .adv_w = 384, .box_w = 22, .box_h = 22, .ofs_x = 1, .ofs_y = -2},
    {.bitmap_index = 31253, .adv_w = 384, .box_w = 22, .box_h = 22, .ofs_x = 1, .ofs_y = -2},
    {.bitmap_index = 31495, .adv_w = 384, .box_w = 21, .box_h = 22, .ofs_x = 2, .ofs_y = -2},
    {.bitmap_index = 31726, .adv_w = 384, .box_w = 21, .box_h = 22, .ofs_x = 2, .ofs_y = -2},
    {.bitmap_index = 31957, .adv_w = 384, .box_w = 22, .box_h = 22, .ofs_x = 1, .ofs_y = -2},
    {.bitmap_index = 32199, .adv_w = 384, .box_w = 22, .box_h = 23, .ofs_x = 1, .ofs_y = -2},
    {.bitmap_index = 32452, .adv_w = 384, .box_w = 24, .box_h = 23, .ofs_x = 0, .ofs_y = -2},
    {.bitmap_index = 32728, .adv_w = 384, .box_w = 23, .box_h = 23, .ofs_x = 0, .ofs_y = -3},
    {.bitmap_index = 32993, .adv_w = 384, .box_w = 22, .box_h = 22, .ofs_x = 1, .ofs_y = -2},
    {.bitmap_index = 33235, .adv_w = 384, .box_w = 24, .box_h = 23, .ofs_x = 0, .ofs_y = -2},
    {.bitmap_index = 33511, .adv_w = 384, .box_w = 23, .box_h = 24, .ofs_x = 0, .ofs_y = -3},
    {.bitmap_index = 33787, .adv_w = 384, .box_w = 23, .box_h = 22, .ofs_x = 0, .ofs_y = -2},
    {.bitmap_index = 34040, .adv_w = 384, .box_w = 24, .box_h = 23, .ofs_x = 0, .ofs_y = -2},
    {.bitmap_index = 34316, .adv_w = 384, .box_w = 24, .box_h = 24, .ofs_x = 0, .ofs_y = -3},
    {.bitmap_index = 34604, .adv_w = 384, .box_w = 23, .box_h = 23, .ofs_x = 1, .ofs_y = -2},
    {.bitmap_index = 34869, .adv_w = 384, .box_w = 22, .box_h = 23, .ofs_x = 1, .ofs_y = -2},
    {.bitmap_index = 35122, .adv_w = 384, .box_w = 24, .box_h = 24, .ofs_x = 0, .ofs_y = -3},
    {.bitmap_index = 35410, .adv_w = 384, .box_w = 23, .box_h = 21, .ofs_x = 1, .ofs_y = -2},
    {.bitmap_index = 35652, .adv_w = 384, .box_w = 24, .box_h = 24, .ofs_x = 0, .ofs_y = -3},
    {.bitmap_index = 35940, .adv_w = 384, .box_w = 23, .box_h = 23, .ofs_x = 1, .ofs_y = -3},
    {.bitmap_index = 36205, .adv_w = 384, .box_w = 22, .box_h = 24, .ofs_x = 1, .ofs_y = -3},
    {.bitmap_index = 36469, .adv_w = 384, .box_w = 24, .box_h = 23, .ofs_x = 0, .ofs_y = -3},
    {.bitmap_index = 36745, .adv_w = 384, .box_w = 24, .box_h = 22, .ofs_x = 0, .ofs_y = -2},
    {.bitmap_index = 37009, .adv_w = 384, .box_w = 22, .box_h = 22, .ofs_x = 1, .ofs_y = -2},
    {.bitmap_index = 37251, .adv_w = 384, .box_w = 23, .box_h = 24, .ofs_x = 0, .ofs_y = -3},
    {.bitmap_index = 37527, .adv_w = 384, .box_w = 23, .box_h = 24, .ofs_x = 0, .ofs_y = -3},
    {.bitmap_index = 37803, .adv_w = 384, .box_w = 22, .box_h = 24, .ofs_x = 1, .ofs_y = -3},
    {.bitmap_index = 38067, .adv_w = 384, .box_w = 24, .box_h = 23, .ofs_x = 0, .ofs_y = -2},
    {.bitmap_index = 38343, .adv_w = 384, .box_w = 23, .box_h = 23, .ofs_x = 0, .ofs_y = -2},
    {.bitmap_index = 38608, .adv_w = 384, .box_w = 23, .box_h = 23, .ofs_x = 1, .ofs_y = -2},
    {.bitmap_index = 38873, .adv_w = 384, .box_w = 22, .box_h = 22, .ofs_x = 1, .ofs_y = -2},
    {.bitmap_index = 39115, .adv_w = 384, .box_w = 24, .box_h = 22, .ofs_x = 0, .ofs_y = -2},
    {.bitmap_index = 39379, .adv_w = 384, .box_w = 24, .box_h = 23, .ofs_x = 0, .ofs_y = -3},
    {.bitmap_index = 39655, .adv_w = 384, .box_w = 23, .box_h = 22, .ofs_x = 0, .ofs_y = -2},
    {.bitmap_index = 39908, .adv_w = 384, .box_w = 22, .box_h = 22, .ofs_x = 0, .ofs_y = -3},
    {.bitmap_index = 40150, .adv_w = 384, .box_w = 23, .box_h = 23, .ofs_x = 0, .ofs_y = -3},
    {.bitmap_index = 40415, .adv_w = 384, .box_w = 23, .box_h = 22, .ofs_x = 0, .ofs_y = -2},
    {.bitmap_index = 40668, .adv_w = 384, .box_w = 22, .box_h = 19, .ofs_x = 1, .ofs_y = -1},
    {.bitmap_index = 40877, .adv_w = 384, .box_w = 23, .box_h = 23, .ofs_x = 0, .ofs_y = -2},
    {.bitmap_index = 41142, .adv_w = 384, .box_w = 22, .box_h = 21, .ofs_x = 2, .ofs_y = -2},
    {.bitmap_index = 41373, .adv_w = 384, .box_w = 23, .box_h = 23, .ofs_x = 0, .ofs_y = -2},
    {.bitmap_index = 41638, .adv_w = 384, .box_w = 21, .box_h = 23, .ofs_x = 2, .ofs_y = -2},
    {.bitmap_index = 41880, .adv_w = 384, .box_w = 22, .box_h = 23, .ofs_x = 1, .ofs_y = -3},
    {.bitmap_index = 42133, .adv_w = 384, .box_w = 23, .box_h = 24, .ofs_x = 0, .ofs_y = -3},
    {.bitmap_index = 42409, .adv_w = 384, .box_w = 23, .box_h = 24, .ofs_x = 0, .ofs_y = -3},
    {.bitmap_index = 42685, .adv_w = 384, .box_w = 23, .box_h = 24, .ofs_x = 0, .ofs_y = -3},
    {.bitmap_index = 42961, .adv_w = 384, .box_w = 24, .box_h = 23, .ofs_x = 0, .ofs_y = -2},
    {.bitmap_index = 43237, .adv_w = 384, .box_w = 22, .box_h = 22, .ofs_x = 1, .ofs_y = -3},
    {.bitmap_index = 43479, .adv_w = 384, .box_w = 23, .box_h = 23, .ofs_x = 1, .ofs_y = -2},
    {.bitmap_index = 43744, .adv_w = 384, .box_w = 22, .box_h = 23, .ofs_x = 2, .ofs_y = -3},
    {.bitmap_index = 43997, .adv_w = 384, .box_w = 23, .box_h = 22, .ofs_x = 1, .ofs_y = -3},
    {.bitmap_index = 44250, .adv_w = 384, .box_w = 20, .box_h = 23, .ofs_x = 2, .ofs_y = -2},
    {.bitmap_index = 44480, .adv_w = 384, .box_w = 22, .box_h = 22, .ofs_x = 1, .ofs_y = -2},
    {.bitmap_index = 44722, .adv_w = 384, .box_w = 23, .box_h = 21, .ofs_x = 1, .ofs_y = -2},
    {.bitmap_index = 44964, .adv_w = 384, .box_w = 24, .box_h = 24, .ofs_x = 0, .ofs_y = -3},
    {.bitmap_index = 45252, .adv_w = 384, .box_w = 23, .box_h = 22, .ofs_x = 1, .ofs_y = -2},
    {.bitmap_index = 45505, .adv_w = 384, .box_w = 23, .box_h = 23, .ofs_x = 0, .ofs_y = -2},
    {.bitmap_index = 45770, .adv_w = 384, .box_w = 23, .box_h = 22, .ofs_x = 1, .ofs_y = -2},
    {.bitmap_index = 46023, .adv_w = 384, .box_w = 22, .box_h = 23, .ofs_x = 1, .ofs_y = -2},
    {.bitmap_index = 46276, .adv_w = 384, .box_w = 23, .box_h = 23, .ofs_x = 0, .ofs_y = -2},
    {.bitmap_index = 46541, .adv_w = 384, .box_w = 23, .box_h = 23, .ofs_x = 1, .ofs_y = -2},
    {.bitmap_index = 46806, .adv_w = 384, .box_w = 24, .box_h = 24, .ofs_x = 0, .ofs_y = -3},
    {.bitmap_index = 47094, .adv_w = 384, .box_w = 23, .box_h = 24, .ofs_x = 0, .ofs_y = -3},
    {.bitmap_index = 47370, .adv_w = 384, .box_w = 23, .box_h = 23, .ofs_x = 1, .ofs_y = -3},
    {.bitmap_index = 47635, .adv_w = 384, .box_w = 22, .box_h = 23, .ofs_x = 0, .ofs_y = -3},
    {.bitmap_index = 47888, .adv_w = 384, .box_w = 24, .box_h = 23, .ofs_x = 0, .ofs_y = -2},
    {.bitmap_index = 48164, .adv_w = 384, .box_w = 24, .box_h = 22, .ofs_x = 0, .ofs_y = -2},
    {.bitmap_index = 48428, .adv_w = 384, .box_w = 24, .box_h = 24, .ofs_x = 0, .ofs_y = -3},
    {.bitmap_index = 48716, .adv_w = 384, .box_w = 24, .box_h = 24, .ofs_x = 0, .ofs_y = -3},
    {.bitmap_index = 49004, .adv_w = 384, .box_w = 24, .box_h = 22, .ofs_x = 0, .ofs_y = -2},
    {.bitmap_index = 49268, .adv_w = 384, .box_w = 24, .box_h = 24, .ofs_x = 0, .ofs_y = -3},
    {.bitmap_index = 49556, .adv_w = 384, .box_w = 23, .box_h = 24, .ofs_x = 0, .ofs_y = -3},
    {.bitmap_index = 49832, .adv_w = 384, .box_w = 23, .box_h = 23, .ofs_x = 1, .ofs_y = -3},
    {.bitmap_index = 50097, .adv_w = 384, .box_w = 23, .box_h = 23, .ofs_x = 0, .ofs_y = -2},
    {.bitmap_index = 50362, .adv_w = 384, .box_w = 23, .box_h = 23, .ofs_x = 0, .ofs_y = -3},
    {.bitmap_index = 50627, .adv_w = 384, .box_w = 24, .box_h = 23, .ofs_x = 0, .ofs_y = -2},
    {.bitmap_index = 50903, .adv_w = 384, .box_w = 23, .box_h = 23, .ofs_x = 0, .ofs_y = -3},
    {.bitmap_index = 51168, .adv_w = 384, .box_w = 23, .box_h = 24, .ofs_x = 0, .ofs_y = -3},
    {.bitmap_index = 51444, .adv_w = 384, .box_w = 24, .box_h = 24, .ofs_x = 0, .ofs_y = -3},
    {.bitmap_index = 51732, .adv_w = 384, .box_w = 24, .box_h = 23, .ofs_x = 0, .ofs_y = -2},
    {.bitmap_index = 52008, .adv_w = 384, .box_w = 23, .box_h = 24, .ofs_x = 1, .ofs_y = -3},
    {.bitmap_index = 52284, .adv_w = 384, .box_w = 23, .box_h = 23, .ofs_x = 1, .ofs_y = -2},
    {.bitmap_index = 52549, .adv_w = 384, .box_w = 24, .box_h = 24, .ofs_x = 0, .ofs_y = -3},
    {.bitmap_index = 52837, .adv_w = 384, .box_w = 23, .box_h = 23, .ofs_x = 1, .ofs_y = -2},
    {.bitmap_index = 53102, .adv_w = 384, .box_w = 23, .box_h = 23, .ofs_x = 0, .ofs_y = -2},
    {.bitmap_index = 53367, .adv_w = 384, .box_w = 24, .box_h = 23, .ofs_x = 0, .ofs_y = -3},
    {.bitmap_index = 53643, .adv_w = 384, .box_w = 23, .box_h = 24, .ofs_x = 0, .ofs_y = -3},
    {.bitmap_index = 53919, .adv_w = 384, .box_w = 22, .box_h = 24, .ofs_x = 1, .ofs_y = -3},
    {.bitmap_index = 54183, .adv_w = 384, .box_w = 17, .box_h = 21, .ofs_x = 4, .ofs_y = -2},
    {.bitmap_index = 54362, .adv_w = 384, .box_w = 22, .box_h = 22, .ofs_x = 1, .ofs_y = -2},
    {.bitmap_index = 54604, .adv_w = 384, .box_w = 23, .box_h = 23, .ofs_x = 1, .ofs_y = -3},
    {.bitmap_index = 54869, .adv_w = 384, .box_w = 22, .box_h = 23, .ofs_x = 1, .ofs_y = -3},
    {.bitmap_index = 55122, .adv_w = 384, .box_w = 23, .box_h = 22, .ofs_x = 1, .ofs_y = -2},
    {.bitmap_index = 55375, .adv_w = 384, .box_w = 23, .box_h = 23, .ofs_x = 1, .ofs_y = -3},
    {.bitmap_index = 55640, .adv_w = 384, .box_w = 23, .box_h = 24, .ofs_x = 1, .ofs_y = -3},
    {.bitmap_index = 55916, .adv_w = 384, .box_w = 24, .box_h = 22, .ofs_x = 0, .ofs_y = -2},
    {.bitmap_index = 56180, .adv_w = 384, .box_w = 23, .box_h = 22, .ofs_x = 0, .ofs_y = -2},
    {.bitmap_index = 56433, .adv_w = 384, .box_w = 22, .box_h = 23, .ofs_x = 0, .ofs_y = -2},
    {.bitmap_index = 56686, .adv_w = 384, .box_w = 23, .box_h = 23, .ofs_x = 1, .ofs_y = -3},
    {.bitmap_index = 56951, .adv_w = 384, .box_w = 20, .box_h = 23, .ofs_x = 2, .ofs_y = -2},
    {.bitmap_index = 57181, .adv_w = 384, .box_w = 23, .box_h = 22, .ofs_x = 1, .ofs_y = -3},
    {.bitmap_index = 57434, .adv_w = 384, .box_w = 23, .box_h = 23, .ofs_x = 0, .ofs_y = -2},
    {.bitmap_index = 57699, .adv_w = 384, .box_w = 22, .box_h = 22, .ofs_x = 1, .ofs_y = -2},
    {.bitmap_index = 57941, .adv_w = 384, .box_w = 23, .box_h = 23, .ofs_x = 1, .ofs_y = -2},
    {.bitmap_index = 58206, .adv_w = 384, .box_w = 24, .box_h = 23, .ofs_x = 0, .ofs_y = -2},
    {.bitmap_index = 58482, .adv_w = 384, .box_w = 22, .box_h = 22, .ofs_x = 1, .ofs_y = -2},
    {.bitmap_index = 58724, .adv_w = 384, .box_w = 23, .box_h = 23, .ofs_x = 1, .ofs_y = -2},
    {.bitmap_index = 58989, .adv_w = 384, .box_w = 23, .box_h = 24, .ofs_x = 0, .ofs_y = -3},
    {.bitmap_index = 59265, .adv_w = 384, .box_w = 23, .box_h = 23, .ofs_x = 0, .ofs_y = -2},
    {.bitmap_index = 59530, .adv_w = 384, .box_w = 23, .box_h = 22, .ofs_x = 1, .ofs_y = -2},
    {.bitmap_index = 59783, .adv_w = 384, .box_w = 23, .box_h = 22, .ofs_x = 1, .ofs_y = -2},
    {.bitmap_index = 60036, .adv_w = 384, .box_w = 24, .box_h = 24, .ofs_x = 0, .ofs_y = -3},
    {.bitmap_index = 60324, .adv_w = 384, .box_w = 22, .box_h = 22, .ofs_x = 1, .ofs_y = -2},
    {.bitmap_index = 60566, .adv_w = 384, .box_w = 23, .box_h = 23, .ofs_x = 0, .ofs_y = -2},
    {.bitmap_index = 60831, .adv_w = 384, .box_w = 24, .box_h = 23, .ofs_x = 0, .ofs_y = -2},
    {.bitmap_index = 61107, .adv_w = 384, .box_w = 23, .box_h = 24, .ofs_x = 0, .ofs_y = -3},
    {.bitmap_index = 61383, .adv_w = 384, .box_w = 23, .box_h = 24, .ofs_x = 1, .ofs_y = -3},
    {.bitmap_index = 61659, .adv_w = 384, .box_w = 24, .box_h = 24, .ofs_x = 0, .ofs_y = -3},
    {.bitmap_index = 61947, .adv_w = 384, .box_w = 22, .box_h = 20, .ofs_x = 1, .ofs_y = -1},
    {.bitmap_index = 62167, .adv_w = 384, .box_w = 22, .box_h = 23, .ofs_x = 1, .ofs_y = -2},
    {.bitmap_index = 62420, .adv_w = 384, .box_w = 24, .box_h = 24, .ofs_x = 0, .ofs_y = -3},
    {.bitmap_index = 62708, .adv_w = 384, .box_w = 23, .box_h = 23, .ofs_x = 1, .ofs_y = -3},
    {.bitmap_index = 62973, .adv_w = 384, .box_w = 23, .box_h = 24, .ofs_x = 0, .ofs_y = -3},
    {.bitmap_index = 63249, .adv_w = 384, .box_w = 23, .box_h = 23, .ofs_x = 0, .ofs_y = -2},
    {.bitmap_index = 63514, .adv_w = 384, .box_w = 24, .box_h = 23, .ofs_x = 0, .ofs_y = -3},
    {.bitmap_index = 63790, .adv_w = 384, .box_w = 23, .box_h = 24, .ofs_x = 1, .ofs_y = -3},
    {.bitmap_index = 64066, .adv_w = 384, .box_w = 23, .box_h = 22, .ofs_x = 0, .ofs_y = -2},
    {.bitmap_index = 64319, .adv_w = 384, .box_w = 24, .box_h = 23, .ofs_x = 0, .ofs_y = -2},
    {.bitmap_index = 64595, .adv_w = 384, .box_w = 23, .box_h = 22, .ofs_x = 0, .ofs_y = -2},
    {.bitmap_index = 64848, .adv_w = 384, .box_w = 23, .box_h = 23, .ofs_x = 1, .ofs_y = -3},
    {.bitmap_index = 65113, .adv_w = 384, .box_w = 23, .box_h = 23, .ofs_x = 0, .ofs_y = -2},
    {.bitmap_index = 65378, .adv_w = 384, .box_w = 23, .box_h = 23, .ofs_x = 0, .ofs_y = -3},
    {.bitmap_index = 65643, .adv_w = 384, .box_w = 24, .box_h = 23, .ofs_x = 0, .ofs_y = -2},
    {.bitmap_index = 65919, .adv_w = 384, .box_w = 23, .box_h = 23, .ofs_x = 0, .ofs_y = -2},
    {.bitmap_index = 66184, .adv_w = 384, .box_w = 22, .box_h = 24, .ofs_x = 0, .ofs_y = -3},
    {.bitmap_index = 66448, .adv_w = 384, .box_w = 23, .box_h = 24, .ofs_x = 0, .ofs_y = -3},
    {.bitmap_index = 66724, .adv_w = 384, .box_w = 24, .box_h = 23, .ofs_x = 0, .ofs_y = -3},
    {.bitmap_index = 67000, .adv_w = 384, .box_w = 24, .box_h = 24, .ofs_x = 0, .ofs_y = -3},
    {.bitmap_index = 67288, .adv_w = 384, .box_w = 22, .box_h = 23, .ofs_x = 1, .ofs_y = -2},
    {.bitmap_index = 67541, .adv_w = 384, .box_w = 23, .box_h = 21, .ofs_x = 0, .ofs_y = -2},
    {.bitmap_index = 67783, .adv_w = 384, .box_w = 23, .box_h = 23, .ofs_x = 0, .ofs_y = -3},
    {.bitmap_index = 68048, .adv_w = 384, .box_w = 24, .box_h = 23, .ofs_x = 0, .ofs_y = -2},
    {.bitmap_index = 68324, .adv_w = 384, .box_w = 24, .box_h = 23, .ofs_x = 0, .ofs_y = -2},
    {.bitmap_index = 68600, .adv_w = 384, .box_w = 24, .box_h = 23, .ofs_x = 0, .ofs_y = -3},
    {.bitmap_index = 68876, .adv_w = 384, .box_w = 23, .box_h = 23, .ofs_x = 0, .ofs_y = -2},
    {.bitmap_index = 69141, .adv_w = 384, .box_w = 22, .box_h = 22, .ofs_x = 0, .ofs_y = -3},
    {.bitmap_index = 69383, .adv_w = 384, .box_w = 22, .box_h = 22, .ofs_x = 2, .ofs_y = -2},
    {.bitmap_index = 69625, .adv_w = 384, .box_w = 23, .box_h = 23, .ofs_x = 1, .ofs_y = -3},
    {.bitmap_index = 69890, .adv_w = 384, .box_w = 22, .box_h = 23, .ofs_x = 1, .ofs_y = -2},
    {.bitmap_index = 70143, .adv_w = 384, .box_w = 23, .box_h = 23, .ofs_x = 1, .ofs_y = -2},
    {.bitmap_index = 70408, .adv_w = 384, .box_w = 18, .box_h = 23, .ofs_x = 3, .ofs_y = -2},
    {.bitmap_index = 70615, .adv_w = 384, .box_w = 21, .box_h = 23, .ofs_x = 2, .ofs_y = -3},
    {.bitmap_index = 70857, .adv_w = 384, .box_w = 18, .box_h = 21, .ofs_x = 3, .ofs_y = -2},
    {.bitmap_index = 71046, .adv_w = 384, .box_w = 23, .box_h = 22, .ofs_x = 0, .ofs_y = -2},
    {.bitmap_index = 71299, .adv_w = 384, .box_w = 22, .box_h = 22, .ofs_x = 1, .ofs_y = -2},
    {.bitmap_index = 71541, .adv_w = 384, .box_w = 22, .box_h = 24, .ofs_x = 0, .ofs_y = -3},
    {.bitmap_index = 71805, .adv_w = 384, .box_w = 22, .box_h = 22, .ofs_x = 1, .ofs_y = -3},
    {.bitmap_index = 72047, .adv_w = 384, .box_w = 22, .box_h = 23, .ofs_x = 1, .ofs_y = -2},
    {.bitmap_index = 72300, .adv_w = 384, .box_w = 23, .box_h = 24, .ofs_x = 0, .ofs_y = -3},
    {.bitmap_index = 72576, .adv_w = 384, .box_w = 23, .box_h = 22, .ofs_x = 0, .ofs_y = -2},
    {.bitmap_index = 72829, .adv_w = 384, .box_w = 23, .box_h = 23, .ofs_x = 1, .ofs_y = -2},
    {.bitmap_index = 73094, .adv_w = 384, .box_w = 23, .box_h = 23, .ofs_x = 0, .ofs_y = -2},
    {.bitmap_index = 73359, .adv_w = 384, .box_w = 22, .box_h = 22, .ofs_x = 1, .ofs_y = -1},
    {.bitmap_index = 73601, .adv_w = 384, .box_w = 22, .box_h = 24, .ofs_x = 1, .ofs_y = -3},
    {.bitmap_index = 73865, .adv_w = 384, .box_w = 23, .box_h = 23, .ofs_x = 0, .ofs_y = -2},
    {.bitmap_index = 74130, .adv_w = 384, .box_w = 23, .box_h = 23, .ofs_x = 0, .ofs_y = -2},
    {.bitmap_index = 74395, .adv_w = 384, .box_w = 23, .box_h = 23, .ofs_x = 0, .ofs_y = -3},
    {.bitmap_index = 74660, .adv_w = 384, .box_w = 22, .box_h = 22, .ofs_x = 1, .ofs_y = -2},
    {.bitmap_index = 74902, .adv_w = 384, .box_w = 22, .box_h = 22, .ofs_x = 1, .ofs_y = -2},
    {.bitmap_index = 75144, .adv_w = 384, .box_w = 24, .box_h = 24, .ofs_x = 0, .ofs_y = -3},
    {.bitmap_index = 75432, .adv_w = 384, .box_w = 23, .box_h = 23, .ofs_x = 1, .ofs_y = -2},
    {.bitmap_index = 75697, .adv_w = 384, .box_w = 24, .box_h = 23, .ofs_x = 0, .ofs_y = -2},
    {.bitmap_index = 75973, .adv_w = 384, .box_w = 23, .box_h = 23, .ofs_x = 0, .ofs_y = -2},
    {.bitmap_index = 76238, .adv_w = 384, .box_w = 24, .box_h = 24, .ofs_x = 0, .ofs_y = -3},
    {.bitmap_index = 76526, .adv_w = 384, .box_w = 23, .box_h = 22, .ofs_x = 0, .ofs_y = -1},
    {.bitmap_index = 76779, .adv_w = 384, .box_w = 23, .box_h = 23, .ofs_x = 0, .ofs_y = -3},
    {.bitmap_index = 77044, .adv_w = 384, .box_w = 23, .box_h = 23, .ofs_x = 0, .ofs_y = -2},
    {.bitmap_index = 77309, .adv_w = 384, .box_w = 23, .box_h = 24, .ofs_x = 0, .ofs_y = -3},
    {.bitmap_index = 77585, .adv_w = 384, .box_w = 23, .box_h = 23, .ofs_x = 0, .ofs_y = -2},
    {.bitmap_index = 77850, .adv_w = 384, .box_w = 22, .box_h = 22, .ofs_x = 1, .ofs_y = -2},
    {.bitmap_index = 78092, .adv_w = 384, .box_w = 24, .box_h = 23, .ofs_x = 0, .ofs_y = -2},
    {.bitmap_index = 78368, .adv_w = 384, .box_w = 24, .box_h = 23, .ofs_x = 0, .ofs_y = -3},
    {.bitmap_index = 78644, .adv_w = 384, .box_w = 22, .box_h = 23, .ofs_x = 1, .ofs_y = -2},
    {.bitmap_index = 78897, .adv_w = 384, .box_w = 22, .box_h = 23, .ofs_x = 1, .ofs_y = -2},
    {.bitmap_index = 79150, .adv_w = 384, .box_w = 18, .box_h = 23, .ofs_x = 3, .ofs_y = -2},
    {.bitmap_index = 79357, .adv_w = 384, .box_w = 24, .box_h = 24, .ofs_x = 0, .ofs_y = -3},
    {.bitmap_index = 79645, .adv_w = 384, .box_w = 23, .box_h = 23, .ofs_x = 0, .ofs_y = -2},
    {.bitmap_index = 79910, .adv_w = 384, .box_w = 22, .box_h = 23, .ofs_x = 1, .ofs_y = -2},
    {.bitmap_index = 80163, .adv_w = 384, .box_w = 23, .box_h = 23, .ofs_x = 0, .ofs_y = -2},
    {.bitmap_index = 80428, .adv_w = 384, .box_w = 24, .box_h = 24, .ofs_x = 0, .ofs_y = -3},
    {.bitmap_index = 80716, .adv_w = 384, .box_w = 24, .box_h = 23, .ofs_x = 0, .ofs_y = -2},
    {.bitmap_index = 80992, .adv_w = 384, .box_w = 23, .box_h = 22, .ofs_x = 0, .ofs_y = -2},
    {.bitmap_index = 81245, .adv_w = 384, .box_w = 22, .box_h = 23, .ofs_x = 1, .ofs_y = -3},
    {.bitmap_index = 81498, .adv_w = 384, .box_w = 24, .box_h = 22, .ofs_x = 0, .ofs_y = -3},
    {.bitmap_index = 81762, .adv_w = 384, .box_w = 24, .box_h = 24, .ofs_x = 0, .ofs_y = -3},
    {.bitmap_index = 82050, .adv_w = 384, .box_w = 22, .box_h = 24, .ofs_x = 1, .ofs_y = -3},
    {.bitmap_index = 82314, .adv_w = 384, .box_w = 21, .box_h = 24, .ofs_x = 1, .ofs_y = -3},
    {.bitmap_index = 82566, .adv_w = 384, .box_w = 23, .box_h = 23, .ofs_x = 1, .ofs_y = -2},
    {.bitmap_index = 82831, .adv_w = 384, .box_w = 23, .box_h = 22, .ofs_x = 1, .ofs_y = -2},
    {.bitmap_index = 83084, .adv_w = 384, .box_w = 23, .box_h = 22, .ofs_x = 0, .ofs_y = -2},
    {.bitmap_index = 83337, .adv_w = 384, .box_w = 22, .box_h = 24, .ofs_x = 1, .ofs_y = -3},
    {.bitmap_index = 83601, .adv_w = 384, .box_w = 22, .box_h = 22, .ofs_x = 1, .ofs_y = -2},
    {.bitmap_index = 83843, .adv_w = 384, .box_w = 22, .box_h = 22, .ofs_x = 1, .ofs_y = -2},
    {.bitmap_index = 84085, .adv_w = 384, .box_w = 22, .box_h = 22, .ofs_x = 1, .ofs_y = -2},
    {.bitmap_index = 84327, .adv_w = 384, .box_w = 23, .box_h = 23, .ofs_x = 0, .ofs_y = -3},
    {.bitmap_index = 84592, .adv_w = 384, .box_w = 23, .box_h = 23, .ofs_x = 0, .ofs_y = -3},
    {.bitmap_index = 84857, .adv_w = 384, .box_w = 23, .box_h = 23, .ofs_x = 1, .ofs_y = -2},
    {.bitmap_index = 85122, .adv_w = 384, .box_w = 23, .box_h = 23, .ofs_x = 0, .ofs_y = -2},
    {.bitmap_index = 85387, .adv_w = 384, .box_w = 23, .box_h = 24, .ofs_x = 0, .ofs_y = -3},
    {.bitmap_index = 85663, .adv_w = 384, .box_w = 23, .box_h = 23, .ofs_x = 0, .ofs_y = -2},
    {.bitmap_index = 85928, .adv_w = 384, .box_w = 24, .box_h = 23, .ofs_x = 0, .ofs_y = -2},
    {.bitmap_index = 86204, .adv_w = 384, .box_w = 24, .box_h = 22, .ofs_x = 0, .ofs_y = -2},
    {.bitmap_index = 86468, .adv_w = 384, .box_w = 24, .box_h = 23, .ofs_x = 0, .ofs_y = -2},
    {.bitmap_index = 86744, .adv_w = 384, .box_w = 23, .box_h = 22, .ofs_x = 0, .ofs_y = -2},
    {.bitmap_index = 86997, .adv_w = 384, .box_w = 23, .box_h = 22, .ofs_x = 0, .ofs_y = -2},
    {.bitmap_index = 87250, .adv_w = 384, .box_w = 23, .box_h = 24, .ofs_x = 1, .ofs_y = -3},
    {.bitmap_index = 87526, .adv_w = 384, .box_w = 23, .box_h = 24, .ofs_x = 0, .ofs_y = -3},
    {.bitmap_index = 87802, .adv_w = 384, .box_w = 22, .box_h = 24, .ofs_x = 1, .ofs_y = -3},
    {.bitmap_index = 88066, .adv_w = 384, .box_w = 24, .box_h = 23, .ofs_x = 0, .ofs_y = -3},
    {.bitmap_index = 88342, .adv_w = 384, .box_w = 24, .box_h = 22, .ofs_x = 0, .ofs_y = -2},
    {.bitmap_index = 88606, .adv_w = 384, .box_w = 23, .box_h = 22, .ofs_x = 0, .ofs_y = -2},
    {.bitmap_index = 88859, .adv_w = 384, .box_w = 23, .box_h = 22, .ofs_x = 0, .ofs_y = -2},
    {.bitmap_index = 89112, .adv_w = 384, .box_w = 24, .box_h = 23, .ofs_x = 0, .ofs_y = -3},
    {.bitmap_index = 89388, .adv_w = 384, .box_w = 23, .box_h = 23, .ofs_x = 0, .ofs_y = -2},
    {.bitmap_index = 89653, .adv_w = 384, .box_w = 24, .box_h = 23, .ofs_x = 0, .ofs_y = -3},
    {.bitmap_index = 89929, .adv_w = 384, .box_w = 23, .box_h = 23, .ofs_x = 0, .ofs_y = -2},
    {.bitmap_index = 90194, .adv_w = 384, .box_w = 24, .box_h = 22, .ofs_x = 0, .ofs_y = -2},
    {.bitmap_index = 90458, .adv_w = 384, .box_w = 24, .box_h = 24, .ofs_x = 0, .ofs_y = -3},
    {.bitmap_index = 90746, .adv_w = 384, .box_w = 24, .box_h = 23, .ofs_x = 0, .ofs_y = -3},
    {.bitmap_index = 91022, .adv_w = 384, .box_w = 24, .box_h = 22, .ofs_x = 0, .ofs_y = -2},
    {.bitmap_index = 91286, .adv_w = 384, .box_w = 23, .box_h = 24, .ofs_x = 1, .ofs_y = -3},
    {.bitmap_index = 91562, .adv_w = 384, .box_w = 23, .box_h = 23, .ofs_x = 1, .ofs_y = -3},
    {.bitmap_index = 91827, .adv_w = 384, .box_w = 23, .box_h = 24, .ofs_x = 1, .ofs_y = -3},
    {.bitmap_index = 92103, .adv_w = 384, .box_w = 24, .box_h = 23, .ofs_x = 0, .ofs_y = -3},
    {.bitmap_index = 92379, .adv_w = 384, .box_w = 23, .box_h = 24, .ofs_x = 0, .ofs_y = -3},
    {.bitmap_index = 92655, .adv_w = 384, .box_w = 23, .box_h = 24, .ofs_x = 1, .ofs_y = -3},
    {.bitmap_index = 92931, .adv_w = 384, .box_w = 22, .box_h = 22, .ofs_x = 1, .ofs_y = -2},
    {.bitmap_index = 93173, .adv_w = 384, .box_w = 22, .box_h = 23, .ofs_x = 1, .ofs_y = -2},
    {.bitmap_index = 93426, .adv_w = 384, .box_w = 23, .box_h = 22, .ofs_x = 1, .ofs_y = -2},
    {.bitmap_index = 93679, .adv_w = 384, .box_w = 24, .box_h = 23, .ofs_x = 0, .ofs_y = -2},
    {.bitmap_index = 93955, .adv_w = 384, .box_w = 23, .box_h = 23, .ofs_x = 0, .ofs_y = -2},
    {.bitmap_index = 94220, .adv_w = 384, .box_w = 24, .box_h = 23, .ofs_x = 0, .ofs_y = -2},
    {.bitmap_index = 94496, .adv_w = 384, .box_w = 23, .box_h = 23, .ofs_x = 0, .ofs_y = -2},
    {.bitmap_index = 94761, .adv_w = 384, .box_w = 23, .box_h = 22, .ofs_x = 0, .ofs_y = -2},
    {.bitmap_index = 95014, .adv_w = 384, .box_w = 23, .box_h = 23, .ofs_x = 1, .ofs_y = -2},
    {.bitmap_index = 95279, .adv_w = 384, .box_w = 21, .box_h = 22, .ofs_x = 2, .ofs_y = -2},
    {.bitmap_index = 95510, .adv_w = 384, .box_w = 22, .box_h = 23, .ofs_x = 2, .ofs_y = -3},
    {.bitmap_index = 95763, .adv_w = 384, .box_w = 23, .box_h = 24, .ofs_x = 1, .ofs_y = -3},
    {.bitmap_index = 96039, .adv_w = 384, .box_w = 23, .box_h = 24, .ofs_x = 1, .ofs_y = -3},
    {.bitmap_index = 96315, .adv_w = 384, .box_w = 23, .box_h = 24, .ofs_x = 1, .ofs_y = -3},
    {.bitmap_index = 96591, .adv_w = 384, .box_w = 23, .box_h = 23, .ofs_x = 0, .ofs_y = -2},
    {.bitmap_index = 96856, .adv_w = 384, .box_w = 23, .box_h = 23, .ofs_x = 1, .ofs_y = -3},
    {.bitmap_index = 97121, .adv_w = 384, .box_w = 22, .box_h = 23, .ofs_x = 1, .ofs_y = -2},
    {.bitmap_index = 97374, .adv_w = 384, .box_w = 24, .box_h = 24, .ofs_x = 0, .ofs_y = -3},
    {.bitmap_index = 97662, .adv_w = 384, .box_w = 22, .box_h = 21, .ofs_x = 1, .ofs_y = -2},
    {.bitmap_index = 97893, .adv_w = 384, .box_w = 22, .box_h = 22, .ofs_x = 1, .ofs_y = -3},
    {.bitmap_index = 98135, .adv_w = 384, .box_w = 24, .box_h = 22, .ofs_x = 0, .ofs_y = -2},
    {.bitmap_index = 98399, .adv_w = 384, .box_w = 23, .box_h = 22, .ofs_x = 0, .ofs_y = -2},
    {.bitmap_index = 98652, .adv_w = 384, .box_w = 24, .box_h = 23, .ofs_x = 0, .ofs_y = -3},
    {.bitmap_index = 98928, .adv_w = 384, .box_w = 24, .box_h = 24, .ofs_x = 0, .ofs_y = -3},
    {.bitmap_index = 99216, .adv_w = 384, .box_w = 24, .box_h = 23, .ofs_x = 0, .ofs_y = -3},
    {.bitmap_index = 99492, .adv_w = 384, .box_w = 24, .box_h = 23, .ofs_x = 0, .ofs_y = -2},
    {.bitmap_index = 99768, .adv_w = 384, .box_w = 24, .box_h = 23, .ofs_x = 0, .ofs_y = -3},
    {.bitmap_index = 100044, .adv_w = 384, .box_w = 22, .box_h = 23, .ofs_x = 1, .ofs_y = -2},
    {.bitmap_index = 100297, .adv_w = 384, .box_w = 23, .box_h = 23, .ofs_x = 0, .ofs_y = -3},
    {.bitmap_index = 100562, .adv_w = 384, .box_w = 24, .box_h = 24, .ofs_x = 0, .ofs_y = -3},
    {.bitmap_index = 100850, .adv_w = 384, .box_w = 22, .box_h = 23, .ofs_x = 1, .ofs_y = -2},
    {.bitmap_index = 101103, .adv_w = 384, .box_w = 22, .box_h = 22, .ofs_x = 1, .ofs_y = -2},
    {.bitmap_index = 101345, .adv_w = 384, .box_w = 24, .box_h = 23, .ofs_x = 0, .ofs_y = -2},
    {.bitmap_index = 101621, .adv_w = 384, .box_w = 24, .box_h = 24, .ofs_x = 0, .ofs_y = -3},
    {.bitmap_index = 101909, .adv_w = 384, .box_w = 6, .box_h = 9, .ofs_x = 3, .ofs_y = -3},
    {.bitmap_index = 101936, .adv_w = 384, .box_w = 6, .box_h = 17, .ofs_x = 3, .ofs_y = -1},
    {.bitmap_index = 101987, .adv_w = 384, .box_w = 6, .box_h = 21, .ofs_x = 3, .ofs_y = -5}
};

/*---------------------
 *  CHARACTER MAPPING
 *--------------------*/

static const uint16_t unicode_list_1[] = {
    0x0, 0x1f5d, 0x2103, 0x21ac, 0x224b, 0x225e, 0x2336, 0x2337,
    0x24ff, 0x2512, 0x2515, 0x25b3, 0x25b4, 0x25e2, 0x2f4a, 0x2f4b,
    0x4d49, 0x4d53, 0x4d54, 0x4d56, 0x4d57, 0x4d5c, 0x4d65, 0x4d73,
    0x4d76, 0x4d83, 0x4d84, 0x4dd2, 0x4dd5, 0x4dd7, 0x4df4, 0x4df5,
    0x4df7, 0x4e03, 0x4e13, 0x4e17, 0x4e2e, 0x4e61, 0x4e63, 0x4e8f,
    0x4e96, 0x4e97, 0x4ea5, 0x4ea9, 0x4ef0, 0x4f26, 0x4f2a, 0x4f62,
    0x4f90, 0x4f98, 0x4fa3, 0x4fa5, 0x5091, 0x5092, 0x5094, 0x50ae,
    0x50b1, 0x50b5, 0x50ba, 0x50bc, 0x50ce, 0x50d6, 0x50fc, 0x5100,
    0x514f, 0x5150, 0x5160, 0x5179, 0x517f, 0x5180, 0x5184, 0x5196,
    0x51e8, 0x51f1, 0x5283, 0x529e, 0x52a9, 0x52aa, 0x52d4, 0x5313,
    0x531a, 0x5321, 0x532c, 0x5333, 0x5338, 0x5339, 0x533c, 0x5351,
    0x5355, 0x5357, 0x5374, 0x5375, 0x53d5, 0x55b1, 0x5627, 0x563d,
    0x5643, 0x5647, 0x564f, 0x5671, 0x5679, 0x5683, 0x56d4, 0x5728,
    0x57cc, 0x5839, 0x5850, 0x5856, 0x585f, 0x5863, 0x5865, 0x5872,
    0x587a, 0x5898, 0x58bc, 0x58c6, 0x5914, 0x5ad2, 0x5ad5, 0x5ae3,
    0x5ae7, 0x5b02, 0x5b0f, 0x5b28, 0x5b45, 0x5b4a, 0x5b58, 0x5b86,
    0x5b89, 0x5b8b, 0x5b9e, 0x5d2e, 0x5d2f, 0x5d3b, 0x5d4c, 0x5d81,
    0x5dc8, 0x5dd8, 0x5ddc, 0x5dde, 0x5def, 0x5e49, 0x5e58, 0x5e69,
    0x5e83, 0x5e9c, 0x5e9e, 0x5f0c, 0x5f34, 0x5f4a, 0x5f70, 0x5f84,
    0x5fb8, 0x603c, 0x6068, 0x60ab, 0x6159, 0x619c, 0x61b4, 0x61d3,
    0x6228, 0x624a, 0x6252, 0x625a, 0x62ab, 0x62b7, 0x62db, 0x62eb,
    0x62ee, 0x62f0, 0x62f1, 0x6318, 0x6365, 0x63f6, 0x647f, 0x6482,
    0x6487, 0x64b9, 0x64bd, 0x64e2, 0x64f9, 0x6502, 0x652e, 0x6532,
    0x653f, 0x6557, 0x6571, 0x6578, 0x65a3, 0x65b1, 0x65b8, 0x65c3,
    0x65df, 0x663b, 0x663d, 0x6648, 0x6649, 0x6675, 0x6683, 0x668b,
    0x66aa, 0x66cd, 0x66ff, 0x671d, 0x672e, 0x6750, 0x6758, 0x6780,
    0x6791, 0x696a, 0x6a6a, 0x6a95, 0x6aac, 0x6aae, 0x6afe, 0x6b0a,
    0x6b18, 0x6b5d, 0x6b64, 0x6c8a, 0x6c8e, 0x6d2a, 0x6d3a, 0x6d40,
    0x6d4e, 0x6d59, 0x6d6a, 0x7002, 0x7190, 0x7191, 0x71ff, 0x7235,
    0x72d0, 0x72f8, 0x72f9, 0x7304, 0x7336, 0x734c, 0x73cc, 0x7471,
    0x747e, 0x7495, 0x74a2, 0x74ae, 0x75c6, 0x75cd, 0x7637, 0x7654,
    0x7668, 0x77b7, 0x7883, 0x7904, 0x7944, 0x7956, 0x797c, 0x7988,
    0x7a14, 0x7a27, 0x7a9f, 0x7aea, 0x7c07, 0x7c44, 0x7c6b, 0x7df0,
    0x7e08, 0x7e18, 0x7e1c, 0x7e28, 0x7e30, 0x7e36, 0x7e3d, 0x7e5f,
    0x7e72, 0x7eb7, 0x7f60, 0x7f9d, 0x8015, 0x8046, 0x8133, 0x8173,
    0x81bb, 0x81cb, 0x8299, 0x8518, 0x8795, 0x87b1, 0x88ca, 0x890b,
    0x890f, 0x8912, 0x891b, 0x8aed, 0x8af2, 0x8b07, 0x8b08, 0x8b0a,
    0x8b0f, 0x8b1a, 0x8b3d, 0x8b4c, 0x8b51, 0x8c71, 0x8c7d, 0x8c8d,
    0x8d1a, 0x8d28, 0x8d38, 0x8eb7, 0x8ec4, 0x8ec6, 0x8eda, 0x8ef1,
    0x8f02, 0x8f07, 0x8f0a, 0x8f10, 0x8f19, 0x8f1a, 0x8f21, 0x8f22,
    0x8f24, 0x8f27, 0x8f40, 0x8f4b, 0x8f52, 0x8f58, 0x8f68, 0x8f84,
    0x8f9c, 0x9031, 0x9115, 0x9116, 0x9118, 0x911a, 0x93e8, 0x93f7,
    0x9425, 0x9449, 0x94c8, 0x953d, 0x9568, 0x957f, 0x9596, 0x95d8,
    0x960f, 0x9647, 0x969b, 0x96a2, 0x96ab, 0x97be, 0x97c2, 0x97c3,
    0x97cd, 0x97da, 0x97e1, 0x97e5, 0x9817, 0x98df, 0x99c4, 0x99d5,
    0x9a21, 0x9e0d, 0x9e21, 0x9e5c, 0xfe55, 0xfe63, 0xfe64
};

/*Collect the unicode lists and glyph_id offsets*/
static const lv_font_fmt_txt_cmap_t cmaps[] =
{
    {
        .range_start = 32, .range_length = 95, .glyph_id_start = 1,
        .unicode_list = NULL, .glyph_id_ofs_list = NULL, .list_length = 0, .type = LV_FONT_FMT_TXT_CMAP_FORMAT0_TINY
    },
    {
        .range_start = 183, .range_length = 65125, .glyph_id_start = 96,
        .unicode_list = unicode_list_1, .glyph_id_ofs_list = NULL, .list_length = 367, .type = LV_FONT_FMT_TXT_CMAP_SPARSE_TINY
    }
};

/*-----------------
 *    KERNING
 *----------------*/


/*Map glyph_ids to kern left classes*/
static const uint8_t kern_left_class_mapping[] =
{
    0, 0, 1, 2, 0, 3, 4, 5,
    2, 6, 7, 8, 9, 10, 9, 10,
    11, 12, 0, 13, 14, 15, 16, 17,
    18, 19, 12, 20, 20, 0, 0, 0,
    21, 22, 23, 24, 25, 22, 26, 27,
    28, 29, 29, 30, 31, 32, 29, 29,
    22, 33, 34, 35, 3, 36, 30, 37,
    37, 38, 39, 40, 41, 42, 43, 0,
    44, 0, 45, 46, 47, 48, 49, 50,
    51, 45, 52, 52, 53, 48, 45, 45,
    46, 46, 54, 55, 56, 57, 51, 58,
    58, 59, 58, 60, 41, 0, 0, 9,
    0, 0, 0, 0, 0, 0, 0, 0,
    0, 0, 0, 0, 0, 0, 0, 0,
    0, 0, 0, 0, 0, 0, 0, 0,
    0, 0, 0, 0, 0, 0, 0, 0,
    0, 0, 0, 0, 0, 0, 0, 0,
    0, 0, 0, 0, 0, 0, 0, 0,
    0, 0, 0, 0, 0, 0, 0, 0,
    0, 0, 0, 0, 0, 0, 0, 0,
    0, 0, 0, 0, 0, 0, 0, 0,
    0, 0, 0, 0, 0, 0, 0, 0,
    0, 0, 0, 0, 0, 0, 0, 0,
    0, 0, 0, 0, 0, 0, 0, 0,
    0, 0, 0, 0, 0, 0, 0, 0,
    0, 0, 0, 0, 0, 0, 0, 0,
    0, 0, 0, 0, 0, 0, 0, 0,
    0, 0, 0, 0, 0, 0, 0, 0,
    0, 0, 0, 0, 0, 0, 0, 0,
    0, 0, 0, 0, 0, 0, 0, 0,
    0, 0, 0, 0, 0, 0, 0, 0,
    0, 0, 0, 0, 0, 0, 0, 0,
    0, 0, 0, 0, 0, 0, 0, 0,
    0, 0, 0, 0, 0, 0, 0, 0,
    0, 0, 0, 0, 0, 0, 0, 0,
    0, 0, 0, 0, 0, 0, 0, 0,
    0, 0, 0, 0, 0, 0, 0, 0,
    0, 0, 0, 0, 0, 0, 0, 0,
    0, 0, 0, 0, 0, 0, 0, 0,
    0, 0, 0, 0, 0, 0, 0, 0,
    0, 0, 0, 0, 0, 0, 0, 0,
    0, 0, 0, 0, 0, 0, 0, 0,
    0, 0, 0, 0, 0, 0, 0, 0,
    0, 0, 0, 0, 0, 0, 0, 0,
    0, 0, 0, 0, 0, 0, 0, 0,
    0, 0, 0, 0, 0, 0, 0, 0,
    0, 0, 0, 0, 0, 0, 0, 0,
    0, 0, 0, 0, 0, 0, 0, 0,
    0, 0, 0, 0, 0, 0, 0, 0,
    0, 0, 0, 0, 0, 0, 0, 0,
    0, 0, 0, 0, 0, 0, 0, 0,
    0, 0, 0, 0, 0, 0, 0, 0,
    0, 0, 0, 0, 0, 0, 0, 0,
    0, 0, 0, 0, 0, 0, 0, 0,
    0, 0, 0, 0, 0, 0, 0, 0,
    0, 0, 0, 0, 0, 0, 0, 0,
    0, 0, 0, 0, 0, 0, 0, 0,
    0, 0, 0, 0, 0, 0, 0
};

/*Map glyph_ids to kern right classes*/
static const uint8_t kern_right_class_mapping[] =
{
    0, 0, 1, 2, 0, 3, 4, 5,
    2, 6, 7, 8, 9, 10, 9, 10,
    11, 12, 13, 14, 15, 16, 17, 12,
    18, 19, 20, 21, 21, 0, 0, 0,
    22, 23, 24, 25, 23, 25, 25, 25,
    23, 25, 25, 26, 25, 25, 25, 25,
    23, 25, 23, 25, 3, 27, 28, 29,
    29, 30, 31, 32, 33, 34, 35, 0,
    36, 0, 37, 38, 39, 39, 39, 40,
    39, 38, 41, 42, 38, 38, 43, 43,
    39, 43, 39, 43, 44, 45, 46, 47,
    47, 48, 49, 50, 0, 0, 35, 9,
    0, 0, 0, 0, 0, 0, 0, 0,
    0, 0, 0, 0, 0, 0, 0, 0,
    0, 0, 0, 0, 0, 0, 0, 0,
    0, 0, 0, 0, 0, 0, 0, 0,
    0, 0, 0, 0, 0, 0, 0, 0,
    0, 0, 0, 0, 0, 0, 0, 0,
    0, 0, 0, 0, 0, 0, 0, 0,
    0, 0, 0, 0, 0, 0, 0, 0,
    0, 0, 0, 0, 0, 0, 0, 0,
    0, 0, 0, 0, 0, 0, 0, 0,
    0, 0, 0, 0, 0, 0, 0, 0,
    0, 0, 0, 0, 0, 0, 0, 0,
    0, 0, 0, 0, 0, 0, 0, 0,
    0, 0, 0, 0, 0, 0, 0, 0,
    0, 0, 0, 0, 0, 0, 0, 0,
    0, 0, 0, 0, 0, 0, 0, 0,
    0, 0, 0, 0, 0, 0, 0, 0,
    0, 0, 0, 0, 0, 0, 0, 0,
    0, 0, 0, 0, 0, 0, 0, 0,
    0, 0, 0, 0, 0, 0, 0, 0,
    0, 0, 0, 0, 0, 0, 0, 0,
    0, 0, 0, 0, 0, 0, 0, 0,
    0, 0, 0, 0, 0, 0, 0, 0,
    0, 0, 0, 0, 0, 0, 0, 0,
    0, 0, 0, 0, 0, 0, 0, 0,
    0, 0, 0, 0, 0, 0, 0, 0,
    0, 0, 0, 0, 0, 0, 0, 0,
    0, 0, 0, 0, 0, 0, 0, 0,
    0, 0, 0, 0, 0, 0, 0, 0,
    0, 0, 0, 0, 0, 0, 0, 0,
    0, 0, 0, 0, 0, 0, 0, 0,
    0, 0, 0, 0, 0, 0, 0, 0,
    0, 0, 0, 0, 0, 0, 0, 0,
    0, 0, 0, 0, 0, 0, 0, 0,
    0, 0, 0, 0, 0, 0, 0, 0,
    0, 0, 0, 0, 0, 0, 0, 0,
    0, 0, 0, 0, 0, 0, 0, 0,
    0, 0, 0, 0, 0, 0, 0, 0,
    0, 0, 0, 0, 0, 0, 0, 0,
    0, 0, 0, 0, 0, 0, 0, 0,
    0, 0, 0, 0, 0, 0, 0, 0,
    0, 0, 0, 0, 0, 0, 0, 0,
    0, 0, 0, 0, 0, 0, 0, 0,
    0, 0, 0, 0, 0, 0, 0, 0,
    0, 0, 0, 0, 0, 0, 0, 0,
    0, 0, 0, 0, 0, 0, 0
};

/*Kern values between classes*/
static const int8_t kern_class_values[] =
{
    0, 0, 0, 0, 0, 0, 0, 3,
    0, 0, 0, 0, 4, 0, 0, 0,
    0, 2, 0, 0, 0, 0, 0, 0,
    0, 9, 8, 0, 4, 0, 8, 0,
    0, 0, 0, 0, 0, 0, 0, 0,
    0, 0, 0, 0, 0, 0, 0, 0,
    0, 0, 0, 17, 0, 10, -8, 0,
    0, 8, 0, -21, -23, 2, 17, 8,
    6, -15, 2, 17, 0, 15, 4, 12,
    0, -17, 0, 0, 4, 0, 0, 0,
    0, 0, 0, 23, 4, -2, 0, 0,
    0, 0, 0, 0, 0, 0, 0, 0,
    0, 0, 0, 0, 0, -12, 0, 0,
    0, 0, 0, -8, 6, 8, 0, 0,
    -4, 0, -2, 4, 0, -4, 0, -4,
    -2, -8, 0, 0, 0, 0, -4, 0,
    0, -5, -6, 0, 0, -4, 0, -8,
    0, 0, 0, 0, 0, 0, 0, 0,
    0, 0, -4, -4, -4, 0, 0, -10,
    0, -47, 0, 0, -8, -19, 8, 12,
    0, 0, -8, 4, 4, 13, 8, -6,
    8, 0, 0, -21, 0, 0, 0, 0,
    0, 0, 0, 0, 0, 0, 0, -13,
    0, 0, 4, 0, 10, 0, 0, 0,
    0, 0, 0, 0, 0, 0, 0, 0,
    -5, -17, 0, -15, -2, 0, 0, -12,
    0, 0, 13, 0, -12, -4, 0, 0,
    0, -6, 0, 0, -3, -27, 0, 4,
    0, 12, -10, 0, -8, 0, -15, 4,
    0, -31, -4, 12, 4, 0, 0, 0,
    0, 0, 0, 0, 4, 0, -6, 0,
    -6, 0, 0, 0, 0, 0, 0, 0,
    0, 0, 0, 0, 13, 0, 4, 0,
    0, -8, 0, 0, 0, 0, 0, 0,
    0, 0, 0, 0, -4, 0, 0, 0,
    0, 0, 0, 15, 4, 0, 0, 0,
    0, 0, 0, 37, 0, 0, 0, 0,
    0, 0, 0, 0, 0, 0, 0, 0,
    0, 0, 0, 0, 0, 0, 0, 0,
    0, 0, 0, 0, 0, 0, 0, 0,
    0, 0, 0, 0, 0, 0, -13, 0,
    0, 0, 0, 0, 0, 0, 0, 0,
    0, 0, 0, 0, 0, 0, 0, 0,
    0, 0, 0, 0, 0, 0, 3, 8,
    4, 12, -4, 0, 0, 8, -4, -13,
    -52, 2, 10, 8, 0, -5, 0, 12,
    0, 12, 0, 12, 0, -36, 0, -5,
    12, 0, 13, -4, 8, 4, 0, 0,
    0, -4, 0, 0, -6, 0, 0, 0,
    31, 0, 12, 0, 15, 6, 15, 6,
    0, 0, -6, -13, 0, 0, 0, -4,
    0, -3, 0, 2, -8, -6, -8, 2,
    0, -4, 0, 0, 0, -15, 2, -8,
    0, -8, -13, 0, -10, -8, -12, 0,
    0, -25, 0, 0, 0, 0, 4, 0,
    0, 0, 0, 0, 4, 0, -6, -10,
    -6, -5, 0, -21, 4, -25, 0, 0,
    0, -13, -3, 0, 36, -5, -6, 4,
    4, -2, 0, -6, 4, 0, 0, -21,
    -8, 13, 0, 21, -12, -3, -14, 0,
    -14, 6, 0, -36, 0, 4, 4, 0,
    -4, 0, 0, 4, 0, 0, -2, -4,
    -13, 0, -13, 0, 0, 23, -8, 0,
    -13, 0, 13, 0, -27, -36, -27, -8,
    12, 0, 0, -25, 0, 4, -10, 0,
    -6, 0, -8, -15, 0, -4, 12, 0,
    12, 0, 12, 0, 0, 8, 12, -46,
    -25, 0, -25, 0, 4, 0, -25, -25,
    -10, -25, -12, -21, -12, -25, 0, 2,
    0, 0, 0, 0, 0, 2, 2, -5,
    -8, 0, 0, 0, -4, 0, 0, -2,
    0, 0, 0, -8, 0, -4, 0, -10,
    -8, 0, -10, -13, -13, -7, 0, -8,
    0, -8, 0, 0, 0, 0, 0, -3,
    0, 0, 4, 0, 2, -4, 2, 0,
    0, 0, 0, 4, -2, 0, 0, 0,
    -2, 4, 4, 0, 0, 0, 0, -6,
    0, 0, 0, 0, 0, 0, 0, 0,
    0, 6, -2, 0, -5, 0, -7, 0,
    0, -2, 0, 12, 0, 0, -4, 0,
    0, 0, 0, 0, 0, 0, 0, -2,
    0, -2, 0, -4, 0, -4, 0, 0,
    0, 0, 0, 0, 0, 0, 0, -2,
    -2, 0, -4, -4, 0, 0, 0, 0,
    0, 0, 0, 0, -3, 0, -4, -4,
    -4, 0, 0, 0, 0, 0, 0, 0,
    0, 0, 0, -2, 0, 0, 0, 0,
    -3, -6, -3, 0, 0, -12, -2, -12,
    8, 0, 0, -8, 4, 8, 10, 0,
    -10, 0, -4, 0, 0, -17, 4, -2,
    3, -21, 4, 0, 0, 0, -20, 0,
    -21, -4, -33, -2, 0, -19, 0, 8,
    11, 0, 6, 0, 0, 0, 0, 0,
    0, 0, -8, -6, -8, 0, 0, 0,
    0, -4, 0, 0, 0, -4, 0, 0,
    0, 0, 0, -2, -2, 0, -2, -5,
    0, 0, 0, 0, 0, 0, 0, -4,
    -4, 0, -3, -5, -3, 0, 0, -4,
    0, 0, 0, 0, 0, 0, 0, 0,
    0, 0, 0, 0, -4, -4, -4, 0,
    0, -2, 0, -8, 4, 0, 0, -4,
    2, 4, 4, 0, 0, 0, 0, 0,
    0, -2, 0, 0, 0, 0, 0, 2,
    0, 0, -4, 0, -4, -2, -4, 0,
    0, 0, 0, 0, 0, 0, 3, 0,
    0, -3, 0, 0, 0, 0, -5, -6,
    -5, 0, 0, 12, -2, 0, -12, 0,
    0, 10, -19, -19, -15, -8, 4, 0,
    -3, -25, -7, 0, -7, 0, -8, 6,
    -7, -24, 0, -10, 0, 0, 2, 0,
    4, -2, 0, 4, 1, -12, -15, 0,
    -19, 0, 0, -8, -8, -12, -4, -10,
    0, -6, 0, -10, 0, 0, 0, -4,
    0, 0, 0, 2, 0, 4, 0, 0,
    0, 0, 0, 0, 0, 0, 0, 0,
    0, -4, 0, -2, 0, 0, -4, 0,
    -7, -8, -8, 0, 0, -12, 0, 0,
    0, 0, 0, 0, 0, -3, 0, 0,
    0, 0, 0, -3, 0, 0, 0, 4,
    0, 0, 0, 0, 0, 0, 0, 0,
    19, 0, 0, 0, 0, 0, 0, 2,
    0, 0, 0, -4, 0, 4, 0, 13,
    -4, 0, -10, -3, -14, 0, 0, -8,
    0, 4, 0, 0, 0, 0, 0, 0,
    0, 0, 4, 0, 2, -4, 2, 0,
    -2, 0, 0, 0, -6, 0, 0, 4,
    0, -19, -12, 0, 0, 0, -6, -19,
    0, 0, -4, 4, 0, -8, 0, -17,
    0, -12, 0, 0, -6, -8, -6, -4,
    -5, 0, 0, -7, 0, 0, -4, 0,
    0, 0, 0, 0, 0, 0, 4, 0,
    4, 0, 0, -7, 0, 0, 0, 0,
    4, 0, 2, -8, -8, 0, -4, -4,
    -5, 0, 0, 0, 0, 0, 0, -12,
    0, -4, 0, -6, -4, 0, -8, -10,
    -12, -3, 0, -8, 1, -12, 0, 0,
    0, 0, 0, 31, 0, 0, 2, 0,
    0, -6, 0, 0, 0, -17, 0, 0,
    0, 0, 0, -36, -8, 13, 12, -4,
    -16, 0, 4, -6, 0, -19, -2, -5,
    4, -27, -4, 7, 0, 6, -13, -6,
    -14, -13, -16, 0, 0, -23, 0, 21,
    0, 0, -2, 0, 0, 0, 0, -2,
    -2, -4, -10, -13, -10, 0, 0, 0,
    0, 0, 0, 0, 0, 0, 0, 0,
    0, 0, 0, 0, 0, 0, 0, 0,
    0, 0, 0, 0, 0, 0, 0, 0,
    -4, 0, -2, -4, -6, 0, 0, -8,
    0, -4, 0, 0, 0, 0, 0, 0,
    0, 0, 0, 0, 0, 0, 0, 0,
    0, 0, 0, 0, -8, 0, 0, 8,
    0, 5, 0, -8, 4, -2, 0, -8,
    -4, 0, -5, -4, -3, 0, -6, -6,
    0, 0, -3, 0, -2, -6, -4, 0,
    0, -4, 0, 4, -2, 0, -8, 0,
    0, 0, 0, -8, 0, -6, 0, -6,
    0, -6, 0, 0, 0, 0, 0, 0,
    0, 0, -8, 4, 0, -5, 0, -2,
    -4, -9, -2, -2, -2, 0, -2, -4,
    0, 0, 0, 0, 0, 0, -4, -3,
    -3, 0, 0, 0, 0, 4, -2, 0,
    -2, 0, 0, 0, 0, -2, -4, -2,
    -3, -4, -3, -3, 4, 15, 0, 0,
    -10, 0, -2, 8, 0, -4, -15, -5,
    6, 0, 0, -17, -6, 4, -6, 3,
    0, -1, -3, -12, 0, -6, 2, 0,
    0, -6, 0, 0, 0, 4, 4, -8,
    -7, 0, -6, 0, 0, -6, -4, -4,
    0, -6, 2, -7, 2, -6, 0, 0,
    0, 0, 0, 0, 0, 0, 0, 4,
    0, 0, 0, 0, 0, 0, 0, 0,
    0, 0, 0, 0, 0, 0, 0, 0,
    0, 0, 0, 0, 0, 0, 0, -6,
    0, 0, 0, 0, 0, 0, 0, 0,
    0, 0, 0, 0, 0, 0, 0, 0,
    0, 0, 0, 0, 0, 0, 0, 0,
    0, 0, 0, 0, 0, 0, 0, 0,
    0, 0, 0, 0, 0, 0, 0, 0,
    0, 0, 0, 0, -2, 0, 0, 0,
    0, 0, 0, 0, 0, 0, 0, 0,
    0, 0, 0, 0, 0, 0, 0, 0,
    0, 0, 0, 0, 0, 0, 0, 0,
    0, 0, 0, -3, -4, 0, 0, 0,
    0, 0, 0, 0, 0, 0, 0, 0,
    0, -6, 0, 0, -5, 0, 0, -4,
    -4, 0, 0, 0, 0, -4, 0, 0,
    0, 0, 0, -2, 0, 0, 0, 0,
    0, -2, 0, 0, 0, 0, -6, 0,
    -8, 0, 0, 0, -13, 0, 2, -8,
    8, 0, -2, -17, 0, 0, -8, -4,
    0, -15, -10, -12, 0, 0, -17, -4,
    -15, -15, -19, 0, -8, 0, 4, 25,
    -5, 0, -9, 0, 0, 0, -4, -6,
    -10, -7, -14, -17, -14, -10, 0, 0,
    -2, 0, 0, 0, 0, -27, -2, 12,
    8, -8, -13, 0, 0, -9, 0, -19,
    -2, -4, 8, -35, -5, 0, 0, 0,
    -25, -4, -19, -4, -28, 0, 0, -27,
    0, 21, 0, 0, -2, 0, 0, 0,
    0, 0, -2, -2, -15, -2, -15, 0,
    0, 0, 0, 0, -12, 0, -3, 0,
    0, -11, -17, 0, 0, -2, -6, -12,
    -4, 0, -3, 0, 0, 0, 0, -17,
    -4, -13, -12, -4, -7, -10, -4, -6,
    0, -8, -3, -13, -6, 0, -5, 0,
    0, -4, -6, 0, 2, 0, -2, -13,
    -2, 0, 0, -7, 0, 0, 0, 0,
    4, 0, 2, -8, 17, 0, -4, -4,
    -5, 0, 0, 0, 0, 0, 0, -12,
    0, -4, 0, -6, -4, 0, -8, -10,
    -12, -3, 0, -8, 4, 15, 0, 0,
    0, 0, 0, 31, 0, 0, 2, 0,
    0, -6, 0, 0, 0, 0, 0, 0,
    0, 0, 0, 0, 0, 0, 0, 0,
    0, 0, -2, -8, 0, 0, 0, 0,
    0, -2, 0, 0, 0, -4, -4, 0,
    0, -8, -4, 0, 0, -8, 0, 6,
    -2, 0, 0, 0, 0, 0, 0, 0,
    2, 0, 0, 0, 0, 0, 8, 4,
    -3, 0, -12, -5, 0, 12, -13, -12,
    -8, -8, 15, 8, 4, -33, -3, 8,
    -4, 0, -4, 6, -4, -13, 0, -4,
    4, -5, -4, -12, -4, 0, 0, 12,
    8, 0, -11, 0, -21, 0, 0, 14,
    -5, -15, 0, -5, -13, -13, -13, -4,
    4, 0, -6, 0, -10, 0, 4, 13,
    -10, -14, -15, -10, 12, 0, 0, -29,
    -4, 4, -7, -3, -10, 0, -8, -14,
    -6, -6, -4, 0, 0, -10, -9, -4,
    0, 12, 10, -4, -21, 0, -21, 0,
    -4, -8, -13, -23, 0, -12, -7, -13,
    -7, -12, 0, 0, -5, 0, -8, -3,
    0, -4, -8, 0, 6, -13, 4, 0,
    0, -21, 0, -4, -8, -7, -3, -12,
    -10, -13, -9, 0, -12, -4, -10, -6,
    -12, -4, 0, 0, 0, 17, -7, 0,
    -12, 0, 0, 0, -4, -8, -10, -10,
    -12, -15, -12, -6, 8, 0, -6, 0,
    -19, -4, 3, 8, -12, -14, -8, -13,
    13, -4, 2, -36, -8, 8, -8, -7,
    -14, 0, -12, -16, -4, -4, -4, -4,
    -9, -12, 0, 0, 0, 12, 12, -2,
    -25, 0, -23, 0, -7, 12, -15, -27,
    -8, -13, -16, -19, -16, -13, 0, 0,
    0, 0, -4, 0, 0, 4, -4, 8,
    2, -7, 8, 0, 0, -9, 0, 0,
    0, 0, 0, 0, -3, 0, 0, 0,
    0, 0, 0, -4, 0, 0, 0, 0,
    4, 12, 0, 0, -4, 0, 0, 0,
    0, 0, -2, -2, -4, 0, -4, 0,
    0, 4, 0, 0, 0, 0, 4, 0,
    -2, 0, 15, 0, 8, 0, 0, -6,
    0, 8, 0, 0, 0, 4, 0, 0,
    0, 0, 8, 0, 10, 0, 12, 0,
    0, 12, 0, 12, -3, 0, 0, 0,
    0, 38, 0, 0, 0, 0, 0, 0,
    0, 0, 0, -23, 0, -4, 6, 0,
    12, -52, 0, 36, 4, -8, -8, 4,
    4, -2, 0, -19, 0, 0, 19, -23,
    -8, 12, 0, 12, -8, -4, -15, 8,
    -8, 0, 0, -27, 15, 54, 0, 0,
    0, 0, 0, 46, 0, 0, 0, 0,
    8, 0, 8, 0, 0, 0, 0, 0,
    0, 0, 0, 0, 0, 0, 0, 0,
    0, 0, 0, 0, 0, 0, 0, 0,
    0, 0, 0, 0, 0, 0, -5, 0,
    0, -6, -3, 0, 0, 0, 0, 0,
    0, 0, 0, 0, 0, 0, 0, 0,
    0, 0, 0, 0, 0, 0, 0, -2,
    8, -10, 0, 0, 0, -4, 0, 4,
    48, -8, -3, 12, 10, -10, 4, 0,
    0, 4, 4, -6, -12, 21, 12, 31,
    0, -4, -4, 17, -2, 8, 0, -50,
    12, 0, -4, 0, -10, 0, 0, 42,
    0, 4, -8, -10, -6, 13, 8, 8,
    0, 0, 0, -11, 0, 0, 0, -10,
    0, 0, 0, 0, -8, -2, 0, 0,
    0, -8, 0, -4, 0, -17, 0, 0,
    0, 0, 0, 0, 0, 0, 0, 0,
    0, -25, 0, 0, 0, 0, 0, 0,
    0, 0, 0, 0, 0, 0, -4, 0,
    -4, 0, 0, -6, 0, -10, 0, 0,
    0, -6, 4, -4, 0, 0, -10, -4,
    -9, 0, 0, -10, 0, -4, 0, -17,
    0, -6, 0, 0, -29, -6, -15, -6,
    -15, 0, 0, -25, 0, -10, -3, 0,
    0, 0, 0, 0, 0, 0, 0, 0,
    -6, -7, -6, -3, 0, 0, 0, 0,
    -8, 0, -8, 6, -6, 8, 0, -2,
    -9, -2, -6, -6, 0, -4, -2, -2,
    3, -10, 0, 0, 0, 0, -31, -4,
    -8, 0, -12, 0, -2, -17, -3, 0,
    0, -2, -3, 0, -2, 0, 0, 0,
    3, 0, -3, -6, -3, -2, 0, 0,
    0, 0, 0, 0, 0, 0, 0, 0,
    0, 0, 0, 0, 0, 0, 0, 0,
    0, 0, 0, 0, 0, 0, 0, 0,
    0, 0, 0, 0, 0, 0, 0, 0,
    0, 0, 0, 0, 0, 0, 0, 0,
    0, 0, 10, 0, 0, 0, 0, 0,
    0, -8, 0, -2, 0, 0, 0, -8,
    4, 0, 0, 0, -10, -4, -8, 0,
    0, -11, 0, -4, 0, -17, 0, 0,
    0, 0, -36, 0, -8, -14, -19, 0,
    0, -25, 0, -3, -6, 0, 0, 0,
    0, 0, 0, 0, 0, 0, -4, -6,
    -4, -2, 0, 0, 0, 6, -6, 0,
    13, 17, -4, -4, -12, 4, 17, 6,
    8, -10, 4, 15, 4, 10, 8, 10,
    0, 0, 0, 0, 0, 0, 0, 0,
    0, 0, 0, 24, 17, -8, -4, 1,
    -3, 1, 1, 17, 0, 0, 0, 0,
    4, 0, 4, 0, 0, 0, -5, 0,
    0, 0, 0, 0, 0, 0, 0, 0,
    -2, 0, 0, 0, 0, 0, 0, 0,
    0, 8, 0, 0, 0, 0, -28, -4,
    -4, -14, -17, 0, 0, -25, 0, 0,
    0, 0, 0, 0, 0, 0, 0, 0,
    0, 0, 0, 0, 0, 0, 0, 0,
    -5, 0, 0, 0, 0, 0, 0, 0,
    0, 0, -2, 0, 0, 0, 0, 0,
    0, 0, 0, 8, 0, 0, 0, 0,
    -28, -4, -4, -14, -17, 0, 0, -11,
    0, 0, 0, 0, 0, 0, 0, 0,
    0, 0, 0, 0, 0, 0, 0, 0,
    0, 0, 0, 0, -4, 0, 0, 0,
    -10, 4, 0, -4, 4, 8, 4, -12,
    0, 0, -4, 4, 0, 4, 0, 0,
    0, 0, -7, 0, -3, -2, -8, 0,
    -3, -15, 0, 23, -4, 0, -8, 0,
    0, 0, -2, -7, 0, -4, -12, -8,
    -12, -5, 0, 0, -5, 0, 0, 0,
    0, 0, 0, 0, 0, 0, -2, 0,
    0, 0, 0, 0, 0, 0, 0, 8,
    0, 0, 0, 0, -28, -4, -4, -14,
    -17, 0, 0, -25, 0, 0, 0, 0,
    0, 0, 0, 19, 0, 0, 0, 0,
    0, 0, 0, 0, 0, 0, -5, 0,
    -12, -4, -3, 12, -3, -4, -15, 0,
    1, 0, -2, -10, 0, 8, 0, 4,
    0, 4, -8, -16, -4, 0, -12, -6,
    -10, -15, -14, 0, -5, -8, -4, -6,
    -17, -2, -4, 0, -2, 0, -2, 0,
    6, 0, 6, -2, 6, 0, 0, 0,
    0, 0, 0, 0, 0, 0, 0, 0,
    0, 0, -2, -4, -4, 0, 0, -10,
    0, -2, 0, -6, 0, 0, 0, 0,
    0, 0, 0, 0, 0, 0, 0, -23,
    0, 0, 0, 0, 0, 0, 0, 0,
    0, 0, 0, 0, -4, -4, -4, 0,
    0, 0, 0, 0, -3, 0, 0, -6,
    -4, 4, 0, -6, -7, -2, 0, -10,
    -2, -8, -3, -4, 0, -6, 0, 0,
    0, 0, 0, 0, 0, 0, 0, 0,
    0, -25, 0, 12, 0, 0, -7, 0,
    0, 0, 0, 0, -5, 0, -4, 0,
    -4, 0, 0, 0, -2, 0, -10, 0,
    0, 15, -6, -13, -13, 2, 6, 6,
    0, -12, 2, 6, 2, 12, 2, 13,
    -2, -10, 0, 0, -11, 0, 0, -12,
    -10, 0, 0, -8, 0, -6, -7, 0,
    -6, 0, 0, -6, 0, -3, 6, 0,
    -4, -12, -4, -4, 0, 0, -3, 0,
    -8, 0, 0, 6, -10, 0, 4, -4,
    4, 1, 0, -13, 0, -2, 0, 0,
    -4, 6, -4, 0, 0, 0, -12, -4,
    -8, 0, -12, 0, 0, -17, 0, 13,
    -4, 0, -7, 0, 0, 6, 0, -4,
    0, -4, -12, 0, -12, -4, 0, 0,
    0, 0, -2, 0, 0, 4, -5, 0,
    0, 0, -4, -2, 0, -4, 0, 0,
    0, 0, 0, 0, 0, 0, 0, 0,
    0, 0, 0, 0, 0, 0, 0, -23,
    0, 8, 0, 0, -3, 0, 0, 0,
    0, 0, 0, 0, -4, -4, -4, 0
};


/*Collect the kern class' data in one place*/
static const lv_font_fmt_txt_kern_classes_t kern_classes =
{
    .class_pair_values   = kern_class_values,
    .left_class_mapping  = kern_left_class_mapping,
    .right_class_mapping = kern_right_class_mapping,
    .left_class_cnt      = 60,
    .right_class_cnt     = 50,
};

/*--------------------
 *  ALL CUSTOM DATA
 *--------------------*/

#if LVGL_VERSION_MAJOR == 8
/*Store all the custom data of the font*/
static  lv_font_fmt_txt_glyph_cache_t cache;
#endif

#if LVGL_VERSION_MAJOR >= 8
static const lv_font_fmt_txt_dsc_t font_dsc = {
#else
static lv_font_fmt_txt_dsc_t font_dsc = {
#endif
    .glyph_bitmap = glyph_bitmap,
    .glyph_dsc = glyph_dsc,
    .cmaps = cmaps,
    .kern_dsc = &kern_classes,
    .kern_scale = 16,
    .cmap_num = 2,
    .bpp = 4,
    .kern_classes = 1,
    .bitmap_format = 0,
#if LVGL_VERSION_MAJOR == 8
    .cache = &cache
#endif
};



/*-----------------
 *  PUBLIC FONT
 *----------------*/

/*Initialize a public general font descriptor*/
#if LVGL_VERSION_MAJOR >= 8
const lv_font_t am_font_24 = {
#else
lv_font_t am_font_24 = {
#endif
    .get_glyph_dsc = lv_font_get_glyph_dsc_fmt_txt,    /*Function pointer to get glyph's data*/
    .get_glyph_bitmap = lv_font_get_bitmap_fmt_txt,    /*Function pointer to get glyph's bitmap*/
    .line_height = 26,          /*The maximum line height required by the font*/
    .base_line = 5,             /*Baseline measured from the bottom of the line*/
#if !(LVGL_VERSION_MAJOR == 6 && LVGL_VERSION_MINOR == 0)
    .subpx = LV_FONT_SUBPX_NONE,
#endif
#if LV_VERSION_CHECK(7, 4, 0) || LVGL_VERSION_MAJOR >= 8
    .underline_position = -2,
    .underline_thickness = 1,
#endif
    .dsc = &font_dsc,          /*The custom font data. Will be accessed by `get_glyph_bitmap/dsc` */
#if LV_VERSION_CHECK(8, 2, 0) || LVGL_VERSION_MAJOR >= 9
    .fallback = NULL,
#endif
    .user_data = NULL,
};



#endif /*#if AM_FONT_24*/

