/*******************************************************************************
 * Size: 14 px
 * Bpp: 4
 * Opts: --no-compress --format lvgl --bpp 4 --size 14 --font lvgl/demos/multilang/assets/fonts/Montserrat-SemiBold.ttf -r 0x20-0x7F --font lvgl/demos/multilang/assets/fonts/NotoSansSC-Medium.otf --symbols ·—、。一上下不与专东个中为主争二于享京亮人今从以优会但位低作你侧保信候假偏做停先光克入全公共关内再决冷分切列到制刷刻前功动区单占卡压及发变口只可台右合同后含听和器回围固图圆在地场型域境声备复外多夜天失奏女好始安完定实容密察导封小尽局层展工左已布常广序库底度开式张强当录心快态性总息想感慢成打扫把拟持按挑换据排探接控推描搜播收改放数整料新方日早时明昨是晚晨景智暖曲更替最本机杂条构架柔查标栏样案模次歌正步段毁每气氛流浅淡深混清渐渡点片版状独率环现玻班球璃用电界留略白的目看真确示离移稍稳稿立竞策管精系索级线经结统继续维编缩置耗联背能自航色节荐藏行表要观视觉角认让设访证识译说调谈质贴资跑跟路轮轻载辑辨边达迁过运近还这进连迷适选透速逻道部里重量金钟钮铜销长间队阶降随集雾青静面页项顺预频题颜风首驻验高黄默鼓，：； --font /home/share/samba/lvgl/lv_port_pc_vscode_v3-music/main/src/v9_apple_music/fonts/src/DejaVuSansMono.ttf --symbols ⌂◉♫≣⚙♪⌕◌▶↺ --font /home/share/samba/lvgl/lv_port_pc_vscode_v3-music/main/src/v9_apple_music/fonts/src/NotoSansSymbols2-Regular.ttf --symbols ⏮⏭ --lv-font-name am_font_14 -o /home/share/samba/lvgl/lv_port_pc_vscode_v3-music/main/src/v9_apple_music/fonts/am_font_14.c --force-fast-kern-format
 ******************************************************************************/

#ifdef LV_LVGL_H_INCLUDE_SIMPLE
#include "lvgl.h"
#else
#include "lvgl/lvgl.h"
#endif

#ifndef AM_FONT_14
#define AM_FONT_14 1
#endif

#if AM_FONT_14

/*-----------------
 *    BITMAPS
 *----------------*/

/*Store the image of the glyphs*/
static LV_ATTRIBUTE_LARGE_CONST const uint8_t glyph_bitmap[] = {
    /* U+0020 " " */

    /* U+0021 "!" */
    0xf, 0xf0, 0xf, 0xe0, 0xf, 0xd0, 0xe, 0xd0,
    0xd, 0xc0, 0xc, 0xb0, 0xb, 0x90, 0x2, 0x20,
    0x1f, 0xf0, 0xd, 0xc0,

    /* U+0022 "\"" */
    0x3f, 0x48, 0xf2, 0xf4, 0x7f, 0x2f, 0x37, 0xe2,
    0xf3, 0x6e, 0x1, 0x0, 0x10,

    /* U+0023 "#" */
    0x0, 0xe, 0x50, 0x4f, 0x0, 0x0, 0xf, 0x30,
    0x6d, 0x0, 0x3f, 0xff, 0xff, 0xff, 0xfa, 0x15,
    0xaf, 0x55, 0xff, 0x53, 0x0, 0x6d, 0x0, 0xc7,
    0x0, 0x1, 0x9c, 0x11, 0xf7, 0x10, 0xaf, 0xff,
    0xff, 0xff, 0xf2, 0x24, 0xfc, 0x46, 0xf6, 0x40,
    0x0, 0xe5, 0x4, 0xf0, 0x0, 0x0, 0xf3, 0x6,
    0xe0, 0x0,

    /* U+0024 "$" */
    0x0, 0x0, 0x80, 0x0, 0x0, 0x0, 0x1f, 0x10,
    0x0, 0x0, 0x1, 0xf1, 0x0, 0x0, 0x19, 0xff,
    0xfb, 0x40, 0xd, 0xfd, 0xfc, 0xfa, 0x3, 0xfa,
    0x1f, 0x10, 0x10, 0x3f, 0xc2, 0xf1, 0x0, 0x0,
    0x9f, 0xff, 0x82, 0x0, 0x0, 0x39, 0xff, 0xf8,
    0x0, 0x0, 0x1f, 0x3c, 0xf3, 0x6, 0x1, 0xf1,
    0x9f, 0x45, 0xfe, 0xcf, 0xdf, 0xd0, 0x6, 0xbf,
    0xff, 0x91, 0x0, 0x0, 0x1f, 0x10, 0x0, 0x0,
    0x0, 0x80, 0x0, 0x0,

    /* U+0025 "%" */
    0x9, 0xed, 0x40, 0x0, 0xab, 0x0, 0x5d, 0x4,
    0xe0, 0x5, 0xe1, 0x0, 0x89, 0x0, 0xf2, 0x1e,
    0x50, 0x0, 0x6d, 0x4, 0xf0, 0xab, 0x0, 0x0,
    0xa, 0xff, 0x55, 0xe4, 0xcd, 0x70, 0x0, 0x10,
    0x1e, 0x5c, 0x83, 0xe4, 0x0, 0x0, 0xab, 0x1f,
    0x10, 0xa8, 0x0, 0x5, 0xe1, 0x1f, 0x0, 0x98,
    0x0, 0x1e, 0x50, 0xd, 0x61, 0xe4, 0x0, 0xab,
    0x0, 0x3, 0xde, 0x80,

    /* U+0026 "&" */
    0x0, 0x4d, 0xfd, 0x50, 0x0, 0x1, 0xfc, 0x5b,
    0xf1, 0x0, 0x3, 0xf6, 0x6, 0xf2, 0x0, 0x0,
    0xde, 0x7e, 0xa0, 0x0, 0x0, 0x7f, 0xf9, 0x0,
    0x0, 0x8, 0xfa, 0xfe, 0x24, 0xc1, 0x3f, 0x80,
    0x2d, 0xed, 0xf0, 0x6f, 0x60, 0x1, 0xff, 0xb0,
    0x2f, 0xfa, 0x8b, 0xff, 0xf4, 0x3, 0xbf, 0xfc,
    0x61, 0xb2, 0x0, 0x0, 0x0, 0x0, 0x0,

    /* U+0027 "'" */
    0x3f, 0x42, 0xf4, 0x2f, 0x32, 0xf3, 0x1, 0x0,

    /* U+0028 "(" */
    0x5, 0xf5, 0xd, 0xe0, 0x3f, 0x80, 0x7f, 0x40,
    0xaf, 0x10, 0xcf, 0x0, 0xce, 0x0, 0xce, 0x0,
    0xbf, 0x0, 0xaf, 0x10, 0x7f, 0x40, 0x2f, 0x80,
    0xd, 0xe0, 0x5, 0xf5,

    /* U+0029 ")" */
    0x7f, 0x30, 0x1f, 0xb0, 0xb, 0xf1, 0x6, 0xf5,
    0x3, 0xf7, 0x1, 0xf9, 0x0, 0xfa, 0x0, 0xfa,
    0x1, 0xf9, 0x3, 0xf7, 0x6, 0xf4, 0xb, 0xf1,
    0x1f, 0xb0, 0x7f, 0x30,

    /* U+002A "*" */
    0x0, 0xa7, 0x0, 0x8a, 0xb9, 0xc5, 0x1b, 0xff,
    0x90, 0x5e, 0xff, 0xd3, 0x55, 0x97, 0x73, 0x0,
    0x64, 0x0,

    /* U+002B "+" */
    0x0, 0x6, 0x90, 0x0, 0x0, 0x9, 0xe0, 0x0,
    0x2, 0x2c, 0xf2, 0x20, 0x1f, 0xff, 0xff, 0xf5,
    0x5, 0x5f, 0xf5, 0x51, 0x0, 0x9, 0xe0, 0x0,
    0x0, 0x8, 0xb0, 0x0,

    /* U+002C "," */
    0x5, 0x25, 0xfc, 0x2f, 0xb0, 0xe5, 0x2f, 0x0,

    /* U+002D "-" */
    0x28, 0x88, 0x53, 0xff, 0xfa,

    /* U+002E "." */
    0x6, 0x25, 0xfc, 0x3e, 0x80,

    /* U+002F "/" */
    0x0, 0x0, 0xf, 0x90, 0x0, 0x4, 0xf4, 0x0,
    0x0, 0xae, 0x0, 0x0, 0xe, 0x90, 0x0, 0x4,
    0xf4, 0x0, 0x0, 0x9e, 0x0, 0x0, 0xe, 0x90,
    0x0, 0x4, 0xf4, 0x0, 0x0, 0x9e, 0x0, 0x0,
    0xe, 0xa0, 0x0, 0x4, 0xf4, 0x0, 0x0, 0x9f,
    0x0, 0x0, 0xe, 0xa0, 0x0, 0x4, 0xf4, 0x0,
    0x0,

    /* U+0030 "0" */
    0x0, 0x4c, 0xfe, 0x80, 0x0, 0x5f, 0xfb, 0xdf,
    0xb0, 0xe, 0xf2, 0x0, 0xbf, 0x53, 0xfa, 0x0,
    0x3, 0xfa, 0x5f, 0x70, 0x0, 0x1f, 0xc5, 0xf7,
    0x0, 0x1, 0xfc, 0x3f, 0xa0, 0x0, 0x3f, 0xa0,
    0xef, 0x20, 0xb, 0xf5, 0x5, 0xff, 0xbd, 0xfb,
    0x0, 0x4, 0xcf, 0xe8, 0x0,

    /* U+0031 "1" */
    0xef, 0xff, 0x89, 0xff, 0x0, 0xdf, 0x0, 0xdf,
    0x0, 0xdf, 0x0, 0xdf, 0x0, 0xdf, 0x0, 0xdf,
    0x0, 0xdf, 0x0, 0xdf,

    /* U+0032 "2" */
    0x6, 0xcf, 0xfb, 0x20, 0x9f, 0xeb, 0xdf, 0xe0,
    0x17, 0x0, 0xa, 0xf4, 0x0, 0x0, 0x9, 0xf3,
    0x0, 0x0, 0x2f, 0xd0, 0x0, 0x2, 0xee, 0x20,
    0x0, 0x3e, 0xe3, 0x0, 0x4, 0xfe, 0x20, 0x0,
    0x4f, 0xfc, 0xaa, 0xa7, 0x8f, 0xff, 0xff, 0xfb,

    /* U+0033 "3" */
    0x8f, 0xff, 0xff, 0xf2, 0x59, 0x99, 0xcf, 0xd1,
    0x0, 0x2, 0xed, 0x10, 0x0, 0x2f, 0xf5, 0x0,
    0x0, 0x4f, 0xff, 0xa0, 0x0, 0x0, 0x2b, 0xf5,
    0x0, 0x0, 0x5, 0xf8, 0x45, 0x0, 0x9, 0xf7,
    0xcf, 0xdb, 0xdf, 0xe1, 0x29, 0xdf, 0xea, 0x20,

    /* U+0034 "4" */
    0x0, 0x0, 0x2e, 0xd0, 0x0, 0x0, 0x0, 0xcf,
    0x20, 0x0, 0x0, 0x9, 0xf5, 0x0, 0x0, 0x0,
    0x6f, 0x90, 0x0, 0x0, 0x2, 0xfc, 0x1, 0xf9,
    0x0, 0xd, 0xf2, 0x1, 0xf9, 0x0, 0x7f, 0xff,
    0xff, 0xff, 0xf5, 0x5a, 0xaa, 0xac, 0xff, 0xa3,
    0x0, 0x0, 0x2, 0xf9, 0x0, 0x0, 0x0, 0x2,
    0xf9, 0x0,

    /* U+0035 "5" */
    0xa, 0xff, 0xff, 0xf2, 0xb, 0xf9, 0x99, 0x91,
    0xd, 0xd0, 0x0, 0x0, 0xf, 0xfa, 0x96, 0x0,
    0xf, 0xff, 0xff, 0xd1, 0x0, 0x0, 0x2a, 0xf8,
    0x0, 0x0, 0x2, 0xfb, 0x26, 0x0, 0x6, 0xf9,
    0x9f, 0xeb, 0xcf, 0xf2, 0x18, 0xdf, 0xfb, 0x30,

    /* U+0036 "6" */
    0x0, 0x29, 0xef, 0xd8, 0x0, 0x3f, 0xfc, 0xab,
    0x80, 0xc, 0xf4, 0x0, 0x0, 0x2, 0xfa, 0x26,
    0x73, 0x0, 0x5f, 0xef, 0xff, 0xf8, 0x5, 0xff,
    0x61, 0x2d, 0xf3, 0x4f, 0xd0, 0x0, 0x6f, 0x60,
    0xfe, 0x10, 0x9, 0xf4, 0x6, 0xfd, 0x9a, 0xfd,
    0x0, 0x5, 0xcf, 0xea, 0x10,

    /* U+0037 "7" */
    0x9f, 0xff, 0xff, 0xff, 0x9, 0xfb, 0xaa, 0xbf,
    0xe0, 0x9f, 0x10, 0x7, 0xf7, 0x3, 0x50, 0x0,
    0xef, 0x10, 0x0, 0x0, 0x5f, 0x90, 0x0, 0x0,
    0xc, 0xf2, 0x0, 0x0, 0x3, 0xfb, 0x0, 0x0,
    0x0, 0xaf, 0x40, 0x0, 0x0, 0x1f, 0xd0, 0x0,
    0x0, 0x8, 0xf6, 0x0, 0x0,

    /* U+0038 "8" */
    0x1, 0x9e, 0xfe, 0x91, 0x0, 0xbf, 0xb8, 0xbf,
    0xd0, 0xf, 0xc0, 0x0, 0xaf, 0x20, 0xee, 0x30,
    0x2d, 0xf1, 0x6, 0xff, 0xff, 0xf8, 0x1, 0xfe,
    0x86, 0x8e, 0xf2, 0x6f, 0x70, 0x0, 0x5f, 0x85,
    0xf9, 0x0, 0x7, 0xf7, 0xe, 0xfb, 0x8a, 0xfe,
    0x10, 0x19, 0xef, 0xea, 0x20,

    /* U+0039 "9" */
    0x3, 0xbf, 0xeb, 0x30, 0x3, 0xff, 0x99, 0xef,
    0x30, 0x9f, 0x40, 0x2, 0xfb, 0x9, 0xf3, 0x0,
    0x2f, 0xf0, 0x4f, 0xe9, 0x9e, 0xff, 0x10, 0x5c,
    0xfe, 0x8c, 0xf1, 0x0, 0x0, 0x0, 0xee, 0x0,
    0x0, 0x0, 0x8f, 0x90, 0xc, 0xba, 0xdf, 0xd1,
    0x0, 0xae, 0xfd, 0x80, 0x0,

    /* U+003A ":" */
    0x3e, 0x85, 0xfc, 0x6, 0x20, 0x0, 0x0, 0x0,
    0x62, 0x5f, 0xc3, 0xe8,

    /* U+003B ";" */
    0x3e, 0x85, 0xfc, 0x6, 0x20, 0x0, 0x0, 0x0,
    0x52, 0x5f, 0xc2, 0xfb, 0xe, 0x52, 0xf0,

    /* U+003C "<" */
    0x0, 0x0, 0x0, 0x43, 0x0, 0x1, 0x7d, 0xf5,
    0x3, 0xaf, 0xfa, 0x40, 0x1f, 0xf7, 0x10, 0x0,
    0xe, 0xfc, 0x60, 0x0, 0x0, 0x4a, 0xff, 0x91,
    0x0, 0x0, 0x18, 0xe5, 0x0, 0x0, 0x0, 0x1,

    /* U+003D "=" */
    0x1f, 0xff, 0xff, 0xf5, 0x7, 0x77, 0x77, 0x72,
    0x0, 0x0, 0x0, 0x0, 0x2, 0x22, 0x22, 0x20,
    0x1f, 0xff, 0xff, 0xf5, 0x5, 0x55, 0x55, 0x51,

    /* U+003E ">" */
    0x6, 0x0, 0x0, 0x0, 0x1f, 0xf9, 0x20, 0x0,
    0x2, 0x8e, 0xfb, 0x50, 0x0, 0x0, 0x5d, 0xf5,
    0x0, 0x4, 0xbf, 0xf3, 0x8, 0xef, 0xc6, 0x0,
    0x1f, 0x93, 0x0, 0x0, 0x1, 0x0, 0x0, 0x0,

    /* U+003F "?" */
    0x6, 0xdf, 0xfb, 0x30, 0x9f, 0xd9, 0xcf, 0xf1,
    0x16, 0x0, 0xa, 0xf3, 0x0, 0x0, 0xc, 0xf1,
    0x0, 0x0, 0xbf, 0x50, 0x0, 0x9, 0xf5, 0x0,
    0x0, 0x7, 0x80, 0x0, 0x0, 0x2, 0x20, 0x0,
    0x0, 0xf, 0xf0, 0x0, 0x0, 0xc, 0xc0, 0x0,

    /* U+0040 "@" */
    0x0, 0x0, 0x7c, 0xef, 0xea, 0x40, 0x0, 0x0,
    0x3e, 0xe7, 0x43, 0x59, 0xfa, 0x0, 0x2, 0xfa,
    0x0, 0x0, 0x0, 0x2d, 0xa0, 0xb, 0xc0, 0x2c,
    0xff, 0x9d, 0xc1, 0xf4, 0x1f, 0x40, 0xee, 0x65,
    0xcf, 0xc0, 0x9a, 0x4f, 0x5, 0xf5, 0x0, 0xf,
    0xc0, 0x5d, 0x5e, 0x7, 0xf2, 0x0, 0xf, 0xc0,
    0x5d, 0x4f, 0x4, 0xf6, 0x0, 0x1f, 0xc0, 0x7b,
    0x1f, 0x40, 0xdf, 0x87, 0xdf, 0xf7, 0xe6, 0xb,
    0xb0, 0x1a, 0xfe, 0x93, 0xdf, 0x90, 0x2, 0xf9,
    0x0, 0x0, 0x0, 0x0, 0x0, 0x0, 0x3e, 0xd7,
    0x44, 0x6b, 0x10, 0x0, 0x0, 0x0, 0x7c, 0xff,
    0xd9, 0x10, 0x0,

    /* U+0041 "A" */
    0x0, 0x0, 0xe, 0xf5, 0x0, 0x0, 0x0, 0x0,
    0x5f, 0xfc, 0x0, 0x0, 0x0, 0x0, 0xce, 0x8f,
    0x30, 0x0, 0x0, 0x3, 0xf8, 0x1f, 0xa0, 0x0,
    0x0, 0xa, 0xf1, 0xa, 0xf2, 0x0, 0x0, 0x1f,
    0xb0, 0x3, 0xf9, 0x0, 0x0, 0x8f, 0xff, 0xff,
    0xff, 0x0, 0x0, 0xef, 0x88, 0x88, 0xef, 0x70,
    0x6, 0xf6, 0x0, 0x0, 0xe, 0xe0, 0xd, 0xf0,
    0x0, 0x0, 0x8, 0xf5,

    /* U+0042 "B" */
    0xbf, 0xff, 0xfe, 0xc5, 0x0, 0xbf, 0x98, 0x89,
    0xff, 0x40, 0xbf, 0x20, 0x0, 0x6f, 0x70, 0xbf,
    0x20, 0x1, 0xaf, 0x30, 0xbf, 0xff, 0xff, 0xfa,
    0x0, 0xbf, 0xa8, 0x88, 0xdf, 0x90, 0xbf, 0x20,
    0x0, 0xe, 0xf0, 0xbf, 0x20, 0x0, 0xe, 0xf0,
    0xbf, 0x98, 0x88, 0xdf, 0x90, 0xbf, 0xff, 0xff,
    0xd8, 0x0,

    /* U+0043 "C" */
    0x0, 0x7, 0xdf, 0xfb, 0x40, 0x1, 0xdf, 0xfc,
    0xcf, 0xf6, 0xb, 0xfa, 0x0, 0x1, 0x91, 0x2f,
    0xd0, 0x0, 0x0, 0x0, 0x5f, 0x80, 0x0, 0x0,
    0x0, 0x5f, 0x80, 0x0, 0x0, 0x0, 0x2f, 0xd0,
    0x0, 0x0, 0x0, 0xb, 0xfa, 0x0, 0x1, 0x91,
    0x1, 0xdf, 0xfc, 0xbf, 0xf6, 0x0, 0x8, 0xdf,
    0xfb, 0x40,

    /* U+0044 "D" */
    0xbf, 0xff, 0xfe, 0xb4, 0x0, 0xbf, 0xaa, 0xac,
    0xff, 0x80, 0xbf, 0x20, 0x0, 0x2d, 0xf4, 0xbf,
    0x20, 0x0, 0x3, 0xfb, 0xbf, 0x20, 0x0, 0x0,
    0xfe, 0xbf, 0x20, 0x0, 0x0, 0xfe, 0xbf, 0x20,
    0x0, 0x3, 0xfb, 0xbf, 0x20, 0x0, 0x2d, 0xf4,
    0xbf, 0xaa, 0xac, 0xff, 0x80, 0xbf, 0xff, 0xfe,
    0xb4, 0x0,

    /* U+0045 "E" */
    0xbf, 0xff, 0xff, 0xf7, 0xbf, 0xa9, 0x99, 0x94,
    0xbf, 0x20, 0x0, 0x0, 0xbf, 0x20, 0x0, 0x0,
    0xbf, 0xff, 0xff, 0xe0, 0xbf, 0xb9, 0x99, 0x80,
    0xbf, 0x20, 0x0, 0x0, 0xbf, 0x20, 0x0, 0x0,
    0xbf, 0xa9, 0x99, 0x96, 0xbf, 0xff, 0xff, 0xfa,

    /* U+0046 "F" */
    0xbf, 0xff, 0xff, 0xf7, 0xbf, 0xa9, 0x99, 0x94,
    0xbf, 0x20, 0x0, 0x0, 0xbf, 0x20, 0x0, 0x0,
    0xbf, 0xca, 0xaa, 0x80, 0xbf, 0xff, 0xff, 0xe0,
    0xbf, 0x20, 0x0, 0x0, 0xbf, 0x20, 0x0, 0x0,
    0xbf, 0x20, 0x0, 0x0, 0xbf, 0x20, 0x0, 0x0,

    /* U+0047 "G" */
    0x0, 0x7, 0xcf, 0xfc, 0x50, 0x1, 0xdf, 0xfc,
    0xbf, 0xf8, 0xb, 0xfa, 0x10, 0x0, 0x82, 0x2f,
    0xd0, 0x0, 0x0, 0x0, 0x5f, 0x80, 0x0, 0x0,
    0x11, 0x5f, 0x80, 0x0, 0x0, 0xfb, 0x2f, 0xd0,
    0x0, 0x0, 0xfb, 0xb, 0xfa, 0x0, 0x0, 0xfc,
    0x1, 0xdf, 0xfc, 0xcf, 0xff, 0x0, 0x7, 0xdf,
    0xfc, 0x60,

    /* U+0048 "H" */
    0xbf, 0x20, 0x0, 0xc, 0xf0, 0xbf, 0x20, 0x0,
    0xc, 0xf0, 0xbf, 0x20, 0x0, 0xc, 0xf0, 0xbf,
    0x20, 0x0, 0xc, 0xf0, 0xbf, 0xff, 0xff, 0xff,
    0xf0, 0xbf, 0xca, 0xaa, 0xaf, 0xf0, 0xbf, 0x20,
    0x0, 0xc, 0xf0, 0xbf, 0x20, 0x0, 0xc, 0xf0,
    0xbf, 0x20, 0x0, 0xc, 0xf0, 0xbf, 0x20, 0x0,
    0xc, 0xf0,

    /* U+0049 "I" */
    0xbf, 0x2b, 0xf2, 0xbf, 0x2b, 0xf2, 0xbf, 0x2b,
    0xf2, 0xbf, 0x2b, 0xf2, 0xbf, 0x2b, 0xf2,

    /* U+004A "J" */
    0x2, 0xff, 0xff, 0xf2, 0x1, 0x99, 0x9d, 0xf2,
    0x0, 0x0, 0xa, 0xf2, 0x0, 0x0, 0xa, 0xf2,
    0x0, 0x0, 0xa, 0xf2, 0x0, 0x0, 0xa, 0xf2,
    0x0, 0x0, 0xa, 0xf2, 0x5, 0x20, 0xd, 0xf0,
    0xe, 0xfa, 0xcf, 0xa0, 0x3, 0xcf, 0xe9, 0x10,

    /* U+004B "K" */
    0xbf, 0x20, 0x0, 0x7f, 0x90, 0xbf, 0x20, 0x6,
    0xfa, 0x0, 0xbf, 0x20, 0x6f, 0xb0, 0x0, 0xbf,
    0x25, 0xfc, 0x0, 0x0, 0xbf, 0x6f, 0xf1, 0x0,
    0x0, 0xbf, 0xff, 0xfb, 0x0, 0x0, 0xbf, 0xf2,
    0xbf, 0x80, 0x0, 0xbf, 0x40, 0x1d, 0xf4, 0x0,
    0xbf, 0x20, 0x2, 0xff, 0x20, 0xbf, 0x20, 0x0,
    0x4f, 0xd0,

    /* U+004C "L" */
    0xbf, 0x20, 0x0, 0x0, 0xbf, 0x20, 0x0, 0x0,
    0xbf, 0x20, 0x0, 0x0, 0xbf, 0x20, 0x0, 0x0,
    0xbf, 0x20, 0x0, 0x0, 0xbf, 0x20, 0x0, 0x0,
    0xbf, 0x20, 0x0, 0x0, 0xbf, 0x20, 0x0, 0x0,
    0xbf, 0xaa, 0xaa, 0xa2, 0xbf, 0xff, 0xff, 0xf4,

    /* U+004D "M" */
    0xbf, 0x20, 0x0, 0x0, 0xc, 0xf0, 0xbf, 0xb0,
    0x0, 0x0, 0x5f, 0xf0, 0xbf, 0xf4, 0x0, 0x0,
    0xef, 0xf0, 0xbf, 0xdd, 0x0, 0x8, 0xfd, 0xf0,
    0xbf, 0x4f, 0x70, 0x2f, 0x8b, 0xf0, 0xbf, 0xa,
    0xf1, 0xbe, 0xb, 0xf0, 0xbf, 0x1, 0xff, 0xf6,
    0xb, 0xf0, 0xbf, 0x0, 0x7f, 0xd0, 0xb, 0xf0,
    0xbf, 0x0, 0xc, 0x40, 0xb, 0xf0, 0xbf, 0x0,
    0x0, 0x0, 0xb, 0xf0,

    /* U+004E "N" */
    0xbf, 0x30, 0x0, 0xc, 0xf0, 0xbf, 0xe1, 0x0,
    0xc, 0xf0, 0xbf, 0xfb, 0x0, 0xc, 0xf0, 0xbf,
    0x9f, 0x80, 0xc, 0xf0, 0xbf, 0x2b, 0xf4, 0xc,
    0xf0, 0xbf, 0x21, 0xde, 0x1c, 0xf0, 0xbf, 0x20,
    0x3f, 0xcc, 0xf0, 0xbf, 0x20, 0x6, 0xff, 0xf0,
    0xbf, 0x20, 0x0, 0xaf, 0xf0, 0xbf, 0x20, 0x0,
    0xd, 0xf0,

    /* U+004F "O" */
    0x0, 0x7, 0xdf, 0xfc, 0x50, 0x0, 0x1, 0xdf,
    0xfc, 0xcf, 0xfa, 0x0, 0xb, 0xfa, 0x0, 0x2,
    0xcf, 0x70, 0x2f, 0xd0, 0x0, 0x0, 0x1f, 0xe0,
    0x5f, 0x80, 0x0, 0x0, 0xb, 0xf1, 0x5f, 0x80,
    0x0, 0x0, 0xb, 0xf1, 0x2f, 0xd0, 0x0, 0x0,
    0x1f, 0xe0, 0xb, 0xf9, 0x0, 0x1, 0xcf, 0x80,
    0x1, 0xdf, 0xec, 0xcf, 0xfb, 0x0, 0x0, 0x7,
    0xdf, 0xfc, 0x50, 0x0,

    /* U+0050 "P" */
    0xbf, 0xff, 0xfe, 0x91, 0xb, 0xfc, 0xaa, 0xdf,
    0xd0, 0xbf, 0x20, 0x0, 0xaf, 0x5b, 0xf2, 0x0,
    0x5, 0xf7, 0xbf, 0x20, 0x0, 0xaf, 0x5b, 0xfc,
    0xaa, 0xdf, 0xd0, 0xbf, 0xff, 0xfe, 0x91, 0xb,
    0xf2, 0x0, 0x0, 0x0, 0xbf, 0x20, 0x0, 0x0,
    0xb, 0xf2, 0x0, 0x0, 0x0,

    /* U+0051 "Q" */
    0x0, 0x7, 0xdf, 0xfc, 0x50, 0x0, 0x1, 0xdf,
    0xfc, 0xcf, 0xfa, 0x0, 0xb, 0xfa, 0x0, 0x2,
    0xcf, 0x80, 0x2f, 0xd0, 0x0, 0x0, 0x1f, 0xe0,
    0x5f, 0x80, 0x0, 0x0, 0xb, 0xf1, 0x5f, 0x80,
    0x0, 0x0, 0xb, 0xf1, 0x2f, 0xd0, 0x0, 0x0,
    0x1f, 0xe0, 0xb, 0xf9, 0x0, 0x1, 0xcf, 0x80,
    0x1, 0xdf, 0xec, 0xcf, 0xfb, 0x0, 0x0, 0x7,
    0xdf, 0xff, 0x50, 0x0, 0x0, 0x0, 0x3, 0xfe,
    0x53, 0xc4, 0x0, 0x0, 0x0, 0x3e, 0xff, 0xf4,
    0x0, 0x0, 0x0, 0x0, 0x44, 0x0,

    /* U+0052 "R" */
    0xbf, 0xff, 0xfe, 0x91, 0xb, 0xfc, 0xaa, 0xdf,
    0xd0, 0xbf, 0x20, 0x0, 0xaf, 0x5b, 0xf2, 0x0,
    0x5, 0xf7, 0xbf, 0x20, 0x0, 0xaf, 0x5b, 0xfb,
    0x9a, 0xdf, 0xd0, 0xbf, 0xff, 0xff, 0xe1, 0xb,
    0xf2, 0x0, 0xde, 0x10, 0xbf, 0x20, 0x4, 0xfb,
    0xb, 0xf2, 0x0, 0x9, 0xf5,

    /* U+0053 "S" */
    0x1, 0x9e, 0xfe, 0xb4, 0x0, 0xdf, 0xc9, 0xbf,
    0xa0, 0x3f, 0xa0, 0x0, 0x1, 0x3, 0xfc, 0x10,
    0x0, 0x0, 0x9, 0xff, 0xb7, 0x20, 0x0, 0x3,
    0x8c, 0xff, 0x80, 0x0, 0x0, 0x2, 0xcf, 0x30,
    0x60, 0x0, 0x9, 0xf4, 0x5f, 0xea, 0x9c, 0xfd,
    0x0, 0x6b, 0xef, 0xe9, 0x10,

    /* U+0054 "T" */
    0xff, 0xff, 0xff, 0xff, 0x69, 0xaa, 0xef, 0xaa,
    0xa3, 0x0, 0xb, 0xf2, 0x0, 0x0, 0x0, 0xbf,
    0x20, 0x0, 0x0, 0xb, 0xf2, 0x0, 0x0, 0x0,
    0xbf, 0x20, 0x0, 0x0, 0xb, 0xf2, 0x0, 0x0,
    0x0, 0xbf, 0x20, 0x0, 0x0, 0xb, 0xf2, 0x0,
    0x0, 0x0, 0xbf, 0x20, 0x0,

    /* U+0055 "U" */
    0xcf, 0x0, 0x0, 0xf, 0xdc, 0xf0, 0x0, 0x0,
    0xfd, 0xcf, 0x0, 0x0, 0xf, 0xdc, 0xf0, 0x0,
    0x0, 0xfd, 0xcf, 0x0, 0x0, 0xf, 0xdc, 0xf1,
    0x0, 0x0, 0xfc, 0xaf, 0x30, 0x0, 0x2f, 0xb7,
    0xfa, 0x0, 0x9, 0xf7, 0xd, 0xfe, 0xbd, 0xfd,
    0x10, 0x19, 0xef, 0xe9, 0x10,

    /* U+0056 "V" */
    0xd, 0xf2, 0x0, 0x0, 0xc, 0xf1, 0x6, 0xf8,
    0x0, 0x0, 0x3f, 0xa0, 0x0, 0xfe, 0x0, 0x0,
    0x9f, 0x30, 0x0, 0x9f, 0x60, 0x1, 0xfc, 0x0,
    0x0, 0x2f, 0xc0, 0x7, 0xf5, 0x0, 0x0, 0xb,
    0xf3, 0xe, 0xe0, 0x0, 0x0, 0x4, 0xfa, 0x5f,
    0x70, 0x0, 0x0, 0x0, 0xdf, 0xdf, 0x10, 0x0,
    0x0, 0x0, 0x6f, 0xfa, 0x0, 0x0, 0x0, 0x0,
    0xf, 0xf3, 0x0, 0x0,

    /* U+0057 "W" */
    0x7f, 0x60, 0x0, 0xe, 0xf1, 0x0, 0x4, 0xf7,
    0x2f, 0xb0, 0x0, 0x4f, 0xf6, 0x0, 0x9, 0xf2,
    0xd, 0xf1, 0x0, 0x9f, 0xfb, 0x0, 0xe, 0xd0,
    0x7, 0xf6, 0x0, 0xeb, 0xaf, 0x10, 0x3f, 0x80,
    0x2, 0xfb, 0x4, 0xf6, 0x5f, 0x60, 0x9f, 0x20,
    0x0, 0xdf, 0x9, 0xf1, 0xf, 0xb0, 0xed, 0x0,
    0x0, 0x8f, 0x5e, 0xb0, 0xb, 0xf4, 0xf8, 0x0,
    0x0, 0x3f, 0xff, 0x60, 0x5, 0xfe, 0xf3, 0x0,
    0x0, 0xd, 0xff, 0x10, 0x1, 0xff, 0xe0, 0x0,
    0x0, 0x8, 0xfb, 0x0, 0x0, 0xbf, 0x80, 0x0,

    /* U+0058 "X" */
    0x5f, 0xb0, 0x0, 0x1e, 0xe1, 0x9, 0xf7, 0x0,
    0xaf, 0x40, 0x0, 0xdf, 0x26, 0xf9, 0x0, 0x0,
    0x3f, 0xff, 0xd0, 0x0, 0x0, 0x9, 0xff, 0x20,
    0x0, 0x0, 0xb, 0xff, 0x60, 0x0, 0x0, 0x6f,
    0xae, 0xf2, 0x0, 0x2, 0xfd, 0x4, 0xfc, 0x0,
    0xc, 0xf3, 0x0, 0x9f, 0x80, 0x8f, 0x80, 0x0,
    0xd, 0xf3,

    /* U+0059 "Y" */
    0xd, 0xf2, 0x0, 0x0, 0xbf, 0x10, 0x3f, 0xb0,
    0x0, 0x4f, 0x70, 0x0, 0xaf, 0x40, 0xd, 0xd0,
    0x0, 0x1, 0xfd, 0x7, 0xf4, 0x0, 0x0, 0x7,
    0xf9, 0xfb, 0x0, 0x0, 0x0, 0xd, 0xff, 0x20,
    0x0, 0x0, 0x0, 0x7f, 0xb0, 0x0, 0x0, 0x0,
    0x4, 0xf8, 0x0, 0x0, 0x0, 0x0, 0x4f, 0x80,
    0x0, 0x0, 0x0, 0x4, 0xf8, 0x0, 0x0,

    /* U+005A "Z" */
    0x5f, 0xff, 0xff, 0xff, 0xc3, 0xaa, 0xaa, 0xaf,
    0xf8, 0x0, 0x0, 0x6, 0xfb, 0x0, 0x0, 0x3,
    0xfd, 0x10, 0x0, 0x1, 0xef, 0x20, 0x0, 0x0,
    0xcf, 0x50, 0x0, 0x0, 0x9f, 0x80, 0x0, 0x0,
    0x6f, 0xb0, 0x0, 0x0, 0x3f, 0xfa, 0xaa, 0xaa,
    0x96, 0xff, 0xff, 0xff, 0xff,

    /* U+005B "[" */
    0xbf, 0xfa, 0xbf, 0x84, 0xbf, 0x10, 0xbf, 0x10,
    0xbf, 0x10, 0xbf, 0x10, 0xbf, 0x10, 0xbf, 0x10,
    0xbf, 0x10, 0xbf, 0x10, 0xbf, 0x10, 0xbf, 0x10,
    0xbf, 0x85, 0xbf, 0xfa,

    /* U+005C "\\" */
    0x6f, 0x20, 0x0, 0x1, 0xf8, 0x0, 0x0, 0xb,
    0xd0, 0x0, 0x0, 0x6f, 0x20, 0x0, 0x1, 0xf7,
    0x0, 0x0, 0xb, 0xd0, 0x0, 0x0, 0x6f, 0x20,
    0x0, 0x1, 0xf7, 0x0, 0x0, 0xc, 0xd0, 0x0,
    0x0, 0x6f, 0x20, 0x0, 0x1, 0xf7, 0x0, 0x0,
    0xc, 0xc0, 0x0, 0x0, 0x6f, 0x20, 0x0, 0x1,
    0xf7,

    /* U+005D "]" */
    0xcf, 0xf9, 0x59, 0xf9, 0x3, 0xf9, 0x3, 0xf9,
    0x3, 0xf9, 0x3, 0xf9, 0x3, 0xf9, 0x3, 0xf9,
    0x3, 0xf9, 0x3, 0xf9, 0x3, 0xf9, 0x3, 0xf9,
    0x59, 0xf9, 0xcf, 0xf9,

    /* U+005E "^" */
    0x0, 0xd, 0xf1, 0x0, 0x0, 0x3f, 0xf7, 0x0,
    0x0, 0x9b, 0x6e, 0x0, 0x1, 0xf4, 0x1f, 0x40,
    0x7, 0xe0, 0x9, 0xb0, 0xd, 0x70, 0x3, 0xf2,

    /* U+005F "_" */
    0xff, 0xff, 0xff, 0xf2, 0x22, 0x22, 0x22,

    /* U+0060 "`" */
    0x2d, 0xd1, 0x0, 0xb, 0xd1,

    /* U+0061 "a" */
    0x6, 0xce, 0xeb, 0x20, 0xd, 0xc9, 0xaf, 0xe0,
    0x0, 0x0, 0x8, 0xf4, 0x6, 0xdf, 0xff, 0xf6,
    0x3f, 0xc3, 0x38, 0xf6, 0x5f, 0x60, 0x8, 0xf6,
    0x2f, 0xc4, 0x6f, 0xf6, 0x5, 0xdf, 0xd8, 0xf6,

    /* U+0062 "b" */
    0xde, 0x0, 0x0, 0x0, 0xd, 0xe0, 0x0, 0x0,
    0x0, 0xde, 0x0, 0x0, 0x0, 0xd, 0xe6, 0xdf,
    0xc4, 0x0, 0xdf, 0xfb, 0xaf, 0xf4, 0xd, 0xf5,
    0x0, 0x2f, 0xd0, 0xdf, 0x0, 0x0, 0xcf, 0xd,
    0xf0, 0x0, 0xc, 0xf0, 0xdf, 0x60, 0x3, 0xfd,
    0xd, 0xff, 0xba, 0xff, 0x40, 0xdd, 0x7e, 0xfc,
    0x40, 0x0,

    /* U+0063 "c" */
    0x0, 0x7d, 0xfd, 0x70, 0x9, 0xfd, 0x9d, 0xf8,
    0x2f, 0xc0, 0x0, 0x61, 0x6f, 0x50, 0x0, 0x0,
    0x6f, 0x50, 0x0, 0x0, 0x2f, 0xc0, 0x0, 0x71,
    0x9, 0xfd, 0xad, 0xf8, 0x0, 0x7d, 0xfd, 0x70,

    /* U+0064 "d" */
    0x0, 0x0, 0x0, 0x4f, 0x70, 0x0, 0x0, 0x4,
    0xf7, 0x0, 0x0, 0x0, 0x4f, 0x70, 0x8, 0xef,
    0xc7, 0xf7, 0xb, 0xfd, 0x9d, 0xff, 0x73, 0xfb,
    0x0, 0xf, 0xf7, 0x6f, 0x50, 0x0, 0x7f, 0x76,
    0xf5, 0x0, 0x7, 0xf7, 0x3f, 0xc0, 0x0, 0xff,
    0x70, 0xaf, 0xd9, 0xdf, 0xf7, 0x0, 0x8e, 0xfc,
    0x6f, 0x70,

    /* U+0065 "e" */
    0x0, 0x7d, 0xfd, 0x60, 0x0, 0xaf, 0xb8, 0xcf,
    0x70, 0x2f, 0xa0, 0x0, 0xbf, 0x6, 0xff, 0xff,
    0xff, 0xf2, 0x6f, 0x73, 0x33, 0x33, 0x2, 0xfb,
    0x0, 0x4, 0x0, 0x9, 0xfd, 0x9b, 0xf7, 0x0,
    0x7, 0xdf, 0xe9, 0x10,

    /* U+0066 "f" */
    0x0, 0x8e, 0xf6, 0x5, 0xfb, 0x93, 0x9, 0xf1,
    0x0, 0xdf, 0xff, 0xf2, 0x6f, 0xf9, 0x71, 0x9,
    0xf2, 0x0, 0x9, 0xf2, 0x0, 0x9, 0xf2, 0x0,
    0x9, 0xf2, 0x0, 0x9, 0xf2, 0x0, 0x9, 0xf2,
    0x0,

    /* U+0067 "g" */
    0x0, 0x8e, 0xfc, 0x5f, 0x90, 0xaf, 0xc8, 0xbf,
    0xf9, 0x3f, 0xb0, 0x0, 0xaf, 0x96, 0xf5, 0x0,
    0x4, 0xf9, 0x6f, 0x50, 0x0, 0x5f, 0x93, 0xfc,
    0x0, 0xd, 0xf9, 0xa, 0xfd, 0x9c, 0xff, 0x80,
    0x8, 0xef, 0xc7, 0xf8, 0x1, 0x0, 0x0, 0x8f,
    0x50, 0xde, 0xb9, 0xcf, 0xd0, 0x4, 0xbe, 0xfe,
    0xa1, 0x0,

    /* U+0068 "h" */
    0xde, 0x0, 0x0, 0x0, 0xde, 0x0, 0x0, 0x0,
    0xde, 0x0, 0x0, 0x0, 0xde, 0x7d, 0xfc, 0x30,
    0xdf, 0xfb, 0xbf, 0xf1, 0xdf, 0x50, 0x8, 0xf6,
    0xdf, 0x0, 0x4, 0xf8, 0xde, 0x0, 0x3, 0xf8,
    0xde, 0x0, 0x3, 0xf8, 0xde, 0x0, 0x3, 0xf8,
    0xde, 0x0, 0x3, 0xf8,

    /* U+0069 "i" */
    0xc, 0xd0, 0xe, 0xf1, 0x1, 0x10, 0xd, 0xe0,
    0xd, 0xe0, 0xd, 0xe0, 0xd, 0xe0, 0xd, 0xe0,
    0xd, 0xe0, 0xd, 0xe0, 0xd, 0xe0,

    /* U+006A "j" */
    0x0, 0xb, 0xe1, 0x0, 0xe, 0xf1, 0x0, 0x1,
    0x10, 0x0, 0xc, 0xf0, 0x0, 0xc, 0xf0, 0x0,
    0xc, 0xf0, 0x0, 0xc, 0xf0, 0x0, 0xc, 0xf0,
    0x0, 0xc, 0xf0, 0x0, 0xc, 0xf0, 0x0, 0xc,
    0xf0, 0x0, 0xd, 0xe0, 0xa, 0x9f, 0xa0, 0x2d,
    0xfb, 0x10,

    /* U+006B "k" */
    0xde, 0x0, 0x0, 0x0, 0xde, 0x0, 0x0, 0x0,
    0xde, 0x0, 0x0, 0x0, 0xde, 0x0, 0x1d, 0xf3,
    0xde, 0x1, 0xdf, 0x40, 0xde, 0x2d, 0xf5, 0x0,
    0xdf, 0xef, 0xf0, 0x0, 0xdf, 0xff, 0xf5, 0x0,
    0xdf, 0x52, 0xff, 0x20, 0xde, 0x0, 0x5f, 0xc0,
    0xde, 0x0, 0x9, 0xf8,

    /* U+006C "l" */
    0xde, 0xde, 0xde, 0xde, 0xde, 0xde, 0xde, 0xde,
    0xde, 0xde, 0xde,

    /* U+006D "m" */
    0xdd, 0x7e, 0xfb, 0x25, 0xdf, 0xd5, 0xd, 0xff,
    0xac, 0xff, 0xfc, 0xaf, 0xf3, 0xdf, 0x50, 0xb,
    0xfb, 0x0, 0x5f, 0x8d, 0xf0, 0x0, 0x7f, 0x50,
    0x1, 0xfa, 0xde, 0x0, 0x7, 0xf4, 0x0, 0x1f,
    0xad, 0xe0, 0x0, 0x7f, 0x40, 0x1, 0xfa, 0xde,
    0x0, 0x7, 0xf4, 0x0, 0x1f, 0xad, 0xe0, 0x0,
    0x7f, 0x40, 0x1, 0xfa,

    /* U+006E "n" */
    0xdd, 0x7d, 0xfc, 0x30, 0xdf, 0xfb, 0xbf, 0xf1,
    0xdf, 0x50, 0x8, 0xf6, 0xdf, 0x0, 0x4, 0xf8,
    0xde, 0x0, 0x3, 0xf8, 0xde, 0x0, 0x3, 0xf8,
    0xde, 0x0, 0x3, 0xf8, 0xde, 0x0, 0x3, 0xf8,

    /* U+006F "o" */
    0x0, 0x7d, 0xfd, 0x70, 0x0, 0x9f, 0xd9, 0xdf,
    0xa0, 0x2f, 0xb0, 0x0, 0xbf, 0x36, 0xf5, 0x0,
    0x5, 0xf7, 0x6f, 0x50, 0x0, 0x5f, 0x72, 0xfc,
    0x0, 0xc, 0xf3, 0x9, 0xfd, 0x9d, 0xfa, 0x0,
    0x7, 0xdf, 0xd7, 0x0,

    /* U+0070 "p" */
    0xdd, 0x7e, 0xfc, 0x40, 0xd, 0xff, 0xba, 0xff,
    0x40, 0xdf, 0x50, 0x2, 0xfd, 0xd, 0xf0, 0x0,
    0xc, 0xf0, 0xdf, 0x0, 0x0, 0xcf, 0xd, 0xf6,
    0x0, 0x3f, 0xd0, 0xdf, 0xfb, 0xaf, 0xf4, 0xd,
    0xe6, 0xef, 0xc4, 0x0, 0xde, 0x0, 0x0, 0x0,
    0xd, 0xe0, 0x0, 0x0, 0x0, 0xde, 0x0, 0x0,
    0x0, 0x0,

    /* U+0071 "q" */
    0x0, 0x8e, 0xfc, 0x6f, 0x70, 0xbf, 0xd9, 0xdf,
    0xf7, 0x3f, 0xb0, 0x0, 0xef, 0x76, 0xf5, 0x0,
    0x8, 0xf7, 0x6f, 0x50, 0x0, 0x8f, 0x73, 0xfc,
    0x0, 0xf, 0xf7, 0xb, 0xfd, 0x9d, 0xff, 0x70,
    0x8, 0xef, 0xc7, 0xf7, 0x0, 0x0, 0x0, 0x4f,
    0x70, 0x0, 0x0, 0x4, 0xf7, 0x0, 0x0, 0x0,
    0x4f, 0x70,

    /* U+0072 "r" */
    0xdd, 0x7d, 0x7d, 0xff, 0xb4, 0xdf, 0x50, 0xd,
    0xf0, 0x0, 0xde, 0x0, 0xd, 0xe0, 0x0, 0xde,
    0x0, 0xd, 0xe0, 0x0,

    /* U+0073 "s" */
    0x5, 0xdf, 0xec, 0x43, 0xfd, 0x89, 0xe3, 0x7f,
    0x50, 0x0, 0x3, 0xff, 0xc8, 0x40, 0x2, 0x8c,
    0xff, 0x70, 0x10, 0x0, 0xfc, 0x6f, 0xa8, 0xaf,
    0x93, 0xae, 0xfe, 0x90,

    /* U+0074 "t" */
    0x9, 0xf2, 0x0, 0x9, 0xf2, 0x0, 0xdf, 0xff,
    0xf2, 0x6f, 0xf9, 0x71, 0x9, 0xf2, 0x0, 0x9,
    0xf2, 0x0, 0x9, 0xf2, 0x0, 0x9, 0xf2, 0x0,
    0x5, 0xfc, 0x94, 0x0, 0x9e, 0xe5,

    /* U+0075 "u" */
    0xed, 0x0, 0x5, 0xf6, 0xed, 0x0, 0x5, 0xf6,
    0xed, 0x0, 0x5, 0xf6, 0xed, 0x0, 0x5, 0xf6,
    0xee, 0x0, 0x6, 0xf6, 0xcf, 0x20, 0xc, 0xf6,
    0x6f, 0xea, 0xdf, 0xf6, 0x8, 0xef, 0xc7, 0xf6,

    /* U+0076 "v" */
    0xd, 0xe0, 0x0, 0xb, 0xe0, 0x7, 0xf5, 0x0,
    0x2f, 0x80, 0x1, 0xfb, 0x0, 0x8f, 0x20, 0x0,
    0xaf, 0x20, 0xeb, 0x0, 0x0, 0x4f, 0x85, 0xf5,
    0x0, 0x0, 0xd, 0xec, 0xe0, 0x0, 0x0, 0x7,
    0xff, 0x80, 0x0, 0x0, 0x1, 0xff, 0x20, 0x0,

    /* U+0077 "w" */
    0xcd, 0x0, 0x7, 0xf5, 0x0, 0xe, 0xa6, 0xf3,
    0x0, 0xcf, 0xb0, 0x4, 0xf4, 0x1f, 0x80, 0x2f,
    0xff, 0x10, 0x9e, 0x0, 0xbd, 0x7, 0xf4, 0xf6,
    0xe, 0x90, 0x6, 0xf3, 0xdb, 0xd, 0xb4, 0xf4,
    0x0, 0x1f, 0xbf, 0x50, 0x8f, 0xbe, 0x0, 0x0,
    0xbf, 0xf0, 0x2, 0xff, 0x90, 0x0, 0x6, 0xfa,
    0x0, 0xc, 0xf3, 0x0,

    /* U+0078 "x" */
    0x6f, 0x80, 0x7, 0xf6, 0xa, 0xf4, 0x3f, 0xa0,
    0x1, 0xee, 0xee, 0x10, 0x0, 0x4f, 0xf4, 0x0,
    0x0, 0x5f, 0xf6, 0x0, 0x2, 0xfd, 0xdf, 0x20,
    0xc, 0xf2, 0x2f, 0xc0, 0x8f, 0x60, 0x7, 0xf8,

    /* U+0079 "y" */
    0xd, 0xe0, 0x0, 0xb, 0xe0, 0x7, 0xf5, 0x0,
    0x2f, 0x80, 0x1, 0xfb, 0x0, 0x8f, 0x20, 0x0,
    0xaf, 0x20, 0xeb, 0x0, 0x0, 0x3f, 0x85, 0xf5,
    0x0, 0x0, 0xd, 0xec, 0xe0, 0x0, 0x0, 0x6,
    0xff, 0x80, 0x0, 0x0, 0x0, 0xff, 0x10, 0x0,
    0x0, 0x1, 0xfa, 0x0, 0x0, 0xc, 0x9d, 0xf3,
    0x0, 0x0, 0xa, 0xfd, 0x60, 0x0, 0x0,

    /* U+007A "z" */
    0x6f, 0xff, 0xff, 0xd3, 0x77, 0x7d, 0xf9, 0x0,
    0x2, 0xfc, 0x0, 0x0, 0xde, 0x20, 0x0, 0xaf,
    0x40, 0x0, 0x7f, 0x80, 0x0, 0x3f, 0xf7, 0x77,
    0x77, 0xff, 0xff, 0xff,

    /* U+007B "{" */
    0x0, 0x5d, 0xe0, 0xf, 0xf7, 0x1, 0xfa, 0x0,
    0x2f, 0x90, 0x2, 0xf9, 0x0, 0x2f, 0x90, 0x1b,
    0xf7, 0x3, 0xff, 0x30, 0x3, 0xf9, 0x0, 0x2f,
    0x90, 0x2, 0xf9, 0x0, 0x2f, 0xa0, 0x0, 0xff,
    0x70, 0x5, 0xee,

    /* U+007C "|" */
    0xbe, 0xbe, 0xbe, 0xbe, 0xbe, 0xbe, 0xbe, 0xbe,
    0xbe, 0xbe, 0xbe, 0xbe, 0xbe, 0xbe,

    /* U+007D "}" */
    0xce, 0x70, 0x6, 0xef, 0x20, 0x7, 0xf4, 0x0,
    0x6f, 0x50, 0x6, 0xf5, 0x0, 0x6f, 0x50, 0x4,
    0xfc, 0x30, 0x1f, 0xf6, 0x6, 0xf6, 0x0, 0x6f,
    0x50, 0x6, 0xf5, 0x0, 0x7f, 0x50, 0x6e, 0xf2,
    0xc, 0xe7, 0x0,

    /* U+007E "~" */
    0x0, 0x0, 0x0, 0x0, 0x9, 0xfe, 0x72, 0xd6,
    0x1f, 0x68, 0xff, 0xe1, 0x14, 0x0, 0x13, 0x10,

    /* U+00B7 "·" */
    0x1, 0x10, 0x4f, 0xf4, 0x8f, 0xf8, 0x2c, 0xc2,

    /* U+2014 "—" */
    0x5f, 0xff, 0xff, 0xff, 0xff, 0xfe, 0x2, 0x22,
    0x22, 0x22, 0x22, 0x22,

    /* U+21BA "↺" */
    0x0, 0x0, 0x1e, 0xee, 0x0, 0x82, 0x2, 0xfe,
    0x10, 0x2f, 0x20, 0x2b, 0xb8, 0x5, 0xd0, 0x0,
    0x26, 0xb0, 0x3f, 0x10, 0x0, 0xa8, 0x0, 0xbc,
    0x32, 0x8e, 0x10, 0x0, 0x8e, 0xeb, 0x20, 0x0,

    /* U+2263 "≣" */
    0x4d, 0xdd, 0xdd, 0xdc, 0x15, 0x55, 0x55, 0x54,
    0x2, 0x22, 0x22, 0x22, 0x4f, 0xff, 0xff, 0xfe,
    0x0, 0x0, 0x0, 0x0, 0x4e, 0xee, 0xee, 0xed,
    0x14, 0x44, 0x44, 0x44, 0x2, 0x22, 0x22, 0x22,
    0x4f, 0xff, 0xff, 0xfe,

    /* U+2302 "⌂" */
    0x0, 0x1, 0x0, 0x0, 0x6, 0xe1, 0x0, 0x4,
    0xd6, 0xc0, 0x2, 0xd2, 0x7, 0xb0, 0xd3, 0x0,
    0x9, 0x7d, 0x0, 0x0, 0x3a, 0xd0, 0x0, 0x3,
    0xad, 0x0, 0x0, 0x3a, 0xfd, 0xdd, 0xdd, 0xa0,

    /* U+2315 "⌕" */
    0x0, 0x6b, 0x80, 0x0, 0x7b, 0x38, 0xa0, 0xd,
    0x10, 0xd, 0x0, 0xd1, 0x0, 0xd0, 0x9, 0xb3,
    0x9a, 0x4, 0xc7, 0xa7, 0x0, 0x50, 0x0, 0x0,
    0x0,

    /* U+23ED "⏭" */
    0x10, 0x0, 0x2, 0x0, 0x0, 0x67, 0x4, 0xc1,
    0x0, 0x88, 0x0, 0xc, 0xf0, 0x4f, 0xd1, 0x8,
    0xf9, 0x0, 0xcf, 0x4, 0xff, 0xe2, 0x8f, 0xfb,
    0xc, 0xf0, 0x4f, 0xff, 0x88, 0xff, 0xf4, 0xcf,
    0x4, 0xff, 0x80, 0x8f, 0xf4, 0xc, 0xf0, 0x4f,
    0x60, 0x8, 0xe3, 0x0, 0xcf, 0x3, 0x50, 0x0,
    0x62, 0x0, 0xc, 0xf0, 0x0, 0x0, 0x0, 0x0,
    0x0, 0x0, 0x0,

    /* U+23EE "⏮" */
    0x7, 0x50, 0x0, 0x2, 0x0, 0x0, 0x11, 0xfb,
    0x0, 0x9, 0x70, 0x1, 0xc3, 0x1f, 0xb0, 0xa,
    0xf7, 0x2, 0xdf, 0x31, 0xfb, 0x1c, 0xff, 0x73,
    0xef, 0xf3, 0x1f, 0xb5, 0xff, 0xf7, 0x9f, 0xff,
    0x31, 0xfb, 0x5, 0xff, 0x70, 0x9f, 0xf3, 0x1f,
    0xb0, 0x3, 0xf7, 0x0, 0x7f, 0x31, 0xfb, 0x0,
    0x2, 0x60, 0x0, 0x63, 0x0, 0x0, 0x0, 0x0,
    0x0, 0x0, 0x0,

    /* U+25B6 "▶" */
    0x81, 0x0, 0x0, 0x0, 0xf, 0xf9, 0x10, 0x0,
    0x0, 0xff, 0xff, 0x91, 0x0, 0xf, 0xff, 0xff,
    0xf9, 0x10, 0xff, 0xff, 0xff, 0xfc, 0x1f, 0xff,
    0xff, 0xc4, 0x0, 0xff, 0xfc, 0x40, 0x0, 0xf,
    0xc4, 0x0, 0x0, 0x0, 0x40, 0x0, 0x0, 0x0,
    0x0,

    /* U+25C9 "◉" */
    0x0, 0x6b, 0xc8, 0x10, 0x0, 0xb8, 0x55, 0x6d,
    0x20, 0x77, 0xaf, 0xfd, 0x5c, 0xd, 0x6f, 0xff,
    0xf9, 0xc1, 0xd7, 0xff, 0xff, 0xca, 0x3c, 0x5f,
    0xff, 0xf9, 0xc1, 0x78, 0xaf, 0xfc, 0x5b, 0x0,
    0xb9, 0x55, 0x7d, 0x20, 0x0, 0x5b, 0xb7, 0x0,
    0x0,

    /* U+25CC "◌" */
    0x0, 0x9, 0xc0, 0x0, 0x0, 0xc4, 0x0, 0x1d,
    0x20, 0x3, 0x0, 0x0, 0x21, 0x6, 0x0, 0x0,
    0x0, 0x51, 0xd0, 0x0, 0x0, 0xa, 0x35, 0x0,
    0x0, 0x0, 0x41, 0x4, 0x0, 0x0, 0x31, 0x0,
    0xb4, 0x11, 0x1d, 0x10, 0x0, 0x9, 0xb0, 0x0,
    0x0,

    /* U+266A "♪" */
    0x0, 0xa, 0x0, 0x0, 0x0, 0xff, 0x91, 0x0,
    0xa, 0x29, 0x80, 0x0, 0xa0, 0x24, 0x0, 0xa,
    0x0, 0x0, 0x0, 0xa0, 0x0, 0x0, 0xa, 0x0,
    0x0, 0x21, 0xa0, 0x0, 0x9f, 0xfa, 0x0, 0x5,
    0xdc, 0x30, 0x0,

    /* U+266B "♫" */
    0x0, 0xa, 0x83, 0x0, 0x0, 0xb, 0xef, 0xe7,
    0x0, 0x8, 0x3, 0x8a, 0x0, 0x8, 0x0, 0x7,
    0x0, 0x8, 0x0, 0x7, 0x0, 0x8, 0x0, 0x7,
    0x0, 0x8, 0x0, 0x7, 0x2, 0x38, 0x0, 0x7,
    0x3f, 0xfa, 0x0, 0x7, 0x1a, 0xb2, 0x1d, 0xe9,
    0x0, 0x0, 0x1f, 0xf6, 0x0, 0x0, 0x0, 0x0,

    /* U+2699 "⚙" */
    0x0, 0x3, 0x70, 0x0, 0x0, 0x5c, 0xcf, 0x9d,
    0x0, 0x7, 0xd5, 0x38, 0xe1, 0xa, 0xf2, 0x0,
    0x9, 0xf3, 0x4d, 0x9, 0xf0, 0x4c, 0x8, 0xe0,
    0x48, 0x6, 0xe2, 0x4b, 0x90, 0x3, 0xe8, 0x0,
    0x7f, 0xed, 0xff, 0x0, 0x0, 0x25, 0xc0, 0x30,
    0x0,

    /* U+3001 "、" */
    0x1, 0x0, 0x1, 0xe9, 0x0, 0x8, 0xfa, 0x0,
    0x8, 0xf9, 0x0, 0x8, 0x30,

    /* U+3002 "。" */
    0x4, 0x96, 0x4, 0xc4, 0xb6, 0x95, 0x2, 0xb6,
    0x90, 0x79, 0xa, 0xeb, 0x10,

    /* U+4E00 "一" */
    0x2, 0x22, 0x22, 0x22, 0x22, 0x22, 0x21, 0x1f,
    0xff, 0xff, 0xff, 0xff, 0xff, 0xf9, 0x3, 0x33,
    0x33, 0x33, 0x33, 0x33, 0x32,

    /* U+4E0A "上" */
    0x0, 0x0, 0x0, 0xf5, 0x0, 0x0, 0x0, 0x0,
    0x0, 0x0, 0xf5, 0x0, 0x0, 0x0, 0x0, 0x0,
    0x0, 0xf5, 0x0, 0x0, 0x0, 0x0, 0x0, 0x0,
    0xf5, 0x0, 0x0, 0x0, 0x0, 0x0, 0x0, 0xf8,
    0x55, 0x55, 0x10, 0x0, 0x0, 0x0, 0xff, 0xff,
    0xff, 0x40, 0x0, 0x0, 0x0, 0xf5, 0x0, 0x0,
    0x0, 0x0, 0x0, 0x0, 0xf5, 0x0, 0x0, 0x0,
    0x0, 0x0, 0x0, 0xf5, 0x0, 0x0, 0x0, 0x0,
    0x0, 0x0, 0xf5, 0x0, 0x0, 0x0, 0x0, 0x0,
    0x0, 0xf5, 0x0, 0x0, 0x0, 0x1f, 0xff, 0xff,
    0xff, 0xff, 0xff, 0xf6, 0x5, 0x55, 0x55, 0x55,
    0x55, 0x55, 0x52,

    /* U+4E0B "下" */
    0x2f, 0xff, 0xff, 0xff, 0xff, 0xff, 0xf2, 0x15,
    0x55, 0x55, 0xfa, 0x55, 0x55, 0x51, 0x0, 0x0,
    0x0, 0xf6, 0x0, 0x0, 0x0, 0x0, 0x0, 0x0,
    0xfa, 0x10, 0x0, 0x0, 0x0, 0x0, 0x0, 0xff,
    0xf8, 0x0, 0x0, 0x0, 0x0, 0x0, 0xf7, 0x8f,
    0xe5, 0x0, 0x0, 0x0, 0x0, 0xf6, 0x2, 0xcf,
    0x40, 0x0, 0x0, 0x0, 0xf6, 0x0, 0x5, 0x0,
    0x0, 0x0, 0x0, 0xf6, 0x0, 0x0, 0x0, 0x0,
    0x0, 0x0, 0xf6, 0x0, 0x0, 0x0, 0x0, 0x0,
    0x0, 0xf6, 0x0, 0x0, 0x0, 0x0, 0x0, 0x0,
    0xf6, 0x0, 0x0, 0x0,

    /* U+4E0D "不" */
    0xf, 0xff, 0xff, 0xff, 0xff, 0xff, 0xf0, 0x5,
    0x55, 0x55, 0x8f, 0xa5, 0x55, 0x50, 0x0, 0x0,
    0x0, 0xde, 0x0, 0x0, 0x0, 0x0, 0x0, 0xa,
    0xfb, 0x30, 0x0, 0x0, 0x0, 0x0, 0x9f, 0xec,
    0xdd, 0x30, 0x0, 0x0, 0xb, 0xf5, 0xbb, 0x1b,
    0xf7, 0x0, 0x4, 0xdf, 0x50, 0xbb, 0x0, 0x8f,
    0x90, 0x2f, 0xb2, 0x0, 0xbb, 0x0, 0x6, 0xe2,
    0x2, 0x0, 0x0, 0xbb, 0x0, 0x0, 0x10, 0x0,
    0x0, 0x0, 0xbb, 0x0, 0x0, 0x0, 0x0, 0x0,
    0x0, 0xbb, 0x0, 0x0, 0x0, 0x0, 0x0, 0x0,
    0xbb, 0x0, 0x0, 0x0,

    /* U+4E0E "与" */
    0x0, 0x2, 0x60, 0x0, 0x0, 0x0, 0x0, 0x0,
    0x7d, 0x0, 0x0, 0x0, 0x0, 0x0, 0xa, 0xff,
    0xff, 0xff, 0xff, 0x50, 0x0, 0xd9, 0x44, 0x44,
    0x44, 0x41, 0x0, 0xf, 0x40, 0x0, 0x0, 0x0,
    0x0, 0x4, 0xf5, 0x33, 0x33, 0x33, 0x32, 0x0,
    0x7f, 0xff, 0xff, 0xff, 0xff, 0x80, 0x0, 0x0,
    0x0, 0x0, 0x0, 0xd7, 0x4, 0x44, 0x44, 0x44,
    0x42, 0xf, 0x51, 0xff, 0xff, 0xff, 0xff, 0x82,
    0xf2, 0x0, 0x0, 0x0, 0x0, 0x0, 0x6f, 0x0,
    0x0, 0x0, 0x1, 0x43, 0x4d, 0xb0, 0x0, 0x0,
    0x0, 0xe, 0xff, 0xc2, 0x0, 0x0, 0x0, 0x0,
    0x0, 0x0, 0x0,

    /* U+4E13 "专" */
    0x0, 0x0, 0x3, 0xa0, 0x0, 0x0, 0x0, 0x0,
    0x44, 0x4a, 0xe4, 0x44, 0x44, 0x0, 0x0, 0xff,
    0xff, 0xff, 0xff, 0xff, 0x0, 0x0, 0x0, 0x1f,
    0x40, 0x0, 0x0, 0x0, 0x16, 0x66, 0x9f, 0x76,
    0x66, 0x66, 0x60, 0x2d, 0xdd, 0xfe, 0xdd, 0xdd,
    0xdd, 0xd0, 0x0, 0x0, 0xf5, 0x0, 0x0, 0x0,
    0x0, 0x0, 0x6, 0xff, 0xff, 0xff, 0xfc, 0x0,
    0x0, 0x2, 0x33, 0x33, 0x3c, 0xf3, 0x0, 0x0,
    0x0, 0x30, 0x0, 0x9f, 0x40, 0x0, 0x0, 0x2,
    0xef, 0xbb, 0xf4, 0x0, 0x0, 0x0, 0x0, 0x4,
    0x9e, 0xf8, 0x10, 0x0, 0x0, 0x0, 0x0, 0x0,
    0x6e, 0x60, 0x0, 0x0, 0x0, 0x0, 0x0, 0x0,
    0x0, 0x0,

    /* U+4E1C "东" */
    0x0, 0x0, 0x5, 0x90, 0x0, 0x0, 0x0, 0x0,
    0x0, 0xd, 0xc0, 0x0, 0x0, 0x0, 0xe, 0xff,
    0xff, 0xff, 0xff, 0xff, 0xc0, 0x4, 0x45, 0xfb,
    0x44, 0x44, 0x44, 0x30, 0x0, 0x8, 0xe1, 0xc,
    0x30, 0x0, 0x0, 0x0, 0x4f, 0x50, 0xf, 0x40,
    0x0, 0x0, 0x0, 0xef, 0xff, 0xff, 0xff, 0xff,
    0x30, 0x0, 0x45, 0x44, 0x5f, 0x84, 0x44, 0x10,
    0x0, 0x7, 0x40, 0xf, 0x43, 0x60, 0x0, 0x0,
    0x3f, 0x40, 0xf, 0x43, 0xf6, 0x0, 0x1, 0xdb,
    0x0, 0xf, 0x40, 0x5f, 0x30, 0xb, 0xe1, 0x5,
    0x6f, 0x40, 0xa, 0xe0, 0x3, 0x30, 0xc, 0xfb,
    0x0, 0x0, 0x20, 0x0, 0x0, 0x0, 0x0, 0x0,
    0x0, 0x0,

    /* U+4E2A "个" */
    0x0, 0x0, 0x0, 0x68, 0x0, 0x0, 0x0, 0x0,
    0x0, 0x3, 0xfc, 0x0, 0x0, 0x0, 0x0, 0x0,
    0x3e, 0xbe, 0xb0, 0x0, 0x0, 0x0, 0x6, 0xfa,
    0x2, 0xed, 0x20, 0x0, 0x2, 0xbf, 0x90, 0x83,
    0x2d, 0xf8, 0x10, 0x6f, 0xd4, 0x0, 0xe6, 0x0,
    0x8f, 0xe1, 0x7, 0x0, 0x0, 0xe6, 0x0, 0x2,
    0x60, 0x0, 0x0, 0x0, 0xe6, 0x0, 0x0, 0x0,
    0x0, 0x0, 0x0, 0xe6, 0x0, 0x0, 0x0, 0x0,
    0x0, 0x0, 0xe6, 0x0, 0x0, 0x0, 0x0, 0x0,
    0x0, 0xe6, 0x0, 0x0, 0x0, 0x0, 0x0, 0x0,
    0xe6, 0x0, 0x0, 0x0, 0x0, 0x0, 0x0, 0xe6,
    0x0, 0x0, 0x0,

    /* U+4E2D "中" */
    0x0, 0x0, 0x6, 0xe0, 0x0, 0x0, 0x0, 0x0,
    0x6, 0xe0, 0x0, 0x0, 0x24, 0x44, 0x49, 0xf4,
    0x44, 0x44, 0x6f, 0xff, 0xff, 0xff, 0xff, 0xfe,
    0x6d, 0x0, 0x6, 0xe0, 0x0, 0x7e, 0x6d, 0x0,
    0x6, 0xe0, 0x0, 0x7e, 0x6d, 0x0, 0x6, 0xe0,
    0x0, 0x7e, 0x6e, 0x66, 0x6a, 0xf6, 0x66, 0xae,
    0x6f, 0xdd, 0xde, 0xfd, 0xdd, 0xee, 0x36, 0x0,
    0x6, 0xe0, 0x0, 0x25, 0x0, 0x0, 0x6, 0xe0,
    0x0, 0x0, 0x0, 0x0, 0x6, 0xe0, 0x0, 0x0,
    0x0, 0x0, 0x6, 0xe0, 0x0, 0x0,

    /* U+4E3A "为" */
    0x0, 0x34, 0x5, 0xf0, 0x0, 0x0, 0x0, 0x6,
    0xf2, 0x6f, 0x0, 0x0, 0x0, 0x0, 0xd, 0x86,
    0xe0, 0x0, 0x0, 0x0, 0x45, 0x75, 0x9f, 0x55,
    0x55, 0x53, 0xc, 0xff, 0xff, 0xff, 0xff, 0xff,
    0x90, 0x0, 0x0, 0xba, 0x0, 0x0, 0xc9, 0x0,
    0x0, 0xe, 0x74, 0x10, 0xd, 0x80, 0x0, 0x5,
    0xf2, 0xbc, 0x0, 0xe7, 0x0, 0x0, 0xdb, 0x1,
    0xe7, 0xf, 0x60, 0x0, 0x8f, 0x30, 0x4, 0x30,
    0xf5, 0x0, 0x6f, 0x70, 0x0, 0x0, 0x3f, 0x30,
    0x9f, 0x80, 0x0, 0x5, 0x5b, 0xf0, 0x9, 0x50,
    0x0, 0x0, 0xef, 0xe6, 0x0, 0x0, 0x0, 0x0,
    0x0, 0x0, 0x0,

    /* U+4E3B "主" */
    0x0, 0x0, 0x4, 0x70, 0x0, 0x0, 0x0, 0x0,
    0x0, 0x5, 0xfb, 0x0, 0x0, 0x0, 0x0, 0x0,
    0x0, 0x4f, 0x70, 0x0, 0x0, 0x8, 0xff, 0xff,
    0xff, 0xff, 0xff, 0x80, 0x2, 0x33, 0x33, 0xcc,
    0x33, 0x33, 0x10, 0x0, 0x0, 0x0, 0xbb, 0x0,
    0x0, 0x0, 0x0, 0x0, 0x0, 0xbb, 0x0, 0x0,
    0x0, 0x0, 0xdf, 0xff, 0xff, 0xff, 0xfe, 0x0,
    0x0, 0x34, 0x44, 0xcc, 0x44, 0x44, 0x0, 0x0,
    0x0, 0x0, 0xbb, 0x0, 0x0, 0x0, 0x0, 0x0,
    0x0, 0xbb, 0x0, 0x0, 0x0, 0x2d, 0xdd, 0xdd,
    0xff, 0xdd, 0xdd, 0xd3, 0x16, 0x66, 0x66, 0x66,
    0x66, 0x66, 0x61,

    /* U+4E89 "争" */
    0x0, 0x0, 0x7d, 0x0, 0x0, 0x0, 0x0, 0x0,
    0x3, 0xff, 0xcc, 0xcc, 0x30, 0x0, 0x0, 0x2e,
    0x94, 0x44, 0xce, 0x10, 0x0, 0x4, 0xfc, 0x22,
    0x26, 0xf7, 0x21, 0x0, 0x8, 0xcf, 0xff, 0xff,
    0xff, 0xfb, 0x0, 0x0, 0x0, 0x0, 0xaa, 0x0,
    0x8b, 0x0, 0x2e, 0xee, 0xee, 0xff, 0xee, 0xff,
    0xe9, 0x4, 0x44, 0x44, 0xcc, 0x44, 0xad, 0x42,
    0x0, 0x22, 0x22, 0xbb, 0x22, 0x9b, 0x0, 0x0,
    0xef, 0xff, 0xff, 0xff, 0xfb, 0x0, 0x0, 0x0,
    0x0, 0xaa, 0x0, 0x0, 0x0, 0x0, 0x0, 0x33,
    0xca, 0x0, 0x0, 0x0, 0x0, 0x0, 0xdf, 0xd4,
    0x0, 0x0, 0x0,

    /* U+4E8C "二" */
    0x0, 0xff, 0xff, 0xff, 0xff, 0xff, 0x0, 0x0,
    0x77, 0x77, 0x77, 0x77, 0x77, 0x0, 0x0, 0x0,
    0x0, 0x0, 0x0, 0x0, 0x0, 0x0, 0x0, 0x0,
    0x0, 0x0, 0x0, 0x0, 0x0, 0x0, 0x0, 0x0,
    0x0, 0x0, 0x0, 0x0, 0x0, 0x0, 0x0, 0x0,
    0x0, 0x0, 0x0, 0x0, 0x0, 0x0, 0x0, 0x0,
    0x0, 0x0, 0x0, 0x0, 0x0, 0x0, 0x0, 0x0,
    0x18, 0x88, 0x88, 0x88, 0x88, 0x88, 0x81, 0x2f,
    0xff, 0xff, 0xff, 0xff, 0xff, 0xf2,

    /* U+4E8E "于" */
    0x3, 0xff, 0xff, 0xff, 0xff, 0xff, 0x30, 0x1,
    0x55, 0x55, 0xbe, 0x55, 0x55, 0x10, 0x0, 0x0,
    0x0, 0x8d, 0x0, 0x0, 0x0, 0x0, 0x0, 0x0,
    0x8d, 0x0, 0x0, 0x0, 0x4, 0x44, 0x44, 0xae,
    0x44, 0x44, 0x40, 0x2f, 0xff, 0xff, 0xff, 0xff,
    0xff, 0xf3, 0x0, 0x0, 0x0, 0x8d, 0x0, 0x0,
    0x0, 0x0, 0x0, 0x0, 0x8d, 0x0, 0x0, 0x0,
    0x0, 0x0, 0x0, 0x8d, 0x0, 0x0, 0x0, 0x0,
    0x0, 0x0, 0x8d, 0x0, 0x0, 0x0, 0x0, 0x2,
    0x55, 0xbc, 0x0, 0x0, 0x0, 0x0, 0x1, 0xff,
    0xd5, 0x0, 0x0, 0x0, 0x0, 0x0, 0x0, 0x0,
    0x0, 0x0, 0x0,

    /* U+4EAB "享" */
    0x0, 0x0, 0x0, 0x0, 0x0, 0x0, 0x0, 0x0,
    0x0, 0x0, 0xd8, 0x0, 0x0, 0x0, 0xd, 0xdd,
    0xdd, 0xff, 0xdd, 0xdd, 0xd0, 0x4, 0x44, 0x44,
    0x44, 0x44, 0x44, 0x40, 0x0, 0x5e, 0xee, 0xee,
    0xee, 0xe6, 0x0, 0x0, 0x5e, 0x0, 0x0, 0x0,
    0xe7, 0x0, 0x0, 0x5f, 0xdd, 0xdd, 0xdd, 0xf7,
    0x0, 0x0, 0x13, 0x33, 0x33, 0x33, 0x31, 0x0,
    0x0, 0xdf, 0xff, 0xff, 0xff, 0xf7, 0x0, 0x0,
    0x0, 0x0, 0x6b, 0xb7, 0x20, 0x0, 0x2d, 0xdd,
    0xdd, 0xff, 0xdd, 0xdd, 0xd3, 0x4, 0x44, 0x44,
    0xcb, 0x44, 0x44, 0x40, 0x0, 0x0, 0x10, 0xca,
    0x0, 0x0, 0x0, 0x0, 0x0, 0xef, 0xe5, 0x0,
    0x0, 0x0,

    /* U+4EAC "京" */
    0x0, 0x0, 0x1, 0xc4, 0x0, 0x0, 0x0, 0x2,
    0x22, 0x22, 0xcd, 0x22, 0x22, 0x20, 0x1f, 0xff,
    0xff, 0xff, 0xff, 0xff, 0xf1, 0x1, 0x11, 0x11,
    0x11, 0x11, 0x11, 0x10, 0x0, 0x6f, 0xff, 0xff,
    0xff, 0xf8, 0x0, 0x0, 0x6e, 0x22, 0x22, 0x22,
    0xd8, 0x0, 0x0, 0x6d, 0x0, 0x0, 0x0, 0xd8,
    0x0, 0x0, 0x6f, 0xff, 0xff, 0xff, 0xf8, 0x0,
    0x0, 0x12, 0x22, 0xac, 0x22, 0x21, 0x0, 0x0,
    0x3e, 0x20, 0x9b, 0x4, 0xd2, 0x0, 0x1, 0xe9,
    0x0, 0x9b, 0x0, 0xbd, 0x10, 0x1d, 0xb0, 0x33,
    0xcb, 0x0, 0x1e, 0xb0, 0x5, 0x0, 0xaf, 0xe6,
    0x0, 0x3, 0x30,

    /* U+4EAE "亮" */
    0x0, 0x0, 0x0, 0xb8, 0x0, 0x0, 0x0, 0x1a,
    0xaa, 0xaa, 0xdf, 0xaa, 0xaa, 0xa1, 0x16, 0x66,
    0x66, 0x66, 0x66, 0x66, 0x60, 0x0, 0x2d, 0xdd,
    0xdd, 0xdd, 0xd3, 0x0, 0x0, 0x2f, 0x10, 0x0,
    0x1, 0xf4, 0x0, 0x0, 0x2f, 0xed, 0xdd, 0xde,
    0xf4, 0x0, 0x0, 0x12, 0x22, 0x22, 0x22, 0x21,
    0x0, 0xf, 0xff, 0xff, 0xff, 0xff, 0xff, 0xe0,
    0xf, 0x40, 0x22, 0x22, 0x22, 0x5, 0xe0, 0x5,
    0x10, 0xff, 0xee, 0xfd, 0x2, 0x50, 0x0, 0x3,
    0xf3, 0x0, 0x8d, 0x0, 0x50, 0x0, 0x5e, 0xc0,
    0x0, 0x8e, 0x24, 0xf1, 0xe, 0xf9, 0x10, 0x0,
    0x4e, 0xff, 0xb0, 0x1, 0x0, 0x0, 0x0, 0x0,
    0x0, 0x0,

    /* U+4EBA "人" */
    0x0, 0x0, 0x0, 0xda, 0x0, 0x0, 0x0, 0x0,
    0x0, 0x0, 0xd9, 0x0, 0x0, 0x0, 0x0, 0x0,
    0x0, 0xfa, 0x0, 0x0, 0x0, 0x0, 0x0, 0x1,
    0xfc, 0x0, 0x0, 0x0, 0x0, 0x0, 0x4, 0xff,
    0x10, 0x0, 0x0, 0x0, 0x0, 0x7, 0xff, 0x60,
    0x0, 0x0, 0x0, 0x0, 0xd, 0xaa, 0xb0, 0x0,
    0x0, 0x0, 0x0, 0x4f, 0x44, 0xf3, 0x0, 0x0,
    0x0, 0x0, 0xdc, 0x0, 0xbc, 0x0, 0x0, 0x0,
    0xa, 0xf3, 0x0, 0x2f, 0xa0, 0x0, 0x0, 0x9f,
    0x60, 0x0, 0x4, 0xfa, 0x10, 0x2d, 0xf6, 0x0,
    0x0, 0x0, 0x5e, 0xe3, 0x8, 0x20, 0x0, 0x0,
    0x0, 0x1, 0x70,

    /* U+4ECA "今" */
    0x0, 0x0, 0x0, 0x68, 0x0, 0x0, 0x0, 0x0,
    0x0, 0x4, 0xff, 0x40, 0x0, 0x0, 0x0, 0x0,
    0x5f, 0xa8, 0xf5, 0x0, 0x0, 0x0, 0x9, 0xf9,
    0x0, 0x6f, 0x91, 0x0, 0x5, 0xef, 0x74, 0xd3,
    0x4, 0xef, 0x70, 0x3f, 0xc2, 0x0, 0x9f, 0x50,
    0x1a, 0xf3, 0x3, 0x0, 0x0, 0x7, 0x90, 0x0,
    0x10, 0x0, 0xbf, 0xff, 0xff, 0xff, 0xfc, 0x0,
    0x0, 0x45, 0x55, 0x55, 0x5a, 0xf5, 0x0, 0x0,
    0x0, 0x0, 0x0, 0x3f, 0x90, 0x0, 0x0, 0x0,
    0x0, 0x1, 0xec, 0x0, 0x0, 0x0, 0x0, 0x0,
    0xc, 0xe1, 0x0, 0x0, 0x0, 0x0, 0x0, 0x5f,
    0x40, 0x0, 0x0, 0x0, 0x0, 0x0, 0x0, 0x0,
    0x0, 0x0,

    /* U+4ECE "从" */
    0x0, 0x0, 0x0, 0x0, 0x0, 0x0, 0x0, 0x0,
    0x8, 0xe0, 0x0, 0x2f, 0x30, 0x0, 0x0, 0x9,
    0xd0, 0x0, 0x4f, 0x20, 0x0, 0x0, 0xa, 0xc0,
    0x0, 0x5f, 0x0, 0x0, 0x0, 0xb, 0xa0, 0x0,
    0x7f, 0x0, 0x0, 0x0, 0xd, 0xb0, 0x0, 0x9e,
    0x0, 0x0, 0x0, 0xf, 0xf6, 0x0, 0xcf, 0x10,
    0x0, 0x0, 0x2f, 0xaf, 0x20, 0xff, 0x60, 0x0,
    0x0, 0x6f, 0xb, 0xc5, 0xfb, 0xc0, 0x0, 0x0,
    0xbb, 0x2, 0xcc, 0xd1, 0xf3, 0x0, 0x2, 0xf7,
    0x0, 0x2f, 0x70, 0xad, 0x0, 0xb, 0xe0, 0x1,
    0xde, 0x0, 0x2e, 0xb0, 0x3f, 0x60, 0x8, 0xf3,
    0x0, 0x4, 0xf2, 0x3, 0x0, 0x0, 0x30, 0x0,
    0x0, 0x10,

    /* U+4EE5 "以" */
    0x0, 0x0, 0x0, 0x0, 0x0, 0x0, 0x0, 0x84,
    0x0, 0x0, 0x0, 0xab, 0x0, 0xe, 0x70, 0xbb,
    0x0, 0xc, 0xa0, 0x0, 0xe7, 0x3, 0xf6, 0x0,
    0xd8, 0x0, 0xe, 0x70, 0x8, 0xe1, 0xf, 0x60,
    0x0, 0xe7, 0x0, 0x16, 0x2, 0xf4, 0x0, 0xe,
    0x70, 0x0, 0x0, 0x6f, 0x0, 0x0, 0xe7, 0x0,
    0x0, 0xb, 0xb0, 0x0, 0xe, 0x71, 0x78, 0x2,
    0xf6, 0x0, 0x0, 0xfd, 0xfe, 0x50, 0xcf, 0xd1,
    0x0, 0x6f, 0xe6, 0x0, 0x9f, 0x5d, 0xd0, 0x7,
    0x80, 0x2, 0xbf, 0x60, 0x2e, 0xb0, 0x0, 0x0,
    0xdd, 0x30, 0x0, 0x4e, 0x20, 0x0, 0x1, 0x0,
    0x0, 0x0, 0x0,

    /* U+4F18 "优" */
    0x0, 0x0, 0x0, 0x0, 0x0, 0x0, 0x0, 0x0,
    0xb, 0x80, 0xf, 0x41, 0x80, 0x0, 0x0, 0x2f,
    0x40, 0xf, 0x41, 0xe9, 0x0, 0x0, 0x8e, 0x0,
    0xf, 0x40, 0x3f, 0x20, 0x1, 0xe8, 0x44, 0x4f,
    0x74, 0x48, 0x40, 0x9, 0xf5, 0xff, 0xff, 0xff,
    0xff, 0xf1, 0x4f, 0xf5, 0x0, 0x2f, 0x10, 0x0,
    0x0, 0x5b, 0xe5, 0x0, 0x4f, 0x5f, 0x0, 0x0,
    0x0, 0xe5, 0x0, 0x7d, 0x5f, 0x0, 0x0, 0x0,
    0xe5, 0x0, 0xb8, 0x5f, 0x0, 0x0, 0x0, 0xe5,
    0x2, 0xf3, 0x5f, 0x0, 0x10, 0x0, 0xe5, 0xa,
    0xb0, 0x5f, 0x0, 0xe2, 0x0, 0xe5, 0x7e, 0x20,
    0x4f, 0x33, 0xf1, 0x0, 0xe6, 0xc3, 0x0, 0x1d,
    0xff, 0xa0,

    /* U+4F1A "会" */
    0x0, 0x0, 0x0, 0x16, 0x0, 0x0, 0x0, 0x0,
    0x0, 0x0, 0xbf, 0x20, 0x0, 0x0, 0x0, 0x0,
    0x1c, 0xeb, 0xd3, 0x0, 0x0, 0x0, 0x6, 0xec,
    0x10, 0x9f, 0x81, 0x0, 0x5, 0xdf, 0xd4, 0x44,
    0x49, 0xff, 0x92, 0xd, 0xb5, 0xee, 0xee, 0xee,
    0x77, 0xd3, 0x0, 0x0, 0x0, 0x0, 0x0, 0x0,
    0x0, 0x8, 0xff, 0xff, 0xff, 0xff, 0xff, 0xe0,
    0x2, 0x44, 0x6f, 0xb4, 0x47, 0x54, 0x40, 0x0,
    0x0, 0xcc, 0x0, 0x1e, 0x90, 0x0, 0x0, 0x1c,
    0xd1, 0x1, 0x26, 0xf8, 0x0, 0x0, 0xdf, 0xff,
    0xff, 0xff, 0xef, 0x50, 0x0, 0x77, 0x64, 0x32,
    0x0, 0x8, 0x70,

    /* U+4F46 "但" */
    0x0, 0x9, 0x50, 0x0, 0x0, 0x0, 0x0, 0x0,
    0x2f, 0x4e, 0xff, 0xff, 0xff, 0x20, 0x0, 0xad,
    0xe, 0x93, 0x33, 0x6f, 0x20, 0x3, 0xf7, 0xe,
    0x60, 0x0, 0x3f, 0x20, 0x1d, 0xf6, 0xe, 0x82,
    0x22, 0x5f, 0x20, 0x9f, 0xf6, 0xe, 0xff, 0xff,
    0xff, 0x20, 0x66, 0xd6, 0xe, 0x70, 0x0, 0x4f,
    0x20, 0x0, 0xd6, 0xe, 0x60, 0x0, 0x3f, 0x20,
    0x0, 0xd6, 0xe, 0x94, 0x44, 0x7f, 0x20, 0x0,
    0xd6, 0xe, 0xff, 0xff, 0xff, 0x20, 0x0, 0xd6,
    0x0, 0x0, 0x0, 0x0, 0x0, 0x0, 0xd6, 0xcd,
    0xdd, 0xdd, 0xdd, 0xd3, 0x0, 0xd6, 0x55, 0x55,
    0x55, 0x55, 0x51,

    /* U+4F4D "位" */
    0x0, 0x1, 0x81, 0x0, 0x95, 0x0, 0x0, 0x0,
    0x8, 0xe0, 0x0, 0xab, 0x0, 0x0, 0x0, 0x1f,
    0x63, 0x44, 0x8a, 0x44, 0x40, 0x0, 0x9f, 0xa,
    0xff, 0xff, 0xff, 0xe0, 0x5, 0xfe, 0x0, 0x22,
    0x0, 0x15, 0x0, 0x1f, 0xee, 0x0, 0xa8, 0x0,
    0x4f, 0x10, 0x9, 0x6e, 0x0, 0x8c, 0x0, 0x6e,
    0x0, 0x0, 0x6e, 0x0, 0x5f, 0x0, 0x9a, 0x0,
    0x0, 0x6e, 0x0, 0x2f, 0x20, 0xc7, 0x0, 0x0,
    0x6e, 0x0, 0xf, 0x40, 0xf3, 0x0, 0x0, 0x6e,
    0x0, 0x6, 0x13, 0xf0, 0x0, 0x0, 0x6e, 0x3e,
    0xee, 0xef, 0xfe, 0xe7, 0x0, 0x6e, 0x14, 0x44,
    0x44, 0x44, 0x42,

    /* U+4F4E "低" */
    0x0, 0x4, 0x10, 0x0, 0x0, 0x25, 0x0, 0x0,
    0x1f, 0x52, 0x47, 0xae, 0xfd, 0x30, 0x0, 0x8e,
    0xf, 0xeb, 0x9f, 0x30, 0x0, 0x0, 0xe7, 0xf,
    0x30, 0xf, 0x30, 0x0, 0xa, 0xf5, 0xf, 0x30,
    0xf, 0x40, 0x0, 0x6f, 0xf5, 0xf, 0x74, 0x4f,
    0x84, 0x40, 0xa9, 0xe5, 0xf, 0xfe, 0xef, 0xfe,
    0xe0, 0x10, 0xe5, 0xf, 0x30, 0xb, 0x80, 0x0,
    0x0, 0xe5, 0xf, 0x30, 0x8, 0xb0, 0x0, 0x0,
    0xe5, 0xf, 0x30, 0x15, 0xe0, 0x20, 0x0, 0xe5,
    0xf, 0x30, 0xe3, 0xf3, 0xb3, 0x0, 0xe5, 0x2f,
    0xce, 0x89, 0xae, 0xf1, 0x0, 0xe5, 0x5d, 0x73,
    0x29, 0x1b, 0x80, 0x0, 0x0, 0x0, 0x0, 0x0,
    0x0, 0x0,

    /* U+4F5C "作" */
    0x0, 0x0, 0x60, 0x3, 0x10, 0x0, 0x0, 0x0,
    0x7, 0xe0, 0xe, 0x60, 0x0, 0x0, 0x0, 0xe,
    0x80, 0x6f, 0x54, 0x44, 0x42, 0x0, 0x7f, 0x10,
    0xdf, 0xff, 0xff, 0xf8, 0x3, 0xfe, 0x8, 0xe1,
    0xe6, 0x0, 0x0, 0x1e, 0xfe, 0x3f, 0x60, 0xe8,
    0x33, 0x30, 0xd, 0x8e, 0x18, 0x0, 0xef, 0xff,
    0xf3, 0x0, 0x6e, 0x0, 0x0, 0xe6, 0x0, 0x0,
    0x0, 0x6e, 0x0, 0x0, 0xe9, 0x44, 0x41, 0x0,
    0x6e, 0x0, 0x0, 0xef, 0xff, 0xf6, 0x0, 0x6e,
    0x0, 0x0, 0xe6, 0x0, 0x0, 0x0, 0x6e, 0x0,
    0x0, 0xe6, 0x0, 0x0, 0x0, 0x6e, 0x0, 0x0,
    0xe6, 0x0, 0x0, 0x0, 0x0, 0x0, 0x0, 0x0,
    0x0, 0x0,

    /* U+4F60 "你" */
    0x0, 0x7, 0x30, 0x82, 0x0, 0x0, 0x0, 0x0,
    0x2f, 0x42, 0xf2, 0x0, 0x0, 0x0, 0x0, 0x9d,
    0x7, 0xe2, 0x22, 0x22, 0x10, 0x3, 0xf6, 0xd,
    0xff, 0xff, 0xff, 0xf0, 0x1d, 0xf4, 0x7f, 0x20,
    0xe6, 0x7, 0xc0, 0xaf, 0xf5, 0xc7, 0x0, 0xe5,
    0x8, 0x90, 0x64, 0xe4, 0x12, 0x90, 0xe5, 0x76,
    0x0, 0x0, 0xe4, 0x7, 0xc0, 0xe5, 0x7e, 0x0,
    0x0, 0xe4, 0xc, 0x70, 0xe5, 0x1f, 0x50, 0x0,
    0xe4, 0x4f, 0x20, 0xe5, 0xb, 0xa0, 0x0, 0xe4,
    0x89, 0x0, 0xe5, 0x7, 0xc0, 0x0, 0xe4, 0x0,
    0x24, 0xf5, 0x0, 0x0, 0x0, 0xe4, 0x0, 0x3f,
    0xd1, 0x0, 0x0, 0x0, 0x0, 0x0, 0x0, 0x0,
    0x0, 0x0,

    /* U+4FA7 "侧" */
    0x0, 0x0, 0x0, 0x0, 0x0, 0x0, 0x0, 0x8,
    0x80, 0x0, 0x0, 0x0, 0x2e, 0x0, 0xd5, 0xff,
    0xff, 0xe0, 0x42, 0xe0, 0x1f, 0x1f, 0x2, 0x1e,
    0x2d, 0x2e, 0x7, 0xf0, 0xf1, 0xe1, 0xe2, 0xd2,
    0xe0, 0xee, 0xf, 0x1e, 0x1e, 0x2d, 0x2e, 0x6f,
    0xe0, 0xf1, 0xe1, 0xe2, 0xd2, 0xe3, 0x7e, 0xf,
    0x1e, 0x1e, 0x2d, 0x2e, 0x1, 0xe0, 0xf1, 0xe1,
    0xe2, 0xd2, 0xe0, 0x1e, 0xf, 0x2e, 0x1e, 0x2d,
    0x2e, 0x1, 0xe0, 0xf4, 0xb1, 0xe2, 0xd2, 0xe0,
    0x1e, 0x0, 0xa8, 0x80, 0x0, 0x2e, 0x1, 0xe0,
    0x6e, 0x9, 0x90, 0x14, 0xe0, 0x1e, 0x2d, 0x20,
    0xa, 0x18, 0xf9, 0x0, 0x0, 0x0, 0x0, 0x0,
    0x0, 0x0,

    /* U+4FDD "保" */
    0x0, 0x0, 0x71, 0x0, 0x0, 0x0, 0x0, 0x0,
    0x0, 0x8e, 0x5f, 0xff, 0xff, 0xfe, 0x0, 0x0,
    0x1f, 0x54, 0xe2, 0x22, 0x27, 0xe0, 0x0, 0xb,
    0xe0, 0x4e, 0x0, 0x0, 0x5e, 0x0, 0x9, 0xfd,
    0x4, 0xfe, 0xee, 0xef, 0xe0, 0x4, 0xfc, 0xd0,
    0x13, 0x38, 0xf3, 0x33, 0x0, 0x8, 0x6d, 0x0,
    0x0, 0x6e, 0x0, 0x0, 0x0, 0x6, 0xd5, 0xff,
    0xff, 0xff, 0xff, 0xa0, 0x0, 0x6d, 0x2, 0x28,
    0xff, 0xe3, 0x21, 0x0, 0x6, 0xd0, 0x4, 0xfa,
    0xeb, 0xb0, 0x0, 0x0, 0x6d, 0x7, 0xf7, 0x5e,
    0x1e, 0xb1, 0x0, 0x6, 0xd8, 0xf6, 0x5, 0xe0,
    0x2d, 0xc0, 0x0, 0x6d, 0x3, 0x0, 0x5e, 0x0,
    0x12, 0x0, 0x0, 0x0, 0x0, 0x0, 0x0, 0x0,
    0x0,

    /* U+4FE1 "信" */
    0x0, 0x4, 0x10, 0x2, 0x40, 0x0, 0x0, 0x0,
    0x2f, 0x30, 0x5, 0xf1, 0x0, 0x0, 0x0, 0x9c,
    0x34, 0x44, 0xd6, 0x44, 0x40, 0x1, 0xf6, 0xac,
    0xcc, 0xcc, 0xcc, 0xc0, 0xb, 0xf5, 0x3, 0x33,
    0x33, 0x33, 0x0, 0x7f, 0xf5, 0xa, 0xcc, 0xcc,
    0xcc, 0x0, 0x67, 0xd5, 0x3, 0x44, 0x44, 0x44,
    0x0, 0x0, 0xd5, 0x9, 0xbb, 0xbb, 0xbb, 0x0,
    0x0, 0xd5, 0x3, 0x33, 0x33, 0x33, 0x0, 0x0,
    0xd5, 0xf, 0xdd, 0xdd, 0xdf, 0x20, 0x0, 0xd5,
    0xf, 0x10, 0x0, 0xf, 0x20, 0x0, 0xd5, 0xf,
    0x43, 0x33, 0x4f, 0x20, 0x0, 0xd5, 0xf, 0xdc,
    0xcc, 0xde, 0x20,

    /* U+5019 "候" */
    0x0, 0x6, 0x10, 0x0, 0x0, 0x0, 0x0, 0x0,
    0x3f, 0x10, 0x5f, 0xff, 0xff, 0x20, 0x0, 0xaa,
    0x0, 0x1, 0x11, 0x4f, 0x0, 0x2, 0xf4, 0xb7,
    0xbb, 0xbb, 0xcf, 0xb4, 0xb, 0xf3, 0xc7, 0x6c,
    0x96, 0x66, 0x62, 0x5f, 0xf3, 0xc6, 0x1f, 0x95,
    0x55, 0x40, 0x29, 0xf3, 0xc6, 0x8e, 0xbf, 0xcb,
    0xa0, 0x0, 0xf3, 0xc7, 0xe3, 0xf, 0x40, 0x0,
    0x0, 0xf3, 0xc7, 0xaa, 0xaf, 0xca, 0xa4, 0x0,
    0xf3, 0xc7, 0x66, 0x9f, 0xc6, 0x63, 0x0, 0xf3,
    0x31, 0x0, 0xcc, 0xf3, 0x0, 0x0, 0xf3, 0x0,
    0x6e, 0xb0, 0x7f, 0x93, 0x0, 0xf3, 0x3, 0xd6,
    0x0, 0x4, 0xc3, 0x0, 0x0, 0x0, 0x0, 0x0,
    0x0, 0x0,

    /* U+5047 "假" */
    0x0, 0x24, 0x0, 0x0, 0x0, 0x0, 0x0, 0x0,
    0x9a, 0xdf, 0xff, 0x3f, 0xff, 0xe0, 0x0, 0xe6,
    0xd6, 0x1e, 0x31, 0x15, 0xe0, 0x4, 0xf3, 0xd5,
    0xe, 0x30, 0x4, 0xe0, 0xc, 0xf2, 0xdf, 0xef,
    0x3f, 0xff, 0xe0, 0x5f, 0xf2, 0xd7, 0x22, 0x2,
    0x22, 0x20, 0x3b, 0xf2, 0xd7, 0x11, 0x5a, 0xaa,
    0x90, 0x2, 0xf2, 0xdf, 0xfe, 0x5e, 0x8b, 0xd0,
    0x0, 0xf2, 0xd5, 0x0, 0xd, 0x4c, 0x80, 0x0,
    0xf2, 0xdf, 0xff, 0x15, 0xee, 0x10, 0x0, 0xf2,
    0xd7, 0x22, 0x4, 0xfb, 0x0, 0x0, 0xf2, 0xd5,
    0x2, 0x9f, 0x7e, 0xb2, 0x0, 0xf2, 0xc5, 0x8,
    0xb3, 0x1, 0xb5, 0x0, 0x0, 0x0, 0x0, 0x0,
    0x0, 0x0,

    /* U+504F "偏" */
    0x0, 0x4, 0x20, 0x1, 0x70, 0x0, 0x0, 0x0,
    0xe7, 0x11, 0x2f, 0x61, 0x11, 0x0, 0x7e, 0x4f,
    0xff, 0xff, 0xff, 0xb0, 0x1e, 0x73, 0xf0, 0x0,
    0x0, 0x8b, 0xc, 0xf5, 0x4f, 0xaa, 0xaa, 0xad,
    0xb9, 0xff, 0x54, 0xf4, 0x44, 0x44, 0x43, 0x54,
    0xe5, 0x4d, 0xff, 0xff, 0xff, 0xe0, 0xe, 0x55,
    0xcf, 0x1d, 0xd, 0x2e, 0x0, 0xe5, 0x7b, 0xf1,
    0xd0, 0xd2, 0xe0, 0xe, 0x59, 0x8f, 0xff, 0xff,
    0xfe, 0x0, 0xe5, 0xd4, 0xf0, 0xd0, 0xd1, 0xe0,
    0xe, 0x7f, 0xf, 0xd, 0xd, 0x3e, 0x0, 0xe6,
    0x80, 0xf0, 0x80, 0x7c, 0x80,

    /* U+505A "做" */
    0x0, 0x0, 0x0, 0x0, 0x0, 0x0, 0x0, 0x0,
    0x1e, 0x26, 0xc0, 0x8, 0xb0, 0x0, 0x0, 0x7e,
    0x6, 0xc0, 0xb, 0x80, 0x0, 0x0, 0xd9, 0x17,
    0xc1, 0xe, 0x61, 0x10, 0x4, 0xf6, 0xff, 0xff,
    0x9f, 0xff, 0xf6, 0xd, 0xf4, 0x7, 0xc0, 0x8e,
    0x7, 0xa0, 0x6f, 0xf3, 0x6, 0xc0, 0xdf, 0x9,
    0x80, 0x79, 0xe3, 0x38, 0xd5, 0xee, 0x3c, 0x50,
    0x0, 0xe3, 0xde, 0xdf, 0x59, 0x8f, 0x20, 0x0,
    0xe3, 0xd4, 0xe, 0x34, 0xfc, 0x0, 0x0, 0xe3,
    0xd4, 0xe, 0x30, 0xf7, 0x0, 0x0, 0xe3, 0xd8,
    0x5f, 0x37, 0xfc, 0x0, 0x0, 0xe3, 0xdd, 0xcc,
    0x8e, 0x5d, 0x90, 0x0, 0xe3, 0x93, 0x3, 0xc3,
    0x1, 0xc3,

    /* U+505C "停" */
    0x0, 0x8, 0x30, 0x1, 0xc1, 0x0, 0x0, 0x0,
    0x2f, 0x89, 0x9a, 0xfc, 0x99, 0x92, 0x0, 0x9b,
    0x47, 0x77, 0x77, 0x77, 0x71, 0x2, 0xf5, 0xa,
    0xee, 0xee, 0xee, 0x20, 0xb, 0xf4, 0xb, 0x80,
    0x0, 0x1f, 0x20, 0x6f, 0xf4, 0xb, 0xfe, 0xee,
    0xef, 0x20, 0x49, 0xe4, 0x12, 0x22, 0x22, 0x22,
    0x10, 0x0, 0xe4, 0xef, 0xff, 0xff, 0xff, 0xf4,
    0x0, 0xe4, 0xe4, 0x22, 0x22, 0x22, 0xe4, 0x0,
    0xe4, 0x39, 0xee, 0xfe, 0xec, 0x31, 0x0, 0xe4,
    0x0, 0x0, 0xe6, 0x0, 0x0, 0x0, 0xe4, 0x0,
    0x22, 0xf6, 0x0, 0x0, 0x0, 0xe4, 0x0, 0xce,
    0xc2, 0x0, 0x0,

    /* U+5148 "先" */
    0x0, 0x8, 0x40, 0xaa, 0x0, 0x0, 0x0, 0x0,
    0x1f, 0x50, 0xaa, 0x0, 0x0, 0x0, 0x0, 0x6f,
    0xee, 0xff, 0xee, 0xee, 0x10, 0x0, 0xda, 0x55,
    0xcc, 0x55, 0x55, 0x0, 0x6, 0xf1, 0x0, 0xaa,
    0x0, 0x0, 0x0, 0x0, 0x30, 0x0, 0xaa, 0x0,
    0x0, 0x0, 0x1f, 0xff, 0xff, 0xff, 0xff, 0xff,
    0xf2, 0x4, 0x44, 0xcc, 0x44, 0xe9, 0x44, 0x40,
    0x0, 0x0, 0xd8, 0x0, 0xe6, 0x0, 0x0, 0x0,
    0x3, 0xf4, 0x0, 0xe6, 0x0, 0x20, 0x0, 0xc,
    0xd0, 0x0, 0xe6, 0x0, 0xe3, 0x3, 0xce, 0x20,
    0x0, 0xe9, 0x34, 0xf2, 0x1f, 0xb2, 0x0, 0x0,
    0x8f, 0xff, 0xb0, 0x1, 0x0, 0x0, 0x0, 0x0,
    0x0, 0x0,

    /* U+5149 "光" */
    0x0, 0x10, 0x0, 0xb9, 0x0, 0x3, 0x0, 0x0,
    0xe7, 0x0, 0xb9, 0x0, 0x6f, 0x10, 0x0, 0x7e,
    0x0, 0xb9, 0x0, 0xca, 0x0, 0x0, 0x1f, 0x60,
    0xb9, 0x4, 0xf2, 0x0, 0x0, 0x9, 0x50, 0xb9,
    0x6, 0x80, 0x0, 0x15, 0x55, 0x55, 0xcb, 0x55,
    0x55, 0x51, 0x2e, 0xee, 0xff, 0xee, 0xff, 0xee,
    0xe3, 0x0, 0x0, 0xba, 0x0, 0xe6, 0x0, 0x0,
    0x0, 0x0, 0xe8, 0x0, 0xe6, 0x0, 0x0, 0x0,
    0x4, 0xf3, 0x0, 0xe6, 0x0, 0x20, 0x0, 0x2e,
    0xc0, 0x0, 0xe6, 0x0, 0xd5, 0x18, 0xed, 0x10,
    0x0, 0xe9, 0x34, 0xf3, 0x2e, 0x81, 0x0, 0x0,
    0x8f, 0xff, 0xc0, 0x0, 0x0, 0x0, 0x0, 0x0,
    0x0, 0x0,

    /* U+514B "克" */
    0x0, 0x0, 0x0, 0xb9, 0x0, 0x0, 0x0, 0x3,
    0x33, 0x33, 0xcb, 0x33, 0x33, 0x30, 0xf, 0xff,
    0xff, 0xff, 0xff, 0xff, 0xf0, 0x0, 0x0, 0x0,
    0xb9, 0x0, 0x0, 0x0, 0x0, 0x7f, 0xff, 0xff,
    0xff, 0xf8, 0x0, 0x0, 0x7d, 0x22, 0x22, 0x22,
    0xc9, 0x0, 0x0, 0x7c, 0x0, 0x0, 0x0, 0xc9,
    0x0, 0x0, 0x7f, 0xff, 0xff, 0xff, 0xf9, 0x0,
    0x0, 0x13, 0xae, 0x35, 0xf5, 0x31, 0x0, 0x0,
    0x0, 0xca, 0x2, 0xf2, 0x0, 0x10, 0x0, 0x6,
    0xf4, 0x2, 0xf2, 0x0, 0xd5, 0x4, 0xaf, 0x80,
    0x2, 0xf6, 0x34, 0xf3, 0x1f, 0xb5, 0x0, 0x0,
    0xcf, 0xff, 0xc0, 0x0, 0x0, 0x0, 0x0, 0x0,
    0x0, 0x0,

    /* U+5165 "入" */
    0x0, 0x0, 0x21, 0x0, 0x0, 0x0, 0x0, 0x0,
    0x0, 0xcd, 0x20, 0x0, 0x0, 0x0, 0x0, 0x0,
    0x2e, 0xd0, 0x0, 0x0, 0x0, 0x0, 0x0, 0x2,
    0xe9, 0x0, 0x0, 0x0, 0x0, 0x0, 0x0, 0xff,
    0x20, 0x0, 0x0, 0x0, 0x0, 0x4, 0xfe, 0xb0,
    0x0, 0x0, 0x0, 0x0, 0xa, 0xe3, 0xf5, 0x0,
    0x0, 0x0, 0x0, 0x2f, 0x80, 0xae, 0x0, 0x0,
    0x0, 0x0, 0xae, 0x10, 0x2f, 0x80, 0x0, 0x0,
    0x7, 0xf6, 0x0, 0x9, 0xf4, 0x0, 0x0, 0x6f,
    0xa0, 0x0, 0x0, 0xcf, 0x40, 0x1a, 0xfb, 0x0,
    0x0, 0x0, 0x2d, 0xf4, 0xb, 0x70, 0x0, 0x0,
    0x0, 0x1, 0xa1,

    /* U+5168 "全" */
    0x0, 0x0, 0x0, 0x0, 0x0, 0x0, 0x0, 0x0,
    0x0, 0x0, 0xab, 0x0, 0x0, 0x0, 0x0, 0x0,
    0x7, 0xff, 0x70, 0x0, 0x0, 0x0, 0x0, 0x8f,
    0x44, 0xf9, 0x0, 0x0, 0x0, 0x1b, 0xf4, 0x0,
    0x4e, 0xb2, 0x0, 0x7, 0xed, 0x20, 0x0, 0x2,
    0xcf, 0x80, 0x4f, 0xae, 0xee, 0xee, 0xee, 0xeb,
    0xf5, 0x0, 0x3, 0x33, 0xcc, 0x33, 0x31, 0x10,
    0x0, 0x0, 0x0, 0xaa, 0x0, 0x0, 0x0, 0x0,
    0xc, 0xcc, 0xee, 0xcc, 0xc2, 0x0, 0x0, 0x5,
    0x55, 0xcc, 0x55, 0x51, 0x0, 0x0, 0x0, 0x0,
    0xaa, 0x0, 0x0, 0x0, 0x2, 0x22, 0x22, 0xbb,
    0x22, 0x22, 0x20, 0xd, 0xff, 0xff, 0xff, 0xff,
    0xff, 0xf0,

    /* U+516C "公" */
    0x0, 0x0, 0x31, 0x0, 0x13, 0x0, 0x0, 0x0,
    0x1, 0xf8, 0x0, 0x8f, 0x10, 0x0, 0x0, 0x9,
    0xf1, 0x0, 0xe, 0xb0, 0x0, 0x0, 0x3f, 0x70,
    0x0, 0x4, 0xf6, 0x0, 0x2, 0xed, 0x0, 0x51,
    0x0, 0x9f, 0x40, 0x1d, 0xf2, 0x3, 0xf7, 0x0,
    0xc, 0xf3, 0x7, 0x30, 0xc, 0xd0, 0x0, 0x1,
    0x80, 0x0, 0x0, 0x5f, 0x40, 0x3, 0x0, 0x0,
    0x0, 0x1, 0xea, 0x0, 0x4f, 0x50, 0x0, 0x0,
    0xb, 0xd0, 0x0, 0xa, 0xe2, 0x0, 0x0, 0xaf,
    0x97, 0x89, 0xab, 0xfc, 0x0, 0x1, 0xff, 0xfe,
    0xcb, 0xa9, 0x9f, 0x60, 0x0, 0x21, 0x0, 0x0,
    0x0, 0xa, 0x80, 0x0, 0x0, 0x0, 0x0, 0x0,
    0x0, 0x0,

    /* U+5171 "共" */
    0x0, 0x0, 0xf6, 0x0, 0xf, 0x50, 0x0, 0x0,
    0x0, 0xf6, 0x0, 0xf, 0x50, 0x0, 0x0, 0x0,
    0xf6, 0x0, 0xf, 0x50, 0x0, 0x8, 0xff, 0xff,
    0xff, 0xff, 0xff, 0xf0, 0x2, 0x44, 0xf9, 0x44,
    0x4f, 0x84, 0x40, 0x0, 0x0, 0xf6, 0x0, 0xf,
    0x50, 0x0, 0x0, 0x0, 0xf6, 0x0, 0xf, 0x50,
    0x0, 0x1d, 0xdd, 0xfe, 0xdd, 0xdf, 0xed, 0xd6,
    0x6, 0x66, 0x66, 0x66, 0x66, 0x66, 0x63, 0x0,
    0x0, 0xa8, 0x0, 0x4c, 0x30, 0x0, 0x0, 0x1b,
    0xe3, 0x0, 0xa, 0xf6, 0x0, 0x4, 0xed, 0x30,
    0x0, 0x0, 0x7f, 0x80, 0x5, 0x90, 0x0, 0x0,
    0x0, 0x6, 0x90,

    /* U+5173 "关" */
    0x0, 0x6, 0x50, 0x0, 0x4, 0x90, 0x0, 0x0,
    0x7, 0xf1, 0x0, 0xc, 0xb0, 0x0, 0x0, 0x0,
    0xd5, 0x0, 0x5f, 0x20, 0x0, 0x2, 0xff, 0xff,
    0xff, 0xff, 0xff, 0x50, 0x0, 0x55, 0x55, 0xce,
    0x55, 0x55, 0x10, 0x0, 0x0, 0x0, 0xad, 0x0,
    0x0, 0x0, 0x5, 0x55, 0x55, 0xce, 0x55, 0x55,
    0x50, 0xf, 0xff, 0xff, 0xff, 0xff, 0xff, 0xf1,
    0x0, 0x0, 0x3, 0xff, 0x80, 0x0, 0x0, 0x0,
    0x0, 0x1d, 0xe5, 0xf5, 0x0, 0x0, 0x0, 0x5,
    0xee, 0x30, 0x6f, 0x80, 0x0, 0x6, 0xcf, 0xc2,
    0x0, 0x7, 0xfe, 0x92, 0x1d, 0xb4, 0x0, 0x0,
    0x0, 0x29, 0xd0, 0x0, 0x0, 0x0, 0x0, 0x0,
    0x0, 0x0,

    /* U+5185 "内" */
    0x0, 0x0, 0x6, 0xe0, 0x0, 0x0, 0x0, 0x0,
    0x6, 0xe0, 0x0, 0x0, 0x14, 0x44, 0x49, 0xe4,
    0x44, 0x43, 0x6f, 0xff, 0xff, 0xff, 0xff, 0xfc,
    0x6e, 0x0, 0x8, 0xd0, 0x0, 0x7c, 0x6e, 0x0,
    0xb, 0xc0, 0x0, 0x7c, 0x6e, 0x0, 0x1f, 0xf9,
    0x0, 0x7c, 0x6e, 0x0, 0xbd, 0x3e, 0xa0, 0x7c,
    0x6e, 0x1a, 0xf3, 0x2, 0xe9, 0x7c, 0x6e, 0x9e,
    0x30, 0x0, 0x3c, 0x9c, 0x6e, 0x0, 0x0, 0x0,
    0x0, 0x7c, 0x6e, 0x0, 0x0, 0x0, 0x44, 0xbc,
    0x6e, 0x0, 0x0, 0x0, 0x9f, 0xd5,

    /* U+518D "再" */
    0xa, 0xff, 0xff, 0xff, 0xff, 0xff, 0xf1, 0x2,
    0x33, 0x33, 0x9d, 0x33, 0x33, 0x30, 0x0, 0x35,
    0x55, 0xae, 0x55, 0x55, 0x0, 0x0, 0x9f, 0xdd,
    0xef, 0xdd, 0xdf, 0x0, 0x0, 0x9a, 0x0, 0x7c,
    0x0, 0x4f, 0x0, 0x0, 0x9f, 0xff, 0xff, 0xff,
    0xff, 0x0, 0x0, 0x9b, 0x22, 0x8d, 0x22, 0x5f,
    0x0, 0x3, 0xbc, 0x33, 0x9d, 0x33, 0x7f, 0x42,
    0x3f, 0xff, 0xff, 0xff, 0xff, 0xff, 0xfa, 0x0,
    0x9a, 0x0, 0x0, 0x0, 0x4f, 0x0, 0x0, 0x9a,
    0x0, 0x0, 0x23, 0x7f, 0x0, 0x0, 0x9a, 0x0,
    0x0, 0x5f, 0xe9, 0x0,

    /* U+51B3 "决" */
    0x3, 0x0, 0x0, 0x5, 0xf0, 0x0, 0x0, 0x3f,
    0x40, 0x0, 0x5, 0xf0, 0x0, 0x0, 0x7, 0xf1,
    0xc, 0xde, 0xfd, 0xdc, 0x0, 0x0, 0xd7, 0x5,
    0x69, 0xf6, 0x8f, 0x0, 0x0, 0x0, 0x0, 0x5,
    0xf0, 0x4f, 0x0, 0x0, 0x0, 0x0, 0x6, 0xe0,
    0x4f, 0x0, 0x0, 0x0, 0x44, 0x49, 0xe4, 0x7f,
    0x40, 0x0, 0x52, 0xdf, 0xff, 0xff, 0xff, 0xf3,
    0x0, 0xe7, 0x0, 0xd, 0xed, 0x0, 0x0, 0x6,
    0xf0, 0x0, 0x5f, 0x3e, 0x60, 0x0, 0xe, 0x80,
    0x3, 0xe9, 0x6, 0xe2, 0x0, 0x7f, 0x10, 0x6f,
    0xb0, 0x0, 0xce, 0x50, 0x14, 0x5, 0xf8, 0x0,
    0x0, 0xa, 0xe1, 0x0, 0x0, 0x10, 0x0, 0x0,
    0x0, 0x0,

    /* U+51B7 "冷" */
    0x0, 0x0, 0x0, 0x0, 0x92, 0x0, 0x0, 0x1e,
    0x30, 0x0, 0x8, 0xf8, 0x0, 0x0, 0xa, 0xd0,
    0x0, 0x4f, 0x9f, 0x50, 0x0, 0x1, 0xf6, 0x5,
    0xf8, 0x6, 0xf4, 0x0, 0x0, 0x52, 0x8f, 0xa4,
    0x70, 0x9f, 0x80, 0x0, 0x4, 0xf7, 0x2, 0xf6,
    0x7, 0xe2, 0x0, 0x0, 0x13, 0x33, 0x74, 0x33,
    0x10, 0x0, 0x86, 0xf, 0xff, 0xff, 0xff, 0x30,
    0x0, 0xf6, 0x0, 0x0, 0x2, 0xe8, 0x0, 0x6,
    0xf0, 0x0, 0x41, 0x1d, 0xc0, 0x0, 0xd, 0xa0,
    0x0, 0xbe, 0xdc, 0x0, 0x0, 0x4f, 0x30, 0x0,
    0x6, 0xfa, 0x0, 0x0, 0x4, 0x0, 0x0, 0x0,
    0x2d, 0x50, 0x0, 0x0, 0x0, 0x0, 0x0, 0x0,
    0x0, 0x0,

    /* U+5206 "分" */
    0x0, 0x0, 0x20, 0x0, 0x2, 0x0, 0x0, 0x0,
    0x0, 0xe9, 0x0, 0x7e, 0x0, 0x0, 0x0, 0x8,
    0xf2, 0x0, 0xe, 0x80, 0x0, 0x0, 0x1f, 0x90,
    0x0, 0x5, 0xf4, 0x0, 0x1, 0xdd, 0x0, 0x0,
    0x0, 0x9f, 0x30, 0x1d, 0xf8, 0x55, 0x55, 0x55,
    0x6e, 0xf2, 0xa, 0x8e, 0xef, 0xfe, 0xef, 0xf7,
    0x80, 0x0, 0x0, 0xf, 0x60, 0x0, 0xf4, 0x0,
    0x0, 0x0, 0x3f, 0x30, 0x1, 0xf3, 0x0, 0x0,
    0x0, 0xad, 0x0, 0x3, 0xf2, 0x0, 0x0, 0x7,
    0xf5, 0x0, 0x5, 0xf0, 0x0, 0x3, 0xbf, 0x70,
    0x4, 0x4b, 0xe0, 0x0, 0xb, 0xc4, 0x0, 0xe,
    0xfe, 0x50, 0x0, 0x0, 0x0, 0x0, 0x0, 0x0,
    0x0, 0x0,

    /* U+5207 "切" */
    0x0, 0xe5, 0x1, 0x55, 0x55, 0x55, 0x50, 0x0,
    0xe5, 0x3, 0xde, 0xfe, 0xde, 0xf0, 0x0, 0xe5,
    0x13, 0x2, 0xf2, 0x5, 0xf0, 0x37, 0xff, 0xfe,
    0x3, 0xf1, 0x5, 0xf0, 0x7b, 0xf8, 0x20, 0x4,
    0xf0, 0x6, 0xf0, 0x0, 0xe5, 0x0, 0x6, 0xe0,
    0x6, 0xe0, 0x0, 0xe5, 0x0, 0x9, 0xb0, 0x7,
    0xd0, 0x0, 0xe5, 0x5b, 0xd, 0x80, 0x8, 0xd0,
    0x1, 0xff, 0xe8, 0x5f, 0x20, 0x9, 0xb0, 0x5,
    0xe6, 0x0, 0xdb, 0x0, 0xc, 0xa0, 0x0, 0x0,
    0x1b, 0xf2, 0x14, 0x5f, 0x70, 0x0, 0x0, 0x5e,
    0x30, 0x1f, 0xfc, 0x10, 0x0, 0x0, 0x0, 0x0,
    0x0, 0x0, 0x0,

    /* U+5217 "列" */
    0x0, 0x0, 0x0, 0x0, 0x0, 0x5, 0xf2, 0xff,
    0xff, 0xff, 0xf0, 0x0, 0x5f, 0x3, 0x6f, 0x53,
    0x33, 0x2f, 0x15, 0xf0, 0x7, 0xe0, 0x0, 0x2,
    0xf1, 0x5f, 0x0, 0xcf, 0xee, 0xe7, 0x2f, 0x15,
    0xf0, 0x3f, 0x65, 0x5e, 0x52, 0xf1, 0x5f, 0xc,
    0xc0, 0x2, 0xf1, 0x2f, 0x15, 0xf2, 0xf5, 0xb1,
    0x8d, 0x2, 0xf1, 0x5f, 0x1, 0x1c, 0xee, 0x60,
    0x2f, 0x15, 0xf0, 0x0, 0xd, 0xd0, 0x2, 0xc1,
    0x5f, 0x0, 0x7, 0xf3, 0x0, 0x0, 0x5, 0xf0,
    0x2b, 0xf4, 0x0, 0x0, 0x13, 0x8f, 0x9, 0xb2,
    0x0, 0x0, 0x1, 0xfe, 0x80, 0x0, 0x0, 0x0,
    0x0, 0x0, 0x0,

    /* U+5230 "到" */
    0x0, 0x0, 0x0, 0x0, 0x0, 0x5, 0xe0, 0xff,
    0xff, 0xff, 0xf3, 0x70, 0x5e, 0x1, 0x5f, 0x45,
    0x51, 0x2f, 0x15, 0xe0, 0xb, 0x90, 0x7d, 0x2,
    0xf1, 0x5e, 0x7, 0xf9, 0x9b, 0xf9, 0x2f, 0x15,
    0xe0, 0x6c, 0xa8, 0x76, 0xd2, 0xf1, 0x5e, 0x0,
    0x0, 0xf3, 0x0, 0x2f, 0x15, 0xe0, 0x58, 0x8f,
    0xa8, 0x72, 0xf1, 0x5e, 0x6, 0x9a, 0xfb, 0x98,
    0x2f, 0x15, 0xe0, 0x0, 0xf, 0x30, 0x2, 0xf1,
    0x5e, 0x0, 0x0, 0xf8, 0x9c, 0x0, 0x5, 0xe0,
    0xbd, 0xff, 0xd9, 0x60, 0x13, 0x8e, 0x8, 0x63,
    0x0, 0x0, 0x3, 0xfe, 0x70, 0x0, 0x0, 0x0,
    0x0, 0x0, 0x0,

    /* U+5236 "制" */
    0x0, 0xa2, 0xd6, 0x0, 0x0, 0x0, 0xe2, 0x3,
    0xf1, 0xd6, 0x0, 0x5, 0x70, 0xf3, 0x8, 0xff,
    0xff, 0xff, 0x18, 0xa0, 0xf3, 0x1f, 0x72, 0xd8,
    0x22, 0x8, 0xa0, 0xf3, 0x1d, 0x88, 0xeb, 0x88,
    0x58, 0xa0, 0xf3, 0x1a, 0xaa, 0xfc, 0xaa, 0x68,
    0xa0, 0xf3, 0x0, 0x11, 0xd7, 0x11, 0x8, 0xa0,
    0xf3, 0x8, 0xff, 0xff, 0xff, 0x38, 0xa0, 0xf3,
    0x8, 0xa0, 0xd7, 0xf, 0x38, 0xa0, 0xf3, 0x8,
    0xa0, 0xd6, 0xf, 0x30, 0x0, 0xf3, 0x8, 0xa0,
    0xd6, 0x1f, 0x30, 0x0, 0xf3, 0x8, 0xa0, 0xd7,
    0xfd, 0x0, 0x46, 0xf2, 0x0, 0x0, 0xd6, 0x0,
    0x0, 0xef, 0xb0, 0x0, 0x0, 0x0, 0x0, 0x0,
    0x0, 0x0,

    /* U+5237 "刷" */
    0x0, 0x0, 0x0, 0x0, 0x0, 0x1, 0xf1, 0x5,
    0xff, 0xff, 0xff, 0x31, 0x1, 0xf1, 0x5, 0xd2,
    0x22, 0x2f, 0x3e, 0x41, 0xf1, 0x5, 0xe4, 0x44,
    0x4f, 0x3e, 0x41, 0xf1, 0x5, 0xfe, 0xef, 0xee,
    0x2e, 0x41, 0xf1, 0x5, 0xd0, 0xf, 0x10, 0xe,
    0x41, 0xf1, 0x6, 0xdb, 0xcf, 0xcb, 0x3e, 0x41,
    0xf1, 0x6, 0xcf, 0x6f, 0x7d, 0x4e, 0x41, 0xf1,
    0x7, 0xbe, 0xf, 0x1c, 0x4e, 0x41, 0xf1, 0x9,
    0xae, 0xf, 0x1c, 0x4b, 0x31, 0xf1, 0xc, 0x6e,
    0xf, 0x4d, 0x40, 0x1, 0xf1, 0x2f, 0x2c, 0xf,
    0x79, 0x1, 0x47, 0xf1, 0x7, 0x0, 0xf, 0x10,
    0x0, 0xff, 0xa0,

    /* U+523B "刻" */
    0x0, 0x0, 0x10, 0x0, 0x0, 0x0, 0x0, 0x0,
    0x2, 0xf2, 0x0, 0x0, 0x2, 0xf2, 0x0, 0x0,
    0xd9, 0x0, 0x0, 0x2, 0xf2, 0x1e, 0xee, 0xff,
    0xee, 0x89, 0xa2, 0xf2, 0x3, 0x4d, 0xb3, 0x43,
    0x29, 0xa2, 0xf2, 0x0, 0x7d, 0x10, 0xc5, 0x9,
    0xa2, 0xf2, 0x7, 0xfb, 0x9b, 0xe0, 0x9, 0xa2,
    0xf2, 0x5, 0x98, 0xcf, 0x43, 0x9, 0xa2, 0xf2,
    0x0, 0x7, 0xf5, 0x4f, 0x49, 0xa2, 0xf2, 0x2,
    0xbf, 0x42, 0xe7, 0x9, 0xa2, 0xf2, 0xa, 0xc2,
    0x3e, 0xc0, 0x6, 0x72, 0xf2, 0x0, 0x7, 0xfb,
    0xf7, 0x0, 0x2, 0xf2, 0x5, 0xdf, 0x60, 0x3f,
    0x71, 0x36, 0xf2, 0xa, 0xa1, 0x0, 0x2, 0x11,
    0xff, 0xb0, 0x0, 0x0, 0x0, 0x0, 0x0, 0x0,
    0x0,

    /* U+524D "前" */
    0x0, 0x0, 0x0, 0x0, 0x0, 0x0, 0x0, 0x0,
    0xc, 0x60, 0x0, 0x5, 0xd1, 0x0, 0x0, 0x7,
    0xf2, 0x0, 0xe, 0x90, 0x0, 0x3d, 0xdd, 0xfd,
    0xdd, 0xef, 0xed, 0xd3, 0x15, 0x55, 0x55, 0x55,
    0x55, 0x55, 0x51, 0x1, 0x33, 0x33, 0x30, 0x0,
    0x8, 0x30, 0x6, 0xfe, 0xef, 0xd0, 0xa8, 0xe,
    0x60, 0x6, 0xc0, 0x6, 0xd0, 0xa8, 0xe, 0x60,
    0x6, 0xfe, 0xef, 0xd0, 0xa8, 0xe, 0x60, 0x6,
    0xd1, 0x17, 0xd0, 0xa8, 0xe, 0x60, 0x6, 0xfb,
    0xbd, 0xd0, 0xa8, 0xe, 0x60, 0x6, 0xd4, 0x49,
    0xd0, 0x75, 0xe, 0x60, 0x6, 0xc0, 0x17, 0xd0,
    0x2, 0x3e, 0x50, 0x6, 0xc0, 0xdf, 0x80, 0xb,
    0xfd, 0x20, 0x0, 0x0, 0x0, 0x0, 0x0, 0x0,
    0x0,

    /* U+529F "功" */
    0x0, 0x0, 0x0, 0x0, 0xd7, 0x0, 0x0, 0x28,
    0x88, 0x87, 0x0, 0xd7, 0x0, 0x0, 0x3c, 0xef,
    0xcb, 0x0, 0xd7, 0x0, 0x0, 0x0, 0x5f, 0x0,
    0xee, 0xff, 0xee, 0xe1, 0x0, 0x5f, 0x0, 0x55,
    0xf9, 0x57, 0xf1, 0x0, 0x5f, 0x0, 0x0, 0xf4,
    0x3, 0xf0, 0x0, 0x5f, 0x0, 0x2, 0xf2, 0x4,
    0xf0, 0x0, 0x5f, 0x0, 0x5, 0xf0, 0x5, 0xf0,
    0x0, 0x7f, 0xcf, 0x1a, 0xb0, 0x6, 0xe0, 0x5f,
    0xfd, 0x84, 0x2f, 0x60, 0x7, 0xc0, 0x27, 0x20,
    0x0, 0xcc, 0x0, 0xa, 0xb0, 0x0, 0x0, 0x1c,
    0xf3, 0x14, 0x4e, 0x80, 0x0, 0x0, 0x5d, 0x20,
    0x1f, 0xfd, 0x10, 0x0, 0x0, 0x0, 0x0, 0x0,
    0x0, 0x0,

    /* U+52A8 "动" */
    0x0, 0x0, 0x0, 0x0, 0x1f, 0x30, 0x0, 0x9,
    0xdd, 0xdd, 0x90, 0x1f, 0x20, 0x0, 0x3, 0x44,
    0x44, 0x30, 0x1f, 0x20, 0x0, 0x0, 0x0, 0x0,
    0xa, 0xbf, 0xcb, 0xb2, 0x3, 0x33, 0x33, 0x3b,
    0xcf, 0xcc, 0xf2, 0x3f, 0xff, 0xff, 0xe0, 0x3f,
    0x1, 0xf2, 0x0, 0x8c, 0x0, 0x0, 0x5f, 0x2,
    0xf1, 0x0, 0xc7, 0xd, 0x10, 0x7d, 0x2, 0xf1,
    0x1, 0xf1, 0xb, 0x70, 0xa9, 0x3, 0xf0, 0x7,
    0xd4, 0x8d, 0xd0, 0xf6, 0x5, 0xf0, 0xe, 0xfe,
    0xa6, 0xe8, 0xf0, 0x7, 0xd0, 0x5, 0x20, 0x0,
    0x2f, 0x83, 0x3c, 0xb0, 0x0, 0x0, 0x0, 0x5c,
    0xb, 0xfe, 0x30, 0x0, 0x0, 0x0, 0x0, 0x0,
    0x0, 0x0,

    /* U+533A "区" */
    0xef, 0xff, 0xff, 0xff, 0xff, 0xfb, 0xe, 0x83,
    0x33, 0x33, 0x34, 0x43, 0x20, 0xe6, 0x17, 0x0,
    0x0, 0x9d, 0x0, 0xe, 0x62, 0xeb, 0x0, 0x4f,
    0x40, 0x0, 0xe6, 0x1, 0xdd, 0x3e, 0x80, 0x0,
    0xe, 0x60, 0x0, 0xbf, 0xc0, 0x0, 0x0, 0xe6,
    0x0, 0x1c, 0xff, 0x40, 0x0, 0xe, 0x60, 0x3e,
    0xc1, 0xaf, 0x40, 0x0, 0xe6, 0x8f, 0xb0, 0x0,
    0xaf, 0x30, 0xe, 0x65, 0x70, 0x0, 0x0, 0x91,
    0x0, 0xe9, 0x55, 0x55, 0x55, 0x55, 0x55, 0xd,
    0xee, 0xee, 0xee, 0xee, 0xee, 0xe0,

    /* U+5355 "单" */
    0x0, 0x1, 0x30, 0x0, 0x2, 0x30, 0x0, 0x0,
    0x7, 0xf2, 0x0, 0xc, 0xc0, 0x0, 0x0, 0x22,
    0xda, 0x22, 0x6f, 0x42, 0x0, 0x0, 0xef, 0xee,
    0xff, 0xee, 0xff, 0x10, 0x0, 0xe5, 0x0, 0xba,
    0x0, 0x4f, 0x10, 0x0, 0xef, 0xff, 0xff, 0xff,
    0xff, 0x10, 0x0, 0xe5, 0x0, 0xba, 0x0, 0x3f,
    0x10, 0x0, 0xef, 0xff, 0xff, 0xff, 0xff, 0x10,
    0x0, 0x11, 0x11, 0xba, 0x11, 0x11, 0x0, 0x14,
    0x44, 0x44, 0xcb, 0x44, 0x44, 0x41, 0x3e, 0xee,
    0xee, 0xff, 0xee, 0xee, 0xe3, 0x0, 0x0, 0x0,
    0xba, 0x0, 0x0, 0x0, 0x0, 0x0, 0x0, 0xba,
    0x0, 0x0, 0x0,

    /* U+5360 "占" */
    0x0, 0x0, 0xe6, 0x0, 0x0, 0x0, 0x0, 0xe,
    0x60, 0x0, 0x0, 0x0, 0x0, 0xe9, 0x33, 0x33,
    0x30, 0x0, 0xe, 0xff, 0xff, 0xfe, 0x0, 0x0,
    0xe6, 0x0, 0x0, 0x0, 0x0, 0xe, 0x60, 0x0,
    0x0, 0x34, 0x44, 0xf9, 0x44, 0x43, 0xe, 0xff,
    0xff, 0xff, 0xff, 0xe0, 0xe5, 0x0, 0x0, 0x0,
    0x6e, 0xe, 0x50, 0x0, 0x0, 0x6, 0xe0, 0xe5,
    0x0, 0x0, 0x0, 0x6e, 0xe, 0xff, 0xff, 0xff,
    0xff, 0xe0, 0xe8, 0x44, 0x44, 0x44, 0x8d, 0x0,

    /* U+5361 "卡" */
    0x0, 0x0, 0x0, 0xf5, 0x0, 0x0, 0x0, 0x0,
    0x0, 0x0, 0xf5, 0x0, 0x0, 0x0, 0x0, 0x0,
    0x0, 0xff, 0xff, 0xfd, 0x0, 0x0, 0x0, 0x0,
    0xf8, 0x44, 0x44, 0x0, 0x0, 0x0, 0x0, 0xf5,
    0x0, 0x0, 0x0, 0x3f, 0xff, 0xff, 0xff, 0xff,
    0xff, 0xf4, 0x15, 0x55, 0x55, 0xf9, 0x55, 0x55,
    0x51, 0x0, 0x0, 0x0, 0xf6, 0x20, 0x0, 0x0,
    0x0, 0x0, 0x0, 0xfb, 0xfb, 0x50, 0x0, 0x0,
    0x0, 0x0, 0xf6, 0x3a, 0xfe, 0x50, 0x0, 0x0,
    0x0, 0xf6, 0x0, 0x19, 0x20, 0x0, 0x0, 0x0,
    0xf6, 0x0, 0x0, 0x0, 0x0, 0x0, 0x0, 0xf6,
    0x0, 0x0, 0x0,

    /* U+538B "压" */
    0x3, 0xff, 0xff, 0xff, 0xff, 0xff, 0xfa, 0x3,
    0xf4, 0x44, 0x46, 0xa4, 0x44, 0x42, 0x3, 0xf0,
    0x0, 0x6, 0xe0, 0x0, 0x0, 0x3, 0xf0, 0x0,
    0x6, 0xe0, 0x0, 0x0, 0x3, 0xf0, 0x44, 0x49,
    0xf4, 0x44, 0x30, 0x4, 0xf2, 0xff, 0xff, 0xff,
    0xff, 0xe0, 0x5, 0xf0, 0x0, 0x6, 0xe0, 0x20,
    0x0, 0x6, 0xd0, 0x0, 0x6, 0xe0, 0xda, 0x0,
    0x8, 0xb0, 0x0, 0x6, 0xe0, 0x1d, 0x70, 0xb,
    0x80, 0x0, 0x6, 0xe0, 0x1, 0x0, 0x1f, 0x4e,
    0xee, 0xef, 0xfe, 0xee, 0xe7, 0x1a, 0x5, 0x55,
    0x55, 0x55, 0x55, 0x52,

    /* U+53CA "及" */
    0xb, 0xff, 0xff, 0xff, 0xfd, 0x0, 0x0, 0x3,
    0x59, 0xf5, 0x55, 0xd9, 0x0, 0x0, 0x0, 0x5,
    0xf3, 0x0, 0xe6, 0x0, 0x0, 0x0, 0x6, 0xf9,
    0x3, 0xfe, 0xee, 0x70, 0x0, 0x7, 0xff, 0x2,
    0x55, 0x6f, 0x40, 0x0, 0xa, 0xbd, 0x70, 0x0,
    0x7e, 0x0, 0x0, 0xe, 0x85, 0xf2, 0x1, 0xe8,
    0x0, 0x0, 0x5f, 0x20, 0xbd, 0x1c, 0xd0, 0x0,
    0x0, 0xcc, 0x0, 0x1d, 0xff, 0x20, 0x0, 0x8,
    0xf3, 0x0, 0x4d, 0xff, 0x91, 0x0, 0x4f, 0x80,
    0x7c, 0xfa, 0x17, 0xff, 0xb2, 0x7, 0x0, 0x89,
    0x20, 0x0, 0x16, 0x90,

    /* U+53D1 "发" */
    0x0, 0x0, 0x0, 0x0, 0x0, 0x0, 0x0, 0x0,
    0x8, 0x20, 0xc9, 0x3, 0x90, 0x0, 0x0, 0x4f,
    0x10, 0xf7, 0x1, 0xe9, 0x0, 0x0, 0xbb, 0x2,
    0xf5, 0x0, 0x38, 0x0, 0x4, 0xff, 0xee, 0xfe,
    0xee, 0xee, 0xe0, 0x0, 0x75, 0x5d, 0xd5, 0x55,
    0x55, 0x50, 0x0, 0x0, 0x1f, 0x91, 0x11, 0x10,
    0x0, 0x0, 0x0, 0x8f, 0xff, 0xff, 0xfc, 0x0,
    0x0, 0x1, 0xff, 0xa2, 0x23, 0xf6, 0x0, 0x0,
    0xb, 0xe6, 0xf5, 0xa, 0xe0, 0x0, 0x0, 0xaf,
    0x40, 0x7f, 0xaf, 0x20, 0x0, 0x2c, 0xf6, 0x0,
    0x3f, 0xfb, 0x10, 0x0, 0x2c, 0x31, 0x5b, 0xfb,
    0x6e, 0xf9, 0x50, 0x0, 0x4, 0xfa, 0x30, 0x0,
    0x7c, 0xf2, 0x0, 0x0, 0x0, 0x0, 0x0, 0x0,
    0x0,

    /* U+53D8 "变" */
    0x0, 0x0, 0x0, 0x84, 0x0, 0x0, 0x0, 0x2,
    0x22, 0x22, 0xbd, 0x32, 0x22, 0x20, 0xf, 0xff,
    0xff, 0xff, 0xff, 0xff, 0xf0, 0x0, 0x16, 0x5f,
    0x0, 0xf4, 0x50, 0x0, 0x0, 0xab, 0x4f, 0x0,
    0xf6, 0xe9, 0x0, 0x7, 0xf2, 0x4f, 0x0, 0xf4,
    0x2e, 0x80, 0x3, 0x40, 0x4f, 0x0, 0xf4, 0x3,
    0x30, 0x2, 0xff, 0xff, 0xff, 0xff, 0xf5, 0x0,
    0x0, 0x2b, 0xd3, 0x22, 0x3c, 0xd0, 0x0, 0x0,
    0x0, 0xcc, 0x22, 0xcd, 0x20, 0x0, 0x0, 0x0,
    0x1c, 0xff, 0xc0, 0x0, 0x0, 0x5, 0x9c, 0xfe,
    0x9a, 0xfe, 0xa7, 0x40, 0xd, 0xb8, 0x40, 0x0,
    0x5, 0x9c, 0xd0,

    /* U+53E3 "口" */
    0x15, 0x55, 0x55, 0x55, 0x55, 0x51, 0x4f, 0xff,
    0xff, 0xff, 0xff, 0xf4, 0x4f, 0x0, 0x0, 0x0,
    0x1, 0xf4, 0x4f, 0x0, 0x0, 0x0, 0x1, 0xf4,
    0x4f, 0x0, 0x0, 0x0, 0x1, 0xf4, 0x4f, 0x0,
    0x0, 0x0, 0x1, 0xf4, 0x4f, 0x0, 0x0, 0x0,
    0x1, 0xf4, 0x4f, 0x0, 0x0, 0x0, 0x1, 0xf4,
    0x4f, 0x0, 0x0, 0x0, 0x1, 0xf4, 0x4f, 0xee,
    0xee, 0xee, 0xee, 0xf4, 0x4f, 0x76, 0x66, 0x66,
    0x67, 0xf4, 0x4f, 0x0, 0x0, 0x0, 0x1, 0xe4,

    /* U+53EA "只" */
    0x0, 0xde, 0xee, 0xee, 0xee, 0xe7, 0x0, 0xe,
    0x94, 0x44, 0x44, 0x4f, 0x70, 0x0, 0xe6, 0x0,
    0x0, 0x0, 0xe7, 0x0, 0xe, 0x60, 0x0, 0x0,
    0xe, 0x70, 0x0, 0xe6, 0x0, 0x0, 0x0, 0xe7,
    0x0, 0xe, 0x94, 0x44, 0x44, 0x4f, 0x70, 0x0,
    0xde, 0xee, 0xee, 0xee, 0xe7, 0x0, 0x0, 0x0,
    0x0, 0x0, 0x0, 0x0, 0x0, 0x0, 0xb5, 0x0,
    0xa8, 0x0, 0x0, 0x0, 0xcd, 0x10, 0x4, 0xfa,
    0x0, 0x3, 0xdd, 0x20, 0x0, 0x3, 0xeb, 0x2,
    0xfb, 0x10, 0x0, 0x0, 0x2, 0xe8, 0x2, 0x0,
    0x0, 0x0, 0x0, 0x1, 0x0,

    /* U+53EF "可" */
    0x3f, 0xff, 0xff, 0xff, 0xff, 0xff, 0xf3, 0x15,
    0x55, 0x55, 0x55, 0x55, 0xdb, 0x51, 0x0, 0x0,
    0x0, 0x0, 0x0, 0xc8, 0x0, 0x0, 0xbd, 0xdd,
    0xdc, 0x0, 0xc8, 0x0, 0x0, 0xda, 0x55, 0x9e,
    0x0, 0xc8, 0x0, 0x0, 0xd6, 0x0, 0x5e, 0x0,
    0xc8, 0x0, 0x0, 0xd6, 0x0, 0x5e, 0x0, 0xc8,
    0x0, 0x0, 0xda, 0x66, 0x9e, 0x0, 0xc8, 0x0,
    0x0, 0xde, 0xdd, 0xdc, 0x0, 0xc8, 0x0, 0x0,
    0x63, 0x0, 0x0, 0x0, 0xc8, 0x0, 0x0, 0x0,
    0x0, 0x4, 0x55, 0xe8, 0x0, 0x0, 0x0, 0x0,
    0x6, 0xff, 0xc2, 0x0,

    /* U+53F0 "台" */
    0x0, 0x0, 0x54, 0x0, 0x0, 0x0, 0x0, 0x2,
    0xf8, 0x0, 0x0, 0x0, 0x0, 0xc, 0xc0, 0x6,
    0xc0, 0x0, 0x0, 0xad, 0x10, 0x1, 0xdc, 0x0,
    0x1a, 0xf6, 0x45, 0x66, 0x9f, 0xb0, 0x4f, 0xff,
    0xfe, 0xdc, 0xba, 0xf8, 0x2, 0x0, 0x0, 0x0,
    0x0, 0x43, 0x5, 0xff, 0xff, 0xff, 0xff, 0x60,
    0x6, 0xf4, 0x44, 0x44, 0x4f, 0x70, 0x6, 0xe0,
    0x0, 0x0, 0xe, 0x70, 0x6, 0xe0, 0x0, 0x0,
    0xe, 0x70, 0x6, 0xff, 0xff, 0xff, 0xff, 0x70,
    0x6, 0xf4, 0x44, 0x44, 0x4e, 0x70,

    /* U+53F3 "右" */
    0x0, 0x0, 0x5, 0x80, 0x0, 0x0, 0x0, 0x0,
    0x0, 0xb, 0xb0, 0x0, 0x0, 0x0, 0x3, 0x33,
    0x4f, 0x93, 0x33, 0x33, 0x30, 0x1f, 0xff, 0xff,
    0xff, 0xff, 0xff, 0xf1, 0x0, 0x0, 0xcb, 0x0,
    0x0, 0x0, 0x0, 0x0, 0x4, 0xf4, 0x0, 0x0,
    0x0, 0x0, 0x0, 0xd, 0xe4, 0x44, 0x44, 0x44,
    0x0, 0x0, 0x9f, 0xff, 0xff, 0xff, 0xff, 0x20,
    0x9, 0xfa, 0xf0, 0x0, 0x0, 0x3f, 0x20, 0x4f,
    0x54, 0xf0, 0x0, 0x0, 0x3f, 0x20, 0x2, 0x4,
    0xf0, 0x0, 0x0, 0x3f, 0x20, 0x0, 0x4, 0xff,
    0xff, 0xff, 0xff, 0x20, 0x0, 0x4, 0xf5, 0x44,
    0x44, 0x7e, 0x20,

    /* U+5408 "合" */
    0x0, 0x0, 0x0, 0x29, 0x10, 0x0, 0x0, 0x0,
    0x0, 0x1, 0xdf, 0x20, 0x0, 0x0, 0x0, 0x0,
    0x2d, 0xcb, 0xe4, 0x0, 0x0, 0x0, 0x6, 0xeb,
    0x0, 0x8f, 0x81, 0x0, 0x4, 0xcf, 0xc3, 0x33,
    0x39, 0xff, 0x81, 0x2f, 0xda, 0xff, 0xff, 0xff,
    0x89, 0xf3, 0x3, 0x0, 0x0, 0x0, 0x0, 0x0,
    0x0, 0x0, 0x15, 0x55, 0x55, 0x55, 0x52, 0x0,
    0x0, 0x4f, 0xcc, 0xcc, 0xcc, 0xf7, 0x0, 0x0,
    0x4f, 0x0, 0x0, 0x0, 0xe7, 0x0, 0x0, 0x4f,
    0x0, 0x0, 0x0, 0xe7, 0x0, 0x0, 0x4f, 0xff,
    0xff, 0xff, 0xf7, 0x0, 0x0, 0x4f, 0x43, 0x33,
    0x33, 0xe6, 0x0,

    /* U+540C "同" */
    0xef, 0xff, 0xff, 0xff, 0xff, 0xf6, 0xe7, 0x33,
    0x33, 0x33, 0x33, 0xe6, 0xe5, 0xac, 0xcc, 0xcc,
    0xc1, 0xd6, 0xe5, 0x44, 0x44, 0x44, 0x40, 0xd6,
    0xe5, 0x2, 0x22, 0x22, 0x0, 0xd6, 0xe5, 0x2f,
    0xff, 0xff, 0x60, 0xd6, 0xe5, 0x2f, 0x0, 0xc,
    0x60, 0xd6, 0xe5, 0x2f, 0x0, 0xc, 0x60, 0xd6,
    0xe5, 0x2f, 0xff, 0xff, 0x60, 0xd6, 0xe5, 0x2f,
    0x22, 0x22, 0x0, 0xd6, 0xe5, 0x5, 0x0, 0x0,
    0x44, 0xe6, 0xe5, 0x0, 0x0, 0x0, 0xbf, 0xc1,

    /* U+540E "后" */
    0x0, 0x0, 0x0, 0x13, 0x58, 0xba, 0x0, 0x0,
    0xbd, 0xef, 0xff, 0xdb, 0x96, 0x10, 0x0, 0xe9,
    0x32, 0x10, 0x0, 0x0, 0x0, 0x0, 0xe6, 0x0,
    0x0, 0x0, 0x0, 0x0, 0x0, 0xef, 0xff, 0xff,
    0xff, 0xff, 0xf5, 0x0, 0xf9, 0x44, 0x44, 0x44,
    0x44, 0x41, 0x0, 0xf5, 0x0, 0x0, 0x0, 0x0,
    0x0, 0x1, 0xf3, 0x8f, 0xff, 0xff, 0xff, 0x50,
    0x2, 0xf2, 0x8c, 0x33, 0x33, 0x3f, 0x60, 0x6,
    0xf0, 0x8b, 0x0, 0x0, 0xf, 0x60, 0xb, 0xb0,
    0x8b, 0x0, 0x0, 0xf, 0x60, 0x4f, 0x50, 0x8f,
    0xff, 0xff, 0xff, 0x60, 0x2b, 0x0, 0x8c, 0x33,
    0x33, 0x3f, 0x50, 0x0, 0x0, 0x0, 0x0, 0x0,
    0x0, 0x0,

    /* U+542B "含" */
    0x0, 0x0, 0x0, 0x6, 0x0, 0x0, 0x0, 0x0,
    0x0, 0x0, 0xbf, 0x60, 0x0, 0x0, 0x0, 0x0,
    0x2c, 0xe7, 0xf6, 0x0, 0x0, 0x0, 0x29, 0xfb,
    0x51, 0x3e, 0xc5, 0x0, 0x1a, 0xfe, 0x70, 0xae,
    0x41, 0x9f, 0xe8, 0xa, 0x74, 0x44, 0x4a, 0x74,
    0x41, 0x74, 0x0, 0x2e, 0xee, 0xee, 0xef, 0xf3,
    0x0, 0x0, 0x0, 0x0, 0x0, 0x6e, 0x30, 0x0,
    0x0, 0x5e, 0xee, 0xee, 0xff, 0xed, 0x0, 0x0,
    0x5f, 0x33, 0x33, 0x33, 0x9e, 0x0, 0x0, 0x5e,
    0x0, 0x0, 0x0, 0x6e, 0x0, 0x0, 0x5f, 0xdd,
    0xdd, 0xdd, 0xee, 0x0, 0x0, 0x5f, 0x33, 0x33,
    0x33, 0x9e, 0x0,

    /* U+542C "听" */
    0x0, 0x0, 0x0, 0x0, 0x2, 0x40, 0x4, 0x44,
    0x40, 0x4, 0x8c, 0xfe, 0x40, 0xef, 0xff, 0x16,
    0xfb, 0x84, 0x0, 0xe, 0x52, 0xf1, 0x6f, 0x0,
    0x0, 0x0, 0xe5, 0x2f, 0x16, 0xf4, 0x44, 0x44,
    0x1e, 0x52, 0xf1, 0x6f, 0xff, 0xff, 0xf3, 0xe5,
    0x2f, 0x17, 0xe0, 0xe, 0x60, 0xe, 0x52, 0xf1,
    0x8c, 0x0, 0xe6, 0x0, 0xe9, 0x7f, 0x19, 0xb0,
    0xe, 0x60, 0xe, 0xee, 0xe1, 0xc9, 0x0, 0xe6,
    0x0, 0xe5, 0x0, 0x1f, 0x40, 0xe, 0x60, 0x0,
    0x0, 0x9, 0xe0, 0x0, 0xe6, 0x0, 0x0, 0x0,
    0x96, 0x0, 0xe, 0x60, 0x0, 0x0, 0x0, 0x0,
    0x0, 0x0, 0x0,

    /* U+548C "和" */
    0x0, 0x0, 0x4, 0x10, 0x0, 0x0, 0x0, 0x68,
    0xbf, 0xe7, 0x24, 0x44, 0x44, 0xa, 0x8c, 0xb0,
    0x9, 0xff, 0xff, 0xe0, 0x0, 0xaa, 0x0, 0x9b,
    0x0, 0x6e, 0x3d, 0xdf, 0xfd, 0xc9, 0xb0, 0x6,
    0xe1, 0x56, 0xfd, 0x55, 0x9b, 0x0, 0x6e, 0x0,
    0x7f, 0xf6, 0x9, 0xb0, 0x6, 0xe0, 0xe, 0xed,
    0xf3, 0x9b, 0x0, 0x6e, 0x8, 0xca, 0xa7, 0xb9,
    0xb0, 0x6, 0xe3, 0xf4, 0xaa, 0x2, 0x9b, 0x0,
    0x6e, 0x49, 0xa, 0xa0, 0x9, 0xff, 0xff, 0xe0,
    0x0, 0xaa, 0x0, 0x9c, 0x44, 0x9e, 0x0, 0xa,
    0xa0, 0x6, 0x70, 0x3, 0x70,

    /* U+5668 "器" */
    0x0, 0xff, 0xff, 0x62, 0xff, 0xff, 0x60, 0x0,
    0xf3, 0x1d, 0x62, 0xf1, 0x1d, 0x60, 0x0, 0xf4,
    0x2d, 0x62, 0xf2, 0x2d, 0x60, 0x0, 0xee, 0xee,
    0x72, 0xef, 0xee, 0x60, 0x0, 0x0, 0x6, 0xf2,
    0xb, 0xb1, 0x0, 0x1f, 0xff, 0xff, 0xff, 0xff,
    0xff, 0xf6, 0x3, 0x39, 0xf7, 0x33, 0x7f, 0x93,
    0x31, 0x3, 0xbf, 0x82, 0x10, 0x27, 0xfc, 0x50,
    0x2f, 0xff, 0xff, 0x62, 0xff, 0xff, 0xf7, 0x1,
    0xf2, 0xd, 0x62, 0xf0, 0xd, 0x70, 0x0, 0xf4,
    0x2e, 0x62, 0xf2, 0x2d, 0x60, 0x0, 0xff, 0xfe,
    0x52, 0xff, 0xfe, 0x60,

    /* U+56DE "回" */
    0xef, 0xff, 0xff, 0xff, 0xff, 0xfe, 0xe9, 0x55,
    0x55, 0x55, 0x55, 0xae, 0xe6, 0x0, 0x0, 0x0,
    0x0, 0x7e, 0xe6, 0xe, 0xff, 0xff, 0x60, 0x7e,
    0xe6, 0xe, 0x72, 0x2e, 0x60, 0x7e, 0xe6, 0xe,
    0x40, 0xe, 0x60, 0x7e, 0xe6, 0xe, 0x40, 0xe,
    0x60, 0x7e, 0xe6, 0xe, 0xff, 0xff, 0x60, 0x7e,
    0xe6, 0x2, 0x22, 0x22, 0x10, 0x7e, 0xe6, 0x0,
    0x0, 0x0, 0x0, 0x7e, 0xef, 0xff, 0xff, 0xff,
    0xff, 0xfe, 0xe9, 0x44, 0x44, 0x44, 0x44, 0x9e,

    /* U+56F4 "围" */
    0xef, 0xff, 0xff, 0xff, 0xff, 0xfe, 0xe6, 0x22,
    0x2a, 0x62, 0x22, 0x6e, 0xe4, 0xcf, 0xff, 0xff,
    0xfb, 0x5e, 0xe4, 0x11, 0x1c, 0x71, 0x11, 0x5e,
    0xe4, 0x4e, 0xef, 0xfe, 0xe2, 0x5e, 0xe4, 0x1,
    0x1c, 0x71, 0x10, 0x5e, 0xe5, 0xee, 0xef, 0xfe,
    0xed, 0x5e, 0xe4, 0x11, 0x1c, 0x71, 0x8c, 0x5e,
    0xe4, 0x0, 0xc, 0x6a, 0xe7, 0x5e, 0xe4, 0x0,
    0x9, 0x42, 0x20, 0x5e, 0xee, 0xdd, 0xdd, 0xdd,
    0xdd, 0xee, 0xe7, 0x33, 0x33, 0x33, 0x33, 0x7e,

    /* U+56FA "固" */
    0xef, 0xff, 0xff, 0xff, 0xff, 0xfe, 0xe8, 0x33,
    0x36, 0x43, 0x33, 0x9e, 0xe5, 0x0, 0xe, 0x40,
    0x0, 0x7e, 0xe5, 0xcf, 0xff, 0xff, 0xfc, 0x7e,
    0xe5, 0x11, 0x1e, 0x51, 0x11, 0x7e, 0xe5, 0x3,
    0x3f, 0x73, 0x30, 0x7e, 0xe5, 0xf, 0xcb, 0xbd,
    0xe0, 0x7e, 0xe5, 0xf, 0x10, 0x4, 0xe0, 0x7e,
    0xe5, 0xf, 0xdc, 0xcd, 0xe0, 0x7e, 0xe5, 0x1,
    0x11, 0x11, 0x10, 0x7e, 0xef, 0xee, 0xee, 0xee,
    0xee, 0xfe, 0xe8, 0x44, 0x44, 0x44, 0x44, 0x9e,

    /* U+56FE "图" */
    0xef, 0xff, 0xff, 0xff, 0xff, 0xfe, 0xe7, 0x22,
    0xb8, 0x22, 0x22, 0x7e, 0xe5, 0x8, 0xff, 0xff,
    0xf5, 0x6e, 0xe6, 0xce, 0xd3, 0x2c, 0xb0, 0x6e,
    0xe5, 0x50, 0x7f, 0xfa, 0x0, 0x6e, 0xe7, 0x7c,
    0xfa, 0x9e, 0xd8, 0x8e, 0xe8, 0xc7, 0x99, 0x50,
    0x49, 0x7e, 0xe5, 0x1, 0x15, 0xac, 0x0, 0x6e,
    0xe5, 0xc, 0xfd, 0xa6, 0x20, 0x6e, 0xe5, 0x0,
    0x2, 0x6a, 0xb0, 0x6e, 0xed, 0xcc, 0xcc, 0xcc,
    0xcc, 0xee, 0xe8, 0x55, 0x55, 0x55, 0x55, 0x9e,

    /* U+5706 "圆" */
    0xef, 0xff, 0xff, 0xff, 0xff, 0xfe, 0xe6, 0x6c,
    0xcc, 0xcc, 0xc2, 0x7e, 0xe5, 0x7b, 0x22, 0x23,
    0xf1, 0x6e, 0xe5, 0x7f, 0xdd, 0xdd, 0xf1, 0x6e,
    0xe5, 0x12, 0x22, 0x22, 0x20, 0x6e, 0xe5, 0xcf,
    0xff, 0xff, 0xf6, 0x6e, 0xe5, 0xc5, 0x6, 0x30,
    0xc6, 0x6e, 0xe5, 0xc5, 0xd, 0x40, 0xc6, 0x6e,
    0xe5, 0x53, 0x9e, 0x98, 0x62, 0x6e, 0xe8, 0xbf,
    0xa1, 0x29, 0xfa, 0x6e, 0xe8, 0x95, 0x33, 0x33,
    0x58, 0x8e, 0xee, 0xdd, 0xdd, 0xdd, 0xdd, 0xee,

    /* U+5728 "在" */
    0x0, 0x0, 0xb, 0x70, 0x0, 0x0, 0x0, 0x0,
    0x0, 0x2f, 0x50, 0x0, 0x0, 0x0, 0x1e, 0xee,
    0xff, 0xee, 0xee, 0xee, 0xe1, 0x5, 0x56, 0xf9,
    0x55, 0x55, 0x55, 0x50, 0x0, 0x9, 0xe0, 0x0,
    0x65, 0x0, 0x0, 0x0, 0x3f, 0x60, 0x0, 0xb9,
    0x0, 0x0, 0x2, 0xef, 0x2, 0x33, 0xcb, 0x33,
    0x20, 0x2e, 0xfe, 0xa, 0xff, 0xff, 0xff, 0x80,
    0x2c, 0x7e, 0x0, 0x0, 0xb9, 0x0, 0x0, 0x0,
    0x6e, 0x0, 0x0, 0xb9, 0x0, 0x0, 0x0, 0x6e,
    0x0, 0x0, 0xb9, 0x0, 0x0, 0x0, 0x6e, 0x3,
    0x33, 0xca, 0x33, 0x30, 0x0, 0x6e, 0x3f, 0xff,
    0xff, 0xff, 0xf1,

    /* U+5730 "地" */
    0x0, 0x0, 0x0, 0x0, 0x2, 0x0, 0x0, 0x0,
    0xe5, 0x0, 0x0, 0x4e, 0x0, 0x0, 0x0, 0xe5,
    0x0, 0x30, 0x4e, 0x0, 0x0, 0x0, 0xe5, 0x3,
    0xf0, 0x4e, 0x0, 0x0, 0x24, 0xe8, 0x33, 0xf0,
    0x4f, 0x7e, 0xc0, 0x9f, 0xff, 0xd3, 0xf3, 0xbf,
    0xdb, 0xc0, 0x0, 0xe5, 0x19, 0xff, 0xce, 0x7,
    0xc0, 0x0, 0xe5, 0x7d, 0xf0, 0x4e, 0x7, 0xb0,
    0x0, 0xe5, 0x13, 0xf0, 0x4e, 0x8, 0xb0, 0x0,
    0xed, 0xf3, 0xf0, 0x4e, 0x8f, 0x70, 0x7f, 0xfa,
    0x23, 0xf0, 0x27, 0x12, 0x51, 0x59, 0x20, 0x3,
    0xf0, 0x0, 0x0, 0xd5, 0x0, 0x0, 0x2, 0xf4,
    0x22, 0x24, 0xf2, 0x0, 0x0, 0x0, 0xaf, 0xff,
    0xff, 0x90,

    /* U+573A "场" */
    0x0, 0xd5, 0x0, 0x0, 0x0, 0x0, 0x0, 0xd,
    0x50, 0xff, 0xff, 0xff, 0x70, 0x0, 0xd5, 0x3,
    0x33, 0x7f, 0xb0, 0x2, 0x4e, 0x83, 0x0, 0x7f,
    0x70, 0x0, 0x7e, 0xff, 0xb4, 0xcf, 0x74, 0x44,
    0x40, 0xd, 0x50, 0xaf, 0xff, 0xff, 0xff, 0x0,
    0xd5, 0x0, 0xd, 0x68, 0xa6, 0xd0, 0xd, 0x50,
    0x6, 0xd0, 0xe4, 0x7c, 0x0, 0xd6, 0x45, 0xf4,
    0x5d, 0x9, 0xb0, 0x5f, 0xfd, 0xd4, 0xe, 0x50,
    0xb9, 0x8f, 0xa4, 0x0, 0xb, 0xb0, 0xd, 0x71,
    0x10, 0x0, 0x1b, 0xd0, 0x25, 0xf4, 0x0, 0x0,
    0x7, 0xb1, 0xc, 0xfb, 0x0, 0x0, 0x0, 0x0,
    0x0, 0x0, 0x0,

    /* U+578B "型" */
    0x0, 0x0, 0x0, 0x0, 0x0, 0x8, 0xb0, 0x6,
    0xff, 0xff, 0xfd, 0x1f, 0x18, 0xb0, 0x1, 0x5f,
    0x29, 0xc2, 0x1f, 0x18, 0xb0, 0x2, 0x5f, 0x39,
    0xc3, 0x1f, 0x18, 0xb0, 0xd, 0xff, 0xff, 0xff,
    0x4f, 0x18, 0xb0, 0x0, 0x8b, 0x7, 0xb0, 0xa,
    0x18, 0xb0, 0x4, 0xf5, 0x7, 0xb0, 0x1, 0x3a,
    0xb0, 0xc, 0x90, 0x6, 0xb5, 0x2, 0xfe, 0x50,
    0x0, 0x23, 0x33, 0x9e, 0x33, 0x33, 0x0, 0x0,
    0x9f, 0xff, 0xff, 0xff, 0xff, 0x0, 0x0, 0x0,
    0x0, 0x6e, 0x0, 0x0, 0x0, 0x5, 0x55, 0x55,
    0xaf, 0x55, 0x55, 0x52, 0x1d, 0xdd, 0xdd, 0xdd,
    0xdd, 0xdd, 0xd6,

    /* U+57DF "域" */
    0x0, 0x0, 0x0, 0x0, 0x2, 0x0, 0x0, 0x0,
    0xf3, 0x0, 0x0, 0xf, 0x5e, 0x30, 0x0, 0xf3,
    0x0, 0x0, 0xf, 0x37, 0xc0, 0x0, 0xf3, 0x8f,
    0xff, 0xff, 0xff, 0xf1, 0x38, 0xf9, 0x53, 0x33,
    0x3f, 0x73, 0x30, 0x6f, 0xff, 0x63, 0x33, 0x1e,
    0x50, 0x0, 0x1, 0xf4, 0x2f, 0xdf, 0x5d, 0x58,
    0xa0, 0x0, 0xf3, 0x2d, 0xa, 0x5c, 0x7e, 0x50,
    0x0, 0xf3, 0x2d, 0x1b, 0x5a, 0xcf, 0x0, 0x0,
    0xf6, 0x5e, 0xee, 0x57, 0xf8, 0x0, 0x4, 0xff,
    0x40, 0x26, 0x98, 0xf1, 0x0, 0x4f, 0x81, 0x8e,
    0xfb, 0xcf, 0xf2, 0x72, 0x1, 0x0, 0x43, 0x6,
    0xf5, 0xba, 0xd3, 0x0, 0x0, 0x0, 0x9, 0x40,
    0x2e, 0xc0,

    /* U+5883 "境" */
    0x0, 0x0, 0x0, 0x0, 0x21, 0x0, 0x0, 0x0,
    0xe5, 0x0, 0x0, 0xc8, 0x0, 0x0, 0x0, 0xe5,
    0x7, 0xff, 0xff, 0xff, 0x70, 0x0, 0xe5, 0x1,
    0x5a, 0x11, 0xb5, 0x10, 0x14, 0xf8, 0x22, 0x4f,
    0x23, 0xf3, 0x10, 0x5f, 0xff, 0x9e, 0xff, 0xff,
    0xff, 0xd0, 0x0, 0xe5, 0x2, 0x77, 0x77, 0x77,
    0x10, 0x0, 0xe5, 0x4, 0xe5, 0x55, 0x6f, 0x20,
    0x0, 0xe5, 0x4, 0xfc, 0xcc, 0xdf, 0x20, 0x0,
    0xe5, 0x14, 0xe2, 0x22, 0x3f, 0x20, 0x2, 0xfe,
    0xe3, 0xbf, 0xce, 0xeb, 0x10, 0x6f, 0xd7, 0x10,
    0x3f, 0x19, 0x90, 0x20, 0x13, 0x0, 0x3, 0xda,
    0x9, 0xa0, 0xd2, 0x0, 0x0, 0xaf, 0x80, 0x5,
    0xef, 0xc0, 0x0, 0x0, 0x10, 0x0, 0x0, 0x0,
    0x0,

    /* U+58F0 "声" */
    0x0, 0x0, 0x0, 0xa9, 0x0, 0x0, 0x0, 0xdd,
    0xdd, 0xdf, 0xed, 0xdd, 0xdd, 0x4, 0x44, 0x44,
    0xcb, 0x44, 0x44, 0x40, 0x2, 0x22, 0x2b, 0xa2,
    0x22, 0x20, 0x2, 0xff, 0xff, 0xff, 0xff, 0xff,
    0x50, 0x1, 0x11, 0x11, 0x11, 0x11, 0x10, 0x0,
    0xdf, 0xff, 0xff, 0xff, 0xff, 0x10, 0xe, 0x60,
    0xa, 0x90, 0x2, 0xf1, 0x0, 0xf7, 0x22, 0xba,
    0x22, 0x5f, 0x10, 0x1f, 0xfe, 0xee, 0xee, 0xef,
    0xf1, 0x5, 0xf0, 0x0, 0x0, 0x0, 0x19, 0x10,
    0xca, 0x0, 0x0, 0x0, 0x0, 0x0, 0x5e, 0x10,
    0x0, 0x0, 0x0, 0x0, 0x0, 0x10, 0x0, 0x0,
    0x0, 0x0, 0x0,

    /* U+5907 "备" */
    0x0, 0x0, 0x8d, 0x10, 0x0, 0x0, 0x0, 0x0,
    0x6, 0xff, 0xcc, 0xcc, 0xb1, 0x0, 0x1, 0xaf,
    0xd5, 0x55, 0x9f, 0x80, 0x0, 0xd, 0xd6, 0xdd,
    0x49, 0xf8, 0x0, 0x0, 0x2, 0x0, 0x3e, 0xff,
    0xa1, 0x0, 0x0, 0x37, 0x9e, 0xfb, 0x68, 0xdf,
    0xda, 0x82, 0x7d, 0xda, 0x53, 0x33, 0x36, 0x9b,
    0xb0, 0x0, 0xef, 0xee, 0xff, 0xee, 0xf7, 0x0,
    0x0, 0xe6, 0x0, 0xe6, 0x0, 0xf7, 0x0, 0x0,
    0xef, 0xff, 0xff, 0xff, 0xf7, 0x0, 0x0, 0xe7,
    0x11, 0xf7, 0x11, 0xf7, 0x0, 0x0, 0xe9, 0x33,
    0xf8, 0x33, 0xf7, 0x0, 0x0, 0xef, 0xee, 0xee,
    0xee, 0xf7, 0x0,

    /* U+590D "复" */
    0x0, 0x4, 0x30, 0x0, 0x0, 0x0, 0x0, 0x0,
    0x1e, 0xa3, 0x33, 0x33, 0x33, 0x30, 0x1, 0xce,
    0xdd, 0xdd, 0xdd, 0xdd, 0xc0, 0x1d, 0xc8, 0x77,
    0x77, 0x77, 0x76, 0x0, 0x6, 0x1f, 0x85, 0x55,
    0x55, 0xae, 0x0, 0x0, 0xf, 0xdd, 0xdd, 0xdd,
    0xee, 0x0, 0x0, 0xf, 0x85, 0x55, 0x55, 0xae,
    0x0, 0x0, 0x7, 0xed, 0x66, 0x66, 0x66, 0x0,
    0x0, 0xa, 0xfe, 0xee, 0xee, 0xe6, 0x0, 0x4,
    0xdc, 0xe7, 0x11, 0x5d, 0xd1, 0x0, 0x2, 0x60,
    0x2c, 0xdb, 0xf8, 0x0, 0x0, 0x26, 0x8b, 0xef,
    0xdb, 0xfe, 0xb8, 0x73, 0x3d, 0xb8, 0x51, 0x0,
    0x4, 0x79, 0xb2,

    /* U+5916 "外" */
    0x0, 0x0, 0x0, 0x0, 0x0, 0x0, 0x0, 0x0,
    0xd, 0x60, 0x0, 0x6e, 0x0, 0x0, 0x0, 0x2f,
    0x30, 0x0, 0x6e, 0x0, 0x0, 0x0, 0x7f, 0xee,
    0xe6, 0x6e, 0x0, 0x0, 0x0, 0xcb, 0x55, 0xf6,
    0x6e, 0x0, 0x0, 0x3, 0xf3, 0x2, 0xf2, 0x6f,
    0x80, 0x0, 0xd, 0xb3, 0x6, 0xf0, 0x6f, 0xec,
    0x0, 0x1c, 0x6f, 0x8c, 0xa0, 0x6e, 0x2e, 0xc0,
    0x0, 0x4, 0xef, 0x40, 0x6e, 0x2, 0xf6, 0x0,
    0x0, 0xcd, 0x0, 0x6e, 0x0, 0x10, 0x0, 0x8,
    0xf4, 0x0, 0x6e, 0x0, 0x0, 0x0, 0x7f, 0x80,
    0x0, 0x6e, 0x0, 0x0, 0x1c, 0xf9, 0x0, 0x0,
    0x6e, 0x0, 0x0, 0x9, 0x50, 0x0, 0x0, 0x6e,
    0x0, 0x0,

    /* U+591A "多" */
    0x0, 0x0, 0x7, 0x30, 0x0, 0x0, 0x0, 0x0,
    0x1b, 0xf7, 0x55, 0x40, 0x0, 0x0, 0x5d, 0xdc,
    0xcc, 0xfd, 0x0, 0x2, 0xce, 0x71, 0x0, 0x8f,
    0x20, 0x0, 0x7, 0x18, 0xe6, 0xce, 0x30, 0x0,
    0x0, 0x0, 0x4d, 0xfa, 0x86, 0x0, 0x0, 0x6a,
    0xef, 0x93, 0x9f, 0x95, 0x54, 0x6, 0x95, 0x2,
    0xce, 0xcc, 0xcf, 0xd0, 0x0, 0x39, 0xfa, 0x10,
    0x5, 0xf3, 0x0, 0xd, 0xa3, 0xac, 0x17, 0xf7,
    0x0, 0x0, 0x0, 0x2, 0xef, 0xe4, 0x0, 0x0,
    0x13, 0x6b, 0xfe, 0x90, 0x0, 0x0, 0xcf, 0xfd,
    0xa4, 0x0, 0x0, 0x0, 0x2, 0x30, 0x0, 0x0,
    0x0, 0x0, 0x0,

    /* U+591C "夜" */
    0x0, 0x0, 0x0, 0x94, 0x0, 0x0, 0x0, 0x4,
    0x44, 0x44, 0xbd, 0x44, 0x44, 0x40, 0x1f, 0xff,
    0xff, 0xff, 0xff, 0xff, 0xf2, 0x0, 0x7, 0xd0,
    0x9, 0xc0, 0x0, 0x0, 0x0, 0x1f, 0x70, 0x2f,
    0xed, 0xdd, 0x80, 0x0, 0xaf, 0x0, 0xbb, 0x74,
    0x5e, 0x70, 0x8, 0xfe, 0xa, 0xf4, 0xd8, 0x4f,
    0x10, 0x6f, 0xbe, 0x7f, 0xcc, 0x29, 0xca, 0x0,
    0x5, 0x5e, 0x3, 0x1e, 0x88, 0xe1, 0x0, 0x0,
    0x5e, 0x0, 0x4, 0xff, 0x40, 0x0, 0x0, 0x5e,
    0x0, 0x1a, 0xff, 0x91, 0x0, 0x0, 0x5e, 0x28,
    0xed, 0x34, 0xee, 0x81, 0x0, 0x5e, 0x3d, 0x60,
    0x0, 0x18, 0xd1, 0x0, 0x0, 0x0, 0x0, 0x0,
    0x0, 0x0,

    /* U+5929 "天" */
    0x7, 0xff, 0xff, 0xff, 0xff, 0xff, 0x70, 0x3,
    0x66, 0x66, 0xdb, 0x66, 0x66, 0x20, 0x0, 0x0,
    0x0, 0xc9, 0x0, 0x0, 0x0, 0x0, 0x0, 0x0,
    0xc8, 0x0, 0x0, 0x0, 0x5, 0x55, 0x55, 0xeb,
    0x55, 0x55, 0x50, 0xf, 0xff, 0xff, 0xff, 0xff,
    0xff, 0xf0, 0x0, 0x0, 0x5, 0xff, 0x30, 0x0,
    0x0, 0x0, 0x0, 0xc, 0xcb, 0xb0, 0x0, 0x0,
    0x0, 0x0, 0x8f, 0x42, 0xf8, 0x0, 0x0, 0x0,
    0x9, 0xf7, 0x0, 0x5f, 0x90, 0x0, 0x5, 0xdf,
    0x60, 0x0, 0x6, 0xfd, 0x61, 0x2f, 0xa2, 0x0,
    0x0, 0x0, 0x2a, 0xf2, 0x0, 0x0, 0x0, 0x0,
    0x0, 0x0, 0x0,

    /* U+5931 "失" */
    0x0, 0xa, 0x30, 0xb9, 0x0, 0x0, 0x0, 0x0,
    0x4f, 0x30, 0xb9, 0x0, 0x0, 0x0, 0x0, 0xaf,
    0x55, 0xdb, 0x55, 0x55, 0x0, 0x1, 0xff, 0xff,
    0xff, 0xff, 0xff, 0x0, 0xa, 0xe1, 0x0, 0xc9,
    0x0, 0x0, 0x0, 0xc, 0x60, 0x0, 0xc9, 0x0,
    0x0, 0x0, 0x16, 0x65, 0x55, 0xeb, 0x55, 0x55,
    0x51, 0x3f, 0xff, 0xff, 0xff, 0xff, 0xff, 0xf3,
    0x0, 0x0, 0x8, 0xff, 0x70, 0x0, 0x0, 0x0,
    0x0, 0x3f, 0x97, 0xf2, 0x0, 0x0, 0x0, 0x4,
    0xed, 0x10, 0xce, 0x30, 0x0, 0x3, 0xaf, 0xc1,
    0x0, 0xb, 0xfa, 0x30, 0x2f, 0xd6, 0x0, 0x0,
    0x0, 0x6d, 0xf4, 0x2, 0x0, 0x0, 0x0, 0x0,
    0x0, 0x20,

    /* U+594F "奏" */
    0x0, 0x0, 0x0, 0x0, 0x0, 0x0, 0x0, 0x0,
    0x0, 0x0, 0xaa, 0x0, 0x0, 0x0, 0x2, 0xee,
    0xee, 0xff, 0xee, 0xee, 0x40, 0x0, 0x11, 0x12,
    0xf5, 0x11, 0x11, 0x0, 0x0, 0xaf, 0xff, 0xff,
    0xff, 0xfb, 0x0, 0x0, 0x11, 0x1c, 0xa1, 0x11,
    0x11, 0x0, 0x3f, 0xff, 0xff, 0xff, 0xff, 0xff,
    0xf3, 0x1, 0x17, 0xf6, 0x11, 0x4f, 0x71, 0x10,
    0x1, 0x8f, 0xde, 0xee, 0xed, 0xf9, 0x20, 0x3f,
    0xe4, 0x1, 0xa9, 0x10, 0x2c, 0xf4, 0x5, 0x7f,
    0xff, 0xff, 0xff, 0xf7, 0x30, 0x0, 0x1, 0x1b,
    0xd5, 0xc6, 0x10, 0x0, 0x0, 0x27, 0xec, 0x10,
    0x7e, 0xe6, 0x0, 0x0, 0xdb, 0x50, 0x0, 0x0,
    0x6d, 0x20, 0x0, 0x0, 0x0, 0x0, 0x0, 0x0,
    0x0,

    /* U+5973 "女" */
    0x0, 0x0, 0x5, 0xa0, 0x0, 0x0, 0x0, 0x0,
    0x0, 0xb, 0xc0, 0x0, 0x0, 0x0, 0x0, 0x0,
    0x1f, 0x70, 0x0, 0x0, 0x0, 0x7, 0x77, 0xaf,
    0x87, 0x77, 0x77, 0x71, 0x1f, 0xff, 0xff, 0xff,
    0xff, 0xff, 0xf2, 0x0, 0x3, 0xf5, 0x0, 0xf,
    0x70, 0x0, 0x0, 0xa, 0xe0, 0x0, 0x5f, 0x20,
    0x0, 0x0, 0x2f, 0x90, 0x0, 0xcd, 0x0, 0x0,
    0x0, 0x4d, 0xfc, 0x57, 0xf4, 0x0, 0x0, 0x0,
    0x0, 0x4b, 0xff, 0xd0, 0x0, 0x0, 0x0, 0x0,
    0x3b, 0xfd, 0xfe, 0x60, 0x0, 0x16, 0x9d, 0xfd,
    0x40, 0x2b, 0xfd, 0x40, 0xe, 0xda, 0x50, 0x0,
    0x0, 0x4e, 0x80, 0x0, 0x0, 0x0, 0x0, 0x0,
    0x0, 0x0,

    /* U+597D "好" */
    0x0, 0x0, 0x0, 0x0, 0x0, 0x0, 0x0, 0x0,
    0xa9, 0x0, 0x0, 0x0, 0x0, 0x0, 0x0, 0xc7,
    0x0, 0x5f, 0xff, 0xff, 0xc0, 0x0, 0xe5, 0x0,
    0x14, 0x44, 0x8f, 0x70, 0x5f, 0xff, 0xfe, 0x0,
    0x1, 0xeb, 0x0, 0x18, 0xf4, 0x8e, 0x0, 0xb,
    0xc0, 0x0, 0x8, 0xb0, 0x7b, 0x0, 0xd, 0x70,
    0x0, 0xc, 0x70, 0xb9, 0xef, 0xff, 0xff, 0xf6,
    0xf, 0x91, 0xf4, 0x44, 0x4e, 0xa4, 0x42, 0x5,
    0xfe, 0xe0, 0x0, 0xd, 0x70, 0x0, 0x0, 0x3f,
    0xe2, 0x0, 0xd, 0x70, 0x0, 0x0, 0xcd, 0xce,
    0x10, 0xd, 0x70, 0x0, 0x2c, 0xe2, 0x18, 0x3,
    0x3e, 0x70, 0x0, 0x3b, 0x10, 0x0, 0xa, 0xfd,
    0x20, 0x0, 0x0, 0x0, 0x0, 0x0, 0x0, 0x0,
    0x0,

    /* U+59CB "始" */
    0x0, 0x0, 0x0, 0x0, 0x0, 0x0, 0x0, 0x0,
    0x8b, 0x0, 0x0, 0x7d, 0x0, 0x0, 0x0, 0xa9,
    0x0, 0x0, 0xe9, 0x0, 0x0, 0x0, 0xb7, 0x0,
    0x6, 0xf1, 0x3a, 0x0, 0x2f, 0xff, 0xf9, 0xe,
    0x70, 0x1e, 0x70, 0x5, 0xf5, 0xb8, 0xaf, 0x66,
    0x7b, 0xf2, 0x5, 0xd0, 0xb7, 0xff, 0xec, 0xb9,
    0xd9, 0x9, 0x90, 0xe4, 0x10, 0x0, 0x0, 0x22,
    0xc, 0xc4, 0xf0, 0x4d, 0xdd, 0xdd, 0xc0, 0x1,
    0xcf, 0xb0, 0x5e, 0x55, 0x58, 0xe0, 0x0, 0x1f,
    0xe2, 0x5c, 0x0, 0x4, 0xe0, 0x0, 0xbc, 0xac,
    0x5c, 0x0, 0x4, 0xe0, 0xb, 0xf2, 0x2, 0x5f,
    0xdd, 0xde, 0xe0, 0xa, 0x30, 0x0, 0x5d, 0x44,
    0x48, 0xe0,

    /* U+5B89 "安" */
    0x0, 0x0, 0x1, 0xa2, 0x0, 0x0, 0x0, 0x2,
    0x22, 0x23, 0xea, 0x22, 0x22, 0x20, 0xb, 0xff,
    0xff, 0xff, 0xff, 0xff, 0xb0, 0xb, 0x90, 0x3,
    0x61, 0x0, 0xa, 0xb0, 0x8, 0x70, 0xa, 0xd0,
    0x0, 0x7, 0x80, 0x4, 0x44, 0x5f, 0xa4, 0x44,
    0x44, 0x40, 0xf, 0xff, 0xff, 0xff, 0xff, 0xff,
    0xf1, 0x0, 0x5, 0xf4, 0x0, 0x5f, 0x30, 0x0,
    0x0, 0x1e, 0xe4, 0x1, 0xeb, 0x0, 0x0, 0x0,
    0x5, 0xbf, 0xed, 0xe1, 0x0, 0x0, 0x0, 0x0,
    0x7, 0xff, 0xfa, 0x30, 0x0, 0x2, 0x59, 0xee,
    0x70, 0x5d, 0xfb, 0x30, 0x8, 0xfa, 0x61, 0x0,
    0x0, 0x5e, 0x60, 0x0, 0x0, 0x0, 0x0, 0x0,
    0x0, 0x0,

    /* U+5B8C "完" */
    0x0, 0x0, 0x0, 0xb4, 0x0, 0x0, 0x0, 0x2,
    0x33, 0x33, 0xdc, 0x33, 0x33, 0x20, 0xd, 0xff,
    0xff, 0xff, 0xff, 0xff, 0xc0, 0xd, 0x70, 0x0,
    0x0, 0x0, 0x8, 0xc0, 0xd, 0x7a, 0xee, 0xee,
    0xee, 0x98, 0xc0, 0x0, 0x3, 0x44, 0x44, 0x44,
    0x30, 0x0, 0x1, 0x11, 0x11, 0x11, 0x11, 0x11,
    0x10, 0x2f, 0xff, 0xff, 0xff, 0xff, 0xff, 0xf2,
    0x1, 0x11, 0xab, 0x11, 0xf5, 0x11, 0x10, 0x0,
    0x0, 0xc8, 0x0, 0xf4, 0x0, 0x0, 0x0, 0x3,
    0xf4, 0x0, 0xf4, 0x0, 0xb3, 0x1, 0x7f, 0xa0,
    0x0, 0xf7, 0x24, 0xf3, 0x1f, 0xd7, 0x0, 0x0,
    0xaf, 0xff, 0xc0, 0x1, 0x0, 0x0, 0x0, 0x0,
    0x0, 0x0,

    /* U+5B9A "定" */
    0x0, 0x0, 0x2, 0xb2, 0x0, 0x0, 0x0, 0x3,
    0x33, 0x33, 0xfa, 0x33, 0x33, 0x30, 0xe, 0xff,
    0xff, 0xff, 0xff, 0xff, 0xe0, 0xe, 0x50, 0x0,
    0x0, 0x0, 0x6, 0xe0, 0xe, 0x54, 0x44, 0x44,
    0x44, 0x46, 0xe0, 0x0, 0xf, 0xff, 0xff, 0xff,
    0xe0, 0x0, 0x0, 0x2, 0x0, 0xe6, 0x0, 0x0,
    0x0, 0x0, 0x3f, 0x10, 0xe8, 0x33, 0x31, 0x0,
    0x0, 0x7f, 0x0, 0xef, 0xff, 0xf6, 0x0, 0x0,
    0xbf, 0x50, 0xe6, 0x0, 0x0, 0x0, 0x1, 0xfa,
    0xe4, 0xe6, 0x0, 0x0, 0x0, 0xb, 0xd0, 0x8f,
    0xfa, 0x54, 0x44, 0x42, 0x4e, 0x20, 0x3, 0x9d,
    0xff, 0xff, 0xf2, 0x1, 0x0, 0x0, 0x0, 0x0,
    0x0, 0x0,

    /* U+5B9E "实" */
    0x0, 0x0, 0x9, 0x50, 0x0, 0x0, 0x3, 0x44,
    0x44, 0xce, 0x44, 0x44, 0x30, 0xcf, 0xff, 0xff,
    0xff, 0xff, 0xfc, 0xc, 0x82, 0x70, 0xa, 0x20,
    0x8, 0xc0, 0x86, 0x4e, 0xb2, 0xf3, 0x0, 0x69,
    0x0, 0x31, 0x28, 0x3f, 0x20, 0x0, 0x0, 0xa,
    0xf5, 0x5, 0xf0, 0x0, 0x0, 0x0, 0x5, 0x50,
    0x8e, 0x0, 0x0, 0x0, 0xee, 0xee, 0xef, 0xfe,
    0xee, 0xee, 0x2, 0x22, 0x29, 0xf4, 0x73, 0x22,
    0x20, 0x0, 0x19, 0xf6, 0x3e, 0xe8, 0x10, 0x4,
    0xaf, 0xe5, 0x0, 0x5, 0xcf, 0x80, 0x5a, 0x50,
    0x0, 0x0, 0x0, 0x66, 0x0,

    /* U+5BB9 "容" */
    0x0, 0x0, 0x0, 0x74, 0x0, 0x0, 0x0, 0x4,
    0x44, 0x44, 0xdd, 0x44, 0x44, 0x30, 0xe, 0xed,
    0xdd, 0xdd, 0xdd, 0xde, 0xc0, 0xe, 0x50, 0x73,
    0x0, 0x53, 0x8, 0xc0, 0x5, 0x3b, 0xd2, 0x32,
    0x6e, 0x94, 0x50, 0x5, 0xec, 0x12, 0xee, 0x11,
    0xcd, 0x20, 0x1, 0x60, 0x3e, 0x88, 0xe4, 0x6,
    0x0, 0x0, 0x29, 0xf5, 0x0, 0x4e, 0x92, 0x0,
    0x2a, 0xff, 0xec, 0xcc, 0xce, 0xff, 0xb1, 0x1c,
    0x5f, 0x85, 0x55, 0x59, 0xe3, 0x80, 0x0, 0xf,
    0x40, 0x0, 0x6, 0xe0, 0x0, 0x0, 0xf, 0x74,
    0x44, 0x49, 0xe0, 0x0, 0x0, 0xf, 0xed, 0xdd,
    0xde, 0xe0, 0x0,

    /* U+5BC6 "密" */
    0x0, 0x0, 0x0, 0x0, 0x0, 0x0, 0x0, 0x0,
    0x0, 0x0, 0xf4, 0x0, 0x0, 0x0, 0xc, 0xdd,
    0xdd, 0xfe, 0xdd, 0xdd, 0xd0, 0xe, 0x85, 0x5c,
    0x65, 0x55, 0x58, 0xf0, 0xe, 0x50, 0x29, 0xe4,
    0x4f, 0x45, 0xf0, 0x0, 0xb3, 0xe3, 0x47, 0xf7,
    0x67, 0x0, 0x6, 0xe0, 0xe5, 0xaf, 0x62, 0x6f,
    0x60, 0x1f, 0x52, 0xff, 0xa1, 0x7, 0xc4, 0xf3,
    0x19, 0xdf, 0xdf, 0xff, 0xff, 0x60, 0x30, 0x1c,
    0x72, 0x0, 0x94, 0x0, 0x0, 0x0, 0x0, 0xa5,
    0x0, 0xe6, 0x0, 0x5e, 0x0, 0x0, 0xc6, 0x0,
    0xe6, 0x0, 0x5e, 0x0, 0x0, 0xcd, 0xcc, 0xfd,
    0xcc, 0xde, 0x0, 0x0, 0x57, 0x77, 0x77, 0x77,
    0xae, 0x0,

    /* U+5BDF "察" */
    0x0, 0x0, 0x0, 0x0, 0x0, 0x0, 0x0, 0x0,
    0x0, 0x0, 0x9a, 0x0, 0x0, 0x0, 0xd, 0xdd,
    0xdd, 0xef, 0xdd, 0xdd, 0xd0, 0xf, 0x66, 0xa3,
    0x3a, 0x33, 0x37, 0xf0, 0x9, 0x2d, 0xeb, 0xad,
    0xcb, 0xbd, 0xb0, 0x2, 0xca, 0x39, 0xd6, 0xf5,
    0x8e, 0x10, 0x2f, 0x95, 0xef, 0x50, 0xcb, 0xd6,
    0x0, 0x3, 0xb6, 0xeb, 0x22, 0x4f, 0xe1, 0x0,
    0x0, 0x8f, 0xae, 0xee, 0xea, 0xdf, 0x91, 0x2f,
    0xe6, 0x33, 0x33, 0x33, 0x38, 0xb1, 0x2, 0x9e,
    0xee, 0xff, 0xee, 0xea, 0x0, 0x0, 0x8, 0xc1,
    0x5e, 0xa, 0x81, 0x0, 0x6, 0xdd, 0x31, 0x6e,
    0x2, 0xaf, 0x70, 0x8, 0x60, 0xe, 0xfa, 0x0,
    0x5, 0x60,

    /* U+5BFC "导" */
    0x2, 0xff, 0xff, 0xff, 0xff, 0xf7, 0x0, 0x2,
    0xf5, 0x11, 0x11, 0x11, 0xc7, 0x0, 0x2, 0xff,
    0xff, 0xff, 0xff, 0xf7, 0x0, 0x2, 0xf6, 0x22,
    0x22, 0x22, 0x26, 0x60, 0x0, 0xde, 0xcb, 0xbb,
    0xbb, 0xcf, 0x90, 0x0, 0x3, 0x44, 0x44, 0x59,
    0x53, 0x0, 0x3, 0x33, 0x33, 0x33, 0x5f, 0x53,
    0x30, 0x1f, 0xff, 0xff, 0xff, 0xff, 0xff, 0xf2,
    0x0, 0xd, 0x90, 0x0, 0x2f, 0x30, 0x0, 0x0,
    0x2, 0xea, 0x0, 0x2f, 0x30, 0x0, 0x0, 0x0,
    0x39, 0x12, 0x4f, 0x30, 0x0, 0x0, 0x0, 0x0,
    0x8f, 0xfb, 0x0, 0x0,

    /* U+5C01 "封" */
    0x0, 0xb, 0x80, 0x0, 0x0, 0x2d, 0x10, 0x0,
    0xb, 0x90, 0x0, 0x0, 0x3f, 0x10, 0xe, 0xff,
    0xff, 0xb0, 0x0, 0x3f, 0x10, 0x2, 0x2b, 0x92,
    0x16, 0x88, 0xaf, 0x93, 0x2, 0x2c, 0xa2, 0x28,
    0xaa, 0xcf, 0xb4, 0x4f, 0xff, 0xff, 0xf0, 0x0,
    0x3f, 0x10, 0x0, 0x7, 0x60, 0x3, 0xf1, 0x3f,
    0x10, 0x3, 0x3c, 0xa3, 0x30, 0xd7, 0x3f, 0x10,
    0xf, 0xff, 0xff, 0xd0, 0x7e, 0x3f, 0x10, 0x0,
    0xb, 0x80, 0x0, 0x12, 0x3f, 0x10, 0x0, 0x1b,
    0xb7, 0x92, 0x0, 0x3f, 0x10, 0x5e, 0xff, 0xeb,
    0x91, 0x14, 0x7f, 0x0, 0x25, 0x30, 0x0, 0x0,
    0x1f, 0xe9, 0x0,

    /* U+5C0F "小" */
    0x0, 0x0, 0x0, 0x7e, 0x0, 0x0, 0x0, 0x0,
    0x0, 0x0, 0x7e, 0x0, 0x0, 0x0, 0x0, 0x0,
    0x0, 0x7e, 0x0, 0x0, 0x0, 0x0, 0x29, 0x20,
    0x7e, 0x0, 0x94, 0x0, 0x0, 0x6f, 0x10, 0x7e,
    0x0, 0xcc, 0x0, 0x0, 0xac, 0x0, 0x7e, 0x0,
    0x4f, 0x40, 0x0, 0xe8, 0x0, 0x7e, 0x0, 0xd,
    0xc0, 0x6, 0xf2, 0x0, 0x7e, 0x0, 0x6, 0xf1,
    0xe, 0xb0, 0x0, 0x7e, 0x0, 0x1, 0xf7, 0x1a,
    0x20, 0x0, 0x7e, 0x0, 0x0, 0xc8, 0x0, 0x0,
    0x0, 0x7e, 0x0, 0x0, 0x0, 0x0, 0x0, 0x55,
    0xbd, 0x0, 0x0, 0x0, 0x0, 0x0, 0xcf, 0xe6,
    0x0, 0x0, 0x0, 0x0, 0x0, 0x0, 0x0, 0x0,
    0x0, 0x0,

    /* U+5C3D "尽" */
    0x0, 0x7f, 0xff, 0xff, 0xff, 0xff, 0x10, 0x0,
    0x7f, 0x33, 0x33, 0x33, 0x6f, 0x10, 0x0, 0x7e,
    0x0, 0x0, 0x0, 0x3f, 0x10, 0x0, 0x7f, 0xff,
    0xff, 0xff, 0xff, 0x10, 0x0, 0x9c, 0x33, 0x33,
    0x4f, 0x73, 0x0, 0x0, 0xc8, 0x3, 0x0, 0x9,
    0xc0, 0x0, 0x1, 0xf5, 0x2e, 0xfa, 0x32, 0xf6,
    0x0, 0x8, 0xf1, 0x0, 0x4b, 0xe1, 0x8f, 0x40,
    0x3f, 0x80, 0x0, 0x0, 0x0, 0xb, 0xf5, 0x8,
    0x4, 0xea, 0x61, 0x0, 0x0, 0x70, 0x0, 0x0,
    0x59, 0xef, 0xc6, 0x10, 0x0, 0x0, 0x0, 0x0,
    0x3, 0x9f, 0x40, 0x0, 0x0, 0x0, 0x0, 0x0,
    0x0, 0x0, 0x0,

    /* U+5C40 "局" */
    0x0, 0xef, 0xff, 0xff, 0xff, 0xfd, 0x0, 0xe,
    0x71, 0x11, 0x11, 0x16, 0xd0, 0x0, 0xe8, 0x33,
    0x33, 0x33, 0x7d, 0x0, 0xe, 0xfe, 0xee, 0xee,
    0xee, 0xc0, 0x0, 0xf8, 0x33, 0x33, 0x33, 0x33,
    0x20, 0xf, 0xff, 0xff, 0xff, 0xff, 0xfd, 0x1,
    0xf3, 0x1, 0x11, 0x11, 0x8, 0xc0, 0x4f, 0xa,
    0xff, 0xff, 0xe0, 0x9b, 0x8, 0xd0, 0xa9, 0x0,
    0x4e, 0xa, 0xa0, 0xd7, 0xa, 0xb4, 0x47, 0xe0,
    0xb9, 0x6f, 0x10, 0xae, 0xcc, 0xcd, 0x3e, 0x71,
    0x50, 0x4, 0x40, 0x0, 0xaf, 0xc1, 0x0, 0x0,
    0x0, 0x0, 0x0, 0x0, 0x0,

    /* U+5C42 "层" */
    0x2, 0xff, 0xff, 0xff, 0xff, 0xff, 0x50, 0x2,
    0xf3, 0x11, 0x11, 0x11, 0x1f, 0x50, 0x2, 0xf6,
    0x55, 0x55, 0x55, 0x5f, 0x50, 0x2, 0xfc, 0xcc,
    0xcc, 0xcc, 0xcc, 0x40, 0x3, 0xf1, 0x22, 0x22,
    0x22, 0x22, 0x0, 0x4, 0xf1, 0xbf, 0xff, 0xff,
    0xff, 0x10, 0x5, 0xf0, 0x0, 0x0, 0x0, 0x0,
    0x0, 0x6, 0xe8, 0xff, 0xff, 0xff, 0xff, 0xf0,
    0x9, 0xc1, 0x28, 0xf4, 0x24, 0x82, 0x20, 0xc,
    0x80, 0x1e, 0x60, 0x2, 0xf5, 0x0, 0x2f, 0x41,
    0xde, 0x78, 0x9a, 0xee, 0x0, 0x4c, 0x1, 0xdb,
    0xa8, 0x76, 0x5e, 0x60, 0x0, 0x0, 0x0, 0x0,
    0x0, 0x1, 0x0,

    /* U+5C55 "展" */
    0x0, 0xff, 0xff, 0xff, 0xff, 0xff, 0x60, 0x0,
    0xf5, 0x11, 0x11, 0x11, 0x1f, 0x60, 0x0, 0xff,
    0xff, 0xff, 0xff, 0xff, 0x60, 0x0, 0xf6, 0x26,
    0xa2, 0x2c, 0x52, 0x10, 0x1, 0xf5, 0x38, 0xc3,
    0x3f, 0x73, 0x20, 0x2, 0xf8, 0xde, 0xfd, 0xdf,
    0xed, 0x90, 0x3, 0xf3, 0x17, 0xc1, 0x1e, 0x51,
    0x10, 0x4, 0xfb, 0xff, 0xff, 0xff, 0xff, 0xf4,
    0x7, 0xd0, 0x4e, 0x3, 0xe1, 0x5d, 0x30, 0xb,
    0xa0, 0x4e, 0x0, 0x8e, 0xd4, 0x0, 0x1f, 0x50,
    0x8f, 0x9c, 0x69, 0xf9, 0x30, 0x4d, 0x0, 0xcc,
    0x84, 0x0, 0x4b, 0xe2, 0x0, 0x0, 0x0, 0x0,
    0x0, 0x0, 0x0,

    /* U+5DE5 "工" */
    0x1, 0x33, 0x33, 0x33, 0x33, 0x33, 0x20, 0x5,
    0xff, 0xff, 0xff, 0xff, 0xff, 0xb0, 0x0, 0x11,
    0x11, 0xad, 0x11, 0x11, 0x10, 0x0, 0x0, 0x0,
    0x9d, 0x0, 0x0, 0x0, 0x0, 0x0, 0x0, 0x9d,
    0x0, 0x0, 0x0, 0x0, 0x0, 0x0, 0x9d, 0x0,
    0x0, 0x0, 0x0, 0x0, 0x0, 0x9d, 0x0, 0x0,
    0x0, 0x0, 0x0, 0x0, 0x9d, 0x0, 0x0, 0x0,
    0x0, 0x0, 0x0, 0x9d, 0x0, 0x0, 0x0, 0x3,
    0x33, 0x33, 0xbe, 0x33, 0x33, 0x31, 0x1f, 0xff,
    0xff, 0xff, 0xff, 0xff, 0xf7, 0x1, 0x11, 0x11,
    0x11, 0x11, 0x11, 0x10,

    /* U+5DE6 "左" */
    0x0, 0x0, 0xa, 0x30, 0x0, 0x0, 0x0, 0x0,
    0x0, 0x2f, 0x30, 0x0, 0x0, 0x0, 0x4, 0x44,
    0x8f, 0x54, 0x44, 0x44, 0x40, 0xf, 0xff, 0xff,
    0xff, 0xff, 0xff, 0xf0, 0x0, 0x0, 0xd8, 0x0,
    0x0, 0x0, 0x0, 0x0, 0x3, 0xf4, 0x0, 0x0,
    0x0, 0x0, 0x0, 0x8, 0xf6, 0x66, 0x66, 0x66,
    0x40, 0x0, 0xe, 0xbd, 0xde, 0xfd, 0xdd, 0x90,
    0x0, 0x5f, 0x10, 0x3, 0xf1, 0x0, 0x0, 0x0,
    0xe9, 0x0, 0x3, 0xf1, 0x0, 0x0, 0xa, 0xe1,
    0x0, 0x3, 0xf1, 0x0, 0x0, 0x6f, 0x32, 0x33,
    0x36, 0xf5, 0x33, 0x31, 0x4, 0xa, 0xff, 0xff,
    0xff, 0xff, 0xf4,

    /* U+5DF2 "已" */
    0xcf, 0xff, 0xff, 0xff, 0xff, 0x60, 0x3, 0x44,
    0x44, 0x44, 0x44, 0xf6, 0x0, 0x2, 0x10, 0x0,
    0x0, 0xe, 0x60, 0x0, 0xf5, 0x0, 0x0, 0x0,
    0xe6, 0x0, 0xf, 0x84, 0x44, 0x44, 0x4f, 0x60,
    0x0, 0xff, 0xff, 0xff, 0xff, 0xf6, 0x0, 0xf,
    0x50, 0x0, 0x0, 0x8, 0x30, 0x0, 0xf5, 0x0,
    0x0, 0x0, 0x0, 0x0, 0xf, 0x50, 0x0, 0x0,
    0x0, 0x3e, 0x10, 0xf6, 0x0, 0x0, 0x0, 0x5,
    0xf0, 0xd, 0xc6, 0x65, 0x55, 0x56, 0xeb, 0x0,
    0x3c, 0xee, 0xee, 0xee, 0xdb, 0x20,

    /* U+5E03 "布" */
    0x0, 0x0, 0xa, 0x80, 0x0, 0x0, 0x0, 0x0,
    0x0, 0x1f, 0x60, 0x0, 0x0, 0x0, 0x1e, 0xee,
    0xef, 0xee, 0xee, 0xee, 0xe2, 0x5, 0x56, 0xfa,
    0x55, 0x55, 0x55, 0x50, 0x0, 0x8, 0xf1, 0xf,
    0x50, 0x0, 0x0, 0x0, 0x2f, 0x91, 0x1f, 0x61,
    0x11, 0x0, 0x1, 0xdf, 0xff, 0xff, 0xff, 0xff,
    0x60, 0x1d, 0xef, 0x72, 0x2f, 0x62, 0x2e, 0x60,
    0x4e, 0x2e, 0x60, 0xf, 0x50, 0xe, 0x60, 0x1,
    0xe, 0x60, 0xf, 0x50, 0xe, 0x60, 0x0, 0xe,
    0x60, 0xf, 0x54, 0x5f, 0x60, 0x0, 0xd, 0x60,
    0xf, 0x58, 0xca, 0x10, 0x0, 0x0, 0x0, 0xf,
    0x50, 0x0, 0x0,

    /* U+5E38 "常" */
    0x6, 0x60, 0x8, 0xc0, 0x2c, 0x60, 0x4, 0xf1,
    0x8, 0xc0, 0xac, 0x10, 0xde, 0xfe, 0xef, 0xfe,
    0xef, 0xed, 0xe7, 0x33, 0x33, 0x33, 0x33, 0x7e,
    0xe5, 0xef, 0xff, 0xff, 0xf6, 0x5e, 0x21, 0xe5,
    0x0, 0x0, 0xe6, 0x12, 0x0, 0xee, 0xdd, 0xdd,
    0xf6, 0x0, 0x0, 0x11, 0x17, 0xe1, 0x10, 0x0,
    0xd, 0xdd, 0xde, 0xfd, 0xdd, 0xd1, 0xf, 0x64,
    0x49, 0xf4, 0x4a, 0xf1, 0xf, 0x10, 0x6, 0xe0,
    0x8, 0xf1, 0xf, 0x10, 0x6, 0xe3, 0xcf, 0xf0,
    0x3, 0x0, 0x6, 0xe0, 0x55, 0x10,

    /* U+5E7F "广" */
    0x0, 0x0, 0x0, 0x5e, 0x0, 0x0, 0x0, 0x0,
    0x0, 0x0, 0x2f, 0x50, 0x0, 0x0, 0x0, 0xee,
    0xee, 0xef, 0xfe, 0xee, 0xe1, 0x0, 0xf9, 0x55,
    0x55, 0x55, 0x55, 0x50, 0x0, 0xf5, 0x0, 0x0,
    0x0, 0x0, 0x0, 0x0, 0xf5, 0x0, 0x0, 0x0,
    0x0, 0x0, 0x0, 0xf5, 0x0, 0x0, 0x0, 0x0,
    0x0, 0x1, 0xf4, 0x0, 0x0, 0x0, 0x0, 0x0,
    0x3, 0xf2, 0x0, 0x0, 0x0, 0x0, 0x0, 0x5,
    0xf1, 0x0, 0x0, 0x0, 0x0, 0x0, 0x9, 0xd0,
    0x0, 0x0, 0x0, 0x0, 0x0, 0x2f, 0x70, 0x0,
    0x0, 0x0, 0x0, 0x0, 0x2c, 0x0, 0x0, 0x0,
    0x0, 0x0, 0x0, 0x0, 0x0, 0x0, 0x0, 0x0,
    0x0, 0x0,

    /* U+5E8F "序" */
    0x0, 0x0, 0x0, 0x19, 0x10, 0x0, 0x0, 0x0,
    0x22, 0x22, 0x3f, 0x92, 0x22, 0x20, 0x3, 0xff,
    0xff, 0xff, 0xff, 0xff, 0xf5, 0x3, 0xf1, 0x12,
    0x22, 0x22, 0x21, 0x0, 0x3, 0xf0, 0xcf, 0xff,
    0xff, 0xfd, 0x0, 0x3, 0xf0, 0x3, 0x72, 0x2c,
    0xc1, 0x0, 0x4, 0xf0, 0x1, 0x8e, 0xfa, 0x0,
    0x0, 0x5, 0xf7, 0xee, 0xee, 0xff, 0xee, 0xe1,
    0x6, 0xd1, 0x33, 0x38, 0xf3, 0x3d, 0x90, 0x8,
    0xb0, 0x0, 0x6, 0xe0, 0x7d, 0x0, 0xc, 0x80,
    0x0, 0x6, 0xe0, 0x1, 0x0, 0x2f, 0x30, 0x2,
    0x38, 0xe0, 0x0, 0x0, 0x3b, 0x0, 0xa, 0xfe,
    0x80, 0x0, 0x0, 0x0, 0x0, 0x0, 0x0, 0x0,
    0x0, 0x0,

    /* U+5E93 "库" */
    0x0, 0x0, 0x0, 0x28, 0x0, 0x0, 0x0, 0x1,
    0x44, 0x44, 0x6f, 0x74, 0x44, 0x41, 0x4, 0xff,
    0xff, 0xff, 0xff, 0xff, 0xf5, 0x4, 0xf0, 0x0,
    0x98, 0x0, 0x0, 0x0, 0x4, 0xf4, 0xee, 0xff,
    0xee, 0xee, 0xb0, 0x4, 0xf1, 0x3b, 0xc3, 0x44,
    0x33, 0x30, 0x5, 0xf0, 0x2f, 0x30, 0xe5, 0x0,
    0x0, 0x6, 0xf0, 0xbf, 0xdd, 0xfe, 0xdd, 0x50,
    0x7, 0xd0, 0x45, 0x55, 0xf9, 0x55, 0x20, 0x9,
    0xb0, 0x11, 0x11, 0xe6, 0x11, 0x10, 0xc, 0x89,
    0xff, 0xff, 0xff, 0xff, 0xf5, 0x2f, 0x31, 0x11,
    0x11, 0xe7, 0x11, 0x10, 0x3b, 0x0, 0x0, 0x0,
    0xe5, 0x0, 0x0, 0x0, 0x0, 0x0, 0x0, 0x0,
    0x0, 0x0,

    /* U+5E95 "底" */
    0x0, 0x0, 0x0, 0x27, 0x0, 0x0, 0x0, 0x0,
    0x33, 0x33, 0x6f, 0x63, 0x33, 0x31, 0x4, 0xff,
    0xff, 0xff, 0xff, 0xff, 0xf5, 0x4, 0xf0, 0x0,
    0x12, 0x35, 0x76, 0x0, 0x4, 0xf0, 0xef, 0xff,
    0xfd, 0x97, 0x0, 0x4, 0xf0, 0xe5, 0x0, 0xb8,
    0x0, 0x0, 0x4, 0xf0, 0xe4, 0x0, 0x9a, 0x0,
    0x0, 0x5, 0xf0, 0xef, 0xff, 0xff, 0xff, 0xb0,
    0x6, 0xd0, 0xe6, 0x22, 0x6f, 0x22, 0x10, 0x8,
    0xb0, 0xe4, 0x7, 0x1f, 0x40, 0x0, 0xb, 0x80,
    0xe4, 0x1b, 0x8a, 0xa0, 0xb4, 0x1f, 0x41, 0xfe,
    0xf6, 0xe3, 0xf7, 0xf4, 0x4d, 0x3, 0xb5, 0x10,
    0xb2, 0x5e, 0xc0, 0x0, 0x0, 0x0, 0x0, 0x0,
    0x0, 0x0,

    /* U+5EA6 "度" */
    0x0, 0x0, 0x0, 0x8, 0x10, 0x0, 0x0, 0x1,
    0x44, 0x44, 0x4f, 0x94, 0x44, 0x41, 0x3, 0xff,
    0xff, 0xff, 0xff, 0xff, 0xf3, 0x3, 0xf0, 0x5,
    0xc0, 0x4, 0xd0, 0x0, 0x3, 0xfa, 0xff, 0xff,
    0xff, 0xff, 0xf1, 0x4, 0xf1, 0x16, 0xe1, 0x16,
    0xf1, 0x10, 0x5, 0xf0, 0x5, 0xfa, 0xac, 0xf0,
    0x0, 0x5, 0xf0, 0x1, 0x44, 0x44, 0x40, 0x0,
    0x6, 0xd7, 0xff, 0xff, 0xff, 0xfe, 0x0, 0x9,
    0xb0, 0x1c, 0xb1, 0x15, 0xf7, 0x0, 0xc, 0x80,
    0x0, 0xbd, 0x9f, 0x60, 0x0, 0x2f, 0x45, 0x8b,
    0xdf, 0xef, 0xb9, 0x61, 0x3a, 0xa, 0xa7, 0x40,
    0x3, 0x8b, 0xc1,

    /* U+5F00 "开" */
    0x9, 0xff, 0xff, 0xff, 0xff, 0xff, 0xf0, 0x2,
    0x33, 0xe9, 0x33, 0x3f, 0x83, 0x30, 0x0, 0x0,
    0xd7, 0x0, 0xe, 0x60, 0x0, 0x0, 0x0, 0xd7,
    0x0, 0xe, 0x60, 0x0, 0x0, 0x0, 0xd7, 0x0,
    0xe, 0x60, 0x0, 0x1f, 0xff, 0xff, 0xff, 0xff,
    0xff, 0xf6, 0x4, 0x45, 0xf8, 0x44, 0x4f, 0x94,
    0x42, 0x0, 0x3, 0xf3, 0x0, 0xe, 0x60, 0x0,
    0x0, 0x9, 0xe0, 0x0, 0xe, 0x60, 0x0, 0x0,
    0x4f, 0x60, 0x0, 0xe, 0x60, 0x0, 0x5, 0xfb,
    0x0, 0x0, 0xe, 0x60, 0x0, 0x9, 0x90, 0x0,
    0x0, 0xe, 0x60, 0x0, 0x0, 0x0, 0x0, 0x0,
    0x0, 0x0, 0x0,

    /* U+5F0F "式" */
    0x0, 0x0, 0x0, 0x3, 0xf2, 0xb6, 0x0, 0x0,
    0x0, 0x0, 0x3, 0xf2, 0x5f, 0x60, 0x3, 0x33,
    0x33, 0x36, 0xf6, 0x39, 0x60, 0x2f, 0xff, 0xff,
    0xff, 0xff, 0xff, 0xf3, 0x0, 0x0, 0x0, 0x0,
    0xf5, 0x0, 0x0, 0x1, 0x11, 0x11, 0x10, 0xe7,
    0x0, 0x0, 0xa, 0xff, 0xff, 0xf6, 0xc9, 0x0,
    0x0, 0x1, 0x27, 0xf2, 0x20, 0xab, 0x0, 0x0,
    0x0, 0x5, 0xe0, 0x0, 0x6f, 0x0, 0x0, 0x0,
    0x5, 0xe0, 0x0, 0x2f, 0x30, 0x72, 0x0, 0x7,
    0xf9, 0xcc, 0xd, 0xa0, 0xb6, 0xd, 0xff, 0xda,
    0x63, 0x6, 0xf8, 0xf3, 0x6, 0x41, 0x0, 0x0,
    0x0, 0x8f, 0xb0,

    /* U+5F20 "张" */
    0x0, 0x0, 0x0, 0x30, 0x0, 0x0, 0xb, 0xff,
    0xf1, 0x4f, 0x0, 0x9, 0x70, 0x23, 0x4f, 0x14,
    0xf0, 0x6, 0xf3, 0x0, 0x24, 0xf1, 0x4f, 0x8,
    0xf5, 0x0, 0x7f, 0xff, 0x14, 0xf4, 0xe4, 0x0,
    0x8, 0xa0, 0x5, 0xaf, 0x88, 0x77, 0x72, 0x99,
    0x0, 0x7c, 0xfa, 0xed, 0xaa, 0x3b, 0xff, 0xf2,
    0x4f, 0x8, 0xb0, 0x0, 0x23, 0x5f, 0x14, 0xf0,
    0x2f, 0x20, 0x0, 0x3, 0xf0, 0x4f, 0x0, 0xc8,
    0x0, 0x0, 0x5f, 0x4, 0xf2, 0x75, 0xf3, 0x1,
    0x19, 0xd0, 0x7f, 0xfc, 0xa, 0xf4, 0x8f, 0xe5,
    0xb, 0xa3, 0x0, 0x9, 0x20, 0x0, 0x0, 0x0,
    0x0, 0x0, 0x0,

    /* U+5F3A "强" */
    0x2f, 0xff, 0xf3, 0xef, 0xff, 0xff, 0x40, 0x2,
    0x22, 0xf3, 0xe5, 0x11, 0x1e, 0x40, 0x0, 0x0,
    0xf3, 0xe7, 0x44, 0x4f, 0x40, 0x9, 0xbb, 0xf3,
    0xbc, 0xdf, 0xcc, 0x40, 0xe, 0x97, 0x71, 0x11,
    0x6e, 0x11, 0x10, 0xf, 0x10, 0x2, 0xff, 0xff,
    0xff, 0xb0, 0x2f, 0x88, 0x84, 0xe0, 0x4e, 0x7,
    0xb0, 0x3a, 0xab, 0xf5, 0xf4, 0x8f, 0x49, 0xb0,
    0x0, 0x3, 0xf3, 0xcc, 0xdf, 0xcd, 0x80, 0x0,
    0x5, 0xf0, 0x0, 0x4e, 0xd, 0x40, 0x1, 0x2a,
    0xc7, 0xbc, 0xef, 0xff, 0xe0, 0x5, 0xfe, 0x55,
    0x87, 0x65, 0x43, 0xd4, 0x0, 0x0, 0x0, 0x0,
    0x0, 0x0, 0x10,

    /* U+5F53 "当" */
    0x3, 0x0, 0xe, 0x70, 0x2, 0x40, 0x4f, 0x30,
    0xe, 0x70, 0xa, 0xe0, 0xb, 0xc0, 0xe, 0x70,
    0x1f, 0x60, 0x3, 0xf3, 0xe, 0x70, 0x9d, 0x0,
    0x0, 0x30, 0xe, 0x70, 0x33, 0x0, 0x4f, 0xff,
    0xff, 0xff, 0xff, 0xf0, 0x15, 0x55, 0x55, 0x55,
    0x59, 0xf0, 0x0, 0x0, 0x0, 0x0, 0x5, 0xf0,
    0xc, 0xff, 0xff, 0xff, 0xff, 0xf0, 0x3, 0x44,
    0x44, 0x44, 0x48, 0xf0, 0x0, 0x0, 0x0, 0x0,
    0x5, 0xf0, 0x8f, 0xff, 0xff, 0xff, 0xff, 0xf0,
    0x35, 0x55, 0x55, 0x55, 0x59, 0xf0,

    /* U+5F55 "录" */
    0x0, 0x0, 0x0, 0x0, 0x0, 0x0, 0x0, 0x2,
    0xff, 0xff, 0xff, 0xff, 0xf8, 0x0, 0x0, 0x33,
    0x33, 0x33, 0x33, 0xe7, 0x0, 0x0, 0xaf, 0xff,
    0xff, 0xff, 0xf6, 0x0, 0x0, 0x23, 0x33, 0x33,
    0x33, 0xf5, 0x0, 0x4, 0x44, 0x44, 0x44, 0x45,
    0xf8, 0x40, 0xd, 0xdd, 0xdd, 0xff, 0xdd, 0xdd,
    0xd1, 0x0, 0xa7, 0x0, 0xbd, 0x0, 0x7d, 0x10,
    0x0, 0x3d, 0xd1, 0xbf, 0xaa, 0xe5, 0x0, 0x0,
    0x0, 0x8a, 0xfc, 0xde, 0x10, 0x0, 0x3, 0x8e,
    0xe8, 0xca, 0x1d, 0xd4, 0x0, 0xb, 0xc5, 0x11,
    0xca, 0x0, 0x8e, 0xe1, 0x0, 0x0, 0x7f, 0xe5,
    0x0, 0x0, 0x30,

    /* U+5FC3 "心" */
    0x0, 0x0, 0x0, 0x0, 0x0, 0x0, 0x0, 0x0,
    0x0, 0x1e, 0x80, 0x0, 0x0, 0x0, 0x0, 0x0,
    0x4, 0xec, 0x10, 0x0, 0x0, 0x0, 0x0, 0x0,
    0x2d, 0xd1, 0x0, 0x0, 0x0, 0x0, 0x94, 0x1,
    0x80, 0x0, 0x0, 0x3, 0x90, 0xe6, 0x0, 0x0,
    0x6d, 0x0, 0x7, 0xd0, 0xe6, 0x0, 0x0, 0x2f,
    0x40, 0xa, 0xb0, 0xe6, 0x0, 0x0, 0xc, 0xa0,
    0xd, 0x80, 0xe6, 0x0, 0x0, 0x6, 0xf0, 0x2f,
    0x40, 0xe6, 0x0, 0x4, 0x92, 0xf4, 0x3e, 0x0,
    0xe6, 0x0, 0x6, 0xd0, 0x61, 0x0, 0x0, 0xda,
    0x33, 0x3b, 0xa0, 0x0, 0x0, 0x0, 0x6e, 0xff,
    0xfd, 0x30, 0x0,

    /* U+5FEB "快" */
    0x0, 0xd6, 0x0, 0x1, 0xf2, 0x0, 0x0, 0x0,
    0xd6, 0x0, 0x1, 0xf2, 0x0, 0x0, 0x0, 0xd7,
    0x3, 0x56, 0xf7, 0x55, 0x0, 0x29, 0xde, 0x77,
    0xdd, 0xfd, 0xdf, 0x10, 0x4b, 0xd9, 0xd0, 0x1,
    0xf2, 0x2f, 0x10, 0x88, 0xd6, 0x80, 0x1, 0xf2,
    0x2f, 0x10, 0xa4, 0xd6, 0x24, 0x45, 0xf5, 0x5f,
    0x50, 0x0, 0xd6, 0x9f, 0xff, 0xff, 0xff, 0xf1,
    0x0, 0xd6, 0x0, 0x8, 0xfe, 0x0, 0x0, 0x0,
    0xd6, 0x0, 0x1e, 0x7d, 0x80, 0x0, 0x0, 0xd6,
    0x0, 0xbd, 0x5, 0xf4, 0x0, 0x0, 0xd6, 0x3c,
    0xe2, 0x0, 0x9f, 0x80, 0x0, 0xd6, 0xab, 0x10,
    0x0, 0x6, 0xb0, 0x0, 0x0, 0x0, 0x0, 0x0,
    0x0, 0x0,

    /* U+6001 "态" */
    0x0, 0x0, 0x0, 0xba, 0x0, 0x0, 0x0, 0x0,
    0x0, 0x0, 0xd8, 0x0, 0x0, 0x0, 0x3f, 0xff,
    0xff, 0xff, 0xff, 0xff, 0xf3, 0x4, 0x44, 0x49,
    0xfd, 0xc4, 0x44, 0x41, 0x0, 0x0, 0xd, 0x94,
    0xf4, 0x0, 0x0, 0x0, 0x1, 0xce, 0x30, 0x9f,
    0x50, 0x0, 0x1, 0x6e, 0xd7, 0xf9, 0xa, 0xfb,
    0x40, 0x1f, 0xf9, 0x0, 0x4f, 0x60, 0x5d, 0xf2,
    0x3, 0x20, 0x31, 0xe6, 0x0, 0x14, 0x20, 0x2,
    0xf5, 0xf0, 0x5f, 0x40, 0x4f, 0x10, 0x7, 0xd3,
    0xf0, 0x7, 0x63, 0x7c, 0x90, 0xe, 0x73, 0xf4,
    0x22, 0x29, 0xd6, 0xe0, 0x8, 0x10, 0xbf, 0xff,
    0xfe, 0x51, 0x80,

    /* U+6027 "性" */
    0x0, 0x0, 0x0, 0x0, 0x0, 0x0, 0x0, 0x0,
    0xe6, 0x0, 0x40, 0x9a, 0x0, 0x0, 0x0, 0xe6,
    0x2, 0xf3, 0x9a, 0x0, 0x0, 0x1, 0xea, 0x36,
    0xf0, 0x9a, 0x0, 0x0, 0x3c, 0xec, 0xb9, 0xff,
    0xff, 0xff, 0xa0, 0x5a, 0xe7, 0xee, 0x94, 0xbc,
    0x44, 0x30, 0x97, 0xe6, 0x5f, 0x10, 0x9a, 0x0,
    0x0, 0x73, 0xe6, 0x3, 0x0, 0x9a, 0x0, 0x0,
    0x0, 0xe6, 0x7, 0xff, 0xff, 0xff, 0x60, 0x0,
    0xe6, 0x1, 0x33, 0xbc, 0x33, 0x10, 0x0, 0xe6,
    0x0, 0x0, 0x9a, 0x0, 0x0, 0x0, 0xe6, 0x0,
    0x0, 0x9a, 0x0, 0x0, 0x0, 0xe6, 0x6d, 0xdd,
    0xff, 0xdd, 0xd1, 0x0, 0xe6, 0x36, 0x66, 0x66,
    0x66, 0x60,

    /* U+603B "总" */
    0x0, 0x2, 0x80, 0x0, 0x8, 0x30, 0x0, 0x0,
    0x1, 0xf7, 0x0, 0x3f, 0x50, 0x0, 0x0, 0x0,
    0x7d, 0x0, 0xbb, 0x0, 0x0, 0x0, 0x7f, 0xff,
    0xff, 0xff, 0xf8, 0x0, 0x0, 0x7f, 0x33, 0x33,
    0x33, 0xf8, 0x0, 0x0, 0x7e, 0x0, 0x0, 0x0,
    0xe8, 0x0, 0x0, 0x7f, 0x66, 0x66, 0x66, 0xf8,
    0x0, 0x0, 0x6d, 0xdd, 0xdd, 0xdd, 0xd7, 0x0,
    0x0, 0x10, 0x62, 0xc9, 0x0, 0x4, 0x0, 0x6,
    0xe1, 0xf4, 0x1c, 0xc0, 0x3f, 0x40, 0xb, 0xa1,
    0xf4, 0x1, 0x51, 0x47, 0xe0, 0x2f, 0x41, 0xf7,
    0x22, 0x27, 0xf0, 0xd3, 0x3, 0x0, 0xaf, 0xff,
    0xff, 0x70, 0x0,

    /* U+606F "息" */
    0x0, 0x0, 0x0, 0x0, 0x0, 0x0, 0x0, 0x0,
    0x0, 0x0, 0xda, 0x0, 0x0, 0x0, 0x0, 0x3b,
    0xbb, 0xfd, 0xbb, 0xb3, 0x0, 0x0, 0x5f, 0x44,
    0x44, 0x45, 0xf4, 0x0, 0x0, 0x5f, 0xcc, 0xcc,
    0xcc, 0xf4, 0x0, 0x0, 0x5f, 0x22, 0x22, 0x22,
    0xf4, 0x0, 0x0, 0x5f, 0xee, 0xee, 0xee, 0xf4,
    0x0, 0x0, 0x5f, 0x11, 0x11, 0x11, 0xf4, 0x0,
    0x0, 0x5f, 0xff, 0xff, 0xff, 0xf4, 0x0, 0x0,
    0x0, 0x1, 0xd7, 0x0, 0x1, 0x0, 0x2, 0xa4,
    0xb0, 0x5f, 0x20, 0x3f, 0x20, 0x9, 0xc5, 0xf0,
    0x9, 0x54, 0x5c, 0xa0, 0x2f, 0x55, 0xf4, 0x33,
    0x3b, 0xb5, 0xf1, 0x6, 0x1, 0xcf, 0xff, 0xfe,
    0x40, 0x10,

    /* U+60F3 "想" */
    0x0, 0xa, 0x90, 0x0, 0x0, 0x0, 0x0, 0x0,
    0xa, 0x90, 0xb, 0xff, 0xff, 0xe0, 0xb, 0xbe,
    0xdb, 0x7b, 0x80, 0x5, 0xe0, 0x5, 0x6f, 0xb5,
    0x3b, 0xff, 0xff, 0xe0, 0x0, 0x9f, 0xe5, 0xb,
    0x80, 0x5, 0xe0, 0x5, 0xec, 0xbd, 0x9b, 0xfe,
    0xef, 0xe0, 0x2f, 0x5a, 0x91, 0x2b, 0x70, 0x5,
    0xe0, 0x3, 0xa, 0x90, 0xb, 0xff, 0xff, 0xe0,
    0x0, 0x1, 0x10, 0xc6, 0x11, 0x14, 0x10, 0x2,
    0xc1, 0xa2, 0x6f, 0x30, 0xe, 0x70, 0x8, 0xd0,
    0xf4, 0x9, 0x54, 0x57, 0xf1, 0x1f, 0x60, 0xf7,
    0x22, 0x2a, 0xb0, 0xe6, 0x5, 0x0, 0x9f, 0xff,
    0xfe, 0x40, 0x10,

    /* U+611F "感" */
    0x0, 0x0, 0x0, 0x0, 0x0, 0x0, 0x0, 0x0,
    0x0, 0x0, 0x0, 0xc6, 0xb6, 0x0, 0x0, 0x22,
    0x22, 0x22, 0xc8, 0x6f, 0x30, 0x3, 0xfe, 0xee,
    0xee, 0xff, 0xee, 0xe3, 0x3, 0xf3, 0x66, 0x65,
    0x89, 0x6, 0x30, 0x4, 0xe3, 0x66, 0x66, 0x5d,
    0x2f, 0x20, 0x6, 0xc6, 0xee, 0xeb, 0x1f, 0xc8,
    0x0, 0x8, 0xb6, 0xa0, 0x4b, 0xd, 0xe0, 0x62,
    0xd, 0x66, 0xeb, 0xcc, 0xaf, 0xf5, 0xc4, 0x3e,
    0x11, 0x22, 0x43, 0xa2, 0x6e, 0xd0, 0x1, 0x23,
    0xa0, 0xac, 0x0, 0x17, 0x0, 0x6, 0xe5, 0xf1,
    0xc, 0x92, 0x6e, 0x70, 0xe, 0x74, 0xf2, 0x1,
    0x17, 0xd6, 0xe0, 0x17, 0x1, 0xdf, 0xff, 0xfe,
    0x50, 0x40,

    /* U+6162 "慢" */
    0x0, 0xe4, 0x0, 0x0, 0x0, 0x0, 0x0, 0x0,
    0xe4, 0x7, 0xec, 0xcc, 0xdf, 0x30, 0x0, 0xe7,
    0x37, 0xea, 0xaa, 0xbf, 0x30, 0x2a, 0xea, 0xa7,
    0xc6, 0x66, 0x8f, 0x30, 0x49, 0xe6, 0xe3, 0x66,
    0x66, 0x66, 0x10, 0x76, 0xe4, 0x5f, 0xdf, 0xdf,
    0xdd, 0xe0, 0x73, 0xe4, 0x3e, 0x2f, 0x3e, 0x46,
    0xe0, 0x0, 0xe4, 0x18, 0x88, 0x88, 0x88, 0x80,
    0x0, 0xe4, 0x5e, 0xee, 0xee, 0xee, 0x50, 0x0,
    0xe4, 0x14, 0xe8, 0x25, 0xec, 0x0, 0x0, 0xe4,
    0x0, 0x3f, 0xbf, 0xa0, 0x0, 0x0, 0xe4, 0x47,
    0xbf, 0xef, 0xc9, 0x51, 0x0, 0xe4, 0xab, 0x72,
    0x1, 0x5a, 0xd1, 0x0, 0x0, 0x0, 0x0, 0x0,
    0x0, 0x0,

    /* U+6210 "成" */
    0x0, 0x0, 0x0, 0x0, 0x0, 0x0, 0x0, 0x0,
    0x0, 0x0, 0x7, 0xe3, 0xc2, 0x0, 0x0, 0x0,
    0x0, 0x6, 0xe1, 0xbf, 0x30, 0x1, 0x44, 0x44,
    0x49, 0xf4, 0x5d, 0x61, 0x4, 0xff, 0xff, 0xff,
    0xff, 0xff, 0xf4, 0x4, 0xf1, 0x0, 0x3, 0xf1,
    0x0, 0x0, 0x4, 0xf6, 0x44, 0x22, 0xf3, 0x1e,
    0x50, 0x4, 0xfe, 0xdf, 0x80, 0xf5, 0x7f, 0x0,
    0x5, 0xf0, 0xc, 0x70, 0xd8, 0xe8, 0x0, 0x6,
    0xf0, 0xc, 0x70, 0x9f, 0xe1, 0x0, 0x7, 0xd1,
    0x1e, 0x50, 0x7f, 0x50, 0x61, 0xb, 0xb8, 0xfe,
    0x26, 0xff, 0x80, 0xc5, 0x1f, 0x60, 0x12, 0xaf,
    0x75, 0xf7, 0xf2, 0x3e, 0x0, 0x2, 0xc3, 0x0,
    0x8f, 0xa0, 0x0, 0x0, 0x0, 0x0, 0x0, 0x0,
    0x0,

    /* U+6253 "打" */
    0x0, 0x2f, 0x20, 0x0, 0x0, 0x0, 0x0, 0x0,
    0x2f, 0x20, 0xbc, 0xcc, 0xcc, 0xc7, 0x0, 0x2f,
    0x20, 0x9a, 0xab, 0xfb, 0xa6, 0x1f, 0xff, 0xfe,
    0x0, 0x2, 0xf3, 0x0, 0x3, 0x5f, 0x53, 0x0,
    0x2, 0xf3, 0x0, 0x0, 0x2f, 0x20, 0x0, 0x2,
    0xf3, 0x0, 0x0, 0x2f, 0x9b, 0x0, 0x2, 0xf3,
    0x0, 0x1b, 0xff, 0xd8, 0x0, 0x2, 0xf3, 0x0,
    0xa, 0x8f, 0x20, 0x0, 0x2, 0xf3, 0x0, 0x0,
    0x2f, 0x20, 0x0, 0x2, 0xf3, 0x0, 0x0, 0x2f,
    0x20, 0x0, 0x2, 0xf3, 0x0, 0x2, 0x5f, 0x10,
    0x4, 0x58, 0xf2, 0x0, 0x9, 0xfb, 0x0, 0x8,
    0xff, 0xb0, 0x0, 0x0, 0x0, 0x0, 0x0, 0x0,
    0x0, 0x0,

    /* U+626B "扫" */
    0x0, 0x1f, 0x20, 0x0, 0x0, 0x0, 0x0, 0x1,
    0xf2, 0x8, 0x99, 0x99, 0x99, 0x1, 0x3f, 0x31,
    0xab, 0xbb, 0xbd, 0xe1, 0xff, 0xff, 0xd0, 0x0,
    0x0, 0x5e, 0x1, 0x3f, 0x41, 0x0, 0x0, 0x5,
    0xe0, 0x1, 0xf2, 0x0, 0x11, 0x11, 0x6e, 0x0,
    0x2f, 0x89, 0x8f, 0xff, 0xff, 0xe1, 0xcf, 0xfd,
    0x81, 0x33, 0x33, 0x7e, 0x8, 0x6f, 0x20, 0x0,
    0x0, 0x5, 0xe0, 0x1, 0xf2, 0x0, 0x0, 0x0,
    0x5e, 0x0, 0x1f, 0x20, 0x11, 0x11, 0x16, 0xe0,
    0x14, 0xf2, 0xf, 0xff, 0xff, 0xfe, 0x8, 0xfc,
    0x0, 0x11, 0x11, 0x16, 0xe0, 0x0, 0x0, 0x0,
    0x0, 0x0, 0x0,

    /* U+628A "把" */
    0x0, 0xa9, 0x0, 0x0, 0x0, 0x0, 0x0, 0x0,
    0xa9, 0x5, 0xff, 0xff, 0xff, 0xe0, 0x0, 0xb9,
    0x5, 0xf4, 0x7f, 0x49, 0xe0, 0x4f, 0xff, 0xf5,
    0xf0, 0x4e, 0x7, 0xe0, 0x2, 0xba, 0x25, 0xf0,
    0x4e, 0x7, 0xe0, 0x0, 0xa9, 0x5, 0xf0, 0x4e,
    0x7, 0xe0, 0x0, 0xbd, 0xc7, 0xfe, 0xef, 0xde,
    0xe0, 0x5f, 0xfe, 0x86, 0xf6, 0x55, 0x5a, 0xe0,
    0x39, 0xc9, 0x5, 0xf0, 0x0, 0x3, 0x70, 0x0,
    0xa9, 0x5, 0xf0, 0x0, 0x0, 0x20, 0x0, 0xa9,
    0x5, 0xf0, 0x0, 0x0, 0xb8, 0x2, 0xc9, 0x4,
    0xf6, 0x33, 0x34, 0xf6, 0xc, 0xe4, 0x0, 0xbf,
    0xff, 0xff, 0xb0,

    /* U+62DF "拟" */
    0x0, 0x8a, 0x0, 0x0, 0x0, 0x2, 0x20, 0x0,
    0x8a, 0x2, 0xf1, 0x20, 0xb, 0x80, 0x0, 0x8a,
    0x2, 0xf7, 0xd0, 0xc, 0x70, 0x2f, 0xff, 0xd2,
    0xf1, 0xe5, 0xd, 0x70, 0x2, 0x9b, 0x22, 0xf1,
    0x8c, 0xe, 0x50, 0x0, 0x8a, 0x2, 0xf1, 0x2f,
    0x2f, 0x30, 0x0, 0x8c, 0x92, 0xf1, 0x0, 0x4f,
    0x0, 0x2c, 0xfe, 0x92, 0xf1, 0x0, 0x7f, 0x0,
    0x18, 0xaa, 0x2, 0xf2, 0xb6, 0xdf, 0x60, 0x0,
    0x8a, 0x3, 0xff, 0xb5, 0xfb, 0xd0, 0x0, 0x8a,
    0x8, 0xf7, 0xc, 0xb1, 0xf4, 0x3, 0xaa, 0x6,
    0x40, 0xbf, 0x20, 0xba, 0xc, 0xe5, 0x0, 0x0,
    0xa4, 0x0, 0x43,

    /* U+6301 "持" */
    0x0, 0x99, 0x0, 0x0, 0x4e, 0x0, 0x0, 0x0,
    0x99, 0x0, 0x0, 0x5f, 0x0, 0x0, 0x0, 0xa9,
    0x3, 0xff, 0xff, 0xff, 0xd0, 0x5f, 0xff, 0xe0,
    0x22, 0x6f, 0x22, 0x20, 0x13, 0xba, 0x33, 0x33,
    0x7f, 0x33, 0x31, 0x0, 0x99, 0xd, 0xff, 0xff,
    0xff, 0xf7, 0x0, 0xac, 0x90, 0x0, 0x0, 0x7b,
    0x0, 0x5e, 0xfd, 0x6a, 0xff, 0xff, 0xff, 0xf5,
    0x25, 0xa9, 0x2, 0x56, 0x33, 0x9c, 0x31, 0x0,
    0x99, 0x0, 0x8d, 0x0, 0x7b, 0x0, 0x0, 0x99,
    0x0, 0xd, 0x80, 0x7b, 0x0, 0x3, 0xb8, 0x0,
    0x4, 0x32, 0xab, 0x0, 0xd, 0xe4, 0x0, 0x0,
    0x2f, 0xf6, 0x0, 0x0, 0x0, 0x0, 0x0, 0x0,
    0x0, 0x0,

    /* U+6309 "按" */
    0x0, 0x0, 0x0, 0x0, 0x0, 0x0, 0x0, 0x0,
    0x9a, 0x0, 0x0, 0xaa, 0x0, 0x0, 0x0, 0x9a,
    0x1, 0x22, 0x8e, 0x22, 0x20, 0x0, 0x9a, 0x9,
    0xff, 0xff, 0xff, 0xf3, 0x5f, 0xff, 0xfa, 0xa1,
    0x73, 0x12, 0xf3, 0x12, 0xab, 0x27, 0x73, 0xf2,
    0x0, 0xc2, 0x0, 0x9a, 0x3, 0x39, 0xe3, 0x33,
    0x31, 0x0, 0x9a, 0x1f, 0xff, 0xff, 0xff, 0xf6,
    0x4, 0xcf, 0xf3, 0x6f, 0x10, 0x8d, 0x0, 0x7f,
    0xec, 0x10, 0xea, 0x0, 0xd8, 0x0, 0x0, 0x9a,
    0x0, 0x8f, 0xc9, 0xf1, 0x0, 0x0, 0x9a, 0x0,
    0x1, 0xdf, 0xd2, 0x0, 0x2, 0xba, 0x3, 0x8e,
    0xe6, 0xbf, 0x80, 0xf, 0xe5, 0xa, 0xc6, 0x0,
    0x6, 0xc1, 0x0, 0x0, 0x0, 0x0, 0x0, 0x0,
    0x0,

    /* U+6311 "挑" */
    0x0, 0xe4, 0x0, 0x3d, 0xd, 0x40, 0x0, 0x0,
    0xe4, 0x0, 0x3f, 0xe, 0x40, 0x0, 0x0, 0xe4,
    0x4c, 0x3f, 0xe, 0x47, 0xd0, 0x8f, 0xff, 0x9e,
    0x8f, 0xe, 0x5e, 0x60, 0x12, 0xe6, 0x17, 0xff,
    0xe, 0xcc, 0x0, 0x0, 0xe4, 0x1, 0x5f, 0xe,
    0x52, 0x0, 0x0, 0xec, 0x80, 0x4f, 0xe, 0xb2,
    0x0, 0x7f, 0xfa, 0x25, 0xee, 0xe, 0xde, 0x30,
    0x45, 0xe4, 0xae, 0xbc, 0xe, 0x48, 0xf2, 0x0,
    0xe4, 0x41, 0xb9, 0xe, 0x40, 0x60, 0x0, 0xe4,
    0x4, 0xf3, 0xe, 0x40, 0xc3, 0x13, 0xf4, 0x6f,
    0x80, 0xe, 0x95, 0xf3, 0x3f, 0xc1, 0xa6, 0x0,
    0x7, 0xdd, 0xa0,

    /* U+6362 "换" */
    0x0, 0x0, 0x0, 0x0, 0x0, 0x0, 0x0, 0x0,
    0x8a, 0x0, 0x9, 0xb0, 0x0, 0x0, 0x0, 0x8a,
    0x0, 0x2f, 0xb4, 0x43, 0x0, 0x0, 0x8a, 0x0,
    0xbe, 0xcc, 0xed, 0x0, 0x1d, 0xef, 0xc9, 0xf4,
    0x13, 0xf4, 0x0, 0x5, 0xbc, 0x5a, 0xff, 0xff,
    0xff, 0x60, 0x0, 0x8a, 0x1, 0xf1, 0x5e, 0xe,
    0x60, 0x0, 0x8c, 0x71, 0xf1, 0x5e, 0xe, 0x60,
    0x1b, 0xff, 0xb4, 0xf3, 0x8d, 0x1e, 0x70, 0x9,
    0xba, 0xf, 0xff, 0xff, 0xff, 0xf4, 0x0, 0x8a,
    0x0, 0x3, 0xfe, 0x60, 0x0, 0x0, 0x8a, 0x0,
    0x2e, 0x83, 0xf4, 0x0, 0x3, 0xba, 0x7, 0xf9,
    0x0, 0x6f, 0x91, 0xb, 0xe5, 0x7d, 0x40, 0x0,
    0x3, 0xc3, 0x0, 0x0, 0x0, 0x0, 0x0, 0x0,
    0x0,

    /* U+636E "据" */
    0x0, 0xb6, 0x0, 0x0, 0x0, 0x0, 0x0, 0x0,
    0xb6, 0x8, 0xff, 0xff, 0xff, 0xe0, 0x0, 0xb6,
    0x8, 0xc1, 0x11, 0x16, 0xe0, 0x4d, 0xfe, 0xc8,
    0xd4, 0x44, 0x48, 0xe0, 0x26, 0xda, 0x68, 0xfd,
    0xdf, 0xed, 0xc0, 0x0, 0xb6, 0x8, 0xb0, 0xe,
    0x40, 0x0, 0x0, 0xcb, 0x89, 0xff, 0xff, 0xff,
    0xf5, 0x4c, 0xff, 0x9a, 0xa1, 0x1e, 0x51, 0x10,
    0x5a, 0xd6, 0xc, 0x72, 0x2e, 0x62, 0x20, 0x0,
    0xb6, 0xe, 0x8f, 0xff, 0xff, 0xf0, 0x0, 0xb6,
    0x2f, 0x4e, 0x0, 0x3, 0xf0, 0x3, 0xd6, 0x9a,
    0x3f, 0x33, 0x36, 0xf0, 0xf, 0xd2, 0xc4, 0x3f,
    0xcc, 0xcd, 0xf0, 0x0, 0x0, 0x0, 0x1, 0x0,
    0x0, 0x10,

    /* U+6392 "排" */
    0x0, 0x8a, 0x0, 0x4, 0xd1, 0xe2, 0x0, 0x0,
    0x8a, 0x0, 0x5, 0xe1, 0xf2, 0x0, 0x0, 0x8a,
    0x2, 0x7a, 0xe1, 0xf9, 0x72, 0x3f, 0xff, 0xf4,
    0xbc, 0xe1, 0xfc, 0xb3, 0x3, 0xac, 0x30, 0x5,
    0xe1, 0xf2, 0x0, 0x0, 0x8a, 0x1, 0x48, 0xe1,
    0xf6, 0x40, 0x0, 0x8b, 0x54, 0xde, 0xe1, 0xfd,
    0xd2, 0x3a, 0xee, 0xa2, 0x5, 0xe1, 0xf2, 0x0,
    0x15, 0xaa, 0x7, 0xde, 0xe1, 0xfd, 0xc5, 0x0,
    0x8a, 0x2, 0x58, 0xe1, 0xf7, 0x52, 0x0, 0x8a,
    0x0, 0x5, 0xe1, 0xf2, 0x0, 0x2, 0xaa, 0x0,
    0x5, 0xe1, 0xf2, 0x0, 0xd, 0xe5, 0x0, 0x5,
    0xe1, 0xf2, 0x0, 0x0, 0x0, 0x0, 0x0, 0x0,
    0x0, 0x0,

    /* U+63A2 "探" */
    0x0, 0x8a, 0x0, 0x0, 0x0, 0x0, 0x0, 0x0,
    0x8a, 0xa, 0xff, 0xff, 0xff, 0xf2, 0x0, 0x8a,
    0xa, 0x72, 0x11, 0x21, 0xf2, 0x1f, 0xff, 0xe6,
    0x4c, 0x91, 0xe5, 0x91, 0x2, 0xab, 0x20, 0xae,
    0x10, 0x4f, 0x40, 0x0, 0x8a, 0x9, 0xe2, 0x26,
    0x7, 0xd0, 0x0, 0x8d, 0xa0, 0x10, 0x4e, 0x0,
    0x10, 0x1b, 0xfe, 0x8c, 0xff, 0xff, 0xff, 0xf4,
    0x9, 0xba, 0x2, 0x27, 0xff, 0xe3, 0x20, 0x0,
    0x8a, 0x0, 0x2f, 0xae, 0xba, 0x0, 0x0, 0x8a,
    0x6, 0xe8, 0x4e, 0x1e, 0xa0, 0x2, 0xaa, 0x4f,
    0x60, 0x4e, 0x2, 0xd6, 0xc, 0xe5, 0x1, 0x0,
    0x4e, 0x0, 0x0,

    /* U+63A5 "接" */
    0x0, 0x99, 0x0, 0x0, 0x86, 0x0, 0x0, 0x0,
    0x99, 0x0, 0x22, 0x8e, 0x22, 0x20, 0x0, 0x99,
    0x6, 0xff, 0xff, 0xff, 0xf2, 0x2d, 0xee, 0xb0,
    0x3c, 0x0, 0x7a, 0x0, 0x3, 0xba, 0x32, 0x2d,
    0x63, 0xf6, 0x21, 0x0, 0x99, 0xd, 0xff, 0xff,
    0xff, 0xf7, 0x0, 0xac, 0x80, 0x2, 0xf2, 0x0,
    0x0, 0x3e, 0xfd, 0x6d, 0xde, 0xfd, 0xdd, 0xd9,
    0x15, 0xa9, 0x3, 0x8f, 0x43, 0x9e, 0x32, 0x0,
    0x99, 0x0, 0xed, 0x31, 0xe8, 0x0, 0x0, 0x99,
    0x0, 0x4a, 0xff, 0xf1, 0x0, 0x3, 0xb8, 0x3,
    0x5a, 0xfc, 0xee, 0x60, 0xc, 0xe4, 0x1e, 0xc8,
    0x30, 0x7, 0xd1, 0x0, 0x0, 0x0, 0x0, 0x0,
    0x0, 0x0,

    /* U+63A7 "控" */
    0x0, 0x0, 0x0, 0x0, 0x0, 0x0, 0x0, 0x0,
    0x99, 0x0, 0x0, 0x7b, 0x0, 0x0, 0x0, 0x99,
    0x2, 0x33, 0x7f, 0x43, 0x31, 0x2, 0xaa, 0x2b,
    0xff, 0xff, 0xff, 0xf4, 0x2f, 0xff, 0xeb, 0x71,
    0x10, 0x10, 0xe4, 0x0, 0xa9, 0x4, 0x3c, 0xa1,
    0xe6, 0x31, 0x0, 0x99, 0x2, 0xdb, 0x0, 0x2e,
    0x80, 0x0, 0x9c, 0x94, 0x90, 0x0, 0x2, 0x70,
    0x2a, 0xfe, 0x91, 0xff, 0xff, 0xff, 0x70, 0x2b,
    0xc9, 0x0, 0x22, 0x7e, 0x22, 0x10, 0x0, 0x99,
    0x0, 0x0, 0x6e, 0x0, 0x0, 0x0, 0x99, 0x0,
    0x0, 0x6e, 0x0, 0x0, 0x3, 0xb9, 0x4, 0x44,
    0x9f, 0x44, 0x42, 0xd, 0xe4, 0x2d, 0xdd, 0xdd,
    0xdd, 0xd6,

    /* U+63A8 "推" */
    0x0, 0xb8, 0x0, 0x2c, 0x1b, 0x10, 0x0, 0x0,
    0xb8, 0x0, 0x8d, 0xd, 0x90, 0x0, 0x0, 0xb8,
    0x0, 0xeb, 0x5a, 0xb5, 0x50, 0x6f, 0xff, 0xf6,
    0xfe, 0xef, 0xee, 0xe1, 0x2, 0xc9, 0x3e, 0xf4,
    0xd, 0x50, 0x0, 0x0, 0xb8, 0xae, 0xf8, 0x4e,
    0x94, 0x40, 0x0, 0xba, 0xa4, 0xfe, 0xdf, 0xed,
    0xb0, 0x4b, 0xfe, 0x90, 0xf4, 0xd, 0x50, 0x0,
    0x25, 0xc8, 0x0, 0xff, 0xff, 0xff, 0xd0, 0x0,
    0xb8, 0x0, 0xf7, 0x3d, 0x83, 0x20, 0x0, 0xb8,
    0x0, 0xf4, 0xd, 0x50, 0x0, 0x4, 0xd8, 0x0,
    0xff, 0xff, 0xff, 0xf5, 0xe, 0xe3, 0x0, 0xf7,
    0x33, 0x33, 0x31, 0x0, 0x0, 0x0, 0x0, 0x0,
    0x0, 0x0,

    /* U+63CF "描" */
    0x0, 0x0, 0x0, 0x0, 0x0, 0x0, 0x0, 0x0,
    0xa8, 0x0, 0xf, 0x30, 0x5e, 0x0, 0x0, 0xa8,
    0x0, 0xf, 0x30, 0x5e, 0x0, 0x2, 0xb9, 0x2c,
    0xff, 0xff, 0xff, 0xf9, 0x3f, 0xff, 0xe2, 0x3f,
    0x63, 0x7f, 0x32, 0x0, 0xa8, 0x0, 0xc, 0x20,
    0x4b, 0x0, 0x0, 0xa8, 0x0, 0x22, 0x22, 0x22,
    0x20, 0x0, 0xa9, 0x54, 0xff, 0xff, 0xff, 0xf2,
    0x3a, 0xfe, 0x94, 0xe0, 0x3f, 0x0, 0xf2, 0x15,
    0xb8, 0x4, 0xfc, 0xdf, 0xcc, 0xf2, 0x0, 0xa8,
    0x4, 0xe4, 0x7f, 0x55, 0xf2, 0x0, 0xa8, 0x4,
    0xe0, 0x3f, 0x0, 0xf2, 0x3, 0xc8, 0x4, 0xff,
    0xff, 0xff, 0xf2, 0xe, 0xe3, 0x4, 0xe2, 0x22,
    0x23, 0xf2, 0x0, 0x0, 0x0, 0x10, 0x0, 0x0,
    0x0,

    /* U+641C "搜" */
    0x0, 0x0, 0x0, 0x0, 0x0, 0x0, 0x0, 0x0,
    0x99, 0x0, 0x6, 0x4e, 0x0, 0x0, 0x0, 0x99,
    0x4, 0xec, 0x8e, 0xae, 0xd0, 0x3, 0xbb, 0x37,
    0xa0, 0x3e, 0x15, 0xf0, 0x3f, 0xff, 0xe7, 0xea,
    0x3e, 0x7c, 0xf0, 0x0, 0x99, 0x7, 0xb3, 0x3e,
    0x26, 0xf0, 0x0, 0x99, 0x7, 0xa2, 0x5e, 0x25,
    0xf0, 0x0, 0x9b, 0x86, 0xdd, 0xef, 0xdd, 0xd0,
    0x2a, 0xfe, 0x81, 0x22, 0x5e, 0x22, 0x0, 0x18,
    0xb9, 0x8, 0xff, 0xff, 0xff, 0xa0, 0x0, 0x99,
    0x0, 0xab, 0x0, 0x7f, 0x20, 0x0, 0x99, 0x0,
    0xa, 0xea, 0xe3, 0x0, 0x3, 0xb9, 0x3, 0x7c,
    0xfe, 0xe9, 0x51, 0xc, 0xe4, 0x5f, 0xb7, 0x20,
    0x38, 0xe3, 0x0, 0x0, 0x0, 0x0, 0x0, 0x0,
    0x0,

    /* U+64AD "播" */
    0x0, 0xe4, 0x0, 0x13, 0x47, 0x9c, 0x10, 0x0,
    0xe4, 0xf, 0xed, 0xfc, 0x98, 0x20, 0x0, 0xe4,
    0x1, 0xd0, 0xc6, 0x5e, 0x0, 0x8f, 0xff, 0xb1,
    0xc5, 0xc7, 0xc7, 0x10, 0x24, 0xf7, 0x6f, 0xff,
    0xff, 0xff, 0xf0, 0x0, 0xe4, 0x0, 0x5f, 0xec,
    0xe2, 0x0, 0x0, 0xe9, 0x67, 0xf5, 0xc6, 0x8e,
    0x50, 0x4b, 0xfd, 0xcf, 0x62, 0x96, 0x29, 0xf2,
    0x89, 0xf4, 0x19, 0xec, 0xfd, 0xcf, 0x60, 0x0,
    0xe4, 0x8, 0xa2, 0xc6, 0x2e, 0x50, 0x0, 0xe4,
    0x8, 0xec, 0xfd, 0xcf, 0x50, 0x13, 0xf4, 0x8,
    0xb3, 0xd7, 0x3e, 0x50, 0x3f, 0xd1, 0x8, 0xeb,
    0xbb, 0xbe, 0x40,

    /* U+6536 "收" */
    0x0, 0x0, 0x0, 0x1, 0x10, 0x0, 0x0, 0x0,
    0x0, 0xe5, 0x8, 0xe0, 0x0, 0x0, 0x5, 0x20,
    0xe5, 0xb, 0xb0, 0x0, 0x0, 0xd, 0x60, 0xe5,
    0xf, 0x91, 0x11, 0x10, 0xd, 0x60, 0xe5, 0x3f,
    0xff, 0xff, 0xf0, 0xd, 0x60, 0xe5, 0xaf, 0x21,
    0x7f, 0x20, 0xd, 0x60, 0xe8, 0xff, 0x50, 0x9b,
    0x0, 0xd, 0x60, 0xeb, 0xd8, 0xc0, 0xd7, 0x0,
    0xd, 0x60, 0xe5, 0x11, 0xf6, 0xf2, 0x0, 0xe,
    0xab, 0xf5, 0x0, 0xaf, 0xa0, 0x0, 0x3f, 0xe8,
    0xf5, 0x0, 0x6f, 0x60, 0x0, 0x5, 0x0, 0xe5,
    0x4, 0xfc, 0xf3, 0x0, 0x0, 0x0, 0xe6, 0x8f,
    0x80, 0x9f, 0x80, 0x0, 0x0, 0xe6, 0xc5, 0x0,
    0x6, 0x80, 0x0, 0x0, 0x0, 0x0, 0x0, 0x0,
    0x0,

    /* U+6539 "改" */
    0x0, 0x0, 0x0, 0x0, 0x94, 0x0, 0x0, 0xc,
    0xdd, 0xdd, 0x11, 0xf4, 0x0, 0x0, 0x7, 0x77,
    0x9f, 0x15, 0xf4, 0x33, 0x30, 0x0, 0x0, 0x3f,
    0x1a, 0xff, 0xff, 0xf4, 0x0, 0x0, 0x3f, 0x3f,
    0xa0, 0xf, 0x60, 0xb, 0xff, 0xff, 0xcf, 0xe0,
    0x2f, 0x20, 0xc, 0xa5, 0x55, 0xb5, 0xe3, 0x7e,
    0x0, 0xc, 0x80, 0x0, 0x0, 0x9a, 0xd8, 0x0,
    0xc, 0x80, 0x0, 0x0, 0x3f, 0xf1, 0x0, 0xc,
    0x80, 0x5a, 0x10, 0x1f, 0xd0, 0x0, 0xd, 0xdf,
    0xfa, 0x12, 0xdd, 0xfa, 0x0, 0x1f, 0xd6, 0x0,
    0x7f, 0xd1, 0x4f, 0xc2, 0x3, 0x0, 0x0, 0xa8,
    0x0, 0x2, 0xb1, 0x0, 0x0, 0x0, 0x0, 0x0,
    0x0, 0x0,

    /* U+653E "放" */
    0x0, 0x9, 0x30, 0x0, 0x68, 0x0, 0x0, 0x0,
    0xa, 0x90, 0x0, 0xca, 0x0, 0x0, 0x18, 0x8b,
    0xb8, 0x80, 0xf8, 0x22, 0x21, 0x2a, 0xed, 0xaa,
    0x95, 0xff, 0xff, 0xf8, 0x0, 0xa8, 0x0, 0xc,
    0xf1, 0xd, 0x70, 0x0, 0xaf, 0xee, 0xbf, 0xf6,
    0x1f, 0x30, 0x0, 0xba, 0x4e, 0xcb, 0x9a, 0x5f,
    0x0, 0x0, 0xc7, 0xe, 0x50, 0x3f, 0xba, 0x0,
    0x0, 0xe6, 0xf, 0x40, 0xe, 0xf3, 0x0, 0x1,
    0xf3, 0xf, 0x40, 0xd, 0xf1, 0x0, 0x6, 0xe0,
    0xf, 0x30, 0xaf, 0xec, 0x0, 0x1e, 0x72, 0x5f,
    0x4c, 0xf3, 0x2f, 0xd3, 0x3c, 0xa, 0xf9, 0x7c,
    0x20, 0x2, 0xc4, 0x0, 0x0, 0x0, 0x0, 0x0,
    0x0, 0x0,

    /* U+6570 "数" */
    0x3, 0x44, 0xe0, 0x81, 0x3c, 0x0, 0x0, 0x5,
    0xd5, 0xe5, 0xd0, 0x6d, 0x0, 0x0, 0x3, 0xc8,
    0xe7, 0x72, 0xab, 0x11, 0x10, 0x1d, 0xdf, 0xfe,
    0xd8, 0xdf, 0xff, 0xf7, 0x0, 0x8f, 0xfd, 0x73,
    0xf9, 0x1c, 0x80, 0x1d, 0xc6, 0xe1, 0x8b, 0xfc,
    0xf, 0x30, 0x4, 0x8, 0x50, 0xd, 0x4f, 0x5f,
    0x0, 0xa, 0xcf, 0xdc, 0xc1, 0xb, 0xeb, 0x0,
    0x3, 0xda, 0x3a, 0xc0, 0x6, 0xf4, 0x0, 0x2,
    0xfb, 0x5f, 0x30, 0xa, 0xf7, 0x0, 0x0, 0x1c,
    0xfd, 0x10, 0x8f, 0x8f, 0x40, 0x6, 0xce, 0x5a,
    0x6c, 0xf3, 0x8, 0xf6, 0x9, 0x60, 0x0, 0x2b,
    0x10, 0x0, 0x62,

    /* U+6574 "整" */
    0x0, 0xa, 0x80, 0x0, 0x6b, 0x0, 0x0, 0x5f,
    0xff, 0xff, 0xf1, 0xca, 0x11, 0x10, 0x4, 0x4c,
    0xa4, 0x45, 0xff, 0xff, 0xf1, 0xf, 0x7c, 0xb9,
    0xde, 0xf7, 0x3e, 0x0, 0xf, 0xde, 0xed, 0xc3,
    0x2e, 0xd6, 0x0, 0x1, 0xaf, 0xcc, 0x30, 0x5d,
    0xf8, 0x0, 0x4f, 0x9a, 0x83, 0x5d, 0xe6, 0x3d,
    0xe1, 0x5, 0x13, 0x31, 0x16, 0x31, 0x12, 0x60,
    0x8, 0xff, 0xff, 0xff, 0xff, 0xff, 0x50, 0x0,
    0x14, 0x0, 0xc9, 0x11, 0x10, 0x0, 0x0, 0x3f,
    0x0, 0xcf, 0xee, 0xe6, 0x0, 0x1, 0x4f, 0x11,
    0xc9, 0x11, 0x11, 0x10, 0x7f, 0xff, 0xff, 0xff,
    0xff, 0xff, 0xf1,

    /* U+6599 "料" */
    0x0, 0x0, 0x0, 0x0, 0x0, 0x0, 0x0, 0x0,
    0x3f, 0x1, 0x0, 0x0, 0xd6, 0x0, 0x4d, 0x3f,
    0x1f, 0xc, 0x60, 0xd6, 0x0, 0xf, 0x4f, 0x4b,
    0x4, 0xf6, 0xd6, 0x0, 0xc, 0x7f, 0x86, 0x0,
    0x43, 0xd6, 0x0, 0x5, 0x6f, 0x52, 0x11, 0x0,
    0xd6, 0x0, 0x7f, 0xff, 0xff, 0x8e, 0x50, 0xd6,
    0x0, 0x1, 0xcf, 0x51, 0x6, 0xd0, 0xd6, 0x0,
    0x3, 0xff, 0xd1, 0x0, 0x0, 0xd6, 0x30, 0xb,
    0xaf, 0x9b, 0x14, 0x7a, 0xff, 0xf0, 0x5f, 0x4f,
    0x16, 0xee, 0xb8, 0xe7, 0x0, 0x87, 0x3f, 0x0,
    0x10, 0x0, 0xd6, 0x0, 0x0, 0x3f, 0x0, 0x0,
    0x0, 0xd6, 0x0, 0x0, 0x3f, 0x0, 0x0, 0x0,
    0xd6, 0x0, 0x0, 0x0, 0x0, 0x0, 0x0, 0x0,
    0x0,

    /* U+65B0 "新" */
    0x0, 0x7, 0x20, 0x0, 0x0, 0x3, 0x0, 0x1,
    0x1c, 0xa1, 0x11, 0x69, 0xdf, 0x90, 0x1f, 0xff,
    0xff, 0xf5, 0xf8, 0x51, 0x0, 0x2, 0xd0, 0x1e,
    0x24, 0xe0, 0x0, 0x0, 0x2, 0xe4, 0x7d, 0x25,
    0xe0, 0x0, 0x0, 0x5f, 0xff, 0xff, 0xf8, 0xff,
    0xff, 0xf6, 0x0, 0x9, 0x90, 0x4, 0xe2, 0x6f,
    0x21, 0x4f, 0xff, 0xff, 0xf6, 0xd0, 0x4f, 0x0,
    0x3, 0x4a, 0xa5, 0x26, 0xc0, 0x4f, 0x0, 0x8,
    0x99, 0x9c, 0x58, 0xb0, 0x4f, 0x0, 0x1e, 0x29,
    0x94, 0xdb, 0x80, 0x4f, 0x0, 0x16, 0xa, 0x90,
    0x4f, 0x30, 0x4f, 0x0, 0x0, 0x9f, 0x50, 0x3c,
    0x0, 0x4f, 0x0, 0x0, 0x0, 0x0, 0x0, 0x0,
    0x13, 0x0,

    /* U+65B9 "方" */
    0x0, 0x0, 0x0, 0x65, 0x0, 0x0, 0x0, 0x0,
    0x0, 0x0, 0x9e, 0x0, 0x0, 0x0, 0x5, 0x55,
    0x55, 0x7e, 0x65, 0x55, 0x50, 0x1f, 0xff, 0xff,
    0xff, 0xff, 0xff, 0xf1, 0x0, 0x0, 0x7f, 0x0,
    0x0, 0x0, 0x0, 0x0, 0x0, 0x8e, 0x22, 0x22,
    0x22, 0x0, 0x0, 0x0, 0xaf, 0xff, 0xff, 0xfc,
    0x0, 0x0, 0x0, 0xe9, 0x11, 0x11, 0xaa, 0x0,
    0x0, 0x2, 0xf4, 0x0, 0x0, 0xb9, 0x0, 0x0,
    0xb, 0xe0, 0x0, 0x0, 0xd7, 0x0, 0x0, 0x5f,
    0x60, 0x0, 0x0, 0xf5, 0x0, 0x6, 0xfa, 0x0,
    0x24, 0x38, 0xf1, 0x0, 0x1e, 0x80, 0x0, 0x3f,
    0xff, 0x70, 0x0, 0x0, 0x0, 0x0, 0x0, 0x0,
    0x0, 0x0,

    /* U+65E5 "日" */
    0x6f, 0xff, 0xff, 0xff, 0xfe, 0x6f, 0x55, 0x55,
    0x55, 0xae, 0x6e, 0x0, 0x0, 0x0, 0x7e, 0x6e,
    0x0, 0x0, 0x0, 0x7e, 0x6e, 0x11, 0x11, 0x11,
    0x8e, 0x6f, 0xff, 0xff, 0xff, 0xfe, 0x6e, 0x22,
    0x22, 0x22, 0x8e, 0x6e, 0x0, 0x0, 0x0, 0x7e,
    0x6e, 0x0, 0x0, 0x0, 0x7e, 0x6f, 0x44, 0x44,
    0x44, 0x9e, 0x6f, 0xff, 0xff, 0xff, 0xfe, 0x6e,
    0x0, 0x0, 0x0, 0x7d,

    /* U+65E9 "早" */
    0x0, 0xaf, 0xff, 0xff, 0xff, 0xff, 0x0, 0x0,
    0xaa, 0x22, 0x22, 0x22, 0x6f, 0x0, 0x0, 0xaf,
    0xee, 0xee, 0xee, 0xef, 0x0, 0x0, 0xab, 0x22,
    0x22, 0x22, 0x6f, 0x0, 0x0, 0xab, 0x22, 0x22,
    0x22, 0x6f, 0x0, 0x0, 0xaf, 0xff, 0xff, 0xff,
    0xff, 0x0, 0x0, 0x0, 0x0, 0x7d, 0x0, 0x0,
    0x0, 0x4, 0x44, 0x44, 0xae, 0x44, 0x44, 0x42,
    0x1f, 0xff, 0xff, 0xff, 0xff, 0xff, 0xf8, 0x0,
    0x0, 0x0, 0x7d, 0x0, 0x0, 0x0, 0x0, 0x0,
    0x0, 0x7d, 0x0, 0x0, 0x0, 0x0, 0x0, 0x0,
    0x7d, 0x0, 0x0, 0x0,

    /* U+65F6 "时" */
    0x0, 0x0, 0x0, 0x0, 0x6, 0xe0, 0xc, 0xdd,
    0xd4, 0x0, 0x0, 0x6e, 0x0, 0xe8, 0x5e, 0x64,
    0x44, 0x49, 0xf4, 0x2e, 0x40, 0xd6, 0xff, 0xff,
    0xff, 0xf7, 0xe4, 0xd, 0x60, 0x0, 0x6, 0xe0,
    0xe, 0xee, 0xf5, 0x5b, 0x0, 0x6e, 0x0, 0xe7,
    0x3e, 0x51, 0xe8, 0x6, 0xe0, 0xe, 0x40, 0xd5,
    0x5, 0xf3, 0x6e, 0x0, 0xe4, 0xd, 0x50, 0x9,
    0x46, 0xe0, 0xe, 0xed, 0xf5, 0x0, 0x0, 0x6e,
    0x0, 0xe8, 0x44, 0x10, 0x0, 0x6, 0xe0, 0x6,
    0x20, 0x0, 0x1, 0x44, 0xad, 0x0, 0x0, 0x0,
    0x0, 0xf, 0xfd, 0x60, 0x0, 0x0, 0x0, 0x0,
    0x0, 0x0, 0x0,

    /* U+660E "明" */
    0x0, 0x0, 0x0, 0x33, 0x33, 0x33, 0xef, 0xff,
    0xe1, 0xff, 0xff, 0xfe, 0xe6, 0x26, 0xe1, 0xf2,
    0x0, 0x5e, 0xe4, 0x4, 0xe1, 0xf2, 0x0, 0x5e,
    0xe6, 0x36, 0xe1, 0xfb, 0xbb, 0xce, 0xef, 0xff,
    0xe2, 0xf9, 0x88, 0xbe, 0xe4, 0x4, 0xe2, 0xf1,
    0x0, 0x5e, 0xe4, 0x4, 0xe3, 0xf9, 0x88, 0xbe,
    0xef, 0xff, 0xe6, 0xe8, 0x88, 0xae, 0xe7, 0x33,
    0x3a, 0x90, 0x0, 0x5e, 0x92, 0x0, 0x2f, 0x40,
    0x0, 0x5e, 0x0, 0x0, 0xcc, 0x0, 0x23, 0x8e,
    0x0, 0x3, 0xd2, 0x0, 0x5f, 0xe8, 0x0, 0x0,
    0x0, 0x0, 0x0, 0x0,

    /* U+6628 "昨" */
    0x0, 0x0, 0x0, 0x52, 0x0, 0x0, 0x6, 0x66,
    0x62, 0xf, 0x50, 0x0, 0x0, 0xed, 0xcf, 0x45,
    0xf5, 0x44, 0x44, 0x1e, 0x40, 0xe5, 0xdf, 0xff,
    0xee, 0xe4, 0xe4, 0xe, 0xbf, 0x2e, 0x50, 0x0,
    0xe, 0xee, 0xf9, 0x70, 0xed, 0xcc, 0xc0, 0xe7,
    0x3f, 0x40, 0xe, 0x95, 0x55, 0xe, 0x40, 0xe4,
    0x0, 0xe5, 0x0, 0x0, 0xe4, 0xe, 0x40, 0xe,
    0xdb, 0xbb, 0x1e, 0xed, 0xf4, 0x0, 0xea, 0x77,
    0x71, 0xe8, 0x55, 0x10, 0xe, 0x50, 0x0, 0x8,
    0x20, 0x0, 0x0, 0xe5, 0x0, 0x0, 0x0, 0x0,
    0x0, 0xe, 0x50, 0x0, 0x0,

    /* U+662F "是" */
    0x0, 0xbf, 0xff, 0xff, 0xff, 0xfa, 0x0, 0x0,
    0xb9, 0x11, 0x11, 0x11, 0xaa, 0x0, 0x0, 0xbe,
    0xcc, 0xcc, 0xcc, 0xea, 0x0, 0x0, 0xbb, 0x66,
    0x66, 0x66, 0xca, 0x0, 0x0, 0x46, 0x66, 0x66,
    0x66, 0x64, 0x0, 0x1e, 0xee, 0xee, 0xee, 0xee,
    0xee, 0xe2, 0x3, 0x37, 0x43, 0x9d, 0x33, 0x33,
    0x30, 0x0, 0x2f, 0x40, 0x8d, 0x22, 0x22, 0x0,
    0x0, 0x7f, 0x40, 0x8f, 0xff, 0xff, 0x30, 0x0,
    0xdf, 0xd1, 0x8c, 0x0, 0x0, 0x0, 0xb, 0xf2,
    0xcf, 0xdd, 0x33, 0x33, 0x31, 0x3f, 0x40, 0x6,
    0xbe, 0xff, 0xff, 0xf2, 0x1, 0x0, 0x0, 0x0,
    0x0, 0x0, 0x0,

    /* U+665A "晚" */
    0x0, 0x0, 0x0, 0x44, 0x0, 0x0, 0x7, 0x77,
    0x70, 0x1e, 0xb5, 0x50, 0x0, 0xeb, 0xbf, 0xa,
    0xec, 0xdf, 0x40, 0xe, 0x32, 0xf8, 0xf6, 0x2b,
    0xb2, 0x20, 0xe3, 0x2f, 0xbf, 0xbd, 0xfb, 0xce,
    0xe, 0xff, 0xf2, 0xf0, 0x5d, 0x4, 0xe0, 0xe6,
    0x5f, 0x2f, 0x18, 0xc1, 0x5e, 0xe, 0x32, 0xf2,
    0xff, 0xff, 0xff, 0xe0, 0xe3, 0x2f, 0x0, 0xe,
    0xf9, 0x0, 0xe, 0xff, 0xf0, 0x7, 0xea, 0x90,
    0x0, 0xe6, 0x33, 0x4, 0xf6, 0xa9, 0x9, 0x6b,
    0x20, 0x18, 0xf8, 0x9, 0xa2, 0xc6, 0x0, 0xd,
    0xd5, 0x0, 0x5f, 0xfe, 0x10, 0x0, 0x10, 0x0,
    0x0, 0x0, 0x0,

    /* U+6668 "晨" */
    0x0, 0xaf, 0xee, 0xee, 0xee, 0xfe, 0x0, 0x0,
    0xae, 0xdd, 0xdd, 0xdd, 0xee, 0x0, 0x0, 0xaa,
    0x44, 0x44, 0x44, 0x8e, 0x0, 0x0, 0x7a, 0xaa,
    0xaa, 0xaa, 0xa9, 0x0, 0x2, 0xbb, 0xbb, 0xbb,
    0xbb, 0xbb, 0xa0, 0x3, 0xf5, 0x44, 0x44, 0x44,
    0x44, 0x40, 0x4, 0xf6, 0xff, 0xff, 0xff, 0xfd,
    0x0, 0x5, 0xf4, 0x44, 0x44, 0x44, 0x44, 0x40,
    0x6, 0xfb, 0xfd, 0xbf, 0xdb, 0xbd, 0xb1, 0x9,
    0xc0, 0xd6, 0x5, 0xf6, 0x9e, 0x30, 0xd, 0x80,
    0xf8, 0x58, 0x6e, 0xf8, 0x30, 0x3f, 0x25, 0xfe,
    0xb7, 0x1, 0x7c, 0xf3, 0x2, 0x0, 0x20, 0x0,
    0x0, 0x0, 0x0,

    /* U+666F "景" */
    0x0, 0xaf, 0xdd, 0xdd, 0xdd, 0xf9, 0x0, 0x0,
    0xae, 0xcc, 0xcc, 0xcc, 0xe9, 0x0, 0x0, 0xaa,
    0x11, 0x11, 0x11, 0xb9, 0x0, 0x0, 0x8d, 0xdd,
    0xee, 0xdd, 0xd8, 0x0, 0x4, 0x44, 0x44, 0xea,
    0x44, 0x44, 0x40, 0x1b, 0xbb, 0xbb, 0xbb, 0xbb,
    0xbb, 0xb1, 0x0, 0x3b, 0xbb, 0xbb, 0xbb, 0xb4,
    0x0, 0x0, 0x5e, 0x11, 0x11, 0x11, 0xe6, 0x0,
    0x0, 0x5f, 0xee, 0xee, 0xee, 0xf6, 0x0, 0x0,
    0x7, 0x80, 0xaa, 0x8, 0x40, 0x0, 0x17, 0xed,
    0x30, 0xaa, 0x6, 0xdd, 0x50, 0x9, 0x50, 0x3f,
    0xe6, 0x0, 0x6, 0x80,

    /* U+667A "智" */
    0x0, 0x0, 0x0, 0x0, 0x0, 0x0, 0x0, 0xe,
    0x30, 0x0, 0x0, 0x0, 0x0, 0x7, 0xfd, 0xdd,
    0x96, 0xdd, 0xdd, 0x81, 0xf6, 0x9c, 0x21, 0x6d,
    0x44, 0xc9, 0x2d, 0xad, 0xea, 0xa7, 0xc0, 0xb,
    0x91, 0x67, 0xfe, 0x76, 0x7c, 0x0, 0xb9, 0x0,
    0x9e, 0xbd, 0x56, 0xff, 0xff, 0x92, 0xcd, 0x20,
    0x67, 0x12, 0x22, 0x21, 0x4, 0x4d, 0xdd, 0xdd,
    0xdd, 0xd5, 0x0, 0x5, 0xf2, 0x22, 0x22, 0x2e,
    0x60, 0x0, 0x5f, 0xcc, 0xcc, 0xcc, 0xf6, 0x0,
    0x5, 0xf3, 0x33, 0x33, 0x3f, 0x60, 0x0, 0x5f,
    0x33, 0x33, 0x33, 0xf6, 0x0, 0x5, 0xfd, 0xdd,
    0xdd, 0xdf, 0x60,

    /* U+6696 "暖" */
    0x0, 0x0, 0x0, 0x12, 0x35, 0x75, 0xd, 0xee,
    0xd9, 0xfe, 0xdc, 0x99, 0x40, 0xe6, 0x7e, 0xd,
    0x19, 0x80, 0xd8, 0xe, 0x33, 0xe0, 0xb6, 0x69,
    0x6e, 0x10, 0xe3, 0x3e, 0x8f, 0xff, 0xff, 0xff,
    0x1e, 0xdd, 0xe0, 0xe, 0x50, 0x0, 0x0, 0xe8,
    0x8e, 0xef, 0xff, 0xff, 0xff, 0x6e, 0x33, 0xe0,
    0x4f, 0x54, 0x45, 0x10, 0xe3, 0x3e, 0x7, 0xfb,
    0x9a, 0xf5, 0xe, 0xee, 0xe0, 0xed, 0xd1, 0x9d,
    0x0, 0xe6, 0x33, 0x8d, 0xa, 0xef, 0x20, 0x4,
    0x10, 0x8f, 0x68, 0xed, 0xfd, 0x82, 0x0, 0x8,
    0x35, 0xa4, 0x0, 0x6c, 0x30,

    /* U+66F2 "曲" */
    0x0, 0x5, 0xe0, 0x3f, 0x0, 0x0, 0x0, 0x5,
    0xe0, 0x3f, 0x0, 0x0, 0x0, 0x5, 0xe0, 0x3f,
    0x0, 0x0, 0xdf, 0xff, 0xff, 0xff, 0xff, 0xf5,
    0xd8, 0x48, 0xf4, 0x7f, 0x44, 0xf5, 0xd5, 0x5,
    0xe0, 0x3f, 0x0, 0xe5, 0xd5, 0x5, 0xe0, 0x3f,
    0x0, 0xe5, 0xdf, 0xff, 0xff, 0xff, 0xff, 0xf5,
    0xd8, 0x38, 0xf3, 0x6f, 0x43, 0xf5, 0xd5, 0x5,
    0xe0, 0x3f, 0x0, 0xe5, 0xd6, 0x5, 0xe0, 0x3f,
    0x0, 0xe5, 0xdf, 0xff, 0xff, 0xff, 0xff, 0xf5,
    0xd8, 0x33, 0x33, 0x33, 0x33, 0xe5,

    /* U+66F4 "更" */
    0xf, 0xff, 0xff, 0xff, 0xff, 0xff, 0xf0, 0x2,
    0x22, 0x22, 0xad, 0x22, 0x22, 0x20, 0x0, 0xbe,
    0xee, 0xff, 0xee, 0xee, 0x20, 0x0, 0xc7, 0x11,
    0x9c, 0x11, 0x2f, 0x20, 0x0, 0xce, 0xdd, 0xef,
    0xdd, 0xdf, 0x20, 0x0, 0xc8, 0x22, 0xad, 0x22,
    0x4f, 0x20, 0x0, 0xc8, 0x22, 0xac, 0x22, 0x4f,
    0x20, 0x0, 0xbe, 0xdd, 0xff, 0xdd, 0xdd, 0x20,
    0x0, 0x2e, 0x52, 0xf5, 0x0, 0x0, 0x0, 0x0,
    0x5, 0xfe, 0xc0, 0x0, 0x0, 0x0, 0x2, 0x6b,
    0xfd, 0xfd, 0xa7, 0x55, 0x41, 0x1e, 0xd9, 0x20,
    0x15, 0xac, 0xde, 0xf3, 0x0, 0x0, 0x0, 0x0,
    0x0, 0x0, 0x0,

    /* U+66FF "替" */
    0x0, 0x9, 0xa0, 0x0, 0x7, 0xc0, 0x0, 0x8,
    0xce, 0xec, 0x57, 0xce, 0xfc, 0xb0, 0x2, 0x3b,
    0xb3, 0x12, 0x39, 0xd3, 0x30, 0x4, 0x4c, 0xb4,
    0x34, 0x4a, 0xc4, 0x41, 0xb, 0xcf, 0xeb, 0x7a,
    0xcf, 0xfd, 0xb4, 0x0, 0x8e, 0xe9, 0x0, 0xad,
    0x8d, 0x10, 0x1b, 0xe2, 0x1b, 0x3e, 0xb1, 0x9,
    0xf5, 0x6, 0x6d, 0xdd, 0xde, 0xdd, 0xd9, 0x41,
    0x0, 0x6e, 0x22, 0x22, 0x22, 0xaa, 0x0, 0x0,
    0x6f, 0xdd, 0xdd, 0xdd, 0xfa, 0x0, 0x0, 0x6e,
    0x11, 0x11, 0x11, 0xaa, 0x0, 0x0, 0x6e, 0x44,
    0x44, 0x44, 0xba, 0x0, 0x0, 0x6f, 0xdd, 0xdd,
    0xdd, 0xea, 0x0,

    /* U+6700 "最" */
    0x0, 0xaf, 0xdd, 0xdd, 0xdd, 0xf6, 0x0, 0x0,
    0xae, 0xcc, 0xcc, 0xcc, 0xf6, 0x0, 0x0, 0xa9,
    0x0, 0x0, 0x0, 0xe6, 0x0, 0x0, 0xaf, 0xff,
    0xff, 0xff, 0xf6, 0x0, 0x13, 0x33, 0x33, 0x33,
    0x33, 0x33, 0x30, 0x5d, 0xfd, 0xcf, 0xec, 0xcc,
    0xcc, 0xc1, 0x2, 0xf8, 0x7d, 0x78, 0x88, 0x88,
    0x50, 0x2, 0xf6, 0x5d, 0x79, 0xe6, 0x6f, 0x60,
    0x2, 0xff, 0xef, 0x70, 0xd6, 0x8d, 0x0, 0x2,
    0xf2, 0x3d, 0xb1, 0x3f, 0xf2, 0x0, 0x5e, 0xff,
    0xdf, 0xc7, 0xcd, 0xed, 0x60, 0x13, 0x10, 0xb,
    0x8b, 0x60, 0x7, 0xb0,

    /* U+672C "本" */
    0x0, 0x0, 0x0, 0xba, 0x0, 0x0, 0x0, 0x0,
    0x0, 0x0, 0xba, 0x0, 0x0, 0x0, 0x0, 0x0,
    0x0, 0xba, 0x0, 0x0, 0x0, 0xf, 0xff, 0xff,
    0xff, 0xff, 0xff, 0xf1, 0x5, 0x55, 0x9f, 0xdd,
    0xf9, 0x55, 0x50, 0x0, 0x0, 0xd8, 0xba, 0x9d,
    0x0, 0x0, 0x0, 0x7, 0xf1, 0xba, 0x2f, 0x70,
    0x0, 0x0, 0x2f, 0x60, 0xba, 0x7, 0xf3, 0x0,
    0x2, 0xea, 0x0, 0xba, 0x0, 0xbe, 0x30, 0x3f,
    0xcc, 0xee, 0xff, 0xee, 0xcc, 0xf3, 0x8, 0x4,
    0x66, 0xdc, 0x66, 0x40, 0x70, 0x0, 0x0, 0x0,
    0xba, 0x0, 0x0, 0x0, 0x0, 0x0, 0x0, 0xba,
    0x0, 0x0, 0x0,

    /* U+673A "机" */
    0x0, 0xf, 0x20, 0x0, 0x0, 0x0, 0x0, 0x0,
    0xf, 0x20, 0xf, 0xff, 0xfe, 0x0, 0x0, 0xf,
    0x20, 0xf, 0x73, 0x8e, 0x0, 0x3f, 0xff, 0xff,
    0x3f, 0x40, 0x5e, 0x0, 0x14, 0x8f, 0x64, 0x1f,
    0x40, 0x5e, 0x0, 0x0, 0xaf, 0x50, 0x1f, 0x40,
    0x5e, 0x0, 0x0, 0xff, 0xf3, 0x1f, 0x30, 0x5e,
    0x0, 0x6, 0xbf, 0x9e, 0x4f, 0x20, 0x5e, 0x0,
    0x1e, 0x4f, 0x37, 0x5f, 0x0, 0x5e, 0x0, 0x6b,
    0xf, 0x20, 0x9c, 0x0, 0x5e, 0x6, 0x2, 0xf,
    0x20, 0xe6, 0x0, 0x5e, 0x1d, 0x0, 0xf, 0x29,
    0xe1, 0x0, 0x5f, 0x5c, 0x0, 0xf, 0x3b, 0x40,
    0x0, 0x2d, 0xf7,

    /* U+6742 "杂" */
    0x0, 0x0, 0xd, 0x70, 0x0, 0x0, 0x0, 0x1,
    0x22, 0x2f, 0x72, 0x22, 0x0, 0x0, 0x8, 0xff,
    0xff, 0xff, 0xff, 0x20, 0x0, 0x0, 0x11, 0xcc,
    0x11, 0x3f, 0x20, 0x30, 0x0, 0x1a, 0xf3, 0x0,
    0x1f, 0x30, 0xe3, 0x1a, 0xfc, 0x30, 0x0, 0xe,
    0xff, 0xe0, 0x7, 0x30, 0x0, 0xc9, 0x1, 0x33,
    0x10, 0xf, 0xff, 0xff, 0xff, 0xff, 0xff, 0xe0,
    0x4, 0x44, 0x44, 0xdb, 0x44, 0x44, 0x40, 0x0,
    0x1e, 0x80, 0xc9, 0xc, 0xa0, 0x0, 0x2, 0xdd,
    0x0, 0xc9, 0x2, 0xeb, 0x0, 0xd, 0xc1, 0x23,
    0xd9, 0x0, 0x2e, 0x50, 0x1, 0x0, 0x7f, 0xe4,
    0x0, 0x0, 0x0,

    /* U+6761 "条" */
    0x0, 0x0, 0x7, 0x30, 0x0, 0x0, 0x0, 0x0,
    0x0, 0x9f, 0x74, 0x44, 0x30, 0x0, 0x0, 0x9,
    0xfc, 0xcc, 0xcf, 0xc0, 0x0, 0x4, 0xdd, 0xdc,
    0x11, 0xbe, 0x20, 0x0, 0x6, 0x80, 0xb, 0xee,
    0xc1, 0x0, 0x0, 0x0, 0x15, 0xaf, 0xdc, 0xfb,
    0x63, 0x0, 0x3f, 0xfe, 0x93, 0x54, 0x39, 0xdf,
    0xf2, 0x4, 0x31, 0x11, 0xba, 0x11, 0x12, 0x20,
    0x0, 0xef, 0xff, 0xff, 0xff, 0xff, 0x0, 0x0,
    0x3, 0x60, 0xaa, 0x6, 0x10, 0x0, 0x0, 0x3e,
    0x70, 0xaa, 0xb, 0xd1, 0x0, 0x6, 0xf7, 0x1,
    0xba, 0x0, 0xbd, 0x10, 0x1, 0x40, 0xe, 0xe5,
    0x0, 0x6, 0x0,

    /* U+6784 "构" */
    0x0, 0x0, 0x0, 0x0, 0x0, 0x0, 0x0, 0x0,
    0x5e, 0x0, 0xe, 0x30, 0x0, 0x0, 0x0, 0x5e,
    0x0, 0x5f, 0x10, 0x0, 0x0, 0x1, 0x6e, 0x10,
    0xae, 0x88, 0x88, 0x81, 0x4f, 0xff, 0xf9, 0xfc,
    0xbb, 0xbc, 0xf1, 0x1, 0xaf, 0x2c, 0xc3, 0x30,
    0x3, 0xf1, 0x0, 0xef, 0x88, 0x3b, 0x90, 0x4,
    0xf0, 0x3, 0xff, 0xe3, 0xf, 0x34, 0x4, 0xf0,
    0xa, 0xce, 0x75, 0x6b, 0x1f, 0x15, 0xe0, 0x3f,
    0x6e, 0x1, 0xea, 0x9e, 0x86, 0xe0, 0x58, 0x5e,
    0x3, 0xea, 0x77, 0xc8, 0xc0, 0x0, 0x5e, 0x0,
    0x0, 0x0, 0xa, 0xa0, 0x0, 0x5e, 0x0, 0x0,
    0x4, 0x4e, 0x70, 0x0, 0x5e, 0x0, 0x0, 0xe,
    0xfc, 0x10, 0x0, 0x0, 0x0, 0x0, 0x0, 0x0,
    0x0,

    /* U+67B6 "架" */
    0x0, 0x2f, 0x10, 0x0, 0x0, 0x0, 0x0, 0x2,
    0x5f, 0x32, 0x22, 0x99, 0x99, 0x70, 0x2f, 0xff,
    0xff, 0xe3, 0xf9, 0x9d, 0xc0, 0x0, 0x8b, 0x6,
    0xd3, 0xf0, 0x8, 0xc0, 0x1, 0xe6, 0x9, 0xb3,
    0xf1, 0x18, 0xc0, 0x2d, 0xd3, 0xcf, 0x73, 0xff,
    0xff, 0xc0, 0x1b, 0x20, 0x43, 0x66, 0x0, 0x0,
    0x0, 0x2, 0x22, 0x22, 0xcb, 0x22, 0x22, 0x20,
    0x2f, 0xff, 0xff, 0xff, 0xff, 0xff, 0xf0, 0x0,
    0x0, 0x5e, 0xee, 0xe4, 0x0, 0x0, 0x0, 0x19,
    0xf4, 0xba, 0x5f, 0x92, 0x0, 0x1a, 0xfc, 0x20,
    0xba, 0x2, 0xbf, 0xb2, 0x9, 0x30, 0x0, 0xba,
    0x0, 0x2, 0x70,

    /* U+67D4 "柔" */
    0x0, 0x0, 0x0, 0x0, 0x0, 0x0, 0x0, 0x0,
    0xbf, 0xff, 0xff, 0xff, 0xf3, 0x0, 0x0, 0x0,
    0x57, 0x45, 0xcd, 0x40, 0x0, 0x2, 0x22, 0x5a,
    0xef, 0xe3, 0x22, 0x10, 0xd, 0xee, 0xef, 0xff,
    0xee, 0xef, 0xc0, 0x0, 0x5, 0xd9, 0x6f, 0x0,
    0x8e, 0x10, 0x9, 0xec, 0x57, 0xae, 0x1, 0x92,
    0x0, 0x4, 0x20, 0x6, 0xd9, 0x0, 0x0, 0x0,
    0x2e, 0xee, 0xee, 0xff, 0xee, 0xee, 0xe2, 0x2,
    0x23, 0x8f, 0xef, 0xf8, 0x22, 0x20, 0x0, 0x2a,
    0xf5, 0xa9, 0x6f, 0xa2, 0x0, 0x2b, 0xfc, 0x20,
    0xa9, 0x2, 0xbf, 0xc2, 0x9, 0x40, 0x0, 0xa9,
    0x0, 0x3, 0x80,

    /* U+67E5 "查" */
    0x0, 0x0, 0x0, 0xa9, 0x0, 0x0, 0x0, 0x0,
    0x0, 0x0, 0xb9, 0x0, 0x0, 0x0, 0x2f, 0xff,
    0xff, 0xff, 0xff, 0xff, 0xf2, 0x0, 0x1, 0xae,
    0xcc, 0xe9, 0x10, 0x0, 0x0, 0x3c, 0xd1, 0xa9,
    0x2d, 0xc4, 0x0, 0x2c, 0xf9, 0x10, 0x65, 0x1,
    0x9f, 0xd2, 0x9, 0x2f, 0xff, 0xff, 0xff, 0xe1,
    0x70, 0x0, 0xf, 0x50, 0x0, 0x7, 0xe0, 0x0,
    0x0, 0xf, 0xed, 0xdd, 0xde, 0xe0, 0x0, 0x0,
    0xf, 0x50, 0x0, 0x7, 0xe0, 0x0, 0x0, 0xe,
    0xee, 0xee, 0xee, 0xd0, 0x0, 0x3, 0x33, 0x33,
    0x33, 0x33, 0x33, 0x30, 0xe, 0xee, 0xee, 0xee,
    0xee, 0xee, 0xe0,

    /* U+6807 "标" */
    0x0, 0x4f, 0x0, 0x0, 0x0, 0x0, 0x0, 0x0,
    0x4f, 0x0, 0x7f, 0xff, 0xff, 0x90, 0x0, 0x4f,
    0x0, 0x24, 0x44, 0x44, 0x20, 0x5f, 0xff, 0xfa,
    0x0, 0x0, 0x0, 0x0, 0x27, 0xdf, 0x75, 0x44,
    0x44, 0x44, 0x41, 0x0, 0xef, 0x81, 0xff, 0xff,
    0xff, 0xf5, 0x4, 0xff, 0xd6, 0x0, 0x3f, 0x10,
    0x0, 0xb, 0xbf, 0x38, 0x46, 0x3f, 0x29, 0x0,
    0x5f, 0x5f, 0x0, 0xa9, 0x3f, 0x1d, 0x60, 0x57,
    0x4f, 0x1, 0xf3, 0x3f, 0x16, 0xd0, 0x0, 0x4f,
    0xa, 0xb0, 0x3f, 0x11, 0xf2, 0x0, 0x4f, 0x6,
    0x34, 0x7f, 0x10, 0x92, 0x0, 0x4f, 0x0, 0xb,
    0xfa, 0x0, 0x0, 0x0, 0x0, 0x0, 0x0, 0x0,
    0x0, 0x0,

    /* U+680F "栏" */
    0x0, 0x4e, 0x0, 0x29, 0x0, 0x3c, 0x10, 0x0,
    0x4e, 0x0, 0xe, 0x60, 0xab, 0x0, 0x4, 0x8f,
    0x42, 0x7, 0x91, 0xf3, 0x0, 0xe, 0xef, 0xe8,
    0xee, 0xef, 0xfe, 0xa0, 0x0, 0x8f, 0x10, 0x55,
    0x55, 0x55, 0x30, 0x0, 0xdf, 0xa0, 0x0, 0x0,
    0x0, 0x0, 0x2, 0xff, 0xe4, 0x0, 0x0, 0x0,
    0x0, 0x9, 0xce, 0x72, 0x8f, 0xff, 0xff, 0x10,
    0x2f, 0x6e, 0x0, 0x24, 0x44, 0x44, 0x0, 0x39,
    0x4e, 0x0, 0x0, 0x0, 0x0, 0x0, 0x0, 0x4e,
    0x0, 0x0, 0x0, 0x0, 0x0, 0x0, 0x4e, 0xd,
    0xff, 0xff, 0xff, 0xf1, 0x0, 0x4e, 0x4, 0x44,
    0x44, 0x44, 0x40,

    /* U+6837 "样" */
    0x0, 0x0, 0x0, 0x0, 0x0, 0x0, 0x0, 0x0,
    0x4e, 0x0, 0x88, 0x0, 0xd, 0x50, 0x0, 0x4e,
    0x0, 0x6f, 0x10, 0x5f, 0x20, 0x1, 0x6e, 0x11,
    0x2e, 0x51, 0xbb, 0x10, 0xf, 0xff, 0xfb, 0xff,
    0xff, 0xff, 0xf0, 0x1, 0x7f, 0x21, 0x11, 0x6f,
    0x11, 0x10, 0x0, 0xbf, 0x70, 0x33, 0x7f, 0x33,
    0x20, 0x0, 0xff, 0xe2, 0xef, 0xff, 0xff, 0x90,
    0x6, 0xfe, 0x75, 0x0, 0x5f, 0x0, 0x0, 0xd,
    0x9e, 0x3, 0x33, 0x8f, 0x33, 0x31, 0x2d, 0x5e,
    0xc, 0xff, 0xff, 0xff, 0xf4, 0x1, 0x4e, 0x0,
    0x0, 0x5f, 0x0, 0x0, 0x0, 0x4e, 0x0, 0x0,
    0x5f, 0x0, 0x0, 0x0, 0x4e, 0x0, 0x0, 0x5f,
    0x0, 0x0,

    /* U+6848 "案" */
    0x0, 0x0, 0x0, 0x0, 0x0, 0x0, 0x0, 0x0,
    0x0, 0x0, 0xc5, 0x0, 0x0, 0x0, 0xd, 0xff,
    0xff, 0xff, 0xff, 0xff, 0xe0, 0xd, 0x62, 0x27,
    0xa2, 0x22, 0x26, 0xe0, 0x4, 0x32, 0x2e, 0x92,
    0x22, 0x23, 0x40, 0x1d, 0xde, 0xfe, 0xdd, 0xef,
    0xed, 0xd1, 0x0, 0xa, 0xe3, 0x1, 0xbc, 0x0,
    0x0, 0x0, 0x16, 0xaf, 0xff, 0xf7, 0x30, 0x0,
    0xa, 0xce, 0xda, 0xb7, 0x59, 0xee, 0x50, 0x3,
    0x32, 0x11, 0xba, 0x11, 0x24, 0x20, 0x3f, 0xff,
    0xff, 0xff, 0xff, 0xff, 0xf4, 0x0, 0x1, 0x9e,
    0xdc, 0xd9, 0x20, 0x0, 0x16, 0xbf, 0x90, 0xa9,
    0x8, 0xfb, 0x72, 0x1b, 0x61, 0x0, 0xa9, 0x0,
    0x16, 0xb2,

    /* U+6A21 "模" */
    0x0, 0xd5, 0x0, 0x3f, 0x1, 0xf2, 0x0, 0x0,
    0xd5, 0xf, 0xff, 0xff, 0xff, 0xe0, 0x25, 0xe9,
    0x41, 0x5f, 0x23, 0xf4, 0x10, 0x7f, 0xff, 0xb1,
    0x34, 0x33, 0x43, 0x0, 0x25, 0xf9, 0x39, 0xec,
    0xcc, 0xcf, 0x40, 0x2, 0xfc, 0x9, 0xc7, 0x77,
    0x7f, 0x40, 0x7, 0xfe, 0x89, 0xb4, 0x44, 0x4f,
    0x40, 0xd, 0xf7, 0xc9, 0xfe, 0xee, 0xef, 0x40,
    0x6c, 0xd5, 0x0, 0x0, 0xe6, 0x0, 0x0, 0x95,
    0xd5, 0x5f, 0xff, 0xff, 0xff, 0xf0, 0x10, 0xd5,
    0x1, 0x2d, 0xcd, 0xa1, 0x10, 0x0, 0xd5, 0x15,
    0xdd, 0x21, 0xeb, 0x50, 0x0, 0xd5, 0x7d, 0x70,
    0x0, 0x18, 0xc0, 0x0, 0x0, 0x0, 0x0, 0x0,
    0x0, 0x0,

    /* U+6B21 "次" */
    0x0, 0x0, 0x0, 0x74, 0x0, 0x0, 0x0, 0x6,
    0x20, 0x1, 0xf6, 0x0, 0x0, 0x0, 0xb, 0xf7,
    0x5, 0xf7, 0x55, 0x55, 0x30, 0x0, 0x7e, 0x1a,
    0xff, 0xff, 0xff, 0xf0, 0x0, 0x0, 0x1f, 0x71,
    0x71, 0xb, 0xa0, 0x0, 0x0, 0xae, 0x12, 0xf3,
    0x1f, 0x40, 0x0, 0x1, 0x76, 0x3, 0xf4, 0x3c,
    0x0, 0x0, 0x1e, 0x30, 0x7, 0xf8, 0x0, 0x0,
    0x0, 0xbd, 0x0, 0xc, 0xfe, 0x0, 0x0, 0x5,
    0xf4, 0x0, 0x5f, 0x6d, 0x70, 0x0, 0x1f, 0xa0,
    0x2, 0xfc, 0x4, 0xf5, 0x0, 0x9, 0x10, 0x5f,
    0xd1, 0x0, 0x9f, 0x81, 0x0, 0x4, 0xfa, 0x10,
    0x0, 0x5, 0xe2, 0x0, 0x0, 0x20, 0x0, 0x0,
    0x0, 0x0,

    /* U+6B4C "歌" */
    0x0, 0x0, 0x0, 0x0, 0x38, 0x0, 0x0, 0x5f,
    0xff, 0xff, 0xfa, 0x9e, 0x0, 0x0, 0x2, 0x33,
    0x27, 0xc0, 0xdd, 0x66, 0x73, 0xb, 0xdd, 0xa6,
    0xb2, 0xfd, 0xcc, 0xf7, 0xb, 0x67, 0xa6, 0xba,
    0xd2, 0x80, 0xe3, 0x5, 0x88, 0x56, 0xbc, 0x43,
    0xe2, 0xe0, 0x6d, 0xdd, 0xde, 0xfd, 0x14, 0xf0,
    0x0, 0x24, 0x44, 0x48, 0xd4, 0x7, 0xf3, 0x0,
    0xc, 0xff, 0xb5, 0xc0, 0xb, 0xf8, 0x0, 0xc,
    0x44, 0xc5, 0xc0, 0x3f, 0x6e, 0x0, 0xc, 0xee,
    0xc5, 0xc0, 0xcb, 0xc, 0x80, 0xa, 0x51, 0x15,
    0xdb, 0xf2, 0x3, 0xf5, 0x0, 0x0, 0xbe, 0x9d,
    0x40, 0x0, 0x69, 0x0, 0x0, 0x0, 0x0, 0x0,
    0x0, 0x0,

    /* U+6B63 "正" */
    0x8, 0xff, 0xff, 0xff, 0xff, 0xff, 0xe0, 0x3,
    0x55, 0x55, 0x7f, 0x65, 0x55, 0x40, 0x0, 0x0,
    0x0, 0x3f, 0x10, 0x0, 0x0, 0x0, 0x15, 0x0,
    0x3f, 0x10, 0x0, 0x0, 0x0, 0x4f, 0x0, 0x3f,
    0x31, 0x11, 0x0, 0x0, 0x4f, 0x0, 0x3f, 0xff,
    0xff, 0x30, 0x0, 0x4f, 0x0, 0x3f, 0x42, 0x22,
    0x0, 0x0, 0x4f, 0x0, 0x3f, 0x10, 0x0, 0x0,
    0x0, 0x4f, 0x0, 0x3f, 0x10, 0x0, 0x0, 0x0,
    0x4f, 0x0, 0x3f, 0x10, 0x0, 0x0, 0x1f, 0xff,
    0xff, 0xff, 0xff, 0xff, 0xf6, 0x4, 0x44, 0x44,
    0x44, 0x44, 0x44, 0x42,

    /* U+6B65 "步" */
    0x0, 0x0, 0x0, 0x7e, 0x0, 0x0, 0x0, 0x0,
    0x18, 0x10, 0x7f, 0x44, 0x44, 0x0, 0x0, 0x2f,
    0x20, 0x7f, 0xff, 0xfe, 0x0, 0x0, 0x2f, 0x20,
    0x7e, 0x0, 0x0, 0x0, 0x6, 0x7f, 0x76, 0xaf,
    0x66, 0x66, 0x60, 0x1d, 0xdd, 0xdd, 0xef, 0xdd,
    0xdd, 0xd1, 0x0, 0x3, 0x70, 0x9c, 0x0, 0x24,
    0x0, 0x0, 0x1d, 0xa0, 0x9c, 0x0, 0xcd, 0x0,
    0x2, 0xdd, 0x0, 0x9c, 0x8, 0xf2, 0x0, 0x7,
    0xc1, 0x0, 0x9d, 0xbf, 0x50, 0x0, 0x0, 0x0,
    0x1, 0x9f, 0xd3, 0x0, 0x0, 0x1, 0x47, 0xbf,
    0xe7, 0x10, 0x0, 0x0, 0x1e, 0xfd, 0x95, 0x0,
    0x0, 0x0, 0x0, 0x2, 0x0, 0x0, 0x0, 0x0,
    0x0, 0x0,

    /* U+6BB5 "段" */
    0x0, 0x0, 0x37, 0x0, 0x0, 0x0, 0x0, 0x1,
    0x7d, 0xfb, 0x25, 0xff, 0xf5, 0x0, 0x5, 0xf5,
    0x0, 0x5, 0xe1, 0xe5, 0x0, 0x5, 0xe2, 0x22,
    0x7, 0xb0, 0xd5, 0x0, 0x5, 0xfe, 0xee, 0xd,
    0x70, 0xc6, 0x10, 0x5, 0xe0, 0x0, 0x9c, 0x0,
    0x5a, 0xa0, 0x5, 0xfc, 0xcc, 0x4b, 0xbb, 0xbb,
    0x20, 0x5, 0xf5, 0x55, 0x2c, 0xa6, 0xaf, 0x0,
    0x5, 0xe0, 0x2, 0x14, 0xd0, 0xca, 0x0, 0x3b,
    0xfd, 0xff, 0x40, 0xba, 0xf2, 0x0, 0x4d, 0xf6,
    0x31, 0x0, 0x5f, 0x90, 0x0, 0x5, 0xe0, 0x0,
    0x28, 0xfc, 0xf9, 0x30, 0x5, 0xe0, 0x1, 0xfd,
    0x50, 0x4c, 0xe0, 0x0, 0x0, 0x0, 0x20, 0x0,
    0x0, 0x10,

    /* U+6BC1 "毁" */
    0x0, 0x13, 0x0, 0x0, 0x0, 0x0, 0x0, 0x9,
    0xd7, 0xcf, 0xc0, 0xff, 0xff, 0x0, 0xe, 0x30,
    0x5, 0xc0, 0xf4, 0x4f, 0x0, 0xe, 0xf8, 0xbf,
    0xc1, 0xf1, 0x2f, 0x0, 0xe, 0x40, 0x5, 0xc5,
    0xe0, 0x1f, 0xa3, 0xe, 0x63, 0x37, 0xde, 0x80,
    0xa, 0xc3, 0xb, 0xdd, 0xdd, 0xa9, 0x76, 0x67,
    0x50, 0x2, 0x22, 0x22, 0x19, 0xfa, 0xae, 0xa0,
    0xf, 0xff, 0xff, 0xb1, 0xf4, 0x2f, 0x40, 0x0,
    0xc, 0x60, 0x0, 0x7d, 0xcb, 0x0, 0x0, 0xc,
    0x84, 0x60, 0x1f, 0xf2, 0x0, 0x3c, 0xef, 0xfe,
    0xc6, 0xdd, 0xed, 0x40, 0x16, 0x42, 0x0, 0x7f,
    0x80, 0x8, 0xf2, 0x0, 0x0, 0x0, 0x1, 0x0,
    0x0, 0x10,

    /* U+6BCF "每" */
    0x0, 0x4, 0x60, 0x0, 0x0, 0x0, 0x0, 0x0,
    0xd, 0xc3, 0x33, 0x33, 0x33, 0x30, 0x0, 0x7f,
    0xff, 0xff, 0xff, 0xff, 0xd0, 0x4, 0xf6, 0x0,
    0x0, 0x0, 0x0, 0x0, 0x2f, 0x9e, 0xff, 0xff,
    0xff, 0xf7, 0x0, 0x5, 0x1f, 0x55, 0xe7, 0x22,
    0xd7, 0x0, 0x0, 0x3f, 0x10, 0x5e, 0x50, 0xd7,
    0x0, 0x6f, 0xff, 0xff, 0xff, 0xff, 0xff, 0xf6,
    0x12, 0x9d, 0x19, 0xd4, 0x11, 0xe7, 0x21, 0x0,
    0xaa, 0x0, 0x8f, 0x20, 0xf4, 0x0, 0x0, 0xdf,
    0xff, 0xff, 0xff, 0xff, 0xd0, 0x0, 0x22, 0x22,
    0x23, 0x27, 0xf3, 0x20, 0x0, 0x0, 0x0, 0x4,
    0xff, 0x80, 0x0, 0x0, 0x0, 0x0, 0x0, 0x0,
    0x0, 0x0,

    /* U+6C14 "气" */
    0x0, 0x5, 0x50, 0x0, 0x0, 0x0, 0x0, 0x0,
    0xe, 0xa2, 0x22, 0x22, 0x22, 0x20, 0x0, 0x6f,
    0xff, 0xff, 0xff, 0xff, 0xf0, 0x1, 0xe9, 0x11,
    0x11, 0x11, 0x11, 0x0, 0xd, 0xd5, 0xff, 0xff,
    0xff, 0xfe, 0x0, 0x5e, 0x42, 0x22, 0x22, 0x22,
    0x20, 0x0, 0x0, 0xcf, 0xff, 0xff, 0xff, 0xe0,
    0x0, 0x0, 0x0, 0x0, 0x0, 0x5, 0xf0, 0x0,
    0x0, 0x0, 0x0, 0x0, 0x4, 0xf0, 0x0, 0x0,
    0x0, 0x0, 0x0, 0x2, 0xf2, 0x0, 0x0, 0x0,
    0x0, 0x0, 0x0, 0xe6, 0x54, 0x0, 0x0, 0x0,
    0x0, 0x0, 0x9d, 0xb6, 0x0, 0x0, 0x0, 0x0,
    0x0, 0x1b, 0xe2,

    /* U+6C1B "氛" */
    0x0, 0x9, 0x90, 0x0, 0x0, 0x0, 0x0, 0x0,
    0x4f, 0xfe, 0xee, 0xee, 0xee, 0xe0, 0x1, 0xda,
    0x22, 0x22, 0x22, 0x22, 0x10, 0x2e, 0xd8, 0xff,
    0xff, 0xff, 0xff, 0x0, 0x9, 0x21, 0x22, 0x22,
    0x22, 0x21, 0x0, 0x0, 0xef, 0xff, 0xff, 0xff,
    0xf2, 0x0, 0x0, 0x6, 0x80, 0x66, 0x2, 0xf2,
    0x0, 0x0, 0x4f, 0x40, 0x1e, 0x51, 0xf3, 0x0,
    0x9, 0xf8, 0x22, 0x26, 0xfa, 0xf4, 0x0, 0x7,
    0x7d, 0xfe, 0xdf, 0x66, 0xf5, 0x0, 0x0, 0x6,
    0xe0, 0xf, 0x20, 0xc8, 0x53, 0x0, 0x4e, 0x70,
    0x2f, 0x10, 0x8d, 0x86, 0x6, 0xe6, 0xa, 0xfb,
    0x0, 0x1e, 0xf2, 0x0, 0x0, 0x0, 0x0, 0x0,
    0x0, 0x20,

    /* U+6D41 "流" */
    0x3, 0x20, 0x0, 0x2, 0xa0, 0x0, 0x0, 0x8,
    0xf8, 0x0, 0x0, 0xe5, 0x0, 0x0, 0x0, 0x4d,
    0xaf, 0xff, 0xff, 0xff, 0xf1, 0x0, 0x0, 0x12,
    0x7f, 0x53, 0xb5, 0x20, 0x19, 0x20, 0x2, 0xe6,
    0x0, 0xad, 0x10, 0x2b, 0xf6, 0x4f, 0xfe, 0xff,
    0xff, 0xa0, 0x0, 0x53, 0x16, 0x43, 0x20, 0x2,
    0xa0, 0x0, 0x1, 0x8, 0xa1, 0xf0, 0xa7, 0x0,
    0x0, 0x1e, 0x38, 0xa1, 0xf0, 0xa7, 0x0, 0x0,
    0x9d, 0xb, 0x91, 0xf0, 0xa7, 0x0, 0x3, 0xf4,
    0xe, 0x61, 0xf0, 0xa7, 0x63, 0xc, 0xb0, 0x9e,
    0x1, 0xf0, 0xa8, 0x95, 0xb, 0x31, 0xe4, 0x0,
    0x80, 0x6f, 0xe1, 0x0, 0x0, 0x0, 0x0, 0x0,
    0x0, 0x0,

    /* U+6D45 "浅" */
    0x4, 0xa1, 0x0, 0x1f, 0x49, 0x50, 0x0, 0x2,
    0xbe, 0x20, 0xf, 0x44, 0xe7, 0x0, 0x0, 0x6,
    0x0, 0xf, 0x63, 0x78, 0x40, 0x0, 0x0, 0x4b,
    0xdf, 0xff, 0xec, 0x70, 0x3e, 0x60, 0x38, 0x6e,
    0x90, 0x0, 0x0, 0x5, 0xe7, 0x0, 0xb, 0xb4,
    0x68, 0xa1, 0x0, 0x20, 0x7b, 0xef, 0xff, 0xda,
    0x91, 0x0, 0x4, 0x67, 0x57, 0xf0, 0x8, 0xd0,
    0x0, 0x6e, 0x0, 0x1, 0xf5, 0x8f, 0x40, 0x0,
    0xd8, 0x0, 0x0, 0xcf, 0xe3, 0x51, 0x5, 0xf1,
    0x0, 0x5b, 0xff, 0x40, 0xc5, 0xd, 0xa0, 0x6e,
    0xfa, 0x4b, 0xe6, 0xf2, 0x7, 0x20, 0x37, 0x10,
    0x1, 0xbf, 0xa0,

    /* U+6DE1 "淡" */
    0x3, 0x70, 0x0, 0x0, 0xc7, 0x0, 0x0, 0x4,
    0xde, 0x36, 0xd0, 0xd6, 0xd, 0x80, 0x0, 0x8,
    0x1d, 0x70, 0xf4, 0x7e, 0x10, 0x0, 0x0, 0x18,
    0x5, 0xfa, 0x74, 0x0, 0x2d, 0x60, 0x0, 0x3f,
    0x9b, 0xf8, 0x0, 0x7, 0xf8, 0x3b, 0xf9, 0x21,
    0x5e, 0xc0, 0x0, 0x21, 0x8, 0x20, 0xe6, 0x2,
    0x40, 0x0, 0x5, 0x8, 0xa0, 0xf5, 0xb, 0xb0,
    0x0, 0x6f, 0x1e, 0x62, 0xf9, 0x3f, 0x30, 0x0,
    0xd8, 0x4d, 0x8, 0xff, 0x97, 0x0, 0x7, 0xf1,
    0x0, 0x5f, 0x79, 0xd2, 0x0, 0xe, 0x90, 0x6c,
    0xf9, 0x0, 0xcf, 0xa3, 0x3, 0x10, 0x89, 0x30,
    0x0, 0x5, 0xa1,

    /* U+6DF1 "深" */
    0x3, 0x30, 0x0, 0x0, 0x0, 0x0, 0x0, 0x8,
    0xfa, 0x6f, 0xff, 0xff, 0xff, 0xd0, 0x0, 0x38,
    0x6c, 0x12, 0x12, 0x26, 0xd0, 0x0, 0x0, 0x47,
    0x8d, 0x8, 0xc4, 0x80, 0x19, 0x20, 0x6, 0xf3,
    0x0, 0xbc, 0x0, 0x1a, 0xf5, 0x4f, 0x40, 0x72,
    0xd, 0x70, 0x0, 0x52, 0x2, 0x0, 0xf5, 0x2,
    0x0, 0x0, 0x1, 0x7f, 0xff, 0xff, 0xff, 0xe0,
    0x0, 0x5c, 0x12, 0x3f, 0xff, 0x82, 0x20, 0x0,
    0xd7, 0x0, 0xca, 0xfa, 0xf3, 0x0, 0x5, 0xe0,
    0x2c, 0xd0, 0xf5, 0x8e, 0x50, 0xd, 0x71, 0xeb,
    0x10, 0xf5, 0x9, 0xf1, 0x8, 0x0, 0x20, 0x0,
    0xf5, 0x0, 0x20,

    /* U+6DF7 "混" */
    0x0, 0x20, 0x0, 0x0, 0x0, 0x0, 0x0, 0x6,
    0xf9, 0x1f, 0xff, 0xff, 0xff, 0x40, 0x0, 0x3c,
    0x3f, 0x41, 0x11, 0x1f, 0x40, 0x0, 0x0, 0xf,
    0xff, 0xff, 0xff, 0x40, 0x8, 0x10, 0xf, 0x20,
    0x0, 0xf, 0x40, 0x1b, 0xf6, 0xf, 0xff, 0xff,
    0xff, 0x40, 0x0, 0x64, 0x6, 0x20, 0x15, 0x20,
    0x0, 0x0, 0x2, 0xf, 0x40, 0xf, 0x31, 0x60,
    0x0, 0xe, 0x5f, 0xff, 0x8f, 0xbf, 0xa1, 0x0,
    0x7e, 0xf, 0x62, 0x1f, 0xb2, 0x0, 0x1, 0xf7,
    0xf, 0x40, 0xf, 0x30, 0x63, 0xa, 0xe0, 0x2f,
    0xaa, 0x7f, 0x62, 0xc6, 0xa, 0x50, 0x5f, 0xc8,
    0x3b, 0xff, 0xe1, 0x0, 0x0, 0x1, 0x0, 0x0,
    0x0, 0x0,

    /* U+6E05 "清" */
    0x3, 0x50, 0x0, 0x0, 0xf3, 0x0, 0x0, 0x7,
    0xfa, 0x7d, 0xdd, 0xfe, 0xdd, 0xa0, 0x0, 0x39,
    0x13, 0x34, 0xf6, 0x33, 0x20, 0x0, 0x0, 0x2e,
    0xee, 0xfe, 0xee, 0x50, 0x2b, 0x30, 0x55, 0x56,
    0xf7, 0x55, 0x51, 0x7, 0xf5, 0x88, 0x88, 0x88,
    0x88, 0x82, 0x0, 0x20, 0xd, 0xdd, 0xdd, 0xdd,
    0x10, 0x0, 0x3, 0xf, 0x51, 0x11, 0x3f, 0x20,
    0x0, 0x6e, 0xf, 0xfe, 0xee, 0xff, 0x20, 0x0,
    0xd9, 0xf, 0x40, 0x0, 0x2f, 0x20, 0x4, 0xf2,
    0xf, 0xff, 0xff, 0xff, 0x20, 0xc, 0xb0, 0xf,
    0x40, 0x1, 0x3f, 0x20, 0x5, 0x30, 0xf, 0x40,
    0x9, 0xfb, 0x0,

    /* U+6E10 "渐" */
    0x3, 0x40, 0x7, 0x40, 0x0, 0x4, 0x40, 0x7,
    0xfa, 0x2d, 0x72, 0x1a, 0xef, 0xa0, 0x0, 0x38,
    0xff, 0xff, 0x9f, 0x40, 0x0, 0x0, 0x0, 0x3e,
    0x0, 0x1f, 0x0, 0x0, 0x2c, 0x50, 0x6a, 0xc4,
    0x1f, 0x66, 0x62, 0x8, 0xf6, 0xa5, 0xd4, 0x1f,
    0xaf, 0xb4, 0x0, 0x21, 0xff, 0xff, 0x8f, 0xe,
    0x30, 0x0, 0x10, 0x43, 0xe7, 0x4e, 0xe, 0x30,
    0x0, 0xa8, 0x0, 0xd9, 0x8d, 0xe, 0x30, 0x0,
    0xf6, 0xbf, 0xfc, 0x9c, 0xe, 0x30, 0x6, 0xe0,
    0x84, 0xe4, 0x79, 0xe, 0x30, 0xd, 0x80, 0x0,
    0xd4, 0xd5, 0xe, 0x30, 0x9, 0x20, 0x0, 0xd5,
    0xb0, 0xe, 0x30, 0x0, 0x0, 0x0, 0x0, 0x0,
    0x0, 0x0,

    /* U+6E21 "渡" */
    0x1, 0x20, 0x0, 0x0, 0x63, 0x0, 0x0, 0x7,
    0xf9, 0x13, 0x33, 0xcc, 0x33, 0x31, 0x0, 0x3b,
    0x5f, 0xde, 0xed, 0xee, 0xd4, 0x0, 0x0, 0x4e,
    0xe, 0x30, 0x4e, 0x0, 0x1c, 0x50, 0x4f, 0xff,
    0xff, 0xff, 0xf3, 0x18, 0xf7, 0x5e, 0xe, 0x40,
    0x4e, 0x0, 0x0, 0x31, 0x6e, 0xe, 0xdc, 0xde,
    0x0, 0x0, 0x0, 0x7d, 0x14, 0x44, 0x44, 0x0,
    0x0, 0x7a, 0x8b, 0xcf, 0xff, 0xff, 0x90, 0x0,
    0xe7, 0xa9, 0xd, 0x80, 0x7f, 0x20, 0x5, 0xf1,
    0xe5, 0x2, 0xfc, 0xf5, 0x0, 0xd, 0x94, 0xf1,
    0x49, 0xff, 0xf9, 0x40, 0x1c, 0x28, 0x94, 0xf9,
    0x30, 0x6c, 0xf3, 0x0, 0x0, 0x0, 0x0, 0x0,
    0x0, 0x0,

    /* U+70B9 "点" */
    0x0, 0x0, 0x0, 0xf5, 0x0, 0x0, 0x0, 0x0,
    0x0, 0x0, 0xf7, 0x33, 0x33, 0x20, 0x0, 0x0,
    0x0, 0xff, 0xff, 0xff, 0xa0, 0x0, 0x0, 0x0,
    0xf5, 0x0, 0x0, 0x0, 0x0, 0x55, 0x55, 0xf9,
    0x55, 0x52, 0x0, 0x0, 0xee, 0xdd, 0xdd, 0xdd,
    0xf6, 0x0, 0x0, 0xe5, 0x0, 0x0, 0x0, 0xe6,
    0x0, 0x0, 0xe7, 0x22, 0x22, 0x22, 0xe6, 0x0,
    0x0, 0xef, 0xff, 0xff, 0xff, 0xf6, 0x0, 0x0,
    0x20, 0x0, 0x0, 0x0, 0x21, 0x0, 0x3, 0xf3,
    0x6b, 0x8, 0xa0, 0xad, 0x10, 0xc, 0xb0, 0x6e,
    0x3, 0xf1, 0x1e, 0xa0, 0x5d, 0x10, 0x4e, 0x0,
    0xc3, 0x6, 0xc1, 0x0, 0x0, 0x0, 0x0, 0x0,
    0x0, 0x0,

    /* U+7247 "片" */
    0x0, 0x0, 0x0, 0x5, 0xf0, 0x0, 0x0, 0x6,
    0xe0, 0x0, 0x5f, 0x0, 0x0, 0x0, 0x6e, 0x0,
    0x5, 0xf0, 0x0, 0x0, 0x6, 0xf3, 0x33, 0x8f,
    0x33, 0x32, 0x0, 0x6f, 0xff, 0xff, 0xff, 0xff,
    0xa0, 0x7, 0xe1, 0x11, 0x11, 0x11, 0x11, 0x0,
    0x8e, 0x0, 0x0, 0x0, 0x0, 0x0, 0xa, 0xff,
    0xff, 0xff, 0xfb, 0x0, 0x0, 0xbc, 0x66, 0x66,
    0x6d, 0xb0, 0x0, 0xf, 0x60, 0x0, 0x0, 0xab,
    0x0, 0x5, 0xf2, 0x0, 0x0, 0xa, 0xb0, 0x1,
    0xea, 0x0, 0x0, 0x0, 0xab, 0x0, 0x1b, 0x10,
    0x0, 0x0, 0xa, 0xb0, 0x0, 0x0, 0x0, 0x0,
    0x0, 0x0, 0x0,

    /* U+7248 "版" */
    0x0, 0x0, 0xe3, 0x0, 0x2, 0x46, 0x80, 0x5,
    0xd0, 0xe3, 0xf, 0xff, 0xec, 0x92, 0x5, 0xd0,
    0xe3, 0xf, 0x40, 0x0, 0x0, 0x5, 0xd0, 0xe3,
    0xf, 0x20, 0x0, 0x0, 0x5, 0xff, 0xff, 0x7f,
    0xdc, 0xcc, 0xc2, 0x5, 0xd2, 0x22, 0x2f, 0xea,
    0x67, 0xf0, 0x5, 0xd0, 0x0, 0x1f, 0x9b, 0x6,
    0xc0, 0x6, 0xff, 0xf9, 0x2f, 0x3f, 0x1b, 0x90,
    0x7, 0xc2, 0xa9, 0x3f, 0xc, 0x9f, 0x20, 0x9,
    0x90, 0x99, 0x5f, 0x5, 0xfb, 0x0, 0xd, 0x70,
    0x99, 0x8b, 0x8, 0xfb, 0x0, 0x1f, 0x30, 0x99,
    0xd9, 0xae, 0x6d, 0xb1, 0x2b, 0x0, 0x9a, 0xd5,
    0xc2, 0x1, 0xc4, 0x0, 0x0, 0x0, 0x0, 0x0,
    0x0, 0x0,

    /* U+72B6 "状" */
    0x0, 0x0, 0x0, 0x0, 0x0, 0x0, 0x0, 0x0,
    0xd, 0x60, 0x1, 0xf3, 0x42, 0x0, 0x0, 0xd,
    0x60, 0x1, 0xf3, 0x8d, 0x0, 0x4e, 0x1d, 0x60,
    0x1, 0xf3, 0xd, 0x70, 0xc, 0xad, 0x60, 0x1,
    0xf3, 0x2, 0x0, 0x3, 0xce, 0x9f, 0xff, 0xff,
    0xff, 0xf0, 0x0, 0xd, 0x74, 0x47, 0xfa, 0x44,
    0x40, 0x0, 0x1e, 0x60, 0x5, 0xfb, 0x0, 0x0,
    0x2, 0xdf, 0x60, 0x9, 0xef, 0x10, 0x0, 0x4e,
    0xae, 0x60, 0xe, 0x6b, 0x80, 0x0, 0x69, 0xd,
    0x60, 0x7f, 0x4, 0xe1, 0x0, 0x0, 0xd, 0x62,
    0xf8, 0x0, 0xdc, 0x0, 0x0, 0xd, 0x8e, 0xd0,
    0x0, 0x2f, 0xc1, 0x0, 0xd, 0xac, 0x10, 0x0,
    0x3, 0xb0, 0x0, 0x0, 0x0, 0x0, 0x0, 0x0,
    0x0,

    /* U+72EC "独" */
    0x18, 0x2, 0x60, 0x0, 0xe6, 0x0, 0x0, 0x1e,
    0x9c, 0xb0, 0x0, 0xe6, 0x0, 0x0, 0x3, 0xff,
    0x10, 0x11, 0xe7, 0x11, 0x0, 0x6, 0xfc, 0xb,
    0xff, 0xff, 0xff, 0x60, 0x5f, 0x8f, 0xb, 0x80,
    0xe7, 0xe, 0x60, 0x2, 0xf, 0x4b, 0x70, 0xe6,
    0xe, 0x60, 0x0, 0x5f, 0x6b, 0x70, 0xe6, 0xe,
    0x60, 0x2, 0xff, 0x7b, 0xff, 0xff, 0xff, 0x60,
    0x4f, 0x7c, 0x61, 0x22, 0xe8, 0x46, 0x10, 0x27,
    0xd, 0x50, 0x0, 0xe6, 0x6e, 0x0, 0x0, 0xe,
    0x40, 0x0, 0xe8, 0x5f, 0x60, 0x3, 0x6f, 0x5c,
    0xef, 0xff, 0xff, 0xd0, 0xe, 0xe7, 0x29, 0x75,
    0x31, 0x3, 0xc1, 0x0, 0x0, 0x0, 0x0, 0x0,
    0x0, 0x0,

    /* U+7387 "率" */
    0x0, 0x0, 0x0, 0x55, 0x0, 0x0, 0x0, 0x4,
    0x55, 0x55, 0xaf, 0x65, 0x55, 0x51, 0xa, 0xdd,
    0xdd, 0xfe, 0xdd, 0xdd, 0xd4, 0x3, 0x91, 0x6,
    0xc1, 0x96, 0xb, 0x50, 0x0, 0x9e, 0x5f, 0xff,
    0xb1, 0xcb, 0x0, 0x0, 0x3, 0x23, 0xab, 0x70,
    0x60, 0x0, 0x2, 0x9f, 0x8b, 0xd6, 0xdc, 0xdc,
    0x20, 0xc, 0xa2, 0x7d, 0xca, 0x8e, 0x39, 0xe0,
    0x0, 0x0, 0x0, 0x7d, 0x0, 0x0, 0x10, 0x1f,
    0xff, 0xff, 0xff, 0xff, 0xff, 0xf6, 0x3, 0x33,
    0x33, 0x9e, 0x33, 0x33, 0x31, 0x0, 0x0, 0x0,
    0x7d, 0x0, 0x0, 0x0, 0x0, 0x0, 0x0, 0x7d,
    0x0, 0x0, 0x0,

    /* U+73AF "环" */
    0x0, 0x0, 0x0, 0x0, 0x0, 0x0, 0x0, 0x4f,
    0xff, 0xe6, 0xff, 0xff, 0xff, 0xf8, 0x13, 0xc9,
    0x31, 0x33, 0x4f, 0x83, 0x31, 0x0, 0xb7, 0x0,
    0x0, 0x8f, 0x10, 0x0, 0x0, 0xb7, 0x0, 0x1,
    0xfe, 0x40, 0x0, 0x1f, 0xff, 0x90, 0x9, 0xff,
    0xe9, 0x0, 0x3, 0xc9, 0x20, 0x5f, 0xce, 0x3f,
    0x60, 0x0, 0xb7, 0x5, 0xfa, 0x6e, 0x7, 0xf2,
    0x0, 0xb7, 0x8, 0xb0, 0x6e, 0x0, 0xa2, 0x0,
    0xcd, 0xd0, 0x0, 0x6e, 0x0, 0x0, 0x4f, 0xfa,
    0x40, 0x0, 0x6e, 0x0, 0x0, 0x15, 0x0, 0x0,
    0x0, 0x6e, 0x0, 0x0, 0x0, 0x0, 0x0, 0x0,
    0x6e, 0x0, 0x0,

    /* U+73B0 "现" */
    0x1f, 0xff, 0xfa, 0xcf, 0xff, 0xff, 0x60, 0x3,
    0x6f, 0x32, 0xc8, 0x22, 0x2e, 0x60, 0x0, 0x4f,
    0x0, 0xc6, 0x2a, 0xd, 0x60, 0x0, 0x4f, 0x0,
    0xc6, 0x3f, 0xd, 0x60, 0xd, 0xff, 0xf5, 0xc6,
    0x4f, 0xd, 0x60, 0x3, 0x7f, 0x31, 0xc6, 0x4d,
    0xd, 0x60, 0x0, 0x4f, 0x0, 0xc6, 0x6c, 0xd,
    0x60, 0x0, 0x4f, 0x0, 0x42, 0xae, 0x45, 0x20,
    0x0, 0x4f, 0x78, 0x2, 0xfd, 0x60, 0x20, 0x1a,
    0xef, 0xd7, 0xc, 0x9a, 0x60, 0xb4, 0x1b, 0x61,
    0x1, 0xbd, 0x1a, 0x70, 0xd3, 0x0, 0x0, 0xd,
    0xc1, 0x6, 0xef, 0xc0, 0x0, 0x0, 0x2, 0x0,
    0x0, 0x0, 0x0,

    /* U+73BB "玻" */
    0x0, 0x0, 0x0, 0x0, 0x5e, 0x0, 0x0, 0x5f,
    0xff, 0xf0, 0x0, 0x5e, 0x0, 0x0, 0x13, 0xc9,
    0x38, 0xff, 0xff, 0xff, 0xf3, 0x0, 0xb7, 0x8,
    0xc4, 0x8f, 0x47, 0xf0, 0x0, 0xb7, 0x8, 0xb0,
    0x5e, 0x8, 0xb0, 0x2c, 0xfe, 0x88, 0xc3, 0x7f,
    0x35, 0x40, 0x17, 0xdb, 0x59, 0xff, 0xff, 0xff,
    0xa0, 0x0, 0xb7, 0xa, 0xcf, 0x30, 0xe, 0x40,
    0x0, 0xb7, 0xb, 0x8a, 0xb0, 0x7e, 0x0, 0x0,
    0xcc, 0xbe, 0x51, 0xea, 0xf4, 0x0, 0x3c, 0xfc,
    0x8f, 0x20, 0x7f, 0xd0, 0x0, 0x38, 0x20, 0xad,
    0x18, 0xfa, 0xfe, 0x70, 0x0, 0x0, 0xc5, 0xdb,
    0x20, 0x1a, 0xf4, 0x0, 0x0, 0x0, 0x10, 0x0,
    0x0, 0x0,

    /* U+73ED "班" */
    0x0, 0x0, 0x0, 0xc, 0x50, 0x0, 0x0, 0x2f,
    0xff, 0xd0, 0xc, 0x5e, 0xff, 0xf9, 0x3, 0xc9,
    0x30, 0xc, 0x52, 0x7e, 0x21, 0x0, 0xb7, 0xa,
    0x4c, 0x50, 0x5e, 0x0, 0x0, 0xb7, 0xb, 0x3c,
    0x50, 0x5e, 0x0, 0x6, 0xdb, 0x4c, 0x3c, 0x50,
    0x5e, 0x0, 0xb, 0xed, 0x8f, 0xd, 0x5a, 0xff,
    0xf6, 0x0, 0xb7, 0x2c, 0xd, 0x42, 0x7f, 0x31,
    0x0, 0xb7, 0x1, 0xf, 0x30, 0x5e, 0x0, 0x0,
    0xb7, 0x0, 0x2f, 0x0, 0x5e, 0x0, 0x4, 0xde,
    0xe0, 0x9b, 0x0, 0x5e, 0x0, 0x3f, 0xc8, 0x45,
    0xf4, 0x55, 0x9f, 0x55, 0x0, 0x0, 0xe, 0x62,
    0xdd, 0xdd, 0xdb, 0x0, 0x0, 0x1, 0x0, 0x0,
    0x0, 0x0,

    /* U+7403 "球" */
    0x0, 0x0, 0x0, 0x0, 0x3f, 0x29, 0x0, 0x3f,
    0xff, 0xf1, 0x0, 0x3f, 0x1c, 0xa0, 0x3, 0xbb,
    0x32, 0x33, 0x6f, 0x45, 0x92, 0x0, 0x99, 0x8,
    0xff, 0xff, 0xff, 0xf8, 0x0, 0x99, 0x0, 0x30,
    0x3f, 0x0, 0x60, 0x1f, 0xff, 0xe2, 0xf3, 0x3f,
    0x47, 0xe1, 0x3, 0xbb, 0x30, 0x7c, 0x4f, 0xbf,
    0x30, 0x0, 0x99, 0x0, 0x13, 0x9f, 0xf6, 0x0,
    0x0, 0x99, 0x0, 0xb, 0xef, 0xe7, 0x0, 0x0,
    0xad, 0xc6, 0xdc, 0x4f, 0x4f, 0x30, 0x3d, 0xfc,
    0x7f, 0xb0, 0x3f, 0x9, 0xf4, 0x16, 0x10, 0x4,
    0x13, 0x7f, 0x0, 0x85, 0x0, 0x0, 0x0, 0xe,
    0xf9, 0x0, 0x0, 0x0, 0x0, 0x0, 0x0, 0x0,
    0x0, 0x0,

    /* U+7483 "璃" */
    0x0, 0x0, 0x0, 0x0, 0x0, 0x0, 0x0, 0x0,
    0x0, 0x0, 0x0, 0x6b, 0x0, 0x0, 0x2d, 0xdd,
    0xd7, 0xbb, 0xdf, 0xcb, 0xb7, 0x4, 0xbb, 0x43,
    0x56, 0x65, 0x86, 0x53, 0x0, 0x99, 0x0, 0xe5,
    0xc8, 0xc5, 0xe0, 0x0, 0x99, 0x0, 0xe5, 0xbb,
    0xb5, 0xe0, 0xd, 0xee, 0xa0, 0xea, 0x95, 0x88,
    0xe0, 0x5, 0xbb, 0x40, 0xbc, 0xcf, 0xcc, 0xb0,
    0x0, 0x99, 0x1, 0x22, 0x5f, 0x22, 0x21, 0x0,
    0x99, 0x6, 0xff, 0xff, 0xff, 0xf6, 0x0, 0xad,
    0xb8, 0xc1, 0xe1, 0x91, 0xc6, 0x3f, 0xea, 0x67,
    0xcb, 0xeb, 0xe8, 0xc6, 0x2, 0x0, 0x6, 0xc4,
    0x41, 0x6, 0xd6, 0x0, 0x0, 0x6, 0xc0, 0x0,
    0x5e, 0xd3,

    /* U+7528 "用" */
    0x0, 0xdf, 0xff, 0xff, 0xff, 0xff, 0x50, 0xd,
    0x94, 0x48, 0xf4, 0x44, 0xf6, 0x0, 0xd6, 0x0,
    0x5e, 0x0, 0xe, 0x60, 0xd, 0xa5, 0x59, 0xf5,
    0x55, 0xf6, 0x0, 0xde, 0xdd, 0xef, 0xdd, 0xdf,
    0x60, 0xe, 0x60, 0x5, 0xe0, 0x0, 0xe6, 0x0,
    0xf8, 0x44, 0x8f, 0x44, 0x4f, 0x60, 0x1f, 0xff,
    0xff, 0xff, 0xff, 0xf6, 0x3, 0xf1, 0x0, 0x5e,
    0x0, 0xe, 0x60, 0x7d, 0x0, 0x5, 0xe0, 0x0,
    0xe6, 0x1e, 0x70, 0x0, 0x5e, 0x2, 0x2f, 0x54,
    0xd0, 0x0, 0x5, 0xe0, 0xff, 0xe2, 0x0, 0x0,
    0x0, 0x0, 0x0, 0x0, 0x0,

    /* U+7535 "电" */
    0x0, 0x0, 0xe, 0x70, 0x0, 0x0, 0x0, 0x0,
    0x0, 0xe7, 0x0, 0x0, 0x0, 0x4f, 0xff, 0xff,
    0xff, 0xff, 0xf1, 0x4, 0xf6, 0x55, 0xfa, 0x55,
    0x7f, 0x10, 0x4f, 0x10, 0xe, 0x70, 0x3, 0xf1,
    0x4, 0xff, 0xff, 0xff, 0xff, 0xff, 0x10, 0x4f,
    0x43, 0x3f, 0x93, 0x36, 0xf1, 0x4, 0xf1, 0x0,
    0xe7, 0x0, 0x3f, 0x10, 0x4f, 0xff, 0xff, 0xff,
    0xff, 0xf1, 0x4, 0xf5, 0x44, 0xfa, 0x44, 0x44,
    0x72, 0x0, 0x0, 0xe, 0x70, 0x0, 0xe, 0x50,
    0x0, 0x0, 0xdc, 0x54, 0x47, 0xf2, 0x0, 0x0,
    0x5, 0xef, 0xff, 0xf9, 0x0,

    /* U+754C "界" */
    0x0, 0xef, 0xff, 0xff, 0xff, 0xfd, 0x0, 0x0,
    0xe6, 0x0, 0xe6, 0x0, 0x8d, 0x0, 0x0, 0xef,
    0xff, 0xff, 0xff, 0xfd, 0x0, 0x0, 0xe6, 0x0,
    0xe6, 0x0, 0x8d, 0x0, 0x0, 0xee, 0xdd, 0xfe,
    0xdd, 0xed, 0x0, 0x0, 0x24, 0xec, 0x34, 0xed,
    0x42, 0x0, 0x0, 0x4e, 0xc0, 0x0, 0x2e, 0xd4,
    0x0, 0x2d, 0xf9, 0xd5, 0x0, 0x5e, 0xaf, 0xd2,
    0x7, 0x20, 0xe5, 0x0, 0x6e, 0x2, 0x70, 0x0,
    0x5, 0xf2, 0x0, 0x6e, 0x0, 0x0, 0x0, 0x6f,
    0xa0, 0x0, 0x6e, 0x0, 0x0, 0x2, 0xe8, 0x0,
    0x0, 0x6e, 0x0, 0x0, 0x0, 0x0, 0x0, 0x0,
    0x0, 0x0, 0x0,

    /* U+7559 "留" */
    0x0, 0x5, 0x91, 0x0, 0x0, 0x0, 0x3c, 0xfd,
    0x92, 0xff, 0xff, 0xff, 0x5f, 0x10, 0x20, 0x27,
    0xc2, 0x6e, 0x5e, 0x7, 0xe0, 0xa, 0x90, 0x6d,
    0x6f, 0x69, 0xf7, 0x3f, 0x30, 0x8b, 0xbf, 0xc8,
    0x8d, 0xf7, 0x3c, 0xf7, 0x12, 0x0, 0x3, 0x40,
    0x15, 0x40, 0x9, 0xff, 0xff, 0xff, 0xff, 0xe0,
    0x9, 0xb0, 0x5, 0xe0, 0x7, 0xe0, 0x9, 0xfd,
    0xde, 0xfd, 0xde, 0xe0, 0x9, 0xc2, 0x26, 0xe2,
    0x28, 0xe0, 0x9, 0xc3, 0x37, 0xe3, 0x39, 0xe0,
    0x9, 0xfc, 0xcc, 0xcc, 0xcd, 0xd0,

    /* U+7565 "略" */
    0x0, 0x0, 0x0, 0xa, 0x40, 0x0, 0xe, 0xff,
    0xfe, 0x4, 0xf4, 0x22, 0x0, 0xe3, 0xe3, 0xe0,
    0xdf, 0xff, 0xf6, 0xe, 0x1e, 0x1e, 0xaf, 0x90,
    0x7e, 0x0, 0xe1, 0xe1, 0xfd, 0x4e, 0x8f, 0x40,
    0xe, 0xff, 0xfe, 0x0, 0x7f, 0xa0, 0x0, 0xe2,
    0xe2, 0xe0, 0x7f, 0xaf, 0xa1, 0xe, 0x1e, 0x1f,
    0xde, 0x51, 0x3d, 0xf4, 0xe1, 0xe1, 0xe8, 0xff,
    0xff, 0xf9, 0xe, 0xff, 0xfe, 0x3f, 0x0, 0xd,
    0x60, 0xe3, 0x22, 0x23, 0xe0, 0x0, 0xd6, 0x6,
    0x0, 0x0, 0x3f, 0x55, 0x5e, 0x60, 0x0, 0x0,
    0x3, 0xfd, 0xdd, 0xf6, 0x0,

    /* U+767D "白" */
    0x0, 0x0, 0x7, 0x30, 0x0, 0x0, 0x0, 0x0,
    0x4f, 0x50, 0x0, 0x0, 0x6, 0x66, 0xbf, 0x66,
    0x66, 0x60, 0xf, 0xfe, 0xee, 0xee, 0xef, 0xf1,
    0xf, 0x30, 0x0, 0x0, 0x4, 0xf1, 0xf, 0x30,
    0x0, 0x0, 0x4, 0xf1, 0xf, 0x85, 0x55, 0x55,
    0x58, 0xf1, 0xf, 0xff, 0xff, 0xff, 0xff, 0xf1,
    0xf, 0x30, 0x0, 0x0, 0x4, 0xf1, 0xf, 0x30,
    0x0, 0x0, 0x4, 0xf1, 0xf, 0x62, 0x22, 0x22,
    0x26, 0xf1, 0xf, 0xff, 0xff, 0xff, 0xff, 0xf1,
    0xf, 0x51, 0x11, 0x11, 0x15, 0xe1,

    /* U+7684 "的" */
    0x0, 0x72, 0x0, 0x7, 0x10, 0x0, 0x1, 0xf4,
    0x0, 0x3f, 0x20, 0x0, 0x47, 0xf4, 0x40, 0x8f,
    0x55, 0x55, 0xee, 0xdd, 0xf2, 0xee, 0xdd, 0xed,
    0xe4, 0x1, 0xfa, 0xd0, 0x0, 0x5d, 0xe4, 0x1,
    0xf8, 0x54, 0x0, 0x6c, 0xef, 0xef, 0xf0, 0x3f,
    0x30, 0x7c, 0xe6, 0x34, 0xf0, 0x8, 0xd0, 0x7b,
    0xe4, 0x1, 0xf0, 0x0, 0xe6, 0x8a, 0xe4, 0x1,
    0xf0, 0x0, 0x30, 0xa9, 0xe7, 0x45, 0xf0, 0x0,
    0x0, 0xc7, 0xee, 0xdd, 0xd0, 0x1, 0x2, 0xf4,
    0xe4, 0x0, 0x0, 0x9, 0xff, 0xd0, 0x0, 0x0,
    0x0, 0x0, 0x22, 0x0,

    /* U+76EE "目" */
    0xef, 0xff, 0xff, 0xff, 0xf7, 0xe8, 0x44, 0x44,
    0x44, 0xe7, 0xe6, 0x0, 0x0, 0x0, 0xe7, 0xee,
    0xee, 0xee, 0xee, 0xf7, 0xe9, 0x55, 0x55, 0x55,
    0xf7, 0xe6, 0x0, 0x0, 0x0, 0xe7, 0xe8, 0x44,
    0x44, 0x44, 0xe7, 0xef, 0xff, 0xff, 0xff, 0xf7,
    0xe6, 0x0, 0x0, 0x0, 0xe7, 0xe8, 0x22, 0x22,
    0x22, 0xe7, 0xef, 0xff, 0xff, 0xff, 0xf7, 0xe7,
    0x11, 0x11, 0x11, 0xe7,

    /* U+770B "看" */
    0x0, 0x0, 0x0, 0x1, 0x24, 0x65, 0x0, 0x2,
    0xef, 0xff, 0xfe, 0xdc, 0xa8, 0x0, 0x0, 0x22,
    0x29, 0xd1, 0x11, 0x11, 0x0, 0x2, 0xee, 0xff,
    0xfe, 0xee, 0xee, 0x50, 0x5, 0x55, 0x8f, 0x75,
    0x55, 0x55, 0x50, 0x7, 0x79, 0xfa, 0x77, 0x77,
    0x77, 0x70, 0x0, 0xb, 0xfd, 0xcc, 0xcc, 0xca,
    0x0, 0x0, 0x8f, 0xe2, 0x22, 0x22, 0x9c, 0x0,
    0xb, 0xf9, 0xfe, 0xee, 0xee, 0xfc, 0x0, 0x3e,
    0x35, 0xe1, 0x11, 0x11, 0x8c, 0x0, 0x0, 0x5,
    0xfd, 0xdd, 0xdd, 0xec, 0x0, 0x0, 0x5, 0xe3,
    0x33, 0x33, 0x9c, 0x0, 0x0, 0x5, 0xfc, 0xcc,
    0xcc, 0xec, 0x0,

    /* U+771F "真" */
    0x0, 0x0, 0x0, 0x69, 0x0, 0x0, 0x0, 0x9,
    0xbb, 0xbb, 0xee, 0xbb, 0xbb, 0x90, 0x4, 0x55,
    0x55, 0xea, 0x55, 0x55, 0x40, 0x0, 0x3d, 0xdd,
    0xfe, 0xdd, 0xd3, 0x0, 0x0, 0x3f, 0x43, 0x33,
    0x34, 0xf4, 0x0, 0x0, 0x3f, 0x88, 0x88, 0x88,
    0xf4, 0x0, 0x0, 0x3f, 0xcc, 0xcc, 0xcc, 0xf4,
    0x0, 0x0, 0x3f, 0x55, 0x55, 0x55, 0xf4, 0x0,
    0x0, 0x3f, 0x66, 0x66, 0x66, 0xf4, 0x0, 0x1c,
    0xdf, 0xdc, 0xcc, 0xcd, 0xfd, 0xc2, 0x4, 0x44,
    0xb6, 0x44, 0x7b, 0x64, 0x40, 0x3, 0x8e, 0xd5,
    0x0, 0x4a, 0xfc, 0x50, 0x9, 0x94, 0x0, 0x0,
    0x0, 0x18, 0x90,

    /* U+786E "确" */
    0x0, 0x0, 0x0, 0x5, 0x60, 0x0, 0x0, 0x1f,
    0xff, 0xfa, 0xe, 0xec, 0xc8, 0x0, 0x2, 0xaa,
    0x21, 0x7c, 0x44, 0xf9, 0x0, 0x0, 0xd5, 0x4,
    0xf6, 0x27, 0xe3, 0x20, 0x2, 0xf1, 0xd, 0xff,
    0xff, 0xff, 0xf1, 0x8, 0xfc, 0xc5, 0xb8, 0xf,
    0x22, 0xf1, 0x1f, 0xe3, 0xd4, 0xbf, 0xff, 0xff,
    0xf1, 0x3e, 0xe0, 0xc4, 0xb8, 0xf, 0x33, 0xf1,
    0x5, 0xe0, 0xc4, 0xcc, 0x8f, 0x99, 0xf1, 0x3,
    0xe0, 0xc4, 0xeb, 0x9f, 0xaa, 0xf1, 0x3, 0xff,
    0xf6, 0xf1, 0xf, 0x22, 0xf1, 0x3, 0xe3, 0x39,
    0xc0, 0xf, 0x34, 0xf1, 0x1, 0x70, 0xd, 0x30,
    0x9, 0x6f, 0xc0, 0x0, 0x0, 0x0, 0x0, 0x0,
    0x0, 0x0,

    /* U+793A "示" */
    0x0, 0xdf, 0xff, 0xff, 0xff, 0xfd, 0x0, 0x0,
    0x45, 0x55, 0x55, 0x55, 0x54, 0x0, 0x0, 0x0,
    0x0, 0x0, 0x0, 0x0, 0x0, 0x5, 0x55, 0x55,
    0x55, 0x55, 0x55, 0x50, 0x1f, 0xff, 0xff, 0xff,
    0xff, 0xff, 0xf2, 0x0, 0x0, 0x0, 0xab, 0x0,
    0x0, 0x0, 0x0, 0x1c, 0x30, 0xab, 0x3, 0xb0,
    0x0, 0x0, 0x9e, 0x0, 0xab, 0x1, 0xe9, 0x0,
    0x3, 0xf6, 0x0, 0xab, 0x0, 0x5f, 0x30, 0x2e,
    0xb0, 0x0, 0xab, 0x0, 0xd, 0xb0, 0x18, 0x0,
    0x55, 0xdb, 0x0, 0x4, 0x70, 0x0, 0x0, 0xcf,
    0xd5, 0x0, 0x0, 0x0, 0x0, 0x0, 0x0, 0x0,
    0x0, 0x0, 0x0,

    /* U+79BB "离" */
    0x0, 0x0, 0x0, 0x72, 0x0, 0x0, 0x0, 0x4,
    0x44, 0x44, 0xea, 0x44, 0x44, 0x40, 0xc, 0xcc,
    0xdd, 0xcc, 0xdd, 0xcc, 0xc1, 0x0, 0x9a, 0x2c,
    0x87, 0xb2, 0x9b, 0x0, 0x0, 0x9a, 0x17, 0xed,
    0x91, 0x9b, 0x0, 0x0, 0x9a, 0x88, 0x21, 0x67,
    0xab, 0x0, 0x0, 0x9f, 0xff, 0xff, 0xff, 0xfa,
    0x0, 0x1, 0x22, 0x22, 0xe9, 0x22, 0x22, 0x10,
    0x7, 0xff, 0xff, 0xff, 0xff, 0xff, 0x90, 0x7,
    0xc0, 0x3f, 0x30, 0xc4, 0xb, 0x90, 0x7, 0xc1,
    0xed, 0xac, 0xee, 0x1b, 0x90, 0x7, 0xc0, 0x86,
    0x42, 0x15, 0x1b, 0x90, 0x7, 0xc0, 0x0, 0x0,
    0x9, 0xfe, 0x40,

    /* U+79FB "移" */
    0x0, 0x0, 0x40, 0x0, 0x16, 0x10, 0x0, 0x6,
    0xae, 0xf6, 0x1, 0xde, 0x33, 0x10, 0x7, 0x8f,
    0x20, 0x5e, 0xed, 0xdf, 0xa0, 0x0, 0x1f, 0x13,
    0xd9, 0x82, 0xad, 0x0, 0x2f, 0xff, 0xfb, 0x1,
    0xdf, 0xb1, 0x0, 0x3, 0xaf, 0x64, 0x8e, 0xfc,
    0xb0, 0x0, 0x0, 0xdf, 0xc2, 0xe8, 0x4f, 0xc3,
    0x30, 0x3, 0xff, 0xd8, 0x2, 0xee, 0xde, 0xf6,
    0xb, 0x9f, 0x45, 0x7f, 0xa0, 0x8, 0xd0, 0x2f,
    0x2f, 0x10, 0xa5, 0xac, 0x7f, 0x40, 0x5, 0x1f,
    0x10, 0x0, 0x1e, 0xf4, 0x0, 0x0, 0x1f, 0x10,
    0x49, 0xfb, 0x20, 0x0, 0x0, 0x1f, 0x16, 0xe9,
    0x30, 0x0, 0x0, 0x0, 0x0, 0x0, 0x0, 0x0,
    0x0, 0x0,

    /* U+7A0D "稍" */
    0x0, 0x27, 0xc1, 0x41, 0xe, 0x40, 0x62, 0xd,
    0xff, 0x81, 0xaa, 0xe, 0x42, 0xf4, 0x2, 0x2f,
    0x0, 0x2f, 0x2e, 0x4a, 0xb0, 0x0, 0x2f, 0x0,
    0x5, 0xe, 0x44, 0x20, 0x2f, 0xff, 0xf9, 0xaf,
    0xff, 0xff, 0xf1, 0x3, 0xbf, 0x52, 0xa9, 0x33,
    0x34, 0xf1, 0x0, 0xef, 0xa0, 0xa9, 0x22, 0x23,
    0xf1, 0x4, 0xff, 0xc5, 0xaf, 0xff, 0xff, 0xf1,
    0xd, 0xaf, 0x32, 0xa8, 0x0, 0x1, 0xf1, 0x2e,
    0x3f, 0x0, 0xaf, 0xff, 0xff, 0xf1, 0x2, 0x2f,
    0x0, 0xa9, 0x22, 0x23, 0xf1, 0x0, 0x2f, 0x0,
    0xa8, 0x0, 0x46, 0xf1, 0x0, 0x2f, 0x0, 0xa8,
    0x0, 0xbd, 0x90,

    /* U+7A33 "稳" */
    0x0, 0x15, 0x90, 0xc, 0x50, 0x0, 0x0, 0xc,
    0xff, 0x91, 0x7f, 0xff, 0xf5, 0x0, 0x3, 0x6e,
    0x7, 0xe3, 0x14, 0xe1, 0x0, 0x0, 0x4e, 0xd,
    0xec, 0xce, 0xec, 0x30, 0x2f, 0xff, 0xf7, 0x44,
    0x44, 0x4f, 0x40, 0x3, 0xbf, 0x43, 0xcc, 0xcc,
    0xcf, 0x40, 0x0, 0xff, 0xb0, 0x33, 0x33, 0x3f,
    0x40, 0x6, 0xfe, 0xdb, 0xdd, 0xdd, 0xdf, 0x40,
    0xe, 0x9e, 0x32, 0x33, 0x77, 0x33, 0x0, 0x5d,
    0x4e, 0x7, 0x4b, 0x5e, 0x19, 0x40, 0x3, 0x4e,
    0x1f, 0x4f, 0x6, 0x59, 0xc0, 0x0, 0x4e, 0x7b,
    0x2f, 0x54, 0xb8, 0xf2, 0x0, 0x4e, 0x1, 0x9,
    0xbb, 0x91, 0x0,

    /* U+7A3F "稿" */
    0x0, 0x0, 0x30, 0x0, 0x26, 0x0, 0x0, 0x8,
    0xbf, 0xf5, 0x22, 0x4e, 0x22, 0x20, 0x8, 0x8f,
    0x16, 0xff, 0xff, 0xff, 0xf4, 0x0, 0x2f, 0x0,
    0x37, 0x77, 0x77, 0x20, 0x1d, 0xdf, 0xd9, 0x6e,
    0x44, 0x4e, 0x40, 0x3, 0xaf, 0x52, 0x6f, 0xcc,
    0xcf, 0x40, 0x0, 0xdf, 0xd1, 0x23, 0x33, 0x33,
    0x20, 0x3, 0xff, 0xbd, 0xff, 0xff, 0xff, 0xf2,
    0xc, 0xaf, 0x37, 0xf2, 0x22, 0x22, 0xf2, 0x4f,
    0x4f, 0x5, 0xe2, 0xfd, 0xf3, 0xf2, 0x16, 0x2f,
    0x5, 0xe2, 0xc0, 0xd3, 0xf2, 0x0, 0x2f, 0x5,
    0xe2, 0xdd, 0xe3, 0xf2, 0x0, 0x2f, 0x5, 0xe0,
    0x0, 0xf, 0xd0,

    /* U+7ACB "立" */
    0x0, 0x0, 0x0, 0xa4, 0x0, 0x0, 0x0, 0x0,
    0x0, 0x0, 0xd9, 0x0, 0x0, 0x0, 0x1, 0x22,
    0x22, 0x99, 0x22, 0x22, 0x20, 0x9, 0xff, 0xff,
    0xff, 0xff, 0xff, 0xa0, 0x1, 0x12, 0x41, 0x11,
    0x14, 0x31, 0x10, 0x0, 0xa, 0xb0, 0x0, 0xb,
    0xc0, 0x0, 0x0, 0x6, 0xf0, 0x0, 0xf, 0x80,
    0x0, 0x0, 0x2, 0xf4, 0x0, 0x3f, 0x30, 0x0,
    0x0, 0x0, 0xe8, 0x0, 0x8d, 0x0, 0x0, 0x0,
    0x0, 0xbb, 0x0, 0xd8, 0x0, 0x0, 0x0, 0x0,
    0x44, 0x3, 0xf2, 0x0, 0x0, 0x3f, 0xff, 0xff,
    0xff, 0xff, 0xff, 0xf3, 0x15, 0x55, 0x55, 0x55,
    0x55, 0x55, 0x51,

    /* U+7ADE "竞" */
    0x0, 0x0, 0x0, 0x0, 0x0, 0x0, 0x0, 0x0,
    0x0, 0x0, 0xa8, 0x0, 0x0, 0x0, 0x7, 0xee,
    0xee, 0xff, 0xee, 0xee, 0x70, 0x1, 0x26, 0xb2,
    0x22, 0x2c, 0x62, 0x10, 0x1, 0x15, 0xf3, 0x11,
    0x3f, 0x41, 0x10, 0x2f, 0xff, 0xff, 0xff, 0xff,
    0xff, 0xf2, 0x1, 0x23, 0x33, 0x33, 0x33, 0x32,
    0x10, 0x0, 0x5f, 0xff, 0xff, 0xff, 0xf6, 0x0,
    0x0, 0x5d, 0x0, 0x0, 0x0, 0xe6, 0x0, 0x0,
    0x5f, 0xff, 0xff, 0xff, 0xf6, 0x0, 0x0, 0x1,
    0x6f, 0x25, 0xf2, 0x10, 0x0, 0x0, 0x0, 0xca,
    0x3, 0xf1, 0x0, 0xc2, 0x1, 0x6d, 0xe1, 0x3,
    0xf4, 0x23, 0xf2, 0x2f, 0xd8, 0x0, 0x0, 0xcf,
    0xff, 0xb0, 0x1, 0x0, 0x0, 0x0, 0x0, 0x0,
    0x0,

    /* U+7B56 "策" */
    0x0, 0x0, 0x0, 0x0, 0x0, 0x0, 0x0, 0x0,
    0x99, 0x0, 0x3, 0xe2, 0x0, 0x0, 0x2, 0xfe,
    0xcc, 0xac, 0xfc, 0xcc, 0xc2, 0xd, 0xba, 0xd4,
    0xaf, 0x6b, 0xd4, 0x40, 0x2b, 0x3, 0xc0, 0xbc,
    0x3, 0xc0, 0x0, 0xe, 0xee, 0xee, 0xff, 0xee,
    0xee, 0xe0, 0x3, 0x33, 0x33, 0xad, 0x33, 0x33,
    0x30, 0x0, 0xee, 0xee, 0xff, 0xee, 0xee, 0x30,
    0x0, 0xf6, 0x22, 0xad, 0x22, 0x3f, 0x30, 0x0,
    0xf4, 0x0, 0xbd, 0x0, 0x2f, 0x30, 0x0, 0xf4,
    0x1b, 0xff, 0xc6, 0xfc, 0x10, 0x0, 0x28, 0xea,
    0xad, 0x8f, 0x94, 0x0, 0x1c, 0xfd, 0x50, 0x9c,
    0x3, 0xbf, 0xe3, 0x6, 0x30, 0x0, 0x9c, 0x0,
    0x1, 0x60,

    /* U+7BA1 "管" */
    0x0, 0x0, 0x0, 0x0, 0x0, 0x0, 0x0, 0x1e,
    0x30, 0x0, 0x2e, 0x20, 0x0, 0x8, 0xfe, 0xee,
    0x89, 0xfe, 0xee, 0xd2, 0xf5, 0x6e, 0x2, 0xf4,
    0x6e, 0x10, 0x38, 0x0, 0x81, 0xe6, 0x0, 0x81,
    0x0, 0xdf, 0xff, 0xff, 0xff, 0xff, 0xf9, 0xe,
    0x73, 0x33, 0x33, 0x33, 0x3b, 0xa0, 0x77, 0xfe,
    0xee, 0xee, 0xfe, 0x54, 0x0, 0x4f, 0x0, 0x0,
    0x5, 0xe0, 0x0, 0x4, 0xfe, 0xee, 0xee, 0xed,
    0x0, 0x0, 0x4f, 0x22, 0x22, 0x22, 0x21, 0x0,
    0x4, 0xfc, 0xcc, 0xcc, 0xce, 0xa0, 0x0, 0x4f,
    0x11, 0x11, 0x11, 0xaa, 0x0, 0x4, 0xfe, 0xee,
    0xee, 0xef, 0xa0,

    /* U+7CBE "精" */
    0x0, 0x0, 0x0, 0x0, 0x0, 0x0, 0x0, 0x0,
    0x4d, 0x0, 0x0, 0xd, 0x50, 0x0, 0xd, 0x4d,
    0x5c, 0x9d, 0xdf, 0xed, 0xd5, 0xb, 0x8d, 0x87,
    0x23, 0x3e, 0x83, 0x31, 0x8, 0xbe, 0xd1, 0x5e,
    0xef, 0xfe, 0xe1, 0x5, 0x8e, 0x71, 0x55, 0x5e,
    0x95, 0x54, 0x2e, 0xff, 0xe5, 0x88, 0x88, 0x88,
    0x86, 0x0, 0xbf, 0x30, 0x3c, 0xcc, 0xcc, 0xb0,
    0x1, 0xff, 0xe1, 0x3f, 0x22, 0x26, 0xe0, 0x7,
    0xed, 0xc9, 0x3f, 0xee, 0xee, 0xe0, 0x1e, 0x8d,
    0x43, 0x3f, 0x11, 0x15, 0xe0, 0x2c, 0x4d, 0x0,
    0x3f, 0xdd, 0xde, 0xe0, 0x1, 0x4d, 0x0, 0x3f,
    0x0, 0x5, 0xe0, 0x0, 0x4d, 0x0, 0x3f, 0x0,
    0xaf, 0x90, 0x0, 0x0, 0x0, 0x0, 0x0, 0x0,
    0x0,

    /* U+7CFB "系" */
    0x0, 0x0, 0x12, 0x35, 0x8b, 0x80, 0x3, 0xde,
    0xff, 0xff, 0xdb, 0x85, 0x0, 0x5, 0x44, 0xea,
    0x0, 0x30, 0x0, 0x0, 0x3, 0xe7, 0x0, 0x7f,
    0x70, 0x0, 0x6, 0xff, 0xde, 0xfe, 0x50, 0x0,
    0x0, 0x26, 0x4b, 0xfb, 0x15, 0xa0, 0x0, 0x0,
    0x5d, 0xd4, 0x1, 0x3f, 0x90, 0x2, 0xdf, 0xfe,
    0xff, 0xfe, 0xdf, 0x60, 0x8, 0x65, 0x38, 0xe0,
    0x0, 0x5b, 0x0, 0xa, 0xd0, 0x6e, 0xb, 0xc1,
    0x0, 0xa, 0xf3, 0x6, 0xe0, 0x1c, 0xe2, 0xa,
    0xe3, 0x13, 0x9e, 0x0, 0xb, 0xe0, 0x1, 0x3,
    0xfe, 0x80, 0x0, 0x1, 0x0,

    /* U+7D22 "索" */
    0x0, 0x0, 0x0, 0x7e, 0x0, 0x0, 0x0, 0xb,
    0xcc, 0xcc, 0xef, 0xcc, 0xcc, 0xb0, 0x4, 0x55,
    0x55, 0xae, 0x55, 0x55, 0x40, 0x2, 0x22, 0x22,
    0x8e, 0x22, 0x22, 0x20, 0x1f, 0xff, 0xff, 0xff,
    0xff, 0xff, 0xf1, 0x1f, 0x20, 0x2b, 0xc2, 0x5,
    0x2, 0xf1, 0x9, 0x4a, 0xfa, 0x56, 0xd9, 0x11,
    0x91, 0x0, 0x38, 0xae, 0xd6, 0x4, 0xb1, 0x0,
    0x3, 0x9d, 0xfd, 0xab, 0xcc, 0xfd, 0x20, 0x4,
    0xa8, 0x76, 0x7f, 0x43, 0x18, 0x90, 0x0, 0xa,
    0xd0, 0x2f, 0x1b, 0xd3, 0x0, 0x6, 0xec, 0x22,
    0x5f, 0x10, 0x8f, 0x60, 0x8, 0x60, 0x1f, 0xfa,
    0x0, 0x4, 0x80,

    /* U+7EA7 "级" */
    0x0, 0x1b, 0x10, 0x0, 0x0, 0x0, 0x0, 0x0,
    0x7d, 0x5, 0xff, 0xff, 0xfb, 0x0, 0x0, 0xd5,
    0x1, 0x3f, 0x73, 0xe7, 0x0, 0x6, 0xc0, 0xa4,
    0xf, 0x41, 0xf2, 0x0, 0x2e, 0x87, 0xf1, 0x1f,
    0x35, 0xf2, 0x10, 0x5f, 0xdf, 0x60, 0x2f, 0x49,
    0xff, 0xe0, 0x0, 0x9b, 0x0, 0x4f, 0xa0, 0xa,
    0x90, 0x6, 0xf9, 0xc5, 0x7e, 0xf2, 0xf, 0x40,
    0x4f, 0xfa, 0x50, 0xa9, 0x9b, 0x8d, 0x0, 0x15,
    0x0, 0x54, 0xf5, 0x1f, 0xf4, 0x0, 0x3, 0x9e,
    0xeb, 0xf1, 0x2e, 0xf6, 0x0, 0x3f, 0xb5, 0x1e,
    0x95, 0xeb, 0x6f, 0x91, 0x2, 0x0, 0x3d, 0x2d,
    0x80, 0x3, 0xd2, 0x0, 0x0, 0x0, 0x0, 0x0,
    0x0, 0x0,

    /* U+7EBF "线" */
    0x0, 0xb, 0x20, 0x0, 0xf5, 0x83, 0x0, 0x0,
    0x5e, 0x10, 0x0, 0xe5, 0x6f, 0x20, 0x0, 0xc7,
    0x0, 0x0, 0xe8, 0x59, 0x60, 0x5, 0xd0, 0xa6,
    0xad, 0xff, 0xdb, 0x60, 0x2e, 0xb8, 0xf2, 0x65,
    0xd8, 0x0, 0x0, 0x2d, 0xbf, 0x60, 0x0, 0xbb,
    0x8b, 0xe0, 0x0, 0x9b, 0x2, 0xcf, 0xff, 0xa7,
    0x40, 0x6, 0xf8, 0x95, 0x74, 0x7e, 0x5, 0xd0,
    0x2f, 0xfc, 0x82, 0x0, 0x2f, 0x5f, 0x60, 0x3,
    0x0, 0x11, 0x0, 0xf, 0xf8, 0x0, 0x3, 0x7c,
    0xf7, 0x2, 0xbf, 0xd0, 0x51, 0x2f, 0xc6, 0x14,
    0xbf, 0x94, 0xf8, 0xc4, 0x1, 0x0, 0x2, 0x91,
    0x0, 0x5e, 0xc0,

    /* U+7ECF "经" */
    0x0, 0x18, 0x0, 0x0, 0x0, 0x0, 0x0, 0x0,
    0x8d, 0x2, 0xff, 0xff, 0xff, 0x30, 0x0, 0xe4,
    0x0, 0x22, 0x23, 0xec, 0x0, 0x9, 0xb0, 0x94,
    0x0, 0x1c, 0xd1, 0x0, 0x5f, 0x89, 0xf2, 0x17,
    0xef, 0xb2, 0x0, 0x6c, 0xcf, 0x58, 0xfd, 0x52,
    0x9f, 0xb1, 0x0, 0xd8, 0x7, 0x50, 0x0, 0x2,
    0x90, 0x1b, 0xf9, 0xc4, 0xee, 0xee, 0xee, 0x80,
    0x7f, 0xd9, 0x61, 0x44, 0x9e, 0x44, 0x20, 0x12,
    0x0, 0x0, 0x0, 0x6d, 0x0, 0x0, 0x0, 0x37,
    0xb2, 0x0, 0x6d, 0x0, 0x0, 0x6f, 0xfc, 0x74,
    0x33, 0x8e, 0x33, 0x31, 0x35, 0x10, 0xe, 0xff,
    0xff, 0xff, 0xf4,

    /* U+7ED3 "结" */
    0x0, 0x2b, 0x20, 0x0, 0x2f, 0x20, 0x0, 0x0,
    0x9f, 0x0, 0x0, 0x2f, 0x20, 0x0, 0x1, 0xf8,
    0x3, 0xff, 0xff, 0xff, 0xf3, 0x9, 0xe0, 0x86,
    0x44, 0x7f, 0x64, 0x41, 0x5f, 0xa7, 0xf4, 0x0,
    0x2f, 0x20, 0x0, 0x4c, 0xbf, 0x90, 0xdf, 0xff,
    0xff, 0xe0, 0x0, 0xad, 0x0, 0x34, 0x44, 0x44,
    0x30, 0x7, 0xf6, 0x66, 0x13, 0x33, 0x33, 0x20,
    0x4f, 0xfe, 0xb6, 0x8f, 0xff, 0xff, 0x90, 0x5,
    0x10, 0x0, 0x8b, 0x0, 0xa, 0x90, 0x13, 0x69,
    0xba, 0x8b, 0x0, 0xa, 0x90, 0x6f, 0xd9, 0x62,
    0x8f, 0xee, 0xef, 0x90, 0x0, 0x0, 0x0, 0x8c,
    0x44, 0x4b, 0x90,

    /* U+7EDF "统" */
    0x0, 0x3b, 0x10, 0x0, 0x97, 0x0, 0x0, 0x0,
    0xad, 0x0, 0x0, 0x7d, 0x0, 0x0, 0x1, 0xf5,
    0x7, 0xff, 0xff, 0xff, 0xf1, 0x9, 0xc1, 0xd4,
    0x38, 0xf5, 0x44, 0x30, 0x4f, 0x8a, 0xe0, 0x1e,
    0x70, 0xaa, 0x0, 0x7f, 0xef, 0x62, 0xce, 0x45,
    0x9f, 0x50, 0x0, 0xcb, 0xa, 0xff, 0xed, 0xbc,
    0xd0, 0x8, 0xf6, 0x83, 0x4c, 0x16, 0x80, 0x60,
    0x6f, 0xfe, 0xa0, 0x3f, 0x8, 0xc0, 0x0, 0x26,
    0x20, 0x0, 0x5e, 0x8, 0xc0, 0x0, 0x1, 0x5a,
    0xf2, 0xba, 0x8, 0xc0, 0xc2, 0x6f, 0xe9, 0x48,
    0xf3, 0x8, 0xd2, 0xf2, 0x24, 0x0, 0x6e, 0x50,
    0x4, 0xff, 0xc0, 0x0, 0x0, 0x1, 0x0, 0x0,
    0x0, 0x0,

    /* U+7EE7 "继" */
    0x0, 0x0, 0x0, 0x0, 0x0, 0x0, 0x0, 0x0,
    0x4a, 0x0, 0x0, 0x2, 0xe0, 0x0, 0x0, 0x9e,
    0x4, 0xe2, 0x32, 0xe0, 0x61, 0x0, 0xf6, 0x4,
    0xe4, 0xb2, 0xe2, 0xe0, 0x6, 0xd0, 0x55, 0xe0,
    0xe3, 0xe7, 0x70, 0x1e, 0x63, 0xf6, 0xe2, 0x55,
    0xf5, 0x41, 0x5f, 0xff, 0x64, 0xea, 0xef, 0xfe,
    0xe6, 0x2, 0x8a, 0x4, 0xe0, 0xd, 0xf9, 0x0,
    0x5, 0xf5, 0x75, 0xe0, 0x9b, 0xea, 0x80, 0x3f,
    0xeb, 0x85, 0xe7, 0xd3, 0xe0, 0xd3, 0x1, 0x0,
    0x15, 0xe3, 0x12, 0xe0, 0x10, 0x17, 0xad, 0xf8,
    0xe0, 0x1, 0x70, 0x0, 0x3c, 0x84, 0x4, 0xfe,
    0xee, 0xee, 0xe8, 0x0, 0x0, 0x0, 0x33, 0x33,
    0x33, 0x32,

    /* U+7EED "续" */
    0x0, 0x1b, 0x10, 0x0, 0x6d, 0x0, 0x0, 0x0,
    0x7e, 0x0, 0x45, 0x9e, 0x55, 0x20, 0x0, 0xe7,
    0x0, 0xac, 0xdf, 0xcc, 0x40, 0x6, 0xe0, 0x61,
    0x22, 0x8d, 0x22, 0x20, 0x2f, 0x75, 0xd6, 0xff,
    0xff, 0xff, 0xe0, 0x3c, 0xbf, 0x30, 0x2c, 0x3f,
    0x28, 0x80, 0x0, 0xb7, 0x2, 0xa4, 0x7f, 0x22,
    0x10, 0x8, 0xfb, 0xe0, 0x6a, 0x2f, 0x10, 0x0,
    0x3f, 0xb6, 0x29, 0xdd, 0xef, 0xdd, 0xd1, 0x1,
    0x3, 0x82, 0x44, 0xea, 0x64, 0x40, 0x17, 0xdf,
    0x90, 0xa, 0xe3, 0xe8, 0x0, 0x3c, 0x60, 0x4,
    0xde, 0x20, 0x2d, 0xb0, 0x0, 0x0, 0x8, 0x81,
    0x0, 0x1, 0xa1,

    /* U+7EF4 "维" */
    0x0, 0x8, 0x10, 0x3, 0x72, 0x60, 0x0, 0x0,
    0x3f, 0x10, 0xa, 0xb3, 0xf2, 0x0, 0x0, 0x99,
    0x0, 0xf, 0x83, 0xc6, 0x31, 0x1, 0xe1, 0x65,
    0x7f, 0xff, 0xff, 0xf6, 0xa, 0x92, 0xe6, 0xfe,
    0x1, 0xf1, 0x0, 0x2f, 0xff, 0xa8, 0xff, 0x56,
    0xf6, 0x50, 0x3, 0x5e, 0x12, 0x6f, 0xdd, 0xfd,
    0xd0, 0x3, 0xe7, 0x53, 0x4e, 0x1, 0xf1, 0x0,
    0xf, 0xfd, 0xa3, 0x4f, 0xff, 0xff, 0xf1, 0x3,
    0x0, 0x0, 0x4f, 0x34, 0xf4, 0x30, 0x0, 0x47,
    0xbb, 0x4e, 0x1, 0xf2, 0x0, 0xf, 0xfb, 0x73,
    0x4f, 0xff, 0xff, 0xf9, 0x3, 0x0, 0x0, 0x4e,
    0x22, 0x22, 0x21,

    /* U+7F16 "编" */
    0x0, 0x26, 0x0, 0x0, 0x28, 0x0, 0x0, 0x0,
    0x8c, 0x0, 0x11, 0x3f, 0x51, 0x10, 0x0, 0xe4,
    0x4, 0xff, 0xff, 0xff, 0xe0, 0x6, 0xb0, 0x84,
    0xe0, 0x0, 0x4, 0xe0, 0x2e, 0x79, 0xb4, 0xfd,
    0xdd, 0xde, 0xe0, 0x4e, 0xdf, 0x14, 0xe1, 0x11,
    0x11, 0x10, 0x0, 0xc6, 0x5, 0xff, 0xff, 0xff,
    0xf1, 0x7, 0xe7, 0x76, 0xfe, 0x2c, 0x85, 0xe1,
    0x3f, 0xfb, 0x68, 0xde, 0xc, 0x74, 0xe1, 0x4,
    0x0, 0x3b, 0xaf, 0xff, 0xff, 0xf1, 0x3, 0x9f,
    0xaf, 0x7e, 0x1c, 0x85, 0xe1, 0x5f, 0x92, 0x6d,
    0x3e, 0xc, 0x74, 0xe1, 0x0, 0x0, 0x46, 0x3e,
    0x6, 0x39, 0xd0, 0x0, 0x0, 0x0, 0x0, 0x0,
    0x0, 0x0,

    /* U+7F29 "缩" */
    0x0, 0x13, 0x0, 0x0, 0x53, 0x0, 0x0, 0x0,
    0x8d, 0x3, 0x33, 0xbc, 0x33, 0x30, 0x0, 0xe5,
    0xe, 0xed, 0xdd, 0xdd, 0xf2, 0x7, 0xc1, 0x3e,
    0x60, 0x0, 0x0, 0xf2, 0x2f, 0x7a, 0xb2, 0xea,
    0xff, 0xff, 0xf0, 0x5d, 0xde, 0x14, 0xe0, 0x19,
    0xb1, 0x10, 0x0, 0xd5, 0xc, 0xd2, 0xdf, 0xed,
    0xa0, 0x8, 0xe9, 0xbf, 0xd2, 0xe2, 0x27, 0xc0,
    0x4f, 0xfb, 0x67, 0xd2, 0xe1, 0x16, 0xc0, 0x14,
    0x0, 0x23, 0xd2, 0xff, 0xff, 0xc0, 0x5, 0x9e,
    0xb3, 0xd2, 0xe0, 0x5, 0xc0, 0x5e, 0x82, 0x3,
    0xd2, 0xfc, 0xcd, 0xc0, 0x0, 0x0, 0x3, 0xd2,
    0xe3, 0x37, 0xb0,

    /* U+7F6E "置" */
    0x5, 0xfe, 0xef, 0xee, 0xfe, 0xef, 0x70, 0x5,
    0xe0, 0x3f, 0x0, 0xf3, 0xc, 0x70, 0x5, 0xdd,
    0xdd, 0xff, 0xdd, 0xdd, 0x60, 0x7, 0x77, 0x77,
    0xeb, 0x77, 0x77, 0x60, 0x5, 0x55, 0x56, 0xf7,
    0x55, 0x55, 0x50, 0x0, 0x6f, 0xdd, 0xdd, 0xdd,
    0xf6, 0x0, 0x0, 0x6e, 0x66, 0x66, 0x66, 0xf6,
    0x0, 0x0, 0x6e, 0x44, 0x44, 0x44, 0xe6, 0x0,
    0x0, 0x6f, 0xbb, 0xbb, 0xbb, 0xf6, 0x0, 0x0,
    0x6e, 0x88, 0x88, 0x88, 0xf6, 0x0, 0x0, 0x6d,
    0x44, 0x44, 0x44, 0xe6, 0x0, 0x2e, 0xee, 0xee,
    0xee, 0xee, 0xee, 0xe3,

    /* U+8017 "耗" */
    0x0, 0xf, 0x20, 0x0, 0x0, 0x5a, 0x0, 0x2,
    0x2f, 0x42, 0x0, 0x5c, 0xfb, 0x10, 0x3f, 0xff,
    0xfd, 0x8e, 0xff, 0x30, 0x0, 0x0, 0xf, 0x20,
    0x44, 0x5e, 0x0, 0x0, 0xd, 0xff, 0xfb, 0x2,
    0x8f, 0x9c, 0x90, 0x1, 0x1f, 0x30, 0x8d, 0xdf,
    0x75, 0x20, 0x7e, 0xef, 0xee, 0x10, 0x5e, 0x0,
    0x0, 0x13, 0xbf, 0xb3, 0x24, 0x9f, 0xbe, 0xf2,
    0x3, 0xff, 0xf5, 0xef, 0xef, 0x85, 0x30, 0x1e,
    0x9f, 0x7e, 0x20, 0x5e, 0x0, 0x0, 0x8d, 0x1f,
    0x23, 0x0, 0x5e, 0x0, 0xc3, 0x12, 0xf, 0x20,
    0x0, 0x4f, 0x22, 0xe3, 0x0, 0xf, 0x20, 0x0,
    0x1d, 0xff, 0xc0,

    /* U+8054 "联" */
    0x0, 0x0, 0x0, 0x2, 0x0, 0x3, 0x0, 0x4f,
    0xff, 0xff, 0x1e, 0x60, 0x4f, 0x30, 0xb, 0x92,
    0xc8, 0x5, 0xe0, 0xc9, 0x0, 0x9, 0x91, 0xb6,
    0x7b, 0xdc, 0xfc, 0xa0, 0x9, 0xff, 0xf6, 0x47,
    0x8f, 0x87, 0x60, 0x9, 0x80, 0xb6, 0x0, 0x2f,
    0x10, 0x0, 0x9, 0xa3, 0xc6, 0x22, 0x5f, 0x42,
    0x21, 0x9, 0xfd, 0xf6, 0xef, 0xff, 0xff, 0xf5,
    0x9, 0x80, 0xb6, 0x0, 0x7f, 0x50, 0x0, 0xa,
    0xa5, 0xdd, 0x60, 0xdf, 0xd0, 0x0, 0x5f, 0xeb,
    0xea, 0x27, 0xf2, 0xe8, 0x0, 0x1, 0x0, 0xb6,
    0x7f, 0x60, 0x3f, 0x91, 0x0, 0x0, 0xb9, 0xe6,
    0x0, 0x2, 0xb2, 0x0, 0x0, 0x0, 0x0, 0x0,
    0x0, 0x0,

    /* U+80CC "背" */
    0x0, 0x0, 0x7d, 0x6, 0xe0, 0x3, 0x0, 0xb,
    0xdd, 0xed, 0x6, 0xf8, 0xde, 0x50, 0x2, 0x22,
    0x9d, 0x6, 0xf8, 0x40, 0x0, 0x4, 0x68, 0xdd,
    0x6, 0xf0, 0x0, 0xe1, 0x1d, 0xa7, 0xad, 0x3,
    0xff, 0xff, 0xd0, 0x0, 0x0, 0x24, 0x0, 0x13,
    0x32, 0x0, 0x0, 0x5f, 0xee, 0xee, 0xee, 0xf6,
    0x0, 0x0, 0x5f, 0x0, 0x0, 0x0, 0xe6, 0x0,
    0x0, 0x5f, 0xee, 0xee, 0xee, 0xf6, 0x0, 0x0,
    0x5f, 0x0, 0x0, 0x0, 0xe6, 0x0, 0x0, 0x5f,
    0xee, 0xee, 0xee, 0xf6, 0x0, 0x0, 0x5f, 0x0,
    0x0, 0x22, 0xf6, 0x0, 0x0, 0x5f, 0x0, 0x0,
    0xcf, 0xd2, 0x0,

    /* U+80FD "能" */
    0x0, 0x0, 0x0, 0x0, 0x0, 0x0, 0x0, 0x3e,
    0x40, 0x0, 0xd6, 0x0, 0x0, 0xb, 0xb0, 0xe4,
    0xd, 0x62, 0x9b, 0x7, 0xf4, 0x3a, 0xd0, 0xde,
    0xfa, 0x30, 0xcf, 0xed, 0xcf, 0x5d, 0x80, 0x2,
    0x21, 0x0, 0x0, 0x30, 0xd6, 0x0, 0x7b, 0x5f,
    0xff, 0xfe, 0xa, 0xff, 0xff, 0x65, 0xd1, 0x17,
    0xe0, 0x54, 0x33, 0x20, 0x5f, 0xdd, 0xee, 0xd,
    0x60, 0x37, 0x5, 0xd2, 0x27, 0xe0, 0xda, 0xcf,
    0x91, 0x5f, 0xdd, 0xee, 0xd, 0xc5, 0x0, 0x5,
    0xd2, 0x27, 0xe0, 0xd6, 0x0, 0x4b, 0x5d, 0x2,
    0x8e, 0xd, 0x93, 0x39, 0xc5, 0xd0, 0xce, 0x80,
    0x6d, 0xee, 0xd4,

    /* U+81EA "自" */
    0x0, 0x0, 0xc5, 0x0, 0x0, 0x0, 0x3, 0xf3,
    0x0, 0x0, 0xef, 0xff, 0xff, 0xff, 0xfe, 0xe9,
    0x44, 0x44, 0x44, 0x9e, 0xe6, 0x0, 0x0, 0x0,
    0x7e, 0xef, 0xff, 0xff, 0xff, 0xfe, 0xe8, 0x33,
    0x33, 0x33, 0x9e, 0xe6, 0x0, 0x0, 0x0, 0x7e,
    0xef, 0xff, 0xff, 0xff, 0xfe, 0xe8, 0x33, 0x33,
    0x33, 0x9e, 0xe6, 0x0, 0x0, 0x0, 0x7e, 0xef,
    0xff, 0xff, 0xff, 0xfe, 0xe8, 0x33, 0x33, 0x33,
    0x8d,

    /* U+822A "航" */
    0x0, 0x6, 0x30, 0x0, 0x18, 0x0, 0x0, 0x0,
    0xf, 0x40, 0x0, 0xf, 0x40, 0x0, 0x5, 0xef,
    0xed, 0x24, 0x4c, 0x84, 0x41, 0x5, 0xc5, 0x4f,
    0x8d, 0xdd, 0xdd, 0xd5, 0x5, 0xcc, 0x4f, 0x0,
    0x11, 0x11, 0x0, 0x5, 0xc4, 0x5f, 0x4, 0xfd,
    0xef, 0x0, 0x4f, 0xff, 0xff, 0x4, 0xd0, 0x3f,
    0x0, 0x7, 0xc5, 0x3f, 0x5, 0xd0, 0x3f, 0x0,
    0x7, 0xad, 0x3f, 0x6, 0xc0, 0x3f, 0x0, 0x8,
    0x96, 0x8f, 0x8, 0xa0, 0x3f, 0x0, 0xa, 0x70,
    0x1f, 0xb, 0x80, 0x3f, 0x29, 0xe, 0x40, 0x3f,
    0x3f, 0x30, 0x3f, 0x59, 0x3e, 0x5, 0xfb, 0xaa,
    0x0, 0x1d, 0xe4, 0x0, 0x0, 0x0, 0x0, 0x0,
    0x0, 0x0,

    /* U+8272 "色" */
    0x0, 0x0, 0x52, 0x0, 0x0, 0x0, 0x0, 0x0,
    0x5f, 0x95, 0x55, 0x0, 0x0, 0x0, 0x2f, 0xdc,
    0xce, 0xf3, 0x0, 0x0, 0x4e, 0xb0, 0x2, 0xe6,
    0x0, 0x0, 0x6f, 0xff, 0xff, 0xff, 0xff, 0xf5,
    0x3, 0x8e, 0x83, 0x3f, 0x83, 0x3f, 0x50, 0x0,
    0xe5, 0x0, 0xe5, 0x0, 0xe5, 0x0, 0xe, 0x96,
    0x6f, 0x96, 0x6f, 0x50, 0x0, 0xee, 0xdd, 0xdd,
    0xdd, 0xf5, 0x0, 0xe, 0x50, 0x0, 0x0, 0x1,
    0x41, 0x0, 0xe5, 0x0, 0x0, 0x0, 0xa, 0xa0,
    0xc, 0xb3, 0x33, 0x33, 0x35, 0xe6, 0x0, 0x4d,
    0xff, 0xff, 0xff, 0xea, 0x0,

    /* U+8282 "节" */
    0x0, 0x1, 0xf4, 0x0, 0x3f, 0x10, 0x0, 0x18,
    0x88, 0xfa, 0x88, 0xaf, 0x98, 0x81, 0x2b, 0xbc,
    0xfc, 0xbb, 0xcf, 0xcb, 0xb2, 0x0, 0x1, 0xf4,
    0x0, 0x3f, 0x10, 0x0, 0x0, 0x0, 0x30, 0x0,
    0x3, 0x0, 0x0, 0x9, 0xff, 0xff, 0xff, 0xff,
    0xfe, 0x0, 0x2, 0x44, 0x5f, 0x74, 0x44, 0x9f,
    0x0, 0x0, 0x0, 0x1f, 0x40, 0x0, 0x6f, 0x0,
    0x0, 0x0, 0x1f, 0x40, 0x0, 0x6f, 0x0, 0x0,
    0x0, 0x1f, 0x40, 0x10, 0x7f, 0x0, 0x0, 0x0,
    0x1f, 0x40, 0xbf, 0xfb, 0x0, 0x0, 0x0, 0x1f,
    0x40, 0x24, 0x30, 0x0, 0x0, 0x0, 0x1f, 0x40,
    0x0, 0x0, 0x0,

    /* U+8350 "荐" */
    0x0, 0x2, 0xf1, 0x0, 0xf, 0x20, 0x0, 0x3f,
    0xff, 0xff, 0xff, 0xff, 0xff, 0xf2, 0x3, 0x35,
    0xf8, 0x43, 0x4f, 0x53, 0x30, 0x1, 0x12, 0x7f,
    0x41, 0x15, 0x21, 0x10, 0x1f, 0xff, 0xff, 0xff,
    0xff, 0xff, 0xf0, 0x0, 0x7, 0xf3, 0x0, 0x0,
    0x1, 0x0, 0x0, 0x3f, 0x61, 0xff, 0xff, 0xfe,
    0x10, 0x3, 0xef, 0x0, 0x0, 0x1a, 0xe3, 0x0,
    0x4f, 0xdf, 0x0, 0x0, 0x7e, 0x10, 0x0, 0x17,
    0x3f, 0x2f, 0xff, 0xff, 0xff, 0xf4, 0x0, 0x3f,
    0x1, 0x11, 0x7d, 0x11, 0x10, 0x0, 0x3f, 0x0,
    0x1, 0x8c, 0x0, 0x0, 0x0, 0x3f, 0x0, 0x1f,
    0xe7, 0x0, 0x0,

    /* U+85CF "藏" */
    0x0, 0x0, 0xf5, 0x0, 0x6e, 0x0, 0x0, 0x1f,
    0xff, 0xff, 0xff, 0xff, 0xff, 0xf2, 0x2, 0x22,
    0xf6, 0x22, 0x7f, 0x4c, 0x40, 0x0, 0x2, 0x22,
    0x22, 0x2f, 0x5a, 0xc0, 0xd, 0x2d, 0xfe, 0xee,
    0xef, 0xfe, 0xe4, 0xd, 0x2d, 0x46, 0x66, 0x5c,
    0x53, 0x30, 0xd, 0xef, 0x6d, 0x8c, 0x5b, 0x6c,
    0x70, 0x5, 0x1e, 0x6f, 0xde, 0xc9, 0x9f, 0x30,
    0x6f, 0xff, 0x5c, 0x0, 0xe7, 0xfd, 0x0, 0xb,
    0x5f, 0x4f, 0xde, 0xc4, 0xf6, 0x0, 0xc, 0x3f,
    0x3c, 0x4a, 0x17, 0xf2, 0x31, 0x1e, 0x6b, 0x2f,
    0xcc, 0xef, 0xdb, 0x97, 0x47, 0x76, 0x4, 0x1,
    0xd3, 0x1c, 0xd2, 0x0, 0x0, 0x0, 0x0, 0x0,
    0x0, 0x0,

    /* U+884C "行" */
    0x0, 0x9, 0x50, 0x0, 0x0, 0x0, 0x0, 0x0,
    0x8f, 0x20, 0xff, 0xff, 0xff, 0xb0, 0x9, 0xf4,
    0x0, 0x33, 0x33, 0x33, 0x20, 0x4e, 0x32, 0xa1,
    0x0, 0x0, 0x0, 0x0, 0x1, 0xd, 0xc1, 0x11,
    0x11, 0x11, 0x10, 0x0, 0x9f, 0x2a, 0xff, 0xff,
    0xff, 0xf1, 0xa, 0xff, 0x1, 0x22, 0x25, 0xf3,
    0x20, 0x6f, 0xbf, 0x0, 0x0, 0x3, 0xf1, 0x0,
    0x3, 0x5f, 0x0, 0x0, 0x3, 0xf1, 0x0, 0x0,
    0x5f, 0x0, 0x0, 0x3, 0xf1, 0x0, 0x0, 0x5f,
    0x0, 0x0, 0x3, 0xf1, 0x0, 0x0, 0x5f, 0x0,
    0x3, 0x58, 0xf1, 0x0, 0x0, 0x5f, 0x0, 0x5,
    0xed, 0x90, 0x0,

    /* U+8868 "表" */
    0x0, 0x0, 0x0, 0xa9, 0x0, 0x0, 0x0, 0x6,
    0xdd, 0xdd, 0xfe, 0xdd, 0xdd, 0x70, 0x2, 0x44,
    0x44, 0xcb, 0x44, 0x44, 0x20, 0x0, 0x34, 0x44,
    0xcb, 0x44, 0x44, 0x0, 0x0, 0x9b, 0xbb, 0xee,
    0xbb, 0xbb, 0x0, 0x2, 0x22, 0x22, 0xba, 0x22,
    0x22, 0x20, 0x1e, 0xee, 0xef, 0xff, 0xee, 0xee,
    0xe0, 0x0, 0x0, 0x9f, 0x5d, 0x70, 0x6, 0x20,
    0x0, 0x5d, 0xf3, 0x6, 0xf2, 0xae, 0x40, 0x3e,
    0xfd, 0xd0, 0x0, 0xcf, 0xb1, 0x0, 0x6, 0x17,
    0xd0, 0x4, 0x2e, 0xc2, 0x0, 0x0, 0x9, 0xfb,
    0xfe, 0x21, 0xcf, 0xa2, 0x0, 0xe, 0xe9, 0x30,
    0x0, 0x5, 0xb1, 0x0, 0x2, 0x0, 0x0, 0x0,
    0x0, 0x0,

    /* U+8981 "要" */
    0xf, 0xff, 0xff, 0xff, 0xff, 0xff, 0xf0, 0x2,
    0x22, 0x6f, 0x24, 0xf4, 0x22, 0x20, 0x5, 0xff,
    0xff, 0xff, 0xff, 0xff, 0x70, 0x5, 0xd0, 0x4e,
    0x1, 0xf1, 0xd, 0x70, 0x5, 0xe2, 0x6f, 0x23,
    0xf3, 0x2d, 0x70, 0x5, 0xee, 0xef, 0xee, 0xee,
    0xee, 0x60, 0x2, 0x22, 0x3f, 0x82, 0x22, 0x22,
    0x20, 0x3f, 0xff, 0xff, 0xff, 0xff, 0xff, 0xf3,
    0x0, 0x8, 0xe1, 0x0, 0x6f, 0x30, 0x0, 0x0,
    0x2d, 0xfd, 0xa8, 0xf6, 0x0, 0x0, 0x0, 0x12,
    0x6d, 0xfe, 0xfd, 0x94, 0x0, 0xd, 0xfe, 0xc8,
    0x30, 0x16, 0xbf, 0x80, 0x1, 0x0, 0x0, 0x0,
    0x0, 0x1, 0x0,

    /* U+89C2 "观" */
    0xe, 0xee, 0xec, 0x6f, 0xff, 0xff, 0xf0, 0x5,
    0x55, 0x9d, 0x6d, 0x22, 0x26, 0xf0, 0x0, 0x0,
    0x9b, 0x6d, 0xb, 0x34, 0xf0, 0xb, 0x70, 0xd8,
    0x6d, 0xe, 0x44, 0xf0, 0x5, 0xf3, 0xf4, 0x6d,
    0xe, 0x44, 0xf0, 0x0, 0xaf, 0xf0, 0x6d, 0xf,
    0x34, 0xf0, 0x0, 0x1e, 0xc0, 0x6d, 0x1f, 0x14,
    0xf0, 0x0, 0x2f, 0xf1, 0x25, 0x6f, 0xa1, 0x50,
    0x0, 0x9d, 0xd8, 0x0, 0xdc, 0xe0, 0x10, 0x4,
    0xf5, 0x5b, 0x8, 0xd5, 0xe0, 0x5a, 0x1f, 0xa0,
    0x0, 0x9f, 0x44, 0xe0, 0x79, 0x7, 0x0, 0x8,
    0xe3, 0x1, 0xdf, 0xe4, 0x0, 0x0, 0x0, 0x0,
    0x0, 0x0, 0x0,

    /* U+89C6 "视" */
    0x0, 0x34, 0x0, 0x0, 0x0, 0x0, 0x0, 0x0,
    0x7f, 0x10, 0xef, 0xff, 0xff, 0xe0, 0x3, 0x3c,
    0x51, 0xe7, 0x24, 0x27, 0xe0, 0x3f, 0xff, 0xf5,
    0xe5, 0x1f, 0x25, 0xe0, 0x0, 0x3, 0xd0, 0xe5,
    0x1f, 0x25, 0xe0, 0x0, 0x1e, 0x70, 0xe5, 0x1f,
    0x25, 0xe0, 0x1, 0xcf, 0x80, 0xe5, 0x2f, 0x5,
    0xe0, 0x2d, 0xff, 0xe5, 0xe5, 0x5e, 0x5, 0xe0,
    0x4d, 0x7e, 0x67, 0x52, 0xaf, 0xa2, 0x50, 0x1,
    0x5e, 0x0, 0x3, 0xfe, 0xa0, 0x10, 0x0, 0x5e,
    0x0, 0x1d, 0xa8, 0xa0, 0x69, 0x0, 0x5e, 0x4,
    0xec, 0x18, 0xc2, 0xa7, 0x0, 0x5e, 0xb, 0x80,
    0x2, 0xbc, 0xb1, 0x0, 0x0, 0x0, 0x0, 0x0,
    0x0, 0x0,

    /* U+89C9 "觉" */
    0x0, 0x11, 0x1, 0x70, 0x0, 0x42, 0x0, 0x0,
    0xad, 0x1, 0xf6, 0x2, 0xf7, 0x0, 0x2, 0x4f,
    0x73, 0xaa, 0x3b, 0xd3, 0x20, 0xe, 0xff, 0xff,
    0xff, 0xff, 0xff, 0xc0, 0xe, 0x60, 0x0, 0x0,
    0x0, 0x8, 0xc0, 0xa, 0x8f, 0xff, 0xff, 0xff,
    0xf7, 0x90, 0x0, 0x3f, 0x31, 0x54, 0x16, 0xf1,
    0x0, 0x0, 0x3f, 0x10, 0xc8, 0x4, 0xf1, 0x0,
    0x0, 0x3f, 0x10, 0xd7, 0x4, 0xf1, 0x0, 0x0,
    0x3f, 0x12, 0xf9, 0x74, 0xf1, 0x0, 0x0, 0x0,
    0x1d, 0xc8, 0xc0, 0x0, 0x50, 0x0, 0x28, 0xfb,
    0x18, 0xd1, 0x13, 0xf1, 0xb, 0xfb, 0x40, 0x3,
    0xef, 0xff, 0xa0, 0x1, 0x10, 0x0, 0x0, 0x0,
    0x0, 0x0,

    /* U+89D2 "角" */
    0x0, 0x0, 0xa9, 0x0, 0x0, 0x0, 0x0, 0x0,
    0x5f, 0xff, 0xff, 0xf4, 0x0, 0x0, 0x1e, 0xa1,
    0x11, 0xbd, 0x0, 0x0, 0x2d, 0xf6, 0x55, 0x7f,
    0x85, 0x51, 0xe, 0xff, 0xdd, 0xef, 0xdd, 0xdf,
    0x40, 0x36, 0xf0, 0x4, 0xf0, 0x0, 0xf4, 0x0,
    0x5f, 0xff, 0xff, 0xff, 0xff, 0x40, 0x6, 0xf2,
    0x26, 0xf3, 0x23, 0xf4, 0x0, 0x7e, 0x22, 0x6f,
    0x22, 0x2f, 0x40, 0x9, 0xff, 0xff, 0xff, 0xff,
    0xf4, 0x0, 0xe7, 0x0, 0x4f, 0x0, 0xf, 0x40,
    0x6f, 0x10, 0x4, 0xf1, 0x35, 0xf4, 0xb, 0x70,
    0x0, 0x4f, 0xe, 0xfc, 0x10, 0x0, 0x0, 0x0,
    0x0, 0x0, 0x0,

    /* U+8BA4 "认" */
    0x0, 0x72, 0x0, 0x0, 0x6d, 0x0, 0x0, 0x0,
    0xbe, 0x20, 0x0, 0x7d, 0x0, 0x0, 0x0, 0xc,
    0xb0, 0x0, 0x7d, 0x0, 0x0, 0x0, 0x1, 0x10,
    0x0, 0x7c, 0x0, 0x0, 0x14, 0x44, 0x0, 0x0,
    0x9c, 0x0, 0x0, 0x5f, 0xff, 0x20, 0x0, 0xaf,
    0x0, 0x0, 0x0, 0x1f, 0x20, 0x0, 0xcf, 0x20,
    0x0, 0x0, 0x1f, 0x20, 0x0, 0xff, 0x70, 0x0,
    0x0, 0x1f, 0x20, 0x5, 0xf9, 0xc0, 0x0, 0x0,
    0x1f, 0x37, 0xb, 0xb1, 0xf4, 0x0, 0x0, 0x2f,
    0xfb, 0x3f, 0x50, 0xad, 0x0, 0x0, 0x8f, 0x72,
    0xeb, 0x0, 0x1e, 0xc0, 0x0, 0x63, 0x8, 0xd1,
    0x0, 0x3, 0xe4, 0x0, 0x0, 0x0, 0x0, 0x0,
    0x0, 0x0,

    /* U+8BA9 "让" */
    0x0, 0x91, 0x0, 0x0, 0xe6, 0x0, 0x0, 0x0,
    0xbd, 0x10, 0x0, 0xe6, 0x0, 0x0, 0x0, 0xd,
    0x80, 0x0, 0xe6, 0x0, 0x0, 0x0, 0x1, 0x0,
    0x0, 0xe6, 0x0, 0x0, 0x14, 0x44, 0x0, 0x0,
    0xe8, 0x22, 0x10, 0x5f, 0xff, 0x0, 0x0, 0xef,
    0xff, 0x70, 0x0, 0x3f, 0x0, 0x0, 0xe7, 0x11,
    0x0, 0x0, 0x3f, 0x0, 0x0, 0xe6, 0x0, 0x0,
    0x0, 0x3f, 0x0, 0x0, 0xe6, 0x0, 0x0, 0x0,
    0x3f, 0x16, 0x0, 0xe6, 0x0, 0x0, 0x0, 0x4f,
    0xe9, 0x0, 0xe6, 0x0, 0x0, 0x0, 0xaf, 0x76,
    0x66, 0xfa, 0x66, 0x62, 0x0, 0xc4, 0x2e, 0xee,
    0xee, 0xee, 0xe5, 0x0, 0x0, 0x0, 0x0, 0x0,
    0x0, 0x0,

    /* U+8BBE "设" */
    0x0, 0x10, 0x0, 0x0, 0x0, 0x0, 0x0, 0x0,
    0xd9, 0x0, 0xf, 0xff, 0xf6, 0x0, 0x0, 0x2e,
    0x90, 0xf, 0x53, 0xe6, 0x0, 0x0, 0x2, 0x20,
    0x4f, 0x0, 0xd6, 0x0, 0x17, 0x76, 0x4, 0xe8,
    0x0, 0xbc, 0x92, 0x1a, 0xce, 0x9, 0x70, 0x0,
    0x26, 0x61, 0x0, 0x4e, 0x5, 0xee, 0xee, 0xee,
    0x50, 0x0, 0x4e, 0x2, 0xda, 0x55, 0x7f, 0x20,
    0x0, 0x4e, 0x0, 0x5e, 0x10, 0xba, 0x0, 0x0,
    0x4e, 0x68, 0xa, 0xd9, 0xd1, 0x0, 0x0, 0x6f,
    0xe4, 0x3, 0xff, 0x60, 0x0, 0x0, 0xcd, 0x26,
    0xbf, 0xa8, 0xfd, 0x81, 0x0, 0x40, 0xa, 0x82,
    0x0, 0x28, 0xc1,

    /* U+8BBF "访" */
    0x0, 0x40, 0x0, 0x0, 0x74, 0x0, 0x0, 0x2,
    0xf9, 0x0, 0x0, 0xbb, 0x0, 0x0, 0x0, 0x3f,
    0x44, 0x55, 0x9c, 0x55, 0x51, 0x0, 0x3, 0xe,
    0xff, 0xff, 0xff, 0xf3, 0x26, 0x66, 0x0, 0xf,
    0x40, 0x0, 0x0, 0x4c, 0xdf, 0x0, 0xf, 0x74,
    0x44, 0x10, 0x0, 0x4f, 0x0, 0x1f, 0xff, 0xff,
    0x30, 0x0, 0x4f, 0x0, 0x3f, 0x0, 0x1f, 0x20,
    0x0, 0x4f, 0x0, 0x6c, 0x0, 0x2f, 0x20, 0x0,
    0x4f, 0x89, 0xb9, 0x0, 0x3f, 0x0, 0x0, 0x7f,
    0xc3, 0xf5, 0x0, 0x5f, 0x0, 0x0, 0xeb, 0xb,
    0xd0, 0x23, 0xac, 0x0, 0x0, 0x40, 0x1d, 0x20,
    0x8f, 0xe4, 0x0, 0x0, 0x0, 0x0, 0x0, 0x0,
    0x0, 0x0,

    /* U+8BC1 "证" */
    0x0, 0x60, 0x0, 0x0, 0x0, 0x0, 0x0, 0x2,
    0xe9, 0x7, 0xff, 0xff, 0xff, 0xf3, 0x0, 0x2e,
    0x42, 0x44, 0x4f, 0x84, 0x40, 0x0, 0x1, 0x0,
    0x0, 0xe, 0x50, 0x0, 0x1a, 0xa9, 0x0, 0x42,
    0xe, 0x50, 0x0, 0x2c, 0xee, 0x0, 0xc7, 0xe,
    0x71, 0x10, 0x0, 0x5e, 0x0, 0xc7, 0xe, 0xff,
    0xe0, 0x0, 0x5e, 0x0, 0xc7, 0xe, 0x61, 0x10,
    0x0, 0x5e, 0x0, 0xc7, 0xe, 0x50, 0x0, 0x0,
    0x5e, 0x97, 0xc7, 0xe, 0x50, 0x0, 0x0, 0x7f,
    0xd2, 0xc7, 0xe, 0x50, 0x0, 0x0, 0xeb, 0x1c,
    0xfe, 0xdf, 0xed, 0xd7, 0x0, 0x40, 0x5, 0x55,
    0x55, 0x55, 0x52,

    /* U+8BC6 "识" */
    0x0, 0x50, 0x0, 0x0, 0x0, 0x0, 0x0, 0x3,
    0xe9, 0x0, 0xef, 0xff, 0xff, 0x60, 0x0, 0x3e,
    0x40, 0xe8, 0x44, 0x4e, 0x60, 0x0, 0x1, 0x0,
    0xe5, 0x0, 0xe, 0x60, 0x19, 0x99, 0x0, 0xe5,
    0x0, 0xe, 0x60, 0x19, 0xbe, 0x0, 0xe5, 0x0,
    0xe, 0x60, 0x0, 0x5e, 0x0, 0xef, 0xee, 0xef,
    0x60, 0x0, 0x5e, 0x0, 0x44, 0x44, 0x44, 0x20,
    0x0, 0x5e, 0x0, 0x5, 0x0, 0x23, 0x0, 0x0,
    0x5f, 0xa7, 0x5f, 0x10, 0xad, 0x0, 0x0, 0x7f,
    0xc1, 0xca, 0x0, 0x2f, 0x60, 0x0, 0xeb, 0x7,
    0xf2, 0x0, 0xa, 0xd0, 0x0, 0x40, 0x6, 0x50,
    0x0, 0x3, 0x80,

    /* U+8BD1 "译" */
    0x0, 0x20, 0x0, 0x0, 0x0, 0x0, 0x0, 0x3,
    0xf3, 0xc, 0xff, 0xff, 0xff, 0xa0, 0x0, 0x9d,
    0x1, 0x8d, 0x32, 0x8f, 0x30, 0x0, 0x17, 0x0,
    0xa, 0xc7, 0xf6, 0x0, 0x4, 0x44, 0x0, 0x3,
    0xff, 0xa0, 0x0, 0x1f, 0xfe, 0x5, 0xae, 0x96,
    0xcf, 0xa3, 0x0, 0x5e, 0x29, 0x40, 0x7b, 0x1,
    0x61, 0x0, 0x5e, 0x2, 0xdd, 0xef, 0xdd, 0x60,
    0x0, 0x5e, 0x0, 0x44, 0xad, 0x44, 0x20, 0x0,
    0x5e, 0x52, 0x22, 0x9c, 0x22, 0x21, 0x0, 0x5f,
    0xff, 0xff, 0xff, 0xff, 0xf6, 0x0, 0xbd, 0x20,
    0x0, 0x8b, 0x0, 0x0, 0x0, 0x61, 0x0, 0x0,
    0x8b, 0x0, 0x0,

    /* U+8BF4 "说" */
    0x0, 0x30, 0x0, 0x55, 0x0, 0x38, 0x0, 0x3,
    0xf7, 0x0, 0x6e, 0x10, 0xab, 0x0, 0x0, 0x4f,
    0x40, 0xd, 0x51, 0xf4, 0x0, 0x0, 0x4, 0x5,
    0xff, 0xff, 0xff, 0x40, 0x16, 0x65, 0x5, 0xe2,
    0x22, 0x2e, 0x40, 0x4f, 0xfe, 0x5, 0xe0, 0x0,
    0xd, 0x40, 0x0, 0x6e, 0x5, 0xe5, 0x55, 0x5e,
    0x40, 0x0, 0x6e, 0x4, 0xcf, 0xed, 0xfc, 0x30,
    0x0, 0x6e, 0x0, 0xd, 0x75, 0xe0, 0x0, 0x0,
    0x6e, 0x4b, 0x1f, 0x45, 0xe0, 0x0, 0x0, 0x7f,
    0xf8, 0x7e, 0x5, 0xe0, 0x82, 0x1, 0xee, 0x47,
    0xf6, 0x5, 0xf3, 0xe4, 0x0, 0x71, 0x6e, 0x60,
    0x2, 0xef, 0xd0, 0x0, 0x0, 0x0, 0x0, 0x0,
    0x0, 0x0,

    /* U+8C03 "调" */
    0x0, 0x10, 0x0, 0x0, 0x0, 0x0, 0x0, 0x2,
    0xf6, 0x3, 0xff, 0xff, 0xff, 0xf1, 0x0, 0x4f,
    0x53, 0xe1, 0x2b, 0x12, 0xf1, 0x0, 0x4, 0x3,
    0xe3, 0x9f, 0x82, 0xf1, 0x4, 0x44, 0x3, 0xe2,
    0x8f, 0x72, 0xf1, 0x2f, 0xfe, 0x3, 0xe3, 0x5e,
    0x43, 0xf1, 0x0, 0x5e, 0x4, 0xe5, 0x77, 0x74,
    0xf1, 0x0, 0x5e, 0x4, 0xc4, 0xbb, 0xb2, 0xf1,
    0x0, 0x5e, 0x5, 0xb6, 0xa3, 0xd2, 0xf1, 0x0,
    0x5e, 0x49, 0xa6, 0x80, 0xc2, 0xf1, 0x0, 0x6f,
    0xff, 0x66, 0xff, 0xf2, 0xf1, 0x0, 0xce, 0x8f,
    0x11, 0x20, 0x13, 0xf1, 0x0, 0x61, 0x69, 0x0,
    0x0, 0x7f, 0xb0, 0x0, 0x0, 0x0, 0x0, 0x0,
    0x0, 0x0,

    /* U+8C08 "谈" */
    0x0, 0x50, 0x0, 0x0, 0x8c, 0x0, 0x0, 0x1,
    0xeb, 0x0, 0xd2, 0x9b, 0x9, 0xb0, 0x0, 0x2f,
    0x55, 0xe0, 0xb9, 0x2f, 0x50, 0x0, 0x2, 0xb,
    0x70, 0xfa, 0x59, 0x0, 0x14, 0x44, 0x0, 0xa,
    0xfe, 0xe5, 0x0, 0x4f, 0xfe, 0x3, 0xbf, 0x40,
    0x8f, 0xa0, 0x0, 0x4e, 0xb, 0xb3, 0x69, 0x3,
    0xb0, 0x0, 0x4e, 0x0, 0x91, 0x9b, 0x3, 0x90,
    0x0, 0x4e, 0x4, 0xf0, 0xbb, 0xc, 0xb0, 0x0,
    0x4e, 0xc, 0x90, 0xff, 0x7e, 0x10, 0x0, 0x5f,
    0xd1, 0x1a, 0xfa, 0xc2, 0x0, 0x0, 0x9f, 0x84,
    0xbf, 0x50, 0xdd, 0x40, 0x0, 0xa4, 0x6f, 0xb3,
    0x0, 0x1a, 0xf6, 0x0, 0x0, 0x1, 0x0, 0x0,
    0x0, 0x10,

    /* U+8D28 "质" */
    0x0, 0x0, 0x12, 0x35, 0x69, 0xbb, 0x0, 0x0,
    0xff, 0xff, 0xef, 0xf9, 0x74, 0x10, 0x0, 0xf4,
    0x0, 0x9, 0xc0, 0x0, 0x0, 0x0, 0xff, 0xff,
    0xff, 0xff, 0xff, 0xf4, 0x0, 0xf5, 0x33, 0x3c,
    0xa3, 0x33, 0x30, 0x1, 0xf2, 0x33, 0x3d, 0x93,
    0x33, 0x10, 0x2, 0xf2, 0xdf, 0xff, 0xff, 0xff,
    0x40, 0x3, 0xf1, 0xd6, 0x3, 0x70, 0xf, 0x40,
    0x4, 0xf0, 0xd6, 0x7, 0xe0, 0xf, 0x40, 0x7,
    0xd0, 0xd6, 0x9, 0xc0, 0xf, 0x40, 0xa, 0x90,
    0x84, 0x4f, 0x64, 0xa, 0x30, 0x1f, 0x50, 0x29,
    0xf9, 0x3d, 0xe7, 0x0, 0x4d, 0xa, 0xfb, 0x30,
    0x0, 0x4c, 0xd0, 0x0, 0x1, 0x10, 0x0, 0x0,
    0x0, 0x10,

    /* U+8D34 "贴" */
    0x0, 0x0, 0x0, 0x0, 0x2f, 0x0, 0x0, 0xe,
    0xff, 0xff, 0x0, 0x2f, 0x0, 0x0, 0xe, 0x42,
    0x3f, 0x0, 0x2f, 0x10, 0x0, 0xe, 0x2f, 0x2f,
    0x0, 0x2f, 0xff, 0xf5, 0xe, 0x2f, 0x2f, 0x0,
    0x2f, 0x32, 0x20, 0xe, 0x2f, 0x2f, 0x0, 0x2f,
    0x0, 0x0, 0xe, 0x2f, 0x2f, 0x12, 0x4f, 0x32,
    0x20, 0xe, 0x3f, 0x1f, 0x5f, 0xff, 0xff, 0xe0,
    0xe, 0x4f, 0xf, 0x5d, 0x0, 0x4, 0xe0, 0x7,
    0x7b, 0x27, 0x5d, 0x0, 0x4, 0xe0, 0x0, 0xe7,
    0xf3, 0x5d, 0x0, 0x4, 0xe0, 0x1c, 0xc0, 0x7d,
    0x5f, 0xff, 0xff, 0xe0, 0x3b, 0x0, 0x4, 0x5d,
    0x33, 0x36, 0xd0, 0x0, 0x0, 0x0, 0x0, 0x0,
    0x0, 0x0,

    /* U+8D44 "资" */
    0x1, 0x40, 0x0, 0x5c, 0x0, 0x0, 0x0, 0x5,
    0xed, 0x40, 0xde, 0xbb, 0xbb, 0xb1, 0x0, 0x7,
    0x7b, 0xd4, 0xbc, 0x4a, 0xd0, 0x0, 0x0, 0x4b,
    0x11, 0xff, 0x48, 0x40, 0x4, 0x9e, 0xf0, 0x2d,
    0xa5, 0xf6, 0x0, 0xe, 0xb5, 0x19, 0xfa, 0x0,
    0x4d, 0xf3, 0x0, 0x13, 0x39, 0x63, 0x33, 0x33,
    0x50, 0x0, 0x5f, 0xff, 0xff, 0xff, 0xfe, 0x0,
    0x0, 0x5e, 0x0, 0x48, 0x0, 0x6e, 0x0, 0x0,
    0x5e, 0x0, 0xc9, 0x0, 0x6e, 0x0, 0x0, 0x38,
    0x8, 0xf5, 0xb6, 0x47, 0x0, 0x0, 0x37, 0xdd,
    0x41, 0x7c, 0xfb, 0x50, 0xe, 0xeb, 0x60, 0x0,
    0x0, 0x29, 0xd1, 0x0, 0x0, 0x0, 0x0, 0x0,
    0x0, 0x0,

    /* U+8DD1 "跑" */
    0x0, 0x0, 0x0, 0x6, 0x10, 0x0, 0x0, 0xe,
    0xff, 0xf4, 0x5f, 0x32, 0x22, 0x10, 0xe, 0x41,
    0xe4, 0xcf, 0xff, 0xff, 0x70, 0xe, 0x41, 0xec,
    0xd0, 0x0, 0xb, 0x70, 0xe, 0xff, 0xf9, 0xee,
    0xee, 0x2b, 0x70, 0x0, 0x3d, 0x0, 0xe5, 0x1e,
    0x2c, 0x70, 0xa, 0x4d, 0x10, 0xe4, 0xe, 0x2c,
    0x60, 0xf, 0x4f, 0xf3, 0xe9, 0x6f, 0x2d, 0x60,
    0xf, 0x4d, 0x20, 0xec, 0xbe, 0x6f, 0x40, 0xf,
    0x4d, 0x0, 0xe4, 0x6, 0xdb, 0x0, 0xf, 0x6e,
    0xa6, 0xe4, 0x0, 0x0, 0x61, 0x5f, 0xfc, 0x72,
    0xd7, 0x11, 0x13, 0xf2, 0x35, 0x10, 0x0, 0x7e,
    0xff, 0xff, 0xa0,

    /* U+8DDF "跟" */
    0xe, 0xff, 0xfe, 0x7f, 0xff, 0xff, 0x40, 0xe,
    0x41, 0x5e, 0x8c, 0x22, 0x2e, 0x40, 0xe, 0x20,
    0x4e, 0x8e, 0x99, 0x9f, 0x40, 0xe, 0xff, 0xfe,
    0x8d, 0x66, 0x6f, 0x40, 0x2, 0x2e, 0x62, 0x8b,
    0x11, 0x1e, 0x40, 0x9, 0x1e, 0x50, 0x8f, 0xff,
    0xff, 0x40, 0xf, 0x1e, 0xfe, 0x8b, 0x1f, 0x12,
    0x40, 0xf, 0x1e, 0x51, 0x8b, 0xb, 0x8e, 0x90,
    0xf, 0x1e, 0x40, 0x8b, 0x5, 0xf6, 0x0, 0xf,
    0x4e, 0xcd, 0x8b, 0x1, 0xe7, 0x0, 0x6f, 0xfc,
    0x84, 0xbe, 0xdf, 0x4f, 0x80, 0x35, 0x10, 0x0,
    0xdb, 0x62, 0x5, 0xb0, 0x0, 0x0, 0x0, 0x0,
    0x0, 0x0, 0x0,

    /* U+8DEF "路" */
    0x0, 0x0, 0x0, 0x0, 0x71, 0x0, 0x0, 0xe,
    0xff, 0xfa, 0x6, 0xf3, 0x22, 0x0, 0xe, 0x41,
    0x8a, 0xd, 0xff, 0xff, 0x20, 0xe, 0x30, 0x7b,
    0x9f, 0x90, 0xac, 0x0, 0xe, 0xff, 0xfd, 0xf5,
    0xe9, 0xf3, 0x0, 0x2, 0x2f, 0x51, 0x10, 0x7f,
    0x90, 0x0, 0x9, 0xf, 0x20, 0x5, 0xfb, 0xf8,
    0x0, 0xf, 0x1f, 0xfd, 0xcf, 0x50, 0x4e, 0xe2,
    0xf, 0x1f, 0x53, 0xbf, 0xff, 0xff, 0x90, 0xf,
    0x1f, 0x20, 0x3f, 0x11, 0x1e, 0x50, 0xf, 0x2f,
    0xac, 0x3f, 0x0, 0xe, 0x50, 0x6f, 0xff, 0xb7,
    0x3f, 0x55, 0x5f, 0x50, 0x57, 0x40, 0x0, 0x3f,
    0xcc, 0xcf, 0x50,

    /* U+8F6E "轮" */
    0x0, 0x29, 0x0, 0x0, 0x3a, 0x10, 0x0, 0x2,
    0x7d, 0x22, 0x0, 0xaf, 0x60, 0x0, 0x1f, 0xff,
    0xfe, 0x2, 0xf9, 0xe1, 0x0, 0x0, 0xd5, 0x10,
    0xc, 0x80, 0xba, 0x0, 0x1, 0xe9, 0x80, 0xac,
    0x0, 0x1e, 0x90, 0x7, 0x98, 0x85, 0xc5, 0x20,
    0x2, 0xd3, 0xe, 0xff, 0xfd, 0xe, 0x60, 0x7b,
    0x0, 0x3, 0x3a, 0xa3, 0xe, 0x9c, 0xe6, 0x0,
    0x0, 0x8, 0x92, 0xe, 0xfa, 0x10, 0x0, 0x17,
    0xae, 0xfe, 0xe, 0x70, 0x0, 0x0, 0xe, 0xbc,
    0xa0, 0xe, 0x60, 0x4, 0xd0, 0x0, 0x8, 0x80,
    0xe, 0x93, 0x28, 0xc0, 0x0, 0x8, 0x80, 0x8,
    0xff, 0xff, 0x50,

    /* U+8F7B "轻" */
    0x0, 0x48, 0x0, 0x0, 0x0, 0x0, 0x0, 0x2,
    0x9c, 0x22, 0x6f, 0xff, 0xff, 0x70, 0x4f, 0xff,
    0xff, 0x12, 0x22, 0xaf, 0x10, 0x1, 0xf3, 0x0,
    0x0, 0x7, 0xf5, 0x0, 0x5, 0xc9, 0x90, 0x2,
    0xbf, 0xd3, 0x0, 0xb, 0x7a, 0x91, 0xaf, 0xb4,
    0x8f, 0xb1, 0x1f, 0xff, 0xfd, 0x74, 0x0, 0x1,
    0x70, 0x2, 0x1a, 0x90, 0x5e, 0xee, 0xee, 0xa0,
    0x0, 0xa, 0xb6, 0x14, 0x4f, 0x84, 0x30, 0x3b,
    0xef, 0xfd, 0x0, 0xf, 0x50, 0x0, 0x3c, 0x8c,
    0x90, 0x0, 0xf, 0x50, 0x0, 0x0, 0x9, 0x90,
    0x33, 0x3f, 0x73, 0x31, 0x0, 0x9, 0x92, 0xff,
    0xff, 0xff, 0xf5,

    /* U+8F7D "载" */
    0x0, 0x0, 0xd5, 0x0, 0x6d, 0x38, 0x0, 0x5,
    0xff, 0xff, 0xfb, 0x6d, 0x1d, 0x90, 0x0, 0x11,
    0xe6, 0x11, 0x6e, 0x2, 0x70, 0x1e, 0xee, 0xfe,
    0xee, 0xef, 0xee, 0xe6, 0x2, 0x2a, 0x92, 0x22,
    0x6f, 0x22, 0x21, 0x2, 0x2e, 0x92, 0x22, 0x3f,
    0x5, 0x70, 0xc, 0xff, 0xdd, 0xdd, 0x4f, 0x2c,
    0x80, 0x1, 0xd6, 0x4e, 0x0, 0xf, 0x7f, 0x20,
    0x7, 0xff, 0xff, 0xff, 0xc, 0xfa, 0x0, 0x1,
    0x21, 0x6e, 0x11, 0x9, 0xf2, 0x10, 0x6, 0x89,
    0xcf, 0xde, 0x6e, 0xf0, 0x78, 0x9, 0xa8, 0xae,
    0x34, 0xeb, 0xda, 0xb6, 0x0, 0x0, 0x4e, 0x8,
    0xb0, 0x3d, 0xd1, 0x0, 0x0, 0x0, 0x0, 0x0,
    0x0, 0x0,

    /* U+8F91 "辑" */
    0x0, 0x15, 0x0, 0x0, 0x0, 0x0, 0x0, 0x0,
    0x4f, 0x0, 0x4f, 0xff, 0xff, 0xe0, 0x1d, 0xef,
    0xdd, 0x4f, 0x0, 0x5, 0xe0, 0x4, 0xd9, 0x44,
    0x4f, 0xff, 0xff, 0xd0, 0x1, 0xf7, 0xc0, 0x99,
    0x99, 0x99, 0x97, 0x7, 0xb6, 0xc0, 0x9f, 0x87,
    0x7a, 0xe5, 0xe, 0xff, 0xfd, 0x3f, 0x88, 0x8b,
    0xc0, 0x3, 0x38, 0xd3, 0x3f, 0x76, 0x6a, 0xc0,
    0x0, 0x7, 0xd6, 0x3f, 0xbb, 0xbd, 0xc0, 0x1c,
    0xff, 0xfa, 0x3f, 0x43, 0x38, 0xc0, 0x8, 0x58,
    0xc1, 0x8f, 0x9a, 0xbd, 0xfc, 0x0, 0x6, 0xc1,
    0xca, 0x98, 0x7a, 0xd2, 0x0, 0x6, 0xc0, 0x0,
    0x0, 0x6, 0xc0, 0x0, 0x0, 0x0, 0x0, 0x0,
    0x0, 0x0,

    /* U+8FA8 "辨" */
    0x0, 0x0, 0x0, 0x0, 0x0, 0x0, 0x0, 0x0,
    0xd2, 0x0, 0xe, 0x20, 0xa6, 0x0, 0x0, 0xb8,
    0x0, 0xe, 0x20, 0x6b, 0x0, 0x3e, 0xff, 0xe1,
    0xe, 0x6f, 0xff, 0xf3, 0x9, 0x45, 0x95, 0x7e,
    0x38, 0x52, 0xb0, 0x9, 0x67, 0x96, 0x7e, 0x27,
    0x84, 0xb0, 0x7, 0x8b, 0x68, 0x6e, 0x35, 0x98,
    0x80, 0x5f, 0xff, 0xfd, 0x4f, 0x8f, 0xff, 0xf6,
    0x0, 0xa8, 0x7, 0x2f, 0x10, 0x6b, 0x0, 0x17,
    0xdc, 0x70, 0x3e, 0x2, 0x7c, 0x20, 0x19, 0xec,
    0x90, 0x7b, 0x3e, 0xff, 0xe3, 0x0, 0xe3, 0x0,
    0xe4, 0x0, 0x6b, 0x0, 0x7, 0xd0, 0xa, 0xc0,
    0x0, 0x6b, 0x0, 0xc, 0x30, 0x1b, 0x10, 0x0,
    0x6b, 0x0, 0x0, 0x0, 0x0, 0x0, 0x0, 0x0,
    0x0,

    /* U+8FB9 "边" */
    0x0, 0x0, 0x0, 0x0, 0x0, 0x0, 0x0, 0xa,
    0x60, 0x0, 0x6, 0xf0, 0x0, 0x0, 0x8, 0xf4,
    0x0, 0x7, 0xe0, 0x0, 0x0, 0x0, 0xbd, 0x24,
    0x4a, 0xe4, 0x44, 0x30, 0x0, 0x12, 0x6f, 0xff,
    0xff, 0xff, 0xa0, 0x1, 0x10, 0x0, 0xa, 0xa0,
    0xb, 0x90, 0x9f, 0xf6, 0x0, 0xd, 0x80, 0xc,
    0x80, 0x12, 0xe6, 0x0, 0x2f, 0x40, 0xd, 0x70,
    0x0, 0xe6, 0x0, 0x9e, 0x0, 0xe, 0x60, 0x0,
    0xe6, 0x3, 0xf5, 0x0, 0xf, 0x50, 0x0, 0xe6,
    0x5f, 0xa0, 0x36, 0x9f, 0x20, 0x4, 0xf9, 0x58,
    0x0, 0x3d, 0xd8, 0x0, 0x6f, 0x8c, 0xd8, 0x44,
    0x34, 0x46, 0x82, 0x89, 0x0, 0x6c, 0xff, 0xff,
    0xff, 0xf1, 0x0, 0x0, 0x0, 0x0, 0x10, 0x0,
    0x0,

    /* U+8FBE "达" */
    0x5, 0x60, 0x0, 0x0, 0xe7, 0x0, 0x0, 0x5,
    0xf3, 0x0, 0x0, 0xe6, 0x0, 0x0, 0x0, 0xbc,
    0x15, 0x55, 0xf9, 0x55, 0x51, 0x0, 0x23, 0x4e,
    0xef, 0xff, 0xee, 0xe3, 0x0, 0x0, 0x0, 0x3,
    0xf2, 0x0, 0x0, 0x2d, 0xdc, 0x0, 0x6, 0xfb,
    0x0, 0x0, 0x16, 0xae, 0x0, 0xc, 0xbe, 0xb0,
    0x0, 0x0, 0x6e, 0x0, 0x5f, 0x22, 0xfa, 0x0,
    0x0, 0x6e, 0x5, 0xf9, 0x0, 0x4f, 0x80, 0x0,
    0x6e, 0x3f, 0x90, 0x0, 0x7, 0xe1, 0x3, 0xef,
    0x72, 0x0, 0x0, 0x0, 0x10, 0x1e, 0x92, 0xdd,
    0x75, 0x44, 0x57, 0xa6, 0x1c, 0x0, 0x6, 0xce,
    0xff, 0xee, 0xd3, 0x0, 0x0, 0x0, 0x0, 0x0,
    0x0, 0x0,

    /* U+8FC1 "迁" */
    0x0, 0x0, 0x0, 0x0, 0x0, 0x25, 0x0, 0xa,
    0xb0, 0x5, 0x79, 0xbf, 0xfb, 0x20, 0x1, 0xdb,
    0xb, 0xa8, 0xf7, 0x0, 0x0, 0x0, 0x28, 0x0,
    0x0, 0xe5, 0x0, 0x0, 0x0, 0x0, 0x0, 0x0,
    0xe5, 0x0, 0x0, 0x3, 0x33, 0x6d, 0xdd, 0xfe,
    0xdd, 0xd3, 0x2f, 0xfe, 0x25, 0x55, 0xf9, 0x55,
    0x51, 0x0, 0x5e, 0x0, 0x0, 0xe5, 0x0, 0x0,
    0x0, 0x5e, 0x0, 0x0, 0xe5, 0x0, 0x0, 0x0,
    0x5e, 0x0, 0x0, 0xe5, 0x0, 0x0, 0x0, 0x9f,
    0x20, 0x0, 0xe5, 0x0, 0x0, 0xc, 0xc8, 0xea,
    0x54, 0x75, 0x45, 0x72, 0x1c, 0x10, 0x28, 0xce,
    0xee, 0xed, 0xd2, 0x0, 0x0, 0x0, 0x0, 0x0,
    0x0, 0x0,

    /* U+8FC7 "过" */
    0x2, 0x40, 0x0, 0x0, 0x0, 0xe6, 0x0, 0x8,
    0xf3, 0x0, 0x0, 0x0, 0xe6, 0x0, 0x0, 0xae,
    0x14, 0x44, 0x44, 0xf9, 0x41, 0x0, 0x17, 0x2f,
    0xff, 0xff, 0xff, 0xf3, 0x0, 0x0, 0x0, 0x0,
    0x0, 0xe6, 0x0, 0x5, 0x55, 0x5, 0xc0, 0x0,
    0xe6, 0x0, 0x1d, 0xee, 0x1, 0xe9, 0x0, 0xe6,
    0x0, 0x0, 0x5e, 0x0, 0x4f, 0x20, 0xe6, 0x0,
    0x0, 0x5e, 0x0, 0x3, 0x0, 0xe6, 0x0, 0x0,
    0x5e, 0x0, 0x3, 0x67, 0xf5, 0x0, 0x3, 0xbf,
    0x61, 0x2, 0xed, 0xa1, 0x0, 0x2f, 0xc7, 0xdf,
    0xed, 0xdd, 0xdd, 0xc5, 0x5, 0x0, 0x2, 0x56,
    0x76, 0x66, 0x51,

    /* U+8FD0 "运" */
    0x0, 0x0, 0x0, 0x0, 0x0, 0x0, 0x0, 0x8,
    0xc2, 0x3, 0xff, 0xff, 0xff, 0xc0, 0x1, 0xbf,
    0x30, 0x33, 0x33, 0x33, 0x20, 0x0, 0x6, 0x0,
    0x0, 0x0, 0x0, 0x0, 0x0, 0x0, 0x3d, 0xdd,
    0xdd, 0xdd, 0xda, 0x2f, 0xfe, 0x16, 0x6c, 0xe6,
    0x66, 0x64, 0x4, 0x8e, 0x0, 0x1f, 0x70, 0xb7,
    0x0, 0x0, 0x5e, 0x0, 0x8d, 0x0, 0x5f, 0x10,
    0x0, 0x5e, 0x3, 0xf8, 0x46, 0x7f, 0xa0, 0x0,
    0x5e, 0x9, 0xff, 0xed, 0xba, 0xf3, 0x0, 0x9f,
    0x31, 0x20, 0x0, 0x0, 0x61, 0xb, 0xf9, 0xeb,
    0x64, 0x34, 0x45, 0x77, 0xd, 0x40, 0x18, 0xdf,
    0xff, 0xff, 0xfa, 0x0, 0x0, 0x0, 0x0, 0x0,
    0x0, 0x0,

    /* U+8FD1 "近" */
    0x1, 0x30, 0x0, 0x1, 0x24, 0x69, 0x60, 0x6,
    0xf3, 0x2, 0xff, 0xfd, 0xc8, 0x50, 0x0, 0x8e,
    0x12, 0xf3, 0x0, 0x0, 0x0, 0x0, 0x5, 0x2,
    0xf2, 0x0, 0x0, 0x0, 0x0, 0x0, 0x2, 0xfe,
    0xdd, 0xdd, 0xd5, 0x1f, 0xfe, 0x3, 0xf5, 0x48,
    0xf4, 0x41, 0x5, 0x9e, 0x4, 0xf0, 0x5, 0xf0,
    0x0, 0x0, 0x5e, 0x7, 0xd0, 0x5, 0xf0, 0x0,
    0x0, 0x5e, 0xb, 0xa0, 0x5, 0xf0, 0x0, 0x0,
    0x5e, 0x2f, 0x30, 0x5, 0xf0, 0x0, 0x1, 0xcf,
    0x68, 0x0, 0x4, 0xc0, 0x0, 0x1d, 0x93, 0xdc,
    0x76, 0x55, 0x68, 0xa6, 0xb, 0x0, 0x6, 0xbc,
    0xed, 0xdd, 0xc3, 0x0, 0x0, 0x0, 0x0, 0x0,
    0x0, 0x0,

    /* U+8FD8 "还" */
    0x6, 0x30, 0x0, 0x0, 0x0, 0x0, 0x0, 0x9,
    0xe2, 0x6f, 0xff, 0xff, 0xff, 0xe0, 0x0, 0xbd,
    0x25, 0x55, 0xdd, 0x55, 0x40, 0x0, 0x12, 0x0,
    0x5, 0xf5, 0x0, 0x0, 0x1, 0x10, 0x0, 0x1e,
    0xf3, 0x20, 0x0, 0x9f, 0xf6, 0x1, 0xcf, 0xf9,
    0xf3, 0x0, 0x12, 0xe6, 0x3e, 0xe5, 0xf3, 0x9f,
    0x30, 0x0, 0xe7, 0xee, 0x31, 0xf3, 0xa, 0xe0,
    0x0, 0xe6, 0x31, 0x1, 0xf3, 0x0, 0x30, 0x0,
    0xe6, 0x0, 0x1, 0xf3, 0x0, 0x0, 0x6, 0xfb,
    0x10, 0x1, 0xd2, 0x0, 0x0, 0x6f, 0x8c, 0xf9,
    0x54, 0x44, 0x56, 0x84, 0x79, 0x0, 0x5b, 0xef,
    0xff, 0xff, 0xe3, 0x0, 0x0, 0x0, 0x0, 0x0,
    0x0, 0x0,

    /* U+8FD9 "这" */
    0x0, 0x0, 0x0, 0x0, 0x0, 0x0, 0x0, 0x1,
    0x10, 0x0, 0x5, 0xe0, 0x0, 0x0, 0xa, 0xd1,
    0x0, 0x1, 0xf7, 0x0, 0x0, 0x0, 0xcc, 0x9d,
    0xdd, 0xfe, 0xdd, 0xd5, 0x0, 0x23, 0x35, 0x55,
    0x55, 0xdb, 0x52, 0x0, 0x0, 0xa, 0x40, 0x1,
    0xf4, 0x0, 0x5, 0x54, 0x9, 0xf7, 0x8, 0xd0,
    0x0, 0xd, 0xee, 0x0, 0x5f, 0xaf, 0x50, 0x0,
    0x0, 0x5e, 0x0, 0x4, 0xff, 0x20, 0x0, 0x0,
    0x5e, 0x0, 0x4e, 0xcb, 0xf5, 0x0, 0x0, 0x5e,
    0x3c, 0xfa, 0x0, 0x8f, 0x70, 0x0, 0x8e, 0x5b,
    0x30, 0x0, 0x7, 0x50, 0xa, 0xfd, 0xfa, 0x54,
    0x33, 0x45, 0x64, 0xd, 0x40, 0x4a, 0xef, 0xff,
    0xff, 0xf5, 0x0, 0x0, 0x0, 0x0, 0x10, 0x0,
    0x0,

    /* U+8FDB "进" */
    0x0, 0x0, 0x0, 0x0, 0x0, 0x0, 0x0, 0x7,
    0xb1, 0x0, 0x3f, 0x0, 0xf5, 0x0, 0x0, 0xbd,
    0x14, 0x7f, 0x54, 0xf8, 0x40, 0x0, 0x6, 0x1f,
    0xff, 0xff, 0xff, 0xf0, 0x0, 0x0, 0x0, 0x3f,
    0x0, 0xf5, 0x0, 0x1c, 0xcb, 0x0, 0x3f, 0x0,
    0xf5, 0x0, 0x4, 0x8e, 0x2f, 0xff, 0xff, 0xff,
    0xf4, 0x0, 0x5e, 0x4, 0xad, 0x44, 0xf8, 0x41,
    0x0, 0x5e, 0x0, 0xd8, 0x0, 0xf5, 0x0, 0x0,
    0x5e, 0x6, 0xf3, 0x0, 0xf5, 0x0, 0x0, 0x8f,
    0x1b, 0x70, 0x0, 0xf5, 0x0, 0xb, 0xb6, 0xd9,
    0x43, 0x23, 0x76, 0x75, 0x1d, 0x10, 0x28, 0xdf,
    0xff, 0xff, 0xe4, 0x0, 0x0, 0x0, 0x0, 0x0,
    0x0, 0x0,

    /* U+8FDE "连" */
    0x8, 0x30, 0x0, 0x2d, 0x20, 0x0, 0x0, 0x8,
    0xe2, 0x58, 0xbf, 0x98, 0x88, 0x60, 0x0, 0xba,
    0x59, 0xfb, 0x88, 0x88, 0x60, 0x0, 0x10, 0x4,
    0xf1, 0x79, 0x0, 0x0, 0x24, 0x41, 0xd, 0xa3,
    0xac, 0x33, 0x10, 0x8e, 0xf6, 0x2f, 0xff, 0xff,
    0xff, 0x40, 0x0, 0xd6, 0x1, 0x0, 0x9b, 0x0,
    0x0, 0x0, 0xd6, 0x56, 0x66, 0xcd, 0x66, 0x60,
    0x0, 0xd6, 0x9c, 0xcc, 0xef, 0xcc, 0xb0, 0x0,
    0xd6, 0x0, 0x0, 0x9b, 0x0, 0x0, 0x7, 0xfc,
    0x10, 0x0, 0x9b, 0x0, 0x0, 0x6f, 0x5a, 0xf9,
    0x54, 0x56, 0x57, 0xa4, 0x79, 0x0, 0x4b, 0xef,
    0xff, 0xff, 0xe1, 0x0, 0x0, 0x0, 0x0, 0x0,
    0x0, 0x0,

    /* U+8FF7 "迷" */
    0xb, 0x30, 0x3, 0x2, 0xf1, 0x4, 0x10, 0x9,
    0xe1, 0x4f, 0x12, 0xf1, 0x1f, 0x50, 0x0, 0xc9,
    0xc, 0x82, 0xf1, 0x7d, 0x0, 0x0, 0x20, 0x6,
    0x82, 0xf1, 0xa4, 0x0, 0x1, 0x10, 0x67, 0x78,
    0xf8, 0x77, 0x50, 0x8f, 0xf6, 0xac, 0xcf, 0xff,
    0xcc, 0x90, 0x11, 0xd6, 0x0, 0x6f, 0xff, 0x80,
    0x0, 0x0, 0xd6, 0x4, 0xf6, 0xf4, 0xe9, 0x0,
    0x0, 0xd6, 0x6f, 0x62, 0xf1, 0x2e, 0x90, 0x0,
    0xd6, 0xa6, 0x2, 0xf1, 0x3, 0x60, 0x8, 0xfd,
    0x20, 0x1, 0xa0, 0x0, 0x0, 0x7f, 0x8c, 0xfa,
    0x54, 0x44, 0x56, 0x83, 0x79, 0x0, 0x6c, 0xff,
    0xff, 0xff, 0xe1, 0x0, 0x0, 0x0, 0x0, 0x0,
    0x0, 0x0,

    /* U+9002 "适" */
    0x0, 0x0, 0x0, 0x0, 0x0, 0x34, 0x0, 0x2d,
    0x30, 0x29, 0xac, 0xdf, 0xfc, 0x10, 0x8, 0xf2,
    0x18, 0x65, 0xf6, 0x0, 0x0, 0x0, 0xa4, 0x23,
    0x33, 0xf7, 0x33, 0x30, 0x0, 0x0, 0xde, 0xee,
    0xff, 0xee, 0xe1, 0x7b, 0xb4, 0x0, 0x0, 0xf5,
    0x0, 0x0, 0x12, 0xe6, 0xd, 0xee, 0xff, 0xee,
    0x20, 0x0, 0xd6, 0xe, 0x61, 0x11, 0x3f, 0x20,
    0x0, 0xd6, 0xe, 0x40, 0x0, 0x1f, 0x20, 0x0,
    0xd6, 0xe, 0xed, 0xdd, 0xdf, 0x20, 0x4, 0xfc,
    0x22, 0x22, 0x22, 0x22, 0x0, 0x4f, 0x99, 0xfa,
    0x54, 0x44, 0x57, 0x91, 0x59, 0x0, 0x28, 0xcd,
    0xed, 0xdd, 0xb0, 0x0, 0x0, 0x0, 0x0, 0x0,
    0x0, 0x0,

    /* U+9009 "选" */
    0x2, 0x20, 0x0, 0x63, 0x5e, 0x0, 0x0, 0xa,
    0xe3, 0x0, 0xf6, 0x5e, 0x0, 0x0, 0x0, 0xbe,
    0x6, 0xff, 0xff, 0xff, 0xf0, 0x0, 0x16, 0x1f,
    0x82, 0x7e, 0x22, 0x20, 0x0, 0x0, 0x6, 0x0,
    0x5e, 0x0, 0x0, 0x3, 0x33, 0x3c, 0xcc, 0xef,
    0xcc, 0xc7, 0xf, 0xfe, 0x15, 0x5f, 0xa8, 0xf5,
    0x53, 0x0, 0x5e, 0x0, 0x1f, 0x44, 0xf0, 0x0,
    0x0, 0x5e, 0x0, 0x9e, 0x4, 0xf0, 0x55, 0x0,
    0x5e, 0x19, 0xf4, 0x4, 0xf4, 0xb9, 0x0, 0x5e,
    0x5d, 0x40, 0x1, 0xde, 0xe3, 0x4, 0xed, 0xea,
    0x53, 0x22, 0x23, 0x43, 0xd, 0x80, 0x19, 0xdf,
    0xff, 0xff, 0xf8, 0x1, 0x0, 0x0, 0x0, 0x0,
    0x0, 0x0,

    /* U+900F "透" */
    0x1, 0x10, 0x0, 0x1, 0x23, 0x57, 0x50, 0xa,
    0xd1, 0xb, 0xed, 0xef, 0xa8, 0x50, 0x1, 0xdc,
    0x0, 0x0, 0x6e, 0x0, 0x0, 0x0, 0x29, 0x5f,
    0xff, 0xff, 0xff, 0xfa, 0x0, 0x0, 0x0, 0x3c,
    0xdf, 0xd7, 0x0, 0x7, 0x76, 0x4b, 0xd4, 0x5d,
    0x1a, 0xe7, 0x9, 0xce, 0x28, 0xdc, 0xcc, 0xc2,
    0x23, 0x0, 0x5e, 0x0, 0x1c, 0x83, 0xfc, 0xb3,
    0x0, 0x5e, 0x0, 0x2f, 0x30, 0x33, 0xf3, 0x0,
    0x5e, 0x3, 0xea, 0x0, 0x3, 0xf1, 0x0, 0x6f,
    0x6e, 0x80, 0x1, 0xee, 0x80, 0x6, 0xfb, 0xeb,
    0x63, 0x22, 0x33, 0x56, 0xd, 0x70, 0x7, 0xdf,
    0xff, 0xff, 0xfa, 0x0, 0x0, 0x0, 0x0, 0x1,
    0x0, 0x0,

    /* U+901F "速" */
    0x1, 0x0, 0x0, 0x0, 0xe5, 0x0, 0x0, 0xb,
    0xb0, 0x12, 0x22, 0xe7, 0x22, 0x21, 0x3, 0xfa,
    0x6e, 0xee, 0xff, 0xee, 0xe6, 0x0, 0x5b, 0x1,
    0x11, 0xe6, 0x11, 0x10, 0x0, 0x0, 0xe, 0xfe,
    0xff, 0xef, 0xe0, 0x2b, 0xba, 0xe, 0x30, 0xe5,
    0x5, 0xe0, 0x3, 0x7e, 0xe, 0xff, 0xff, 0xff,
    0xe0, 0x0, 0x5e, 0x0, 0x2d, 0xff, 0x91, 0x0,
    0x0, 0x5e, 0x2, 0xc9, 0xe8, 0xcd, 0x30, 0x0,
    0x5e, 0x5f, 0x90, 0xe5, 0x7, 0xf1, 0x0, 0xbf,
    0x54, 0x0, 0xc4, 0x0, 0x10, 0xc, 0xe8, 0xeb,
    0x53, 0x22, 0x34, 0x66, 0x2d, 0x20, 0x18, 0xdf,
    0xff, 0xff, 0xe7, 0x0, 0x0, 0x0, 0x0, 0x0,
    0x0, 0x0,

    /* U+903B "逻" */
    0x0, 0x0, 0x0, 0x0, 0x0, 0x0, 0x0, 0x6,
    0xc1, 0xf, 0xff, 0xff, 0xff, 0xf4, 0x0, 0xae,
    0x1f, 0x1c, 0x22, 0xc0, 0xd4, 0x0, 0x3, 0xf,
    0xcf, 0xdd, 0xfc, 0xf4, 0x1, 0x11, 0x3, 0x3e,
    0xb3, 0x33, 0x31, 0x2f, 0xfe, 0x0, 0x6f, 0x74,
    0x44, 0x10, 0x5, 0x8e, 0x4, 0xfc, 0xcc, 0xcf,
    0x90, 0x0, 0x5e, 0x3f, 0x87, 0x10, 0x8e, 0x10,
    0x0, 0x5e, 0x2, 0x1c, 0xea, 0xe3, 0x0, 0x0,
    0x5e, 0x0, 0x39, 0xfc, 0x20, 0x0, 0x1, 0xaf,
    0x2c, 0xfb, 0x40, 0x0, 0x0, 0x1d, 0xc8, 0xfd,
    0x63, 0x23, 0x34, 0x67, 0x2d, 0x10, 0x29, 0xef,
    0xff, 0xff, 0xf9, 0x0, 0x0, 0x0, 0x0, 0x10,
    0x0, 0x0,

    /* U+9053 "道" */
    0x0, 0x0, 0x0, 0x84, 0x0, 0x65, 0x0, 0xb,
    0xa0, 0x0, 0x7c, 0x1, 0xf3, 0x0, 0x2, 0xe8,
    0x6f, 0xff, 0xff, 0xff, 0xf5, 0x0, 0x46, 0x1,
    0x11, 0xe6, 0x11, 0x10, 0x0, 0x0, 0x4, 0xee,
    0xfe, 0xee, 0x30, 0x1c, 0xcb, 0x4, 0xe0, 0x0,
    0x1f, 0x30, 0x6, 0x9e, 0x4, 0xfd, 0xdd, 0xef,
    0x30, 0x0, 0x5e, 0x4, 0xe0, 0x0, 0xf, 0x30,
    0x0, 0x5e, 0x4, 0xfd, 0xdd, 0xef, 0x30, 0x0,
    0x5e, 0x4, 0xe0, 0x0, 0xf, 0x30, 0x0, 0x6f,
    0x4, 0xee, 0xee, 0xee, 0x30, 0x8, 0xd8, 0xd8,
    0x42, 0x12, 0x24, 0x64, 0x1d, 0x20, 0x28, 0xdf,
    0xff, 0xff, 0xe4, 0x0, 0x0, 0x0, 0x0, 0x0,
    0x0, 0x0,

    /* U+90E8 "部" */
    0x0, 0x4, 0x80, 0x0, 0x0, 0x0, 0x0, 0x2,
    0x26, 0xf3, 0x21, 0x5f, 0xff, 0xe2, 0xe, 0xff,
    0xff, 0xfb, 0x5d, 0x28, 0xe0, 0x0, 0xc3, 0x4,
    0xd0, 0x5c, 0xb, 0x80, 0x0, 0xb8, 0xa, 0xb0,
    0x5c, 0x1f, 0x20, 0x3, 0x8b, 0x3f, 0x73, 0x5c,
    0x6c, 0x0, 0x4f, 0xff, 0xff, 0xff, 0x5c, 0x2e,
    0x30, 0x0, 0x11, 0x11, 0x10, 0x5c, 0x7, 0xc0,
    0x8, 0xff, 0xff, 0xf6, 0x5c, 0x2, 0xf0, 0x8,
    0xb1, 0x11, 0xd6, 0x5c, 0x16, 0xf0, 0x8, 0xa0,
    0x0, 0xd6, 0x5c, 0xbe, 0x70, 0x8, 0xff, 0xff,
    0xf6, 0x5c, 0x0, 0x0, 0x8, 0xb2, 0x22, 0xc6,
    0x5c, 0x0, 0x0, 0x0, 0x0, 0x0, 0x0, 0x0,
    0x0, 0x0,

    /* U+91CC "里" */
    0x0, 0xdf, 0xff, 0xff, 0xff, 0xff, 0x0, 0x0,
    0xd8, 0x22, 0x9b, 0x22, 0x6f, 0x0, 0x0, 0xde,
    0xcc, 0xee, 0xcc, 0xdf, 0x0, 0x0, 0xd9, 0x44,
    0xac, 0x44, 0x7f, 0x0, 0x0, 0xd7, 0x0, 0x8a,
    0x0, 0x4f, 0x0, 0x0, 0xdf, 0xff, 0xff, 0xff,
    0xff, 0x0, 0x0, 0x22, 0x22, 0xac, 0x22, 0x22,
    0x0, 0x1, 0x33, 0x33, 0xbd, 0x33, 0x33, 0x10,
    0x4, 0xff, 0xff, 0xff, 0xff, 0xff, 0x70, 0x0,
    0x0, 0x0, 0x9c, 0x0, 0x0, 0x0, 0x4, 0x44,
    0x44, 0xbd, 0x44, 0x44, 0x41, 0x2e, 0xee, 0xee,
    0xee, 0xee, 0xee, 0xe3,

    /* U+91CD "重" */
    0x0, 0x0, 0x0, 0x2, 0x35, 0x73, 0x0, 0x0,
    0xde, 0xff, 0xff, 0xdc, 0xa6, 0x0, 0x4, 0x66,
    0x55, 0xcb, 0x44, 0x44, 0x40, 0x19, 0x99, 0x99,
    0xed, 0x99, 0x99, 0x91, 0x0, 0x9b, 0xbb, 0xee,
    0xbb, 0xba, 0x0, 0x0, 0xc9, 0x22, 0xca, 0x22,
    0x8d, 0x0, 0x0, 0xcf, 0xee, 0xff, 0xee, 0xfd,
    0x0, 0x0, 0xc8, 0x0, 0xb9, 0x0, 0x7d, 0x0,
    0x0, 0xbe, 0xee, 0xff, 0xee, 0xec, 0x0, 0x0,
    0x22, 0x22, 0xca, 0x22, 0x22, 0x0, 0x2, 0xdd,
    0xdd, 0xff, 0xdd, 0xdd, 0x50, 0x2, 0x22, 0x22,
    0xca, 0x22, 0x22, 0x20, 0x3e, 0xee, 0xee, 0xee,
    0xee, 0xee, 0xe3,

    /* U+91CF "量" */
    0x0, 0x5f, 0xbb, 0xbb, 0xbb, 0xe9, 0x0, 0x0,
    0x5f, 0xaa, 0xaa, 0xaa, 0xe9, 0x0, 0x0, 0x5f,
    0x88, 0x88, 0x88, 0xd9, 0x0, 0x2, 0x46, 0x66,
    0x66, 0x66, 0x65, 0x21, 0xc, 0xcc, 0xcc, 0xcc,
    0xcc, 0xcc, 0xc5, 0x0, 0x7b, 0x99, 0xab, 0x99,
    0xac, 0x0, 0x0, 0x9e, 0xbb, 0xde, 0xbb, 0xcf,
    0x0, 0x0, 0x9c, 0x44, 0xad, 0x44, 0x7f, 0x0,
    0x0, 0x47, 0x77, 0xbd, 0x77, 0x77, 0x0, 0x0,
    0xde, 0xee, 0xff, 0xee, 0xee, 0x40, 0x0, 0x0,
    0x0, 0x7c, 0x0, 0x0, 0x0, 0x1f, 0xff, 0xff,
    0xff, 0xff, 0xff, 0xf7,

    /* U+91D1 "金" */
    0x0, 0x0, 0x0, 0x0, 0x0, 0x0, 0x0, 0x0,
    0x0, 0x0, 0x9c, 0x0, 0x0, 0x0, 0x0, 0x0,
    0x8, 0xff, 0x60, 0x0, 0x0, 0x0, 0x1, 0xbf,
    0x44, 0xea, 0x10, 0x0, 0x1, 0x8f, 0xd2, 0x0,
    0x1c, 0xf9, 0x20, 0x4f, 0xfe, 0xed, 0xdd, 0xdd,
    0xde, 0xf4, 0x5, 0x3, 0x55, 0xdc, 0x55, 0x30,
    0x40, 0x0, 0x0, 0x0, 0xba, 0x0, 0x0, 0x0,
    0x5, 0xff, 0xff, 0xff, 0xff, 0xff, 0x50, 0x1,
    0x4a, 0x33, 0xcb, 0x34, 0xa4, 0x10, 0x0, 0xe,
    0x60, 0xba, 0x6, 0xf1, 0x0, 0x0, 0x8, 0xd0,
    0xba, 0xd, 0x70, 0x0, 0x2, 0x24, 0xa3, 0xcb,
    0x4b, 0x32, 0x20, 0xf, 0xff, 0xff, 0xff, 0xff,
    0xff, 0xf0,

    /* U+949F "钟" */
    0x0, 0xa6, 0x0, 0x0, 0xf, 0x50, 0x0, 0x2,
    0xf8, 0x33, 0x0, 0xf, 0x50, 0x0, 0xb, 0xff,
    0xfd, 0x0, 0xf, 0x50, 0x0, 0x4f, 0x20, 0x0,
    0xae, 0xef, 0xfe, 0xe2, 0x8, 0xff, 0xf9, 0xb8,
    0x2f, 0x73, 0xf2, 0x1, 0x5f, 0x42, 0xb7, 0xf,
    0x50, 0xf2, 0x1, 0x4f, 0x31, 0xb7, 0xf, 0x50,
    0xf2, 0x1f, 0xff, 0xfe, 0xbe, 0xdf, 0xed, 0xf2,
    0x0, 0x3f, 0x10, 0xba, 0x6f, 0x96, 0xf2, 0x0,
    0x2f, 0x10, 0x53, 0xf, 0x50, 0x51, 0x0, 0x2f,
    0x6b, 0x0, 0xf, 0x50, 0x0, 0x0, 0x8f, 0xe6,
    0x0, 0xf, 0x50, 0x0, 0x0, 0x87, 0x0, 0x0,
    0xf, 0x50, 0x0,

    /* U+94AE "钮" */
    0x0, 0x73, 0x0, 0x0, 0x0, 0x0, 0x0, 0x2,
    0xf6, 0x33, 0xbf, 0xff, 0xff, 0xf0, 0xa, 0xff,
    0xfe, 0x22, 0x9c, 0x26, 0xf0, 0x3f, 0x30, 0x0,
    0x0, 0xaa, 0x6, 0xe0, 0xa, 0xff, 0xf8, 0x0,
    0xb8, 0x7, 0xd0, 0x1, 0x4f, 0x31, 0x57, 0xeb,
    0x7b, 0xb0, 0x0, 0x1f, 0x0, 0x9e, 0xfe, 0xdf,
    0xa0, 0x1f, 0xff, 0xfe, 0x1, 0xf3, 0xa, 0x90,
    0x3, 0x5f, 0x43, 0x3, 0xf1, 0xc, 0x80, 0x0,
    0x1f, 0x0, 0x5, 0xf0, 0xd, 0x60, 0x0, 0x2f,
    0x6a, 0x7, 0xd0, 0xf, 0x50, 0x0, 0x4f, 0xf9,
    0x4b, 0xc4, 0x5f, 0x72, 0x0, 0xbb, 0x1b, 0xff,
    0xff, 0xff, 0xf9, 0x0, 0x10, 0x0, 0x0, 0x0,
    0x0, 0x0,

    /* U+94DC "铜" */
    0x0, 0x43, 0x0, 0x0, 0x0, 0x0, 0x0, 0x0,
    0xe9, 0x22, 0xbf, 0xff, 0xff, 0xf2, 0xa, 0xec,
    0xca, 0xb7, 0x22, 0x22, 0xf2, 0x3f, 0x20, 0x0,
    0xb5, 0xef, 0xf5, 0xf2, 0x9, 0xff, 0xfa, 0xb5,
    0x11, 0x10, 0xf2, 0x3, 0xbf, 0x96, 0xb5, 0x23,
    0x30, 0xf2, 0x0, 0x4e, 0x0, 0xb5, 0xbd, 0xe2,
    0xf2, 0xb, 0xcf, 0xb8, 0xb5, 0xb0, 0xa2, 0xf2,
    0x6, 0x9f, 0x64, 0xb5, 0xb1, 0xa2, 0xf2, 0x0,
    0x4e, 0x0, 0xb5, 0xbf, 0xf2, 0xf2, 0x0, 0x4f,
    0x58, 0xb5, 0x90, 0x0, 0xf2, 0x0, 0x9f, 0xd4,
    0xb5, 0x0, 0x23, 0xf2, 0x0, 0x96, 0x0, 0xb5,
    0x0, 0x7f, 0xb0,

    /* U+9500 "销" */
    0x0, 0xa5, 0x0, 0x32, 0xe, 0x40, 0x61, 0x3,
    0xf8, 0x54, 0x9b, 0xe, 0x44, 0xf1, 0xc, 0xed,
    0xda, 0x1f, 0x3e, 0x4c, 0x70, 0x5e, 0x10, 0x0,
    0x5, 0x1e, 0x45, 0x10, 0x9, 0xff, 0xf8, 0xaf,
    0xff, 0xff, 0xe0, 0x1, 0x6f, 0x31, 0xa9, 0x22,
    0x25, 0xe0, 0x0, 0x3f, 0x0, 0xa8, 0x22, 0x25,
    0xe0, 0xb, 0xcf, 0xb9, 0xaf, 0xff, 0xff, 0xe0,
    0x5, 0x7f, 0x54, 0xa7, 0x0, 0x3, 0xe0, 0x0,
    0x3f, 0x0, 0xaf, 0xff, 0xff, 0xe0, 0x0, 0x3f,
    0x78, 0xa8, 0x22, 0x25, 0xe0, 0x0, 0x9f, 0xc3,
    0xa7, 0x0, 0x47, 0xe0, 0x0, 0x65, 0x0, 0xa7,
    0x0, 0xcd, 0x70,

    /* U+957F "长" */
    0x0, 0xa, 0xb0, 0x0, 0x0, 0x84, 0x0, 0x0,
    0xa, 0xb0, 0x0, 0x9, 0xf4, 0x0, 0x0, 0xa,
    0xb0, 0x3, 0xcf, 0x30, 0x0, 0x0, 0xa, 0xb1,
    0xaf, 0xc2, 0x0, 0x0, 0x0, 0xa, 0xb0, 0xb6,
    0x0, 0x0, 0x0, 0x5, 0x5c, 0xc5, 0x55, 0x55,
    0x55, 0x50, 0x2f, 0xff, 0xff, 0xff, 0xff, 0xff,
    0xf2, 0x0, 0xa, 0xb0, 0x1f, 0x50, 0x0, 0x0,
    0x0, 0xa, 0xb0, 0x8, 0xe1, 0x0, 0x0, 0x0,
    0xa, 0xb0, 0x0, 0xdd, 0x10, 0x0, 0x0, 0xa,
    0xb0, 0x36, 0x2e, 0xe5, 0x0, 0x0, 0xd, 0xff,
    0xfc, 0x1, 0xbf, 0xd3, 0x0, 0xd, 0x95, 0x10,
    0x0, 0x4, 0x80, 0x0, 0x0, 0x0, 0x0, 0x0,
    0x0, 0x0,

    /* U+95F4 "间" */
    0x25, 0x0, 0x0, 0x0, 0x0, 0x0, 0x4f, 0x40,
    0xff, 0xff, 0xff, 0xfe, 0x7, 0x90, 0x33, 0x33,
    0x33, 0x8e, 0x94, 0x0, 0x0, 0x0, 0x0, 0x6e,
    0xe6, 0xe, 0xff, 0xff, 0x50, 0x6e, 0xe6, 0xe,
    0x51, 0x1d, 0x60, 0x6e, 0xe6, 0xe, 0x51, 0x1d,
    0x60, 0x6e, 0xe6, 0xe, 0xff, 0xff, 0x60, 0x6e,
    0xe6, 0xe, 0x30, 0xd, 0x60, 0x6e, 0xe6, 0xe,
    0x63, 0x3d, 0x60, 0x6e, 0xe6, 0xc, 0xdd, 0xdd,
    0x50, 0x6e, 0xe6, 0x0, 0x0, 0x0, 0x2, 0x8e,
    0xe6, 0x0, 0x0, 0x0, 0xe, 0xf8,

    /* U+961F "队" */
    0x0, 0x0, 0x0, 0x9, 0xc0, 0x0, 0xd, 0xff,
    0xfa, 0x0, 0x9b, 0x0, 0x0, 0xd7, 0x2d, 0x80,
    0x9, 0xb0, 0x0, 0xd, 0x52, 0xf1, 0x0, 0xaa,
    0x0, 0x0, 0xd5, 0x8a, 0x0, 0xb, 0xb0, 0x0,
    0xd, 0x57, 0xd0, 0x0, 0xdd, 0x0, 0x0, 0xd5,
    0xd, 0x70, 0xf, 0xf1, 0x0, 0xd, 0x50, 0x8b,
    0x3, 0xff, 0x60, 0x0, 0xd6, 0x5d, 0xa0, 0x8d,
    0x9c, 0x0, 0xd, 0x5b, 0xc3, 0x1f, 0x62, 0xf4,
    0x0, 0xd5, 0x0, 0xb, 0xe0, 0xb, 0xd1, 0xd,
    0x50, 0xa, 0xf4, 0x0, 0x1e, 0xd1, 0xd5, 0x2,
    0xd4, 0x0, 0x0, 0x2c, 0x20, 0x0, 0x0, 0x0,
    0x0, 0x0, 0x0,

    /* U+9636 "阶" */
    0x0, 0x0, 0x0, 0x5, 0x60, 0x0, 0xe, 0xff,
    0xf6, 0x0, 0xed, 0x0, 0x0, 0xe7, 0x5f, 0x20,
    0x8f, 0xdb, 0x0, 0xe, 0x59, 0xa0, 0x5f, 0x51,
    0xea, 0x0, 0xe6, 0xf3, 0x6f, 0x80, 0x2, 0xdd,
    0x2e, 0x5b, 0x98, 0x66, 0x0, 0x53, 0x70, 0xe5,
    0x1f, 0x21, 0xf2, 0xe, 0x50, 0xe, 0x50, 0xd6,
    0x2f, 0x20, 0xe5, 0x0, 0xe7, 0x5f, 0x53, 0xf0,
    0xe, 0x50, 0xe, 0x8d, 0xa0, 0x5e, 0x0, 0xe5,
    0x0, 0xe5, 0x0, 0xa, 0xc0, 0xe, 0x50, 0xe,
    0x50, 0x4, 0xf5, 0x0, 0xe5, 0x0, 0xe5, 0x0,
    0x8a, 0x0, 0xd, 0x50, 0x0, 0x0, 0x0, 0x0,
    0x0, 0x0, 0x0,

    /* U+964D "降" */
    0x0, 0x0, 0x0, 0x17, 0x0, 0x0, 0xe, 0xff,
    0xf2, 0xc, 0xfc, 0xcb, 0x20, 0xe5, 0x7c, 0x2c,
    0xf6, 0x4b, 0xf1, 0xe, 0x3c, 0x5a, 0xa9, 0xd8,
    0xf5, 0x0, 0xe6, 0xf0, 0x0, 0x4f, 0xfb, 0x10,
    0xe, 0x3d, 0x68, 0xef, 0x96, 0xdf, 0xc3, 0xe3,
    0x4e, 0x86, 0x11, 0xd2, 0x37, 0xe, 0x31, 0xf4,
    0xff, 0xff, 0xff, 0xb0, 0xe6, 0x8f, 0x19, 0x34,
    0xf4, 0x22, 0xe, 0x8c, 0x63, 0xf1, 0x2f, 0x30,
    0x0, 0xe3, 0x0, 0x8f, 0xff, 0xff, 0xff, 0x2e,
    0x30, 0x0, 0x11, 0x3f, 0x31, 0x10, 0xe3, 0x0,
    0x0, 0x1, 0xf2, 0x0, 0x0, 0x0, 0x0, 0x0,
    0x0, 0x0, 0x0,

    /* U+968F "随" */
    0x0, 0x0, 0x0, 0x0, 0x82, 0x0, 0xe, 0xff,
    0xc3, 0x2, 0x4f, 0x52, 0x21, 0xe5, 0x9b, 0xe3,
    0xef, 0xff, 0xff, 0x6e, 0x3c, 0x55, 0xb1, 0xe5,
    0x0, 0x0, 0xe4, 0xf0, 0x0, 0x9f, 0xfe, 0xfe,
    0xe, 0x5e, 0x25, 0x8f, 0xf2, 0x3, 0xe0, 0xe3,
    0xba, 0xce, 0x2e, 0xee, 0xfe, 0xe, 0x36, 0xa3,
    0xe0, 0xe2, 0x3, 0xe0, 0xe3, 0x5b, 0x3e, 0xe,
    0xfe, 0xfe, 0xe, 0x8e, 0x73, 0xe0, 0xe2, 0x3,
    0xe0, 0xe3, 0x10, 0x7f, 0x1e, 0x24, 0xfa, 0xe,
    0x30, 0x6d, 0x7d, 0x73, 0x12, 0x33, 0xe3, 0x8,
    0x30, 0x2a, 0xef, 0xff, 0x60, 0x0, 0x0, 0x0,
    0x0, 0x0, 0x0,

    /* U+96C6 "集" */
    0x0, 0x9, 0xb0, 0x4d, 0x0, 0x0, 0x0, 0x0,
    0x4f, 0xb8, 0x9f, 0xa8, 0x88, 0x30, 0x3, 0xed,
    0x77, 0x9f, 0x87, 0x77, 0x30, 0x3f, 0xfe, 0xbb,
    0xcf, 0xbb, 0xb9, 0x0, 0x18, 0xab, 0x22, 0x5f,
    0x32, 0x22, 0x0, 0x0, 0x9f, 0xff, 0xff, 0xff,
    0xfd, 0x0, 0x0, 0x9b, 0x11, 0x4f, 0x21, 0x11,
    0x10, 0x0, 0x9f, 0xff, 0xff, 0xff, 0xff, 0xc0,
    0x1, 0x33, 0x11, 0xba, 0x11, 0x11, 0x10, 0x3f,
    0xff, 0xff, 0xff, 0xff, 0xff, 0xf3, 0x0, 0x3,
    0xbe, 0xdc, 0xea, 0x30, 0x0, 0x17, 0xcf, 0x80,
    0xa9, 0x8, 0xfc, 0x71, 0x2b, 0x61, 0x0, 0xa9,
    0x0, 0x6, 0xa1,

    /* U+96FE "雾" */
    0x2, 0xdd, 0xdd, 0xfe, 0xdd, 0xdd, 0x20, 0xa,
    0xaa, 0xaa, 0xfc, 0xaa, 0xaa, 0xa0, 0xf, 0x6a,
    0xa5, 0xd6, 0xaa, 0xa6, 0xe0, 0xb, 0x48, 0x83,
    0xd6, 0x77, 0x74, 0xb0, 0x0, 0x16, 0x93, 0xd5,
    0x77, 0x71, 0x0, 0x0, 0x4b, 0xed, 0xdd, 0xde,
    0xfa, 0x0, 0x8, 0xb8, 0xd7, 0x34, 0x9c, 0x60,
    0x0, 0x26, 0x89, 0xcf, 0xdd, 0xfd, 0xcb, 0xa3,
    0x19, 0x76, 0x32, 0xb1, 0x2, 0x34, 0x50, 0x1,
    0xee, 0xef, 0xff, 0xee, 0xe9, 0x0, 0x0, 0x3,
    0xae, 0x20, 0x0, 0xd7, 0x0, 0x5, 0xfc, 0x70,
    0x0, 0xff, 0xd1, 0x0, 0x0, 0x0, 0x0, 0x0,
    0x0, 0x0, 0x0,

    /* U+9752 "青" */
    0x0, 0x0, 0x0, 0xb9, 0x0, 0x0, 0x0, 0x4,
    0xff, 0xff, 0xff, 0xff, 0xff, 0x60, 0x0, 0x0,
    0x0, 0xb9, 0x0, 0x0, 0x0, 0x0, 0xbf, 0xff,
    0xff, 0xff, 0xfc, 0x0, 0x4, 0x44, 0x44, 0xcb,
    0x44, 0x44, 0x40, 0x19, 0x99, 0x99, 0x99, 0x99,
    0x99, 0x91, 0x0, 0x3c, 0xcc, 0xcc, 0xcc, 0xc4,
    0x0, 0x0, 0x3f, 0x43, 0x33, 0x33, 0xf5, 0x0,
    0x0, 0x3f, 0xee, 0xee, 0xee, 0xf5, 0x0, 0x0,
    0x3f, 0x21, 0x11, 0x11, 0xf5, 0x0, 0x0, 0x3f,
    0xed, 0xdd, 0xdd, 0xf5, 0x0, 0x0, 0x3f, 0x0,
    0x0, 0x11, 0xf5, 0x0, 0x0, 0x3f, 0x0, 0x0,
    0xde, 0xc1, 0x0,

    /* U+9759 "静" */
    0x0, 0x0, 0x0, 0x0, 0x0, 0x0, 0x0, 0x0,
    0xb, 0x70, 0x0, 0x98, 0x0, 0x0, 0x5, 0x5d,
    0xa5, 0x41, 0xf9, 0x32, 0x0, 0x9, 0x9e, 0xc9,
    0x79, 0xfc, 0xee, 0x0, 0x9, 0xcf, 0xec, 0xaf,
    0x52, 0xe4, 0x0, 0x14, 0x4d, 0x94, 0x4b, 0xff,
    0xff, 0xe0, 0x29, 0x99, 0x99, 0x80, 0xf, 0x34,
    0xe0, 0x6, 0xdd, 0xdd, 0x7e, 0xef, 0xee, 0xfa,
    0x7, 0xb1, 0x1e, 0x52, 0x2f, 0x66, 0xe2, 0x7,
    0xff, 0xff, 0x42, 0x4f, 0x77, 0xe0, 0x7, 0xa0,
    0xe, 0x49, 0xef, 0xff, 0xe0, 0x7, 0xfe, 0xef,
    0x40, 0xf, 0x31, 0x50, 0x7, 0xa0, 0xe, 0x41,
    0x3f, 0x30, 0x0, 0x7, 0xa1, 0xfd, 0x15, 0xfc,
    0x10, 0x0,

    /* U+9762 "面" */
    0x2f, 0xff, 0xff, 0xff, 0xff, 0xff, 0xf3, 0x3,
    0x33, 0x33, 0xf9, 0x33, 0x33, 0x30, 0x0, 0x11,
    0x13, 0xf5, 0x11, 0x11, 0x0, 0x8, 0xff, 0xff,
    0xff, 0xff, 0xff, 0x80, 0x8, 0xb1, 0x9a, 0x11,
    0xc7, 0x1c, 0x80, 0x8, 0xb0, 0x8e, 0xcc, 0xf6,
    0xc, 0x80, 0x8, 0xb0, 0x8b, 0x33, 0xd6, 0xc,
    0x80, 0x8, 0xb0, 0x8a, 0x11, 0xc6, 0xc, 0x80,
    0x8, 0xb0, 0x8f, 0xff, 0xf6, 0xc, 0x80, 0x8,
    0xb0, 0x89, 0x0, 0xc6, 0xc, 0x80, 0x8, 0xff,
    0xff, 0xff, 0xff, 0xff, 0x80, 0x8, 0xc3, 0x33,
    0x33, 0x33, 0x3d, 0x80,

    /* U+9875 "页" */
    0xe, 0xff, 0xff, 0xff, 0xff, 0xff, 0xf0, 0x3,
    0x33, 0x34, 0xf7, 0x33, 0x33, 0x30, 0x0, 0x23,
    0x37, 0xf4, 0x33, 0x33, 0x0, 0x0, 0xaf, 0xff,
    0xff, 0xff, 0xfd, 0x0, 0x0, 0xaa, 0x0, 0x33,
    0x0, 0x8d, 0x0, 0x0, 0xaa, 0x0, 0x9b, 0x0,
    0x8d, 0x0, 0x0, 0xaa, 0x0, 0x9b, 0x0, 0x8d,
    0x0, 0x0, 0xaa, 0x0, 0xaa, 0x0, 0x8d, 0x0,
    0x0, 0xaa, 0x1, 0xe7, 0x20, 0x8d, 0x0, 0x0,
    0x22, 0x1c, 0xe3, 0xfb, 0x52, 0x0, 0x0, 0x4a,
    0xfc, 0x20, 0x18, 0xfc, 0x30, 0xe, 0xea, 0x40,
    0x0, 0x0, 0x1a, 0xc0, 0x1, 0x0, 0x0, 0x0,
    0x0, 0x0, 0x0,

    /* U+9879 "项" */
    0x0, 0x0, 0xe, 0xff, 0xff, 0xff, 0xf1, 0x8e,
    0xff, 0xd2, 0x24, 0xf7, 0x22, 0x20, 0x0, 0xd6,
    0x6, 0xef, 0xfe, 0xee, 0x30, 0x0, 0xd6, 0x7,
    0xd3, 0x54, 0x4f, 0x30, 0x0, 0xd6, 0x7, 0xc0,
    0xb8, 0xf, 0x30, 0x0, 0xd6, 0x7, 0xc0, 0xb8,
    0xf, 0x30, 0x0, 0xd6, 0x27, 0xc0, 0xc8, 0xf,
    0x30, 0x15, 0xef, 0xf7, 0xc0, 0xd7, 0xf, 0x30,
    0xaf, 0xb5, 0x4, 0x72, 0xf3, 0x18, 0x20, 0x21,
    0x0, 0x0, 0x2d, 0xa6, 0xe5, 0x0, 0x0, 0x0,
    0x39, 0xfa, 0x0, 0x6f, 0x90, 0x0, 0x0, 0x5a,
    0x40, 0x0, 0x3, 0x90,

    /* U+987A "顺" */
    0x0, 0x0, 0x0, 0x0, 0x0, 0x0, 0x0, 0xd,
    0x33, 0x1f, 0x6f, 0xff, 0xff, 0xf6, 0xd, 0x3e,
    0x1f, 0x11, 0x3f, 0x41, 0x10, 0xd, 0x3e, 0x1f,
    0x1a, 0xbf, 0xaa, 0x90, 0xd, 0x3e, 0x1f, 0x1f,
    0x97, 0x7a, 0xe0, 0xd, 0x3e, 0x1f, 0x1f, 0x28,
    0x24, 0xe0, 0xd, 0x3e, 0x1f, 0x1f, 0x2e, 0x44,
    0xe0, 0xe, 0x3e, 0x1f, 0x1f, 0x2e, 0x44, 0xe0,
    0xf, 0x2e, 0x1f, 0x1f, 0x2f, 0x34, 0xe0, 0xf,
    0x1e, 0x1f, 0x1d, 0x4f, 0x23, 0xc0, 0x2f, 0xe,
    0x1f, 0x10, 0x8e, 0xe3, 0x0, 0x6d, 0x2, 0xf,
    0x16, 0xf2, 0x6f, 0x50, 0x88, 0x0, 0xe, 0x9e,
    0x40, 0x5, 0xf2, 0x1, 0x0, 0x0, 0x11, 0x0,
    0x0, 0x10,

    /* U+9884 "预" */
    0x0, 0x0, 0x0, 0x0, 0x0, 0x0, 0x0, 0x5f,
    0xff, 0xfb, 0xcf, 0xff, 0xff, 0xf2, 0x13, 0x24,
    0xe3, 0x12, 0x2f, 0x62, 0x20, 0xa, 0xbd, 0x60,
    0x3c, 0xcf, 0xcc, 0x70, 0x0, 0x8f, 0x80, 0x4e,
    0x44, 0x4b, 0xa0, 0x6d, 0xde, 0xfd, 0x8e, 0xf,
    0x39, 0xa0, 0x25, 0x8f, 0x5f, 0x5e, 0xf, 0x39,
    0xa0, 0x0, 0x4f, 0x4b, 0x4e, 0xf, 0x39, 0xa0,
    0x0, 0x4f, 0x34, 0x4e, 0xf, 0x29, 0xa0, 0x0,
    0x4f, 0x0, 0x4c, 0x5e, 0x8, 0x80, 0x0, 0x4f,
    0x0, 0x2, 0xe8, 0xa5, 0x0, 0x3, 0x7f, 0x0,
    0x6e, 0xa0, 0x5f, 0x80, 0xe, 0xf9, 0x2, 0xc6,
    0x0, 0x4, 0xc0, 0x0, 0x0, 0x0, 0x0, 0x0,
    0x0, 0x0,

    /* U+9891 "频" */
    0x0, 0x5, 0xc0, 0x0, 0x0, 0x0, 0x0, 0x2,
    0x25, 0xd1, 0x1c, 0xff, 0xff, 0xf4, 0x7, 0x85,
    0xff, 0xa1, 0x26, 0xe2, 0x20, 0x7, 0x85, 0xc0,
    0x2, 0x5b, 0xb5, 0x50, 0x2a, 0xb8, 0xd4, 0x47,
    0xeb, 0xbc, 0xe0, 0x5d, 0xdf, 0xed, 0xd7, 0xa3,
    0x73, 0xe0, 0x2, 0x3a, 0x80, 0x27, 0xa5, 0xc3,
    0xe0, 0x9, 0x9a, 0x86, 0xd7, 0xa5, 0xb3, 0xe0,
    0x1f, 0x2a, 0x8c, 0x77, 0xa6, 0xa3, 0xe0, 0x27,
    0x8, 0xde, 0x17, 0xaa, 0x73, 0xe0, 0x0, 0x6,
    0xf5, 0x0, 0x2e, 0xa5, 0x0, 0x3, 0xaf, 0x50,
    0x2, 0xc9, 0x3e, 0x80, 0x2f, 0x92, 0x0, 0x7e,
    0x80, 0x1, 0xd4, 0x0, 0x0, 0x0, 0x0, 0x0,
    0x0, 0x0,

    /* U+9898 "题" */
    0x0, 0x0, 0x0, 0x0, 0x0, 0x0, 0x0, 0x8,
    0xfd, 0xdf, 0x5f, 0xff, 0xff, 0xf7, 0x8, 0xc5,
    0x5e, 0x50, 0xa, 0x90, 0x0, 0x8, 0xc7, 0x7e,
    0x57, 0xef, 0xfe, 0xc0, 0x8, 0xd8, 0x8f, 0x57,
    0xa1, 0x24, 0xd0, 0x2, 0x55, 0x55, 0x17, 0xa4,
    0xc3, 0xd0, 0x4f, 0xff, 0xff, 0xf7, 0xa5, 0xb3,
    0xd0, 0x3, 0x49, 0x90, 0x7, 0xa8, 0x93, 0xd0,
    0x7, 0xa8, 0xdb, 0x87, 0x9c, 0x64, 0xb0, 0x8,
    0xb8, 0xa4, 0x30, 0x7e, 0x6d, 0x20, 0xb, 0xfd,
    0x80, 0x3c, 0xf3, 0x6, 0xe3, 0x1f, 0x3e, 0xc4,
    0x49, 0x20, 0x0, 0x61, 0x5b, 0x1, 0x7c, 0xef,
    0xff, 0xff, 0xf5, 0x1, 0x0, 0x0, 0x0, 0x0,
    0x0, 0x0,

    /* U+989C "颜" */
    0x0, 0x8, 0x50, 0x0, 0x0, 0x0, 0x0, 0x2,
    0x29, 0xb2, 0x2c, 0xff, 0xff, 0xf5, 0xe, 0xee,
    0xee, 0xd0, 0x4, 0xc0, 0x0, 0x0, 0xd2, 0xd,
    0x31, 0x3a, 0x93, 0x30, 0x2, 0xb8, 0x7e, 0x38,
    0xdb, 0xbc, 0xe0, 0xb, 0xed, 0xdd, 0xc8, 0x82,
    0x81, 0xe0, 0xb, 0x61, 0x7e, 0x38, 0x83, 0xc1,
    0xe0, 0xb, 0xbe, 0x94, 0x18, 0x84, 0xb1, 0xe0,
    0xc, 0x51, 0x8e, 0x48, 0x85, 0xa1, 0xe0, 0xd,
    0xbf, 0xa4, 0x48, 0x89, 0x61, 0xe0, 0xf, 0x42,
    0x5e, 0x70, 0x2e, 0x56, 0x0, 0x4f, 0x6d, 0xe5,
    0x3, 0xd7, 0x1c, 0xa0, 0x4a, 0x66, 0x0, 0xbd,
    0x60, 0x0, 0xb5, 0x0, 0x0, 0x0, 0x0, 0x0,
    0x0, 0x0,

    /* U+98CE "风" */
    0x0, 0xdf, 0xff, 0xff, 0xff, 0xf8, 0x0, 0x0,
    0xda, 0x44, 0x44, 0x44, 0xd8, 0x0, 0x0, 0xd7,
    0x10, 0x0, 0xa2, 0xc7, 0x0, 0x0, 0xd8, 0xca,
    0x5, 0xe0, 0xc7, 0x0, 0x0, 0xe7, 0x2f, 0x7b,
    0x70, 0xc8, 0x0, 0x0, 0xf7, 0x5, 0xff, 0x10,
    0xb8, 0x0, 0x0, 0xf5, 0x0, 0xee, 0x10, 0xb8,
    0x0, 0x1, 0xf3, 0x9, 0xed, 0xa0, 0xa9, 0x0,
    0x4, 0xf1, 0x7f, 0x43, 0xf5, 0x9a, 0x0, 0x9,
    0xc5, 0xf6, 0x0, 0x9c, 0x6d, 0x1a, 0x1f, 0x70,
    0x40, 0x0, 0x10, 0x2f, 0xaa, 0x3d, 0x0, 0x0,
    0x0, 0x0, 0x9, 0xf4, 0x0, 0x0, 0x0, 0x0,
    0x0, 0x0, 0x0,

    /* U+9996 "首" */
    0x0, 0x7, 0x80, 0x0, 0x8, 0x90, 0x0, 0x0,
    0x3, 0xf4, 0x0, 0x3f, 0x50, 0x0, 0x3f, 0xff,
    0xff, 0xff, 0xff, 0xff, 0xf3, 0x3, 0x33, 0x33,
    0xec, 0x33, 0x33, 0x30, 0x0, 0x35, 0x55, 0xfa,
    0x55, 0x53, 0x0, 0x0, 0xbe, 0xcc, 0xcc, 0xcc,
    0xeb, 0x0, 0x0, 0xb9, 0x0, 0x0, 0x0, 0xab,
    0x0, 0x0, 0xbf, 0xff, 0xff, 0xff, 0xfb, 0x0,
    0x0, 0xb9, 0x0, 0x0, 0x0, 0xab, 0x0, 0x0,
    0xbf, 0xff, 0xff, 0xff, 0xfb, 0x0, 0x0, 0xb9,
    0x0, 0x0, 0x0, 0xab, 0x0, 0x0, 0xbf, 0xff,
    0xff, 0xff, 0xfb, 0x0, 0x0, 0xba, 0x22, 0x22,
    0x22, 0xbb, 0x0,

    /* U+9A7B "驻" */
    0x0, 0x0, 0x0, 0x0, 0x42, 0x0, 0x0, 0x3f,
    0xff, 0xf2, 0x0, 0xac, 0x0, 0x0, 0x1, 0x12,
    0xf1, 0x11, 0x4e, 0x31, 0x10, 0xc, 0x51, 0xf2,
    0xff, 0xff, 0xff, 0xf0, 0xd, 0x42, 0xe0, 0x0,
    0x4f, 0x10, 0x0, 0xe, 0x34, 0xd0, 0x0, 0x3f,
    0x0, 0x0, 0xf, 0x58, 0xd2, 0x0, 0x4f, 0x10,
    0x0, 0x1c, 0xcc, 0xea, 0xef, 0xff, 0xff, 0x80,
    0x0, 0x0, 0x89, 0x11, 0x5f, 0x21, 0x0, 0x15,
    0x8c, 0x97, 0x0, 0x3f, 0x0, 0x0, 0x8d, 0x84,
    0xb6, 0x0, 0x3f, 0x0, 0x0, 0x0, 0x1, 0xf5,
    0x44, 0x7f, 0x54, 0x40, 0x0, 0xef, 0xa6, 0xdd,
    0xdd, 0xdd, 0xd2, 0x0, 0x0, 0x0, 0x0, 0x0,
    0x0, 0x0,

    /* U+9A8C "验" */
    0x0, 0x0, 0x0, 0x0, 0x18, 0x0, 0x0, 0x4f,
    0xff, 0xf0, 0x0, 0xbf, 0x20, 0x0, 0x1, 0x12,
    0xf0, 0x6, 0xfb, 0xd1, 0x0, 0xa, 0x42, 0xe0,
    0x5f, 0x50, 0xbd, 0x20, 0xd, 0x43, 0xd7, 0xf9,
    0x33, 0x4e, 0xe3, 0xe, 0x35, 0xc8, 0x59, 0xdd,
    0xd7, 0x91, 0xf, 0x27, 0xb1, 0x0, 0x3, 0x0,
    0x0, 0x1f, 0xff, 0xfb, 0x78, 0x1f, 0x6, 0xd0,
    0x0, 0x0, 0x8a, 0x3e, 0xd, 0x3c, 0x60, 0x38,
    0xce, 0x98, 0xf, 0x2a, 0x6e, 0x0, 0x57, 0x30,
    0xb7, 0x1, 0x0, 0xa7, 0x0, 0x0, 0x11, 0xe5,
    0xee, 0xee, 0xfe, 0xe1, 0x0, 0xef, 0xb0, 0x33,
    0x33, 0x33, 0x30, 0x0, 0x0, 0x0, 0x0, 0x0,
    0x0, 0x0,

    /* U+9AD8 "高" */
    0x0, 0x0, 0x0, 0x64, 0x0, 0x0, 0x0, 0x2,
    0x22, 0x22, 0xcc, 0x22, 0x22, 0x20, 0x1f, 0xff,
    0xff, 0xff, 0xff, 0xff, 0xf1, 0x0, 0x7, 0x77,
    0x77, 0x77, 0x72, 0x0, 0x0, 0x1f, 0x64, 0x44,
    0x45, 0xf4, 0x0, 0x0, 0x1f, 0xdd, 0xdd, 0xdd,
    0xf4, 0x0, 0x1, 0x23, 0x33, 0x33, 0x33, 0x32,
    0x10, 0xa, 0xff, 0xff, 0xff, 0xff, 0xff, 0xb0,
    0xa, 0xa2, 0x22, 0x22, 0x22, 0x2a, 0xb0, 0xa,
    0x90, 0xfe, 0xee, 0xee, 0x9, 0xb0, 0xa, 0x90,
    0xf2, 0x0, 0x4e, 0x9, 0xb0, 0xa, 0x90, 0xfe,
    0xee, 0xed, 0xa, 0xb0, 0xa, 0x90, 0x81, 0x0,
    0x1, 0xed, 0x50,

    /* U+9EC4 "黄" */
    0x0, 0x0, 0xd7, 0x0, 0x7e, 0x0, 0x0, 0x2,
    0xcc, 0xfe, 0xcc, 0xef, 0xcc, 0x40, 0x0, 0x55,
    0xea, 0x55, 0xae, 0x55, 0x10, 0x3, 0x33, 0xd9,
    0x33, 0x9e, 0x33, 0x30, 0x2f, 0xff, 0xff, 0xff,
    0xff, 0xff, 0xf3, 0x0, 0x0, 0x0, 0xaa, 0x0,
    0x0, 0x0, 0x0, 0xbf, 0xee, 0xff, 0xee, 0xed,
    0x0, 0x0, 0xb8, 0x11, 0xbb, 0x11, 0x7d, 0x0,
    0x0, 0xbe, 0xcc, 0xee, 0xcc, 0xdd, 0x0, 0x0,
    0xb9, 0x22, 0xbb, 0x22, 0x8d, 0x0, 0x0, 0x9c,
    0xcc, 0xcc, 0xcc, 0xca, 0x0, 0x0, 0x17, 0xe9,
    0x0, 0x8e, 0x93, 0x0, 0xb, 0xfc, 0x50, 0x0,
    0x2, 0x9f, 0xb0, 0x2, 0x10, 0x0, 0x0, 0x0,
    0x0, 0x10,

    /* U+9ED8 "默" */
    0x0, 0x0, 0x0, 0x0, 0x4, 0xc0, 0x0, 0xb,
    0xff, 0xfe, 0xd0, 0x4, 0xd9, 0x0, 0xb, 0x85,
    0x78, 0xd0, 0x4, 0xc9, 0xa0, 0xb, 0xa8, 0xaa,
    0xd0, 0x4, 0xc0, 0xa0, 0xb, 0x57, 0xa4, 0xd7,
    0xac, 0xea, 0xa4, 0xa, 0xef, 0xfe, 0xc6, 0x8b,
    0xe8, 0x84, 0x1, 0x18, 0xa1, 0x10, 0x8, 0xf1,
    0x0, 0xb, 0xef, 0xfe, 0xb0, 0xb, 0xf5, 0x0,
    0x1, 0x29, 0xb4, 0x50, 0xf, 0xca, 0x0, 0x1f,
    0xfe, 0xdc, 0xb0, 0x5e, 0x2e, 0x0, 0x5, 0x45,
    0x63, 0x60, 0xd8, 0xc, 0x70, 0xe, 0x3b, 0x94,
    0xc8, 0xe1, 0x4, 0xf3, 0x4b, 0xc, 0x43, 0x2f,
    0x30, 0x0, 0x89, 0x0, 0x0, 0x0, 0x1, 0x0,
    0x0, 0x0,

    /* U+9F13 "鼓" */
    0x0, 0x0, 0x0, 0x0, 0x0, 0x0, 0x0, 0x0,
    0xb, 0x80, 0x0, 0x5, 0xe0, 0x0, 0x3d, 0xdf,
    0xed, 0xc0, 0x5, 0xe0, 0x0, 0x14, 0x4c, 0xa4,
    0x4d, 0xde, 0xfd, 0xd6, 0x9, 0xae, 0xda, 0x75,
    0x59, 0xf5, 0x52, 0x5, 0x66, 0x66, 0x40, 0x5,
    0xe0, 0x0, 0x8, 0xcc, 0xcc, 0x6c, 0xde, 0xfd,
    0xc2, 0xa, 0xa3, 0x3c, 0x79, 0xd5, 0x58, 0xf1,
    0xa, 0x80, 0xc, 0x74, 0xf1, 0xa, 0xb0, 0x9,
    0xee, 0xee, 0x70, 0xe8, 0x1f, 0x50, 0x2, 0xc0,
    0x3c, 0x0, 0x5f, 0xbc, 0x0, 0x0, 0xf4, 0x8a,
    0x0, 0xe, 0xf5, 0x0, 0x16, 0xba, 0xef, 0xf3,
    0xcf, 0xce, 0x50, 0x3c, 0xa8, 0x53, 0x7f, 0xb2,
    0x6, 0xf7, 0x0, 0x0, 0x0, 0x2, 0x0, 0x0,
    0x10,

    /* U+FF0C "，" */
    0x3, 0x6, 0xfb, 0x3d, 0xf0, 0x7c, 0x7e, 0x36,
    0x20,

    /* U+FF1A "：" */
    0x0, 0x6, 0xe4, 0x9f, 0x60, 0x30, 0x0, 0x0,
    0x0, 0x0, 0x0, 0x20, 0x9f, 0x67, 0xf4, 0x0,
    0x0,

    /* U+FF1B "；" */
    0x0, 0x0, 0x6, 0xe4, 0x9, 0xf6, 0x0, 0x30,
    0x0, 0x0, 0x0, 0x0, 0x0, 0x0, 0x6, 0xf5,
    0x8, 0xfb, 0x0, 0x8b, 0x1, 0xd6, 0xe, 0x90,
    0x2, 0x0
};


/*---------------------
 *  GLYPH DESCRIPTION
 *--------------------*/

static const lv_font_fmt_txt_glyph_dsc_t glyph_dsc[] = {
    {.bitmap_index = 0, .adv_w = 0, .box_w = 0, .box_h = 0, .ofs_x = 0, .ofs_y = 0} /* id = 0 reserved */,
    {.bitmap_index = 0, .adv_w = 62, .box_w = 0, .box_h = 0, .ofs_x = 0, .ofs_y = 0},
    {.bitmap_index = 0, .adv_w = 62, .box_w = 4, .box_h = 10, .ofs_x = 0, .ofs_y = 0},
    {.bitmap_index = 20, .adv_w = 93, .box_w = 5, .box_h = 5, .ofs_x = 0, .ofs_y = 5},
    {.bitmap_index = 33, .adv_w = 159, .box_w = 10, .box_h = 10, .ofs_x = 0, .ofs_y = 0},
    {.bitmap_index = 83, .adv_w = 141, .box_w = 9, .box_h = 15, .ofs_x = 0, .ofs_y = -2},
    {.bitmap_index = 151, .adv_w = 193, .box_w = 12, .box_h = 10, .ofs_x = 0, .ofs_y = 0},
    {.bitmap_index = 211, .adv_w = 158, .box_w = 10, .box_h = 11, .ofs_x = 0, .ofs_y = -1},
    {.bitmap_index = 266, .adv_w = 49, .box_w = 3, .box_h = 5, .ofs_x = 0, .ofs_y = 5},
    {.bitmap_index = 274, .adv_w = 78, .box_w = 4, .box_h = 14, .ofs_x = 1, .ofs_y = -3},
    {.bitmap_index = 302, .adv_w = 78, .box_w = 4, .box_h = 14, .ofs_x = 0, .ofs_y = -3},
    {.bitmap_index = 330, .adv_w = 93, .box_w = 6, .box_h = 6, .ofs_x = 0, .ofs_y = 5},
    {.bitmap_index = 348, .adv_w = 132, .box_w = 8, .box_h = 7, .ofs_x = 0, .ofs_y = 2},
    {.bitmap_index = 376, .adv_w = 55, .box_w = 3, .box_h = 5, .ofs_x = 0, .ofs_y = -2},
    {.bitmap_index = 384, .adv_w = 86, .box_w = 5, .box_h = 2, .ofs_x = 0, .ofs_y = 3},
    {.bitmap_index = 389, .adv_w = 55, .box_w = 3, .box_h = 3, .ofs_x = 0, .ofs_y = 0},
    {.bitmap_index = 394, .adv_w = 83, .box_w = 7, .box_h = 14, .ofs_x = -1, .ofs_y = -1},
    {.bitmap_index = 443, .adv_w = 151, .box_w = 9, .box_h = 10, .ofs_x = 0, .ofs_y = 0},
    {.bitmap_index = 488, .adv_w = 85, .box_w = 4, .box_h = 10, .ofs_x = 0, .ofs_y = 0},
    {.bitmap_index = 508, .adv_w = 130, .box_w = 8, .box_h = 10, .ofs_x = 0, .ofs_y = 0},
    {.bitmap_index = 548, .adv_w = 130, .box_w = 8, .box_h = 10, .ofs_x = 0, .ofs_y = 0},
    {.bitmap_index = 588, .adv_w = 152, .box_w = 10, .box_h = 10, .ofs_x = 0, .ofs_y = 0},
    {.bitmap_index = 638, .adv_w = 131, .box_w = 8, .box_h = 10, .ofs_x = 0, .ofs_y = 0},
    {.bitmap_index = 678, .adv_w = 140, .box_w = 9, .box_h = 10, .ofs_x = 0, .ofs_y = 0},
    {.bitmap_index = 723, .adv_w = 136, .box_w = 9, .box_h = 10, .ofs_x = 0, .ofs_y = 0},
    {.bitmap_index = 768, .adv_w = 146, .box_w = 9, .box_h = 10, .ofs_x = 0, .ofs_y = 0},
    {.bitmap_index = 813, .adv_w = 140, .box_w = 9, .box_h = 10, .ofs_x = 0, .ofs_y = 0},
    {.bitmap_index = 858, .adv_w = 55, .box_w = 3, .box_h = 8, .ofs_x = 0, .ofs_y = 0},
    {.bitmap_index = 870, .adv_w = 55, .box_w = 3, .box_h = 10, .ofs_x = 0, .ofs_y = -2},
    {.bitmap_index = 885, .adv_w = 132, .box_w = 8, .box_h = 8, .ofs_x = 0, .ofs_y = 1},
    {.bitmap_index = 917, .adv_w = 132, .box_w = 8, .box_h = 6, .ofs_x = 0, .ofs_y = 2},
    {.bitmap_index = 941, .adv_w = 132, .box_w = 8, .box_h = 8, .ofs_x = 0, .ofs_y = 1},
    {.bitmap_index = 973, .adv_w = 130, .box_w = 8, .box_h = 10, .ofs_x = 0, .ofs_y = 0},
    {.bitmap_index = 1013, .adv_w = 232, .box_w = 14, .box_h = 13, .ofs_x = 0, .ofs_y = -3},
    {.bitmap_index = 1104, .adv_w = 168, .box_w = 12, .box_h = 10, .ofs_x = -1, .ofs_y = 0},
    {.bitmap_index = 1164, .adv_w = 170, .box_w = 10, .box_h = 10, .ofs_x = 1, .ofs_y = 0},
    {.bitmap_index = 1214, .adv_w = 163, .box_w = 10, .box_h = 10, .ofs_x = 0, .ofs_y = 0},
    {.bitmap_index = 1264, .adv_w = 185, .box_w = 10, .box_h = 10, .ofs_x = 1, .ofs_y = 0},
    {.bitmap_index = 1314, .adv_w = 150, .box_w = 8, .box_h = 10, .ofs_x = 1, .ofs_y = 0},
    {.bitmap_index = 1354, .adv_w = 143, .box_w = 8, .box_h = 10, .ofs_x = 1, .ofs_y = 0},
    {.bitmap_index = 1394, .adv_w = 173, .box_w = 10, .box_h = 10, .ofs_x = 0, .ofs_y = 0},
    {.bitmap_index = 1444, .adv_w = 181, .box_w = 10, .box_h = 10, .ofs_x = 1, .ofs_y = 0},
    {.bitmap_index = 1494, .adv_w = 71, .box_w = 3, .box_h = 10, .ofs_x = 1, .ofs_y = 0},
    {.bitmap_index = 1509, .adv_w = 118, .box_w = 8, .box_h = 10, .ofs_x = -1, .ofs_y = 0},
    {.bitmap_index = 1549, .adv_w = 163, .box_w = 10, .box_h = 10, .ofs_x = 1, .ofs_y = 0},
    {.bitmap_index = 1599, .adv_w = 134, .box_w = 8, .box_h = 10, .ofs_x = 1, .ofs_y = 0},
    {.bitmap_index = 1639, .adv_w = 214, .box_w = 12, .box_h = 10, .ofs_x = 1, .ofs_y = 0},
    {.bitmap_index = 1699, .adv_w = 181, .box_w = 10, .box_h = 10, .ofs_x = 1, .ofs_y = 0},
    {.bitmap_index = 1749, .adv_w = 189, .box_w = 12, .box_h = 10, .ofs_x = 0, .ofs_y = 0},
    {.bitmap_index = 1809, .adv_w = 163, .box_w = 9, .box_h = 10, .ofs_x = 1, .ofs_y = 0},
    {.bitmap_index = 1854, .adv_w = 189, .box_w = 12, .box_h = 13, .ofs_x = 0, .ofs_y = -3},
    {.bitmap_index = 1932, .adv_w = 164, .box_w = 9, .box_h = 10, .ofs_x = 1, .ofs_y = 0},
    {.bitmap_index = 1977, .adv_w = 141, .box_w = 9, .box_h = 10, .ofs_x = 0, .ofs_y = 0},
    {.bitmap_index = 2022, .adv_w = 135, .box_w = 9, .box_h = 10, .ofs_x = 0, .ofs_y = 0},
    {.bitmap_index = 2067, .adv_w = 177, .box_w = 9, .box_h = 10, .ofs_x = 1, .ofs_y = 0},
    {.bitmap_index = 2112, .adv_w = 163, .box_w = 12, .box_h = 10, .ofs_x = -1, .ofs_y = 0},
    {.bitmap_index = 2172, .adv_w = 256, .box_w = 16, .box_h = 10, .ofs_x = 0, .ofs_y = 0},
    {.bitmap_index = 2252, .adv_w = 155, .box_w = 10, .box_h = 10, .ofs_x = 0, .ofs_y = 0},
    {.bitmap_index = 2302, .adv_w = 148, .box_w = 11, .box_h = 10, .ofs_x = -1, .ofs_y = 0},
    {.bitmap_index = 2357, .adv_w = 149, .box_w = 9, .box_h = 10, .ofs_x = 0, .ofs_y = 0},
    {.bitmap_index = 2402, .adv_w = 78, .box_w = 4, .box_h = 14, .ofs_x = 1, .ofs_y = -3},
    {.bitmap_index = 2430, .adv_w = 83, .box_w = 7, .box_h = 14, .ofs_x = -1, .ofs_y = -1},
    {.bitmap_index = 2479, .adv_w = 78, .box_w = 4, .box_h = 14, .ofs_x = 0, .ofs_y = -3},
    {.bitmap_index = 2507, .adv_w = 132, .box_w = 8, .box_h = 6, .ofs_x = 0, .ofs_y = 2},
    {.bitmap_index = 2531, .adv_w = 112, .box_w = 7, .box_h = 2, .ofs_x = 0, .ofs_y = -2},
    {.bitmap_index = 2538, .adv_w = 134, .box_w = 5, .box_h = 2, .ofs_x = 1, .ofs_y = 9},
    {.bitmap_index = 2543, .adv_w = 136, .box_w = 8, .box_h = 8, .ofs_x = 0, .ofs_y = 0},
    {.bitmap_index = 2575, .adv_w = 154, .box_w = 9, .box_h = 11, .ofs_x = 1, .ofs_y = 0},
    {.bitmap_index = 2625, .adv_w = 130, .box_w = 8, .box_h = 8, .ofs_x = 0, .ofs_y = 0},
    {.bitmap_index = 2657, .adv_w = 154, .box_w = 9, .box_h = 11, .ofs_x = 0, .ofs_y = 0},
    {.bitmap_index = 2707, .adv_w = 139, .box_w = 9, .box_h = 8, .ofs_x = 0, .ofs_y = 0},
    {.bitmap_index = 2743, .adv_w = 83, .box_w = 6, .box_h = 11, .ofs_x = 0, .ofs_y = 0},
    {.bitmap_index = 2776, .adv_w = 155, .box_w = 9, .box_h = 11, .ofs_x = 0, .ofs_y = -3},
    {.bitmap_index = 2826, .adv_w = 153, .box_w = 8, .box_h = 11, .ofs_x = 1, .ofs_y = 0},
    {.bitmap_index = 2870, .adv_w = 65, .box_w = 4, .box_h = 11, .ofs_x = 0, .ofs_y = 0},
    {.bitmap_index = 2892, .adv_w = 66, .box_w = 6, .box_h = 14, .ofs_x = -2, .ofs_y = -3},
    {.bitmap_index = 2934, .adv_w = 142, .box_w = 8, .box_h = 11, .ofs_x = 1, .ofs_y = 0},
    {.bitmap_index = 2978, .adv_w = 65, .box_w = 2, .box_h = 11, .ofs_x = 1, .ofs_y = 0},
    {.bitmap_index = 2989, .adv_w = 236, .box_w = 13, .box_h = 8, .ofs_x = 1, .ofs_y = 0},
    {.bitmap_index = 3041, .adv_w = 153, .box_w = 8, .box_h = 8, .ofs_x = 1, .ofs_y = 0},
    {.bitmap_index = 3073, .adv_w = 144, .box_w = 9, .box_h = 8, .ofs_x = 0, .ofs_y = 0},
    {.bitmap_index = 3109, .adv_w = 154, .box_w = 9, .box_h = 11, .ofs_x = 1, .ofs_y = -3},
    {.bitmap_index = 3159, .adv_w = 154, .box_w = 9, .box_h = 11, .ofs_x = 0, .ofs_y = -3},
    {.bitmap_index = 3209, .adv_w = 94, .box_w = 5, .box_h = 8, .ofs_x = 1, .ofs_y = 0},
    {.bitmap_index = 3229, .adv_w = 115, .box_w = 7, .box_h = 8, .ofs_x = 0, .ofs_y = 0},
    {.bitmap_index = 3257, .adv_w = 95, .box_w = 6, .box_h = 10, .ofs_x = 0, .ofs_y = 0},
    {.bitmap_index = 3287, .adv_w = 153, .box_w = 8, .box_h = 8, .ofs_x = 1, .ofs_y = 0},
    {.bitmap_index = 3319, .adv_w = 129, .box_w = 10, .box_h = 8, .ofs_x = -1, .ofs_y = 0},
    {.bitmap_index = 3359, .adv_w = 206, .box_w = 13, .box_h = 8, .ofs_x = 0, .ofs_y = 0},
    {.bitmap_index = 3411, .adv_w = 128, .box_w = 8, .box_h = 8, .ofs_x = 0, .ofs_y = 0},
    {.bitmap_index = 3443, .adv_w = 129, .box_w = 10, .box_h = 11, .ofs_x = -1, .ofs_y = -3},
    {.bitmap_index = 3498, .adv_w = 119, .box_w = 7, .box_h = 8, .ofs_x = 0, .ofs_y = 0},
    {.bitmap_index = 3526, .adv_w = 83, .box_w = 5, .box_h = 14, .ofs_x = 0, .ofs_y = -3},
    {.bitmap_index = 3561, .adv_w = 68, .box_w = 2, .box_h = 14, .ofs_x = 1, .ofs_y = -3},
    {.bitmap_index = 3575, .adv_w = 83, .box_w = 5, .box_h = 14, .ofs_x = 0, .ofs_y = -3},
    {.bitmap_index = 3610, .adv_w = 132, .box_w = 8, .box_h = 4, .ofs_x = 0, .ofs_y = 3},
    {.bitmap_index = 3626, .adv_w = 224, .box_w = 4, .box_h = 4, .ofs_x = 5, .ofs_y = 4},
    {.bitmap_index = 3634, .adv_w = 202, .box_w = 12, .box_h = 2, .ofs_x = 0, .ofs_y = 3},
    {.bitmap_index = 3646, .adv_w = 135, .box_w = 9, .box_h = 7, .ofs_x = 0, .ofs_y = 0},
    {.bitmap_index = 3678, .adv_w = 135, .box_w = 8, .box_h = 9, .ofs_x = 0, .ofs_y = 0},
    {.bitmap_index = 3714, .adv_w = 135, .box_w = 7, .box_h = 9, .ofs_x = 1, .ofs_y = 0},
    {.bitmap_index = 3746, .adv_w = 135, .box_w = 7, .box_h = 7, .ofs_x = 1, .ofs_y = 1},
    {.bitmap_index = 3771, .adv_w = 204, .box_w = 13, .box_h = 9, .ofs_x = 0, .ofs_y = 0},
    {.bitmap_index = 3830, .adv_w = 204, .box_w = 13, .box_h = 9, .ofs_x = 0, .ofs_y = 0},
    {.bitmap_index = 3889, .adv_w = 135, .box_w = 9, .box_h = 9, .ofs_x = 0, .ofs_y = -1},
    {.bitmap_index = 3930, .adv_w = 135, .box_w = 9, .box_h = 9, .ofs_x = 0, .ofs_y = -1},
    {.bitmap_index = 3971, .adv_w = 135, .box_w = 9, .box_h = 9, .ofs_x = 0, .ofs_y = -1},
    {.bitmap_index = 4012, .adv_w = 135, .box_w = 7, .box_h = 10, .ofs_x = 1, .ofs_y = 0},
    {.bitmap_index = 4047, .adv_w = 135, .box_w = 8, .box_h = 12, .ofs_x = 0, .ofs_y = -2},
    {.bitmap_index = 4095, .adv_w = 135, .box_w = 9, .box_h = 9, .ofs_x = 0, .ofs_y = 0},
    {.bitmap_index = 4136, .adv_w = 224, .box_w = 5, .box_h = 5, .ofs_x = 0, .ofs_y = -1},
    {.bitmap_index = 4149, .adv_w = 224, .box_w = 5, .box_h = 5, .ofs_x = 0, .ofs_y = -1},
    {.bitmap_index = 4162, .adv_w = 224, .box_w = 14, .box_h = 3, .ofs_x = 0, .ofs_y = 4},
    {.bitmap_index = 4183, .adv_w = 224, .box_w = 14, .box_h = 13, .ofs_x = 0, .ofs_y = -1},
    {.bitmap_index = 4274, .adv_w = 224, .box_w = 14, .box_h = 12, .ofs_x = 0, .ofs_y = -1},
    {.bitmap_index = 4358, .adv_w = 224, .box_w = 14, .box_h = 12, .ofs_x = 0, .ofs_y = -1},
    {.bitmap_index = 4442, .adv_w = 224, .box_w = 13, .box_h = 14, .ofs_x = 0, .ofs_y = -2},
    {.bitmap_index = 4533, .adv_w = 224, .box_w = 14, .box_h = 14, .ofs_x = 0, .ofs_y = -2},
    {.bitmap_index = 4631, .adv_w = 224, .box_w = 14, .box_h = 14, .ofs_x = 0, .ofs_y = -2},
    {.bitmap_index = 4729, .adv_w = 224, .box_w = 14, .box_h = 13, .ofs_x = 0, .ofs_y = -1},
    {.bitmap_index = 4820, .adv_w = 224, .box_w = 12, .box_h = 13, .ofs_x = 1, .ofs_y = -1},
    {.bitmap_index = 4898, .adv_w = 224, .box_w = 13, .box_h = 14, .ofs_x = 0, .ofs_y = -2},
    {.bitmap_index = 4989, .adv_w = 224, .box_w = 14, .box_h = 13, .ofs_x = 0, .ofs_y = -1},
    {.bitmap_index = 5080, .adv_w = 224, .box_w = 14, .box_h = 13, .ofs_x = 0, .ofs_y = -1},
    {.bitmap_index = 5171, .adv_w = 224, .box_w = 14, .box_h = 10, .ofs_x = 0, .ofs_y = 0},
    {.bitmap_index = 5241, .adv_w = 224, .box_w = 14, .box_h = 13, .ofs_x = 0, .ofs_y = -2},
    {.bitmap_index = 5332, .adv_w = 224, .box_w = 14, .box_h = 14, .ofs_x = 0, .ofs_y = -1},
    {.bitmap_index = 5430, .adv_w = 224, .box_w = 14, .box_h = 13, .ofs_x = 0, .ofs_y = -1},
    {.bitmap_index = 5521, .adv_w = 224, .box_w = 14, .box_h = 14, .ofs_x = 0, .ofs_y = -2},
    {.bitmap_index = 5619, .adv_w = 224, .box_w = 14, .box_h = 13, .ofs_x = 0, .ofs_y = -1},
    {.bitmap_index = 5710, .adv_w = 224, .box_w = 14, .box_h = 14, .ofs_x = 0, .ofs_y = -2},
    {.bitmap_index = 5808, .adv_w = 224, .box_w = 14, .box_h = 14, .ofs_x = 0, .ofs_y = -2},
    {.bitmap_index = 5906, .adv_w = 224, .box_w = 13, .box_h = 14, .ofs_x = 1, .ofs_y = -2},
    {.bitmap_index = 5997, .adv_w = 224, .box_w = 14, .box_h = 14, .ofs_x = 0, .ofs_y = -1},
    {.bitmap_index = 6095, .adv_w = 224, .box_w = 14, .box_h = 13, .ofs_x = 0, .ofs_y = -1},
    {.bitmap_index = 6186, .adv_w = 224, .box_w = 14, .box_h = 13, .ofs_x = 0, .ofs_y = -1},
    {.bitmap_index = 6277, .adv_w = 224, .box_w = 14, .box_h = 13, .ofs_x = 0, .ofs_y = -1},
    {.bitmap_index = 6368, .adv_w = 224, .box_w = 14, .box_h = 14, .ofs_x = 0, .ofs_y = -2},
    {.bitmap_index = 6466, .adv_w = 224, .box_w = 14, .box_h = 14, .ofs_x = 0, .ofs_y = -2},
    {.bitmap_index = 6564, .adv_w = 224, .box_w = 14, .box_h = 14, .ofs_x = 0, .ofs_y = -2},
    {.bitmap_index = 6662, .adv_w = 224, .box_w = 13, .box_h = 15, .ofs_x = 0, .ofs_y = -2},
    {.bitmap_index = 6760, .adv_w = 224, .box_w = 15, .box_h = 14, .ofs_x = 0, .ofs_y = -2},
    {.bitmap_index = 6865, .adv_w = 224, .box_w = 14, .box_h = 13, .ofs_x = 0, .ofs_y = -1},
    {.bitmap_index = 6956, .adv_w = 224, .box_w = 14, .box_h = 14, .ofs_x = 0, .ofs_y = -2},
    {.bitmap_index = 7054, .adv_w = 224, .box_w = 14, .box_h = 14, .ofs_x = 0, .ofs_y = -2},
    {.bitmap_index = 7152, .adv_w = 224, .box_w = 13, .box_h = 13, .ofs_x = 0, .ofs_y = -1},
    {.bitmap_index = 7237, .adv_w = 224, .box_w = 14, .box_h = 14, .ofs_x = 0, .ofs_y = -1},
    {.bitmap_index = 7335, .adv_w = 224, .box_w = 14, .box_h = 13, .ofs_x = 0, .ofs_y = -1},
    {.bitmap_index = 7426, .adv_w = 224, .box_w = 14, .box_h = 14, .ofs_x = 0, .ofs_y = -2},
    {.bitmap_index = 7524, .adv_w = 224, .box_w = 14, .box_h = 14, .ofs_x = 0, .ofs_y = -2},
    {.bitmap_index = 7622, .adv_w = 224, .box_w = 14, .box_h = 14, .ofs_x = 0, .ofs_y = -2},
    {.bitmap_index = 7720, .adv_w = 224, .box_w = 14, .box_h = 13, .ofs_x = 0, .ofs_y = -1},
    {.bitmap_index = 7811, .adv_w = 224, .box_w = 14, .box_h = 14, .ofs_x = 0, .ofs_y = -1},
    {.bitmap_index = 7909, .adv_w = 224, .box_w = 14, .box_h = 14, .ofs_x = 0, .ofs_y = -2},
    {.bitmap_index = 8007, .adv_w = 224, .box_w = 14, .box_h = 13, .ofs_x = 0, .ofs_y = -1},
    {.bitmap_index = 8098, .adv_w = 224, .box_w = 14, .box_h = 14, .ofs_x = 0, .ofs_y = -2},
    {.bitmap_index = 8196, .adv_w = 224, .box_w = 12, .box_h = 13, .ofs_x = 1, .ofs_y = -1},
    {.bitmap_index = 8274, .adv_w = 224, .box_w = 14, .box_h = 12, .ofs_x = 0, .ofs_y = -1},
    {.bitmap_index = 8358, .adv_w = 224, .box_w = 14, .box_h = 14, .ofs_x = 0, .ofs_y = -2},
    {.bitmap_index = 8456, .adv_w = 224, .box_w = 14, .box_h = 14, .ofs_x = 0, .ofs_y = -2},
    {.bitmap_index = 8554, .adv_w = 224, .box_w = 14, .box_h = 14, .ofs_x = 0, .ofs_y = -2},
    {.bitmap_index = 8652, .adv_w = 224, .box_w = 14, .box_h = 13, .ofs_x = 0, .ofs_y = -2},
    {.bitmap_index = 8743, .adv_w = 224, .box_w = 13, .box_h = 14, .ofs_x = 0, .ofs_y = -2},
    {.bitmap_index = 8834, .adv_w = 224, .box_w = 13, .box_h = 14, .ofs_x = 0, .ofs_y = -2},
    {.bitmap_index = 8925, .adv_w = 224, .box_w = 14, .box_h = 14, .ofs_x = 0, .ofs_y = -2},
    {.bitmap_index = 9023, .adv_w = 224, .box_w = 14, .box_h = 13, .ofs_x = 0, .ofs_y = -1},
    {.bitmap_index = 9114, .adv_w = 224, .box_w = 14, .box_h = 15, .ofs_x = 0, .ofs_y = -2},
    {.bitmap_index = 9219, .adv_w = 224, .box_w = 14, .box_h = 15, .ofs_x = 0, .ofs_y = -2},
    {.bitmap_index = 9324, .adv_w = 224, .box_w = 14, .box_h = 14, .ofs_x = 0, .ofs_y = -2},
    {.bitmap_index = 9422, .adv_w = 224, .box_w = 14, .box_h = 14, .ofs_x = 0, .ofs_y = -2},
    {.bitmap_index = 9520, .adv_w = 224, .box_w = 13, .box_h = 12, .ofs_x = 1, .ofs_y = -1},
    {.bitmap_index = 9598, .adv_w = 224, .box_w = 14, .box_h = 13, .ofs_x = 0, .ofs_y = -1},
    {.bitmap_index = 9689, .adv_w = 224, .box_w = 11, .box_h = 13, .ofs_x = 2, .ofs_y = -1},
    {.bitmap_index = 9761, .adv_w = 224, .box_w = 14, .box_h = 13, .ofs_x = 0, .ofs_y = -1},
    {.bitmap_index = 9852, .adv_w = 224, .box_w = 14, .box_h = 12, .ofs_x = 0, .ofs_y = -1},
    {.bitmap_index = 9936, .adv_w = 224, .box_w = 14, .box_h = 12, .ofs_x = 0, .ofs_y = -1},
    {.bitmap_index = 10020, .adv_w = 224, .box_w = 14, .box_h = 15, .ofs_x = 0, .ofs_y = -2},
    {.bitmap_index = 10125, .adv_w = 224, .box_w = 14, .box_h = 13, .ofs_x = 0, .ofs_y = -1},
    {.bitmap_index = 10216, .adv_w = 224, .box_w = 12, .box_h = 12, .ofs_x = 1, .ofs_y = -1},
    {.bitmap_index = 10288, .adv_w = 224, .box_w = 13, .box_h = 13, .ofs_x = 0, .ofs_y = -2},
    {.bitmap_index = 10373, .adv_w = 224, .box_w = 14, .box_h = 12, .ofs_x = 0, .ofs_y = -1},
    {.bitmap_index = 10457, .adv_w = 224, .box_w = 12, .box_h = 13, .ofs_x = 1, .ofs_y = -1},
    {.bitmap_index = 10535, .adv_w = 224, .box_w = 14, .box_h = 13, .ofs_x = 0, .ofs_y = -1},
    {.bitmap_index = 10626, .adv_w = 224, .box_w = 14, .box_h = 13, .ofs_x = 0, .ofs_y = -1},
    {.bitmap_index = 10717, .adv_w = 224, .box_w = 12, .box_h = 12, .ofs_x = 1, .ofs_y = -1},
    {.bitmap_index = 10789, .adv_w = 224, .box_w = 14, .box_h = 14, .ofs_x = 0, .ofs_y = -2},
    {.bitmap_index = 10887, .adv_w = 224, .box_w = 14, .box_h = 13, .ofs_x = 0, .ofs_y = -1},
    {.bitmap_index = 10978, .adv_w = 224, .box_w = 13, .box_h = 14, .ofs_x = 1, .ofs_y = -2},
    {.bitmap_index = 11069, .adv_w = 224, .box_w = 13, .box_h = 13, .ofs_x = 0, .ofs_y = -1},
    {.bitmap_index = 11154, .adv_w = 224, .box_w = 14, .box_h = 12, .ofs_x = 0, .ofs_y = -1},
    {.bitmap_index = 11238, .adv_w = 224, .box_w = 12, .box_h = 12, .ofs_x = 1, .ofs_y = -1},
    {.bitmap_index = 11310, .adv_w = 224, .box_w = 12, .box_h = 12, .ofs_x = 1, .ofs_y = -1},
    {.bitmap_index = 11382, .adv_w = 224, .box_w = 12, .box_h = 12, .ofs_x = 1, .ofs_y = -1},
    {.bitmap_index = 11454, .adv_w = 224, .box_w = 12, .box_h = 12, .ofs_x = 1, .ofs_y = -1},
    {.bitmap_index = 11526, .adv_w = 224, .box_w = 12, .box_h = 12, .ofs_x = 1, .ofs_y = -1},
    {.bitmap_index = 11598, .adv_w = 224, .box_w = 14, .box_h = 13, .ofs_x = 0, .ofs_y = -1},
    {.bitmap_index = 11689, .adv_w = 224, .box_w = 14, .box_h = 14, .ofs_x = 0, .ofs_y = -1},
    {.bitmap_index = 11787, .adv_w = 224, .box_w = 13, .box_h = 14, .ofs_x = 0, .ofs_y = -2},
    {.bitmap_index = 11878, .adv_w = 224, .box_w = 14, .box_h = 13, .ofs_x = 0, .ofs_y = -1},
    {.bitmap_index = 11969, .adv_w = 224, .box_w = 14, .box_h = 14, .ofs_x = 0, .ofs_y = -1},
    {.bitmap_index = 12067, .adv_w = 224, .box_w = 14, .box_h = 15, .ofs_x = 0, .ofs_y = -2},
    {.bitmap_index = 12172, .adv_w = 224, .box_w = 13, .box_h = 14, .ofs_x = 0, .ofs_y = -2},
    {.bitmap_index = 12263, .adv_w = 224, .box_w = 14, .box_h = 13, .ofs_x = 0, .ofs_y = -1},
    {.bitmap_index = 12354, .adv_w = 224, .box_w = 14, .box_h = 13, .ofs_x = 0, .ofs_y = -1},
    {.bitmap_index = 12445, .adv_w = 224, .box_w = 14, .box_h = 14, .ofs_x = 0, .ofs_y = -1},
    {.bitmap_index = 12543, .adv_w = 224, .box_w = 13, .box_h = 14, .ofs_x = 1, .ofs_y = -2},
    {.bitmap_index = 12634, .adv_w = 224, .box_w = 14, .box_h = 14, .ofs_x = 0, .ofs_y = -2},
    {.bitmap_index = 12732, .adv_w = 224, .box_w = 14, .box_h = 13, .ofs_x = 0, .ofs_y = -2},
    {.bitmap_index = 12823, .adv_w = 224, .box_w = 14, .box_h = 14, .ofs_x = 0, .ofs_y = -2},
    {.bitmap_index = 12921, .adv_w = 224, .box_w = 14, .box_h = 15, .ofs_x = 0, .ofs_y = -2},
    {.bitmap_index = 13026, .adv_w = 224, .box_w = 14, .box_h = 14, .ofs_x = 0, .ofs_y = -2},
    {.bitmap_index = 13124, .adv_w = 224, .box_w = 14, .box_h = 15, .ofs_x = 0, .ofs_y = -2},
    {.bitmap_index = 13229, .adv_w = 224, .box_w = 14, .box_h = 14, .ofs_x = 0, .ofs_y = -1},
    {.bitmap_index = 13327, .adv_w = 224, .box_w = 14, .box_h = 14, .ofs_x = 0, .ofs_y = -2},
    {.bitmap_index = 13425, .adv_w = 224, .box_w = 14, .box_h = 14, .ofs_x = 0, .ofs_y = -2},
    {.bitmap_index = 13523, .adv_w = 224, .box_w = 14, .box_h = 14, .ofs_x = 0, .ofs_y = -2},
    {.bitmap_index = 13621, .adv_w = 224, .box_w = 13, .box_h = 13, .ofs_x = 1, .ofs_y = -1},
    {.bitmap_index = 13706, .adv_w = 224, .box_w = 14, .box_h = 13, .ofs_x = 0, .ofs_y = -1},
    {.bitmap_index = 13797, .adv_w = 224, .box_w = 14, .box_h = 14, .ofs_x = 0, .ofs_y = -1},
    {.bitmap_index = 13895, .adv_w = 224, .box_w = 14, .box_h = 14, .ofs_x = 0, .ofs_y = -1},
    {.bitmap_index = 13993, .adv_w = 224, .box_w = 14, .box_h = 12, .ofs_x = 0, .ofs_y = -1},
    {.bitmap_index = 14077, .adv_w = 224, .box_w = 14, .box_h = 13, .ofs_x = 0, .ofs_y = -1},
    {.bitmap_index = 14168, .adv_w = 224, .box_w = 14, .box_h = 14, .ofs_x = 0, .ofs_y = -2},
    {.bitmap_index = 14266, .adv_w = 224, .box_w = 14, .box_h = 13, .ofs_x = 0, .ofs_y = -2},
    {.bitmap_index = 14357, .adv_w = 224, .box_w = 13, .box_h = 13, .ofs_x = 0, .ofs_y = -2},
    {.bitmap_index = 14442, .adv_w = 224, .box_w = 14, .box_h = 13, .ofs_x = 0, .ofs_y = -2},
    {.bitmap_index = 14533, .adv_w = 224, .box_w = 14, .box_h = 13, .ofs_x = 0, .ofs_y = -2},
    {.bitmap_index = 14624, .adv_w = 224, .box_w = 14, .box_h = 12, .ofs_x = 0, .ofs_y = -1},
    {.bitmap_index = 14708, .adv_w = 224, .box_w = 14, .box_h = 13, .ofs_x = 0, .ofs_y = -1},
    {.bitmap_index = 14799, .adv_w = 224, .box_w = 13, .box_h = 12, .ofs_x = 1, .ofs_y = -1},
    {.bitmap_index = 14877, .adv_w = 224, .box_w = 14, .box_h = 13, .ofs_x = 0, .ofs_y = -1},
    {.bitmap_index = 14968, .adv_w = 224, .box_w = 12, .box_h = 13, .ofs_x = 1, .ofs_y = -1},
    {.bitmap_index = 15046, .adv_w = 224, .box_w = 14, .box_h = 14, .ofs_x = 0, .ofs_y = -2},
    {.bitmap_index = 15144, .adv_w = 224, .box_w = 14, .box_h = 14, .ofs_x = 0, .ofs_y = -2},
    {.bitmap_index = 15242, .adv_w = 224, .box_w = 14, .box_h = 14, .ofs_x = 0, .ofs_y = -2},
    {.bitmap_index = 15340, .adv_w = 224, .box_w = 14, .box_h = 14, .ofs_x = 0, .ofs_y = -2},
    {.bitmap_index = 15438, .adv_w = 224, .box_w = 14, .box_h = 13, .ofs_x = 0, .ofs_y = -1},
    {.bitmap_index = 15529, .adv_w = 224, .box_w = 14, .box_h = 13, .ofs_x = 0, .ofs_y = -2},
    {.bitmap_index = 15620, .adv_w = 224, .box_w = 14, .box_h = 13, .ofs_x = 0, .ofs_y = -1},
    {.bitmap_index = 15711, .adv_w = 224, .box_w = 13, .box_h = 14, .ofs_x = 1, .ofs_y = -2},
    {.bitmap_index = 15802, .adv_w = 224, .box_w = 14, .box_h = 13, .ofs_x = 0, .ofs_y = -2},
    {.bitmap_index = 15893, .adv_w = 224, .box_w = 12, .box_h = 13, .ofs_x = 1, .ofs_y = -1},
    {.bitmap_index = 15971, .adv_w = 224, .box_w = 14, .box_h = 13, .ofs_x = 0, .ofs_y = -1},
    {.bitmap_index = 16062, .adv_w = 224, .box_w = 14, .box_h = 13, .ofs_x = 0, .ofs_y = -1},
    {.bitmap_index = 16153, .adv_w = 224, .box_w = 14, .box_h = 14, .ofs_x = 0, .ofs_y = -2},
    {.bitmap_index = 16251, .adv_w = 224, .box_w = 14, .box_h = 13, .ofs_x = 0, .ofs_y = -1},
    {.bitmap_index = 16342, .adv_w = 224, .box_w = 14, .box_h = 14, .ofs_x = 0, .ofs_y = -1},
    {.bitmap_index = 16440, .adv_w = 224, .box_w = 14, .box_h = 13, .ofs_x = 0, .ofs_y = -1},
    {.bitmap_index = 16531, .adv_w = 224, .box_w = 14, .box_h = 14, .ofs_x = 0, .ofs_y = -1},
    {.bitmap_index = 16629, .adv_w = 224, .box_w = 14, .box_h = 13, .ofs_x = 0, .ofs_y = -1},
    {.bitmap_index = 16720, .adv_w = 224, .box_w = 14, .box_h = 14, .ofs_x = 0, .ofs_y = -1},
    {.bitmap_index = 16818, .adv_w = 224, .box_w = 14, .box_h = 14, .ofs_x = 0, .ofs_y = -2},
    {.bitmap_index = 16916, .adv_w = 224, .box_w = 14, .box_h = 15, .ofs_x = 0, .ofs_y = -2},
    {.bitmap_index = 17021, .adv_w = 224, .box_w = 14, .box_h = 14, .ofs_x = 0, .ofs_y = -2},
    {.bitmap_index = 17119, .adv_w = 224, .box_w = 13, .box_h = 14, .ofs_x = 0, .ofs_y = -2},
    {.bitmap_index = 17210, .adv_w = 224, .box_w = 14, .box_h = 13, .ofs_x = 0, .ofs_y = -1},
    {.bitmap_index = 17301, .adv_w = 224, .box_w = 14, .box_h = 13, .ofs_x = 0, .ofs_y = -1},
    {.bitmap_index = 17392, .adv_w = 224, .box_w = 14, .box_h = 14, .ofs_x = 0, .ofs_y = -2},
    {.bitmap_index = 17490, .adv_w = 224, .box_w = 14, .box_h = 15, .ofs_x = 0, .ofs_y = -2},
    {.bitmap_index = 17595, .adv_w = 224, .box_w = 14, .box_h = 13, .ofs_x = 0, .ofs_y = -1},
    {.bitmap_index = 17686, .adv_w = 224, .box_w = 14, .box_h = 15, .ofs_x = 0, .ofs_y = -2},
    {.bitmap_index = 17791, .adv_w = 224, .box_w = 14, .box_h = 14, .ofs_x = 0, .ofs_y = -2},
    {.bitmap_index = 17889, .adv_w = 224, .box_w = 14, .box_h = 14, .ofs_x = 0, .ofs_y = -2},
    {.bitmap_index = 17987, .adv_w = 224, .box_w = 14, .box_h = 13, .ofs_x = 0, .ofs_y = -1},
    {.bitmap_index = 18078, .adv_w = 224, .box_w = 14, .box_h = 14, .ofs_x = 0, .ofs_y = -2},
    {.bitmap_index = 18176, .adv_w = 224, .box_w = 14, .box_h = 14, .ofs_x = 0, .ofs_y = -1},
    {.bitmap_index = 18274, .adv_w = 224, .box_w = 14, .box_h = 14, .ofs_x = 0, .ofs_y = -2},
    {.bitmap_index = 18372, .adv_w = 224, .box_w = 14, .box_h = 15, .ofs_x = 0, .ofs_y = -2},
    {.bitmap_index = 18477, .adv_w = 224, .box_w = 14, .box_h = 15, .ofs_x = 0, .ofs_y = -2},
    {.bitmap_index = 18582, .adv_w = 224, .box_w = 14, .box_h = 13, .ofs_x = 0, .ofs_y = -1},
    {.bitmap_index = 18673, .adv_w = 224, .box_w = 14, .box_h = 15, .ofs_x = 0, .ofs_y = -2},
    {.bitmap_index = 18778, .adv_w = 224, .box_w = 14, .box_h = 14, .ofs_x = 0, .ofs_y = -2},
    {.bitmap_index = 18876, .adv_w = 224, .box_w = 14, .box_h = 14, .ofs_x = 0, .ofs_y = -2},
    {.bitmap_index = 18974, .adv_w = 224, .box_w = 14, .box_h = 13, .ofs_x = 0, .ofs_y = -1},
    {.bitmap_index = 19065, .adv_w = 224, .box_w = 14, .box_h = 13, .ofs_x = 0, .ofs_y = -1},
    {.bitmap_index = 19156, .adv_w = 224, .box_w = 14, .box_h = 15, .ofs_x = 0, .ofs_y = -2},
    {.bitmap_index = 19261, .adv_w = 224, .box_w = 14, .box_h = 14, .ofs_x = 0, .ofs_y = -2},
    {.bitmap_index = 19359, .adv_w = 224, .box_w = 14, .box_h = 14, .ofs_x = 0, .ofs_y = -2},
    {.bitmap_index = 19457, .adv_w = 224, .box_w = 10, .box_h = 12, .ofs_x = 2, .ofs_y = -1},
    {.bitmap_index = 19517, .adv_w = 224, .box_w = 14, .box_h = 12, .ofs_x = 0, .ofs_y = -1},
    {.bitmap_index = 19601, .adv_w = 224, .box_w = 13, .box_h = 14, .ofs_x = 1, .ofs_y = -2},
    {.bitmap_index = 19692, .adv_w = 224, .box_w = 12, .box_h = 14, .ofs_x = 1, .ofs_y = -2},
    {.bitmap_index = 19776, .adv_w = 224, .box_w = 13, .box_h = 13, .ofs_x = 1, .ofs_y = -1},
    {.bitmap_index = 19861, .adv_w = 224, .box_w = 14, .box_h = 13, .ofs_x = 0, .ofs_y = -2},
    {.bitmap_index = 19952, .adv_w = 224, .box_w = 13, .box_h = 14, .ofs_x = 1, .ofs_y = -2},
    {.bitmap_index = 20043, .adv_w = 224, .box_w = 14, .box_h = 13, .ofs_x = 0, .ofs_y = -2},
    {.bitmap_index = 20134, .adv_w = 224, .box_w = 14, .box_h = 12, .ofs_x = 0, .ofs_y = -1},
    {.bitmap_index = 20218, .adv_w = 224, .box_w = 13, .box_h = 14, .ofs_x = 0, .ofs_y = -1},
    {.bitmap_index = 20309, .adv_w = 224, .box_w = 13, .box_h = 13, .ofs_x = 1, .ofs_y = -1},
    {.bitmap_index = 20394, .adv_w = 224, .box_w = 12, .box_h = 13, .ofs_x = 1, .ofs_y = -1},
    {.bitmap_index = 20472, .adv_w = 224, .box_w = 14, .box_h = 13, .ofs_x = 0, .ofs_y = -2},
    {.bitmap_index = 20563, .adv_w = 224, .box_w = 14, .box_h = 13, .ofs_x = 0, .ofs_y = -1},
    {.bitmap_index = 20654, .adv_w = 224, .box_w = 14, .box_h = 12, .ofs_x = 0, .ofs_y = -1},
    {.bitmap_index = 20738, .adv_w = 224, .box_w = 14, .box_h = 13, .ofs_x = 0, .ofs_y = -1},
    {.bitmap_index = 20829, .adv_w = 224, .box_w = 14, .box_h = 13, .ofs_x = 0, .ofs_y = -1},
    {.bitmap_index = 20920, .adv_w = 224, .box_w = 14, .box_h = 13, .ofs_x = 0, .ofs_y = -1},
    {.bitmap_index = 21011, .adv_w = 224, .box_w = 14, .box_h = 13, .ofs_x = 0, .ofs_y = -1},
    {.bitmap_index = 21102, .adv_w = 224, .box_w = 14, .box_h = 15, .ofs_x = 0, .ofs_y = -2},
    {.bitmap_index = 21207, .adv_w = 224, .box_w = 14, .box_h = 13, .ofs_x = 0, .ofs_y = -1},
    {.bitmap_index = 21298, .adv_w = 224, .box_w = 14, .box_h = 13, .ofs_x = 0, .ofs_y = -1},
    {.bitmap_index = 21389, .adv_w = 224, .box_w = 14, .box_h = 13, .ofs_x = 0, .ofs_y = -1},
    {.bitmap_index = 21480, .adv_w = 224, .box_w = 14, .box_h = 14, .ofs_x = 0, .ofs_y = -2},
    {.bitmap_index = 21578, .adv_w = 224, .box_w = 14, .box_h = 13, .ofs_x = 0, .ofs_y = -1},
    {.bitmap_index = 21669, .adv_w = 224, .box_w = 14, .box_h = 14, .ofs_x = 0, .ofs_y = -1},
    {.bitmap_index = 21767, .adv_w = 224, .box_w = 14, .box_h = 14, .ofs_x = 0, .ofs_y = -1},
    {.bitmap_index = 21865, .adv_w = 224, .box_w = 14, .box_h = 14, .ofs_x = 0, .ofs_y = -2},
    {.bitmap_index = 21963, .adv_w = 224, .box_w = 14, .box_h = 14, .ofs_x = 0, .ofs_y = -2},
    {.bitmap_index = 22061, .adv_w = 224, .box_w = 14, .box_h = 14, .ofs_x = 0, .ofs_y = -2},
    {.bitmap_index = 22159, .adv_w = 224, .box_w = 14, .box_h = 12, .ofs_x = 0, .ofs_y = -1},
    {.bitmap_index = 22243, .adv_w = 224, .box_w = 14, .box_h = 14, .ofs_x = 0, .ofs_y = -2},
    {.bitmap_index = 22341, .adv_w = 224, .box_w = 14, .box_h = 14, .ofs_x = 0, .ofs_y = -2},
    {.bitmap_index = 22439, .adv_w = 224, .box_w = 14, .box_h = 14, .ofs_x = 0, .ofs_y = -2},
    {.bitmap_index = 22537, .adv_w = 224, .box_w = 14, .box_h = 14, .ofs_x = 0, .ofs_y = -2},
    {.bitmap_index = 22635, .adv_w = 224, .box_w = 14, .box_h = 13, .ofs_x = 0, .ofs_y = -1},
    {.bitmap_index = 22726, .adv_w = 224, .box_w = 14, .box_h = 14, .ofs_x = 0, .ofs_y = -2},
    {.bitmap_index = 22824, .adv_w = 224, .box_w = 14, .box_h = 14, .ofs_x = 0, .ofs_y = -2},
    {.bitmap_index = 22922, .adv_w = 224, .box_w = 14, .box_h = 13, .ofs_x = 0, .ofs_y = -1},
    {.bitmap_index = 23013, .adv_w = 224, .box_w = 14, .box_h = 13, .ofs_x = 0, .ofs_y = -1},
    {.bitmap_index = 23104, .adv_w = 224, .box_w = 14, .box_h = 13, .ofs_x = 0, .ofs_y = -1},
    {.bitmap_index = 23195, .adv_w = 224, .box_w = 14, .box_h = 14, .ofs_x = 0, .ofs_y = -2},
    {.bitmap_index = 23293, .adv_w = 224, .box_w = 14, .box_h = 13, .ofs_x = 0, .ofs_y = -1},
    {.bitmap_index = 23384, .adv_w = 224, .box_w = 14, .box_h = 14, .ofs_x = 0, .ofs_y = -2},
    {.bitmap_index = 23482, .adv_w = 224, .box_w = 14, .box_h = 14, .ofs_x = 0, .ofs_y = -2},
    {.bitmap_index = 23580, .adv_w = 224, .box_w = 14, .box_h = 14, .ofs_x = 0, .ofs_y = -2},
    {.bitmap_index = 23678, .adv_w = 224, .box_w = 13, .box_h = 14, .ofs_x = 0, .ofs_y = -2},
    {.bitmap_index = 23769, .adv_w = 224, .box_w = 14, .box_h = 14, .ofs_x = 0, .ofs_y = -2},
    {.bitmap_index = 23867, .adv_w = 224, .box_w = 14, .box_h = 15, .ofs_x = 0, .ofs_y = -2},
    {.bitmap_index = 23972, .adv_w = 224, .box_w = 14, .box_h = 14, .ofs_x = 0, .ofs_y = -2},
    {.bitmap_index = 24070, .adv_w = 224, .box_w = 14, .box_h = 13, .ofs_x = 0, .ofs_y = -1},
    {.bitmap_index = 24161, .adv_w = 224, .box_w = 14, .box_h = 13, .ofs_x = 0, .ofs_y = -1},
    {.bitmap_index = 24252, .adv_w = 224, .box_w = 14, .box_h = 13, .ofs_x = 0, .ofs_y = -2},
    {.bitmap_index = 24343, .adv_w = 224, .box_w = 14, .box_h = 14, .ofs_x = 0, .ofs_y = -2},
    {.bitmap_index = 24441, .adv_w = 224, .box_w = 14, .box_h = 14, .ofs_x = 0, .ofs_y = -2},
    {.bitmap_index = 24539, .adv_w = 224, .box_w = 14, .box_h = 14, .ofs_x = 0, .ofs_y = -2},
    {.bitmap_index = 24637, .adv_w = 224, .box_w = 14, .box_h = 14, .ofs_x = 0, .ofs_y = -1},
    {.bitmap_index = 24735, .adv_w = 224, .box_w = 13, .box_h = 13, .ofs_x = 0, .ofs_y = -2},
    {.bitmap_index = 24820, .adv_w = 224, .box_w = 13, .box_h = 13, .ofs_x = 1, .ofs_y = -1},
    {.bitmap_index = 24905, .adv_w = 224, .box_w = 14, .box_h = 13, .ofs_x = 0, .ofs_y = -2},
    {.bitmap_index = 24996, .adv_w = 224, .box_w = 12, .box_h = 13, .ofs_x = 1, .ofs_y = -1},
    {.bitmap_index = 25074, .adv_w = 224, .box_w = 13, .box_h = 13, .ofs_x = 1, .ofs_y = -1},
    {.bitmap_index = 25159, .adv_w = 224, .box_w = 12, .box_h = 13, .ofs_x = 1, .ofs_y = -1},
    {.bitmap_index = 25237, .adv_w = 224, .box_w = 12, .box_h = 14, .ofs_x = 1, .ofs_y = -2},
    {.bitmap_index = 25321, .adv_w = 224, .box_w = 10, .box_h = 12, .ofs_x = 2, .ofs_y = -1},
    {.bitmap_index = 25381, .adv_w = 224, .box_w = 14, .box_h = 13, .ofs_x = 0, .ofs_y = -1},
    {.bitmap_index = 25472, .adv_w = 224, .box_w = 14, .box_h = 13, .ofs_x = 0, .ofs_y = -1},
    {.bitmap_index = 25563, .adv_w = 224, .box_w = 14, .box_h = 14, .ofs_x = 0, .ofs_y = -2},
    {.bitmap_index = 25661, .adv_w = 224, .box_w = 14, .box_h = 13, .ofs_x = 0, .ofs_y = -2},
    {.bitmap_index = 25752, .adv_w = 224, .box_w = 14, .box_h = 13, .ofs_x = 0, .ofs_y = -1},
    {.bitmap_index = 25843, .adv_w = 224, .box_w = 14, .box_h = 14, .ofs_x = 0, .ofs_y = -2},
    {.bitmap_index = 25941, .adv_w = 224, .box_w = 14, .box_h = 13, .ofs_x = 0, .ofs_y = -1},
    {.bitmap_index = 26032, .adv_w = 224, .box_w = 14, .box_h = 13, .ofs_x = 0, .ofs_y = -1},
    {.bitmap_index = 26123, .adv_w = 224, .box_w = 14, .box_h = 13, .ofs_x = 0, .ofs_y = -1},
    {.bitmap_index = 26214, .adv_w = 224, .box_w = 14, .box_h = 13, .ofs_x = 0, .ofs_y = -1},
    {.bitmap_index = 26305, .adv_w = 224, .box_w = 14, .box_h = 15, .ofs_x = 0, .ofs_y = -2},
    {.bitmap_index = 26410, .adv_w = 224, .box_w = 14, .box_h = 14, .ofs_x = 0, .ofs_y = -1},
    {.bitmap_index = 26508, .adv_w = 224, .box_w = 13, .box_h = 14, .ofs_x = 0, .ofs_y = -1},
    {.bitmap_index = 26599, .adv_w = 224, .box_w = 14, .box_h = 15, .ofs_x = 0, .ofs_y = -2},
    {.bitmap_index = 26704, .adv_w = 224, .box_w = 13, .box_h = 13, .ofs_x = 1, .ofs_y = -1},
    {.bitmap_index = 26789, .adv_w = 224, .box_w = 14, .box_h = 13, .ofs_x = 0, .ofs_y = -1},
    {.bitmap_index = 26880, .adv_w = 224, .box_w = 14, .box_h = 14, .ofs_x = 0, .ofs_y = -2},
    {.bitmap_index = 26978, .adv_w = 224, .box_w = 14, .box_h = 13, .ofs_x = 0, .ofs_y = -1},
    {.bitmap_index = 27069, .adv_w = 224, .box_w = 14, .box_h = 13, .ofs_x = 0, .ofs_y = -1},
    {.bitmap_index = 27160, .adv_w = 224, .box_w = 14, .box_h = 13, .ofs_x = 0, .ofs_y = -1},
    {.bitmap_index = 27251, .adv_w = 224, .box_w = 14, .box_h = 14, .ofs_x = 0, .ofs_y = -2},
    {.bitmap_index = 27349, .adv_w = 224, .box_w = 14, .box_h = 14, .ofs_x = 0, .ofs_y = -1},
    {.bitmap_index = 27447, .adv_w = 224, .box_w = 14, .box_h = 13, .ofs_x = 0, .ofs_y = -1},
    {.bitmap_index = 27538, .adv_w = 224, .box_w = 14, .box_h = 13, .ofs_x = 0, .ofs_y = -1},
    {.bitmap_index = 27629, .adv_w = 224, .box_w = 14, .box_h = 14, .ofs_x = 0, .ofs_y = -2},
    {.bitmap_index = 27727, .adv_w = 224, .box_w = 14, .box_h = 13, .ofs_x = 0, .ofs_y = -1},
    {.bitmap_index = 27818, .adv_w = 224, .box_w = 14, .box_h = 12, .ofs_x = 0, .ofs_y = -1},
    {.bitmap_index = 27902, .adv_w = 224, .box_w = 14, .box_h = 13, .ofs_x = 0, .ofs_y = -1},
    {.bitmap_index = 27993, .adv_w = 224, .box_w = 14, .box_h = 14, .ofs_x = 0, .ofs_y = -2},
    {.bitmap_index = 28091, .adv_w = 224, .box_w = 14, .box_h = 13, .ofs_x = 0, .ofs_y = -1},
    {.bitmap_index = 28182, .adv_w = 224, .box_w = 13, .box_h = 14, .ofs_x = 1, .ofs_y = -1},
    {.bitmap_index = 28273, .adv_w = 224, .box_w = 10, .box_h = 13, .ofs_x = 2, .ofs_y = -1},
    {.bitmap_index = 28338, .adv_w = 224, .box_w = 14, .box_h = 14, .ofs_x = 0, .ofs_y = -2},
    {.bitmap_index = 28436, .adv_w = 224, .box_w = 13, .box_h = 13, .ofs_x = 0, .ofs_y = -1},
    {.bitmap_index = 28521, .adv_w = 224, .box_w = 14, .box_h = 13, .ofs_x = 0, .ofs_y = -1},
    {.bitmap_index = 28612, .adv_w = 224, .box_w = 14, .box_h = 13, .ofs_x = 0, .ofs_y = -1},
    {.bitmap_index = 28703, .adv_w = 224, .box_w = 14, .box_h = 14, .ofs_x = 0, .ofs_y = -2},
    {.bitmap_index = 28801, .adv_w = 224, .box_w = 14, .box_h = 13, .ofs_x = 0, .ofs_y = -1},
    {.bitmap_index = 28892, .adv_w = 224, .box_w = 14, .box_h = 14, .ofs_x = 0, .ofs_y = -2},
    {.bitmap_index = 28990, .adv_w = 224, .box_w = 14, .box_h = 13, .ofs_x = 0, .ofs_y = -2},
    {.bitmap_index = 29081, .adv_w = 224, .box_w = 14, .box_h = 13, .ofs_x = 0, .ofs_y = -2},
    {.bitmap_index = 29172, .adv_w = 224, .box_w = 14, .box_h = 14, .ofs_x = 0, .ofs_y = -2},
    {.bitmap_index = 29270, .adv_w = 224, .box_w = 14, .box_h = 14, .ofs_x = 0, .ofs_y = -2},
    {.bitmap_index = 29368, .adv_w = 224, .box_w = 13, .box_h = 14, .ofs_x = 0, .ofs_y = -2},
    {.bitmap_index = 29459, .adv_w = 224, .box_w = 14, .box_h = 14, .ofs_x = 0, .ofs_y = -2},
    {.bitmap_index = 29557, .adv_w = 224, .box_w = 14, .box_h = 14, .ofs_x = 0, .ofs_y = -2},
    {.bitmap_index = 29655, .adv_w = 224, .box_w = 14, .box_h = 13, .ofs_x = 0, .ofs_y = -1},
    {.bitmap_index = 29746, .adv_w = 224, .box_w = 14, .box_h = 14, .ofs_x = 0, .ofs_y = -2},
    {.bitmap_index = 29844, .adv_w = 224, .box_w = 14, .box_h = 13, .ofs_x = 0, .ofs_y = -1},
    {.bitmap_index = 29935, .adv_w = 224, .box_w = 14, .box_h = 13, .ofs_x = 0, .ofs_y = -1},
    {.bitmap_index = 30026, .adv_w = 224, .box_w = 14, .box_h = 13, .ofs_x = 0, .ofs_y = -1},
    {.bitmap_index = 30117, .adv_w = 224, .box_w = 14, .box_h = 14, .ofs_x = 0, .ofs_y = -2},
    {.bitmap_index = 30215, .adv_w = 224, .box_w = 14, .box_h = 14, .ofs_x = 0, .ofs_y = -2},
    {.bitmap_index = 30313, .adv_w = 224, .box_w = 14, .box_h = 14, .ofs_x = 0, .ofs_y = -2},
    {.bitmap_index = 30411, .adv_w = 224, .box_w = 14, .box_h = 14, .ofs_x = 0, .ofs_y = -2},
    {.bitmap_index = 30509, .adv_w = 224, .box_w = 14, .box_h = 14, .ofs_x = 0, .ofs_y = -2},
    {.bitmap_index = 30607, .adv_w = 224, .box_w = 14, .box_h = 14, .ofs_x = 0, .ofs_y = -2},
    {.bitmap_index = 30705, .adv_w = 224, .box_w = 14, .box_h = 13, .ofs_x = 0, .ofs_y = -1},
    {.bitmap_index = 30796, .adv_w = 224, .box_w = 14, .box_h = 13, .ofs_x = 0, .ofs_y = -2},
    {.bitmap_index = 30887, .adv_w = 224, .box_w = 14, .box_h = 13, .ofs_x = 0, .ofs_y = -1},
    {.bitmap_index = 30978, .adv_w = 224, .box_w = 14, .box_h = 13, .ofs_x = 0, .ofs_y = -1},
    {.bitmap_index = 31069, .adv_w = 224, .box_w = 14, .box_h = 13, .ofs_x = 0, .ofs_y = -1},
    {.bitmap_index = 31160, .adv_w = 224, .box_w = 14, .box_h = 14, .ofs_x = 0, .ofs_y = -2},
    {.bitmap_index = 31258, .adv_w = 224, .box_w = 14, .box_h = 14, .ofs_x = 0, .ofs_y = -2},
    {.bitmap_index = 31356, .adv_w = 224, .box_w = 14, .box_h = 15, .ofs_x = 0, .ofs_y = -2},
    {.bitmap_index = 31461, .adv_w = 224, .box_w = 14, .box_h = 15, .ofs_x = 0, .ofs_y = -2},
    {.bitmap_index = 31566, .adv_w = 224, .box_w = 14, .box_h = 14, .ofs_x = 0, .ofs_y = -2},
    {.bitmap_index = 31664, .adv_w = 224, .box_w = 14, .box_h = 14, .ofs_x = 0, .ofs_y = -2},
    {.bitmap_index = 31762, .adv_w = 224, .box_w = 14, .box_h = 13, .ofs_x = 0, .ofs_y = -1},
    {.bitmap_index = 31853, .adv_w = 224, .box_w = 14, .box_h = 14, .ofs_x = 0, .ofs_y = -2},
    {.bitmap_index = 31951, .adv_w = 224, .box_w = 14, .box_h = 14, .ofs_x = 0, .ofs_y = -2},
    {.bitmap_index = 32049, .adv_w = 224, .box_w = 14, .box_h = 14, .ofs_x = 0, .ofs_y = -2},
    {.bitmap_index = 32147, .adv_w = 224, .box_w = 14, .box_h = 15, .ofs_x = 0, .ofs_y = -2},
    {.bitmap_index = 32252, .adv_w = 224, .box_w = 14, .box_h = 14, .ofs_x = 0, .ofs_y = -2},
    {.bitmap_index = 32350, .adv_w = 224, .box_w = 14, .box_h = 14, .ofs_x = 0, .ofs_y = -2},
    {.bitmap_index = 32448, .adv_w = 224, .box_w = 14, .box_h = 14, .ofs_x = 0, .ofs_y = -2},
    {.bitmap_index = 32546, .adv_w = 224, .box_w = 14, .box_h = 14, .ofs_x = 0, .ofs_y = -2},
    {.bitmap_index = 32644, .adv_w = 224, .box_w = 14, .box_h = 14, .ofs_x = 0, .ofs_y = -2},
    {.bitmap_index = 32742, .adv_w = 224, .box_w = 14, .box_h = 14, .ofs_x = 0, .ofs_y = -2},
    {.bitmap_index = 32840, .adv_w = 224, .box_w = 14, .box_h = 14, .ofs_x = 0, .ofs_y = -2},
    {.bitmap_index = 32938, .adv_w = 224, .box_w = 14, .box_h = 14, .ofs_x = 0, .ofs_y = -2},
    {.bitmap_index = 33036, .adv_w = 224, .box_w = 14, .box_h = 14, .ofs_x = 0, .ofs_y = -2},
    {.bitmap_index = 33134, .adv_w = 224, .box_w = 14, .box_h = 14, .ofs_x = 0, .ofs_y = -2},
    {.bitmap_index = 33232, .adv_w = 224, .box_w = 14, .box_h = 12, .ofs_x = 0, .ofs_y = -1},
    {.bitmap_index = 33316, .adv_w = 224, .box_w = 14, .box_h = 13, .ofs_x = 0, .ofs_y = -1},
    {.bitmap_index = 33407, .adv_w = 224, .box_w = 14, .box_h = 12, .ofs_x = 0, .ofs_y = -1},
    {.bitmap_index = 33491, .adv_w = 224, .box_w = 14, .box_h = 14, .ofs_x = 0, .ofs_y = -1},
    {.bitmap_index = 33589, .adv_w = 224, .box_w = 14, .box_h = 13, .ofs_x = 0, .ofs_y = -1},
    {.bitmap_index = 33680, .adv_w = 224, .box_w = 14, .box_h = 14, .ofs_x = 0, .ofs_y = -2},
    {.bitmap_index = 33778, .adv_w = 224, .box_w = 14, .box_h = 13, .ofs_x = 0, .ofs_y = -1},
    {.bitmap_index = 33869, .adv_w = 224, .box_w = 14, .box_h = 13, .ofs_x = 0, .ofs_y = -1},
    {.bitmap_index = 33960, .adv_w = 224, .box_w = 14, .box_h = 14, .ofs_x = 0, .ofs_y = -2},
    {.bitmap_index = 34058, .adv_w = 224, .box_w = 12, .box_h = 13, .ofs_x = 1, .ofs_y = -1},
    {.bitmap_index = 34136, .adv_w = 224, .box_w = 13, .box_h = 14, .ofs_x = 1, .ofs_y = -2},
    {.bitmap_index = 34227, .adv_w = 224, .box_w = 13, .box_h = 14, .ofs_x = 1, .ofs_y = -2},
    {.bitmap_index = 34318, .adv_w = 224, .box_w = 13, .box_h = 14, .ofs_x = 1, .ofs_y = -2},
    {.bitmap_index = 34409, .adv_w = 224, .box_w = 13, .box_h = 14, .ofs_x = 1, .ofs_y = -2},
    {.bitmap_index = 34500, .adv_w = 224, .box_w = 14, .box_h = 13, .ofs_x = 0, .ofs_y = -1},
    {.bitmap_index = 34591, .adv_w = 224, .box_w = 14, .box_h = 13, .ofs_x = 0, .ofs_y = -2},
    {.bitmap_index = 34682, .adv_w = 224, .box_w = 14, .box_h = 13, .ofs_x = 0, .ofs_y = -1},
    {.bitmap_index = 34773, .adv_w = 224, .box_w = 14, .box_h = 14, .ofs_x = 0, .ofs_y = -1},
    {.bitmap_index = 34871, .adv_w = 224, .box_w = 14, .box_h = 12, .ofs_x = 0, .ofs_y = -1},
    {.bitmap_index = 34955, .adv_w = 224, .box_w = 14, .box_h = 13, .ofs_x = 0, .ofs_y = -2},
    {.bitmap_index = 35046, .adv_w = 224, .box_w = 14, .box_h = 12, .ofs_x = 0, .ofs_y = -1},
    {.bitmap_index = 35130, .adv_w = 224, .box_w = 14, .box_h = 14, .ofs_x = 0, .ofs_y = -2},
    {.bitmap_index = 35228, .adv_w = 224, .box_w = 14, .box_h = 14, .ofs_x = 0, .ofs_y = -2},
    {.bitmap_index = 35326, .adv_w = 224, .box_w = 14, .box_h = 14, .ofs_x = 0, .ofs_y = -2},
    {.bitmap_index = 35424, .adv_w = 224, .box_w = 14, .box_h = 14, .ofs_x = 0, .ofs_y = -2},
    {.bitmap_index = 35522, .adv_w = 224, .box_w = 14, .box_h = 14, .ofs_x = 0, .ofs_y = -2},
    {.bitmap_index = 35620, .adv_w = 224, .box_w = 14, .box_h = 13, .ofs_x = 0, .ofs_y = -2},
    {.bitmap_index = 35711, .adv_w = 224, .box_w = 14, .box_h = 13, .ofs_x = 0, .ofs_y = -1},
    {.bitmap_index = 35802, .adv_w = 224, .box_w = 14, .box_h = 14, .ofs_x = 0, .ofs_y = -2},
    {.bitmap_index = 35900, .adv_w = 224, .box_w = 14, .box_h = 14, .ofs_x = 0, .ofs_y = -2},
    {.bitmap_index = 35998, .adv_w = 224, .box_w = 14, .box_h = 13, .ofs_x = 0, .ofs_y = -1},
    {.bitmap_index = 36089, .adv_w = 224, .box_w = 14, .box_h = 14, .ofs_x = 0, .ofs_y = -2},
    {.bitmap_index = 36187, .adv_w = 224, .box_w = 14, .box_h = 14, .ofs_x = 0, .ofs_y = -2},
    {.bitmap_index = 36285, .adv_w = 224, .box_w = 14, .box_h = 15, .ofs_x = 0, .ofs_y = -2},
    {.bitmap_index = 36390, .adv_w = 224, .box_w = 3, .box_h = 6, .ofs_x = 2, .ofs_y = -2},
    {.bitmap_index = 36399, .adv_w = 224, .box_w = 3, .box_h = 11, .ofs_x = 2, .ofs_y = -1},
    {.bitmap_index = 36416, .adv_w = 224, .box_w = 4, .box_h = 13, .ofs_x = 1, .ofs_y = -3}
};

/*---------------------
 *  CHARACTER MAPPING
 *--------------------*/

static const uint16_t unicode_list_1[] = {
    0x0, 0x1f5d, 0x2103, 0x21ac, 0x224b, 0x225e, 0x2336, 0x2337,
    0x24ff, 0x2512, 0x2515, 0x25b3, 0x25b4, 0x25e2, 0x2f4a, 0x2f4b,
    0x4d49, 0x4d53, 0x4d54, 0x4d56, 0x4d57, 0x4d5c, 0x4d65, 0x4d73,
    0x4d76, 0x4d83, 0x4d84, 0x4dd2, 0x4dd5, 0x4dd7, 0x4df4, 0x4df5,
    0x4df7, 0x4e03, 0x4e13, 0x4e17, 0x4e2e, 0x4e61, 0x4e63, 0x4e8f,
    0x4e96, 0x4e97, 0x4ea5, 0x4ea9, 0x4ef0, 0x4f26, 0x4f2a, 0x4f62,
    0x4f90, 0x4f98, 0x4fa3, 0x4fa5, 0x5091, 0x5092, 0x5094, 0x50ae,
    0x50b1, 0x50b5, 0x50ba, 0x50bc, 0x50ce, 0x50d6, 0x50fc, 0x5100,
    0x514f, 0x5150, 0x5160, 0x5179, 0x517f, 0x5180, 0x5184, 0x5196,
    0x51e8, 0x51f1, 0x5283, 0x529e, 0x52a9, 0x52aa, 0x52d4, 0x5313,
    0x531a, 0x5321, 0x532c, 0x5333, 0x5338, 0x5339, 0x533c, 0x5351,
    0x5355, 0x5357, 0x5374, 0x5375, 0x53d5, 0x55b1, 0x5627, 0x563d,
    0x5643, 0x5647, 0x564f, 0x5671, 0x5679, 0x5683, 0x56d4, 0x5728,
    0x57cc, 0x5839, 0x5850, 0x5856, 0x585f, 0x5863, 0x5865, 0x5872,
    0x587a, 0x5898, 0x58bc, 0x58c6, 0x5914, 0x5ad2, 0x5ad5, 0x5ae3,
    0x5ae7, 0x5b02, 0x5b0f, 0x5b28, 0x5b45, 0x5b4a, 0x5b58, 0x5b86,
    0x5b89, 0x5b8b, 0x5b9e, 0x5d2e, 0x5d2f, 0x5d3b, 0x5d4c, 0x5d81,
    0x5dc8, 0x5dd8, 0x5ddc, 0x5dde, 0x5def, 0x5e49, 0x5e58, 0x5e69,
    0x5e83, 0x5e9c, 0x5e9e, 0x5f0c, 0x5f34, 0x5f4a, 0x5f70, 0x5f84,
    0x5fb8, 0x603c, 0x6068, 0x60ab, 0x6159, 0x619c, 0x61b4, 0x61d3,
    0x6228, 0x624a, 0x6252, 0x625a, 0x62ab, 0x62b7, 0x62db, 0x62eb,
    0x62ee, 0x62f0, 0x62f1, 0x6318, 0x6365, 0x63f6, 0x647f, 0x6482,
    0x6487, 0x64b9, 0x64bd, 0x64e2, 0x64f9, 0x6502, 0x652e, 0x6532,
    0x653f, 0x6557, 0x6571, 0x6578, 0x65a3, 0x65b1, 0x65b8, 0x65c3,
    0x65df, 0x663b, 0x663d, 0x6648, 0x6649, 0x6675, 0x6683, 0x668b,
    0x66aa, 0x66cd, 0x66ff, 0x671d, 0x672e, 0x6750, 0x6758, 0x6780,
    0x6791, 0x696a, 0x6a6a, 0x6a95, 0x6aac, 0x6aae, 0x6afe, 0x6b0a,
    0x6b18, 0x6b5d, 0x6b64, 0x6c8a, 0x6c8e, 0x6d2a, 0x6d3a, 0x6d40,
    0x6d4e, 0x6d59, 0x6d6a, 0x7002, 0x7190, 0x7191, 0x71ff, 0x7235,
    0x72d0, 0x72f8, 0x72f9, 0x7304, 0x7336, 0x734c, 0x73cc, 0x7471,
    0x747e, 0x7495, 0x74a2, 0x74ae, 0x75c6, 0x75cd, 0x7637, 0x7654,
    0x7668, 0x77b7, 0x7883, 0x7904, 0x7944, 0x7956, 0x797c, 0x7988,
    0x7a14, 0x7a27, 0x7a9f, 0x7aea, 0x7c07, 0x7c44, 0x7c6b, 0x7df0,
    0x7e08, 0x7e18, 0x7e1c, 0x7e28, 0x7e30, 0x7e36, 0x7e3d, 0x7e5f,
    0x7e72, 0x7eb7, 0x7f60, 0x7f9d, 0x8015, 0x8046, 0x8133, 0x8173,
    0x81bb, 0x81cb, 0x8299, 0x8518, 0x8795, 0x87b1, 0x88ca, 0x890b,
    0x890f, 0x8912, 0x891b, 0x8aed, 0x8af2, 0x8b07, 0x8b08, 0x8b0a,
    0x8b0f, 0x8b1a, 0x8b3d, 0x8b4c, 0x8b51, 0x8c71, 0x8c7d, 0x8c8d,
    0x8d1a, 0x8d28, 0x8d38, 0x8eb7, 0x8ec4, 0x8ec6, 0x8eda, 0x8ef1,
    0x8f02, 0x8f07, 0x8f0a, 0x8f10, 0x8f19, 0x8f1a, 0x8f21, 0x8f22,
    0x8f24, 0x8f27, 0x8f40, 0x8f4b, 0x8f52, 0x8f58, 0x8f68, 0x8f84,
    0x8f9c, 0x9031, 0x9115, 0x9116, 0x9118, 0x911a, 0x93e8, 0x93f7,
    0x9425, 0x9449, 0x94c8, 0x953d, 0x9568, 0x957f, 0x9596, 0x95d8,
    0x960f, 0x9647, 0x969b, 0x96a2, 0x96ab, 0x97be, 0x97c2, 0x97c3,
    0x97cd, 0x97da, 0x97e1, 0x97e5, 0x9817, 0x98df, 0x99c4, 0x99d5,
    0x9a21, 0x9e0d, 0x9e21, 0x9e5c, 0xfe55, 0xfe63, 0xfe64
};

/*Collect the unicode lists and glyph_id offsets*/
static const lv_font_fmt_txt_cmap_t cmaps[] =
{
    {
        .range_start = 32, .range_length = 95, .glyph_id_start = 1,
        .unicode_list = NULL, .glyph_id_ofs_list = NULL, .list_length = 0, .type = LV_FONT_FMT_TXT_CMAP_FORMAT0_TINY
    },
    {
        .range_start = 183, .range_length = 65125, .glyph_id_start = 96,
        .unicode_list = unicode_list_1, .glyph_id_ofs_list = NULL, .list_length = 367, .type = LV_FONT_FMT_TXT_CMAP_SPARSE_TINY
    }
};

/*-----------------
 *    KERNING
 *----------------*/


/*Map glyph_ids to kern left classes*/
static const uint8_t kern_left_class_mapping[] =
{
    0, 0, 1, 2, 0, 3, 4, 5,
    2, 6, 7, 8, 9, 10, 9, 10,
    11, 12, 0, 13, 14, 15, 16, 17,
    18, 19, 12, 20, 20, 0, 0, 0,
    21, 22, 23, 24, 25, 22, 26, 27,
    28, 29, 29, 30, 31, 32, 29, 29,
    22, 33, 34, 35, 3, 36, 30, 37,
    37, 38, 39, 40, 41, 42, 43, 0,
    44, 0, 45, 46, 47, 48, 49, 50,
    51, 45, 52, 52, 53, 48, 45, 45,
    46, 46, 54, 55, 56, 57, 51, 58,
    58, 59, 58, 60, 41, 0, 0, 9,
    0, 0, 0, 0, 0, 0, 0, 0,
    0, 0, 0, 0, 0, 0, 0, 0,
    0, 0, 0, 0, 0, 0, 0, 0,
    0, 0, 0, 0, 0, 0, 0, 0,
    0, 0, 0, 0, 0, 0, 0, 0,
    0, 0, 0, 0, 0, 0, 0, 0,
    0, 0, 0, 0, 0, 0, 0, 0,
    0, 0, 0, 0, 0, 0, 0, 0,
    0, 0, 0, 0, 0, 0, 0, 0,
    0, 0, 0, 0, 0, 0, 0, 0,
    0, 0, 0, 0, 0, 0, 0, 0,
    0, 0, 0, 0, 0, 0, 0, 0,
    0, 0, 0, 0, 0, 0, 0, 0,
    0, 0, 0, 0, 0, 0, 0, 0,
    0, 0, 0, 0, 0, 0, 0, 0,
    0, 0, 0, 0, 0, 0, 0, 0,
    0, 0, 0, 0, 0, 0, 0, 0,
    0, 0, 0, 0, 0, 0, 0, 0,
    0, 0, 0, 0, 0, 0, 0, 0,
    0, 0, 0, 0, 0, 0, 0, 0,
    0, 0, 0, 0, 0, 0, 0, 0,
    0, 0, 0, 0, 0, 0, 0, 0,
    0, 0, 0, 0, 0, 0, 0, 0,
    0, 0, 0, 0, 0, 0, 0, 0,
    0, 0, 0, 0, 0, 0, 0, 0,
    0, 0, 0, 0, 0, 0, 0, 0,
    0, 0, 0, 0, 0, 0, 0, 0,
    0, 0, 0, 0, 0, 0, 0, 0,
    0, 0, 0, 0, 0, 0, 0, 0,
    0, 0, 0, 0, 0, 0, 0, 0,
    0, 0, 0, 0, 0, 0, 0, 0,
    0, 0, 0, 0, 0, 0, 0, 0,
    0, 0, 0, 0, 0, 0, 0, 0,
    0, 0, 0, 0, 0, 0, 0, 0,
    0, 0, 0, 0, 0, 0, 0, 0,
    0, 0, 0, 0, 0, 0, 0, 0,
    0, 0, 0, 0, 0, 0, 0, 0,
    0, 0, 0, 0, 0, 0, 0, 0,
    0, 0, 0, 0, 0, 0, 0, 0,
    0, 0, 0, 0, 0, 0, 0, 0,
    0, 0, 0, 0, 0, 0, 0, 0,
    0, 0, 0, 0, 0, 0, 0, 0,
    0, 0, 0, 0, 0, 0, 0, 0,
    0, 0, 0, 0, 0, 0, 0, 0,
    0, 0, 0, 0, 0, 0, 0, 0,
    0, 0, 0, 0, 0, 0, 0
};

/*Map glyph_ids to kern right classes*/
static const uint8_t kern_right_class_mapping[] =
{
    0, 0, 1, 2, 0, 3, 4, 5,
    2, 6, 7, 8, 9, 10, 9, 10,
    11, 12, 13, 14, 15, 16, 17, 12,
    18, 19, 20, 21, 21, 0, 0, 0,
    22, 23, 24, 25, 23, 25, 25, 25,
    23, 25, 25, 26, 25, 25, 25, 25,
    23, 25, 23, 25, 3, 27, 28, 29,
    29, 30, 31, 32, 33, 34, 35, 0,
    36, 0, 37, 38, 39, 39, 39, 40,
    39, 38, 41, 42, 38, 38, 43, 43,
    39, 43, 39, 43, 44, 45, 46, 47,
    47, 48, 49, 50, 0, 0, 35, 9,
    0, 0, 0, 0, 0, 0, 0, 0,
    0, 0, 0, 0, 0, 0, 0, 0,
    0, 0, 0, 0, 0, 0, 0, 0,
    0, 0, 0, 0, 0, 0, 0, 0,
    0, 0, 0, 0, 0, 0, 0, 0,
    0, 0, 0, 0, 0, 0, 0, 0,
    0, 0, 0, 0, 0, 0, 0, 0,
    0, 0, 0, 0, 0, 0, 0, 0,
    0, 0, 0, 0, 0, 0, 0, 0,
    0, 0, 0, 0, 0, 0, 0, 0,
    0, 0, 0, 0, 0, 0, 0, 0,
    0, 0, 0, 0, 0, 0, 0, 0,
    0, 0, 0, 0, 0, 0, 0, 0,
    0, 0, 0, 0, 0, 0, 0, 0,
    0, 0, 0, 0, 0, 0, 0, 0,
    0, 0, 0, 0, 0, 0, 0, 0,
    0, 0, 0, 0, 0, 0, 0, 0,
    0, 0, 0, 0, 0, 0, 0, 0,
    0, 0, 0, 0, 0, 0, 0, 0,
    0, 0, 0, 0, 0, 0, 0, 0,
    0, 0, 0, 0, 0, 0, 0, 0,
    0, 0, 0, 0, 0, 0, 0, 0,
    0, 0, 0, 0, 0, 0, 0, 0,
    0, 0, 0, 0, 0, 0, 0, 0,
    0, 0, 0, 0, 0, 0, 0, 0,
    0, 0, 0, 0, 0, 0, 0, 0,
    0, 0, 0, 0, 0, 0, 0, 0,
    0, 0, 0, 0, 0, 0, 0, 0,
    0, 0, 0, 0, 0, 0, 0, 0,
    0, 0, 0, 0, 0, 0, 0, 0,
    0, 0, 0, 0, 0, 0, 0, 0,
    0, 0, 0, 0, 0, 0, 0, 0,
    0, 0, 0, 0, 0, 0, 0, 0,
    0, 0, 0, 0, 0, 0, 0, 0,
    0, 0, 0, 0, 0, 0, 0, 0,
    0, 0, 0, 0, 0, 0, 0, 0,
    0, 0, 0, 0, 0, 0, 0, 0,
    0, 0, 0, 0, 0, 0, 0, 0,
    0, 0, 0, 0, 0, 0, 0, 0,
    0, 0, 0, 0, 0, 0, 0, 0,
    0, 0, 0, 0, 0, 0, 0, 0,
    0, 0, 0, 0, 0, 0, 0, 0,
    0, 0, 0, 0, 0, 0, 0, 0,
    0, 0, 0, 0, 0, 0, 0, 0,
    0, 0, 0, 0, 0, 0, 0, 0,
    0, 0, 0, 0, 0, 0, 0
};

/*Kern values between classes*/
static const int8_t kern_class_values[] =
{
    0, 0, 0, 0, 0, 0, 0, 2,
    0, 0, 0, 0, 2, 0, 0, 0,
    0, 1, 0, 0, 0, 0, 0, 0,
    0, 5, 4, 0, 2, 0, 4, 0,
    0, 0, 0, 0, 0, 0, 0, 0,
    0, 0, 0, 0, 0, 0, 0, 0,
    0, 0, 0, 10, 0, 6, -4, 0,
    0, 4, 0, -12, -13, 1, 10, 4,
    3, -9, 1, 10, 0, 9, 2, 7,
    0, -10, 0, 0, 2, 0, 0, 0,
    0, 0, 0, 13, 2, -1, 0, 0,
    0, 0, 0, 0, 0, 0, 0, 0,
    0, 0, 0, 0, 0, -7, 0, 0,
    0, 0, 0, -4, 3, 4, 0, 0,
    -2, 0, -1, 2, 0, -2, 0, -2,
    -1, -4, 0, 0, 0, 0, -2, 0,
    0, -3, -3, 0, 0, -2, 0, -4,
    0, 0, 0, 0, 0, 0, 0, 0,
    0, 0, -2, -2, -2, 0, 0, -6,
    0, -28, 0, 0, -4, -11, 4, 7,
    0, 0, -4, 2, 2, 7, 4, -3,
    4, 0, 0, -12, 0, 0, 0, 0,
    0, 0, 0, 0, 0, 0, 0, -8,
    0, 0, 2, 0, 6, 0, 0, 0,
    0, 0, 0, 0, 0, 0, 0, 0,
    -3, -10, 0, -9, -1, 0, 0, -7,
    0, 0, 8, 0, -7, -2, 0, 0,
    0, -3, 0, 0, -2, -16, 0, 2,
    0, 7, -6, 0, -4, 0, -9, 2,
    0, -18, -2, 7, 2, 0, 0, 0,
    0, 0, 0, 0, 2, 0, -3, 0,
    -3, 0, 0, 0, 0, 0, 0, 0,
    0, 0, 0, 0, 8, 0, 2, 0,
    0, -4, 0, 0, 0, 0, 0, 0,
    0, 0, 0, 0, -2, 0, 0, 0,
    0, 0, 0, 9, 2, 0, 0, 0,
    0, 0, 0, 22, 0, 0, 0, 0,
    0, 0, 0, 0, 0, 0, 0, 0,
    0, 0, 0, 0, 0, 0, 0, 0,
    0, 0, 0, 0, 0, 0, 0, 0,
    0, 0, 0, 0, 0, 0, -8, 0,
    0, 0, 0, 0, 0, 0, 0, 0,
    0, 0, 0, 0, 0, 0, 0, 0,
    0, 0, 0, 0, 0, 0, 2, 4,
    2, 7, -2, 0, 0, 4, -2, -8,
    -30, 1, 6, 4, 0, -3, 0, 7,
    0, 7, 0, 7, 0, -21, 0, -3,
    7, 0, 7, -2, 4, 2, 0, 0,
    0, -2, 0, 0, -3, 0, 0, 0,
    18, 0, 7, 0, 9, 3, 9, 3,
    0, 0, -3, -8, 0, 0, 0, -2,
    0, -2, 0, 1, -4, -3, -4, 1,
    0, -2, 0, 0, 0, -9, 1, -4,
    0, -4, -8, 0, -6, -4, -7, 0,
    0, -15, 0, 0, 0, 0, 2, 0,
    0, 0, 0, 0, 2, 0, -3, -6,
    -3, -3, 0, -12, 2, -15, 0, 0,
    0, -8, -2, 0, 21, -3, -3, 2,
    2, -1, 0, -3, 2, 0, 0, -12,
    -4, 7, 0, 12, -7, -2, -8, 0,
    -8, 3, 0, -21, 0, 2, 2, 0,
    -2, 0, 0, 2, 0, 0, -1, -2,
    -7, 0, -7, 0, 0, 13, -4, 0,
    -8, 0, 8, 0, -16, -21, -16, -4,
    7, 0, 0, -15, 0, 2, -6, 0,
    -3, 0, -4, -9, 0, -2, 7, 0,
    7, 0, 7, 0, 0, 4, 7, -27,
    -15, 0, -15, 0, 2, 0, -15, -15,
    -6, -15, -7, -12, -7, -15, 0, 1,
    0, 0, 0, 0, 0, 1, 1, -3,
    -4, 0, 0, 0, -2, 0, 0, -1,
    0, 0, 0, -4, 0, -2, 0, -6,
    -4, 0, -6, -8, -8, -4, 0, -4,
    0, -4, 0, 0, 0, 0, 0, -2,
    0, 0, 2, 0, 1, -2, 1, 0,
    0, 0, 0, 2, -1, 0, 0, 0,
    -1, 2, 2, 0, 0, 0, 0, -3,
    0, 0, 0, 0, 0, 0, 0, 0,
    0, 3, -1, 0, -3, 0, -4, 0,
    0, -1, 0, 7, 0, 0, -2, 0,
    0, 0, 0, 0, 0, 0, 0, -1,
    0, -1, 0, -2, 0, -2, 0, 0,
    0, 0, 0, 0, 0, 0, 0, -1,
    -1, 0, -2, -2, 0, 0, 0, 0,
    0, 0, 0, 0, -2, 0, -2, -2,
    -2, 0, 0, 0, 0, 0, 0, 0,
    0, 0, 0, -1, 0, 0, 0, 0,
    -2, -3, -2, 0, 0, -7, -1, -7,
    4, 0, 0, -4, 2, 4, 6, 0,
    -6, 0, -2, 0, 0, -10, 2, -1,
    2, -12, 2, 0, 0, 0, -12, 0,
    -12, -2, -19, -1, 0, -11, 0, 4,
    6, 0, 3, 0, 0, 0, 0, 0,
    0, 0, -4, -3, -4, 0, 0, 0,
    0, -2, 0, 0, 0, -2, 0, 0,
    0, 0, 0, -1, -1, 0, -1, -3,
    0, 0, 0, 0, 0, 0, 0, -2,
    -2, 0, -2, -3, -2, 0, 0, -2,
    0, 0, 0, 0, 0, 0, 0, 0,
    0, 0, 0, 0, -2, -2, -2, 0,
    0, -1, 0, -4, 2, 0, 0, -2,
    1, 2, 2, 0, 0, 0, 0, 0,
    0, -1, 0, 0, 0, 0, 0, 1,
    0, 0, -2, 0, -2, -1, -2, 0,
    0, 0, 0, 0, 0, 0, 2, 0,
    0, -2, 0, 0, 0, 0, -3, -3,
    -3, 0, 0, 7, -1, 0, -7, 0,
    0, 6, -11, -11, -9, -4, 2, 0,
    -2, -15, -4, 0, -4, 0, -4, 3,
    -4, -14, 0, -6, 0, 0, 1, 0,
    2, -1, 0, 2, 1, -7, -9, 0,
    -11, 0, 0, -5, -5, -7, -2, -6,
    0, -3, 0, -6, 0, 0, 0, -2,
    0, 0, 0, 1, 0, 2, 0, 0,
    0, 0, 0, 0, 0, 0, 0, 0,
    0, -2, 0, -1, 0, 0, -2, 0,
    -4, -5, -5, 0, 0, -7, 0, 0,
    0, 0, 0, 0, 0, -2, 0, 0,
    0, 0, 0, -2, 0, 0, 0, 2,
    0, 0, 0, 0, 0, 0, 0, 0,
    11, 0, 0, 0, 0, 0, 0, 1,
    0, 0, 0, -2, 0, 2, 0, 8,
    -2, 0, -6, -2, -8, 0, 0, -4,
    0, 2, 0, 0, 0, 0, 0, 0,
    0, 0, 2, 0, 1, -2, 1, 0,
    -1, 0, 0, 0, -3, 0, 0, 2,
    0, -11, -7, 0, 0, 0, -3, -11,
    0, 0, -2, 2, 0, -5, 0, -10,
    0, -7, 0, 0, -3, -4, -3, -2,
    -3, 0, 0, -4, 0, 0, -2, 0,
    0, 0, 0, 0, 0, 0, 2, 0,
    2, 0, 0, -4, 0, 0, 0, 0,
    2, 0, 1, -4, -4, 0, -2, -2,
    -3, 0, 0, 0, 0, 0, 0, -7,
    0, -2, 0, -3, -2, 0, -5, -6,
    -7, -2, 0, -4, 1, -7, 0, 0,
    0, 0, 0, 18, 0, 0, 1, 0,
    0, -3, 0, 0, 0, -10, 0, 0,
    0, 0, 0, -21, -4, 7, 7, -2,
    -9, 0, 2, -3, 0, -11, -1, -3,
    2, -16, -2, 4, 0, 3, -8, -3,
    -8, -8, -9, 0, 0, -13, 0, 12,
    0, 0, -1, 0, 0, 0, 0, -1,
    -1, -2, -6, -8, -6, 0, 0, 0,
    0, 0, 0, 0, 0, 0, 0, 0,
    0, 0, 0, 0, 0, 0, 0, 0,
    0, 0, 0, 0, 0, 0, 0, 0,
    -2, 0, -1, -2, -3, 0, 0, -4,
    0, -2, 0, 0, 0, 0, 0, 0,
    0, 0, 0, 0, 0, 0, 0, 0,
    0, 0, 0, 0, -4, 0, 0, 4,
    0, 3, 0, -4, 2, -1, 0, -4,
    -2, 0, -3, -2, -2, 0, -3, -3,
    0, 0, -2, 0, -1, -3, -2, 0,
    0, -2, 0, 2, -1, 0, -4, 0,
    0, 0, 0, -4, 0, -3, 0, -3,
    0, -3, 0, 0, 0, 0, 0, 0,
    0, 0, -4, 2, 0, -3, 0, -1,
    -2, -5, -1, -1, -1, 0, -1, -2,
    0, 0, 0, 0, 0, 0, -2, -2,
    -2, 0, 0, 0, 0, 2, -1, 0,
    -1, 0, 0, 0, 0, -1, -2, -1,
    -2, -2, -2, -2, 2, 9, 0, 0,
    -6, 0, -1, 4, 0, -2, -9, -3,
    3, 0, 0, -10, -3, 2, -3, 2,
    0, 0, -2, -7, 0, -3, 1, 0,
    0, -3, 0, 0, 0, 2, 2, -4,
    -4, 0, -3, 0, 0, -3, -2, -2,
    0, -3, 1, -4, 1, -3, 0, 0,
    0, 0, 0, 0, 0, 0, 0, 2,
    0, 0, 0, 0, 0, 0, 0, 0,
    0, 0, 0, 0, 0, 0, 0, 0,
    0, 0, 0, 0, 0, 0, 0, -3,
    0, 0, 0, 0, 0, 0, 0, 0,
    0, 0, 0, 0, 0, 0, 0, 0,
    0, 0, 0, 0, 0, 0, 0, 0,
    0, 0, 0, 0, 0, 0, 0, 0,
    0, 0, 0, 0, 0, 0, 0, 0,
    0, 0, 0, 0, -1, 0, 0, 0,
    0, 0, 0, 0, 0, 0, 0, 0,
    0, 0, 0, 0, 0, 0, 0, 0,
    0, 0, 0, 0, 0, 0, 0, 0,
    0, 0, 0, -2, -2, 0, 0, 0,
    0, 0, 0, 0, 0, 0, 0, 0,
    0, -3, 0, 0, -3, 0, 0, -2,
    -2, 0, 0, 0, 0, -2, 0, 0,
    0, 0, 0, -1, 0, 0, 0, 0,
    0, -1, 0, 0, 0, 0, -3, 0,
    -4, 0, 0, 0, -8, 0, 1, -5,
    4, 0, -1, -10, 0, 0, -5, -2,
    0, -9, -6, -7, 0, 0, -10, -2,
    -9, -9, -11, 0, -4, 0, 2, 15,
    -3, 0, -5, 0, 0, 0, -2, -3,
    -6, -4, -8, -10, -8, -6, 0, 0,
    -1, 0, 0, 0, 0, -16, -1, 7,
    4, -4, -8, 0, 0, -5, 0, -11,
    -1, -2, 4, -20, -3, 0, 0, 0,
    -15, -2, -11, -2, -16, 0, 0, -16,
    0, 12, 0, 0, -1, 0, 0, 0,
    0, 0, -1, -1, -9, -1, -9, 0,
    0, 0, 0, 0, -7, 0, -2, 0,
    0, -6, -10, 0, 0, -1, -3, -7,
    -2, 0, -2, 0, 0, 0, 0, -10,
    -2, -7, -7, -2, -4, -6, -2, -3,
    0, -4, -2, -8, -3, 0, -3, 0,
    0, -2, -3, 0, 1, 0, -1, -7,
    -1, 0, 0, -4, 0, 0, 0, 0,
    2, 0, 1, -4, 10, 0, -2, -2,
    -3, 0, 0, 0, 0, 0, 0, -7,
    0, -2, 0, -3, -2, 0, -5, -6,
    -7, -2, 0, -4, 2, 9, 0, 0,
    0, 0, 0, 18, 0, 0, 1, 0,
    0, -3, 0, 0, 0, 0, 0, 0,
    0, 0, 0, 0, 0, 0, 0, 0,
    0, 0, -1, -4, 0, 0, 0, 0,
    0, -1, 0, 0, 0, -2, -2, 0,
    0, -4, -2, 0, 0, -4, 0, 3,
    -1, 0, 0, 0, 0, 0, 0, 0,
    1, 0, 0, 0, 0, 0, 4, 2,
    -2, 0, -7, -3, 0, 7, -8, -7,
    -4, -4, 9, 4, 2, -19, -2, 4,
    -2, 0, -2, 3, -2, -8, 0, -2,
    2, -3, -2, -7, -2, 0, 0, 7,
    4, 0, -6, 0, -12, 0, 0, 8,
    -3, -9, 0, -3, -7, -7, -7, -2,
    2, 0, -3, 0, -6, 0, 2, 7,
    -6, -8, -9, -6, 7, 0, 0, -17,
    -2, 2, -4, -2, -6, 0, -5, -8,
    -3, -3, -2, 0, 0, -6, -5, -2,
    0, 7, 6, -2, -12, 0, -12, 0,
    -2, -4, -8, -13, 0, -7, -4, -7,
    -4, -7, 0, 0, -3, 0, -4, -2,
    0, -2, -4, 0, 3, -8, 2, 0,
    0, -12, 0, -2, -5, -4, -2, -7,
    -6, -8, -5, 0, -7, -2, -6, -3,
    -7, -2, 0, 0, 0, 10, -4, 0,
    -7, 0, 0, 0, -2, -4, -6, -6,
    -7, -9, -7, -3, 4, 0, -3, 0,
    -11, -2, 2, 4, -7, -8, -4, -8,
    8, -2, 1, -21, -4, 4, -5, -4,
    -8, 0, -7, -9, -2, -2, -2, -2,
    -5, -7, 0, 0, 0, 7, 7, -1,
    -15, 0, -13, 0, -4, 7, -9, -16,
    -4, -8, -9, -11, -9, -8, 0, 0,
    0, 0, -2, 0, 0, 2, -2, 4,
    1, -4, 4, 0, 0, -5, 0, 0,
    0, 0, 0, 0, -2, 0, 0, 0,
    0, 0, 0, -2, 0, 0, 0, 0,
    2, 7, 0, 0, -2, 0, 0, 0,
    0, 0, -1, -1, -2, 0, -2, 0,
    0, 2, 0, 0, 0, 0, 2, 0,
    -1, 0, 9, 0, 4, 0, 0, -3,
    0, 4, 0, 0, 0, 2, 0, 0,
    0, 0, 4, 0, 6, 0, 7, 0,
    0, 7, 0, 7, -2, 0, 0, 0,
    0, 22, 0, 0, 0, 0, 0, 0,
    0, 0, 0, -13, 0, -2, 3, 0,
    7, -30, 0, 21, 2, -4, -4, 2,
    2, -1, 0, -11, 0, 0, 11, -13,
    -4, 7, 0, 7, -4, -2, -9, 4,
    -4, 0, 0, -16, 9, 31, 0, 0,
    0, 0, 0, 27, 0, 0, 0, 0,
    4, 0, 4, 0, 0, 0, 0, 0,
    0, 0, 0, 0, 0, 0, 0, 0,
    0, 0, 0, 0, 0, 0, 0, 0,
    0, 0, 0, 0, 0, 0, -3, 0,
    0, -3, -2, 0, 0, 0, 0, 0,
    0, 0, 0, 0, 0, 0, 0, 0,
    0, 0, 0, 0, 0, 0, 0, -1,
    4, -6, 0, 0, 0, -2, 0, 2,
    28, -4, -2, 7, 6, -6, 2, 0,
    0, 2, 2, -3, -7, 12, 7, 18,
    0, -2, -2, 10, -1, 4, 0, -29,
    7, 0, -2, 0, -6, 0, 0, 25,
    0, 2, -4, -6, -3, 8, 4, 4,
    0, 0, 0, -6, 0, 0, 0, -6,
    0, 0, 0, 0, -4, -1, 0, 0,
    0, -4, 0, -2, 0, -10, 0, 0,
    0, 0, 0, 0, 0, 0, 0, 0,
    0, -15, 0, 0, 0, 0, 0, 0,
    0, 0, 0, 0, 0, 0, -2, 0,
    -2, 0, 0, -3, 0, -6, 0, 0,
    0, -3, 2, -2, 0, 0, -6, -2,
    -5, 0, 0, -6, 0, -2, 0, -10,
    0, -3, 0, 0, -17, -3, -9, -3,
    -9, 0, 0, -15, 0, -6, -2, 0,
    0, 0, 0, 0, 0, 0, 0, 0,
    -3, -4, -3, -2, 0, 0, 0, 0,
    -4, 0, -5, 3, -3, 4, 0, -1,
    -5, -1, -3, -3, 0, -2, -1, -1,
    2, -6, 0, 0, 0, 0, -18, -2,
    -4, 0, -7, 0, -1, -10, -2, 0,
    0, -1, -2, 0, -1, 0, 0, 0,
    2, 0, -2, -3, -2, -1, 0, 0,
    0, 0, 0, 0, 0, 0, 0, 0,
    0, 0, 0, 0, 0, 0, 0, 0,
    0, 0, 0, 0, 0, 0, 0, 0,
    0, 0, 0, 0, 0, 0, 0, 0,
    0, 0, 0, 0, 0, 0, 0, 0,
    0, 0, 6, 0, 0, 0, 0, 0,
    0, -4, 0, -1, 0, 0, 0, -4,
    2, 0, 0, 0, -6, -2, -4, 0,
    0, -6, 0, -2, 0, -10, 0, 0,
    0, 0, -21, 0, -4, -8, -11, 0,
    0, -15, 0, -2, -3, 0, 0, 0,
    0, 0, 0, 0, 0, 0, -2, -3,
    -2, -1, 0, 0, 0, 3, -3, 0,
    8, 10, -2, -2, -7, 2, 10, 3,
    4, -6, 2, 9, 2, 6, 4, 6,
    0, 0, 0, 0, 0, 0, 0, 0,
    0, 0, 0, 14, 10, -4, -2, 1,
    -2, 1, 1, 10, 0, 0, 0, 0,
    2, 0, 2, 0, 0, 0, -3, 0,
    0, 0, 0, 0, 0, 0, 0, 0,
    -1, 0, 0, 0, 0, 0, 0, 0,
    0, 4, 0, 0, 0, 0, -17, -2,
    -2, -8, -10, 0, 0, -15, 0, 0,
    0, 0, 0, 0, 0, 0, 0, 0,
    0, 0, 0, 0, 0, 0, 0, 0,
    -3, 0, 0, 0, 0, 0, 0, 0,
    0, 0, -1, 0, 0, 0, 0, 0,
    0, 0, 0, 4, 0, 0, 0, 0,
    -17, -2, -2, -8, -10, 0, 0, -6,
    0, 0, 0, 0, 0, 0, 0, 0,
    0, 0, 0, 0, 0, 0, 0, 0,
    0, 0, 0, 0, -2, 0, 0, 0,
    -6, 2, 0, -2, 2, 4, 2, -7,
    0, 0, -2, 2, 0, 2, 0, 0,
    0, 0, -4, 0, -2, -1, -4, 0,
    -2, -9, 0, 13, -2, 0, -5, 0,
    0, 0, -1, -4, 0, -2, -7, -4,
    -7, -3, 0, 0, -3, 0, 0, 0,
    0, 0, 0, 0, 0, 0, -1, 0,
    0, 0, 0, 0, 0, 0, 0, 4,
    0, 0, 0, 0, -17, -2, -2, -8,
    -10, 0, 0, -15, 0, 0, 0, 0,
    0, 0, 0, 11, 0, 0, 0, 0,
    0, 0, 0, 0, 0, 0, -3, 0,
    -7, -2, -2, 7, -2, -2, -9, 0,
    1, 0, -1, -6, 0, 5, 0, 2,
    0, 2, -5, -9, -2, 0, -7, -3,
    -6, -9, -8, 0, -3, -4, -2, -3,
    -10, -1, -2, 0, -1, 0, -1, 0,
    3, 0, 3, -1, 3, 0, 0, 0,
    0, 0, 0, 0, 0, 0, 0, 0,
    0, 0, -1, -2, -2, 0, 0, -6,
    0, -1, 0, -3, 0, 0, 0, 0,
    0, 0, 0, 0, 0, 0, 0, -13,
    0, 0, 0, 0, 0, 0, 0, 0,
    0, 0, 0, 0, -2, -2, -2, 0,
    0, 0, 0, 0, -2, 0, 0, -3,
    -2, 2, 0, -3, -4, -1, 0, -6,
    -1, -4, -2, -2, 0, -3, 0, 0,
    0, 0, 0, 0, 0, 0, 0, 0,
    0, -15, 0, 7, 0, 0, -4, 0,
    0, 0, 0, 0, -3, 0, -2, 0,
    -2, 0, 0, 0, -1, 0, -6, 0,
    0, 9, -3, -7, -7, 1, 3, 3,
    0, -7, 1, 3, 1, 7, 1, 8,
    -1, -6, 0, 0, -6, 0, 0, -7,
    -6, 0, 0, -4, 0, -3, -4, 0,
    -3, 0, 0, -3, 0, -2, 3, 0,
    -2, -7, -2, -2, 0, 0, -2, 0,
    -4, 0, 0, 3, -6, 0, 2, -2,
    2, 1, 0, -8, 0, -1, 0, 0,
    -2, 3, -2, 0, 0, 0, -7, -2,
    -5, 0, -7, 0, 0, -10, 0, 8,
    -2, 0, -4, 0, 0, 4, 0, -2,
    0, -2, -7, 0, -7, -2, 0, 0,
    0, 0, -1, 0, 0, 2, -3, 0,
    0, 0, -2, -1, 0, -2, 0, 0,
    0, 0, 0, 0, 0, 0, 0, 0,
    0, 0, 0, 0, 0, 0, 0, -13,
    0, 4, 0, 0, -2, 0, 0, 0,
    0, 0, 0, 0, -2, -2, -2, 0
};


/*Collect the kern class' data in one place*/
static const lv_font_fmt_txt_kern_classes_t kern_classes =
{
    .class_pair_values   = kern_class_values,
    .left_class_mapping  = kern_left_class_mapping,
    .right_class_mapping = kern_right_class_mapping,
    .left_class_cnt      = 60,
    .right_class_cnt     = 50,
};

/*--------------------
 *  ALL CUSTOM DATA
 *--------------------*/

#if LVGL_VERSION_MAJOR == 8
/*Store all the custom data of the font*/
static  lv_font_fmt_txt_glyph_cache_t cache;
#endif

#if LVGL_VERSION_MAJOR >= 8
static const lv_font_fmt_txt_dsc_t font_dsc = {
#else
static lv_font_fmt_txt_dsc_t font_dsc = {
#endif
    .glyph_bitmap = glyph_bitmap,
    .glyph_dsc = glyph_dsc,
    .cmaps = cmaps,
    .kern_dsc = &kern_classes,
    .kern_scale = 16,
    .cmap_num = 2,
    .bpp = 4,
    .kern_classes = 1,
    .bitmap_format = 0,
#if LVGL_VERSION_MAJOR == 8
    .cache = &cache
#endif
};



/*-----------------
 *  PUBLIC FONT
 *----------------*/

/*Initialize a public general font descriptor*/
#if LVGL_VERSION_MAJOR >= 8
const lv_font_t am_font_14 = {
#else
lv_font_t am_font_14 = {
#endif
    .get_glyph_dsc = lv_font_get_glyph_dsc_fmt_txt,    /*Function pointer to get glyph's data*/
    .get_glyph_bitmap = lv_font_get_bitmap_fmt_txt,    /*Function pointer to get glyph's bitmap*/
    .line_height = 16,          /*The maximum line height required by the font*/
    .base_line = 3,             /*Baseline measured from the bottom of the line*/
#if !(LVGL_VERSION_MAJOR == 6 && LVGL_VERSION_MINOR == 0)
    .subpx = LV_FONT_SUBPX_NONE,
#endif
#if LV_VERSION_CHECK(7, 4, 0) || LVGL_VERSION_MAJOR >= 8
    .underline_position = -1,
    .underline_thickness = 1,
#endif
    .dsc = &font_dsc,          /*The custom font data. Will be accessed by `get_glyph_bitmap/dsc` */
#if LV_VERSION_CHECK(8, 2, 0) || LVGL_VERSION_MAJOR >= 9
    .fallback = NULL,
#endif
    .user_data = NULL,
};



#endif /*#if AM_FONT_14*/

