/*******************************************************************************
 * Size: 12 px
 * Bpp: 4
 * Opts: --no-compress --format lvgl --bpp 4 --size 12 --font lvgl/demos/multilang/assets/fonts/Montserrat-SemiBold.ttf -r 0x20-0x7F --font lvgl/demos/multilang/assets/fonts/NotoSansSC-Medium.otf --symbols ·—、。一上下不与专东个中为主争二于享京亮人今从以优会但位低作你侧保信候假偏做停先光克入全公共关内再决冷分切列到制刷刻前功动区单占卡压及发变口只可台右合同后含听和器回围固图圆在地场型域境声备复外多夜天失奏女好始安完定实容密察导封小尽局层展工左已布常广序库底度开式张强当录心快态性总息想感慢成打扫把拟持按挑换据排探接控推描搜播收改放数整料新方日早时明昨是晚晨景智暖曲更替最本机杂条构架柔查标栏样案模次歌正步段毁每气氛流浅淡深混清渐渡点片版状独率环现玻班球璃用电界留略白的目看真确示离移稍稳稿立竞策管精系索级线经结统继续维编缩置耗联背能自航色节荐藏行表要观视觉角认让设访证识译说调谈质贴资跑跟路轮轻载辑辨边达迁过运近还这进连迷适选透速逻道部里重量金钟钮铜销长间队阶降随集雾青静面页项顺预频题颜风首驻验高黄默鼓，：； --font main/src/v9_apple_music/fonts/src/DejaVuSansMono.ttf --symbols ⌂◉♫≣⚙♪⌕◌▶↺ --font main/src/v9_apple_music/fonts/src/NotoSansSymbols2-Regular.ttf --symbols ⏮⏭ --lv-font-name am_font_480_12 -o main/src/v9_apple_music/fonts/am_font_480_12.c --force-fast-kern-format
 ******************************************************************************/

#ifdef LV_LVGL_H_INCLUDE_SIMPLE
#include "lvgl.h"
#else
#include "lvgl/lvgl.h"
#endif

#ifndef AM_FONT_480_12
#define AM_FONT_480_12 1
#endif

#if AM_FONT_480_12

/*-----------------
 *    BITMAPS
 *----------------*/

/*Store the image of the glyphs*/
static LV_ATTRIBUTE_LARGE_CONST const uint8_t glyph_bitmap[] = {
    /* U+0020 " " */

    /* U+0021 "!" */
    0x2f, 0x82, 0xf7, 0x1f, 0x70, 0xf6, 0xf, 0x50,
    0xf4, 0x0, 0x2, 0xe6, 0x2e, 0x60,

    /* U+0022 "\"" */
    0x5f, 0xf, 0x44, 0xe0, 0xf3, 0x4e, 0xf, 0x32,
    0x80, 0x81,

    /* U+0023 "#" */
    0x0, 0x5b, 0x4, 0xd0, 0x0, 0x7, 0x90, 0x6b,
    0x0, 0x5f, 0xff, 0xff, 0xff, 0x40, 0x2e, 0x82,
    0xca, 0x20, 0x0, 0xd4, 0xb, 0x50, 0x0, 0xf,
    0x20, 0xd4, 0x0, 0xbf, 0xff, 0xff, 0xfd, 0x1,
    0x5f, 0x23, 0xf3, 0x20, 0x4, 0xc0, 0x2e, 0x0,
    0x0,

    /* U+0024 "$" */
    0x0, 0xa, 0x50, 0x0, 0x0, 0xa, 0x50, 0x0,
    0x4, 0xcf, 0xfb, 0x40, 0x2f, 0xdf, 0xdb, 0x80,
    0x5f, 0x3a, 0x50, 0x0, 0x3f, 0xbe, 0x60, 0x0,
    0x5, 0xdf, 0xfa, 0x20, 0x0, 0xc, 0xce, 0xe0,
    0x1, 0xa, 0x57, 0xf1, 0x6f, 0x9f, 0xde, 0xd0,
    0x18, 0xdf, 0xfa, 0x10, 0x0, 0xa, 0x50, 0x0,
    0x0, 0x5, 0x20, 0x0,

    /* U+0025 "%" */
    0xb, 0xd8, 0x0, 0xd, 0x40, 0x69, 0xc, 0x30,
    0x8a, 0x0, 0x86, 0x9, 0x62, 0xe1, 0x0, 0x6a,
    0xc, 0x3c, 0x60, 0x0, 0xa, 0xe8, 0x6b, 0x4d,
    0xd2, 0x0, 0x1, 0xe2, 0xd2, 0x5b, 0x0, 0xb,
    0x70, 0xe0, 0x1d, 0x0, 0x5d, 0x0, 0xe1, 0x4b,
    0x1, 0xe3, 0x0, 0x4d, 0xd2,

    /* U+0026 "&" */
    0x0, 0x9f, 0xe6, 0x0, 0x0, 0x6f, 0x47, 0xf1,
    0x0, 0x6, 0xf0, 0x5f, 0x10, 0x0, 0x1f, 0xff,
    0x60, 0x0, 0x4, 0xff, 0xe0, 0x23, 0x3, 0xf6,
    0x2e, 0xb9, 0xc0, 0x7f, 0x0, 0x2f, 0xf7, 0x4,
    0xfa, 0x57, 0xff, 0xc0, 0x6, 0xdf, 0xd8, 0x3b,
    0x0, 0x0, 0x0, 0x0, 0x0,

    /* U+0027 "'" */
    0x5f, 0x4e, 0x4e, 0x28,

    /* U+0028 "(" */
    0xc, 0xb3, 0xf4, 0x7f, 0xb, 0xc0, 0xd9, 0xe,
    0x80, 0xf7, 0xe, 0x80, 0xd9, 0xb, 0xc0, 0x7f,
    0x2, 0xf4, 0xc, 0xb0,

    /* U+0029 ")" */
    0x8e, 0x0, 0x2f, 0x50, 0xd, 0xa0, 0x9, 0xe0,
    0x7, 0xf0, 0x5, 0xf1, 0x5, 0xf2, 0x5, 0xf1,
    0x7, 0xf0, 0x9, 0xd0, 0xd, 0xa0, 0x2f, 0x50,
    0x8e, 0x0,

    /* U+002A "*" */
    0x0, 0xe0, 0x9, 0xaf, 0xb9, 0xd, 0xfd, 0x9,
    0xaf, 0xa9, 0x0, 0xd0, 0x0,

    /* U+002B "+" */
    0x0, 0x4, 0x0, 0x0, 0x1, 0xf3, 0x0, 0x1,
    0x2f, 0x41, 0x3, 0xff, 0xff, 0xf5, 0x3, 0x5f,
    0x63, 0x10, 0x1, 0xf3, 0x0, 0x0, 0x1b, 0x20,
    0x0,

    /* U+002C "," */
    0x0, 0x5, 0xf4, 0x4f, 0x51, 0xf1, 0x4b, 0x0,

    /* U+002D "-" */
    0x1, 0x11, 0x5f, 0xff, 0x14, 0x44,

    /* U+002E "." */
    0x1, 0x6, 0xf5, 0x4f, 0x30,

    /* U+002F "/" */
    0x0, 0x0, 0x9c, 0x0, 0x0, 0xe7, 0x0, 0x3,
    0xf1, 0x0, 0x9, 0xc0, 0x0, 0xe, 0x70, 0x0,
    0x3f, 0x20, 0x0, 0x8c, 0x0, 0x0, 0xe7, 0x0,
    0x3, 0xf2, 0x0, 0x8, 0xc0, 0x0, 0xd, 0x70,
    0x0, 0x3f, 0x20, 0x0,

    /* U+0030 "0" */
    0x0, 0x9e, 0xe9, 0x0, 0xa, 0xf9, 0x9f, 0xb0,
    0x2f, 0x80, 0x7, 0xf3, 0x6f, 0x20, 0x2, 0xf7,
    0x7f, 0x10, 0x0, 0xf8, 0x6f, 0x20, 0x2, 0xf7,
    0x2f, 0x80, 0x6, 0xf3, 0xa, 0xf9, 0x8f, 0xb0,
    0x0, 0x9e, 0xea, 0x0,

    /* U+0031 "1" */
    0xef, 0xf7, 0x58, 0xf7, 0x2, 0xf7, 0x2, 0xf7,
    0x2, 0xf7, 0x2, 0xf7, 0x2, 0xf7, 0x2, 0xf7,
    0x2, 0xf7,

    /* U+0032 "2" */
    0x19, 0xef, 0xc4, 0xa, 0xf9, 0x8e, 0xf1, 0x2,
    0x0, 0x5f, 0x30, 0x0, 0x7, 0xf1, 0x0, 0x3,
    0xf9, 0x0, 0x3, 0xfb, 0x0, 0x3, 0xfb, 0x0,
    0x3, 0xff, 0x76, 0x64, 0x9f, 0xff, 0xff, 0x90,

    /* U+0033 "3" */
    0x9f, 0xff, 0xff, 0x23, 0x66, 0x6f, 0xd0, 0x0,
    0x8, 0xf2, 0x0, 0x3, 0xf6, 0x0, 0x0, 0xaf,
    0xe7, 0x0, 0x2, 0x4a, 0xf4, 0x0, 0x0, 0x2f,
    0x7b, 0xc8, 0x7d, 0xf3, 0x4b, 0xff, 0xc5, 0x0,

    /* U+0034 "4" */
    0x0, 0x0, 0xcd, 0x0, 0x0, 0x0, 0x7f, 0x30,
    0x0, 0x0, 0x2f, 0x80, 0x0, 0x0, 0xc, 0xd0,
    0x0, 0x0, 0x7, 0xf3, 0xf, 0x80, 0x2, 0xfa,
    0x11, 0xfa, 0x10, 0x9f, 0xff, 0xff, 0xff, 0x2,
    0x44, 0x44, 0xfd, 0x40, 0x0, 0x0, 0xf, 0x80,
    0x0,

    /* U+0035 "5" */
    0xd, 0xff, 0xff, 0x20, 0xfe, 0x66, 0x60, 0xf,
    0x81, 0x0, 0x2, 0xff, 0xfe, 0x70, 0x15, 0x55,
    0xbf, 0x50, 0x0, 0x0, 0xf9, 0x21, 0x0, 0x1f,
    0x8a, 0xe9, 0x7d, 0xf3, 0x3a, 0xef, 0xd5, 0x0,

    /* U+0036 "6" */
    0x0, 0x6d, 0xfe, 0x70, 0x8, 0xfb, 0x78, 0x50,
    0x1f, 0x80, 0x0, 0x0, 0x5f, 0x9e, 0xfc, 0x20,
    0x7f, 0xf6, 0x5e, 0xe0, 0x6f, 0x70, 0x5, 0xf2,
    0x3f, 0x70, 0x6, 0xf2, 0xb, 0xf7, 0x6e, 0xc0,
    0x0, 0x9e, 0xfb, 0x10,

    /* U+0037 "7" */
    0xaf, 0xff, 0xff, 0xda, 0xf6, 0x67, 0xfb, 0xab,
    0x0, 0x5f, 0x40, 0x0, 0xc, 0xd0, 0x0, 0x3,
    0xf7, 0x0, 0x0, 0x9f, 0x10, 0x0, 0x1f, 0xa0,
    0x0, 0x7, 0xf3, 0x0, 0x0, 0xdc, 0x0, 0x0,

    /* U+0038 "8" */
    0x2, 0xbf, 0xfa, 0x10, 0xe, 0xd6, 0x7f, 0xb0,
    0x2f, 0x50, 0x8, 0xf0, 0x1f, 0xa0, 0x1c, 0xd0,
    0xa, 0xff, 0xff, 0x70, 0x4f, 0x94, 0x4b, 0xf1,
    0x7f, 0x10, 0x4, 0xf4, 0x3f, 0xb5, 0x6d, 0xf1,
    0x5, 0xcf, 0xfb, 0x30,

    /* U+0039 "9" */
    0x7, 0xdf, 0xc4, 0x6, 0xf9, 0x5a, 0xf4, 0xad,
    0x0, 0xe, 0xb8, 0xf5, 0x15, 0xfe, 0x1c, 0xff,
    0xed, 0xf0, 0x2, 0x30, 0xbe, 0x0, 0x0, 0x2f,
    0x90, 0xa7, 0x8e, 0xe1, 0x1c, 0xfe, 0xa2, 0x0,

    /* U+003A ":" */
    0x4f, 0x36, 0xf5, 0x1, 0x0, 0x0, 0x1, 0x6,
    0xf5, 0x4f, 0x30,

    /* U+003B ";" */
    0x4f, 0x36, 0xf5, 0x1, 0x0, 0x0, 0x0, 0x5,
    0xf4, 0x4f, 0x51, 0xf1, 0x4b, 0x0,

    /* U+003C "<" */
    0x0, 0x0, 0x3, 0x20, 0x0, 0x5c, 0xf4, 0x8,
    0xee, 0x82, 0x3, 0xfb, 0x10, 0x0, 0x7, 0xef,
    0x92, 0x0, 0x0, 0x4b, 0xf4, 0x0, 0x0, 0x2,
    0x20,

    /* U+003D "=" */
    0x3f, 0xff, 0xff, 0x51, 0x44, 0x44, 0x41, 0x0,
    0x0, 0x0, 0x3, 0xff, 0xff, 0xf5, 0x3, 0x33,
    0x33, 0x10,

    /* U+003E ">" */
    0x13, 0x0, 0x0, 0x2, 0xfd, 0x60, 0x0, 0x1,
    0x7e, 0xf9, 0x10, 0x0, 0xa, 0xf5, 0x2, 0x8e,
    0xe8, 0x13, 0xfc, 0x50, 0x0, 0x12, 0x0, 0x0,
    0x0,

    /* U+003F "?" */
    0x19, 0xef, 0xc4, 0xa, 0xf8, 0x7e, 0xf1, 0x2,
    0x0, 0x6f, 0x20, 0x0, 0xc, 0xd0, 0x0, 0xb,
    0xe2, 0x0, 0x3, 0xf4, 0x0, 0x0, 0x0, 0x0,
    0x0, 0x5, 0xf3, 0x0, 0x0, 0x5f, 0x30, 0x0,

    /* U+0040 "@" */
    0x0, 0x4, 0xbe, 0xfd, 0x91, 0x0, 0x0, 0xae,
    0x62, 0x13, 0x8e, 0x40, 0x7, 0xd1, 0x0, 0x0,
    0x4, 0xe1, 0xf, 0x30, 0x9e, 0xe8, 0xf3, 0x98,
    0x4d, 0x9, 0xe5, 0x4d, 0xf3, 0x3c, 0x6a, 0xe,
    0x70, 0x3, 0xf3, 0x2d, 0x6a, 0xe, 0x70, 0x3,
    0xf3, 0x3c, 0x4d, 0x9, 0xf5, 0x4c, 0xf8, 0xa8,
    0xf, 0x30, 0x9f, 0xe7, 0x8f, 0xb1, 0x7, 0xc1,
    0x0, 0x0, 0x0, 0x0, 0x0, 0xad, 0x62, 0x15,
    0x70, 0x0, 0x0, 0x5, 0xbf, 0xfd, 0x70, 0x0,

    /* U+0041 "A" */
    0x0, 0x0, 0x7f, 0x70, 0x0, 0x0, 0x0, 0xe,
    0xfd, 0x0, 0x0, 0x0, 0x5, 0xf5, 0xf4, 0x0,
    0x0, 0x0, 0xcc, 0xc, 0xb0, 0x0, 0x0, 0x2f,
    0x50, 0x6f, 0x20, 0x0, 0x9, 0xf1, 0x11, 0xf9,
    0x0, 0x0, 0xff, 0xff, 0xff, 0xf0, 0x0, 0x6f,
    0x64, 0x44, 0x6f, 0x60, 0xd, 0xb0, 0x0, 0x0,
    0xcd, 0x0,

    /* U+0042 "B" */
    0xef, 0xff, 0xfc, 0x30, 0xec, 0x55, 0x6e, 0xe0,
    0xeb, 0x0, 0x7, 0xf1, 0xeb, 0x11, 0x2c, 0xd0,
    0xef, 0xff, 0xff, 0x60, 0xec, 0x44, 0x49, 0xf4,
    0xeb, 0x0, 0x0, 0xf8, 0xec, 0x55, 0x5a, 0xf5,
    0xef, 0xff, 0xfd, 0x70,

    /* U+0043 "C" */
    0x0, 0x4b, 0xff, 0xb4, 0x0, 0x5f, 0xe9, 0x9d,
    0xf2, 0x1f, 0xc1, 0x0, 0x3, 0x5, 0xf4, 0x0,
    0x0, 0x0, 0x7f, 0x20, 0x0, 0x0, 0x5, 0xf4,
    0x0, 0x0, 0x0, 0x1e, 0xc0, 0x0, 0x3, 0x0,
    0x5f, 0xe9, 0x8d, 0xf2, 0x0, 0x4b, 0xff, 0xc4,
    0x0,

    /* U+0044 "D" */
    0xef, 0xff, 0xeb, 0x30, 0xe, 0xd6, 0x68, 0xef,
    0x50, 0xeb, 0x0, 0x0, 0xde, 0xe, 0xb0, 0x0,
    0x5, 0xf4, 0xeb, 0x0, 0x0, 0x3f, 0x5e, 0xb0,
    0x0, 0x5, 0xf4, 0xeb, 0x0, 0x0, 0xde, 0xe,
    0xd6, 0x68, 0xef, 0x50, 0xef, 0xff, 0xeb, 0x30,
    0x0,

    /* U+0045 "E" */
    0xef, 0xff, 0xff, 0x4e, 0xd6, 0x66, 0x61, 0xeb,
    0x0, 0x0, 0xe, 0xb1, 0x11, 0x10, 0xef, 0xff,
    0xfc, 0xe, 0xc4, 0x44, 0x30, 0xeb, 0x0, 0x0,
    0xe, 0xd6, 0x66, 0x62, 0xef, 0xff, 0xff, 0x60,

    /* U+0046 "F" */
    0xef, 0xff, 0xff, 0x4e, 0xd6, 0x66, 0x61, 0xeb,
    0x0, 0x0, 0xe, 0xb1, 0x11, 0x10, 0xef, 0xff,
    0xfc, 0xe, 0xd4, 0x44, 0x30, 0xeb, 0x0, 0x0,
    0xe, 0xb0, 0x0, 0x0, 0xeb, 0x0, 0x0, 0x0,

    /* U+0047 "G" */
    0x0, 0x3b, 0xff, 0xc5, 0x0, 0x5f, 0xe9, 0x8d,
    0xf3, 0x1f, 0xd1, 0x0, 0x3, 0x5, 0xf4, 0x0,
    0x0, 0x0, 0x7f, 0x20, 0x0, 0x19, 0x35, 0xf4,
    0x0, 0x2, 0xf5, 0x1f, 0xd1, 0x0, 0x2f, 0x50,
    0x5f, 0xe9, 0x8e, 0xf6, 0x0, 0x4b, 0xff, 0xc6,
    0x0,

    /* U+0048 "H" */
    0xeb, 0x0, 0x0, 0xf9, 0xeb, 0x0, 0x0, 0xf9,
    0xeb, 0x0, 0x0, 0xf9, 0xeb, 0x22, 0x22, 0xf9,
    0xef, 0xff, 0xff, 0xf9, 0xed, 0x55, 0x55, 0xf9,
    0xeb, 0x0, 0x0, 0xf9, 0xeb, 0x0, 0x0, 0xf9,
    0xeb, 0x0, 0x0, 0xf9,

    /* U+0049 "I" */
    0xeb, 0xeb, 0xeb, 0xeb, 0xeb, 0xeb, 0xeb, 0xeb,
    0xeb,

    /* U+004A "J" */
    0x4, 0xff, 0xff, 0x40, 0x16, 0x69, 0xf4, 0x0,
    0x0, 0x4f, 0x40, 0x0, 0x4, 0xf4, 0x0, 0x0,
    0x4f, 0x40, 0x0, 0x4, 0xf4, 0x2, 0x0, 0x6f,
    0x20, 0xeb, 0x7d, 0xe0, 0x5, 0xdf, 0xc3, 0x0,

    /* U+004B "K" */
    0xeb, 0x0, 0x9, 0xf3, 0xeb, 0x0, 0x8f, 0x40,
    0xeb, 0x6, 0xf6, 0x0, 0xeb, 0x4f, 0x80, 0x0,
    0xee, 0xff, 0x60, 0x0, 0xef, 0xcc, 0xf3, 0x0,
    0xef, 0x1, 0xed, 0x0, 0xeb, 0x0, 0x3f, 0xa0,
    0xeb, 0x0, 0x6, 0xf6,

    /* U+004C "L" */
    0xeb, 0x0, 0x0, 0xe, 0xb0, 0x0, 0x0, 0xeb,
    0x0, 0x0, 0xe, 0xb0, 0x0, 0x0, 0xeb, 0x0,
    0x0, 0xe, 0xb0, 0x0, 0x0, 0xeb, 0x0, 0x0,
    0xe, 0xd6, 0x66, 0x60, 0xef, 0xff, 0xff, 0x10,

    /* U+004D "M" */
    0xea, 0x0, 0x0, 0x3, 0xf5, 0xef, 0x30, 0x0,
    0xc, 0xf5, 0xef, 0xc0, 0x0, 0x5f, 0xf5, 0xec,
    0xf5, 0x0, 0xeb, 0xf5, 0xe9, 0x9e, 0x7, 0xe3,
    0xf5, 0xe9, 0x1f, 0x9f, 0x72, 0xf5, 0xe9, 0x7,
    0xfd, 0x2, 0xf5, 0xe9, 0x0, 0xd5, 0x2, 0xf5,
    0xe9, 0x0, 0x0, 0x2, 0xf5,

    /* U+004E "N" */
    0xec, 0x0, 0x0, 0xf9, 0xef, 0x80, 0x0, 0xf9,
    0xef, 0xf4, 0x0, 0xf9, 0xeb, 0xce, 0x10, 0xf9,
    0xea, 0x2f, 0xc0, 0xf9, 0xea, 0x5, 0xf9, 0xf9,
    0xea, 0x0, 0x9f, 0xf9, 0xea, 0x0, 0xc, 0xf9,
    0xea, 0x0, 0x2, 0xe9,

    /* U+004F "O" */
    0x0, 0x3b, 0xff, 0xc4, 0x0, 0x5, 0xfe, 0x99,
    0xdf, 0x70, 0x1f, 0xd1, 0x0, 0xb, 0xf2, 0x5f,
    0x40, 0x0, 0x3, 0xf7, 0x7f, 0x20, 0x0, 0x0,
    0xf8, 0x5f, 0x40, 0x0, 0x3, 0xf7, 0x1f, 0xc0,
    0x0, 0xb, 0xf2, 0x5, 0xfe, 0x98, 0xdf, 0x70,
    0x0, 0x4b, 0xff, 0xc5, 0x0,

    /* U+0050 "P" */
    0xef, 0xff, 0xe9, 0x0, 0xef, 0x66, 0x9f, 0xb0,
    0xeb, 0x0, 0x9, 0xf1, 0xeb, 0x0, 0x7, 0xf1,
    0xec, 0x22, 0x5e, 0xd0, 0xef, 0xff, 0xfe, 0x30,
    0xef, 0x54, 0x30, 0x0, 0xeb, 0x0, 0x0, 0x0,
    0xeb, 0x0, 0x0, 0x0,

    /* U+0051 "Q" */
    0x0, 0x3b, 0xff, 0xc4, 0x0, 0x5, 0xfe, 0x99,
    0xdf, 0x70, 0x1f, 0xd1, 0x0, 0xb, 0xf2, 0x5f,
    0x40, 0x0, 0x3, 0xf7, 0x7f, 0x20, 0x0, 0x0,
    0xf8, 0x5f, 0x40, 0x0, 0x3, 0xf7, 0x1f, 0xc0,
    0x0, 0xb, 0xf2, 0x5, 0xfe, 0x98, 0xdf, 0x70,
    0x0, 0x4b, 0xff, 0xf5, 0x0, 0x0, 0x0, 0x1e,
    0xd2, 0x49, 0x0, 0x0, 0x2, 0xdf, 0xf9, 0x0,
    0x0, 0x0, 0x2, 0x20,

    /* U+0052 "R" */
    0xef, 0xff, 0xe9, 0x0, 0xef, 0x66, 0x9f, 0xb0,
    0xeb, 0x0, 0x9, 0xf1, 0xeb, 0x0, 0x7, 0xf1,
    0xec, 0x11, 0x4e, 0xd0, 0xef, 0xff, 0xff, 0x30,
    0xee, 0x45, 0xfb, 0x0, 0xeb, 0x0, 0x5f, 0x50,
    0xeb, 0x0, 0xb, 0xe1,

    /* U+0053 "S" */
    0x4, 0xcf, 0xeb, 0x40, 0x2f, 0xd7, 0x7b, 0x80,
    0x5f, 0x30, 0x0, 0x0, 0x3f, 0xb4, 0x0, 0x0,
    0x5, 0xdf, 0xfa, 0x20, 0x0, 0x2, 0x7e, 0xe0,
    0x1, 0x0, 0x7, 0xf1, 0x6f, 0x96, 0x8e, 0xd0,
    0x18, 0xdf, 0xea, 0x10,

    /* U+0054 "T" */
    0xff, 0xff, 0xff, 0xf2, 0x66, 0x8f, 0xa6, 0x61,
    0x0, 0x2f, 0x60, 0x0, 0x0, 0x2f, 0x60, 0x0,
    0x0, 0x2f, 0x60, 0x0, 0x0, 0x2f, 0x60, 0x0,
    0x0, 0x2f, 0x60, 0x0, 0x0, 0x2f, 0x60, 0x0,
    0x0, 0x2f, 0x60, 0x0,

    /* U+0055 "U" */
    0xf9, 0x0, 0x2, 0xf6, 0xf9, 0x0, 0x2, 0xf6,
    0xf9, 0x0, 0x2, 0xf6, 0xf9, 0x0, 0x2, 0xf6,
    0xf9, 0x0, 0x2, 0xf6, 0xda, 0x0, 0x3, 0xf5,
    0xbe, 0x0, 0x7, 0xf2, 0x4f, 0xd8, 0xaf, 0xb0,
    0x5, 0xdf, 0xe9, 0x10,

    /* U+0056 "V" */
    0xd, 0xd0, 0x0, 0x0, 0xe9, 0x7, 0xf3, 0x0,
    0x5, 0xf3, 0x1, 0xfa, 0x0, 0xc, 0xc0, 0x0,
    0xaf, 0x10, 0x2f, 0x60, 0x0, 0x3f, 0x70, 0x9e,
    0x0, 0x0, 0xd, 0xd0, 0xf9, 0x0, 0x0, 0x6,
    0xfa, 0xf2, 0x0, 0x0, 0x0, 0xff, 0xc0, 0x0,
    0x0, 0x0, 0x9f, 0x50, 0x0,

    /* U+0057 "W" */
    0x8f, 0x10, 0x0, 0xec, 0x0, 0x3, 0xf3, 0x3f,
    0x60, 0x4, 0xff, 0x10, 0x8, 0xe0, 0xe, 0xb0,
    0x9, 0xef, 0x60, 0xd, 0xa0, 0x9, 0xf0, 0xe,
    0x8c, 0xb0, 0x2f, 0x50, 0x4, 0xf5, 0x3f, 0x37,
    0xf0, 0x7f, 0x0, 0x0, 0xf9, 0x8e, 0x2, 0xf5,
    0xcb, 0x0, 0x0, 0xae, 0xd9, 0x0, 0xdc, 0xf6,
    0x0, 0x0, 0x5f, 0xf4, 0x0, 0x8f, 0xf1, 0x0,
    0x0, 0x1f, 0xf0, 0x0, 0x3f, 0xc0, 0x0,

    /* U+0058 "X" */
    0x6f, 0x60, 0x1, 0xea, 0x0, 0xbe, 0x10, 0xae,
    0x10, 0x1, 0xfb, 0x5f, 0x50, 0x0, 0x6, 0xff,
    0xa0, 0x0, 0x0, 0xf, 0xf4, 0x0, 0x0, 0x8,
    0xff, 0xd0, 0x0, 0x3, 0xf8, 0x4f, 0x80, 0x0,
    0xdd, 0x0, 0x9f, 0x30, 0x8f, 0x30, 0x0, 0xdd,
    0x0,

    /* U+0059 "Y" */
    0xd, 0xd0, 0x0, 0xc, 0xc0, 0x4, 0xf6, 0x0,
    0x5f, 0x30, 0x0, 0xbe, 0x0, 0xea, 0x0, 0x0,
    0x2f, 0x87, 0xf1, 0x0, 0x0, 0x9, 0xff, 0x80,
    0x0, 0x0, 0x1, 0xff, 0x0, 0x0, 0x0, 0x0,
    0xdc, 0x0, 0x0, 0x0, 0x0, 0xdc, 0x0, 0x0,
    0x0, 0x0, 0xdc, 0x0, 0x0,

    /* U+005A "Z" */
    0x6f, 0xff, 0xff, 0xf8, 0x26, 0x66, 0x6f, 0xf3,
    0x0, 0x0, 0x6f, 0x70, 0x0, 0x3, 0xfa, 0x0,
    0x0, 0x1d, 0xd0, 0x0, 0x0, 0xbf, 0x30, 0x0,
    0x7, 0xf6, 0x0, 0x0, 0x3f, 0xf6, 0x66, 0x64,
    0x8f, 0xff, 0xff, 0xfa,

    /* U+005B "[" */
    0xef, 0xfe, 0xb4, 0xea, 0xe, 0xa0, 0xea, 0xe,
    0xa0, 0xea, 0xe, 0xa0, 0xea, 0xe, 0xa0, 0xea,
    0xe, 0xb4, 0xef, 0xf0,

    /* U+005C "\\" */
    0x5f, 0x0, 0x0, 0xf, 0x50, 0x0, 0xa, 0xa0,
    0x0, 0x5, 0xf0, 0x0, 0x0, 0xf5, 0x0, 0x0,
    0xaa, 0x0, 0x0, 0x5f, 0x0, 0x0, 0xf, 0x50,
    0x0, 0xa, 0xa0, 0x0, 0x5, 0xf0, 0x0, 0x0,
    0xf5, 0x0, 0x0, 0xaa,

    /* U+005D "]" */
    0xcf, 0xf1, 0x39, 0xf1, 0x7, 0xf1, 0x7, 0xf1,
    0x7, 0xf1, 0x7, 0xf1, 0x7, 0xf1, 0x7, 0xf1,
    0x7, 0xf1, 0x7, 0xf1, 0x7, 0xf1, 0x39, 0xf1,
    0xcf, 0xf1,

    /* U+005E "^" */
    0x0, 0x18, 0x20, 0x0, 0x7, 0xf8, 0x0, 0x0,
    0xd7, 0xe0, 0x0, 0x3e, 0xd, 0x50, 0x9, 0x80,
    0x7b, 0x0, 0xf2, 0x1, 0xf1,

    /* U+005F "_" */
    0xff, 0xff, 0xff,

    /* U+0060 "`" */
    0x4f, 0x60, 0x4, 0xe3,

    /* U+0061 "a" */
    0x8, 0xdf, 0xd4, 0x0, 0xd8, 0x6c, 0xf1, 0x0,
    0x0, 0x3f, 0x40, 0x9d, 0xef, 0xf5, 0x5f, 0x52,
    0x4f, 0x56, 0xf5, 0x2c, 0xf5, 0x9, 0xee, 0x9f,
    0x50,

    /* U+0062 "b" */
    0xf, 0x70, 0x0, 0x0, 0xf, 0x70, 0x0, 0x0,
    0xf, 0x70, 0x0, 0x0, 0xf, 0xac, 0xfd, 0x50,
    0xf, 0xfa, 0x7c, 0xf3, 0xf, 0xf0, 0x0, 0xfa,
    0xf, 0xe0, 0x0, 0xcc, 0xf, 0xf0, 0x0, 0xfa,
    0xf, 0xfa, 0x7c, 0xf3, 0xf, 0x9c, 0xfd, 0x50,

    /* U+0063 "c" */
    0x2, 0xbf, 0xe9, 0x0, 0xee, 0x78, 0xf6, 0x6f,
    0x30, 0x1, 0x8, 0xf0, 0x0, 0x0, 0x6f, 0x30,
    0x2, 0x0, 0xee, 0x78, 0xf6, 0x2, 0xbf, 0xe9,
    0x0,

    /* U+0064 "d" */
    0x0, 0x0, 0x3, 0xf4, 0x0, 0x0, 0x3, 0xf4,
    0x0, 0x0, 0x3, 0xf4, 0x2, 0xcf, 0xd8, 0xf4,
    0x1e, 0xe7, 0x8f, 0xf4, 0x6f, 0x30, 0xa, 0xf4,
    0x8f, 0x0, 0x6, 0xf4, 0x6f, 0x30, 0xa, 0xf4,
    0x1e, 0xe7, 0x8f, 0xf4, 0x2, 0xcf, 0xd8, 0xf4,

    /* U+0065 "e" */
    0x2, 0xbf, 0xe7, 0x0, 0x1e, 0xc6, 0x8f, 0x60,
    0x6f, 0x10, 0x9, 0xd0, 0x8f, 0xff, 0xff, 0xf0,
    0x6f, 0x42, 0x22, 0x10, 0xe, 0xe7, 0x7d, 0x40,
    0x2, 0xbf, 0xfa, 0x10,

    /* U+0066 "f" */
    0x1, 0xcf, 0x90, 0x9e, 0x54, 0xc, 0xa0, 0xe,
    0xff, 0xf6, 0x3f, 0xf4, 0x10, 0xdb, 0x0, 0xd,
    0xb0, 0x0, 0xdb, 0x0, 0xd, 0xb0, 0x0, 0xdb,
    0x0,

    /* U+0067 "g" */
    0x2, 0xbf, 0xd6, 0xf5, 0x1e, 0xd5, 0x6f, 0xf5,
    0x6f, 0x30, 0x6, 0xf5, 0x8f, 0x0, 0x3, 0xf5,
    0x6f, 0x30, 0x8, 0xf5, 0x1e, 0xe7, 0x7f, 0xf5,
    0x2, 0xbf, 0xd8, 0xf5, 0x1, 0x0, 0x5, 0xf3,
    0xe, 0xa6, 0x7e, 0xd0, 0x7, 0xcf, 0xea, 0x10,

    /* U+0068 "h" */
    0xf, 0x70, 0x0, 0x0, 0xf, 0x70, 0x0, 0x0,
    0xf, 0x70, 0x0, 0x0, 0xf, 0xac, 0xfd, 0x40,
    0xf, 0xfa, 0x7e, 0xe0, 0xf, 0xb0, 0x5, 0xf3,
    0xf, 0x80, 0x3, 0xf4, 0xf, 0x70, 0x3, 0xf4,
    0xf, 0x70, 0x3, 0xf4, 0xf, 0x70, 0x3, 0xf4,

    /* U+0069 "i" */
    0x1e, 0x81, 0xd7, 0x0, 0x0, 0xf7, 0xf, 0x70,
    0xf7, 0xf, 0x70, 0xf7, 0xf, 0x70, 0xf7,

    /* U+006A "j" */
    0x0, 0xe, 0x90, 0x0, 0xd8, 0x0, 0x0, 0x0,
    0x0, 0xf9, 0x0, 0xf, 0x90, 0x0, 0xf9, 0x0,
    0xf, 0x90, 0x0, 0xf9, 0x0, 0xf, 0x90, 0x0,
    0xf9, 0x0, 0xf, 0x80, 0x67, 0xf5, 0xd, 0xfa,
    0x0,

    /* U+006B "k" */
    0xf, 0x70, 0x0, 0x0, 0xf, 0x70, 0x0, 0x0,
    0xf, 0x70, 0x0, 0x0, 0xf, 0x70, 0x1d, 0xd1,
    0xf, 0x71, 0xde, 0x20, 0xf, 0x8c, 0xf2, 0x0,
    0xf, 0xff, 0xf2, 0x0, 0xf, 0xf4, 0xec, 0x0,
    0xf, 0x90, 0x4f, 0x80, 0xf, 0x70, 0x8, 0xf4,

    /* U+006C "l" */
    0xf, 0x70, 0xf7, 0xf, 0x70, 0xf7, 0xf, 0x70,
    0xf7, 0xf, 0x70, 0xf7, 0xf, 0x70, 0xf7,

    /* U+006D "m" */
    0xf, 0x9c, 0xfc, 0x28, 0xef, 0x90, 0xf, 0xfa,
    0x8f, 0xfe, 0x8a, 0xf6, 0xf, 0xb0, 0x8, 0xf4,
    0x0, 0xea, 0xf, 0x80, 0x6, 0xf1, 0x0, 0xcb,
    0xf, 0x70, 0x6, 0xf1, 0x0, 0xcb, 0xf, 0x70,
    0x6, 0xf1, 0x0, 0xcb, 0xf, 0x70, 0x6, 0xf1,
    0x0, 0xcb,

    /* U+006E "n" */
    0xf, 0x9c, 0xfd, 0x40, 0xf, 0xfa, 0x7e, 0xe0,
    0xf, 0xb0, 0x5, 0xf3, 0xf, 0x80, 0x3, 0xf4,
    0xf, 0x70, 0x3, 0xf4, 0xf, 0x70, 0x3, 0xf4,
    0xf, 0x70, 0x3, 0xf4,

    /* U+006F "o" */
    0x2, 0xbf, 0xe9, 0x0, 0xe, 0xe7, 0x8f, 0xb0,
    0x6f, 0x30, 0x8, 0xf2, 0x8f, 0x0, 0x4, 0xf4,
    0x6f, 0x30, 0x8, 0xf2, 0xe, 0xe7, 0x9f, 0xa0,
    0x2, 0xbf, 0xe9, 0x0,

    /* U+0070 "p" */
    0xf, 0x9c, 0xfd, 0x50, 0xf, 0xfa, 0x7c, 0xf3,
    0xf, 0xf0, 0x0, 0xfa, 0xf, 0xe0, 0x0, 0xcc,
    0xf, 0xf0, 0x0, 0xfa, 0xf, 0xfa, 0x7c, 0xf3,
    0xf, 0xac, 0xfd, 0x50, 0xf, 0x70, 0x0, 0x0,
    0xf, 0x70, 0x0, 0x0, 0xf, 0x70, 0x0, 0x0,

    /* U+0071 "q" */
    0x2, 0xcf, 0xd8, 0xf4, 0x1e, 0xe7, 0x8f, 0xf4,
    0x6f, 0x30, 0xa, 0xf4, 0x8f, 0x0, 0x6, 0xf4,
    0x6f, 0x30, 0xa, 0xf4, 0x1e, 0xe7, 0x9f, 0xf4,
    0x2, 0xcf, 0xd8, 0xf4, 0x0, 0x0, 0x4, 0xf4,
    0x0, 0x0, 0x4, 0xf4, 0x0, 0x0, 0x4, 0xf4,

    /* U+0072 "r" */
    0xf, 0x9c, 0xa0, 0xff, 0xa4, 0xf, 0xb0, 0x0,
    0xf8, 0x0, 0xf, 0x70, 0x0, 0xf7, 0x0, 0xf,
    0x70, 0x0,

    /* U+0073 "s" */
    0x9, 0xef, 0xd5, 0x6f, 0x75, 0x93, 0x7f, 0x51,
    0x0, 0x1b, 0xff, 0xc3, 0x0, 0x14, 0xdc, 0x6a,
    0x66, 0xdb, 0x5c, 0xee, 0xb2,

    /* U+0074 "t" */
    0x6, 0x50, 0x0, 0xdb, 0x0, 0xef, 0xff, 0x63,
    0xff, 0x41, 0xd, 0xb0, 0x0, 0xdb, 0x0, 0xc,
    0xb0, 0x0, 0xaf, 0x64, 0x2, 0xcf, 0x90,

    /* U+0075 "u" */
    0x1f, 0x70, 0x5, 0xf3, 0x1f, 0x70, 0x5, 0xf3,
    0x1f, 0x70, 0x5, 0xf3, 0xf, 0x70, 0x5, 0xf3,
    0xf, 0x90, 0x8, 0xf3, 0xc, 0xf8, 0x9f, 0xf3,
    0x2, 0xcf, 0xd8, 0xf3,

    /* U+0076 "v" */
    0xd, 0xb0, 0x0, 0xac, 0x7, 0xf1, 0x1, 0xf6,
    0x1, 0xf7, 0x7, 0xf0, 0x0, 0xbd, 0xd, 0x90,
    0x0, 0x4f, 0x7f, 0x30, 0x0, 0xe, 0xfd, 0x0,
    0x0, 0x8, 0xf6, 0x0,

    /* U+0077 "w" */
    0xca, 0x0, 0x4f, 0x50, 0x8, 0xd7, 0xe0, 0x9,
    0xfa, 0x0, 0xd7, 0x1f, 0x40, 0xec, 0xf0, 0x3f,
    0x20, 0xc9, 0x4f, 0x2f, 0x58, 0xc0, 0x7, 0xea,
    0xb0, 0xba, 0xd7, 0x0, 0x1f, 0xf5, 0x5, 0xff,
    0x10, 0x0, 0xcf, 0x0, 0xf, 0xd0, 0x0,

    /* U+0078 "x" */
    0x6f, 0x30, 0x5f, 0x40, 0xbd, 0x2e, 0x90, 0x1,
    0xef, 0xd0, 0x0, 0xb, 0xf8, 0x0, 0x2, 0xff,
    0xe1, 0x0, 0xdc, 0x1e, 0xb0, 0x8f, 0x20, 0x4f,
    0x60,

    /* U+0079 "y" */
    0xd, 0xa0, 0x0, 0xac, 0x7, 0xf1, 0x0, 0xf6,
    0x1, 0xf6, 0x6, 0xf1, 0x0, 0xbc, 0xc, 0xa0,
    0x0, 0x5f, 0x5f, 0x40, 0x0, 0xe, 0xfe, 0x0,
    0x0, 0x9, 0xf8, 0x0, 0x0, 0x7, 0xf2, 0x0,
    0x9, 0x6d, 0xa0, 0x0, 0xb, 0xfc, 0x10, 0x0,

    /* U+007A "z" */
    0x7f, 0xff, 0xfe, 0x24, 0x47, 0xf8, 0x0, 0xd,
    0xc0, 0x0, 0xae, 0x10, 0x7, 0xf4, 0x0, 0x3f,
    0xc4, 0x44, 0x8f, 0xff, 0xff,

    /* U+007B "{" */
    0x0, 0xaf, 0x30, 0x4f, 0x81, 0x6, 0xf1, 0x0,
    0x6f, 0x10, 0x6, 0xf1, 0x0, 0x8f, 0x0, 0x5f,
    0xb0, 0x1, 0xaf, 0x0, 0x6, 0xf1, 0x0, 0x6f,
    0x10, 0x6, 0xf1, 0x0, 0x4f, 0x81, 0x0, 0xaf,
    0x30,

    /* U+007C "|" */
    0xe8, 0xe8, 0xe8, 0xe8, 0xe8, 0xe8, 0xe8, 0xe8,
    0xe8, 0xe8, 0xe8, 0xe8, 0xe8,

    /* U+007D "}" */
    0xcd, 0x30, 0x4e, 0xb0, 0xa, 0xd0, 0xa, 0xd0,
    0xa, 0xd0, 0x9, 0xe1, 0x4, 0xfc, 0x8, 0xf3,
    0xa, 0xd0, 0xa, 0xd0, 0xa, 0xd0, 0x4e, 0xb0,
    0xcd, 0x30,

    /* U+007E "~" */
    0x0, 0x0, 0x0, 0x0, 0xbf, 0x91, 0xb5, 0x4d,
    0x4c, 0xfe, 0x11, 0x10, 0x2, 0x0,

    /* U+00B7 "·" */
    0xa, 0xa0, 0x4f, 0xf4, 0xc, 0xc0,

    /* U+2014 "—" */
    0x6f, 0xff, 0xff, 0xff, 0xff, 0x30,

    /* U+21BA "↺" */
    0x0, 0x0, 0xbe, 0xa0, 0xb1, 0xc, 0xe2, 0x2d,
    0x0, 0x96, 0x82, 0xc0, 0x0, 0x68, 0xc, 0x60,
    0x2d, 0x30, 0x1b, 0xed, 0x40,

    /* U+2263 "≣" */
    0x2, 0x22, 0x22, 0x23, 0xdd, 0xdd, 0xdb, 0x1,
    0x11, 0x11, 0x4, 0xff, 0xff, 0xfe, 0x0, 0x0,
    0x0, 0x4, 0xff, 0xff, 0xfe, 0x0, 0x0, 0x0,
    0x4, 0xff, 0xff, 0xfe,

    /* U+2302 "⌂" */
    0x0, 0x0, 0x0, 0x0, 0xb6, 0x0, 0x8, 0x7b,
    0x40, 0x69, 0x0, 0xc2, 0xc0, 0x0, 0x1a, 0xb0,
    0x0, 0xb, 0xb0, 0x0, 0xb, 0xeb, 0xbb, 0xbb,

    /* U+2315 "⌕" */
    0x0, 0x29, 0x91, 0x0, 0xc, 0x34, 0xb0, 0x2,
    0x90, 0xb, 0x10, 0x1c, 0x11, 0xc0, 0x5, 0xac,
    0xb3, 0x0, 0x60, 0x0, 0x0,

    /* U+23ED "⏭" */
    0x0, 0x0, 0x0, 0x0, 0x4, 0x13, 0xa0, 0x2,
    0xa0, 0x1, 0xf7, 0x3f, 0xb0, 0x2f, 0xb0, 0x1f,
    0x73, 0xff, 0xc3, 0xff, 0xc2, 0xf7, 0x3f, 0xfb,
    0x3f, 0xfb, 0x1f, 0x73, 0xf9, 0x2, 0xfa, 0x1,
    0xf7, 0x38, 0x0, 0x28, 0x0, 0x1f, 0x70, 0x0,
    0x0, 0x0, 0x0, 0x21,

    /* U+23EE "⏮" */
    0x14, 0x0, 0x0, 0x0, 0x0, 0x7, 0xf1, 0x0,
    0xa2, 0x0, 0xa3, 0x7f, 0x10, 0xbf, 0x20, 0xbf,
    0x37, 0xf2, 0xcf, 0xf3, 0xcf, 0xf3, 0x7f, 0x1b,
    0xff, 0x3b, 0xff, 0x37, 0xf1, 0xa, 0xf2, 0x9,
    0xf3, 0x7f, 0x10, 0x8, 0x20, 0x8, 0x31, 0x20,
    0x0, 0x0, 0x0, 0x0,

    /* U+25B6 "▶" */
    0x60, 0x0, 0x0, 0x0, 0xfe, 0x70, 0x0, 0x0,
    0xff, 0xfe, 0x70, 0x0, 0xff, 0xff, 0xfe, 0x70,
    0xff, 0xff, 0xfb, 0x30, 0xff, 0xfb, 0x30, 0x0,
    0xfb, 0x30, 0x0, 0x0, 0x30, 0x0, 0x0, 0x0,

    /* U+25C9 "◉" */
    0x1, 0x8b, 0x81, 0x2, 0xc6, 0x66, 0xc2, 0xa6,
    0xff, 0xf6, 0xab, 0xaf, 0xff, 0xbb, 0xba, 0xff,
    0xfb, 0xba, 0x6f, 0xff, 0x6a, 0x1c, 0x66, 0x6b,
    0x20, 0x7, 0xa7, 0x10,

    /* U+25CC "◌" */
    0x0, 0x2b, 0x20, 0x1, 0xc0, 0x0, 0xb1, 0x1,
    0x0, 0x1, 0x9, 0x0, 0x0, 0x9, 0x90, 0x0,
    0x0, 0x90, 0x10, 0x0, 0x10, 0x1b, 0x1, 0xb,
    0x10, 0x2, 0xa2, 0x0,

    /* U+266A "♪" */
    0x0, 0x5, 0x0, 0x0, 0x0, 0xbd, 0x60, 0x0,
    0x9, 0x28, 0x60, 0x0, 0x90, 0x22, 0x0, 0x9,
    0x0, 0x0, 0x0, 0x90, 0x0, 0x0, 0x9, 0x0,
    0x0, 0xce, 0xc0, 0x0, 0x9, 0xc5, 0x0, 0x0,

    /* U+266B "♫" */
    0x0, 0x23, 0x0, 0x0, 0x6, 0xfe, 0xa3, 0x0,
    0x60, 0x49, 0x70, 0x6, 0x0, 0x6, 0x0, 0x60,
    0x0, 0x60, 0x6, 0x0, 0x6, 0x0, 0x60, 0x0,
    0x64, 0xed, 0x0, 0x6, 0x4c, 0x80, 0xab, 0x60,
    0x0, 0xc, 0xd3,

    /* U+2699 "⚙" */
    0x0, 0x1, 0x0, 0x0, 0x4, 0x5e, 0x67, 0x0,
    0x9, 0xc6, 0x9e, 0x0, 0x9d, 0x4, 0x8, 0xe0,
    0x4a, 0xf, 0x54, 0xa0, 0x8d, 0x10, 0x9, 0xd0,
    0x9, 0xe9, 0xbe, 0x0, 0x3, 0x2d, 0x44, 0x0,

    /* U+3001 "、" */
    0x8, 0x10, 0x1, 0xdd, 0x10, 0x1, 0xdc, 0x0,
    0x2, 0x70,

    /* U+3002 "。" */
    0x1b, 0xc4, 0x93, 0xc, 0xa2, 0xc, 0x2c, 0xc5,

    /* U+4E00 "一" */
    0x4, 0x44, 0x44, 0x44, 0x44, 0x43, 0x3f, 0xff,
    0xff, 0xff, 0xff, 0xfa,

    /* U+4E0A "上" */
    0x0, 0x0, 0xd, 0x40, 0x0, 0x0, 0x0, 0x0,
    0xd, 0x40, 0x0, 0x0, 0x0, 0x0, 0xd, 0x40,
    0x0, 0x0, 0x0, 0x0, 0xd, 0x62, 0x22, 0x10,
    0x0, 0x0, 0xd, 0xff, 0xff, 0x80, 0x0, 0x0,
    0xd, 0x40, 0x0, 0x0, 0x0, 0x0, 0xd, 0x40,
    0x0, 0x0, 0x0, 0x0, 0xd, 0x40, 0x0, 0x0,
    0x0, 0x0, 0xd, 0x40, 0x0, 0x0, 0x2f, 0xff,
    0xff, 0xff, 0xff, 0xf9, 0x2, 0x22, 0x22, 0x22,
    0x22, 0x21,

    /* U+4E0B "下" */
    0x2, 0x22, 0x22, 0x22, 0x22, 0x21, 0x1f, 0xff,
    0xff, 0xff, 0xff, 0xf7, 0x0, 0x0, 0x9, 0x80,
    0x0, 0x0, 0x0, 0x0, 0x9, 0xa0, 0x0, 0x0,
    0x0, 0x0, 0x9, 0xfd, 0x40, 0x0, 0x0, 0x0,
    0x9, 0x97, 0xfb, 0x20, 0x0, 0x0, 0x9, 0x80,
    0x2c, 0xa0, 0x0, 0x0, 0x9, 0x80, 0x0, 0x0,
    0x0, 0x0, 0x9, 0x80, 0x0, 0x0, 0x0, 0x0,
    0x9, 0x80, 0x0, 0x0, 0x0, 0x0, 0x9, 0x80,
    0x0, 0x0,

    /* U+4E0D "不" */
    0x2, 0x22, 0x22, 0x22, 0x22, 0x20, 0x2f, 0xff,
    0xff, 0xff, 0xff, 0xf2, 0x0, 0x0, 0x7, 0xe1,
    0x0, 0x0, 0x0, 0x0, 0x3f, 0x90, 0x0, 0x0,
    0x0, 0x2, 0xef, 0xbe, 0x70, 0x0, 0x0, 0x4f,
    0x89, 0x93, 0xdc, 0x10, 0x1a, 0xf7, 0x9, 0x90,
    0x1b, 0xe2, 0x1b, 0x20, 0x9, 0x90, 0x0, 0x91,
    0x0, 0x0, 0x9, 0x90, 0x0, 0x0, 0x0, 0x0,
    0x9, 0x90, 0x0, 0x0, 0x0, 0x0, 0x9, 0x90,
    0x0, 0x0,

    /* U+4E0E "与" */
    0x0, 0x8, 0x10, 0x0, 0x0, 0x0, 0x1, 0xf5,
    0x44, 0x44, 0x42, 0x0, 0x4f, 0xcc, 0xcc, 0xcc,
    0x60, 0x8, 0xa0, 0x0, 0x0, 0x0, 0x0, 0xb9,
    0x44, 0x44, 0x44, 0x30, 0xb, 0xbb, 0xbb, 0xbb,
    0xda, 0x0, 0x0, 0x0, 0x0, 0x9, 0x84, 0xff,
    0xff, 0xff, 0xf1, 0xb6, 0x1, 0x11, 0x11, 0x11,
    0xe, 0x40, 0x0, 0x0, 0x1, 0x5, 0xf0, 0x0,
    0x0, 0x1, 0xff, 0xf6, 0x0, 0x0, 0x0, 0x0,
    0x0, 0x0,

    /* U+4E13 "专" */
    0x0, 0x0, 0x2, 0x0, 0x0, 0x0, 0x0, 0x0,
    0x3e, 0x0, 0x0, 0x0, 0x5, 0xff, 0xff, 0xff,
    0xff, 0x40, 0x0, 0x11, 0xc7, 0x11, 0x11, 0x0,
    0x15, 0x55, 0xf7, 0x55, 0x55, 0x50, 0x3c, 0xcd,
    0xfc, 0xcc, 0xcc, 0xc1, 0x0, 0xa, 0x91, 0x11,
    0x11, 0x0, 0x0, 0xe, 0xff, 0xff, 0xff, 0x20,
    0x0, 0x0, 0x0, 0x4, 0xf4, 0x0, 0x0, 0x8,
    0x94, 0x5f, 0x40, 0x0, 0x0, 0x2, 0x7d, 0xfc,
    0x10, 0x0, 0x0, 0x0, 0x0, 0x3a, 0xe0, 0x0,
    0x0, 0x0, 0x0, 0x0, 0x0, 0x0,

    /* U+4E1C "东" */
    0x0, 0x0, 0x3b, 0x0, 0x0, 0x0, 0x4, 0x44,
    0xbd, 0x44, 0x44, 0x40, 0xc, 0xce, 0xfc, 0xcc,
    0xcc, 0xc0, 0x0, 0xd, 0x70, 0x81, 0x0, 0x0,
    0x0, 0x9c, 0x11, 0xf3, 0x11, 0x0, 0x2, 0xff,
    0xff, 0xff, 0xff, 0x70, 0x0, 0x10, 0x0, 0xf1,
    0x0, 0x0, 0x0, 0x5d, 0x0, 0xf2, 0xb6, 0x0,
    0x0, 0xd6, 0x0, 0xf1, 0x2e, 0x40, 0xb, 0xb0,
    0x12, 0xf1, 0x5, 0xe1, 0x6, 0x10, 0x8f, 0xb0,
    0x0, 0x40, 0x0, 0x0, 0x0, 0x0, 0x0, 0x0,

    /* U+4E2A "个" */
    0x0, 0x0, 0x0, 0x0, 0x0, 0x0, 0x0, 0x0,
    0x9, 0x80, 0x0, 0x0, 0x0, 0x0, 0x5f, 0xd1,
    0x0, 0x0, 0x0, 0x7, 0xe3, 0x9d, 0x20, 0x0,
    0x3, 0xce, 0x34, 0x28, 0xf7, 0x0, 0x7f, 0xa1,
    0xc, 0x50, 0x4e, 0xe2, 0x14, 0x0, 0xc, 0x50,
    0x0, 0x60, 0x0, 0x0, 0xc, 0x50, 0x0, 0x0,
    0x0, 0x0, 0xc, 0x50, 0x0, 0x0, 0x0, 0x0,
    0xc, 0x50, 0x0, 0x0, 0x0, 0x0, 0xc, 0x50,
    0x0, 0x0, 0x0, 0x0, 0xc, 0x50, 0x0, 0x0,

    /* U+4E2D "中" */
    0x0, 0x0, 0xe3, 0x0, 0x0, 0x0, 0x0, 0xe3,
    0x0, 0x0, 0xef, 0xff, 0xff, 0xff, 0xf4, 0xe4,
    0x11, 0xe5, 0x11, 0xe4, 0xe3, 0x0, 0xe3, 0x0,
    0xe4, 0xe3, 0x0, 0xe3, 0x0, 0xe4, 0xef, 0xff,
    0xff, 0xff, 0xf4, 0xc4, 0x11, 0xe5, 0x11, 0xb3,
    0x0, 0x0, 0xe3, 0x0, 0x0, 0x0, 0x0, 0xe3,
    0x0, 0x0, 0x0, 0x0, 0xe3, 0x0, 0x0,

    /* U+4E3A "为" */
    0x0, 0x81, 0x2e, 0x0, 0x0, 0x0, 0x9, 0xb3,
    0xe0, 0x0, 0x0, 0x2, 0x38, 0x5e, 0x22, 0x22,
    0x20, 0xef, 0xff, 0xff, 0xff, 0xfd, 0x0, 0x0,
    0x7a, 0x0, 0x5, 0xc0, 0x0, 0xb, 0x78, 0x10,
    0x6c, 0x0, 0x2, 0xf2, 0x8b, 0x7, 0xb0, 0x0,
    0xbb, 0x0, 0xd2, 0x8a, 0x0, 0x7e, 0x10, 0x0,
    0xa, 0x80, 0x8f, 0x40, 0x0, 0x22, 0xe6, 0xa,
    0x30, 0x0, 0x1f, 0xfc, 0x10, 0x0, 0x0, 0x0,
    0x0, 0x0,

    /* U+4E3B "主" */
    0x0, 0x0, 0x1, 0x0, 0x0, 0x0, 0x0, 0x0,
    0x2f, 0x70, 0x0, 0x0, 0x0, 0x0, 0x3, 0xe6,
    0x0, 0x0, 0x8, 0xff, 0xff, 0xff, 0xff, 0xe0,
    0x1, 0x22, 0x27, 0xd2, 0x22, 0x20, 0x0, 0x0,
    0x6, 0xd0, 0x0, 0x0, 0x0, 0x11, 0x17, 0xd1,
    0x11, 0x0, 0x0, 0xef, 0xff, 0xff, 0xff, 0x60,
    0x0, 0x0, 0x6, 0xd0, 0x0, 0x0, 0x0, 0x0,
    0x6, 0xd0, 0x0, 0x0, 0x5, 0x55, 0x59, 0xe5,
    0x55, 0x52, 0xc, 0xcc, 0xcc, 0xcc, 0xcc, 0xc6,

    /* U+4E89 "争" */
    0x0, 0x0, 0x0, 0x0, 0x0, 0x0, 0x0, 0x3,
    0xe2, 0x0, 0x0, 0x0, 0x0, 0x1e, 0xee, 0xef,
    0xd0, 0x0, 0x3, 0xe7, 0x0, 0x3e, 0x30, 0x0,
    0xa, 0xef, 0xff, 0xff, 0xff, 0x10, 0x0, 0x0,
    0x8, 0x90, 0xf, 0x10, 0x3f, 0xff, 0xff, 0xff,
    0xff, 0xfb, 0x0, 0x0, 0x8, 0x90, 0xf, 0x10,
    0x3, 0xee, 0xef, 0xfe, 0xef, 0x10, 0x0, 0x11,
    0x19, 0xa1, 0x11, 0x0, 0x0, 0x0, 0xa, 0x90,
    0x0, 0x0, 0x0, 0x7, 0xfe, 0x40, 0x0, 0x0,

    /* U+4E8C "二" */
    0x0, 0x44, 0x44, 0x44, 0x44, 0x20, 0x1, 0xff,
    0xff, 0xff, 0xff, 0x70, 0x0, 0x0, 0x0, 0x0,
    0x0, 0x0, 0x0, 0x0, 0x0, 0x0, 0x0, 0x0,
    0x0, 0x0, 0x0, 0x0, 0x0, 0x0, 0x0, 0x0,
    0x0, 0x0, 0x0, 0x0, 0x0, 0x0, 0x0, 0x0,
    0x0, 0x0, 0x5, 0x55, 0x55, 0x55, 0x55, 0x52,
    0x1f, 0xff, 0xff, 0xff, 0xff, 0xf7,

    /* U+4E8E "于" */
    0x0, 0x22, 0x22, 0x22, 0x22, 0x10, 0x4, 0xff,
    0xff, 0xff, 0xff, 0xa0, 0x0, 0x0, 0x3, 0xe0,
    0x0, 0x0, 0x0, 0x0, 0x3, 0xe0, 0x0, 0x0,
    0x2, 0x22, 0x26, 0xe2, 0x22, 0x21, 0x1e, 0xee,
    0xef, 0xfe, 0xee, 0xe7, 0x0, 0x0, 0x3, 0xe0,
    0x0, 0x0, 0x0, 0x0, 0x3, 0xe0, 0x0, 0x0,
    0x0, 0x0, 0x3, 0xe0, 0x0, 0x0, 0x0, 0x1,
    0x26, 0xe0, 0x0, 0x0, 0x0, 0x7, 0xfe, 0x80,
    0x0, 0x0, 0x0, 0x0, 0x0, 0x0, 0x0, 0x0,

    /* U+4EAB "享" */
    0x0, 0x0, 0x3, 0x10, 0x0, 0x0, 0x14, 0x44,
    0x4c, 0xa4, 0x44, 0x40, 0x2a, 0xaa, 0xaa, 0xaa,
    0xaa, 0xa1, 0x0, 0x8a, 0xaa, 0xaa, 0xa8, 0x0,
    0x0, 0xb6, 0x11, 0x11, 0x6c, 0x0, 0x0, 0xbe,
    0xdd, 0xdd, 0xec, 0x0, 0x0, 0x34, 0x44, 0x44,
    0x43, 0x0, 0x2, 0xbb, 0xbb, 0xcf, 0xfb, 0x0,
    0x0, 0x0, 0x7, 0xd8, 0x30, 0x0, 0x4e, 0xee,
    0xef, 0xfe, 0xee, 0xe5, 0x0, 0x0, 0x9, 0x80,
    0x0, 0x0, 0x0, 0x7, 0xee, 0x50, 0x0, 0x0,

    /* U+4EAC "京" */
    0x0, 0x0, 0x2, 0x0, 0x0, 0x0, 0x0, 0x0,
    0xc, 0x80, 0x0, 0x0, 0x2d, 0xdd, 0xde, 0xfd,
    0xdd, 0xd2, 0x4, 0x44, 0x44, 0x44, 0x44, 0x40,
    0x0, 0xbe, 0xee, 0xee, 0xed, 0x0, 0x0, 0xc5,
    0x0, 0x0, 0x5e, 0x0, 0x0, 0xc5, 0x0, 0x0,
    0x4e, 0x0, 0x0, 0xbf, 0xff, 0xff, 0xfd, 0x0,
    0x0, 0x21, 0x8, 0xa0, 0x21, 0x0, 0x1, 0xd6,
    0x8, 0xa0, 0x9c, 0x0, 0x1c, 0x90, 0x9, 0xa0,
    0xb, 0xb0, 0x6, 0x4, 0xfe, 0x50, 0x1, 0x60,

    /* U+4EAE "亮" */
    0x0, 0x0, 0x0, 0x0, 0x0, 0x0, 0x0, 0x0,
    0xb, 0x70, 0x0, 0x0, 0x7e, 0xee, 0xee, 0xee,
    0xee, 0xe1, 0x0, 0x57, 0x77, 0x77, 0x73, 0x0,
    0x0, 0xaa, 0x44, 0x44, 0xb8, 0x0, 0x0, 0x9d,
    0xcc, 0xcc, 0xd7, 0x0, 0x27, 0x77, 0x77, 0x77,
    0x77, 0x60, 0x4e, 0x66, 0x66, 0x66, 0x68, 0xe0,
    0x28, 0x7, 0xee, 0xee, 0x41, 0x90, 0x0, 0xb,
    0x70, 0xd, 0x40, 0x20, 0x0, 0x7f, 0x10, 0xd,
    0x50, 0xf0, 0x3f, 0xc3, 0x0, 0x9, 0xff, 0xa0,
    0x1, 0x0, 0x0, 0x0, 0x0, 0x0,

    /* U+4EBA "人" */
    0x0, 0x0, 0xc, 0x70, 0x0, 0x0, 0x0, 0x0,
    0xd, 0x60, 0x0, 0x0, 0x0, 0x0, 0xf, 0x70,
    0x0, 0x0, 0x0, 0x0, 0x2f, 0xb0, 0x0, 0x0,
    0x0, 0x0, 0x5f, 0xf0, 0x0, 0x0, 0x0, 0x0,
    0xaa, 0xd5, 0x0, 0x0, 0x0, 0x1, 0xf4, 0x6e,
    0x0, 0x0, 0x0, 0xb, 0xc0, 0xd, 0x90, 0x0,
    0x0, 0x8e, 0x20, 0x3, 0xf6, 0x0, 0x1a, 0xf4,
    0x0, 0x0, 0x5f, 0xa1, 0x3b, 0x20, 0x0, 0x0,
    0x2, 0xa1,

    /* U+4ECA "今" */
    0x0, 0x0, 0x0, 0x0, 0x0, 0x0, 0x0, 0x0,
    0x9, 0xb0, 0x0, 0x0, 0x0, 0x0, 0x7e, 0xe8,
    0x0, 0x0, 0x0, 0x9, 0xe3, 0x1d, 0xb1, 0x0,
    0x5, 0xed, 0x3a, 0x11, 0xbe, 0x60, 0x4f, 0x80,
    0x8, 0xe3, 0x6, 0xe4, 0x1, 0x22, 0x22, 0x97,
    0x22, 0x0, 0x0, 0xff, 0xff, 0xff, 0xff, 0x20,
    0x0, 0x0, 0x0, 0x2, 0xe6, 0x0, 0x0, 0x0,
    0x0, 0xd, 0xa0, 0x0, 0x0, 0x0, 0x0, 0xbd,
    0x0, 0x0, 0x0, 0x0, 0x4, 0xe2, 0x0, 0x0,
    0x0, 0x0, 0x0, 0x0, 0x0, 0x0,

    /* U+4ECE "从" */
    0x0, 0x0, 0x0, 0x0, 0x0, 0x0, 0x0, 0xf,
    0x30, 0x7, 0xc0, 0x0, 0x0, 0x1f, 0x20, 0x8,
    0xa0, 0x0, 0x0, 0x2f, 0x0, 0x9, 0x90, 0x0,
    0x0, 0x3f, 0x0, 0xb, 0x70, 0x0, 0x0, 0x6f,
    0x70, 0xe, 0xa0, 0x0, 0x0, 0x8c, 0xf4, 0x1f,
    0xf0, 0x0, 0x0, 0xc6, 0x6d, 0x7d, 0xd5, 0x0,
    0x2, 0xf2, 0x8, 0xd7, 0x6c, 0x0, 0x9, 0xc0,
    0x6, 0xf2, 0xe, 0x70, 0x4f, 0x30, 0x3f, 0x70,
    0x3, 0xf4, 0x16, 0x0, 0x7, 0x0, 0x0, 0x40,

    /* U+4EE5 "以" */
    0x0, 0x0, 0x0, 0x0, 0x0, 0x1, 0xa0, 0x2,
    0x0, 0xf, 0x20, 0x1f, 0x14, 0xe1, 0x2, 0xf0,
    0x1, 0xf1, 0xa, 0xa0, 0x3e, 0x0, 0x1f, 0x10,
    0x1c, 0x5, 0xd0, 0x1, 0xf1, 0x0, 0x0, 0x99,
    0x0, 0x1f, 0x10, 0x0, 0xe, 0x40, 0x1, 0xf1,
    0x6a, 0x5, 0xf0, 0x0, 0x3f, 0xec, 0x41, 0xef,
    0xa0, 0xa, 0xd5, 0x2, 0xcb, 0x1d, 0x90, 0x20,
    0x6, 0xfa, 0x0, 0x2f, 0x50, 0x0, 0x14, 0x0,
    0x0, 0x30,

    /* U+4F18 "优" */
    0x0, 0x0, 0x0, 0x0, 0x0, 0x0, 0x0, 0x2e,
    0x0, 0xe3, 0x65, 0x0, 0x0, 0x8a, 0x0, 0xe2,
    0x2e, 0x30, 0x0, 0xe4, 0x11, 0xf3, 0x17, 0x40,
    0x9, 0xf7, 0xff, 0xff, 0xff, 0xf3, 0x4f, 0xf0,
    0x1, 0xf0, 0x0, 0x0, 0x49, 0xf0, 0x3, 0xe7,
    0x80, 0x0, 0x1, 0xf0, 0x6, 0xb7, 0x80, 0x0,
    0x1, 0xf0, 0xa, 0x77, 0x80, 0x0, 0x1, 0xf0,
    0x2e, 0x17, 0x80, 0x72, 0x1, 0xf0, 0xc7, 0x7,
    0x90, 0xd3, 0x1, 0xf6, 0x80, 0x4, 0xef, 0xd0,

    /* U+4F1A "会" */
    0x0, 0x0, 0x5, 0x90, 0x0, 0x0, 0x0, 0x0,
    0x4f, 0xe4, 0x0, 0x0, 0x0, 0x8, 0xe4, 0x4e,
    0x80, 0x0, 0x6, 0xef, 0x53, 0x35, 0xef, 0x81,
    0x3d, 0x6a, 0xcc, 0xcc, 0xa4, 0xb2, 0x1, 0x22,
    0x22, 0x22, 0x22, 0x20, 0xd, 0xff, 0xff, 0xff,
    0xff, 0xe0, 0x0, 0x3, 0xf5, 0x4, 0x70, 0x0,
    0x0, 0x2e, 0x60, 0x1, 0xd7, 0x0, 0x3, 0xfe,
    0xbc, 0xde, 0xff, 0x40, 0x2, 0x97, 0x54, 0x31,
    0x5, 0x80,

    /* U+4F46 "但" */
    0x0, 0xa, 0x21, 0x11, 0x11, 0x10, 0x0, 0x6d,
    0x3f, 0xff, 0xff, 0xd0, 0x0, 0xe5, 0x3e, 0x0,
    0x5, 0xd0, 0xb, 0xf1, 0x3e, 0x11, 0x16, 0xd0,
    0x7e, 0xf1, 0x3f, 0xff, 0xff, 0xd0, 0x33, 0xf1,
    0x3e, 0x0, 0x5, 0xd0, 0x0, 0xf1, 0x3e, 0x0,
    0x5, 0xd0, 0x0, 0xf1, 0x3f, 0xff, 0xff, 0xd0,
    0x0, 0xf1, 0x1, 0x11, 0x11, 0x10, 0x0, 0xf4,
    0xcc, 0xcc, 0xcc, 0xc9, 0x0, 0xf2, 0x44, 0x44,
    0x44, 0x43,

    /* U+4F4D "位" */
    0x0, 0x0, 0x0, 0x1, 0x0, 0x0, 0x0, 0xd,
    0x20, 0x2f, 0x0, 0x0, 0x0, 0x6c, 0x0, 0xc,
    0x30, 0x0, 0x0, 0xe5, 0x9f, 0xff, 0xff, 0xe0,
    0xb, 0xf3, 0x14, 0x21, 0x16, 0x20, 0x5e, 0xf3,
    0xb, 0x50, 0xf, 0x20, 0x13, 0xe3, 0x8, 0x80,
    0x2f, 0x0, 0x0, 0xe3, 0x5, 0xb0, 0x5c, 0x0,
    0x0, 0xe3, 0x3, 0xd0, 0x88, 0x0, 0x0, 0xe3,
    0x1, 0x90, 0xc4, 0x0, 0x0, 0xe4, 0xdd, 0xdd,
    0xfd, 0xd5, 0x0, 0xe3, 0x33, 0x33, 0x33, 0x31,

    /* U+4F4E "低" */
    0x0, 0x1, 0x0, 0x0, 0x1, 0x10, 0x0, 0x2f,
    0x12, 0x58, 0xcf, 0xb0, 0x0, 0xa9, 0x4f, 0xb9,
    0xe1, 0x0, 0x2, 0xf2, 0x4c, 0x1, 0xf0, 0x0,
    0xd, 0xf0, 0x4c, 0x0, 0xf0, 0x0, 0x8d, 0xf0,
    0x4f, 0xcc, 0xfc, 0xc7, 0x22, 0xf0, 0x4d, 0x33,
    0xe6, 0x32, 0x0, 0xf0, 0x4c, 0x0, 0xb5, 0x0,
    0x0, 0xf0, 0x4c, 0x0, 0x98, 0x0, 0x0, 0xf0,
    0x4c, 0xb, 0x5d, 0x1a, 0x0, 0xf0, 0x5d, 0x9c,
    0x6e, 0xb9, 0x0, 0xf0, 0xab, 0x64, 0x74, 0xd3,
    0x0, 0x0, 0x0, 0x0, 0x0, 0x0,

    /* U+4F5C "作" */
    0x0, 0x0, 0x0, 0x0, 0x0, 0x0, 0x0, 0xd,
    0x20, 0xc2, 0x0, 0x0, 0x0, 0x6c, 0x5, 0xe1,
    0x11, 0x10, 0x0, 0xd5, 0xc, 0xff, 0xff, 0xf8,
    0x9, 0xf2, 0x6d, 0x2f, 0x0, 0x0, 0x4f, 0xf4,
    0xf4, 0x2f, 0x44, 0x41, 0x36, 0xf2, 0x50, 0x2f,
    0xbb, 0xb2, 0x0, 0xf2, 0x0, 0x2f, 0x0, 0x0,
    0x0, 0xf2, 0x0, 0x2f, 0xff, 0xf6, 0x0, 0xf2,
    0x0, 0x2f, 0x11, 0x10, 0x0, 0xf2, 0x0, 0x2f,
    0x0, 0x0, 0x0, 0xf2, 0x0, 0x2f, 0x0, 0x0,
    0x0, 0x0, 0x0, 0x0, 0x0, 0x0,

    /* U+4F60 "你" */
    0x0, 0x0, 0x0, 0x0, 0x0, 0x0, 0x0, 0x3d,
    0xc, 0x50, 0x0, 0x0, 0x0, 0xb7, 0x1f, 0x10,
    0x0, 0x0, 0x3, 0xf1, 0x7f, 0xff, 0xff, 0xf4,
    0x1e, 0xe1, 0xe5, 0x1e, 0x31, 0xf2, 0x9d, 0xe3,
    0xb0, 0xe, 0x20, 0xb0, 0x33, 0xe0, 0xc, 0x1e,
    0x3d, 0x10, 0x1, 0xe0, 0x3d, 0xe, 0x2a, 0x70,
    0x1, 0xe0, 0x98, 0xe, 0x24, 0xd0, 0x1, 0xe2,
    0xf1, 0xe, 0x20, 0xf2, 0x1, 0xe0, 0x30, 0x1f,
    0x20, 0x30, 0x1, 0xe0, 0x1, 0xfd, 0x0, 0x0,
    0x0, 0x0, 0x0, 0x0, 0x0, 0x0,

    /* U+4FA7 "侧" */
    0x0, 0x10, 0x0, 0x0, 0x0, 0x0, 0x0, 0xc9,
    0xed, 0xde, 0x0, 0x67, 0x1, 0xd6, 0x75, 0x1e,
    0x2b, 0x67, 0x7, 0xb5, 0x7d, 0x1e, 0x2b, 0x67,
    0x1e, 0xb5, 0x7d, 0x1e, 0x2b, 0x67, 0x4c, 0xb5,
    0x7d, 0x1e, 0x2b, 0x67, 0x4, 0xb5, 0x7d, 0x1e,
    0x2b, 0x67, 0x2, 0xb5, 0x7d, 0x1e, 0x2b, 0x67,
    0x2, 0xb5, 0x7e, 0x1e, 0x2b, 0x67, 0x2, 0xb1,
    0x4b, 0x61, 0x2, 0x67, 0x2, 0xb0, 0xb3, 0x98,
    0x0, 0x67, 0x2, 0xb7, 0x70, 0xb, 0x19, 0xe4,
    0x0, 0x0, 0x0, 0x0, 0x0, 0x0,

    /* U+4FDD "保" */
    0x0, 0x5, 0x10, 0x0, 0x0, 0x0, 0x0, 0x2f,
    0x4f, 0xff, 0xff, 0xe0, 0x0, 0xa9, 0x2d, 0x0,
    0x2, 0xe0, 0x3, 0xf2, 0x2d, 0x0, 0x2, 0xe0,
    0x1e, 0xf1, 0x2f, 0xcc, 0xcd, 0xe0, 0x8c, 0xf1,
    0x2, 0x2e, 0x52, 0x20, 0x33, 0xf1, 0x11, 0x1e,
    0x41, 0x10, 0x0, 0xf3, 0xee, 0xff, 0xfe, 0xe8,
    0x0, 0xf1, 0x1, 0xdf, 0xf5, 0x0, 0x0, 0xf1,
    0x1c, 0x7e, 0x6e, 0x40, 0x0, 0xf5, 0xe9, 0xe,
    0x34, 0xf7, 0x0, 0xf2, 0x40, 0xe, 0x30, 0x23,
    0x0, 0x0, 0x0, 0x0, 0x0, 0x0,

    /* U+4FE1 "信" */
    0x0, 0x48, 0x0, 0x5a, 0x0, 0x0, 0x0, 0xb7,
    0x0, 0x1e, 0x20, 0x0, 0x2, 0xf6, 0xee, 0xee,
    0xee, 0xe8, 0xb, 0xf0, 0x12, 0x22, 0x22, 0x20,
    0x5e, 0xf0, 0x6b, 0xbb, 0xbb, 0x70, 0x24, 0xf0,
    0x58, 0x88, 0x88, 0x60, 0x0, 0xf0, 0x23, 0x33,
    0x33, 0x20, 0x0, 0xf0, 0xbe, 0xee, 0xee, 0xc0,
    0x0, 0xf0, 0xc2, 0x0, 0x2, 0xc0, 0x0, 0xf0,
    0xc5, 0x22, 0x25, 0xc0, 0x0, 0xf0, 0xbc, 0xbb,
    0xbb, 0xc0,

    /* U+5019 "候" */
    0x0, 0x14, 0x0, 0x0, 0x0, 0x0, 0x0, 0x7a,
    0x4, 0xee, 0xef, 0x60, 0x0, 0xd6, 0x0, 0x0,
    0xb, 0x50, 0x2, 0xf3, 0x32, 0x22, 0x2d, 0x51,
    0xa, 0xe4, 0xab, 0xdc, 0xcc, 0xc6, 0x3f, 0xe4,
    0xa0, 0xe4, 0x11, 0x10, 0x3b, 0xe4, 0xa6, 0xed,
    0xfc, 0xc0, 0x2, 0xe4, 0xab, 0x24, 0xc0, 0x0,
    0x2, 0xe4, 0xab, 0xdd, 0xfd, 0xd7, 0x2, 0xe3,
    0x91, 0x2b, 0xf5, 0x11, 0x2, 0xe0, 0x1, 0x9c,
    0x5e, 0x60, 0x2, 0xe0, 0x1d, 0x80, 0x3, 0xb6,
    0x0, 0x0, 0x0, 0x0, 0x0, 0x0,

    /* U+5047 "假" */
    0x0, 0x32, 0x0, 0x0, 0x0, 0x0, 0x0, 0xa8,
    0xfe, 0xf5, 0xff, 0xf1, 0x0, 0xf3, 0xd0, 0xd1,
    0x0, 0xe1, 0x5, 0xe1, 0xd0, 0xd1, 0x0, 0xe1,
    0xd, 0xe1, 0xfe, 0xf5, 0xff, 0xf1, 0x4f, 0xe1,
    0xe0, 0x1, 0x22, 0x20, 0x5, 0xe1, 0xfc, 0xa9,
    0xec, 0xf2, 0x2, 0xe1, 0xe2, 0x14, 0xa2, 0xe0,
    0x2, 0xe1, 0xe2, 0x20, 0xd9, 0x90, 0x2, 0xe1,
    0xfc, 0xc0, 0x8f, 0x20, 0x2, 0xe1, 0xd0, 0x5,
    0xdd, 0xa1, 0x2, 0xe1, 0xd0, 0x89, 0x10, 0x87,
    0x0, 0x0, 0x0, 0x0, 0x0, 0x0,

    /* U+504F "偏" */
    0x0, 0x0, 0x0, 0x1, 0x0, 0x0, 0x0, 0x2e,
    0x0, 0x1f, 0x10, 0x0, 0x0, 0xa9, 0xce, 0xef,
    0xfe, 0xd0, 0x2, 0xf2, 0xd2, 0x0, 0x2, 0xe0,
    0xc, 0xf0, 0xeb, 0xaa, 0xab, 0xe0, 0x7e, 0xf0,
    0xe5, 0x44, 0x44, 0x40, 0x33, 0xf0, 0xfd, 0xef,
    0xee, 0xf1, 0x0, 0xf1, 0xfc, 0x2b, 0x55, 0xc1,
    0x0, 0xf3, 0xec, 0xdf, 0xee, 0xf1, 0x0, 0xf6,
    0xac, 0x3b, 0x66, 0xc1, 0x0, 0xf9, 0x6c, 0x2b,
    0x55, 0xc1, 0x0, 0xf7, 0x2c, 0x27, 0x39, 0xc0,

    /* U+505A "做" */
    0x0, 0x0, 0x0, 0x0, 0x10, 0x0, 0x0, 0x7a,
    0x1d, 0x0, 0xe2, 0x0, 0x0, 0xd5, 0x1d, 0x1,
    0xf0, 0x0, 0x4, 0xf8, 0xff, 0xfa, 0xfe, 0xe7,
    0xe, 0xe0, 0x2d, 0x1c, 0x81, 0xd0, 0x7d, 0xe0,
    0x1d, 0x3f, 0xb4, 0xb0, 0x23, 0xe4, 0xef, 0xe5,
    0xe7, 0x80, 0x1, 0xe4, 0x90, 0xe1, 0xbe, 0x40,
    0x1, 0xe4, 0x90, 0xe1, 0x7e, 0x0, 0x1, 0xe4,
    0xa1, 0xe1, 0xbe, 0x10, 0x1, 0xe4, 0xfd, 0xec,
    0xc9, 0xc1, 0x1, 0xe1, 0x20, 0x4a, 0x0, 0x84,

    /* U+505C "停" */
    0x0, 0x0, 0x0, 0x0, 0x0, 0x0, 0x0, 0x2c,
    0x0, 0xe, 0x10, 0x0, 0x0, 0x99, 0xee, 0xee,
    0xee, 0xe6, 0x1, 0xf2, 0x18, 0x88, 0x88, 0x40,
    0xb, 0xe0, 0x2d, 0x33, 0x3a, 0x80, 0x6f, 0xe0,
    0x2c, 0xcc, 0xcc, 0x60, 0x15, 0xe1, 0x88, 0x88,
    0x88, 0x84, 0x1, 0xe3, 0xd5, 0x55, 0x55, 0xa7,
    0x1, 0xe1, 0x6e, 0xee, 0xee, 0x83, 0x1, 0xe0,
    0x0, 0xe, 0x30, 0x0, 0x1, 0xe0, 0x0, 0xe,
    0x30, 0x0, 0x1, 0xe0, 0x6, 0xec, 0x10, 0x0,

    /* U+5148 "先" */
    0x0, 0x1a, 0x6, 0xb0, 0x0, 0x0, 0x0, 0x6e,
    0x17, 0xc1, 0x11, 0x0, 0x0, 0xcf, 0xff, 0xff,
    0xff, 0x80, 0x5, 0xe1, 0x6, 0xb0, 0x0, 0x0,
    0x3, 0x40, 0x6, 0xb0, 0x0, 0x0, 0x1f, 0xff,
    0xff, 0xff, 0xff, 0xf6, 0x0, 0x3, 0xf1, 0xe,
    0x40, 0x0, 0x0, 0x6, 0xc0, 0xe, 0x30, 0x0,
    0x0, 0xd, 0x70, 0xe, 0x30, 0x64, 0x1, 0xbc,
    0x0, 0xe, 0x40, 0xa7, 0xe, 0xa1, 0x0, 0x9,
    0xff, 0xe2, 0x1, 0x0, 0x0, 0x0, 0x0, 0x0,

    /* U+5149 "光" */
    0x0, 0x50, 0x5, 0xb0, 0x4, 0x30, 0x0, 0xc7,
    0x5, 0xb0, 0xe, 0x50, 0x0, 0x4e, 0x5, 0xb0,
    0x6c, 0x0, 0x0, 0x7, 0x5, 0xb0, 0x52, 0x0,
    0x1d, 0xdd, 0xde, 0xfd, 0xdd, 0xd7, 0x3, 0x34,
    0xf5, 0x3e, 0x73, 0x32, 0x0, 0x3, 0xf0, 0xd,
    0x40, 0x0, 0x0, 0x7, 0xc0, 0xd, 0x40, 0x0,
    0x0, 0x1e, 0x60, 0xd, 0x40, 0x58, 0x5, 0xda,
    0x0, 0xd, 0x50, 0x79, 0x1d, 0x60, 0x0, 0x8,
    0xff, 0xf3, 0x0, 0x0, 0x0, 0x0, 0x0, 0x0,

    /* U+514B "克" */
    0x0, 0x0, 0x9, 0x80, 0x0, 0x0, 0x1f, 0xff,
    0xff, 0xff, 0xff, 0xf2, 0x0, 0x0, 0x9, 0x80,
    0x0, 0x0, 0x0, 0xce, 0xef, 0xfe, 0xed, 0x0,
    0x0, 0xd4, 0x0, 0x0, 0x4e, 0x0, 0x0, 0xd4,
    0x0, 0x0, 0x4e, 0x0, 0x0, 0xcf, 0xff, 0xff,
    0xfe, 0x0, 0x0, 0x3, 0xf0, 0x4d, 0x0, 0x0,
    0x0, 0xa, 0xb0, 0x4d, 0x0, 0x63, 0x2, 0xae,
    0x20, 0x4d, 0x11, 0xb6, 0x3f, 0xa2, 0x0, 0x1e,
    0xff, 0xe1, 0x0, 0x0, 0x0, 0x0, 0x0, 0x0,

    /* U+5165 "入" */
    0x0, 0x2, 0x80, 0x0, 0x0, 0x0, 0x0, 0x3,
    0xe9, 0x0, 0x0, 0x0, 0x0, 0x0, 0x3e, 0x60,
    0x0, 0x0, 0x0, 0x0, 0xd, 0xe0, 0x0, 0x0,
    0x0, 0x0, 0x2f, 0xd8, 0x0, 0x0, 0x0, 0x0,
    0x7d, 0x3f, 0x20, 0x0, 0x0, 0x1, 0xf6, 0xa,
    0xb0, 0x0, 0x0, 0xa, 0xd0, 0x2, 0xf5, 0x0,
    0x0, 0x8f, 0x30, 0x0, 0x7f, 0x40, 0x1b, 0xf4,
    0x0, 0x0, 0xa, 0xf5, 0x1a, 0x20, 0x0, 0x0,
    0x0, 0x62,

    /* U+5168 "全" */
    0x0, 0x0, 0x2, 0x10, 0x0, 0x0, 0x0, 0x0,
    0xd, 0xd0, 0x0, 0x0, 0x0, 0x0, 0xca, 0xac,
    0x10, 0x0, 0x0, 0x3d, 0xa0, 0xa, 0xd3, 0x0,
    0x1a, 0xf7, 0x0, 0x0, 0x6f, 0x91, 0x5c, 0xce,
    0xee, 0xee, 0xec, 0xc6, 0x0, 0x0, 0x9, 0x90,
    0x0, 0x0, 0x0, 0x0, 0x9, 0x90, 0x0, 0x0,
    0x0, 0x7e, 0xef, 0xfe, 0xe9, 0x0, 0x0, 0x0,
    0x9, 0x90, 0x0, 0x0, 0x0, 0x0, 0x9, 0x90,
    0x0, 0x0, 0xf, 0xff, 0xff, 0xff, 0xff, 0xf1,

    /* U+516C "公" */
    0x0, 0x5, 0x70, 0x8, 0x40, 0x0, 0x0, 0xe,
    0x70, 0x7, 0xe0, 0x0, 0x0, 0x7e, 0x0, 0x0,
    0xc9, 0x0, 0x4, 0xf5, 0x4, 0x10, 0x2f, 0x80,
    0x2f, 0x80, 0x2f, 0x60, 0x4, 0xf4, 0x4, 0x0,
    0xac, 0x0, 0x0, 0x30, 0x0, 0x3, 0xf3, 0x5,
    0x60, 0x0, 0x0, 0x1d, 0x70, 0x3, 0xf3, 0x0,
    0x0, 0xbc, 0x34, 0x56, 0xde, 0x0, 0x5, 0xff,
    0xed, 0xcb, 0x9d, 0x90, 0x0, 0x20, 0x0, 0x0,
    0x4, 0x90,

    /* U+5171 "共" */
    0x0, 0x7, 0xa0, 0x3, 0xe0, 0x0, 0x0, 0x7,
    0xa0, 0x3, 0xe0, 0x0, 0x9, 0xde, 0xfd, 0xde,
    0xfd, 0xd3, 0x2, 0x39, 0xb3, 0x36, 0xf3, 0x30,
    0x0, 0x7, 0xa0, 0x3, 0xe0, 0x0, 0x0, 0x7,
    0xa0, 0x3, 0xe0, 0x0, 0x2f, 0xff, 0xff, 0xff,
    0xff, 0xf9, 0x1, 0x12, 0x31, 0x12, 0x31, 0x11,
    0x0, 0xb, 0xc0, 0x6, 0xe5, 0x0, 0x3, 0xdc,
    0x10, 0x0, 0x4f, 0x80, 0x9, 0x80, 0x0, 0x0,
    0x3, 0xc2,

    /* U+5173 "关" */
    0x0, 0x0, 0x0, 0x0, 0x10, 0x0, 0x0, 0x2e,
    0x10, 0x0, 0xe5, 0x0, 0x0, 0xa, 0x90, 0x8,
    0xc0, 0x0, 0x5, 0xcd, 0xdc, 0xcf, 0xec, 0x70,
    0x1, 0x44, 0x4b, 0xc4, 0x44, 0x20, 0x0, 0x0,
    0x9, 0xb0, 0x0, 0x0, 0x1c, 0xcc, 0xce, 0xec,
    0xcc, 0xc2, 0x4, 0x44, 0x5f, 0xf7, 0x44, 0x41,
    0x0, 0x0, 0x9e, 0x9e, 0x20, 0x0, 0x0, 0x1a,
    0xf4, 0x9, 0xd5, 0x0, 0x2a, 0xfc, 0x30, 0x0,
    0x8f, 0xe3, 0x8, 0x40, 0x0, 0x0, 0x1, 0x70,

    /* U+5185 "内" */
    0x0, 0x0, 0xc6, 0x0, 0x0, 0x0, 0x0, 0xc6,
    0x0, 0x0, 0xef, 0xff, 0xff, 0xff, 0xf7, 0xe3,
    0x0, 0xd5, 0x0, 0x97, 0xe2, 0x0, 0xf5, 0x0,
    0x97, 0xe2, 0x6, 0xee, 0x30, 0x97, 0xe2, 0x2e,
    0x45, 0xe3, 0x97, 0xe7, 0xe7, 0x0, 0x6e, 0xa7,
    0xe4, 0x40, 0x0, 0x3, 0x97, 0xe2, 0x0, 0x0,
    0x11, 0xb7, 0xe2, 0x0, 0x0, 0x6f, 0xd3,

    /* U+518D "再" */
    0xd, 0xff, 0xff, 0xff, 0xff, 0xf4, 0x0, 0x0,
    0x6, 0xb0, 0x0, 0x0, 0x0, 0x11, 0x17, 0xc1,
    0x11, 0x0, 0x0, 0xee, 0xde, 0xfd, 0xdf, 0x50,
    0x0, 0xe2, 0x6, 0xb0, 0xc, 0x50, 0x0, 0xef,
    0xff, 0xff, 0xff, 0x50, 0x0, 0xe2, 0x6, 0xb0,
    0xc, 0x50, 0x4f, 0xff, 0xff, 0xff, 0xff, 0xfb,
    0x1, 0xe4, 0x11, 0x11, 0x1c, 0x60, 0x0, 0xe2,
    0x0, 0x0, 0xd, 0x50, 0x0, 0xe2, 0x0, 0x8,
    0xfd, 0x10,

    /* U+51B3 "决" */
    0x5, 0x0, 0x0, 0x5d, 0x0, 0x0, 0xc, 0x80,
    0x11, 0x6d, 0x11, 0x0, 0x1, 0xf4, 0xaf, 0xff,
    0xff, 0x80, 0x0, 0x30, 0x0, 0x5d, 0x8, 0x80,
    0x0, 0x0, 0x0, 0x5d, 0x8, 0x80, 0x0, 0x21,
    0xdd, 0xef, 0xdf, 0xf9, 0x0, 0xc5, 0x22, 0xcf,
    0xb2, 0x22, 0x4, 0xe0, 0x2, 0xf4, 0xf3, 0x0,
    0xc, 0x60, 0x1d, 0x90, 0x8d, 0x20, 0x2d, 0x4,
    0xeb, 0x0, 0x9, 0xf6, 0x0, 0x3, 0x60, 0x0,
    0x0, 0x43,

    /* U+51B7 "冷" */
    0x0, 0x0, 0x0, 0x2, 0x0, 0x0, 0x28, 0x0,
    0x0, 0x8f, 0x10, 0x0, 0xe, 0x60, 0x3, 0xfb,
    0xb0, 0x0, 0x5, 0xe0, 0x3e, 0x70, 0xca, 0x0,
    0x0, 0x36, 0xf8, 0x68, 0x1c, 0xd2, 0x0, 0x8,
    0x50, 0x1c, 0x10, 0x91, 0x0, 0x40, 0x8b, 0xbc,
    0xbc, 0x40, 0x2, 0xf0, 0x34, 0x44, 0x8f, 0x20,
    0x9, 0xa0, 0x2, 0x3, 0xf5, 0x0, 0x1f, 0x30,
    0x8, 0xee, 0x60, 0x0, 0x5c, 0x0, 0x0, 0x4e,
    0x80, 0x0, 0x0, 0x0, 0x0, 0x2, 0x70, 0x0,

    /* U+5206 "分" */
    0x0, 0x0, 0x0, 0x0, 0x0, 0x0, 0x0, 0x6,
    0xd0, 0x8, 0x90, 0x0, 0x0, 0xe, 0x70, 0x2,
    0xf4, 0x0, 0x0, 0x8e, 0x0, 0x0, 0x7d, 0x10,
    0x7, 0xf3, 0x0, 0x0, 0xb, 0xd1, 0x1f, 0xdd,
    0xdd, 0xdd, 0xdc, 0xd5, 0x1, 0x23, 0xab, 0x33,
    0x8d, 0x0, 0x0, 0x0, 0xb7, 0x0, 0x6c, 0x0,
    0x0, 0x1, 0xf2, 0x0, 0x7b, 0x0, 0x0, 0xa,
    0xb0, 0x0, 0x99, 0x0, 0x2, 0xbe, 0x10, 0x11,
    0xc7, 0x0, 0xd, 0xa1, 0x0, 0xdf, 0xc1, 0x0,
    0x0, 0x0, 0x0, 0x0, 0x0, 0x0,

    /* U+5207 "切" */
    0x2, 0xe0, 0x1, 0x11, 0x11, 0x10, 0x2, 0xe0,
    0xf, 0xff, 0xff, 0xf3, 0x2, 0xe0, 0x30, 0x3e,
    0x0, 0xe3, 0x39, 0xff, 0xd2, 0x4d, 0x0, 0xe3,
    0x59, 0xe1, 0x0, 0x5c, 0x0, 0xf2, 0x2, 0xe0,
    0x0, 0x7a, 0x0, 0xf1, 0x2, 0xe0, 0x10, 0xa7,
    0x0, 0xf1, 0x3, 0xfa, 0xf3, 0xf3, 0x2, 0xf0,
    0x8, 0xf8, 0x17, 0xc0, 0x3, 0xe0, 0x2, 0x10,
    0x6f, 0x41, 0x18, 0xc0, 0x0, 0x1, 0xd4, 0x5,
    0xfe, 0x50, 0x0, 0x0, 0x0, 0x0, 0x0, 0x0,

    /* U+5217 "列" */
    0x2f, 0xff, 0xff, 0xe0, 0x0, 0xe2, 0x0, 0x99,
    0x0, 0x4, 0x80, 0xe2, 0x0, 0xd8, 0x33, 0x15,
    0xb0, 0xe2, 0x2, 0xfe, 0xef, 0x85, 0xb0, 0xe2,
    0xa, 0x90, 0xc, 0x45, 0xb0, 0xe2, 0x2f, 0x42,
    0x1f, 0x15, 0xb0, 0xe2, 0x4, 0x7e, 0xab, 0x5,
    0xb0, 0xe2, 0x0, 0x8, 0xf3, 0x5, 0xb0, 0xe2,
    0x0, 0xb, 0xa0, 0x0, 0x0, 0xe2, 0x2, 0xbc,
    0x0, 0x0, 0x1, 0xf2, 0xb, 0x90, 0x0, 0x0,
    0x7f, 0xc0, 0x0, 0x0, 0x0, 0x0, 0x0, 0x0,

    /* U+5230 "到" */
    0x2f, 0xff, 0xff, 0xf0, 0x1, 0xf0, 0xa, 0x83,
    0x60, 0x69, 0x1f, 0x3, 0xe0, 0x1e, 0x26, 0x91,
    0xf0, 0xcf, 0xef, 0xfb, 0x69, 0x1f, 0x3, 0x46,
    0x30, 0x56, 0x91, 0xf0, 0x11, 0x98, 0x11, 0x69,
    0x1f, 0xd, 0xff, 0xff, 0xb6, 0x91, 0xf0, 0x0,
    0x97, 0x0, 0x69, 0x1f, 0x0, 0x9, 0x95, 0x81,
    0x11, 0xf1, 0x8b, 0xff, 0xc9, 0x0, 0x3f, 0x19,
    0x63, 0x0, 0x0, 0xbf, 0xa0, 0x0, 0x0, 0x0,
    0x0, 0x0,

    /* U+5236 "制" */
    0x7, 0x4b, 0x40, 0x0, 0x1, 0xe0, 0xe9, 0xd9,
    0x63, 0x2d, 0x1f, 0x4e, 0x9e, 0xb9, 0x52, 0xd1,
    0xf7, 0xa4, 0xd8, 0x44, 0x3d, 0x1f, 0x6b, 0xbe,
    0xcb, 0xb3, 0xd1, 0xf0, 0x33, 0xc7, 0x32, 0x2d,
    0x1f, 0xf, 0xcf, 0xdd, 0xb2, 0xd1, 0xf0, 0xf0,
    0xb4, 0x4b, 0x18, 0x1f, 0xf, 0xb, 0x44, 0xb0,
    0x1, 0xf0, 0xf0, 0xb8, 0xe8, 0x1, 0x3f, 0x0,
    0xb, 0x50, 0x0, 0xaf, 0xa0,

    /* U+5237 "刷" */
    0xe, 0xff, 0xff, 0xd0, 0x1, 0xe0, 0xe1, 0x0,
    0x3d, 0x57, 0x1e, 0xe, 0xa9, 0x9b, 0xd6, 0x91,
    0xe0, 0xe8, 0x8f, 0x76, 0x69, 0x1e, 0xe, 0x44,
    0xf4, 0x36, 0x91, 0xe0, 0xfd, 0xcf, 0xce, 0x69,
    0x1e, 0xf, 0xc1, 0xe0, 0xe6, 0x91, 0xe1, 0xec,
    0x1e, 0xe, 0x69, 0x1e, 0x5c, 0xc1, 0xe1, 0xe0,
    0x1, 0xe9, 0x8b, 0x1e, 0x97, 0x1, 0x4e, 0x52,
    0x0, 0xe0, 0x0, 0xaf, 0x90,

    /* U+523B "刻" */
    0x0, 0x1, 0x0, 0x0, 0x0, 0x0, 0x0, 0xe3,
    0x0, 0x0, 0x1f, 0x49, 0x9d, 0xd9, 0x93, 0x91,
    0xf3, 0x6b, 0xd6, 0x66, 0x4d, 0x1f, 0x3, 0xe2,
    0x1c, 0x13, 0xd1, 0xf1, 0xfd, 0xbd, 0x70, 0x3d,
    0x1f, 0x5, 0x4b, 0xb2, 0x83, 0xd1, 0xf0, 0x1b,
    0xc1, 0xc7, 0x3d, 0x1f, 0x2f, 0x80, 0xab, 0x3,
    0xc1, 0xf0, 0x22, 0xbe, 0xc1, 0x0, 0x1f, 0x8,
    0xf7, 0x9, 0xd0, 0x3, 0xf3, 0xc2, 0x0, 0x5,
    0xc, 0xfa, 0x0, 0x0, 0x0, 0x0, 0x0, 0x0,

    /* U+524D "前" */
    0x0, 0x2c, 0x10, 0x0, 0x88, 0x0, 0x1, 0x1b,
    0x91, 0x12, 0xf4, 0x10, 0x1f, 0xff, 0xff, 0xff,
    0xff, 0xf8, 0x1, 0x22, 0x22, 0x0, 0x1, 0x50,
    0x6, 0xec, 0xcf, 0x1a, 0x54, 0xd0, 0x6, 0xb3,
    0x3f, 0x1a, 0x54, 0xd0, 0x6, 0xd9, 0x9f, 0x1a,
    0x54, 0xd0, 0x6, 0xc5, 0x5f, 0x1a, 0x54, 0xd0,
    0x6, 0xc7, 0x7f, 0x18, 0x54, 0xd0, 0x6, 0x90,
    0xf, 0x10, 0x4, 0xd0, 0x6, 0x93, 0xec, 0x0,
    0xdf, 0x80, 0x0, 0x0, 0x0, 0x0, 0x0, 0x0,

    /* U+529F "功" */
    0x0, 0x0, 0x0, 0x3e, 0x0, 0x0, 0x6a, 0xaa,
    0x80, 0x3e, 0x0, 0x0, 0x58, 0xf9, 0x73, 0x5e,
    0x33, 0x30, 0x0, 0xe2, 0xd, 0xef, 0xdd, 0xf0,
    0x0, 0xe2, 0x0, 0x5c, 0x1, 0xf0, 0x0, 0xe2,
    0x0, 0x7a, 0x2, 0xe0, 0x0, 0xe3, 0x30, 0xa7,
    0x3, 0xe0, 0x26, 0xff, 0xe1, 0xf2, 0x4, 0xd0,
    0x9b, 0x72, 0x9, 0xc0, 0x6, 0xb0, 0x0, 0x0,
    0x8f, 0x21, 0x1a, 0x90, 0x0, 0x3, 0xd3, 0x9,
    0xfe, 0x20, 0x0, 0x0, 0x0, 0x0, 0x0, 0x0,

    /* U+52A8 "动" */
    0x0, 0x0, 0x0, 0x5, 0xc0, 0x0, 0xd, 0xee,
    0xea, 0x5, 0xc0, 0x0, 0x0, 0x0, 0x0, 0x38,
    0xd4, 0x41, 0x1, 0x11, 0x11, 0xde, 0xfe, 0xf4,
    0x4e, 0xff, 0xed, 0x7, 0x90, 0xd4, 0x0, 0xe3,
    0x0, 0x9, 0x70, 0xd3, 0x2, 0xd0, 0xb4, 0xc,
    0x40, 0xe2, 0x8, 0x80, 0x7b, 0xe, 0x20, 0xf1,
    0x1e, 0xdf, 0xcf, 0x6d, 0x0, 0xf0, 0x9, 0x50,
    0x4, 0xd7, 0x15, 0xe0, 0x0, 0x0, 0x4, 0xc1,
    0xff, 0x70, 0x0, 0x0, 0x0, 0x0, 0x0, 0x0,

    /* U+533A "区" */
    0xef, 0xff, 0xff, 0xff, 0xff, 0xe, 0x31, 0x11,
    0x11, 0x32, 0x10, 0xe2, 0x86, 0x0, 0x1e, 0x50,
    0xe, 0x23, 0xe7, 0xa, 0xb0, 0x0, 0xe2, 0x2,
    0xeb, 0xe1, 0x0, 0xe, 0x20, 0x6, 0xfb, 0x0,
    0x0, 0xe2, 0x4, 0xf7, 0xe9, 0x0, 0xe, 0x38,
    0xf6, 0x2, 0xe8, 0x0, 0xe3, 0xb4, 0x0, 0x4,
    0x90, 0xe, 0x63, 0x33, 0x33, 0x33, 0x31, 0xbc,
    0xcc, 0xcc, 0xcc, 0xcc, 0x40,

    /* U+5355 "单" */
    0x0, 0xb, 0x50, 0x0, 0xa7, 0x0, 0x0, 0x4,
    0xe0, 0x4, 0xe1, 0x0, 0x0, 0xfe, 0xef, 0xfe,
    0xef, 0x90, 0x0, 0xf1, 0x5, 0xc0, 0x8, 0x90,
    0x0, 0xfe, 0xde, 0xfd, 0xdf, 0x90, 0x0, 0xf1,
    0x5, 0xc0, 0x8, 0x90, 0x0, 0xee, 0xef, 0xfe,
    0xee, 0x80, 0x1, 0x11, 0x16, 0xc1, 0x11, 0x10,
    0x1f, 0xff, 0xff, 0xff, 0xff, 0xf8, 0x0, 0x0,
    0x5, 0xc0, 0x0, 0x0, 0x0, 0x0, 0x5, 0xc0,
    0x0, 0x0,

    /* U+5360 "占" */
    0x0, 0x0, 0xe3, 0x0, 0x0, 0x0, 0x0, 0xe3,
    0x0, 0x0, 0x0, 0x0, 0xef, 0xff, 0xfe, 0x0,
    0x0, 0xe4, 0x11, 0x11, 0x0, 0x0, 0xe3, 0x0,
    0x0, 0x2d, 0xdd, 0xfe, 0xdd, 0xd3, 0x2e, 0x22,
    0x22, 0x22, 0xe3, 0x2e, 0x0, 0x0, 0x0, 0xe3,
    0x2e, 0x0, 0x0, 0x0, 0xe3, 0x2f, 0xff, 0xff,
    0xff, 0xf3, 0x2e, 0x11, 0x11, 0x11, 0xd3,

    /* U+5361 "卡" */
    0x0, 0x0, 0xc, 0x60, 0x0, 0x0, 0x0, 0x0,
    0xc, 0x84, 0x44, 0x0, 0x0, 0x0, 0xc, 0xec,
    0xcc, 0x20, 0x0, 0x0, 0xc, 0x60, 0x0, 0x0,
    0x1f, 0xff, 0xff, 0xff, 0xff, 0xf8, 0x2, 0x22,
    0x2c, 0x82, 0x22, 0x21, 0x0, 0x0, 0xb, 0x97,
    0x10, 0x0, 0x0, 0x0, 0xb, 0xab, 0xf9, 0x20,
    0x0, 0x0, 0xb, 0x60, 0x3b, 0x90, 0x0, 0x0,
    0xb, 0x60, 0x0, 0x0, 0x0, 0x0, 0xb, 0x60,
    0x0, 0x0,

    /* U+538B "压" */
    0xd, 0xff, 0xff, 0xff, 0xff, 0xf3, 0xd, 0x41,
    0x11, 0x21, 0x11, 0x10, 0xd, 0x30, 0x0, 0xe3,
    0x0, 0x0, 0xd, 0x30, 0x0, 0xe3, 0x0, 0x0,
    0xd, 0x34, 0x44, 0xf6, 0x44, 0x20, 0xe, 0x3c,
    0xcc, 0xfd, 0xcc, 0x80, 0xf, 0x10, 0x0, 0xe3,
    0x61, 0x0, 0x1f, 0x0, 0x0, 0xe3, 0x5d, 0x20,
    0x4c, 0x0, 0x0, 0xe3, 0x4, 0x0, 0x98, 0xac,
    0xcc, 0xfd, 0xcc, 0xc2, 0x52, 0x33, 0x33, 0x33,
    0x33, 0x30,

    /* U+53CA "及" */
    0xe, 0xff, 0xff, 0xff, 0x60, 0x0, 0x2, 0x2e,
    0x52, 0x2f, 0x30, 0x0, 0x0, 0xf, 0x70, 0x2f,
    0x0, 0x0, 0x0, 0xf, 0xd0, 0x6f, 0xcd, 0x80,
    0x0, 0x1f, 0xf3, 0x23, 0x3c, 0x70, 0x0, 0x4f,
    0x8b, 0x0, 0x2f, 0x10, 0x0, 0xab, 0x1e, 0x80,
    0xb9, 0x0, 0x1, 0xf5, 0x4, 0xfb, 0xd0, 0x0,
    0xb, 0xd0, 0x2, 0xdf, 0xb1, 0x0, 0x6f, 0x33,
    0xaf, 0x93, 0xbf, 0xb3, 0x4, 0x3, 0x82, 0x0,
    0x3, 0x70,

    /* U+53D1 "发" */
    0x0, 0x35, 0x9, 0x60, 0x72, 0x0, 0x0, 0xb7,
    0xd, 0x60, 0x5e, 0x10, 0x3, 0xf5, 0x3f, 0x63,
    0x38, 0x30, 0x7, 0xed, 0xef, 0xdd, 0xdd, 0xd2,
    0x0, 0x0, 0xbb, 0x11, 0x11, 0x0, 0x0, 0x3,
    0xff, 0xff, 0xff, 0x10, 0x0, 0xc, 0xfc, 0x0,
    0xba, 0x0, 0x0, 0x7e, 0x2c, 0x97, 0xe2, 0x0,
    0x8, 0xf4, 0x1, 0xff, 0x40, 0x0, 0x5d, 0x21,
    0x6e, 0xcb, 0xe8, 0x30, 0x0, 0xc, 0xb5, 0x0,
    0x4a, 0xe4, 0x0, 0x0, 0x0, 0x0, 0x0, 0x0,

    /* U+53D8 "变" */
    0x0, 0x0, 0x1, 0x0, 0x0, 0x0, 0x0, 0x0,
    0xa, 0x90, 0x0, 0x0, 0x2e, 0xee, 0xef, 0xfe,
    0xee, 0xe2, 0x0, 0x53, 0xf3, 0x3f, 0x33, 0x0,
    0x2, 0xe2, 0xf2, 0x2f, 0x5e, 0x20, 0xc, 0x60,
    0xf2, 0x2f, 0x5, 0xc0, 0x0, 0x0, 0x82, 0x28,
    0x0, 0x0, 0x6, 0xff, 0xee, 0xee, 0xfb, 0x0,
    0x0, 0x1c, 0x60, 0x5, 0xe2, 0x0, 0x0, 0x0,
    0xba, 0xad, 0x20, 0x0, 0x2, 0x59, 0xde, 0xec,
    0x74, 0x10, 0x2e, 0xc8, 0x30, 0x4, 0x9c, 0xe2,
    0x0, 0x0, 0x0, 0x0, 0x0, 0x0,

    /* U+53E3 "口" */
    0x4f, 0xff, 0xff, 0xff, 0xfe, 0x4d, 0x22, 0x22,
    0x22, 0x6e, 0x4d, 0x0, 0x0, 0x0, 0x4e, 0x4d,
    0x0, 0x0, 0x0, 0x4e, 0x4d, 0x0, 0x0, 0x0,
    0x4e, 0x4d, 0x0, 0x0, 0x0, 0x4e, 0x4d, 0x0,
    0x0, 0x0, 0x4e, 0x4e, 0x33, 0x33, 0x33, 0x7e,
    0x4f, 0xee, 0xee, 0xee, 0xee, 0x4d, 0x0, 0x0,
    0x0, 0x4e,

    /* U+53EA "只" */
    0x0, 0x11, 0x11, 0x11, 0x11, 0x0, 0x1, 0xff,
    0xff, 0xff, 0xff, 0x20, 0x1, 0xf0, 0x0, 0x0,
    0xf, 0x20, 0x1, 0xf0, 0x0, 0x0, 0xf, 0x20,
    0x1, 0xf0, 0x0, 0x0, 0xf, 0x20, 0x1, 0xff,
    0xff, 0xff, 0xff, 0x20, 0x0, 0x11, 0x11, 0x11,
    0x11, 0x0, 0x0, 0x6, 0xa0, 0x9, 0x80, 0x0,
    0x0, 0x6f, 0x40, 0x2, 0xda, 0x0, 0xa, 0xe4,
    0x0, 0x0, 0x1d, 0xb0, 0x8, 0x10, 0x0, 0x0,
    0x1, 0x70,

    /* U+53EF "可" */
    0x2, 0x22, 0x22, 0x22, 0x22, 0x21, 0x1f, 0xff,
    0xff, 0xff, 0xff, 0xf8, 0x0, 0x0, 0x0, 0x0,
    0xf, 0x20, 0x0, 0xbc, 0xcc, 0xc0, 0xf, 0x20,
    0x0, 0xe6, 0x45, 0xf0, 0xf, 0x20, 0x0, 0xe2,
    0x1, 0xf0, 0xf, 0x20, 0x0, 0xe3, 0x12, 0xf0,
    0xf, 0x20, 0x0, 0xef, 0xff, 0xf0, 0xf, 0x20,
    0x0, 0x91, 0x0, 0x0, 0xf, 0x20, 0x0, 0x0,
    0x0, 0x12, 0x4f, 0x10, 0x0, 0x0, 0x0, 0x4f,
    0xfb, 0x0,

    /* U+53F0 "台" */
    0x0, 0x7, 0x90, 0x0, 0x0, 0x0, 0x4, 0xf3,
    0x4, 0x20, 0x0, 0x2, 0xe5, 0x0, 0x5e, 0x30,
    0x2, 0xe9, 0x34, 0x45, 0xbe, 0x20, 0xaf, 0xed,
    0xcb, 0xaa, 0xbd, 0x0, 0x11, 0x11, 0x11, 0x11,
    0x30, 0xe, 0xff, 0xff, 0xff, 0xe0, 0x0, 0xe3,
    0x0, 0x0, 0x4e, 0x0, 0xe, 0x30, 0x0, 0x4,
    0xe0, 0x0, 0xef, 0xff, 0xff, 0xfe, 0x0, 0xe,
    0x41, 0x11, 0x15, 0xe0, 0x0,

    /* U+53F3 "右" */
    0x0, 0x0, 0x0, 0x0, 0x0, 0x0, 0x0, 0x0,
    0x5d, 0x0, 0x0, 0x0, 0x0, 0x0, 0x99, 0x0,
    0x0, 0x0, 0x3f, 0xff, 0xff, 0xff, 0xff, 0xf3,
    0x2, 0x27, 0xd2, 0x22, 0x22, 0x20, 0x0, 0xd,
    0x50, 0x0, 0x0, 0x0, 0x0, 0x8f, 0xee, 0xee,
    0xee, 0x50, 0x7, 0xee, 0x62, 0x22, 0x2c, 0x60,
    0x5e, 0x2c, 0x40, 0x0, 0xc, 0x60, 0x2, 0xc,
    0x40, 0x0, 0xc, 0x60, 0x0, 0xc, 0xff, 0xff,
    0xff, 0x60, 0x0, 0xc, 0x61, 0x11, 0x1b, 0x60,

    /* U+5408 "合" */
    0x0, 0x0, 0x5, 0xb0, 0x0, 0x0, 0x0, 0x0,
    0x4f, 0xe4, 0x0, 0x0, 0x0, 0x7, 0xe4, 0x4e,
    0x80, 0x0, 0x6, 0xee, 0x31, 0x13, 0xde, 0x60,
    0x7f, 0xaf, 0xff, 0xff, 0xf6, 0xe4, 0x1, 0x0,
    0x0, 0x0, 0x0, 0x0, 0x0, 0xdf, 0xff, 0xff,
    0xfc, 0x0, 0x0, 0xd4, 0x0, 0x0, 0x5d, 0x0,
    0x0, 0xd3, 0x0, 0x0, 0x5d, 0x0, 0x0, 0xdf,
    0xee, 0xee, 0xfd, 0x0, 0x0, 0xd5, 0x11, 0x11,
    0x6c, 0x0,

    /* U+540C "同" */
    0xef, 0xff, 0xff, 0xff, 0xff, 0xe3, 0x0, 0x0,
    0x0, 0x2f, 0xe2, 0x11, 0x11, 0x11, 0x1f, 0xe2,
    0xbd, 0xdd, 0xdb, 0x1f, 0xe2, 0x1, 0x11, 0x10,
    0x1f, 0xe2, 0x2f, 0xdd, 0xf2, 0x1f, 0xe2, 0x2d,
    0x0, 0xd2, 0x1f, 0xe2, 0x2d, 0x22, 0xd2, 0x1f,
    0xe2, 0x2f, 0xcc, 0xc2, 0x1f, 0xe2, 0x18, 0x0,
    0x1, 0x3f, 0xe2, 0x0, 0x0, 0xe, 0xe9,

    /* U+540E "后" */
    0x0, 0x12, 0x35, 0x68, 0xbe, 0x60, 0x3, 0xfd,
    0xca, 0x97, 0x52, 0x0, 0x3, 0xe0, 0x0, 0x0,
    0x0, 0x0, 0x3, 0xff, 0xff, 0xff, 0xff, 0xf6,
    0x4, 0xe1, 0x11, 0x11, 0x11, 0x10, 0x5, 0xc0,
    0x11, 0x11, 0x11, 0x10, 0x6, 0xb2, 0xff, 0xff,
    0xff, 0xd0, 0x8, 0x92, 0xf0, 0x0, 0x5, 0xd0,
    0xd, 0x62, 0xf0, 0x0, 0x5, 0xd0, 0x5f, 0x12,
    0xfe, 0xee, 0xee, 0xd0, 0x38, 0x2, 0xf2, 0x22,
    0x26, 0xc0,

    /* U+542B "含" */
    0x0, 0x0, 0x1, 0x10, 0x0, 0x0, 0x0, 0x0,
    0x1d, 0xc0, 0x0, 0x0, 0x0, 0x3, 0xda, 0xab,
    0x10, 0x0, 0x3, 0xbf, 0x78, 0x17, 0xe9, 0x20,
    0x7f, 0x92, 0x7, 0xd0, 0x2a, 0xf5, 0x1, 0xbc,
    0xcc, 0xdc, 0xc4, 0x10, 0x0, 0x23, 0x33, 0x3b,
    0xd0, 0x0, 0x0, 0x0, 0x0, 0x4f, 0x40, 0x0,
    0x1, 0xfe, 0xee, 0xee, 0xfe, 0x0, 0x1, 0xf0,
    0x0, 0x0, 0x4e, 0x0, 0x1, 0xfc, 0xcc, 0xcc,
    0xde, 0x0, 0x1, 0xf2, 0x22, 0x22, 0x6d, 0x0,

    /* U+542C "听" */
    0x0, 0x0, 0x0, 0x3, 0x7d, 0x80, 0x1f, 0xff,
    0x23, 0xfd, 0xa5, 0x10, 0x1f, 0x1e, 0x23, 0xe0,
    0x0, 0x0, 0x1f, 0xe, 0x23, 0xe2, 0x22, 0x21,
    0x1f, 0xe, 0x24, 0xff, 0xff, 0xf6, 0x1f, 0xe,
    0x25, 0xd0, 0x2f, 0x0, 0x1f, 0x1e, 0x26, 0xb0,
    0x2f, 0x0, 0x1f, 0xff, 0x29, 0xa0, 0x2f, 0x0,
    0x1e, 0x0, 0xe, 0x60, 0x2f, 0x0, 0x0, 0x0,
    0x6f, 0x10, 0x2f, 0x0, 0x0, 0x0, 0x88, 0x0,
    0x2f, 0x0, 0x0, 0x0, 0x0, 0x0, 0x0, 0x0,

    /* U+548C "和" */
    0x1, 0x47, 0xc8, 0x0, 0x0, 0x1, 0xdc, 0xf4,
    0xa, 0xff, 0xfe, 0x0, 0x1f, 0x0, 0xa7, 0x14,
    0xe4, 0xcc, 0xfc, 0xba, 0x60, 0x3e, 0x14, 0xbf,
    0x53, 0xa6, 0x3, 0xe0, 0xe, 0xfc, 0xa, 0x60,
    0x3e, 0x7, 0xaf, 0x8a, 0xa6, 0x3, 0xe3, 0xe3,
    0xf0, 0x4a, 0x60, 0x3e, 0x66, 0x1f, 0x0, 0xae,
    0xde, 0xe0, 0x1, 0xf0, 0xa, 0x83, 0x6e, 0x0,
    0x1f, 0x0, 0x42, 0x1, 0x40,

    /* U+5668 "器" */
    0x3, 0xff, 0xf8, 0x3f, 0xff, 0xb0, 0x3, 0xc0,
    0x88, 0x3c, 0x5, 0xb0, 0x3, 0xc0, 0x88, 0x3c,
    0x5, 0xb0, 0x3, 0xff, 0xf9, 0x3f, 0xff, 0xa0,
    0x0, 0x0, 0x3f, 0x32, 0xc7, 0x0, 0x2e, 0xef,
    0xff, 0xef, 0xfe, 0xe8, 0x0, 0x6d, 0x40, 0x3,
    0xd8, 0x10, 0x2e, 0xff, 0xe8, 0x3e, 0xff, 0xf8,
    0x5, 0xc0, 0x88, 0x3d, 0x6, 0xc1, 0x3, 0xc0,
    0x88, 0x3d, 0x5, 0xb0, 0x3, 0xff, 0xf8, 0x3f,
    0xff, 0xa0,

    /* U+56DE "回" */
    0xff, 0xff, 0xff, 0xff, 0xff, 0xf, 0x42, 0x22,
    0x22, 0x24, 0xf0, 0xf2, 0x0, 0x0, 0x0, 0x2f,
    0xf, 0x22, 0xee, 0xee, 0x22, 0xf0, 0xf2, 0x2e,
    0x0, 0xe2, 0x2f, 0xf, 0x22, 0xd0, 0xe, 0x22,
    0xf0, 0xf2, 0x2e, 0x22, 0xe2, 0x2f, 0xf, 0x22,
    0xcc, 0xcc, 0x22, 0xf0, 0xf2, 0x0, 0x0, 0x0,
    0x2f, 0xf, 0xff, 0xff, 0xff, 0xff, 0xf0, 0xf3,
    0x11, 0x11, 0x11, 0x4f, 0x0,

    /* U+56F4 "围" */
    0xff, 0xff, 0xff, 0xff, 0xff, 0xf, 0x0, 0x4,
    0x60, 0x0, 0xf0, 0xf2, 0xbb, 0xde, 0xbb, 0x4f,
    0xf, 0x2, 0x28, 0xa2, 0x21, 0xf0, 0xf0, 0x8e,
    0xff, 0xed, 0xf, 0xf, 0x0, 0x7, 0x90, 0x0,
    0xf0, 0xf4, 0xee, 0xff, 0xef, 0x7f, 0xf, 0x0,
    0x7, 0x93, 0xb4, 0xf0, 0xf0, 0x0, 0x68, 0x66,
    0xf, 0xf, 0xcc, 0xcc, 0xcc, 0xcc, 0xf0, 0xf2,
    0x22, 0x22, 0x22, 0x3f, 0x0,

    /* U+56FA "固" */
    0xff, 0xff, 0xff, 0xff, 0xff, 0xf2, 0x0, 0x31,
    0x0, 0x3f, 0xf2, 0x0, 0xb4, 0x0, 0x2f, 0xf6,
    0xee, 0xfe, 0xee, 0x7f, 0xf2, 0x0, 0xb4, 0x0,
    0x2f, 0xf2, 0xad, 0xfe, 0xdb, 0x2f, 0xf2, 0xb3,
    0x0, 0x3c, 0x2f, 0xf2, 0xbb, 0x99, 0xbc, 0x2f,
    0xf2, 0x23, 0x33, 0x33, 0x2f, 0xfd, 0xdd, 0xdd,
    0xdd, 0xdf, 0xf5, 0x33, 0x33, 0x33, 0x5f,

    /* U+56FE "图" */
    0xff, 0xff, 0xff, 0xff, 0xff, 0xf1, 0x4, 0x70,
    0x0, 0x1f, 0xf1, 0x2f, 0xdb, 0xb9, 0x1f, 0xf5,
    0xee, 0x65, 0xe5, 0x1f, 0xf2, 0x25, 0xff, 0x70,
    0x1f, 0xf8, 0xde, 0x75, 0xae, 0x8f, 0xf4, 0x34,
    0xcb, 0x41, 0x3f, 0xf1, 0x59, 0x76, 0x30, 0x1f,
    0xf1, 0x3, 0x69, 0xd5, 0x1f, 0xfb, 0xbb, 0xbb,
    0xbb, 0xbf, 0xf5, 0x44, 0x44, 0x44, 0x5f,

    /* U+5706 "圆" */
    0xf, 0xee, 0xee, 0xee, 0xee, 0xf0, 0xf, 0x0,
    0x0, 0x0, 0x1, 0xf0, 0xf, 0xe, 0xcb, 0xbc,
    0xb1, 0xf0, 0xf, 0xe, 0x87, 0x79, 0xb1, 0xf0,
    0xf, 0x15, 0x55, 0x55, 0x41, 0xf0, 0xf, 0x2f,
    0xcc, 0xcc, 0xf1, 0xf0, 0xf, 0x2d, 0x3, 0xa0,
    0xf1, 0xf0, 0xf, 0x2c, 0x8, 0x92, 0xd1, 0xf0,
    0xf, 0x47, 0xda, 0x4d, 0xa3, 0xf0, 0xf, 0x79,
    0x42, 0x22, 0x85, 0xf0, 0xf, 0xcb, 0xbb, 0xbb,
    0xbc, 0xf0,

    /* U+5728 "在" */
    0x0, 0x0, 0x77, 0x0, 0x0, 0x0, 0x1, 0x11,
    0xd7, 0x11, 0x11, 0x10, 0x3f, 0xff, 0xff, 0xff,
    0xff, 0xf3, 0x0, 0xc, 0x70, 0x4, 0x10, 0x0,
    0x0, 0x7d, 0x0, 0xe, 0x30, 0x0, 0x5, 0xf6,
    0x24, 0x4e, 0x74, 0x30, 0x4f, 0xf5, 0x5b, 0xbf,
    0xcb, 0x90, 0x25, 0xb5, 0x0, 0xe, 0x30, 0x0,
    0x0, 0xb5, 0x0, 0xe, 0x30, 0x0, 0x0, 0xb5,
    0x0, 0xe, 0x40, 0x0, 0x0, 0xb5, 0xef, 0xff,
    0xff, 0xf3,

    /* U+5730 "地" */
    0x0, 0x0, 0x0, 0x0, 0x10, 0x0, 0x0, 0xf0,
    0x0, 0x3, 0xc0, 0x0, 0x0, 0xf0, 0x9, 0x13,
    0xc0, 0x0, 0x1, 0xf2, 0xe, 0x23, 0xc6, 0xb0,
    0x7f, 0xff, 0x5e, 0x49, 0xfb, 0xf0, 0x0, 0xf0,
    0x5f, 0xeb, 0xc0, 0xf0, 0x0, 0xf0, 0xaf, 0x23,
    0xc1, 0xf0, 0x0, 0xf3, 0x2e, 0x23, 0xc4, 0xf0,
    0x6, 0xfe, 0x4e, 0x23, 0xc9, 0x70, 0x6e, 0x70,
    0xe, 0x20, 0x10, 0x65, 0x0, 0x0, 0xe, 0x40,
    0x0, 0xb6, 0x0, 0x0, 0x8, 0xff, 0xff, 0xd1,

    /* U+573A "场" */
    0x0, 0xf0, 0x7f, 0xff, 0xfe, 0x10, 0x0, 0xf0,
    0x0, 0x7, 0xf6, 0x0, 0x14, 0xf5, 0x10, 0x6f,
    0x60, 0x0, 0x6f, 0xff, 0x58, 0xf6, 0x11, 0x10,
    0x0, 0xf1, 0x4f, 0xff, 0xff, 0xf4, 0x0, 0xf0,
    0x0, 0xb5, 0xc4, 0xe3, 0x0, 0xf0, 0x5, 0xd3,
    0xe0, 0xf2, 0x0, 0xf9, 0x9e, 0x2b, 0x70, 0xf0,
    0x4e, 0xe8, 0x32, 0x4d, 0x3, 0xf0, 0x24, 0x0,
    0x4, 0xe2, 0x7, 0xc0, 0x0, 0x0, 0x1d, 0x30,
    0xee, 0x40, 0x0, 0x0, 0x0, 0x0, 0x0, 0x0,

    /* U+578B "型" */
    0x8, 0xff, 0xff, 0xc4, 0xb1, 0xf0, 0x0, 0x88,
    0x3d, 0x4, 0xb1, 0xf0, 0x0, 0x88, 0x4d, 0x4,
    0xb1, 0xf0, 0xe, 0xff, 0xff, 0xf5, 0xb1, 0xf0,
    0x0, 0xd3, 0x3d, 0x0, 0x1, 0xf0, 0xa, 0xb0,
    0x3d, 0x0, 0x7c, 0xe0, 0x5, 0x0, 0x18, 0x90,
    0x37, 0x30, 0x0, 0xef, 0xff, 0xff, 0xff, 0x50,
    0x0, 0x0, 0x5, 0xd0, 0x0, 0x0, 0x4, 0x44,
    0x48, 0xd4, 0x44, 0x42, 0x1c, 0xcc, 0xcc, 0xcc,
    0xcc, 0xc7,

    /* U+57DF "域" */
    0x0, 0x0, 0x0, 0x0, 0x20, 0x0, 0x1, 0xe0,
    0x0, 0x0, 0xf6, 0xa0, 0x1, 0xe0, 0x22, 0x22,
    0xf3, 0xc4, 0x1, 0xe0, 0xcd, 0xdd, 0xfe, 0xd6,
    0x4f, 0xfe, 0x12, 0x20, 0xe2, 0x0, 0x3, 0xe1,
    0x8d, 0xd6, 0xd4, 0xe2, 0x1, 0xe0, 0x84, 0x66,
    0xca, 0xc0, 0x1, 0xe3, 0x9e, 0xe6, 0xaf, 0x50,
    0x4, 0xfe, 0x0, 0x15, 0x8d, 0x0, 0x3f, 0x92,
    0xad, 0xea, 0xdd, 0x14, 0x2, 0x0, 0x83, 0x2c,
    0x7e, 0x69, 0x0, 0x0, 0x0, 0x66, 0x6, 0xf4,

    /* U+5883 "境" */
    0x0, 0x0, 0x0, 0x2, 0x0, 0x0, 0x2, 0xe0,
    0x0, 0xe, 0x40, 0x0, 0x2, 0xe0, 0x3d, 0xed,
    0xee, 0xa0, 0x4, 0xf1, 0x3, 0xc0, 0x6a, 0x0,
    0x5d, 0xfd, 0x8c, 0xcc, 0xcc, 0xc1, 0x2, 0xe0,
    0xb, 0xbb, 0xbb, 0x50, 0x2, 0xe0, 0x1f, 0x55,
    0x5b, 0x70, 0x2, 0xe0, 0x1f, 0x66, 0x6c, 0x70,
    0x3, 0xfc, 0x4d, 0xdb, 0xdd, 0x60, 0x6f, 0xd6,
    0x1, 0xf0, 0xe1, 0x0, 0x24, 0x0, 0xa, 0x90,
    0xe2, 0x84, 0x0, 0x3, 0xea, 0x0, 0xae, 0xe2,
    0x0, 0x0, 0x10, 0x0, 0x0, 0x0,

    /* U+58F0 "声" */
    0x0, 0x0, 0x9, 0x80, 0x0, 0x0, 0x2f, 0xff,
    0xff, 0xff, 0xff, 0xf2, 0x0, 0x0, 0x9, 0x80,
    0x0, 0x0, 0x6, 0xee, 0xee, 0xee, 0xee, 0x90,
    0x0, 0x22, 0x22, 0x22, 0x22, 0x10, 0x2, 0xfb,
    0xbe, 0xdb, 0xbe, 0x60, 0x3, 0xe0, 0x8, 0x80,
    0xb, 0x60, 0x5, 0xff, 0xff, 0xff, 0xff, 0x60,
    0x7, 0x90, 0x0, 0x0, 0xa, 0x50, 0xe, 0x40,
    0x0, 0x0, 0x0, 0x0, 0x6b, 0x0, 0x0, 0x0,
    0x0, 0x0, 0x0, 0x0, 0x0, 0x0, 0x0, 0x0,

    /* U+5907 "备" */
    0x0, 0x0, 0x0, 0x0, 0x0, 0x0, 0x0, 0x3,
    0xf2, 0x0, 0x0, 0x0, 0x0, 0x3e, 0xfe, 0xef,
    0xf2, 0x0, 0x7, 0xfe, 0x80, 0x3e, 0x80, 0x0,
    0x8, 0x31, 0xcd, 0xf7, 0x0, 0x0, 0x2, 0x6b,
    0xfb, 0xde, 0xa6, 0x30, 0x6f, 0xc8, 0x20, 0x4,
    0x9c, 0xd0, 0x0, 0xfe, 0xef, 0xee, 0xf9, 0x0,
    0x0, 0xf3, 0x2d, 0x62, 0xb9, 0x0, 0x0, 0xfc,
    0xbf, 0xdb, 0xe9, 0x0, 0x0, 0xf4, 0x2d, 0x72,
    0xb9, 0x0, 0x0, 0xfd, 0xcc, 0xcc, 0xe8, 0x0,

    /* U+590D "复" */
    0x0, 0x0, 0x0, 0x0, 0x0, 0x0, 0x0, 0x1e,
    0x20, 0x0, 0x0, 0x0, 0x0, 0xbf, 0xee, 0xee,
    0xee, 0xe1, 0xb, 0xc6, 0x55, 0x55, 0x55, 0x10,
    0x6, 0x4e, 0x66, 0x66, 0x6f, 0x30, 0x0, 0x4f,
    0xbb, 0xbb, 0xbf, 0x30, 0x0, 0x4e, 0x77, 0x77,
    0x7f, 0x30, 0x0, 0x18, 0xf5, 0x44, 0x45, 0x10,
    0x0, 0x4e, 0xed, 0xdd, 0xfd, 0x0, 0x5, 0xd6,
    0xd6, 0x2a, 0xd2, 0x0, 0x0, 0x35, 0x9f, 0xff,
    0x74, 0x20, 0x2f, 0xeb, 0x83, 0x15, 0x9c, 0xe7,
    0x0, 0x0, 0x0, 0x0, 0x0, 0x0,

    /* U+5916 "外" */
    0x0, 0x0, 0x0, 0x0, 0x0, 0x0, 0x0, 0x97,
    0x0, 0xe, 0x30, 0x0, 0x0, 0xe6, 0x11, 0xe,
    0x30, 0x0, 0x2, 0xff, 0xff, 0x3e, 0x30, 0x0,
    0x9, 0xa0, 0x2f, 0xe, 0x50, 0x0, 0x3f, 0x40,
    0x7c, 0xe, 0xf8, 0x0, 0x59, 0xd8, 0xc7, 0xe,
    0x5d, 0x90, 0x0, 0x1c, 0xf1, 0xe, 0x31, 0xd3,
    0x0, 0xc, 0x90, 0xe, 0x30, 0x0, 0x0, 0xad,
    0x10, 0xe, 0x30, 0x0, 0x2c, 0xe2, 0x0, 0xe,
    0x30, 0x0, 0x3a, 0x10, 0x0, 0xe, 0x30, 0x0,

    /* U+591A "多" */
    0x0, 0x0, 0x0, 0x0, 0x0, 0x0, 0x0, 0x0,
    0x4f, 0x40, 0x0, 0x0, 0x0, 0x8, 0xfe, 0xef,
    0xf5, 0x0, 0x5, 0xea, 0x40, 0x1b, 0xa0, 0x0,
    0x1, 0x32, 0xca, 0xe8, 0x0, 0x0, 0x1, 0x6a,
    0xeb, 0x7e, 0x30, 0x0, 0xc, 0xc8, 0x26, 0xff,
    0xff, 0xe1, 0x0, 0x4, 0xcc, 0x20, 0x1c, 0x80,
    0x0, 0x5d, 0x58, 0xa2, 0xbc, 0x0, 0x0, 0x0,
    0x3, 0xef, 0x80, 0x0, 0x5, 0x7a, 0xee, 0x92,
    0x0, 0x0, 0xa, 0x97, 0x40, 0x0, 0x0, 0x0,

    /* U+591C "夜" */
    0x0, 0x0, 0x0, 0x10, 0x0, 0x0, 0x0, 0x0,
    0x8, 0xb0, 0x0, 0x0, 0x1f, 0xff, 0xff, 0xff,
    0xff, 0xf6, 0x1, 0x1c, 0x61, 0x7b, 0x11, 0x10,
    0x0, 0x4e, 0x10, 0xee, 0xbb, 0xb0, 0x0, 0xd9,
    0x8, 0xb7, 0x37, 0xd0, 0xc, 0xf8, 0x7f, 0x7b,
    0x8b, 0x70, 0x4d, 0xa8, 0xc6, 0xe2, 0x7e, 0x10,
    0x0, 0x98, 0x0, 0x7c, 0xe4, 0x0, 0x0, 0x98,
    0x0, 0x4f, 0xe2, 0x0, 0x0, 0x98, 0x3a, 0xf6,
    0x9f, 0x81, 0x0, 0x98, 0xb9, 0x20, 0x4, 0xc6,
    0x0, 0x0, 0x0, 0x0, 0x0, 0x0,

    /* U+5929 "天" */
    0x2, 0x33, 0x33, 0x33, 0x33, 0x20, 0xa, 0xff,
    0xff, 0xff, 0xff, 0xa0, 0x0, 0x0, 0xa, 0x70,
    0x0, 0x0, 0x0, 0x0, 0xb, 0x70, 0x0, 0x0,
    0x1c, 0xcc, 0xcf, 0xec, 0xcc, 0xc2, 0x5, 0x55,
    0x6f, 0xf5, 0x55, 0x51, 0x0, 0x0, 0x7e, 0xd6,
    0x0, 0x0, 0x0, 0x3, 0xf6, 0x4f, 0x30, 0x0,
    0x0, 0x4f, 0x90, 0x7, 0xe5, 0x0, 0x2b, 0xf7,
    0x0, 0x0, 0x6f, 0xc3, 0x18, 0x10, 0x0, 0x0,
    0x1, 0x81,

    /* U+5931 "失" */
    0x0, 0x3b, 0x6, 0xb0, 0x0, 0x0, 0x0, 0x9b,
    0x7, 0xc0, 0x0, 0x0, 0x1, 0xff, 0xff, 0xff,
    0xff, 0x80, 0xa, 0xc1, 0x7, 0xc0, 0x0, 0x0,
    0x6, 0x20, 0x7, 0xb0, 0x0, 0x0, 0x1f, 0xff,
    0xff, 0xff, 0xff, 0xf8, 0x2, 0x22, 0x3f, 0xf8,
    0x22, 0x21, 0x0, 0x0, 0x9d, 0x5e, 0x20, 0x0,
    0x0, 0xa, 0xf2, 0x9, 0xe3, 0x0, 0x18, 0xec,
    0x20, 0x0, 0x8f, 0xb5, 0x9, 0x40, 0x0, 0x0,
    0x2, 0x84,

    /* U+594F "奏" */
    0x0, 0x0, 0x0, 0x0, 0x0, 0x0, 0x0, 0x0,
    0x5, 0xc0, 0x0, 0x0, 0x3, 0xee, 0xef, 0xfe,
    0xee, 0xa0, 0x0, 0x56, 0x6c, 0xa6, 0x66, 0x10,
    0x0, 0x46, 0x9e, 0x66, 0x66, 0x10, 0x1e, 0xee,
    0xff, 0xee, 0xee, 0xe7, 0x0, 0xb, 0xc0, 0x3,
    0xe4, 0x0, 0x3, 0xcc, 0xde, 0xfd, 0xbf, 0x81,
    0x1e, 0xb4, 0x37, 0xc3, 0x36, 0xc9, 0x0, 0x6a,
    0xbf, 0xcd, 0xaa, 0x0, 0x0, 0x3, 0xcb, 0x2d,
    0xc5, 0x0, 0x1, 0xcd, 0x60, 0x0, 0x5d, 0x90,
    0x0, 0x10, 0x0, 0x0, 0x0, 0x0,

    /* U+5973 "女" */
    0x0, 0x0, 0x0, 0x0, 0x0, 0x0, 0x0, 0x0,
    0x2f, 0x10, 0x0, 0x0, 0x0, 0x0, 0x7c, 0x0,
    0x0, 0x0, 0x3, 0x33, 0xda, 0x33, 0x33, 0x31,
    0x1f, 0xff, 0xff, 0xff, 0xff, 0xf7, 0x0, 0x9,
    0xb0, 0x2, 0xf2, 0x0, 0x0, 0x1f, 0x40, 0x7,
    0xd0, 0x0, 0x0, 0x9f, 0x60, 0x1e, 0x60, 0x0,
    0x0, 0x6, 0xde, 0xdd, 0x0, 0x0, 0x0, 0x0,
    0x4e, 0xff, 0x91, 0x0, 0x5, 0x9d, 0xf8, 0x4,
    0xdf, 0x70, 0xc, 0xa6, 0x10, 0x0, 0x7, 0xc0,
    0x0, 0x0, 0x0, 0x0, 0x0, 0x0,

    /* U+597D "好" */
    0x0, 0x0, 0x0, 0x0, 0x0, 0x0, 0x2, 0xf0,
    0x2, 0x44, 0x44, 0x30, 0x4, 0xc0, 0x4, 0x99,
    0x9e, 0xc0, 0x8e, 0xfe, 0xd0, 0x0, 0x7e, 0x20,
    0x1b, 0x73, 0xe0, 0x2, 0xf2, 0x0, 0xe, 0x24,
    0xc1, 0x15, 0xe1, 0x10, 0x2f, 0x8, 0x9e, 0xff,
    0xff, 0xf6, 0x3f, 0x7d, 0x40, 0x4, 0xd0, 0x0,
    0x2, 0xdf, 0x0, 0x4, 0xd0, 0x0, 0x1, 0xde,
    0xb0, 0x4, 0xd0, 0x0, 0x2c, 0xa1, 0xb0, 0x5,
    0xd0, 0x0, 0x79, 0x0, 0x0, 0xdf, 0x80, 0x0,

    /* U+59CB "始" */
    0x0, 0x0, 0x0, 0x0, 0x0, 0x0, 0x0, 0xd3,
    0x0, 0xb, 0x70, 0x0, 0x0, 0xf0, 0x0, 0x2f,
    0x15, 0x0, 0x3e, 0xfe, 0xc0, 0xa8, 0xa, 0x80,
    0x7, 0xb5, 0xc5, 0xe2, 0x36, 0xf2, 0x8, 0x75,
    0xad, 0xfe, 0xdb, 0xca, 0xc, 0x38, 0x81, 0x0,
    0x0, 0x12, 0xc, 0xac, 0x34, 0xff, 0xff, 0xf1,
    0x0, 0xaf, 0x14, 0xb0, 0x0, 0xf1, 0x0, 0xcc,
    0xd5, 0xb0, 0x0, 0xf1, 0x1b, 0xd0, 0x44, 0xec,
    0xcc, 0xf1, 0xb, 0x10, 0x4, 0xc3, 0x33, 0xf1,

    /* U+5B89 "安" */
    0x0, 0x0, 0x3, 0x0, 0x0, 0x0, 0x0, 0x0,
    0xe, 0x60, 0x0, 0x0, 0xd, 0xff, 0xff, 0xff,
    0xff, 0xe0, 0xe, 0x41, 0x27, 0x21, 0x15, 0xe0,
    0x8, 0x10, 0x7e, 0x0, 0x2, 0x80, 0x3, 0x33,
    0xda, 0x33, 0x33, 0x30, 0x2d, 0xdf, 0xfd, 0xde,
    0xfd, 0xd2, 0x0, 0x1e, 0x60, 0xb, 0x90, 0x0,
    0x0, 0x7f, 0xb5, 0x7e, 0x10, 0x0, 0x0, 0x1,
    0x7f, 0xfb, 0x20, 0x0, 0x0, 0x38, 0xeb, 0x5b,
    0xfa, 0x20, 0xc, 0xe9, 0x40, 0x0, 0x3c, 0xb0,
    0x0, 0x0, 0x0, 0x0, 0x0, 0x0,

    /* U+5B8C "完" */
    0x0, 0x0, 0x4, 0x0, 0x0, 0x0, 0x0, 0x0,
    0xe, 0x50, 0x0, 0x0, 0x3f, 0xff, 0xff, 0xff,
    0xff, 0xc0, 0x3e, 0x11, 0x11, 0x11, 0x16, 0xc0,
    0x3e, 0x5c, 0xcc, 0xcc, 0xc5, 0xc0, 0x0, 0x13,
    0x33, 0x33, 0x30, 0x0, 0x12, 0x22, 0x22, 0x22,
    0x22, 0x20, 0x6d, 0xde, 0xfd, 0xef, 0xdd, 0xd1,
    0x0, 0x7, 0xa0, 0x5b, 0x0, 0x0, 0x0, 0xc,
    0x70, 0x5b, 0x0, 0x40, 0x1, 0x9e, 0x10, 0x5c,
    0x0, 0xd2, 0x5f, 0xa1, 0x0, 0x2e, 0xff, 0xc0,
    0x0, 0x0, 0x0, 0x0, 0x0, 0x0,

    /* U+5B9A "定" */
    0x0, 0x0, 0x3, 0x0, 0x0, 0x0, 0x0, 0x0,
    0xe, 0x50, 0x0, 0x0, 0xf, 0xff, 0xff, 0xff,
    0xff, 0xf0, 0xf, 0x31, 0x11, 0x11, 0x13, 0xf0,
    0xc, 0x22, 0x22, 0x22, 0x22, 0xc0, 0x0, 0x5d,
    0xdf, 0xed, 0xd4, 0x0, 0x0, 0x34, 0xc, 0x50,
    0x0, 0x0, 0x0, 0xa7, 0xc, 0xed, 0xda, 0x0,
    0x0, 0xd8, 0xc, 0x73, 0x32, 0x0, 0x2, 0xed,
    0x3c, 0x50, 0x0, 0x0, 0xb, 0x84, 0xef, 0x72,
    0x11, 0x10, 0x4d, 0x0, 0x29, 0xdf, 0xff, 0xf4,
    0x0, 0x0, 0x0, 0x0, 0x0, 0x0,

    /* U+5B9E "实" */
    0x0, 0x0, 0x1, 0x10, 0x0, 0x0, 0x0, 0x0,
    0xa, 0x90, 0x0, 0x0, 0xe, 0xff, 0xff, 0xff,
    0xff, 0xe0, 0xe, 0x32, 0x11, 0x11, 0x14, 0xf0,
    0x8, 0x1b, 0x92, 0xf1, 0x1, 0x90, 0x0, 0x50,
    0x73, 0xf0, 0x0, 0x0, 0x1, 0xcc, 0x3, 0xe0,
    0x0, 0x0, 0x0, 0x6, 0x6, 0xc0, 0x0, 0x0,
    0x1f, 0xff, 0xff, 0xff, 0xff, 0xf2, 0x0, 0x0,
    0x7e, 0x48, 0x20, 0x0, 0x0, 0x4b, 0xe3, 0x18,
    0xeb, 0x20, 0xb, 0xd7, 0x0, 0x0, 0x8, 0xd0,
    0x0, 0x0, 0x0, 0x0, 0x0, 0x0,

    /* U+5BB9 "容" */
    0x0, 0x0, 0x0, 0x0, 0x0, 0x0, 0x0, 0x0,
    0xc, 0x70, 0x0, 0x0, 0xf, 0xff, 0xff, 0xff,
    0xff, 0xd0, 0xf, 0x13, 0x50, 0x6, 0x4, 0xd0,
    0x4, 0x5e, 0x33, 0x39, 0xd4, 0x30, 0x8, 0xe4,
    0x2e, 0xc1, 0x5f, 0x30, 0x1, 0x13, 0xe5, 0x7d,
    0x22, 0x0, 0x1, 0x9f, 0x50, 0x6, 0xf9, 0x10,
    0x3f, 0xef, 0xee, 0xee, 0xfd, 0xf1, 0x3, 0x6a,
    0x0, 0x0, 0xe3, 0x10, 0x0, 0x5b, 0x33, 0x33,
    0xf3, 0x0, 0x0, 0x5e, 0xcc, 0xcc, 0xf3, 0x0,

    /* U+5BC6 "密" */
    0x0, 0x0, 0x0, 0x0, 0x0, 0x0, 0x0, 0x0,
    0x8, 0x90, 0x0, 0x0, 0xf, 0xff, 0xff, 0xff,
    0xff, 0xf1, 0xf, 0x0, 0x5b, 0x21, 0x61, 0xf1,
    0x5, 0x62, 0x94, 0x9d, 0x75, 0x50, 0x6, 0xc3,
    0xc4, 0xe7, 0x3d, 0x70, 0x2e, 0x25, 0xfe, 0x30,
    0xc4, 0xe3, 0x2a, 0xec, 0xcd, 0xdd, 0xa0, 0x20,
    0x6, 0x60, 0x5, 0x80, 0x6, 0x10, 0x1, 0xf2,
    0x6, 0xa0, 0xf, 0x20, 0x1, 0xf9, 0x8b, 0xd8,
    0x8f, 0x20, 0x0, 0x88, 0x88, 0x88, 0x8f, 0x20,

    /* U+5BDF "察" */
    0x0, 0x0, 0x5, 0xb0, 0x0, 0x0, 0x2f, 0xee,
    0xee, 0xee, 0xee, 0xf2, 0x2d, 0xb, 0x30, 0xa2,
    0x11, 0xe2, 0x1, 0xbc, 0xbe, 0x8f, 0xcf, 0x60,
    0x2e, 0x79, 0xb5, 0xc, 0x8c, 0x0, 0x2, 0xcb,
    0xe8, 0x8a, 0xfa, 0x20, 0x2a, 0xd5, 0x45, 0x55,
    0x26, 0xe4, 0x15, 0xfe, 0xee, 0xee, 0xee, 0x10,
    0x0, 0x9, 0x42, 0xe0, 0xa3, 0x0, 0x5, 0xda,
    0x2, 0xe0, 0x5e, 0x70, 0xa, 0x40, 0x8e, 0xa0,
    0x2, 0x90,

    /* U+5BFC "导" */
    0x3, 0xff, 0xff, 0xff, 0xff, 0x0, 0x3, 0xe0,
    0x0, 0x0, 0xf, 0x0, 0x3, 0xfd, 0xdd, 0xdd,
    0xdf, 0x0, 0x3, 0xf1, 0x11, 0x11, 0x11, 0x91,
    0x0, 0xce, 0xdd, 0xdd, 0xde, 0xc0, 0x0, 0x0,
    0x11, 0x13, 0xa0, 0x0, 0x1c, 0xcc, 0xcc, 0xcd,
    0xfc, 0xc5, 0x3, 0x5e, 0x43, 0x36, 0xf3, 0x31,
    0x0, 0xa, 0xd0, 0x3, 0xe0, 0x0, 0x0, 0x0,
    0xb2, 0x4, 0xe0, 0x0, 0x0, 0x0, 0x4, 0xfe,
    0x90, 0x0,

    /* U+5C01 "封" */
    0x0, 0x2e, 0x0, 0x0, 0xd, 0x20, 0xc, 0xdf,
    0xc9, 0x0, 0xe, 0x20, 0x2, 0x5e, 0x22, 0x67,
    0x7f, 0x92, 0x0, 0x3e, 0x0, 0xac, 0xcf, 0xd3,
    0x6f, 0xff, 0xff, 0x1, 0xe, 0x20, 0x0, 0x2c,
    0x0, 0x4b, 0xe, 0x20, 0x2d, 0xdf, 0xdb, 0xe,
    0x3e, 0x20, 0x2, 0x5e, 0x22, 0x5, 0x2e, 0x20,
    0x0, 0x2e, 0x36, 0x10, 0xe, 0x20, 0x5c, 0xef,
    0xec, 0x20, 0x1f, 0x20, 0x36, 0x31, 0x0, 0x7,
    0xfc, 0x0,

    /* U+5C0F "小" */
    0x0, 0x0, 0x5, 0xd0, 0x0, 0x0, 0x0, 0x0,
    0x5, 0xd0, 0x0, 0x0, 0x0, 0x10, 0x5, 0xd0,
    0x2, 0x0, 0x0, 0xaa, 0x5, 0xd0, 0x4f, 0x10,
    0x0, 0xe6, 0x5, 0xd0, 0xd, 0x80, 0x3, 0xf1,
    0x5, 0xd0, 0x5, 0xf0, 0xb, 0xa0, 0x5, 0xd0,
    0x0, 0xf5, 0x2f, 0x20, 0x5, 0xd0, 0x0, 0xab,
    0x2, 0x0, 0x5, 0xd0, 0x0, 0x33, 0x0, 0x1,
    0x27, 0xd0, 0x0, 0x0, 0x0, 0x5, 0xfe, 0x70,
    0x0, 0x0, 0x0, 0x0, 0x0, 0x0, 0x0, 0x0,

    /* U+5C3D "尽" */
    0x0, 0xef, 0xff, 0xff, 0xff, 0x30, 0x0, 0xe4,
    0x0, 0x0, 0xe, 0x30, 0x0, 0xf4, 0x0, 0x0,
    0xe, 0x30, 0x0, 0xff, 0xff, 0xff, 0xff, 0x30,
    0x2, 0xf3, 0x11, 0x17, 0xc1, 0x0, 0x4, 0xd0,
    0x85, 0x0, 0xe4, 0x0, 0xa, 0xa0, 0x6b, 0xf7,
    0x7d, 0x10, 0x4f, 0x30, 0x0, 0x23, 0xb, 0xe2,
    0x37, 0xa, 0x84, 0x0, 0x0, 0x81, 0x0, 0x4,
    0x8d, 0xfa, 0x30, 0x0, 0x0, 0x0, 0x0, 0x39,
    0x80, 0x0,

    /* U+5C40 "局" */
    0x2, 0xff, 0xff, 0xff, 0xff, 0x10, 0x2e, 0x0,
    0x0, 0x1, 0xf1, 0x2, 0xe0, 0x0, 0x0, 0x1f,
    0x10, 0x3f, 0xff, 0xff, 0xff, 0xf1, 0x4, 0xe4,
    0x44, 0x44, 0x44, 0x40, 0x5e, 0x88, 0x88, 0x88,
    0x9f, 0x6, 0xa4, 0xcc, 0xcc, 0x13, 0xe0, 0xa7,
    0x5b, 0x11, 0xe1, 0x4d, 0xe, 0x35, 0xa0, 0xe,
    0x15, 0xc6, 0xc0, 0x5f, 0xdd, 0xd1, 0x9a, 0x23,
    0x0, 0x10, 0x6, 0xfe, 0x40, 0x0, 0x0, 0x0,
    0x0, 0x0,

    /* U+5C42 "层" */
    0x3, 0xff, 0xff, 0xff, 0xff, 0xe0, 0x3, 0xe0,
    0x0, 0x0, 0x2, 0xe0, 0x3, 0xe1, 0x11, 0x11,
    0x14, 0xe0, 0x3, 0xfd, 0xdd, 0xdd, 0xdd, 0xc0,
    0x4, 0xd0, 0x33, 0x33, 0x33, 0x20, 0x5, 0xc0,
    0xbb, 0xbb, 0xbb, 0x80, 0x6, 0xb2, 0x33, 0x33,
    0x33, 0x31, 0x7, 0xa9, 0xcf, 0xec, 0xcc, 0xc6,
    0xa, 0x70, 0x2f, 0x20, 0x4b, 0x0, 0xf, 0x41,
    0xd8, 0x34, 0x5f, 0x70, 0x3c, 0x6, 0xec, 0xba,
    0x88, 0xe0, 0x0, 0x0, 0x0, 0x0, 0x0, 0x10,

    /* U+5C55 "展" */
    0x2, 0xff, 0xff, 0xff, 0xff, 0xc0, 0x2, 0xe0,
    0x0, 0x0, 0x4, 0xc0, 0x2, 0xfb, 0xbb, 0xbb,
    0xbd, 0xc0, 0x3, 0xe2, 0x4e, 0x22, 0xe4, 0x20,
    0x3, 0xd9, 0xcf, 0xbb, 0xfc, 0xb0, 0x4, 0xc2,
    0x5e, 0x33, 0xf4, 0x30, 0x5, 0xcb, 0xcf, 0xbb,
    0xfc, 0xb5, 0x8, 0x93, 0xf4, 0x4e, 0x49, 0xb1,
    0xc, 0x60, 0xe1, 0x7, 0xeb, 0x10, 0x2f, 0x13,
    0xfb, 0xe6, 0x8f, 0xa3, 0x26, 0x3, 0x84, 0x0,
    0x2, 0x92,

    /* U+5DE5 "工" */
    0x7, 0xff, 0xff, 0xff, 0xff, 0xf0, 0x1, 0x22,
    0x28, 0xd2, 0x22, 0x20, 0x0, 0x0, 0x6, 0xc0,
    0x0, 0x0, 0x0, 0x0, 0x6, 0xc0, 0x0, 0x0,
    0x0, 0x0, 0x6, 0xc0, 0x0, 0x0, 0x0, 0x0,
    0x6, 0xc0, 0x0, 0x0, 0x0, 0x0, 0x6, 0xc0,
    0x0, 0x0, 0x0, 0x0, 0x7, 0xd0, 0x0, 0x0,
    0x2f, 0xff, 0xff, 0xff, 0xff, 0xf9, 0x1, 0x11,
    0x11, 0x11, 0x11, 0x10,

    /* U+5DE6 "左" */
    0x0, 0x0, 0x0, 0x0, 0x0, 0x0, 0x0, 0x0,
    0xb6, 0x0, 0x0, 0x0, 0x0, 0x0, 0xe4, 0x0,
    0x0, 0x0, 0x2f, 0xff, 0xff, 0xff, 0xff, 0xf2,
    0x1, 0x17, 0xc1, 0x11, 0x11, 0x10, 0x0, 0xb,
    0x60, 0x0, 0x0, 0x0, 0x0, 0x1f, 0xef, 0xff,
    0xff, 0xd0, 0x0, 0x7a, 0x11, 0x6d, 0x11, 0x10,
    0x0, 0xe3, 0x0, 0x5c, 0x0, 0x0, 0x9, 0xa0,
    0x0, 0x5c, 0x0, 0x0, 0x6d, 0x11, 0x11, 0x6d,
    0x11, 0x10, 0x13, 0x1f, 0xff, 0xff, 0xff, 0xf5,

    /* U+5DF2 "已" */
    0xcf, 0xff, 0xff, 0xff, 0xf0, 0x1, 0x11, 0x11,
    0x11, 0x4f, 0x0, 0x0, 0x0, 0x0, 0x3, 0xf0,
    0x2, 0xb0, 0x0, 0x0, 0x3f, 0x0, 0x3e, 0x22,
    0x22, 0x25, 0xf0, 0x3, 0xfe, 0xee, 0xee, 0xe9,
    0x0, 0x3e, 0x0, 0x0, 0x0, 0x0, 0x3, 0xe0,
    0x0, 0x0, 0x0, 0x94, 0x3e, 0x0, 0x0, 0x0,
    0xd, 0x52, 0xf3, 0x11, 0x11, 0x15, 0xf2, 0x9,
    0xef, 0xff, 0xff, 0xe7, 0x0,

    /* U+5E03 "布" */
    0x0, 0x0, 0x4a, 0x0, 0x0, 0x0, 0x1, 0x11,
    0xaa, 0x11, 0x11, 0x10, 0x1f, 0xff, 0xff, 0xff,
    0xff, 0xf6, 0x0, 0x9, 0xb0, 0x83, 0x0, 0x0,
    0x0, 0x3f, 0x31, 0xd6, 0x11, 0x10, 0x2, 0xef,
    0xff, 0xff, 0xff, 0xd0, 0x2f, 0xbe, 0x0, 0xc5,
    0x4, 0xd0, 0x6, 0x2e, 0x0, 0xc5, 0x4, 0xd0,
    0x0, 0x2e, 0x0, 0xc5, 0x26, 0xd0, 0x0, 0x2e,
    0x0, 0xc5, 0xbc, 0x60, 0x0, 0x0, 0x0, 0xc5,
    0x0, 0x0,

    /* U+5E38 "常" */
    0x9, 0x50, 0x5c, 0x5, 0xa0, 0x5, 0xad, 0x69,
    0xe5, 0xd9, 0x50, 0xf8, 0x88, 0x88, 0x88, 0x8f,
    0xf, 0x2c, 0xcc, 0xcc, 0xc3, 0xf0, 0x21, 0xf0,
    0x0, 0xf, 0x32, 0x0, 0x1f, 0xee, 0xee, 0xf2,
    0x0, 0x0, 0x0, 0x4e, 0x0, 0x0, 0x3, 0xff,
    0xff, 0xff, 0xff, 0x50, 0x3f, 0x0, 0x3e, 0x0,
    0xc5, 0x3, 0xf0, 0x3, 0xe3, 0xbf, 0x40, 0x2,
    0x0, 0x3e, 0x4, 0x20, 0x0,

    /* U+5E7F "广" */
    0x0, 0x0, 0x3, 0xc0, 0x0, 0x0, 0x0, 0x11,
    0x13, 0xf4, 0x11, 0x10, 0x4, 0xff, 0xff, 0xff,
    0xff, 0xf4, 0x4, 0xe0, 0x0, 0x0, 0x0, 0x0,
    0x4, 0xe0, 0x0, 0x0, 0x0, 0x0, 0x4, 0xe0,
    0x0, 0x0, 0x0, 0x0, 0x5, 0xd0, 0x0, 0x0,
    0x0, 0x0, 0x6, 0xb0, 0x0, 0x0, 0x0, 0x0,
    0x9, 0x90, 0x0, 0x0, 0x0, 0x0, 0xe, 0x50,
    0x0, 0x0, 0x0, 0x0, 0x4d, 0x0, 0x0, 0x0,
    0x0, 0x0, 0x0, 0x0, 0x0, 0x0, 0x0, 0x0,

    /* U+5E8F "序" */
    0x0, 0x0, 0x0, 0x0, 0x0, 0x0, 0x0, 0x0,
    0x8, 0xa0, 0x0, 0x0, 0x9, 0xcc, 0xcd, 0xfc,
    0xcc, 0xc1, 0xc, 0x74, 0x44, 0x44, 0x44, 0x40,
    0xc, 0x4a, 0xee, 0xee, 0xfc, 0x0, 0xc, 0x40,
    0x56, 0x1a, 0xc1, 0x0, 0xd, 0x30, 0x19, 0xfd,
    0x0, 0x0, 0xe, 0x7e, 0xee, 0xff, 0xef, 0xd0,
    0xf, 0x10, 0x0, 0xe3, 0x1e, 0x40, 0x2e, 0x0,
    0x0, 0xe3, 0x36, 0x0, 0x7b, 0x0, 0x0, 0xf3,
    0x0, 0x0, 0x84, 0x0, 0xdf, 0xc0, 0x0, 0x0,
    0x0, 0x0, 0x0, 0x0, 0x0, 0x0,

    /* U+5E93 "库" */
    0x0, 0x0, 0x0, 0x0, 0x0, 0x0, 0x0, 0x0,
    0x5, 0xd0, 0x0, 0x0, 0xb, 0xff, 0xff, 0xff,
    0xff, 0xf2, 0xc, 0x61, 0x19, 0x61, 0x11, 0x10,
    0xc, 0x5c, 0xcf, 0xec, 0xcc, 0x90, 0xc, 0x52,
    0xaa, 0x33, 0x22, 0x20, 0xd, 0x42, 0xf2, 0x2e,
    0x0, 0x0, 0xe, 0x38, 0xff, 0xff, 0xff, 0x60,
    0xf, 0x20, 0x0, 0x3e, 0x0, 0x0, 0x2f, 0x5f,
    0xff, 0xff, 0xff, 0xf2, 0x7b, 0x1, 0x11, 0x3e,
    0x11, 0x10, 0x85, 0x0, 0x0, 0x2e, 0x0, 0x0,
    0x0, 0x0, 0x0, 0x0, 0x0, 0x0,

    /* U+5E95 "底" */
    0x0, 0x0, 0x0, 0x0, 0x0, 0x0, 0x0, 0x0,
    0x8, 0xc0, 0x0, 0x0, 0xb, 0xff, 0xff, 0xff,
    0xff, 0xf2, 0xc, 0x50, 0x0, 0x13, 0x55, 0x0,
    0xc, 0x5a, 0xef, 0xff, 0xb8, 0x0, 0xc, 0x5c,
    0x40, 0x1f, 0x0, 0x0, 0xd, 0x4c, 0x40, 0x1f,
    0x20, 0x0, 0xd, 0x3c, 0xfe, 0xef, 0xfe, 0x80,
    0xf, 0x2c, 0x30, 0x9, 0x70, 0x0, 0x2f, 0xc,
    0x30, 0xd5, 0xc0, 0x60, 0x6b, 0xd, 0xbb, 0x96,
    0xd5, 0xe2, 0x95, 0x1c, 0x71, 0x38, 0x3d, 0xc0,
    0x0, 0x0, 0x0, 0x0, 0x0, 0x0,

    /* U+5EA6 "度" */
    0x0, 0x0, 0x0, 0x0, 0x0, 0x0, 0x0, 0x0,
    0x9, 0xb0, 0x0, 0x0, 0xa, 0xff, 0xff, 0xff,
    0xff, 0xf2, 0xb, 0x61, 0x93, 0x11, 0xa2, 0x10,
    0xb, 0xbe, 0xfe, 0xee, 0xfe, 0xe0, 0xb, 0x50,
    0xc4, 0x0, 0xe2, 0x0, 0xc, 0x40, 0xcd, 0xcc,
    0xf2, 0x0, 0xd, 0x40, 0x33, 0x33, 0x30, 0x0,
    0xe, 0x6e, 0xfd, 0xdd, 0xee, 0x10, 0x1f, 0x1,
    0xc9, 0x6, 0xe5, 0x0, 0x5d, 0x1, 0x5f, 0xff,
    0x82, 0x0, 0x97, 0x9e, 0xa6, 0x47, 0xcf, 0xe1,
    0x0, 0x0, 0x0, 0x0, 0x0, 0x10,

    /* U+5F00 "开" */
    0xb, 0xff, 0xff, 0xff, 0xff, 0xf3, 0x0, 0x6,
    0xc0, 0x3, 0xf1, 0x0, 0x0, 0x5, 0xc0, 0x2,
    0xf0, 0x0, 0x0, 0x5, 0xc0, 0x2, 0xf0, 0x0,
    0x1, 0x16, 0xc1, 0x13, 0xf1, 0x10, 0x1f, 0xff,
    0xff, 0xff, 0xff, 0xf9, 0x0, 0x8, 0x90, 0x2,
    0xf0, 0x0, 0x0, 0xd, 0x60, 0x2, 0xf0, 0x0,
    0x0, 0x5f, 0x10, 0x2, 0xf0, 0x0, 0x4, 0xf6,
    0x0, 0x2, 0xf0, 0x0, 0xb, 0x70, 0x0, 0x2,
    0xf0, 0x0, 0x0, 0x0, 0x0, 0x0, 0x0, 0x0,

    /* U+5F0F "式" */
    0x0, 0x0, 0x0, 0x1f, 0x2c, 0x30, 0x0, 0x0,
    0x0, 0x1f, 0x13, 0xc0, 0x1f, 0xff, 0xff, 0xff,
    0xff, 0xf8, 0x2, 0x22, 0x22, 0x2f, 0x52, 0x21,
    0x1, 0x22, 0x22, 0x1d, 0x50, 0x0, 0x9, 0xff,
    0xff, 0x8b, 0x70, 0x0, 0x0, 0xa, 0x70, 0x9,
    0xa0, 0x0, 0x0, 0xa, 0x70, 0x5, 0xd0, 0x0,
    0x0, 0xa, 0x85, 0x71, 0xf3, 0x3b, 0x9, 0xcf,
    0xeb, 0x70, 0x9c, 0x8a, 0x7, 0x62, 0x0, 0x0,
    0x1c, 0xe3,

    /* U+5F20 "张" */
    0x0, 0x0, 0x0, 0x20, 0x0, 0x0, 0xf, 0xff,
    0x42, 0xe0, 0x3, 0xb0, 0x0, 0xc, 0x42, 0xe0,
    0xd, 0x60, 0x0, 0xc, 0x42, 0xe0, 0xbb, 0x0,
    0xc, 0xff, 0x42, 0xe7, 0xb0, 0x0, 0xd, 0x30,
    0x4a, 0xf8, 0x98, 0x84, 0xe, 0x20, 0x5a, 0xf9,
    0xf9, 0x94, 0xf, 0xff, 0x52, 0xe0, 0xb5, 0x0,
    0x0, 0xd, 0x42, 0xe0, 0x5b, 0x0, 0x0, 0xe,
    0x32, 0xe0, 0x2f, 0x40, 0x0, 0x1f, 0x14, 0xfd,
    0x86, 0xe3, 0xc, 0xfa, 0x9, 0xb4, 0x0, 0x75,
    0x0, 0x0, 0x0, 0x0, 0x0, 0x0,

    /* U+5F3A "强" */
    0x6f, 0xff, 0x5e, 0xee, 0xef, 0x30, 0x0, 0xa,
    0x5e, 0x10, 0xd, 0x30, 0x0, 0xa, 0x5e, 0x20,
    0xd, 0x30, 0x19, 0x9d, 0x5c, 0xdf, 0xed, 0x20,
    0x3d, 0x66, 0x22, 0x2e, 0x52, 0x10, 0x5a, 0x0,
    0x1f, 0xbf, 0xcd, 0x80, 0x7e, 0xde, 0x6c, 0xe,
    0x27, 0x80, 0x0, 0xd, 0x5e, 0xef, 0xee, 0x70,
    0x0, 0xe, 0x20, 0xe, 0x2b, 0x20, 0x0, 0x2f,
    0x6b, 0xbf, 0xef, 0xb0, 0xb, 0xf9, 0x36, 0x54,
    0x33, 0xe1, 0x0, 0x0, 0x0, 0x0, 0x0, 0x0,

    /* U+5F53 "当" */
    0x33, 0x0, 0xd5, 0x0, 0x71, 0x6d, 0x0, 0xd5,
    0x4, 0xe1, 0xc, 0x70, 0xd5, 0xc, 0x70, 0x3,
    0x30, 0xd5, 0x7, 0x0, 0x9f, 0xff, 0xff, 0xff,
    0xf3, 0x12, 0x22, 0x22, 0x22, 0xf3, 0x1, 0x11,
    0x11, 0x11, 0xf3, 0x2f, 0xff, 0xff, 0xff, 0xf3,
    0x0, 0x0, 0x0, 0x0, 0xe3, 0xbe, 0xee, 0xee,
    0xee, 0xf3, 0x23, 0x33, 0x33, 0x33, 0xf3,

    /* U+5F55 "录" */
    0x0, 0x0, 0x0, 0x0, 0x0, 0x0, 0x6, 0xff,
    0xff, 0xff, 0xfe, 0x0, 0x0, 0x0, 0x0, 0x0,
    0x5d, 0x0, 0x0, 0xff, 0xff, 0xff, 0xfc, 0x0,
    0x0, 0x22, 0x22, 0x22, 0x8b, 0x0, 0x2d, 0xdd,
    0xdd, 0xdd, 0xef, 0xd3, 0x3, 0x82, 0x2a, 0xb2,
    0x29, 0x30, 0x1, 0xbc, 0x29, 0xf4, 0xbd, 0x20,
    0x0, 0x8, 0x7d, 0xdf, 0xa0, 0x0, 0x1, 0x7e,
    0xdc, 0x86, 0xe5, 0x0, 0xe, 0xb4, 0x9, 0x80,
    0x5e, 0xd2, 0x1, 0x2, 0xee, 0x40, 0x0, 0x50,

    /* U+5FC3 "心" */
    0x0, 0x0, 0x12, 0x0, 0x0, 0x0, 0x0, 0x0,
    0x5f, 0x70, 0x0, 0x0, 0x0, 0x0, 0x3, 0xeb,
    0x0, 0x0, 0x0, 0x1, 0x60, 0x1b, 0x20, 0x0,
    0x2, 0x63, 0xe0, 0x0, 0x5, 0x90, 0x6, 0xb3,
    0xe0, 0x0, 0x3, 0xf1, 0x9, 0x83, 0xe0, 0x0,
    0x0, 0xd6, 0xd, 0x53, 0xe0, 0x0, 0x11, 0x8b,
    0x1f, 0x13, 0xe0, 0x0, 0x4c, 0x3a, 0x3, 0x3,
    0xf1, 0x0, 0x8a, 0x0, 0x0, 0x0, 0xcf, 0xff,
    0xe3, 0x0,

    /* U+5FEB "快" */
    0x0, 0xf1, 0x0, 0x2f, 0x0, 0x0, 0x0, 0xf1,
    0x1, 0x3f, 0x11, 0x10, 0x16, 0xfd, 0x3f, 0xff,
    0xff, 0xc0, 0x39, 0xf8, 0x80, 0x2f, 0x4, 0xc0,
    0x75, 0xf2, 0x20, 0x2f, 0x4, 0xc0, 0x21, 0xf1,
    0xce, 0xef, 0xee, 0xfa, 0x0, 0xf1, 0x22, 0x8f,
    0xb2, 0x21, 0x0, 0xf1, 0x0, 0xc7, 0xf3, 0x0,
    0x0, 0xf1, 0x6, 0xe0, 0x8d, 0x0, 0x0, 0xf1,
    0x6f, 0x50, 0xc, 0xd4, 0x0, 0xf3, 0xd5, 0x0,
    0x0, 0x97, 0x0, 0x0, 0x0, 0x0, 0x0, 0x0,

    /* U+6001 "态" */
    0x0, 0x0, 0x6, 0xc0, 0x0, 0x0, 0x3, 0x33,
    0x39, 0xc3, 0x33, 0x32, 0x1c, 0xcc, 0xcf, 0xfe,
    0xcc, 0xc7, 0x0, 0x0, 0x3f, 0x6e, 0x20, 0x0,
    0x0, 0x2, 0xe8, 0xb, 0xd1, 0x0, 0x2, 0x8f,
    0x9c, 0xa1, 0xbf, 0x92, 0xe, 0xa3, 0x2, 0xb5,
    0x5, 0xc5, 0x1, 0x75, 0x58, 0xc0, 0x7, 0x40,
    0x5, 0xc8, 0x80, 0xa8, 0x27, 0xc0, 0xc, 0x78,
    0x90, 0x0, 0x98, 0xe3, 0x9, 0x4, 0xef, 0xff,
    0xe3, 0x63,

    /* U+6027 "性" */
    0x0, 0x0, 0x0, 0x0, 0x0, 0x0, 0x0, 0xf1,
    0x5, 0x29, 0x70, 0x0, 0x0, 0xf3, 0xe, 0x49,
    0x70, 0x0, 0x2a, 0xfd, 0x5f, 0xde, 0xec, 0xc1,
    0x39, 0xf8, 0xeb, 0x3b, 0x93, 0x30, 0x77, 0xf2,
    0xc5, 0x9, 0x70, 0x0, 0x52, 0xf1, 0x12, 0x1a,
    0x81, 0x10, 0x0, 0xf1, 0xf, 0xff, 0xff, 0xc0,
    0x0, 0xf1, 0x0, 0x9, 0x70, 0x0, 0x0, 0xf1,
    0x0, 0x9, 0x70, 0x0, 0x0, 0xf1, 0x44, 0x4b,
    0xa4, 0x41, 0x0, 0xf1, 0xbc, 0xcc, 0xcc, 0xc4,

    /* U+603B "总" */
    0x0, 0x1, 0x0, 0x0, 0x10, 0x0, 0x0, 0xd,
    0x70, 0x5, 0xe0, 0x0, 0x0, 0x4, 0xe0, 0xd,
    0x60, 0x0, 0x0, 0xde, 0xfe, 0xff, 0xfd, 0x0,
    0x0, 0xe5, 0x11, 0x11, 0x6e, 0x0, 0x0, 0xe4,
    0x0, 0x0, 0x5e, 0x0, 0x0, 0xef, 0xff, 0xff,
    0xfe, 0x0, 0x0, 0x11, 0x1a, 0x51, 0x11, 0x0,
    0x5, 0x39, 0x56, 0xf4, 0xa, 0x30, 0xd, 0x4b,
    0x70, 0x57, 0x4, 0xe0, 0x5e, 0xb, 0x80, 0x0,
    0xa6, 0xb5, 0x13, 0x6, 0xff, 0xff, 0xe2, 0x10,

    /* U+606F "息" */
    0x0, 0x0, 0x1, 0x0, 0x0, 0x0, 0x0, 0x1,
    0xf2, 0x0, 0x0, 0x0, 0xee, 0xee, 0xdd, 0xf3,
    0x0, 0xe, 0x31, 0x11, 0x1e, 0x30, 0x0, 0xeb,
    0xbb, 0xbb, 0xf3, 0x0, 0xe, 0x98, 0x88, 0x8f,
    0x30, 0x0, 0xe5, 0x33, 0x33, 0xe3, 0x0, 0xc,
    0xdd, 0xfd, 0xdd, 0x30, 0x2, 0x3, 0x1e, 0x30,
    0x15, 0x0, 0xe5, 0xf0, 0x4d, 0x13, 0xf3, 0x6d,
    0x1f, 0x10, 0x15, 0xc8, 0xb3, 0x40, 0xbf, 0xff,
    0xf6, 0x11,

    /* U+60F3 "想" */
    0x0, 0xf, 0x0, 0xae, 0xee, 0xf1, 0x1, 0x1f,
    0x21, 0xa5, 0x0, 0xf1, 0x1d, 0xef, 0xdb, 0xaa,
    0x66, 0xf1, 0x0, 0x9f, 0x60, 0xa9, 0x55, 0xf1,
    0x4, 0xcf, 0xbb, 0xae, 0xdd, 0xf1, 0x2e, 0x2f,
    0x3, 0xa5, 0x0, 0xf1, 0x2, 0xf, 0x1, 0x9e,
    0xee, 0xe1, 0x1, 0x21, 0x19, 0xa0, 0x4, 0x50,
    0x7, 0xa7, 0xa0, 0xd5, 0x25, 0xe0, 0xe, 0x47,
    0xa0, 0x10, 0xd3, 0xc7, 0x6, 0x2, 0xef, 0xff,
    0xc0, 0x20,

    /* U+611F "感" */
    0x0, 0x0, 0x0, 0x0, 0x0, 0x0, 0x0, 0x0,
    0x0, 0xb, 0x5b, 0x40, 0x3, 0xee, 0xee, 0xef,
    0xee, 0xf8, 0x4, 0xb4, 0x55, 0x58, 0x70, 0x60,
    0x5, 0xb6, 0x77, 0x76, 0xa7, 0x80, 0x6, 0x9a,
    0xdc, 0xc1, 0xed, 0x10, 0xb, 0x7b, 0x63, 0xd2,
    0xf9, 0x38, 0x1f, 0x35, 0x77, 0x7d, 0x6d, 0xe7,
    0x6, 0x1, 0x15, 0xb0, 0x0, 0x20, 0x3, 0x99,
    0x90, 0xc7, 0x17, 0xa0, 0xc, 0x69, 0x90, 0x23,
    0x88, 0xe3, 0x8, 0x4, 0xee, 0xee, 0xe3, 0x42,

    /* U+6162 "慢" */
    0x0, 0xf0, 0x4e, 0xaa, 0xad, 0x70, 0x0, 0xf2,
    0x4e, 0x88, 0x8c, 0x70, 0x28, 0xfc, 0x4d, 0x44,
    0x4b, 0x70, 0x39, 0xf9, 0x57, 0x77, 0x77, 0x30,
    0x66, 0xf1, 0xeb, 0xfb, 0xfb, 0xf1, 0x53, 0xf0,
    0xd5, 0xe4, 0xe4, 0xf1, 0x0, 0xf0, 0x67, 0x77,
    0x77, 0x70, 0x0, 0xf0, 0xef, 0xee, 0xef, 0x90,
    0x0, 0xf0, 0x8, 0xc3, 0x9d, 0x10, 0x0, 0xf0,
    0x25, 0xef, 0xf7, 0x20, 0x0, 0xf4, 0xd9, 0x51,
    0x59, 0xe3,

    /* U+6210 "成" */
    0x0, 0x0, 0x0, 0x0, 0x0, 0x0, 0x0, 0x0,
    0x0, 0x6c, 0x7a, 0x10, 0x0, 0x11, 0x11, 0x7c,
    0x29, 0xb1, 0x4, 0xff, 0xff, 0xff, 0xff, 0xf9,
    0x4, 0xd0, 0x0, 0x3e, 0x1, 0x30, 0x4, 0xfd,
    0xdb, 0x1f, 0x9, 0xa0, 0x4, 0xd3, 0x6d, 0xf,
    0x4f, 0x40, 0x5, 0xc0, 0x4d, 0xb, 0xec, 0x0,
    0x6, 0xa0, 0x5c, 0x8, 0xf2, 0x11, 0x9, 0x8b,
    0xf8, 0x4f, 0xf1, 0x5a, 0xe, 0x51, 0x15, 0xf7,
    0xaa, 0x98, 0x2d, 0x0, 0xa, 0x60, 0x1c, 0xe2,
    0x0, 0x0, 0x0, 0x0, 0x0, 0x0,

    /* U+6253 "打" */
    0x0, 0xb6, 0x2, 0x22, 0x22, 0x20, 0x0, 0xb6,
    0xc, 0xcc, 0xfd, 0xc4, 0x5f, 0xff, 0xe0, 0x0,
    0xe4, 0x0, 0x1, 0xb7, 0x10, 0x0, 0xe4, 0x0,
    0x0, 0xb6, 0x0, 0x0, 0xe4, 0x0, 0x3, 0xde,
    0xf0, 0x0, 0xe4, 0x0, 0x6f, 0xfa, 0x20, 0x0,
    0xe4, 0x0, 0x0, 0xb6, 0x0, 0x0, 0xe4, 0x0,
    0x0, 0xb6, 0x0, 0x0, 0xe4, 0x0, 0x0, 0xc6,
    0x0, 0x22, 0xf4, 0x0, 0xe, 0xe2, 0x0, 0xdf,
    0xc1, 0x0, 0x0, 0x0, 0x0, 0x0, 0x0, 0x0,

    /* U+626B "扫" */
    0x0, 0xa7, 0x0, 0x0, 0x0, 0x0, 0xa, 0x70,
    0xce, 0xee, 0xef, 0x4f, 0xff, 0xe0, 0x0, 0x1,
    0xf0, 0x1a, 0x81, 0x0, 0x0, 0x1f, 0x0, 0xa7,
    0x1, 0x22, 0x23, 0xf0, 0x1b, 0xcc, 0x8f, 0xff,
    0xff, 0x5f, 0xfb, 0x40, 0x0, 0x1, 0xf0, 0xa,
    0x70, 0x0, 0x0, 0x1f, 0x0, 0xa7, 0x0, 0x0,
    0x1, 0xf0, 0xa, 0x70, 0xef, 0xff, 0xff, 0xd,
    0xe3, 0x1, 0x11, 0x13, 0xf0, 0x0, 0x0, 0x0,
    0x0, 0x0,

    /* U+628A "把" */
    0x2, 0xe0, 0x5f, 0xff, 0xff, 0xe0, 0x2, 0xe0,
    0x5c, 0x1e, 0x35, 0xe0, 0x8f, 0xff, 0x6b, 0xe,
    0x13, 0xe0, 0x4, 0xe1, 0x5b, 0xe, 0x13, 0xe0,
    0x2, 0xe0, 0x5b, 0xe, 0x13, 0xe0, 0x6, 0xfd,
    0x9f, 0xff, 0xff, 0xe0, 0x69, 0xe2, 0x5c, 0x11,
    0x12, 0x60, 0x2, 0xe0, 0x5b, 0x0, 0x0, 0x10,
    0x2, 0xe0, 0x5b, 0x0, 0x0, 0x97, 0x3, 0xe0,
    0x4d, 0x10, 0x1, 0xd5, 0x3f, 0x90, 0xc, 0xff,
    0xff, 0xc0,

    /* U+62DF "拟" */
    0x0, 0x0, 0x0, 0x0, 0x1, 0x20, 0x0, 0xe0,
    0x2f, 0x11, 0x5, 0xc0, 0x0, 0xe0, 0x2f, 0x98,
    0x6, 0xb0, 0x6f, 0xff, 0x2f, 0x2f, 0x7, 0xa0,
    0x2, 0xf1, 0x2f, 0xc, 0x58, 0x80, 0x0, 0xe0,
    0x2f, 0x5, 0x5b, 0x60, 0x5, 0xfe, 0x3f, 0x0,
    0xe, 0x40, 0x8e, 0xf3, 0x2f, 0x5, 0x2f, 0x70,
    0x1, 0xe0, 0x2f, 0xbd, 0x9e, 0xe0, 0x0, 0xe0,
    0x5f, 0x92, 0xe5, 0xe4, 0x1, 0xe0, 0x86, 0xd,
    0xc0, 0x8a, 0x2f, 0xa0, 0x0, 0x2b, 0x10, 0x35,

    /* U+6301 "持" */
    0x1, 0xe0, 0x0, 0xd, 0x20, 0x0, 0x1, 0xe0,
    0x2d, 0xdf, 0xdd, 0x80, 0x8f, 0xfe, 0x13, 0x3e,
    0x53, 0x20, 0x37, 0xf6, 0x10, 0xe, 0x30, 0x0,
    0x1, 0xe0, 0xbf, 0xff, 0xff, 0xf3, 0x3, 0xfa,
    0x11, 0x11, 0x6b, 0x10, 0x9f, 0xf4, 0x9f, 0xff,
    0xff, 0xf1, 0x11, 0xe0, 0x8, 0x20, 0x5b, 0x0,
    0x1, 0xe0, 0x6, 0xc0, 0x5b, 0x0, 0x2, 0xe0,
    0x0, 0x90, 0x5b, 0x0, 0x3f, 0xa0, 0x0, 0xd,
    0xf7, 0x0, 0x0, 0x0, 0x0, 0x0, 0x0, 0x0,

    /* U+6309 "按" */
    0x0, 0x0, 0x0, 0x0, 0x0, 0x0, 0x2, 0xe0,
    0x0, 0xf, 0x20, 0x0, 0x2, 0xe0, 0x6b, 0xbf,
    0xdb, 0xb1, 0xaf, 0xff, 0xb8, 0x46, 0x22, 0xf1,
    0x3, 0xe1, 0x75, 0x8a, 0x0, 0xc1, 0x2, 0xe0,
    0x33, 0xd8, 0x33, 0x30, 0x2, 0xe2, 0xdd, 0xfc,
    0xdf, 0xc3, 0x5a, 0xfd, 0x2a, 0x90, 0x4e, 0x0,
    0x78, 0xe0, 0x1f, 0x91, 0xb8, 0x0, 0x2, 0xe0,
    0x1, 0x9f, 0xf1, 0x0, 0x2, 0xe0, 0x15, 0xcc,
    0xbe, 0x50, 0x5f, 0xa0, 0xab, 0x50, 0x5, 0xc0,
    0x0, 0x0, 0x0, 0x0, 0x0, 0x0,

    /* U+6311 "挑" */
    0x0, 0xf0, 0x0, 0xe0, 0xe0, 0x0, 0x0, 0xf0,
    0x71, 0xf0, 0xf0, 0x83, 0x7f, 0xff, 0x99, 0xf0,
    0xf4, 0xe0, 0x2, 0xf1, 0x1e, 0xf0, 0xfc, 0x50,
    0x0, 0xf1, 0x1, 0xf0, 0xf1, 0x0, 0x6, 0xff,
    0x14, 0xf0, 0xfd, 0x20, 0x8d, 0xf1, 0x9f, 0xe0,
    0xf7, 0xe2, 0x0, 0xf2, 0xb8, 0xc0, 0xf0, 0x76,
    0x0, 0xf0, 0xc, 0x70, 0xf0, 0x26, 0x1, 0xf0,
    0x9d, 0x0, 0xf3, 0x79, 0x2f, 0xa3, 0xb1, 0x0,
    0x8d, 0xd3,

    /* U+6362 "换" */
    0x0, 0x0, 0x0, 0x0, 0x0, 0x0, 0x1, 0xf0,
    0x1, 0xe2, 0x0, 0x0, 0x1, 0xf0, 0x9, 0xfe,
    0xff, 0x50, 0x4b, 0xfa, 0x7e, 0x10, 0xbc, 0x0,
    0x26, 0xf5, 0x9f, 0xdf, 0xee, 0xd0, 0x1, 0xf0,
    0x2d, 0xe, 0x23, 0xd0, 0x16, 0xfd, 0x5d, 0xf,
    0x13, 0xd0, 0x6c, 0xf2, 0xcf, 0xcf, 0xcd, 0xf7,
    0x1, 0xf0, 0x33, 0xbf, 0xa3, 0x32, 0x1, 0xf0,
    0x4, 0xe3, 0xe5, 0x0, 0x3, 0xf0, 0x6f, 0x40,
    0x3e, 0xa1, 0x1f, 0xa4, 0xd3, 0x0, 0x1, 0x98,
    0x0, 0x0, 0x0, 0x0, 0x0, 0x0,

    /* U+636E "据" */
    0x3, 0xc0, 0x6f, 0xff, 0xff, 0xe0, 0x3, 0xc0,
    0x6c, 0x0, 0x1, 0xe0, 0x7c, 0xfb, 0x7d, 0x11,
    0x13, 0xe0, 0x59, 0xe8, 0x7f, 0xee, 0xfe, 0xd0,
    0x3, 0xc0, 0x7c, 0x1, 0xe0, 0x0, 0x4, 0xea,
    0x8f, 0xef, 0xfe, 0xe6, 0x9e, 0xe4, 0x9a, 0x1,
    0xe0, 0x0, 0x3, 0xc0, 0xb9, 0xef, 0xfe, 0xe0,
    0x3, 0xc0, 0xe6, 0xd0, 0x0, 0xf0, 0x4, 0xc4,
    0xe2, 0xd2, 0x22, 0xf0, 0x5f, 0x88, 0x61, 0xfb,
    0xbc, 0xf0, 0x0, 0x0, 0x0, 0x10, 0x0, 0x0,

    /* U+6392 "排" */
    0x0, 0xa6, 0x0, 0x2d, 0x2a, 0x0, 0x0, 0xa6,
    0x0, 0x3e, 0x2c, 0x0, 0x1a, 0xec, 0x6c, 0xfe,
    0x2f, 0xe5, 0x4, 0xc8, 0x20, 0x2e, 0x2c, 0x0,
    0x0, 0xa6, 0xa, 0xde, 0x2f, 0xd3, 0x3, 0xce,
    0xc1, 0x4e, 0x2c, 0x20, 0x3f, 0xfa, 0x20, 0x3e,
    0x2c, 0x0, 0x1, 0xa6, 0xf, 0xfe, 0x2f, 0xf8,
    0x0, 0xa6, 0x0, 0x2e, 0x2c, 0x0, 0x0, 0xb6,
    0x0, 0x2e, 0x2c, 0x0, 0xc, 0xe2, 0x0, 0x2e,
    0x2c, 0x0, 0x0, 0x0, 0x0, 0x0, 0x0, 0x0,

    /* U+63A2 "探" */
    0x0, 0xf0, 0x9f, 0xee, 0xee, 0xf1, 0x0, 0xf0,
    0x94, 0x10, 0x0, 0xd1, 0x5f, 0xff, 0x33, 0xe1,
    0xc6, 0x20, 0x1, 0xf1, 0xc, 0x70, 0x2e, 0x40,
    0x0, 0xf0, 0x9b, 0x5, 0x5, 0xd0, 0x0, 0xfa,
    0x21, 0xe, 0x20, 0x20, 0x4e, 0xf7, 0xbf, 0xff,
    0xff, 0xf2, 0x13, 0xf0, 0x1, 0xdf, 0xe4, 0x0,
    0x0, 0xf0, 0x1c, 0x6e, 0x5e, 0x40, 0x0, 0xf1,
    0xe8, 0xe, 0x14, 0xe4, 0x1f, 0xb0, 0x20, 0xe,
    0x10, 0x10,

    /* U+63A5 "接" */
    0x2, 0xd0, 0x0, 0xc, 0x10, 0x0, 0x2, 0xd0,
    0x5e, 0xef, 0xfe, 0xe1, 0x5c, 0xfc, 0x4, 0x70,
    0x2b, 0x0, 0x27, 0xe5, 0x1, 0xd0, 0x98, 0x0,
    0x2, 0xd0, 0xbe, 0xff, 0xee, 0xe5, 0x4, 0xfa,
    0x0, 0x7a, 0x0, 0x0, 0x8f, 0xe4, 0xef, 0xff,
    0xff, 0xf7, 0x12, 0xd0, 0xa, 0x80, 0x4e, 0x0,
    0x2, 0xd0, 0x1b, 0xe9, 0xd7, 0x0, 0x3, 0xd0,
    0x3, 0x9f, 0xeb, 0x20, 0x2f, 0x90, 0xdc, 0x82,
    0x7, 0xd0, 0x0, 0x0, 0x0, 0x0, 0x0, 0x0,

    /* U+63A7 "控" */
    0x0, 0x0, 0x0, 0x0, 0x0, 0x0, 0x1, 0xe0,
    0x0, 0xe, 0x10, 0x0, 0x1, 0xe0, 0x7b, 0xbf,
    0xdb, 0xb2, 0x6f, 0xff, 0xa7, 0x32, 0x32, 0xe2,
    0x3, 0xe1, 0x34, 0xe2, 0xb7, 0x30, 0x1, 0xe0,
    0x3e, 0x60, 0x1d, 0x80, 0x1, 0xf9, 0x46, 0x0,
    0x2, 0x50, 0x5e, 0xf7, 0x2e, 0xef, 0xfe, 0x60,
    0x35, 0xe0, 0x0, 0xe, 0x30, 0x0, 0x1, 0xe0,
    0x0, 0xe, 0x30, 0x0, 0x2, 0xe0, 0x33, 0x3f,
    0x63, 0x31, 0x3f, 0xa0, 0xbb, 0xbb, 0xbb, 0xb3,

    /* U+63A8 "推" */
    0x4, 0xc0, 0x6, 0x93, 0x90, 0x0, 0x4, 0xc0,
    0xd, 0x60, 0xe1, 0x0, 0x8d, 0xfc, 0x6f, 0xff,
    0xff, 0xf0, 0x27, 0xd5, 0xff, 0x12, 0xe0, 0x0,
    0x4, 0xc7, 0xaf, 0xdd, 0xfd, 0xa0, 0x7, 0xff,
    0x1f, 0x23, 0xe2, 0x20, 0xbf, 0xe5, 0xf, 0x12,
    0xe0, 0x0, 0x35, 0xc0, 0xf, 0xff, 0xfe, 0xc0,
    0x4, 0xc0, 0xf, 0x1, 0xe0, 0x0, 0x5, 0xc0,
    0xf, 0xff, 0xff, 0xf3, 0x5f, 0x80, 0xf, 0x11,
    0x11, 0x10, 0x0, 0x0, 0x0, 0x0, 0x0, 0x0,

    /* U+63CF "描" */
    0x0, 0x0, 0x0, 0x0, 0x0, 0x0, 0x2, 0xe0,
    0x2, 0xe0, 0x2e, 0x0, 0x2, 0xe0, 0x25, 0xf3,
    0x5f, 0x31, 0x39, 0xf8, 0x9d, 0xfc, 0xdf, 0xc5,
    0x38, 0xf6, 0x2, 0xe0, 0x2e, 0x0, 0x2, 0xe0,
    0x2b, 0xcb, 0xbc, 0xb0, 0x6, 0xff, 0x4d, 0x4b,
    0x84, 0xf0, 0x8f, 0xf4, 0x3c, 0xa, 0x50, 0xf0,
    0x12, 0xe0, 0x3f, 0xff, 0xff, 0xf0, 0x2, 0xe0,
    0x3c, 0xa, 0x50, 0xf0, 0x3, 0xe0, 0x3f, 0xdf,
    0xee, 0xf0, 0x3f, 0x90, 0x3d, 0x11, 0x12, 0xf0,
    0x0, 0x0, 0x0, 0x0, 0x0, 0x0,

    /* U+641C "搜" */
    0x1, 0xe0, 0x1, 0x5e, 0x10, 0x0, 0x1, 0xe0,
    0x4d, 0x7e, 0x6e, 0xf0, 0x49, 0xf8, 0x6a, 0xe,
    0x11, 0xf0, 0x39, 0xf8, 0x6e, 0x9e, 0x4c, 0xf0,
    0x1, 0xe0, 0x5c, 0x6f, 0x76, 0xf0, 0x16, 0xfe,
    0x35, 0x5f, 0x65, 0x50, 0x6b, 0xf0, 0x5c, 0xcf,
    0xcc, 0x90, 0x1, 0xe0, 0x1c, 0x82, 0x4e, 0x50,
    0x1, 0xe0, 0x1, 0xd7, 0xe9, 0x0, 0x2, 0xe0,
    0x15, 0xbf, 0xf7, 0x20, 0x2f, 0xa2, 0xeb, 0x61,
    0x49, 0xe3, 0x0, 0x0, 0x0, 0x0, 0x0, 0x0,

    /* U+64AD "播" */
    0x0, 0x0, 0x0, 0x0, 0x0, 0x0, 0x0, 0xf0,
    0x9c, 0xbf, 0x99, 0x30, 0x0, 0xf0, 0xe, 0xe,
    0x1d, 0x30, 0x7f, 0xff, 0x2a, 0x3e, 0x4d, 0x0,
    0x25, 0xf4, 0xde, 0xff, 0xfe, 0xe2, 0x0, 0xf0,
    0x6, 0xcf, 0xba, 0x0, 0x4, 0xfe, 0xab, 0xe,
    0x19, 0xd3, 0x8e, 0xf3, 0xab, 0xbc, 0xbb, 0xc1,
    0x11, 0xf0, 0x4b, 0x1e, 0x27, 0x90, 0x0, 0xf0,
    0x4e, 0xcf, 0xce, 0x90, 0x1, 0xf0, 0x4b, 0x2e,
    0x28, 0x90, 0x2f, 0xa0, 0x4e, 0xaa, 0xac, 0x80,

    /* U+6536 "收" */
    0x0, 0x0, 0x0, 0x1, 0x0, 0x0, 0x0, 0x2,
    0xe0, 0x4e, 0x0, 0x0, 0xd, 0x22, 0xe0, 0x8a,
    0x0, 0x0, 0xe, 0x22, 0xe0, 0xcf, 0xff, 0xf6,
    0xe, 0x22, 0xe4, 0xf4, 0x19, 0x90, 0xe, 0x22,
    0xec, 0xf9, 0xc, 0x40, 0xe, 0x22, 0xe8, 0x3e,
    0x1f, 0x10, 0xe, 0x36, 0xe0, 0xb, 0xca, 0x0,
    0x1f, 0xfe, 0xe0, 0x4, 0xf4, 0x0, 0x1a, 0x32,
    0xe0, 0xc, 0xfa, 0x0, 0x0, 0x2, 0xe2, 0xcc,
    0x1d, 0xb1, 0x0, 0x2, 0xe8, 0x90, 0x1, 0xa3,
    0x0, 0x0, 0x0, 0x0, 0x0, 0x0,

    /* U+6539 "改" */
    0x2, 0x22, 0x20, 0x1d, 0x0, 0x0, 0x1f, 0xff,
    0xf2, 0x5d, 0x0, 0x0, 0x0, 0x0, 0xe2, 0xaf,
    0xcc, 0xc4, 0x0, 0x0, 0xe4, 0xf7, 0x2a, 0xa0,
    0xe, 0xff, 0xfd, 0xfb, 0xc, 0x50, 0xe, 0x42,
    0x27, 0x3f, 0x2f, 0x10, 0xe, 0x20, 0x0, 0xa,
    0xdb, 0x0, 0xe, 0x20, 0x31, 0x5, 0xf4, 0x0,
    0xf, 0x9d, 0xe2, 0x1d, 0xfb, 0x0, 0x3f, 0xb4,
    0x6, 0xea, 0x1d, 0xc2, 0x2, 0x0, 0x8, 0x60,
    0x0, 0x82,

    /* U+653E "放" */
    0x0, 0x4a, 0x0, 0xb, 0x50, 0x0, 0x1, 0x2d,
    0x11, 0x1f, 0x20, 0x0, 0x5f, 0xff, 0xfe, 0x5f,
    0xcc, 0xc7, 0x0, 0xf0, 0x0, 0xcc, 0x38, 0xb2,
    0x0, 0xff, 0xfc, 0xff, 0xa, 0x70, 0x0, 0xf1,
    0xaa, 0x6b, 0x5e, 0x30, 0x2, 0xd0, 0xa6, 0x6,
    0xed, 0x0, 0x3, 0xc0, 0xa5, 0x1, 0xf7, 0x0,
    0x8, 0x90, 0xb5, 0x9, 0xfd, 0x0, 0x1e, 0x30,
    0xd4, 0xae, 0x2c, 0xc2, 0x49, 0x2f, 0xc7, 0xb2,
    0x1, 0xb6, 0x0, 0x0, 0x0, 0x0, 0x0, 0x0,

    /* U+6570 "数" */
    0x6, 0x2c, 0x4a, 0x16, 0x80, 0x0, 0x5, 0x8c,
    0x79, 0xa, 0x60, 0x0, 0x2d, 0xef, 0xfd, 0x8d,
    0xff, 0xf8, 0x0, 0xbf, 0xe8, 0x3f, 0x46, 0xb0,
    0x1d, 0x8c, 0x49, 0xbf, 0x78, 0x80, 0x4, 0x2a,
    0x0, 0xc6, 0xbc, 0x40, 0xd, 0xff, 0xee, 0x10,
    0xee, 0x0, 0x2, 0xe0, 0x6b, 0x0, 0xba, 0x0,
    0x2, 0xad, 0xe2, 0x5, 0xef, 0x30, 0x4, 0xbd,
    0xb7, 0x7e, 0x35, 0xe4, 0x1b, 0x60, 0x2, 0xc2,
    0x0, 0x56,

    /* U+6574 "整" */
    0x6c, 0xdf, 0xcc, 0xb, 0x50, 0x0, 0x4, 0x6e,
    0x44, 0x3f, 0xee, 0xe2, 0x2e, 0x9e, 0x9d, 0xee,
    0x1b, 0x40, 0x2e, 0xbf, 0xbd, 0x46, 0xdc, 0x0,
    0x3, 0xee, 0xc4, 0x7, 0xfc, 0x20, 0x6c, 0x4d,
    0x15, 0xdb, 0x27, 0xf1, 0x7, 0x9a, 0x88, 0xa8,
    0x88, 0x60, 0x7, 0x88, 0x8d, 0xb8, 0x88, 0x40,
    0x0, 0x95, 0xa, 0xed, 0xda, 0x0, 0x0, 0xa6,
    0xa, 0x70, 0x0, 0x0, 0x9e, 0xff, 0xef, 0xfe,
    0xee, 0xe2,

    /* U+6599 "料" */
    0x0, 0x0, 0x0, 0x0, 0x0, 0x0, 0x11, 0x95,
    0x30, 0x10, 0x1e, 0x0, 0x59, 0x95, 0xd0, 0xc9,
    0x2e, 0x0, 0xd, 0x98, 0xa0, 0xa, 0x4e, 0x0,
    0x7, 0xa8, 0x41, 0x0, 0x1e, 0x0, 0x9f, 0xff,
    0xf8, 0xe4, 0x1e, 0x0, 0x2, 0xfa, 0x0, 0x38,
    0x1e, 0x0, 0xa, 0xee, 0x60, 0x0, 0x3f, 0x82,
    0x3e, 0xa6, 0xc8, 0xcf, 0xff, 0x82, 0xb6, 0x95,
    0x5, 0x41, 0x2e, 0x0, 0x20, 0x95, 0x0, 0x0,
    0x1e, 0x0, 0x0, 0x95, 0x0, 0x0, 0x1e, 0x0,
    0x0, 0x0, 0x0, 0x0, 0x0, 0x0,

    /* U+65B0 "新" */
    0x0, 0x1, 0x0, 0x0, 0x0, 0x0, 0x0, 0x4d,
    0x0, 0x3, 0x6b, 0xa0, 0x3e, 0xef, 0xee, 0x7e,
    0x85, 0x0, 0x5, 0x70, 0xb3, 0x69, 0x0, 0x0,
    0x3, 0xa0, 0xf0, 0x69, 0x0, 0x0, 0x6e, 0xff,
    0xee, 0xaf, 0xee, 0xe7, 0x0, 0x1e, 0x0, 0x6a,
    0x1e, 0x40, 0x5f, 0xff, 0xff, 0x88, 0xe, 0x20,
    0x6, 0x3e, 0x52, 0x87, 0xe, 0x20, 0x1e, 0x2e,
    0x5a, 0xb5, 0xe, 0x20, 0x47, 0x1e, 0x7, 0xf1,
    0xe, 0x20, 0x0, 0xdb, 0x3, 0xa0, 0xe, 0x20,
    0x0, 0x0, 0x0, 0x0, 0x2, 0x0,

    /* U+65B9 "方" */
    0x0, 0x0, 0x0, 0x0, 0x0, 0x0, 0x0, 0x0,
    0x9, 0x90, 0x0, 0x0, 0x1, 0x11, 0x15, 0xd1,
    0x11, 0x10, 0x3f, 0xff, 0xff, 0xff, 0xff, 0xf3,
    0x0, 0x1, 0xf2, 0x0, 0x0, 0x0, 0x0, 0x2,
    0xf2, 0x11, 0x11, 0x0, 0x0, 0x5, 0xff, 0xff,
    0xff, 0x10, 0x0, 0x8, 0xb0, 0x0, 0x2f, 0x0,
    0x0, 0xe, 0x60, 0x0, 0x3e, 0x0, 0x0, 0x7e,
    0x0, 0x0, 0x6c, 0x0, 0x7, 0xf5, 0x0, 0x11,
    0xb9, 0x0, 0x2e, 0x50, 0x3, 0xff, 0xd2, 0x0,
    0x0, 0x0, 0x0, 0x0, 0x0, 0x0,

    /* U+65E5 "日" */
    0xff, 0xff, 0xff, 0xff, 0xf, 0x41, 0x11, 0x14,
    0xf0, 0xf2, 0x0, 0x0, 0x2f, 0xf, 0x20, 0x0,
    0x2, 0xf0, 0xf5, 0x22, 0x22, 0x4f, 0xf, 0xff,
    0xff, 0xff, 0xf0, 0xf2, 0x0, 0x0, 0x2f, 0xf,
    0x20, 0x0, 0x2, 0xf0, 0xf4, 0x11, 0x11, 0x3f,
    0xf, 0xff, 0xff, 0xff, 0xf0, 0xf3, 0x0, 0x0,
    0x2f, 0x0,

    /* U+65E9 "早" */
    0x0, 0xff, 0xff, 0xff, 0xff, 0x50, 0x0, 0xf1,
    0x0, 0x0, 0xc, 0x50, 0x0, 0xf5, 0x33, 0x33,
    0x3d, 0x50, 0x0, 0xfb, 0xaa, 0xaa, 0xae, 0x50,
    0x0, 0xf4, 0x22, 0x22, 0x2d, 0x50, 0x0, 0xcc,
    0xce, 0xfc, 0xcc, 0x40, 0x0, 0x0, 0x6, 0xb0,
    0x0, 0x0, 0x2f, 0xff, 0xff, 0xff, 0xff, 0xfa,
    0x1, 0x11, 0x17, 0xc1, 0x11, 0x11, 0x0, 0x0,
    0x6, 0xb0, 0x0, 0x0, 0x0, 0x0, 0x6, 0xb0,
    0x0, 0x0,

    /* U+65F6 "时" */
    0x0, 0x0, 0x0, 0x0, 0xf, 0x20, 0xf, 0xff,
    0xe0, 0x0, 0xf, 0x20, 0xf, 0x1, 0xe7, 0xbb,
    0xbf, 0xc6, 0xf, 0x1, 0xe2, 0x33, 0x3f, 0x61,
    0xf, 0xef, 0xe1, 0xc0, 0xf, 0x20, 0xf, 0x2,
    0xe0, 0xb8, 0xf, 0x20, 0xf, 0x1, 0xe0, 0x3f,
    0x1f, 0x20, 0xf, 0x2, 0xe0, 0x6, 0x1f, 0x20,
    0xf, 0xee, 0xd0, 0x0, 0xf, 0x20, 0xb, 0x0,
    0x0, 0x1, 0x2f, 0x20, 0x0, 0x0, 0x0, 0x1f,
    0xfb, 0x0, 0x0, 0x0, 0x0, 0x0, 0x0, 0x0,

    /* U+660E "明" */
    0x0, 0x0, 0x0, 0x33, 0x33, 0x30, 0xf, 0xff,
    0xf0, 0xfd, 0xdd, 0xf2, 0xf, 0x1, 0xf0, 0xf0,
    0x0, 0xf2, 0xf, 0x0, 0xf0, 0xf0, 0x0, 0xf2,
    0xf, 0x12, 0xf0, 0xfa, 0xaa, 0xf2, 0xf, 0xde,
    0xf0, 0xf8, 0x88, 0xf2, 0xf, 0x0, 0xf1, 0xf0,
    0x0, 0xf2, 0xf, 0x12, 0xf3, 0xfa, 0xaa, 0xf2,
    0xf, 0xff, 0xe6, 0xc5, 0x55, 0xf2, 0x3, 0x0,
    0xd, 0x60, 0x0, 0xf2, 0x0, 0x0, 0x7e, 0x10,
    0x1, 0xf2, 0x0, 0x1, 0xd2, 0x0, 0xbf, 0xb0,
    0x0, 0x0, 0x0, 0x0, 0x0, 0x0,

    /* U+6628 "昨" */
    0x0, 0x0, 0x0, 0xb4, 0x0, 0x0, 0x1f, 0xff,
    0xc1, 0xf2, 0x11, 0x10, 0x1f, 0x4, 0xc7, 0xff,
    0xff, 0xf8, 0x1f, 0x4, 0xde, 0x4f, 0x20, 0x0,
    0x1f, 0xef, 0xd7, 0xf, 0xdd, 0xd3, 0x1f, 0x5,
    0xc0, 0xf, 0x42, 0x20, 0x1f, 0x4, 0xc0, 0xf,
    0x20, 0x0, 0x1f, 0x5, 0xc0, 0xf, 0xee, 0xe5,
    0x1f, 0xff, 0xb0, 0xf, 0x53, 0x31, 0xa, 0x0,
    0x0, 0xf, 0x20, 0x0, 0x0, 0x0, 0x0, 0xf,
    0x20, 0x0,

    /* U+662F "是" */
    0x0, 0xed, 0xdd, 0xdd, 0xdf, 0x0, 0x0, 0xe6,
    0x44, 0x44, 0x5f, 0x0, 0x0, 0xe9, 0x88, 0x88,
    0x8f, 0x0, 0x0, 0xeb, 0xaa, 0xaa, 0xaf, 0x0,
    0x1, 0x44, 0x44, 0x44, 0x44, 0x10, 0x1e, 0xee,
    0xef, 0xfe, 0xee, 0xe6, 0x0, 0x39, 0x5, 0xb0,
    0x0, 0x0, 0x0, 0x8b, 0x5, 0xfe, 0xee, 0x70,
    0x0, 0xdf, 0x35, 0xb0, 0x0, 0x0, 0x9, 0xc5,
    0xfb, 0xc1, 0x0, 0x0, 0x2e, 0x20, 0x3b, 0xef,
    0xff, 0xf7, 0x0, 0x0, 0x0, 0x0, 0x0, 0x0,

    /* U+665A "晚" */
    0x0, 0x0, 0x0, 0x0, 0x0, 0x0, 0x2, 0x22,
    0x0, 0xe2, 0x0, 0x0, 0x1f, 0xdf, 0x18, 0xfe,
    0xf9, 0x0, 0x1e, 0xe, 0x6f, 0x22, 0xe2, 0x0,
    0x1e, 0xe, 0xef, 0xef, 0xfe, 0xf1, 0x1f, 0xbf,
    0x4c, 0xc, 0x40, 0xe1, 0x1f, 0x5f, 0x4c, 0xe,
    0x20, 0xe1, 0x1e, 0xe, 0x4e, 0xff, 0xfe, 0xe1,
    0x1e, 0x1e, 0x10, 0x6e, 0xf0, 0x0, 0x1f, 0xdd,
    0x11, 0xe7, 0xf0, 0x22, 0x9, 0x0, 0x4e, 0x92,
    0xf0, 0x68, 0x0, 0xa, 0xe6, 0x0, 0xef, 0xf3,
    0x0, 0x1, 0x0, 0x0, 0x0, 0x0,

    /* U+6668 "晨" */
    0x0, 0xcd, 0xcc, 0xcc, 0xcf, 0x30, 0x0, 0xc4,
    0x0, 0x0, 0xe, 0x30, 0x0, 0xcc, 0xbb, 0xbb,
    0xbf, 0x30, 0x0, 0x9a, 0x99, 0x99, 0x9c, 0x20,
    0x3, 0xcc, 0xcc, 0xcc, 0xcc, 0xc3, 0x4, 0xd4,
    0x66, 0x66, 0x66, 0x10, 0x4, 0xd3, 0x66, 0x66,
    0x66, 0x10, 0x6, 0xfd, 0xfd, 0xfe, 0xdd, 0xd6,
    0x8, 0x91, 0xf0, 0x2c, 0x5c, 0x70, 0xd, 0x54,
    0xf6, 0x93, 0xdc, 0x73, 0x1c, 0x7, 0xb7, 0x40,
    0x3, 0x84,

    /* U+666F "景" */
    0x1, 0xfb, 0xbb, 0xbb, 0xdc, 0x0, 0x1, 0xf1,
    0x11, 0x11, 0x5c, 0x0, 0x1, 0xf9, 0x99, 0x99,
    0xbc, 0x0, 0x1, 0xa9, 0x9d, 0xa9, 0x98, 0x0,
    0x5c, 0xcc, 0xcf, 0xec, 0xcc, 0xc1, 0x1, 0x67,
    0x77, 0x77, 0x75, 0x10, 0x0, 0xd8, 0x66, 0x66,
    0xb9, 0x0, 0x0, 0xdb, 0xaa, 0xaa, 0xd9, 0x0,
    0x0, 0x38, 0x3b, 0x85, 0x61, 0x0, 0x17, 0xe7,
    0xb, 0x63, 0xcc, 0x30, 0x3a, 0x21, 0xde, 0x30,
    0x5, 0x90,

    /* U+667A "智" */
    0x4, 0xa0, 0x0, 0x0, 0x0, 0x0, 0xce, 0xfe,
    0xa7, 0xff, 0xfe, 0x2b, 0xf, 0x10, 0x89, 0x2,
    0xe5, 0xde, 0xfd, 0xd8, 0x90, 0x2e, 0x0, 0xbd,
    0xb3, 0x7d, 0xab, 0xe2, 0xd8, 0x4, 0x71, 0x33,
    0x33, 0x1, 0xbe, 0xee, 0xee, 0xee, 0x0, 0xb,
    0x60, 0x0, 0x3, 0xe0, 0x0, 0xbe, 0xdd, 0xdd,
    0xee, 0x0, 0xb, 0x72, 0x22, 0x25, 0xe0, 0x0,
    0xbd, 0xbb, 0xbb, 0xce, 0x0,

    /* U+6696 "暖" */
    0x0, 0x0, 0x0, 0x12, 0x46, 0x30, 0x0, 0x0,
    0x7e, 0xde, 0xde, 0xb0, 0x1f, 0xef, 0x19, 0xe,
    0x7, 0x90, 0x1e, 0xe, 0x1d, 0x2d, 0x2d, 0x20,
    0x1e, 0xe, 0x6d, 0xbc, 0xcf, 0xb1, 0x1f, 0x9f,
    0x24, 0xf3, 0x33, 0x30, 0x1f, 0x5f, 0xdf, 0xfe,
    0xee, 0xe5, 0x1e, 0xe, 0x16, 0xd6, 0x66, 0x20,
    0x1e, 0x1e, 0x1c, 0xf8, 0x7e, 0x50, 0x1f, 0xee,
    0x3f, 0x9c, 0x7c, 0x0, 0xa, 0x1, 0xd7, 0x3e,
    0xf9, 0x20, 0x0, 0x8, 0x88, 0xc5, 0x28, 0xe4,
    0x0, 0x0, 0x0, 0x0, 0x0, 0x0,

    /* U+66F2 "曲" */
    0x0, 0x1f, 0x2, 0xe0, 0x0, 0x0, 0x1f, 0x2,
    0xe0, 0x0, 0xde, 0xff, 0xef, 0xfe, 0xed, 0xe4,
    0x3f, 0x24, 0xe2, 0x4e, 0xe2, 0x1f, 0x2, 0xe0,
    0x2e, 0xe3, 0x3f, 0x14, 0xe1, 0x4e, 0xef, 0xff,
    0xff, 0xff, 0xfe, 0xe2, 0x1f, 0x2, 0xe0, 0x2e,
    0xe2, 0x1f, 0x2, 0xe0, 0x2e, 0xef, 0xff, 0xff,
    0xff, 0xfe, 0xe3, 0x11, 0x11, 0x11, 0x4e,

    /* U+66F4 "更" */
    0x2f, 0xff, 0xff, 0xff, 0xff, 0xf3, 0x0, 0x0,
    0x7, 0xa0, 0x0, 0x0, 0x1, 0xcc, 0xce, 0xfc,
    0xcc, 0x50, 0x1, 0xe1, 0x18, 0xb1, 0x1b, 0x70,
    0x1, 0xfd, 0xde, 0xfd, 0xdf, 0x70, 0x1, 0xe0,
    0x8, 0xa0, 0xa, 0x70, 0x1, 0xfe, 0xef, 0xfe,
    0xef, 0x70, 0x0, 0x78, 0xd, 0x50, 0x0, 0x0,
    0x0, 0x1e, 0xce, 0x0, 0x0, 0x0, 0x1, 0x5d,
    0xfe, 0xa6, 0x32, 0x10, 0x2f, 0xc6, 0x2, 0x7b,
    0xde, 0xf6, 0x0, 0x0, 0x0, 0x0, 0x0, 0x0,

    /* U+66FF "替" */
    0x0, 0xe, 0x10, 0x0, 0xc3, 0x0, 0x9, 0xdf,
    0xe8, 0x7d, 0xfe, 0xd1, 0x1, 0x1f, 0x21, 0x11,
    0xd4, 0x10, 0x1c, 0xdf, 0xda, 0x9d, 0xff, 0xc6,
    0x0, 0xbd, 0xc2, 0x1c, 0x9d, 0x40, 0x1c, 0xb0,
    0x65, 0xc8, 0x3, 0xe6, 0x4, 0xaf, 0xff, 0xff,
    0xff, 0x11, 0x0, 0xa7, 0x0, 0x0, 0x1f, 0x0,
    0x0, 0xae, 0xcc, 0xcc, 0xdf, 0x0, 0x0, 0xa9,
    0x33, 0x33, 0x4f, 0x0, 0x0, 0xad, 0xbb, 0xbb,
    0xcf, 0x0,

    /* U+6700 "最" */
    0x1, 0xfc, 0xcc, 0xcc, 0xdb, 0x0, 0x1, 0xf0,
    0x0, 0x0, 0x7b, 0x0, 0x1, 0xfa, 0xaa, 0xaa,
    0xcb, 0x0, 0x1, 0xc9, 0x99, 0x99, 0xa9, 0x0,
    0x7b, 0xbb, 0xbb, 0xbb, 0xbb, 0xb1, 0x19, 0xa5,
    0xb9, 0x66, 0x66, 0x40, 0x7, 0xd9, 0xd8, 0xdc,
    0xad, 0xa0, 0x7, 0xdb, 0xd7, 0x3d, 0x2e, 0x30,
    0x7, 0x93, 0xba, 0x9, 0xf8, 0x0, 0x7e, 0xfe,
    0xed, 0x6e, 0xde, 0x60, 0x22, 0x0, 0x98, 0xb3,
    0x4, 0xc1,

    /* U+672C "本" */
    0x0, 0x0, 0x9, 0x90, 0x0, 0x0, 0x0, 0x0,
    0x9, 0x90, 0x0, 0x0, 0x2d, 0xdd, 0xdf, 0xfd,
    0xdd, 0xd3, 0x4, 0x45, 0xfc, 0xcf, 0x54, 0x40,
    0x0, 0x8, 0xb9, 0x9c, 0x80, 0x0, 0x0, 0x1f,
    0x49, 0x94, 0xf1, 0x0, 0x0, 0xba, 0x9, 0x90,
    0xbb, 0x0, 0x9, 0xf4, 0x2a, 0xa2, 0x4f, 0xa0,
    0x4e, 0x6f, 0xff, 0xff, 0xf6, 0xe4, 0x0, 0x0,
    0x9, 0x90, 0x0, 0x0, 0x0, 0x0, 0x9, 0x90,
    0x0, 0x0,

    /* U+673A "机" */
    0x0, 0xa6, 0x3, 0xff, 0xfe, 0x0, 0x0, 0xa6,
    0x3, 0xd0, 0x3e, 0x0, 0x6c, 0xed, 0xc4, 0xd0,
    0x2e, 0x0, 0x24, 0xf9, 0x44, 0xd0, 0x2e, 0x0,
    0x3, 0xfa, 0x4, 0xd0, 0x2e, 0x0, 0x9, 0xff,
    0x75, 0xc0, 0x2e, 0x0, 0x1e, 0xa7, 0xd7, 0xa0,
    0x2e, 0x0, 0x98, 0xa6, 0x19, 0x80, 0x2e, 0x0,
    0x60, 0xa6, 0xe, 0x30, 0x2e, 0x39, 0x0, 0xa6,
    0x6c, 0x0, 0x2f, 0x49, 0x0, 0xa6, 0xb3, 0x0,
    0xd, 0xf4,

    /* U+6742 "杂" */
    0x0, 0x0, 0x98, 0x0, 0x0, 0x0, 0xb, 0xee,
    0xff, 0xee, 0xa0, 0x0, 0x1, 0x27, 0xe2, 0x27,
    0xb0, 0x20, 0x0, 0x3f, 0x60, 0x6, 0xb0, 0xa5,
    0x2b, 0xf6, 0x0, 0x3, 0xff, 0xf2, 0x7, 0x21,
    0x1b, 0x91, 0x34, 0x30, 0x2f, 0xff, 0xff, 0xff,
    0xff, 0xf1, 0x0, 0x16, 0xa, 0x81, 0x60, 0x0,
    0x1, 0xc9, 0xa, 0x80, 0xca, 0x0, 0x1d, 0xa0,
    0xb, 0x80, 0xc, 0x80, 0x3, 0x2, 0xfe, 0x40,
    0x1, 0x0,

    /* U+6761 "条" */
    0x0, 0x0, 0x0, 0x0, 0x0, 0x0, 0x0, 0x1,
    0xe6, 0x0, 0x0, 0x0, 0x0, 0x1c, 0xfe, 0xef,
    0xf4, 0x0, 0x5, 0xed, 0xc1, 0x1c, 0xb0, 0x0,
    0x9, 0x50, 0x8e, 0xea, 0x0, 0x0, 0x0, 0x38,
    0xdc, 0xce, 0x94, 0x10, 0x4d, 0xa7, 0x25, 0x42,
    0x7a, 0xd3, 0x2, 0xbb, 0xbe, 0xdb, 0xbb, 0x30,
    0x0, 0x36, 0x3a, 0xa3, 0x63, 0x0, 0x0, 0x5e,
    0x19, 0x83, 0xe3, 0x0, 0x7, 0xe3, 0x9, 0x80,
    0x4e, 0x20, 0x4, 0x20, 0xae, 0x50, 0x6, 0x20,

    /* U+6784 "构" */
    0x0, 0xe2, 0x4, 0xc0, 0x0, 0x0, 0x0, 0xe2,
    0x9, 0xb4, 0x44, 0x40, 0x9f, 0xff, 0x8f, 0xbb,
    0xbc, 0xf0, 0x3, 0xf4, 0xb9, 0x51, 0x1, 0xf0,
    0x7, 0xfc, 0x51, 0xf1, 0x2, 0xf0, 0xc, 0xfc,
    0x65, 0xa6, 0x23, 0xe0, 0x4b, 0xe4, 0x2b, 0x47,
    0x94, 0xd0, 0xa5, 0xe2, 0x4f, 0xec, 0xe5, 0xc0,
    0x30, 0xe2, 0x13, 0x0, 0x47, 0xb0, 0x0, 0xe2,
    0x0, 0x1, 0x1b, 0x80, 0x0, 0xe2, 0x0, 0x6,
    0xfd, 0x20,

    /* U+67B6 "架" */
    0x0, 0x88, 0x0, 0x2, 0x22, 0x20, 0x4e, 0xff,
    0xed, 0x5e, 0xcc, 0xf0, 0x0, 0xd3, 0x3d, 0x5b,
    0x2, 0xf0, 0x4, 0xe0, 0x5c, 0x5b, 0x2, 0xf0,
    0x3e, 0x67, 0xd9, 0x5f, 0xee, 0xf0, 0x15, 0x2,
    0x46, 0x60, 0x0, 0x0, 0x3d, 0xdd, 0xdf, 0xfd,
    0xdd, 0xd2, 0x1, 0x12, 0xcf, 0xfc, 0x21, 0x10,
    0x0, 0x2d, 0x99, 0x9a, 0xd3, 0x0, 0x2a, 0xf7,
    0x9, 0x80, 0x7f, 0xc2, 0x19, 0x10, 0x9, 0x80,
    0x1, 0x70,

    /* U+67D4 "柔" */
    0x0, 0x0, 0x0, 0x0, 0x0, 0x0, 0x0, 0xee,
    0xee, 0xef, 0xf9, 0x0, 0x0, 0x1, 0x94, 0x6e,
    0xa0, 0x0, 0x0, 0x1, 0x8d, 0xfb, 0x0, 0x0,
    0xd, 0xdd, 0xff, 0xfd, 0xdf, 0xe0, 0x0, 0x2b,
    0xb5, 0xd0, 0x2e, 0x40, 0x1c, 0xd6, 0x7b, 0xc0,
    0x34, 0x0, 0x3, 0x0, 0x3b, 0x80, 0x0, 0x0,
    0x3e, 0xee, 0xff, 0xff, 0xee, 0xe4, 0x0, 0x7,
    0xec, 0xce, 0x70, 0x0, 0x17, 0xdb, 0x19, 0x81,
    0xbd, 0x81, 0x2a, 0x40, 0x9, 0x80, 0x3, 0x92,

    /* U+67E5 "查" */
    0x0, 0x0, 0x9, 0x80, 0x0, 0x0, 0x3d, 0xdd,
    0xde, 0xed, 0xdd, 0xd4, 0x1, 0x15, 0xec, 0xce,
    0x41, 0x10, 0x0, 0x5e, 0x49, 0x84, 0xe5, 0x0,
    0x2b, 0xc3, 0x7, 0x60, 0x3c, 0xc3, 0x15, 0x5d,
    0xaa, 0xaa, 0xe4, 0x40, 0x0, 0x5e, 0x99, 0x99,
    0xe5, 0x0, 0x0, 0x5c, 0x22, 0x22, 0xd5, 0x0,
    0x0, 0x5f, 0xdd, 0xdd, 0xf5, 0x0, 0x2, 0x33,
    0x33, 0x33, 0x33, 0x20, 0x1c, 0xcc, 0xcc, 0xcc,
    0xcc, 0xc2,

    /* U+6807 "标" */
    0x0, 0xe3, 0x0, 0x11, 0x11, 0x0, 0x0, 0xe3,
    0x9, 0xff, 0xff, 0x80, 0x47, 0xf9, 0x40, 0x0,
    0x0, 0x0, 0x6b, 0xfb, 0x72, 0x22, 0x22, 0x20,
    0x7, 0xfa, 0x2d, 0xdf, 0xed, 0xd3, 0xc, 0xfc,
    0x70, 0xb, 0x60, 0x0, 0x5b, 0xe4, 0x48, 0x5b,
    0x6a, 0x30, 0xc4, 0xe3, 0xe, 0x2b, 0x67, 0x90,
    0x20, 0xe3, 0x6b, 0xb, 0x62, 0xf0, 0x0, 0xe3,
    0x93, 0x2c, 0x60, 0xb2, 0x0, 0xe3, 0x0, 0xfe,
    0x30, 0x0, 0x0, 0x0, 0x0, 0x0, 0x0, 0x0,

    /* U+680F "栏" */
    0x0, 0xe2, 0x4, 0x60, 0xc, 0x20, 0x0, 0xe2,
    0x2, 0xe1, 0x6c, 0x0, 0x39, 0xfa, 0x53, 0xa5,
    0xd8, 0x20, 0x27, 0xf8, 0x5d, 0xdd, 0xdd, 0x90,
    0x4, 0xfa, 0x0, 0x0, 0x0, 0x0, 0xa, 0xfd,
    0x41, 0x11, 0x11, 0x0, 0x2c, 0xe5, 0x1a, 0xff,
    0xff, 0x30, 0x95, 0xe2, 0x0, 0x0, 0x0, 0x0,
    0x20, 0xe2, 0x0, 0x0, 0x0, 0x0, 0x0, 0xe2,
    0xbe, 0xee, 0xee, 0xe1, 0x0, 0xe2, 0x12, 0x22,
    0x22, 0x20,

    /* U+6837 "样" */
    0x0, 0x0, 0x0, 0x0, 0x0, 0x0, 0x0, 0xe2,
    0xa, 0x50, 0xc, 0x50, 0x0, 0xe2, 0x5, 0xc0,
    0x4d, 0x0, 0x5f, 0xff, 0xcf, 0xff, 0xff, 0xe0,
    0x1, 0xf4, 0x0, 0xd, 0x50, 0x0, 0x5, 0xfb,
    0x2, 0x2d, 0x62, 0x10, 0xa, 0xfd, 0x6d, 0xdf,
    0xed, 0x70, 0x2e, 0xf5, 0x20, 0xd, 0x40, 0x0,
    0x88, 0xe2, 0xcf, 0xff, 0xff, 0xf1, 0x10, 0xe2,
    0x11, 0x1d, 0x51, 0x10, 0x0, 0xe2, 0x0, 0xd,
    0x40, 0x0, 0x0, 0xe2, 0x0, 0xd, 0x40, 0x0,

    /* U+6848 "案" */
    0x0, 0x0, 0x9, 0x40, 0x0, 0x0, 0xf, 0xfe,
    0xff, 0xee, 0xee, 0xf0, 0xc, 0x0, 0x6a, 0x0,
    0x0, 0xc0, 0x3e, 0xef, 0xfe, 0xee, 0xfe, 0xe3,
    0x0, 0x4f, 0x84, 0x5d, 0x50, 0x0, 0x5, 0x6a,
    0xee, 0xad, 0xb7, 0x20, 0x9, 0x86, 0x36, 0x50,
    0x38, 0x60, 0x5e, 0xee, 0xef, 0xfe, 0xee, 0xe5,
    0x0, 0x5, 0xdd, 0xcd, 0x50, 0x0, 0x17, 0xcc,
    0x29, 0x82, 0xcd, 0x82, 0x2a, 0x40, 0x9, 0x80,
    0x4, 0xa3,

    /* U+6A21 "模" */
    0x0, 0xf1, 0x13, 0xf3, 0x7b, 0x20, 0x0, 0xf1,
    0x6a, 0xfa, 0xce, 0xa1, 0x5f, 0xff, 0x43, 0xd3,
    0x7a, 0x20, 0x2, 0xf3, 0x3e, 0x77, 0x7b, 0x90,
    0x5, 0xfa, 0x2f, 0xcc, 0xcd, 0x90, 0xb, 0xfc,
    0x6e, 0x55, 0x5a, 0x90, 0x3d, 0xf4, 0x16, 0x6f,
    0x86, 0x40, 0x76, 0xf1, 0xbc, 0xcf, 0xcc, 0xc2,
    0x10, 0xf1, 0x22, 0xcc, 0xe5, 0x20, 0x0, 0xf1,
    0x3a, 0xe2, 0x5e, 0x71, 0x0, 0xf2, 0xd9, 0x10,
    0x4, 0xc2,

    /* U+6B21 "次" */
    0x0, 0x0, 0x0, 0x0, 0x0, 0x0, 0x1, 0x0,
    0xc, 0x70, 0x0, 0x0, 0x1e, 0x90, 0x1f, 0x51,
    0x11, 0x10, 0x1, 0xc7, 0x5f, 0xff, 0xff, 0xf1,
    0x0, 0x0, 0xd8, 0x27, 0x4, 0xd0, 0x0, 0x5,
    0xf1, 0x4e, 0xa, 0x70, 0x0, 0x23, 0x30, 0x5f,
    0x15, 0x10, 0x0, 0xb9, 0x0, 0xaf, 0x60, 0x0,
    0x6, 0xe1, 0x2, 0xf9, 0xd0, 0x0, 0x2f, 0x50,
    0xc, 0xc0, 0xb9, 0x0, 0x18, 0x3, 0xdd, 0x10,
    0x2d, 0xb2, 0x0, 0xa, 0x91, 0x0, 0x0, 0x92,
    0x0, 0x0, 0x0, 0x0, 0x0, 0x0,

    /* U+6B4C "歌" */
    0x0, 0x0, 0x0, 0x5, 0x20, 0x0, 0x5f, 0xff,
    0xff, 0x9d, 0x30, 0x0, 0x0, 0x0, 0x3c, 0xf,
    0x76, 0x61, 0xd, 0xcf, 0x3c, 0x3e, 0xbb, 0xf4,
    0xd, 0xd, 0x3c, 0x97, 0x60, 0xe1, 0xa, 0xcc,
    0x3c, 0xe2, 0xe3, 0xd0, 0x49, 0x99, 0xae, 0xa0,
    0xf2, 0x30, 0x25, 0x55, 0x7e, 0x51, 0xf5, 0x0,
    0xe, 0xcf, 0x3d, 0x5, 0xfa, 0x0, 0xe, 0x2c,
    0x3d, 0xc, 0x5e, 0x30, 0xe, 0x99, 0x3d, 0x6d,
    0x6, 0xe1, 0x1, 0x4, 0xda, 0xd2, 0x0, 0x96,
    0x0, 0x0, 0x0, 0x0, 0x0, 0x0,

    /* U+6B63 "正" */
    0x1, 0x22, 0x22, 0x22, 0x22, 0x20, 0xa, 0xff,
    0xff, 0xff, 0xff, 0xf1, 0x0, 0x0, 0x2, 0xf0,
    0x0, 0x0, 0x0, 0x32, 0x2, 0xf0, 0x0, 0x0,
    0x0, 0x98, 0x2, 0xf1, 0x11, 0x0, 0x0, 0x98,
    0x2, 0xff, 0xff, 0x70, 0x0, 0x98, 0x2, 0xf0,
    0x0, 0x0, 0x0, 0x98, 0x2, 0xf0, 0x0, 0x0,
    0x0, 0x98, 0x2, 0xf0, 0x0, 0x0, 0x1d, 0xfe,
    0xde, 0xfd, 0xdd, 0xd8, 0x3, 0x33, 0x33, 0x33,
    0x33, 0x32,

    /* U+6B65 "步" */
    0x0, 0x0, 0x7, 0xb0, 0x0, 0x0, 0x0, 0xa7,
    0x7, 0xff, 0xff, 0x40, 0x0, 0xa7, 0x7, 0xc1,
    0x11, 0x0, 0x24, 0xc9, 0x4a, 0xd4, 0x44, 0x40,
    0x5b, 0xbb, 0xbe, 0xeb, 0xbb, 0xb0, 0x0, 0x1a,
    0x19, 0x90, 0x8, 0x10, 0x1, 0xca, 0x9, 0x90,
    0x8d, 0x0, 0xd, 0xb0, 0x9, 0x98, 0xf3, 0x0,
    0x3, 0x0, 0x8, 0xfd, 0x20, 0x0, 0x1, 0x48,
    0xde, 0x80, 0x0, 0x0, 0x4f, 0xd9, 0x50, 0x0,
    0x0, 0x0, 0x0, 0x0, 0x0, 0x0, 0x0, 0x0,

    /* U+6BB5 "段" */
    0x0, 0x3, 0x50, 0x0, 0x0, 0x0, 0x6, 0xce,
    0x80, 0xef, 0xfd, 0x0, 0xd, 0x70, 0x0, 0xe1,
    0x2d, 0x0, 0xd, 0x40, 0x0, 0xf0, 0x2d, 0x0,
    0xd, 0xfe, 0xb5, 0xb0, 0x1e, 0x10, 0xd, 0x30,
    0xc, 0x20, 0x6, 0x93, 0xd, 0xfe, 0xb9, 0xdd,
    0xdd, 0x80, 0xd, 0x40, 0x2, 0xe2, 0x1d, 0x50,
    0xd, 0x88, 0xa0, 0xa9, 0x7e, 0x0, 0xbf, 0xc9,
    0x60, 0x1f, 0xf5, 0x0, 0xd, 0x30, 0x2, 0xaf,
    0xeb, 0x20, 0xd, 0x30, 0x4f, 0xa2, 0x1a, 0xf3,
    0x0, 0x0, 0x1, 0x0, 0x0, 0x0,

    /* U+6BC1 "毁" */
    0x0, 0x30, 0x0, 0x0, 0x0, 0x0, 0xc, 0xa7,
    0xed, 0x1f, 0xff, 0x20, 0xe, 0x0, 0x1d, 0x1e,
    0xd, 0x20, 0xf, 0xb4, 0xbd, 0x2c, 0xd, 0x20,
    0xf, 0x83, 0x9d, 0x5a, 0xd, 0x50, 0xe, 0x44,
    0x5e, 0xd3, 0x5, 0xb2, 0x6, 0x66, 0x65, 0xac,
    0xbc, 0x90, 0x1e, 0xee, 0xec, 0x3d, 0xb, 0x70,
    0x0, 0x4c, 0x0, 0xa, 0xae, 0x10, 0x0, 0x5d,
    0x68, 0x6, 0xf7, 0x0, 0x4f, 0xdb, 0x9a, 0xcd,
    0x7e, 0xb1, 0x0, 0x0, 0x2, 0x70, 0x1, 0x80,

    /* U+6BCF "每" */
    0x0, 0x1, 0x0, 0x0, 0x0, 0x0, 0x0, 0x2f,
    0x20, 0x0, 0x0, 0x0, 0x0, 0xbf, 0xff, 0xff,
    0xff, 0xf0, 0x7, 0xd1, 0x0, 0x0, 0x0, 0x0,
    0x4f, 0x9e, 0xee, 0xee, 0xec, 0x0, 0x3, 0x7a,
    0x1e, 0x50, 0x4d, 0x0, 0x0, 0x98, 0x3, 0xe2,
    0x4d, 0x0, 0x7f, 0xff, 0xff, 0xee, 0xff, 0xf7,
    0x0, 0xe3, 0x2b, 0x80, 0x6b, 0x0, 0x1, 0xfd,
    0xcd, 0xfd, 0xee, 0xc0, 0x0, 0x22, 0x22, 0x22,
    0xc8, 0x20, 0x0, 0x0, 0x0, 0x5d, 0xe1, 0x0,
    0x0, 0x0, 0x0, 0x0, 0x0, 0x0,

    /* U+6C14 "气" */
    0x0, 0x3c, 0x0, 0x0, 0x0, 0x0, 0x0, 0xbe,
    0xbb, 0xbb, 0xbb, 0xb0, 0x3, 0xf4, 0x33, 0x33,
    0x33, 0x30, 0x1e, 0x8d, 0xee, 0xee, 0xee, 0x10,
    0x6c, 0x22, 0x22, 0x22, 0x20, 0x0, 0x1, 0xcc,
    0xcc, 0xcc, 0xf4, 0x0, 0x0, 0x0, 0x0, 0x0,
    0xc5, 0x0, 0x0, 0x0, 0x0, 0x0, 0xb6, 0x0,
    0x0, 0x0, 0x0, 0x0, 0x89, 0x21, 0x0, 0x0,
    0x0, 0x0, 0x4e, 0x87, 0x0, 0x0, 0x0, 0x0,
    0x9, 0xd2,

    /* U+6C1B "氛" */
    0x0, 0x2c, 0x0, 0x0, 0x0, 0x0, 0x0, 0xce,
    0xdd, 0xdd, 0xdd, 0xd2, 0xb, 0xb8, 0x77, 0x77,
    0x77, 0x20, 0x3a, 0x5, 0x55, 0x55, 0x55, 0x10,
    0x3, 0xdd, 0xdd, 0xdd, 0xf8, 0x0, 0x0, 0x2c,
    0x5, 0x80, 0x88, 0x0, 0x5, 0xd3, 0x0, 0xaa,
    0x99, 0x0, 0x1a, 0xce, 0xee, 0xe8, 0xba, 0x0,
    0x0, 0xd, 0x30, 0xf0, 0x4c, 0x23, 0x0, 0x7c,
    0x1, 0xf0, 0x1f, 0x58, 0x9, 0xc1, 0x6e, 0x90,
    0x9, 0xf4, 0x0, 0x0, 0x0, 0x0, 0x0, 0x20,

    /* U+6D41 "流" */
    0x0, 0x0, 0x0, 0x2, 0x0, 0x0, 0xb, 0x90,
    0x0, 0x2f, 0x0, 0x0, 0x1, 0xa9, 0xcc, 0xcf,
    0xdc, 0xc3, 0x0, 0x0, 0x36, 0xf4, 0x5a, 0x31,
    0x28, 0x10, 0xd, 0x60, 0x2e, 0x40, 0x2c, 0xe1,
    0xdf, 0xff, 0xfe, 0xe1, 0x0, 0x60, 0x55, 0x22,
    0x1, 0x81, 0x0, 0x12, 0x3c, 0x2d, 0x1e, 0x0,
    0x0, 0x8a, 0x4b, 0x2d, 0x1e, 0x0, 0x2, 0xf2,
    0x79, 0x2d, 0x1e, 0x11, 0xb, 0x80, 0xd5, 0x2d,
    0x1f, 0x38, 0x1c, 0x18, 0xa0, 0x18, 0xd, 0xe4,
    0x0, 0x0, 0x0, 0x0, 0x0, 0x0,

    /* U+6D45 "浅" */
    0x8, 0x70, 0x0, 0xf3, 0xb2, 0x0, 0x1, 0xb8,
    0x0, 0xf1, 0x5c, 0x0, 0x0, 0x1, 0x24, 0xfa,
    0xac, 0xb0, 0x27, 0x1, 0xdb, 0xf9, 0x53, 0x10,
    0x1a, 0xd0, 0x0, 0xc6, 0x35, 0x72, 0x0, 0x22,
    0xac, 0xff, 0xdb, 0xa2, 0x0, 0x53, 0x53, 0x7c,
    0x4, 0xe1, 0x0, 0xe4, 0x0, 0x1f, 0x7e, 0x40,
    0x5, 0xc0, 0x0, 0x5f, 0xd2, 0x75, 0xd, 0x51,
    0x9e, 0xd8, 0xf5, 0xb5, 0x9, 0x0, 0x93, 0x0,
    0x5d, 0xd0,

    /* U+6DE1 "淡" */
    0x7, 0x50, 0x2, 0xf, 0x10, 0x10, 0x3, 0xd9,
    0x4c, 0xf, 0x9, 0xa0, 0x0, 0x1, 0xc5, 0x4f,
    0x2e, 0x10, 0x15, 0x0, 0x0, 0xcd, 0xe6, 0x0,
    0x2c, 0xc1, 0x7d, 0xb0, 0x4d, 0xb0, 0x0, 0x40,
    0x74, 0xf, 0x10, 0x60, 0x0, 0x42, 0x5b, 0x1f,
    0x6, 0xd0, 0x0, 0xd5, 0xc6, 0x5f, 0x5e, 0x50,
    0x6, 0xd0, 0x70, 0xcc, 0xe5, 0x0, 0xe, 0x50,
    0x4c, 0xd0, 0x8d, 0x50, 0x7, 0x6, 0xd7, 0x0,
    0x5, 0xc4, 0x0, 0x0, 0x0, 0x0, 0x0, 0x0,

    /* U+6DF1 "深" */
    0x3, 0x10, 0x0, 0x0, 0x0, 0x0, 0x9, 0xe4,
    0xfe, 0xee, 0xee, 0xf0, 0x0, 0x42, 0xe0, 0x30,
    0x30, 0xf0, 0x0, 0x0, 0x38, 0xa0, 0xd7, 0x30,
    0x3b, 0x10, 0x4f, 0x20, 0x2e, 0x30, 0x2c, 0xe1,
    0xe5, 0x6, 0x6, 0xb0, 0x0, 0x50, 0x31, 0x2f,
    0x11, 0x20, 0x0, 0x31, 0xee, 0xff, 0xfe, 0xe1,
    0x0, 0xd3, 0x4, 0xef, 0xe2, 0x0, 0x5, 0xb0,
    0x3e, 0x5f, 0x5d, 0x20, 0xe, 0x36, 0xf5, 0x1f,
    0x7, 0xf2, 0x18, 0x2, 0x20, 0x1f, 0x0, 0x30,

    /* U+6DF7 "混" */
    0x1, 0x0, 0x0, 0x0, 0x0, 0x0, 0xc, 0xb2,
    0xee, 0xee, 0xef, 0x90, 0x0, 0x96, 0xe2, 0x0,
    0x8, 0x90, 0x0, 0x0, 0xef, 0xff, 0xff, 0x90,
    0x26, 0x0, 0xe1, 0x0, 0x8, 0x90, 0x3e, 0xb0,
    0xde, 0xee, 0xee, 0x80, 0x1, 0x60, 0x51, 0x1,
    0x40, 0x0, 0x0, 0x21, 0xd5, 0x14, 0xd1, 0x81,
    0x0, 0xa8, 0xde, 0xd5, 0xfe, 0x81, 0x3, 0xe0,
    0xd3, 0x3, 0xe1, 0x10, 0xd, 0x60, 0xe7, 0x75,
    0xd0, 0x68, 0x2b, 0x3, 0xfc, 0x83, 0xef, 0xe3,
    0x0, 0x0, 0x10, 0x0, 0x0, 0x0,

    /* U+6E05 "清" */
    0x9, 0x30, 0x22, 0x7b, 0x22, 0x10, 0x5, 0xe5,
    0x99, 0xce, 0x99, 0x70, 0x0, 0x0, 0xcc, 0xde,
    0xcc, 0x50, 0x57, 0x3, 0x44, 0x9c, 0x44, 0x40,
    0x3c, 0x97, 0x88, 0x88, 0x88, 0x81, 0x0, 0x10,
    0xbd, 0xdd, 0xdd, 0x20, 0x0, 0x71, 0xd6, 0x44,
    0x4e, 0x20, 0x2, 0xf1, 0xd8, 0x77, 0x7e, 0x20,
    0x9, 0x90, 0xdd, 0xcc, 0xcf, 0x20, 0x1f, 0x20,
    0xd2, 0x0, 0xe, 0x20, 0x18, 0x0, 0xd2, 0x3,
    0xed, 0x0,

    /* U+6E10 "渐" */
    0x0, 0x0, 0x20, 0x0, 0x0, 0x0, 0xe, 0x80,
    0xb4, 0x2, 0x7d, 0xc0, 0x2, 0xbc, 0xfe, 0xe9,
    0xa4, 0x0, 0x0, 0x1, 0xe1, 0x18, 0x50, 0x0,
    0x36, 0x3, 0xa9, 0x8, 0x83, 0x31, 0x3c, 0xa7,
    0x6e, 0x18, 0xce, 0xb5, 0x0, 0x1c, 0xff, 0xf9,
    0x5b, 0x30, 0x0, 0x40, 0xe, 0x19, 0x4b, 0x30,
    0x4, 0xd2, 0x6f, 0xed, 0x3b, 0x30, 0xa, 0x6b,
    0xaf, 0x2d, 0x1b, 0x30, 0x2f, 0x10, 0xe, 0x3c,
    0xb, 0x30, 0x38, 0x0, 0xe, 0x47, 0xb, 0x30,
    0x0, 0x0, 0x0, 0x0, 0x0, 0x0,

    /* U+6E21 "渡" */
    0x0, 0x0, 0x0, 0x0, 0x0, 0x0, 0x9, 0x80,
    0x0, 0xe, 0x20, 0x0, 0x2, 0xc7, 0xee, 0xef,
    0xfe, 0xe5, 0x0, 0x0, 0xf0, 0xa0, 0xa, 0x10,
    0x3a, 0x30, 0xfe, 0xfe, 0xef, 0xe4, 0x18, 0xe0,
    0xf0, 0xe3, 0x1e, 0x10, 0x0, 0x1, 0xf0, 0x9a,
    0xaa, 0x10, 0x0, 0x94, 0xe8, 0xcc, 0xcc, 0x90,
    0x2, 0xf5, 0xc1, 0xd6, 0x3e, 0x50, 0xa, 0x88,
    0x90, 0x3f, 0xe8, 0x0, 0x2f, 0x2e, 0x57, 0xdc,
    0xce, 0x92, 0x5, 0x7, 0x8, 0x30, 0x2, 0x81,

    /* U+70B9 "点" */
    0x0, 0x0, 0xa, 0x70, 0x0, 0x0, 0x0, 0x0,
    0xa, 0xff, 0xff, 0xd0, 0x0, 0x0, 0xa, 0x81,
    0x11, 0x10, 0x0, 0x44, 0x4c, 0xa4, 0x44, 0x0,
    0x0, 0xfc, 0xbb, 0xbb, 0xcf, 0x0, 0x0, 0xf0,
    0x0, 0x0, 0x1f, 0x0, 0x0, 0xfd, 0xcc, 0xcc,
    0xdf, 0x0, 0x0, 0x43, 0x33, 0x33, 0x35, 0x0,
    0x4, 0xe0, 0xc1, 0x59, 0xd, 0x60, 0x1d, 0x60,
    0xd4, 0x1f, 0x13, 0xf1, 0x27, 0x0, 0x72, 0x6,
    0x10, 0x61,

    /* U+7247 "片" */
    0x0, 0xe3, 0x0, 0x5d, 0x0, 0x0, 0xe, 0x30,
    0x5, 0xd0, 0x0, 0x0, 0xe4, 0x0, 0x6d, 0x0,
    0x0, 0xe, 0xff, 0xff, 0xff, 0xfb, 0x0, 0xf5,
    0x11, 0x11, 0x11, 0x10, 0xf, 0x52, 0x22, 0x22,
    0x0, 0x2, 0xff, 0xff, 0xff, 0xf3, 0x0, 0x4e,
    0x0, 0x0, 0xe, 0x30, 0x9, 0xa0, 0x0, 0x0,
    0xe3, 0x2, 0xf4, 0x0, 0x0, 0xe, 0x30, 0x39,
    0x0, 0x0, 0x0, 0xe3, 0x0, 0x0, 0x0, 0x0,
    0x0, 0x0,

    /* U+7248 "版" */
    0x0, 0x0, 0x0, 0x0, 0x0, 0x0, 0xd, 0x2e,
    0x12, 0xff, 0xfd, 0x91, 0xd, 0x2e, 0x12, 0xe1,
    0x0, 0x0, 0xd, 0x2e, 0x12, 0xe0, 0x0, 0x0,
    0xd, 0xff, 0xf5, 0xfc, 0xcc, 0xc2, 0xe, 0x20,
    0x2, 0xfe, 0x44, 0xf1, 0xe, 0x31, 0x3, 0xdb,
    0x44, 0xd0, 0xf, 0xef, 0x64, 0xc6, 0xa9, 0x90,
    0xf, 0xa, 0x65, 0xb1, 0xee, 0x20, 0x3e, 0xa,
    0x69, 0x90, 0xcd, 0x0, 0x7a, 0xa, 0x7e, 0x69,
    0xdd, 0xb0, 0x74, 0xa, 0x9d, 0x7a, 0x0, 0xb5,
    0x0, 0x0, 0x0, 0x0, 0x0, 0x0,

    /* U+72B6 "状" */
    0x0, 0x0, 0x0, 0x0, 0x0, 0x0, 0x0, 0x1f,
    0x0, 0xf, 0x18, 0x0, 0x15, 0x1f, 0x0, 0xf,
    0x19, 0x90, 0x1e, 0x6f, 0x0, 0xf, 0x10, 0x70,
    0x5, 0xbf, 0x9d, 0xdf, 0xdd, 0xd4, 0x0, 0x2f,
    0x23, 0x5f, 0x83, 0x31, 0x0, 0x7f, 0x0, 0x5f,
    0xa0, 0x0, 0x7, 0xff, 0x0, 0x9b, 0xf1, 0x0,
    0x5d, 0x4f, 0x1, 0xf2, 0xa7, 0x0, 0x1, 0x1f,
    0x9, 0xc0, 0x3f, 0x20, 0x0, 0x1f, 0x6f, 0x30,
    0x8, 0xd2, 0x0, 0x1f, 0xb5, 0x0, 0x0, 0x94,
    0x0, 0x0, 0x0, 0x0, 0x0, 0x0,

    /* U+72EC "独" */
    0x29, 0x9, 0x20, 0xe, 0x20, 0x0, 0xa, 0xec,
    0x0, 0xe, 0x20, 0x0, 0x7, 0xf4, 0x5e, 0xef,
    0xfe, 0xd0, 0x4e, 0xa8, 0x5b, 0xe, 0x34, 0xe0,
    0x2, 0x5c, 0x5a, 0xe, 0x23, 0xe0, 0x0, 0xcd,
    0x5a, 0xe, 0x23, 0xe0, 0x8, 0xee, 0x5f, 0xff,
    0xff, 0xe0, 0x5d, 0x4d, 0x0, 0xe, 0x27, 0x30,
    0x1, 0x3c, 0x0, 0xe, 0x27, 0xb0, 0x1, 0x8a,
    0x68, 0xaf, 0xef, 0xf2, 0xf, 0xd3, 0x89, 0x75,
    0x31, 0xa5, 0x0, 0x0, 0x0, 0x0, 0x0, 0x0,

    /* U+7387 "率" */
    0x0, 0x0, 0x0, 0x0, 0x0, 0x0, 0x0, 0x0,
    0x7, 0xd0, 0x0, 0x0, 0xd, 0xff, 0xff, 0xff,
    0xff, 0xf7, 0x3, 0x30, 0x1e, 0x26, 0x21, 0x40,
    0x5, 0xe6, 0xbd, 0x9c, 0x3d, 0x70, 0x0, 0x24,
    0x5a, 0xc5, 0x25, 0x0, 0x4, 0xbc, 0x8e, 0x7e,
    0xae, 0x50, 0x9, 0x40, 0xaa, 0xa5, 0xa2, 0xb2,
    0x3, 0x33, 0x38, 0xd3, 0x33, 0x32, 0x1c, 0xcc,
    0xcd, 0xfc, 0xcc, 0xc7, 0x0, 0x0, 0x5, 0xc0,
    0x0, 0x0, 0x0, 0x0, 0x5, 0xc0, 0x0, 0x0,

    /* U+73AF "环" */
    0x0, 0x0, 0x0, 0x0, 0x0, 0x0, 0x8f, 0xff,
    0x7f, 0xff, 0xff, 0xf4, 0x3, 0xd0, 0x0, 0xb,
    0x90, 0x0, 0x3, 0xc0, 0x0, 0x2f, 0x40, 0x0,
    0x3, 0xc0, 0x0, 0x9f, 0x61, 0x0, 0x5f, 0xfc,
    0x2, 0xff, 0xcb, 0x0, 0x4, 0xd1, 0xc, 0xbf,
    0x3d, 0x70, 0x3, 0xc0, 0x9d, 0xf, 0x23, 0xf1,
    0x3, 0xd6, 0x22, 0xf, 0x20, 0x20, 0x4c, 0xfb,
    0x0, 0xf, 0x20, 0x0, 0x46, 0x10, 0x0, 0xf,
    0x20, 0x0, 0x0, 0x0, 0x0, 0xf, 0x20, 0x0,

    /* U+73B0 "现" */
    0x1f, 0xff, 0xe8, 0xff, 0xff, 0xe0, 0x0, 0x98,
    0x8, 0x90, 0x1, 0xe0, 0x0, 0x97, 0x8, 0x90,
    0x41, 0xe0, 0x0, 0x97, 0x8, 0x92, 0xd1, 0xe0,
    0xe, 0xff, 0xa8, 0x93, 0xd1, 0xe0, 0x1, 0xa8,
    0x8, 0x93, 0xc1, 0xe0, 0x0, 0x97, 0x2, 0x26,
    0xa0, 0x40, 0x0, 0x9a, 0x90, 0xb, 0xd4, 0x0,
    0x1a, 0xff, 0xb0, 0x59, 0xb4, 0x3a, 0x2c, 0x61,
    0x5, 0xd1, 0xb4, 0x49, 0x0, 0x0, 0x7d, 0x20,
    0x7d, 0xe4, 0x0, 0x0, 0x10, 0x0, 0x0, 0x0,

    /* U+73BB "玻" */
    0xaf, 0xff, 0x10, 0xe, 0x20, 0x0, 0x4, 0xc0,
    0x12, 0x2e, 0x42, 0x50, 0x3, 0xc0, 0x8f, 0xef,
    0xee, 0xd0, 0x3, 0xc0, 0x88, 0xe, 0x26, 0x90,
    0x5c, 0xe8, 0x89, 0x3f, 0x56, 0x30, 0x28, 0xd4,
    0x8f, 0xec, 0xcf, 0x70, 0x3, 0xc0, 0xaa, 0xe0,
    0x2f, 0x10, 0x3, 0xc4, 0xb4, 0xc8, 0xb9, 0x0,
    0x3a, 0xfc, 0xf1, 0x2f, 0xe1, 0x0, 0x88, 0x25,
    0xb2, 0xbe, 0xeb, 0x30, 0x0, 0x8, 0x5e, 0x80,
    0x8, 0xe1, 0x0, 0x0, 0x0, 0x0, 0x0, 0x0,

    /* U+73ED "班" */
    0x0, 0x0, 0x0, 0xe1, 0x11, 0x10, 0x5f, 0xff,
    0x10, 0xe8, 0xef, 0xe5, 0x2, 0xd0, 0x32, 0xe1,
    0x2e, 0x0, 0x2, 0xd0, 0x84, 0xe1, 0x2e, 0x0,
    0x17, 0xe5, 0x94, 0xe1, 0x2e, 0x0, 0x2a, 0xf8,
    0xc1, 0xe6, 0xff, 0xf3, 0x2, 0xd0, 0x90, 0xf0,
    0x2f, 0x0, 0x2, 0xd0, 0x2, 0xe0, 0x2e, 0x0,
    0x3, 0xe9, 0x17, 0xa0, 0x2e, 0x0, 0x6f, 0xc7,
    0x3e, 0x44, 0x5f, 0x42, 0x10, 0x0, 0xc6, 0x4c,
    0xcc, 0xc7, 0x0, 0x0, 0x0, 0x0, 0x0, 0x0,

    /* U+7403 "球" */
    0x7f, 0xff, 0x40, 0xd, 0x4a, 0x20, 0x1, 0xf0,
    0x0, 0xd, 0x43, 0x80, 0x1, 0xf0, 0x7f, 0xff,
    0xff, 0xf4, 0x1, 0xf0, 0x2, 0xd, 0x40, 0x40,
    0x5f, 0xff, 0x3e, 0x1d, 0x78, 0xb0, 0x2, 0xf1,
    0x8, 0x6d, 0xdd, 0x10, 0x1, 0xf0, 0x0, 0x7f,
    0xf4, 0x0, 0x1, 0xf3, 0x28, 0xce, 0xab, 0x0,
    0x3a, 0xfe, 0xdd, 0x1d, 0x3c, 0x90, 0x58, 0x30,
    0x61, 0xe, 0x31, 0xc3, 0x0, 0x0, 0x3, 0xfd,
    0x0, 0x0,

    /* U+7483 "璃" */
    0x0, 0x0, 0x0, 0x0, 0x0, 0x0, 0x0, 0x0,
    0x0, 0xd, 0x40, 0x0, 0x6f, 0xfe, 0xaf, 0xff,
    0xff, 0xf7, 0x1, 0xe0, 0xa, 0x46, 0x84, 0xa0,
    0x1, 0xe0, 0xf, 0x3d, 0xc3, 0xe0, 0x4c, 0xfb,
    0xf, 0xb7, 0x79, 0xe0, 0x4, 0xe2, 0x7, 0x7c,
    0xb7, 0x60, 0x1, 0xe0, 0x5d, 0xdf, 0xed, 0xd4,
    0x1, 0xe8, 0x8a, 0x7a, 0x55, 0xb5, 0x6f, 0xea,
    0x8a, 0xda, 0xba, 0xa5, 0x23, 0x0, 0x6a, 0x75,
    0x37, 0xb5, 0x0, 0x0, 0x6a, 0x0, 0xc, 0xd2,

    /* U+7528 "用" */
    0x0, 0x11, 0x11, 0x11, 0x11, 0x10, 0x2f, 0xff,
    0xff, 0xff, 0xfe, 0x2, 0xe0, 0x3, 0xd0, 0x3,
    0xe0, 0x2f, 0x44, 0x7e, 0x44, 0x7e, 0x2, 0xfc,
    0xcd, 0xfc, 0xcd, 0xe0, 0x3e, 0x0, 0x3d, 0x0,
    0x3e, 0x4, 0xfe, 0xee, 0xfe, 0xee, 0xe0, 0x5b,
    0x22, 0x6e, 0x22, 0x5e, 0x9, 0x70, 0x3, 0xd0,
    0x3, 0xe1, 0xe2, 0x0, 0x3d, 0x0, 0x4e, 0x5a,
    0x0, 0x3, 0xd2, 0xff, 0x90, 0x0, 0x0, 0x0,
    0x1, 0x0,

    /* U+7535 "电" */
    0x0, 0x0, 0x4e, 0x0, 0x0, 0x0, 0x22, 0x25,
    0xe2, 0x22, 0x10, 0x4f, 0xff, 0xff, 0xff, 0xfd,
    0x4, 0xd0, 0x4, 0xe0, 0x4, 0xd0, 0x4f, 0xff,
    0xff, 0xff, 0xfd, 0x4, 0xd0, 0x4, 0xe0, 0x5,
    0xd0, 0x4e, 0x22, 0x5e, 0x22, 0x6d, 0x4, 0xff,
    0xff, 0xff, 0xff, 0xc0, 0x39, 0x0, 0x4e, 0x0,
    0x2, 0xb0, 0x0, 0x3, 0xf2, 0x11, 0x8d, 0x0,
    0x0, 0xc, 0xff, 0xff, 0x50,

    /* U+754C "界" */
    0x1, 0xfe, 0xef, 0xee, 0xef, 0x0, 0x1, 0xf0,
    0xc, 0x50, 0x2f, 0x0, 0x1, 0xfe, 0xef, 0xee,
    0xef, 0x0, 0x1, 0xf0, 0xc, 0x50, 0x2f, 0x0,
    0x1, 0xfe, 0xef, 0xee, 0xef, 0x0, 0x0, 0x9,
    0xc0, 0x2e, 0x60, 0x0, 0x3, 0xcf, 0x30, 0x6,
    0xfa, 0x30, 0x2f, 0x87, 0xa0, 0xd, 0x79, 0xe1,
    0x0, 0x9, 0x80, 0xd, 0x40, 0x0, 0x0, 0x6f,
    0x20, 0xd, 0x40, 0x0, 0x4, 0xd4, 0x0, 0xd,
    0x40, 0x0, 0x0, 0x0, 0x0, 0x0, 0x0, 0x0,

    /* U+7559 "留" */
    0x0, 0x5, 0x60, 0x0, 0x0, 0x0, 0x9e, 0xa5,
    0xf, 0xff, 0xfc, 0xd, 0x42, 0x10, 0x2e, 0x4,
    0xc0, 0xd4, 0x7a, 0x5, 0xb0, 0x5b, 0xe, 0x8a,
    0xf3, 0xc7, 0x7, 0x92, 0xfe, 0x8b, 0xee, 0x2b,
    0xe6, 0x3, 0x0, 0x6, 0x20, 0x54, 0x0, 0x3f,
    0xee, 0xfe, 0xee, 0xe0, 0x3, 0xe0, 0xe, 0x20,
    0x4e, 0x0, 0x3f, 0xcc, 0xfd, 0xcd, 0xe0, 0x3,
    0xe2, 0x2e, 0x42, 0x5e, 0x0, 0x3f, 0xbb, 0xbb,
    0xbc, 0xe0,

    /* U+7565 "略" */
    0x0, 0x0, 0x0, 0x92, 0x0, 0xf, 0xff, 0xf0,
    0x4f, 0x10, 0x0, 0xd6, 0x5d, 0xc, 0xfe, 0xed,
    0xd, 0x65, 0xd9, 0xf7, 0xa, 0x70, 0xd6, 0x5d,
    0xd5, 0xe8, 0xd0, 0xf, 0xff, 0xf0, 0x9, 0xf6,
    0x0, 0xd6, 0x5d, 0x1b, 0xe7, 0xf8, 0x1d, 0x65,
    0xde, 0xe5, 0x47, 0xf9, 0xe8, 0x7e, 0x5f, 0xcc,
    0xce, 0xe, 0xbb, 0xb3, 0xd0, 0x2, 0xe0, 0x0,
    0x0, 0x3e, 0x44, 0x6e, 0x0, 0x0, 0x3, 0xfb,
    0xbc, 0xe0,

    /* U+767D "白" */
    0x0, 0x0, 0x0, 0x0, 0x0, 0x0, 0x0, 0xe6,
    0x0, 0x0, 0x2, 0x25, 0xf4, 0x22, 0x20, 0x2f,
    0xff, 0xff, 0xff, 0xf4, 0x2e, 0x0, 0x0, 0x0,
    0xe4, 0x2e, 0x0, 0x0, 0x0, 0xe4, 0x2f, 0xdd,
    0xdd, 0xdd, 0xf4, 0x2f, 0x33, 0x33, 0x33, 0xe4,
    0x2e, 0x0, 0x0, 0x0, 0xe4, 0x2e, 0x0, 0x0,
    0x0, 0xe4, 0x2f, 0xff, 0xff, 0xff, 0xf4, 0x2e,
    0x11, 0x11, 0x11, 0xd4,

    /* U+7684 "的" */
    0x5, 0x90, 0x3, 0xd0, 0x0, 0x0, 0x97, 0x0,
    0x8b, 0x11, 0x10, 0xfe, 0xef, 0x2e, 0xee, 0xef,
    0x2f, 0x0, 0xe9, 0xc0, 0x0, 0xe1, 0xf0, 0xe,
    0x84, 0x30, 0xf, 0x1f, 0xee, 0xf1, 0x4e, 0x10,
    0xf0, 0xf1, 0xe, 0x10, 0xaa, 0xf, 0xf, 0x0,
    0xe1, 0x1, 0xa2, 0xe0, 0xf1, 0xe, 0x10, 0x0,
    0x3d, 0xf, 0xfe, 0xe1, 0x0, 0x7, 0xb0, 0xf0,
    0x0, 0x0, 0xce, 0xf4, 0x0, 0x0, 0x0, 0x1,
    0x21, 0x0,

    /* U+76EE "目" */
    0x2f, 0xff, 0xff, 0xff, 0xf1, 0x2f, 0x11, 0x11,
    0x12, 0xf1, 0x2f, 0x0, 0x0, 0x1, 0xf1, 0x2f,
    0xcc, 0xcc, 0xcd, 0xf1, 0x2f, 0x44, 0x44, 0x45,
    0xf1, 0x2f, 0x0, 0x0, 0x1, 0xf1, 0x2f, 0xff,
    0xff, 0xff, 0xf1, 0x2f, 0x11, 0x11, 0x13, 0xf1,
    0x2f, 0x0, 0x0, 0x1, 0xf1, 0x2f, 0xff, 0xff,
    0xff, 0xf1, 0x2f, 0x11, 0x11, 0x12, 0xf1,

    /* U+770B "看" */
    0x0, 0x0, 0x0, 0x12, 0x36, 0x10, 0x3, 0xde,
    0xef, 0xdb, 0xa8, 0x30, 0x0, 0x33, 0x5f, 0x33,
    0x33, 0x20, 0x3, 0xee, 0xff, 0xee, 0xee, 0xa0,
    0x2, 0x22, 0xc8, 0x22, 0x22, 0x21, 0xb, 0xbd,
    0xfb, 0xbb, 0xbb, 0xb4, 0x0, 0x1e, 0xd9, 0x99,
    0x99, 0x20, 0x1, 0xcf, 0x84, 0x44, 0x4e, 0x40,
    0x2e, 0xab, 0xcb, 0xbb, 0xbf, 0x40, 0x5, 0xb,
    0xb9, 0x99, 0x9f, 0x40, 0x0, 0xb, 0x84, 0x44,
    0x4e, 0x40, 0x0, 0xb, 0xdb, 0xbb, 0xbf, 0x40,

    /* U+771F "真" */
    0x0, 0x0, 0x1, 0x30, 0x0, 0x0, 0x4, 0x55,
    0x58, 0xe5, 0x55, 0x51, 0x7, 0x99, 0x9c, 0xd9,
    0x99, 0x91, 0x0, 0x5b, 0xbe, 0xeb, 0xba, 0x0,
    0x0, 0x6b, 0x44, 0x44, 0x7d, 0x0, 0x0, 0x6c,
    0x77, 0x77, 0x9d, 0x0, 0x0, 0x6e, 0xaa, 0xaa,
    0xcd, 0x0, 0x0, 0x6d, 0x88, 0x88, 0xad, 0x0,
    0x0, 0x6b, 0x33, 0x33, 0x6d, 0x0, 0x1e, 0xee,
    0xee, 0xee, 0xee, 0xe7, 0x0, 0x28, 0xb0, 0x7,
    0xc7, 0x10, 0xa, 0xe8, 0x10, 0x0, 0x39, 0xe3,
    0x0, 0x0, 0x0, 0x0, 0x0, 0x0,

    /* U+786E "确" */
    0x0, 0x0, 0x0, 0x35, 0x0, 0x0, 0x1f, 0xff,
    0xe0, 0xc8, 0x0, 0x0, 0x0, 0xe2, 0x3, 0xfe,
    0xee, 0x0, 0x2, 0xf0, 0xd, 0x80, 0x77, 0x0,
    0x6, 0xb0, 0x7f, 0xff, 0xfe, 0xf1, 0xd, 0xec,
    0x88, 0x81, 0xe0, 0xe1, 0x3f, 0xa7, 0x97, 0xfe,
    0xfd, 0xf1, 0x1d, 0x85, 0x98, 0x81, 0xe0, 0xe1,
    0x6, 0x85, 0x9a, 0xed, 0xfd, 0xf1, 0x5, 0xed,
    0x9c, 0x31, 0xe0, 0xe1, 0x5, 0xa3, 0x5e, 0x1,
    0xe0, 0xe1, 0x2, 0x30, 0x77, 0x0, 0x7b, 0xd0,
    0x0, 0x0, 0x0, 0x0, 0x0, 0x0,

    /* U+793A "示" */
    0x0, 0x22, 0x22, 0x22, 0x22, 0x0, 0x0, 0xff,
    0xff, 0xff, 0xff, 0x50, 0x0, 0x0, 0x0, 0x0,
    0x0, 0x0, 0x2, 0x22, 0x22, 0x22, 0x22, 0x21,
    0x1f, 0xff, 0xff, 0xff, 0xff, 0xf6, 0x0, 0x0,
    0x6, 0xc0, 0x0, 0x0, 0x0, 0x7b, 0x6, 0xc0,
    0x6b, 0x0, 0x0, 0xe5, 0x6, 0xc0, 0x1e, 0x50,
    0xb, 0xc0, 0x6, 0xc0, 0x6, 0xe0, 0x2b, 0x11,
    0x28, 0xc0, 0x0, 0xc2, 0x0, 0x4, 0xfe, 0x70,
    0x0, 0x0, 0x0, 0x0, 0x0, 0x0, 0x0, 0x0,

    /* U+79BB "离" */
    0x0, 0x0, 0x0, 0x0, 0x0, 0x0, 0x0, 0x0,
    0xc, 0x60, 0x0, 0x0, 0x3e, 0xee, 0xee, 0xee,
    0xee, 0xe3, 0x0, 0xa1, 0xa6, 0x5a, 0x1b, 0x0,
    0x0, 0xe2, 0x6d, 0xc8, 0x2f, 0x0, 0x0, 0xe8,
    0xb6, 0x5a, 0x7f, 0x0, 0x0, 0x67, 0x7d, 0xb7,
    0x77, 0x0, 0x9, 0xdd, 0xdf, 0xed, 0xdd, 0xa0,
    0xb, 0x72, 0xd7, 0x2c, 0x26, 0xc0, 0xb, 0x58,
    0xf8, 0xaf, 0x84, 0xc0, 0xb, 0x56, 0x97, 0x53,
    0x75, 0xc0, 0xb, 0x50, 0x0, 0x0, 0xce, 0x80,

    /* U+79FB "移" */
    0x0, 0x0, 0x0, 0x0, 0x0, 0x0, 0x2, 0x6b,
    0x90, 0xb, 0x80, 0x0, 0xb, 0xda, 0x12, 0xbf,
    0xef, 0xc0, 0x0, 0x88, 0x1e, 0xa4, 0x2e, 0x40,
    0x3c, 0xee, 0xb0, 0x3f, 0xe4, 0x0, 0x3, 0xfc,
    0x3b, 0xd8, 0xd3, 0x0, 0x4, 0xff, 0x63, 0xb,
    0xfe, 0xe6, 0xb, 0xb9, 0x94, 0xd9, 0x13, 0xf2,
    0x4c, 0x88, 0xb, 0x6c, 0x6c, 0x90, 0x14, 0x88,
    0x0, 0x5, 0xfb, 0x0, 0x0, 0x88, 0x3, 0x9f,
    0x80, 0x0, 0x0, 0x88, 0x3e, 0x82, 0x0, 0x0,
    0x0, 0x0, 0x0, 0x0, 0x0, 0x0,

    /* U+7A0D "稍" */
    0x2, 0x6b, 0x65, 0x31, 0xe0, 0x63, 0xa, 0xc9,
    0x5, 0xd1, 0xe1, 0xe1, 0x0, 0x87, 0x0, 0x82,
    0xe3, 0x50, 0x3e, 0xff, 0xc7, 0xee, 0xfe, 0xe1,
    0x2, 0xea, 0x18, 0x81, 0x11, 0xe1, 0x4, 0xfe,
    0x68, 0xec, 0xcc, 0xf1, 0xc, 0xc8, 0x78, 0x92,
    0x22, 0xe1, 0x3d, 0x87, 0x8, 0xdb, 0xbb, 0xf1,
    0x3, 0x87, 0x8, 0x93, 0x33, 0xf1, 0x0, 0x87,
    0x8, 0x70, 0x1, 0xf1, 0x0, 0x87, 0x8, 0x70,
    0x2e, 0xb0,

    /* U+7A33 "稳" */
    0x0, 0x59, 0x1, 0xc2, 0x0, 0x0, 0x3e, 0xf7,
    0x2b, 0xed, 0xf6, 0x0, 0x0, 0xe1, 0xcd, 0x66,
    0xe7, 0x10, 0x7e, 0xfe, 0x74, 0x44, 0x4d, 0x30,
    0x15, 0xf5, 0x4d, 0xdd, 0xdf, 0x30, 0x9, 0xfd,
    0x11, 0x11, 0x1d, 0x30, 0x1e, 0xfb, 0xde, 0xee,
    0xef, 0x30, 0x99, 0xe2, 0x10, 0x2a, 0x22, 0x0,
    0x71, 0xe1, 0xe6, 0xd4, 0x89, 0x70, 0x0, 0xe6,
    0xc2, 0xd1, 0x5a, 0xe0, 0x0, 0xe2, 0x20, 0xbc,
    0xb3, 0x20,

    /* U+7A3F "稿" */
    0x0, 0x0, 0x0, 0x1, 0x0, 0x0, 0x4, 0x8c,
    0x70, 0xd, 0x90, 0x0, 0x1a, 0xd9, 0x4f, 0xff,
    0xff, 0xfa, 0x0, 0x97, 0x3, 0x77, 0x77, 0x60,
    0x2c, 0xee, 0xb8, 0x85, 0x57, 0xd0, 0x4, 0xeb,
    0x38, 0xdc, 0xcd, 0xd0, 0x4, 0xff, 0x76, 0x66,
    0x66, 0x63, 0xb, 0xd9, 0xbd, 0x99, 0x99, 0xc8,
    0x4d, 0x97, 0x2b, 0x8c, 0xca, 0x78, 0x35, 0x97,
    0x2b, 0xb1, 0xd, 0x78, 0x0, 0x97, 0x2b, 0x8c,
    0xca, 0x78, 0x0, 0x97, 0x2b, 0x0, 0x4, 0xe5,

    /* U+7ACB "立" */
    0x0, 0x0, 0x0, 0x10, 0x0, 0x0, 0x0, 0x0,
    0x9, 0x90, 0x0, 0x0, 0x0, 0x0, 0x5, 0xb0,
    0x0, 0x0, 0x9, 0xff, 0xff, 0xff, 0xff, 0xf1,
    0x1, 0x25, 0x32, 0x22, 0x54, 0x20, 0x0, 0xe,
    0x50, 0x0, 0xd6, 0x0, 0x0, 0xa, 0x90, 0x1,
    0xf2, 0x0, 0x0, 0x6, 0xd0, 0x6, 0xd0, 0x0,
    0x0, 0x3, 0xf0, 0xb, 0x70, 0x0, 0x0, 0x0,
    0x91, 0x1f, 0x10, 0x0, 0x1d, 0xdd, 0xdd, 0xef,
    0xdd, 0xd8, 0x3, 0x33, 0x33, 0x33, 0x33, 0x32,

    /* U+7ADE "竞" */
    0x0, 0x0, 0x6, 0xa0, 0x0, 0x0, 0x7, 0xee,
    0xee, 0xee, 0xee, 0xe0, 0x0, 0x9, 0x60, 0x1,
    0xe1, 0x0, 0xb, 0xbd, 0xeb, 0xbd, 0xfb, 0xb6,
    0x2, 0x45, 0x55, 0x55, 0x55, 0x31, 0x0, 0x8d,
    0xbb, 0xbb, 0xcf, 0x0, 0x0, 0x88, 0x0, 0x0,
    0x2f, 0x0, 0x0, 0x8e, 0xff, 0xef, 0xee, 0x0,
    0x0, 0x0, 0xe4, 0x1f, 0x0, 0x21, 0x0, 0x3b,
    0xc0, 0x1f, 0x0, 0x88, 0x1e, 0xd8, 0x0, 0xd,
    0xff, 0xf3, 0x1, 0x0, 0x0, 0x0, 0x0, 0x0,

    /* U+7B56 "策" */
    0x0, 0x0, 0x0, 0x0, 0x0, 0x0, 0x1, 0xe2,
    0x0, 0x5c, 0x0, 0x0, 0x9, 0xff, 0xfd, 0xef,
    0xff, 0xf4, 0x4d, 0x1e, 0x39, 0xc0, 0xc5, 0x0,
    0x1a, 0x9b, 0xac, 0xe9, 0xba, 0x91, 0x4, 0x44,
    0x4a, 0xc4, 0x44, 0x40, 0x5, 0xee, 0xef, 0xfe,
    0xee, 0x70, 0x5, 0xd0, 0x8, 0xa0, 0xa, 0x70,
    0x5, 0xd0, 0x3e, 0xf4, 0x8e, 0x60, 0x0, 0x38,
    0xda, 0xcc, 0xb4, 0x0, 0x2b, 0xf9, 0x7, 0xa0,
    0x8e, 0xd4, 0x7, 0x10, 0x7, 0xa0, 0x0, 0x60,

    /* U+7BA1 "管" */
    0x3, 0xc0, 0x0, 0x5a, 0x0, 0x0, 0xb, 0xdf,
    0xc8, 0xcd, 0xfd, 0xc0, 0x4d, 0xa, 0x57, 0xa0,
    0xa7, 0x0, 0x9, 0x99, 0x9e, 0xb9, 0x99, 0x60,
    0xe, 0x75, 0x55, 0x55, 0x59, 0xb0, 0x3, 0x9e,
    0xcc, 0xcc, 0xf6, 0x30, 0x0, 0x8b, 0x66, 0x66,
    0xe4, 0x0, 0x0, 0x8a, 0x55, 0x55, 0x51, 0x0,
    0x0, 0x8e, 0xdd, 0xdd, 0xde, 0x0, 0x0, 0x88,
    0x0, 0x0, 0x3e, 0x0, 0x0, 0x8e, 0xcc, 0xcc,
    0xde, 0x0,

    /* U+7CBE "精" */
    0x0, 0x0, 0x0, 0x0, 0x0, 0x0, 0x11, 0xe1,
    0x31, 0x26, 0xc2, 0x20, 0x47, 0xe6, 0xa7, 0x9b,
    0xe9, 0x93, 0xb, 0xeb, 0x45, 0xcd, 0xfc, 0xc1,
    0x17, 0xe8, 0x14, 0x48, 0xc4, 0x43, 0x7e, 0xfe,
    0x58, 0x88, 0x88, 0x85, 0x4, 0xf6, 0x5, 0xdd,
    0xdd, 0xc0, 0xa, 0xfe, 0x46, 0xb3, 0x35, 0xe0,
    0x3d, 0xe7, 0x86, 0xd7, 0x79, 0xe0, 0x86, 0xe1,
    0x6, 0xeb, 0xbc, 0xe0, 0x10, 0xe1, 0x6, 0xa0,
    0x2, 0xe0, 0x0, 0xe1, 0x6, 0xa0, 0x4e, 0xa0,
    0x0, 0x0, 0x0, 0x0, 0x0, 0x0,

    /* U+7CFB "系" */
    0x0, 0x23, 0x45, 0x79, 0xce, 0x20, 0x5, 0xdc,
    0xdf, 0x86, 0x41, 0x0, 0x0, 0x4, 0xc3, 0x5,
    0xc1, 0x0, 0x0, 0x9f, 0xcc, 0xde, 0x40, 0x0,
    0x0, 0x34, 0x8f, 0xb1, 0x95, 0x0, 0x0, 0x2b,
    0xe6, 0x23, 0x8f, 0x30, 0x4, 0xff, 0xee, 0xfb,
    0xaa, 0xd0, 0x0, 0x26, 0x24, 0xd0, 0x61, 0x60,
    0x0, 0x8e, 0x24, 0xd0, 0x9d, 0x20, 0xa, 0xd2,
    0x15, 0xd0, 0x7, 0xe2, 0x2, 0x10, 0xdf, 0x80,
    0x0, 0x30,

    /* U+7D22 "索" */
    0x0, 0x0, 0x5, 0xe0, 0x0, 0x0, 0xe, 0xee,
    0xef, 0xfe, 0xee, 0xe0, 0x0, 0x0, 0x4, 0xe0,
    0x0, 0x0, 0x2f, 0xee, 0xef, 0xfe, 0xee, 0xf2,
    0x2e, 0x1, 0x9c, 0x23, 0x40, 0xe2, 0x4, 0x7f,
    0xd9, 0xaa, 0x40, 0x40, 0x0, 0x38, 0xd9, 0x20,
    0xa9, 0x0, 0x6, 0xff, 0xed, 0xfc, 0xbc, 0x90,
    0x1, 0x28, 0x20, 0xf1, 0x82, 0x40, 0x4, 0xdb,
    0x11, 0xf0, 0x6e, 0x50, 0xa, 0x50, 0xbf, 0xb0,
    0x3, 0x90,

    /* U+7EA7 "级" */
    0x0, 0x55, 0x0, 0x0, 0x0, 0x0, 0x0, 0xc5,
    0x2f, 0xff, 0xff, 0x0, 0x2, 0xe0, 0x0, 0xf3,
    0x5d, 0x0, 0x9, 0x75, 0x70, 0xf1, 0x89, 0x0,
    0x3f, 0x3c, 0x61, 0xf0, 0xc6, 0x0, 0x7e, 0xec,
    0x3, 0xf3, 0xef, 0xf0, 0x1, 0xd2, 0x5, 0xf9,
    0x5, 0xc0, 0xc, 0xed, 0x88, 0xde, 0x1c, 0x70,
    0x6c, 0x72, 0xc, 0x69, 0xce, 0x0, 0x0, 0x5b,
    0xcf, 0x23, 0xf9, 0x0, 0x4f, 0xc5, 0x9b, 0x4e,
    0x9e, 0xa0, 0x12, 0x0, 0xd4, 0xd5, 0x1, 0xc4,
    0x0, 0x0, 0x0, 0x0, 0x0, 0x0,

    /* U+7EBF "线" */
    0x0, 0x57, 0x0, 0x1f, 0x48, 0x0, 0x0, 0xc5,
    0x0, 0xf, 0x17, 0x60, 0x4, 0xc1, 0x32, 0x5f,
    0xbd, 0xd0, 0x1d, 0x69, 0x98, 0xaf, 0x73, 0x0,
    0x4e, 0xed, 0x0, 0xd, 0x77, 0xa2, 0x0, 0xd3,
    0xb, 0xef, 0xd8, 0x61, 0xb, 0xda, 0x84, 0x18,
    0x82, 0xd1, 0x2c, 0x84, 0x10, 0x5, 0xdd, 0x40,
    0x0, 0x37, 0x80, 0x7, 0xf6, 0x10, 0x3e, 0xd8,
    0x48, 0xeb, 0xba, 0x77, 0x2, 0x0, 0x1a, 0x30,
    0x1b, 0xd2,

    /* U+7ECF "经" */
    0x0, 0x52, 0x0, 0x0, 0x0, 0x0, 0x0, 0xe3,
    0x1f, 0xff, 0xff, 0x50, 0x6, 0xa0, 0x0, 0x0,
    0x8e, 0x0, 0xd, 0x27, 0x70, 0x7, 0xf3, 0x0,
    0x8e, 0x9f, 0x32, 0xbf, 0xf7, 0x0, 0x79, 0xe9,
    0x8f, 0xa1, 0x4d, 0xd2, 0x6, 0xd0, 0x43, 0x0,
    0x0, 0x60, 0x5f, 0xdd, 0x5f, 0xff, 0xff, 0xb0,
    0x7a, 0x62, 0x0, 0xc, 0x50, 0x0, 0x0, 0x4,
    0x20, 0xc, 0x50, 0x0, 0x6c, 0xfc, 0x40, 0xc,
    0x60, 0x0, 0x55, 0x10, 0xbf, 0xff, 0xff, 0xf4,

    /* U+7ED3 "结" */
    0x0, 0x86, 0x0, 0x6, 0xb0, 0x0, 0x1, 0xf4,
    0x4, 0x49, 0xc4, 0x41, 0x8, 0xc1, 0x3c, 0xcd,
    0xec, 0xc3, 0x4f, 0x49, 0xa0, 0x6, 0xb0, 0x0,
    0x5b, 0xdc, 0x9, 0xce, 0xfc, 0xc1, 0x4, 0xd1,
    0x11, 0x11, 0x11, 0x10, 0x4f, 0xff, 0xb6, 0xee,
    0xee, 0xc0, 0x26, 0x30, 0x7, 0xa1, 0x15, 0xd0,
    0x2, 0x58, 0xb7, 0x90, 0x4, 0xd0, 0x7f, 0xb8,
    0x47, 0xec, 0xcd, 0xd0, 0x0, 0x0, 0x7, 0xb3,
    0x36, 0xc0,

    /* U+7EDF "统" */
    0x0, 0x67, 0x0, 0x8, 0x50, 0x0, 0x0, 0xd6,
    0x2, 0x28, 0xb2, 0x21, 0x4, 0xc1, 0x2c, 0xdf,
    0xdc, 0xc5, 0xd, 0x59, 0x90, 0x9b, 0x9, 0x10,
    0x6f, 0xfe, 0x16, 0xf3, 0x3c, 0xa0, 0x1, 0xd4,
    0x3f, 0xed, 0xb9, 0xe3, 0xa, 0xe9, 0x61, 0xd2,
    0x96, 0x20, 0x4e, 0xa6, 0x20, 0xf1, 0xa6, 0x0,
    0x0, 0x15, 0x64, 0xe0, 0xa6, 0x33, 0x3c, 0xfb,
    0x5d, 0x80, 0xa7, 0x78, 0x26, 0x10, 0xca, 0x0,
    0x6f, 0xf3, 0x0, 0x0, 0x0, 0x0, 0x0, 0x0,

    /* U+7EE7 "继" */
    0x0, 0x0, 0x0, 0x0, 0x0, 0x0, 0x0, 0xb5,
    0x1e, 0x30, 0xd1, 0x50, 0x1, 0xe0, 0x1e, 0x74,
    0xd2, 0xc0, 0x7, 0x83, 0x3e, 0x39, 0xd7, 0x60,
    0x1e, 0x4c, 0x7e, 0x24, 0xe5, 0x30, 0x7f, 0xfb,
    0x1e, 0xad, 0xfd, 0xc2, 0x1, 0xd1, 0x1e, 0x8,
    0xfb, 0x0, 0x1c, 0xca, 0x6e, 0x2c, 0xd7, 0xa0,
    0x4a, 0x74, 0x2e, 0xa3, 0xd1, 0x90, 0x1, 0x47,
    0x6e, 0x0, 0xd1, 0x0, 0x6e, 0xa6, 0x3f, 0xcc,
    0xdd, 0xc4, 0x0, 0x0, 0x2, 0x22, 0x22, 0x20,

    /* U+7EED "续" */
    0x0, 0x94, 0x0, 0xc, 0x40, 0x0, 0x1, 0xe0,
    0xc, 0xef, 0xfe, 0x70, 0x8, 0x73, 0x0, 0xc,
    0x40, 0x0, 0x2d, 0x1d, 0x7e, 0xee, 0xef, 0xf0,
    0x8e, 0xf8, 0x3, 0x75, 0x64, 0xa0, 0x3, 0xc0,
    0x18, 0x7a, 0x82, 0x20, 0x1d, 0xde, 0x26, 0x79,
    0x80, 0x0, 0x69, 0x50, 0x8e, 0xef, 0xee, 0xe1,
    0x2, 0x7d, 0x20, 0x6d, 0x73, 0x0, 0x7e, 0x92,
    0x8, 0xe3, 0x3d, 0x60, 0x10, 0x0, 0x8b, 0x20,
    0x1, 0xc1, 0x0, 0x0, 0x0, 0x0, 0x0, 0x0,

    /* U+7EF4 "维" */
    0x0, 0x0, 0x0, 0x0, 0x0, 0x0, 0x0, 0x69,
    0x0, 0x8a, 0x78, 0x0, 0x0, 0xd3, 0x0, 0xe5,
    0x2d, 0x0, 0x5, 0xa1, 0x66, 0xff, 0xff, 0xf7,
    0x1e, 0x7a, 0xaf, 0xd0, 0x4c, 0x0, 0x1a, 0xbd,
    0x3b, 0xfd, 0xdf, 0xd2, 0x0, 0xd3, 0x3, 0xd2,
    0x6d, 0x20, 0x9, 0xdb, 0x93, 0xd1, 0x4c, 0x10,
    0x1d, 0x95, 0x23, 0xfe, 0xff, 0xe3, 0x0, 0x25,
    0x73, 0xc0, 0x3c, 0x0, 0x2f, 0xd9, 0x53, 0xff,
    0xff, 0xfa, 0x1, 0x0, 0x3, 0xd1, 0x11, 0x10,

    /* U+7F16 "编" */
    0x0, 0x10, 0x0, 0x1, 0x0, 0x0, 0x0, 0xc4,
    0x0, 0xd, 0x60, 0x0, 0x2, 0xd0, 0x1e, 0xef,
    0xfe, 0xe0, 0x8, 0x66, 0x3e, 0x0, 0x0, 0xf0,
    0x2e, 0x4e, 0x2f, 0xdd, 0xdd, 0xf0, 0x5c, 0xe6,
    0x2e, 0x11, 0x11, 0x10, 0x3, 0xc0, 0x2f, 0xff,
    0xef, 0xf2, 0x2e, 0xdc, 0x4f, 0x9b, 0x38, 0xa2,
    0x26, 0x21, 0x6c, 0xef, 0xde, 0xe2, 0x3, 0xae,
    0xa9, 0x9c, 0x49, 0xb2, 0x6e, 0x71, 0xe4, 0x9b,
    0x38, 0xa2, 0x10, 0x1, 0x82, 0x96, 0x27, 0xd0,
    0x0, 0x0, 0x0, 0x0, 0x0, 0x0,

    /* U+7F29 "缩" */
    0x0, 0x0, 0x0, 0x0, 0x0, 0x0, 0x0, 0xc2,
    0x0, 0xe, 0x10, 0x0, 0x3, 0xc0, 0xbe, 0xef,
    0xfe, 0xe2, 0xb, 0x44, 0xc6, 0x0, 0x0, 0xc2,
    0x5d, 0x5d, 0x1e, 0x9c, 0xcc, 0xc0, 0x8b, 0xf3,
    0x4d, 0x2, 0xf1, 0x10, 0x6, 0x90, 0xdb, 0x6e,
    0xfe, 0xc0, 0x4f, 0xdb, 0xcb, 0x68, 0x2, 0xd0,
    0x46, 0x11, 0x3b, 0x6f, 0xde, 0xd0, 0x5, 0xbe,
    0x3b, 0x68, 0x2, 0xd0, 0x8b, 0x50, 0x2b, 0x6d,
    0xbb, 0xd0, 0x0, 0x0, 0x2b, 0x69, 0x24, 0xc0,

    /* U+7F6E "置" */
    0x6, 0xec, 0xed, 0xcf, 0xcd, 0xe0, 0x6, 0xb3,
    0xc7, 0x3f, 0x46, 0xe0, 0x3, 0x99, 0x9c, 0xd9,
    0x99, 0x80, 0xb, 0xcc, 0xce, 0xec, 0xcc, 0xc2,
    0x0, 0x35, 0x5c, 0x95, 0x55, 0x0, 0x0, 0x9c,
    0x88, 0x88, 0x9f, 0x0, 0x0, 0x9c, 0x99, 0x99,
    0xaf, 0x0, 0x0, 0x9c, 0x88, 0x88, 0x9f, 0x0,
    0x0, 0x9c, 0x99, 0x99, 0xaf, 0x0, 0x0, 0x97,
    0x0, 0x0, 0x2f, 0x0, 0x1c, 0xee, 0xcc, 0xcc,
    0xdf, 0xc6,

    /* U+8017 "耗" */
    0x0, 0x79, 0x0, 0x0, 0x6c, 0x20, 0x5c, 0xee,
    0xc4, 0xaf, 0xa3, 0x0, 0x1, 0x89, 0x15, 0x4e,
    0x20, 0x0, 0xf, 0xff, 0xd1, 0x4f, 0xab, 0x90,
    0x0, 0x79, 0x9, 0xcf, 0x84, 0x20, 0x9e, 0xff,
    0xe2, 0xe, 0x20, 0x20, 0x2, 0xff, 0x25, 0x8f,
    0xef, 0xe2, 0xb, 0xed, 0xc9, 0x8f, 0x51, 0x0,
    0x8d, 0x79, 0x80, 0xe, 0x20, 0x61, 0x42, 0x79,
    0x0, 0xe, 0x20, 0xc3, 0x0, 0x79, 0x0, 0xa,
    0xff, 0xd0,

    /* U+8054 "联" */
    0x0, 0x0, 0x0, 0x20, 0x1, 0x10, 0x6f, 0xff,
    0xf1, 0xe5, 0x9, 0xa0, 0xd, 0x25, 0x90, 0x5d,
    0x1f, 0x20, 0xd, 0x25, 0x95, 0xbc, 0xcf, 0xb2,
    0xd, 0xef, 0x94, 0x79, 0xe7, 0x71, 0xd, 0x25,
    0x90, 0x4, 0xd0, 0x0, 0xd, 0xee, 0x9b, 0xde,
    0xfd, 0xd8, 0xd, 0x36, 0x92, 0x29, 0xf3, 0x21,
    0xd, 0x48, 0xd5, 0xc, 0xf6, 0x0, 0x6f, 0xed,
    0xc3, 0x6e, 0x4e, 0x10, 0x11, 0x5, 0x95, 0xf4,
    0x9, 0xd2, 0x0, 0x5, 0xbd, 0x40, 0x0, 0x86,
    0x0, 0x0, 0x0, 0x0, 0x0, 0x0,

    /* U+80CC "背" */
    0x0, 0x5, 0xa0, 0xe3, 0x5, 0x0, 0xdd, 0xea,
    0xe, 0xce, 0xa2, 0x0, 0x7, 0xa0, 0xe5, 0x1,
    0x42, 0xdd, 0xda, 0xc, 0xa8, 0xac, 0x1, 0x3,
    0x50, 0x26, 0x66, 0x10, 0xe, 0xdd, 0xdd, 0xdf,
    0x50, 0x0, 0xe8, 0x66, 0x66, 0xe5, 0x0, 0xe,
    0x74, 0x44, 0x4d, 0x50, 0x0, 0xed, 0xcc, 0xcc,
    0xf5, 0x0, 0xe, 0x30, 0x0, 0xd, 0x50, 0x0,
    0xe3, 0x0, 0x6f, 0xd2, 0x0,

    /* U+80FD "能" */
    0x0, 0x0, 0x0, 0x0, 0x0, 0x0, 0x0, 0xe2,
    0x10, 0x4c, 0x0, 0x0, 0x8, 0x95, 0xd0, 0x4d,
    0x6d, 0xa0, 0x4f, 0xbb, 0xf9, 0x4f, 0x83, 0x0,
    0x15, 0x32, 0x46, 0x4c, 0x0, 0x76, 0xb, 0xcc,
    0xc2, 0x3f, 0xcc, 0xf4, 0xe, 0x42, 0xe3, 0x27,
    0x33, 0x10, 0xe, 0xed, 0xf3, 0x4c, 0x5, 0xa0,
    0xe, 0x20, 0xe3, 0x4e, 0xec, 0x40, 0xe, 0xdc,
    0xf3, 0x4d, 0x20, 0x11, 0xe, 0x20, 0xe3, 0x4d,
    0x10, 0x89, 0xe, 0x2e, 0xd1, 0x1c, 0xee, 0xc3,

    /* U+81EA "自" */
    0x0, 0x0, 0xa6, 0x0, 0x0, 0x3, 0x34, 0xf6,
    0x33, 0x30, 0x1f, 0xdc, 0xcc, 0xcc, 0xf3, 0x1f,
    0x0, 0x0, 0x0, 0xe3, 0x1f, 0xff, 0xff, 0xff,
    0xf3, 0x1f, 0x11, 0x11, 0x11, 0xe3, 0x1f, 0x11,
    0x11, 0x11, 0xe3, 0x1f, 0xff, 0xff, 0xff, 0xf3,
    0x1f, 0x0, 0x0, 0x0, 0xe3, 0x1f, 0xfe, 0xee,
    0xee, 0xf3, 0x1f, 0x11, 0x11, 0x11, 0xe3,

    /* U+822A "航" */
    0x0, 0x0, 0x0, 0x0, 0x0, 0x0, 0x0, 0x79,
    0x0, 0xd, 0x50, 0x0, 0x6, 0xdb, 0x80, 0x8,
    0xb0, 0x0, 0xb, 0x85, 0xfb, 0xee, 0xee, 0xe5,
    0xb, 0xa6, 0xf0, 0x0, 0x0, 0x0, 0xb, 0x45,
    0xf0, 0xee, 0xef, 0x10, 0x7f, 0xee, 0xf0, 0xe1,
    0xe, 0x10, 0xc, 0x81, 0xf0, 0xe1, 0xe, 0x10,
    0xd, 0x68, 0xf0, 0xf0, 0xe, 0x10, 0xe, 0x4,
    0xf2, 0xe0, 0xe, 0x34, 0x3c, 0x0, 0xf6, 0xa0,
    0xe, 0x48, 0x77, 0xe, 0xcc, 0x30, 0xa, 0xe4,
    0x0, 0x0, 0x0, 0x0, 0x0, 0x0,

    /* U+8272 "色" */
    0x0, 0x0, 0x0, 0x0, 0x0, 0x0, 0x0, 0x3,
    0xe2, 0x0, 0x0, 0x0, 0x0, 0x1e, 0xff, 0xff,
    0xc0, 0x0, 0x3, 0xd8, 0x0, 0x5d, 0x10, 0x0,
    0x4f, 0xff, 0xff, 0xff, 0xff, 0xa0, 0x14, 0xf2,
    0x14, 0xe1, 0x17, 0xb0, 0x0, 0xf0, 0x3, 0xe0,
    0x6, 0xb0, 0x0, 0xff, 0xff, 0xff, 0xff, 0xb0,
    0x0, 0xf2, 0x11, 0x11, 0x13, 0x50, 0x0, 0xf0,
    0x0, 0x0, 0x0, 0x4c, 0x0, 0xf5, 0x0, 0x0,
    0x0, 0x9a, 0x0, 0x6e, 0xff, 0xff, 0xff, 0xc2,

    /* U+8282 "节" */
    0x0, 0x9, 0x90, 0x5, 0xd0, 0x0, 0xb, 0xbe,
    0xeb, 0xbd, 0xfb, 0xb6, 0x5, 0x5b, 0xb5, 0x59,
    0xe5, 0x52, 0x0, 0x5, 0x50, 0x3, 0x80, 0x0,
    0xb, 0xff, 0xff, 0xff, 0xff, 0x60, 0x1, 0x11,
    0xc8, 0x11, 0x1c, 0x70, 0x0, 0x0, 0xb7, 0x0,
    0xb, 0x70, 0x0, 0x0, 0xb7, 0x0, 0xc, 0x70,
    0x0, 0x0, 0xb7, 0xc, 0xff, 0x40, 0x0, 0x0,
    0xb7, 0x1, 0x21, 0x0, 0x0, 0x0, 0xb7, 0x0,
    0x0, 0x0,

    /* U+8350 "荐" */
    0x0, 0xd, 0x40, 0x7, 0xa0, 0x0, 0x6e, 0xef,
    0xfe, 0xef, 0xfe, 0xe2, 0x0, 0xb, 0xb2, 0x6,
    0x80, 0x0, 0x3a, 0xaa, 0xfb, 0xaa, 0xaa, 0xa0,
    0x14, 0x5f, 0x74, 0x44, 0x44, 0x40, 0x0, 0xca,
    0xd, 0xdd, 0xee, 0x20, 0x3d, 0xf4, 0x0, 0x7,
    0xb2, 0x0, 0x57, 0xc4, 0xcc, 0xcf, 0xdc, 0xc3,
    0x0, 0xb4, 0x22, 0x2d, 0x62, 0x20, 0x0, 0xb4,
    0x0, 0xc, 0x40, 0x0, 0x0, 0xb4, 0x3, 0xed,
    0x10, 0x0,

    /* U+85CF "藏" */
    0x0, 0x6, 0xc0, 0x7, 0xb0, 0x0, 0x1d, 0xde,
    0xfd, 0xde, 0xfd, 0xd6, 0x0, 0x4, 0x70, 0x5,
    0xd4, 0xc0, 0xc, 0x2f, 0xbb, 0xbb, 0xfb, 0xb6,
    0xd, 0x6c, 0x7b, 0xb9, 0xe1, 0xa0, 0xd, 0xcc,
    0xa4, 0xc1, 0xd5, 0xc0, 0x14, 0x4c, 0xac, 0xbd,
    0xbb, 0x80, 0x5e, 0xdb, 0xa7, 0x5c, 0x8f, 0x20,
    0xc, 0x5a, 0xa6, 0xc3, 0x8c, 0x1, 0x1d, 0x86,
    0xac, 0xbe, 0xee, 0x3b, 0x57, 0x91, 0x20, 0x1c,
    0x25, 0xe5, 0x0, 0x0, 0x0, 0x0, 0x0, 0x0,

    /* U+884C "行" */
    0x0, 0x46, 0x0, 0x0, 0x0, 0x0, 0x2, 0xe5,
    0x1f, 0xff, 0xff, 0xb0, 0x2e, 0x90, 0x1, 0x11,
    0x11, 0x0, 0x8a, 0xa, 0x10, 0x0, 0x0, 0x0,
    0x0, 0x9d, 0x11, 0x11, 0x11, 0x10, 0x5, 0xf5,
    0x8f, 0xff, 0xff, 0xf1, 0x4f, 0xf3, 0x0, 0x0,
    0xc5, 0x0, 0x87, 0xe3, 0x0, 0x0, 0xc5, 0x0,
    0x0, 0xe3, 0x0, 0x0, 0xc5, 0x0, 0x0, 0xe3,
    0x0, 0x0, 0xc5, 0x0, 0x0, 0xe3, 0x0, 0x22,
    0xd5, 0x0, 0x0, 0xe3, 0x0, 0xae, 0xc1, 0x0,

    /* U+8868 "表" */
    0x0, 0x0, 0x9, 0x80, 0x0, 0x0, 0xa, 0xff,
    0xff, 0xff, 0xff, 0xc0, 0x0, 0x44, 0x4b, 0xa4,
    0x44, 0x10, 0x0, 0x77, 0x7c, 0xc7, 0x77, 0x20,
    0x2b, 0xbb, 0xbe, 0xdb, 0xbb, 0xb2, 0x3, 0x36,
    0xea, 0xf6, 0x35, 0x50, 0x0, 0x7f, 0x80, 0x8b,
    0x3d, 0x80, 0x4f, 0xbf, 0x20, 0xd, 0xe4, 0x0,
    0x2, 0xf, 0x33, 0x83, 0xe9, 0x10, 0x0, 0x4f,
    0xfd, 0x80, 0x1b, 0xf4, 0x0, 0x27, 0x20, 0x0,
    0x0, 0x30,

    /* U+8981 "要" */
    0xe, 0xff, 0xff, 0xff, 0xff, 0xf5, 0x0, 0x0,
    0xb4, 0xf, 0x0, 0x0, 0x5, 0xdd, 0xfe, 0xef,
    0xed, 0xc0, 0x5, 0xa0, 0xb4, 0xf, 0x3, 0xe0,
    0x5, 0xe9, 0xeb, 0xaf, 0xab, 0xe0, 0x1, 0x33,
    0x9d, 0x33, 0x33, 0x30, 0x1d, 0xdd, 0xff, 0xdd,
    0xdd, 0xd8, 0x1, 0x1c, 0x91, 0x17, 0xe2, 0x10,
    0x0, 0x3c, 0xec, 0x9f, 0x40, 0x0, 0x4, 0x67,
    0xbe, 0xab, 0xfb, 0x60, 0x8, 0x97, 0x40, 0x0,
    0x16, 0x70,

    /* U+89C2 "观" */
    0x1, 0x11, 0x25, 0xff, 0xff, 0xf2, 0x1f, 0xff,
    0xf6, 0xc0, 0x1, 0xf2, 0x0, 0x1, 0xf4, 0xc1,
    0x31, 0xf2, 0x9, 0x15, 0xd4, 0xc4, 0xa1, 0xf2,
    0x9, 0xa8, 0x94, 0xc5, 0xa1, 0xf2, 0x0, 0xdf,
    0x54, 0xc5, 0x91, 0xf2, 0x0, 0x5f, 0x21, 0x38,
    0x70, 0x40, 0x0, 0xab, 0x90, 0xb, 0xe2, 0x0,
    0x4, 0xd1, 0xe0, 0x67, 0xd2, 0x1b, 0x2e, 0x50,
    0x15, 0xd1, 0xd2, 0x3a, 0x6, 0x0, 0x4d, 0x20,
    0x8d, 0xd5, 0x0, 0x0, 0x0, 0x0, 0x0, 0x0,

    /* U+89C6 "视" */
    0x0, 0x40, 0x0, 0x0, 0x0, 0x0, 0x1, 0xf4,
    0xe, 0xff, 0xff, 0xe0, 0x0, 0x84, 0xe, 0x20,
    0x2, 0xe0, 0x7f, 0xff, 0x6e, 0x28, 0x32, 0xe0,
    0x0, 0x1e, 0x1e, 0x2c, 0x42, 0xe0, 0x0, 0xa9,
    0xe, 0x2c, 0x42, 0xe0, 0x8, 0xfd, 0x1e, 0x2d,
    0x22, 0xe0, 0x7e, 0xf9, 0x84, 0x1f, 0x40, 0x40,
    0x20, 0xe2, 0x0, 0x6e, 0xc0, 0x10, 0x0, 0xe2,
    0x1, 0xd7, 0xc0, 0x67, 0x0, 0xe2, 0x3d, 0x65,
    0xd0, 0x86, 0x0, 0xe2, 0xa4, 0x1, 0xbd, 0xb1,

    /* U+89C9 "觉" */
    0x0, 0x0, 0x0, 0x0, 0x0, 0x0, 0x0, 0xa2,
    0xd, 0x20, 0x6a, 0x0, 0x0, 0x8b, 0x8, 0x80,
    0xe3, 0x0, 0xf, 0xff, 0xff, 0xff, 0xff, 0xd0,
    0xf, 0x20, 0x0, 0x0, 0x5, 0xd0, 0x7, 0xaf,
    0xff, 0xff, 0xf8, 0x60, 0x0, 0x98, 0x4, 0x40,
    0xd5, 0x0, 0x0, 0x98, 0xa, 0x80, 0xd5, 0x0,
    0x0, 0x98, 0xc, 0x70, 0xd5, 0x0, 0x0, 0x22,
    0x5f, 0x99, 0x41, 0x10, 0x0, 0x19, 0xf4, 0x89,
    0x0, 0xe1, 0xb, 0xe9, 0x10, 0x3f, 0xff, 0xb0,
    0x1, 0x0, 0x0, 0x0, 0x0, 0x0,

    /* U+89D2 "角" */
    0x0, 0x5, 0x90, 0x0, 0x0, 0x0, 0x0, 0xee,
    0xee, 0xf8, 0x0, 0x0, 0x8d, 0x0, 0xe, 0x50,
    0x0, 0x5f, 0x71, 0x15, 0xe1, 0x10, 0x3f, 0xfe,
    0xee, 0xfe, 0xef, 0x30, 0x4e, 0x30, 0x3e, 0x0,
    0xe3, 0x0, 0xef, 0xff, 0xff, 0xff, 0x30, 0xf,
    0x20, 0x3e, 0x0, 0xe3, 0x1, 0xff, 0xef, 0xfe,
    0xef, 0x30, 0x4d, 0x0, 0x3e, 0x0, 0xe3, 0xb,
    0x70, 0x3, 0xe0, 0x1f, 0x32, 0xd0, 0x0, 0x3e,
    0x5f, 0xd1, 0x0, 0x0, 0x0, 0x0, 0x0, 0x0,

    /* U+8BA4 "认" */
    0x0, 0x91, 0x0, 0x5, 0xc0, 0x0, 0x0, 0x9d,
    0x10, 0x5, 0xb0, 0x0, 0x0, 0x7, 0x10, 0x6,
    0xb0, 0x0, 0x2, 0x21, 0x0, 0x7, 0xb0, 0x0,
    0x2e, 0xfc, 0x0, 0x9, 0xc0, 0x0, 0x0, 0x4c,
    0x0, 0xa, 0xf0, 0x0, 0x0, 0x4c, 0x0, 0xe,
    0xf4, 0x0, 0x0, 0x4c, 0x0, 0x4e, 0x6b, 0x0,
    0x0, 0x4e, 0xd4, 0xb8, 0xe, 0x30, 0x0, 0x9e,
    0x57, 0xe1, 0x5, 0xe2, 0x0, 0x72, 0x1e, 0x20,
    0x0, 0x7a, 0x0, 0x0, 0x0, 0x0, 0x0, 0x0,

    /* U+8BA9 "让" */
    0x5, 0x70, 0x0, 0x3e, 0x0, 0x0, 0x2, 0xe6,
    0x0, 0x3e, 0x0, 0x0, 0x0, 0x36, 0x0, 0x3e,
    0x0, 0x0, 0x12, 0x20, 0x0, 0x3e, 0x0, 0x0,
    0x9e, 0xf2, 0x0, 0x3f, 0xff, 0x80, 0x0, 0xd2,
    0x0, 0x3e, 0x11, 0x0, 0x0, 0xd2, 0x0, 0x3e,
    0x0, 0x0, 0x0, 0xd2, 0x10, 0x3e, 0x0, 0x0,
    0x0, 0xdb, 0xa0, 0x3e, 0x0, 0x0, 0x2, 0xfa,
    0x54, 0x7f, 0x44, 0x41, 0x5, 0x71, 0xcc, 0xcc,
    0xcc, 0xc4,

    /* U+8BBE "设" */
    0x0, 0x0, 0x0, 0x0, 0x0, 0x0, 0x5, 0xc1,
    0x1, 0xff, 0xfe, 0x0, 0x0, 0x9b, 0x2, 0xe0,
    0x2e, 0x0, 0x0, 0x2, 0x6, 0xc0, 0x1e, 0x0,
    0x48, 0x81, 0x5f, 0x40, 0xf, 0xb5, 0x49, 0xf2,
    0x75, 0x0, 0x1, 0x42, 0x0, 0xe2, 0x5f, 0xff,
    0xff, 0xb0, 0x0, 0xe2, 0xa, 0x81, 0x1c, 0x60,
    0x0, 0xe2, 0x31, 0xd3, 0x9d, 0x0, 0x0, 0xfe,
    0x90, 0x5f, 0xf2, 0x0, 0x4, 0xf7, 0x5a, 0xfa,
    0xde, 0x82, 0x1, 0x40, 0x98, 0x20, 0x5, 0xb4,

    /* U+8BBF "访" */
    0x0, 0x0, 0x0, 0x0, 0x0, 0x0, 0x7, 0x50,
    0x0, 0x3d, 0x0, 0x0, 0x3, 0xe5, 0x0, 0xe,
    0x20, 0x0, 0x0, 0x42, 0xef, 0xff, 0xff, 0xf1,
    0x34, 0x41, 0x15, 0xd1, 0x11, 0x10, 0x9e, 0xf3,
    0x6, 0xd2, 0x22, 0x0, 0x0, 0xe3, 0x7, 0xfe,
    0xef, 0x30, 0x0, 0xe3, 0x8, 0x90, 0xe, 0x20,
    0x0, 0xe4, 0x3b, 0x50, 0xf, 0x20, 0x0, 0xfe,
    0x7f, 0x20, 0x1f, 0x0, 0x5, 0xf4, 0x9b, 0x0,
    0x4e, 0x0, 0x2, 0x31, 0xd2, 0xf, 0xf7, 0x0,
    0x0, 0x0, 0x0, 0x0, 0x0, 0x0,

    /* U+8BC1 "证" */
    0x5, 0x20, 0x1, 0x11, 0x11, 0x10, 0x5, 0xe3,
    0x8f, 0xff, 0xff, 0xf2, 0x0, 0x43, 0x0, 0x5,
    0xc0, 0x0, 0x48, 0x81, 0x5, 0x15, 0xc0, 0x0,
    0x6d, 0xf2, 0xe, 0x35, 0xd1, 0x10, 0x0, 0xe2,
    0xe, 0x35, 0xff, 0xf0, 0x0, 0xe2, 0xe, 0x35,
    0xc0, 0x0, 0x0, 0xe4, 0x2e, 0x35, 0xc0, 0x0,
    0x0, 0xff, 0x4e, 0x35, 0xc0, 0x0, 0x5, 0xe3,
    0xbf, 0xdd, 0xfc, 0xc4, 0x1, 0x20, 0x34, 0x44,
    0x44, 0x41,

    /* U+8BC6 "识" */
    0x5, 0x20, 0x1, 0x11, 0x11, 0x10, 0x6, 0xe3,
    0xe, 0xff, 0xff, 0xd0, 0x0, 0x54, 0xe, 0x20,
    0x4, 0xd0, 0x25, 0x50, 0xe, 0x20, 0x4, 0xd0,
    0x5a, 0xf2, 0xe, 0x20, 0x4, 0xd0, 0x0, 0xe2,
    0xe, 0xff, 0xff, 0xd0, 0x0, 0xe2, 0x1, 0x11,
    0x11, 0x10, 0x0, 0xe4, 0x33, 0xa0, 0xa, 0x20,
    0x0, 0xff, 0x6a, 0x90, 0xa, 0xa0, 0x5, 0xf5,
    0x4f, 0x20, 0x2, 0xf2, 0x2, 0x30, 0x66, 0x0,
    0x0, 0x83,

    /* U+8BD1 "译" */
    0x1, 0x0, 0x0, 0x0, 0x0, 0x0, 0xb, 0x70,
    0xcf, 0xff, 0xff, 0x80, 0x2, 0xf1, 0xa, 0x80,
    0x4f, 0x20, 0x0, 0x70, 0x1, 0xe6, 0xe8, 0x0,
    0x12, 0x20, 0x0, 0x8f, 0xd0, 0x0, 0x6e, 0xf3,
    0x7d, 0xc7, 0xae, 0x92, 0x0, 0xe3, 0x82, 0xe,
    0x11, 0x50, 0x0, 0xe2, 0x4f, 0xff, 0xff, 0x60,
    0x0, 0xe3, 0x0, 0xf, 0x10, 0x0, 0x0, 0xee,
    0xee, 0xef, 0xfe, 0xe3, 0x3, 0xf5, 0x0, 0xf,
    0x10, 0x0, 0x2, 0x40, 0x0, 0xf, 0x10, 0x0,

    /* U+8BF4 "说" */
    0x0, 0x0, 0x1, 0x0, 0x2, 0x0, 0x9, 0x80,
    0xa, 0x80, 0x4e, 0x0, 0x1, 0xd7, 0x3, 0xe0,
    0xb7, 0x0, 0x0, 0x22, 0x4e, 0xfe, 0xfe, 0x40,
    0x59, 0x91, 0x4c, 0x11, 0x1b, 0x50, 0x48, 0xf3,
    0x4c, 0x0, 0xb, 0x50, 0x0, 0xe3, 0x4f, 0xee,
    0xef, 0x50, 0x0, 0xe3, 0x0, 0xf1, 0xf1, 0x0,
    0x0, 0xe4, 0x72, 0xe0, 0xf0, 0x0, 0x0, 0xff,
    0xb7, 0xa0, 0xf0, 0x50, 0x6, 0xf8, 0x5f, 0x20,
    0xf1, 0xc3, 0x3, 0x53, 0xe5, 0x0, 0xbf, 0xd0,
    0x0, 0x0, 0x0, 0x0, 0x0, 0x0,

    /* U+8C03 "调" */
    0x1, 0x0, 0x0, 0x0, 0x0, 0x0, 0x9, 0x90,
    0xaf, 0xff, 0xff, 0xf0, 0x1, 0xd7, 0xa4, 0x3,
    0x0, 0xe0, 0x0, 0x34, 0xa4, 0x4d, 0x51, 0xe0,
    0x12, 0x20, 0xa4, 0x9e, 0xa3, 0xe0, 0x6e, 0xf2,
    0xa6, 0x4d, 0x63, 0xe0, 0x0, 0xe2, 0xb5, 0x66,
    0x64, 0xe0, 0x0, 0xe2, 0xc3, 0xdc, 0xd4, 0xe0,
    0x0, 0xe3, 0xe2, 0xc0, 0x94, 0xe0, 0x0, 0xfe,
    0xe1, 0xfc, 0xe4, 0xe0, 0x4, 0xf9, 0xb0, 0x70,
    0x0, 0xf0, 0x3, 0x46, 0x40, 0x0, 0x5f, 0xb0,
    0x0, 0x0, 0x0, 0x0, 0x0, 0x0,

    /* U+8C08 "谈" */
    0x3, 0x30, 0x1, 0xf, 0x11, 0x0, 0x4, 0xf3,
    0x2e, 0x1f, 0xa, 0x90, 0x0, 0x54, 0xa7, 0x4e,
    0x2e, 0x10, 0x12, 0x20, 0x20, 0xcf, 0xc4, 0x0,
    0x8e, 0xf2, 0x4c, 0xc0, 0x6f, 0x80, 0x0, 0xe2,
    0x86, 0xd, 0x12, 0x80, 0x0, 0xe2, 0x2c, 0x1f,
    0x5, 0xb0, 0x0, 0xe2, 0x89, 0x4f, 0x4e, 0x50,
    0x0, 0xe8, 0x72, 0xbd, 0xd6, 0x0, 0x1, 0xfb,
    0x3a, 0xd0, 0xbb, 0x20, 0x3, 0x94, 0xf9, 0x10,
    0x8, 0xe3, 0x0, 0x0, 0x0, 0x0, 0x0, 0x0,

    /* U+8D28 "质" */
    0x0, 0x0, 0x0, 0x0, 0x2, 0x10, 0x1, 0x78,
    0x9a, 0xcd, 0xfd, 0x80, 0x2, 0xf6, 0x54, 0x8d,
    0x0, 0x0, 0x2, 0xfb, 0xbb, 0xdf, 0xbb, 0xb6,
    0x2, 0xf3, 0x33, 0x9b, 0x33, 0x32, 0x3, 0xe1,
    0x44, 0xaa, 0x44, 0x40, 0x4, 0xd4, 0xfb, 0xbb,
    0xbc, 0xe0, 0x5, 0xb4, 0xd0, 0x3c, 0x3, 0xe0,
    0x6, 0xa4, 0xd0, 0x4e, 0x3, 0xe0, 0xa, 0x73,
    0xb0, 0xb9, 0x3, 0xd0, 0xe, 0x30, 0x4c, 0xb3,
    0xe9, 0x20, 0x3b, 0xd, 0xd6, 0x0, 0x6, 0xd4,
    0x0, 0x0, 0x0, 0x0, 0x0, 0x0,

    /* U+8D34 "贴" */
    0xf, 0xff, 0xf1, 0x2, 0xe0, 0x0, 0xe, 0x0,
    0xd1, 0x2, 0xe0, 0x0, 0xe, 0x66, 0xd1, 0x2,
    0xff, 0xfb, 0xe, 0x67, 0xd1, 0x2, 0xe0, 0x0,
    0xe, 0x67, 0xd1, 0x2, 0xe0, 0x0, 0xe, 0x77,
    0xd2, 0x35, 0xe3, 0x30, 0xe, 0x86, 0xd5, 0xfd,
    0xdd, 0xf1, 0x4, 0xb7, 0x35, 0xd0, 0x0, 0xe1,
    0x2, 0xeb, 0x64, 0xd0, 0x0, 0xe1, 0x1d, 0x72,
    0xe5, 0xfd, 0xdd, 0xf1, 0x39, 0x0, 0x34, 0xe2,
    0x22, 0xe1,

    /* U+8D44 "资" */
    0x7, 0x40, 0x9, 0x70, 0x0, 0x0, 0x5, 0xda,
    0x3f, 0xdf, 0xee, 0xd0, 0x0, 0x3, 0xe4, 0x3f,
    0x39, 0x70, 0x2, 0x7d, 0x31, 0xd9, 0xe3, 0x0,
    0x4e, 0x93, 0x7e, 0x80, 0x4e, 0xc1, 0x0, 0x33,
    0x96, 0x33, 0x34, 0x50, 0x0, 0xec, 0xcc, 0xcc,
    0xcf, 0x0, 0x0, 0xe2, 0x9, 0x60, 0x2f, 0x0,
    0x0, 0xe2, 0x2e, 0x41, 0x2e, 0x0, 0x0, 0x17,
    0xe6, 0x7e, 0xc7, 0x10, 0x3e, 0xe9, 0x20, 0x0,
    0x4a, 0xd0, 0x1, 0x0, 0x0, 0x0, 0x0, 0x0,

    /* U+8DD1 "跑" */
    0x0, 0x0, 0x0, 0x41, 0x0, 0x0, 0xf, 0xff,
    0xe0, 0xe5, 0x22, 0x20, 0xf, 0x1, 0xe4, 0xfe,
    0xee, 0xd0, 0xf, 0x1, 0xfd, 0x40, 0x2, 0xd0,
    0xf, 0xff, 0xeb, 0xdd, 0xc2, 0xd0, 0x0, 0x6a,
    0x5, 0x91, 0xe3, 0xd0, 0xd, 0x6c, 0x65, 0x80,
    0xe3, 0xd0, 0xe, 0x6d, 0x85, 0xfe, 0xe4, 0xc0,
    0xe, 0x6a, 0x5, 0x91, 0xbf, 0x70, 0xe, 0x6c,
    0x86, 0x80, 0x0, 0x21, 0x4f, 0xfd, 0x86, 0x90,
    0x0, 0x87, 0x36, 0x20, 0x1, 0xdf, 0xef, 0xe2,

    /* U+8DDF "跟" */
    0xf, 0xff, 0xf7, 0xff, 0xff, 0xe0, 0xf, 0x0,
    0xf7, 0x90, 0x1, 0xe0, 0xf, 0x0, 0xf7, 0xd9,
    0x9a, 0xe0, 0xf, 0xff, 0xf7, 0xb5, 0x56, 0xe0,
    0x0, 0x4a, 0x7, 0xa3, 0x34, 0xe0, 0xa, 0x4b,
    0x17, 0xff, 0xff, 0xe0, 0xe, 0x4f, 0xd7, 0x93,
    0xb0, 0x72, 0xe, 0x4a, 0x7, 0x90, 0xcb, 0xc1,
    0xe, 0x4b, 0x57, 0x90, 0x6e, 0x0, 0x3f, 0xde,
    0xa9, 0xb8, 0x7c, 0xa1, 0x47, 0x30, 0xc, 0xc8,
    0x21, 0xb6, 0x0, 0x0, 0x0, 0x0, 0x0, 0x0,

    /* U+8DEF "路" */
    0x0, 0x0, 0x0, 0x5, 0x10, 0x0, 0xe, 0xff,
    0xf0, 0x3f, 0x10, 0x0, 0xe, 0x0, 0xf0, 0xaf,
    0xee, 0xb0, 0xe, 0x0, 0xf5, 0xf9, 0xc, 0x50,
    0xe, 0xee, 0xfc, 0x7d, 0xad, 0x0, 0x0, 0x4c,
    0x0, 0x7, 0xf7, 0x0, 0xb, 0x3c, 0x20, 0x6f,
    0x9f, 0x70, 0xe, 0x3f, 0xfd, 0xf6, 0x26, 0xf9,
    0xe, 0x3b, 0x3, 0xfc, 0xcc, 0xf1, 0xe, 0x5d,
    0x83, 0xf1, 0x2, 0xe0, 0x6f, 0xc8, 0x40, 0xfb,
    0xbb, 0xe0, 0x0, 0x0, 0x0, 0xf5, 0x35, 0xe0,

    /* U+8F6E "轮" */
    0x0, 0x20, 0x0, 0x2, 0x20, 0x0, 0x0, 0xc3,
    0x0, 0xb, 0xc0, 0x0, 0x4e, 0xff, 0xe0, 0x3e,
    0xd4, 0x0, 0x5, 0xb1, 0x10, 0xb6, 0x4d, 0x0,
    0x8, 0x89, 0x8, 0xb0, 0x9, 0xa0, 0xd, 0x4c,
    0x4b, 0x40, 0x0, 0xb4, 0x2f, 0xff, 0xe0, 0xe2,
    0x4d, 0x20, 0x0, 0x2c, 0x0, 0xec, 0xe5, 0x0,
    0x1, 0x5e, 0x90, 0xea, 0x10, 0x0, 0x5f, 0xee,
    0x70, 0xe2, 0x0, 0x90, 0x1, 0x2c, 0x0, 0xe4,
    0x1, 0xf0, 0x0, 0x2c, 0x0, 0x9f, 0xff, 0x90,

    /* U+8F7B "轻" */
    0x0, 0x62, 0x0, 0x0, 0x0, 0x0, 0x0, 0xe3,
    0x6, 0xff, 0xff, 0xb0, 0x6e, 0xff, 0xe1, 0x0,
    0x2f, 0x50, 0x6, 0xb1, 0x10, 0x1, 0xdc, 0x0,
    0x9, 0x7a, 0x0, 0x3d, 0xf7, 0x0, 0xe, 0x3e,
    0x9, 0xfa, 0x6d, 0xc2, 0x3f, 0xff, 0xf6, 0x30,
    0x0, 0x71, 0x0, 0x1e, 0x5, 0xff, 0xff, 0xf0,
    0x2, 0x7f, 0xb1, 0x3, 0xe0, 0x0, 0x7f, 0xef,
    0x60, 0x3, 0xe0, 0x0, 0x11, 0x1e, 0x0, 0x3,
    0xe0, 0x0, 0x0, 0x1e, 0xf, 0xff, 0xff, 0xf7,

    /* U+8F7D "载" */
    0x0, 0x5, 0xa0, 0x8, 0x88, 0x30, 0x7, 0xde,
    0xfd, 0xa8, 0x84, 0xe0, 0x5, 0x59, 0xc5, 0x5b,
    0xb5, 0x83, 0x6, 0x6e, 0x66, 0x6a, 0xc6, 0x63,
    0xa, 0xcf, 0xaa, 0xa7, 0xa1, 0xf0, 0x3, 0xe5,
    0x53, 0x35, 0xc6, 0xb0, 0x5, 0xe3, 0xe4, 0x22,
    0xec, 0x50, 0x7, 0xcb, 0xfc, 0xa0, 0xfd, 0x0,
    0x1, 0x23, 0xe7, 0x72, 0xe7, 0x16, 0xd, 0xcb,
    0xf9, 0x7d, 0xdd, 0x6a, 0x0, 0x0, 0xe2, 0x7a,
    0x9, 0xe4, 0x0, 0x0, 0x0, 0x0, 0x0, 0x0,

    /* U+8F91 "辑" */
    0x0, 0x31, 0x0, 0x0, 0x0, 0x0, 0x0, 0xc5,
    0x4, 0xfd, 0xdd, 0xe0, 0x5f, 0xff, 0xf4, 0xc0,
    0x2, 0xe0, 0x17, 0xd5, 0x54, 0xec, 0xcd, 0xd0,
    0x7, 0x8b, 0x5, 0x66, 0x66, 0x63, 0xc, 0x3f,
    0x8, 0xf7, 0x79, 0xe4, 0x2f, 0xff, 0xe3, 0xfa,
    0xab, 0xd0, 0x0, 0xf, 0x3, 0xe2, 0x25, 0xd0,
    0x14, 0x7f, 0xc4, 0xfc, 0xcd, 0xd0, 0x4d, 0xaf,
    0x34, 0xe2, 0x47, 0xe5, 0x0, 0xf, 0x1f, 0xdc,
    0xbb, 0xe5, 0x0, 0xf, 0x0, 0x0, 0x3, 0xd0,
    0x0, 0x0, 0x0, 0x0, 0x0, 0x0,

    /* U+8FA8 "辨" */
    0x0, 0x0, 0x0, 0x0, 0x0, 0x0, 0x0, 0xd1,
    0x0, 0xc1, 0x1d, 0x0, 0x1b, 0xed, 0x60, 0xc8,
    0xcf, 0xc4, 0x9, 0x48, 0x49, 0xc3, 0xa2, 0xa1,
    0x9, 0x4b, 0x2b, 0xc1, 0xd0, 0xd0, 0x7, 0x6d,
    0x2a, 0xd2, 0x95, 0xb0, 0x2c, 0xfd, 0xc8, 0xe9,
    0xdf, 0xd6, 0x2, 0xd6, 0x22, 0xf0, 0xe, 0x10,
    0xb, 0xfc, 0x62, 0xd7, 0xef, 0xe5, 0x0, 0xf0,
    0x7, 0x80, 0xe, 0x10, 0x8, 0xb0, 0x2e, 0x20,
    0xe, 0x10, 0xc, 0x20, 0x75, 0x0, 0xe, 0x10,
    0x0, 0x0, 0x0, 0x0, 0x0, 0x0,

    /* U+8FB9 "边" */
    0x0, 0x0, 0x0, 0x0, 0x0, 0x0, 0xb, 0x60,
    0x0, 0x4e, 0x0, 0x0, 0x3, 0xf4, 0x0, 0x5e,
    0x0, 0x0, 0x0, 0x52, 0xef, 0xff, 0xff, 0xf0,
    0x1, 0x10, 0x0, 0x8b, 0x2, 0xf0, 0x7f, 0xf1,
    0x0, 0xa8, 0x2, 0xf0, 0x0, 0xf1, 0x0, 0xf3,
    0x3, 0xe0, 0x0, 0xf1, 0x8, 0xd0, 0x5, 0xd0,
    0x0, 0xf1, 0x7f, 0x31, 0x29, 0xb0, 0x2, 0xf4,
    0xb3, 0x4, 0xed, 0x30, 0x3f, 0x9e, 0x82, 0x10,
    0x12, 0x54, 0x78, 0x2, 0xae, 0xff, 0xff, 0xf6,
    0x0, 0x0, 0x0, 0x0, 0x0, 0x0,

    /* U+8FBE "达" */
    0xa, 0x20, 0x0, 0x3f, 0x0, 0x0, 0x8, 0xc0,
    0x0, 0x3e, 0x0, 0x0, 0x0, 0xa3, 0xdd, 0xef,
    0xdd, 0xd2, 0x0, 0x0, 0x22, 0x8c, 0x22, 0x20,
    0x6e, 0xe2, 0x0, 0xaf, 0x40, 0x0, 0x12, 0xe2,
    0x1, 0xf6, 0xf4, 0x0, 0x0, 0xe2, 0xb, 0x90,
    0x5f, 0x20, 0x0, 0xe4, 0xdc, 0x10, 0x8, 0xd0,
    0x5, 0xf7, 0x50, 0x0, 0x0, 0x40, 0x4e, 0x3b,
    0xc5, 0x43, 0x45, 0x94, 0x46, 0x0, 0x5b, 0xcd,
    0xdc, 0xc2, 0x0, 0x0, 0x0, 0x0, 0x0, 0x0,

    /* U+8FC1 "迁" */
    0x5, 0x0, 0x0, 0x2, 0x5a, 0x20, 0xc, 0x90,
    0xae, 0xff, 0x95, 0x10, 0x1, 0xc2, 0x21, 0x2f,
    0x0, 0x0, 0x0, 0x0, 0x0, 0x1f, 0x0, 0x0,
    0x14, 0x44, 0xcc, 0xcf, 0xcc, 0xc3, 0x5c, 0xf3,
    0x33, 0x5f, 0x33, 0x31, 0x0, 0xe2, 0x0, 0x1f,
    0x0, 0x0, 0x0, 0xe2, 0x0, 0x1f, 0x0, 0x0,
    0x0, 0xf3, 0x0, 0x1f, 0x0, 0x0, 0x2d, 0xad,
    0x84, 0x39, 0x33, 0x42, 0x48, 0x1, 0x7b, 0xcd,
    0xdc, 0xc3,

    /* U+8FC7 "过" */
    0x8, 0x10, 0x0, 0x0, 0x4d, 0x0, 0x9, 0xd0,
    0x0, 0x0, 0x4d, 0x0, 0x0, 0xa3, 0xff, 0xff,
    0xff, 0xf6, 0x0, 0x0, 0x13, 0x11, 0x6d, 0x10,
    0x6d, 0xd2, 0x3e, 0x20, 0x4d, 0x0, 0x12, 0xe2,
    0x8, 0xc0, 0x4d, 0x0, 0x0, 0xe2, 0x0, 0x40,
    0x4d, 0x0, 0x0, 0xe2, 0x0, 0x47, 0xbc, 0x0,
    0x8, 0xf9, 0x10, 0x39, 0x83, 0x0, 0x6d, 0x38,
    0xed, 0xcb, 0xcc, 0xe8, 0x2, 0x0, 0x3, 0x45,
    0x55, 0x41,

    /* U+8FD0 "运" */
    0x0, 0x0, 0x0, 0x0, 0x0, 0x0, 0xd, 0x50,
    0x3f, 0xff, 0xff, 0xc0, 0x3, 0xe6, 0x0, 0x0,
    0x0, 0x0, 0x0, 0x20, 0x0, 0x0, 0x0, 0x0,
    0x0, 0x1, 0xee, 0xee, 0xee, 0xe8, 0x7f, 0xf3,
    0x55, 0xe9, 0x56, 0x53, 0x1, 0xe2, 0x4, 0xe0,
    0x6c, 0x0, 0x0, 0xe2, 0xc, 0x60, 0xd, 0x50,
    0x0, 0xe2, 0x7f, 0xcd, 0xef, 0xe0, 0x0, 0xf4,
    0x36, 0x43, 0x10, 0x92, 0x1d, 0xbd, 0x83, 0x11,
    0x12, 0x45, 0x4b, 0x1, 0x8d, 0xff, 0xff, 0xf8,
    0x0, 0x0, 0x0, 0x0, 0x0, 0x0,

    /* U+8FD1 "近" */
    0x3, 0x0, 0x0, 0x12, 0x47, 0x50, 0xc, 0x80,
    0x2f, 0xec, 0xb8, 0x40, 0x1, 0xe4, 0x2f, 0x0,
    0x0, 0x0, 0x0, 0x30, 0x2f, 0x0, 0x0, 0x0,
    0x0, 0x0, 0x3f, 0xee, 0xee, 0xe4, 0x6f, 0xf2,
    0x4e, 0x33, 0xf6, 0x31, 0x12, 0xe2, 0x5c, 0x0,
    0xe2, 0x0, 0x0, 0xe2, 0x8a, 0x0, 0xe2, 0x0,
    0x0, 0xe2, 0xd4, 0x0, 0xe2, 0x0, 0x2, 0xf6,
    0xb0, 0x0, 0xe2, 0x0, 0x2e, 0x5c, 0x82, 0x0,
    0x12, 0x74, 0x58, 0x1, 0x8d, 0xff, 0xff, 0xe3,
    0x0, 0x0, 0x0, 0x0, 0x0, 0x0,

    /* U+8FD8 "还" */
    0x6, 0x10, 0x0, 0x0, 0x0, 0x0, 0x9, 0xd1,
    0xff, 0xff, 0xff, 0xf2, 0x0, 0xc7, 0x11, 0x2e,
    0x71, 0x10, 0x0, 0x10, 0x0, 0x8f, 0x0, 0x0,
    0x1, 0x10, 0x3, 0xfe, 0x20, 0x0, 0x7f, 0xf1,
    0x3e, 0xee, 0x9c, 0x10, 0x0, 0xf5, 0xfa, 0x3e,
    0x9, 0xc1, 0x0, 0xf4, 0x60, 0x3e, 0x0, 0x71,
    0x0, 0xf1, 0x0, 0x3e, 0x0, 0x0, 0x9, 0xf9,
    0x0, 0x16, 0x0, 0x0, 0x5f, 0x9f, 0xb4, 0x21,
    0x23, 0x54, 0x68, 0x2, 0x9e, 0xff, 0xff, 0xf6,
    0x0, 0x0, 0x0, 0x0, 0x0, 0x0,

    /* U+8FD9 "这" */
    0x3, 0x0, 0x0, 0x87, 0x0, 0x0, 0x1e, 0x80,
    0x11, 0x6e, 0x11, 0x10, 0x2, 0xd8, 0xff, 0xff,
    0xff, 0xf4, 0x0, 0x0, 0x72, 0x0, 0xa8, 0x0,
    0x4d, 0xd1, 0x4d, 0x85, 0xe0, 0x0, 0x13, 0xf2,
    0x0, 0xbf, 0x70, 0x0, 0x0, 0xe2, 0x4, 0xea,
    0xf6, 0x0, 0x0, 0xe4, 0xbf, 0x50, 0x4e, 0x80,
    0x2, 0xf6, 0x71, 0x0, 0x2, 0x30, 0x2e, 0x8d,
    0x93, 0x11, 0x23, 0x85, 0x4a, 0x1, 0x8e, 0xff,
    0xff, 0xf4, 0x0, 0x0, 0x0, 0x0, 0x0, 0x0,

    /* U+8FDB "进" */
    0x0, 0x0, 0x0, 0x0, 0x0, 0x0, 0xc, 0x30,
    0x2, 0xe0, 0xc4, 0x0, 0x5, 0xe2, 0x2, 0xe0,
    0xc4, 0x0, 0x0, 0x72, 0xdf, 0xff, 0xff, 0xb0,
    0x0, 0x0, 0x14, 0xe1, 0xc6, 0x10, 0x5c, 0xc2,
    0x2, 0xe0, 0xc4, 0x0, 0x14, 0xf2, 0xff, 0xff,
    0xff, 0xf0, 0x0, 0xe2, 0x19, 0xa1, 0xc6, 0x10,
    0x0, 0xe2, 0x3f, 0x40, 0xc4, 0x0, 0x3, 0xf5,
    0x67, 0x0, 0x93, 0x0, 0x2e, 0x8e, 0x82, 0x0,
    0x12, 0x61, 0x58, 0x1, 0x9e, 0xff, 0xff, 0xe0,
    0x0, 0x0, 0x0, 0x0, 0x0, 0x0,

    /* U+8FDE "连" */
    0x7, 0x20, 0x1, 0xb0, 0x0, 0x0, 0x7, 0xd1,
    0xab, 0xfa, 0xaa, 0xa0, 0x0, 0xa4, 0x5e, 0x87,
    0x55, 0x50, 0x0, 0x0, 0x3d, 0xd, 0x50, 0x0,
    0x6d, 0xd1, 0xbe, 0xcf, 0xdc, 0x90, 0x12, 0xf1,
    0x34, 0x3d, 0x73, 0x20, 0x0, 0xf3, 0x66, 0x6e,
    0x96, 0x61, 0x0, 0xf4, 0xaa, 0xaf, 0xca, 0xa2,
    0x0, 0xf2, 0x0, 0xd, 0x50, 0x0, 0x2e, 0xdd,
    0x72, 0x19, 0x52, 0x33, 0x5a, 0x3, 0xae, 0xff,
    0xff, 0xf6, 0x0, 0x0, 0x0, 0x0, 0x0, 0x0,

    /* U+8FF7 "迷" */
    0xb, 0x30, 0x51, 0x1f, 0x2, 0x60, 0x5, 0xe1,
    0x99, 0x1f, 0x9, 0xa0, 0x0, 0x72, 0x2e, 0x1f,
    0xe, 0x10, 0x1, 0x11, 0x56, 0x6f, 0x56, 0x50,
    0x6f, 0xf4, 0xaa, 0xef, 0xea, 0xa1, 0x0, 0xf1,
    0x5, 0xef, 0xe6, 0x0, 0x0, 0xf1, 0x3e, 0x4f,
    0x2e, 0x50, 0x0, 0xf4, 0xf6, 0x1f, 0x3, 0xe2,
    0x2, 0xf4, 0x40, 0x1f, 0x0, 0x10, 0x3f, 0x9e,
    0x83, 0x23, 0x23, 0x54, 0x69, 0x2, 0x9e, 0xff,
    0xff, 0xf6, 0x0, 0x0, 0x0, 0x0, 0x0, 0x0,

    /* U+9002 "适" */
    0x4, 0x0, 0x1, 0x35, 0x7a, 0x80, 0x1d, 0x90,
    0x6c, 0xbf, 0x95, 0x20, 0x1, 0xd2, 0x0, 0xf,
    0x30, 0x0, 0x0, 0x2, 0xee, 0xef, 0xfe, 0xe9,
    0x5b, 0xb1, 0x0, 0xe, 0x20, 0x0, 0x13, 0xf1,
    0x2e, 0xef, 0xee, 0xc0, 0x0, 0xf1, 0x2e, 0x0,
    0x4, 0xd0, 0x0, 0xf1, 0x2e, 0x0, 0x4, 0xd0,
    0x0, 0xf2, 0x1d, 0xdd, 0xdd, 0xb0, 0xb, 0xac,
    0x61, 0x0, 0x1, 0x45, 0x5a, 0x0, 0x7d, 0xff,
    0xff, 0xf7, 0x0, 0x0, 0x0, 0x0, 0x0, 0x0,

    /* U+9009 "选" */
    0x18, 0x10, 0x9, 0x1e, 0x20, 0x0, 0x9, 0xd0,
    0x4f, 0xbf, 0xcb, 0x90, 0x0, 0x82, 0xd7, 0x3f,
    0x63, 0x30, 0x0, 0x0, 0x60, 0xe, 0x20, 0x0,
    0x14, 0x42, 0xcc, 0xcf, 0xdc, 0xc4, 0x3b, 0xf2,
    0x37, 0xe3, 0xf5, 0x31, 0x0, 0xe2, 0x9, 0xa0,
    0xf1, 0x20, 0x0, 0xe2, 0x5f, 0x30, 0xf2, 0xa5,
    0x0, 0xe6, 0xd4, 0x0, 0xbf, 0xd1, 0x8, 0xfe,
    0x82, 0x0, 0x1, 0x21, 0x3d, 0x21, 0x9e, 0xff,
    0xff, 0xf4, 0x0, 0x0, 0x0, 0x0, 0x0, 0x0,

    /* U+900F "透" */
    0x1, 0x0, 0x0, 0x12, 0x46, 0x30, 0x1f, 0x50,
    0x9c, 0xbf, 0x96, 0x30, 0x5, 0xf1, 0x0, 0xf,
    0x10, 0x0, 0x0, 0x94, 0xdd, 0xdf, 0xed, 0xd5,
    0x0, 0x0, 0x6, 0xcf, 0xd7, 0x0, 0x27, 0x74,
    0xca, 0xd, 0x19, 0xd4, 0x28, 0xf3, 0x8d, 0xdd,
    0xd3, 0x20, 0x0, 0xe2, 0x3, 0xe0, 0xed, 0xd0,
    0x0, 0xe2, 0xc, 0x80, 0x2, 0xe0, 0x0, 0xe5,
    0xe9, 0x0, 0xbd, 0x70, 0xa, 0xed, 0x92, 0x0,
    0x1, 0x43, 0x3d, 0x10, 0x8e, 0xff, 0xff, 0xf5,
    0x0, 0x0, 0x0, 0x0, 0x0, 0x0,

    /* U+901F "速" */
    0x5, 0x0, 0x0, 0x2e, 0x0, 0x0, 0x1d, 0x84,
    0xdd, 0xdf, 0xdd, 0xd4, 0x2, 0xd2, 0x22, 0x4e,
    0x22, 0x20, 0x0, 0x0, 0xee, 0xef, 0xde, 0xe0,
    0x6b, 0xb1, 0xe1, 0x2e, 0x2, 0xe0, 0x13, 0xf2,
    0xde, 0xef, 0xee, 0xd0, 0x0, 0xe2, 0x4, 0xef,
    0xd4, 0x0, 0x0, 0xe2, 0x7e, 0x5e, 0x3d, 0x80,
    0x0, 0xf6, 0xc2, 0x2e, 0x1, 0x90, 0x1d, 0xad,
    0x61, 0x14, 0x1, 0x43, 0x69, 0x1, 0x8d, 0xff,
    0xff, 0xe5, 0x0, 0x0, 0x0, 0x0, 0x0, 0x0,

    /* U+903B "逻" */
    0x0, 0x0, 0x0, 0x0, 0x0, 0x0, 0xc, 0x40,
    0xde, 0xfe, 0xfe, 0xf0, 0x4, 0xf3, 0xd1, 0xb0,
    0xb0, 0xf0, 0x0, 0x41, 0xda, 0xe9, 0xe9, 0xf0,
    0x24, 0x40, 0x45, 0xf6, 0x44, 0x40, 0x5b, 0xf2,
    0xa, 0xfc, 0xcc, 0x50, 0x0, 0xe3, 0xbb, 0x41,
    0x4f, 0x20, 0x0, 0xe2, 0x62, 0xe7, 0xe7, 0x0,
    0x0, 0xe2, 0x1, 0x9f, 0x70, 0x0, 0x3, 0xf3,
    0x9f, 0xb3, 0x0, 0x0, 0x3f, 0x9e, 0xa4, 0x0,
    0x2, 0x43, 0x77, 0x2, 0xae, 0xff, 0xff, 0xf4,
    0x0, 0x0, 0x0, 0x0, 0x0, 0x0,

    /* U+9053 "道" */
    0x0, 0x0, 0x2, 0x0, 0x11, 0x0, 0x29, 0x0,
    0x2e, 0x10, 0xb8, 0x0, 0xb, 0xa5, 0xcf, 0xcc,
    0xfc, 0xc1, 0x0, 0x91, 0x22, 0xa9, 0x22, 0x20,
    0x0, 0x0, 0xad, 0xfe, 0xdd, 0x20, 0x6c, 0xc1,
    0xb5, 0x0, 0xe, 0x20, 0x24, 0xf2, 0xbd, 0xbb,
    0xbf, 0x20, 0x0, 0xe2, 0xba, 0x77, 0x7f, 0x20,
    0x0, 0xe2, 0xb7, 0x44, 0x4f, 0x20, 0x0, 0xf3,
    0xad, 0xcc, 0xce, 0x20, 0x1d, 0xad, 0x61, 0x0,
    0x1, 0x42, 0x68, 0x1, 0x9e, 0xff, 0xff, 0xe1,
    0x0, 0x0, 0x0, 0x0, 0x0, 0x0,

    /* U+90E8 "部" */
    0x0, 0x8, 0x0, 0x0, 0x0, 0x0, 0x0, 0xd,
    0x50, 0x8, 0xff, 0xf3, 0xe, 0xef, 0xfe, 0x98,
    0x71, 0xf2, 0x3, 0xb1, 0x2d, 0x18, 0x65, 0xc0,
    0x0, 0xf1, 0x5c, 0x8, 0x6a, 0x70, 0x14, 0xc6,
    0xb9, 0x48, 0x7e, 0x20, 0x4b, 0xbb, 0xbb, 0xa8,
    0x69, 0x90, 0x3, 0x44, 0x44, 0x18, 0x60, 0xf1,
    0xb, 0xdb, 0xbe, 0x68, 0x60, 0xd3, 0xb, 0x50,
    0xb, 0x68, 0x9b, 0xc0, 0xb, 0xed, 0xdf, 0x68,
    0x70, 0x0, 0xb, 0x61, 0x1a, 0x58, 0x60, 0x0,
    0x0, 0x0, 0x0, 0x0, 0x0, 0x0,

    /* U+91CC "里" */
    0x0, 0xef, 0xff, 0xff, 0xff, 0x80, 0x0, 0xe3,
    0x3, 0xc0, 0x9, 0x80, 0x0, 0xe5, 0x25, 0xd2,
    0x2a, 0x80, 0x0, 0xed, 0xcd, 0xfc, 0xce, 0x80,
    0x0, 0xe3, 0x4, 0xd0, 0x9, 0x80, 0x0, 0xde,
    0xef, 0xfe, 0xee, 0x80, 0x0, 0x0, 0x5, 0xd0,
    0x0, 0x0, 0x4, 0xff, 0xff, 0xff, 0xff, 0xe0,
    0x0, 0x11, 0x16, 0xe1, 0x11, 0x10, 0x3, 0x33,
    0x37, 0xe3, 0x33, 0x31, 0x1c, 0xcc, 0xcc, 0xcc,
    0xcc, 0xc7,

    /* U+91CD "重" */
    0x0, 0x0, 0x0, 0x13, 0x46, 0x0, 0x1, 0xee,
    0xef, 0xeb, 0xa8, 0x10, 0x0, 0x0, 0x6, 0xb0,
    0x0, 0x0, 0x1e, 0xee, 0xee, 0xfe, 0xee, 0xe7,
    0x0, 0x67, 0x7a, 0xd7, 0x77, 0x20, 0x0, 0xe7,
    0x49, 0xc4, 0x4d, 0x50, 0x0, 0xec, 0xbd, 0xeb,
    0xbe, 0x50, 0x0, 0xe9, 0x7b, 0xd7, 0x7e, 0x50,
    0x0, 0x44, 0x49, 0xc4, 0x44, 0x10, 0x3, 0xee,
    0xee, 0xfe, 0xee, 0xb0, 0x1, 0x11, 0x17, 0xb1,
    0x11, 0x10, 0x1c, 0xcc, 0xcc, 0xcc, 0xcc, 0xc7,

    /* U+91CF "量" */
    0x0, 0xac, 0x99, 0x99, 0xaf, 0x0, 0x0, 0xac,
    0x99, 0x99, 0xaf, 0x0, 0x0, 0xaa, 0x55, 0x55,
    0x6f, 0x0, 0x1, 0x57, 0x77, 0x77, 0x77, 0x21,
    0x1b, 0xbb, 0xbb, 0xbb, 0xbb, 0xb6, 0x0, 0xc9,
    0x8a, 0xd8, 0x8c, 0x50, 0x0, 0xdb, 0x9b, 0xe9,
    0x9e, 0x50, 0x0, 0xa9, 0x8b, 0xe8, 0x8b, 0x40,
    0x1, 0xbb, 0xbd, 0xeb, 0xbb, 0x70, 0x0, 0x0,
    0x5, 0xc0, 0x0, 0x0, 0x2d, 0xdd, 0xde, 0xfd,
    0xdd, 0xd8,

    /* U+91D1 "金" */
    0x0, 0x0, 0x1, 0x20, 0x0, 0x0, 0x0, 0x0,
    0xc, 0xd0, 0x0, 0x0, 0x0, 0x2, 0xcb, 0xad,
    0x20, 0x0, 0x2, 0x9f, 0x80, 0x6, 0xe8, 0x20,
    0x5f, 0xdf, 0xcc, 0xcc, 0xec, 0xf5, 0x4, 0x4,
    0x4b, 0xa4, 0x40, 0x20, 0x0, 0x0, 0xa, 0x90,
    0x0, 0x0, 0x9, 0xff, 0xff, 0xff, 0xff, 0x80,
    0x0, 0x56, 0x9, 0x80, 0x76, 0x0, 0x0, 0x2e,
    0x9, 0x81, 0xf3, 0x0, 0x0, 0xa, 0x2a, 0x94,
    0x80, 0x0, 0x2f, 0xff, 0xff, 0xff, 0xff, 0xf2,

    /* U+949F "钟" */
    0x2, 0xd0, 0x0, 0x2, 0xe0, 0x0, 0xa, 0xfd,
    0xd0, 0x2, 0xe0, 0x0, 0x6d, 0x21, 0x17, 0xcc,
    0xfc, 0xc1, 0x1a, 0xdd, 0xaa, 0x85, 0xf3, 0xf1,
    0x1, 0xa8, 0x1a, 0x62, 0xe0, 0xe1, 0x3, 0xb9,
    0x3a, 0x62, 0xe0, 0xe1, 0x3c, 0xee, 0xca, 0xff,
    0xff, 0xf1, 0x0, 0x97, 0x8, 0x64, 0xe1, 0xb1,
    0x0, 0x97, 0x60, 0x2, 0xe0, 0x0, 0x0, 0xcf,
    0xa0, 0x2, 0xe0, 0x0, 0x1, 0xb3, 0x0, 0x2,
    0xe0, 0x0,

    /* U+94AE "钮" */
    0x2, 0x50, 0x0, 0x0, 0x0, 0x0, 0x8, 0xb4,
    0x4c, 0xff, 0xff, 0xf0, 0xe, 0xed, 0xc0, 0xe,
    0x22, 0xe0, 0x7b, 0x0, 0x0, 0xf, 0x13, 0xd0,
    0x3c, 0xdd, 0x80, 0x1f, 0x4, 0xc0, 0x1, 0xb6,
    0x16, 0xaf, 0x8b, 0xb0, 0x0, 0xb5, 0x8, 0xdf,
    0xcd, 0xa0, 0x5f, 0xff, 0xe0, 0x6b, 0x7, 0x90,
    0x0, 0xa4, 0x0, 0x89, 0x9, 0x80, 0x0, 0xa5,
    0x40, 0xa7, 0xa, 0x60, 0x0, 0xcf, 0xb1, 0xc6,
    0x1c, 0x60, 0x2, 0xe5, 0xaf, 0xff, 0xff, 0xf8,
    0x0, 0x10, 0x0, 0x0, 0x0, 0x0,

    /* U+94DC "铜" */
    0x0, 0x50, 0x0, 0x0, 0x0, 0x0, 0x3, 0xf0,
    0x9, 0xff, 0xff, 0xf4, 0xb, 0xff, 0xfa, 0x50,
    0x0, 0xa4, 0x4e, 0x20, 0x9, 0x69, 0x97, 0xa4,
    0x1a, 0xcc, 0xb9, 0x53, 0x33, 0xa4, 0x1, 0xa7,
    0x29, 0x5a, 0xb7, 0xa4, 0x16, 0xca, 0x59, 0x5b,
    0x39, 0xa4, 0x1a, 0xdc, 0x99, 0x5b, 0x19, 0xa4,
    0x0, 0x96, 0x9, 0x5e, 0xe9, 0xa4, 0x0, 0xaa,
    0xa9, 0x56, 0x0, 0xa4, 0x0, 0xce, 0x59, 0x50,
    0x0, 0xb4, 0x1, 0xa1, 0x9, 0x50, 0xe, 0xd1,

    /* U+9500 "销" */
    0x2, 0xc0, 0x4, 0x31, 0xe0, 0x72, 0xb, 0xeb,
    0xb5, 0xd1, 0xe2, 0xd0, 0x6c, 0x33, 0x30, 0x82,
    0xe4, 0x40, 0x1b, 0xdd, 0xa8, 0xee, 0xfe, 0xe0,
    0x1, 0xa7, 0x19, 0x81, 0x11, 0xf0, 0x16, 0xca,
    0x69, 0xec, 0xcc, 0xf0, 0x29, 0xdb, 0x99, 0x82,
    0x22, 0xf0, 0x0, 0x96, 0x9, 0xdb, 0xbb, 0xf0,
    0x0, 0xa8, 0x89, 0x93, 0x33, 0xf0, 0x0, 0xdf,
    0x79, 0x70, 0x1, 0xf0, 0x0, 0xa2, 0x9, 0x70,
    0x2e, 0xa0,

    /* U+957F "长" */
    0x0, 0xf, 0x20, 0x0, 0x2a, 0x10, 0x0, 0xf,
    0x20, 0x4, 0xf8, 0x0, 0x0, 0xf, 0x22, 0xaf,
    0x60, 0x0, 0x0, 0xf, 0x2d, 0xa1, 0x0, 0x0,
    0x4, 0x4f, 0x54, 0x44, 0x44, 0x42, 0x1d, 0xdf,
    0xdd, 0xfd, 0xdd, 0xd6, 0x0, 0xf, 0x20, 0xd4,
    0x0, 0x0, 0x0, 0xf, 0x20, 0x5e, 0x20, 0x0,
    0x0, 0xf, 0x20, 0x9, 0xe4, 0x0, 0x0, 0x1f,
    0xad, 0xc0, 0x7f, 0xb4, 0x0, 0x4d, 0x83, 0x0,
    0x2, 0x93, 0x0, 0x0, 0x0, 0x0, 0x0, 0x0,

    /* U+95F4 "间" */
    0x22, 0x0, 0x0, 0x0, 0x0, 0x7, 0xe2, 0xdf,
    0xff, 0xff, 0xf0, 0xc, 0x70, 0x0, 0x0, 0x2f,
    0x4, 0x10, 0x0, 0x0, 0x2, 0xf0, 0xf3, 0x1e,
    0xee, 0xe2, 0x2f, 0xf, 0x31, 0xe0, 0xe, 0x22,
    0xf0, 0xf3, 0x1e, 0x22, 0xe2, 0x2f, 0xf, 0x31,
    0xfb, 0xbf, 0x22, 0xf0, 0xf3, 0x1e, 0x0, 0xe2,
    0x2f, 0xf, 0x31, 0xee, 0xee, 0x22, 0xf0, 0xf3,
    0x0, 0x0, 0x0, 0x2f, 0xf, 0x30, 0x0, 0x0,
    0x5f, 0xb0,

    /* U+961F "队" */
    0x0, 0x0, 0x0, 0x0, 0x0, 0xe, 0xff, 0xe0,
    0xc, 0x50, 0x0, 0xe2, 0x6c, 0x0, 0xd4, 0x0,
    0xe, 0x2b, 0x50, 0xd, 0x40, 0x0, 0xe3, 0xf1,
    0x0, 0xe4, 0x0, 0xe, 0x2a, 0x70, 0xf, 0x60,
    0x0, 0xe2, 0x3e, 0x2, 0xfa, 0x0, 0xe, 0x22,
    0xf0, 0x7d, 0xe0, 0x0, 0xe5, 0xeb, 0xd, 0x5b,
    0x60, 0xe, 0x22, 0x5, 0xe0, 0x4d, 0x10, 0xe2,
    0x4, 0xf5, 0x0, 0xbc, 0x1e, 0x20, 0xa7, 0x0,
    0x1, 0xc3, 0x0, 0x0, 0x0, 0x0, 0x0, 0x0,

    /* U+9636 "阶" */
    0x0, 0x0, 0x0, 0x5, 0x30, 0x0, 0xf, 0xff,
    0xb0, 0xf, 0xa0, 0x0, 0xf, 0x1b, 0x70, 0x7d,
    0xd5, 0x0, 0xf, 0x2f, 0x12, 0xf3, 0x3e, 0x40,
    0xf, 0x7a, 0x3e, 0x70, 0x6, 0xf5, 0xf, 0x3e,
    0x67, 0x50, 0x5, 0x52, 0xf, 0x7, 0x90, 0xf0,
    0x2e, 0x0, 0xf, 0x6, 0xb1, 0xf0, 0x2e, 0x0,
    0xf, 0x9f, 0x62, 0xe0, 0x2e, 0x0, 0xf, 0x11,
    0x5, 0xc0, 0x2e, 0x0, 0xf, 0x0, 0xd, 0x70,
    0x2e, 0x0, 0xf, 0x0, 0x4c, 0x0, 0x2e, 0x0,
    0x0, 0x0, 0x0, 0x0, 0x0, 0x0,

    /* U+964D "降" */
    0x0, 0x0, 0x0, 0x16, 0x0, 0x0, 0xf, 0xff,
    0x20, 0xae, 0x0, 0x0, 0xe, 0xf, 0x17, 0xfd,
    0xdf, 0x80, 0xe, 0x3b, 0x8f, 0xe7, 0x3e, 0x10,
    0xe, 0x65, 0x22, 0x2f, 0xf5, 0x0, 0xe, 0x48,
    0x5b, 0xe9, 0x8e, 0xc3, 0xe, 0xe, 0x76, 0x12,
    0xd1, 0x61, 0xe, 0xd, 0x4e, 0xee, 0xfe, 0xe0,
    0xe, 0x7d, 0x1c, 0x12, 0xe0, 0x0, 0xe, 0x0,
    0x6f, 0xee, 0xfe, 0xe4, 0xe, 0x0, 0x0, 0x3,
    0xe0, 0x0, 0xe, 0x0, 0x0, 0x2, 0xe0, 0x0,
    0x0, 0x0, 0x0, 0x0, 0x0, 0x0,

    /* U+968F "随" */
    0x0, 0x0, 0x0, 0x0, 0x60, 0x0, 0xf, 0xff,
    0x50, 0x36, 0xd3, 0x31, 0xe, 0x1d, 0xb3, 0xef,
    0xee, 0xe6, 0xe, 0x59, 0x3b, 0x1f, 0x20, 0x0,
    0xe, 0x86, 0x1, 0x9f, 0xdd, 0xe0, 0xe, 0x86,
    0x67, 0xef, 0x10, 0xf0, 0xe, 0x1d, 0xae, 0x1e,
    0xcc, 0xf0, 0xe, 0xe, 0x1e, 0xe, 0x87, 0xf0,
    0xe, 0x7e, 0xe, 0xe, 0x43, 0xf0, 0xe, 0x32,
    0x3e, 0xe, 0xa, 0xc0, 0xe, 0x1, 0xd9, 0xc3,
    0x0, 0x21, 0xe, 0x3, 0x70, 0x4c, 0xff, 0xf6,
    0x0, 0x0, 0x0, 0x0, 0x0, 0x0,

    /* U+96C6 "集" */
    0x0, 0x0, 0x0, 0x0, 0x0, 0x0, 0x0, 0x6e,
    0x4, 0xd0, 0x0, 0x0, 0x2, 0xff, 0xde, 0xfe,
    0xdd, 0x90, 0x2e, 0xf4, 0x47, 0xe4, 0x44, 0x0,
    0x79, 0xf7, 0x79, 0xe7, 0x77, 0x10, 0x2, 0xfc,
    0xcd, 0xfc, 0xcc, 0x20, 0x2, 0xf6, 0x69, 0xe6,
    0x66, 0x60, 0x1, 0xc8, 0x8c, 0xa8, 0x88, 0x80,
    0x7e, 0xee, 0xef, 0xfe, 0xee, 0xe1, 0x0, 0x8,
    0xed, 0xce, 0x60, 0x0, 0x39, 0xea, 0x1a, 0x62,
    0xcd, 0x71, 0x69, 0x30, 0xa, 0x60, 0x3, 0xa1,

    /* U+96FE "雾" */
    0x5, 0xbb, 0xbf, 0xdb, 0xbb, 0x50, 0xb, 0xbb,
    0xbf, 0xdb, 0xbb, 0xb1, 0x1e, 0x69, 0x6c, 0x68,
    0x85, 0xe1, 0xb, 0x47, 0x4c, 0x67, 0x74, 0xb1,
    0x0, 0xa, 0x62, 0x10, 0x0, 0x0, 0x4, 0xdf,
    0xbb, 0xbc, 0xfd, 0x10, 0x6, 0x59, 0xd9, 0xae,
    0x94, 0x31, 0x4b, 0x97, 0x5a, 0x35, 0x78, 0x92,
    0x4, 0xcc, 0xcf, 0xcc, 0xcc, 0x0, 0x0, 0x6,
    0xd2, 0x0, 0x4d, 0x0, 0x8, 0xd9, 0x10, 0x2d,
    0xe6, 0x0, 0x0, 0x0, 0x0, 0x0, 0x0, 0x0,

    /* U+9752 "青" */
    0x4, 0xdd, 0xde, 0xfd, 0xdd, 0xa0, 0x0, 0x0,
    0x6, 0xb0, 0x0, 0x0, 0x0, 0xbc, 0xce, 0xfc,
    0xcc, 0x30, 0x4, 0x44, 0x49, 0xc4, 0x44, 0x41,
    0x8, 0x88, 0x88, 0x88, 0x88, 0x83, 0x0, 0x6d,
    0xdd, 0xdd, 0xdc, 0x0, 0x0, 0x7b, 0x44, 0x44,
    0x7e, 0x0, 0x0, 0x7d, 0x77, 0x77, 0x9e, 0x0,
    0x0, 0x7e, 0xcc, 0xcc, 0xde, 0x0, 0x0, 0x7a,
    0x0, 0x0, 0x4e, 0x0, 0x0, 0x7a, 0x0, 0xc,
    0xe9, 0x0,

    /* U+9759 "静" */
    0x0, 0x0, 0x0, 0x0, 0x0, 0x0, 0x0, 0x4d,
    0x0, 0xc, 0x40, 0x0, 0x2b, 0xcf, 0xb9, 0x5f,
    0xef, 0x40, 0x9, 0xbe, 0xa8, 0xe3, 0x4d, 0x0,
    0x15, 0x7e, 0x55, 0xee, 0xff, 0xe2, 0x39, 0x99,
    0x98, 0x1, 0xe0, 0xd2, 0x9, 0xdd, 0xd8, 0xde,
    0xfd, 0xfc, 0xb, 0x74, 0xc5, 0x2, 0xe0, 0xe3,
    0xb, 0x97, 0xc5, 0xac, 0xfc, 0xf2, 0xb, 0xdc,
    0xe5, 0x13, 0xe1, 0x81, 0xb, 0x40, 0xa5, 0x2,
    0xe0, 0x0, 0xb, 0x49, 0xe3, 0x8f, 0x90, 0x0,

    /* U+9762 "面" */
    0x1f, 0xff, 0xff, 0xff, 0xff, 0xf8, 0x0, 0x0,
    0xa, 0xa0, 0x0, 0x0, 0x0, 0x0, 0xc, 0x60,
    0x0, 0x0, 0x8, 0xff, 0xff, 0xff, 0xff, 0xe0,
    0x8, 0x81, 0xf1, 0x1c, 0x43, 0xf0, 0x8, 0x80,
    0xfe, 0xef, 0x32, 0xf0, 0x8, 0x80, 0xf0, 0xb,
    0x32, 0xf0, 0x8, 0x80, 0xfd, 0xdf, 0x32, 0xf0,
    0x8, 0x80, 0xf0, 0xb, 0x32, 0xf0, 0x8, 0xfe,
    0xfe, 0xef, 0xfe, 0xf0, 0x8, 0x91, 0x11, 0x11,
    0x14, 0xf0,

    /* U+9875 "页" */
    0x1f, 0xff, 0xff, 0xff, 0xff, 0xf3, 0x0, 0x0,
    0xe, 0x50, 0x0, 0x0, 0x0, 0x11, 0x3f, 0x11,
    0x11, 0x0, 0x0, 0xff, 0xff, 0xff, 0xff, 0x20,
    0x0, 0xf1, 0x3, 0x30, 0xf, 0x20, 0x0, 0xf1,
    0x8, 0x90, 0xf, 0x20, 0x0, 0xf1, 0x8, 0x90,
    0xf, 0x20, 0x0, 0xf1, 0xb, 0x70, 0xf, 0x20,
    0x0, 0x70, 0x6f, 0x5c, 0x56, 0x10, 0x1, 0x6c,
    0xe4, 0x4, 0xcd, 0x40, 0x1e, 0xb5, 0x0, 0x0,
    0x5, 0xc0, 0x0, 0x0, 0x0, 0x0, 0x0, 0x0,

    /* U+9879 "项" */
    0x12, 0x22, 0x3f, 0xff, 0xff, 0xfa, 0x6f, 0xff,
    0x60, 0xb, 0x90, 0x0, 0x36, 0xf8, 0x23, 0x3e,
    0x73, 0x30, 0x0, 0xf1, 0xc, 0xdb, 0xbc, 0xf0,
    0x0, 0xf1, 0xc, 0x45, 0x72, 0xf0, 0x0, 0xf1,
    0xc, 0x47, 0xa2, 0xf0, 0x0, 0xf2, 0x2c, 0x47,
    0xa2, 0xf0, 0x26, 0xff, 0x9c, 0x49, 0x82, 0xf0,
    0x7c, 0x61, 0x4, 0x3e, 0x44, 0x40, 0x0, 0x0,
    0x5, 0xe8, 0x3d, 0x90, 0x0, 0x0, 0xdb, 0x40,
    0x0, 0xa7, 0x0, 0x0, 0x0, 0x0, 0x0, 0x0,

    /* U+987A "顺" */
    0x0, 0x0, 0x0, 0x0, 0x0, 0x0, 0xe, 0x0,
    0xe5, 0xff, 0xff, 0xf6, 0xe, 0x56, 0xe1, 0x3,
    0xe0, 0x0, 0xe, 0x56, 0xe1, 0xde, 0xfe, 0xe0,
    0xe, 0x56, 0xe1, 0xe3, 0x22, 0xf0, 0xe, 0x56,
    0xe1, 0xe1, 0xf0, 0xf0, 0xe, 0x56, 0xe1, 0xe1,
    0xf0, 0xf0, 0xe, 0x56, 0xe1, 0xe1, 0xf0, 0xf0,
    0x1d, 0x56, 0xe1, 0xe4, 0xe0, 0xf0, 0x4b, 0x56,
    0xe1, 0x2b, 0xed, 0x40, 0x86, 0x0, 0xe5, 0xcc,
    0x18, 0xd1, 0x21, 0x0, 0x33, 0x50, 0x0, 0x40,

    /* U+9884 "预" */
    0x0, 0x0, 0x0, 0x0, 0x0, 0x0, 0xaf, 0xff,
    0xae, 0xff, 0xff, 0xf1, 0x1, 0xd, 0x30, 0x8,
    0x90, 0x0, 0x2e, 0xc7, 0x6, 0xdf, 0xed, 0x80,
    0x2, 0xdb, 0x7, 0xa3, 0x39, 0x90, 0x7d, 0xef,
    0xe9, 0x87, 0x87, 0x90, 0x1, 0xe4, 0xd7, 0x87,
    0x87, 0x90, 0x0, 0xe7, 0x87, 0x88, 0x87, 0x90,
    0x0, 0xe2, 0x7, 0x8a, 0x67, 0x90, 0x0, 0xe2,
    0x1, 0x4f, 0x54, 0x10, 0x0, 0xe2, 0x5, 0xe6,
    0x4e, 0x50, 0x5f, 0xc0, 0x3c, 0x30, 0x3, 0xb0,
    0x0, 0x0, 0x0, 0x0, 0x0, 0x0,

    /* U+9891 "频" */
    0x0, 0xd, 0x10, 0xdf, 0xff, 0xf5, 0x8, 0x2d,
    0xea, 0x0, 0xb4, 0x0, 0xa, 0x3d, 0x20, 0x24,
    0xf5, 0x40, 0x1c, 0x6e, 0x53, 0x8e, 0xcc, 0xf1,
    0x6c, 0xcf, 0xcc, 0x86, 0x72, 0xe1, 0x5, 0x4e,
    0x5, 0x86, 0xb3, 0xe1, 0xe, 0x3e, 0x6b, 0x86,
    0xc2, 0xe1, 0x59, 0x1e, 0xd5, 0x86, 0xe0, 0xe1,
    0x0, 0xc, 0xb0, 0x35, 0xd5, 0x40, 0x4, 0xcb,
    0x10, 0x3d, 0x5b, 0xa0, 0x3d, 0x60, 0x5, 0xc4,
    0x0, 0x94, 0x0, 0x0, 0x0, 0x0, 0x0, 0x0,

    /* U+9898 "题" */
    0x0, 0x0, 0x0, 0x0, 0x0, 0x0, 0xb, 0xcb,
    0xe7, 0xee, 0xfe, 0xe6, 0xb, 0x85, 0xb6, 0x1,
    0xe0, 0x0, 0xb, 0xa7, 0xc6, 0x7d, 0xfd, 0xc0,
    0xb, 0xa8, 0xc6, 0x95, 0x0, 0xe0, 0x4, 0x66,
    0x62, 0x95, 0xc2, 0xe0, 0x5d, 0xdf, 0xdd, 0x95,
    0xd1, 0xe0, 0x5, 0x3e, 0x0, 0x96, 0xe0, 0xe0,
    0xb, 0x4f, 0xda, 0x17, 0xba, 0x20, 0xd, 0xae,
    0x0, 0x6e, 0x28, 0xd1, 0x1d, 0xae, 0x23, 0xa2,
    0x0, 0x72, 0x77, 0x6, 0xce, 0xee, 0xee, 0xe5,
    0x0, 0x0, 0x0, 0x0, 0x0, 0x0,

    /* U+989C "颜" */
    0x0, 0x18, 0x0, 0x0, 0x0, 0x0, 0x0, 0xf,
    0x0, 0xce, 0xfe, 0xe4, 0x2e, 0xef, 0xee, 0x0,
    0xc1, 0x0, 0x2, 0xa0, 0x84, 0x12, 0xe2, 0x20,
    0x3, 0xe3, 0xe3, 0x9d, 0xcc, 0xe0, 0xe, 0xcb,
    0xcb, 0x94, 0x81, 0xd0, 0xe, 0x37, 0xd3, 0x94,
    0xc1, 0xd0, 0xf, 0x86, 0x75, 0x94, 0xc0, 0xd0,
    0xf, 0x6c, 0xa1, 0x94, 0xd0, 0xd0, 0x1d, 0x63,
    0xaa, 0x35, 0xa3, 0x40, 0x5b, 0x7e, 0x90, 0x4d,
    0x2a, 0xa0, 0x56, 0x72, 0x8, 0xa3, 0x0, 0x84,

    /* U+98CE "风" */
    0x1, 0xff, 0xff, 0xff, 0xff, 0x0, 0x1, 0xf1,
    0x11, 0x11, 0x2f, 0x0, 0x1, 0xf3, 0x40, 0x1e,
    0x2f, 0x0, 0x1, 0xf3, 0xf3, 0x7a, 0x1f, 0x0,
    0x2, 0xf0, 0x7d, 0xd3, 0x1f, 0x0, 0x3, 0xf0,
    0xb, 0xe0, 0xf, 0x0, 0x4, 0xd0, 0x1e, 0xf4,
    0xf, 0x0, 0x6, 0xb0, 0xba, 0x6e, 0xf, 0x10,
    0xa, 0x7b, 0xd1, 0xd, 0x8d, 0x46, 0x1f, 0x36,
    0x10, 0x3, 0x1a, 0xa9, 0x4b, 0x0, 0x0, 0x0,
    0x3, 0xe4, 0x0, 0x0, 0x0, 0x0, 0x0, 0x0,

    /* U+9996 "首" */
    0x0, 0xa, 0x30, 0x0, 0xa5, 0x0, 0x3, 0x39,
    0xd3, 0x37, 0xf4, 0x32, 0x1c, 0xcc, 0xce, 0xfc,
    0xcc, 0xc7, 0x0, 0x56, 0x6b, 0xc6, 0x66, 0x10,
    0x0, 0xd9, 0x66, 0x66, 0x6f, 0x30, 0x0, 0xdc,
    0xbb, 0xbb, 0xbf, 0x30, 0x0, 0xd6, 0x22, 0x22,
    0x2e, 0x30, 0x0, 0xde, 0xdd, 0xdd, 0xdf, 0x30,
    0x0, 0xd5, 0x0, 0x0, 0xe, 0x30, 0x0, 0xde,
    0xdd, 0xdd, 0xdf, 0x30, 0x0, 0xd5, 0x11, 0x11,
    0x1e, 0x30,

    /* U+9A7B "驻" */
    0x0, 0x0, 0x0, 0x2, 0x20, 0x0, 0xf, 0xff,
    0xc0, 0x8, 0xa0, 0x0, 0x0, 0x3, 0xb0, 0x2,
    0xc0, 0x0, 0xb, 0x24, 0xa9, 0xff, 0xff, 0xf6,
    0xd, 0x15, 0x90, 0x3, 0xe0, 0x0, 0xd, 0x7,
    0x80, 0x3, 0xe0, 0x0, 0xd, 0x4a, 0x91, 0x14,
    0xe1, 0x10, 0x8, 0x99, 0xe8, 0xde, 0xfd, 0xd0,
    0x0, 0x13, 0xd2, 0x3, 0xe0, 0x0, 0x3d, 0xd8,
    0xe0, 0x3, 0xe0, 0x0, 0x1, 0x2, 0xe3, 0x36,
    0xf3, 0x32, 0x1, 0xee, 0x6a, 0xcc, 0xcc, 0xc7,
    0x0, 0x0, 0x0, 0x0, 0x0, 0x0,

    /* U+9A8C "验" */
    0x0, 0x0, 0x0, 0x3, 0x40, 0x0, 0x6f, 0xff,
    0x50, 0xe, 0xa0, 0x0, 0x0, 0xa, 0x40, 0x9b,
    0xd7, 0x0, 0xc, 0x2b, 0x38, 0xd0, 0x1e, 0x80,
    0xe, 0xc, 0x8d, 0x99, 0x9b, 0xe5, 0xf, 0xe,
    0x11, 0x34, 0x44, 0x10, 0x2f, 0xbf, 0xa4, 0x45,
    0x70, 0xa0, 0x2, 0x24, 0xd4, 0xa3, 0xa4, 0xb0,
    0x26, 0xa8, 0xc0, 0xe1, 0xca, 0x40, 0x77, 0x35,
    0xa0, 0x30, 0x1d, 0x0, 0x0, 0x7, 0x8b, 0xcc,
    0xde, 0xc2, 0x1, 0xde, 0x32, 0x22, 0x22, 0x20,
    0x0, 0x0, 0x0, 0x0, 0x0, 0x0,

    /* U+9AD8 "高" */
    0x0, 0x0, 0x8, 0x60, 0x0, 0x0, 0x2a, 0xaa,
    0xad, 0xea, 0xaa, 0xa2, 0x14, 0x56, 0x66, 0x66,
    0x66, 0x40, 0x0, 0x8d, 0xaa, 0xaa, 0xda, 0x0,
    0x0, 0x8c, 0x77, 0x77, 0xba, 0x0, 0x1, 0x46,
    0x66, 0x66, 0x64, 0x10, 0xd, 0xdd, 0xdd, 0xdd,
    0xdd, 0xd0, 0xd, 0x36, 0x99, 0x99, 0x43, 0xd0,
    0xd, 0x39, 0x82, 0x29, 0x73, 0xd0, 0xd, 0x39,
    0xec, 0xcc, 0x54, 0xd0, 0xd, 0x32, 0x10, 0x0,
    0x6d, 0x80,

    /* U+9EC4 "黄" */
    0x0, 0x3, 0xf0, 0x7, 0xb0, 0x0, 0x3, 0xef,
    0xfe, 0xef, 0xfe, 0xb0, 0x0, 0x3, 0xf0, 0x7,
    0xb0, 0x0, 0x1f, 0xff, 0xff, 0xff, 0xff, 0xf9,
    0x0, 0x23, 0x37, 0xd3, 0x33, 0x10, 0x0, 0xdb,
    0xac, 0xea, 0xae, 0x60, 0x0, 0xda, 0x8b, 0xe8,
    0x8d, 0x60, 0x0, 0xd5, 0x27, 0xd2, 0x2c, 0x60,
    0x0, 0xac, 0xdc, 0xcd, 0xdc, 0x50, 0x0, 0x3a,
    0xd1, 0x6, 0xd8, 0x20, 0xa, 0xc6, 0x0, 0x0,
    0x17, 0xd2, 0x0, 0x0, 0x0, 0x0, 0x0, 0x0,

    /* U+9ED8 "默" */
    0xe, 0xce, 0xce, 0x0, 0xe9, 0x10, 0xd, 0x5a,
    0x6e, 0x0, 0xe7, 0xa0, 0xd, 0x8a, 0x9d, 0x0,
    0xe1, 0x80, 0xd, 0x3b, 0x3d, 0x8a, 0xfb, 0xa3,
    0xb, 0xcf, 0xcb, 0x67, 0xf8, 0x72, 0x7, 0x8f,
    0x86, 0x2, 0xf5, 0x0, 0x4, 0x4f, 0x54, 0x5,
    0xfa, 0x0, 0x2d, 0xef, 0xed, 0x9, 0x6d, 0x0,
    0x8, 0x43, 0x46, 0x1f, 0x19, 0x70, 0x2c, 0x86,
    0x8a, 0xb7, 0x2, 0xe4, 0x44, 0x43, 0x31, 0x90,
    0x0, 0x55,

    /* U+9F13 "鼓" */
    0x0, 0x3d, 0x0, 0x0, 0xe2, 0x0, 0x5e, 0xff,
    0xed, 0x22, 0xe5, 0x21, 0x0, 0x3e, 0x0, 0xff,
    0xff, 0xf6, 0xd, 0xdd, 0xda, 0x0, 0xe2, 0x0,
    0x7, 0x88, 0x84, 0x88, 0xfa, 0x81, 0xd, 0x53,
    0x98, 0xaa, 0x57, 0xf0, 0xd, 0xed, 0xe8, 0x2e,
    0xb, 0x90, 0x5, 0x60, 0xc0, 0xa, 0xce, 0x10,
    0x4, 0xb3, 0xd4, 0x7, 0xfa, 0x0, 0x4b, 0xdf,
    0xdd, 0xce, 0x6d, 0xd3, 0x24, 0x20, 0x2, 0x80,
    0x0, 0x82,

    /* U+FF0C "，" */
    0x8, 0xa0, 0xa, 0xf3, 0x0, 0xe1, 0x1c, 0x70,
    0x2, 0x0,

    /* U+FF1A "：" */
    0x9, 0x90, 0xd, 0xd0, 0x0, 0x0, 0x0, 0x0,
    0x0, 0x0, 0x0, 0x0, 0xa, 0xa0, 0xc, 0xc0,
    0x0, 0x0,

    /* U+FF1B "；" */
    0x9, 0x90, 0xd, 0xd0, 0x0, 0x0, 0x0, 0x0,
    0x0, 0x0, 0x7, 0x80, 0xc, 0xf2, 0x0, 0xe1,
    0x8, 0xa0, 0x27, 0x0
};


/*---------------------
 *  GLYPH DESCRIPTION
 *--------------------*/

static const lv_font_fmt_txt_glyph_dsc_t glyph_dsc[] = {
    {.bitmap_index = 0, .adv_w = 0, .box_w = 0, .box_h = 0, .ofs_x = 0, .ofs_y = 0} /* id = 0 reserved */,
    {.bitmap_index = 0, .adv_w = 53, .box_w = 0, .box_h = 0, .ofs_x = 0, .ofs_y = 0},
    {.bitmap_index = 0, .adv_w = 53, .box_w = 3, .box_h = 9, .ofs_x = 0, .ofs_y = 0},
    {.bitmap_index = 14, .adv_w = 79, .box_w = 5, .box_h = 4, .ofs_x = 0, .ofs_y = 5},
    {.bitmap_index = 24, .adv_w = 137, .box_w = 9, .box_h = 9, .ofs_x = 0, .ofs_y = 0},
    {.bitmap_index = 65, .adv_w = 121, .box_w = 8, .box_h = 13, .ofs_x = 0, .ofs_y = -2},
    {.bitmap_index = 117, .adv_w = 165, .box_w = 10, .box_h = 9, .ofs_x = 0, .ofs_y = 0},
    {.bitmap_index = 162, .adv_w = 136, .box_w = 9, .box_h = 10, .ofs_x = 0, .ofs_y = -1},
    {.bitmap_index = 207, .adv_w = 42, .box_w = 2, .box_h = 4, .ofs_x = 0, .ofs_y = 5},
    {.bitmap_index = 211, .adv_w = 67, .box_w = 3, .box_h = 13, .ofs_x = 1, .ofs_y = -3},
    {.bitmap_index = 231, .adv_w = 67, .box_w = 4, .box_h = 13, .ofs_x = 0, .ofs_y = -3},
    {.bitmap_index = 257, .adv_w = 80, .box_w = 5, .box_h = 5, .ofs_x = 0, .ofs_y = 5},
    {.bitmap_index = 270, .adv_w = 113, .box_w = 7, .box_h = 7, .ofs_x = 0, .ofs_y = 1},
    {.bitmap_index = 295, .adv_w = 47, .box_w = 3, .box_h = 5, .ofs_x = 0, .ofs_y = -2},
    {.bitmap_index = 303, .adv_w = 74, .box_w = 4, .box_h = 3, .ofs_x = 0, .ofs_y = 2},
    {.bitmap_index = 309, .adv_w = 47, .box_w = 3, .box_h = 3, .ofs_x = 0, .ofs_y = 0},
    {.bitmap_index = 314, .adv_w = 71, .box_w = 6, .box_h = 12, .ofs_x = -1, .ofs_y = -1},
    {.bitmap_index = 350, .adv_w = 129, .box_w = 8, .box_h = 9, .ofs_x = 0, .ofs_y = 0},
    {.bitmap_index = 386, .adv_w = 73, .box_w = 4, .box_h = 9, .ofs_x = 0, .ofs_y = 0},
    {.bitmap_index = 404, .adv_w = 112, .box_w = 7, .box_h = 9, .ofs_x = 0, .ofs_y = 0},
    {.bitmap_index = 436, .adv_w = 112, .box_w = 7, .box_h = 9, .ofs_x = 0, .ofs_y = 0},
    {.bitmap_index = 468, .adv_w = 130, .box_w = 9, .box_h = 9, .ofs_x = 0, .ofs_y = 0},
    {.bitmap_index = 509, .adv_w = 112, .box_w = 7, .box_h = 9, .ofs_x = 0, .ofs_y = 0},
    {.bitmap_index = 541, .adv_w = 120, .box_w = 8, .box_h = 9, .ofs_x = 0, .ofs_y = 0},
    {.bitmap_index = 577, .adv_w = 117, .box_w = 7, .box_h = 9, .ofs_x = 0, .ofs_y = 0},
    {.bitmap_index = 609, .adv_w = 125, .box_w = 8, .box_h = 9, .ofs_x = 0, .ofs_y = 0},
    {.bitmap_index = 645, .adv_w = 120, .box_w = 7, .box_h = 9, .ofs_x = 0, .ofs_y = 0},
    {.bitmap_index = 677, .adv_w = 47, .box_w = 3, .box_h = 7, .ofs_x = 0, .ofs_y = 0},
    {.bitmap_index = 688, .adv_w = 47, .box_w = 3, .box_h = 9, .ofs_x = 0, .ofs_y = -2},
    {.bitmap_index = 702, .adv_w = 113, .box_w = 7, .box_h = 7, .ofs_x = 0, .ofs_y = 1},
    {.bitmap_index = 727, .adv_w = 113, .box_w = 7, .box_h = 5, .ofs_x = 0, .ofs_y = 2},
    {.bitmap_index = 745, .adv_w = 113, .box_w = 7, .box_h = 7, .ofs_x = 0, .ofs_y = 1},
    {.bitmap_index = 770, .adv_w = 112, .box_w = 7, .box_h = 9, .ofs_x = 0, .ofs_y = 0},
    {.bitmap_index = 802, .adv_w = 199, .box_w = 12, .box_h = 12, .ofs_x = 0, .ofs_y = -3},
    {.bitmap_index = 874, .adv_w = 144, .box_w = 11, .box_h = 9, .ofs_x = -1, .ofs_y = 0},
    {.bitmap_index = 924, .adv_w = 146, .box_w = 8, .box_h = 9, .ofs_x = 1, .ofs_y = 0},
    {.bitmap_index = 960, .adv_w = 140, .box_w = 9, .box_h = 9, .ofs_x = 0, .ofs_y = 0},
    {.bitmap_index = 1001, .adv_w = 159, .box_w = 9, .box_h = 9, .ofs_x = 1, .ofs_y = 0},
    {.bitmap_index = 1042, .adv_w = 129, .box_w = 7, .box_h = 9, .ofs_x = 1, .ofs_y = 0},
    {.bitmap_index = 1074, .adv_w = 122, .box_w = 7, .box_h = 9, .ofs_x = 1, .ofs_y = 0},
    {.bitmap_index = 1106, .adv_w = 148, .box_w = 9, .box_h = 9, .ofs_x = 0, .ofs_y = 0},
    {.bitmap_index = 1147, .adv_w = 156, .box_w = 8, .box_h = 9, .ofs_x = 1, .ofs_y = 0},
    {.bitmap_index = 1183, .adv_w = 61, .box_w = 2, .box_h = 9, .ofs_x = 1, .ofs_y = 0},
    {.bitmap_index = 1192, .adv_w = 101, .box_w = 7, .box_h = 9, .ofs_x = -1, .ofs_y = 0},
    {.bitmap_index = 1224, .adv_w = 140, .box_w = 8, .box_h = 9, .ofs_x = 1, .ofs_y = 0},
    {.bitmap_index = 1260, .adv_w = 115, .box_w = 7, .box_h = 9, .ofs_x = 1, .ofs_y = 0},
    {.bitmap_index = 1292, .adv_w = 183, .box_w = 10, .box_h = 9, .ofs_x = 1, .ofs_y = 0},
    {.bitmap_index = 1337, .adv_w = 156, .box_w = 8, .box_h = 9, .ofs_x = 1, .ofs_y = 0},
    {.bitmap_index = 1373, .adv_w = 162, .box_w = 10, .box_h = 9, .ofs_x = 0, .ofs_y = 0},
    {.bitmap_index = 1418, .adv_w = 139, .box_w = 8, .box_h = 9, .ofs_x = 1, .ofs_y = 0},
    {.bitmap_index = 1454, .adv_w = 162, .box_w = 10, .box_h = 12, .ofs_x = 0, .ofs_y = -3},
    {.bitmap_index = 1514, .adv_w = 140, .box_w = 8, .box_h = 9, .ofs_x = 1, .ofs_y = 0},
    {.bitmap_index = 1550, .adv_w = 121, .box_w = 8, .box_h = 9, .ofs_x = 0, .ofs_y = 0},
    {.bitmap_index = 1586, .adv_w = 116, .box_w = 8, .box_h = 9, .ofs_x = 0, .ofs_y = 0},
    {.bitmap_index = 1622, .adv_w = 151, .box_w = 8, .box_h = 9, .ofs_x = 1, .ofs_y = 0},
    {.bitmap_index = 1658, .adv_w = 140, .box_w = 10, .box_h = 9, .ofs_x = -1, .ofs_y = 0},
    {.bitmap_index = 1703, .adv_w = 220, .box_w = 14, .box_h = 9, .ofs_x = 0, .ofs_y = 0},
    {.bitmap_index = 1766, .adv_w = 133, .box_w = 9, .box_h = 9, .ofs_x = 0, .ofs_y = 0},
    {.bitmap_index = 1807, .adv_w = 127, .box_w = 10, .box_h = 9, .ofs_x = -1, .ofs_y = 0},
    {.bitmap_index = 1852, .adv_w = 127, .box_w = 8, .box_h = 9, .ofs_x = 0, .ofs_y = 0},
    {.bitmap_index = 1888, .adv_w = 67, .box_w = 3, .box_h = 13, .ofs_x = 1, .ofs_y = -3},
    {.bitmap_index = 1908, .adv_w = 71, .box_w = 6, .box_h = 12, .ofs_x = -1, .ofs_y = -1},
    {.bitmap_index = 1944, .adv_w = 67, .box_w = 4, .box_h = 13, .ofs_x = 0, .ofs_y = -3},
    {.bitmap_index = 1970, .adv_w = 113, .box_w = 7, .box_h = 6, .ofs_x = 0, .ofs_y = 2},
    {.bitmap_index = 1991, .adv_w = 96, .box_w = 6, .box_h = 1, .ofs_x = 0, .ofs_y = -1},
    {.bitmap_index = 1994, .adv_w = 115, .box_w = 4, .box_h = 2, .ofs_x = 1, .ofs_y = 8},
    {.bitmap_index = 1998, .adv_w = 117, .box_w = 7, .box_h = 7, .ofs_x = 0, .ofs_y = 0},
    {.bitmap_index = 2023, .adv_w = 132, .box_w = 8, .box_h = 10, .ofs_x = 0, .ofs_y = 0},
    {.bitmap_index = 2063, .adv_w = 112, .box_w = 7, .box_h = 7, .ofs_x = 0, .ofs_y = 0},
    {.bitmap_index = 2088, .adv_w = 132, .box_w = 8, .box_h = 10, .ofs_x = 0, .ofs_y = 0},
    {.bitmap_index = 2128, .adv_w = 119, .box_w = 8, .box_h = 7, .ofs_x = 0, .ofs_y = 0},
    {.bitmap_index = 2156, .adv_w = 71, .box_w = 5, .box_h = 10, .ofs_x = 0, .ofs_y = 0},
    {.bitmap_index = 2181, .adv_w = 133, .box_w = 8, .box_h = 10, .ofs_x = 0, .ofs_y = -3},
    {.bitmap_index = 2221, .adv_w = 132, .box_w = 8, .box_h = 10, .ofs_x = 0, .ofs_y = 0},
    {.bitmap_index = 2261, .adv_w = 55, .box_w = 3, .box_h = 10, .ofs_x = 0, .ofs_y = 0},
    {.bitmap_index = 2276, .adv_w = 57, .box_w = 5, .box_h = 13, .ofs_x = -2, .ofs_y = -3},
    {.bitmap_index = 2309, .adv_w = 122, .box_w = 8, .box_h = 10, .ofs_x = 0, .ofs_y = 0},
    {.bitmap_index = 2349, .adv_w = 55, .box_w = 3, .box_h = 10, .ofs_x = 0, .ofs_y = 0},
    {.bitmap_index = 2364, .adv_w = 202, .box_w = 12, .box_h = 7, .ofs_x = 0, .ofs_y = 0},
    {.bitmap_index = 2406, .adv_w = 132, .box_w = 8, .box_h = 7, .ofs_x = 0, .ofs_y = 0},
    {.bitmap_index = 2434, .adv_w = 124, .box_w = 8, .box_h = 7, .ofs_x = 0, .ofs_y = 0},
    {.bitmap_index = 2462, .adv_w = 132, .box_w = 8, .box_h = 10, .ofs_x = 0, .ofs_y = -3},
    {.bitmap_index = 2502, .adv_w = 132, .box_w = 8, .box_h = 10, .ofs_x = 0, .ofs_y = -3},
    {.bitmap_index = 2542, .adv_w = 81, .box_w = 5, .box_h = 7, .ofs_x = 0, .ofs_y = 0},
    {.bitmap_index = 2560, .adv_w = 99, .box_w = 6, .box_h = 7, .ofs_x = 0, .ofs_y = 0},
    {.bitmap_index = 2581, .adv_w = 81, .box_w = 5, .box_h = 9, .ofs_x = 0, .ofs_y = 0},
    {.bitmap_index = 2604, .adv_w = 131, .box_w = 8, .box_h = 7, .ofs_x = 0, .ofs_y = 0},
    {.bitmap_index = 2632, .adv_w = 111, .box_w = 8, .box_h = 7, .ofs_x = -1, .ofs_y = 0},
    {.bitmap_index = 2660, .adv_w = 176, .box_w = 11, .box_h = 7, .ofs_x = 0, .ofs_y = 0},
    {.bitmap_index = 2699, .adv_w = 110, .box_w = 7, .box_h = 7, .ofs_x = 0, .ofs_y = 0},
    {.bitmap_index = 2724, .adv_w = 111, .box_w = 8, .box_h = 10, .ofs_x = -1, .ofs_y = -3},
    {.bitmap_index = 2764, .adv_w = 102, .box_w = 6, .box_h = 7, .ofs_x = 0, .ofs_y = 0},
    {.bitmap_index = 2785, .adv_w = 71, .box_w = 5, .box_h = 13, .ofs_x = 0, .ofs_y = -3},
    {.bitmap_index = 2818, .adv_w = 58, .box_w = 2, .box_h = 13, .ofs_x = 1, .ofs_y = -3},
    {.bitmap_index = 2831, .adv_w = 71, .box_w = 4, .box_h = 13, .ofs_x = 0, .ofs_y = -3},
    {.bitmap_index = 2857, .adv_w = 113, .box_w = 7, .box_h = 4, .ofs_x = 0, .ofs_y = 3},
    {.bitmap_index = 2871, .adv_w = 192, .box_w = 4, .box_h = 3, .ofs_x = 4, .ofs_y = 3},
    {.bitmap_index = 2877, .adv_w = 173, .box_w = 11, .box_h = 1, .ofs_x = 0, .ofs_y = 3},
    {.bitmap_index = 2883, .adv_w = 116, .box_w = 7, .box_h = 6, .ofs_x = 0, .ofs_y = 0},
    {.bitmap_index = 2904, .adv_w = 116, .box_w = 7, .box_h = 8, .ofs_x = 0, .ofs_y = 0},
    {.bitmap_index = 2932, .adv_w = 116, .box_w = 6, .box_h = 8, .ofs_x = 1, .ofs_y = 0},
    {.bitmap_index = 2956, .adv_w = 116, .box_w = 7, .box_h = 6, .ofs_x = 0, .ofs_y = 1},
    {.bitmap_index = 2977, .adv_w = 175, .box_w = 11, .box_h = 8, .ofs_x = 0, .ofs_y = 0},
    {.bitmap_index = 3021, .adv_w = 175, .box_w = 11, .box_h = 8, .ofs_x = 0, .ofs_y = 0},
    {.bitmap_index = 3065, .adv_w = 116, .box_w = 8, .box_h = 8, .ofs_x = 0, .ofs_y = -1},
    {.bitmap_index = 3097, .adv_w = 116, .box_w = 7, .box_h = 8, .ofs_x = 0, .ofs_y = -1},
    {.bitmap_index = 3125, .adv_w = 116, .box_w = 7, .box_h = 8, .ofs_x = 0, .ofs_y = -1},
    {.bitmap_index = 3153, .adv_w = 116, .box_w = 7, .box_h = 9, .ofs_x = 0, .ofs_y = 0},
    {.bitmap_index = 3185, .adv_w = 116, .box_w = 7, .box_h = 10, .ofs_x = 0, .ofs_y = -1},
    {.bitmap_index = 3220, .adv_w = 116, .box_w = 8, .box_h = 8, .ofs_x = 0, .ofs_y = 0},
    {.bitmap_index = 3252, .adv_w = 192, .box_w = 5, .box_h = 4, .ofs_x = 0, .ofs_y = -1},
    {.bitmap_index = 3262, .adv_w = 192, .box_w = 4, .box_h = 4, .ofs_x = 0, .ofs_y = -1},
    {.bitmap_index = 3270, .adv_w = 192, .box_w = 12, .box_h = 2, .ofs_x = 0, .ofs_y = 4},
    {.bitmap_index = 3282, .adv_w = 192, .box_w = 12, .box_h = 11, .ofs_x = 0, .ofs_y = -1},
    {.bitmap_index = 3348, .adv_w = 192, .box_w = 12, .box_h = 11, .ofs_x = 0, .ofs_y = -1},
    {.bitmap_index = 3414, .adv_w = 192, .box_w = 12, .box_h = 11, .ofs_x = 0, .ofs_y = -1},
    {.bitmap_index = 3480, .adv_w = 192, .box_w = 11, .box_h = 12, .ofs_x = 0, .ofs_y = -2},
    {.bitmap_index = 3546, .adv_w = 192, .box_w = 12, .box_h = 13, .ofs_x = 0, .ofs_y = -2},
    {.bitmap_index = 3624, .adv_w = 192, .box_w = 12, .box_h = 12, .ofs_x = 0, .ofs_y = -2},
    {.bitmap_index = 3696, .adv_w = 192, .box_w = 12, .box_h = 12, .ofs_x = 0, .ofs_y = -1},
    {.bitmap_index = 3768, .adv_w = 192, .box_w = 10, .box_h = 11, .ofs_x = 1, .ofs_y = -1},
    {.bitmap_index = 3823, .adv_w = 192, .box_w = 11, .box_h = 12, .ofs_x = 0, .ofs_y = -2},
    {.bitmap_index = 3889, .adv_w = 192, .box_w = 12, .box_h = 12, .ofs_x = 0, .ofs_y = -1},
    {.bitmap_index = 3961, .adv_w = 192, .box_w = 12, .box_h = 12, .ofs_x = 0, .ofs_y = -1},
    {.bitmap_index = 4033, .adv_w = 192, .box_w = 12, .box_h = 9, .ofs_x = 0, .ofs_y = 0},
    {.bitmap_index = 4087, .adv_w = 192, .box_w = 12, .box_h = 12, .ofs_x = 0, .ofs_y = -2},
    {.bitmap_index = 4159, .adv_w = 192, .box_w = 12, .box_h = 12, .ofs_x = 0, .ofs_y = -1},
    {.bitmap_index = 4231, .adv_w = 192, .box_w = 12, .box_h = 12, .ofs_x = 0, .ofs_y = -1},
    {.bitmap_index = 4303, .adv_w = 192, .box_w = 12, .box_h = 13, .ofs_x = 0, .ofs_y = -2},
    {.bitmap_index = 4381, .adv_w = 192, .box_w = 12, .box_h = 11, .ofs_x = 0, .ofs_y = -1},
    {.bitmap_index = 4447, .adv_w = 192, .box_w = 12, .box_h = 13, .ofs_x = 0, .ofs_y = -2},
    {.bitmap_index = 4525, .adv_w = 192, .box_w = 12, .box_h = 12, .ofs_x = 0, .ofs_y = -1},
    {.bitmap_index = 4597, .adv_w = 192, .box_w = 11, .box_h = 12, .ofs_x = 1, .ofs_y = -1},
    {.bitmap_index = 4663, .adv_w = 192, .box_w = 12, .box_h = 12, .ofs_x = 0, .ofs_y = -1},
    {.bitmap_index = 4735, .adv_w = 192, .box_w = 12, .box_h = 11, .ofs_x = 0, .ofs_y = -1},
    {.bitmap_index = 4801, .adv_w = 192, .box_w = 12, .box_h = 11, .ofs_x = 0, .ofs_y = -1},
    {.bitmap_index = 4867, .adv_w = 192, .box_w = 12, .box_h = 12, .ofs_x = 0, .ofs_y = -1},
    {.bitmap_index = 4939, .adv_w = 192, .box_w = 12, .box_h = 13, .ofs_x = 0, .ofs_y = -2},
    {.bitmap_index = 5017, .adv_w = 192, .box_w = 12, .box_h = 13, .ofs_x = 0, .ofs_y = -2},
    {.bitmap_index = 5095, .adv_w = 192, .box_w = 12, .box_h = 13, .ofs_x = 0, .ofs_y = -2},
    {.bitmap_index = 5173, .adv_w = 192, .box_w = 12, .box_h = 13, .ofs_x = 0, .ofs_y = -2},
    {.bitmap_index = 5251, .adv_w = 192, .box_w = 12, .box_h = 13, .ofs_x = 0, .ofs_y = -2},
    {.bitmap_index = 5329, .adv_w = 192, .box_w = 12, .box_h = 11, .ofs_x = 0, .ofs_y = -1},
    {.bitmap_index = 5395, .adv_w = 192, .box_w = 12, .box_h = 13, .ofs_x = 0, .ofs_y = -2},
    {.bitmap_index = 5473, .adv_w = 192, .box_w = 12, .box_h = 13, .ofs_x = 0, .ofs_y = -2},
    {.bitmap_index = 5551, .adv_w = 192, .box_w = 12, .box_h = 12, .ofs_x = 0, .ofs_y = -1},
    {.bitmap_index = 5623, .adv_w = 192, .box_w = 12, .box_h = 12, .ofs_x = 0, .ofs_y = -1},
    {.bitmap_index = 5695, .adv_w = 192, .box_w = 12, .box_h = 12, .ofs_x = 0, .ofs_y = -1},
    {.bitmap_index = 5767, .adv_w = 192, .box_w = 12, .box_h = 12, .ofs_x = 0, .ofs_y = -2},
    {.bitmap_index = 5839, .adv_w = 192, .box_w = 12, .box_h = 12, .ofs_x = 0, .ofs_y = -2},
    {.bitmap_index = 5911, .adv_w = 192, .box_w = 12, .box_h = 12, .ofs_x = 0, .ofs_y = -2},
    {.bitmap_index = 5983, .adv_w = 192, .box_w = 12, .box_h = 11, .ofs_x = 0, .ofs_y = -1},
    {.bitmap_index = 6049, .adv_w = 192, .box_w = 12, .box_h = 12, .ofs_x = 0, .ofs_y = -1},
    {.bitmap_index = 6121, .adv_w = 192, .box_w = 12, .box_h = 11, .ofs_x = 0, .ofs_y = -1},
    {.bitmap_index = 6187, .adv_w = 192, .box_w = 12, .box_h = 11, .ofs_x = 0, .ofs_y = -1},
    {.bitmap_index = 6253, .adv_w = 192, .box_w = 12, .box_h = 12, .ofs_x = 0, .ofs_y = -1},
    {.bitmap_index = 6325, .adv_w = 192, .box_w = 10, .box_h = 11, .ofs_x = 1, .ofs_y = -1},
    {.bitmap_index = 6380, .adv_w = 192, .box_w = 12, .box_h = 11, .ofs_x = 0, .ofs_y = -1},
    {.bitmap_index = 6446, .adv_w = 192, .box_w = 12, .box_h = 11, .ofs_x = 0, .ofs_y = -1},
    {.bitmap_index = 6512, .adv_w = 192, .box_w = 12, .box_h = 12, .ofs_x = 0, .ofs_y = -1},
    {.bitmap_index = 6584, .adv_w = 192, .box_w = 12, .box_h = 13, .ofs_x = 0, .ofs_y = -2},
    {.bitmap_index = 6662, .adv_w = 192, .box_w = 12, .box_h = 12, .ofs_x = 0, .ofs_y = -2},
    {.bitmap_index = 6734, .adv_w = 192, .box_w = 12, .box_h = 12, .ofs_x = 0, .ofs_y = -2},
    {.bitmap_index = 6806, .adv_w = 192, .box_w = 11, .box_h = 12, .ofs_x = 0, .ofs_y = -2},
    {.bitmap_index = 6872, .adv_w = 192, .box_w = 11, .box_h = 11, .ofs_x = 0, .ofs_y = -1},
    {.bitmap_index = 6933, .adv_w = 192, .box_w = 11, .box_h = 11, .ofs_x = 0, .ofs_y = -1},
    {.bitmap_index = 6994, .adv_w = 192, .box_w = 11, .box_h = 13, .ofs_x = 0, .ofs_y = -2},
    {.bitmap_index = 7066, .adv_w = 192, .box_w = 12, .box_h = 12, .ofs_x = 0, .ofs_y = -2},
    {.bitmap_index = 7138, .adv_w = 192, .box_w = 12, .box_h = 12, .ofs_x = 0, .ofs_y = -2},
    {.bitmap_index = 7210, .adv_w = 192, .box_w = 12, .box_h = 12, .ofs_x = 0, .ofs_y = -2},
    {.bitmap_index = 7282, .adv_w = 192, .box_w = 11, .box_h = 11, .ofs_x = 1, .ofs_y = -1},
    {.bitmap_index = 7343, .adv_w = 192, .box_w = 12, .box_h = 11, .ofs_x = 0, .ofs_y = -1},
    {.bitmap_index = 7409, .adv_w = 192, .box_w = 10, .box_h = 11, .ofs_x = 1, .ofs_y = -1},
    {.bitmap_index = 7464, .adv_w = 192, .box_w = 12, .box_h = 11, .ofs_x = 0, .ofs_y = -1},
    {.bitmap_index = 7530, .adv_w = 192, .box_w = 12, .box_h = 11, .ofs_x = 0, .ofs_y = -1},
    {.bitmap_index = 7596, .adv_w = 192, .box_w = 12, .box_h = 11, .ofs_x = 0, .ofs_y = -1},
    {.bitmap_index = 7662, .adv_w = 192, .box_w = 12, .box_h = 12, .ofs_x = 0, .ofs_y = -2},
    {.bitmap_index = 7734, .adv_w = 192, .box_w = 12, .box_h = 13, .ofs_x = 0, .ofs_y = -2},
    {.bitmap_index = 7812, .adv_w = 192, .box_w = 10, .box_h = 10, .ofs_x = 1, .ofs_y = -1},
    {.bitmap_index = 7862, .adv_w = 192, .box_w = 12, .box_h = 11, .ofs_x = 0, .ofs_y = -1},
    {.bitmap_index = 7928, .adv_w = 192, .box_w = 12, .box_h = 11, .ofs_x = 0, .ofs_y = -1},
    {.bitmap_index = 7994, .adv_w = 192, .box_w = 11, .box_h = 11, .ofs_x = 1, .ofs_y = -1},
    {.bitmap_index = 8055, .adv_w = 192, .box_w = 12, .box_h = 12, .ofs_x = 0, .ofs_y = -1},
    {.bitmap_index = 8127, .adv_w = 192, .box_w = 12, .box_h = 11, .ofs_x = 0, .ofs_y = -1},
    {.bitmap_index = 8193, .adv_w = 192, .box_w = 10, .box_h = 11, .ofs_x = 1, .ofs_y = -1},
    {.bitmap_index = 8248, .adv_w = 192, .box_w = 12, .box_h = 11, .ofs_x = 0, .ofs_y = -1},
    {.bitmap_index = 8314, .adv_w = 192, .box_w = 12, .box_h = 12, .ofs_x = 0, .ofs_y = -1},
    {.bitmap_index = 8386, .adv_w = 192, .box_w = 12, .box_h = 12, .ofs_x = 0, .ofs_y = -2},
    {.bitmap_index = 8458, .adv_w = 192, .box_w = 11, .box_h = 11, .ofs_x = 0, .ofs_y = -1},
    {.bitmap_index = 8519, .adv_w = 192, .box_w = 12, .box_h = 11, .ofs_x = 0, .ofs_y = -1},
    {.bitmap_index = 8585, .adv_w = 192, .box_w = 11, .box_h = 11, .ofs_x = 1, .ofs_y = -1},
    {.bitmap_index = 8646, .adv_w = 192, .box_w = 11, .box_h = 11, .ofs_x = 1, .ofs_y = -1},
    {.bitmap_index = 8707, .adv_w = 192, .box_w = 10, .box_h = 11, .ofs_x = 1, .ofs_y = -1},
    {.bitmap_index = 8762, .adv_w = 192, .box_w = 10, .box_h = 11, .ofs_x = 1, .ofs_y = -1},
    {.bitmap_index = 8817, .adv_w = 192, .box_w = 12, .box_h = 11, .ofs_x = 0, .ofs_y = -1},
    {.bitmap_index = 8883, .adv_w = 192, .box_w = 12, .box_h = 11, .ofs_x = 0, .ofs_y = -1},
    {.bitmap_index = 8949, .adv_w = 192, .box_w = 12, .box_h = 12, .ofs_x = 0, .ofs_y = -1},
    {.bitmap_index = 9021, .adv_w = 192, .box_w = 12, .box_h = 12, .ofs_x = 0, .ofs_y = -2},
    {.bitmap_index = 9093, .adv_w = 192, .box_w = 12, .box_h = 11, .ofs_x = 0, .ofs_y = -1},
    {.bitmap_index = 9159, .adv_w = 192, .box_w = 12, .box_h = 12, .ofs_x = 0, .ofs_y = -1},
    {.bitmap_index = 9231, .adv_w = 192, .box_w = 12, .box_h = 13, .ofs_x = 0, .ofs_y = -2},
    {.bitmap_index = 9309, .adv_w = 192, .box_w = 12, .box_h = 12, .ofs_x = 0, .ofs_y = -2},
    {.bitmap_index = 9381, .adv_w = 192, .box_w = 12, .box_h = 12, .ofs_x = 0, .ofs_y = -1},
    {.bitmap_index = 9453, .adv_w = 192, .box_w = 12, .box_h = 13, .ofs_x = 0, .ofs_y = -2},
    {.bitmap_index = 9531, .adv_w = 192, .box_w = 12, .box_h = 12, .ofs_x = 0, .ofs_y = -1},
    {.bitmap_index = 9603, .adv_w = 192, .box_w = 12, .box_h = 12, .ofs_x = 0, .ofs_y = -1},
    {.bitmap_index = 9675, .adv_w = 192, .box_w = 12, .box_h = 13, .ofs_x = 0, .ofs_y = -2},
    {.bitmap_index = 9753, .adv_w = 192, .box_w = 12, .box_h = 11, .ofs_x = 0, .ofs_y = -1},
    {.bitmap_index = 9819, .adv_w = 192, .box_w = 12, .box_h = 11, .ofs_x = 0, .ofs_y = -1},
    {.bitmap_index = 9885, .adv_w = 192, .box_w = 12, .box_h = 13, .ofs_x = 0, .ofs_y = -2},
    {.bitmap_index = 9963, .adv_w = 192, .box_w = 12, .box_h = 13, .ofs_x = 0, .ofs_y = -2},
    {.bitmap_index = 10041, .adv_w = 192, .box_w = 12, .box_h = 12, .ofs_x = 0, .ofs_y = -1},
    {.bitmap_index = 10113, .adv_w = 192, .box_w = 12, .box_h = 12, .ofs_x = 0, .ofs_y = -1},
    {.bitmap_index = 10185, .adv_w = 192, .box_w = 12, .box_h = 13, .ofs_x = 0, .ofs_y = -2},
    {.bitmap_index = 10263, .adv_w = 192, .box_w = 12, .box_h = 13, .ofs_x = 0, .ofs_y = -2},
    {.bitmap_index = 10341, .adv_w = 192, .box_w = 12, .box_h = 13, .ofs_x = 0, .ofs_y = -2},
    {.bitmap_index = 10419, .adv_w = 192, .box_w = 12, .box_h = 13, .ofs_x = 0, .ofs_y = -2},
    {.bitmap_index = 10497, .adv_w = 192, .box_w = 12, .box_h = 12, .ofs_x = 0, .ofs_y = -1},
    {.bitmap_index = 10569, .adv_w = 192, .box_w = 12, .box_h = 12, .ofs_x = 0, .ofs_y = -1},
    {.bitmap_index = 10641, .adv_w = 192, .box_w = 12, .box_h = 11, .ofs_x = 0, .ofs_y = -1},
    {.bitmap_index = 10707, .adv_w = 192, .box_w = 12, .box_h = 11, .ofs_x = 0, .ofs_y = -1},
    {.bitmap_index = 10773, .adv_w = 192, .box_w = 12, .box_h = 11, .ofs_x = 0, .ofs_y = -1},
    {.bitmap_index = 10839, .adv_w = 192, .box_w = 12, .box_h = 12, .ofs_x = 0, .ofs_y = -2},
    {.bitmap_index = 10911, .adv_w = 192, .box_w = 12, .box_h = 11, .ofs_x = 0, .ofs_y = -1},
    {.bitmap_index = 10977, .adv_w = 192, .box_w = 11, .box_h = 12, .ofs_x = 0, .ofs_y = -2},
    {.bitmap_index = 11043, .adv_w = 192, .box_w = 12, .box_h = 12, .ofs_x = 0, .ofs_y = -2},
    {.bitmap_index = 11115, .adv_w = 192, .box_w = 12, .box_h = 11, .ofs_x = 0, .ofs_y = -1},
    {.bitmap_index = 11181, .adv_w = 192, .box_w = 12, .box_h = 10, .ofs_x = 0, .ofs_y = -1},
    {.bitmap_index = 11241, .adv_w = 192, .box_w = 12, .box_h = 12, .ofs_x = 0, .ofs_y = -1},
    {.bitmap_index = 11313, .adv_w = 192, .box_w = 11, .box_h = 11, .ofs_x = 1, .ofs_y = -1},
    {.bitmap_index = 11374, .adv_w = 192, .box_w = 12, .box_h = 11, .ofs_x = 0, .ofs_y = -1},
    {.bitmap_index = 11440, .adv_w = 192, .box_w = 11, .box_h = 11, .ofs_x = 1, .ofs_y = -1},
    {.bitmap_index = 11501, .adv_w = 192, .box_w = 12, .box_h = 12, .ofs_x = 0, .ofs_y = -2},
    {.bitmap_index = 11573, .adv_w = 192, .box_w = 12, .box_h = 13, .ofs_x = 0, .ofs_y = -2},
    {.bitmap_index = 11651, .adv_w = 192, .box_w = 12, .box_h = 13, .ofs_x = 0, .ofs_y = -2},
    {.bitmap_index = 11729, .adv_w = 192, .box_w = 12, .box_h = 13, .ofs_x = 0, .ofs_y = -2},
    {.bitmap_index = 11807, .adv_w = 192, .box_w = 12, .box_h = 13, .ofs_x = 0, .ofs_y = -2},
    {.bitmap_index = 11885, .adv_w = 192, .box_w = 12, .box_h = 12, .ofs_x = 0, .ofs_y = -2},
    {.bitmap_index = 11957, .adv_w = 192, .box_w = 12, .box_h = 11, .ofs_x = 0, .ofs_y = -1},
    {.bitmap_index = 12023, .adv_w = 192, .box_w = 12, .box_h = 13, .ofs_x = 0, .ofs_y = -2},
    {.bitmap_index = 12101, .adv_w = 192, .box_w = 12, .box_h = 12, .ofs_x = 0, .ofs_y = -2},
    {.bitmap_index = 12173, .adv_w = 192, .box_w = 10, .box_h = 11, .ofs_x = 1, .ofs_y = -1},
    {.bitmap_index = 12228, .adv_w = 192, .box_w = 12, .box_h = 12, .ofs_x = 0, .ofs_y = -1},
    {.bitmap_index = 12300, .adv_w = 192, .box_w = 12, .box_h = 11, .ofs_x = 0, .ofs_y = -1},
    {.bitmap_index = 12366, .adv_w = 192, .box_w = 12, .box_h = 12, .ofs_x = 0, .ofs_y = -2},
    {.bitmap_index = 12438, .adv_w = 192, .box_w = 12, .box_h = 11, .ofs_x = 0, .ofs_y = -1},
    {.bitmap_index = 12504, .adv_w = 192, .box_w = 12, .box_h = 12, .ofs_x = 0, .ofs_y = -1},
    {.bitmap_index = 12576, .adv_w = 192, .box_w = 12, .box_h = 12, .ofs_x = 0, .ofs_y = -1},
    {.bitmap_index = 12648, .adv_w = 192, .box_w = 11, .box_h = 12, .ofs_x = 0, .ofs_y = -1},
    {.bitmap_index = 12714, .adv_w = 192, .box_w = 12, .box_h = 11, .ofs_x = 0, .ofs_y = -1},
    {.bitmap_index = 12780, .adv_w = 192, .box_w = 12, .box_h = 12, .ofs_x = 0, .ofs_y = -1},
    {.bitmap_index = 12852, .adv_w = 192, .box_w = 12, .box_h = 11, .ofs_x = 0, .ofs_y = -1},
    {.bitmap_index = 12918, .adv_w = 192, .box_w = 12, .box_h = 13, .ofs_x = 0, .ofs_y = -2},
    {.bitmap_index = 12996, .adv_w = 192, .box_w = 12, .box_h = 12, .ofs_x = 0, .ofs_y = -2},
    {.bitmap_index = 13068, .adv_w = 192, .box_w = 11, .box_h = 12, .ofs_x = 0, .ofs_y = -2},
    {.bitmap_index = 13134, .adv_w = 192, .box_w = 12, .box_h = 11, .ofs_x = 0, .ofs_y = -1},
    {.bitmap_index = 13200, .adv_w = 192, .box_w = 12, .box_h = 12, .ofs_x = 0, .ofs_y = -1},
    {.bitmap_index = 13272, .adv_w = 192, .box_w = 12, .box_h = 12, .ofs_x = 0, .ofs_y = -2},
    {.bitmap_index = 13344, .adv_w = 192, .box_w = 12, .box_h = 13, .ofs_x = 0, .ofs_y = -2},
    {.bitmap_index = 13422, .adv_w = 192, .box_w = 12, .box_h = 11, .ofs_x = 0, .ofs_y = -1},
    {.bitmap_index = 13488, .adv_w = 192, .box_w = 12, .box_h = 13, .ofs_x = 0, .ofs_y = -2},
    {.bitmap_index = 13566, .adv_w = 192, .box_w = 12, .box_h = 12, .ofs_x = 0, .ofs_y = -2},
    {.bitmap_index = 13638, .adv_w = 192, .box_w = 12, .box_h = 12, .ofs_x = 0, .ofs_y = -2},
    {.bitmap_index = 13710, .adv_w = 192, .box_w = 12, .box_h = 11, .ofs_x = 0, .ofs_y = -1},
    {.bitmap_index = 13776, .adv_w = 192, .box_w = 12, .box_h = 12, .ofs_x = 0, .ofs_y = -2},
    {.bitmap_index = 13848, .adv_w = 192, .box_w = 12, .box_h = 12, .ofs_x = 0, .ofs_y = -1},
    {.bitmap_index = 13920, .adv_w = 192, .box_w = 12, .box_h = 12, .ofs_x = 0, .ofs_y = -2},
    {.bitmap_index = 13992, .adv_w = 192, .box_w = 12, .box_h = 13, .ofs_x = 0, .ofs_y = -2},
    {.bitmap_index = 14070, .adv_w = 192, .box_w = 12, .box_h = 12, .ofs_x = 0, .ofs_y = -2},
    {.bitmap_index = 14142, .adv_w = 192, .box_w = 12, .box_h = 12, .ofs_x = 0, .ofs_y = -1},
    {.bitmap_index = 14214, .adv_w = 192, .box_w = 12, .box_h = 13, .ofs_x = 0, .ofs_y = -2},
    {.bitmap_index = 14292, .adv_w = 192, .box_w = 12, .box_h = 11, .ofs_x = 0, .ofs_y = -1},
    {.bitmap_index = 14358, .adv_w = 192, .box_w = 12, .box_h = 12, .ofs_x = 0, .ofs_y = -2},
    {.bitmap_index = 14430, .adv_w = 192, .box_w = 12, .box_h = 11, .ofs_x = 0, .ofs_y = -1},
    {.bitmap_index = 14496, .adv_w = 192, .box_w = 12, .box_h = 11, .ofs_x = 0, .ofs_y = -1},
    {.bitmap_index = 14562, .adv_w = 192, .box_w = 12, .box_h = 13, .ofs_x = 0, .ofs_y = -2},
    {.bitmap_index = 14640, .adv_w = 192, .box_w = 12, .box_h = 13, .ofs_x = 0, .ofs_y = -2},
    {.bitmap_index = 14718, .adv_w = 192, .box_w = 12, .box_h = 13, .ofs_x = 0, .ofs_y = -2},
    {.bitmap_index = 14796, .adv_w = 192, .box_w = 9, .box_h = 11, .ofs_x = 2, .ofs_y = -1},
    {.bitmap_index = 14846, .adv_w = 192, .box_w = 12, .box_h = 11, .ofs_x = 0, .ofs_y = -1},
    {.bitmap_index = 14912, .adv_w = 192, .box_w = 12, .box_h = 12, .ofs_x = 0, .ofs_y = -2},
    {.bitmap_index = 14984, .adv_w = 192, .box_w = 12, .box_h = 13, .ofs_x = 0, .ofs_y = -2},
    {.bitmap_index = 15062, .adv_w = 192, .box_w = 12, .box_h = 11, .ofs_x = 0, .ofs_y = -1},
    {.bitmap_index = 15128, .adv_w = 192, .box_w = 12, .box_h = 12, .ofs_x = 0, .ofs_y = -2},
    {.bitmap_index = 15200, .adv_w = 192, .box_w = 12, .box_h = 13, .ofs_x = 0, .ofs_y = -2},
    {.bitmap_index = 15278, .adv_w = 192, .box_w = 12, .box_h = 11, .ofs_x = 0, .ofs_y = -1},
    {.bitmap_index = 15344, .adv_w = 192, .box_w = 12, .box_h = 11, .ofs_x = 0, .ofs_y = -1},
    {.bitmap_index = 15410, .adv_w = 192, .box_w = 11, .box_h = 11, .ofs_x = 0, .ofs_y = -1},
    {.bitmap_index = 15471, .adv_w = 192, .box_w = 12, .box_h = 13, .ofs_x = 0, .ofs_y = -2},
    {.bitmap_index = 15549, .adv_w = 192, .box_w = 10, .box_h = 11, .ofs_x = 1, .ofs_y = -1},
    {.bitmap_index = 15604, .adv_w = 192, .box_w = 12, .box_h = 12, .ofs_x = 0, .ofs_y = -2},
    {.bitmap_index = 15676, .adv_w = 192, .box_w = 12, .box_h = 11, .ofs_x = 0, .ofs_y = -1},
    {.bitmap_index = 15742, .adv_w = 192, .box_w = 12, .box_h = 11, .ofs_x = 0, .ofs_y = -1},
    {.bitmap_index = 15808, .adv_w = 192, .box_w = 12, .box_h = 11, .ofs_x = 0, .ofs_y = -1},
    {.bitmap_index = 15874, .adv_w = 192, .box_w = 12, .box_h = 11, .ofs_x = 0, .ofs_y = -1},
    {.bitmap_index = 15940, .adv_w = 192, .box_w = 12, .box_h = 11, .ofs_x = 0, .ofs_y = -1},
    {.bitmap_index = 16006, .adv_w = 192, .box_w = 12, .box_h = 12, .ofs_x = 0, .ofs_y = -1},
    {.bitmap_index = 16078, .adv_w = 192, .box_w = 12, .box_h = 11, .ofs_x = 0, .ofs_y = -1},
    {.bitmap_index = 16144, .adv_w = 192, .box_w = 12, .box_h = 11, .ofs_x = 0, .ofs_y = -1},
    {.bitmap_index = 16210, .adv_w = 192, .box_w = 12, .box_h = 12, .ofs_x = 0, .ofs_y = -1},
    {.bitmap_index = 16282, .adv_w = 192, .box_w = 12, .box_h = 11, .ofs_x = 0, .ofs_y = -1},
    {.bitmap_index = 16348, .adv_w = 192, .box_w = 12, .box_h = 12, .ofs_x = 0, .ofs_y = -2},
    {.bitmap_index = 16420, .adv_w = 192, .box_w = 12, .box_h = 11, .ofs_x = 0, .ofs_y = -1},
    {.bitmap_index = 16486, .adv_w = 192, .box_w = 12, .box_h = 12, .ofs_x = 0, .ofs_y = -1},
    {.bitmap_index = 16558, .adv_w = 192, .box_w = 12, .box_h = 11, .ofs_x = 0, .ofs_y = -1},
    {.bitmap_index = 16624, .adv_w = 192, .box_w = 12, .box_h = 11, .ofs_x = 0, .ofs_y = -1},
    {.bitmap_index = 16690, .adv_w = 192, .box_w = 12, .box_h = 13, .ofs_x = 0, .ofs_y = -2},
    {.bitmap_index = 16768, .adv_w = 192, .box_w = 12, .box_h = 13, .ofs_x = 0, .ofs_y = -2},
    {.bitmap_index = 16846, .adv_w = 192, .box_w = 12, .box_h = 11, .ofs_x = 0, .ofs_y = -1},
    {.bitmap_index = 16912, .adv_w = 192, .box_w = 12, .box_h = 12, .ofs_x = 0, .ofs_y = -2},
    {.bitmap_index = 16984, .adv_w = 192, .box_w = 12, .box_h = 13, .ofs_x = 0, .ofs_y = -2},
    {.bitmap_index = 17062, .adv_w = 192, .box_w = 12, .box_h = 12, .ofs_x = 0, .ofs_y = -1},
    {.bitmap_index = 17134, .adv_w = 192, .box_w = 12, .box_h = 13, .ofs_x = 0, .ofs_y = -2},
    {.bitmap_index = 17212, .adv_w = 192, .box_w = 12, .box_h = 11, .ofs_x = 0, .ofs_y = -1},
    {.bitmap_index = 17278, .adv_w = 192, .box_w = 12, .box_h = 12, .ofs_x = 0, .ofs_y = -2},
    {.bitmap_index = 17350, .adv_w = 192, .box_w = 12, .box_h = 13, .ofs_x = 0, .ofs_y = -2},
    {.bitmap_index = 17428, .adv_w = 192, .box_w = 12, .box_h = 11, .ofs_x = 0, .ofs_y = -1},
    {.bitmap_index = 17494, .adv_w = 192, .box_w = 12, .box_h = 12, .ofs_x = 0, .ofs_y = -2},
    {.bitmap_index = 17566, .adv_w = 192, .box_w = 12, .box_h = 12, .ofs_x = 0, .ofs_y = -1},
    {.bitmap_index = 17638, .adv_w = 192, .box_w = 12, .box_h = 13, .ofs_x = 0, .ofs_y = -2},
    {.bitmap_index = 17716, .adv_w = 192, .box_w = 12, .box_h = 11, .ofs_x = 0, .ofs_y = -1},
    {.bitmap_index = 17782, .adv_w = 192, .box_w = 12, .box_h = 13, .ofs_x = 0, .ofs_y = -2},
    {.bitmap_index = 17860, .adv_w = 192, .box_w = 12, .box_h = 12, .ofs_x = 0, .ofs_y = -1},
    {.bitmap_index = 17932, .adv_w = 192, .box_w = 12, .box_h = 11, .ofs_x = 0, .ofs_y = -1},
    {.bitmap_index = 17998, .adv_w = 192, .box_w = 11, .box_h = 12, .ofs_x = 0, .ofs_y = -2},
    {.bitmap_index = 18064, .adv_w = 192, .box_w = 12, .box_h = 13, .ofs_x = 0, .ofs_y = -2},
    {.bitmap_index = 18142, .adv_w = 192, .box_w = 12, .box_h = 13, .ofs_x = 0, .ofs_y = -2},
    {.bitmap_index = 18220, .adv_w = 192, .box_w = 12, .box_h = 12, .ofs_x = 0, .ofs_y = -2},
    {.bitmap_index = 18292, .adv_w = 192, .box_w = 12, .box_h = 12, .ofs_x = 0, .ofs_y = -1},
    {.bitmap_index = 18364, .adv_w = 192, .box_w = 12, .box_h = 12, .ofs_x = 0, .ofs_y = -1},
    {.bitmap_index = 18436, .adv_w = 192, .box_w = 12, .box_h = 12, .ofs_x = 0, .ofs_y = -2},
    {.bitmap_index = 18508, .adv_w = 192, .box_w = 12, .box_h = 12, .ofs_x = 0, .ofs_y = -2},
    {.bitmap_index = 18580, .adv_w = 192, .box_w = 12, .box_h = 12, .ofs_x = 0, .ofs_y = -2},
    {.bitmap_index = 18652, .adv_w = 192, .box_w = 12, .box_h = 11, .ofs_x = 0, .ofs_y = -1},
    {.bitmap_index = 18718, .adv_w = 192, .box_w = 12, .box_h = 12, .ofs_x = 0, .ofs_y = -1},
    {.bitmap_index = 18790, .adv_w = 192, .box_w = 11, .box_h = 12, .ofs_x = 0, .ofs_y = -2},
    {.bitmap_index = 18856, .adv_w = 192, .box_w = 11, .box_h = 11, .ofs_x = 1, .ofs_y = -1},
    {.bitmap_index = 18917, .adv_w = 192, .box_w = 12, .box_h = 12, .ofs_x = 0, .ofs_y = -2},
    {.bitmap_index = 18989, .adv_w = 192, .box_w = 11, .box_h = 12, .ofs_x = 0, .ofs_y = -1},
    {.bitmap_index = 19055, .adv_w = 192, .box_w = 11, .box_h = 12, .ofs_x = 1, .ofs_y = -1},
    {.bitmap_index = 19121, .adv_w = 192, .box_w = 10, .box_h = 12, .ofs_x = 1, .ofs_y = -1},
    {.bitmap_index = 19181, .adv_w = 192, .box_w = 11, .box_h = 12, .ofs_x = 1, .ofs_y = -2},
    {.bitmap_index = 19247, .adv_w = 192, .box_w = 10, .box_h = 11, .ofs_x = 1, .ofs_y = -1},
    {.bitmap_index = 19302, .adv_w = 192, .box_w = 12, .box_h = 12, .ofs_x = 0, .ofs_y = -1},
    {.bitmap_index = 19374, .adv_w = 192, .box_w = 12, .box_h = 13, .ofs_x = 0, .ofs_y = -2},
    {.bitmap_index = 19452, .adv_w = 192, .box_w = 12, .box_h = 13, .ofs_x = 0, .ofs_y = -2},
    {.bitmap_index = 19530, .adv_w = 192, .box_w = 12, .box_h = 12, .ofs_x = 0, .ofs_y = -2},
    {.bitmap_index = 19602, .adv_w = 192, .box_w = 12, .box_h = 12, .ofs_x = 0, .ofs_y = -1},
    {.bitmap_index = 19674, .adv_w = 192, .box_w = 12, .box_h = 13, .ofs_x = 0, .ofs_y = -2},
    {.bitmap_index = 19752, .adv_w = 192, .box_w = 12, .box_h = 11, .ofs_x = 0, .ofs_y = -1},
    {.bitmap_index = 19818, .adv_w = 192, .box_w = 12, .box_h = 11, .ofs_x = 0, .ofs_y = -1},
    {.bitmap_index = 19884, .adv_w = 192, .box_w = 12, .box_h = 12, .ofs_x = 0, .ofs_y = -1},
    {.bitmap_index = 19956, .adv_w = 192, .box_w = 12, .box_h = 12, .ofs_x = 0, .ofs_y = -1},
    {.bitmap_index = 20028, .adv_w = 192, .box_w = 12, .box_h = 12, .ofs_x = 0, .ofs_y = -2},
    {.bitmap_index = 20100, .adv_w = 192, .box_w = 12, .box_h = 12, .ofs_x = 0, .ofs_y = -1},
    {.bitmap_index = 20172, .adv_w = 192, .box_w = 12, .box_h = 11, .ofs_x = 0, .ofs_y = -1},
    {.bitmap_index = 20238, .adv_w = 192, .box_w = 12, .box_h = 13, .ofs_x = 0, .ofs_y = -2},
    {.bitmap_index = 20316, .adv_w = 192, .box_w = 12, .box_h = 11, .ofs_x = 0, .ofs_y = -1},
    {.bitmap_index = 20382, .adv_w = 192, .box_w = 12, .box_h = 11, .ofs_x = 0, .ofs_y = -1},
    {.bitmap_index = 20448, .adv_w = 192, .box_w = 12, .box_h = 13, .ofs_x = 0, .ofs_y = -2},
    {.bitmap_index = 20526, .adv_w = 192, .box_w = 12, .box_h = 11, .ofs_x = 0, .ofs_y = -1},
    {.bitmap_index = 20592, .adv_w = 192, .box_w = 12, .box_h = 12, .ofs_x = 0, .ofs_y = -1},
    {.bitmap_index = 20664, .adv_w = 192, .box_w = 12, .box_h = 11, .ofs_x = 0, .ofs_y = -1},
    {.bitmap_index = 20730, .adv_w = 192, .box_w = 12, .box_h = 12, .ofs_x = 0, .ofs_y = -2},
    {.bitmap_index = 20802, .adv_w = 192, .box_w = 12, .box_h = 12, .ofs_x = 0, .ofs_y = -1},
    {.bitmap_index = 20874, .adv_w = 192, .box_w = 12, .box_h = 12, .ofs_x = 0, .ofs_y = -2},
    {.bitmap_index = 20946, .adv_w = 192, .box_w = 12, .box_h = 12, .ofs_x = 0, .ofs_y = -1},
    {.bitmap_index = 21018, .adv_w = 192, .box_w = 12, .box_h = 13, .ofs_x = 0, .ofs_y = -2},
    {.bitmap_index = 21096, .adv_w = 192, .box_w = 12, .box_h = 12, .ofs_x = 0, .ofs_y = -1},
    {.bitmap_index = 21168, .adv_w = 192, .box_w = 12, .box_h = 11, .ofs_x = 0, .ofs_y = -1},
    {.bitmap_index = 21234, .adv_w = 192, .box_w = 12, .box_h = 11, .ofs_x = 0, .ofs_y = -1},
    {.bitmap_index = 21300, .adv_w = 192, .box_w = 12, .box_h = 13, .ofs_x = 0, .ofs_y = -2},
    {.bitmap_index = 21378, .adv_w = 192, .box_w = 11, .box_h = 11, .ofs_x = 0, .ofs_y = -1},
    {.bitmap_index = 21439, .adv_w = 192, .box_w = 12, .box_h = 12, .ofs_x = 0, .ofs_y = -1},
    {.bitmap_index = 21511, .adv_w = 192, .box_w = 10, .box_h = 11, .ofs_x = 1, .ofs_y = -1},
    {.bitmap_index = 21566, .adv_w = 192, .box_w = 12, .box_h = 13, .ofs_x = 0, .ofs_y = -2},
    {.bitmap_index = 21644, .adv_w = 192, .box_w = 12, .box_h = 12, .ofs_x = 0, .ofs_y = -1},
    {.bitmap_index = 21716, .adv_w = 192, .box_w = 12, .box_h = 11, .ofs_x = 0, .ofs_y = -1},
    {.bitmap_index = 21782, .adv_w = 192, .box_w = 12, .box_h = 11, .ofs_x = 0, .ofs_y = -1},
    {.bitmap_index = 21848, .adv_w = 192, .box_w = 12, .box_h = 12, .ofs_x = 0, .ofs_y = -2},
    {.bitmap_index = 21920, .adv_w = 192, .box_w = 12, .box_h = 12, .ofs_x = 0, .ofs_y = -1},
    {.bitmap_index = 21992, .adv_w = 192, .box_w = 12, .box_h = 11, .ofs_x = 0, .ofs_y = -1},
    {.bitmap_index = 22058, .adv_w = 192, .box_w = 12, .box_h = 11, .ofs_x = 0, .ofs_y = -1},
    {.bitmap_index = 22124, .adv_w = 192, .box_w = 12, .box_h = 12, .ofs_x = 0, .ofs_y = -2},
    {.bitmap_index = 22196, .adv_w = 192, .box_w = 12, .box_h = 12, .ofs_x = 0, .ofs_y = -1},
    {.bitmap_index = 22268, .adv_w = 192, .box_w = 12, .box_h = 13, .ofs_x = 0, .ofs_y = -2},
    {.bitmap_index = 22346, .adv_w = 192, .box_w = 11, .box_h = 13, .ofs_x = 0, .ofs_y = -2},
    {.bitmap_index = 22418, .adv_w = 192, .box_w = 12, .box_h = 12, .ofs_x = 0, .ofs_y = -2},
    {.bitmap_index = 22490, .adv_w = 192, .box_w = 12, .box_h = 11, .ofs_x = 0, .ofs_y = -1},
    {.bitmap_index = 22556, .adv_w = 192, .box_w = 12, .box_h = 12, .ofs_x = 0, .ofs_y = -1},
    {.bitmap_index = 22628, .adv_w = 192, .box_w = 12, .box_h = 13, .ofs_x = 0, .ofs_y = -2},
    {.bitmap_index = 22706, .adv_w = 192, .box_w = 12, .box_h = 11, .ofs_x = 0, .ofs_y = -1},
    {.bitmap_index = 22772, .adv_w = 192, .box_w = 12, .box_h = 11, .ofs_x = 0, .ofs_y = -1},
    {.bitmap_index = 22838, .adv_w = 192, .box_w = 12, .box_h = 12, .ofs_x = 0, .ofs_y = -1},
    {.bitmap_index = 22910, .adv_w = 192, .box_w = 12, .box_h = 13, .ofs_x = 0, .ofs_y = -2},
    {.bitmap_index = 22988, .adv_w = 192, .box_w = 12, .box_h = 13, .ofs_x = 0, .ofs_y = -2},
    {.bitmap_index = 23066, .adv_w = 192, .box_w = 12, .box_h = 12, .ofs_x = 0, .ofs_y = -2},
    {.bitmap_index = 23138, .adv_w = 192, .box_w = 12, .box_h = 13, .ofs_x = 0, .ofs_y = -2},
    {.bitmap_index = 23216, .adv_w = 192, .box_w = 12, .box_h = 11, .ofs_x = 0, .ofs_y = -1},
    {.bitmap_index = 23282, .adv_w = 192, .box_w = 12, .box_h = 12, .ofs_x = 0, .ofs_y = -2},
    {.bitmap_index = 23354, .adv_w = 192, .box_w = 12, .box_h = 12, .ofs_x = 0, .ofs_y = -1},
    {.bitmap_index = 23426, .adv_w = 192, .box_w = 12, .box_h = 12, .ofs_x = 0, .ofs_y = -2},
    {.bitmap_index = 23498, .adv_w = 192, .box_w = 12, .box_h = 12, .ofs_x = 0, .ofs_y = -1},
    {.bitmap_index = 23570, .adv_w = 192, .box_w = 12, .box_h = 12, .ofs_x = 0, .ofs_y = -1},
    {.bitmap_index = 23642, .adv_w = 192, .box_w = 12, .box_h = 12, .ofs_x = 0, .ofs_y = -1},
    {.bitmap_index = 23714, .adv_w = 192, .box_w = 12, .box_h = 12, .ofs_x = 0, .ofs_y = -2},
    {.bitmap_index = 23786, .adv_w = 192, .box_w = 12, .box_h = 13, .ofs_x = 0, .ofs_y = -2},
    {.bitmap_index = 23864, .adv_w = 192, .box_w = 12, .box_h = 13, .ofs_x = 0, .ofs_y = -2},
    {.bitmap_index = 23942, .adv_w = 192, .box_w = 12, .box_h = 13, .ofs_x = 0, .ofs_y = -2},
    {.bitmap_index = 24020, .adv_w = 192, .box_w = 12, .box_h = 12, .ofs_x = 0, .ofs_y = -2},
    {.bitmap_index = 24092, .adv_w = 192, .box_w = 12, .box_h = 11, .ofs_x = 0, .ofs_y = -1},
    {.bitmap_index = 24158, .adv_w = 192, .box_w = 12, .box_h = 11, .ofs_x = 0, .ofs_y = -1},
    {.bitmap_index = 24224, .adv_w = 192, .box_w = 12, .box_h = 13, .ofs_x = 0, .ofs_y = -2},
    {.bitmap_index = 24302, .adv_w = 192, .box_w = 12, .box_h = 13, .ofs_x = 0, .ofs_y = -2},
    {.bitmap_index = 24380, .adv_w = 192, .box_w = 12, .box_h = 13, .ofs_x = 0, .ofs_y = -2},
    {.bitmap_index = 24458, .adv_w = 192, .box_w = 12, .box_h = 12, .ofs_x = 0, .ofs_y = -2},
    {.bitmap_index = 24530, .adv_w = 192, .box_w = 12, .box_h = 13, .ofs_x = 0, .ofs_y = -2},
    {.bitmap_index = 24608, .adv_w = 192, .box_w = 12, .box_h = 12, .ofs_x = 0, .ofs_y = -2},
    {.bitmap_index = 24680, .adv_w = 192, .box_w = 12, .box_h = 12, .ofs_x = 0, .ofs_y = -2},
    {.bitmap_index = 24752, .adv_w = 192, .box_w = 12, .box_h = 12, .ofs_x = 0, .ofs_y = -2},
    {.bitmap_index = 24824, .adv_w = 192, .box_w = 12, .box_h = 12, .ofs_x = 0, .ofs_y = -2},
    {.bitmap_index = 24896, .adv_w = 192, .box_w = 12, .box_h = 13, .ofs_x = 0, .ofs_y = -2},
    {.bitmap_index = 24974, .adv_w = 192, .box_w = 12, .box_h = 12, .ofs_x = 0, .ofs_y = -2},
    {.bitmap_index = 25046, .adv_w = 192, .box_w = 12, .box_h = 13, .ofs_x = 0, .ofs_y = -2},
    {.bitmap_index = 25124, .adv_w = 192, .box_w = 12, .box_h = 13, .ofs_x = 0, .ofs_y = -2},
    {.bitmap_index = 25202, .adv_w = 192, .box_w = 12, .box_h = 13, .ofs_x = 0, .ofs_y = -2},
    {.bitmap_index = 25280, .adv_w = 192, .box_w = 12, .box_h = 11, .ofs_x = 0, .ofs_y = -1},
    {.bitmap_index = 25346, .adv_w = 192, .box_w = 12, .box_h = 12, .ofs_x = 0, .ofs_y = -1},
    {.bitmap_index = 25418, .adv_w = 192, .box_w = 12, .box_h = 11, .ofs_x = 0, .ofs_y = -1},
    {.bitmap_index = 25484, .adv_w = 192, .box_w = 12, .box_h = 12, .ofs_x = 0, .ofs_y = -1},
    {.bitmap_index = 25556, .adv_w = 192, .box_w = 12, .box_h = 11, .ofs_x = 0, .ofs_y = -1},
    {.bitmap_index = 25622, .adv_w = 192, .box_w = 12, .box_h = 13, .ofs_x = 0, .ofs_y = -2},
    {.bitmap_index = 25700, .adv_w = 192, .box_w = 12, .box_h = 12, .ofs_x = 0, .ofs_y = -1},
    {.bitmap_index = 25772, .adv_w = 192, .box_w = 12, .box_h = 11, .ofs_x = 0, .ofs_y = -1},
    {.bitmap_index = 25838, .adv_w = 192, .box_w = 12, .box_h = 12, .ofs_x = 0, .ofs_y = -2},
    {.bitmap_index = 25910, .adv_w = 192, .box_w = 11, .box_h = 12, .ofs_x = 1, .ofs_y = -1},
    {.bitmap_index = 25976, .adv_w = 192, .box_w = 11, .box_h = 13, .ofs_x = 1, .ofs_y = -2},
    {.bitmap_index = 26048, .adv_w = 192, .box_w = 12, .box_h = 13, .ofs_x = 0, .ofs_y = -2},
    {.bitmap_index = 26126, .adv_w = 192, .box_w = 12, .box_h = 13, .ofs_x = 0, .ofs_y = -2},
    {.bitmap_index = 26204, .adv_w = 192, .box_w = 12, .box_h = 13, .ofs_x = 0, .ofs_y = -2},
    {.bitmap_index = 26282, .adv_w = 192, .box_w = 12, .box_h = 12, .ofs_x = 0, .ofs_y = -1},
    {.bitmap_index = 26354, .adv_w = 192, .box_w = 12, .box_h = 12, .ofs_x = 0, .ofs_y = -2},
    {.bitmap_index = 26426, .adv_w = 192, .box_w = 12, .box_h = 11, .ofs_x = 0, .ofs_y = -1},
    {.bitmap_index = 26492, .adv_w = 192, .box_w = 12, .box_h = 12, .ofs_x = 0, .ofs_y = -1},
    {.bitmap_index = 26564, .adv_w = 192, .box_w = 12, .box_h = 11, .ofs_x = 0, .ofs_y = -1},
    {.bitmap_index = 26630, .adv_w = 192, .box_w = 12, .box_h = 12, .ofs_x = 0, .ofs_y = -2},
    {.bitmap_index = 26702, .adv_w = 192, .box_w = 12, .box_h = 12, .ofs_x = 0, .ofs_y = -2},
    {.bitmap_index = 26774, .adv_w = 192, .box_w = 12, .box_h = 12, .ofs_x = 0, .ofs_y = -1},
    {.bitmap_index = 26846, .adv_w = 192, .box_w = 12, .box_h = 13, .ofs_x = 0, .ofs_y = -2},
    {.bitmap_index = 26924, .adv_w = 192, .box_w = 12, .box_h = 12, .ofs_x = 0, .ofs_y = -2},
    {.bitmap_index = 26996, .adv_w = 192, .box_w = 12, .box_h = 13, .ofs_x = 0, .ofs_y = -2},
    {.bitmap_index = 27074, .adv_w = 192, .box_w = 12, .box_h = 12, .ofs_x = 0, .ofs_y = -1},
    {.bitmap_index = 27146, .adv_w = 192, .box_w = 12, .box_h = 12, .ofs_x = 0, .ofs_y = -2},
    {.bitmap_index = 27218, .adv_w = 192, .box_w = 12, .box_h = 11, .ofs_x = 0, .ofs_y = -1},
    {.bitmap_index = 27284, .adv_w = 192, .box_w = 12, .box_h = 13, .ofs_x = 0, .ofs_y = -2},
    {.bitmap_index = 27362, .adv_w = 192, .box_w = 12, .box_h = 13, .ofs_x = 0, .ofs_y = -2},
    {.bitmap_index = 27440, .adv_w = 192, .box_w = 12, .box_h = 11, .ofs_x = 0, .ofs_y = -1},
    {.bitmap_index = 27506, .adv_w = 192, .box_w = 12, .box_h = 12, .ofs_x = 0, .ofs_y = -2},
    {.bitmap_index = 27578, .adv_w = 192, .box_w = 12, .box_h = 11, .ofs_x = 0, .ofs_y = -1},
    {.bitmap_index = 27644, .adv_w = 192, .box_w = 12, .box_h = 11, .ofs_x = 0, .ofs_y = -1},
    {.bitmap_index = 27710, .adv_w = 192, .box_w = 4, .box_h = 5, .ofs_x = 1, .ofs_y = -2},
    {.bitmap_index = 27720, .adv_w = 192, .box_w = 4, .box_h = 9, .ofs_x = 1, .ofs_y = -1},
    {.bitmap_index = 27738, .adv_w = 192, .box_w = 4, .box_h = 10, .ofs_x = 1, .ofs_y = -2}
};

/*---------------------
 *  CHARACTER MAPPING
 *--------------------*/

static const uint16_t unicode_list_1[] = {
    0x0, 0x1f5d, 0x2103, 0x21ac, 0x224b, 0x225e, 0x2336, 0x2337,
    0x24ff, 0x2512, 0x2515, 0x25b3, 0x25b4, 0x25e2, 0x2f4a, 0x2f4b,
    0x4d49, 0x4d53, 0x4d54, 0x4d56, 0x4d57, 0x4d5c, 0x4d65, 0x4d73,
    0x4d76, 0x4d83, 0x4d84, 0x4dd2, 0x4dd5, 0x4dd7, 0x4df4, 0x4df5,
    0x4df7, 0x4e03, 0x4e13, 0x4e17, 0x4e2e, 0x4e61, 0x4e63, 0x4e8f,
    0x4e96, 0x4e97, 0x4ea5, 0x4ea9, 0x4ef0, 0x4f26, 0x4f2a, 0x4f62,
    0x4f90, 0x4f98, 0x4fa3, 0x4fa5, 0x5091, 0x5092, 0x5094, 0x50ae,
    0x50b1, 0x50b5, 0x50ba, 0x50bc, 0x50ce, 0x50d6, 0x50fc, 0x5100,
    0x514f, 0x5150, 0x5160, 0x5179, 0x517f, 0x5180, 0x5184, 0x5196,
    0x51e8, 0x51f1, 0x5283, 0x529e, 0x52a9, 0x52aa, 0x52d4, 0x5313,
    0x531a, 0x5321, 0x532c, 0x5333, 0x5338, 0x5339, 0x533c, 0x5351,
    0x5355, 0x5357, 0x5374, 0x5375, 0x53d5, 0x55b1, 0x5627, 0x563d,
    0x5643, 0x5647, 0x564f, 0x5671, 0x5679, 0x5683, 0x56d4, 0x5728,
    0x57cc, 0x5839, 0x5850, 0x5856, 0x585f, 0x5863, 0x5865, 0x5872,
    0x587a, 0x5898, 0x58bc, 0x58c6, 0x5914, 0x5ad2, 0x5ad5, 0x5ae3,
    0x5ae7, 0x5b02, 0x5b0f, 0x5b28, 0x5b45, 0x5b4a, 0x5b58, 0x5b86,
    0x5b89, 0x5b8b, 0x5b9e, 0x5d2e, 0x5d2f, 0x5d3b, 0x5d4c, 0x5d81,
    0x5dc8, 0x5dd8, 0x5ddc, 0x5dde, 0x5def, 0x5e49, 0x5e58, 0x5e69,
    0x5e83, 0x5e9c, 0x5e9e, 0x5f0c, 0x5f34, 0x5f4a, 0x5f70, 0x5f84,
    0x5fb8, 0x603c, 0x6068, 0x60ab, 0x6159, 0x619c, 0x61b4, 0x61d3,
    0x6228, 0x624a, 0x6252, 0x625a, 0x62ab, 0x62b7, 0x62db, 0x62eb,
    0x62ee, 0x62f0, 0x62f1, 0x6318, 0x6365, 0x63f6, 0x647f, 0x6482,
    0x6487, 0x64b9, 0x64bd, 0x64e2, 0x64f9, 0x6502, 0x652e, 0x6532,
    0x653f, 0x6557, 0x6571, 0x6578, 0x65a3, 0x65b1, 0x65b8, 0x65c3,
    0x65df, 0x663b, 0x663d, 0x6648, 0x6649, 0x6675, 0x6683, 0x668b,
    0x66aa, 0x66cd, 0x66ff, 0x671d, 0x672e, 0x6750, 0x6758, 0x6780,
    0x6791, 0x696a, 0x6a6a, 0x6a95, 0x6aac, 0x6aae, 0x6afe, 0x6b0a,
    0x6b18, 0x6b5d, 0x6b64, 0x6c8a, 0x6c8e, 0x6d2a, 0x6d3a, 0x6d40,
    0x6d4e, 0x6d59, 0x6d6a, 0x7002, 0x7190, 0x7191, 0x71ff, 0x7235,
    0x72d0, 0x72f8, 0x72f9, 0x7304, 0x7336, 0x734c, 0x73cc, 0x7471,
    0x747e, 0x7495, 0x74a2, 0x74ae, 0x75c6, 0x75cd, 0x7637, 0x7654,
    0x7668, 0x77b7, 0x7883, 0x7904, 0x7944, 0x7956, 0x797c, 0x7988,
    0x7a14, 0x7a27, 0x7a9f, 0x7aea, 0x7c07, 0x7c44, 0x7c6b, 0x7df0,
    0x7e08, 0x7e18, 0x7e1c, 0x7e28, 0x7e30, 0x7e36, 0x7e3d, 0x7e5f,
    0x7e72, 0x7eb7, 0x7f60, 0x7f9d, 0x8015, 0x8046, 0x8133, 0x8173,
    0x81bb, 0x81cb, 0x8299, 0x8518, 0x8795, 0x87b1, 0x88ca, 0x890b,
    0x890f, 0x8912, 0x891b, 0x8aed, 0x8af2, 0x8b07, 0x8b08, 0x8b0a,
    0x8b0f, 0x8b1a, 0x8b3d, 0x8b4c, 0x8b51, 0x8c71, 0x8c7d, 0x8c8d,
    0x8d1a, 0x8d28, 0x8d38, 0x8eb7, 0x8ec4, 0x8ec6, 0x8eda, 0x8ef1,
    0x8f02, 0x8f07, 0x8f0a, 0x8f10, 0x8f19, 0x8f1a, 0x8f21, 0x8f22,
    0x8f24, 0x8f27, 0x8f40, 0x8f4b, 0x8f52, 0x8f58, 0x8f68, 0x8f84,
    0x8f9c, 0x9031, 0x9115, 0x9116, 0x9118, 0x911a, 0x93e8, 0x93f7,
    0x9425, 0x9449, 0x94c8, 0x953d, 0x9568, 0x957f, 0x9596, 0x95d8,
    0x960f, 0x9647, 0x969b, 0x96a2, 0x96ab, 0x97be, 0x97c2, 0x97c3,
    0x97cd, 0x97da, 0x97e1, 0x97e5, 0x9817, 0x98df, 0x99c4, 0x99d5,
    0x9a21, 0x9e0d, 0x9e21, 0x9e5c, 0xfe55, 0xfe63, 0xfe64
};

/*Collect the unicode lists and glyph_id offsets*/
static const lv_font_fmt_txt_cmap_t cmaps[] =
{
    {
        .range_start = 32, .range_length = 95, .glyph_id_start = 1,
        .unicode_list = NULL, .glyph_id_ofs_list = NULL, .list_length = 0, .type = LV_FONT_FMT_TXT_CMAP_FORMAT0_TINY
    },
    {
        .range_start = 183, .range_length = 65125, .glyph_id_start = 96,
        .unicode_list = unicode_list_1, .glyph_id_ofs_list = NULL, .list_length = 367, .type = LV_FONT_FMT_TXT_CMAP_SPARSE_TINY
    }
};

/*-----------------
 *    KERNING
 *----------------*/


/*Map glyph_ids to kern left classes*/
static const uint8_t kern_left_class_mapping[] =
{
    0, 0, 1, 2, 0, 3, 4, 5,
    2, 6, 7, 8, 9, 10, 9, 10,
    11, 12, 0, 13, 14, 15, 16, 17,
    18, 19, 12, 20, 20, 0, 0, 0,
    21, 22, 23, 24, 25, 22, 26, 27,
    28, 29, 29, 30, 31, 32, 29, 29,
    22, 33, 34, 35, 3, 36, 30, 37,
    37, 38, 39, 40, 41, 42, 43, 0,
    44, 0, 45, 46, 47, 48, 49, 50,
    51, 45, 52, 52, 53, 48, 45, 45,
    46, 46, 54, 55, 56, 57, 51, 58,
    58, 59, 58, 60, 41, 0, 0, 9,
    0, 0, 0, 0, 0, 0, 0, 0,
    0, 0, 0, 0, 0, 0, 0, 0,
    0, 0, 0, 0, 0, 0, 0, 0,
    0, 0, 0, 0, 0, 0, 0, 0,
    0, 0, 0, 0, 0, 0, 0, 0,
    0, 0, 0, 0, 0, 0, 0, 0,
    0, 0, 0, 0, 0, 0, 0, 0,
    0, 0, 0, 0, 0, 0, 0, 0,
    0, 0, 0, 0, 0, 0, 0, 0,
    0, 0, 0, 0, 0, 0, 0, 0,
    0, 0, 0, 0, 0, 0, 0, 0,
    0, 0, 0, 0, 0, 0, 0, 0,
    0, 0, 0, 0, 0, 0, 0, 0,
    0, 0, 0, 0, 0, 0, 0, 0,
    0, 0, 0, 0, 0, 0, 0, 0,
    0, 0, 0, 0, 0, 0, 0, 0,
    0, 0, 0, 0, 0, 0, 0, 0,
    0, 0, 0, 0, 0, 0, 0, 0,
    0, 0, 0, 0, 0, 0, 0, 0,
    0, 0, 0, 0, 0, 0, 0, 0,
    0, 0, 0, 0, 0, 0, 0, 0,
    0, 0, 0, 0, 0, 0, 0, 0,
    0, 0, 0, 0, 0, 0, 0, 0,
    0, 0, 0, 0, 0, 0, 0, 0,
    0, 0, 0, 0, 0, 0, 0, 0,
    0, 0, 0, 0, 0, 0, 0, 0,
    0, 0, 0, 0, 0, 0, 0, 0,
    0, 0, 0, 0, 0, 0, 0, 0,
    0, 0, 0, 0, 0, 0, 0, 0,
    0, 0, 0, 0, 0, 0, 0, 0,
    0, 0, 0, 0, 0, 0, 0, 0,
    0, 0, 0, 0, 0, 0, 0, 0,
    0, 0, 0, 0, 0, 0, 0, 0,
    0, 0, 0, 0, 0, 0, 0, 0,
    0, 0, 0, 0, 0, 0, 0, 0,
    0, 0, 0, 0, 0, 0, 0, 0,
    0, 0, 0, 0, 0, 0, 0, 0,
    0, 0, 0, 0, 0, 0, 0, 0,
    0, 0, 0, 0, 0, 0, 0, 0,
    0, 0, 0, 0, 0, 0, 0, 0,
    0, 0, 0, 0, 0, 0, 0, 0,
    0, 0, 0, 0, 0, 0, 0, 0,
    0, 0, 0, 0, 0, 0, 0, 0,
    0, 0, 0, 0, 0, 0, 0, 0,
    0, 0, 0, 0, 0, 0, 0, 0,
    0, 0, 0, 0, 0, 0, 0
};

/*Map glyph_ids to kern right classes*/
static const uint8_t kern_right_class_mapping[] =
{
    0, 0, 1, 2, 0, 3, 4, 5,
    2, 6, 7, 8, 9, 10, 9, 10,
    11, 12, 13, 14, 15, 16, 17, 12,
    18, 19, 20, 21, 21, 0, 0, 0,
    22, 23, 24, 25, 23, 25, 25, 25,
    23, 25, 25, 26, 25, 25, 25, 25,
    23, 25, 23, 25, 3, 27, 28, 29,
    29, 30, 31, 32, 33, 34, 35, 0,
    36, 0, 37, 38, 39, 39, 39, 40,
    39, 38, 41, 42, 38, 38, 43, 43,
    39, 43, 39, 43, 44, 45, 46, 47,
    47, 48, 49, 50, 0, 0, 35, 9,
    0, 0, 0, 0, 0, 0, 0, 0,
    0, 0, 0, 0, 0, 0, 0, 0,
    0, 0, 0, 0, 0, 0, 0, 0,
    0, 0, 0, 0, 0, 0, 0, 0,
    0, 0, 0, 0, 0, 0, 0, 0,
    0, 0, 0, 0, 0, 0, 0, 0,
    0, 0, 0, 0, 0, 0, 0, 0,
    0, 0, 0, 0, 0, 0, 0, 0,
    0, 0, 0, 0, 0, 0, 0, 0,
    0, 0, 0, 0, 0, 0, 0, 0,
    0, 0, 0, 0, 0, 0, 0, 0,
    0, 0, 0, 0, 0, 0, 0, 0,
    0, 0, 0, 0, 0, 0, 0, 0,
    0, 0, 0, 0, 0, 0, 0, 0,
    0, 0, 0, 0, 0, 0, 0, 0,
    0, 0, 0, 0, 0, 0, 0, 0,
    0, 0, 0, 0, 0, 0, 0, 0,
    0, 0, 0, 0, 0, 0, 0, 0,
    0, 0, 0, 0, 0, 0, 0, 0,
    0, 0, 0, 0, 0, 0, 0, 0,
    0, 0, 0, 0, 0, 0, 0, 0,
    0, 0, 0, 0, 0, 0, 0, 0,
    0, 0, 0, 0, 0, 0, 0, 0,
    0, 0, 0, 0, 0, 0, 0, 0,
    0, 0, 0, 0, 0, 0, 0, 0,
    0, 0, 0, 0, 0, 0, 0, 0,
    0, 0, 0, 0, 0, 0, 0, 0,
    0, 0, 0, 0, 0, 0, 0, 0,
    0, 0, 0, 0, 0, 0, 0, 0,
    0, 0, 0, 0, 0, 0, 0, 0,
    0, 0, 0, 0, 0, 0, 0, 0,
    0, 0, 0, 0, 0, 0, 0, 0,
    0, 0, 0, 0, 0, 0, 0, 0,
    0, 0, 0, 0, 0, 0, 0, 0,
    0, 0, 0, 0, 0, 0, 0, 0,
    0, 0, 0, 0, 0, 0, 0, 0,
    0, 0, 0, 0, 0, 0, 0, 0,
    0, 0, 0, 0, 0, 0, 0, 0,
    0, 0, 0, 0, 0, 0, 0, 0,
    0, 0, 0, 0, 0, 0, 0, 0,
    0, 0, 0, 0, 0, 0, 0, 0,
    0, 0, 0, 0, 0, 0, 0, 0,
    0, 0, 0, 0, 0, 0, 0, 0,
    0, 0, 0, 0, 0, 0, 0, 0,
    0, 0, 0, 0, 0, 0, 0, 0,
    0, 0, 0, 0, 0, 0, 0
};

/*Kern values between classes*/
static const int8_t kern_class_values[] =
{
    0, 0, 0, 0, 0, 0, 0, 1,
    0, 0, 0, 0, 2, 0, 0, 0,
    0, 1, 0, 0, 0, 0, 0, 0,
    0, 4, 4, 0, 2, 0, 4, 0,
    0, 0, 0, 0, 0, 0, 0, 0,
    0, 0, 0, 0, 0, 0, 0, 0,
    0, 0, 0, 9, 0, 5, -4, 0,
    0, 4, 0, -11, -12, 1, 9, 4,
    3, -8, 1, 9, 0, 8, 2, 6,
    0, -8, 0, 0, 2, 0, 0, 0,
    0, 0, 0, 12, 2, -1, 0, 0,
    0, 0, 0, 0, 0, 0, 0, 0,
    0, 0, 0, 0, 0, -6, 0, 0,
    0, 0, 0, -4, 3, 4, 0, 0,
    -2, 0, -1, 2, 0, -2, 0, -2,
    -1, -4, 0, 0, 0, 0, -2, 0,
    0, -2, -3, 0, 0, -2, 0, -4,
    0, 0, 0, 0, 0, 0, 0, 0,
    0, 0, -2, -2, -2, 0, 0, -5,
    0, -24, 0, 0, -4, -10, 4, 6,
    0, 0, -4, 2, 2, 6, 4, -3,
    4, 0, 0, -11, 0, 0, 0, 0,
    0, 0, 0, 0, 0, 0, 0, -7,
    0, 0, 2, 0, 5, 0, 0, 0,
    0, 0, 0, 0, 0, 0, 0, 0,
    -2, -9, 0, -8, -1, 0, 0, -6,
    0, 0, 7, 0, -6, -2, 0, 0,
    0, -3, 0, 0, -1, -13, 0, 2,
    0, 6, -5, 0, -4, 0, -8, 2,
    0, -15, -2, 6, 2, 0, 0, 0,
    0, 0, 0, 0, 2, 0, -3, 0,
    -3, 0, 0, 0, 0, 0, 0, 0,
    0, 0, 0, 0, 7, 0, 2, 0,
    0, -4, 0, 0, 0, 0, 0, 0,
    0, 0, 0, 0, -2, 0, 0, 0,
    0, 0, 0, 8, 2, 0, 0, 0,
    0, 0, 0, 18, 0, 0, 0, 0,
    0, 0, 0, 0, 0, 0, 0, 0,
    0, 0, 0, 0, 0, 0, 0, 0,
    0, 0, 0, 0, 0, 0, 0, 0,
    0, 0, 0, 0, 0, 0, -7, 0,
    0, 0, 0, 0, 0, 0, 0, 0,
    0, 0, 0, 0, 0, 0, 0, 0,
    0, 0, 0, 0, 0, 0, 1, 4,
    2, 6, -2, 0, 0, 4, -2, -7,
    -26, 1, 5, 4, 0, -2, 0, 6,
    0, 6, 0, 6, 0, -18, 0, -2,
    6, 0, 6, -2, 4, 2, 0, 0,
    0, -2, 0, 0, -3, 0, 0, 0,
    15, 0, 6, 0, 8, 3, 8, 3,
    0, 0, -3, -7, 0, 0, 0, -2,
    0, -1, 0, 1, -4, -3, -4, 1,
    0, -2, 0, 0, 0, -8, 1, -4,
    0, -4, -7, 0, -5, -4, -6, 0,
    0, -12, 0, 0, 0, 0, 2, 0,
    0, 0, 0, 0, 2, 0, -3, -5,
    -3, -2, 0, -11, 2, -12, 0, 0,
    0, -7, -1, 0, 18, -2, -3, 2,
    2, -1, 0, -3, 2, 0, 0, -11,
    -4, 6, 0, 11, -6, -2, -7, 0,
    -7, 3, 0, -18, 0, 2, 2, 0,
    -2, 0, 0, 2, 0, 0, -1, -2,
    -6, 0, -6, 0, 0, 12, -4, 0,
    -7, 0, 7, 0, -13, -18, -13, -4,
    6, 0, 0, -12, 0, 2, -5, 0,
    -3, 0, -4, -8, 0, -2, 6, 0,
    6, 0, 6, 0, 0, 4, 6, -23,
    -12, 0, -12, 0, 2, 0, -12, -12,
    -5, -12, -6, -11, -6, -12, 0, 1,
    0, 0, 0, 0, 0, 1, 1, -2,
    -4, 0, 0, 0, -2, 0, 0, -1,
    0, 0, 0, -4, 0, -2, 0, -5,
    -4, 0, -5, -7, -7, -3, 0, -4,
    0, -4, 0, 0, 0, 0, 0, -2,
    0, 0, 2, 0, 1, -2, 1, 0,
    0, 0, 0, 2, -1, 0, 0, 0,
    -1, 2, 2, 0, 0, 0, 0, -3,
    0, 0, 0, 0, 0, 0, 0, 0,
    0, 3, -1, 0, -2, 0, -3, 0,
    0, -1, 0, 6, 0, 0, -2, 0,
    0, 0, 0, 0, 0, 0, 0, -1,
    0, -1, 0, -2, 0, -2, 0, 0,
    0, 0, 0, 0, 0, 0, 0, -1,
    -1, 0, -2, -2, 0, 0, 0, 0,
    0, 0, 0, 0, -1, 0, -2, -2,
    -2, 0, 0, 0, 0, 0, 0, 0,
    0, 0, 0, -1, 0, 0, 0, 0,
    -1, -3, -1, 0, 0, -6, -1, -6,
    4, 0, 0, -4, 2, 4, 5, 0,
    -5, 0, -2, 0, 0, -9, 2, -1,
    1, -11, 2, 0, 0, 0, -10, 0,
    -11, -2, -17, -1, 0, -10, 0, 4,
    5, 0, 3, 0, 0, 0, 0, 0,
    0, 0, -4, -3, -4, 0, 0, 0,
    0, -2, 0, 0, 0, -2, 0, 0,
    0, 0, 0, -1, -1, 0, -1, -2,
    0, 0, 0, 0, 0, 0, 0, -2,
    -2, 0, -1, -2, -2, 0, 0, -2,
    0, 0, 0, 0, 0, 0, 0, 0,
    0, 0, 0, 0, -2, -2, -2, 0,
    0, -1, 0, -4, 2, 0, 0, -2,
    1, 2, 2, 0, 0, 0, 0, 0,
    0, -1, 0, 0, 0, 0, 0, 1,
    0, 0, -2, 0, -2, -1, -2, 0,
    0, 0, 0, 0, 0, 0, 2, 0,
    0, -2, 0, 0, 0, 0, -2, -3,
    -2, 0, 0, 6, -1, 0, -6, 0,
    0, 5, -10, -10, -8, -4, 2, 0,
    -2, -12, -3, 0, -3, 0, -4, 3,
    -3, -12, 0, -5, 0, 0, 1, 0,
    2, -1, 0, 2, 1, -6, -7, 0,
    -10, 0, 0, -4, -4, -6, -2, -5,
    0, -3, 0, -5, 0, 0, 0, -2,
    0, 0, 0, 1, 0, 2, 0, 0,
    0, 0, 0, 0, 0, 0, 0, 0,
    0, -2, 0, -1, 0, 0, -2, 0,
    -3, -4, -4, 0, 0, -6, 0, 0,
    0, 0, 0, 0, 0, -2, 0, 0,
    0, 0, 0, -2, 0, 0, 0, 2,
    0, 0, 0, 0, 0, 0, 0, 0,
    10, 0, 0, 0, 0, 0, 0, 1,
    0, 0, 0, -2, 0, 2, 0, 7,
    -2, 0, -5, -1, -7, 0, 0, -4,
    0, 2, 0, 0, 0, 0, 0, 0,
    0, 0, 2, 0, 1, -2, 1, 0,
    -1, 0, 0, 0, -3, 0, 0, 2,
    0, -10, -6, 0, 0, 0, -3, -10,
    0, 0, -2, 2, 0, -4, 0, -9,
    0, -6, 0, 0, -3, -4, -3, -2,
    -2, 0, 0, -3, 0, 0, -2, 0,
    0, 0, 0, 0, 0, 0, 2, 0,
    2, 0, 0, -3, 0, 0, 0, 0,
    2, 0, 1, -4, -4, 0, -2, -2,
    -2, 0, 0, 0, 0, 0, 0, -6,
    0, -2, 0, -3, -2, 0, -4, -5,
    -6, -2, 0, -4, 1, -6, 0, 0,
    0, 0, 0, 15, 0, 0, 1, 0,
    0, -3, 0, 0, 0, -8, 0, 0,
    0, 0, 0, -18, -4, 6, 6, -2,
    -8, 0, 2, -3, 0, -10, -1, -2,
    2, -13, -2, 3, 0, 3, -7, -3,
    -7, -7, -8, 0, 0, -12, 0, 11,
    0, 0, -1, 0, 0, 0, 0, -1,
    -1, -2, -5, -7, -5, 0, 0, 0,
    0, 0, 0, 0, 0, 0, 0, 0,
    0, 0, 0, 0, 0, 0, 0, 0,
    0, 0, 0, 0, 0, 0, 0, 0,
    -2, 0, -1, -2, -3, 0, 0, -4,
    0, -2, 0, 0, 0, 0, 0, 0,
    0, 0, 0, 0, 0, 0, 0, 0,
    0, 0, 0, 0, -4, 0, 0, 4,
    0, 2, 0, -4, 2, -1, 0, -4,
    -2, 0, -2, -2, -1, 0, -3, -3,
    0, 0, -2, 0, -1, -3, -2, 0,
    0, -2, 0, 2, -1, 0, -4, 0,
    0, 0, 0, -4, 0, -3, 0, -3,
    0, -3, 0, 0, 0, 0, 0, 0,
    0, 0, -4, 2, 0, -2, 0, -1,
    -2, -5, -1, -1, -1, 0, -1, -2,
    0, 0, 0, 0, 0, 0, -2, -2,
    -2, 0, 0, 0, 0, 2, -1, 0,
    -1, 0, 0, 0, 0, -1, -2, -1,
    -1, -2, -1, -1, 2, 8, 0, 0,
    -5, 0, -1, 4, 0, -2, -8, -2,
    3, 0, 0, -9, -3, 2, -3, 1,
    0, 0, -2, -6, 0, -3, 1, 0,
    0, -3, 0, 0, 0, 2, 2, -4,
    -3, 0, -3, 0, 0, -3, -2, -2,
    0, -3, 1, -3, 1, -3, 0, 0,
    0, 0, 0, 0, 0, 0, 0, 2,
    0, 0, 0, 0, 0, 0, 0, 0,
    0, 0, 0, 0, 0, 0, 0, 0,
    0, 0, 0, 0, 0, 0, 0, -3,
    0, 0, 0, 0, 0, 0, 0, 0,
    0, 0, 0, 0, 0, 0, 0, 0,
    0, 0, 0, 0, 0, 0, 0, 0,
    0, 0, 0, 0, 0, 0, 0, 0,
    0, 0, 0, 0, 0, 0, 0, 0,
    0, 0, 0, 0, -1, 0, 0, 0,
    0, 0, 0, 0, 0, 0, 0, 0,
    0, 0, 0, 0, 0, 0, 0, 0,
    0, 0, 0, 0, 0, 0, 0, 0,
    0, 0, 0, -2, -2, 0, 0, 0,
    0, 0, 0, 0, 0, 0, 0, 0,
    0, -3, 0, 0, -2, 0, 0, -2,
    -2, 0, 0, 0, 0, -2, 0, 0,
    0, 0, 0, -1, 0, 0, 0, 0,
    0, -1, 0, 0, 0, 0, -3, 0,
    -4, 0, 0, 0, -7, 0, 1, -4,
    4, 0, -1, -9, 0, 0, -4, -2,
    0, -8, -5, -6, 0, 0, -9, -2,
    -8, -8, -10, 0, -4, 0, 2, 12,
    -2, 0, -4, 0, 0, 0, -2, -3,
    -5, -3, -7, -8, -7, -5, 0, 0,
    -1, 0, 0, 0, 0, -13, -1, 6,
    4, -4, -7, 0, 0, -5, 0, -10,
    -1, -2, 4, -17, -2, 0, 0, 0,
    -12, -2, -10, -2, -14, 0, 0, -13,
    0, 11, 0, 0, -1, 0, 0, 0,
    0, 0, -1, -1, -7, -1, -7, 0,
    0, 0, 0, 0, -6, 0, -1, 0,
    0, -5, -9, 0, 0, -1, -3, -6,
    -2, 0, -1, 0, 0, 0, 0, -9,
    -2, -6, -6, -2, -3, -5, -2, -3,
    0, -4, -1, -7, -3, 0, -2, 0,
    0, -2, -3, 0, 1, 0, -1, -6,
    -1, 0, 0, -3, 0, 0, 0, 0,
    2, 0, 1, -4, 9, 0, -2, -2,
    -2, 0, 0, 0, 0, 0, 0, -6,
    0, -2, 0, -3, -2, 0, -4, -5,
    -6, -2, 0, -4, 2, 8, 0, 0,
    0, 0, 0, 15, 0, 0, 1, 0,
    0, -3, 0, 0, 0, 0, 0, 0,
    0, 0, 0, 0, 0, 0, 0, 0,
    0, 0, -1, -4, 0, 0, 0, 0,
    0, -1, 0, 0, 0, -2, -2, 0,
    0, -4, -2, 0, 0, -4, 0, 3,
    -1, 0, 0, 0, 0, 0, 0, 0,
    1, 0, 0, 0, 0, 0, 4, 2,
    -1, 0, -6, -2, 0, 6, -7, -6,
    -4, -4, 8, 4, 2, -16, -1, 4,
    -2, 0, -2, 3, -2, -7, 0, -2,
    2, -2, -2, -6, -2, 0, 0, 6,
    4, 0, -5, 0, -11, 0, 0, 7,
    -2, -7, 0, -2, -6, -6, -6, -2,
    2, 0, -3, 0, -5, 0, 2, 6,
    -5, -7, -8, -5, 6, 0, 0, -14,
    -2, 2, -3, -1, -5, 0, -4, -7,
    -3, -3, -2, 0, 0, -5, -4, -2,
    0, 6, 5, -2, -11, 0, -11, 0,
    -2, -4, -7, -12, 0, -6, -3, -6,
    -3, -6, 0, 0, -2, 0, -4, -1,
    0, -2, -4, 0, 3, -7, 2, 0,
    0, -11, 0, -2, -4, -3, -1, -6,
    -5, -7, -4, 0, -6, -2, -5, -3,
    -6, -2, 0, 0, 0, 9, -3, 0,
    -6, 0, 0, 0, -2, -4, -5, -5,
    -6, -8, -6, -3, 4, 0, -3, 0,
    -10, -2, 2, 4, -6, -7, -4, -7,
    7, -2, 1, -18, -4, 4, -4, -3,
    -7, 0, -6, -8, -2, -2, -2, -2,
    -4, -6, 0, 0, 0, 6, 6, -1,
    -12, 0, -12, 0, -3, 6, -7, -13,
    -4, -7, -8, -10, -8, -7, 0, 0,
    0, 0, -2, 0, 0, 2, -2, 4,
    1, -3, 4, 0, 0, -5, 0, 0,
    0, 0, 0, 0, -2, 0, 0, 0,
    0, 0, 0, -2, 0, 0, 0, 0,
    2, 6, 0, 0, -2, 0, 0, 0,
    0, 0, -1, -1, -2, 0, -2, 0,
    0, 2, 0, 0, 0, 0, 2, 0,
    -1, 0, 8, 0, 4, 0, 0, -3,
    0, 4, 0, 0, 0, 2, 0, 0,
    0, 0, 4, 0, 5, 0, 6, 0,
    0, 6, 0, 6, -1, 0, 0, 0,
    0, 19, 0, 0, 0, 0, 0, 0,
    0, 0, 0, -12, 0, -2, 3, 0,
    6, -26, 0, 18, 2, -4, -4, 2,
    2, -1, 0, -10, 0, 0, 10, -12,
    -4, 6, 0, 6, -4, -2, -8, 4,
    -4, 0, 0, -13, 8, 27, 0, 0,
    0, 0, 0, 23, 0, 0, 0, 0,
    4, 0, 4, 0, 0, 0, 0, 0,
    0, 0, 0, 0, 0, 0, 0, 0,
    0, 0, 0, 0, 0, 0, 0, 0,
    0, 0, 0, 0, 0, 0, -2, 0,
    0, -3, -1, 0, 0, 0, 0, 0,
    0, 0, 0, 0, 0, 0, 0, 0,
    0, 0, 0, 0, 0, 0, 0, -1,
    4, -5, 0, 0, 0, -2, 0, 2,
    24, -4, -2, 6, 5, -5, 2, 0,
    0, 2, 2, -3, -6, 11, 6, 15,
    0, -2, -2, 9, -1, 4, 0, -25,
    6, 0, -2, 0, -5, 0, 0, 21,
    0, 2, -4, -5, -3, 7, 4, 4,
    0, 0, 0, -5, 0, 0, 0, -5,
    0, 0, 0, 0, -4, -1, 0, 0,
    0, -4, 0, -2, 0, -9, 0, 0,
    0, 0, 0, 0, 0, 0, 0, 0,
    0, -12, 0, 0, 0, 0, 0, 0,
    0, 0, 0, 0, 0, 0, -2, 0,
    -2, 0, 0, -3, 0, -5, 0, 0,
    0, -3, 2, -2, 0, 0, -5, -2,
    -4, 0, 0, -5, 0, -2, 0, -9,
    0, -3, 0, 0, -14, -3, -8, -3,
    -7, 0, 0, -12, 0, -5, -1, 0,
    0, 0, 0, 0, 0, 0, 0, 0,
    -3, -3, -3, -2, 0, 0, 0, 0,
    -4, 0, -4, 3, -3, 4, 0, -1,
    -4, -1, -3, -3, 0, -2, -1, -1,
    1, -5, 0, 0, 0, 0, -15, -2,
    -4, 0, -6, 0, -1, -9, -1, 0,
    0, -1, -2, 0, -1, 0, 0, 0,
    1, 0, -1, -3, -1, -1, 0, 0,
    0, 0, 0, 0, 0, 0, 0, 0,
    0, 0, 0, 0, 0, 0, 0, 0,
    0, 0, 0, 0, 0, 0, 0, 0,
    0, 0, 0, 0, 0, 0, 0, 0,
    0, 0, 0, 0, 0, 0, 0, 0,
    0, 0, 5, 0, 0, 0, 0, 0,
    0, -4, 0, -1, 0, 0, 0, -4,
    2, 0, 0, 0, -5, -2, -4, 0,
    0, -5, 0, -2, 0, -9, 0, 0,
    0, 0, -18, 0, -4, -7, -10, 0,
    0, -12, 0, -1, -3, 0, 0, 0,
    0, 0, 0, 0, 0, 0, -2, -3,
    -2, -1, 0, 0, 0, 3, -3, 0,
    7, 9, -2, -2, -6, 2, 9, 3,
    4, -5, 2, 8, 2, 5, 4, 5,
    0, 0, 0, 0, 0, 0, 0, 0,
    0, 0, 0, 12, 9, -4, -2, 1,
    -2, 1, 1, 9, 0, 0, 0, 0,
    2, 0, 2, 0, 0, 0, -2, 0,
    0, 0, 0, 0, 0, 0, 0, 0,
    -1, 0, 0, 0, 0, 0, 0, 0,
    0, 4, 0, 0, 0, 0, -14, -2,
    -2, -7, -9, 0, 0, -12, 0, 0,
    0, 0, 0, 0, 0, 0, 0, 0,
    0, 0, 0, 0, 0, 0, 0, 0,
    -2, 0, 0, 0, 0, 0, 0, 0,
    0, 0, -1, 0, 0, 0, 0, 0,
    0, 0, 0, 4, 0, 0, 0, 0,
    -14, -2, -2, -7, -9, 0, 0, -6,
    0, 0, 0, 0, 0, 0, 0, 0,
    0, 0, 0, 0, 0, 0, 0, 0,
    0, 0, 0, 0, -2, 0, 0, 0,
    -5, 2, 0, -2, 2, 4, 2, -6,
    0, 0, -2, 2, 0, 2, 0, 0,
    0, 0, -3, 0, -1, -1, -4, 0,
    -1, -8, 0, 12, -2, 0, -4, 0,
    0, 0, -1, -3, 0, -2, -6, -4,
    -6, -2, 0, 0, -2, 0, 0, 0,
    0, 0, 0, 0, 0, 0, -1, 0,
    0, 0, 0, 0, 0, 0, 0, 4,
    0, 0, 0, 0, -14, -2, -2, -7,
    -9, 0, 0, -12, 0, 0, 0, 0,
    0, 0, 0, 10, 0, 0, 0, 0,
    0, 0, 0, 0, 0, 0, -2, 0,
    -6, -2, -1, 6, -2, -2, -8, 0,
    1, 0, -1, -5, 0, 4, 0, 2,
    0, 2, -4, -8, -2, 0, -6, -3,
    -5, -8, -7, 0, -2, -4, -2, -3,
    -8, -1, -2, 0, -1, 0, -1, 0,
    3, 0, 3, -1, 3, 0, 0, 0,
    0, 0, 0, 0, 0, 0, 0, 0,
    0, 0, -1, -2, -2, 0, 0, -5,
    0, -1, 0, -3, 0, 0, 0, 0,
    0, 0, 0, 0, 0, 0, 0, -12,
    0, 0, 0, 0, 0, 0, 0, 0,
    0, 0, 0, 0, -2, -2, -2, 0,
    0, 0, 0, 0, -2, 0, 0, -3,
    -2, 2, 0, -3, -3, -1, 0, -5,
    -1, -4, -1, -2, 0, -3, 0, 0,
    0, 0, 0, 0, 0, 0, 0, 0,
    0, -12, 0, 6, 0, 0, -3, 0,
    0, 0, 0, 0, -2, 0, -2, 0,
    -2, 0, 0, 0, -1, 0, -5, 0,
    0, 8, -3, -6, -6, 1, 3, 3,
    0, -6, 1, 3, 1, 6, 1, 7,
    -1, -5, 0, 0, -6, 0, 0, -6,
    -5, 0, 0, -4, 0, -3, -3, 0,
    -3, 0, 0, -3, 0, -1, 3, 0,
    -2, -6, -2, -2, 0, 0, -1, 0,
    -4, 0, 0, 3, -5, 0, 2, -2,
    2, 1, 0, -7, 0, -1, 0, 0,
    -2, 3, -2, 0, 0, 0, -6, -2,
    -4, 0, -6, 0, 0, -9, 0, 7,
    -2, 0, -3, 0, 0, 3, 0, -2,
    0, -2, -6, 0, -6, -2, 0, 0,
    0, 0, -1, 0, 0, 2, -2, 0,
    0, 0, -2, -1, 0, -2, 0, 0,
    0, 0, 0, 0, 0, 0, 0, 0,
    0, 0, 0, 0, 0, 0, 0, -12,
    0, 4, 0, 0, -2, 0, 0, 0,
    0, 0, 0, 0, -2, -2, -2, 0
};


/*Collect the kern class' data in one place*/
static const lv_font_fmt_txt_kern_classes_t kern_classes =
{
    .class_pair_values   = kern_class_values,
    .left_class_mapping  = kern_left_class_mapping,
    .right_class_mapping = kern_right_class_mapping,
    .left_class_cnt      = 60,
    .right_class_cnt     = 50,
};

/*--------------------
 *  ALL CUSTOM DATA
 *--------------------*/

#if LVGL_VERSION_MAJOR == 8
/*Store all the custom data of the font*/
static  lv_font_fmt_txt_glyph_cache_t cache;
#endif

#if LVGL_VERSION_MAJOR >= 8
static const lv_font_fmt_txt_dsc_t font_dsc = {
#else
static lv_font_fmt_txt_dsc_t font_dsc = {
#endif
    .glyph_bitmap = glyph_bitmap,
    .glyph_dsc = glyph_dsc,
    .cmaps = cmaps,
    .kern_dsc = &kern_classes,
    .kern_scale = 16,
    .cmap_num = 2,
    .bpp = 4,
    .kern_classes = 1,
    .bitmap_format = 0,
#if LVGL_VERSION_MAJOR == 8
    .cache = &cache
#endif
};



/*-----------------
 *  PUBLIC FONT
 *----------------*/

/*Initialize a public general font descriptor*/
#if LVGL_VERSION_MAJOR >= 8
const lv_font_t am_font_480_12 = {
#else
lv_font_t am_font_480_12 = {
#endif
    .get_glyph_dsc = lv_font_get_glyph_dsc_fmt_txt,    /*Function pointer to get glyph's data*/
    .get_glyph_bitmap = lv_font_get_bitmap_fmt_txt,    /*Function pointer to get glyph's bitmap*/
    .line_height = 14,          /*The maximum line height required by the font*/
    .base_line = 3,             /*Baseline measured from the bottom of the line*/
#if !(LVGL_VERSION_MAJOR == 6 && LVGL_VERSION_MINOR == 0)
    .subpx = LV_FONT_SUBPX_NONE,
#endif
#if LV_VERSION_CHECK(7, 4, 0) || LVGL_VERSION_MAJOR >= 8
    .underline_position = -1,
    .underline_thickness = 1,
#endif
    .dsc = &font_dsc,          /*The custom font data. Will be accessed by `get_glyph_bitmap/dsc` */
#if LV_VERSION_CHECK(8, 2, 0) || LVGL_VERSION_MAJOR >= 9
    .fallback = NULL,
#endif
    .user_data = NULL,
};



#endif /*#if AM_FONT_480_12*/

